S0140000526164696F4576616C4170702E7372656378
S1130000A0180020B9000000799B0000799D000031
S1130010799D0000799D0000799D0000799D000084
S1130020000000000000000000000000799D0000B6
S1130030799D000000000000799D00007D380000DB
S11300404599000061870000E187000045990000A0
S113005059840000E5830000C9840000F98400008D
S113006099870000E1450000B99500000D88000063
S10F007029900000C18A0000C58B00002C
S113007C01000000AC000000020000008C00000035
S113008C00000020000000200000104000000203CB
S113009C000000209C00002040040000000001032C
S11300ACB8180020782C00200000000310B500F0D4
S11300BC2FF807F043FBFEE7F8B5060000240C27E5
S11300CC124D2B68A34204D80024AB68A3420ED86B
S11300DCF8BD3A0062436B689B185A7AB24204D159
S11300EC05CB0021121A0AF051F80134E8E7EB6849
S11300FC22019B185A7BB24205D118685A68996838
S113010C121A0AF0ACF80134DFE7C0467C00000098
S113011C73B5344A344B00209A6007F0FBFA09F0AB
S113012C9BFC6B460024DE1D34700120337809F0EF
S113013CDFFDEFF31081012585F310882B4B2C4840
S113014C9A6802409A609A6881F3108829490A686F
S113015CD207D20F32700A68D207D20F32700A68F3
S113016CD207D20F3270EFF3108185F310888022FE
S113017C9868520502439A609B6881F310882800A2
S113018C09F090FD280007F0C5FA41F200011A4B62
S113019C1A4A9C801A801A4A20009A60194ADA601A
S11301AC194A51849D80FFF787FF09F041FC09F03F
S11301BC9DFC022007F0AEFA2800FFF77DFF134DDB
S11301CC134BED1AAD10AC4205DB09F059FD0020C0
S11301DC09F0CEFD73BD0E4AA3009B181B6898470B
S11301EC0134F0E70000000000ED00E0FC6F044077
S11301FCFFFFFFEF00080440000D004000A5FFFFC7
S113020CA0100020A0180020FE60004010CA0000BE
S107021C0CCA000004
S1070400FFFFFFFFF8
S1070404DFAFFFFF64
S1130440FC1B0020341D0020FF010100BC23002000
S113045094260020342600204C260020D425002099
S1130460C825002001000000FFFFFFFF000000007E
S11304701CC400000000000000000000440003EB66
S113048000000000030000008C2A0020500000201F
S1130490000000008C2A0020F42A00205C2B00209D
S11304A00000000000000000000000000000000048
S11304B00000000000000000000000000000000038
S11304C00000000000000000000000000000000028
S10F04D00000000000000000000000001C
S11304E040F29C0040F29C03C2F20000C2F20003FE
S11304F010B5834205D040F20003C0F2000303B1FB
S1130500984710BD40F29C0040F29C03C2F20000E8
S1130510C2F200031B1A9A10D90F8918491010B59A
S113052029B140F20003C0F2000303B1984710BDA3
S113053010B541F6B804C2F20004237873B9FFF78A
S1130540CFFF40F20003C0F200032BB140F2084099
S1130550C0F2000000E000BF0123237010BDC046BC
S113056040F20003C0F2000310B54BB141F6BC01E8
S113057040F20840C2F20001C0F2000000E000BFF7
S1130580FFF7C0FF10BDC046F7B505000E000E48CA
S11305900E49019207F05CFB040060B90C4F320075
S11305A038702900019B084807F09BFA040010B931
S11305B03B78002BFCD0044807F0DCF8044363428A
S11305C05C41E0B2FEBDC046DC28002028C5000026
S11305D0D4180020F7B507000E0010481049150084
S11305E007F036FB040078B96B4639000B4801AAC2
S11305F007F0AFF8040038B9009BAB420CD32A00D3
S11306003000019909F031FE044807F0B3F80443BF
S113061063425C41E0B2FEBD0324F5E7DC28002020
S113062028C500000122014B1A707047D41800201D
S11306300022034B9A560AB901321A707047C04619
S1130640F81B0020034B00201A780AB118700130FF
S11306507047C0462C1C002010B5034B1B689B78C8
S11306600BB109F091FC10BD0000002070B52C4BBB
S113067004001B785BB283B12A4800F03BFB60B9ED
S1130680284800F093FB050040B1082C05D125480B
S113069000F057FB2000FFF7DFFF70BD2300613B34
S11306A0192B06D8203CE4B221001E4800F08FFB31
S11306B030E00A2C06D00D2C1AD0082C23D0202C84
S11306C0EBD0F1E72100174800F081FB2000164C25
S11306D0FFF7C2FF2378002BDFD0124800F031FB74
S11306E0104800F02EFB0122104B25701A70D4E73D
S11306F021000C4800F06BFB2000FFF7ADFF012246
S1130700094B1A70C9E7074800F047FB28B90548A8
S113071000F017FB2000FFF79FFF0022024BF0E7D9
S1130720F81B0020201C0020D51800202C1C0020C1
S113073010B50A4C2368DB7813B1094803F0F7FFBE
S113074023689A8814235343064A9B18186903F0B4
S1130750EEFF054803F0EBFF10BDC046000000208B
S1130760D3AD0000D818002049B7000010B50E4BD7
S11307701B685C78082C16D0DB7813B10B4803F0A7
S1130780D6FF230034B10123042C03D00333072CF8
S113079000D1023B064ADB009B18586803F0C7FFF0
S11307A0024803F0C4FF10BD00000020D3AD0000D8
S11307B0D0B7000010B5024803F0B9FF10BDC04621
S11307C0D3AD00000A0010B5A8B1002913DD010063
S11307D0094800F084FA094B094A00201A602823CA
S11307E00849013B9BB288811431002BF9D1D38095
S11307F0136000F0B9F810BD201C00200000002098
S1130800FC1B0020D8180020F8B507000A48066829
S11308100320F588272D0ED814246C43074801358E
S11308202150241838006260A36009F027FDA081DC
S113083000202761F580F8BD00000020D8180020B2
S11308400022024B1B681A807047C046000000203B
S113085083B270B50400064D012B04D8FFF7F0FFF6
S11308602B68DC7070BD40F200422B681A80F9E7F7
S11308700000002040F20142014B1B681A807047BF
S11308800000002010B5274800F034FA20B10220FF
S1130890254B1B68187010BD224800F076FAFFF74C
S11308A0E9FF204800F079FA040058B91D4800F027
S11308B02BFA1E4BE3181B785BB283420FD1013431
S11308C0042CF3D1FFF752FF164800F062FA1548E2
S11308D000F00CFA0020144B1B681856DBE7E4B256
S11308E0114B022C04D0032C17D1FFF7A9FFE9E721
S11308F02B2807D00B4800F042FA01000C4800F006
S1130900C2F9DFE71B680748DC8800F038FA2100E9
S11309100200084800F0BAF8D4E700221B681A70F5
S1130920D0E7C046201C00200000002000B80000D2
S1130930F0B70000D8180020014B1B6818707047EE
S113094000000020014B1B6818787047000000204D
S1130950014B1B685870704700000020014B1B6856
S1130960988070470000002010B5054B186800F00F
S113097046FA14220349044800F0BAFA10BDC046EE
S1130980040000202D1C0020441C002010B5024B44
S1130990186800F066FA10BD04000020002370B54A
S11309A00360013B0B80074B050018680C0000F046
S11309B031FA30B143682B600822835E238000F053
S11309C07FFA70BD0400002010B5044B186800F0D5
S11309D021FA00B910BD00F073FAF6E70400002014
S11309E0C0B20300303BDBB2092B01D858B27047C8
S11309F00300413B052B02D8373840B2F7E701200A
S1130A004042F4E7002310B5C2560AB918B210BD2B
S1130A105C1C8A42FAD02300F6E70000F7B50022F6
S1130A20040003000191009200269E578EB9009B9A
S1130A309E420CDA20000199FFF7E4FF124F051ED5
S1130A4013DC386800F00DFA08B1FFF7BDFF002091
S1130A50FEBD019A964202D001229A561AB9009A12
S1130A60013252B200920133DEE70023235400F036
S1130A7001FA01360581446001000135386800F04F
S1130A80E1F9641976B2D2E704000020F0B505005C
S1130A9085B0012016000391FFF74EFF0420FFF7F5
S1130AA057FF00230193019B039A934201DB05B096
S1130AB0F0BDAC89002C3DD022003100286909F03A
S1130AC073FB029038BB6B46002798883419FFF7F4
S1130AD045FFE7573D2F07D03F2F31D0002F43D09C
S1130AE00220FFF729FF16E00123E3569BB12C21D6
S1130AF0601CFFF793FF0520FFF71EFF2B6843B12F
S1130B003000984704000298FFF716FF2000FFF713
S1130B101FFFFFF759FFFFF715FF0028C7D0FFF7A6
S1130B2011FF0528C3D0FFF70DFF022802D10138B9
S1130B30FFF702FF019B143501331BB20193B2E7A7
S1130B40647864B2002CE6D10520FFF7F5FE6B68EB
S1130B50002BE0D03000984707002000FFF7ECFEA0
S1130B603800FFF7F5FED6E70520FFF7E5FEAB6892
S1130B70002BD0D03000984704003800FFF7DCFE8B
S1130B802000EEE710B500220400A35610B203B90A
S1130B9010BD8B42FCD0303BDBB20132092BF4D9BF
S1130BA009204042F4E770B50400FFF7EBFF011E93
S1130BB012DB0022431E012510000A26E3188A4294
S1130BC000D170BD00241C570132303C6C4312B27A
S1130BD075430019013BF2E701204042F1E7C3B23B
S1130BE01A00303A0120092A06D900200522413B87
S1130BF0DBB29A424041C0B2704770B505000E00A6
S1130C0000242B5720B203B970BDB342FCD01800A6
S1130C10FFF7E5FF01340028F3D109204042F3E750
S1130C2070B50500FFF7E9FF02280CD10020285613
S1130C30FFF7D6FE040001202856FFF7D1FE240159
S1130C40201800B270BD012804D100202856FFF7F7
S1130C50C7FEF7E7031C002801DB4FF6FF7318B249
S1130C60F0E710B50400FFF7C8FF012804D1002005
S1130C702056FFF7B5FE10BD431C01DA40B2FAE777
S1130C8001204042F7E710B504000023E3564BB1BE
S1130C9000228A569A4206D1481C0021FFF7E1FF40
S1130CA06368984710BD0834EFE7F7B505000F00F7
S1130CB0FFF7A3FF2E0000240190731B019A1BB2BF
S1130CC09A420ADD00203056FFF78AFE00230136DF
S1130CD0F35624010419BB42EFD12000FEBD20B11C
S1130CE0002382800360C3808160704708B10023C1
S1130CF003607047030000202BB10620185601380A
S1130D0043425841C0B2704770B50500C0B10023DA
S1130D10C45E0222835E0020A34211D02800FFF7A4
S1130D20E9FF04216B5E013494FBF3F102004B43B1
S1130D30A968E31AC85CCC181BB202B922702B80D4
S1130D4070BD70B50400C8B10223C55E0022835E85
S1130D500020AB4212D02000FFF7CCFF030000209C
S1130D6063B9A268505D53550222A35E0421625EFA
S1130D70013B93FBF2F14A439B1A638070BD18B1A7
S1130D800022835E8068C018704708B10123837114
S1130D90704708B10023837170470022835E0222EA
S1130DA0805E181A43425841C0B270470222835EE3
S1130DB00421425E013393FBF2F14A439B1A002261
S1130DC0805E1BB2C01A43425841C0B2704770B52E
S1130DD004000D0090B1FFF7E9FF78B92000FFF798
S1130DE089FF58B90222A35E0421625E013393FB9A
S1130DF0F2F14A439B1AA2686380D55470BD002364
S1130E0003607047006820B1030000680028FBD12C
S1130E10180070470300006808B102681A60704740
S1130E2003682BB18B4204D10B68036000230B6071
S1130E3070471A001B68002BFAD09942F9D10B684D
S1130E401360F3E770B505000C00FFF7E9FF00231A
S1130E5028002360FFF7D6FF08B92C6070BD04603A
S1130E60FCE70368002003B9704701301B6800B237
S1130E70F9E70000F0B5104B1B785BB21800B3B172
S1130E8000200E4A0823D15E814210DD55680A23F2
S1130E90D65E2B0010685C1B24B2A64207DD002737
S1130EA0DF575C1C27B90139118101221A70F0BD8A
S1130EB023000C30EFE7C046441D0020381D0020FD
S1130EC010B570B1094A0A23D45E002311689C420C
S1130ED007DD814206D11189013111810021526857
S1130EE0D15410BD01331BB20C31F0E7381D002082
S1130EF0002310B5074CE35653B9002A08DD38B176
S1130F0031B1054B186059601A815A81012323704D
S1130F1010BDC046441D0020381D002010B502F04D
S1130F20CDFD10BD37B506AC2478079D009401951E
S1130F3002F0CAFD37BD10B502F0CEFD10BD10B5EC
S1130F4002F0E0FD10BD00000022054B10B50400C6
S1130F5000681A7003F02EFB206003F0EDFA10BD58
S1130F604C1D00200023036043600372C1600361D1
S1130F707047000070B5124C236843B1002201256C
S1130F801A601A720023206858B903B1206070BD3A
S1130F90C1682B00026911B122608847F2E7100092
S1130FA0F2E70268002AF3D03BB9037A002BEED1B2
S1130FB001230372FFF7C8FFE9E72060F5E7C046A5
S1130FC0481D0020F7B52F4D040001A802F03AFC9B
S1130FD02A78531CDBB22B700AB902F055FC2A4E56
S1130FE001A802F034FC336803B16CB901A802F023
S1130FF029FC2B78013BDBB22B700BB902F058FCB7
S113100001A802F024FCF7BDA3422ED1237A13B326
S113101003F0B4FA2768002433688C4619691C72FB
S1131020A9B13A00316023003E002700644502D193
S1131030824200D90600921BBB4116000B680800CF
S11310409B190B6001230B72FFF77EFFCEE7316023
S113105003F094F8CAE723692BB1216833601A6856
S113106052181A60C2E73360C0E71A001B69002BEC
S1131070BCD09C42F9D1236921681361002BEED1C5
S1131080B4E7C046C4200020481D0020054B1B685F
S11310900BB918007047834201D01B69F8E701209F
S11310A0F8E7C046481D0020F0B587B0040005A845
S11310B002F0C8FB40490A78531CDBB20B700AB932
S11310C002F0E2FB05A802F0C2FB24B12000FFF706
S11310D0DDFF009078B105A802F0B4FB364A13781E
S11310E0013BDBB213700BB902F0E2FB05A802F07E
S11310F0AEFB07B0F0BD6368304D23602968009BE8
S1131100237239B921610123200023722C60FFF777
S11311101BFFE0E7087AF0B103F030FA2B68009F78
S11311201E683B003200B94202D1864200D9020057
S1131130B61A9F4100960197019B26682F6813B940
S1131140009BB3420BD927B1009B9E1B00233E603A
S11311503B722761D7E70B6801900093ECE73D6988
S11311602DB9009BF61A26603C612561B3E7286817
S11311700199009A019B8018594109B9864208D205
S1131180009B009AF31A23602B689B189B1B2B600F
S1131190EAE72B6923B9361A26602C6123619AE7A2
S11311A01A682F000292002203921D00029A039BE8
S11311B000900191DFE7C046C4200020481D0020B4
S11311C070B50D000400FFF7FDFE2560656070BD7D
S11311D010B503F0D3F810BD10B544781CB9013430
S11311E0447003F01DFA10BD10B503F023FA10BDCE
S11311F010B503F03DFA10BD154B00B5185C0A2874
S113120023D808F0BDFD1E161612060D22221A164A
S11312101200002001230B398B424041C0B203E08D
S11312200C394B425941C8B200BD002002230A398F
S1131230F2E7002003230939EEE7002004230839EC
S1131240EAE7002005230739E6E70020ECE7C0467B
S1131250C0B80000014B18887047C0467A1E0020B1
S113126010B5024B987A01F019FC10BD7C1E0020C9
S1131270002010B501F012FC034B1B6813B15B682E
S113128003B1984710BDC046741E0020002010B55D
S113129001F004FC034B1B6813B1DB6803B19847EE
S11312A010BDC046741E002010B501F093F8030071
S11312B00020082B01D8014AD05C10BD0FB80000F3
S11312C010B5054B04005B7B0BB101F081FF2000DE
S11312D001F0CAF910BDC0467C1E002010B502F012
S11312E03DFE10BD10B502F0DDFD10BD10B5044B80
S11312F05A7B012312B101F0F9FE0300180010BD5E
S11313007C1E002010B5042001F014FC0220FFF71D
S113131005FE10BD10B5002001F00CFC0220FFF703
S1131320FDFD10BD10B501F0EBFC10BD012310B59F
S113133011B102F0C1FD0023180010BD012310B546
S113134011B102F061FD0023180010BD40F28010BD
S1131350002310B51A00010001F053F901F0EAFC72
S113136010BD000070B540F2E8360E4B05005B7B03
S11313700C00564383B9280001F076F9200002F0EE
S11313808DFE01F0E5FC31000748FFF719FF064820
S1131390FFF78AFE002070BDC0B202F085F9002874
S11313A0E9D0F8E77C1E0020641D002010B501F090
S11313B095FA10BD10B502F07DFE0D23012800D072
S11313C00A3B180010BD000010B572B6BFF34F8F72
S11313D0BFF36F8F02F02CFB0122044B1A7062B62C
S11313E0BFF34F8FBFF36F8F10BDC0468C1E00201C
S11313F0F0B585B072B6BFF34F8FBFF36F8F002285
S1131400654E33783270DBB262B6BFF34F8FBFF3F1
S11314106F8F002B00D19FE001F003F904004FF619
S1131420FF7001F032FB72B6BFF34F8FBFF36F8FC3
S113143002F08EFE0500012802D102F0F9FA35709F
S113144062B6BFF34F8FBFF36F8F40230125234054
S11314500193019A514B1A802C420BD05048FFF74C
S1131460B1FD280000F0BCFF4E4B1B6813B11B6894
S113147003B1984702252C4244D04B4B1F78A7B99F
S11314804A48FFF79FFD012000F0AAFF390040F60B
S1131490021002F007FD40F6441002F05FFD054320
S11314A0E9B240F6441002F0FDFC02ABDF1DFF225E
S11314B039003F4801F048FA3E4801F059FA019BCF
S11314C013B13D4B1B7A7BB1364B1B6863B19D68EE
S11314D055B1384A39781378002B41D10823D356B3
S11314E00620125E3248A8472F4B1B7853B100F0F8
S11314F071FF052806D1304B587A002835D00020DA
S113150001F0E0FB019B2BB1264B1B6813B11B6957
S113151003B1984723060AD5012000F061FF214B4F
S11315201B6823B19B6913B1E005C00F9847A4055C
S11315300FD500F04FFF04281AD11948FFF742FDD8
S1131540012000F04DFF174B1B6813B15B6803B11A
S113155098470023114A13803078C0B205B0F0BD1B
S11315601223D3561020125EBCE701F059FBC9E7E1
S113157000F030FF0528ECD10B4B1B782BB90B483E
S1131580FFF720FD012000F02BFF064B1B68002B0A
S1131590DFD0DB68DBE7C0468C1E00207A1E00200B
S11315A0641D0020741E0020A81F0020501D002070
S11315B08D1E00208C1F00207C1E002070B50F4B58
S11315C006005B7B0C00150093B9300001F04CF869
S11315D0200002F063FD01F0C9FB40F2E831084845
S11315E06943FFF7EDFD0648FFF75EFD002070BD7F
S11315F0C0B202F057F80028E7D0F8E77C1E0020BC
S1131600641D002010B500F0B3FF10BD02001F20C0
S11316105AB1012308490868824207D9886882427E
S113162004D8054ADB009B18187970470133083148
S1131630172BF0D11F20F8E7CCB8000010B50A4BE7
S1131640012807D1094AC73311700948197001F0FC
S1131650D9F810BD1A00BF321278002AF9D1034A12
S1131660C0331170F1E7C046781D00200800002047
S1131670301E002070B5164B05005B7B0C0001206A
S11316801BB1280001F050FFF8B9F5B1002340F276
S113169001211A00080000F0B4FF01F019F80D4B05
S11316A0012813D1C7331C700B4801F0ABF800229A
S11316B02100280001F0ACFA084B09481968FFF72B
S11316C07FFD0748FFF7F0FC002070BDC033EAE758
S11316D07C1E0020781D0020301E0020B01F00203A
S11316E0641D0020002340F2422110B504001A00BA
S11316F0080000F086FF34B10A482100FFF760FDBE
S11317000848FFF7D1FC084B1B7833B1402000F0A8
S11317106FFF002001F0D6FA10BD044B1868800159
S1131720F8E7C046501D0020A81F0020AC1F002071
S113173070B5164D04006B7B33B96A7A4AB1200048
S1131740FFF7D0FF002003E001F09EFF0028F4D053
S113175070BD40F242211300080000F052FF34B182
S11317600B482100FFF72CFD0948FFF79DFC094BAE
S11317701B7833B1402000F03BFF002001F050FA09
S1131780E0E7054B18688001F8E7C0467C1E00209E
S1131790501D0020A81F0020AC1F0020F7B5070033
S11317A00C000025C9B3364E01A802F04BF832787C
S11317B0531CDBB233700AB902F066F801A802F0D8
S11317C046F8092F36D8380008F0DAFA050A292D28
S11317D031393F43475322782A4B1A7001250FE0D1
S11317E016250422210001A808F03FFD019A264B8A
S11317F01968914241D0013DADB20833002DF7D1B3
S113180001A802F01FF83378013BDBB233700BB947
S113181002F04EF801A802F01AF82800FEBD227862
S1131820184B1A72DAE72278164B5A72D6E72378E5
S11318302F2B01D90025E3E7124AD372CEE7237890
S11318402F2BF7D80F4A1373C8E722780D4B5A731E
S1131850C4E722780B4B9A72C0E70A4D23784FF6FF
S1131860FF70AF7BAB7301F0A9FA0028B6D1AF7358
S1131870E0E72278034BDA73B0E7024B5A60ADE736
S1131880C42000207C1E0020CCB80000F7B507005F
S11318900C00002679B3254D01A801F0D3FF2A7866
S11318A0531CDBB22B700AB901F0EEFF01A801F062
S11318B0CEFF0026092F11D8380008F061FA050977
S11318C01E2124272A2D3033194B1B78237004E062
S11318D004222000174908F0C8FC012601A801F0E1
S11318E0B1FF2B78013BDBB22B700BB901F0E0FFA9
S11318F001A801F0ACFF3000FEBD0D4B1B7AE5E7FB
S11319000B4B5B7AE2E70A4BDB7ADFE7084B1B7B86
S1131910DCE7074B5B7BD9E7054B9B7AD6E7044BA7
S11319209B7BD3E7024BDB7BD0E7C046C42000207F
S11319307C1E0020801E002010B500F04BFD0828FE
S113194006D10022054B5A701A7001F01DFA10BD21
S11319500028FCD101F0A2F8F9E7C046781E002067
S113196010B504000B4B1870587000F015F854B102
S1131970342140F2407002F095FA442140F2417063
S113198002F090FA10BD142140F2407002F08AFA7D
S11319902421F3E7781E0020012010B500F08AFE10
S11319A0044B18785A78824202D05870FFF7D8FF57
S11319B010BDC046781E002010B5012806D00020B6
S11319C000F078FE0022034B5A7010BDFFF7E4FFCD
S11319D0FBE7C046781E0020F0B50600492095B00C
S11319E010931AAB150004CB0C911B8821A90B93FF
S11319F01CAB1F881DAB1B7809780D931EAB1B789D
S1131A000E931FAB1B780F9320AB1B789C4608AB3F
S1131A10C018C07F11904D20C018C47F7B48407B04
S1131A20A8B1119B07910893634606930F9B0092FC
S1131A3005930E9B2A0004930D9B0C9903930B9B17
S1131A4030B201930994109B029701F0C9FB704BCB
S1131A501C7063425C410D9B644227400BB9FF3309
S1131A600E936C4B0E9A1A7026B1012E5ED0002094
S1131A7015B0F0BD684C300000F018FD2300E833C9
S1131A801E702300EC331D6023000B22F4330C98EA
S1131A901A70FFF7BBFD2300F53318702300B83329
S1131AA01E700B9B0D99DA002300BA331A802300B1
S1131AB041F60402BC331A802300BE3322001E7098
S1131AC00123BF325940117022005249C0320978B3
S1131AD011700F9A02B1F1332200C1321370230046
S1131AE00122C233E8341A70FFF7BAFB2078431E90
S1131AF09841C0B2FFF760FF200000F03FFE474866
S1131B0000F080FE0822464912A808F0AEFB12A895
S1131B1000F087FC40F2FF1000F0ACFC41F640738B
S1131B207B43B3FBF5F33F4A1360A0E73A4C002034
S1131B3000F0BCFC2300E8331E702300EEB2F8333F
S1131B400C9A1E70384B29009B5C1000053E0E93C6
S1131B50FFF752FB012E07D86B460B9A9B8D0C2A7C
S1131B6000D20C239BB20B9323000E9AF9331A7004
S1131B702300109AFA331A7023002500FB331870DF
S1131B800123B8352B7023000B9AC4331A80230029
S1131B900D9AC6331A7023001E4AC73312782600E2
S1131BA01A7023000F9AC8331A70119BE834C9368F
S1131BB03370FFF755FB2078431E9841C0B2FFF7FE
S1131BC0FBFE200000F0DAFD280000F01BFEF8B256
S1131BD000F075FC3378042440F23670012B10D1E8
S1131BE002F0BCF9A043C1B240F2367002F05AF9D7
S1131BF07B427B410D4A5B4213404FF6FF729B18B8
S1131C0091E702F0ABF90443E1B2EDE77C1E00205A
S1131C10A81F002008000020781D0020301E00208E
S1131C2014BA0000AC1F0020C0B800000100FFFF80
S1131C30F0B595B00B931AAB20CB0E911B7821A96C
S1131C4010931CAB1F881DAB1B7809780C931EAB3B
S1131C501B7811916C490F920D93497B1FAB20AAFD
S1131C6006001B78127899B105930D9B2299049371
S1131C700C9B089103931199109B07910692019371
S1131C800F9A0B9B0E9900B20297009501F0D0FABF
S1131C904EB1012E57D040F6890002F05FF90421BD
S1131CA00143C9B2A3E0594C0B222300E8331E7050
S1131CB02300EC331D6023000B98F4331A70FFF7F4
S1131CC0A5FC2300F533187023000F9AF0331A6033
S1131CD02300B8331E702300FF00BA331F80230093
S1131CE041F60402BC331A802300BE3322001E7066
S1131CF001230C99BF32594011700D9A02B1F1338E
S1131D002200C132137023000122C233E8341A7056
S1131D10FFF7A6FA2078431E9841C0B2FFF74CFEA5
S1131D20200000F02BFD3A4800F06CFD08223949F0
S1131D3012A808F09AFA12A800F073FB40F2FF1000
S1131D4000F098FBA7E7314C0B9A2300E8331E7090
S1131D502300EEB2F8331E702F4B29009B5C100059
S1131D60053E0F93FFF748FA012E04D83B1C0C2FB5
S1131D7000D20C239FB225000F9BF9352B70230052
S1131D80109AFA331A7023002600FB3318700123CB
S1131D90B83633702300C4331F8023000C9AC63333
S1131DA01A7023001D4AC73312781A7023000D9A43
S1131DB0C8331A702300119AC933E8341A70FFF734
S1131DC04FFA2078431E9841C0B2FFF7F5FD20007A
S1131DD000F0D4FC300000F015FD2B78062B00D069
S1131DE059E740F6890002F0B9F8FB21014040F6BA
S1131DF0890002F057F80E9802F050F90020084BC1
S1131E00229A1A6015B0F0BD7C1E0020781D0020B7
S1131E10301E002014BA0000C0B8000008000020E2
S1131E20B01F002010B5FFF7B7FD00231A001900FA
S1131E30180000F0E6FB00F011FF10BDF0B587B00C
S1131E400025059102920493322B5DD84E4B4F4CE2
S1131E501B782A0003932300F933290028001E78F5
S1131E602B0000F0CEFB00F033FC494F0190012819
S1131E7051D17D683DB92B004649DA0052181168EA
S1131E80B14244D155680026FFF7EAF90020FFF774
S1131E9093FD414B28001E70FFF7B8FB2300F53378
S1131EA018703D4800F06AFC2000B830067000F05D
S1131EB0A9FC0598FFF704FA384800F0B1FE02F0D7
S1131EC07AFB0500280002F07AFB0028FAD000F023
S1131ED005FD029B98422EDB0025FFF7C1F9019B0B
S1131EE0012B43D1FFF758FD23002000039AF5335B
S1131EF01A70019BE830037000F040FC2000019B45
S1131F00B830037000F07EFC280007B0F0BD013348
S1131F100A2BB1D1B7E7FFF7A3F978680028C8D036
S1131F202600E8363570FFF771FB174B1870300048
S1131F3000F024FCBDE740F2E835049B5D4302F069
S1131F403AFB060000F0CAFC029B9842C4DA300057
S1131F5002F035FBABB29842F4D300F0BFFC029B15
S1131F600125834200DC0025EDB2B6E77B68002B37
S1131F70CAD02300039A2000F5331A700023E830F6
S1131F80037000F0FBFBBFE76D1E0020781D0020EE
S1131F907C1E002070B80000601E0020FFFFFF00C0
S1131FA0F0B5514C87B0260005900391F53633788F
S1131FB002932300F9331B780493322900D991E06A
S1131FC000231A001900180000F01BFB00F080FB2E
S1131FD0464F0190012864D17D6845B92B004449DE
S1131FE0DA00521811680498814256D155680026C7
S1131FF0FFF736F90020FFF7DFFC3E4B28001E7088
S1132000FFF704FB2300F53318703A4800F0B6FBE1
S11320102000B830067000F0F5FB0598FFF750F982
S11320207B7A3548002B4CD000F04CFE40F2E83669
S1132030039B5E4302F0BFFA0500280002F0BFFADA
S11320400028FAD002F0B7FA2C4D039000F046FCB9
S11320502B1C854200DA031C03981DB202F0AFFA70
S1132060B3B29842F2D3FFF7FBF8019B012B2BD1BB
S1132070FFF792FC23002000029AF5331A70019BAB
S1132080E830037000F07AFB2000019BB830037045
S113209000F0B8FB280007B0F0BD01330A2B9ED135
S11320A0A5E7FFF7DDF878680028B6D025000023FF
S11320B0E8352B70FFF7AAFA3070280000F05EFBB9
S11320C0ABE700F0ADFDB1E77B68002BE2D0230065
S11320D0029A2000F5331A700023E830037000F0F0
S11320E04DFBD7E7054DD5E7781D00207C1E002069
S11320F070B80000601E0020FFFFFF000080FFFF9B
S1132100F0B585B015000AAA17880BAA01911178B9
S11321100CAA14780DAA127848B1012814D001250C
S1132120002040190138B0FBF5F005B0F0BD0123E3
S113213040F2E8304B40FB185200DB001219183310
S1132140D2009B185843ECE7043302936B1F012B16
S113215004D83B1C0C2F00D20C239FB21201E400C4
S1132160A4184A4251411423AE0049420B40A41B17
S1132170E418AB1E0393062D07D9290001980834EF
S1132180FFF73AF808B1AB1E9E00E343DB171C408F
S1132190A419013C94FBF6F6029B7343DA1913006D
S11321A00E33062D00D9023B084A0199525C0A2AD3
S11321B00AD803999B0001338B4040F2E83058431E
S11321C0034B9200D558ACE7FFDEC046C0B8000010
S11321D018B8000030B585B00400092240F29F20F1
S11321E001A901F069FE6B461D79002301A8AB42E9
S11321F014D1032B10D869465A1C0A716A465B0035
S1132200210A0532D1546A460632D45440F29F2042
S1132210092201A901F0F8FD05B030BD01004278A2
S113222089781202521802309442F5D00133DBB29D
S1132230DDE70000030000200A2B01D8014AD05C2E
S11322407047C04604B80000F0B504000E0085B025
S113225018B30020012C51D1294D2B00F9331878E3
S1132260FFF7E8FF01002800C83000782B002A009F
S1132270471EB841FA33F8321B78127803902800CD
S11322800296C6300078C435461EB04101902888B5
S113229000902000FFF734FF30E0194B1A00EC32B5
S11322A015681A00C13212780296013A511E8A4109
S11322B003921A00BF321278BA3351424A41019252
S11322C01B882A00DB08009301000300FFF718FFB6
S11322D041F65732012395420FD840F6B732DB1846
S11322E095420AD840F2CF720133954205D840F2A4
S11322F0E7320433954200D9023B181805B0F0BD0B
S1132300781D002010B5074C10220021200007F092
S113231043FF01F0CFFE10B91323E372237300F0DF
S113232043FD10BD7C1E002010B50024214B186015
S1132330214B22485C701C7000F0D6FB200000F09A
S1132340ADFB012000F0E7F82100200000F0ACFA1A
S11323502000042100F0C2F94FF6FF71230022008F
S1132360080000F04EF940F6AC00FFF733FF40F6EA
S11323708900FFF72FFFFFF7C5FF1148FEF722FE84
S11323801048FEF71FFE10490D48FEF7EBFD0F49FC
S11323900C48FEF7E7FD0E4B1C7000F043FB80B2C7
S11323A0033400B904004FF6FF7000F007FD20006D
S11323B010BDC046741E0020781E0020C913000002
S11323C0641D0020501D0020711200008D120000B9
S11323D08C1E0020014B18787047C046090000206D
S11323E0014B18707047C0460900002010B5084B17
S11323F01A78082A08D840F24113D340DB0703D5E2
S113240001F036FC01F05CFE01F028FC10BDC04672
S11324100900002010B50A000100002001F0A8FD09
S113242010BD10B5010040F2C060082201F0ECFCC0
S1132430002010BD07B5064B01A91B7840BA0880DF
S113244023B9022240F2BC6001F0DEFC07BDC046A5
S1132450C11F002007B5064B01A91B7840BA0880AC
S113246023B9022240F2BE6001F0CEFC07BDC04693
S1132470C11F002010B50C4B04001B789BB940F21F
S1132480B86001F06BFD01220100230A914313405F
S1132490C9B240F2B860194301F004FD40F2B960DA
S11324A0E1B201F0FFFC10BDC11F002007B56B466F
S11324B0D91D087001229F2001F012FC07BD73B5DD
S11324C0031C0400F82804D94BF61C23C0F20003B3
S11324D01B780133DBB25B100025DEB21F2B02DD5B
S11324E00336B608013532006B0001339A401300FD
S11324F06A46D3716B460122A020D91D01F0F0FB7E
S113250044B16B46F600A919C9B240F20670D971FC
S113251001F0C8FC73BD07B56B46D91D08700122D4
S1132520962001F0DDFB07BD07B56A46031CD11DEB
S113253058069A06C00FD20F520180011043DA07E1
S1132540D20F1043DA06D20F120110431A07D20F2A
S1132550D20010435A07D20F9B079200DB0F10439F
S11325605B00184308700122892001F0B9FB07BD04
S113257007B5104B01A9984206D90F4B0B800222D4
S1132580982001F0ADFB07BD0C4B984201D90C4BD0
S1132590F4E70C4B984201D90B4BEFE70B4B9842F5
S11325A001D90B4BEAE70B4B9842E8D946F66B731B
S11325B0E4E7C04600E9A435E1E9FFFF80F8A93269
S11325C0D7DBFFFF8044E52DC1C5FFFF000B6B1B6C
S11325D07581FFFF40FC541913B501AC2070617084
S11325E0A270210004229520E37001F079FB13BD51
S11325F007B56B46D91D08700122932001F070FBCA
S113260007BD13B56C4652BAA280082240BA49BA33
S1132610208061805BBA69461000E38001F060FBB2
S113262013BD13B501AC02222100122001F0A0FB5E
S1132630208840BA80B216BD07B56B46D91D087014
S113264001229D2001F04CFB07BD07B50B000722BA
S113265001A910401A0C08704A705BBA0422972032
S11326604B8001F03DFB07BD37B5104B104D186092
S11326702B7804001BB9FFF77BFF01232B7043F673
S11326800951B4FBF1F20B0041F684605343E31AA1
S11326909B031B18B3FBF1F392039B181BBA042290
S11326A0862001A9019301F01BFB37BDB81F002050
S11326B0B41F002007B56B46D91D044B0870187071
S11326C001228A2001F00CFB07BDC046C11F002077
S11326D0014B18787047C046C11F002037B504006D
S11326E00D0001F0E1FC0200012826D103000021C5
S11326F00F2C08D10620FFF76FFF231C5AB20E2AB5
S11327000CDD0E230AE00420FFF766FF231C1134BE
S1132710F4DA4BF61D23C0F200031B7818215CB2D7
S113272040F6E70001F0BEFB6B4602228E2001A9B1
S11327305D711C7101F0D4FA37BD40F6D80001F088
S11327400DFC1E210143C9B240F6D80001F0AAFBDA
S11327500123002207210420FFF73EFF231C093434
S113276007DA4BF61E23C0F200031B7838215CB253
S1132770D6E75AB2162AF9DD1623F7E713B5040093
S113278008220021684607F007FD1C4B20781B78BF
S1132790834201D0FFF78EFF237813B1012B28D099
S11327A013BD6268164B6946B3FBF2F343F6095056
S11327B01A0C0A701A0A4A708B70237BA268CB70B9
S11327C0637B0B71B2FBF0F103004B43D31A41F668
S11327D084629B039B18B3FBF0F389035B1869467F
S11327E01A0C4A7108225BBACB808B2001F078FA6C
S11327F0D6E72369042269460093F6E7C11F002047
S11328000000093D30B5040085B001AD0922002166
S1132810280007F0C1FC224B20781B78834201D0AA
S1132820FFF748FF23781BB1012B2BD005B030BD37
S1132830637AF12B1AD14FF6FF70FFF7FBFD48F2D4
S11328400500FFF707FE02236288A18852BA2A8096
S1132850227A6980AA710922E188EB71A980A37A9E
S11328602B7229008C2001F03BFADFE7F22BEBD12D
S113287041F60F50FFF7DEFD41F22100FFF7EAFDBC
S11328800623E1E7A389074A5BBA2B80A37B137075
S1132890AB70E37B0622EB70238AAB80E1E7C04692
S11328A0C11F0020C01F002007B56B461871597165
S11328B002228F2001A901F013FA07BD002110B5EF
S11328C00A00C02001F054FA0721021143100A4003
S11328D00B4012015800104310BD000013B501ACA9
S11328E001222100152001F043FA064B22781B78BF
S11328F052085BB29B1A181C803301DA4FF68070C1
S113290000B216BD7C1E002037B505000C00022263
S1132910132001A901F02CFA094B1B78012B0CD1CF
S1132920084B1B78012B08D140F2027001F016FB12
S11329306B4628705B79237037BD6B461879F7E7CF
S1132940C11F0020C01F0020F7B56B460C00DF1D1F
S11329500500390020001600FFF7D6FF2278012079
S1132960B24204D83878290001F04AFB0020FEBDA9
S113297037B5040001AD03222900142001F0F8F951
S1132980254B1B7823704BB1012B24D01B22002133
S1132990601C07F001FC0F2323701BE000222B783E
S11329A023711E4B9A566B7892B25B08D31A191C8A
S11329B01BB2803301DA4FF680712181AB785B085A
S11329C0D31A1A1C1BB2803301DA4FF6807200232B
S11329D0E280E36037BD0022104B9A562B7892B206
S11329E05B08D31A191C1BB2803301DA4FF68071CD
S11329F001232182EB5602339B10A374AB785B084E
S1132A00D31A1A1C1BB2803301DA4FF68072044BBE
S1132A10A2821B68A361DDE7C11F00207C1E002089
S1132A20BC1F0020002313B501AC21000222172093
S1132A30238001F09DF901236278511010001940A0
S1132A409940184008439110194089000843D11057
S1132A501940C900084311111940090108435111D3
S1132A601940921149011A400843920110432278F7
S1132A7013401B02184316BD002307B5022201A907
S1132A8007200B8001F02CF907BD07B5022201A92C
S1132A9040BA0880100001F023F907BD07B56B4662
S1132AA0D8710E48FEF78EFA0D48FEF78BFA6B4686
S1132AB00122D91D802001F013F96B46DA79094B04
S1132AC04AB9013220201A70FFF792FD4FF6FF70C9
S1132AD0FFF7DBFF07BD02221A70F7E7641D002031
S1132AE0501D00200900002010B5040001F0A0F8DA
S1132AF0200001F07DF801F0BBF80020FFF7CEFFC5
S1132B0001F084F801F0DCFA0120FFF795FD0122C1
S1132B10044B1A700023044A1370044A1370044AC5
S1132B20136010BD09000020C11F0020B41F002045
S1132B30B81F002013B5041CFFF7C0FE6023034038
S1132B40202B02D00020FFF7A9FF01F0F9FA6B4611
S1132B50A207D91D6307DB0FD20F52009B0013435A
S1132B60E207D20F1343842001220B7001F0B8F85E
S1132B7004210B00074A2340214202D00023137092
S1132B8013BD08211170044A1370044A1360044AE7
S1132B90F5E7C04609000020B41F0020B81F00203C
S1132BA0C11F002037B501F085FA88B96B460122B0
S1132BB0D91D80300A70074D01F092F8064B40F69B
S1132BC01110E97A5C6CA04740F61210297BA047EB
S1132BD037BDC0467C1E002084B9000013B5042212
S1132BE00400094B09481A70FEF7ECF9FFF7DAFF05
S1132BF001A9230C0B700322230A83204B708C70D1
S1132C0001F06EF813BDC04609000020501D0020DD
S1132C1010B51400FFF7FEFB2000FFF7DFFF10BD27
S1132C20052213B504000B4B0B481A70FEF7CAF9C2
S1132C30942140F6AC0001F035F9FFF7B3FF01A988
S1132C40230C0B700322230A82204B708C7001F03A
S1132C5047F813BD09000020641D0020F0B540F6BC
S1132C60E206002785B03000039701F077F9FE21D2
S1132C7040F6E50501400400300001F013F9280096
S1132C8001F06CF97F2101900140280001F00AF95C
S1132C900B48FFF7C5FF042203A940F6190001F011
S1132CA00BF93800FFF7FAFE2100300001F0FAF8C2
S1132CB02800019901F0F6F8039805B0F0BDC0466C
S1132CC0FFFFFF00052213B504000B4B0B481A70DD
S1132CD0FEF778F9962140F6AC0001F0E3F8FFF72F
S1132CE061FF01A9230C0B700322230A82204B707D
S1132CF08C7000F0F5FF13BD09000020641D002056
S1132D0037B505000C00FFF74DFF6A462B0C137016
S1132D102B0A5370230C64BA9570D370948069465F
S1132D200622942000F0DCFF0622014B1A7037BD06
S1132D300900002010B5FFF735FF0022C52011005F
S1132D4000F0CEFF0722014B1A7010BD09000020CD
S1132D5010B5FFF727FF0022D120110000F0C0FFBB
S1132D600422014B1A7010BD0900002010B5FFF7B2
S1132D7019FF0022D220110000F0B2FF0422014BFF
S1132D801A7010BD0900002010B50120FFF754FC93
S1132D9000F03CFF0120FFF7BEFB0122014B1A703B
S1132DA010BDC04609000020024B1B780BB9024A33
S1132DB0D3817047C21F00207C1E0020F8B5002775
S1132DC0274B05009E7B38000A2E47D8254C142239
S1132DD0390025482770676007F0DEF918223900AA
S1132DE0224807F0D9F9224B1B7823B1230046333C
S1132DF01B78B34231D02300463300221E700023D7
S1132E00A263E3630023A11D2200CB878021473204
S1132E10117022004832137001271A0040F2013C5D
S1132E20144923640878B0420DD13D420BD00B2ADB
S1132E3008D81148D30019501B18604698803B00ED
S1132E400132D2B26D080D482C318142EAD10BB166
S1132E50483422700123064A13700120F8BDC0468D
S1132E607C1E0020C81F0020D01F0020E41F00206B
S1132E70C21F002020BA000018200020F8BF000064
S1132E804A425141094A4942114042F2107289189A
S1132E900300C8430A2B07D8054AD35C054A9B00A4
S1132EA09B58C81803B9C8437047C046F0D8FFFF01
S1132EB0C0B8000044B8000010B5040008002CB1EC
S1132EC0012C09D12100FFF7DBFF10BD500042F2B5
S1132ED010729B18C018F8E701204042F5E7000083
S1132EE0F7B51B4ACE00B218127903000120D2B103
S1132EF000229C5EDD68844216D100219868FFF7A9
S1132F00BFFF134B134A9B5940F20C0C2A331B7816
S1132F101049DB009A5C5B1801920022019ED1B239
S1132F208E4203D80420FEBD5868EAE76146514347
S1132F305F687E18795EA14205D17168A94202D109
S1132F40B168814201D00132E8E70020EBE7C046D6
S1132F5018200020F8BF000003000D48D2001258CA
S1132F6030B5546802209C4211D895689D420ED316
S1132F70D2681B1BB3FBF2F454431D1BA34206D1BE
S1132F802800012A03D08A4292415242500030BDA7
S1132F9018200020044BC900CB585B698342804150
S1132FA0404200017047C04618200020F8B51A4C72
S1132FB00020236C63B3A31DDB8F184DDB005B592A
S1132FC0188B28B3FEF704F90023226C06000F00C7
S1132FD0A06BE16B801859410222002312184B4167
S1132FE0BB4216D801D1B24213D802225242D3179F
S1132FF0121A8B4192197B410634E18F0120C900DA
S11330006958098B0BB9914200D80020800180B225
S1133010F8BD00220023EFE7C81F0020182000207D
S11330200300002082B00190D1B142F20F729142AC
S11330300CD840F2E73291420AD9013242F21070C0
S11330400192019A401AB0FBF2F0584302B0704763
S113305064226329F2D80A220929EFD80122EDE774
S11330600121FBE7F8B51F4C0020236CABB3A31D73
S1133070DB8F1D4DDB005B59188D70B3FEF7A8F88C
S1133080A66BE76B0B0002001900236C10009C4632
S11330901A000023B6185F410222002392197B41D3
S11330A08B421BD801D1824218D802225242D31734
S11330B0921BBB4112184B4116001F000634E38FCC
S11330C06046DB00EB58198DFFF7AAFF01230FB907
S11330D0B04200D80023580180B2F8BD0026002772
S11330E0ECE7C046C81F002018200020124AF0B5A3
S11330F013000400463319784832104B1278DD7BF4
S11331000F4B0639D200C9B2D218934201D1002024
S1133110F0BD012905D825B918682A30007802289D
S113312008D0187930B11E687768A74202D8B6680B
S1133130A642EDD20833E8E7C81F00207C1E002019
S11331401820002073B5204D060001A80C0000F0E3
S113315079FB2A78531CDBB22B700AB900F094FB7C
S113316001A800F074FB701E042809D806F008FEBC
S113317003161A21280050222100144807F075F87C
S113318001A800F05FFB2B78013BDBB22B700BB97D
S113319000F08EFB01A800F05AFB73BD22780B4BA4
S11331A01A70EDE7094B083307CC07C306CC06C3F6
S11331B0E6E7064B1C3307CC07C307CC07C3DFE79E
S11331C02268024B5A60DBE7C4200020C81F00209D
S11331D007B5019001A90520FFF7B4FF00200EBD3B
S11331E0F0B506000D008BB0019311AB1B88009263
S11331F0029313AB1B781222039315AB1F7804AB15
S11332000021981D06F0C8FF009B05AC0793019BA5
S113321021002373029B0320E381039B26800695F0
S113322023746774FFF78EFF00200BB0F0BD00001D
S1133230F0B50C00060015008DB0019312AB04CB61
S113324000211B780292039314AB1B88152204936C
S113325015AB1B78059316AB1F7806ABD81C06F08C
S11332609BFF06AB1E809C70019B039A0893029BF4
S11332700420099306AB1A74049A19005A82059A19
S11332805F751A750795FFF75DFF0020024B473302
S11332901C700DB0F0BDC046C81F002073B5214D91
S11332A0060001A80C0000F0CDFA2A78531CDBB20A
S11332B02B700AB900F0E8FA01A800F0C8FA701EF1
S11332C0042809D806F05CFD03161A222A005022AD
S11332D02000154906F0C9FF01A800F0B3FA2B78C5
S11332E0013BDBB22B700BB900F0E2FA01A800F04D
S11332F0AEFA73BD0C4B1B782370EDE722000A4B2A
S1133300083343CB43C203CB03C2E5E72200064B99
S11333101C3343CB43C213CB13C2DDE7024B5B68C0
S11333202360D9E7C4200020C81F0020F0B59BB05B
S113333014AD1822040000210EA806F02DFF290068
S11333400420FFF7ABFF05200CA9FFF7A7FF00231C
S1133350EE5EA968EB6830006A68FFF7ADFDF3B272
S113336002936D4B08905B6A2100029898476B4B5F
S1133370049048331B786A4E0793684B46331B7896
S1133380063BDBB20593674BDB7B06930C9B0393F5
S11333900EAB0193002300936B461F78079BBB423F
S11333A000D8A2E0059B012B07D8069B2BB93368F4
S11333B02A331B78022B00D1A0E03379002B00D1F3
S11333C09CE03A0008990398FFF7C6FD019B390079
S11333D0099028001C88FFF783FD099B39000343EB
S11333E004981C43FFF7D6FDA4B2019B0443A4B286
S11333F01C80002C00D081E0FFF734FE0400FFF7AE
S1133400D5FD009B04435B001800019310230AA917
S1133410A4B2C9180C52DCBB0099414BCE009A5996
S113342040F2E733D2699A4232D93B4A0DA9D56FAB
S11334300120A8470AA903312000A847384B364A7F
S11334409959956F24310120A847354B711DC9182E
S11334502000A84740F2E831314B9A59D369202023
S1133460125EB3FBF1F32C499BB20E6902980399E7
S1133470B04706000DA90120A8470AA9200003317E
S1133480A8472EB91022802301980AA98A1813523A
S1133490009B0EAA5B009B5A13BBFDF799FE1F4BC2
S11334A0049A9863D9631A640633DF87009B1C4A25
S11334B0DB00D35814A91B7C887889781A1C49B27C
S11334C05BB28B4200DD021C0021144B50B2473327
S11334D05956814202D01A7000F0E0FD002006E047
S11334E06022134212D11B0613D4FF276520FF2349
S11334F018403B401B0218431BB0F0BD009B08362C
S113350001330093019B0233019345E7FF276620B3
S1133510EDE7FF276720EAE784B90000C81F002011
S1133520182000207C1E002037B56B46DD1C0220CD
S11335300C002900FFF7B2FE2B7803201BB92000F2
S1133540FFF7F4FEC0B23EBDF0B599B018220021D9
S11335500DAC12A806F020FE21000320FFF79EFE0A
S113356005200CA9FFF79AFE0022A35E019303BB7A
S113357063680393404B00271A004832127846339D
S113358009921B783D4D063BDBB205933C4BDB7B3C
S113359006930C9B079312AB0293099BBB4210D179
S11335A0FF276420FF2318403B401B02184319B037
S11335B0F0BD002361681A000198FFF77DFC0390B9
S11335C0D8E7059B012B0DD8069B5BB92B682A33E2
S11335D01B78022B06D1029B01370233FFB2083558
S11335E00293DAE72B79002BF5D03A000399079878
S11335F0FFF7B2FC029B1B881843029B84B21C8019
S1133600002CE8D12B681F4A2A331E78F600B35CDD
S1133610B118019A04932300012A25D121000E98A0
S1133620FFF72EFC40F20C0C0F9B0893154BF3187C
S11336300499E2B28A42CED2624662435E68B1180D
S1133640B25E012A06D14A68089E964202D18A686F
S113365082420ED00134EBE70C2058434A68013310
S1133660825E0198904204D00498DAB29042F3D872
S1133670B1E7002096E7C046C81F002018200020AC
S11336807C1E0020F8BF000013B56B46DC1C022032
S11336902100FFF703FE2378032013B9FFF754FF3B
S11336A0C0B216BD0320704703207047F8B52E4CF6
S11336B00125230022004633197848322B4B127817
S11336C0DE7B2B4B0639D200C9B2D218934205D106
S11336D0002D46D1236C83B90020F8BD012905D8FB
S11336E026B918682A300078022804D0187947428D
S11336F07841404205400833E8E7FDF769FD0222BE
S1133700002306000F00A06BE16B12184B419F428F
S113371002D823D1964221D902225242D317121A37
S11337208B41B6185F41256C0634E38F104ADB00E9
S1133730D4582800218DFFF773FC218B02008142AD
S113374000D90A0000232800002180185941B942F9
S113375002D8C1D1B042BFD9801BBEE700260027E2
S1133760E1E701204042B8E7C81F00207C1E00208A
S11337701820002003795A1E9341024ADBB21370C9
S11337807047C04678200020054B10B59B689A68A6
S113379003CB12689047034B03CB04F0C9FB10BD65
S11337A02800002070C50000012310B5064C2370CA
S11337B0064B186804F0DCFB002318B92378002BAF
S11337C0FCD10133180010BD7820002070C5000022
S11337D07FB50123194D04002B70194B01A91E68F4
S11337E0300004F0D0FB50B100231A00190020006F
S11337F02380002362802371617104B070BD2B7833
S1133800002BFCD102AD2A00300001A904F0C4FB56
S11338100028E9D10A2102202A5E2B8892FBF1F2CA
S11338204B439B18AA880620285E4A4390FBF1F17B
S113383052181BB2012112B2D9E7C04678200020E9
S113384070C50000EFF31083036072B6704703681D
S113385083F310887047000072B6BFF34F8FBFF335
S11338606F8FBFF34F8F034B034ADA60BFF34F8F61
S1133870C046FDE700ED00E00400FA05704710B50E
S1133880FDF7A2FD10BD00001220074B10B518561D
S113389006F0E4F91220054B185606F0DFF909206A
S11338A006F0DCF910BDC046B0C40000D8C4000066
S11338B01220074B10B5185606F0BCF91220054B20
S11338C0185606F0B7F9092006F0B4F910BDC04641
S11338D0B0C40000D8C4000070B50D001400290065
S11338E00348A2B2FDF780FC0028F8D1200070BD87
S11338F07C200020002337B50C0015000193210023
S11339000848AAB201ABFDF773FC0028F7D1019A6D
S11339102100044892B2FDF767FC0028F7D1019812
S11339203EBDC0467C20002010B50249024805F087
S1133930E7F910BD90C400004428002037B5EFF328
S11339401080012383F31088254B196819B9254A7F
S1133950D1704031D1701A6801321A6080F3108836
S1133960002501242049214805F070FE002204218D
S11339701E4805F0F7FE40F2E83140F2DC5006F054
S1133980C5F80121194805F0B9FE0221174805F0D0
S1133990B5FE174B64421D66164B1D6000F0FEF821
S11339A000F096FB290023002200134801940094A0
S11339B000F0C0F8114B29001868022240F20043BD
S11339C0806806F0EBFA2900230022000C48FDF77A
S11339D003FCFFF7A9FF00F00BFCFFF7D5FE37BD92
S11339E0382A0020000D044010C40000C427002021
S11339F000080440C0080440DC1D00204C000020E6
S1133A007C20002010B5024805F086F910BDC046A0
S1133A1044280020054B012800D118601A68D207F9
S1133A2002D51A68104318607047C046CC200020A5
S1133A30044B10B51B68DB0702D50220FFF7EAFF31
S1133A4010BDC046CC200020034B01201B6810B5DC
S1133A5003B1984710BDC046C820002070B572B6A7
S1133A60BFF34F8FBFF36F8FFFF7EEFFE8B1012075
S1133A70FFF7D0FF10250226FFF7C4FF62B6BFF39D
S1133A804F8FBFF36F8F72B6BFF34F8FBFF36F8F3C
S1133A90094C23682B4206D12368334203D1FFF734
S1133AA0D3FF0028E8D10023236062B6BFF34F8F11
S1133AB0BFF36F8F002070BDCC20002010B540F202
S1133AC0E83106F023F810BD20B10022835E0133F3
S1133AD000D00180704700000022835E10B55A1C9C
S1133AE00CD04A1E914140F60070CAB2190101403F
S1133AF00F2003401943024805F0A8F910BDC04641
S1133B00AC2700200022835E13B500205A1C0DD080
S1133B106A46D41D40F60072190111400F22134069
S1133B2003482200194305F06BF9207816BDC046FE
S1133B30AC27002010B50249024804F077FD10BDFF
S1133B4000C500008C2800201FB50A000023694628
S1133B508B730F2169440A700E220A4C0A482370A1
S1133B60073300936A44063B04F05CFD80239B0208
S1133B70227812B9013B002BFAD16B46987B04B032
S1133B8010BDC046D02000208C2800200379012BD2
S1133B9001D1014A13707047D020002013B50024CE
S1133BA02300220003210E4801940094FDF7BAF982
S1133BB02300220002210B4801940094FDF7B2F97E
S1133BC00748FDF7BCF943425841074B18700548B4
S1133BD0FDF7B5F943425841044B0130187013BD49
S1133BE0D4200020E8200020102100200A0000201A
S1133BF010B5044C0449200005F0DCF9200005F060
S1133C000BFA10BDB4270020F8C3000010B5074B11
S1133C101B78012B09D1022040F28021FEF715FD0B
S1133C20FEF72AFF7F20FEF77FFC10BD1021002045
S1133C3010B5094C0A20FDF771F900212000FDF7A9
S1133C407AF91420FDF76AF901212000FDF773F9D0
S1133C500A20FDF763F910BD781D002010B5034854
S1133C60FDF76DF90128FAD010BDC0468C1D002067
S1133C7073B5184C01A8FFF7E5FD2278531CDBB29D
S1133C8023700AB9FFF700FE01A8FFF7E0FD124D0B
S1133C9000212800FDF74FF9104EC0213000FFF736
S1133CA053FF00213000FFF74FFF01212800FDF7EB
S1133CB042F9FFF7D3FF01A8FFF7C4FD2378013BC6
S1133CC0DBB223700BB9FFF7F3FD01A8FFF7BFFDCB
S1133CD073BDC046C42000201C1E0020DC1D002033
S1133CE0F0B5204D85B0160007000C00FEF77EFBF2
S1133CF003A8FFF7A7FD2A78531CDBB22B700AB97F
S1133D00FFF7C2FD03A8FFF7A2FD174B002118001F
S1133D100093FDF710F9154B390018000193FFF7D4
S1133D2013FFA619B44216D101210098FDF703F937
S1133D3003A8FFF787FD2B78013BDBB22B700BB98F
S1133D40FFF7B6FD03A8FFF782FD842F01D0FFF72C
S1133D5085FF05B0F0BD21780198FFF7F5FE013429
S1133D60E0E7C046C42000201C1E0020DC1D00200B
S1133D70F0B5224D85B016000C000190FEF736FB1D
S1133D8003A8FFF75FFD2A78531CDBB22B700AB936
S1133D90FFF77AFD03A8FFF75AFD194B002118001D
S1133DA00093FDF7C8F8174F01993800FFF7CCFED0
S1133DB000213800FFF7C8FEC3B20193A619B4422C
S1133DC015D101210098FDF7B6F803A8FFF73AFDD5
S1133DD02B78013BDBB22B700BB9FFF769FD03A80D
S1133DE0FFF735FDFFF73AFF019805B0F0BD00215C
S1133DF03800FFF7A9FE20700134E0E7C42000205A
S1133E001C1E0020DC1D0020F0B5234D85B01700DA
S1133E1004000191FEF7EAFA03A8FFF713FD2A78DC
S1133E20531CDBB22B700AB9FFF72EFD03A8FFF772
S1133E300EFD1A4B002118000093FDF77CF8184E74
S1133E400D213000FFF780FE210A3000FFF77CFED1
S1133E50E1B23000FFF778FE019CE719BC4214D1AF
S1133E6001210098FDF767F803A8FFF7EBFC2B7816
S1133E70013BDBB22B700BB9FFF71AFD03A8FFF768
S1133E80E6FCFFF7EBFE05B0F0BD21783000FFF74C
S1133E905BFE0134E2E7C046C42000201C1E002063
S1133EA0DC1D002007B56B46D971073301221900C8
S1133EB0FFF7AAFF07BD0000F0B5254E85B0170037
S1133EC004000191FEF792FA03A8FFF7BBFC3278D5
S1133ED0531CDBB233700AB9FFF7D6FC03A8FFF713
S1133EE0B6FC1C4B002118000093FDF724F81A4D72
S1133EF01D212800FFF728FE210A2800FFF724FED1
S1133F00E1B22800FFF720FE00212800FFF71CFE85
S1133F10019CE719BC4214D101210098FDF70BF86C
S1133F2003A8FFF78FFC3378013BDBB233700BB986
S1133F30FFF7BEFC03A8FFF78AFCFFF78FFE05B06E
S1133F40F0BD00212800FFF7FFFD20700134E1E7F8
S1133F50C42000201C1E0020DC1D002013B56B466D
S1133F60DC1D01222100FFF7A7FF207816BD000009
S1133F70F0B5204D85B016000C000190FEF736FA1E
S1133F8003A8FFF75FFC2A78531CDBB22B700AB935
S1133F90FFF77AFC03A8FFF75AFC174B002118001F
S1133FA00093FCF7C8FF154F0E213800FFF7CCFD36
S1133FB038000199FFF7C8FDA619B44214D10121B4
S1133FC00098FCF7B8FF03A8FFF73CFC2B78013BF3
S1133FD0DBB22B700BB9FFF76BFC03A8FFF737FCC0
S1133FE0FFF73CFE05B0F0BD21783800FFF7ACFDCB
S1133FF00134E2E7C42000201C1E0020DC1D002048
S1134000F0B5234D85B017000C000190FEF7EEF9D2
S113401003A8FFF717FC2A78531CDBB22B700AB9EC
S1134020FFF732FC03A8FFF712FC1A4B002118001B
S11340300093FCF780FF184E1E213000FFF784FD2B
S113404001993000FFF780FD00213000FFF77CFD6F
S1134050E719BC4214D101210098FCF76CFF03A8B6
S1134060FFF7F0FB2B78013BDBB22B700BB9FFF7AA
S11340701FFC03A8FFF7EBFBFFF7F0FD05B0F0BD55
S113408000213000FFF760FD20700134E1E7C046F5
S1134090C42000201C1E0020DC1D002010B50221BD
S11340A0FEF71CFB10BD0000014B18787047C0469A
S11340B00A000020014B18787047C04610210020E8
S11340C010B501210148FCF736FF10BDFC2000208B
S11340D073B501250024164E2A0030000195009581
S11340E000231D21FCF71EFF23002200402111485C
S11340F001940094FCF716FF230022001B210E48B4
S113410001940094FCF70EFF30002A0023002100E4
S1134110A43801940094FCF705FF2A002300192118
S1134120064801950094FCF7FDFEFFF7C9FF73BD37
S11341301C1E00208C1D0020A01D0020FC2000203F
S113414010B500210148FCF7F6FE10BDFC2000204C
S113415010B50248FCF7F3FE10BDC046A01D0020B8
S11341600122054B002000211A751A700022986064
S1134170D9601A619A8370471821002010B5FFF79F
S1134180EFFF10BD0120034B1B7898428041404251
S11341907047C0461821002010B5064B1C7D2CB971
S11341A09B6903B198471020FFF734FC012060405D
S11341B010BDC046182100200A4B10B5186805F040
S11341C0A7FB094B094C1B682268597C092005F0A0
S11341D055FD012320688268917B0B43937305F09E
S11341E097FB10BD482100203C21002044210020E1
S11341F070B50F4B0F4D10492B60104B104C1148EC
S1134200114E1960114B2060336005F0D9FA70B972
S11342103168286805F0D4FA10B1206805F046FB2F
S11342200B4B0C4A9A6100221A75FFF7C5FF70BD4B
S11342306C28002044210020B0C40000402100204C
S1134240482100204C2800203C210020D8C4000034
S113425018210020750F000070B5094D094C28681D
S113426005F016FB206805F013FB2B689A68137A97
S11342709B07FCD423689A68137A9B07FCD470BD0F
S11342804821002044210020034B1B689B681888A8
S1134290C04380B27047C04648210020034B044805
S11342A01B689B681B88C01A80B270474421002099
S11342B0FFEFFFFF054B1B689B681B7A9B0603D52A
S11342C0034A1368103313607047C0464821002026
S11342D03821002045F65E73434382B00193019B6D
S11342E0034AB3FBF2F30193019802B07047C0464E
S11342F0A0860100F7B51E4E01A8FFF7A3FA327895
S1134300531CDBB233700AB9FFF7BEFA01A8FFF7FA
S11343109EFA184B1F68FFF7B7FF174B05001B6881
S113432001A89B681C7AFFF78DFA3378A406013B39
S1134330DBB2E40F33700BB9FFF7BAFA01A8FFF749
S113434086FA47F6FE739D4201D804B1103728005F
S1134350FFF7C0FF040040F2E832002338000021D8
S113436005F022FD220000238018594103B0F0BD5E
S1134370C4200020382100204821002010B5FFF778
S1134380B9FF10BDF7B50F00514C022839D00023F6
S113439003285ED01D001E00012820D1227801923E
S11343A0012A1CD1FFF77AFFFFF794FF2575060059
S11343B0FFF7A0FF43F698239B1B9BB2A060E1602C
S11343C02761A3830FB9002508E043F6972297429B
S11343D014D8BB4212D90423BDB223700126236929
S11343E0002B3DD106332370FFF7D6FE2378062B2E
S11343F002D1053B237523703000FEBD02232370D8
S1134400E1E72378022B0BD1A28B23699B1A0126A7
S11344102361304B22699A420ED9002323610BE0B9
S1134420032B03D123692C4A9B18F0E7043B002695
S1134430012BEED82661013643F6972325699D4268
S113444003D80423ADB22370C9E7032300252370E6
S1134450C5E722781D001E00052AC0D12361B2E7FA
S11344602378042BC8D11D4F2D03386883681B881B
S11344709BB2019305F00CFA40F2E833B5FBF3F577
S1134480019B019A5D1BADB2EB1C9BB29A4202D216
S1134490134BED18ABB23A6891680A7A9207FCD4D0
S11344A00888019D82B2854205D3101C9A4200D926
S11344B0181C82B202E001989842F6D9052309201B
S11344C04A80237005F078FB386805F021FA93E7F9
S11344D0182100200000FFFF68C5FFFF44210020D1
S11344E003F0FFFF70B504000D0003280FD8012866
S11344F01AD811D0002100200E4B00229860D960F8
S113450001211A701A6119759A619A830AE00428C4
S1134510F0D1FFF725FE05E0FFF722FE2900200079
S1134520FFF730FF002004E00021FFF72BFF0028F5
S1134530EFD070BD1821002010B501000120FFF755
S1134540D1FF10BD20210B4B10B51B689A68107A5F
S1134550C3B2084205D08B431372074A1368103361
S11345601360FFF70FFE18B100210220FFF7BAFF16
S113457010BDC046482100203821002010B5FFF7A7
S1134580B9FE0B000A4902008868C968994202D83A
S113459009D1904207D9121A8B4101204042C11718
S11345A08018594110BD121A8B4110001900F9E707
S11345B018210020704710B5FFF766FE10BD0023D8
S11345C013B504000193FFF75FFE001B80B20128BE
S11345D003D9F423013843430193019880B216BDF3
S11345E070B5EFF30384103C64B2200005F0E4FAE4
S11345F0094BA400E558AB681C7A084BE4B21B785D
S1134600052B03D100210320FFF76CFF4022AB6888
S113461094431C7270BDC0463C2A0020182100201F
S113462010B50249024803F013FE10BD58C400003F
S113463014280020002310B50A480B4C2370037083
S11346400A4803F0B0FD012320B980239B0222789D
S113465012B10023180010BD013B002BF7D1012338
S1134660F8E7C0464C2100204E21002014280020E9
S1134670F8B51D0000230C4E0C4F0D483370140088
S11346803B7003F08CFD012328B980239B02327810
S11346901AB100232C801800F8BD3A7812B9013BF6
S11346A0002BF4D10123F6E74D2100204C210020FA
S11346B014280020030010B572B6BFF34F8FBFF368
S11346C06F8F0079082809D8A8B10138072812D8B3
S11346D005F056FB1B17110D1111110B0300EF22EE
S11346E0103B134201D0402805D1094B0AE09868D9
S11346F0C0B2FBF7BBFF62B6BFF34F8FBFF36F8F40
S113470010BD044B01221A70F5E7034BFAE7C046CB
S11347104C2100204E2100204D21002007B56B467E
S1134720D91D087001220020FFF784FF07BD10B5D2
S113473004000020205600B910BDFFF7EFFF01343C
S1134740F7E770B505000F2601398C00231D00D151
S113475070BD2800E0403040092804D83030FFF70D
S1134760DDFF043CF2E73730F9E7F7B505000E004A
S11347700192002803DA2D20FFF7D0FF6D420123B8
S11347800A221C00B34204D301260A27002C04DCAD
S1134790F7BD01335443DBB2F4E7012C00D100260A
S11347A095FBF4F292FBF7F37B43D31A00936B4629
S11347B01878012E0DD160B9019B13B11800FFF7D1
S11347C0ADFFFF22009B1340634394FBF7F4ED1A03
S11347D0DCE7303040B2FFF7A1FF0026F1E700002C
S11347E070B54F48FFF7A3FF4E48FFF7A0FF4E48B0
S11347F0FFF79DFF4D48FFF79AFF4D48FFF797FFDE
S11348004C48FFF794FF4C48FFF791FF4B48FFF7E4
S11348108EFF4B48FFF78BFF4A48FFF788FF4A4853
S1134820FFF785FF4948FFF782FF4948FFF77FFFFD
S11348304848FFF77CFF4848FFF779FF4748FFF7F0
S113484076FF4748FFF773FF4648FFF770FF464877
S1134850FFF76DFF4548FFF76AFF4548FFF767FF1D
S11348604448FFF764FF4448FFF761FF4348FFF7FC
S11348705EFF4348FFF75BFF4248FFF758FF42489B
S1134880FFF755FF4148FFF752FF4148FFF74FFF3D
S11348904048FFF74CFF4048404CFFF748FF404872
S11348A0FFF745FF3F48FFF742FF2000FFF73FFFB8
S11348B03D48FFF73CFF3D48FFF739FF3C48FFF711
S11348C036FF2000FFF733FF3A48FFF730FF2000A0
S11348D0394EFFF72CFF3948394DFFF728FF394887
S11348E0FFF725FF3000FFF722FF2800FFF71FFF27
S11348F03548FFF71CFF3548FFF719FF2000FFF785
S113490016FF3348FFF713FF3248FFF710FF30005C
S1134910FFF70DFF2800FFF70AFF002070BDC04617
S11349209CAA0000C4AA0000FDAA00002CAB000051
S113493052AB000082AB0000AEAB0000DDAB000068
S113494008AC000029AC000054AC000076AC0000B8
S113495094AC0000B5AC0000D3AC0000F3AC000094
S11349601AAD00004CAD00007CAD0000AAAD000003
S1134970D6AD000010AE000048AE000083AE0000CB
S1134980B1AE0000DBAE000006AF000026AF0000B1
S113499061AF000090AF0000B2AF0000D3AD0000E3
S11349A0D0AF0000F6AF000027B000004BB000000D
S11349B08BB00000AAB000004DB10000EDB00000C3
S11349C08EB100002CB10000ACB10000D8B10000E1
S11349D019B200003FB2000010B5FBF7A9FE1B4B53
S11349E0186802F00BFA17282DD805F0C9F90C2C19
S11349F02C21212121212110101010102C2C1010F9
S1134A002C2C2C2C2C2A1248FFF791FE0CE0114878
S1134A10FFF78DFE00220A210F4B1B6818685B68A4
S1134A200130C01AFFF7A1FEFBF7C4FE002010BD41
S1134A300A48FFF77CFE0A4B00221B680A21D8684B
S1134A40F0E70848E0E70848DEE7C0462000002019
S1134A505DB2000062B200001400002066B20000E3
S1134A60180000206AB200008DAA000010B5FBF700
S1134A705FFE054B00221B680A215868FFF775FE8C
S1134A80FBF798FE002010BD1C00002010B5FBF7BA
S1134A904FFE0820054B00221B680A211856FFF719
S1134AA064FEFBF787FE002010BDC0461C000020FA
S1134AB037B56B46DD1D0A4B29000020DB6F984794
S1134AC0042450B1FBF734FE0020210000222856B4
S1134AD0FFF74BFE0024FBF76DFE20003EBDC046F1
S1134AE084B9000010B5FBF723FE064B00221B68B7
S1134AF0022147331878FFF738FEFBF75BFE0020EE
S1134B0010BDC0461C00002010B5FBF711FE054B7C
S1134B1000221B680A21D868FFF727FEFBF74AFE2C
S1134B20002010BD1C00002010B5FBF701FE064B51
S1134B3000221B68022148331878FFF716FEFBF7A2
S1134B4039FE002010BDC0461C00002010B5FBF744
S1134B50EFFD064B00221B68022149331878FFF74A
S1134B6004FEFBF727FE002010BDC0461C000020F9
S1134B70064B10B5186802F041F9040018B901F0A9
S1134B807DFF200010BD0724FBE7C0462000002065
S1134B9010B5034B0221186802F047F9082010BD34
S1134BA02000002010B50F4C206802F027F90728D8
S1134BB005D802280DD8431E9841800010BD0F2847
S1134BC003D808280BD10438F8E7172807D00420A5
S1134BD0F4E70821206802F028F90820EEE7112103
S1134BE0F8E7C0462000002010B50F4CFBF7A0FDED
S1134BF02368002218680921FFF7B7FD2C2005F06F
S1134C00C3F923680022D8680721FFF7AEFD2C20E2
S1134C1005F0BAF923680022D87D0221FFF7A5FD2B
S1134C20FBF7C8FD002010BD1400002010B5154C82
S1134C30FBF77EFD23680022987D0221FFF795FD96
S1134C402C2005F0A1F9236800221420185E042109
S1134C50FFF78BFD2C2005F097F9236800221869D3
S1134C600421FFF782FD2C2005F08EF9064B00226B
S1134C701B680A21186CFFF778FDFBF79BFD0020E9
S1134C8010BDC046140000201C00002010B50F4CBD
S1134C90FBF74EFD23680022986A0A21FFF765FDA1
S1134CA02C2005F071F923680022D86A0A21FFF745
S1134CB05CFD2C2005F068F923680022186B0A219A
S1134CC0FFF753FDFBF776FD002010BD1C0000200C
S1134CD010B5104CFBF72CFD23680022988E072199
S1134CE0FFF743FD2C2005F04FF9236800223833E9
S1134CF018780221FFF739FD2C2005F045F92368C7
S1134D000022393318780221FFF72FFDFBF752FDFB
S1134D10002010BD1C00002010B5104CFBF708FD4E
S1134D202368002258690221FFF71FFD2C2005F09B
S1134D302BF92368002298690221FFF716FD2C2025
S1134D4005F022F9236800220133D87F0221FFF7FE
S1134D500CFDFBF72FFD002010BDC0461C000020F9
S1134D6010B51A4CFBF7E4FC23680022988B06214B
S1134D70FFF7FBFC2C2005F007F92368002202331F
S1134D80D87F0221FFF7F1FC2C2005F0FDF8236801
S1134D9000220333D87F0221FFF7E7FC2C2005F023
S1134DA0F3F8236800220433D87F0221FFF7DDFCE7
S1134DB02C2005F0E9F8236800220633D87F02216D
S1134DC0FFF7D3FCFBF7F6FC002010BD1C0000200D
S1134DD010B5194CFBF7ACFC23680022D86C0A21EF
S1134DE0FFF7C3FC2C2005F0CFF823680022186DD0
S1134DF00A21FFF7BAFC2C2005F0C6F8236800222C
S1134E00586D0A21FFF7B1FC2C2005F0BDF823688A
S1134E1000225A3318880321FFF7A7FC2C2005F041
S1134E20B3F8236800225C3318780321FFF79DFC54
S1134E30FBF7C0FC002010BD1C00002010B5FBF7E0
S1134E4077FC002202210420FFF78FFC2E2005F0BE
S1134E509BF8002202215A20FFF787FC202005F04E
S1134E6093F80D48FFF763FC202005F08DF8FFF759
S1134E701BF901280CD10948FFF759FCFFF71AF96F
S1134E8040B90748FFF753FCFBF794FC002010BD22
S1134E900448F1E70448F5E76DB2000076B200007B
S1134EA086B200007EB200008BB20000F0B585B07F
S1134EB00822002102A805F06FF9FBF767FD040042
S1134EC0012802DC042005B0F0BD6B4601A8991C42
S1134ED0FBF764FD01980028F4D06B4602229B5E28
S1134EE0002BEFDD0021FBF7E0FE4FF6FF73060019
S1134EF09842E7D8092CE5DC00252F00013C6B46DD
S1134F0001A8991CFBF74AFD019840B36B460222A5
S1134F109B5E002B23DD0021FBF782FE00281EDBB5
S1134F206B46082201359B182DB2D8552F00A54297
S1134F30E5DB00254FF6FF772B00A819B84207D808
S1134F4008216A465218D15C064B80B25B6C9847C4
S1134F5001352DB22B00A542EFDB0020B3E7BC42A4
S1134F60E7DDAFE784B90000F0B587B0082200217F
S1134F7004A805F011F9FBF709FD022802D004206A
S1134F8007B0F0BD02AB03A8991CFBF707FD03981B
S1134F900028F4D002AB02229B5E002BEFDD00213F
S1134FA0FBF783FE4FF6FF770500B842E7D802AB64
S1134FB003A8991CFBF7F2FC03980028DFD002AB8E
S1134FC002229B5E002BDADD0021FBF7ECFD0300DF
S1134FD0013B0090072BD2D800242600ABB20193EA
S1134FE03B1BAB420AD3019BA6B2F0180E4B80B216
S1134FF09B6C9847082202AB9B181855009B013400
S1135000A342EDD1FBF794FB0024082202AB9B18CA
S1135010185D02210134FFF794FBA3B2B342F4D923
S1135020FBF7C8FB0020ABE784B9000010B5FBF721
S11350307FFB40F2D8130A4C01212268D05CFFF7B1
S113504080FB2C2004F0A0FF40F2D413206800223F
S1135050C0580421FFF789FBFBF7ACFB002010BD0F
S11350602000002010B50B4CFBF762FB23680221E3
S113507044331878FFF765FB2C2004F085FF236880
S1135080022145331878FFF75CFBFBF793FB002004
S113509010BDC0461C00002070B5164C23681E7A53
S11350A0154B1B685D7AFBF743FB0022022130009D
S11350B0FFF75BFB2C2004F067FF2800002204218B
S11350C0FFF753FB2C2004F05FFF032E08D1246864
S11350D0D2346519AC4207D1FBF76CFB002070BDDC
S11350E0064B1C680634F4E720780221FFF729FBFD
S11350F00134EFE7200000201C0000200C000020F9
S113510010B5FBF715FB0024074B02211B681B1984
S1135110DD33FF3318780134FFF713FB082CF3D188
S1135120FBF748FB002010BD2000002010B5FBF762
S1135130FFFA002001F082FC30B10448FFF7F7FACF
S1135140FBF738FB002010BD0148F7E749B4000025
S113515052B4000010B5FBF7EBFA002001F06EFC2E
S11351600F4B02001B68B0B1012000223A331B78B8
S113517058400221FFF7F9FA2C2004F005FF094BEF
S113518000221B68022144331878FFF7EEFAFBF77C
S113519011FB002010BD01200533DB7F5840E8E7F8
S11351A01C0000201800002010B50E4CFBF7C0FABC
S11351B02368002218690A21FFF7D7FA2C2004F08B
S11351C0E3FE002001F03AFC236840B1D88E0022AF
S11351D00621FFF7CAFAFBF7EDFA002010BDD88BC1
S11351E0F5E7C0461C00002010B5C048C04CFFF7CE
S11351F09EFAC048FFF79BFA2368002258680A21E8
S1135200FFF7B3FABC48FFF792FABC48FFF78FFAEE
S1135210002001F013FC00284AD0B948FFF787FAB0
S1135220B848FFF784FA236847331B78002B41D032
S1135230B548FFF77CFAB548FFF779FA08202368E8
S1135240002218560A21FFF790FAB148FFF76FFAC7
S1135250B048FFF76CFA23680022587A0621FFF75A
S113526084FAAD48FFF763FAAC48FFF760FAAC4B39
S11352701B689B7D03B3AB48FFF759FAAA48FFF7B5
S113528056FA236848331B78C3B1A648FFF74FFA90
S1135290A648FFF74CFA2368493318780A2843D8FC
S11352A004F06EFD0E2E30323436383A3C3E400067
S11352B09F48B3E79F48BCE79F48DDE79E48E5E782
S11352C09E48FFF734FA9E48FFF731FA9D48FFF7EE
S11352D02EFA2368002258690221FFF746FA9A48F9
S11352E0FFF725FA9948FFF722FA236898690928F5
S11352F042D804F045FD1B2F31333537393B3D3F50
S11353009348DEE79348DCE79348DAE79348D8E725
S11353109348D6E79348D4E79348D2E79348D0E735
S11353209348CEE79348CCE79348CAE79348FFF7FE
S1135330FEF99348FFF7FBF99248FFF7F8F9236861
S11353400133D87F0138032800D9C5E004F018FDE3
S113535016BEC0C28C48EAE78C48E8E78C48E6E70A
S11353608C48E4E78C48E2E78C48E0E78C48DEE7C9
S11353708C48DCE78C48DAE77F48D8E78B48FFF7AE
S1135380D6F97148FFF7D3F98948FFF7D0F92368B4
S11353900022988B0621FFF7E8F98648FFF7C7F942
S11353A08548FFF7C4F923680233DB7F002B00D163
S11353B094E08248FFF7BBF98148FFF7B8F9236806
S11353C00333DB7F002B00D18AE07E48FFF7AFF97F
S11353D07D48FFF7ACF923680433DB7F002B00D151
S11353E080E07A48FFF7A3F97948FFF7A0F923682A
S11353F00633DB7F002B00D176E07648FFF797F980
S11354007548FFF794F97548FFF791F9236800226E
S1135410986A0A21FFF7A9F97148FFF788F94B4800
S1135420FFF785F923680022D86A0A21FFF79DF95E
S11354303148FFF77CF96B48FFF779F923680022BC
S1135440186B0A21FFF791F92B48FFF770F95848B8
S1135450FFF76DF923680022988E0721FFF785F97D
S11354602D48FFF764F95448FFF761F9236838338E
S11354701B78002B00D1CFE05048FFF758F9504873
S1135480FFF755F9236839331B78002B00D1C5E0A9
S11354904C48FFF74CF95448FFF749F95348FFF7D4
S11354A046F9FEF701FE012800D0B9E05048FFF7A5
S11354B03EF95048FFF73BF9FEF7FCFD002800D009
S11354C0B0E04D48FFF733F9002010BD4B4856E7D4
S11354D04B4854E74B4852E7274850E74A4869E7A6
S11354E04A4873E74A487DE74A4887E790B2000094
S11354F01C000020BAB20000CEB20000D5B20000F9
S1135500E9B20000F7B200000BB300002BB30000B7
S11355103FB3000047B300005BB3000065B3000075
S11355201400002079B300008EB30000A2B3000081
S1135530F0B2000019B3000083B30000BDB3000053
S1135540EBB3000015B40000D3AD00002BB4000091
S1135550A0B60000C0B30000C4B30000C8B300008C
S1135560CCB30000D0B30000D3B30000D6B3000026
S1135570D9B30000DCB30000E3B300003FB4000083
S113558083B000005DB4000043B4000047B40000E1
S11355904BB400004EB4000051B4000054B40000F9
S11355A057B400005AB400007BB4000071B400008A
S11355B081B4000095B40000A1B40000B5B40000AB
S11355C0DCB40000F0B4000003B5000017B500001F
S11355D033B5000047B5000063B500008DB5000089
S11355E0A1B50000A9B50000BDB50000E7B50000F5
S11355F0FBB500000DB6000021B6000075B4000034
S113560079B400007DB40000C7B40000F9B4000010
S113561025B5000059B5000003482EE7034838E7D4
S1135620034844E703484DE7C7B40000F9B4000059
S113563004B6000028B6000070B50D4D286801F0CE
S1135640DDFB040090B92B68187A042302009A4306
S11356501300012A04D1074A1268936001F0BEFACC
S11356600921286801F0E1FB200070BD0724FBE755
S11356702000002014000020F0B5354BB9B01868A4
S113568001F0BCFB334F04003B6B029300285AD15A
S113569001F0D4F9002858D0029B98472000BB6839
S11356A098472D4EFB6803933368D86C039B984747
S11356B0200001F0B7FD01943368019A5A331B8826
S11356C09A4233DB029B9847200039B0F0BD586DF5
S11356D0DB6C6843C018039B98477B6B1F48984753
S11356E00120FBF71BFC3B6C0020984705AB585589
S11356F001352DB233681A00583212789542E6DB30
S1135700029B98470025FBF713F8336858331B783E
S11357109D420DDBFBF74EF833685C331878FBF7DA
S1135720FDFB019B01331BB20193C5E70025E1E7B3
S113573005AB585D1F23801018403030013504F04C
S113574023FC2DB2E1E70724BCE70424BAE7C046F2
S11357502000002084B900001C000020FFFFFF008F
S113576010B5074C206801F049FB072330B901F05C
S11357708FF90221206801F058FB0823180010BD9E
S11357802000002070B50A4B04241B6848331B78A2
S11357904BB9084D286801F031FB040028B90E21EB
S11357A0286801F042FB200070BD0724FBE7C046D7
S11357B01C0000202000002070B50A4B04241B6844
S11357C048331B784BB9084D286801F017FB0400D7
S11357D028B90F21286801F028FB200070BD072498
S11357E0FBE7C0461C0000202000002070B5074DD8
S11357F0286801F003FB040028B90321286801F09C
S113580014FB200070BD0724FBE7C04620000020E5
S1135810154B37B5186801F0F1FA040008BBFBF723
S1135820B5F801281BD16B469D1C01A82900FBF784
S1135830B5F8019898B10023ED5E012D0FD1210038
S1135840FBF7EEF901280AD8084B28401968084BE1
S1135850473108709B6F0320984720003EBD042405
S1135860FBE70724F9E7C046200000201C000020C5
S113587084B90000234B73B5186801F0BFFA040023
S113588000283CD1FBF782F8022836D16B4601A8E8
S1135890991CFBF783F8019800282ED06B4602224E
S11358A09B5E002B29DD2100FBF7BAF983B20600C9
S11358B02F2B22D86B4601A8991CFBF76FF801988F
S11358C0D8B16B4602229B5E002B16DD2100FBF74C
S11358D0A7F983B22F2B10D80B4D2B681900453331
S11358E044310E701870094B04209E6FB04729682C
S11358F005204531B047200076BD0424FBE707248A
S1135900F9E7C046200000201C00002084B90000F4
S1135910174BF7B5186801F071FA040030BBFBF7B8
S113592035F8012820D16B469D1C01A82900FBF7FE
S113593035F80198C0B10023EE5E012E14D1210088
S1135940FBF731F9050001280ED80A4F3B6B984745
S1135950094ABB68126825B92000147098472000D2
S1135960FEBD30001670F9E70424F8E70724F6E7D3
S11359702000002084B900001C000020164B73B5E1
S1135980186801F03BFA040018BBFAF7FFFF01287E
S113599002D00424200076BD6B4601A8991CFAF7B6
S11359A0FDFF01980028F4D02100FBF7FCF80B4B15
S11359B00500C2180A4B9A42EBD80A4E336A98473C
S11359C00028E6D0084B28001B685D60F368984700
S11359D0E0E70724DEE7C0462000002080C19BE604
S11359E080E9EB1D84B900001C0000201C4BF7B5B6
S11359F0186801F003FA040000282FD16B465D1CDF
S1135A002870FAF7C3FF0700012825D16B4601A8C7
S1135A10991CFAF7C3FF019BF3B100229A562600A2
S1135A202D2A02D13E000133019300210198FBF796
S1135A30BAF8142810D806B140420A4B40B2287074
S1135A40290000209B6F984730B1074B2A781B68C8
S1135A503C331A702000FEBD0424FBE70724F9E759
S1135A602000002084B900001C000020F0B5394B50
S1135A7085B0186801F0C2F90600002868D1FAF769
S1135A8085FF0400012805D0042803D00426300033
S1135A9005B0F0BD6B4602A8991DFAF77FFF029886
S1135AA00028F3D00021FBF77EF805000128EDD88B
S1135AB001273D40BC4203D1274B1B689D75E6E797
S1135AC06B4602A8991DFAF769FF029B002BDDD0F3
S1135AD000229A5600242D2A02D13C00013302935D
S1135AE000210298FBF75FF87F28CFD804B1404229
S1135AF06B4604B2991D02A8FAF750FF02980028D9
S1135B00C4D00021FBF74FF8431E0700312BBDD84A
S1135B106B4602A8991DFAF741FF02980028B5D0F8
S1135B200021FBF740F80D4B9842AFD80C4B039083
S1135B309B6F012003A998470028A7D0064B039A1E
S1135B401B689D759C821F61064B1B681A649EE747
S1135B5007269CE7200000201400002038200700BE
S1135B6084B900001C00002073B51A4E306801F09F
S1135B7045F9040007204CBBFAF708FF022826D198
S1135B806B4601A8991CFAF709FF0198F8B12100A6
S1135B90FBF709F80500012819D86B4601A8991CE0
S1135BA0FAF7FCFE019890B12100FAF7FCFF40F2ED
S1135BB0E832030090420AD840F2D8123068142127
S1135BC08554043A835001F030F9082076BD04204E
S1135BD0FCE7C04620000020114B13B5186801F003
S1135BE00DF90400C8B9FAF7D1FE012813D16B46A8
S1135BF001A8991CFAF7D2FE019860B12100FAF7C6
S1135C00D2FF4FF6FE73421E9A4204D8054B1B681E
S1135C10D860200016BD0424FBE70724F9E7C0463A
S1135C20200000201C000020204B73B5186801F0F0
S1135C30E5F80400002837D1FAF7A8FE032831D18B
S1135C406B4601A8991CFAF7A9FE019850B32100EC
S1135C50FAF7A9FF164B0600C218164B9A4221D830
S1135C606B4601A8991CFAF799FE0198D0B121005E
S1135C70FAF799FF104B421E05009A4212D86B4660
S1135C8001A8991CFAF78AFE019858B12100FAF785
S1135C908AFF002806DD094B1B689E62DD621863DB
S1135CA0200076BD0424FBE70724F9E72000002048
S1135CB0A8FDFFFF88910400372007001C00002086
S1135CC0234B73B5186801F099F8040000283CD1FF
S1135CD0FAF75CFE032836D16B4601A8991CFAF743
S1135CE05DFE019800282ED02100FAF75CFF41F6F2
S1135CF0FE73421E06009A4225D86B4601A8991CE1
S1135D00FAF74CFE0198F0B12100FAF74CFF0500B8
S1135D10012818D86B4601A8991CFAF73FFE019890
S1135D2088B12100FAF73FFF01280CD8094B012262
S1135D301B68154019009E863831104039330D70A8
S1135D401870200076BD0424FBE70724F9E7C04659
S1135D50200000201C0000201F4B73B5186801F0C0
S1135D604DF80400002835D1FAF710FE03282FD18E
S1135D706B4601A8991CFAF711FE019840B3210063
S1135D80FAF711FF431F0600072B21D86B4601A821
S1135D90991CFAF703FE0198D0B12100FAF703FF2A
S1135DA00500092814D86B4601A8991CFAF7F6FDDA
S1135DB0019868B12100FAF7F6FE431E032B07D8B9
S1135DC0064B1B685E619D610133D877200076BD68
S1135DD00424FBE70724F9E7200000201C0000202E
S1135DE0F0B5374B85B0186801F008F804000028B6
S1135DF063D1FAF7CBFD05285DD102AB03A8991C4A
S1135E00FAF7CCFD0398002855D02100FAF7CBFE11
S1135E104FF6FE73421E07009A424CD802AB03A809
S1135E20991CFAF7BBFD0398002844D02100FAF727
S1135E30BAFE060001283ED802AB03A8991CFAF763
S1135E40ADFD0398002836D02100FAF7ACFE05001A
S1135E50012830D802AB03A8991CFAF79FFD0398D8
S1135E6048B32100FAF79FFE0190012823D802AB22
S1135E7003A8991CFAF792FD0398E0B10021FAF700
S1135E8092FE012817D801220E4B16401B681540BC
S1135E90991C9F83CE77D91CCD770199104011406E
S1135EA00A00191D0633CA77D877074B9B6D9847AC
S1135EB0200005B0F0BD0424FAE70724F8E7C04643
S1135EC0200000201C00002084B90000174B37B5C7
S1135ED0186800F093FF040030BBFAF757FD050083
S1135EE0012802D0042420003EBD6B4601A8991C61
S1135EF0FAF754FD01980028F4D02100FAF753FE74
S1135F000128EFD86B466A4628405870084B062093
S1135F109B6F511C98470028E4D06A46054B527881
S1135F201B6848331A70DEE70724DCE720000020F2
S1135F3084B900001C000020294B37B5186800F014
S1135F405DFF0400002848D1FAF720FD01282DD177
S1135F506B4601A8991CFAF721FD019830B3210082
S1135F60FAF721FE050040B21F281FD803F008FFEE
S1135F703310211E1E1E2723251E1E1E1E1E1E1E1E
S1135F801E1E1E1E1E1E292B2D1E1E1E1E1E2F31E2
S1135F9006236A465370134B511C08209B6F984785
S1135FA020B1114B1B6849331D7000E0042420000C
S1135FB03EBD0723EDE70823EBE70123E9E70223CE
S1135FC0E7E70323E5E70423E3E70523E1E7092300
S1135FD0DFE70A23DDE70023DBE70724E7E7C04622
S1135FE02000002084B900001C000020F0B53D4BC7
S1135FF085B0186800F002FF07230093002840D101
S1136000033B0093FAF7C2FC05283AD102AB03A87C
S1136010991CFAF7C3FC039898B30021FAF7C3FD5F
S1136020314F324EC3190500B3422AD802AB03A83C
S1136030991CFAF7B3FC039818B30021FAF7B3FDDF
S1136040C3190400B3421CD885421AD802AB03A872
S1136050991CFAF7A3FC039898B10021FAF7A3FD61
S1136060234B0600C218234B9A420AD8A5420BD0F0
S1136070631B984205D8B3FBF0F301339FB2C82FDA
S113608003D9009805B0F0BD012702AB03A8991C01
S1136090FAF784FC03980028F3D00021FAF783FD73
S11360A04FF6FE72431E9342EBD883B2019302ABC8
S11360B003A8991CFAF772FC03980028E1D0002188
S11360C0FAF771FD6428DCD80B4B01991B681A00A0
S11360D0DD641C655E6558325C331770518018703E
S11360E000238EE72000002080C19BE680E9EB1DA1
S11360F018FCFFFF583E0F001C000020F0B52B4F8A
S113610085B0386800F07AFE040000284BD1FAF715
S11361103DFC0300013B9BB20190012B41D802AB33
S113612003A8991CFAF73AFC0398002839D02100F7
S1136130FAF739FD012834D801263500019B85433F
S1136140B34211D1200000F079FC194B1B6840B117
S11361503A331D700321386800F067FE200005B053
S1136160F0BD0533DD77F5E702AB03A8991CFAF718
S113617015FC0398A8B12100FAF715FD012810D8E1
S11361800640200000F05AFC094B1B6830B13A333A
S11361901D70084B1B6844331E70DBE70533DD7745
S11361A0F7E70424DAE70724D8E7C04620000020F4
S11361B01C00002018000020284BF7B5186800F0D8
S11361C01DFE0400002847D1FAF7E0FB431E9BB2F2
S11361D00500012B3ED86B4601A8991CFAF7DEFB9B
S11361E00198002836D02100FAF7DDFC4FF6FE7343
S11361F0421E06009A422DD8012D04D1184B1B686B
S113620018612000FEBD6B4601A8991CFAF7C6FB75
S11362100198F8B12100FAF7C6FC051E1ADD20002A
S113622000F00CFC18B14FF6FF739D4212DC012004
S113623000F004FC08B1FF2D0CDC094F00203B6882
S1136240ADB21E6100F0FAFB3B6808B1DD86D8E709
S1136250DD83D6E70424D4E70724D2E72000002016
S11362601C000020264B37B5186800F0C7FD050058
S1136270002842D1FAF78AFB012802D0042528001D
S11362803EBD6B4601A8991CFAF788FB01980028CB
S1136290F4D00023C35629002D3B5A425341C01861
S11362A0FAF781FC0028E9DB019B1B785BB22D2BFC
S11362B013D1444224B2FDF7F7FE01280FD1230085
S11362C011339BB2202B0AD80E4B00201B681C7282
S11362D000F0B4FB68B901200CE004B2EBE7FDF771
S11362E0E3FE0228CAD1230009339BB21F2BEBD94A
S11362F0C4E7002000F0E0FFC1E70725BFE7C04680
S1136300200000201C000020144B70B5186800F019
S113631075FD0400F8B900F091FB114B114E5D6A54
S113632090B1200000F0C8FF20003368597AA847D4
S11363300500FAF7FDF900220A212800FEF715FAF4
S1136340FAF738FA200070BD012000F0B5FF336879
S11363500120597AEBE70724F4E7C0462000002027
S113636084B900001C000020F0B5324D85B02868C7
S113637000F044FD0400002859D1FAF707FB431E3E
S11363809BB20700022B50D802AB03A8991CFAF762
S113639005FB0398002848D02100FAF704FC264B9B
S11363A0421E06009A4240D8012F13D1234B1B688A
S11363B018602A68107A042201009143012902D14D
S11363C0996000F00BFC0921286800F02EFD2000E4
S11363D005B0F0BD02AB03A8991CFAF7DFFA0398E5
S11363E018B32100FAF7DFFB154B421E01909A42C5
S11363F01BD8022F04D1114B1B681E60D860D8E74C
S113640002AB03A8991CFAF7C9FA039868B12100F2
S1136410FAF7C9FB012808D8084B019A1B68DA600F
S1136420012210401E60D875C3E70424CFE7072477
S1136430CDE7C04620000020FF83D71714000020BA
S11364407FEE36001A4B70B5186800F0D7FC0400D4
S113645000282BD100F0F2FA30B3200000F0E2FE65
S1136460144E154B31681A68144B096950685B6FF8
S113647098473368050014229B5EC217DE0F9842CA
S11364805641F6B2FAF754F901213000FEF759F9F2
S11364902C2003F079FD002204212800FEF765F981
S11364A0FAF788F9200070BD0120D7E70724F9E73F
S11364B020000020140000201C00002084B90000EB
S11364C0194B70B5186800F099FC040038BB012022
S11364D000F0B4FA28BB154D2E6BB047AB68200012
S11364E09847134B1A68EB6850689847200000F0EF
S11364F099FE6B6B0F4898476420FAF70FFD2B6CDD
S1136500200098470500B047FAF712F92200042149
S113651068B2FEF72AF9FAF74DF9200070BD072496
S1136520FBE70424F9E7C0462000002084B90000FA
S11365301C000020FFFFFF00F7B5464E306800F056
S11365405DFC0400002800D081E0FAF71FFA02285D
S113655000D07AE06B4601A8991CFAF71FFA01985B
S1136560002800D171E06B4602229B5E002B00DC08
S11365706BE02100FAF717FB431E0500042B64D8D7
S11365806B4601A8991CFAF709FA019800285CD017
S11365906B4640F2FD1102229B5E5A1E92B28A4261
S11365A053D836220127EA403A4221D11D003D400A
S11365B03B424AD12900FAF720FB002845DB30682A
S11365C0FF220100CC30D23100F088FA0022336877
S11365D0CC331A800022019B9A56E2B91E4B1B68E9
S11365E05D721E4B1A68032353713268137210E0F4
S11365F02100FAF7D8FA0300FF2826D8164AE8B291
S11366001268537233681872154B1B689F6000F050
S1136610E5FA2000FEBD00205A1C01921856FAF734
S1136620DFF907000020019B3F015A1C0192185614
S1136630FAF7D6F933683F185A19D2321770CC33A7
S11366401A8801352DB20132C3E70424E1E7072497
S1136650DFE7C046200000201C0000200C000020C2
S113666014000020F7B51C4F386800F0C7FB040085
S113667000282FD1FAF78AF9002829DD6B469D1CE2
S1136680290001A8FAF78AF9019B0BB30022AB5E3B
S1136690102B1DD126000020019B5A1C0192185674
S11366A0FAF79EF905000020019B2D015A1C019266
S11366B01856FAF795F90F223B6810409B19DD3301
S11366C0FF33054301361D70082EE4D12000FEBDC2
S11366D00424FBE70724F9E720000020002210B57A
S11366E01100654B6548FAF78FF80022644B1100DE
S11366F06448FAF789F80023634A64496448FAF75E
S113670083F80023634A64496448FAF77DF8002358
S1136710634A64496448FAF777F8644B644A654904
S11367206548FAF771F8654B654A66496648FAF7B1
S11367306BF80022654B11006548FAF765F80022F2
S1136740644B11006448FAF75FF80022634B1100B0
S11367506348FAF759F80023624A63496348FAF731
S113676053F80023624A63496348FAF74DF800235B
S1136770624A63496348FAF747F80023624A634967
S11367806348FAF741F80023624A63496348FAF719
S11367903BF80023624A63496348FAF735F800235B
S11367A0624A63496348FAF72FF80023624A63494F
S11367B06348FAF729F8634B634A64496448FAF773
S11367C023F8644B644A65496548FAF71DF80023C9
S11367D0644A65496548FAF717F80022644B1100CA
S11367E06448FAF711F80022634B11006348FAF782
S11367F00BF8002362491A006248FAF705F80023EF
S113680061491A006148F9F7FFFF0023604A6149B2
S11368106148F9F7F9FF0023604A61496148F9F7D3
S1136820F3FF0023604A61496148F9F7EDFF002353
S1136830604A61496148F9F7E7FF0022604B1100A3
S11368406048F9F7E1FF00225F4B11005F48F9F758
S1136850DBFF00225E4B11005E48F9F7D5FF5E4B6B
S11368605E4A5F495F48F9F7CFFF00235E4A19008B
S11368705E48F9F7C9FF10BDD94900002FB60000E2
S1136880914B000035B600002D5100001159000055
S11368903CB600006D4A00007D59000043B600007C
S11368A08D4A00006562000049B6000039560000B8
S11368B0E94B00006963000050B60000ED5700008A
S11368C055510000FD60000056B6000085570000D9
S11368D05CB60000B957000062B60000A54B00008A
S11368E068B60000194D0000595D00006EB6000046
S11368F0614D0000E15D000075B600008D4C0000A4
S1136900295C00007CB60000D14C0000C15C000092
S113691083B6000099500000396500008AB6000073
S1136920094B0000D95B00008FB60000A95100009C
S1136930B961000095B60000E54A00001158000056
S11369409BB60000C1640000B14A0000ED5900008C
S1136950A3B60000456400002D4C00006D5A0000F1
S1136960A9B600006550000075580000AEB60000DE
S1136970714B0000B5B6000061570000BBB60000C3
S1136980AD4E0000C2B60000694F0000C8B600005A
S11369900151000065660000CEB600002D500000D5
S11369A0695B0000D6B60000294B0000CD5E0000F4
S11369B0DDB600004D4B0000395F0000E3B6000077
S11369C009630000EBB60000E1470000F0B60000E8
S11369D0E9510000F6B6000079560000D14D0000E0
S11369E0ED5F0000FCB600003D4E000000B7000063
S11369F010B540F220210548F9F7E4FEFFF76EFEDA
S1136A0018B10348FDF793FEFEE710BD4F210020A7
S1136A1005B7000010B5F9F735FF10BD552243083E
S1136A201340104018180300223A80081040134005
S1136A301B180F2018401B09C0187047034B1B6814
S1136A401B78181A42425041C0B270471C00002003
S1136A5003280DD00AD80138012806D8054B186838
S1136A60008808701B680633136070470438F3E726
S1136A70014BF4E70C0000201000002010B540F298
S1136A80E41200200149F9F77FFD10BDC82500205C
S1136A9070B540F2E415064C2A002100054803F0C5
S1136AA0E4FB2A0021000020F9F76EFD70BDC0460A
S1136AB008C20000C825002010B5074C40F2E412BB
S1136AC021000020F9F786FD40F2EA1322689A4279
S1136AD001D0FFF7DDFF10BDC8250020002310B54D
S1136AE01C00428003809A4202D80480848010BD36
S1136AF0CC54038801339BB2F4E700000022034B1B
S1136B001B685A6001329A607047C0461400002026
S1136B1000220B4B0B491B6819630B491A605A601E
S1136B209A60DA601A615A619A61DA611A625A6289
S1136B309A62DA625A639A63D9631A647047C046E8
S1136B4018000020000080FF7F0080FF214BF7B574
S1136B501C6800232380053363710500FCF724FEC1
S1136B6058B340F6A070FAF7D9F96846FCF730FE3E
S1136B706B465B790BB36B46174E0020185E6B4671
S1136B80376840F2E3160221595E2388BE5DE2189D
S1136B9096715A1C92B2A218061296719A1C92B25D
S1136BA0A2189071DA1C92B2A218081290715A1DA0
S1136BB004339BB2E3182280997125B100216288C5
S1136BC02388934200D3F7BDE018013381712380F9
S1136BD0F6E7C0460C000020200000203E4B0138A0
S1136BE070B51B68042822D803F0CAF8032E214488
S1136BF071000121394A072012685D889268597131
S1136C0044F25051D98052211972110E5972110255
S1136C10090E99721104090ED9721A73190000220F
S1136C202F4E1880C01A4418A4B2A54200D870BDD3
S1136C30FF2A00D10022541CB25C01310A731A8865
S1136C4001321A80E2B2EEE70221002259711900E2
S1136C505888234C1A80C0188142E8D0FF2A00D1FA
S1136C600022551CA25C01314A711A8801321A8033
S1136C70EAB2F1E704225A7145F24552DA80492218
S1136C801A72184A1800126809301100E532DD3111
S1136C90FF31FF320C780131047001309142F9D197
S1136CA00B20190000225D880D4E1880C01A44186C
S1136CB0A4B2A542BBD9FF2A00D10022541CB25C65
S1136CC001310A741A8801321A80E2B2EFE7012016
S1136CD0FFF73CFFABE7C0460C0000201400002087
S1136CE008C100002000002010B5424CF9F720FD37
S1136CF02368D86818B918635863D86318643E4A7F
S1136D00126812780AB9DA631A6400220A21FDF7BC
S1136D102CFD2C2003F038F92368002218680A217E
S1136D20FDF723FD2C2003F02FF923680022586877
S1136D300A21FDF71AFD2C2003F026F9236800220E
S1136D40D8690A21FDF711FD2C2003F01DF92368F1
S1136D50002218690A21FDF708FD2C2003F014F91C
S1136D602368002258690A21FDF7FFFC2C2003F058
S1136D700BF923680022586BDB6A0A2190FBF3F0BD
S1136D80FDF7F3FC2C2003F0FFF8236800223020E9
S1136D90185E0A21FDF7E9FC2C2003F0F5F82368BE
S1136DA000223220185E0A21FDF7DFFC2C2003F0BC
S1136DB0EBF823680022186C9B6B0A2190FBF3F01C
S1136DC0FDF7D3FC2C2003F0DFF8236800223C20DD
S1136DD0185E0A21FDF7C9FC2C2003F0D5F82368BE
S1136DE000220A213E20185EFDF7BFFCF9F7E2FC01
S1136DF010BDC046180000201C000020407A7047D7
S1136E0010B5030072B6BFF34F8FBFF36F8F4068A6
S1136E100422040094435C605B7A0B7062B6BFF397
S1136E204F8FBFF36F8F104010BD030072B6BFF3D6
S1136E304F8FBFF36F8F426804201043586059721C
S1136E4062B6BFF34F8FBFF36F8F704770B5234B9C
S1136E50234E1C683368DB7D73B12248FDF767FC61
S1136E603368002218685B680130C01A0A21FDF7F4
S1136E707CFC1D48FDF75BFC1C4D2B685B7A112BD9
S1136E8003D11B48FAF79EF870BD32685368116845
S1136E90013B53600029F7D0D3B16379012B06D0AD
S1136EA0052B11D00D212868FFF7BFFFECE793688D
S1136EB0013393601A0E62721A02120EA2721A043D
S1136EC0120EE2722373EDE70020FFF73FFEE9E7BD
S1136ED00748FAF777F81021E5E7C0460C000020D0
S1136EE0140000202EB70000D3AD000020000020C5
S1136EF084230020064810B5FDF719FC054B1868DB
S1136F00437A112B02D00B21FFF78FFF10BDC0462F
S1136F1033B7000020000020064810B5FAF752F8F5
S1136F20054B1868437A112B02D00A21FFF77DFF25
S1136F3010BDC046842300202000002010B5044862
S1136F40FAF740F8034B16211868FFF76EFF10BDDF
S1136F507023002020000020F0B5824D89B00293F8
S1136F602B680E000393804B019288331B68040046
S1136F7098477E4F03993B68079044331A780D3144
S1136F800023FF31002A5FD07948FDF7D0FB039B33
S1136F900D33FF330493A3190593059BA34244D1F6
S1136FA02C2002F0F1FF40F206133C68039AD652FB
S1136FB02368049301332360E3680133E3606D4B7A
S1136FC01B681B7A9A1E012A5ED8022B40D12D68B9
S1136FD0002363622362F3000593A362039B0635D7
S1136FE00D33FF330393AB190693069B666A276A36
S1136FF0AB4230D1E369059A9B18E3612369DB193D
S1137000236163699B1963615B4B1B681A7892BBAC
S113701039331B782BB926B1049B23606368013391
S11370206360019B002B50DC31E02378049A022139
S113703013702078FDF785FB049B0134013304931E
S1137040ABE7E25CCA5401339AB29642F9D8AAE794
S11370504A4B1D68BCE7039B083718782B78013529
S11370605840FFF7DBFC039B86193F1A0133666225
S113707027620393B9E70333DB7F2BB926B1049B63
S11370802360636801336360019B002B18DCE36AAF
S1137090019A0133E362636B01999B186363238E46
S11370A01A1C1BB28B4201DD6B469A88638E0199D0
S11370B022861A1C1BB28B4201DA6B469A886286BE
S11370C02D4B1B681B78012B2ED0002302934434D4
S11370D02378C3B1002204210198FDF746FB2C203C
S11370E002F052FF002204210298FDF73EFB2C20FF
S11370F002F04AFF079B002258060421C00FFDF747
S113710034FBF9F757FB1B4B1868437A082B09D05B
S1137110194B1B68197809BB3A331B7803B1073143
S1137120FFF783FE09B0F0BDA36B029A0133A3639A
S1137130236C02999B182364A38F1A1C1BB28B42E5
S113714001DD6B461A89E38F0299A2871A1C1BB2D0
S11371508B4201DA6B461A89E287B8E705330021CE
S1137160DB7FDBE70C00002084B90000180000205E
S113717046B70000200000201C0000201000002062
S113718010B5114C1148FDF7D2FA236844331B782B
S113719013B10F48FDF7CBFA22689368013393606B
S11371A00C4B1868437A082B0AD00B4B1B681A78CF
S11371B03AB93A331B78052103B10231FFF735FEA2
S11371C010BD0533DB7FF6E7180000204BB7000045
S11371D05EB70000200000201C0000200E4B10B5FC
S11371E01B681A68013A1A605A6801325A600B4BDC
S11371F01868437A082B0AD0094B1B681A783AB9E5
S11372003A331B78042103B10331FFF70EFE10BD9E
S11372100533DB7FF6E7C04618000020200000207D
S11372201C00002010B58AB018B1012820D00AB083
S113723010BD1F4B19680B003A331B780890099353
S11372400B000790069039331B7805934B7A04930F
S11372500B0038331B780393CB8E02938B8E0090F4
S11372600193144B8A6A9C690300C96AA047DEE74C
S11372700F4B19684A1DD27F4B1CDB7F09920A1DF4
S1137280D27FCC1C0892002207920692E47F0594D8
S11372904C7A04948C1CE47F0394CC8B02948C8BE6
S11372A00092044A019494694A698969DEE7C046F8
S11372B01C00002084B9000010B58AB018B1012860
S11372C01DD00AB010BD08211B4B1A68D368515653
S11372D00893130007900690059039331B780493A4
S11372E0130038331B780393938E01900293936AAF
S11372F00093124B126BDC690300A047E1E70821FD
S11373000D4B1B68DA68595608921A1DD27FDC1C93
S11373100792002206920592E47F04949C1CE47F69
S113732003949C8B02945C1CE47F01945C6900943C
S1137330024C9B69E469E0E71C00002084B900006A
S113734070B500261C481D4B1D4C03601D4B466147
S113735083601D4B866143601C4B1D4DC3601D4BF8
S11373600361236898470120FFF7A6FF0120FFF778
S113737059FF2968A46F30003C31A04729680120D7
S11373804031A047296804204431A04729680520DA
S11373904531A047296802204631A04729680320C7
S11373A04731A047296806204831A04729680820AA
S11373B04931A04770BDC046982300204D6E00009F
S11373C084B90000596F0000F56E0000817100005F
S11373D01C000020DD71000010B51649164C17483A
S11373E0F9F7C0FD16491748F9F7BCFDFFF700FB94
S11373F0FFF762FBFFF782FBFFF78AFB2068FF229F
S1137400010007300D31FF31FF30FFF767FB2068C3
S11374100D4CFF22811DFFF761FB2368187AFFF7EB
S1137420DDFBFFF78DFF0023206801214360FFF798
S1137430FCFC10BD196F00000C0000208423002008
S11374403D6F00007023002020000020F0B585B0BF
S1137450FCF774FAFFF7C0FF0023012702AAD370D8
S1137460039301930093F9F7EDF808B1FFF7D2FA0B
S11374709E4D9F4C29002068FFF7C2FC002800D1D4
S113748030E1287801381528EDD802F083FC20017A
S11374901D0116002E004B004E00ECFF52005D0053
S11374A08000E200ECFFB700C400C400E200E20088
S11374B0ECFFECFFF100ECFF18018E4D8E4B2A68B7
S11374C0DB68506898472B681F78D7B91A003A329E
S11374D0127800970AB91B6900933800FFF7A2FEDF
S11374E0FFF716FB042223685A72834D00986B6BD6
S11374F0984778B1642811D02B6B984700222368F1
S11375000AE05A1DD27F1AB91B6901270093E4E7E8
S11375100023FAE7072223685A72A4E77748FDF7A5
S113752006F9E9E7744B1B6BE7E7734B1B6B984752
S113753099E7714B1B6B9847FFF7D6FB0020F9F7CF
S113754007FAF9F713F9D9E76A4D6B4B2A68DB6838
S1137550506898472B681F78B7BB3800FFF7ACFE1C
S1137560266802ABD91C03AA307AFFF771FA2B689C
S113757002AA597AD2780B1C914200D9131CDBB2AF
S113758001935F4B1B681A685A600A2373725C4B41
S1137590594D1B689B7DE3B1564E336848331B78C5
S11375A0BBB93800FFF73EFE554B38001B68142169
S11375B05A5E31681B692E694968B04748B90D2184
S11375C02068FFF732FC4EE70120FFF775FE012724
S11375D0C6E7AB6A01990398984766280CD004D88B
S11375E038B1652888D1474899E7672884D1464847
S11375F095E70C2223688FE7444890E73E4B1B6BCA
S113760098473F4B42481B68D968F9F7D9FD404871
S1137610F9F74AFD27E7374E374D3268EB68506873
S113762098473368187880B9FFF746FE0821336815
S1137630DA6858685956236892B25B7A0E2B06D1E1
S1137640EB6B98471722236866E70120ECE72B6F62
S1137650F7E72F48F9F7B6FC274B1B6B98472368CD
S11376605B7A102B00D149E70B2B00D146E765E785
S113767040F2D4132268D358ABB92548F9F7A2FCD9
S11376802448F9F79FFCFCF7E7FD152223685A729A
S1137690C432FF329A5C184B012A0ED1DB6A984738
S11376A0FCF7DCF9DFE640F2E8311A485943F9F710
S11376B087FD1848F9F7F8FCE7E7DB6EEFE70E4BB8
S11376C00433DB6F984739E7FCF7C6F8CBE60020B4
S11376D0F9F73EF9F9F74AF8002223685A72F8F7E5
S11376E0A7FFC0E6044B1B6E9847BCE624000020AD
S11376F0200000201C00002084B900006DB70000A9
S11377001400002081B70000B0B7000095B7000056
S1137710842300207023002010B5FFF797FE10BDCE
S113772010B518B90122054B1A7010BD0228FCD1FE
S1137730034B0448596801F01FFCF6E790C07E40F3
S1137740ECC30000AC27002010B5FFF7E5FF0020D4
S113775010BD30B51D00836949005B690400C95A36
S1137760222031B1E0680B18095A00200433296043
S1137770136030BD030070B5002504000833DB6FCF
S113778005609A6818685269904728006560A5608A
S113779070BD0A2370B58360036C01000133036478
S11377A003000833DC6FC268A36820685D68403159
S11377B00823A84770BD41B1436813B14368022B45
S11377C003D104234360033B83607047F0B585B065
S11377D0019300238377030008330400D86F836880
S11377E00068DD6802AB0733A8470500E0B906006E
S11377F0A37F104F33B901210136080002F086F946
S1137800BE42F5D1230058331A7801990A70BE425A
S11378100DD01A78022A07D01A78032A04D040F22D
S1137820F4151B7859342370280005B0F0BD1425D5
S1137830FAE7C04640420F000223F0B5060085B0C7
S113784002AAD371C268040015004BF6AD678836EE
S1137850336801919B180835436163699D421BD2CB
S1137860019BB3B102AB0422290020000733FFF7C8
S1137870ADFFA0B902ABDB79022B0DD0A16933684F
S1137880CA6828880A3252009B1A834209D22120EE
S113789003E0A36E9D42F1D10020A566256105B0E9
S11378A0F0BD0322EB1D1B1893435A88BA42EED154
S11378B01A884869E1685200691A11521A881D1D14
S11378C0E265CAE710B50400436E0021C360836912
S11378D01A6958690132520002F05EFC002120004E
S11378E0FFF7AAFF10BDF8B504000325836949001A
S11378F05869626E435A26699B18E3671B88221DE8
S11379000B33AB43D367E2689B19B71A4752210084
S11379108831096800205218934205D92000FFF7E6
S1137920D1FF01236560A360F8BD0000030070B5BA
S11379300026083386770400D86F836800689B6844
S11379409847050048B1280070BD0121080002F0E5
S1137950DDF80A4B01369E420DD0A37F002BF4D0F4
S1137960230058331A78002AEDD01B78593440F29A
S1137970F4152370E7E71425E5E7C04640420F00FD
S1137980F8B5436804000020032B22D0261DF56FB0
S1137990202D00D9202527001F372A003800E16F49
S11379A002F063FC0623A36023000833D86F390078
S11379B0836822695B6800689C462B006746B84769
S11379C023695B192361E36F5B19E367F36F5B1B47
S11379D0F367F8BD10B504008369616F1A6901315A
S11379E0914200D9002161675A694800825A002AED
S11379F0F3D0236F8B4207D02000FFF774FF10B938
S1137A002000FFF7BDFF10BD23692000A367FFF727
S1137A10C0FEF8E7F7B50400019308000223A56946
S1137A2011002E6963602066984207D000216B69BB
S1137A304A009A5A12B901318E42F9D2230088338E
S1137A40E7681A68BB189C462B68AD685D196545E4
S1137A5000D06346D2186766E36062618E4215D334
S1137A60083323618BB223676367022805D12000A2
S1137A70089B019A00F00EF8FEBD2000FFF733FFCB
S1137A800028F9D12000FFF77BFFF5E72000FFF77E
S1137A9080FEF1E773B51C000326150002690B3460
S1137AA0A418B4434669B44214D804005034218065
S1137AB00100060048310B80C3684A36D31A33806C
S1137AC00223C5648360606B836800685C68042378
S1137AD0A04776BD0A00009302212B00FFF79AFF0E
S1137AE0F7E770B50500FFF7D5FF04000100280093
S1137AF0FFF761FE200070BD8369F0B51A690500C7
S1137B00013258695200002185B002F045FB002380
S1137B104FF6FF72AB77EA65EB600193AB690199AD
S1137B205A68914201D300243BE02F008837019A20
S1137B303E681B685643F61802AB08223100280041
S1137B400733FFF743FE040058BB02ABDB79022B7B
S1137B5014D102AB310028003A680733FFF736FE30
S1137B600400F0B902ABDB79032B43D13A68920AE3
S1137B7031002800FFF7DAFE040011E04BF6AD6295
S1137B80F3889342F2D1E96899B33A6830680B6894
S1137B90920A9842ECD92800FFF7C8FE0400EE6070
S1137BA044B3EB684BBBAB6929001A689B68883106
S1137BB0D2182B0009680833521AEA609CBB224988
S1137BC02C64D9872900D86FAC77836840315C680E
S1137BD000680823A047040028BBAB7F33BB012106
S1137BE0080001F093FF194B01349C42F5D1142491
S1137BF026E0EE60019B01338FE7212C0ED1012694
S1137C00002301212800AB83FFF716FE040021287E
S1137C1016D0A8B92EB90123AB6011E084B90026AF
S1137C20EEE721240CE0212C0AD1E8E72B0058339D
S1137C301A78012AF3D040F2F4141B7859352B70CA
S1137C40200005B0F0BDC046ADBEFFFF40420F00AE
S1137C50F7B54D688A680700B2FBF5F204000B6AB9
S1137C6081611B6888300837FB6702602548002261
S1137C70606460652000244D903025658D69C96974
S1137C802264A264E26481602100943105600A6088
S1137C909A6803CB12689047060008BBA0602000D6
S1137CA0FFF72AFF050021281CD1330032003100E0
S1137CB020000096FFF7AEFE050058B9A368012B1B
S1137CC01AD00121080001F021FF104B01359D421B
S1137CD0F4D11425FB6F2E009A68186852699047F6
S1137CE03000FEBD0028F5D1E3681B68236400233F
S1137CF06360074B2360F3E76368042BF4D140F21D
S1137D00F415E7E70000ADBEFFFFADBE404B4C00ED
S1137D1045455652F0B584680023250087B000938A
S1137D20037858352B70A3681BB90133A37707B0C8
S1137D30F0BD2B78012B00D0DCE0A06802380828C5
S1137D4000D9B3E002F01CF8058B359FB8B2B2B28B
S1137D50C0002369032504330193236123004833BE
S1137D601B88E76C1A002A40A56002922B420AD1B4
S1137D70A560220039000832D06F82685568019AE4
S1137D800068A84739E0032B0FD826008C3604225C
S1137D900021300002F000FA39003000029A02F0AB
S1137DA064FA37000423A560E3E70422AB43A2602E
S1137DB0DFE7230048331E882500032733008C3572
S1137DC0BB43042200212800A760019302F0E4F9D8
S1137DD03200019BE16C3A40C918280002F045FAD0
S1137DE02269019B29009A1823000833D86F226165
S1137DF0836800685E680423B04701002000FFF731
S1137E00DAFCA368012B00D091E7230090331A68B1
S1137E10002A00D18BE76368002B00D084E0A368BC
S1137E20013B591E8B41DBB204A90B70230094342F
S1137E3098331B6820684B60002877D00378009340
S1137E4043680393030060C960C390472368002B11
S1137E5000D16CE7009A1A70039A5A6067E723000E
S1137E6048331B8821695A189B0700D00A1D052333
S1137E70A360230021000833D86F22618368503146
S1137E805D6804237CE72300210050331A882369AA
S1137E90E265043323614A310888A16952004969C3
S1137EA05052626822B90132A260A3660020A4E79E
S1137EB02000FFF78FFDA0E7231DDB6F2000002BC0
S1137EC0F7D0FFF75DFD98E7230088331A68E3686D
S1137ED0616E9B18636100232377A36F920A236169
S1137EE00B23A36023000833D86F836800689B6862
S1137EF0984782E72B7823B9009B63600123A36032
S1137F00D4E763680098022B05D1A3680B2B02D039
S1137F102000FFF7D7FC23002A7859331A70042372
S1137F206360033BA36068E763687CE708008CE751
S1137F304A6810B50B68C260CA68040082610022F6
S1137F4002749A6841608360126803CB904708B951
S1137F50014B236010BDC04632443E43836810B5D4
S1137F609A6804005268186890470020206010BD89
S1137F700022010010B58368027598681431C46842
S1137F801868A04710BD10B583689A68186894688B
S1137F900422A04710BD0000087830B53F2826D839
S1137FA04B7843F6FF741B02034342F210705BBA32
S1137FB09BB24343642093FBF4F393FBF0F51580E9
S1137FC045435B1B53808B78C9781B02194344F2E9
S1137FD0740389084B4393FBF4F306495B1893FB42
S1137FE0F0F148431B1A00209180D38030BDC0209B
S1137FF08002FBE760F0FFFF062070470620704711
S1138000062070470620704707B50268D3680093BE
S1138010037A591E8B416946DBB20B71517C19B14D
S113802001219174D37407BD9369002BFBD068467A
S11380309847F8E74A68030042608A6801608260F2
S11380400A69C261CA6802620020024A1876DA60CC
S11380507047C04621332C32426803000020506030
S1138060D860704710B500F024F810BD10B500F0CA
S113807038F810BD1FB500F047F805B000BDF8B5DD
S1138080436804005A680020A24211D09D68A66883
S1138090AB68327B1B69B1682868984740B963684C
S11380A022005C60AB68F1695F6903002868B84727
S11380B0F8BDF8B5436804000D0016009F68FFF78B
S11380C0DEFF68B9227E03000AB12B003000636131
S11380D0BB68206132005C68290000233868A0472F
S11380E0F8BDF8B5436804000D0016009F68FFF75B
S11380F0C6FF40B9BB686061206132009C682900FA
S113810003003868A047F8BD7FB5039343680400B3
S11381109E6801AD01910292FFF7B1FF50B9029B35
S1138120019963616B7A30682361B3682A7A9C6829
S11381300123A04704B070BDC36910B50BB108009A
S1138140984710BDF0B5046885B0636800259E6843
S1138150236A01930379023B012B04D9B368306885
S1138160DB68984703356B4661691D7361B15DB97E
S1138170B36822695F6830682B00B8476561256180
S113818030B103236A461373200001A9FFF7D4FF1B
S113819005B0F0BDEFF30380103840B27047416181
S11381A082610020704730B57B25046AA3782B4098
S11381B0A37083789B079B0FD21A02618022CB188D
S11381C0C360A3781343A37083787D3A1340022BD2
S11381D006D14FF600620B881343E381002030BDC3
S11381E00B78E370FAE7F0B50500806A87B08C4637
S11381F0019202ACC8B123000200C2CAC2C3126811
S11382001A60EB691B78036063468360019B03710A
S1138210EB6AC3606B6A9847AB6A23B123CC23C370
S11382201A002368136007B0F0BD2000E9E770B5B9
S113823014000D000600100001F010FD200001F0F4
S1138240BBFC32002900200001F0D6FC70BD000008
S1138250F8B500260B785F4A06709B185B01036231
S11382604B69C16143628B698662C3624A780D00BF
S113827053425A410321837801328B4313430B2227
S11382808370AA56A97A0400FFF7D1FF05222000C3
S1138290AA562979FFF7CBFF07222000AA56A9790D
S11382A0FFF7C5FF09222000AA56297AFFF7BFFF6E
S11382B0EFF31087012383F310882878464B844614
S11382C0802062460006D0405968814359605B684B
S11382D087F310880122297840F20F208A40236A0C
S11382E09E701E715E729E72DE725E83024201D0C7
S11382F04022DA7406221A7709B9384A9A82AA788F
S1138300E97868781201C9000A43032847D140215B
S11383100A43B231D2B2C9B21A709971022120262D
S1138320FF20ED692A7B52000A405A736A78A978C3
S1138330D2014901314002400A4300212E781972CA
S1138340B11E012930D85870022E01D110210A43E0
S1138350D2B200270520DA71E369E760276167611B
S1138360A761185601F072FC0B20E369185601F05E
S11383706DFC0720E369185601F068FC0920E369E5
S1138380185601F063FC0323226A1E406D33334305
S113839093706B8938002381114B6360F8BDE2212F
S11383A00028B7D01031B5E703276968D2B2DA7173
S11383B08A7848785A701A783840BA4302431A7057
S11383C0CA789A740A785C21D8790A4088430243AF
S11383D0BFE7C04600380002FC6F044000F8FFFF0E
S11383E05549435370B5FFF7D5FE040001F0E4FB93
S11383F0184BA400E058C3691B69FBB90169056AFD
S113840059B97F23016A8A781A407B3B13438B70E6
S11384100021436AC160C3B970BD03248378C26874
S11384201C40022C0ED14FF6006614883443EC81B4
S11384309B079B0FC91AD2180161C2600369002B04
S1138440EAD1DEE71478EC70F2E78022FFF7CBFE86
S1138450E2E7C0463C2A002013B5FFF79BFE040068
S113846001F0AAFB174BA400E4580323A278216A65
S11384701340022B09D1098AC905C90DA3690191C9
S113848033B9636A0422C3B913BD4979C9B2F5E7A4
S11384909207920F01A9606901F0E7FEA37862696F
S11384A0A1699B079B0FD218C91A6261A1610029B7
S11384B0EAD1636A002BE7D001222000FFF793FE84
S11384C0E2E7C0463C2A002010B5FFF763FE7B219B
S11384D0084B82000400D058026A93780B409370D2
S11384E0436A1BB102220021FFF77DFE200001F048
S11384F063FB10BD3C2A002070B5FFF74BFE134B05
S113850082000400D058032382781A40036A022AA6
S113851018D1198AC905C90D38221D792A40ED06DA
S113852004D51D7FED0701D440252A4338261D7943
S1138530B5431D71436A0BB1FFF755FE200001F0EE
S11385403BFB70BD5979C9B2E6E7C0463C2A00201E
S1138550EFF30380103840B270474369C269934215
S113856006D2C268816802B1D25C0133CA70436129
S11385707047F0B50500406A85B08C4601AC90B1F7
S113858023000200C2CAC2C36B681B78036063463F
S11385900371AB6A83602B6A98476B6A0BB123CC77
S11385A023C305B0F0BD2000EEE7F7B5856801935D
S11385B00400A878302784460600634608203E401D
S11385C03B422ED1019BE16061686661A661E36173
S11385D00E692261983032B1030016B9486900B9B6
S11385E0803B50201843AB780343DBB2AB70BEB979
S11385F04B69ABB9A2B10120085601F02FFB200052
S1138600FFF7ABFF65686B7A012B05D1E369012B9A
S113861002D92000FFF7A1FF0120285601F00AFB30
S11386200020FEBD10B5FFF7C0FF10BD0B78484A0F
S1138630F0B59B185B0183608B69416003620C0099
S1138640CB6900218362416205008020226A87B0E1
S113865053789B079B0F184304900220105693787D
S11386600391FF310291002802DA02930423039359
S1138670637A012B62D000230193A07AE17A012866
S113868060D109B940310B43617B40F2EA0C09B176
S113869040F2E20CEFF31087012181F310882D4999
S11386A0267848680590300080263606C64005982E
S11386B0B0434860496887F310880026A968127897
S11386C08E700879842008712348DBB2888268465A
S11386D0007C08706846007988706046C0B2887172
S11386E04A706A46127A01208A746A46127BCA71F9
S11386F04B7340230E724E728E72CE724E83CB74C5
S11387003E3B0B772A006179205601F0B7FA02202C
S11387102A00A179205601F0B1FA03202A00E17958
S1138720205601F0ABFA04202A002056217A01F0E9
S1138730A5FA3000094B2B6007B0F0BD02210523D8
S113874001919AE7012901D080219CE7C0219AE791
S113875000380002FC6F044000F8FFFF5349435304
S113876010B5FFF7F5FE040001F026FA094BA4004A
S1138770E4582000FFF7F1FE6269E3699A4208D1E8
S1138780236933B9A1687B338A781A40773B134352
S11387908B7010BD3C2A002010B5FFF7D9FE0400F1
S11387A001F00AFA0D4BA400E4582000FFF7D5FEAF
S11387B0A369E269934205D2A168581CA0612269A9
S11387C04979D154A269E3699A4206D13B23A1684D
S11387D08A781A40373B13438B7010BD3C2A002023
S11387E010B5FFF7B5FE03210400074B8200D058F3
S11387F0826893780B4093700239FFF7BAFE200029
S113880001F0DAF910BDC0463C2A002010B5FFF78C
S11388109FFE0321084B82000400D05883689A7895
S11388200A409A701A79842201311A71FFF7A1FE65
S1138830200001F0C1F910BD3C2A0020EFF30380B1
S1138840103840B2704741600272002070474163A3
S1138850C263836300207047C368034A00209B18E7
S11388605A4253410B707047BDCDB6AC0269030048
S1138870F021002030B590709070D1721A00190068
S113888030321862023A90702A3110700978023A34
S11388901170DA69D8605A62EFF31081012282F311
S11388A010881B68054A1D7880231B06EB4054681A
S11388B023435360536881F3108830BDFC6F044038
S11388C0010000222C3170B50A70C36904000362F0
S11388D003000500060042622A331B782F352B342F
S11388E0333623702A70AA70327002002D32127847
S11388F002350AB101222A70B4220569AA70020065
S11389003032167816B95123EB7270BD00261670FA
S1138910012B07D128300278013BEA702370012330
S11389200B70F2E72930F6E710B504002E342370FB
S1138930C261027A8161012A0BD10300002129332B
S113894019700100436828315B000B7003002A335F
S11389501A70030000242D331C70FFF7B1FF2000B0
S113896010BD0000F8B500260B782E4A01609B1854
S11389705B0103618B68040043600B7B0D00037291
S1138980CB6943630B6A8663C363EFF310870123E8
S113899083F310882878244B84468020624600069E
S11389A0D0405968814359605B6887F31088F02090
S11389B0032723680122596A23699E70D872887834
S11389C038401870FA20987148780F785870202031
S11389D0BF003843C0B2D87148791872C878987407
S11389E009790F20C9000A43D2B25A7223229A721B
S11389F05E73697B2856220001F040F91020697BE0
S1138A002856220001F03AF923002D33A661E661CD
S1138A10266266621E705E709E70DE70034B3000CC
S1138A20E360F8BD00380002FC6F04404332495350
S1138A30026903000020F0219070D1721A0019001D
S1138A4030321862023A90702A3110700978023A72
S1138A501170DA695A62704710B504002E3423701D
S1138A60C261027A8161012A0CD1030000212933F9
S1138A7019700100436828315B0013430B70030035
S1138A802A331A70030001222D331A70FFF718FFDE
S1138A90002010BDF7B50500806B6C4668B123005B
S1138AA00200C0CAC0C3EB6B017103606B6B9847D3
S1138AB0AB6B0BB103CC03C3F7BD2000F3E700009D
S1138AC070B5FFF7BBFE01F077F8FFF7B7FE3C4B3C
S1138AD08000C3581A69117BC907C80F002950D1F7
S1138AE01C001D002C342A3521782D788D4213D09A
S1138AF018002D30007820B1022902D15223D372FC
S1138B0009E01800283000782B33D0701A7801312E
S1138B10013A1A70217070BD196A41B31C002D34DA
S1138B2024784CB95A6A98690139805C0132196217
S1138B305A621B69D870EEE71C00313425784DB1B8
S1138B402070012904D120211A699172FF20F0E7D5
S1138B509072FBE7507999695A6A88541A6A596A7B
S1138B60013A01311A625962012AEFD1EBE7190087
S1138B702E31097891B15221D172012230331A7009
S1138B80C9E719002D31097819B119003131097873
S1138B9031B1002119622F33013119705423AEE72A
S1138BA0507999695A6A88541A6A013A1A625A6A57
S1138BB001325A621A002E3211781A69DAE7C04675
S1138BC03C2A002070B5FFF739FE0821294B8000AC
S1138BD0C0580369DA7A8A43DA7202002F321178B4
S1138BE0CAB229B1F0220121DA72FFF753FF16E06D
S1138BF0010004002A312C340D7821788D4222D0D2
S1138C00A1B90200012D0FD12832127800252B3092
S1138C10DD72DA7003780131013B03702170FFF7D4
S1138C200DFE00F0C9FF70BD2932EEE705002D35B9
S1138C302D78002DEAD00229E8D1020029321578D6
S1138C4001222A43E2E7026A002AE8D101002D3119
S1138C500C780321091B040030342478C9B20CB108
S1138C60DA72C2E7F0223024DA729A78A2439A7058
S1138C70BBE7C0463C2A002070B50400012001F087
S1138C803DF8194A1378DB06DD0F002BFADB207858
S1138C9002000300E0B12B001449032812D1226919
S1138CA0134B1A605042424140F20020E37DA57DFF
S1138CB05B0013430A5A520A52022A430A52207D85
S1138CC00C4A107040F2A012A068885048F20002CA
S1138CD0094992B28A81094ADBB20120137000F07B
S1138CE0E7FF002070BDC046AAE0014000600040DC
S1138CF098E0014094E0014000E0014092E001402E
S1138D0010B5040008006160FFF7B6FF08B9014B15
S1138D10236010BD4D504C5270B50500194A1378AC
S1138D20DB06FCD4012000F0E9FF174B9A89174BAE
S1138D30D20B012A0FD1164AD27F1978D2B2C907B1
S1138D4009D50524C2B9134A1278012A14D1124A4A
S1138D501278012A10D16A681278032A04D119788A
S1138D60833A0A431A701A78BFF34F8F30BF7F21BA
S1138D7000241A780A401A70012000F099FF20009C
S1138D8070BDC046AAE0014000E0014092E001400D
S1138D9007E0014038E0014032E00140EFF3108089
S1138DA0012383F31088064B196819B9054AD17059
S1138DB04031D1701A6801321A6080F3108870470C
S1138DC0382A0020000D0440EFF31081012383F3BF
S1138DD01088074B1A6812B11A68013A1A601A68A7
S1138DE01AB9044BDA708032DA7081F31088704754
S1138DF0382A0020000D044003000020186070474A
S1138E000B0A1B01C9B25B1803499B005B58002085
S1138E109B07DB0F1370704700080440034B090ADB
S1138E204901C9184B6800201380704700000440B2
S1138E300548090A49010918180090430004134021
S1138E4003438B6000207047000004400123C8B234
S1138E50834000209BB20AB918001300044A090A8F
S1138E604901000418438918886000207047C046EF
S1138E70000004400648090A49010918180010B501
S1138E800C6810402043934398430860002010BDB1
S1138E9000000440044B090A4901C9184B6800202A
S1138EA01B0C13807047C0460000044008480B0A9E
S1138EB05B011B1858680123C9B28B40000C99B29E
S1138EC003405B1A59424B41002013707047C0465F
S1138ED0000004400548090A490109181800904394
S1138EE0000413400343CB6000207047000004409B
S1138EF010B501240B0AC9B28C4007485B011B184A
S1138F00D9682004012A04D1814321430020D96077
S1138F1010BDA1430143F9E700000440030A70B502
S1138F20C0B2084D1B01CA0307D51A189200AE58E7
S1138F30054C26400C40AE50AC501B189B00E95029
S1138F4070BDC04600080440FFFFFEFF70B5050079
S1138F500024FFF723FF2B88A34202D8FFF734FF36
S1138F6070BD6B68E2009B18988819680134FFF79C
S1138F70D5FFA4B2EFE7000010B5034B036008006F
S1138F80FFF7E4FF002010BD54524F5010B5080005
S1138F90FFF7DCFF002010BD70B515000C00FFF7D3
S1138FA0FDFE29002000FFF7B9FFFFF70DFF0020A9
S1138FB070BD0000F7B50400022040F200350856E9
S1138FC0134B82002071D2185359114F019300237F
S1138FD0BC468E685351A660CE68E6600E78667112
S1138FE0BB550B79CF781B013B434F79FF013B43C2
S1138FF06746DBB2BB55019B5351002803DB2200BB
S1139000497800F0F9FD034B00202360FEBDC04603
S1139010006000405543490010B5007940B200F0AB
S113902015FE002010BD000073B5EFF30384103C5F
S11390300E4B64B2A200D5580D4A6B790126D35C5D
S11390409B079B0F032B03D0200000F0B5FD0026E7
S1139050AB682BB16A7968460192EA680092984736
S113906016B1200000F0A8FD73BDC0463C2A0020C4
S11390700060004043F6B073044A0020D35A8122B2
S113908013405A1E93410B707047C04600C07E4087
S11390900620704706207047062070470620704758
S11390A00A0010B5034B11CB11C2034B11CB11C2F3
S11390B0002010BD30C9000018C900000620704708
S11390C0062070470620704706207047C36A0D4A81
S11390D010B59A180133C362036B816A013B0363C1
S11390E0094B4C1C84621800140CFE3092B244826A
S11390F042811A000978FC3251638122FF335A7588
S113910010BDC0460000F0BD00C07E4041430329AD
S113911003D9890801390029FCD1704744F600338A
S113912013B5A522019340F28013F7210F4CE250AE
S11391300F4B9D3A5A7059705A705B78934200D124
S1139140C04681681020FFF7E1FF43F6B072094B77
S1139150A352A35A98B203B916BD019B1BB1019B3C
S1139160013B0193F5E71420F6E7C04600C07E40BA
S1139170FFC07E4000AAFFFF13B5104901900B6B9E
S11391805B0612D57F240E4B5A7D22405A7500226D
S11391905A7501900B6B5B06D80F002B08DA019B04
S11391A02BB1019B013B0193F4E7019B0BB9142004
S11391B016BD019B013B0193E1E7C046FCC07E4024
S11391C0FFC07E40002310B5036043681120185689
S11391D00300213301D000F041FD002010BD062022
S11391E070470620704700002D4B70B519682D4D4F
S11391F00B000200286A2C4C4001400F8340C340FE
S11392002A48D360834207D8A34205D02848834222
S113921002D02848834240D1286A274D4001400F9C
S11392208140C14025481B18B3FBF4F0AB4202D97E
S113923001230340C018214BD060C918B1FBF4F1DD
S113924040F2835306204B43B3FBF0F3136140F227
S113925076334B43B3FBF0F3536158234B43B3FBD7
S1139260F0F39361164B91604B43B3FBF0F3D3617E
S1139270144B4B43B3FBF0F31362134B4B43B3FB5D
S1139280F0F35362114B1A78012A01D1002070BD0A
S113929001221A70FFF73AFFF8E740F2F610F6E7FA
S11392A0882A002000E0014040420F00FF083D00F2
S11392B080841E00C0C62D003F8AF7013F420F0084
S11392C0B86A0500C0B0070068ED220090C07E4077
S11392D043F6B07370B5114A114D8168EA52040027
S11392E00620FFF713FF40F28013A522EF21EA5076
S11392F00C4B953A5A7059705A705B78934200D16E
S1139300C0460320A168FFF701FF63681A781AB109
S11393101120185600F09AFC70BDC04680AAFFFFC9
S113932000C07E40FFC07E4070B50400FFF7D0FF50
S1139330E3683F2040F2D81209491F2B0BD9203B88
S11393405B081F338D58034085432B4320008B500B
S1139350FFF7E4FE70BD1F25013B2B408D58F3E75A
S113936000C07E400A7810B50B00040041602AB1A9
S113937011202200097C185600F03EFC2300002234
S11393803C3320001A70FFF72FFF28B92000FFF7A5
S1139390CBFF08B9014B236010BDC0464E45504F6A
S11393A010B50400FFF720FF10B92000FFF7BCFF41
S11393B010BD0000030000223C3310B51A7043F6C0
S11393C0B073074A0400D35A0BB9FFF781FF012297
S11393D0044B20009A6200229A62FFF79FFE10BDA0
S11393E000C07E40FCC07E40F8B5050008001600B1
S11393F01F00FFF7C1FE0400142804D12800FFF762
S1139400D9FF2000F8BD40F2F0133400044AD358C9
S11394101C401E42F5D02800FFF7CCFF3C00F0E7CB
S113942000C07E4010B5FFF7C5FF002010BD00004E
S1139430F7B5070000263C373E7004001500019183
S11394400093FFF745FF1C4B019A9C461B481C499F
S1139450624446716B1E160C4E829B18194E92B2D2
S11394604A811A0C9BB272624B83832343756368EF
S11394701B784BB10523009A3B70033B1370A3691F
S1139480A36300252800FEBDA16940F2F8136943D7
S113949010222000FFF7A8FF050040B9F36A009AE4
S11394A01B07DB0F20001370FFF738FEE9E72000ED
S11394B0FFF780FFE6E7C0460000F0BDFFC07E4036
S11394C0FEC07E40FCC07E4070B503634368C26248
S11394D01E78002533005A1E934102009B003C3243
S11394E081621370436904008363FFF7F1FE0D4B3F
S11394F05D71236B63B99DB92000FFF70FFE0FE088
S1139500182312222000A16BFFF76EFF0500F0E77D
S113951035B92000FFF7DAFD002EF1D01223636382
S1139520280070BDFFC07E40F7B507000025040089
S113953016003C373D700191FFF7CAFE019B1A4AA1
S11395409B0A1A499B029B18A36226634D71190C4E
S11395508C466046B2021649013AD2189BB2488240
S11395604B81130C9C466046124B92B25862842382
S11395704A830E4A537563681B786BB9216A1122BA
S1139580200071431933FFF72FFF050010B92000A5
S1139590FFF7C4FD2800FEBD01233B701033636355
S11395A0236AA363F6E7C0460000F0BDFFC07E4017
S11395B0FEC07E40FCC07E4030B585B0EFF303842E
S11395C0103C64B2200000F0F7FA1D4BA400E458EC
S11395D0A06BFFF7D1FD142808D040F2F013194A0C
S11395E0616BD2580B001340114212D02000FFF7D8
S11395F0E1FE0723200001AD2B70FFF78FFD6268A9
S11396005368A3B1D26828000392002202929847BB
S11396100DE022003C321278012AEBD0042A08D152
S1139620226B0123002AE5D02000FFF74FFD05B08F
S113963030BD054BDB6A1B07DB0F0233DAE7C0469C
S11396403C2A002000C07E40FCC07E40054A030046
S113965010600A6882604A68C2600020024A58604A
S11396601A607047F829002043474300034B8000E9
S1139670C35819701A788A42FCD1704794C9000003
S113968048F2000110B5154B154A1B781268DBB27D
S11396908A4210D113490978E1B113490978C9B153
S11396A012490978B1B1EE21C905084212D104204A
S11396B000F0A8F910BD1BB10D4B1840984204D11D
S11396C00C4B9A4201D80320F2E70B4B9A42F1D893
S11396D00120EDE7002BEFD1F5E7C04640E0014063
S11396E0882A002036E0014038E0014032E00140A1
S11396F00404000480841E0000366E0110B50C00C2
S1139700002000F0FBFA01212000FFF7AFFF00204A
S113971000F0CEFA012000F0F1FA044B186AFFF7CA
S1139720AFFF012000F0C4FA002010BD00E00140AA
S113973010B5012000F0E2FA002000F063F90020E7
S113974000F0DCFA10BD000010B5002000F0B0FA03
S1139750034B186AFFF794FF012000F0A9FA10BD2B
S113976000E0014010B50C00FFF7E2FF20000021EB
S1139770FFF77CFFFFF7E8FF002010BD8368027B42
S1139780180008300AB10C331800012103785A0874
S11397900A400B409342F9D10020704743680161AD
S11397A01B7C064A9B009950027B836801390AB1ED
S11397B01960704789B21980FBE7C046FC29002074
S11397C0F7B50026416006730B7C2E4A1B029B18DA
S11397D004000D008360EFF31087012282F31088E8
S11397E02949C8680190287C844603206246801A6F
S11397F00122824001989043C860CA6887F31088A8
S11398001E721A7A9207D10F002AFADB9972A368A2
S1139810227B180008300AB10C331800EB69DA789F
S11398201F791E7807231A40019226BB2B7A190050
S11398301BB102234B4031001B010026019AC9B21F
S11398401A43D2B207718671427081702000696830
S1139850FFF7A4FF12202856B04203DB2200697CE4
S113986000F00CFA00206B696361AB69A061E361ED
S1139870064B2360FEBD00213300502EDDD0297A33
S1139880DBE7C04600400840FC6F044054474100F9
S113989010B50400FFF772FF38B9A268217B1300EA
S11398A0083301B10433F0221A7010BD10B504005E
S11398B0FFF764FF30BBA268217B1300083301B1BA
S11398C00433F4221A7000221A7163689B7C5BB221
S11398D01A00213214D0002B0CDB1F215A090B4033
S11398E01E39994020329300074A9950BFF34F8F95
S11398F0BFF36F8F6368054A9B7C5BB29B009C50EF
S11399000023236010BDC04600E100E03C2A002093
S113991070B50400FFF732FF050080B9A368227B0D
S11399201E0008360AB10C331E0063681B78012B35
S113993003D120002169FFF731FFF12333702800A0
S113994070BD0000F0B587B0EFF30384103C64B23F
S1139950200000F031F91D4BA400E458A368227BD9
S11399601D0008350AB10C331D0062682B7812788B
S1139970DBB29C46012A05D1F4222A70E53A9343CE
S11399809C462B7063690193BBB1A069D8B103AB4A
S113999019000200C8CAC8C163469B0601D500234A
S11399A00371E3690360019B9847A36913B103AA98
S11399B051CA51C32B78DBB29C460F226346134035
S11399C02B7007B0F0BD03A8E6E7C0463C2A002090
S11399D0094B1A7882420DD0084A12781AB90849FC
S11399E00A78D207FCD51A78D206FCD418701A78F3
S11399F0D206FCD47047C046A0E0014036E00140E6
S1139A003CE0014010B50C4B042808D11A78D2066A
S1139A10FCD401221A701A78D206FCD410BD1A782C
S1139A20D206D10F002AFADB19701A78002AFCD169
S1139A30FFF7CEFFF2E7C046AAE00140064B074914
S1139A40DA1DD27F1B6A920052585B015B0FDA4029
S1139A501300034A1360704700E00140A01800207F
S1139A60882A002040F2FE3370B5184A184C0126AB
S1139A70E25243F6C873174A0025D654164B174AC8
S1139A80DD601A60164A1D615A6048F200029A604D
S1139A90FFF7D4FF40F280432800E654FFF798FF15
S1139AA0104B114A1D701378DB07FCD500220F4BB5
S1139AB023620F4BDA77FFF7C1FF0120FFF7A2FF04
S1139AC040F2FE330B4AE25270BDC04603A5FFFFCD
S1139AD000E0014000C07E40A01800200048E801DA
S1139AE000127A0036E001403CE00140020200022C
S1139AF007E0014000A5FFFF0022014B1A707047E8
S1139B002840044001380028FCD170474143174BDA
S1139B1070B540F2E83208001E680C0000230021F2
S1139B2000F042F9124D134AB5FBF6F559B9B0FBF2
S1139B30F5F00423964200D90233B0FBF3F008B1E8
S1139B40FFF7E0FF70BD0423964200D902335D4362
S1139B5040F2E832B4FBF5F00023002100F024F9D0
S1139B600029ECD001204042EAE7C046882A0020C0
S1139B7000CA9A3B0048E801F8B540F240130024BB
S1139B8001270A4E0A4A758CD35A1D402B00E34024
S1139B903B4206D0074AA3009B181B680BB1E0B2F6
S1139BA0984701340D2CF1D17586F8BDFE60004054
S1139BB000600040042A0020044BC0308000C258DA
S1139BC003490A40C250C3587047C0460060004071
S1139BD0FFFFFEFF10B50400FFF7EEFFBFF35F8F3A
S1139BE01F22630914401E3AA240024960339B00BD
S1139BF05A5010BD00E100E0F7B5FF270192830839
S1139C000A4A03269B009B183A0040F2003506409E
S1139C10F6008901B2403940B1405C598000944358
S1139C200C435C51019A024B1A50F7BD00E100E06D
S1139C303C2A00201F22430910401E3A8240024958
S1139C409B005A507047C04600E100E010B5040084
S1139C50FFF7C0FF2000FFF7EDFF10BD1F224309EF
S1139C6010401E3A8240044920339B005A50BFF3EF
S1139C704F8FBFF36F8F704700E100E010B5040011
S1139C80FFF7BAFF2000FFF7E1FF10BD00230648ED
S1139C90064A9A18117819B11A00C032920011506C
S1139CA001330F2BF4D170470060004078C80000E6
S1139CB030B5EFF31082012383F3108898400B49E9
S1139CC0435A1BB10B5A013B9BB20B520B5A53B96B
S1139CD040F2FE31064C074B655A185A064B2B438B
S1139CE083439BB2635282F3108830BD782A0020EC
S1139CF000E00140A8C9000000A5FFFF70B5EFF324
S1139D001081012383F3108898400A4A835A53B977
S1139D1040F2FE34084D094E2B5B865B33434AF216
S1139D20005633432B53135A01339BB2135281F31E
S1139D30108870BD782A002000E00140A8C9000006
S1139D40030010B503240A4A0A4811680333A343E5
S1139D5008185B1841F200018B4206D900F07CFA26
S1139D600C2303600120404210BD1360FCE7C04691
S1139D70842A0020A000002000BE70477047000025
S1139D8002B4714649084900095C49008E4402BC8A
S1139D907047C04603B47146490840004900095E53
S1139DA049008E4403BC7047F0B54FF6FF750400BC
S1139DB0CE462C40474615400E002900994680B5F2
S1139DC0130C0700000C61434543584363430C0CD8
S1139DD05B19E4188C46A54203D980235B0298469C
S1139DE04044230C61461B184FF6FF700840494657
S1139DF056437943240489192018C918C0BCB946AC
S1139E00B046F0BD002310B50400036043608360D6
S1139E1081814366C2810361436183611900082221
S1139E205C3000F0B9F90B4B246263620A4BA36205
S1139E300A4BE3620A4B23630A4B9C4205D00A4B4C
S1139E409C4202D0094B9C4203D12000583000F0C0
S1139E5009FA10BD01A1000029A1000061A10000C0
S1139E608DA100008C2A0020F42A00205C2B002005
S1139E7010B5034A0349044800F06AF810BDC0460F
S1139E804000002099A500005000002041680B4BC1
S1139E9010B50400994201D000F07EFBA168084B84
S1139EA0994202D0200000F077FBE168054B99420B
S1139EB002D0200000F070FB10BDC0468C2A0020A8
S1139EC0F42A00205C2B002010B5094B094A042118
S1139ED01A6009480022FFF795FF0122092107486B
S1139EE0FFF790FF022212210548FFF78BFF10BDF8
S1139EF0C42B0020719E00008C2A0020F42A00202C
S1139F005C2B002010B5024800F0ADF910BDC0462E
S1139F10CD2B002010B5024800F0A6F910BDC046B4
S1139F20CD2B002010B50400FFF7ECFF236A13B11A
S1139F30FFF7F0FF10BD044B2362044B1B68002B9A
S1139F40F6D1FFF7C1FFF3E78D9E0000C42B00207C
S1139F50F7B51400002600900191A5686768013FD9
S1139F6004D52468002CF8D13000FEBDAB89012B48
S1139F7008D90E22AB5E013304D029000098019B5E
S1139F80984706436835EAE710B5034B01001868A3
S1139F90826800F091FB10BD4C000020F0B51D005C
S1139FA0554B85B01E6804000F00009226B1336A39
S1139FB013B93000FFF7B6FF009B022B05D0012B2D
S1139FC000D996E0002D00DA93E0636EDB0705D438
S1139FD0A3899B0502D4A06D00F045F9210030004F
S1139FE000F0DAFA616B41B123004433994202D0A4
S1139FF0300000F04BF9002363630023A361636026
S113A000A3891B0603D53000216900F03FF9A38919
S113A0103A4A1340A381009B022B60D003AB21007A
S113A020300002AA00F0E0FAA3890343A3812DBB08
S113A030029D280000F072F901950700002848D11C
S113A040029B0193AB423ED101256D420C22A35EDB
S113A05002221A43A2810022A26022004732226017
S113A06022610122616E6261114204D19B0502D416
S113A070A06D00F0F9F8280005B0F0BD002FD8D08D
S113A080336A13B93000FFF74DFF009B012B03D156
S113A090A389009A1A43A2810C22A35E0822190004
S113A0A0276027616561114013421CD0DA0718D577
S113A0B000226D42A260A561626ED20701D49B05A5
S113A0C013D50025D7E7019800F028F907000028E8
S113A0D0BAD08023A289019D1343A381D0E7002530
S113A0E0B4E7A560E8E7A160E6E7A06D00F0BCF87E
S113A0F0E7E701256D42BEE74C0000205CF3FFFF5B
S113A10070B50C000E25495F00F082F8002803DBCF
S113A110636D1B18636570BDA389024A1340A38154
S113A120F9E7C046FFEFFFFFF8B51F008B89050074
S113A1300C001600DB0505D50E23C95E00220223A0
S113A14000F054F8A389054A28001340A381320083
S113A1500E23E15E3B0000F06DF8F8BDFFEFFFFF5A
S113A16070B50C000E25495F00F040F8A389421C2D
S113A17003D1054A1340A38170BD41F20002134389
S113A180A3816065F8E7C046FFEFFFFF10B50E231B
S113A190C95E00F01BF810BD03008218934200D181
S113A1A0704719700133F9E730B5050010005AB152
S113A1B00024013A2B5D085D834204D1944202D00D
S113A1C00134002BF6D1181A30BD0000002370B5FD
S113A1D0054D040008002B6000F0E2FB431C02D193
S113A1E02B6803B1236070BDC82B002070B5040038
S113A1F0080011001A000023044D2B6000F0BFFB7F
S113A200431C02D12B6803B1236070BDC82B00200E
S113A21070B50400080011001A000023044D2B60DF
S113A220F9F768FB431C02D12B6803B1236070BDAE
S113A230C82B002070B50400080011001A00002388
S113A240044D2B60F9F748FB431C02D12B6803B182
S113A250236070BDC82B0020014B18687047C046AE
S113A2604C000020704770477047002310B59A4295
S113A27000D110BDCC5CC4540133F8E70023C25CA8
S113A2800133002AFBD1581E7047000070B5050049
S113A2900C0079B1043C2368002B00DAE418280090
S113A2A000F0E8F81C4A13682BB9636014602800B6
S113A2B000F0E8F870BDA34208D9206821188B4249
S113A2C0F3D119685B6809182160EEE71A005B682E
S113A2D00BB1A342FAD911685018A0420BD12068DF
S113A2E00918501811608342E1D118685B6841185D
S113A2F011605360DBE7A04202D90C232B60D6E740
S113A300206821188B4203D119685B680918216001
S113A31063605460CBE7C046D42B002010B5034BD8
S113A3200100186800F026F810BDC0464C0000205B
S113A33070B50F4E0D003168040011B900F0A8FA91
S113A34030602900200000F0A3FA431C03D101254A
S113A3506D42280070BD0323C51C9D43A842F8D05C
S113A360291A200000F094FA0130F2D1EFE7C04638
S113A370D02B0020F7B50322CB1C934308330500F0
S113A3801F000C2B34D20C27B94233D8384E280086
S113A39000F070F833681C00002C2FD1390028001D
S113A3A0FFF7C6FF0400431C5FD134680094009B90
S113A3B0002B4AD1002C52D023682800E3180099BE
S113A3C0019300F065FA019B834248D12368280079
S113A3D0FF1A3900FFF7ACFF013040D02368DB19C6
S113A3E0236033685A68002A33D1009B336019E034
S113A3F0002BC9DA0C232B600020FEBD2168C91B89
S113A40020D40B290AD9E2192760A34204D132606F
S113A41063681160536005E05A60F9E76268A3421B
S113A4200ED13260280000F02DF8200007220B30F6
S113A430231D9043C21A9842DFD01B1AA350DCE7B5
S113A4405A60EFE723006468A6E7009C6368009302
S113A450ADE71A005B68A342FBD10023DAE70C23C3
S113A46028002B6000F00EF8C6E70760DAE7C04664
S113A470D42B002010B50248FFF7F5FE10BDC046EE
S113A480CC2B002010B50248FFF7EEFE10BDC046ED
S113A490CC2B0020F7B50C228B5E05000C001A07AC
S113A4A053D44A68002A02DC0A6C002A4BDDE76AAE
S113A4B0002F48D0002241F200002E682A601A00C2
S113A4C0216A0240034230D0626DA3895B0705D53F
S113A4D06368D21A636B0BB1236CD21A0023280071
S113A4E0E76A216AB847A289431C06D129681D2955
S113A4F044D8284BCB40DB0740D500236360236955
S113A5002360D20404D5431C01D12B6803B96065D0
S113A510616B2E60B9B123004433994202D0280004
S113A520FFF7B4FE002363630DE001232800B8475E
S113A5300200431CC9D12B68002BC6D01D2B01D0AF
S113A540162B1AD12E6000201EE00E69002EFAD0C0
S113A5500F680E60BA1B019200229B0700D14A6962
S113A560A260019B002BEEDDA36A32001F002800CD
S113A570019B216AB847002807DCA28940230120F7
S113A58013431BB2A3814042FEBD019B36181B1A24
S113A5900193E6E7010040200B6970B505000C004B
S113A5A013B90025280070BD18B1036A0BB9FFF771
S113A5B0B9FC0C22A35E002BF3D0626ED20704D444
S113A5C09B0502D4A06DFFF74EFE28002100FFF783
S113A5D061FF636E0500DB07E4D4A3899B05E1D426
S113A5E0A06DFFF741FEDDE770B50E001D000E23E0
S113A5F0C95E140096B000290CDAB28980231100D8
S113A60019401A4214D140F200430020296023600B
S113A61016B070BD6A4600F019F90028EDDB4FF260
S113A620000301991940044BC9184B425941EAE708
S113A63000214023E9E7C04600E0FFFFF0B5022611
S113A6408B8905000C0085B0334207D023004733C3
S113A650236023610123636105B0F0BD03AB02AA4B
S113A660FFF7C2FF029F019039002800FFF782FE26
S113A67040B90C22A35E9A05EED4032293431E43F1
S113A680A681E3E78023A28920601343A381039B6F
S113A690206167615BB128000E23E15E00F0E8F8F9
S113A6A028B10323A2899A43023B1343A381A389BC
S113A6B0019A1343A381CFE770B506000D0014007F
S113A6C018B1036A0BB9FFF72DFC636EDB0705D4E1
S113A6D0A3899B0502D4A06DFFF7C5FDA368013BC8
S113A6E0A360002B05DAA269934212DBEBB20A2BBA
S113A6F00FD023685A1C22601D70EDB2636EDB0715
S113A70005D4A3899B0502D4A06DFFF7ADFD2800F5
S113A71070BD29002200300000F002F80500EDE7CA
S113A720F8B506000D00140018B1036A0BB9FFF761
S113A730F9FBA369A360A3891B0701D5236943B966
S113A7402100300000F02AF818B101256D422800DC
S113A750F8BD23692068EFB2C01A6369EDB2834281
S113A76005DC21003000FFF717FF0028EDD1A368B6
S113A7700130013BA36023685A1C22601F70636987
S113A780834204D0A389DB07E1D50A2DDFD1210060
S113A7903000FFF701FF0028D9D0D6E72A4B70B567
S113A7A0050018680C0018B1036A0BB9FFF7BAFB6F
S113A7B00C22A35E1A0722D4DA0607D409222A60DF
S113A7C0402201201343A381404237E05B0712D5A6
S113A7D0616B41B123004433994202D02800FFF752
S113A7E055FD002363632422A3899343A38100239B
S113A7F06360236923600823A2891343A381236927
S113A8005BB940F2802140F20022A3890B409342BD
S113A81003D021002800FFF711FF0C22A35E0121C1
S113A8201A000A400B420AD00022A2606269524216
S113A830A261226900200AB91A06C1D470BD990721
S113A84000D46269A260F4E74C000020002370B5D4
S113A850064D0400080011002B6000F0E9F8431CC9
S113A86002D12B6803B1236070BDC046C82B002001
S113A870002370B5054D040008002B6000F0E5F8D6
S113A880431C02D12B6803B1236070BDC82B002088
S113A890002370B5054D040008002B60FFF750FA43
S113A8A0431C02D12B6803B1236070BDC82B002068
S113A8B0094B10B50400186818B1036A0BB9FFF707
S113A8C031FB0020132C06D8044BE400E358013379
S113A8D001D0024BE01810BD4C000020D82B002002
S113A8E0F8B50400FFF7B8FC132605000027301C58
S113A8F0391CABBE061C2E602000F8BD10B5431CED
S113A90001D1FFF7EDFF10BDF7B50C001600FFF7FE
S113A910CFFF050038B9FFF79FFC0923036001242A
S113A92064422000FEBD022E03D9FFF795FC1623D6
S113A930F4E7012E12D14368E418F6D46F462B686D
S113A9400A2600937C60301C391CABBE061C300008
S113A950FFF7D4FF0028E2DB6C60E2E70368022E15
S113A960ECD16F4600930A36301C391CABBE061C72
S113A9703000FFF7C3FF24180130DFD1CFE710B553
S113A980FFF7C2FF10BD37B50224019001AD201CB2
S113A990291CABBE041C2000FFF7B0FF3EBD000025
S113A9A070B50500FFF784FF040030B9FFF754FCCD
S113A9B0092303600120404270BD013D012D09D8E7
S113A9C0094B9A681B699A4204D101235B420360D4
S113A9D00020F1E72068FFF7D6FF0028ECD101231F
S113A9E05B422360E8E7C046D82B002070B50C001A
S113A9F0FFF75EFF050030B9FFF72EFC0923036063
S113AA000120404270BD42F2000362680C261343E9
S113AA10636040F20043A364301C291CABBE051CD8
S113AA202800FFF76BFF431CEAD020610020E9E710
S113AA3070B50C000500582200212000FFF7ACFB84
S113AA4028002100FFF7D2FF70BD70B5FFF730FF7B
S113AA500924050020B9FFF7FFFB0460002070BD46
S113AA60201C291CABBE041C2000012CF7D0FFF7CE
S113AA70F3FB132504000026281C311CABBE051C67
S113AA802560EBE74F4B004552524F52004255535D
S113AA9059004E4F20414E535745520041542B53B9
S113AAA05441542020202020203A2073686F7720BE
S113AAB06170706C69636174696F6E207374617422
S113AAC0650D0A0041542B52455345542020202043
S113AAD0203A20726573657420616E64206C6F6126
S113AAE0642073657474696E67732066726F6D2079
S113AAF06461746120666C6173680D0A0041542BB3
S113AB004D4F44454D20202020203A207365742069
S113AB106D6F64656D20747970652028303A4653F2
S113AB204B2C313A4C6F5261290D0A0041542B468B
S113AB305245512020202020203A20736574206340
S113AB40656E746572206672657175656E63790DE4
S113AB500A0041542B4C4D43464720202020203AE4
S113AB6020736574204C6F5261206D6F64756C6145
S113AB7074696F6E20706172616D65746572730DB6
S113AB800A0041542B4C5043464720202020203AB1
S113AB9020736574204C6F5261207061636B65741F
S113ABA020706172616D65746572730D0A004154A1
S113ABB02B464D43464720202020203A20736574BD
S113ABC02046534B206D6F64756C6174696F6E2001
S113ABD0706172616D65746572730D0A0041542B66
S113ABE0465043464720202020203A207365742095
S113ABF046534B207061636B657420706172616DA4
S113AC0065746572730D0A0041542B5245435620F6
S113AC1020202020203A20726563656976652070C3
S113AC2061636B6574730D0A0041542B5258544F81
S113AC302020202020203A2073657420527820742C
S113AC40696D656F757420706172616D657465728C
S113AC50730D0A0041542B52584741494E2020207D
S113AC60203A20736574205278206761696E206DE4
S113AC706F64650D0A0041542B53454E4420202037
S113AC802020203A2073656E64207061636B6574C4
S113AC90730D0A0041542B504B54202020202020B7
S113ACA0203A20736574207061636B65742064615D
S113ACB074610D0A0041542B5458505752202020DF
S113ACC020203A2073657420547820706F77657261
S113ACD00D0A0041542B5458544F2020202020208A
S113ACE03A207365742054782074696D656F7574A7
S113ACF00D0A0041542B53544F5020202020202073
S113AD003A2073746F702052782F54782070726FC9
S113AD1063657373696E670D0A0041542B5458437D
S113AD20572020202020203A2073656E6420756E01
S113AD306D6F64756C6174656420636F6E74696EA5
S113AD40756F757320776176650D0A0041542B5435
S113AD505843502020202020203A2073656E642020
S113AD606D6F64756C6174656420636F6E74696E75
S113AD70756F757320776176650D0A0041542B4C0D
S113AD804254202020202020203A20736574204C37
S113AD90425420284C697374656E204265666F7254
S113ADA0652054616C6B290D0A0041542B52535396
S113ADB0492020202020203A2067657420525353D4
S113ADC0492C207365742052535349206F6666736F
S113ADD06574200D0A0041542B585452494D2020CB
S113ADE02020203A20736574205854414C207472FA
S113ADF0696D20746F2061646A7573742063656E75
S113AE00746572206672657175656E63790D0A00EA
S113AE1041542B534156452020202020203A2073B2
S113AE2061766520616C6C2073657474696E6773F8
S113AE3020746F206461746120666C617368206D96
S113AE40656D6F72790D0A0041542B45524153458B
S113AE5020202020203A20696E697469616C697A27
S113AE6065206461746120666C617368207769741D
S113AE70682073797374656D2064656661756C749C
S113AE800D0A0041542B44455645554920202020A5
S113AE903A20736574204465766963652045554995
S113AEA020284D41432041646472657373290D0A5F
S113AEB00041542B524547522020202020203A2084
S113AEC07265616420524620646576696365207208
S113AED065676973746572730D0A0041542B52459A
S113AEE047572020202020203A207772697465205B
S113AEF05246206465766963652072656769737478
S113AF006572730D0A0041542B534C454550202063
S113AF102020203A2073657420736C656570206D61
S113AF206F64650D0A0041542B534146452020208F
S113AF302020203A207365742073616665206D6F4C
S113AF40646520746F20737570706F727420726101
S113AF5064696F20726567756C6174696F6E0D0A40
S113AF600041542B524547494F4E202020203A207F
S113AF7073657420726567696F6E207573656420EC
S113AF80666F722073616665206D6F64650D0A00DB
S113AF9041542B544F41202020202020203A20735C
S113AFA0686F772074696D65206F6E206169720D1A
S113AFB00A0041542B564552202020202020203ABC
S113AFC02073686F772076657273696F6E0D0A005F
S113AFD041542B48454C502020202020203A2073F7
S113AFE0686F7720616C6C20415420636F6D6D61D4
S113AFF06E64730D0A0041542B4C49535420202095
S113B0002020203A2073686F772063757272656E12
S113B0107420706172616D657465722073657474F7
S113B020696E67730D0A0041542B4C4D4346473DEE
S113B030534628352D3132292C425728302D3929B1
S113B0402C435228312D34290D0A00202042573D2B
S113B050303A3132352C313A3235302C323A3530BF
S113B060302C333A36322C343A34312C353A3331AD
S113B0702C363A32302C373A31352C383A31302CA0
S113B080393A375B6B487A5D0D0A00202043523D04
S113B090313A342F352C323A342F362C333A342F7C
S113B0A0372C343A342F380D0A0041542B464D4383
S113B0B046473D4452283630302D3330303030301E
S113B0C05B6270735D292C425728312D343637303A
S113B0D030305B487A5D292C4664657628312D36FC
S113B0E0353533355B487A5D292C0D0A0041542BE4
S113B0F04C504346473D707265616D626C654C65AA
S113B1006E2C66697865644C656E2C6372634F6E51
S113B1102C6971496E7665727465642C7075626C05
S113B12069634E6574776F726B0D0A00202070722C
S113B13065616D626C654C656E28312D363535332D
S113B14035295B73796D626F6C5D0D0A0020206692
S113B150697865644C656E28303A7661726961621B
S113B1606C652F6578706C696369742068656164C7
S113B17065722C313A66697865642F696D706C6903
S113B18063697420686561646572290D0A00202072
S113B1906372634F6E28303A435243204F46462C25
S113B1A0313A435243204F4E290D0A002020697141
S113B1B0496E76657274656428303A5374616E64BE
S113B1C06172642049512C313A496E766572746516
S113B1D064204951290D0A0020207075626C69634E
S113B1E04E6574776F726B28303A50726976617469
S113B1F0652053796E63576F72642C313A507562CF
S113B2006C6963284C6F526157414E292053796E03
S113B21063576F7264290D0A0041542B465043460C
S113B220473D707265616D626C654C656E2C666934
S113B2307865644C656E2C6372634F6E0D0A002052
S113B24020707265616D626C654C656E28312D38B5
S113B250313931295B627974655D0D0A0049444CCA
S113B260450054582C0052582C00435800323032B8
S113B2703531313238005358313236312F0053587A
S113B280313236322F005854414C005443584F0049
S113B2900D0A5B20434F4D4D4F4E205D2D2D2D2D1E
S113B2A02D2D2D2D2D2D2D2D2D2D2D2D2D2D2D2DCA
S113B2B02D2D2D2D2D2D2D0D0A00467265717565D0
S113B2C06E637920202020202020203A20005B4833
S113B2D07A5D0D0A004D6F64756C6174696F6E2040
S113B2E02020202020203A20004746534B0D0A00FE
S113B2F04C6F52610D0A0052784761696E4D6F645C
S113B30065202020202020203A2000426F6F737493
S113B31065644761696E0D0A00506F776572536109
S113B32076696E674761696E0D0A005478506F77CD
S113B3306572202020202020202020203A20005B3D
S113B34064426D5D0D0A005061796C6F61644C65F7
S113B3506E202020202020203A20005B6279746532
S113B360735D0D0A004C4254202020202020202010
S113B3702020202020203A2000456E61626C656404
S113B3800D0A0044697361626C65640D0A005361BF
S113B39066654D6F64652020202020202020203AFF
S113B3A02000526567696F6E207573656420666F4F
S113B3B07220536166654D6F64653A2000455500FF
S113B3C0415331004153320041533300415334005F
S113B3D05553004155004B52004A50004A505F4CAF
S113B3E0444300556E6B6E6F776E000D0A5B204C04
S113B3F04F5241205D2D2D2D2D2D2D2D2D2D2D2DFB
S113B4002D2D2D2D2D2D2D2D2D2D2D2D2D2D2D2D68
S113B4102D2D0D0A00537072656164466163746F6B
S113B4207220202020203A2053460042616E645747
S113B4306964746820202020202020203A200031D4
S113B4403235003235300035303000363200343198
S113B45000333100323000313500313000436F6445
S113B460696E6752617465202020202020203A20D4
S113B47000342F3500342F3600342F3700342F3862
S113B48000507265616D626C654C656E20202020F1
S113B49020203A20005B73796D626F6C735D0D0A36
S113B4A0004865616465725479706520202020200D
S113B4B020203A2000466978656428496D706C69DB
S113B4C0636974290D0A005661726961626C6528AA
S113B4D04578706C69636974290D0A00437263547A
S113B4E0797065202020202020202020203A200070
S113B4F0435243204F4E0D0A00435243204F4646C9
S113B5000D0A00496E76657274495120202020206E
S113B510202020203A2000496E76657274656420EC
S113B52049510D0A005374616E646172642049517B
S113B5300D0A0053796E63576F7264202020202017
S113B540202020203A20005075626C6963284C6FDB
S113B550526157414E290D0A005072697661746533
S113B5600D0A000D0A5B204746534B205D2D2D2DFF
S113B5702D2D2D2D2D2D2D2D2D2D2D2D2D2D2D2DF7
S113B5802D2D2D2D2D2D2D2D2D2D0D0A00446174C5
S113B59061526174652020202020202020203A2040
S113B5A0005B6270735D0D0A0046726571446576D6
S113B5B0696174696F6E202020203A20000D0A5BB7
S113B5C020424F415244205D2D2D2D2D2D2D2D2D0A
S113B5D02D2D2D2D2D2D2D2D2D2D2D2D2D2D2D2D97
S113B5E02D2D2D2D0D0A00446576696365202020DC
S113B5F020202020202020203A20005358313236A9
S113B600310D0A005358313236320D0A00436C6F43
S113B610636B2020202020202020202020203A207E
S113B620005854414C0D0A005443584F0D0A002B46
S113B63053544154002B5245534554002B4D4F4411
S113B640454D002B46524551002B5458505752003B
S113B6502B53454E44002B52454356002B5458431C
S113B66057002B54584350002B53544F50002B4C2D
S113B6704D434647002B4C50434647002B464D4311
S113B6804647002B4650434647002B504B54002B53
S113B6905458544F002B5258544F002B5258474182
S113B6A0494E002B52535349002B4C4254002B5803
S113B6B05452494D002B53415645002B455241539A
S113B6C045002B52454757002B52454752002B4407
S113B6D04556455549002B534C454550002B534185
S113B6E04645002B524547494F4E002B544F4100CD
S113B6F02B48454C50002B4C495354002B534100CC
S113B7002B56455200464154414C3A2061742D63F6
S113B7106F6D6D616E6473207265676973747261B5
S113B72074696F6E206572726F722E0D0A002B544D
S113B730583A002B494E464F3A54585F54494D45A8
S113B7404F55540D0A002B52583A002B494E464F80
S113B7503A52585F54494D454F55540D0A002B52E7
S113B760583A30302C302C302C320D0A002B5341F7
S113B77046453A4641494C5F52585F4346470D0A95
S113B780002B534146453A4641494C5F54585F4368
S113B79046470D0A002B534146453A4641494C5F02
S113B7A054585F445554595F4359434C450D0A005E
S113B7B02B534146453A4641494C5F54585F4348F0
S113B7C0414E4E454C5F425553590D0A000000004E
S113B7D00000000084AA00000400000087AA000002
S113B7E0070000008DAA00000800000092AA0000D3
S113B7F05600000051080000000000000000000096
S113B8004154002B09070503000102000806040542
S113B8100000000201000304841E0000093D000032
S113B820127A000024F4000048E8010090D00300DC
S113B83020A1070000000000B128000061510000B1
S113B840C3A20000581B0000983A000018790000B9
S113B85030F2000048E8010090D0030020A1070066
S113B8600000000010270000204E000028A0000067
S113B8700400000048E801000500000090D0030027
S113B88006000000382007000300000030F200002A
S113B8900A00000028A0000002000000187900003F
S113B8A009000000204E000001000000983A00004A
S113B8B0080000001027000000000000581B0000D2
S113B8C0040506030A020901080000000000000044
S113B8D01F000000C01200001F000000A816000096
S113B8E017000000841C00000F000000E425000085
S113B8F01E000000B42D00001600000008390000EE
S113B9000E0000002C4C00001D000000685B0000CD
S113B91015000000747200000D000000589800002B
S113B9201C00000034B7000014000000E8E400002C
S113B9300C000000783101001B000000686E01005B
S113B9401300000034CA01000B000000286202004A
S113B9501A00000040DB0200120000003C930300C8
S113B9600A000000C0C204001900000060B3050012
S113B97011000000382007000900000020A1070082
S113B9800000000029230000A9120000B9190000DA
S113B990C11200003D1E0000251E0000D919000040
S113B9A0311C0000ED120000492200007516000051
S113B9B00513000061120000311700004D13000050
S113B9C065130000AD130000E5120000DD12000055
S113B9D03D1300002D1300003D1600006119000006
S113B9E0B5130000F1130000E51600002513000054
S113B9F015130000BD150000A11F00009D170000D5
S113BA008D180000391900000516000055120000B9
S113BA10AD360000C194C10000000000F8EFF7004B
S113BA2000000000E44971331CE68D33010000007E
S113BA300B000000100E00000000000000000000D9
S113BA4000000000000000000A00000000000000E8
S113BA50083E7233F8F18C33010000000B00000043
S113BA60100E0000000000000000000000000000B4
S113BA70000000000A0001000000000064CE8F33C3
S113BA80DCACBB33010000000B000000A08C000004
S113BA9000000000000000000000000000000000A2
S113BAA0640000000000000088C29033B8B8BA33C4
S113BAB0010000000B000000A08C0000000000004A
S113BAC0000000000000000000000000640001000D
S113BAD0000000002495BD339CD4C4330100000051
S113BAE00B000000A08C000000000000000000001B
S113BAF000000000000000006400000000000000DE
S113BB004889BE3378E0C333010000000B00000015
S113BB10A08C0000000000000000000000000000F5
S113BB200000000064000100000000008443C833EA
S113BB305CFCCD33010000000B000000100E00007F
S113BB4000000000000000000000000000000000F1
S113BB500A00000000000000A837C9333808CD33BC
S113BB60010000000B000000100E000000000000A7
S113BB700000000000000000000000000A000100B6
S113BB8000000000E4F1D2332CDAD43301000000C9
S113BB9018000000407E05000000000000000000C6
S113BBA00000000000000000E803000000000000A6
S113BBB008E6D33308E6D333010000001800000080
S113BBC0407E0500000000000000000000000000AE
S113BBD000000000E803010000000000C485D73322
S113BBE05C31DA33010000000B000000A08C00007F
S113BBF00000000000000000000000000000000041
S113BC006400000000000000E879D833383DD933DF
S113BC10010000000B000000A08C000000000000E8
S113BC2000000000000000000000000064000100AB
S113BC300100000064CE8F33DCACBB330100000094
S113BC401800000080EE3600000000000000000034
S113BC500000000000000000FA00000002000000E4
S113BC60E4BE8A36DC334F37010000000D000000CB
S113BC7080EE36000000000000000000000000001C
S113BC8000000000640000000200000008B38B36CE
S113BC90B83F4E37010000000D00000080EE360072
S113BCA00000000000000000000000000000000090
S113BCB06400010003000000240AD7369CE8023720
S113BCC0010000000D00000080EE360000000000BE
S113BCD000000000000000000000000064000000FC
S113BCE00300000048FED73678F401370100000055
S113BCF00D00000080EE360000000000000000008F
S113BD0000000000000000006400010004000000C6
S113BD10E4BE8A361C64E436010000000D00000015
S113BD2080EE36000000000000000000000000006B
S113BD3000000000640000000400000008B38B361B
S113BD40F86FE336010000000D00000080EE3600BD
S113BD5000000000000000000000000000000000DF
S113BD6064000100050000006443A936DC21D536D7
S113BD70010000000D00000080EE3600000000000D
S113BD80000000000000000000000000640000004B
S113BD9005000000805CAB36C008D336010000000B
S113BDA00D00000080EE36000000000000000000DE
S113BDB00000000000000000640001000600000014
S113BDC0A461C435DC334F37010000001E000000BD
S113BDD080EE3600000000000000000000000000BB
S113BDE0000000001027020006000000103EC735C6
S113BDF070574C37010000001E00000080EE360032
S113BE00000000000000000000000000000000002E
S113BE101027030007000000E4BE8A36DC334F37E6
S113BE20010000001B00000080EE3600000000004E
S113BE3000000000000000000000000010270200C5
S113BE4007000000509B8D3670574C3701000000EE
S113BE501B00000080EE360000000000000000001F
S113BE60000000000000000010270300080000008C
S113BE70A0D1E336E013F336400D030007000000C1
S113BE8080EE36000000000070170000BFFF0000C5
S113BE903C93030010270000080000002021F63620
S113BEA0A0700837400D03000B00000080EE360040
S113BEB00000000070170000BFFF00003C93030067
S113BEC01027000009000000C03DDF3640F70937A5
S113BED0400D03000D000000A00F00003200000020
S113BEE088130000B0FF00003C93030010270000FB
S113BEF00900000080040D3700285037400D03006E
S113BF000D000000C800000002000000E80300006B
S113BF10B0FF00003C930300E803000009000000A8
S113BF2060C4E036E013F336801A06000D0000000A
S113BF30A00F00003200000088130000B0FF0000D2
S113BF40382007001027010009000000E048FF36F0
S113BF5060A14E37801A06000D000000C8000000E2
S113BF6002000000E8030000B0FF000038200700D2
S113BF70E803010009000000A0D1E336A0700837EF
S113BF80801A06000D000000A00F0000320000001F
S113BF9088130000B0FF00003820070010270100BC
S113BFA009000000208B0E3720944B37801A0600BE
S113BFB00D000000C800000002000000E8030000BB
S113BFC0B0FF000038200700E80301000A00000069
S113BFD0C03DDF3640F70937400D03000D00000077
S113BFE0A00F00003200000000000000000000006C
S113BFF0000000006400000007000000B4C000005E
S113C00001000000A8C000000600000060C000009D
S113C0100600000018C00000010000000700000036
S113C02020A10700010000000800000020A1070073
S113C030010000000900000020A107000100000029
S113C0400A00000020A10700010000000B0000000E
S113C05020A10700010000000C00000020A107003F
S113C060010000000700000048E801000100000092
S113C0700800000048E80100010000000900000079
S113C08048E80100010000000A00000048E801003F
S113C090010000000B00000048E80100010000005E
S113C0A00C00000048E80100010000000700000047
S113C0B090D00300010000000700000048E80100E0
S113C0C0010000000800000048E801000100000031
S113C0D00900000048E80100010000000A00000017
S113C0E048E80100010000000B00000048E80100DE
S113C0F0010000000C00000048E8010000000000FE
S113C10050C30000A8610000FF83DF1732094ED13D
S113C110E7CD8A91C6D5C4C44021184E5586F4DCB7
S113C1208A15A7EC92DF93533018CA34BFA2C759BB
S113C130678FBA0D6DD82D7D540A57977039D27A0E
S113C140EA243385ED9A1DE1FF07BE2E64129DA3F8
S113C150CF9B15238DAB89888042309CAB0DE9B908
S113C160142B4FD925BF26A6603194697F458EB222
S113C170CF1F741ADBB05AFAA814AF2EE073A4F5DB
S113C180D448670BDB343BC3FE0F7C5CC8253B47BC
S113C1909F362A471B57131100846139561BD372EB
S113C1A028569FB24B7E4D4CC06328D2FE8B1D6532
S113C1B09E3EE835B760B5F550295E5DC0E749EBB2
S113C1C0A890CE17B6687787FC1EF8B9904A768F88
S113C1D03E6C548E36AE26220108C272AC37A6E4F9
S113C1E050AD3F6496FC9A9980C651A5FD163ACB92
S113C1F03C7DD06B6EC16BEAA052BCBB81CE93D7A1
S113C20051219C2F6CD0EF00EA01000000000000D7
S113C2100100000001000000C0DC03370010000032
S113C220E8030000E803000007000000000000002D
S113C23008000500010001000100000050C30000D7
S113C24050C30000A86100000500050000010100C2
S113C25000000000000000001313010000000000B3
S113C260C0DC033760630537E803000064000100A5
S113C27000000000010000000000000001000000B8
S113C280B80B000005000000B0FF00010000000032
S113C290000000000000000000000000000000009A
S113C2A0000000000000000000000000000000008A
S113C2B0000000000000000000000000000080FFFB
S113C2C000000000000000007F0080FF000000006C
S113C2D0010000000000FF0000000000000000005A
S113C2E0000000000000000000000000000000004A
S113C2F0000000000000000000000000000000003A
S113C3000000000000000000000000000000000029
S113C3100000000000000000000000000000000019
S113C3200000000000000000000000000000000009
S113C33000000000000000000000000000000000F9
S113C34000000000000000000000000000000000E9
S113C35000000000000000000000000000000000D9
S113C36000000000000000000000000000000000C9
S113C37000000000000000000000000000000000B9
S113C38000000000000000000000000000000000A9
S113C3900000000000000000000000000000000099
S113C3A00000000000000000000000000000000089
S113C3B00000000000000000000000000000000079
S113C3C00000000000000000000000000000000069
S113C3D00000000000000000000000000A0000004F
S113C3E0010000000123456789ABCDEFAC27002095
S113C3F0D4C50000E4C8000004020C0103000000DE
S113C4007F380000000000000CC4000000000000A1
S113C410000000000000000000000000D4270020FD
S113C42028C40000C4C8000002000000A086010067
S113C430000000000103DF0D0E00000000000000FA
S113C44000000000458100000000000050C400000E
S113C450010100CC030100000902000000040005F2
S113C460000600070000000000000000B5460000C0
S113C4700000000078C40000000100003C0000201F
S113C4800F00FFFF00000000FFFF0000000000009D
S113C4900200000000000000000000300000000066
S113C4A00000000000000000000000000000000088
S113C4B000000000000001000300000000800000F4
S113C4C000020300B542000000000000D0C40000D8
S113C4D060000001000000010000000000F0000006
S113C4E00300000000780000010200004545000040
S113C4F000000000F8C4000060000001000000011A
S113C500000801020B01010101000000010000000C
S113C51000000000000000008D3B0000000000004F
S113C52024C50000000000000000104002000000CC
S113C530002000000000000010000000B8280020C7
S113C54025060000000000004CC5000050C5000096
S113C550782900205CC5000048C9000001000000E3
S113C560157D000000000000DC280020030A000004
S113C570B82900207CC5000088C800008CC50000D4
S113C580000000000000000075370000D4290020DE
S113C59098C50000ACC80000FFFFFFFF2800002082
S113C5A0ACC50000B829002009800000000000008C
S113C5B00000000044000000010000000000000032
S113C5C000000000000000004581000000000000A1
S113C5D00000000053000000E0C50000000000005F
S113C5E00500000000000000000000000100000041
S113C5F00000000002000000000000000300000032
S113C6000000000004000000040000000500000019
S113C6100400000006000000040000000700000001
S113C6200400000008000000040000000A000000EC
S113C630040000000B000000040000000C000000D7
S113C640040000000D000000040000000E000000C3
S113C650004000000F000000000001040001000081
S113C66000000104010100000000010402010000B7
S113C67004000000030100000400000004010000A5
S113C6800400000005010000040000000601000091
S113C6900400000007010000000001000801000080
S113C6A00500000009010000044000000A01000028
S113C6B0004000000B010000040000000C01000019
S113C6C0050000000D010000040000000E01000040
S113C6D0040000000F010000000000000002000040
S113C6E00000000001020000000001050202000039
S113C6F00000010503020000040000000402000021
S113C7000000000005020000040000000602000012
S113C71004000000070200000400000008020000FA
S113C720040000000C020000040000000D020000E0
S113C73000000100000300004000010401030000A8
S113C7404000010402030000040000000303000091
S113C75004000000040300000400000005030000BE
S113C76004000000060300000400000007030000AA
S113C77000000000000400000400000001040000A8
S113C7800440000002040000040000000304000050
S113C790040000000404000004000000050400007C
S113C7A0040000000604000000000000070400006C
S113C7B00000000008040000044000000904000018
S113C7C0040000000A040000040000000B04000040
S113C7D0040000000C040000040000000D0400002C
S113C7E0040000000E040000040000000F04000018
S113C7F00400000000050000000000000105000026
S113C8000000000002050000040000000305000011
S113C81004000000040500000400000005050000F9
S113C82004000000000600000400000001060000EF
S113C83004000000020600000400000003060000DB
S113C84004000000080600000400000009060000BF
S113C850040000000A0600000400000008070000AD
S113C860040000000E070000040000000808000097
S113C870040000000908000005100F111E1C1E1AF8
S113C8801203020F161B1C00317F0000717F000091
S113C890877F0000997F0000F97F0000FD7F000082
S113C8A001800000058000005D7F000035800000ED
S113C8B059800000658000006D80000075800000D4
S113C8C00000000065890000598A000029890000E1
S113C8D0318A0000478800004F8800005988000012
S113C8E06D880000798F0000F98D00008D8F0000A5
S113C8F0998F0000AD8E0000F18E0000018E0000C3
S113C9004D8E0000758E0000958E0000D58E0000BF
S113C9101D8E0000318E00000100000020C90000BF
S113C92000001040FF1F1040000400000100000040
S113C9300100000038C9000000000000FFFF0300F0
S113C940000800000400000065930000C994000082
S113C9502995000031940000A1900000C5910000C9
S113C960759000009190000095900000999000004F
S113C97025940000A19300009D900000E391000025
S113C980BD900000C1900000DF910000C590000040
S113C990C990000036E0014038E0014090E40140D5
S113C9A032E0014080E40140010002000800100070
S113C9B0200000004275696C742077697468205205
S113C9C0656E6573617320416476616E636564208E
S113C9D0466C657869626C6520536F667477617222
S113C9E065205061636B6167652076657273696F5A
S113C9F06E20362E322E3000362E322E30000000BD
S107CA000000020626
S107CA04F8B5C04677
S107CA08F8B5C04673
S107CA0C61050000BC
S107CA1031050000E8
S90300B943
