S01700004C6F526146756F746153616D706C652E737265633E
S21400000088160020BD000000958A0100958C01002E
S214000010958C0100958C0100958C0100958C010053
S214000020000000000000000000000000958C0100A9
S214000030958C010000000000958C0100A9130100BA
S21400004061880100D57B0100557C010061880100B4
S214000050CD780100597801003D7901006D790100E5
S2140000600D7C010075210100F9080020817C01004B
S2140000701D85010000000000000000001D85010035
S21400008001000000B0000000020000009000000028
S21400009000000020000000200000104000000203C6
S2140000A000000020880A0020400400000000010331
S2140000B0A0160020385500200000000310B500F000
S2140000C02FF817F09DFAFEE7F8B5060000240C2777
S2140000D0124D2B68A34204D80024AB68A3420ED866
S2140000E0F8BD3A0062436B689B185A7AB24204D154
S2140000F005CB0021121A19F035FD0134E8E7EB684C
S21400010022019B185A7BB24205D118685A68996832
S214000110121A19F090FD0134DFE7C0468000000097
S21400012073B5344A344B00209A6017F03FFA18F043
S21400013027FC6B460024DE1D34700120337818F04F
S2140001406BFDEFF31081012585F310882B4B2C48AF
S2140001509A6802409A609A6881F3108829490A686A
S214000160D207D20F32700A68D207D20F32700A68EE
S214000170D207D20F3270EFF3108185F310888022F9
S2140001809868520502439A609B6881F3108828009D
S21400019018F01CFD280017F009FA41F200011A4B6E
S2140001A01A4A9C801A801A4A20009A60194ADA6015
S2140001B0194A51849D80FFF787FF18F0CDFB18F091
S2140001C029FC022017F0F2F92800FFF77DFF134DF7
S2140001D0134BED1AAD10AC4205DB18F0E5FC002021
S2140001E018F05AFD73BD0E4AA3009B181B6898476B
S2140001F00134F0E70000000000ED00E0FC6F044072
S214000200FFFFFFEF00080440000D004000A5FFFFC1
S214000210880E002088160020FE6000401CBF0100EB
S20800022018BF0100FD
S208000400FFFFFFFFF7
S208000404DFAFFFFF63
S214000440BFF34F8F034B044ADA60BFF34F8FC046AB
S214000450FDE7C04600ED00E00400FA0510B500F028
S214000460BFFC00220321044800F052FC08B9FFF745
S214000470E7FFFF2010BDC04680510020431E5918DC
S214000480094B70B51C000025FF3465711D00060C75
S214000490FE3580B26E82FC336881D2B2080C89B217
S2140004A058626983627570BD00C07E4013B51049FE
S2140004B001900B6B5B0612D57F240E4B5A7D2240B3
S2140004C05A7500225A7501900B6B5B06D80F002BED
S2140004D008DA019B2BB1019B013B0193F4E7019BDA
S2140004E00BB9142016BD019B013B0193E1E7C04602
S2140004F0FCC07E40FFC07E404143032903D98908E3
S21400050001390029FCD1704740F28013A521064A24
S214000510D150C243054BD2B258705A7058705B78AF
S214000520834200D1C046704700C07E40FFC07E4078
S214000530F7B544F60033070043F6B0760F4C0820B4
S214000540A55B0193FFF7E0FF1020B968FFF7D4FF23
S2140005500B4BADB2A353A35B1BB9012D07D00020F4
S214000560FEBD019B3BB1019B013B0193F3E743F6C4
S214000570C873E554F3E71420F2E7C04600C07E4097
S21400058000AAFFFF030000223C3310B51A7043F6A2
S214000590B073074A0400D35A0BB900F0BFFA012221
S2140005A0044B20009A6200229A62FFF7C1FF10BD3A
S2140005B000C07E40FCC07E40F8B50500080016006E
S2140005C01F00FFF773FF0400142804D12800FFF76C
S2140005D0D9FF2000F8BD40F2F0133400044AD35887
S2140005E01C401E42F5D02800FFF7CCFF3C00F0E789
S2140005F000C07E40002310B5934200D110BDCC5CF5
S214000600C4540133F8E737B5104A114901900B6B13
S2140006101B0613D540F2DC137F25D4582C40D4504B
S2140006200024D45001900B6B1B06D80F002B08DA61
S214000630019B2BB1019B013B0193F4E7019B0BB996
S21400064014203EBD019B013B0193E0E700C07E40C5
S214000650FCC07E40F7B5114D04002B00C66A876AC1
S214000660FE33320C5A82B2B239005A8101A80422F3
S214000670FFF7C0FF236B0437013B23636B469A8862
S2140006802B000436FC33A762E6625A636A46D288B9
S214000690FF35DA6381236B75F7BDC04600C07E4028
S2140006A043F6C873002270B50A4D0400EA54436846
S2140006B01A781AB11120185600F0A2FB43F6B07350
S2140006C0054A0220EA52FFF71FFF0320A168FFF742
S2140006D013FF70BD00C07E4001AAFFFFF8B580235F
S2140006E0C26A0400DB029A4214D2036900218363C3
S2140006F0036B00269B080363FFF7D2FF00258027C5
S214000700174BFF025D71236BE3B935BB2000FFF783
S2140007100FFF22E043681E781EB1030004223C331C
S2140007201A7063692000A36300F0F8F9E6E700F0AA
S21400073051F90EE0182312222000A16BFFF73CFFB0
S2140007400500E0E74DB9E36A2000BB42EFD2FFF7B1
S21400075081FF002EEED0122363632800F8BDC0464A
S214000760FFC07E40F8B514000F00050000211E00F3
S214000770FFF796FF210083223800FFF77FFE033441
S214000780A969A40840F2F813102228006143FFF775
S21400079013FF38B9044B2800DB6A1B07DB0F3370E6
S2140007A0FFF7C6FEF8BDC046FCC07E40F8B51D008B
S2140007B00F00002104001600FFF772FF29008422B4
S2140007C038007143FFF75AFEE16919231122200011
S2140007D07143FFF7F1FE10B92000FFF7A9FEF8BD40
S2140007E070B50500406AFFF70EFF0400142804D118
S2140007F02800FFF7C7FE200070BD40F2F013064A3F
S214000800D258DF3B1400FF3B1C401A42F3D02800AE
S214000810FFF7B8FE1824EEE700C07E40F7B50D00DF
S2140008200021009001922C00FFF73AFF8327012257
S214000830184B5A71019B184ACBB94FF6FF73536396
S214000840D36340F2DC13154A0098D750FFF7C8FF71
S2140008500023104A06000137537110B90434872F5D
S214000860E5D10098FFF764FE06B13000FEBD617862
S214000870237809020B435363631B0C2B06D1EB7BD7
S214000880A97B1B020B4301990B43D9E7E178A378B8
S2140008900902F9E7FFC07E40FCC07E4000C07E40F3
S2140008A070B540F2D01340F2C8160E4C0E4D82B909
S2140008B0A259E358D20ADB0AC00AD202C90ADB02EE
S2140008C0104319436863E96340F2DC138222E25066
S2140008D070BDA259E3586A63044A13400343EB63AE
S2140008E0F2E7C04600C07E40FCC07E40FF7FFFFFB0
S2140008F0F8B516000C0000210500FFF7D1FE8EB1FA
S214000900032340F2D8122340C0240E489B0181588E
S214000910A1430024194381502800FFF709FE04B1C3
S2140009202000F8BD01221000074FA04331007A7165
S214000930C003FFF7B5FF2800FFF752FF7E710400E3
S214000940EAE7C04600C07E40FFC07E40F8B50D0016
S214000950002104001700FFF7A3FE0123094E28001C
S214000960737100223900FFF79BFF2000FFF738FF66
S2140009700023050073712000FFF7DAFD05B128009B
S214000980F8BDC046FFC07E4043F6B073044A002060
S214000990D35A812213405A1E93410B707047C046AB
S2140009A000C07E40062070470A0010B5034B11CBEE
S2140009B011C2034B11CB11C2002010BD3CBE01007A
S2140009C024BE0100062070470620704706207047A8
S2140009D006207047C36A0D4A10B59A180133C362E1
S2140009E0036B816A013B0363094B4C1C846218004D
S2140009F0140CFE3092B2448242811A000978FC320E
S214000A0051638122FF335A7510BDC0460000F0BD09
S214000A1000C07E40002310B50360436811201856BE
S214000A200300213301D000F0EBF9002010BD0620B2
S214000A30704700002D4B70B519682D4D0B00020055
S214000A40286A2C4C4001400F8340C3402A48D3609C
S214000A50834207D8A34205D02848834202D02848BC
S214000A60834240D1286A274D4001400F8140C14053
S214000A7025481B18B3FBF4F0AB4202D90123034010
S214000A80C018214BD060C918B1FBF4F140F2835373
S214000A9006204B43B3FBF0F3136140F276334B432F
S214000AA0B3FBF0F3536158234B43B3FBF0F393616E
S214000AB0164B91604B43B3FBF0F3D361144B4B439F
S214000AC0B3FBF0F31362134B4B43B3FBF0F35362E9
S214000AD0114B1A78012A01D1002070BD01221A702C
S214000AE0FFF70AFDF8E740F2F610F6E74853002055
S214000AF000E0014040420F00FF083D0080841E00D9
S214000B00C0C62D003F8AF7013F420F00B86A0500B5
S214000B10C0B0070068ED220090C07E4043F6B07378
S214000B2010B504000A4A0B49D15281680620FFF727
S214000B30E3FC1020FFF7E8FC0320A168FFF7DCFCCD
S214000B4063681A781AB11120185600F051F910BDD2
S214000B5000C07E4080AAFFFF10B5FFF713FD0020FF
S214000B6010BD000070B50400FFF7D8FFE3683F2013
S214000B7040F2D81209491F2B0BD9203B5B081F33C4
S214000B808D58034085432B4320008B50FFF7D0FC45
S214000B9070BD1F25013B2B408D58F3E700C07E40FB
S214000BA00A7810B50B00040041602AB1112022001B
S214000BB0097C185600F02CF9230000223C33200054
S214000BC01A70FFF737FF28B92000FFF7CBFF08B9E8
S214000BD0014B236010BDC0464E45504F10B5040073
S214000BE0FFF728FF10B92000FFF7BCFF10BD70B557
S214000BF0040000253C342570C26281620363FFF75F
S214000C006DFD70BDF7B51E0003003C330193002355
S214000C101700019A0400137080230D00DB0299422E
S214000C2008D233003A00FFF79DFD050040BB0025C3
S214000C302800FEBDFFF772FF134B8322E818390029
S214000C40FFF71CFC63681B783BB10523019A137001
S214000C50033B3370A369A363E9E7A16940F2F81385
S214000C60102220007943FFF7A7FC050040B9074B88
S214000C702000DB6A1B07DB0F3370FFF759FCD6E753
S214000C802000FFF77FFCD3E70000F0BDFCC07E40ED
S214000C90F8B5070000233C373B70802305000C00A6
S214000CA01600DB02994208D2C90A40F60003C902C0
S214000CB0FFF77CFD04002000F8BDFFF72FFF114B67
S214000CC0A00A8002C0188422A8622E63B102FFF731
S214000CD0D5FB6B681B786BB9296A11222800714313
S214000CE01933FFF769FC04000028E4D12800FFF759
S214000CF01FFCE0E701233B7010336B632B6A002474
S214000D00AB63D8E70000F0BD10B5FFF787FD10BD58
S214000D1010B509B9012312B1FFF7EAFD0300180068
S214000D2010BD10B5FFF712FE10BD002210B5110061
S214000D30FFF70CFE10BD000030B585B0EFF303845E
S214000D40103C64B2200000F043F81D4BA400E458A9
S214000D50A06BFFF7ABFB142808D040F2F013194A3B
S214000D60616BD2580B001340114212D02000FFF7DF
S214000D7009FC0723200001AD2B70FFF7D9FB626842
S214000D805368A3B1D26828000392002202929847C3
S214000D900DE022003C321278012AEBD0042A08D15A
S214000DA0226B0123002AE5D02000FFF713FE05B0D2
S214000DB030BD054BDB6A1B07DB0F0233DAE7C046A4
S214000DC0F852002000C07E40FCC07E4000000000BC
S214000DD001B40248844601BC604700BFD58A0100C2
S214000DE001B40248844601BC604700BFA940000029
S214000DF001B40248844601BC604700BF698B01000D
S214000E0001B40248844601BC604700BF798B0100EC
S214000E1001B40248844601BC604700BF158B010040
S214000E20141F00204C200020FF010100382007007E
S214000E303C93030001010081828001848583028740
S214000E408886038A8B890408078D0100010000004C
S214000E50000000000000000000000000000000008D
S214000E60FFFFFFFFFFFFFFFF440003EB0000000053
S214000E70030000004C5300203C0A00200000000045
S214000E804C530020B45300201C54002000000000E7
S214000E90000000000000000000000000000000004D
S214000EA0000000000000000000000000000000003D
S214000EB0000000000000000000000000000000002D
S20C000EC0000000000000000025
S214000EC830B51D00836949005B690400C95A2220B1
S214000ED831B1E0680B18095A002004332960136002
S214000EE830BD030070B5002504000833DB6F0560CD
S214000EF89A6818685269904728006560A56070BDB2
S214000F080A2370B58360036C010001330364030091
S214000F180833DC6FC268A36820685D684031082320
S214000F28A84770BD41B1436813B14368022B03D18B
S214000F3804234360033B836070470000F0B585B028
S214000F48019300238377030008330400D86F83686F
S214000F580068DD6802AB0733A8470500E0B906005D
S214000F68A37F104F33B901210136080017F058FD4A
S214000F78BE42F5D1230058331A7801990A70BE424A
S214000F880DD01A78022A07D01A78032A04D040F21D
S214000F98F4151B7859342370280005B0F0BD1425C5
S214000FA8FAE7C04640420F000223F0B5060085B0B7
S214000FB802AAD371C268040015004BF6AD678836DE
S214000FC8336801919B180835436163699D421BD2BB
S214000FD8019BB3B102AB0422290020000733FFF7B8
S214000FE8ADFFA0B902ABDB79022B0DD0A16933683F
S214000FF8CA6828880A3252009B1A834209D22120DE
S21400100803E0A36E9D42F1D10020A566256105B0D8
S214001018F0BD0322EB1D1B1893435A88BA42EED143
S2140010281A884869E1685200691A11521A881D1D03
S214001038E265CAE710B50400436E0021C360836901
S2140010481A6958690132520018F088FD00212000FC
S214001058FFF7AAFF10BDF8B5040003258369490009
S2140010685869626E435A26699B18E3671B88221DD7
S2140010780B33AB43D367E2689B19B71A4752210074
S2140010888831096800205218934205D92000FFF7D6
S214001098D1FF01236560A360F8BD0000030070B5AA
S2140010A80026083386770400D86F836800689B6834
S2140010B89847050048B1280070BD0121080017F0C0
S2140010C8AFFC0A4B01369E420DD0A37F002BF4D00E
S2140010D8230058331A78002AEDD01B78593440F28A
S2140010E8F4152370E7E71425E5E7C04640420F00ED
S2140010F8F8B5436804000020032B22D0261DF56FA0
S214001108202D00D9202527001F372A003800E16F38
S21400111818F08DFD0623A36023000833D86F390026
S214001128836822695B6800689C462B006746B84758
S21400113823695B192361E36F5B19E367F36F5B1B36
S214001148F367F8BD10B504008369616F1A69013149
S214001158914200D9002161675A694800825A002ADC
S214001168F3D0236F8B4207D02000FFF774FF10B927
S2140011782000FFF7BDFF10BD23692000A367FFF717
S214001188BFFEF8E7F7B50400019308000223A56937
S21400119811002E6963602066984207D000216B69AB
S2140011A84A009A5A12B901318E42F9D2230088337E
S2140011B8E7681A68BB189C462B68AD685D196545D4
S2140011C800D06346D2186766E36062618E4215D324
S2140011D8083323618BB223676367022805D1200092
S2140011E8089B019A00F00EF8FEBD2000FFF733FFBB
S2140011F80028F9D12000FFF77BFFF5E72000FFF76E
S2140012087FFEF1E773B51C000326150002690B3450
S214001218A418B4434669B44214D804005034218054
S2140012280100060048310B80C3684A36D31A33805B
S2140012380223C5648360606B836800685C68042367
S214001248A04776BD0A00009302212B00FFF79AFFFD
S214001258F7E770B50500FFF7D5FF04000100280082
S214001268FFF760FE200070BD8369F0B51A690500B7
S214001278013258695200002185B018F06FFC00232F
S2140012884FF6FF72AB77EA65EB600193AB6901999D
S2140012985A68914201D300243BE02F008837019A10
S2140012A83E681B685643F61802AB08223100280031
S2140012B80733FFF743FE040058BB02ABDB79022B6B
S2140012C814D102AB310028003A680733FFF736FE20
S2140012D80400F0B902ABDB79032B43D13A68920AD3
S2140012E831002800FFF7DAFE040011E04BF6AD6285
S2140012F8F3889342F2D1E96899B33A6830680B6884
S214001308920A9842ECD92800FFF7C8FE0400EE605F
S21400131844B3EB684BBBAB6929001A689B688831F5
S214001328D2182B0009680833521AEA609CBB224977
S2140013382C64D9872900D86FAC77836840315C68FD
S21400134800680823A047040028BBAB7F33BB0121F5
S214001358080017F065FB194B01349C42F5D114249C
S21400136826E0EE60019B01338FE7212C0ED1012683
S214001378002301212800AB83FFF716FE040021286E
S21400138816D0A8B92EB90123AB6011E084B900269F
S214001398EEE721240CE0212C0AD1E8E72B0058338D
S2140013A81A78012AF3D040F2F4141B7859352B70BA
S2140013B8200005B0F0BDC046ADBEFFFF40420F009E
S2140013C8002370B58360836905009A681968920AD5
S2140013D8FFF764FE040018B92800FFF745FF04006D
S2140013E828002100FFF79EFD200070BDF7B54D6868
S2140013F88A680700B2FBF5F204000B6A81611B6875
S21400140888300837FB6702602548002260646065FC
S2140014182000244D903025658D69C9692264A26430
S214001428E26481602100943105600A609A6803CB03
S21400143812689047060008BBA0602000FFF714FF5C
S214001448050021281CD13300320031002000009608
S214001458FFF798FE050058B9A368012B1AD001219A
S214001468080017F0DDFA104B01359D42F4D114251B
S214001478FB6F2E009A681868526990473000FEBDC8
S2140014880028F5D1E3681B68236400236360074BD4
S2140014982360F3E76368042BF4D140F2F415E7E71A
S2140014A80000ADBEFFFFADBE404B4C004545565252
S2140014B8F0B584680023250087B000930378583574
S2140014C82B70A3681BB90133A37707B0F0BD2B7840
S2140014D8012B00D0DCE0A0680238082800D9B3E069
S2140014E817F0E2FB058B359FB8B2B2B2C00023698D
S2140014F80325043301932361230048331B88E76CD4
S2140015081A002A40A56002922B420AD1A560220042
S21400151839000832D06F82685568019A0068A84773
S21400152839E0032B0FD826008C3604220021300021
S21400153818F014FB39003000029A18F078FB3700D0
S2140015480423A560E3E70422AB43A260DFE7230099
S21400155848331E882500032733008C35BB430422F6
S21400156800212800A760019318F0F8FA3200019BC2
S214001578E16C3A40C918280018F059FB2269019B0B
S21400158829009A1823000833D86F226183680068F8
S2140015985E680423B04701002000FFF7C3FCA36879
S2140015A8012B00D091E7230090331A68002A00D157
S2140015B88BE76368002B00D084E0A368013B591EC4
S2140015C88B41DBB204A90B702300943498331B6854
S2140015D820684B60002877D003780093436803930D
S2140015E8030060C960C390472368002B00D16CE7EE
S2140015F8009A1A70039A5A6067E7230048331B88D4
S21400160821695A189B0700D00A1D0523A3602300EA
S21400161821000833D86F2261836850315D6804233F
S2140016287CE72300210050331A882369E2650433D7
S21400163823614A310888A169520049695052626894
S21400164822B90132A260A3660020A4E72000FFF7B3
S21400165879FDA0E7231DDB6F2000002BF7D0FFF7EE
S21400166847FD98E7230088331A68E368616E9B187D
S214001678636100232377A36F920A23610B23A36079
S21400168823000833D86F836800689B68984782E70A
S2140016982B7823B9009B63600123A360D4E76368B3
S2140016A80098022B05D1A3680B2B02D02000FFF769
S2140016B8C1FC23002A7859331A7004236360033B5D
S2140016C8A36068E763687CE708008CE710B516F047
S2140016D8EBFA10BD70B5040048B1002039B11025EA
S2140016E820002A0018F0A3FA0120B034256070BD47
S2140016F8F0B58FB007000C0016000021102202A8D3
S21400170818F02CFA1022002106A818F027FA102242
S21400171800210AA818F022FA002016F0D5FA0023AD
S21400172800900193A30705D02100102206A818F000
S2140017387EFA06AC3D00BB0700D002AD3300B033DE
S2140017481B68182B1AD1310068460AAA16F0BEFA8A
S21400175820B904222900200016F0BAFA16F0B9FAC1
S2140017680300002043B902AB9D4204D11022290091
S214001778380018F05CFA01200FB0F0BD202B0ED10F
S214001788320069460AAB01A816F012FB20B90422FB
S2140017982900200016F02AFB16F064FBE0E732006A
S2140017A869460AAB01A816F097FA20B90422290060
S2140017B8200016F0AFFA16F0E9FAD1E784460800DA
S2140017C86146FFE71FB517F025FD002801D4002164
S2140017D8C8421FBD10B517F0B3FC4042013010BD1B
S2140017E810B517F017FD002801DB002010BD0120FA
S2140017F810BDC04610B517F00DFD002801DD00200D
S21400180810BD012010BDC04610B517F0C1FC002859
S21400181801DC002010BD012010BDC04610B517F031
S214001828B7FC002801DA002010BD012010BDC04614
S214001838094B10B50400186818B1036A0BB918F0FC
S21400184845F80020132C06D8044BE400E35801336F
S21400185801D0024BE01810BD380A0020985400202A
S214001868F8B5040018F0DAF9132605000027301C2E
S214001878391CABBE061C2E602000F8BD10B5431CF4
S21400188801D1FFF7EDFF10BDF7B50C001600FFF706
S214001898CFFF050038B918F0C1F909230360012401
S2140018A864422000FEBD022E03D918F0B7F91623AD
S2140018B8F4E7012E12D14368E418F6D46F462B6875
S2140018C80A2600937C60301C391CABBE061C300010
S2140018D8FFF7D4FF0028E2DB6C60E2E70368022E1D
S2140018E8ECD16F4600930A36301C391CABBE061C7A
S2140018F83000FFF7C3FF24180130DFD1CFE710B55B
S214001908FFF7C2FF10BD37B50224019001AD201CB9
S214001918291CABBE041C2000FFF7B0FF3EBD00002C
S21400192870B50500FFF784FF040030B918F076F9A3
S214001938092303600120404270BD013D012D09D8EE
S214001948094B9A681B699A4204D101235B420360DB
S2140019580020F1E72068FFF7D6FF0028ECD1012326
S2140019685B422360E8E7C0469854002070B50C0038
S214001978FFF75EFF050030B918F050F90923036039
S2140019880120404270BD42F2000362680C261343F1
S214001998636040F20043A364301C291CABBE051CE0
S2140019A82800FFF76BFF431CEAD020610020E9E718
S2140019B870B50C00050058220021200018F0CEF85B
S2140019C828002100FFF7D2FF70BD70B5FFF730FF83
S2140019D80924050020B918F021F90460002070BD1C
S2140019E8201C291CABBE041C2000012CF7D018F0C4
S2140019F815F9132504000026281C311CABBE051C4F
S214001A082560EBE700000000000000000000000072
S214001A1800000000000000000000000000000000B9
S214001A2800000000000000000000000000000000A9
S214001A380000000000000000000000000000000099
S214001A480000000000000000000000000000000089
S214001A580000000000000000000000000000000079
S214001A680000000000000000000000000000000069
S214001A780000000000000000000000000000000059
S214001A880000000000000000000000000000000049
S214001A980000000000000000000000000000000039
S214001AA80000000000000000000000000000000029
S214001AB80000000000000000000000000000000019
S214001AC80000000000000000000000000000000009
S214001AD800000000000000000000000000000000F9
S214001AE800000000000000000000000000000000E9
S214001AF800000000000000000000000000000000D9
S214001B0800000000000000000000000000000000C8
S214001B1800000000000000000000000000000000B8
S214001B2800000000000000000000000000000000A8
S214001B380000000000000000000000000000000098
S214001B480000000000000000000000000000000088
S214001B580000000000000000000000000000000078
S214001B680000000000000000000000000000000068
S214001B780000000000000000000000000000000058
S214001B880000000000000000000000000000000048
S214001B980000000000000000000000000000000038
S214001BA80000000000000000000000000000000028
S214001BB80000000000000000000000000000000018
S214001BC80000000000000000000000000000000008
S214001BD800000000000000000000000000000000F8
S214001BE800000000000000000000000000000000E8
S214001BF800000000000000000000000000000000D8
S214001C0800000000000000000000000000000000C7
S214001C1800000000000000000000000000000000B7
S214001C2800000000000000000000000000000000A7
S214001C380000000000000000000000000000000097
S214001C480000000000000000000000000000000087
S214001C580000000000000000000000000000000077
S214001C680000000000000000000000000000000067
S214001C780000000000000000000000000000000057
S214001C880000000000000000000000000000000047
S214001C980000000000000000000000000000000037
S214001CA80000000000000000000000000000000027
S214001CB80000000000000000000000000000000017
S214001CC80000000000000000000000000000000007
S214001CD800000000000000000000000000000000F7
S214001CE800000000000000000000000000000000E7
S214001CF800000000000000000000000000000000D7
S214001D0800000000000000000000000000000000C6
S214001D1800000000000000000000000000000000B6
S214001D2800000000000000000000000000000000A6
S214001D380000000000000000000000000000000096
S214001D480000000000000000000000000000000086
S214001D580000000000000000000000000000000076
S214001D680000000000000000000000000000000066
S214001D780000000000000000000000000000000056
S214001D880000000000000000000000000000000046
S214001D980000000000000000000000000000000036
S214001DA80000000000000000000000000000000026
S214001DB80000000000000000000000000000000016
S214001DC80000000000000000000000000000000006
S214001DD800000000000000000000000000000000F6
S214001DE800000000000000000000000000000000E6
S214001DF800000000000000000000000000000000D6
S214001E0800000000000000000000000000000000C5
S214001E1800000000000000000000000000000000B5
S214001E2800000000000000000000000000000000A5
S214001E380000000000000000000000000000000095
S214001E480000000000000000000000000000000085
S214001E580000000000000000000000000000000075
S214001E680000000000000000000000000000000065
S214001E780000000000000000000000000000000055
S214001E880000000000000000000000000000000045
S214001E980000000000000000000000000000000035
S214001EA80000000000000000000000000000000025
S214001EB80000000000000000000000000000000015
S214001EC80000000000000000000000000000000005
S214001ED800000000000000000000000000000000F5
S214001EE800000000000000000000000000000000E5
S214001EF800000000000000000000000000000000D5
S214001F0800000000000000000000000000000000C4
S214001F1800000000000000000000000000000000B4
S214001F2800000000000000000000000000000000A4
S214001F380000000000000000000000000000000094
S214001F480000000000000000000000000000000084
S214001F580000000000000000000000000000000074
S214001F680000000000000000000000000000000064
S214001F780000000000000000000000000000000054
S214001F880000000000000000000000000000000044
S214001F980000000000000000000000000000000034
S214001FA80000000000000000000000000000000024
S214001FB80000000000000000000000000000000014
S214001FC80000000000000000000000000000000004
S214001FD800000000000000000000000000000000F4
S214001FE800000000000000000000000000000000E4
S214001FF800000000000000000000000000000000D4
S21400200800000000000000000000000000000000C3
S21400201800000000000000000000000000000000B3
S21400202800000000000000000000000000000000A3
S2140020380000000000000000000000000000000093
S2140020480000000000000000000000000000000083
S2140020580000000000000000000000000000000073
S2140020680000000000000000000000000000000063
S2140020780000000000000000000000000000000053
S2140020880000000000000000000000000000000043
S2140020980000000000000000000000000000000033
S2140020A80000000000000000000000000000000023
S2140020B80000000000000000000000000000000013
S2140020C80000000000000000000000000000000003
S2140020D800000000000000000000000000000000F3
S2140020E800000000000000000000000000000000E3
S2140020F800000000000000000000000000000000D3
S21400210800000000000000000000000000000000C2
S21400211800000000000000000000000000000000B2
S21400212800000000000000000000000000000000A2
S2140021380000000000000000000000000000000092
S2140021480000000000000000000000000000000082
S2140021580000000000000000000000000000000072
S2140021680000000000000000000000000000000062
S2140021780000000000000000000000000000000052
S2140021880000000000000000000000000000000042
S2140021980000000000000000000000000000000032
S2140021A80000000000000000000000000000000022
S2140021B80000000000000000000000000000000012
S2140021C80000000000000000000000000000000002
S2140021D800000000000000000000000000000000F2
S2140021E800000000000000000000000000000000E2
S2140021F800000000000000000000000000000000D2
S21400220800000000000000000000000000000000C1
S21400221800000000000000000000000000000000B1
S21400222800000000000000000000000000000000A1
S2140022380000000000000000000000000000000091
S2140022480000000000000000000000000000000081
S2140022580000000000000000000000000000000071
S2140022680000000000000000000000000000000061
S2140022780000000000000000000000000000000051
S2140022880000000000000000000000000000000041
S2140022980000000000000000000000000000000031
S2140022A80000000000000000000000000000000021
S2140022B80000000000000000000000000000000011
S2140022C80000000000000000000000000000000001
S2140022D800000000000000000000000000000000F1
S2140022E800000000000000000000000000000000E1
S2140022F800000000000000000000000000000000D1
S21400230800000000000000000000000000000000C0
S21400231800000000000000000000000000000000B0
S21400232800000000000000000000000000000000A0
S2140023380000000000000000000000000000000090
S2140023480000000000000000000000000000000080
S2140023580000000000000000000000000000000070
S2140023680000000000000000000000000000000060
S2140023780000000000000000000000000000000050
S2140023880000000000000000000000000000000040
S2140023980000000000000000000000000000000030
S2140023A80000000000000000000000000000000020
S2140023B80000000000000000000000000000000010
S2140023C80000000000000000000000000000000000
S2140023D800000000000000000000000000000000F0
S2140023E800000000000000000000000000000000E0
S2140023F800000000000000000000000000000000D0
S21400240800000000000000000000000000000000BF
S21400241800000000000000000000000000000000AF
S214002428000000000000000000000000000000009F
S214002438000000000000000000000000000000008F
S214002448000000000000000000000000000000007F
S214002458000000000000000000000000000000006F
S214002468000000000000000000000000000000005F
S214002478000000000000000000000000000000004F
S214002488000000000000000000000000000000003F
S214002498000000000000000000000000000000002F
S2140024A8000000000000000000000000000000001F
S2140024B8000000000000000000000000000000000F
S2140024C800000000000000000000000000000000FF
S2140024D800000000000000000000000000000000EF
S2140024E800000000000000000000000000000000DF
S2140024F800000000000000000000000000000000CF
S21400250800000000000000000000000000000000BE
S21400251800000000000000000000000000000000AE
S214002528000000000000000000000000000000009E
S214002538000000000000000000000000000000008E
S214002548000000000000000000000000000000007E
S214002558000000000000000000000000000000006E
S214002568000000000000000000000000000000005E
S214002578000000000000000000000000000000004E
S214002588000000000000000000000000000000003E
S214002598000000000000000000000000000000002E
S2140025A8000000000000000000000000000000001E
S2140025B8000000000000000000000000000000000E
S2140025C800000000000000000000000000000000FE
S2140025D800000000000000000000000000000000EE
S2140025E800000000000000000000000000000000DE
S2140025F800000000000000000000000000000000CE
S21400260800000000000000000000000000000000BD
S21400261800000000000000000000000000000000AD
S214002628000000000000000000000000000000009D
S214002638000000000000000000000000000000008D
S214002648000000000000000000000000000000007D
S214002658000000000000000000000000000000006D
S214002668000000000000000000000000000000005D
S214002678000000000000000000000000000000004D
S214002688000000000000000000000000000000003D
S214002698000000000000000000000000000000002D
S2140026A8000000000000000000000000000000001D
S2140026B8000000000000000000000000000000000D
S2140026C800000000000000000000000000000000FD
S2140026D800000000000000000000000000000000ED
S2140026E800000000000000000000000000000000DD
S2140026F800000000000000000000000000000000CD
S21400270800000000000000000000000000000000BC
S21400271800000000000000000000000000000000AC
S214002728000000000000000000000000000000009C
S214002738000000000000000000000000000000008C
S214002748000000000000000000000000000000007C
S214002758000000000000000000000000000000006C
S214002768000000000000000000000000000000005C
S214002778000000000000000000000000000000004C
S214002788000000000000000000000000000000003C
S214002798000000000000000000000000000000002C
S2140027A8000000000000000000000000000000001C
S2140027B8000000000000000000000000000000000C
S2140027C800000000000000000000000000000000FC
S2140027D800000000000000000000000000000000EC
S2140027E800000000000000000000000000000000DC
S2140027F800000000000000000000000000000000CC
S21400280800000000000000000000000000000000BB
S21400281800000000000000000000000000000000AB
S214002828000000000000000000000000000000009B
S214002838000000000000000000000000000000008B
S214002848000000000000000000000000000000007B
S214002858000000000000000000000000000000006B
S214002868000000000000000000000000000000005B
S214002878000000000000000000000000000000004B
S214002888000000000000000000000000000000003B
S214002898000000000000000000000000000000002B
S2140028A8000000000000000000000000000000001B
S2140028B8000000000000000000000000000000000B
S2140028C800000000000000000000000000000000FB
S2140028D800000000000000000000000000000000EB
S2140028E800000000000000000000000000000000DB
S2140028F800000000000000000000000000000000CB
S21400290800000000000000000000000000000000BA
S21400291800000000000000000000000000000000AA
S214002928000000000000000000000000000000009A
S214002938000000000000000000000000000000008A
S214002948000000000000000000000000000000007A
S214002958000000000000000000000000000000006A
S214002968000000000000000000000000000000005A
S214002978000000000000000000000000000000004A
S214002988000000000000000000000000000000003A
S214002998000000000000000000000000000000002A
S2140029A8000000000000000000000000000000001A
S2140029B8000000000000000000000000000000000A
S2140029C800000000000000000000000000000000FA
S2140029D800000000000000000000000000000000EA
S2140029E800000000000000000000000000000000DA
S2140029F800000000000000000000000000000000CA
S214002A0800000000000000000000000000000000B9
S214002A1800000000000000000000000000000000A9
S214002A280000000000000000000000000000000099
S214002A380000000000000000000000000000000089
S214002A480000000000000000000000000000000079
S214002A580000000000000000000000000000000069
S214002A680000000000000000000000000000000059
S214002A780000000000000000000000000000000049
S214002A880000000000000000000000000000000039
S214002A980000000000000000000000000000000029
S214002AA80000000000000000000000000000000019
S214002AB80000000000000000000000000000000009
S214002AC800000000000000000000000000000000F9
S214002AD800000000000000000000000000000000E9
S214002AE800000000000000000000000000000000D9
S214002AF800000000000000000000000000000000C9
S214002B0800000000000000000000000000000000B8
S214002B1800000000000000000000000000000000A8
S214002B280000000000000000000000000000000098
S214002B380000000000000000000000000000000088
S214002B480000000000000000000000000000000078
S214002B580000000000000000000000000000000068
S214002B680000000000000000000000000000000058
S214002B780000000000000000000000000000000048
S214002B880000000000000000000000000000000038
S214002B980000000000000000000000000000000028
S214002BA80000000000000000000000000000000018
S214002BB80000000000000000000000000000000008
S214002BC800000000000000000000000000000000F8
S214002BD800000000000000000000000000000000E8
S214002BE800000000000000000000000000000000D8
S214002BF800000000000000000000000000000000C8
S214002C0800000000000000000000000000000000B7
S214002C1800000000000000000000000000000000A7
S214002C280000000000000000000000000000000097
S214002C380000000000000000000000000000000087
S214002C480000000000000000000000000000000077
S214002C580000000000000000000000000000000067
S214002C680000000000000000000000000000000057
S214002C780000000000000000000000000000000047
S214002C880000000000000000000000000000000037
S214002C980000000000000000000000000000000027
S214002CA80000000000000000000000000000000017
S214002CB80000000000000000000000000000000007
S214002CC800000000000000000000000000000000F7
S214002CD800000000000000000000000000000000E7
S214002CE800000000000000000000000000000000D7
S214002CF800000000000000000000000000000000C7
S214002D0800000000000000000000000000000000B6
S214002D1800000000000000000000000000000000A6
S214002D280000000000000000000000000000000096
S214002D380000000000000000000000000000000086
S214002D480000000000000000000000000000000076
S214002D580000000000000000000000000000000066
S214002D680000000000000000000000000000000056
S214002D780000000000000000000000000000000046
S214002D880000000000000000000000000000000036
S214002D980000000000000000000000000000000026
S214002DA80000000000000000000000000000000016
S214002DB80000000000000000000000000000000006
S214002DC800000000000000000000000000000000F6
S214002DD800000000000000000000000000000000E6
S214002DE800000000000000000000000000000000D6
S214002DF800000000000000000000000000000000C6
S214002E0800000000000000000000000000000000B5
S214002E1800000000000000000000000000000000A5
S214002E280000000000000000000000000000000095
S214002E380000000000000000000000000000000085
S214002E480000000000000000000000000000000075
S214002E580000000000000000000000000000000065
S214002E680000000000000000000000000000000055
S214002E780000000000000000000000000000000045
S214002E880000000000000000000000000000000035
S214002E980000000000000000000000000000000025
S214002EA80000000000000000000000000000000015
S214002EB80000000000000000000000000000000005
S214002EC800000000000000000000000000000000F5
S214002ED800000000000000000000000000000000E5
S214002EE800000000000000000000000000000000D5
S214002EF800000000000000000000000000000000C5
S214002F0800000000000000000000000000000000B4
S214002F1800000000000000000000000000000000A4
S214002F280000000000000000000000000000000094
S214002F380000000000000000000000000000000084
S214002F480000000000000000000000000000000074
S214002F580000000000000000000000000000000064
S214002F680000000000000000000000000000000054
S214002F780000000000000000000000000000000044
S214002F880000000000000000000000000000000034
S214002F980000000000000000000000000000000024
S214002FA80000000000000000000000000000000014
S214002FB80000000000000000000000000000000004
S214002FC800000000000000000000000000000000F4
S214002FD800000000000000000000000000000000E4
S214002FE800000000000000000000000000000000D4
S214002FF800000000000000000000000000000000C4
S21400300800000000000000000000000000000000B3
S21400301800000000000000000000000000000000A3
S2140030280000000000000000000000000000000093
S2140030380000000000000000000000000000000083
S2140030480000000000000000000000000000000073
S2140030580000000000000000000000000000000063
S2140030680000000000000000000000000000000053
S2140030780000000000000000000000000000000043
S2140030880000000000000000000000000000000033
S2140030980000000000000000000000000000000023
S2140030A80000000000000000000000000000000013
S2140030B80000000000000000000000000000000003
S2140030C800000000000000000000000000000000F3
S2140030D800000000000000000000000000000000E3
S2140030E800000000000000000000000000000000D3
S2140030F800000000000000000000000000000000C3
S21400310800000000000000000000000000000000B2
S21400311800000000000000000000000000000000A2
S2140031280000000000000000000000000000000092
S2140031380000000000000000000000000000000082
S2140031480000000000000000000000000000000072
S2140031580000000000000000000000000000000062
S2140031680000000000000000000000000000000052
S2140031780000000000000000000000000000000042
S2140031880000000000000000000000000000000032
S2140031980000000000000000000000000000000022
S2140031A80000000000000000000000000000000012
S2140031B80000000000000000000000000000000002
S2140031C800000000000000000000000000000000F2
S2140031D800000000000000000000000000000000E2
S2140031E800000000000000000000000000000000D2
S2140031F800000000000000000000000000000000C2
S21400320800000000000000000000000000000000B1
S21400321800000000000000000000000000000000A1
S2140032280000000000000000000000000000000091
S2140032380000000000000000000000000000000081
S2140032480000000000000000000000000000000071
S2140032580000000000000000000000000000000061
S2140032680000000000000000000000000000000051
S2140032780000000000000000000000000000000041
S2140032880000000000000000000000000000000031
S2140032980000000000000000000000000000000021
S2140032A80000000000000000000000000000000011
S2140032B80000000000000000000000000000000001
S2140032C800000000000000000000000000000000F1
S2140032D800000000000000000000000000000000E1
S2140032E800000000000000000000000000000000D1
S2140032F800000000000000000000000000000000C1
S21400330800000000000000000000000000000000B0
S21400331800000000000000000000000000000000A0
S2140033280000000000000000000000000000000090
S2140033380000000000000000000000000000000080
S2140033480000000000000000000000000000000070
S2140033580000000000000000000000000000000060
S2140033680000000000000000000000000000000050
S2140033780000000000000000000000000000000040
S2140033880000000000000000000000000000000030
S2140033980000000000000000000000000000000020
S2140033A80000000000000000000000000000000010
S2140033B80000000000000000000000000000000000
S2140033C800000000000000000000000000000000F0
S2140033D800000000000000000000000000000000E0
S2140033E800000000000000000000000000000000D0
S2140033F800000000000000000000000000000000C0
S21400340800000000000000000000000000000000AF
S214003418000000000000000000000000000000009F
S214003428000000000000000000000000000000008F
S214003438000000000000000000000000000000007F
S214003448000000000000000000000000000000006F
S214003458000000000000000000000000000000005F
S214003468000000000000000000000000000000004F
S214003478000000000000000000000000000000003F
S214003488000000000000000000000000000000002F
S214003498000000000000000000000000000000001F
S2140034A8000000000000000000000000000000000F
S2140034B800000000000000000000000000000000FF
S2140034C800000000000000000000000000000000EF
S2140034D800000000000000000000000000000000DF
S2140034E800000000000000000000000000000000CF
S2140034F800000000000000000000000000000000BF
S21400350800000000000000000000000000000000AE
S214003518000000000000000000000000000000009E
S214003528000000000000000000000000000000008E
S214003538000000000000000000000000000000007E
S214003548000000000000000000000000000000006E
S214003558000000000000000000000000000000005E
S214003568000000000000000000000000000000004E
S214003578000000000000000000000000000000003E
S214003588000000000000000000000000000000002E
S214003598000000000000000000000000000000001E
S2140035A8000000000000000000000000000000000E
S2140035B800000000000000000000000000000000FE
S2140035C800000000000000000000000000000000EE
S2140035D800000000000000000000000000000000DE
S2140035E800000000000000000000000000000000CE
S2140035F800000000000000000000000000000000BE
S21400360800000000000000000000000000000000AD
S214003618000000000000000000000000000000009D
S214003628000000000000000000000000000000008D
S214003638000000000000000000000000000000007D
S214003648000000000000000000000000000000006D
S214003658000000000000000000000000000000005D
S214003668000000000000000000000000000000004D
S214003678000000000000000000000000000000003D
S214003688000000000000000000000000000000002D
S214003698000000000000000000000000000000001D
S2140036A8000000000000000000000000000000000D
S2140036B800000000000000000000000000000000FD
S2140036C800000000000000000000000000000000ED
S2140036D800000000000000000000000000000000DD
S2140036E800000000000000000000000000000000CD
S2140036F800000000000000000000000000000000BD
S21400370800000000000000000000000000000000AC
S214003718000000000000000000000000000000009C
S214003728000000000000000000000000000000008C
S214003738000000000000000000000000000000007C
S214003748000000000000000000000000000000006C
S214003758000000000000000000000000000000005C
S214003768000000000000000000000000000000004C
S214003778000000000000000000000000000000003C
S214003788000000000000000000000000000000002C
S214003798000000000000000000000000000000001C
S2140037A8000000000000000000000000000000000C
S2140037B800000000000000000000000000000000FC
S2140037C800000000000000000000000000000000EC
S2140037D800000000000000000000000000000000DC
S2140037E800000000000000000000000000000000CC
S2140037F800000000000000000000000000000000BC
S21400380800000000000000000000000000000000AB
S214003818000000000000000000000000000000009B
S214003828000000000000000000000000000000008B
S214003838000000000000000000000000000000007B
S214003848000000000000000000000000000000006B
S214003858000000000000000000000000000000005B
S214003868000000000000000000000000000000004B
S214003878000000000000000000000000000000003B
S214003888000000000000000000000000000000002B
S214003898000000000000000000000000000000001B
S2140038A8000000000000000000000000000000000B
S2140038B800000000000000000000000000000000FB
S2140038C800000000000000000000000000000000EB
S2140038D800000000000000000000000000000000DB
S2140038E800000000000000000000000000000000CB
S2140038F800000000000000000000000000000000BB
S21400390800000000000000000000000000000000AA
S214003918000000000000000000000000000000009A
S214003928000000000000000000000000000000008A
S214003938000000000000000000000000000000007A
S214003948000000000000000000000000000000006A
S214003958000000000000000000000000000000005A
S214003968000000000000000000000000000000004A
S214003978000000000000000000000000000000003A
S214003988000000000000000000000000000000002A
S214003998000000000000000000000000000000001A
S2140039A8000000000000000000000000000000000A
S2140039B800000000000000000000000000000000FA
S2140039C800000000000000000000000000000000EA
S2140039D800000000000000000000000000000000DA
S2140039E800000000000000000000000000000000CA
S2140039F800000000000000000000000000000000BA
S214003A0800000000000000000000000000000000A9
S214003A180000000000000000000000000000000099
S214003A280000000000000000000000000000000089
S214003A380000000000000000000000000000000079
S214003A480000000000000000000000000000000069
S214003A580000000000000000000000000000000059
S214003A680000000000000000000000000000000049
S214003A780000000000000000000000000000000039
S214003A880000000000000000000000000000000029
S214003A980000000000000000000000000000000019
S214003AA80000000000000000000000000000000009
S214003AB800000000000000000000000000000000F9
S214003AC800000000000000000000000000000000E9
S214003AD800000000000000000000000000000000D9
S214003AE800000000000000000000000000000000C9
S214003AF800000000000000000000000000000000B9
S214003B0800000000000000000000000000000000A8
S214003B180000000000000000000000000000000098
S214003B280000000000000000000000000000000088
S214003B380000000000000000000000000000000078
S214003B480000000000000000000000000000000068
S214003B580000000000000000000000000000000058
S214003B680000000000000000000000000000000048
S214003B780000000000000000000000000000000038
S214003B880000000000000000000000000000000028
S214003B980000000000000000000000000000000018
S214003BA80000000000000000000000000000000008
S214003BB800000000000000000000000000000000F8
S214003BC800000000000000000000000000000000E8
S214003BD800000000000000000000000000000000D8
S214003BE800000000000000000000000000000000C8
S214003BF800000000000000000000000000000000B8
S214003C0800000000000000000000000000000000A7
S214003C180000000000000000000000000000000097
S214003C280000000000000000000000000000000087
S214003C380000000000000000000000000000000077
S214003C480000000000000000000000000000000067
S214003C580000000000000000000000000000000057
S214003C680000000000000000000000000000000047
S214003C780000000000000000000000000000000037
S214003C880000000000000000000000000000000027
S214003C980000000000000000000000000000000017
S214003CA80000000000000000000000000000000007
S214003CB800000000000000000000000000000000F7
S214003CC800000000000000000000000000000000E7
S214003CD800000000000000000000000000000000D7
S214003CE800000000000000000000000000000000C7
S214003CF800000000000000000000000000000000B7
S214003D0800000000000000000000000000000000A6
S214003D180000000000000000000000000000000096
S214003D280000000000000000000000000000000086
S214003D380000000000000000000000000000000076
S214003D480000000000000000000000000000000066
S214003D580000000000000000000000000000000056
S214003D680000000000000000000000000000000046
S214003D780000000000000000000000000000000036
S214003D880000000000000000000000000000000026
S214003D980000000000000000000000000000000016
S214003DA80000000000000000000000000000000006
S214003DB800000000000000000000000000000000F6
S214003DC800000000000000000000000000000000E6
S214003DD800000000000000000000000000000000D6
S214003DE800000000000000000000000000000000C6
S214003DF800000000000000000000000000000000B6
S214003E0800000000000000000000000000000000A5
S214003E180000000000000000000000000000000095
S214003E280000000000000000000000000000000085
S214003E380000000000000000000000000000000075
S214003E480000000000000000000000000000000065
S214003E580000000000000000000000000000000055
S214003E680000000000000000000000000000000045
S214003E780000000000000000000000000000000035
S214003E880000000000000000000000000000000025
S214003E980000000000000000000000000000000015
S214003EA80000000000000000000000000000000005
S214003EB800000000000000000000000000000000F5
S214003EC800000000000000000000000000000000E5
S214003ED800000000000000000000000000000000D5
S214003EE800000000000000000000000000000000C5
S214003EF800000000000000000000000000000000B5
S214003F0800000000000000000000000000000000A4
S214003F180000000000000000000000000000000094
S214003F280000000000000000000000000000000084
S214003F380000000000000000000000000000000074
S214003F480000000000000000000000000000000064
S214003F580000000000000000000000000000000054
S214003F680000000000000000000000000000000044
S214003F780000000000000000000000000000000034
S214003F880000000000000000000000000000000024
S214003F980000000000000000000000000000000014
S214003FA80000000000000000000000000000000004
S214003FB800000000000000000000000000000000F4
S214003FC800000000000000000000000000000000E4
S214003FD800000000000000000000000000000000D4
S214003FE800000000000000000000000000000000C4
S214003FF8000000000000000040F2084040F20843BD
S214004008C0F20000C0F2000310B5834205D040F2AB
S2140040180003C0F2000303B1984710BD40F2084001
S21400402840F20843C0F20000C0F200031B1A9A10C0
S214004038D90F8918491010B529B140F20003C0F20B
S214004048000303B1984710BD10B541F2A064C2F250
S2140040580004237873B9FFF7CFFF40F20003C0F2DD
S21400406800032BB140F20840C0F2000000E000BF99
S2140040780123237010BDC04640F20003C0F20003BF
S21400408810B54BB141F2A46140F20840C2F20001FB
S214004098C0F2000000E000BFFFF7C0FF10BDC0463A
S2140040A810B5054C23782BB90449054816F0E4F8F2
S2140040B80123237010BDC046BC16002028BB010093
S2140040C88051002037B56B46C40AE402DD1D2B007C
S2140040D840F600022100064816F0DEF830B92A78C5
S2140040E8012A03D12100024816F0DEF83EBDC0467C
S2140040F880510020F8B5032540F60007FFF7D0FFEB
S21400410872B6BFF34F8FBFF36F8F104E3068FFF74E
S214004118D9FF040030B940F600030D4932680D484F
S21400412816F0B2F862B6BFF34F8FBFF36F8F2CB995
S2140041383A000748316815F003FD28B1013DEDB295
S214004148002DDBD1FF20F8BD2000FCE7C0160020BC
S214004158C4160020805100200122064B524210B59A
S21400416800211A600448413215F0F8FC0022034B7F
S2140041781A7010BDC0160020C81E0020C41E0020DD
S21400418830B5084D04002B78FF20072B09D88C4241
S21400419807D20548DA00145012180020013351607F
S2140041A82B7030BDC41E0020C81E00200139091817
S2140041B830B50400FF208C4206D80A4B0A4A187805
S2140041C80023984201D1002030BD15688D4202D8E0
S2140041D85568A54203D20133DBB20832F1E7FF2067
S2140041E8F2E7C046C41E0020C81E0020F0B585B001
S2140041F80F00FF24009002920393CAB1C1B1FFF7E3
S214004208D5FFA8B9009B2C4EDD0A3368ED025A1C70
S21400421819D0AB420FD1002400254CB9DFB93DB107
S214004228039B2BB9FFF766FF012304005B4233604C
S214004238200005B0F0BDFFF75DFF01235B420400D8
S21400424833600028E8D140F6000229001B4815F024
S214004258EEFC3560DFE740F60001009B164A5B057A
S2140042685B0D181D8018FA183D008A4200D9CD1A31
S2140042782A00029915F0DBFC009B7F1B5B19009354
S214004288029B5B190293009BDB0ADB020193019AEF
S21400429833689342C2D0FFF72DFF040047B140F6BB
S2140042A800020648019915F0C2FC019B3360B3E78B
S2140042B801235B420193F8E7C0160020C4160020CD
S2140042C8F7B505000E000E480E490192FDF78EF868
S2140042D8040060B90C4F320038702900019B08486A
S2140042E8FCF7B7FF040010B93B78002BFCD0044855
S2140042F8FCF7F7FD044363425C41E0B2FEBDC046EE
S214004308A44F002098BA0100091F0020F7B507003F
S2140043180E00104810491500FDF768F8040078B933
S2140043286B4639000B4801AAFCF7CAFD040038B9E9
S214004338009BAB420CD32A003000019915F077FC9D
S2140043480448FCF7CEFD044363425C41E0B2FEBD80
S2140043580324F5E7A44F002098BA010010B50949D0
S2140043680948FDF743F8040020B901000648FDF7A0
S21400437827F804000448FCF7B4FD2043434258419C
S214004388C0B210BD98BA0100A44F00200122014B0C
S2140043981A707047091F0020F7B505000E000E4872
S2140043A80E490192FDF722F8040060B90C4F32005E
S2140043B838702900019B0848FCF74BFF040010B929
S2140043C83B78002BFCD00448FCF78BFD0443634283
S2140043D85C41E0B2FEBDC046A4500020E0BA010031
S2140043E8081F0020F7B507000E00104810491500F2
S2140043F8FCF7FCFF040078B96B4639000B4801AAA5
S214004408FCF75EFD040038B9009BAB420CD32A00CB
S2140044183000019915F00BFC0448FCF762FD0443D4
S21400442863425C41E0B2FEBD0324F5E7A4500020D9
S214004438E0BA010010B50A490A48FCF7D7FF04009D
S21400444808B10E2804D100210648FCF7B9FF04007D
S2140044580448FCF746FD204343425841C0B210BD0D
S214004468E0BA0100A45000200122014B1A707047E0
S214004478081F00200022034B9A560AB901321A7008
S2140044887047C046101F0020034B00201A780AB158
S214004498187001307047C046441F0020024B187839
S2140044A8431E9841C0B27047441F002010B5034B06
S2140044B81B689B780BB115F03BFA10BDE00900208D
S2140044C870B52C4B04001B785BB283B12A4800F009
S2140044D8C3FA60B9284800F01BFB050040B1082C59
S2140044E805D1254800F0DFFA2000FFF7DFFF70BD92
S2140044F82300613B192B06D8203CE4B221001E4855
S21400450800F017FB30E00A2C06D00D2C1AD0082C29
S21400451823D0202CEBD0F1E72100174800F009FB48
S2140045282000164CFFF7C2FF2378002BDFD0124876
S21400453800F0B9FA104800F0B6FA0122104B2570C0
S2140045481A70D4E721000C4800F0F3FA2000FFF7B1
S214004558ADFF0122094B1A70C9E7074800F0CFFAE9
S21400456828B9054800F09FFA2000FFF79FFF0022B1
S214004578024BF0E7101F0020381F00200A1F0020FB
S214004588441F00200320024B1B6818567047C0467D
S214004598E009002010B50A4C2368DB7813B10948F7
S2140045A80DF08BFE142223689988074B4A431B6834
S2140045B89B1818690DF081FE04480DF07EFE10BDAC
S2140045C8E0090020C0A201000C1F002044A301003F
S2140045D810B50E4B1B685C78082C16D0DB7813B128
S2140045E80B480DF06AFE230034B10123042C03D0D7
S2140045F80333072C00D1023B064ADB009B18586899
S2140046080DF05BFE02480DF058FE10BDE0090020D4
S214004618C0A2010074AA010010B502480DF04DFEB4
S21400462810BDC046C0A2010010B51C00094B1A6098
S21400463870B100290CDD0A000100074800F001FAF5
S214004648064A074BD4801A600023136000F0A6F8C9
S21400465810BDC0460C1F0020381F0020141F002065
S214004668E00900200022024B1B681A807047C046EB
S214004678E009002083B270B50400064D012B04D86B
S214004688FFF7F0FF2B68DC7070BD40F200422B6825
S2140046981A80F9E7E009002040F20142014B1B6846
S2140046A81A807047E009002070B5284800F0D4F951
S2140046B820B10220264B1B68187070BD234800F0F6
S2140046C816FAFFF7E9FF214800F019FA040058B96E
S2140046D81E4800F0CBF91F4BE3181B785BB28342E9
S2140046E80FD10134042CF3D1FFF772FF174800F0FE
S2140046F802FA164800F0ACF90020154B1B6818564D
S214004708DBE7E4B2124B022C04D0032C19D1FFF7D6
S214004718A9FFE9E72B2807D00C4800F0E2F90100CA
S2140047280D4800F07CF9DFE71B680848DD880B4B6E
S2140047381C6800F0D6F929000200200000F0C0F836
S214004748D2E700221B681A70CEE7C046381F002042
S214004758E0090020A4AA010094AA01000C1F00206A
S214004768014B1B6818707047E0090020014B1B6856
S21400477818787047E0090020014B1B68587070478E
S214004788E0090020014B1B6898807047E00900206C
S214004798014B1B6898887047E009002010B5054B48
S2140047A8186800F0DEF914220349044800F052FAAB
S2140047B810BDC046E4090020451F00205C1F0020ED
S2140047C810B5024B186800F0FEF910BDE409002089
S2140047D8002370B50360013B0B80074B0500186883
S2140047E80C0000F0C9F930B143682B600822835EDC
S2140047F8238000F017FA70BDE409002010B5044BBA
S214004808186800F0B9F900B910BD00F00BFAF6E721
S214004818E4090020C0B20300303BDBB2092B01D804
S21400482858B270470300413B052B02D8373840B2D0
S214004838F7E701204042F4E7002310B5C2560AB94C
S21400484818B210BD5C1C8A42FAD02300F6E70000B6
S214004858F7B50022040003000191009200269E5737
S2140048688EB9009B9E420CDA20000199FFF7E4FF00
S214004878124F051E13DC386800F0A5F908B1FFF7DB
S214004888BDFF0020FEBD019A964202D001229A562C
S2140048981AB9009A013252B200920133DEE70023B9
S2140048A8235400F099F9013605814460010001356A
S2140048B8386800F079F9641976B2D2E7E40900207E
S2140048C8F0B5050085B0012016000391FFF748FFF4
S2140048D80420FFF751FF00230193019B039A93429C
S2140048E801DB05B0F0BDAC89002C3DD022003100BC
S2140048F8286915F03BF9029038BB6B460027988864
S2140049083419FFF73FFFE7573D2F07D03F2F31D029
S214004918002F43D00220FFF723FF16E00123E356BB
S2140049289BB12C21601CFFF793FF0520FFF718FFAB
S2140049382B6843B13000984704000298FFF710FF31
S2140049482000FFF719FFFFF759FFFFF70FFF0028B2
S214004958C7D0FFF70BFF0528C3D0FFF707FF0228CD
S21400496802D10138FFF7FCFE019B143501331BB258
S2140049780193B2E7647864B2002CE6D10520FFF70D
S214004988EFFE6B68002BE0D0300098470700200049
S214004998FFF7E6FE3800FFF7EFFED6E70520FFF73D
S2140049A8DFFEAB68002BD0D03000984704003800F4
S2140049B8FFF7D6FE2000EEE7C3B21A00303A012011
S2140049C8092A06D900200522413BDBB29A4240411B
S2140049D8C0B2704770B505000E0000242B5720B2F1
S2140049E803B970BDB342FCD01800FFF7E5FF0134E9
S2140049F80028F3D109204042F3E710B50400FFF77A
S214004A08E9FF012804D100202056FFF703FF10BD58
S214004A18431C01DA40B2FAE701204042F7E710B536
S214004A2804000023E3564BB100228A569A4206D168
S214004A38481C0021FFF7E1FF6368984710BD08345B
S214004A48EFE720B1002382800360C380816070474F
S214004A5808B1002303607047030000202BB106202E
S214004A681856013843425841C0B2704770B5050021
S214004A78C0B10023C45E0222835E0020A34211D088
S214004A882800FFF7E9FF04216B5E013494FBF3F17D
S214004A9802004B43A968E31AC85CCC181BB202B9DB
S214004AA822702B8070BD70B50400C8B10223C55EA5
S214004AB80022835E0020AB4212D02000FFF7CCFF16
S214004AC80300002063B9A268505D53550222A35E16
S214004AD80421625E013B93FBF2F14A439B1A638012
S214004AE870BD18B10022835E8068C018704708B190
S214004AF801238371704708B1002383717047002231
S214004B08835E0222805E181A43425841C0B270473C
S214004B180222835E0421425E013393FBF2F14A438C
S214004B289B1A0022805E1BB2C01A43425841C0B28C
S214004B38704770B504000D0090B1FFF7E9FF78B92B
S214004B482000FFF789FF58B90222A35E0421625E9F
S214004B58013393FBF2F14A439B1AA2686380D5544B
S214004B6870BD002303607047006820B1030000682A
S214004B780028FBD1180070470300006808B10268D7
S214004B881A60704703682BB18B4204D10B68036028
S214004B9800230B6070471A001B68002BFAD0994256
S214004BA8F9D10B681360F3E770B505000C00FFF742
S214004BB8E9FF002328002360FFF7D6FF08B92C601A
S214004BC870BD0460FCE70368002003B97047013035
S214004BD81B6800B2F9E70000F0B5104B1B785BB213
S214004BE81800B3B100200E4A0823D15E814210DDBA
S214004BF855680A23D65E2B0010685C1B24B2A642B2
S214004C0807DD0027DF575C1C27B90139118101220F
S214004C181A70F0BD23000C30EFE7C0465C20002079
S214004C285020002010B570B1094A0A23D45E00232C
S214004C3811689C4207DD814206D111890131118134
S214004C4800215268D15410BD01331BB20C31F0E775
S214004C5850200020002310B5074CE35653B9002A0D
S214004C6808DD38B131B1054B186059601A815A8190
S214004C780123237010BDC0465C2000205020002071
S214004C8810B50CF0D9FC10BD37B506AC2478079DD6
S214004C98009401950CF0D6FC37BD10B50CF0DAFC84
S214004CA810BD10B50CF0ECFC10BD000082B013B5BA
S214004CB8C918059305AB9C88A21840F2E73493B24E
S214004CC812B2A24203DD054A01319B181AB20160EE
S214004CD8828016BC08BC02B01847C04618FCFFFF06
S214004CE882B013B5C91A059305AB9B88D21A93B23E
S214004CF814B2120404D540F2E8329B1801391CB2EB
S214004D080160848016BC08BC02B018471FB5002393
S214004D18009002AC03A801910293A3800DF006FA56
S214004D28009BA288181A6B469B889B1A9AB219B2DF
S214004D381B0404D540F2E833D218013811B2024BEE
S214004D48186099801FBDC0466020002013B5002358
S214004D586A46040001A8938000930DF0E7F90A4B11
S214004D6840F2E7311A689B8880186A4692889B1832
S214004D789AB21BB28B4203DD044B0130D3181BB228
S214004D882060A380200016BD6020002018FCFFFFCE
S214004D9837B500236D46040001A80093AB800DF0DC
S214004DA8C5F92300009006CD06C320003EBD0000CE
S214004DB80C4B13B51A689B88801AC91A8BB20CB2AA
S214004DC8090404D540F2E8329B1801381CB240F2B8
S214004DD8E8320023002113F0A5FF2200E31780180D
S214004DE859411CBD6020002070B51500190040F21E
S214004DF8E83200230400280013F074FF40F2E8317C
S214004E080A4A4143136892881B1840F2E730521941
S214004E18521A91B212B2824203DD054A01338A1849
S214004E2812B220002360A28070BDC0466020002019
S214004E3818FCFFFF020010B5014B12CB12C210BDC2
S214004E48602000200022054B10B5040000681A7088
S214004E580DF06BF920600DF015F910BD6C200020E0
S214004E680023036043600372C1600361704700005B
S214004E7870B5124C236843B1002201251A601A72D5
S214004E880023206858B903B1206070BDC1682B00A4
S214004E98026911B122608847F2E71000F2E702685B
S214004EA8002AF3D03BB9037A002BEED10123037214
S214004EB8FFF7C8FFE9E72060F5E7C046682000204E
S214004EC8F7B52F4D040001A80CF04EFA2A78531CAB
S214004ED8DBB22B700AB90CF06BFA2A4E01A80CF05C
S214004EE848FA336803B16CB901A80CF03DFA2B7880
S214004EF8013BDBB22B700BB90CF06EFA01A80CF074
S214004F0838FAF7BDA3422ED1237A13B30DF0DCF896
S214004F182768002433688C4619691C72A9B13A00C0
S214004F28316023003E002700644502D1824200D942
S214004F380600921BBB4116000B6808009B190B6005
S214004F4801230B72FFF77EFFCEE731600CF0D4FE2C
S214004F58CAE723692BB1216833601A6852181A60A9
S214004F68C2E73360C0E71A001B69002BBCD09C421E
S214004F78F9D1236921681361002BEED1B4E7C04646
S214004F887834002068200020054B1B680BB91800F1
S214004F987047834201D01B69F8E70120F8E7C0464E
S214004FA868200020F0B587B0040005A80CF0DCF9EE
S214004FB840490A78531CDBB20B700AB90CF0F8F9B2
S214004FC805A80CF0D6F924B12000FFF7DDFF009005
S214004FD878B105A80CF0C8F9364A1378013BDBB25D
S214004FE813700BB90CF0F8F905A80CF0C2F907B065
S214004FF8F0BD6368304D23602968009B237239B979
S21400500821610123200023722C60FFF71BFFE0E7D5
S214005018087AF0B10DF058F82B68009F1E683B0020
S2140050283200B94202D1864200D90200B61A9F4120
S21400503800960197019B26682F6813B9009BB34218
S2140050480BD927B1009B9E1B00233E603B7227614D
S214005058D7E70B6801900093ECE73D692DB9009BF4
S214005068F61A26603C612561B3E728680199009A1C
S214005078019B8018594109B9864208D2009B009ABC
S214005088F31A23602B689B189B1B2B60EAE72B6997
S21400509823B9361A26602C6123619AE71A682F000E
S2140050A80292002203921D00029A039B009001912F
S2140050B8DFE7C046783400206820002070B50D0071
S2140050C80400FFF7FDFE2560656070BD10B50CF0A6
S2140050D8FBFE10BD10B50DF013F810BD70470000AC
S2140050E8F7B50D0000240190CAB10F4F260097FBB4
S2140050F8F2F78C4215D801D1874212D83A0033000D
S2140051082900019813F0EEFD04003A003300290048
S214005118019813F0E7FD1A43531E9A41A41820007D
S214005128FEBD0024F1E7C04640420F0010B54478A3
S2140051381CB9013444700DF039F810BD10B50DF0E7
S2140051483FF810BD10B50DF059F810BD154B00B559
S214005158185C0A2823D813F0A7FD1E161612060D8B
S21400516822221A161200002001230B398B424041D6
S214005178C0B203E00C394B425941C8B200BD00200A
S21400518802230A39F2E7002003230939EEE7002054
S21400519804230839EAE7002005230739E6E7002054
S2140051A8ECE7C04664AB0100014B18887047C04660
S2140051B89A210020002010B501F090FC034B1B68D4
S2140051C813B15B6803B1984710BDC0469421002010
S2140051D8002010B501F082FC034B1B6813B1DB6896
S2140051E803B1984710BDC0469421002010B501F0C1
S2140051F811F903000020082B01D8014AD05C10BD25
S214005208B3AA010010B5054B04005B7B0BB102F096
S21400521811F8200001F048FA10BDC0469C21002075
S21400522810B50CF059FC10BD10B50CF0F9FB10BD0C
S21400523810B5044B5A7B012312B101F089FF030015
S214005248180010BD9C21002010B5042001F092FC27
S2140052580220FFF715FD0BF055FD10BD10B5034BEA
S214005268987A01F03BFC0BF07DFD10BD9C210020D8
S21400527810B501F065FD10BD012310B511B10CF095
S214005288D9FB0023180010BD012310B511B10CF08E
S21400529879FB0023180010BD40F28010002310B5DB
S2140052A81A00010001F0CDF901F064FD10BD000000
S2140052B870B540F2E8360E4B05005B7B0C00564393
S2140052C883B9280001F0F0F920000CF0A5FC01F0E5
S2140052D85FFD31000748FFF7F1FE0648FFF762FE5C
S2140052E8002070BDC0B202F011FA0028E9D0F8E735
S2140052F89C2100208420002010B501F00FFB10BD73
S21400530810B50CF095FC0D23012800D00A3B1800B8
S21400531810BD000010B572B6BFF34F8FBFF36F8F86
S2140053280CF034F90122044B1A7062B6BFF34F8FA3
S214005338BFF36F8F10BDC046AC210020F0B585B016
S21400534872B6BFF34F8FBFF36F8F0022654E337868
S2140053583270DBB262B6BFF34F8FBFF36F8F002B8E
S21400536800D19FE001F07DF904004FF6FF7001F0D0
S214005378ACFB72B6BFF34F8FBFF36F8F0CF0A6FC73
S2140053880500012802D10CF001F9357062B6BFF3AA
S2140053984F8FBFF36F8F4023012523400193019A57
S2140053A8514B1A802C420BD05048FFF789FD280035
S2140053B801F036F84E4B1B6813B11B6803B19847CB
S2140053C802252C4244D04B4B1F78A7B94A48FFF712
S2140053D877FD012001F024F8390040F602100CF0A1
S2140053E81FFB40F644100CF077FB0543E9B240F685
S2140053F844100CF015FB02ABDF1DFF2239003F48B6
S21400540801F0C2FA3E4801F0D3FA019B13B13D4BB6
S2140054181B7A7BB1364B1B6863B19D6855B1384A19
S21400542839781378002B41D10823D3560620125E0C
S2140054383248A8472F4B1B7853B100F0EBFF0528DE
S21400544806D1304B587A002835D0002001F05AFC97
S214005458019B2BB1264B1B6813B11B6903B19847F8
S21400546823060AD5012000F0DBFF214B1B6823B179
S2140054789B6913B1E005C00F9847A4050FD500F047
S214005488C9FF04281AD11948FFF71AFD012000F0B1
S214005498C7FF174B1B6813B15B6803B19847002317
S2140054A8114A13803078C0B205B0F0BD1223D35627
S2140054B81020125EBCE701F0D3FBC9E700F0AAFF94
S2140054C80528ECD10B4B1B782BB90B48FFF7F8FCDB
S2140054D8012000F0A5FF064B1B68002BDFD0DB6819
S2140054E8DBE7C046AC2100209A210020842000205B
S2140054F894210020C822002070200020AD21002022
S214005508AC2200209C21002010B5002001F032FBC0
S2140055180220FFF7B5FB0BF00DFC10BD70B50F4B66
S21400552806005B7B0C00150093B9300001F0BCF850
S21400553820000CF071FB01F039FC40F2E831084815
S2140055486943FFF7BBFD0648FFF72CFD002070BD3A
S214005558C0B202F0D9F80028E7D0F8E79C2100206E
S2140055688420002010B500F055FF0400082809D153
S2140055780022074B5A701A7001F026FC20000BF028
S21400558809FC10BD0028F9D101F0A8FAF6E7C046D4
S2140055989821002010B501F00BF810BD02001F205E
S2140055A85AB1012308490868824207D988688242A6
S2140055B804D8054ADB009B18187970470133083170
S2140055C8172BF0D11F20F8E770AB010010B50A4B77
S2140055D8012807D1094AC73311700948197001F024
S2140055E831F910BD1A00BF321278002AF9D1034AE1
S2140055F8C0331170F1E7C04698200020E809002063
S2140056085021002070B51C4B05005B7B0C00012068
S2140056181BB1280001F0BAFF50BB4DB3002340F27F
S21400562801211A00080001F00CF801F071F8134B7C
S21400563801281ED1C7331C70114801F003F9002257
S2140056482100280001F004FB0E4B0F481968FFF7ED
S21400565835FD0D48FFF7A6FC01F05AF8060001F0E4
S214005668C3FB230001002A0030000BF09FFA00203D
S21400567870BDC033DFE7C0469C210020982000207C
S21400568850210020D022002084200020002340F251
S214005698422110B504001A00080000F0D2FF34B109
S2140056A80A482100FFF70AFD0848FFF77BFC084B6D
S2140056B81B7833B1402000F0BBFF002001F022FB2E
S2140056C810BD044B18688001F8E7C046702000201B
S2140056D8C8220020CC22002070B51B4D04006B7B2E
S2140056E833B96A7A4AB12000FFF7D0FF002003E0FA
S2140056F801F0FCFF0028F4D070BD40F242211300F0
S214005708080000F09EFF34B110482100FFF7D6FCD1
S2140057180E48FFF747FC0E4E33788BB1402000F05A
S21400572887FF002001F09CFA00F0F2FF050001F068
S2140057385BFB22000100337828000BF08FFAD5E7D0
S214005748044B18688001EDE79C210020702000209B
S214005758C8220020CC220020F7B507000C00002540
S214005768C9B3364E01A80BF0FFFD3278531CDBB2E6
S21400577833700AB90BF01CFE01A80BF0FAFD092FCE
S21400578836D8380013F090FA050A292D31393F43E8
S214005798475322782A4B1A7001250FE01625042253
S2140057A8210001A814F043FA019A264B1968914281
S2140057B841D0013DADB20833002DF7D101A80BF05A
S2140057C8D3FD3378013BDBB233700BB90BF004FE24
S2140057D801A80BF0CEFD2800FEBD2278184B1A72E1
S2140057E8DAE72278164B5A72D6E723782F2B01D998
S2140057F80025E3E7124AD372CEE723782F2BF7D893
S2140058080F4A1373C8E722780D4B5A73C4E72278F9
S2140058180B4B9A72C0E70A4D23784FF6FF70AF7BA2
S214005828AB7301F0FBFA0028B6D1AF73E0E7227835
S214005838034BDA73B0E7024B5A60ADE778340020C2
S2140058489C21002070AB0100F7B507000C0000266D
S21400585879B3254D01A80BF087FD2A78531CDBB2D7
S2140058682B700AB90BF0A4FD01A80BF082FD0026E8
S214005878092F11D8380013F017FA05091E21242716
S2140058882A2D3033194B1B78237004E0042220009D
S214005898174914F0CCF9012601A80BF065FD2B7802
S2140058A8013BDBB22B700BB90BF096FD01A80BF091
S2140058B860FD3000FEBD0D4B1B7AE5E70B4B5B7AAF
S2140058C8E2E70A4BDB7ADFE7084B1B7BDCE7074B94
S2140058D85B7BD9E7054B9B7AD6E7044B9B7BD3E7E4
S2140058E8024BDB7BD0E7C046783400209C210020A2
S2140058F8A021002010B504000B4B1870587000F05B
S21400590815F854B1342140F240700CF089F844215F
S21400591840F241700CF084F810BD142140F240703B
S2140059280CF07EF82421F3E798210020012010B51A
S21400593800F0E0FE044B18785A78824202D058707D
S214005948FFF7D8FF10BDC0469821002010B50128E3
S21400595806D0002000F0CEFE0022034B5A7010BD81
S214005968FFF7E4FFFBE7C04698210020F0B59BB0A0
S214005978119320AB0B9204CB0D911B8814920C93B9
S21400598822AB1F8823AB1B780EAA0E9324AB1B787A
S2140059980500129325AB1B780F9326AB1B7815933F
S2140059A827AB1B78169349239B18DB7F13934D234D
S2140059B89B18DB7F10938B4B5B7BBBB1109B0B9AC2
S2140059C80993139B00B20893169B02970793159B9F
S2140059D806930F9B0593129B04930E9B03930C9BB5
S2140059E80193149B0093119B01F02CFC109A7E4B9C
S2140059F81A70534253410E9A5B421F40FF2302B16E
S214005A08129B7A4A1370F5B1012D00D179E0109BEC
S214005A1828000993139B0B9A0893169B0D990793D6
S214005A28159B029706930F9B0593129B04930E9B58
S214005A3803930C9B0193149B0093119B0BF098F80F
S214005A4800201BB0F0BD6A4C280000F04FFD230074
S214005A58E8331D7023000B9AEC331A6023000B22E0
S214005A68F4330D981A70FFF799FD2300F533187074
S214005A7823002200B8331D700C9BBA32DB0013805B
S214005A88230041F60402BC331A802300BE332200EA
S214005A981D7001230E99BF325940117022005349D8
S214005AA8C032097811700F9A02B1F1332200C13260
S214005AB8137023000122C233E8341A70FFF7CEFBB6
S214005AC82078431E9841C0B2FFF740FF200000F040
S214005AD875FE484800F0B6FE0822474918A814F094
S214005AE8A6F818A800F0BDFC40F2FF1000F0E2FC93
S214005AF841F640737B430B9AB3FBF2F33F4A1360BD
S214005B0885E73B4C002000F0F1FC2300E8331D70CD
S214005B182C226B469B181E782300F8330D9A1E70AD
S214005B28374B10009B5C0B99053E1793FFF70EFB4F
S214005B380C9B012E06D86B460C9A1B8E0C2A00D29C
S214005B480C239BB222001799F93211702200119982
S214005B58FA3211702200FB32107001222549260005
S214005B680A702200C432138023000E9AC6331A70B5
S214005B7823001E4AC7331278C9361A7023000F9AB4
S214005B88C8331A70139BE8343370FFF767FB207826
S214005B98431E9841C0B2FFF7D9FE200000F00EFE63
S214005BA8144800F04FFEF8B200F0A9FC337804243D
S214005BB840F23670012B10D10BF08EFFA043C1B215
S214005BC840F236700BF02CFF7B427B410D4A5B425D
S214005BD813404FF6FF729B1890E70BF07DFF0443C7
S214005BE8E1B2EDE79C210020C8220020E809002049
S214005BF89820002050210020B8AC0100CC220020BC
S214005C0864AB01000100FFFFF0B599B00B931EAB23
S214005C18109204CB0F911B780C92119320AB1F881F
S214005C2821AB1B7805000D9322AB1B780E9323AB94
S214005C381B78139324AB1B78149325AB1B7812930D
S214005C48764B5B7BA3B1269B00920893129B109A17
S214005C580793149B00B20693139B029705930E9B1B
S214005C6804930D9B0393119B01930B9B01F012FB6E
S214005C784DB1012D58D040F689000BF02DFF0421B8
S214005C880143C9B2A6E0664C0C9A2300E8331D709F
S214005C982300EC331A6023000B22F4330B981A7097
S214005CA8FFF77CFC2300F53318702300109AF033B6
S214005CB81A6023002200B8331D70BA32FB00138026
S214005CC8230041F60402BC331A802300BE332200A8
S214005CD81D7001230D99BF32594011700E9A02B1FA
S214005CE8F1332200C132137023000122C233E83494
S214005CF81A70FFF7B3FA2078431E9841C0B2FFF730
S214005D0825FE200000F05AFD464800F09BFD0822BC
S214005D18454916A813F08BFF16A800F0A2FB40F220
S214005D28FF1000F0C7FBA6E73D4C30222300E833FF
S214005D381D706B469B181E782300F8330B9A1E704E
S214005D483A4B10009B5C0C99053E1593FFF7FEF93D
S214005D583B00012E03D80C2F00D20C239BB2260042
S214005D68159AF936327022001199FA32117022000B
S214005D78FB32107001222B490A702200C4321380AD
S214005D8823000D9AC6331A702300294AC73312789F
S214005D981A7023000E9AC8331A702300129AC93351
S214005DA8E8341A70FFF75AFA2078431E9841C0B2B2
S214005DB8FFF7CCFD200000F001FD1A4800F042FD78
S214005DC83378062B00D056E740F689000BF084FEA1
S214005DD8FB21014040F689000BF022FE0F980BF0DD
S214005DE81BFF269A134B28001A60129B08920793EB
S214005DF8149B109A0693139B0F9905930E9B029774
S214005E0804930D9B0393119B01930C9B00930B9B90
S214005E180AF0BCFE002019B0F0BDC0469C21002048
S214005E289820002050210020B8AC010064AB010087
S214005E38E8090020D022002010B5FFF777FD0023E0
S214005E481A001900180000F0FCFB00F027FF10BD30
S214005E58F0B58BB0099106920593322B00D9B2E0C3
S214005E685B4C2600F536337808932300F9331D7803
S214005E7800231A001900180000F0E3FB00F048FCA5
S214005E880790012859D1534B5E683EB933005249F2
S214005E98DA0052181168A9424BD156682700002527
S214005EA8FFF7DCF90020FFF751FDE83730003D70BA
S214005EB8FFF774FB2300F5331870380000F07EFCFB
S214005EC82000B830057000F0BDFC40F2E833059AB3
S214005ED809985A430592FFF795F9404800F0C0FE26
S214005EE80CF02FF9050028000CF02FF90028FAD03E
S214005EF800F014FD069B0500002798422FDA0CF0E8
S214005F0820F9070000F00AFD069B0500984225DAEE
S214005F1838000CF01AF96B469B8A9842F2D300F0C8
S214005F28FDFC069B05000127834200DC0027FFB224
S214005F3815E001330A2BAAD1B0E7FFF78FF9254BF6
S214005F48586848B125000023E8352B70FFF726FB74
S214005F583070280000F032FC0026B6E70027FFF76E
S214005F687DF9079B012B1FD1FFF7E0FC23002000DB
S214005F78089AF5331A70079BE830037000F01EFC89
S214005F882000079BB830037000F05CFC059B3200CD
S214005F980193069B0020009309992B0002970AF0AC
S214005FA8A7FD38000BB0F0BD0A4B5B68002BEDD0A0
S214005FB82300089A2000F5331A700023E83003708F
S214005FC800F0FCFBE2E7002635003700DEE7C046B7
S214005FD8982000209C21002014AB0100FFFFFF0042
S214005FE8F0B5514C87B0260005900391F536337806
S214005FF802932300F9331B780493322900D991E0E1
S21400600800231A001900180000F01BFB00F080FBA4
S214006018464F0190012864D17D6845B92B00444954
S214006028DA00521811680498814256D1556800263D
S214006038FFF714F90020FFF789FC3E4B28001E7076
S214006048FFF7ACFA2300F53318703A4800F0B6FBB1
S2140060582000B830067000F0F5FB0598FFF7D2F878
S2140060687B7A3548002B4CD000F04CFE40F2E836E0
S214006078039B5E430CF065F8050028000CF065F8F5
S2140060880028FAD00CF05DF82C4D039000F046FC82
S2140060982B1C854200DA031C03981DB20CF055F839
S2140060A8B3B29842F2D3FFF7D9F8019B012B2BD154
S2140060B8FFF73CFC23002000029AF5331A70019B78
S2140060C8E830037000F07AFB2000019BB8300370BC
S2140060D800F0B8FB280007B0F0BD01330A2B9ED1AC
S2140060E8A5E7FFF7BBF878680028B6D02500002398
S2140060F8E8352B70FFF752FA3070280000F05EFB88
S214006108ABE700F0ADFDB1E77B68002BE2D02300DB
S214006118029A2000F5331A700023E830037000F066
S2140061284DFBD7E7054DD5E7982000209C21002099
S21400613814AB010080210020FFFFFF000080FFFF56
S214006148F0B585B015000AAA17880BAA0191117830
S2140061580CAA14780DAA127848B1012814D0012583
S214006168002040190138B0FBF5F005B0F0BD01235A
S21400617840F2E8304B40FB185200DB001219183387
S214006188D2009B185843ECE7043302936B1F012B8D
S21400619804D83B1C0C2F00D20C239FB21201E4003B
S2140061A8A4184A4251411423AE0049420B40A41B8E
S2140061B8E418AB1E0393062D07D929000198083466
S2140061C8FEF7C4FF08B1AB1E9E00E343DB171C4076
S2140061D8A419013C94FBF6F6029B7343DA191300E4
S2140061E80E33062D00D9023B084A0199525C0A2A4A
S2140061F80AD803999B0001338B4040F2E830584395
S214006208034B9200D558ACE7FFDEC04664AB0100EE
S214006218BCAA010030B585B00400092240F29F20D0
S21400622801A90BF007FC6B461D79002301A8AB42B9
S21400623814D1032B10D869465A1C0A716A465B00AB
S214006248210A0532D1546A460632D45440F29F20B9
S214006258092201A90BF096FB05B030BD0100427873
S21400626889781202521802309442F5D00133DBB214
S214006278DDE70000030000200A2B01D8014AD05CA5
S2140062887047C046A8AA0100F0B504000E0085B005
S21400629818B30020012C51D1294D2B00F93318785A
S2140062A8FFF7E8FF01002800C83000782B002A0016
S2140062B8471EB841FA33F8321B7812780390280044
S2140062C80296C6300078C435461EB041019028882C
S2140062D800902000FFF734FF30E0194B1A00EC322C
S2140062E815681A00C13212780296013A511E8A4180
S2140062F803921A00BF321278BA3351424A410192C9
S2140063081B882A00DB08009301000300FFF718FF2C
S21400631841F65732012395420FD840F6B732DB18BC
S21400632895420AD840F2CF720133954205D840F21A
S214006338E7320433954200D9023B181805B0F0BD81
S2140063489820002010B5074C10220021200013F0DA
S21400635805FC0BF06DFC10B91323E372237300F0F1
S21400636849FD10BD9C21002010B50024214B186063
S214006378214B22485C701C7000F0D6FB200000F011
S214006388ADFB012000F0E7F82100200000F0ACFA91
S2140063982000042100F0C2F94FF6FF712300220006
S2140063A8080000F04EF940F6AC00FFF733FF40F661
S2140063B88900FFF72FFFFFF7C5FF1148FEF780FD9E
S2140063C81048FEF77DFD10490D48FEF749FD0F49B8
S2140063D80C48FEF745FD0E4B1C7000F043FB80B2E0
S2140063E8033400B904004FF6FF7000F017FD2000D4
S2140063F810BDC04694210020982100201D5300009F
S2140064088420002070200020BD510000D9510000D3
S214006418AC210020014B18787047C046E9090020D7
S214006428014B18707047C046E909002010B5084BA4
S2140064381A78082A08D840F24113D340DB0703D558
S2140064480BF0D4F90BF0FAFB0BF0C6F910BDC046FA
S214006458E909002010B50A00010000200BF046FBF1
S21400646810BD10B5010040F2C06008220BF08AFA91
S214006478002010BD07B5064B01A91B7840BA088056
S21400648823B9022240F2BC600BF07CFA07BDC04676
S214006498E122002007B5064B01A91B7840BA088000
S2140064A823B9022240F2BE600BF06CFA07BDC04664
S2140064B8E122002010B50C4B04001B789BB940F273
S2140064C8B8600BF009FB01220100230A9143134030
S2140064D8C9B240F2B86019430BF0A2FA40F2B960AC
S2140064E8E1B20BF09DFA10BDE122002007B56B461D
S2140064F8D91D087001229F200BF0B0F907BD73B5AF
S214006508031C0400F82804D94AF6C043C0F2010365
S2140065181B780133DBB25B100025DEB21F2B02DDD1
S2140065280336B608013532006B0001339A40130073
S2140065386A46D3716B460122A020D91D0BF08EF94E
S21400654844B16B46F600A919C9B240F20670D97173
S2140065580BF066FA73BD07B56B46D91D08700122A5
S21400656896200BF07BF907BD07B56A46031CD11DBC
S21400657858069A06C00FD20F520180011043DA0758
S214006588D20F1043DA06D20F120110431A07D20FA1
S214006598D20010435A07D20F9B079200DB0F104316
S2140065A85B0018430870012289200BF057F907BDD5
S2140065B807B5104B01A9984206D90F4B0B8002224B
S2140065C898200BF04BF907BD0C4B984201D90C4BA1
S2140065D8F4E70C4B984201D90B4BEFE70B4B98426C
S2140065E801D90B4BEAE70B4B9842E8D946F66B7392
S2140065F8E4E7C04600E9A435E1E9FFFF80F8A932E0
S214006608D7DBFFFF8044E52DC1C5FFFF000B6B1BE2
S2140066187581FFFF40FC541913B501AC20706170FA
S214006628A270210004229520E3700BF017F913BD21
S21400663807B56B46D91D0870012293200BF00EF99A
S21400664807BD13B56C4652BAA280082240BA49BAAA
S214006658208061805BBA69461000E3800BF0FEF884
S21400666813BD13B501AC0222210012200BF03EF92F
S214006678208840BA80B216BD07B56B46D91D08708B
S21400668801229D200BF0EAF807BD07B50B0007228C
S21400669801A910401A0C08704A705BBA04229720A9
S2140066A84B800BF0DBF807BD37B5104B104D186064
S2140066B82B7804001BB9FFF77BFF01232B7043F6EA
S2140066C80951B4FBF1F20B0041F684605343E31A18
S2140066D89B031B18B3FBF1F392039B181BBA042207
S2140066E8862001A901930BF0B9F837BDD8220020FF
S2140066F8D422002007B56B46D91D044B08701870C5
S21400670801228A200BF0AAF807BDC046E122002025
S214006718014B18787047C046E122002037B50400C0
S2140067280D000BF07FFA0200012826D10300002195
S2140067380F2C08D10620FFF76FFF231C5AB20E2A2B
S2140067480CDD0E230AE00420FFF766FF231C113435
S214006758F4DA4AF6C143C0F201031B7818215CB28A
S21400676840F6E7000BF05CF96B4602228E2001A982
S2140067785D711C710BF072F837BD40F6D8000BF04F
S214006788ABF91E210143C9B240F6D8000BF048F910
S2140067980123002207210420FFF73EFF231C0934AB
S2140067A807DA4AF6C243C0F201031B7838215CB206
S2140067B8D6E75AB2162AF9DD1623F7E713B504000A
S2140067C808220021684613F0C9F91C4B20781B786C
S2140067D8834201D0FFF78EFF237813B1012B28D010
S2140067E813BD6268164B6946B3FBF2F343F60950CD
S2140067F81A0C0A701A0A4A708B70237BA268CB7030
S214006808637B0B71B2FBF0F103004B43D31A41F6DE
S21400681884629B039B18B3FBF0F389035B186946F5
S2140068281A0C4A7108225BBACB808B200BF016F83C
S214006838D6E72369042269460093F6E7E12200209A
S2140068480000093D30B5040085B001AD09220021DD
S214006858280013F083F9224B20781B78834201D056
S214006868FFF748FF23781BB1012B2BD005B030BDAE
S214006878637AF12B1AD14FF6FF70FFF7FBFD48F24B
S2140068880500FFF707FE02236288A18852BA2A800D
S214006898227A6980AA710922E188EB71A980A37A15
S2140068A82B7229008C200AF0D9FFDFE7F22BEBD1F8
S2140068B841F60F50FFF7DEFD41F22100FFF7EAFD33
S2140068C80623E1E7A389074A5BBA2B80A37B1370EC
S2140068D8AB70E37B0622EB70238AAB80E1E7C04609
S2140068E8E1220020E022002007B56B461871597196
S2140068F802228F2001A90AF0B1FF07BD002110B5BA
S2140069080A00C0200AF0F2FF0721021143100A40CD
S2140069180B4012015800104310BD000013B501AC1F
S2140069280122210015200AF0E1FF064B22781B7889
S21400693852085BB29B1A181C803301DA4FF6807037
S21400694800B216BD9C21002037B505000C000222B7
S214006958132001A90AF0CAFF094B1B78012B0CD19A
S214006968084B1B78012B08D140F202700BF0B4F8E4
S2140069786B4628705B79237037BD6B461879F7E746
S214006988E1220020E0220020F7B56B460C00DF1D50
S2140069980500390020001600FFF7D6FF22780120F0
S2140069A8B24204D8387829000BF0E8F80020FEBD7B
S2140069B837B5040001AD0322290014200AF096FF1B
S2140069C8254B1B7823704BB1012B24D01B220021AA
S2140069D8601C13F0C3F80F2323701BE000222B78EB
S2140069E823711E4B9A566B7892B25B08D31A191C01
S2140069F81BB2803301DA4FF680712181AB785B08D1
S214006A08D31A1A1C1BB2803301DA4FF680720023A1
S214006A18E280E36037BD0022104B9A562B7892B27C
S214006A285B08D31A191C1BB2803301DA4FF6807143
S214006A3801232182EB5602339B10A374AB785B08C4
S214006A48D31A1A1C1BB2803301DA4FF68072044B35
S214006A58A2821B68A361DDE7E12200209C210020BA
S214006A68DC220020002313B501AC210002221720E7
S214006A7823800AF03BFF012362785110100019406A
S214006A889940184008439110194089000843D110CE
S214006A981940C9000843111119400901084351114A
S214006AA81940921149011A4008439201104322786E
S214006AB813401B02184316BD002307B5022201A97E
S214006AC807200B800AF0CAFE07BD07B5022201A9F7
S214006AD840BA088010000AF0C1FE07BD07B56B462D
S214006AE8D8710E48FEF7ECF90D48FEF7E9F96B4643
S214006AF80122D91D80200AF0B1FE6B46DA79094BCF
S214006B084AB9013220201A70FFF792FD4FF6FF703F
S214006B18FFF7DBFF07BD02221A70F7E78420002084
S214006B2870200020E909002010B504000AF03EFE97
S214006B3820000AF01BFE0AF059FE0020FFF7CEFFE1
S214006B480AF022FE0BF07AF80120FFF795FD0122E5
S214006B58044B1A700023044A1370044A1370044A3C
S214006B68136010BDE9090020E1220020D42200208D
S214006B78D822002013B5041CFFF7C0FE602303408C
S214006B88202B02D00020FFF7A9FF0BF097F86B46E2
S214006B98A207D91D6307DB0FD20F52009B001343D1
S214006BA8E207D20F1343842001220B700AF056FE28
S214006BB804210B00074A2340214202D00023137009
S214006BC813BD08211170044A1370044A1360044A5E
S214006BD8F5E7C046E9090020D4220020D822002084
S214006BE8E122002037B50BF023F888B96B4601225E
S214006BF8D91D80300A70074D0AF030FE064B40F665
S214006C081110E97A5C6CA04740F61210297BA04761
S214006C1837BDC0469C21002028AC010013B50422CD
S214006C280400094B09481A70FEF74AF9FFF7DAFF1D
S214006C3801A9230C0B700322230A83204B708C7047
S214006C480AF00CFE13BDC046E9090020702000209B
S214006C5810B51400FFF7FEFB2000FFF7DFFF10BD9E
S214006C68052213B504000B4B0B481A70FEF728F9DB
S214006C78942140F6AC000AF0D3FEFFF7B3FF01A953
S214006C88230C0B700322230A82204B708C700AF0A8
S214006C98E5FD13BDE909002084200020F0B540F684
S214006CA8E206002785B0300003970AF015FFFE219C
S214006CB840F6E5050140040030000AF0B1FE280061
S214006CC80AF00AFF7F210190014028000AF0A8FE7A
S214006CD80B48FFF7C5FF042203A940F619000AF07F
S214006CE8A9FE3800FFF7FAFE210030000AF098FEE9
S214006CF8280001990AF094FE039805B0F0BDC04636
S214006D08FFFFFF00052213B504000B4B0B481A7053
S214006D18FEF7D6F8962140F6AC000AF081FEFFF79B
S214006D2861FF01A9230C0B700322230A82204B70F3
S214006D388C700AF093FD13BDE9090020842000201A
S214006D4837B505000C00FFF74DFF6A462B0C13708D
S214006D582B0A5370230C64BA9570D37094806946D6
S214006D68062294200AF07AFD0622014B1A7037BDD7
S214006D78E909002010B5FFF735FF0022C5201100ED
S214006D880AF06CFD0722014B1A7010BDE9090020B5
S214006D9810B5FFF727FF0022D12011000AF05EFD8C
S214006DA80422014B1A7010BDE909002010B5FFF740
S214006DB819FF0022D22011000AF050FD0422014BD0
S214006DC81A7010BDE909002010B50120FFF754FC21
S214006DD80AF0DAFC0120FFF7BEFB0122014B1A700D
S214006DE810BDC046E9090020014B18687047C04628
S214006DF8D8220020024B1B780BB9024AD381704771
S214006E08E22200209C210020030000200A2B04D840
S214006E1840F27D60D840012318407047F7B5294BEB
S214006E2805009E7B3000FFF7EFFF0190002846D054
S214006E380027254C1422390024482770676012F072
S214006E488DFE18223900224812F088FE2148037861
S214006E5823B1230046331B78B34230D02300463391
S214006E6800221E700023A263E3630023A11D2200F4
S214006E78CB8780214732117022004832137040F2C7
S214006E88013C1A00144923640F78B7420ED1012733
S214006E983D420BD00B2A08D8104FD300D951DB1926
S214006EA8674601329F80019BD2B26D080C4F2C3189
S214006EB8B942E9D10BB14834227001230370019816
S214006EC8FEBDC0469C210020E8220020F0220020BB
S214006ED804230020E2220020C4AC0100382300204E
S214006EE8C0B101004A425141094A4942114042F2A2
S214006EF8107289180300C8430A2B07D8054AD35CC2
S214006F08054A9B009B58C81803B9C8437047C04633
S214006F18F0D8FFFF64AB0100E8AA010010B5040032
S214006F2808002CB1012C09D12100FFF7DBFF10BDAA
S214006F38500042F210729B18C018F8E70120404231
S214006F48F5E70000F7B51B4ACE00B2181279030021
S214006F580120D2B100229C5EDD68844216D1002151
S214006F689868FFF7BFFF134B134A9B5940F20C0C67
S214006F782A331B781049DB009A5C5B1801920022C2
S214006F88019ED1B28E4203D80420FEBD5868EAE7B7
S214006F98614651435F687E18795EA14205D17168E3
S214006FA8A94202D1B168814201D00132E8E7002047
S214006FB8EBE7C04638230020C0B1010003000D48A7
S214006FC8D200125830B5546802209C4211D89568F1
S214006FD89D420ED3D2681B1BB3FBF2F454431D1B11
S214006FE8A34206D12800012A03D08A42924152427F
S214006FF8500030BD38230020044BC900CB585B69CD
S21400700883428041404200017047C0463823002032
S214007018F8B51A4C0020236C63B3A31DDB8F184DFC
S214007028DB005B59188B28B3FEF750F80023226C58
S21400703806000F00A06BE16B80185941022200235E
S21400704812184B41BB4216D801D1B24213D80222BD
S2140070585242D317121A8B4192197B410634E18F9C
S2140070680120C9006958098B0BB9914200D8002045
S214007078800180B2F8BD00220023EFE7E822002056
S214007088382300200300002082B00190D1B142F2DC
S2140070980F7291420CD840F2E73291420AD9013277
S2140070A842F210700192019A401AB0FBF2F058436F
S2140070B802B0704764226329F2D80A220929EFD859
S2140070C80122EDE70121FBE7F8B51F4C0020236CF1
S2140070D8ABB3A31DDB8F1D4DDB005B59188D70B35A
S2140070E8FDF7F4FFA66BE76B0B0002001900236C94
S2140070F810009C461A000023B6185F41022200239F
S21400710892197B418B421BD801D1824218D80222A1
S2140071185242D317921BBB4112184B4116001F0050
S2140071280634E38F6046DB00EB58198DFFF7AAFF9D
S21400713801230FB9B04200D80023580180B2F8BD29
S21400714800260027ECE7C046E82200203823002067
S214007158124AF0B513000400463319784832104B2B
S2140071681278DD7B0F4B0639D200C9B2D21893428B
S21400717801D10020F0BD012905D825B918682A30A4
S2140071880078022808D0187930B11E687768A742B8
S21400719802D8B668A642EDD20833E8E7E82200200F
S2140071A89C2100203823002073B5204D060001A836
S2140071B80C000AF0D9F82A78531CDBB22B700AB9EF
S2140071C80AF0F6F801A80AF0D4F8701E042809D8C0
S2140071D811F06AFD03161A212800502221001448CF
S2140071E812F025FD01A80AF0BFF82B78013BDBB2A8
S2140071F82B700BB90AF0F0F801A80AF0BAF873BDBC
S21400720822780B4B1A70EDE7094B083307CC07C3F7
S21400721806CC06C3E6E7064B1C3307CC07C307CCE9
S21400722807C3DFE72268024B5A60DBE778340020A2
S214007238E822002007B5019001A90520FFF7B4FF52
S21400724800200EBDF0B506000D008BB0019311AB03
S2140072581B880092029313AB1B781222039315AB7C
S2140072681F7804AB0021981D12F078FC009B05AC33
S2140072780793019B21002373029B0320E381039B52
S2140072882680069523746774FFF78EFF00200BB0E0
S214007298F0BD0000F0B50C00060015008DB0019397
S2140072A812AB04CB00211B780292039314AB1B8805
S2140072B81522049315AB1B78059316AB1F7806ABFF
S2140072C8D81C12F04BFC06AB1E809C70019B039AE0
S2140072D80893029B0420099306AB1A74049A1900B3
S2140072E85A82059A5F751A750795FFF75DFF0020A5
S2140072F8024B47331C700DB0F0BDC046E822002094
S21400730873B5214D060001A80C000AF02DF82A785E
S214007318531CDBB22B700AB90AF04AF801A80AF027
S21400732828F8701E042809D811F0BEFC03161A2285
S2140073382A0050222000154912F079FC01A80AF00C
S21400734813F82B78013BDBB22B700BB90AF044F824
S21400735801A80AF00EF873BD0C4B1B782370EDE7F6
S21400736822000A4B083343CB43C203CB03C2E5E7EC
S2140073782200064B1C3343CB43C213CB13C2DDE7B4
S214007388024B5B682360D9E778340020E8220020A7
S214007398F0B59BB014AD1822040000210EA812F018
S2140073A8DDFB29000420FFF7ABFF05200CA9FFF73B
S2140073B8A7FF0023EE5EA968EB6830006A68FFF74F
S2140073C8ADFDF3B202936D4B08905B6A21000298FC
S2140073D898476B4B049048331B786A4E0793684B64
S2140073E846331B78063BDBB20593674BDB7B06937D
S2140073F80C9B03930EAB0193002300936B461F78F8
S214007408079BBB4200D8A2E0059B012B07D8069B2A
S2140074182BB933682A331B78022B00D1A0E03379C6
S214007428002B00D19CE03A0008990398FFF7C6FDA8
S214007438019B3900099028001C88FFF783FD099BEB
S2140074483900034304981C43FFF7D6FDA4B2019BFA
S2140074580443A4B21C80002C00D081E0FFF734FE61
S2140074680400FFF7D5FD009B04435B00180001935A
S21400747810230AA9A4B2C9180C52DCBB0099414BC8
S214007488CE009A5940F2E733D2699A4232D93B4A3B
S2140074980DA9D56F0120A8470AA903312000A847DF
S2140074A8384B364A9959956F24310120A847354BF1
S2140074B8711DC9182000A84740F2E831314B9A5987
S2140074C8D3692020125EB3FBF1F32C499BB20E69F8
S2140074D802980399B04706000DA90120A8470AA9F3
S2140074E820000331A8472EB91022802301980AA944
S2140074F88A181352009B0EAA5B009B5A13BBFDF713
S214007508E5FD1F4B049A9863D9631A640633DF8730
S214007518009B1C4ADB00D35814A91B7C8878897802
S2140075281A1C49B25BB28B4200DD021C0021144BC8
S21400753850B247335956814202D01A700AF06CFB93
S214007548002006E06022134212D11B0613D4FF2740
S2140075586520FF2318403B401B0218431BB0F0BDB4
S214007568009B083601330093019B0233019345E7DD
S214007578FF276620EDE7FF276720EAE728AC01002B
S214007588E8220020382300209C21002037B56B46CF
S214007598DD1C02200C002900FFF7B2FE2B78032022
S2140075A81BB92000FFF7F4FEC0B23EBDF0B599B097
S2140075B8182200210DAC12A812F0D0FA21000320E0
S2140075C8FFF79EFE05200CA9FFF79AFE0022A35E91
S2140075D8019303BB63680393404B00271A004832A5
S2140075E81278463309921B783D4D063BDBB205936D
S2140075F83C4BDB7B06930C9B079312AB0293099BD1
S214007608BB4210D1FF276420FF2318403B401B02D3
S214007618184319B0F0BD002361681A000198FFF7F7
S2140076287DFC0390D8E7059B012B0DD8069B5BB91C
S2140076382B682A331B78022B06D1029B01370233AC
S214007648FFB208350293DAE72B79002BF5D03A001B
S21400765803990798FFF7B2FC029B1B881843029B06
S21400766884B21C80002CE8D12B681F4A2A331E7867
S214007678F600B35CB118019A04932300012A25D1B9
S21400768821000E98FFF72EFC40F20C0C0F9B089377
S214007698154BF3180499E2B28A42CED26246624388
S2140076A85E68B118B25E012A06D14A68089E9642FC
S2140076B802D18A6882420ED00134EBE70C20584388
S2140076C84A680133825E0198904204D00498DAB280
S2140076D89042F3D8B1E7002096E7C046E82200209B
S2140076E8382300209C210020C0B1010013B56B464A
S2140076F8DC1C02202100FFF703FE2378032013B9C1
S214007708FFF754FFC0B216BD03207047032070472A
S214007718F8B52E4C01252300220046331978483246
S2140077282B4B1278DE7B2B4B0639D200C9B2D21807
S214007738934205D1002D46D1236C83B90020F8BDAD
S214007748012905D826B918682A300078022804D0F6
S214007758187947427841404205400833E8E7FDF784
S214007768B5FC0222002306000F00A06BE16B12187E
S2140077784B419F4202D823D1964221D90222524237
S214007788D317121A8B41B6185F41256C0634E38F5F
S214007798104ADB00D4582800218DFFF773FC218B94
S2140077A80200814200D90A00002328000021801820
S2140077B85941B94202D8C1D1B042BFD9801BBEE7F1
S2140077C800260027E1E701204042B8E7E82200202B
S2140077D89C210020382300200821084A93788B43F0
S2140077E893708022064B520599680A439A60802255
S2140077F8996812060A439A607047C04600100D4002
S214007808FC6F044010B5040010220021B1300AF0C5
S214007818EBFD23000021D433B022200019600AF0C3
S214007828E3FD10BD10B5F9F755FF10BD0300F0B520
S214007838D433040018680E00150087B0A0B31023D0
S2140078481B1A1F000093934200D917002300C13368
S214007858BAB21818310001930AF0B1FD2200D432EA
S2140078681368FB1813600F2B28D9009BAB4225D250
S2140078782000B13003001A78197C4A401A70019A21
S21400788801339A42F7D1244A24499368F6190B40E3
S2140078989360936801005B005B0893602200F9F729
S2140078A827FFFFF799FFED1B2000C130102D07D8E2
S2140078B83100AAB2D4340AF082FD256007B0F0BDC4
S2140078C82700B1373B00009600991A7809784A4095
S2140078D81A70009A0133013200929842F4D11022AD
S2140078E8390002A80AF06BFD0B4A0C49936810365B
S2140078F80B409360936802A95B005B0893600800DE
S2140079082200F9F7F5FEFFF767FF1022380002A9F4
S2140079180AF055FD103DC7E7FC6F0440FFFFFFEF78
S214007928F0B50C008BB05E4D10220021019002A825
S2140079380AF05AFDAB685B4A02A91340AB60AB6815
S21400794822005B005B080800AB60F9F7D1FEFFF782
S21400795843FF02AB1A7800217F2A49D918785A784B
S2140079684000D209024301311A7001330F29F5D1BC
S21400797802ABDA7B792352005B4253402700D437A8
S2140079883868DBB202AAD37310283FD12300200040
S214007998C133D13019781678013271401970013325
S2140079A89842F7D121002000B1310B00C1301A7877
S2140079B81E7C72401A7001338342F8D106A8102242
S2140079C80AF0FDFCAB68374A06A91340AB60AB6803
S2140079D822005B005B08AB600198F9F789FEFFF7A9
S2140079E8FBFE1022002102A80AF0FEFC0BB0F0BD38
S2140079F818785A784000D209024301311A700133C8
S214007A080F29F5D102ABDB7B5B00B7E7002200212C
S214007A1802AB9A568A4234DA1E785A787600D20929
S214007A28324301311A7001330F29F5D102ABDA7BE4
S214007A38792352005B425340DBB202AAD3738022FA
S214007A482318C1331A70431C00260093102B01D844
S214007A580F36361AC23032000021201812F07EF88F
S214007A68009B2000F61823003E60C13302AAD130DE
S214007A781978167801327140197001338342F7D1AC
S214007A8890E71E785A787600D209324301311A7088
S214007A9801330F29F5D102ABDB7B5B00CCE7C04690
S214007AA8FC6F0440FFFFFFEF7047000070B5002230
S214007AB81124084D23005343EE5C864205D100206E
S214007AC8054A20339B180B6070BD0132142AF1D189
S214007AD80320F9E7BC2300209C230020F0B5BFB0A4
S214007AE806000D0017000224019309B3449BFBB15E
S214007AF808A8FFF787FE019803A9FFF7D7FF040039
S214007B08B0B9039908A80131FFF78CFE26B11022F8
S214007B18310008A8FFF78AFE3A00290008A8FFF7F0
S214007B2885FE08A904A8FFF7FBFE049B449A136089
S214007B3820003FB0F0BD00007FB50026334C05009E
S214007B4810220021684612F009F8631CDE7723002D
S214007B58012231331A702300921842331A70230018
S214007B68053253331A702300013264331A70230027
S214007B78013275331A702300763286331A70230062
S214007B88013297331A7023000132A8331A70230083
S214007B980132B9331A7023000132CA331A7023002F
S214007BA80132DB331A7023000132EC331A702300DB
S214007BB80132FD331A7023000132FF33DA7340F2C4
S214007BC81F130132E25411330132E25411330132E9
S214007BD8E25411330132E25411330132E254694659
S214007BE80B487C3A0AF0EBFB1022310020000AF022
S214007BF8FBFB1022310007480AF0F6FB05B9064DD4
S214007C080020064B1D6004B070BDC0469C230020B3
S214007C1800250020AC230020B17A0000982300201D
S214007C28010010B5022029B1034840F274120AF088
S214007C38C6FB002010BDC0469C23002040F27413EB
S214007C48036001487047C0469C23002013B5040013
S214007C5803207E2B04D8049800902000FFF73EFFF0
S214007C6816BD30B585B01C0008AB05001B78022091
S214007C7861B10020039003A800902800FFF72EFFAC
S214007C8820B90398001B431E9841C0B205B030BD0A
S214007C98F0B5B1B00F001400022500900193C8B1EA
S214007CA8019BBBB10F23033519401F4212D1B022E6
S214007CB803A80AF099FB200002A9FFF7F7FE0500C3
S214007CC840B9029903A80131F9F704FD3E00B81B34
S214007CD8C0B216B9280031B0F0BD114C114AA368DD
S214007CE8103E1340A360A36803AA5B005B08A3606A
S214007CF8009BB6B21918019B1818F9F7F9FC082169
S214007D08094A93788B4393708022A36852051343DD
S214007D18A3608023A2681B061343A360D7E7C04668
S214007D28FC6F0440FFFFFFEF00100D407FB50023F7
S214007D3811220D001A4914005C430E5D86422AD1B2
S214007D48184B80382134C0B21022174EE418092880
S214007D5819D840F24923C340DB0714D500216846EA
S214007D6811F0FCFE6B467F2210212800FFF790FFDB
S214007D7810220500694620000AF021FB3368984760
S214007D88280004B070BD290020000AF018FB3368EC
S214007D9898470025F4E70133142BCCD10325EFE7E9
S214007DA8BC2300209C23002098230020022310B523
S214007DB811B1FFF7BBFF0300180010BD7FB50D001B
S214007DC816001C000220B1B110220021684611F0EE
S214007DD8C5FE7F2C04D1022332009A43032052B1F9
S214007DE86B46320010212800FFF752FF18B9694683
S214007DF82000FFF79BFF04B070BD0000010010B51F
S214007E08022039B1044810220AF0D9FA034B1B683D
S214007E189847002010BDC0469C23002098230020C9
S214007E28004870479C230020010010B5022039B195
S214007E38044810220AF0C3FA034B1B689847002030
S214007E4810BDC046AC230020982300200048704789
S214007E58AC23002003000020082B04D82230FF3073
S214007E68D840012318407047030007B50800052BC3
S214007E7807D0082B08D053B900F0E0F90190019814
S214007E880EBD01F07FFAF9E701F0C2FFF6E700231E
S214007E980193F4E7030010B50800052B05D0082B5E
S214007EA806D00BB900F054FA10BD01F0D1FAFBE782
S214007EB802F01EF8F8E7030010B50800052B05D0F9
S214007EC8082B06D00BB900F067FA10BD01F0D4FAFB
S214007ED8FBE702F021F8F8E7030010B50800052BC9
S214007EE805D0082B06D00BB900F068FA10BD01F0D3
S214007EF8D5FAFBE702F022F8F8E7020010B508000A
S214007F08052A08D0082A09D0002312B900F02AFB4F
S214007F180300180010BD01F071FBF9E702F0F4F851
S214007F28F6E710B5040008001100052C08D0082C48
S214007F3809D0002314B900F01BFB0300180010BD7D
S214007F4801F064FBF9E702F0E7F8F6E7030010B57E
S214007F580800052B05D0082B06D00BB900F0EAFE62
S214007F6810BD01F0C3FEFBE702F008F9F8E70200CF
S214007F7810B50800052A08D0082A09D0002312B927
S214007F8800F038FB0300180010BD01F069FBF9E7A4
S214007F9802F01CF9F6E710B50400080011001A00F4
S214007FA8029B052C05D0082C06D00CB900F036FB31
S214007FB810BD01F069FBFBE702F03EF9F8E710B5E3
S214007FC8040008001100052C08D0082C09D000234E
S214007FD814B900F073FB0300180010BD01F09CFBF9
S214007FE8F9E702F065F9F6E770B505000800110034
S214007FF81A00052D08D0082D09D0002415B900F060
S214008008C7FB0400200070BD01F0F0FBF9E702F0A2
S21400801897F9F6E773B5079E0500080011001A00E1
S214008028069B052D09D0082D0BD000241DB90096F7
S21400803800F036FC0400200076BD009601F05EFCD9
S214008048F8E7009602F002FAF4E7020010B5080016
S214008058052A08D0082A09D0002312B900F0CAFC5D
S2140080680300180010BD01F0E1FCF9E702F0C6FABB
S214008078F6E7020010B50800052A08D0082A09D035
S214008088002312B900F08AFE0300180010BD01F0A4
S21400809861FEF9E702F0DBFAF6E7020010B5080021
S2140080A8052A08D0082A09D0002312B900F0C4FC13
S2140080B80300180010BD01F0D6FCF9E702F0C9FA73
S2140080C8F6E7020010B50800052A08D0082A09D0E5
S2140080D8002312B900F0B2FC0300180010BD01F02E
S2140080E8C5FCF9E702F0B8FAF6E710B50400080090
S2140080F81100052C08D0082C09D0002314B900F06C
S214008108BDFC0300180010BD01F0D2FCF9E702F030
S214008118A5FAF6E7030010B50800052B05D0082BCE
S21400812806D00BB900F0ACFC10BD01F0C3FCFBE7B1
S21400813802F0AAFAF8E770B50500080011001A0060
S214008148049B052D08D0082D09D0092415B900F080
S214008158B5FC0400200070BD01F0CAFCF9E702F087
S214008168B1FAF6E7020010B50800052A08D0082A72
S21400817809D0032312B900F081FD0300180010BDD2
S21400818801F056FDF9E702F0A9FBF6E7020010B584
S2140081980800052A08D0082A09D0002312B900F0DA
S2140081A8ADFD0300180010BD01F084FDF9E702F0EC
S2140081B897FBF6E770B50500080011001A00052DB4
S2140081C808D0082D09D0CCB215B900F005FE040079
S2140081D8200070BD01F0DCFDF9E702F083FBF6E74E
S2140081E8030010B508001100052B05D0082B06D093
S2140081F80BB900F0FFFD10BD01F0D2FDFBE702F061
S21400820881FBF8E70A4B10B51B6A0400984770B163
S214008218084B094A1B78DB009958002210008C424C
S21400822805D305495B185B68A3425241D0B210BD1E
S21400823828AC010010250020F0B2010007B5002286
S2140082480300007800920138382834D810F02CFD46
S2140082581D223324331F333333333333353E33331E
S21400826833333333413333334B4D4F513333333357
S21400827826333333333333333333333333335A5387
S214008288583333335A5833626500DB789BB1022380
S214008298009310E09B78F9E70723F9E79A785B786C
S2140082A85BB21AB92BB1013BDAB202E01A00022B14
S2140082B8F9D152B2009200980EBD01229A569B78C8
S2140082C813B9174B9B5CE3E7164BFBE7164B1B787B
S2140082D8DEE740F2E83115480AF064F840F2D07359
S2140082E8C0180090E7E7124BD2E7124BD0E71023EE
S2140082F8CEE7114BCCE740F211136A461380DAE753
S2140083080323C5E70D4B0E4A1B789B009A580D4B66
S2140083189B1ABDE70C4B1B88EFE70C4B1B68B7E7AF
S214008328B4B30100ACB30100EA09002018FCFFFF53
S214008338F8250020FA250020182500201025002002
S21400834818B3010040F70937FC2500200026002056
S214008358037810B5382B0ED0392B11D00E2B09D137
S2140083680A4903790A789A4204D00B70084B06200B
S2140083789B6F984710BD074B8288E4331A80F9E74D
S214008388044B4268E8331A60F4E7C046EA0900205E
S21400839828AC0100182500200C218268C36810B597
S2140083A8047840786143044C0919497A0631490132
S2140083B8091900F0B2FD10BD1825002070B58AB066
S2140083C86A466423138100239372002300220492D2
S2140083D80593069207930892099303790400042BE1
S2140083E817D8180010F060FC175873037B004F4B23
S2140083F864211A00C03211801A0000200021C832F9
S214008408106051601A00D833D0321060516018607E
S21400841859600AB070BD464D6379464E2022280042
S21400842802A9337009F0CBFF0323012242494348CF
S2140084386B8400F066FD552301225B42AB845A33F9
S214008448AB623F4B00211A700223237240F6B83302
S214008458E36040F2E833236140F2D073636141F28F
S2140084688833A36141F27073E361A318E280D97779
S214008478337834499B0058583349091A616240F2E8
S2140084880211218521002A310A70304A9B58E3627E
S2140084982F4B23632F4B6363244A11001000E031EF
S2140084A8E2300B88008803430B8011002A4B31CB3F
S2140084B831C170CB70C11F4B22491B789B0059589D
S2140084C8214B5B1A1360254B5B1AD360A1E7216822
S2140084D800299ED0F022154809F071FF99E7154A41
S2140084E81078013803281FD810F0DEFB021A031C88
S2140084F809236A4693711A4B911D9C6F0820A04762
S2140085086B46591D0E4B06201B785A1E93410B705E
S214008518A0476B46D91D002309200B70A04778E7B3
S2140085280323E6E70523E4E70223E2E7182500200D
S214008538D825002010250020FA250020F825002040
S214008548EA09002018B3010000EA0637D0B2010095
S2140085589A99094040002000E4B3010040F7093723
S21400856828AC0100F0230360004870471825002057
S214008578030010B508000E2931D810F095FB083016
S2140085883030300C1A1F3029293030302D0018684A
S214008598FFF738FE10BD0020124A13491278185605
S2140085A88A56997891B900F070FC431E9841C0B27B
S2140085B8F0E70020052218560021F4E70020094AB3
S2140085C80A49127818568A565978EBE70221EAE7DC
S2140085D8002007221856EFE7054B1878E5E7002035
S2140085E8D8E7C04610250020E9B20100E4B2010031
S2140085F8EA09002010B50279030022B10020012AFA
S21400860807D1044801E001220348196800F079FC04
S214008618012010BDFA250020F8250020F7B51C001B
S214008628204B16001B78204A0D00D35C191C5BB241
S214008638834200DD011C1D481D4F84464AB2617006
S2140086489100CB590120634504D01A481B1858429C
S21400865843415800A070072A19D1322000F030FD97
S21400866822002300A17C0C320833019200933200CA
S2140086780023072911D1290000F050FD0123E356F5
S214008688072B03D0A06800F01FFEA060F7BD0A4BBA
S2140086987958985C00F00CFDE2E7290000F016FD1A
S2140086A8ECE7C04610250020E4B2010090D0030095
S2140086B8BCB30100E05EF8FFDCB30100F0B50127AB
S2140086C82E4D8FB06B680D910400C75746689847C3
S2140086D80B900B9B0020C3BBA37C43B922780C33BA
S2140086E85343274A9A1856680EB9254A9E58254B6A
S2140086F83000DB570C93EB689847AB699C46637C65
S214008708072F24D10020099301230890079006908C
S214008718059304900390A36840F2E8329BB2029354
S21400872805230C990193184B4A4300934CF2503199
S21400873803006446A047154B0B98D95D6B6D0D3149
S214008748C9B2984701200D9B1F700FB0F0BDA178E5
S2140087580126099300230896079306930593049326
S2140087680393A268300092B2029208220093019204
S214008778330064460C9AA0470B96DCE728AC010049
S21400878818250020DCB3010085450100B4B30100BC
S214008798F0B591B00D9201220F9182563A4B040023
S2140087A89B5602250B930C23017865574B43374994
S2140087B85B185B7A06335B015B189B788178181C1C
S2140087C85BB2AB4200DA081C012143B20C93304B73
S2140087D89200D3582F4A0A91934205D02E4A9B18E6
S2140087E85A4253418B400A93A26861680C9800F07D
S2140087F8BFFC0C232278294F53432449FA680E906D
S21400880858589047FB69012200259C4640F6A073FD
S214008818A2560893079506950595072A25D101239C
S21400882804930433029340F2E8330B9A66465343A4
S2140088382800009346F2A8120A9B0E990395019504
S214008848B0472E003000217B7B6D98477B6A30004E
S214008858217B98470D9B0D9A1860002301205360D2
S2140088680F9B0C9A1A7011B0F0BD082301260293CC
S2140088780B9B2A0003950093300065460A9B0E99C9
S21400888804960196A847DDE7DCB30100182500200A
S214008898BCB3010090D00300E05EF8FF28AC0100EE
S2140088A8F0B5002693B0019102920400062200213A
S2140088B808A8039311F052F904AB5E800725237AC3
S2140088C8B34206D9606808A9801900F085FB00281D
S2140088D84FD1022704AB1F72637A04AA06A89372C4
S2140088E8FFF7ACFC03000AA80571A27A08AD42712E
S2140088F86A7804A98271AA78C2712A780272E27A22
S2140089084272227B8272627B0375C2721022354BDA
S214008918027304AAD2191B780261334AD35C122266
S2140089284375324B521883610723112183832368CA
S21400893804AC0A9309192B0000F069FB0400072809
S21400894809D12B4B3A001F001800002109F04CFDF6
S21400895804AB5B883B8020006B78019A1370AB7879
S214008968029A13702B78039A1370189B1E7013B014
S214008978F0BD04AB04AA9B8A36185380901CD27CA0
S214008988F6B2062A15D00625002A98D1002B00D163
S21400899895E701206D1919001141014205D02900FB
S2140089A85143124FC9190968D1B10132102AF2D1C0
S2140089B884E7002240F2010C15000C2151430B4FAE
S2140089C8C919096821B16146914065460B439BB2B7
S2140089D80132102AF1D1002D00D16FE703806DE730
S2140089E806256CE710250020E9B2010018250020AE
S2140089F8F825002070B505004068FFF703FC063030
S214008A08C4B200200A4B0B4A1B780021D2562856BF
S214008A1800F03BFA08B902239C43012007220021F4
S214008A28285600F032FA08B904239C43200070BD8B
S214008A3810250020E4B2010000207047037810B526
S214008A48040000200F2B0CD86068FFF7DBFB0C2314
S214008A58227802305343084AC0B29A5812B9022301
S214008A68984310BD032804D1034A9B1862685A60CD
S214008A78F7E70220F5E7C0461825002002207047D1
S214008A8810B588B06A460B4B00930B4B019343789E
S214008A981372037853724388538103AB021D12CABC
S214008AA812C30269436968460692079300F086FB7C
S214008AB808B010BD18250020D8250020F0B58FB0C6
S214008AC8079104920021102205000AA81C0011F044
S214008AD845F808AB4620D91D02F09AFD614E0122E2
S214008AE80021300000F0EFF918B903233288134349
S214008AF83380A868E968FCF7EDFAAB68EA68060010
S214008B0813430F0033B12A686B688B4259D801D1DA
S214008B18824256D80022002322606360524C01230A
S214008B282200A97C687C00F0FFF9009001916B7C1C
S214008B38C03C05931023260000240127EB56029418
S214008B4806930394494BE0331B8823413B421BD0D2
S214008B583368CBB1059B1BB9033323413B4213D083
S214008B68317A06980A090907090F00F08EF958B1F4
S214008B78737A3D4A5B019B189A69DB691A43C2B14E
S214008B88039B0133DBB2039301340C36102CD9D186
S214008B98029B0BBB039BC3B90322344B0C20E03368
S214008BA819880A431A800022002304990A604B6039
S214008BB845E0029B029901330AAADBB25454029399
S214008BC8E2E7921BBB4100920193009B019C049A2A
S214008BD80B201360546032E0029B591E08ABD8790C
S214008BE8002830D0002009F0DDFBC6B20AAB9B5D3A
S214008BF801360093029B029A96FBF3F35343102226
S214008C081B4FAA56F61AF6B2BB6F062A19D0194990
S214008C1801209847154A0098E4320021525E0C213C
S214008C284143124B1148E83341583F6901201B68FD
S214008C38B84768B9013CE4B2002CD7D10D300FB064
S214008C48F0BD0D49E4E709F0ADFB0AAB1B5C0093E9
S214008C58079B009A04991A700022002300200A60D5
S214008C684B60ECE7F8250020D825002018250020C2
S214008C7828AC0100F0090020EC090020F8B50679B8
S214008C8805000620012E1BD903380F2E18D82A688F
S214008C980124137A19091B071B0F8B4207D8144B9C
S214008CA814481B78C356994200DC0024E4B21068C6
S214008CB8FFF7A8FA01235840C3B214B10533D8B257
S214008CC8F8BD0420002BFBD10C22170077430A4B73
S214008CD82968FF18380009F072FB0122B240064BDB
S214008CE87C72E033198820000A431A80E8E7C046F9
S214008CF810250020E9B201001825002070B5047878
S214008D08012C02D80025280070BD10222100074833
S214008D1800F0C5F805000028F4D00C225443044B94
S214008D280021E01810F01AFFEDE7C046F8250020ED
S214008D3818250020F0B50600022487B06B461C7084
S214008D4801346846E4B2FFF7D9FF102CF6D1337A1F
S214008D58102B21D17368DC7BF4B95023642703AD4C
S214008D682B72032262437368995C9B1829605A78B1
S214008D7812020A432A609B781B04134300227B4393
S214008D886A602B602BB101A8A31C01950371FFF73D
S214008D9875FF0134052CE4D107B0F0BD07B50268AD
S214008DA80379116839B96A4668461370FFF7A6FF53
S214008DB880B103200EBD00926A4668461371FFF71D
S214008DC85DFF03000220042BF4D00138052BF1D0F8
S214008DD8002BEED00020EDE7C90020B9034BC918D8
S214008DE88856C0B27047024BF9E7C0466CB301001C
S214008DF82CB30100030010B50A4A86B001929A689F
S214008E0801A8426040F211320281002282725A683A
S214008E181B880C000382C26000F016FA0323237036
S214008E2806B010BDDCB30100F7B5019108A90978B2
S214008E38009049B200209A4224DB8A4222DC0C26A3
S214008E48012719E0019C4100095B73438C46099988
S214008E58CC18002361461941394207D0217A0D07FC
S214008E682D0F954202DC090991420CDA01330C34C5
S214008E78102BEFD10130C0B203010099DBB2994242
S214008E88E0D80020FEBD0120FCE7030000208B424E
S214008E9804DBD80FD1179A424841C0B2704730B5A4
S214008EA80B090400150900209D420BD3914209D2F4
S214008EB80F220130114002008A4011005B00E25A7E
S214008EC88A43E25230BDF7B5019228B14A008318AA
S214008ED80020019A914200D3FEBD002422001F887C
S214008EE80125A5402E003E40B54201D10132D2B23E
S214008EF80134102CF4D180180131C0B2C9B2023343
S214008F08E7E710B520B119B100235200934200D10B
S214008F1810BDCC5AC4520233F8E70A614B6100B15F
S214008F2870478A60CB60FBE7F0B5012676420F00F3
S214008F38140035005B0185B0D31803900293029B9A
S214008F48A34209D1731C03D16B1C01D1002635003E
S214008F583000290005B0F0BD039B5BBBA068E16844
S214008F68FCF7B8F80190009120696169FCF7B2F83F
S214008F7802000B000FB9002213001900009B100016
S214008F888B4203D804D1019B934201D901980099DA
S214008F98A269E3698B4202D812D1824210D9121A0A
S214008FA88B419D4202D803D1964201D916001D0076
S214008FB82034C4E74FB120696169FCF78BF8E7E70E
S214008FC800220023A261E361F2E7002200233E00AC
S214008FD83D00A261E361EBE710B5027803000020CC
S214008FE8032A13D15A780F301400120904408C70E3
S214008FF84A709A788A80DC78240222438A801B7911
S2140090085A06520F0340CA700B700A3810BDF0B5E6
S2140090180627072687B00391049205934379040030
S2140090280579C7578657E3B10823C3560293002D20
S2140090383AD00F2F1DD10927E7570F2E2AD10A231A
S214009048E356072D03D1029A0AB901320292280084
S214009058039A1770049A1370059B029A1A7007B041
S214009068F0BD0B2309270A26C3560293C75786570F
S214009078DDE71423A269E356207B01921522A25647
S214009088009221693A00FFF7CFFE0028D5D10223C7
S2140090989D43D2E71D23E356B342D2DC1C23E35696
S2140090A8B34203DA04239D433300D0E73300C8E70E
S2140090B8024B8340B3FBF1F07047C04640420F00B6
S2140090C841F64073B3FBF0F07047000030B540F24D
S2140090D8E8350C1F44436A43A21852001AB1441ECE
S2140090E8A218B2FBF0F2914200D21100039A116066
S2140090F882004843002108B101304108521A40F264
S214009108E8314B43D31A01D5034A9B1893FBF1F178
S214009118049B196030BDC04619FCFFFF30B51D0022
S21400912840F2E8334C1F44435A43A21852001AB17F
S214009138431E9A18B2FBF0F2914200D21100039B2C
S2140091480022196005234343484308B1013042080A
S2140091589B1A40F2E83255435B1B01D503495B185E
S21400916893FBF2F2049B1A6030BDC04619FCFFFF61
S21400917870B54000141C0D1C10F0B8FA011C281C11
S21400918810F088F8211C10F085F8051C10F046FA37
S2140091980021060044B2281CF8F740FB60B93000EE
S2140091A810F05CFA011C281C10F074F80021F8F77F
S2140091B811FB08B9013C64B2200070BD0C22010006
S2140091C8F8B5C07A0B6842439B185B7A4A685B011D
S2140091D8D05AD41800220023A261E3614B7A8A7A17
S2140091E833BB40F60F66CD686433B54209D949F6F5
S2140091F8AF23AB429B4142F228352B4040F2E8357C
S2140092085B190AB90A7A92B1051C984200D21D1C4D
S214009218002301267642F717AAB2B6185F418A6974
S214009228CB69300039000FF07DFDA061E161F8BD23
S214009238002AFCD002008869C96900230126764204
S214009248F71792197B41EEE770B52F2604008CB00D
S2140092581C4D6E4431001D2002F0DAF92B1DDB6F21
S21400926898472B6B98473078AB6D9847EB686068E3
S21400927898470120217A6B6D9847637A2268002602
S214009288D25CE368A17A58424341012008960796C3
S214009298069605960993237A03900493238A0096E4
S2140092A802930A23AE6901930300B0476B6BE0682C
S2140092B8984720B101F07CFB642002F007FA0CB056
S2140092C870BDC04628AC010003003F2803D8FE2026
S2140092D8013318407047F8221000F72BFAD80733E6
S2140092E813401800F6E70000194B70B51B6A040017
S2140092F80D00984730B1174B174AE318934202D827
S21400930802232B7070BD154B154AE318934201D8FB
S2140093180023F6E7134B144AE318934201D80123B7
S214009328EFE7124B124AE318934201D80523E8E701
S214009338104B114AE318934201D80323E1E70F4B79
S214009348E4180F4B9C4201D80423DAE70020D9E73B
S21400935828AC010040AA8FCC7F841E00C02571CCA3
S214009368C0C62D00FF5E43CCBF270900A0B038CC8E
S21400937820A1070040022ECC90D00300606E29CCB6
S214009388E093040007B50022030000780092212825
S21400939816D80C2804D8072304282AD000980EBD0F
S2140093A80D381428FAD80FF075FC2026F9F9F9F9C3
S2140093B8F9F929F9F9F933353739F9F9F9F91700C7
S2140093C82F38C3B2072BE9D80728E7D80FF062FC76
S2140093D8282A2FE6E6E6282F5B785BB21A000BB140
S2140093E8013BDAB252B20092D8E75B78114A5BB218
S2140093F8D35C0093D2E7104B1B78FAE740F2E831CB
S2140094080E4808F0CFFF40F2D073C0180090C5E7AA
S2140094180B4BEEE70B4BECE71023EAE70A4BE8E7C3
S2140094280A4BE6E740F211136A461380B6E70323B1
S214009438DFE7C046FCB30100F409002018FCFFFF74
S214009448882700208A2700200826002008E6D3332D
S214009458037810B50E2B09D1054903790A789A4284
S21400946804D00B70034B06209B6F984710BDC04670
S214009478F409002028AC01000C218268C36810B5E6
S214009488047840786143044C0919497A0631490141
S2140094980919FFF742FD10BD08260020F0B5B3B045
S2140094A802AE0400C0220021300010F057FB0A214B
S2140094B840F2E8320A2064236944CA871AA9088059
S2140094C822A9338033840B802AAB1A80207904289B
S2140094D84CD80FF0E9FB03374D5667003D4DC022C8
S2140094E82800310008F06BFF40F282130722C03DC7
S2140094F8EA523949063A3948FFF703FD0123384A44
S214009508E380137040F6B832E26040F2E832226137
S21400951840F2D072626141F28832A26141F2707202
S2140095280023E261621C2372D3772E4A2385626287
S21400953822002A3213708323DB05E3622A4B236357
S2140095482A4B636340F2801140F28210284B5A5A25
S214009558185A02435A52274A1800110070C970C098
S214009568E0C9E0C01833183213CA13C333B0F0BDCD
S21400957821680029FAD040F288121D4808F01FFF1B
S214009588F4E7002200200021124BB45A20329860DB
S214009598D960186159619861D9611C802033C02A46
S2140095A8F3D1E3E76B460025991D134B08209C6F03
S2140095B80D70A0476B46591D094B06201B785A1E8E
S2140095C893410B70A0476B460920D91D0D70A04724
S2140095D8CCE7C046C82600208A2700208827002017
S2140095E8F409002008E6D3339A9909404000200081
S2140095F8082600202CB4010028AC010040F288138D
S214009608036001487047C04608260020030007B5D7
S21400961808000E2920D80FF047FB081F1F1F1F1829
S2140096280E181F18181F1F1F1C006A461868D11D21
S214009638FFF75AFE0EBD0020052218560021FFF738
S21400964824FC431E9841C0B2F4E7002007221856AF
S214009658F4E7024B1878F4E70020EBE7F40900205B
S21400966810B50279030022B10020012A07D1044868
S21400967801E0012203481968FFF743FC012010BDEA
S2140096888A27002088270020F0B585B01C000D002A
S2140096980392031C072800DD07231B4F5EB2BC4657
S2140096A81A49B200637053580127634504D0184F0F
S2140096B8DB195F427B415F00A77006281ADD32205F
S2140096C8FFF7FEFC22002300A17C0C32083301922F
S2140096D80093039A0023072912D12900FFF71EFDDD
S2140096E80123E356072B03D0A068FFF7EDFDA06023
S2140096F805B0F0BD074B8958985DFFF7D9FCE1E740
S2140097082900FFF7E3FCEBE790D0030004B4010060
S214009718E05EF8FF24B40100F0B501272E4D8FB0A7
S2140097286B680D910400C757466898470B900B9BCB
S2140097380020C3BBA37C43B922780C335343274A83
S2140097489A1856680EB9254A9E58254B3000DB579E
S2140097580C93EB689847AB699C46637C072F24D12B
S214009768002009930123089007900690059304901B
S2140097780390A36840F2E8329BB2029305230C9943
S2140097880193184B4A4300934CF250310300644649
S214009798A047154B0B98D95D6B6D0D31C9B298472C
S2140097A801200D9B1F700FB0F0BDA178012609930C
S2140097B80023089607930693059304930393A268D9
S2140097C8300092B202920822009301923300644657
S2140097D80C9AA0470B96DCE728AC01000826002068
S2140097E824B4010085450100FCB30100F0B591B032
S2140097F80D9201220F9182563A4B04009B56022581
S2140098080B930C23017865574B4337495B185B7AF3
S21400981806335B015B189B788178181C5BB2AB42F9
S21400982800DA081C012143B20C93304B9200D3583F
S2140098382F4A0A91934205D02E4A9B185A42534102
S2140098488B400A93A26861680C98FFF791FC0C237A
S2140098582278294F53432449FA680E90585890475F
S214009868FB69012200259C4640F6A073A256089381
S214009878079506950595072A25D1012304930433F1
S214009888029340F2E8330B9A664653432800009347
S21400989846F2A8120A9B0E9903950195B0472E002A
S2140098A83000217B7B6D98477B6A3000217B984788
S2140098B80D9B0D9A18600023012053600F9B0C9A8D
S2140098C81A7011B0F0BD0823012602930B9B2A00DC
S2140098D803950093300065460A9B0E9904960196F8
S2140098E8A847DDE724B401000826002004B40100D8
S2140098F890D00300E05EF8FF28AC0100F0B5002623
S21400990891B00191029204000622002106A8039352
S21400991810F024F904ABDE800725237AB34206D973
S214009928606806A98019FFF757FB002842D108A8E7
S2140099380571A37A06AD43716B780A228371AB78FA
S21400994804A9C3712B7852180372E37A092143726B
S214009958237B8372637BC3721023037304AB9F1D40
S21400996840F2007383822F4B07618361072383834A
S214009978236804AC089309192B00FFF748FB04007A
S214009988072809D102220021274808F02DFD40F2B9
S21400999880133A882349CA5220006B78019A1370BC
S2140099A8AB78029A13702B78039A1370169B1E7066
S2140099B811B0F0BD04AB04AA9B893618D380901D5D
S2140099C8D27AF6B2062A14D00625002AA5D1002B8C
S2140099D8A3D001206D1919001141014205D02900B4
S2140099E85143104FC9190968D1B10132102AF2D172
S2140099F892E7002240F2010C15000C215143094F52
S214009A08C919096821B16146914065460B439BB266
S214009A180132102AF1D1002D00D17DE703807BE7C3
S214009A2806257AE7082600208827002037B56B46E3
S214009A380500D91D4068FFF757FC0630C4B2002061
S214009A48072200212856FFF720FA08B902239C436C
S214009A580120052200212856FFF717FA08B9042323
S214009A689C4320003EBD01204042704713B50400C9
S214009A786B460020D91D237808700F2B0CD8606819
S214009A88FFF732FC0C23227802305343074AC0B251
S214009A989A5812B90223984316BD032804D1034ADC
S214009AA89B1862685A60F7E70220F5E70826002048
S214009AB87047000010B588B06A460B4B00930B4BF6
S214009AC8019343781372037853724388538103AB28
S214009AD8021D12CA12C302694369684606920793B2
S214009AE8FFF76CFB08B010BD08260020C82600202B
S214009AF8F0B58BB00491059200211022040006A848
S214009B081D0010F02BF8474E012200213000FFF709
S214009B18DAF938B940F280120723813EFF3EB15A7F
S214009B280B43B352A068E168FBF7D4FAA368E2686F
S214009B38060013430F0033B1226863688B425DD872
S214009B4801D182425AD8002200232A606B60364D23
S214009B5806232A00A17C607CFFF7E6F9637C0600F2
S214009B6802931023E3562C0000250F000393C03CF5
S214009B780095019540F280122C4B9B5A803A2B4157
S214009B88FF3A13421BD02368CBB1029B1BB907339D
S214009B982B41134213D0217A03980A090907090FA3
S214009BA8FFF773F958B1637A1F4A5B019B189A69E5
S214009BB8DB691A43D2B1019B0133DBB2019301354D
S214009BC80C34102DD6D1009BF3B100990020013932
S214009BD808F0E8FB06AB1B5C002600270020049A6A
S214009BE81370059B1E605F600BB0F0BD009B00996C
S214009BF8013306AADBB255540093E0E7921BBB413B
S214009C0816001F000B20ECE7019B002BFAD140F250
S214009C188012072305480026815A00270B438352E3
S214009C280C20DEE788270020C8260020082600200B
S214009C380023F0B585B002AAD3710779050006207F
S214009C48022F19D903380F2F16D82A680124137A39
S214009C5819091B071B0F8B4203D806348C42A441F4
S214009C68644202ABD91D1068FFF73EFB0126704020
S214009C78C3B21CB10533D8B205B0F0BD0420002B22
S214009C88FAD10C2213007B430949BE405B18180022
S214009C982968019308F093FB02ABDB79019A044923
S214009CA8537240F280128B5A200033438B52E3E7FC
S214009CB80826002070B50478022C02D80025280053
S214009CC870BD102221000748FFF7E9F805000028B4
S214009CD8F4D00C225443044B0021E0180FF03EFF4A
S214009CE8EDE7C0468827002008260020F0B50600C5
S214009CF8032487B06B461C7001346846E4B2FFF74D
S214009D08D9FF102CF6D1337A102B21D17368DC7B5F
S214009D18F4B95023642703AD2B7203226243736899
S214009D28995C9B1829605A7812020A432A609B7825
S214009D381B04134300227B436A602B602BB101A8E7
S214009D48E31C01950371FFF773FF0134052CE4D17A
S214009D5807B0F0BD07B502680379116839B96A46D5
S214009D6868461370FFF7A6FF80B103200EBD009269
S214009D786A4668461371FFF75BFF03000220042B50
S214009D88F4D00138052BF1D0002BEED00020EDE7FB
S214009D98891A081C090600D50020C0B270470000C2
S214009DA8030010B50A4A86B001929A6801A8426074
S214009DB840F211320281002282725A681B880C0017
S214009DC80382C260FFF740FA0323237006B010BD73
S214009DD824B401000A4B10B51B6A0400984768B102
S214009DE8084B094AE3180020934207D8074AB3FBF2
S214009DF8F2F14A439B1A5A425341D8B210BDC046A4
S214009E0828AC0100608FF7C840164000C02709003C
S214009E1807B50022030000780092372805D80C28DA
S214009E2805D801281ED0042838D000980EBD0D3855
S214009E382A28FAD80EF02EFF2227F9F9F9F9F9F9A7
S214009E482AF9F9F93436383AF9F9F9F919F9F9F92C
S214009E58F9F9F9F9F9F9F9F9F9F93C42164916F94F
S214009E683C16160008230093DFE75B785BB21A00FF
S214009E780BB1013BDAB252B20092D6E75B78144ACD
S214009E885BB2D35CEFE7134B1B78ECE740F2E831A4
S214009E98114808F087FA40F2D073C0180090C4E75B
S214009EA80E4BE0E70E4BDEE74823DCE70D4BDAE720
S214009EB81A790D4B53430D4A9B18D4E740F21743C3
S214009EC86A46138003239370AFE7074BCBE7C04679
S214009ED850B40100F509002018FCFFFF102B0020E5
S214009EE8282B002090270020C0270900A0700837DC
S214009EF8037810B50E2B09D1054903790A789A42DA
S214009F0804D00B70034B06209B6F984710BDC046C5
S214009F18F509002028AC01000C218268C36810B53A
S214009F28047840786143044C0919497A1B31490181
S214009F380919FEF7F2FF10BD90270020F0B58BB088
S214009F486A46012313810023937200220023049299
S214009F58059306920793089209930400007904284B
S214009F6819D80EF0A1FE1A798A03940040F26032DE
S214009F780121534B00209952002108329A1810608C
S214009F88516040F270329A181060516040F2783290
S214009F989B18186059600BB0F0BD4A4D2022280067
S214009FA802A908F00CFA484B0022E81840F2A4333D
S214009FB801003026C252454D454B464F0360DB191B
S214009FC8067242720C30AB42F7D144260025424B4B
S214009FD8424A4348434F1A60D2191E725D720C33C8
S214009FE88242F7D1012340F298325B428B5004320A
S214009FF88B5040F2A033FF223B4ECA5030003B49FC
S21400A008F93AFEF77EFF062231003948FEF779FF57
S21400A0180123384AE380137040F6B833E36040F211
S21400A028E833236140F2D073636141F28833A36159
S21400A03841F27073E361631C2572DD772E4B636211
S21400A0480823238523002A331D702C4BE362002344
S21400A05823632B4B63639EE72348062223490400A9
S21400A068FEF74FFF0023A189228801330A40DBB29E
S21400A078A2810234062BF6D18DE72168002900D18B
S21400A08889E740F2A8320E4808F099F983E76B464C
S21400A0980625991D1B4B08209C6F0D70A0476B4624
S21400A0A8591D144B28001B785A1E93410B70A04765
S21400A0B86B46D91D012309200B70A0476BE7C046E5
S21400A0C890270020F02A0020A0FCFFFF60518B3666
S21400A0D86001C835400D0300902A0020C0AFD23575
S21400A0E8C0FF9536006A1800102B0020282B002089
S21400A0F81C2B0020F5090020A07008379A9900420A
S21400A1084000200028AC010040F2A8330360014854
S21400A1187047C04690270020030010B508000E2997
S21400A12827D80EF0C1FD08262626260C1115261F50
S21400A1381F26262623001868FFF74CFE10BD0020B1
S21400A14804221856002107E0002005221856F9E7D1
S21400A15800200D2208211856FEF797FE431E984148
S21400A168C0B2EBE700200E221856EBE7024B187831
S21400A178F4E70020E2E7C046F5090020F0B5037AC8
S21400A188102B1ED14268D37B012B1AD10020FF2545
S21400A19840F288360B4B0C495C18117819805778B2
S21400A1A83F0239431980042801D12940A1539F89C9
S21400A1B8198801303940C0B2998102320233052825
S21400A1C8EBD1F0BD102B002080FCFFFF70B50422F9
S21400A1D8050000210068FEF776FE0023012803D05C
S21400A1E82E791EB1012E1BD0180070BD0F4806220E
S21400A1F804002968FEF785FE40F2A0320C4BE318EF
S21400A208995C995202329E520623A1892288013B04
S21400A2180A40DBB2A2810234002BF6D10123E3E721
S21400A228062204482968FEF76CFEF7E7102B002084
S21400A23880FCFFFF282B0020F7B51C000D00160039
S21400A248031C0D2800DD0D23154859B28446154F0A
S21400A2588A006370D3590120634504D012481B183E
S21400A268584243415800114BA070585CB958FEF745
S21400A2781FFF22002300A17C0C32083301920093B2
S21400A28832000023072907D12900FEF747FFA068F8
S21400A298FFF71AF8A060F7BD2900FEF717FFF6E7E4
S21400A2A890D0030074B40100E05EF8FFB4B4010077
S21400A2B8F0B501271D4E8DB073680B910400C75783
S21400A2C8456898470300002073BBA37C33B9072270
S21400A2D82378174D13405D43164BED18164B280090
S21400A2E8DB5701250A93F3689847637CA17809939E
S21400A2F80023089507930693059304930393A2688F
S21400A308280092B202920822009301922B000A9A21
S21400A318B469A047094B2800D95D736D0D31C9B2E1
S21400A328984728000B9B1F700DB0F0BD28AC0100A5
S21400A338C0270900A0700837B4B4010050B4010063
S21400A3480123F0B5022491B00C920E91C356374AF9
S21400A3580700D2560D920457042B4CD1231C022C0E
S21400A36800DA02235BB20B9301230121FB56304A25
S21400A3789B009B582F4A0E00934205D02E4A9B18E6
S21400A3885A4253418B401E0000222C490B98FEF778
S21400A398EFFE0C233A782A4953432A4A0F90D2688C
S21400A3A85858904740F6A0730893082302930D9BCD
S21400A3B800250093234B0124DB692A009C460F994D
S21400A3C83300200066460795069505950494039580
S21400A3D80194B0471B4E2000397B736D9847736A0B
S21400A3E82000397B98470C9B0B9A21C320000E9BB4
S21400A3F81A7011B0F0BD0C230225027800215343D1
S21400A4080F4A11489B185B7A1B335B019B18042282
S21400A4185D57FEF758FD231C312803D9AC42A1DA54
S21400A4282B1C9FE7052C9DDA05239BE7B4B4010097
S21400A43874B4010090D00300E05EF8FF0000F0411D
S21400A4489027002028AC0100102B0020F0B595B00E
S21400A4580391049200210622040007A805930FF032
S21400A4687DFB0C22002109A80FF078FB0622604924
S21400A47809A8FEF746FD0027237A07ADBB4205D993
S21400A48860682900C019FEF7A7FD60B90123EB56DE
S21400A498032B5CDC0422002109A8FEF714FD012822
S21400A4A855D8062354E0E9783F18AA88FFB209ABC6
S21400A4B8062907D1073909910A910131FF310A4067
S21400A4C81A81D9E7072903D1002109910A91F5E7EE
S21400A4D8052939D140F2FF0C61460025114002914A
S21400A4E8009501210122A9402A400192009A5600AF
S21400A4F89A5B1000029A114216D0019A89B24AB99C
S21400A5086246104398531A890A4301351A81082D62
S21400A518E7D1B1E7374A104398531A890A43009897
S21400A5280130C1B20091F0E7C943019A89B22AB94D
S21400A5386246904398531A890A40E6E762461040F6
S21400A54898531A890A40EAE749005A5294E70723BB
S21400A5580CA80371A37A284D437107AB5A7806A94D
S21400A56882719A7809AEC2711A7805310272E27A57
S21400A5784272227B8272627B0661C2724822027332
S21400A58840F2004282820E228283226885610C9203
S21400A59806AA0632FEF73BFD0400072818D1062255
S21400A5A831001348FEF7ADFC40F28C3240F280339F
S21400A5B8A958EB580B40AB5040F284330432A958E4
S21400A5C8EB580B40AB5040F28833EA580C33EA504D
S21400A5D8200007AB5A7803990A709A7804991B7872
S21400A5E80A70059A13701A9B1F7015B0F0BDC04606
S21400A5F8102B002000FFFFFF9027002070B50500F5
S21400A6084068FFF7E7FB0630C4B200200D22082199
S21400A6182856FEF73AFC08B902239C430020072276
S21400A62805212856FEF731FC012803D00023EB56F7
S21400A6380D2B01DD02239C4301200322002128560E
S21400A648FEF723FC08B904239C43200070BDFF20B6
S21400A6587047012040427047FF20704740F2A530FF
S21400A66810B5084C235C5A1ED2B209B90133DAB2C7
S21400A67839232254534300201C22DBB29A4240411D
S21400A688800010BD9027002010B588B06A460B4B96
S21400A69800930B4B019343781372037853724388E5
S21400A6A8538103AB021D12CA12C302694369684686
S21400A6B806920793FEF782FD08B010BD902700208B
S21400A6C8F02A0020F0B51C0000239FB009910692DE
S21400A6D81900482205000CA801930FF03FFA7A4E9D
S21400A6E8042230000199FEF7EEFB50B90422300030
S21400A6F87649FEF706FC764B019AF61840F2A43324
S21400A708F2541023EB56032B08DD40F29432714BBB
S21400A718995C19B940F28831595A9952A868E9687B
S21400A728FAF7D8FC02000B00E868A968014331B1C3
S21400A73828686968994254D801D1904251D80022B5
S21400A7480023226063600123634AA97C687CFEF7C5
S21400A758EBFB1023002402900391EB560594079315
S21400A7680494602600276643E300DBB20893594B3F
S21400A778F618554B01221B5B3B41134215D0336834
S21400A7889BB1317A07980A090907090FFEF77DFB7E
S21400A79858B1737A504A5B019B189A69DB691A4369
S21400A7A8AAB1059B0133DBB2059301370C36102F8F
S21400A7B8DFD102340A2CD4D1049BEBB9059BA3B98C
S21400A7C80022002306990C200A604B6066E0049B72
S21400A7D804985A1C089B0CA9DB190B54D3B2049393
S21400A7E8E3E7801A994102900391029B039C069A1C
S21400A7F80B201360546051E06B7C43B10499002031
S21400A808013907F0CFFD0CAB1B5C019349E0102122
S21400A8186956304E51B140F29432B05C01220100C4
S21400A828194111424CD04033DBB2EEE708220AA8A1
S21400A8380FF094F940F2A4330127F45C6308C5339B
S21400A848244AFF335B009B189B881A0A3C4201D1B6
S21400A858FF221A4000231D0011001941394203D077
S21400A8680AA94B550135EDB20133082BF4D14DB189
S21400A8780020691E07F096FD0AAA125CE3009B18E2
S21400A888DBB201930134E4B2072C00D9002440F26D
S21400A898A4332DB9F35CA342D0D103201FB0F0BD7A
S21400A8A8F454099B019A01991A7007484822FEF742
S21400A8B8F6FA00220023069900200A604B60EDE7AE
S21400A8C80133DBB2ABE7C0461C2B0020102B002060
S21400A8D874FCFFFF90270020F02A00200320704712
S21400A8E800207047032A00DD0022054B8900C9189E
S21400A8F88B5C181C5BB2002B00DA0020C0B27047D5
S21400A90860B40100030010B50A4A86B001929A683E
S21400A91801A8426040F617020281022282725A6833
S21400A9281B880C000382C260FEF78EFC0823237087
S21400A93806B010BDB4B4010040F2A433054AD3589B
S21400A948E0331B78022B00D0062340F2A031535484
S21400A9587047C046582D00200423024A11780B433E
S21400A96813707047582B00200123024A11780B43B6
S21400A97813707047582B002040F2A033044AD35C6B
S21400A98823B10223034A11780B4313707047C0465D
S21400A998582D0020582B002040F24823034A10B5B3
S21400A9A8D35813B1DB6803B1984710BD582D002063
S21400A9B8042310B5034A11780B431370FFF7ECFF16
S21400A9C810BDC0465C2B0020022310B5034A117840
S21400A9D80B431370FFF7E0FF10BDC0465C2B00204A
S21400A9E8082310B5034A11780B431370FFF7D4FFFA
S21400A9F810BDC0465C2B0020F8B5150007000E00F9
S21400AA081C00FAF763FB084B186059609F609E812C
S21400AA18DD811C74112305490A789A4313430B7089
S21400AA28FFF7BAFFF8BDC046382B00205C2B002085
S21400AA381FB540F2A433084A02A9D3581A00FF32B9
S21400AA48527F48708A700D220A701878FDF70CFA43
S21400AA58C0B205B000BDC046582D002010B50E4C3B
S21400AA682000FAF72DFA0D4B227EE3181AB140F2B1
S21400AA780B320121995440F2A4329A58E0321278E7
S21400AA88022A05D140F2A131585C1E3202435A54BC
S21400AA98FFF782FF10BDC0464C3000200CFDFFFFBC
S21400AAA840F24022802310B5094CA1580B43A3500E
S21400AAB840F20C33E35C0BB1FFF7D0FF40F2A13154
S21400AAC82223625C9A4313436354FFF735FF10BD95
S21400AAD8582D0020F0B585B00700019104F032F833
S21400AAE8050020B1022004F057F803F0E3FD40F219
S21400AAF8A433414CE358E0331B78012B13D104F000
S21400AB082FF8060028B1002004F010F8350003F0EE
S21400AB181DFD04F02FF8060028B1002004F00CF8FC
S21400AB28350003F01FFD354E03A806F01DFC3278ED
S21400AB38531CDBB233700AB906F03AFC03A806F0D9
S21400AB4818FCE5BB40F2A03240F20C33A25CE35C92
S21400AB58C2B913B140F24133E754380005F0AAFBF6
S21400AB682748FAF711FA50BB40F2A1322023A15C1D
S21400AB780B43A354234C231DDB6F9847236B98473E
S21400AB88E36E1AE01BB140F24133019AE254019891
S21400AB9805F090FB40F2A433E358E0331B78022B11
S21400ABA814D040F2A1322023A15C0B43A35440F2F8
S21400ABB8A033E35C134CD3B9E36A984706E040F247
S21400ABC8A433E358E0331B78022BF0D1FFF7B4FE2A
S21400ABD803A806F0C9FB3378013BDBB233700BB928
S21400ABE806F0FAFB03A806F0C4FB05B0F0BD05F0B6
S21400ABF8A1F90028C2D0DFE7582D002078340020BD
S21400AC08F02F002028AC010013B5FAF75FFA6C465F
S21400AC1802000B00094920000CC1FAF7E5F840F2DB
S21400AC283822074B9B1806CC06C32023054A117802
S21400AC380B431370FFF7B0FE13BDC046502B002021
S21400AC48582D00205C2B002040F2A132104B9A5C55
S21400AC58920704D540F229329A5C012A0AD940F2B2
S21400AC68A4329A581100E231097819B1E432116811
S21400AC7801311160002240F2083102205A54043192
S21400AC885A5401395A54CB395A5882435A50704745
S21400AC98582D0020094B1A78012318001A420BD1A8
S21400ACA840F24021064A515831B940F2A233D05CEE
S21400ACB80138431E9841C0B27047C0465C2B00203E
S21400ACC8582D0020F0B5002540F20C374F4C87B0C1
S21400ACD82580E555049505951D006E1EB541009125
S21400ACE80CA909886D42294040F23815C9B2615549
S21400ACF80578A57006787609022E04D00225042E5B
S21400AD0830D1013DE55526000425FF36757125002E
S21400AD183F4FFC35EF60FF277773007840F2A43783
S21400AD28B07340F228102254E25904A8D26C6A6123
S21400AD38009A12782B63727540F23012A15405F00F
S21400AD482FFC132570B92200049BFE32138340F2B1
S21400AD584432A0520C3205A8A35005F0CDF90500E0
S21400AD6818B11425280007B0F0BD059B002BF9D0B4
S21400AD78E920E3591856FFF75BFE40F238130390B4
S21400AD88E35C019313B3059B0293029AE3590F2AD7
S21400AD981CD8E9201856FFF74BFE029A019B9446EA
S21400ADA863449BB2984211D30F201A4A05A905F0AE
S21400ADB8AFF90028D5D10F21009B059A1B780A40C9
S21400ADC88B431343009A13707375CBE740F2A4368F
S21400ADD8A25903983032FF3205A905F099F90028E0
S21400ADE8BFD140F228132200E054A359FC32303376
S21400ADF8FF33136340F23013059AE2540833E25CDB
S21400AE08002AAFD00A25E054ACE7C046582D0020EB
S21400AE185A2D0020702E0020F0B587B000236A4611
S21400AE2840F2A4373D4CD371E35902A91A000870C2
S21400AE38E932127805004A701A00E8321278384E5D
S21400AE488A701A00FC32506A926A48608A602288C1
S21400AE5818788A816A4633000732FDF7C5F840F24B
S21400AE6841330122E254E35940F24831E9331A7873
S21400AE7840F24233E2546B46DA7940F243336118C3
S21400AE88E2541133E550326873680A604B6040F24A
S21400AE98603161180A604B6003F0C4FF40BB40F2A3
S21400AEA8A433E358E0331B78012B01D104F03CFAB5
S21400AEB804F0B6FA40F20C33E35C23B940F20832E9
S21400AEC8A35C0133A35440F2B03300200021E318FA
S21400AED818605960134B217813489B6A98470500F9
S21400AEE888B940F240220223A1580B43A35007E03A
S21400AEF83068716804F0D8F9084310250028CED0C9
S21400AF08280007B0F0BD672806D01925662800D1A6
S21400AF180E3D04F095F8F3E70D25FAE7582D0020C6
S21400AF286830002028AC01005A2D002003000800D5
S21400AF381100074A10B5D46B1A00A04740F2402209
S21400AF4802230449885803438B50002010BDC0468E
S21400AF5828AC0100582D002013B5144B144C154886
S21400AF68236040F2C013636005F014FB00230193CE
S21400AF7840F2A433104A01A9D35820611878FCF788
S21400AF88BCFF019BA0600D48E360FCF757FEA0617C
S21400AF980B4805F017F820620A4803F0E5FCA062A3
S21400AFA8094805F017F92063200016BD982B0020E5
S21400AFB8602B0020742B0020582D00207C2B0020AE
S21400AFC8842B00208C2B0020942B0020F0B5040046
S21400AFD803258FB0A0B340F24023274E023DF35816
S21400AFE8AB422DD1016821B14268244892B207F0DD
S21400AFF8E6F902256B4640F2A4371D71A368694638
S21400B0080093F3591878FCF767FF40F20D33F25CAB
S21400B018313BF254F3591A00FC32916940F2E022AF
S21400B028FF33B1509A7F40F2EC23F25401220133E9
S21400B038F2549B18F554A069FCF7F2FD18B11225D6
S21400B04828000FB0F0BD206905F098FA0028F6D160
S21400B058206A04F0A9FF050050B9A06A03F078FC3E
S21400B06840B1206B05F0AAF80028E9D11525E7E7D6
S21400B0781425E5E71125E3E7582D0020982B002036
S21400B088030010B5032063B159B1187B0F220400E2
S21400B0981440104206D05A1CD27F1AB10023002052
S21400B0A80B7010BD1A00283212780AB90123F6E789
S21400B0B81720002CF5D10133DB7F0BB90233EEE7FE
S21400B0C80323ECE7002270B58AB005000C000323C2
S21400B0D80492002940D040F2A43305A80270224A00
S21400B0E80926D3586E441900E231097841701900D0
S21400B0F8E4310968416040F2F021525807921A007C
S21400B108E832128852BA82811A00FF32517A817365
S21400B118527F3100C2731B780A22037403AB009374
S21400B1280B236A446B4403F08AF900203056FFF775
S21400B1387FFC607004A804F0DFFF142360B9049A4B
S21400B1480F2A0CD863789A4209D8AD18991AAB42D8
S21400B1589B415B422170DB0018000AB070BD0023DB
S21400B16823700833F8E7C046582D00201FB50400A2
S21400B1780323002861D00078532800D990E10DF009
S21400B188A7FD54005F0066006A006D0073007A0031
S21400B1988F018F018F018F018F018F018F018F0122
S21400B1A88F018F018F018F018F018F018F018F0112
S21400B1B88F018F018F018F018F018F01800086001C
S21400B1C891009900A200A900B300B000B600BD0027
S21400B1D8C400CA00D000D7002201DE00E400F00058
S21400B1E8EA00F600FC0002010D010A018F018F013A
S21400B1F88F018F018F018F018F018F018F018F01C2
S21400B2088F018F018F018F0113011F012201310168
S21400B2188F013901710181013F01430146014D014A
S21400B22854015D0164016B016E0140F2A4339F4A2C
S21400B238D358E0331B7823710023180004B010BDE0
S21400B24840F2A433994AD258F13BFF3BD0E0FCF7D2
S21400B258E7FD6060F0E7FCF7F9FDFAE740F2A43393
S21400B268924AD358E233E5E740F2A4338F4AD358DC
S21400B2789B6C6360E0E740F2A4338C4AD358DB6CDF
S21400B288F7E740F2A433894AD358E133D2E71C23C0
S21400B29802A90B7040F2A433844AD3581878FCF7F6
S21400B2A8E3FDD6E740F2A433804A0434D3580D337E
S21400B2B8FF3305E040F2A4337C4A0434D3582833DD
S21400B2C806CB06C4B8E740F2A433784A0434D35809
S21400B2D81533EDE740F2A433744A0434D3583033B8
S21400B2E8EEE71A2302A9D4E7192302A9D1E740F208
S21400B2F8A4336E4AD358FF335B7A9CE740F2A433F4
S21400B3086A4AD358F4331B68B3E740F2A433674A53
S21400B318D358F833F7E740F2A433644AD358FC33DB
S21400B328F1E740F2A433614AD358FC335B68A0E7E0
S21400B33840F2A4335D4AD358FC339B6899E740F241
S21400B348A4335A4AD3585B7975E740F2A433574A70
S21400B358D358E9336EE740F2A433544AD3581B79DE
S21400B36869E740F2A433514AD358E83362E740F21B
S21400B378A4334E4AD358EC33C5E740F2A4334B4ABD
S21400B388D358F03356E740F2A433484AD358FC3330
S21400B3989B6A636050E7FFF7DFFD5AE740F2A43385
S21400B3A8424AD3581B6CF4E70E2302A90B7040F2EE
S21400B3B8A4333E4AD3581878FCF756FD20713BE76D
S21400B3C8042302A9F2E702236A46137240F2A43362
S21400B3D8364A6946D3581A00FF32527F8A7218785E
S21400B3E802A9E9E740F2A433304AD25840F22813BB
S21400B3F8D35C20E740F2A4332C4AD258E83B24E733
S21400B40805F02CFBA08017E705F034FB21E740F297
S21400B418A433264AD25840F22C13E9E740F2A43364
S21400B428224AD358FF339B7A05E740F2A4331F4AD3
S21400B438D358FC33586A0DF0A3FCBFE740F2A43398
S21400B4481A4AD358FF339B7FF5E640F2A433174ACF
S21400B458D358FF335B7FEEE605F018FBF9E605F0F8
S21400B46821FBF6E640F2A433104AD358187818B1F0
S21400B4781723062800D0E0E6382302A90B70FCF74D
S21400B488F3FCBFE740F2A433084AD358187818B13B
S21400B4981723062800D0D0E6392302A90B70FEE64B
S21400B4A8200003F0EBFD0300C7E6C046582D002039
S21400B4B830B587B0029240F240220393094B04004D
S21400B4C89A58012001AD0191920708D440F2A4329F
S21400B4D804A99B580C7118780495FCF743FE07B02E
S21400B4E830BDC046582D002040F2402337B50A4AE2
S21400B4F80221D55801232C000C400D420AD140F2F7
S21400B508A43301A9D35808701878FCF73FFE032324
S21400B51800B1230018003EBD582D0020F7B50400E2
S21400B5281E4B032001934CB340F240231C4D0238B7
S21400B538EB589B0722D426781530032E1ED8A16810
S21400B548E9B92427774340F2A4333800ED58503041
S21400B55828181822ED19002106F046FF2A000121B6
S21400B568513211705670626800206A65E268AB6EE8
S21400B578AA652269EA65012252421A60FEBD01AB3D
S21400B588985D05F009FA08B11220F7E730006168FF
S21400B59805F018FA0028D4D0F6E7C04680838689D6
S21400B5A8582D002040F2A433020000200649CB584C
S21400B5B854331968914205D00130C0B224330428A8
S21400B5C8F7D1FB307047C046582D002002000320F4
S21400B5D889B11330032A0ED840F2A4330648C3585C
S21400B5E8242042439B181A00513212780E3812B1A2
S21400B5F800205B6D0B607047582D002040F2A43386
S21400B608024AD358E03318787047C046582D0020B1
S21400B61873B5184C060001A80D0005F0A5FE2278A3
S21400B628531CDBB223700AB905F0C2FE01A805F068
S21400B638A0FE1D2E17D0462E07D140F2A4330E4A80
S21400B648D25840F22813D35C2B7001A805F08CFE64
S21400B6582378013BDBB223700BB905F0BDFE01A8C9
S21400B66805F087FE73BD40F2A433034AD358E1338E
S21400B6781B78E9E778340020582D002010B572B6FC
S21400B688BFF34F8FBFF36F8F40F2A4330C4A0124E9
S21400B698D358E0331B78022B0BD00A4B1B7843B9E0
S21400B6A8094B1B682BB904F0C7FB040008B905F062
S21400B6B883FF62B6BFF34F8FBFF36F8F200010BDB6
S21400B6C8582D0020AC210020582B002040F248239B
S21400B6D8034A10B5D35813B11B6903B1984710BD78
S21400B6E8582D0020F8B540F2A4370C00104EF9F794
S21400B6F8E7FB331DDB6F9847336B98470D4B0E4AB5
S21400B7082100D518EB591878FCF759FC70B1EB599D
S21400B718726BF4331868904740F2A033A27CEA5460
S21400B72820B1FFF745F96420FFF7D0FFF8BDC04603
S21400B73828AC0100E4FCFFFF74300020F0B5244D6F
S21400B74885B06B6898470138C0B201283DD940F2E9
S21400B758A436204CA35919001A001F001878FF3188
S21400B7681D4B497EF0321278EC37009349B20393AA
S21400B7783B68FCF710FC40F2EE270223A259E3557B
S21400B788B333FF33D25C3C33FF33E2540122023B2F
S21400B798E2542B1DDB6F98472B6B9847A359E13370
S21400B7A81878AB6D9847A3590C4A18780399FCF794
S21400B7B806FC50B16B6B0020984740F2A033E25D60
S21400B7C8E25410B16420FFF781FF05B0F0BDC04613
S21400B7D828AC0100582D002034300020743000209A
S21400B7E8F8B540F2A436484C0500A3591A00E032D2
S21400B7F81078012869D0022800D172E0002800D00D
S21400B8087FE035B90D333432FF3303CB03C2002053
S21400B81808E0012D07D1280003F0AAFE10B9A359A5
S21400B828E0331D70F8BD0320022DFBD103F0ACFDFC
S21400B8380A2004F059FD28B140F2A1322023A15C69
S21400B8480B43A35440F2A433E15802200B00E03324
S21400B858187040F2C82240F2DC23A218E318E0CAA7
S21400B868E0C360CA60C340F2EE23E0540B00002237
S21400B8785033587820B31878022821D1242308009A
S21400B8885343CB181A6EFC30826164331B78FF3141
S21400B8984B7640F20D33E05C313BE0540433E25023
S21400B8A88A7F0C33E25403220233E254013B023A05
S21400B8B8E25440F20C330022E254FFF73FFFA6E7BB
S21400B8C801322433042AD4D1F3E7012D03D1A35936
S21400B8D8E0331D709BE7280003F04AFE0028F6D0E8
S21400B8E8A0E745B9094C1570236B9847E36E98474F
S21400B8F8FFF722F88BE7012D00D193E7022D00D140
S21400B90885E703208EE7C046582D002028AC0100A6
S21400B918F0B540F240260120124D8FB0AB59834255
S21400B92816D104236A4640F2A43700241371EB5953
S21400B938694618780094FCF7CFFAEB59AC51E03317
S21400B948187838B903F06EFA08B103F079FB0020CE
S21400B9580FB0F0BD0128F8D00228F8D11C70FFF708
S21400B9683FFFF4E7582D002070B5FFF793F91F4CFA
S21400B978002832D140F2A436A359E0331D780DBB17
S21400B98803F044FAB8B103F0FFFC0A2004F0ACFC5C
S21400B99828B140F2A1322023A15C0B43A354112105
S21400B9A8134A13788B43137040F240230122E25067
S21400B9B80023180070BD03F035FA0028EFD003F016
S21400B9C82FFDECE7012DFAD002239D42F1D1FFF7B7
S21400B9D807FFA359E0331D70E1E740F24023E35820
S21400B9E8013B5A1E9341DBB2E3E7C046582D0020C0
S21400B9F85C2B002070B5040090B018B9032318001B
S21400BA0810B070BD40F24023A44DEA5801239207B7
S21400BA18F5D40078532800D9C4E20DF059F954003B
S21400BA28590064006C00700077007D0083008E006B
S21400BA388E00C302C302C302C302930098009D008F
S21400BA48A200A700AC00B100B600BB00C000C5004D
S21400BA58CA00CF00D400D900DE00C302E300FD0010
S21400BA6813014301680159016D0178017F018401C2
S21400BA7889019001C3029701AA01D301C001E6011A
S21400BA88F601FF0106020C021302C302C302C30238
S21400BA98C302C302C302C302C302C302C302C30271
S21400BAA8C302C3022202C302C3024502C3025202F1
S21400BAB8A202B4025A025E02620273027D02860283
S21400BAC890029A029E022079FFF78AFE030096E704
S21400BAD82379022B00D191E740F2A432A958F13A13
S21400BAE8FF3A8B5405E06068FCF788F9002800D018
S21400BAF884E7002383E76068FCF796F9F6E740F2E8
S21400BB08A433EB58E23322791A70F2E740F2A433F2
S21400BB186268EB589A64ECE740F2A4336268EB5824
S21400BB28DA64E6E76168002900D167E7012004F0D7
S21400BB3833FF12230028DCD061E761680220002961
S21400BB48F5D15BE7616807200029F0D156E7616800
S21400BB5808200029EBD151E761687F200029E6D14B
S21400BB684CE7616880200029E1D147E761688120B9
S21400BB780029DCD142E7616882200029D7D13DE759
S21400BB88616883200029D2D138E7616884200029BB
S21400BB98CDD133E7616885200029C8D12EE76168D2
S21400BBA886200029C3D129E7616887200029BED1ED
S21400BBB824E7616888200029B9D11FE761688920D1
S21400BBC80029B4D11AE761688A200029AFD115E7A1
S21400BBD861688B200029AAD110E740F2A433EB58FD
S21400BBE8E13390E76A4640F2A436237A6946137230
S21400BBF8AB591A00FF32927F18784A72072202A9B8
S21400BC08FCF78FF9002800D1F8E6AB590D33FF335F
S21400BC18043406CC06C36CE76A4640F2A436237A98
S21400BC2869461372AB591A00FF32927F18784A7227
S21400BC38072202A9FCF775F9002800D1DEE6AB5901
S21400BC482833E5E76A4640F2A436237A6946137233
S21400BC58AB591A00FF32927F18784A72072202A957
S21400BC68FCF75FF9002800D1C8E6AA590434130087
S21400BC781533FF3303CC03C33C3B1B78022B00D0A1
S21400BC8837E7B333FF33D35C002B00D131E7044BDF
S21400BC981B6B9847FFF752FD2BE7C046582D002030
S21400BCA828AC01006A4640F2A436237A6946137225
S21400BCB8AB591A00FF32927F18784A72072202A9F7
S21400BCC8FCF72FF9002800D198E6AB5930339FE7E8
S21400BCD8636802A9029301230B7140F2A433EB5860
S21400BCE81878FCF744F9002800D002E786E663686F
S21400BCF802A902930023EFE72279531E0E2B00D9E0
S21400BD087CE640F2A433EB58FF335A72F1E640F271
S21400BD18A433EB58F43362681A60EAE640F2A433B8
S21400BD28EB58F833F7E740F2A433EB58FC33F2E766
S21400BD3840F2A433EB586268FC335A60D9E640F206
S21400BD48A433EB586268FC339A60D2E623796A46D5
S21400BD5840F2A43413722B590622187802A9FCF76D
S21400BD68E0F8002800D149E66A462B59127A5A713B
S21400BD78BFE6237940F2A43402AE33702B59310063
S21400BD881A00FF32527F1878B2700522FCF7C9F8FD
S21400BD98002800D132E62B593278E933B4E6237905
S21400BDA86A4640F2A43413722B590A22187802A95C
S21400BDB8FCF7B7F8002800D120E66A462B59127A15
S21400BDC81A7196E623796A4640F2A43413722B5900
S21400BDD80922187802A9FCF7A4F8002800D10DE675
S21400BDE86A462B59127AE8338EE640F2F4136268F4
S21400BDF89A4200D902E6B133FF33EB58EC331A60A7
S21400BE0802F028FE02F05EFE73E640F2A433EB581A
S21400BE1822791900F0310A701A73F1E740F2A43358
S21400BE28EB586268FC339A6263E640F2A4336268B1
S21400BE38EB581A645DE66068002800D1DEE5FFF777
S21400BE48C5F843E6A379012B00D9D7E540F2A43319
S21400BE586168EA58F53BFF3B6068D15004F086FB02
S21400BE6867E66A460E2340F2A436137023796946BD
S21400BE781371AB591878FCF70DF8AB5900201A0067
S21400BE880021A132FF3210605160032202A90A7114
S21400BE98002218780292FCF71FF82379A9595A1E2F
S21400BEA8934140F22D121CE640F2A433EB58227957
S21400BEB8180040F22811443002B1012202705A5488
S21400BEC817E640F2A4332179EA58E83BFF3BD15401
S21400BED80FE6A08804F0C8FD0BE6606804F0D0FD05
S21400BEE807E622790F2A00D988E540F2A433E958F4
S21400BEF840F22C13CA542C3BFF3B934040F290125E
S21400BF088B52F6E52279072A00D977E540F2A43362
S21400BF18EB58FF339A72ECE540F2A4332079ED58DB
S21400BF280DF0E4FBFC356862E3E52279012A00D9C6
S21400BF3864E540F2A433EB58FF339A77D9E52279C3
S21400BF48012A00D95AE540F2A433EB58FF335A7752
S21400BF58CFE5606804F0A0FDCBE5606804F0A8FDB6
S21400BF68C7E540F2A433EB58187818B1172306280B
S21400BF7800D044E538236A461370A3889380694640
S21400BF88FBF788FFB5E540F2A433EB58187818B1EC
S21400BF981723062800D032E539236A4613706368EB
S21400BFA80193ECE7200003F07FF88FE540F240238A
S21400BFB8F0B5324E0200F1580223080089B0184046
S21400BFC801900120194238D11530032A35D8242586
S21400BFD840F2A4375543F3595B191A0051321278C8
S21400BFE85AB350331B7802AC2000019918220093EC
S21400BFF806F0FAF9F3595D1950352A0083CC83C246
S21400C00823CC23C21A00E0321278AAB100998A42D9
S21400C01812D11900019A5031487818B10878009C56
S21400C028A04209D00132D2B22431042AF4D1009AAF
S21400C038012A04D103F034FA002009B0F0BD40F21A
S21400C048DC2240F2C821B218711831C931C211C9B0
S21400C05811C2022140F2EE22B1541A000D331532F5
S21400C068FF32FF3303CB03C2002240F20C33F254F4
S21400C078034B1B6B9847FFF761FBDDE7582D002045
S21400C08828AC0100F0B585B016001D00019000919F
S21400C09813B9032005B0F0BD0323019A13401C33DF
S21400C0A82B70002EF5D0009A013A012AF1D840F2FA
S21400C0B84022634F0221BC58012022000A400C424D
S21400C0C8E8D1019915300329E4D840F2A434395947
S21400C0D80E308C4601994843010061445131097875
S21400C0E816200029D6D010211800884300992870F9
S21400C0F802297BD139598C465031019CD0B28442F2
S21400C10870D0487800286DD0087802286AD1242193
S21400C1184A43042160326244140051560422B2563F
S21400C1289142B6D1142219009143297021683268C9
S21400C1389142AED11C2293432B7040F2A433F85898
S21400C1482423019A350053439C4603006344190090
S21400C158019360310CCD0CC1019A009950321170D0
S21400C168012904D163465033C01803F09FFA40F201
S21400C178A433FB58E0331B78012B06D1009B012B18
S21400C18803D103F08DF903F0B7F940F2A433FB5856
S21400C1981A00E0321278022A22D1009A022A1FD107
S21400C1A8F4B919003268FC318A613179FF3359765F
S21400C1B840F20D31785C3139785404317A509A7FE0
S21400C1C840F2EC23FA5403220233FA54013B023AB3
S21400C1D8FA541F33FC541B4B1B6B9847FFF7AEFAF9
S21400C1E8002057E701322431042A86D140F2A434CD
S21400C1F8337902AA13713B5902A91A00FF32927FBB
S21400C20818784A71072203A9FBF78BFE002800D18D
S21400C2183FE704222B7803A993432B703368002248
S21400C22803933B591878FBF77CFE002800D130E7CB
S21400C23808222B7893432B70032BD1D800247CE755
S21400C248582D002028AC010040F2B83202498B581D
S21400C25803438B507047C046582D0020F0B591B068
S21400C268039002F06FFC0E27002800D016E140F27B
S21400C278A437C34CE359E0331B78012B00D109E1FE
S21400C28840F22E12E3590AAD995C86329A5C04AEE7
S21400C298501E82412A7040F22D129B5C08A8AB7093
S21400C2A8E970F8F775FDE35930001A00AD32FF3231
S21400C2B812680899009240F2A8129B58099AF8F753
S21400C2C80FFD0BAB06CE06C340F210330020E31872
S21400C2D81A685B682A616B6140F2A1336870E35C98
S21400C2E85B0704D504F000F808B101236B7040F230
S21400C2F8A437E35929001878FBF70CFF40F2901191
S21400C308E6590023725A01204042C1178018594145
S21400C31840F21033E3181A685B680CF003FD33002C
S21400C328A133FF33186059600A900B91B73B1B780E
S21400C3382B7440F22D13F35CAB7440F2B413F35C29
S21400C3485A1E93416B7433009933FF331A685B683F
S21400C358AA60EB608B4DE0362B6B02933378022B8A
S21400C36800D1A4E02B1DDB6F9847029B9847E35942
S21400C378E1331878AB6D984740F2A433E358824F00
S21400C3881878A133FF330093804A3B000AA9FBF7CD
S21400C398D2FE0600002800D08CE040F2A433E25813
S21400C3A80A2311001778E9321278FF31CB5652B2B9
S21400C3B8897F3800FBF7FEFE40F2A433E3580100FD
S21400C3C81800F0331A78724BEC300093036849B2C1
S21400C3D83800FBF7E0FD05F02BFC1321012800D000
S21400C3E80A3940F2C02240F2A437A35840F2EC0CB7
S21400C3F85B1AA350E3591A00190018789C44654B39
S21400C408F032FF311278497C0093634649B21B68C4
S21400C418FBF7C1FD05F00CFC1321012800D00A39F2
S21400C42840F2D423E258521A40F2B411E250E359CB
S21400C438595C002964D040F20832A25C8AB93132CD
S21400C448FF32A75C2200E920FF32527D1207120F46
S21400C45802921856FEF7ECFA029BFF18B84200D272
S21400C4687CE0032740F2A433E35840F2C0211A00C8
S21400C478F83212686158FC33521840F2AC21625008
S21400C48840F2D4221B68A2589B1840F2B022A35050
S21400C4983EBB43E002F064FB18B10F27380011B02A
S21400C4A8F0BD02F067FB002800D1E9E6F5E7029B3D
S21400C4B8984761E70B2810D1039B73B140F24022DE
S21400C4C82023A158344E0B4330003968A350F8F7A0
S21400C4D8F5FD3000F8F766FD00262020FFF7B4FECD
S21400C4E8370040F24023E3589B07D7D440F2A433E2
S21400C4F8E358E0331B78022BD0D0EB6E9847CDE795
S21400C50840F2C020FC33596820589B6809189B18CD
S21400C51840F2AC2040F2B0222150A35040F2A4339F
S21400C52840F2B212E3589A5C42B940F20832A25C72
S21400C538FAB940F20A32A25C012A1AD8E9269E57AE
S21400C54840F20D33E35C270002930023FF3707937E
S21400C5587B7933B1042B23D00327C2E7082637009C
S21400C56880E70E4804F060F808B11227B9E77B7B2D
S21400C578238040F20D33E05CFEF74EFC0700B0E780
S21400C588582D002028AC010000310020653000201E
S21400C5980C30002020300020C82F0020602E0020FD
S21400C5A807A803F0FDFF132700289AD140F20833A6
S21400C5B8E35C23B940F20A33E35C012B02D9079BFC
S21400C5C8013B0793054F029A3B000798F1B204F027
S21400C5D8AFF80028C9D13B79CAE7C046602E0020CC
S21400C5E840F24022202110B51B4CA3588B43A35081
S21400C5F840F2B033E31803CB03000B4373B1F8F7EC
S21400C60869FD19B941F64073984207D940F2A43338
S21400C6180021E25840F28F13D15410BD0120FFF7D5
S21400C6281DFE03000028F8D00120082B00D1093091
S21400C63840F2A433E358E9331A7840F24233E2541E
S21400C648383BE25C3B33E254043BE05403F032FEF2
S21400C658FEF7FAFAE1E7C046582D002010B500208C
S21400C668FFF7BEF80F4B00241A00FF3254711A0069
S21400C6780D49FC32D160FF22FE33DA81FBF7E6FB78
S21400C6880A4B01000822180005F099FEFBF7C8FBC4
S21400C698074B01000822180005F091FE2000FFF75E
S21400C6A8DDFD10BD582D00205A2D0020662E0020D6
S21400C6B86E2E002040F2A433F0B50025634E644A7F
S21400C6C8F458F13BFF3BE5542300E4331D6040F289
S21400C6D80833F250DD3BFF3BE25C91B012B1E55403
S21400C6E840F2002540F290130122E2522300042271
S21400C6F80021E833A2565956914203D01A7040F2E8
S21400C70800131D43230005220021E933A25659567B
S21400C718914202D01A7040231D43A31DDA7FF933D5
S21400C728997A914203D09A7240F200421543270044
S21400C738FC37A26A39690197914203D03A6140F6FC
S21400C7480002154322002C321278597C914203D0FD
S21400C7585A7441F200021543220021001532FF32B6
S21400C768303181C981C2E43A1278597F914203D0A8
S21400C7785A77802252021543220039321278997F5E
S21400C788914203D09A7748F200031D43E36B1F1CBF
S21400C798191C019B586AF5F71DF820B944F20003E6
S21400C7A8019A1D435762236C019A9362230044330F
S21400C7B81A7840F22813E2541933FF33F358012B42
S21400C7C802D02800FFF740FD002740F20C33012571
S21400C7D8F7547E3BFF3BE7542D33E75402AB1D71FD
S21400C7E8207819000297FBF777FB40F20D33F754D1
S21400C7F89733F25840F22E131100D7549B33FF3369
S21400C808F754FC31086940F2CC2170501100FF3112
S21400C818887F40F2D82170544919775449197554BD
S21400C8282739FF39515C40F2DB22B15407495219C7
S21400C8385B18B21813CB13C203CB03C240F2ED2326
S21400C8480222F5545B19F25411B0F0BD582D0020A1
S21400C85800010100F0B5A1B00700032500910028EB
S21400C86800D105E1002900D102E10368002B00D1C0
S21400C878FEE04368002B00D1FAE08368002B00D165
S21400C888F6E0C368002B00D1F2E013000A3B0193E0
S21400C8986B461B790026AB4200D916003000FBF722
S21400C8A8D9FA0925002800D1E2E0954D954C0021DB
S21400C8B8380003F06DFC280040F2C012002105F095
S21400C8C893FD40F2C0320021200005F08DFD40F2B5
S21400C8D8A43340F20A32E5500123A354013AA35484
S21400C8E82A000023E032137040F2B01286492E70F8
S21400C8F8A95012AD2B71129356B9019B032B00D980
S21400C908BFE018000CF0D0F902B7B9BB01236B7171
S21400C91829003000FBF7E0FA40F2A43340F22D126B
S21400C9283920E358A97904AE9954EA7980191A711E
S21400C9382A7A5A712969EA6859618C4669691A61BE
S21400C94899610191A969D9610291E969196203910E
S21400C958C07F991DC8771800696A2C3099621963D8
S21400C9681CA90978017001726120190080190078E5
S21400C9783831087062208019007801264870E96A04
S21400C9881F98D963296B1D00196440F2F021605086
S21400C998591DCE770A2006214435986019732E70E3
S21400C9A8A83528601800F03001701900F4310A60C4
S21400C9B81A006146F832116001991674516002999E
S21400C9C8002091600399D16040F2BD129E541A006F
S21400C9D8E132167040F244220099A7500432A15062
S21400C9E800215A32FF32A154623AFF3AA6501A0082
S21400C9F800219932A133FF32FF331060516018606E
S21400CA085960FFF757FE41484149F8F729FA414867
S21400CA184149F8F725FA41484149F8F721FA4149CA
S21400CA284148F8F71DFA40F2A433E55804AFA93593
S21400CA383800FF35F8F7ACF90CCF0CC540F24C239C
S21400CA483A4A3B4FE2503B4A0833E2503A4A0833E8
S21400CA58E2503A4A0C3BE250394A0833E250394829
S21400CA683B689847182518B9FBF766F858B1122599
S21400CA78280021B0F0BD022349E7032347E7042333
S21400CA8845E76E7144E703F051FD0028EFD103F047
S21400CA9877FA14250028EBD140F2A433E05850303A
S21400CAA803F0AEFD05000028E1D17B69984705F044
S21400CAB873FCFB6E9847009A07A9536809A8079362
S21400CAC8D3680893204B0993204B0A93204B0B936B
S21400CAD8204B0C9340F2A433E3581A004C320D92C4
S21400CAE89C320E930F92B533983AFF3310922A0071
S21400CAF8119302F023FA40F2A233E654B8E7C04690
S21400CB08982B0020582D002000040001C82F002074
S21400CB1861A90000DC2F002071A90000F02F00207A
S21400CB2881A9000065AA00004C30002011AC000066
S21400CB3828AC010001AA0000B9A90000E9A9000074
S21400CB48D1A90000A42F0020D83000207030002083
S21400CB58B0300020F93000200023F0B585B002AAD6
S21400CB6806000324138000B30022002302614361F9
S21400CB78FEF790F8C0B903F001FCA8B940F2A43358
S21400CB88714D3078EA58F13BFF3BD35C23B902007D
S21400CB9804339A43043442B9002303AF390003939D
S21400CBA803F0F6FB039B1BB10124200005B0F0BD83
S21400CBB803F0DEFB010018B92822644805F014FCCF
S21400CBC8012240F2593340F2A131EA540423685C4A
S21400CBD87A7003436B5400233078FB7038700C2847
S21400CBE808D80CF061F82007074D560707075E07B8
S21400CBF8916A8300022440F2A833EB181A685B682F
S21400CC0832617361002C00D199E003F0B1FB002873
S21400CC18CBD140F20C3340F2A1320421E854AB5C8D
S21400CC288B43AB54C1E740F2A433EB580224E033FD
S21400CC381B78012BB9D0FFF73DFD02F0A5FB40F2AB
S21400CC48A4330421EC58002271562078FBF74DFADD
S21400CC580723E9342070FF207B70FFF7FFFC0400F1
S21400CC680028C8D040F2A4330421EB5801220193CF
S21400CC7818787156FBF739FA019BE9331870BAE74A
S21400CC880022022002A903F0A5F9002855D0142492
S21400CC98B1E70C22B088B256B168FEF747F904002F
S21400CCA8A9E702F0B3F80028A4D102F0BBF8020006
S21400CCB800289FD10D2002A9E5E740F2A433EB58DF
S21400CCC8E0331B78002B95D10724307904404007C1
S21400CCD8400F02F0B7F802AB0122190010201C70B2
S21400CCE803F078F90400002885D0D0E702F08EF823
S21400CCF8002800D07EE702F095F80200002800D051
S21400CD0878E7122002A9BEE740F2A433EB58E033D6
S21400CD181B78022B00D16DE70124FC7002F076F830
S21400CD280190002800D066E702F0FEFA01F022FE25
S21400CD38019801F031FF01F0BDFC00245BE73800E4
S21400CD4803F04EFA31E7C046582D0020B0300020D8
S21400CD5840F2B83202498B5883438B507047C0461E
S21400CD68582D0020F0B591B0079340F2A4335D4CDF
S21400CD780692E35805911A00E832128840F2B41178
S21400CD88039256BA1A00E432126804900A92595C62
S21400CD980725002900D194E040F22C11595C31B9DE
S21400CDA81D0000200021A135FF352860696000209D
S21400CDB809A908701800E2300578E801087018001C
S21400CDC8E0300078012803D10F780F303843087018
S21400CDD840F28F11595C21B1202109A80778394300
S21400CDE801700C9240F2F022A25801270D921A0008
S21400CDF80BA8868107704570FF32517A0F2581731C
S21400CE08527F0D26C2730E221B7806A9037406AB42
S21400CE18F618ED180AAB5218009331002B0001F0F3
S21400CE280EFB38408201402006AB1B7B0021834363
S21400CE38134306AA137340F2A433E75800223B00B4
S21400CE48E933B2565956914202D01A70FFF7FCF9E8
S21400CE583B00FF332A78597A914203D080205A72D1
S21400CE68FFF7F2F90E2306AA9B1800221B78E8376C
S21400CE78BA565BB29A4204D040F200103B70FFF7F5
S21400CE88E3F9079B059A00930498069B09A9FDF702
S21400CE9819FF40F2A436050010B107000A2804D18D
S21400CEA80020FFF7DBF9070070B1A359039AE833AF
S21400CEB840201A80FFF74CFF40F20010FFF748FFAB
S21400CEC83D00280011B0F0BD40F28F12A3599854C7
S21400CED80A9AE4331A6003F0E7F80028F1D014251C
S21400CEE8EFE7C046582D0020F0B507008FB018B9F8
S21400CEF8032420000FB0F0BD002200230261436126
S21400CF08FDF7C8FE012401900028F2D1654B05AD57
S21400CF181822010028701800029305F065FA029B93
S21400CF28614A5C709E1840F20A33019AF454023B38
S21400CF38F2543B7853B1A34251D0241940F2A83397
S21400CF48F618326873683A617B61D2E740F20933B3
S21400CF58F4541F232A781A40213313432B703B7945
S21400CF6820210293BB6840F2A4340193BB890E25A6
S21400CF780393022304AA52187D57137033592220AC
S21400CF881A00FF32527F04A909180A7018780CA9EB
S21400CF98FAF76AFF40F2B412335906909C5C0832DE
S21400CFA8995C1A00E232127840B22ABB07AC021C1F
S21400CFB8A84200DA2A1C22701A00FF32527F21008B
S21400CFC8A27018780522FAF7ACFF002800D18FE780
S21400CFD840F2A433F3582278E9331A7011E040F28D
S21400CFE8A433F358FF335A7A40F20933F2541F2316
S21400CFF82A781A409F3BB0E7012C02D109B9E933D9
S21400D008187040F2B033F31803CB03000B436BB130
S21400D018F8F760F819B941F64073984206D940F215
S21400D028A4330021F25840F28F13D154039B019A7F
S21400D038029905A8FFF796FE040008B10A280AD147
S21400D04840F240333A78F25440F2A1320123B15C00
S21400D0580B43B35472E740F20C330025F554134BD8
S21400D0680A93134B0B93002308930AABE85C08A9B2
S21400D07803F08EF9089B4BB1002309930BABE85CD1
S21400D08809A903F003F8099802F0D6FF0135042D24
S21400D098E9D1012003F00EF940F2A1322023B15C59
S21400D0A8D6E7C04698300020C0FCFFFF03080B0CEC
S21400D0B8020D1012002370B51C00DDB20460AA42EF
S21400D0C800D870BDCD5CDE00B54001332C43F4E7D4
S21400D0D8F0B50F0095B0092105920022039006A826
S21400D0E809180A7009A90A80012B03D814000492AB
S21400D0F8BC4201D315B0F0BD039B651C185DEDB2AC
S21400D10802381128F6D80BF0D9FD12002E00D400EC
S21400D118F80069018401C501F5016502F5FFF5FF10
S21400D1289D02F5FFF5FFF2020703310359037B1B47
S21400D138012B00DC5DE3032003F0D6F880B1032161
S21400D148002003F07FF8039BD14A595D40F268330C
S21400D158D1540399A31CDBB2C95C40F26933D1549D
S21400D1680334E5B228E02300FA1A042A00DC9EE01D
S21400D1780533DBB29F4203D9039AD25C032AF3D065
S21400D188BD4200D193E00A21002206A809180A70B9
S21400D1980B2109180A700AA90A700CA90A7040F22D
S21400D1A8A432BB498A581100E231087830B1049994
S21400D1B83C1BE4B219B11D002C0099E70524039E18
S21400D1C86B1E10A9F3184B6013000C728872FF339D
S21400D1D8587F06AC48721000E9300078C872100014
S21400D1E8E830007808735B7A4B7340F2B013D35874
S21400D1F8107810930CAB01930AAB00930B2306AA86
S21400D2089B180A221219FAF705FF6072C0434007F6
S21400D21834D140F2A4339E4A0021D45806AB2200EB
S21400D2289B7AE93251565BB2994208DA40F2BC1151
S21400D2380120605440201370FFF706F801E0994279
S21400D248F8D10B2306AA9B1800229A562300002121
S21400D258E8335956914204D040F200101A70FEF78F
S21400D268F3FF0AABFF341B78627A9A4203D0802019
S21400D2786372FEF7E9FF2020FEF7E6FF0024052686
S21400D28809E0092306A95B1801221900032002F009
S21400D298A1FE0134E4B20CAB1B78B3FBF6F2944261
S21400D2A8EFD30122013BEB18DBB2049283E73B0085
S21400D2B881E7AF4200DC9CE240F2A4330F21744AB7
S21400D2C8D258039B5B5D0B401E31FF31505C984281
S21400D2D80DD053542C39FF3999400B0040F2901169
S21400D2E8023440F200205352E5B2FEF7ADFF0022AA
S21400D2F8042009A902F06EFE5EE77B1B032B00DC08
S21400D30877E20923072006AA9B181870039B10AA21
S21400D3185B5D5F4D1909014040F2A43051700F2142
S21400D32828580B40A11C1370C9B206900F2B03D1C6
S21400D3380300FF335B7C1370039B0322591811A864
S21400D348FFF7B8FE6423119A10AE53431193069B59
S21400D35831001878FAF779FE092306AA9B18187080
S21400D368C0430534E5B2400726D140F2A433484A04
S21400D378D45801222300FF33B256997A914204D03A
S21400D38840F200409A72FEF75FFF2300FC331969EB
S21400D398119A10AE914204D040F600001A61FEF7CA
S21400D3A853FF0023FF34F356627C9A4204D041F2BE
S21400D3B800006374FEF748FF092306AA9B181B782B
S21400D3C809A9012205200B7002F004FE40F2A132E2
S21400D3D810232F48815C0B438354EDE640F2482324
S21400D3E82B4AFF20D35813B11B6803B1984706ABE6
S21400D3F818731F23059A9A4205DC0133203202DB94
S21400D408059A1F33134006AA53730620022209A959
S21400D41870E77B1B042B00DCEBE10926032206AB36
S21400D428F618039B06A95B5D10A80B7710AB0C9348
S21400D438A11C039BC9B259183270FFF73BFE642340
S21400D448109A3021534310930023039A1193631DB7
S21400D458DBB2D35C06AA5218137040F2A4330C4A07
S21400D4680CA9D3581878FAF704FE43B23070002B8C
S21400D47808DB09A908700122072002F0ABFD337803
S21400D488032B01D006346CE63020FEF7DDFEF9E704
S21400D498582D0020AF4200DCABE140F2A433D64E54
S21400D4A80234F258039BE4B2595D0F2319400B1C53
S21400D4B801B90123D9B240F2E8334B431100F831E1
S21400D4C80868984209D00B6040F2E831FC325B18D5
S21400D4D842F200001360FEF7B7FE002209A90820F2
S21400D4E802F078FD40F2A1321023B15C25000B4310
S21400D4F8B35461E6AF4200DC7BE10121039B0AAE30
S21400D5085B5D40F2A4355A090A4072701A090A404F
S21400D51832700F221340B370B74B31005B5918783E
S21400D528FAF7BBFD013053D0B34B32785D592B0068
S21400D538FF33597F914204D080205A774002FEF785
S21400D54883FE0AAB5A782B00FF33997F914204D0AA
S21400D55848F200009A77FEF777FE0AAB9B78A74A50
S21400D5682E00D35CFC36180006930CF077F8011CE6
S21400D578706AF4F72FF938B906980CF0B7F87062A5
S21400D58844F20000FEF760FE2821022306AA52187D
S21400D59813702B00FF335B7F023106AA52181370F4
S21400D5A8287810A9FAF760FC40F2A433924A0C9047
S21400D5B8D3580022E9339A5640B2904203DD1870D9
S21400D5C84020FEF741FE0022092009A902F002FDCC
S21400D5D80234C6E57B1B032B00DC0AE1032206ABFC
S21400D5E85A72039B10AE5B5DA11C3370039BC9B2D5
S21400D5F8591811A8FFF75EFD6423119A7E4D534310
S21400D608119340F2A433EB5831001878FAF759FD15
S21400D61806AB587243B2002B0FDB09A9012208702B
S21400D6280A2002F0D7FC40F2A1321020AB5C03437C
S21400D638AB5406AB5B7A032B01D0053491E5FEF7B5
S21400D64803FEFAE77B1B042B00DCD2E0082002F07E
S21400D6584BFE002800D115E70821002002F0F2FD55
S21400D668162306AA9B1800221A80039B0AAE59198D
S21400D67830000432FFF71EFD039A631DDBB2D25C4E
S21400D68840F2E83353431B1231000822B3800CA83B
S21400D6980CF0CDFA5A4B0A9D10A8ED18F7F756FB72
S21400D6A840F23C23544E2900F3181B680D9A009349
S21400D6B840F238230EA8F3580C95F7F711FB0F9B8A
S21400D6C8119A109900930CA80E9BF7F7EFFA0C988E
S21400D6D80D99F7F71BFB4B4B1868596802F0A2FB2D
S21400D6E801F07EFD40F234330122F254CAE60B20E4
S21400D6F802F0FAFD002800D15EE50B21002002F0BA
S21400D708A1FD40F2A0333C4AD35C043B012B00D871
S21400D71852E501F0EBFC4FE57B1B032B69DD039B11
S21400D728039A595DA31CDBB2D35C0398E21CD2B201
S21400D738825C1B02120413430B43642159430F23D4
S21400D748651D0434E4B2005DEDB2184001F0D2FC69
S21400D75809A908700122112002F03CFC40F2A1320F
S21400D76810232549885C03438B5425E57B1B022B35
S21400D7783FDD0C2002F0B8FDF0B10C21002002F0CD
S21400D78861FD204E0398E11CC9B232687368415C9B
S21400D79806920793A01C039BC0B2185C03029C4623
S21400D7A8039B585D63461843069A079B01F0F0FCF6
S21400D7B83068716802F036FB0434D2E47B1B022B17
S21400D7C817DD6420039B039A595D251DA31C0334AB
S21400D7D8DBB2E4B2D35C125D1B02120413430B43A4
S21400D7E8584301F03FFD09A9087001221320EDB245
S21400D7F880E53D00E0E4C046582D0020C4B4010092
S21400D808803DD512382B0020F0B57C4BA9B01B6E96
S21400D81803B198471CA803F0A7FD79490A78531C5A
S21400D828DBB20B700AB903F0C3FD1CA803F0A1FD18
S21400D8380023744A1CA81468136003F095FD704A08
S21400D8481378013BDBB213700BB903F0C5FD1CA8B7
S21400D85803F08FFD6C4F002C00D155E1E3B2059321
S21400D868A40674D5654B694CDB6A9847F7F72EFC17
S21400D87840F2AC230025FE5822686368801A994156
S21400D8882B00864204D940F2B022BD58331A2D1A0E
S21400D8985F4E19003000F7F711FC3000F7F782FBEF
S21400D8A85C4B29001D001800F7F708FC2800F7F75E
S21400D8B879FB40F2A433FB581A00E0321278022AA9
S21400D8C803D040F20C32BA5C8AB1152212A90A704B
S21400D8D81878FAF7C9FA40F2B0234F4DF9580F9066
S21400D8E809182800F7F7EAFB2800F7F75BFB20681B
S21400D8F8616803F06DFA40F2A43540F20D3240F24A
S21400D9082E115820BA5C7B595A5406A909180A7071
S21400D91840F2B4129A5C0130511E8A4106A90918D1
S21400D9280A70206861681E901F9118781CA9FAF77B
S21400D938C2FA206861687B599933FF3318605960CA
S21400D94840F20C33FB5C13B940F24132BB54059BE2
S21400D958DB0600D4A1E0302200211CA80CF0FEF85B
S21400D9682822002112A80CF0F9F82C4B01200E22D0
S21400D9789D5E40F2A432BA589E89D16C9C681B7C86
S21400D988099120495BB20978049381431D48002316
S21400D998017040F2443104987B541E397D5202319E
S21400D9A878540C937831785C773978540F397B52F1
S21400D9B803317B5403317B5004317B5206317B5450
S21400D9C802317B5014397B5418317B5004317B5418
S21400D9D840F2383300200021FB1818605960E03206
S21400D9E81378022B21D001F0CFF8C8B902F0A2FABA
S21400D9F8002800D0D4E1014BDB6ED3E128AC01004F
S21400DA08783400205C2B0020582D0020502B002056
S21400DA18DC2F0020F02F00204C300020382B002070
S21400DA28D24B5B6898470128E0D140F22933FB5C6B
S21400DA3813B9CF48F7F744FACE4B31001A685B683B
S21400DA480292039340F2A033FB5C2A002000009366
S21400DA58049B03F031FA132306AA9B181A00310018
S21400DA68200001F0AFF80690002800D19CE106AB34
S21400DA78DB7C93B101F088F848B1BC4B5B689847EB
S21400DA88012804D1B94C236B9847E36E984740F2B7
S21400DA989233049AFD520233FA54059B1B0725D588
S21400DAA840F2A433FB58E0331B78022B08D002F070
S21400DAB841FAAE4B002801D100F026FCDB6A9847F5
S21400DAC8FCF73AFF40F241330220F85402F0F2FB2A
S21400DAD840F20C33FB5C1BB140F20B330122FA54C4
S21400DAE840F2A1322023B95C0B43BB54059B5B076D
S21400DAF803D506210520FCF7EDFF059B9B0703D5FC
S21400DB0804210320FCF7E6FF01F0DCFD1CA803F067
S21400DB182BFC99490A78531CDBB20B700AB903F040
S21400DB2847FC1CA803F025FC0022944B1CA81C6884
S21400DB381A6003F019FC904A1378013BDBB21370A5
S21400DB480BB903F049FC1CA803F013FC002C4CD0BE
S21400DB58E5B2E40720D540F20D33FA5C593BFA5497
S21400DB68F033FB5840F2B7211A00FF32907A785407
S21400DB78917F40F2C422B954002240F2C5217A545B
S21400DB8801317A54B532FF329A5C40F2C7237C4999
S21400DB987C48FA54FDF7A6FDAB0722D540F20D33B4
S21400DBA8FA5C453BFA54DC33FB5871481A00FC32E1
S21400DBB8116940F2CC22B9501A00FF32917F40F228
S21400DBC8D822B95400210132B95401320131B9546E
S21400DBD8273AFF3A9A5C40F2DB236B49FA54FDF782
S21400DBE881FD6D0701D5FEF7FBFC40F2A133FA5C18
S21400DBF893067CD540F2A2330021F95440F2402126
S21400DC087B58180602D5822083437B5005231A4288
S21400DC1800D17CE30A2002F067FB002800D176E3F7
S21400DC2840F2A133FB5CDA0700D570E35B0700D44B
S21400DC388AE340F240220221BB588B43BB5040F295
S21400DC48402140F2A1327958BB5C19B1012928D18C
S21400DC58590726D50520B95CDDB28143B95401229F
S21400DC6840F2A2317A54134205D040F24423FB58BE
S21400DC7846481B689847042425420AD0444802F0C0
S21400DC884DFB02F075FB20B140F2A133FA5C144359
S21400DC98FC5401F0D5F940F2A1322021BB5C8B433D
S21400DCA8BB5440F24023FB5883B9582406AA1219DD
S21400DCB813701CA802F056FA06AB1B191B782BB17A
S21400DCC840F2A1321023B95C0B43BB5440F2B8347F
S21400DCD840F2A23301223859FA5440B15B3BFF3B6D
S21400DCE8FB5813B19B6803B1984700233B5140F299
S21400DCF8A1320821BB5C0B4207D08B43BB5440F2D1
S21400DD084423FB582348DB68984740F2A134102583
S21400DD183B5D2B420DD05821052306AA52181380C6
S21400DD2840F24423FB581CA8DB6898473B5DAB438E
S21400DD383B5540F2A1320221BB5C0B4207D08B4315
S21400DD48BB5440F24423FB5813485B68984740F29C
S21400DD584023FB58012B21D040F2A033FB5C023B4A
S21400DD68012B1BD8FDF7EAFC18E0C04628AC0100DA
S21400DD78F02F0020382B002078340020582B002065
S21400DD880C300020DC2F00202030002098300020A7
S21400DD98B0300020D83000207030002029B0F0BD08
S21400DDA8D24BDB6A984740E640F2A433FB58E03390
S21400DDB81B78012B0ED100F0D3FE0500A8B10698FB
S21400DDC800F0B4FE00F0C2FB042340F22932BB5434
S21400DDD801230693012002F06DFA8EB940F219333A
S21400DDE80122FA54FCF75CFE57E600F0C3FE002852
S21400DDF8F0D0280000F0A0FE00F0B4FB0523E4E70E
S21400DE08237808935B09032B00D1D5E0052B00D1B6
S21400DE18CEE0012B00D061E233004FF6EF72113BE3
S21400DE281342DBD13422F3B2079306AB9B1840F2B9
S21400DE38A435079A12941A7040F2B4137A59D35C30
S21400DE48002BCBD1FAF702F812AA0100FF2002F045
S21400DE5815FC402206AB9B181B780400DA43120711
S21400DE6800D1CEE21B071B0F06AA13777B5906A91B
S21400DE781A00FF32927F18784A7707220DA9FAF718
S21400DE8850F8002C00D0BFE2002800D1BCE240F2D7
S21400DE98A433FC583921200006ABC91803224830A1
S21400DEA8FFF708F92100159B12AEE364337CFF31B7
S21400DEB85B0604915B0F897ADAB2914205D0049A20
S21400DEC840F200409372FEF7BFF9357CEB431B0720
S21400DED810D02200FF322D0706922D0F527CEBB28F
S21400DEE89A4205D0069B41F200005D74FEF7ACF935
S21400DEF8069B5D76727C02B9013240F2E8335343E2
S21400DF082200F83211688B4208D040F2E8311360DC
S21400DF185B1842F200005360FEF796F90123049A54
S21400DF282C2153720022B233FF33E254713B06AA07
S21400DF38FF3B9B181093079B5218113B137040F237
S21400DF480D330839FB5C06AA5218137020780FA9FF
S21400DF58F9F7FCFF40F2A433FC5823780BB1052BE5
S21400DF6802D11020FEF770F92020FEF76DF940F276
S21400DF78B41302220020E25402F0B6F918B10021C8
S21400DF88080002F05FF940F22933FB5C012B00D948
S21400DF98B3E140F20C33FB5C002B00D0A5E140F265
S21400DFA8A1322023B95C0B43BB54FCF7C5FC74E5CF
S21400DFB840F218330122FA5440F2A433FA58107883
S21400DFC813000200511E8A41FF339B7F52421340C2
S21400DFD80DA98B7040F21C33FB5C4B700D230B7045
S21400DFE8F9F742FF32000D3A07900B90131C120403
S21400DFF800D500236A461C21525E1BB2934200DD00
S21400E008ECE60B2E00D8E9E65C2206AB9B181C94BF
S21400E0181E70374BA332259326AB1A701CA803F044
S21400E028CDF8002800D0D9E6069B43B1642206AB9B
S21400E0389B1819781E98C906C90F01F01BFB1E9B72
S21400E0480FA9069340F23033069A1CA8FA50FDF73B
S21400E05817F80600002800D0C0E6099B069A0C9020
S21400E068934241D040F2A433FB5801001C001D0027
S21400E07840F2240C5434513562464A430698A65852
S21400E088B0422AD1AE5C46B39A181100926EE033BD
S21400E098126852310C921A780D780323022A00D09F
S21400E0A8023340F22932BB540FAB1B78032B00D047
S21400E0B894E61CAB1A7B602301261A4200D08DE634
S21400E0C80FAB1B7809936B46998B042D1FD8280035
S21400E0D80AF0EAFD2C26282A100001310429CBD1A3
S21400E0E840F219330B227CE60425E9E728AC010048
S21400E0F8912E00200324662206AB9B181A8820005F
S21400E1080CAB02F059FA98B10923072800D001236E
S21400E11840F21932BB5440F22C330C9AFA5061E69E
S21400E1280524E8E70624E6E70724E4E70424E2E70C
S21400E1381CAB009322000C9B2800069902F068FB93
S21400E14840F2193328B10238421E90410B30F85479
S21400E15848E6F85440F21A33642240F21D31FE5461
S21400E16806AB9B181B78DA06D20F7A5440F2203298
S21400E1780C99B8500432B8549B060832B950DB0FD5
S21400E188023ABB541732B8540332BB5440F2293310
S21400E198FA5C012A03D87B33FB58E4331860012E57
S21400E1A81BD140F218330221F95440F240331CAC1C
S21400E1B8F95C237B012A05D8012901D19B0601D5E4
S21400E1C801F086FF099B032B00D980E0180040F277
S21400E1D829330AF069FD314B76391F2140F2A43302
S21400E1E8089840F28F148843FB5840F21831A0284C
S21400E1F81ED19F381855B230FF30185C18B9279CC6
S21400E208B930FF301C5001237B549A42CDD940F2D6
S21400E218383341F640700021FB181860596040F208
S21400E228B0338049FB180868496818605960BCE72D
S21400E238002018557854B8E7217BFB5C0907049A38
S21400E248090F20A8FEF744FF592306AA9B18DA7F71
S21400E25840F21B33FA54626A0533FA5026AB1A7832
S21400E26840F22433FA54012201330DE0217BFB5C93
S21400E2780907049A090F20A8FEF72AFF592306AAB9
S21400E2889B18DA7F40F21B33FA54592306AA9B18C8
S21400E298DA7FE02A0ED140F2A433F958E83BFF3B78
S21400E2A8CB5C3BB940F21B317A5440F22032BB506B
S21400E2B80432BB5240F2A1320223B95C0B43BB5472
S21400E2C861E626AA1178FB5C049A606AD4E740F2F5
S21400E2D819330122FA54FCF7E3FBD6E740F2193368
S21400E2E80122FA54FCF7DCFB4DE640F24433FB5CB3
S21400E2F8002B00D153E6FCF7B1FB40F22933FB5C58
S21400E308022B00D151E64AE6DB6EFFF7D8FB40F257
S21400E318A1330425FB5C2B4216D0002001F0E4FF55
S21400E32840F2402458B1002001F0A8FF10B940F28E
S21400E3380833F85402223B5993433B5104E0280023
S21400E34801F0D2FF0028F5D140F2A133FA5CD307DA
S21400E35800D474E440F24033FB5CFBB940F2A433CB
S21400E368FB5840F208301900FF31385C497A884279
S21400E37808D292072CD5E0331B781BB140F229331C
S21400E388FB5C2BBB2848F6F79BFD40F24022202179
S21400E398BB588B43BB50FCF757FC50E4012B17D1F6
S21400E3A840F20B33FB5C002B00D148E440F20A3302
S21400E3B840F20931FB5C795C994216D9920703D57D
S21400E3C840F24432BA5CC2B940F20A320133BB5456
S21400E3D840F2A1322021BB5C8B43BB5440F20B3386
S21400E3E80022FA54FEF7FCF829E440F244317A5C3D
S21400E3F81AB940F20C307A543A5440F24532BB54BB
S21400E408C0E7002800D142E5002001F06DFF002893
S21400E41800D1B8E500210820032C00D1B1E507207B
S21400E428AFE5C046382B0020C82F00200B6882189E
S21400E438904200D1704703701B0A0130F8E7F0B528
S21400E44899B005930D230C2704920391C356C7571A
S21400E4580293837B426801931E9B04001A604678E9
S21400E4683D00002E48D0022306AA1372C37B08A9D3
S21400E4789372007CF9F7F8FC43B200939F4201DAE6
S21400E4886B461D7800262189626863898A42764130
S21400E4985B186DB2F6B29A4207D30A2308A90B7026
S21400E4A8207CF9F7E1FC43B202936389208959007E
S21400E4B8626809188A421FD3121AB2FBF3F14B435B
S21400E4C89A4219D1009B9F420CDC237843B1012362
S21400E4D8207C0AA90B71F9F7FFFC2020FDF7B4FE93
S21400E4E801230193212308A94D700B70E37B8B70E1
S21400E4F8207CF9F7B9FC45B23000039B029A1D70E0
S21400E508049B1A70059B019A1A7019B0F0BD00009A
S21400E518034B10B5A0331B6803B1984710BDC0461F
S21400E528503100200022034B5A641A649A60DA605D
S21400E5387047C04650310020034B10B5C8331B68DF
S21400E54803B1984710BDC04650310020022310B5CD
S21400E558034A11780B431370FFF7DAFF10BDC04665
S21400E5688C320020042310B5034A11780B4313702D
S21400E578FFF7CEFF10BDC0468C3200201FB53523EE
S21400E58801B1063B6A461372044B1073B8331B6816
S21400E59802A91878F9F768FC05B000BD50310020CC
S21400E5A810B50A24022800D0053403F041FB0128E0
S21400E5B800D10A34200010BDF0B58FB02823029091
S21400E5C8039102B13C33FA200021394C4002A66D73
S21400E5D8E76D801BB941029D039E1A0040197141E0
S21400E5E8F6F77EFD2300BC331A682300EC331B685D
S21400E5F8216C56685B188619FE2B23D8072304ADB2
S21400E608AB742300E521B8331B68127A1878615674
S21400E61833000095F9F7BFFCAB68FE2B01D9FF2342
S21400E628AB600120FFF7BCFF2200EB68EC32181A3B
S21400E6381268AB68E8609B1A23642300F0331B68F3
S21400E648C01A60642300FC335B68E2689B18FE2BE4
S21400E6582BD82300BC331B6808211A7A2300CC3336
S21400E6681B6809AD59562300B8331B681878330061
S21400E6780095F9F790FCAB68FE2B01D9FF23AB6039
S21400E6882300CC331B6803205B7A032B00D80220B8
S21400E698FFF786FF2200EB68FC32181A5168AB6851
S21400E6A85B1AE3609368C01AA0600FB0F0BDC0465E
S21400E6B85031002010B50548F6F702FC0123044A3D
S21400E6C811780B431370FFF723FF10BDC4310020E9
S21400E6D88C320020F0B587B00492059306000D0032
S21400E6E8F6F7F4FC334C00900191A06AE16AF6F75D
S21400E6F85FFB009A019B121A8B411000FA22190040
S21400E708520200230AF0EEFA40F21E0C1900634685
S21400E71840F648075E4300231000F219009E019F4A
S21400E72892197B411F001600361A8F4102920393F6
S21400E738019BBB4203D81ED1009BB3421BD963463C
S21400E7486B431D00029A039B801A9941009A019B0D
S21400E758801859412A0000230AF0C4FA0130C0B2D2
S21400E768454300232A00B6185F41049B984204D309
S21400E778002007B0F0BD0020F7E7206B616BF6F7C6
S21400E78817FB01230C4A5B42801859418F42EFD889
S21400E79801D18642ECD8009A019B30003900801AD5
S21400E7A89941E269F6F79AFC059B186059600120C2
S21400E7B8DFE7C046503100202AF4FFFF70B5060098
S21400E7C8150088B06846102200211C0003F00CFED5
S21400E7D804A81022002103F007FE04AB8C221021A7
S21400E7E8684600960195F9F753FA6B465A7C1B7CE7
S21400E7F81202D218B2FBF4F35C430C9B121B1A806D
S21400E80808B070BDF0B50400B0B1002208271000AB
S21400E81841F221063D00A35C1B02584003B2002BC0
S21400E8280BDA5B00734098B2013DADB2002DF5D10E
S21400E838013293B29942EDD8F0BD400080B2F3E7BA
S21400E848F0B587B01D000CAB1F78009037230192F7
S21400E85807B1043B154E02AAB8361372336804A9EA
S21400E8681878F9F701FBC3B2040003900020012BC7
S21400E87815D9342302AA1372336804A91878F9F74D
S21400E888F3FA019B009A6D06DB092B43D318FF2287
S21400E8981440B3FBF4F14C4310401B1BC01839005E
S21400E8A8C0B2FFF76BFE07B0F0BDC046503100207F
S21400E8B8F0B506000F001000244C87B0002A37D0A9
S21400E8C801210020FFF75AFE2300CC331B68050001
S21400E8D81A7BD20700D51D690822237E134208D06A
S21400E8E8934323762300483301211878FFF746FE22
S21400E8F80500237EDB0623D537430FB32300D83322
S21400E9081B6803A99BB20B804E6023002600B83311
S21400E918A83632681B688D6018780432F9F760FCF0
S21400E928A43423683268DD6012791A7407B0F0BD23
S21400E9380123226A009380320300FFF781FFC3E7B2
S21400E9482300EC331B68226C9B18DAE75031002052
S21400E958010010B5002021B10248142203F02FFD53
S21400E968012010BD78320020142303600048704749
S21400E97878320020F0B587B0F6F7A8FB324C0600D0
S21400E9880F00A06DE16D03000B43002B4DD0002354
S21400E9982E4A12184B419F4247D801D1964244D876
S21400E9A832003B00121A8B41100019006422F6F759
S21400E9B897FB230060331A78050004235AB1227E99
S21400E9C81343206B616B2376F6F7F2F9801BB94187
S21400E9D82065616503E0227E64351A42F0D0260081
S21400E9E8BC36336827005B6804A9ED183123B837AE
S21400E9F80B703B681878F9F737FA23000722E233DA
S21400EA081A70336803901A7A3B6841B21878104B2C
S21400EA18DC3400932B00F9F7BEFA0020FFF7C0FDA0
S21400EA2823681B1A236007B0F0BD002200232100CC
S21400EA380025A265E36522656365237E0C32603196
S21400EA4893430D702376CAE75031002000DD6D0031
S21400EA5820320020FA20F0B5184C87B0270028226C
S21400EA6800214002F6F73CFB2200BC373B686832C0
S21400EA780025555F5B682600ED18312304A9B836D3
S21400EA880B7033682D181878F9F7EEF9230007226B
S21400EA98F6331A703B6803901A7A336841B21878CE
S21400EAA8074BF03400932B00F9F775FA0120FFF7AF
S21400EAB877FD23681B1A236007B0F0BD503100208D
S21400EAC83432002073B5FA20164C00212822400262
S21400EAD8F6F706FB2300BC331A68230068330021C8
S21400EAE85B5E516825005B181B182000CC3529682A
S21400EAF8B830097A00680C4E0078127A49B2009647
S21400EB08F9F749FA2B6825005B7A0320FC35032BB6
S21400EB1800D80220FFF744FDAB68FC34181AA06042
S21400EB2873BDC0465031002048320020014B713377
S21400EB381870704750310020014BFF3398737047A8
S21400EB4850310020054B01201A7ED20605D47033BA
S21400EB5818780B3843425841C0B2704750310020ED
S21400EB68034B71331878033843425841C0B2704794
S21400EB7850310020034BFF33987B033843425841FB
S21400EB88C0B2704750310020024B187EC006C00F36
S21400EB987047C0465031002010B5094C50B9237E46
S21400EBA870345B0703D5FFF7EFFF012300B100239E
S21400EBB8237010BD70342378012BFAD92070F8E73B
S21400EBC8503100203023F0B5884F95B007910AA938
S21400EBD80B703B000024B8331B68147005001878C7
S21400EBE80492F9F741F93B00099070331B780B2B18
S21400EBF804D03B7E2000DB0600D4DEE009AC237898
S21400EC08079A934200D0CEE063782800591D0393F4
S21400EC18FFF7F8FD039BEA189179537909020B432D
S21400EC28834200D0BFE0724B72481E68039BA178EF
S21400EC38EB5C7375C35C069353783B62907800026E
S21400EC4818433862D3781B0403433B6212791206D2
S21400EC5813433B620023664ABB84843A331D11CAB9
S21400EC6811C3039B0E335B180593039B0731DC1D0A
S21400EC782C192000FFF7C6FD059BEB185A78059B54
S21400EC881202EB5C1343834200D098E030000399ED
S21400EC98237808310622F3756918183003F08FFBBD
S21400ECA80122534B1B689A756B46197F524B0120FD
S21400ECB85B6A984740F2E8320023002104000AF015
S21400ECC811F840F2E8330500434339003800E41AE7
S21400ECD808220EAE20312830B4800AF0A8FFB96AA0
S21400ECE8464B10A8C9180F9BB9620093FA6A2B0006
S21400ECF8F5F7DCFF11991098F6F708F812A8F6F75A
S21400ED0825F812981399F6F753F83B0001220CAD34
S21400ED186033B865F96528001A70F6F78BF83B007B
S21400ED2870331B780024364E0B2B12D10C9869686A
S21400ED38F6F73EF8716804003068F6F739F8314B94
S21400ED48241A1B68013394FBF3F4631D40DA052488
S21400ED5864422D4B1C60002306CD06C6294A136064
S21400ED683B00683300215A5E0699914204D0198008
S21400ED78FFF770FEFFF7A6FE03233A7E9A43134377
S21400ED883B76FFF7CFFB3B00052270331A70FFF780
S21400ED9891FC0122049B1A703B7EDB0603D5B86DF6
S21400EDA8F96DFFF709FC3B0070331B78052B03D081
S21400EDB8012B11D00B2B0FD0012015B0F0BD00236E
S21400EDC8300007221900B375173003F00DFB6BE708
S21400EDD8052CBEDD0524BCE70123049A0220137027
S21400EDE8FFF7DAFEFFF766FCE6E7C046503100207C
S21400EDF8F4310020D4B4010028AC0100803DD512BF
S21400EE0848310020403100204431002010B5044B22
S21400EE1870331B781800012B01D0FFF7B5FE10BD24
S21400EE28503100200122064B1000197E114205D1F0
S21400EE3870331878013843425841C0B27047C0460C
S21400EE485031002070B5194D41F200012B00CC332B
S21400EE581A6880230341537091FBF3F35380537A67
S21400EE680400032B15D903280DD82E000320FFF71E
S21400EE7897FBFC36B3681B180220B360FFF790FBBD
S21400EE88B3681B1AB360CC352B685C72FFF754FB6B
S21400EE9870BD0328F7D92E000220FFF781FBFC3649
S21400EEA8B3681B18B3600320E8E7C046503100205B
S21400EEB830B500251C4B1D4C85B0142229001C4873
S21400EEC81D6003F091FA14222900200003F08CFA42
S21400EED858222900174803F087FA174BE3612300E6
S21400EEE89C331B680BB19847E061362302A90B7068
S21400EEF82300B8331B681878F8F7B6FF2300CC331E
S21400EF081B6818720720FFF79DFFFFF733FDFFF712
S21400EF18A1FDFFF7D7FD220000237032FF341380CF
S21400EF28A37305B030BDC0468C3200205031002097
S21400EF3878320020683100200000C841F8B5114C2E
S21400EF4823009C33C0C9C0C32100A4310B00E0C80D
S21400EF58E0C362C862C362C862C323000A49CC33EE
S21400EF6819600A480A49C8342260F5F779FF094843
S21400EF780949F5F775FF09480949F5F771FFFFF7DD
S21400EF8897FFF8BD5031002078320020C4310020A9
S21400EF98BDE60000D831002055E5000060320020AC
S21400EFA86DE50000F0B5254CA3B02600CC363368D6
S21400EFB809AD1A7BD207D20F00921A6901922A006D
S21400EFC883CB83C221002700183158220CA80AF0E8
S21400EFD82EFE237E60375B07DB0F0693226D636D7C
S21400EFE802920393A26DE36D049205933B78079310
S21400EFF8FFF75EFF01213368019A1A611A7B8A437C
S21400F00800990A431A7343CD43C304212000069B84
S21400F01830309A00237E8B431343237612A9029A34
S21400F028039B2265636508220AF001FE049A059B85
S21400F038A265E365079B3B7023B0F0BD5031002006
S21400F0480D4A10B51300703319788B1F022B11D890
S21400F0582023107E034313760223072906D00A339B
S21400F068082903D0137E9B07DB0F04337032137016
S21400F078FFF720FB10BDC046503100200378422B16
S21400F08803D0472B08D002207047064BCC331B68AA
S21400F0981B7A03710020F7E7024BCC331B685B7AB8
S21400F0A8F7E7C04650310020037810B50400422B1D
S21400F0B804D0472B0DD00223180010BD0A4B027946
S21400F0C8CC331B681A72FFF7FDFCFFF735FA0023EE
S21400F0D8F2E7FCF793FA0028EDD1207903230728F6
S21400F0E8EAD8FFF7AFFEF2E75031002010B5FFF779
S21400F0F823FA10BDF0B585B00D000F000324234E8B
S21400F108019059B13300B8331B6803910022187870
S21400F11803A9F8F706FF01270230C4B26B461B792D
S21400F12803A95BB20093009A02AB1A713300BC3392
S21400F1381B6802AA35331B7853713300B8331B6833
S21400F14807221878F8F7EDFE022118B98C4320003C
S21400F15805B0F0BD032C17D1CC3633687A4215407B
S21400F1687A001F785D608F43174308221F709A56EF
S21400F17801998A4205D08020009A80021A72FDF70B
S21400F18863F8FFF79FFCE2E70C00E0E75031002049
S21400F198F7B51E2444432600104C002725004835A2
S21400F1A829700C21207E92197B41884301436846CA
S21400F1B8266567652176F5F717FE23006A4630331D
S21400F1C803CA03C32300206D616DAC331B689861C6
S21400F1D8D9612A780133DA77F7BDC0465031002066
S21400F1E8F0B58BB006AE3000F5F7B0FD069D079972
S21400F1F82800F5F7DDFD7F23184C9D4302902B0071
S21400F208200000270391803331000822303006930F
S21400F218B7800AF00CFD08AB9F80099B04AE0093EC
S21400F228216B626B30008023F5F75AFD23002833E4
S21400F23806CE06C30423227E206B1343616B237617
S21400F248F5F7B6FD029A039B801A9941044B206590
S21400F2586165ED182562A7840BB0F0BD503100201B
S21400F26880C22AED37B505000E4CA0B12300B8338E
S21400F2781B6801900022187801A9F8F752FE48B1D9
S21400F2880122CC342368197B1D610A431A73FFF7E1
S21400F29853F901203EBD0121CC342268137B8B43F1
S21400F2A81373F4E7503100207FB502900391F5F709
S21400F2B80DFF1B4E05000C00306B716BF5F778FDE3
S21400F2C8019100210B00BC363668009072693069DF
S21400F2D8801859410123134A5B42121A8B4102983F
S21400F2E80399121A8B410098019912184B41A342B0
S21400F2F80ED801D1AA420BD80098019940F64802C8
S21400F308002380185941A14206D801D1A84203D843
S21400F3180020002104B070BD40F64800F9E7C0465A
S21400F3285031002048F4FFFF13B51348F5F7C8FD21
S21400F338124C1348F5F7C4FD01A802F015F8227818
S21400F348531CDBB223700AB902F032F801A802F0A7
S21400F35810F806210B4A01A813788B43137002F0A5
S21400F36803F82378013BDBB223700BB902F034F8BC
S21400F37801A801F0FEFF13BDD83100207834002024
S21400F388603200208C320020204B13B51B681B7897
S21400F3985B0707D50A2000F0A7FF18B10A2110203E
S21400F3A800F050FF1A481B4CF5F78AFD01A801F03B
S21400F3B8DBFF2278531CDBB223700AB901F0F8FF92
S21400F3C801A801F0D6FF0121134A01A813788B4340
S21400F3D8137001F0C9FF2378013BDBB223700BB929
S21400F3E801F0FAFF0D4C01A801F0C3FFFFF79CFFE0
S21400F3F8FFF7D8FD63689847042806D0231DDB6FFF
S21400F4089847236B9847E36E984713BD0032002051
S21400F418C4310020783400208C32002028AC01004B
S21400F42837B51B4C237EDB072AD51A481A4DF5F745
S21400F43847FD01A801F098FF2A78531CDBB22B7011
S21400F4480AB901F0B5FF01A801F093FF0121134A9C
S21400F45801A813788B43137001F086FF2B78013BC5
S21400F468DBB22B700BB901F0B7FF01A8703401F0BE
S21400F47880FFFFF759FF2278022A02D10532227050
S21400F48837BD0C2A01D1043AF9E70622F7E7C04649
S21400F49850310020C4310020783400208C320020FF
S21400F4A813B51248124CF5F70BFD01A801F05CFFE6
S21400F4B82278531CDBB223700AB901F079FF01A841
S21400F4C801F057FF04210B4A01A813788B431370E9
S21400F4D801F04AFF2378013BDBB223700BB901F039
S21400F4E87BFF01A801F045FF13BDC046603200202F
S21400F4F8783400208C3200200F4A40F201101300A6
S21400F508C0331B6810B5190090311C8884420FD18F
S21400F51813000021FF330120997340F22413074C8F
S21400F528D0542000F5F7CAFD2000F5F73BFD10BDC6
S21400F53824339942E9D1FAE750310020603200209E
S21400F548094B00211A00713210B511700122074CC0
S21400F558FF3320005A73F5F7B1FD2000F5F722FDBA
S21400F568FFF7CAFF10BDC04650310020D831002032
S21400F578030010B5012808D1074A0220127E1A4255
S21400F58802D0FFF7DDFF002010BD0220002BFBD1C4
S21400F598FFF7FAFEF7E7C04650310020F0B5324CC8
S21400F5A887B002900391A06AE16A00920193F5F78A
S21400F5B8FFFB009A019B121A8B411000FA221900D1
S21400F5C8FA260023520209F08DFB00277602B61AA7
S21400F5D89F41009A019B04AD92197B412800F5F7DC
S21400F5E803FC2300303306CD06C33000E269390039
S21400F5F8F5F774FD1D4B039A1B68D31A1B18002BCE
S21400F60800DD1800009A019B0600002792197B412E
S21400F618A263E363FBF7F2FF012801D1FFF790FF2F
S21400F628237E9B060ED423000922A4331B681A7077
S21400F638029A5A702300B033196828230A789A4326
S21400F64813430B702022237E934323761FB940F67C
S21400F658B8339E4204D90123054A5B42B6185F4177
S21400F6683000390007B0F0BD50310020443100208A
S21400F67848F4FFFF0C4B10B51A00B4321268126833
S21400F688824203D1CC331B68997210BDC0331A6806
S21400F698131D9432042B03D01C68844200D199773A
S21400F6A824339342F6D1F0E75031002040B180234E
S21400F6B8427D134141F20002037792FBF3F3C383C2
S21400F6C870470000F0B5B24D8DB00AA801F04CFEA8
S21400F6D82A78531CDBB22B700AB901F069FE0AA817
S21400F6E801F047FE0023AB4F0AA83C683B6001F0D8
S21400F6F83BFE2B78013BDBB22B700BB901F06CFE9E
S21400F7080AA801F036FE002C00D13EE1E3B20793CA
S21400F718E40740D5A04CF5F7D9FC230004900591E2
S21400F728703318780C2800D958E209F0D1FA9401F9
S21400F7380D00A8015702B901D9015702570257020E
S21400F748FC01220257022802267E102335001D409F
S21400F7581E4206D0914D2B6B9847EB6E98470C23AC
S21400F76874E1FEF7DFFE042233001340164200D190
S21400F77866E1236D626D1343002B00D01AE1142353
S21400F788227E9A43043B13432376002240F6480021
S21400F7980021FFF78DF80222079B13425CD03B78C6
S21400F7A8002100207C4C93433B7023000A900B9169
S21400F7B87133197801291BD0914200D114E200292F
S21400F7C800D091E22200FF32537B6BB12300CC338A
S21400F7D81B68734D5B8851732200B4321268206A26
S21400F7E800951268FEF7EAFF2300012271331A70AB
S21400F7F82300CC331B68A0885A7859880AABFEF7D2
S21400F80869FF48B322002100FA321278654BFC31B2
S21400F818E0689A704A688D6812189A60A2680A9812
S21400F8280B99AD18DD60854205DA2A00EB17121829
S21400F8384B410A920B93022371340A9D23705A4C4B
S21400F848290020000B9EF5F739FC2000F5F7AAFBE7
S21400F8582800310001F014FC0420079B034200D165
S21400F86893E0002300224C4C0A920B932300C033EB
S21400F8781D68002D00D188E02200FF32937B032B01
S21400F88800D182E0397881433970012B23D0022BCE
S21400F89800D12FE2002B00D0BBE240F22411605CBE
S21400F8A8002800D123E22E0040F201176354903658
S21400F8B82B88BB420CD12A002032EB8B206A0092A0
S21400F8C86A680021FEF77AFF23000122FF339A7345
S21400F8D82435B542ECD12300C0331D6800232361CC
S21400F8E82B00002600279033049340F201122B8841
S21400F8F8934213D12A7FE98B288C0AABFEF7EAFEDF
S21400F90860B1310039430A9A0B9B21B19F4202D855
S21400F91804D1964202D916001F002561049B24359F
S21400F9289D42E2D1236983B3237E204D9B0716D5DB
S21400F938210023002000CC310968BC33B8301B688E
S21400F9480068097A1A7A007800955B6849B2F8F771
S21400F95822FB124BDB6D9847EB681B1AEB60E968D5
S21400F968B14203DA0A00CB17B6185F410223FF3408
S21400F978A3730F4C31002000F5F7A0FB2000F5F725
S21400F98811FB3000390001F093FB0DB0F0BDC04606
S21400F998783400208C3200205031002028AC01003A
S21400F9A8543100202C310020D83100201831002096
S21400F9B860320020206B616BF5F7FAF92300DC3320
S21400F9C81E683200F317801859410126059B994294
S21400F9D803D82ED1049B98422BD91DB10822237E2A
S21400F9E893432376049A059B801A9941E269F5F7B2
S21400F9F875FB002300222265636503000B4306009F
S21400FA080D00002B00D1BAE6D04C31002000F5F7E7
S21400FA1855FB2000F5F7C6FA049B059C0293039451
S21400FA28CB4B32001B68CB4800932B0001F0BCFA86
S21400FA38B1E6FA2200235202801859413500C5E77C
S21400FA4800200021206561652363A38600267034A4
S21400FA5835002370D8E7237E10261D003540334234
S21400FA6800D077E6FEF75EFD237E01221E4326764B
S21400FA78FA2600200021FEF71BFF7602C4E70022C4
S21400FA8804980599236AA28480332362FEF794FDBE
S21400FA98B14A1368013313602300042270331A70C6
S21400FAA80222237EA06A9343E16A2376F5F780F95B
S21400FAB8049A059B121A8B411100002B00D04EE6C3
S21400FAC8A64B994200D94AE6049A059B0F20616C1A
S21400FAD8FFF764FD06000D0009237034237093E7D2
S21400FAE81022237E0E2093432376616C049A059B8E
S21400FAF8FFF754FD2300B0331B6806001B780D0083
S21400FB085B07E9D50A2000F0EFFB0028E4D00A21BD
S21400FB18002000F097FB230000200021AC331B6870
S21400FB289860D960D8E723009C331B680BB19847C8
S21400FB38E0612300F0331B681800D917A26BE36B4B
S21400FB4812184B4105998B4203D84BD104998A4227
S21400FB5848D921000A207031087004980599121AAD
S21400FB688B4110001900E269F5F7B8FA06000D0097
S21400FB784AE70B2370342370FFF7D6FB05E623000D
S21400FB88B0331B681A7852071ED50A2000F0ACFB63
S21400FB9818B10A21102000F055FB714DFFF7C4FB81
S21400FBA8FFF700FA6B689847042806D02B1DDB6F12
S21400FBB898472B6B9847EB6E98472023B0342268FB
S21400FBC811780B431370E6E522000D21A432126863
S21400FBD81180082219780A431A70DEE70023703469
S21400FBE82370D8E5042331E72300CC331B681A7842
S21400FBF85E6813000B400A4208D12100B431096838
S21400FC08226A00930868FEF71BFE060022691300A6
S21400FC184AB12300CC331B680332997A0023D27F7B
S21400FC288A425B41DBB22500FF35AA7B032A0ED148
S21400FC38002B4ED04A4B1B6B98470023AB73494D9D
S21400FC481E212800F5F73AFA2800F5F7ABF9230045
S21400FC58032271331A702300CC331B68424D1B7A7B
S21400FC6804AA6B70414B1D201B6835331B786E60E9
S21400FC782B7400236B740433AB742300C4331B68E3
S21400FC88374E1B78EB7417239B181900FBF7C0FC3C
S21400FC98331DDB6F9847336B984704ABD87DB36D3D
S21400FCA898472300B834A8331A68236804321878AB
S21400FCB82900F8F784F92D4B1A68736BD0689847B3
S21400FCC8002800D1C8E5FAF773FE6420FBF7FEFCAF
S21400FCD8C2E571342370264C1E212000F5F7EEF994
S21400FCE82000F5F75FF9B7E500221A70B4E501239E
S21400FCF89373F0E5216909B14B7853B90021FF34B5
S21400FD08A173184C2000F5F7D9F92000F5F74AF941
S21400FD183BE60B692BB9226A00934868FEF790FD0C
S21400FD28030022692500D11CC87F21007135CC311B
S21400FD3809682D78897A032D1CD188421AD30023A6
S21400FD48FF34A3731E21074CDCE7C046C4310020ED
S21400FD5844310020683100204031002000DD6D006D
S21400FD6828AC0100603200202C3100200C32002024
S21400FD78D831002021000320FF318873127D264DDC
S21400FD8800276A702200BC321268244E3532127878
S21400FD986B600523AB742300C4331B682A746F7426
S21400FDA81B7804AAEB7417239B1819001A30FBF764
S21400FDB82FFC331DDB6F9847336B984704ABD87D11
S21400FDC8B36D98472300A8331A682300B8331B6816
S21400FDD8043218782900F8F7F2F8230071331A78F5
S21400FDE8032A08D10E4D1E2128001F70F5F766F964
S21400FDF82800F5F7D7F8BC342268736BD0689847A4
S21400FE08002800D1C1E5FAF7D3FD6420FBF75EFCB5
S21400FE18BBE500239373B8E51831002028AC010031
S21400FE28D83100200022034B9865D96560331A70D4
S21400FE387047C04650310020F7B5354D01272B785E
S21400FE481C003C403B421BD1324E3000F5F79CF874
S21400FE58B8B1043E32780B2A13D840F66403D34070
S21400FE683B420ED02C4802F028FA220003213078B4
S21400FE7802F041FA294802F020FA294802F01DFA51
S21400FE8801242B7802261A0032400192334217D1F9
S21400FE98244F3800F5F778F8A0B1173F3B78B343FE
S21400FEA8012B0FD1204802F008FA03213878019A6E
S21400FEB802F021FA194802F000FA194802F0FDF992
S21400FEC801230193019B2A7823431C001600042370
S21400FED81E401A4218D1154D2800F5F755F8A0B15E
S21400FEE80222113DAB7B9343012B0ED1104802F042
S21400FEF8E4F932000321A87B02F0FDF9074802F076
S21400FF08DCF9074802F0D9F9012620003043FEBD87
S21400FF188C320020C4310020D2A20100F3A20100D6
S21400FF28C0A20100D8310020F5A2010060320020EE
S21400FF3818A3010010B5FBF761FB03000020012B96
S21400FF4807D10322034BCC331B685B7A9A424041A5
S21400FF58C0B210BD5031002003000020112B03D87A
S21400FF680248D840012318407047C04620070200C0
S21400FF78024B10B51B6803B1984710BD9C33002090
S21400FF8870B5074D0400280040F20C12002102F05C
S21400FF982BFA0020034B286068601C6070BDC046C2
S21400FFA8903200209C330020010010B5012029B1B2
S21400FFB8034840F20C1202F002FA002010BDC046B8
S21400FFC89032002040F20C13036001487047C04688
S21400FFD890320020F8B51500012601B32022144BF4
S21400FFE81F001C0008372678DEB90134BC42FAD157
S21400FFF8104C226802B92360626802B113600022BE
S2140100081A606360AAB21871DD71581DFC3402F0DB
S214010018D6F9E36801335B19E360FFF7A9FF3000FF
S214010028F8BD013AD2B23B00002AD9D10226F6E73A
S214010038983200209032002010B5012410B3124BDC
S2140100481A68904204D102681A60002205E00A0084
S214010058002AFAD011688842F9D15968884200D135
S2140100685A600AB1016811600024FC33DA68C17964
S214010078013A521A04602100DA60082202F0B4F943
S214010088FFF776FF200010BD90320020054B1B6855
S2140100982BB11A798242FAD100200B6070470320EF
S2140100A8FBE7C04690320020084B70B51C681CB9A7
S2140100B8FFF75EFF200070BD2079FFF74DFF25682A
S2140100C810B92000FFF7B8FF2C00F0E790320020A7
S2140100D8084B70B51C681CB9FFF74AFF200070BDB5
S2140100E820792568FFF738FF10B12000FFF7A4FF35
S2140100F82C00F0E7903200200300012023B10020F5
S214010108024AFC32D2681A607047C0469032002014
S214010118F7B50F000190160001206AB161B1104BC6
S2140101281C6800231D002CB1019AD11AE27901320C
S214010138914202D200203D60FEBD5A1CD2B2009206
S2140101482279611DF254009BE279F01802F037F922
S214010158E279009B0135D3182468DBB25519E2E72A
S2140101689032002070B5040001205CB1074B1D6871
S214010178002323702DB12879FFF7EEFE18B101236D
S2140101882370002070BD2D68F4E7C0469032002029
S214010198002310B5074C142220600748FF21037579
S2140101A8E0606060A06002F01FF90122E3685A75FA
S2140101B810BDC046A0330020B0330020010010B5A2
S2140101C8002021B10248162202F0F9F8012010BDDC
S2140101D8B03300201623036000487047B033002070
S2140101E830B50D4D0200E96800200C7D042C12D8AC
S2140101F81078AB680134187050785870D278181D8A
S214010208DA7000229A700A0010320C75934200D1F7
S2140102180800A860012030BDA033002010B50849A9
S214010228CA68137D180053B1013B137513004C6857
S2140102381033201D9C4200D110004860012010BDDB
S214010248A033002070B50C4CE268137D2BB1150065
S2140102586368A46810359C4200D170BD1E788E4232
S21401026805D0AB4201D11300F5E70433F3E70122C9
S21401027858709A70F1E7C046A033002030B50C4C90
S2140102880100E2680120137D33B16368A068140099
S2140102981034984201D1012030BD1D788D4205D019
S2140102A8A34201D11300F4E70433F2E75878F3E7E1
S2140102B8A033002070B50B49CA684B68147D507589
S2140102C864B11400012589681034DE78587006B9BF
S2140102D89D70A34203D113009942F6D170BD043331
S2140102E8FAE7C046A03300200B4A30B55368916838
S2140102F8D26814001034994204D100235A1E93413F
S214010308D8B230BD1D788542F8D0A34201D0043357
S214010318F1E71300EFE7C046A0330020F0B505006B
S2140103280024124F85B0FB681B7D0193019B9C42FC
S21401033801D105B0F0BD7B68197829705A786A70C2
S214010348987840B13B6828009B689847FFF766FF96
S2140103580134E4B2EAE703AE31707270DB78F37009
S214010368FFF75CFF3000FFF73BFFF1E7A033002003
S214010378014BDB68187D7047A03300200420034B2F
S214010388DB681B7D9842804140427047A0330020BD
S214010398F0B50D4A0023D5682C7D9CB12E00536814
S2140103A8002210361F7887420AD0B34206D12B00A6
S2140103B80132D2B29442F5D1002303E00433F7E7C1
S2140103C89442F9D00B60F0BDA0330020F0B585B09B
S2140103D804000F0016000021102268461D0009F0CF
S2140103E8BDFB6A46A31F13706B460322581C3900CF
S2140103F801F0E5FF0322310001A801F0E0FF6B469A
S2140104080222D81D290001F0DAFF064B02221868DD
S214010418694623000068F7F7D1FC00B10F2005B044
S214010428F0BDC046F0330020F0B58BB0019310AB99
S21401043806000C001F780092F9B30A20F6B31022C2
S214010448002102A809F08AFB1022002106A809F05B
S21401045885FB1E206B460125042201A968441D76EA
S2140104685F77FDF7E3FF2220042211A96844FDF710
S214010478DDFFEAB21301103B06A8DFB2C2730135ED
S2140104881021009A02ABADB2F7F702FCC0B9221CE4
S214010498102C00DD102202A80021844612B2F3199E
S2140104A867461878CF5D013178401870013391425C
S2140104B8F6DB103C24B2002CDBDC00200BB0F0BDD0
S2140104C80F20FBE71FB510220021684609F046FBFE
S2140104D8054B0922186869467F230068F7F76EFC02
S2140104E800B10F2005B000BDF03300200338052306
S2140104F800B504280CD80C4B1B6808F0D5FB030B79
S2140105080E1012001A690A601A0010325A62002385
S214010518180000BD5B690B60F9E79B69FBE7DB69BF
S214010528F9E71B6AF7E7C046F033002010B50C4818
S2140105380C4C28220021206001F056FF23680A4A45
S21401054819001A6001220020524210319A80D860A0
S2140105581A6159625A619A61DA611A6210BDC04617
S214010568C8330020F033002000040001024B1B684A
S214010578186000207047C046F0330020010010B50F
S2140105880A2021B10248282201F019FF002010BDD7
S214010598C83300202823036000487047C83300206A
S2140105A803000A202BB10020024A1268D2680132E1
S2140105B81A607047F033002037B51C000023150079
S2140105C801930A3344B101A9FFF790FF030018B954
S2140105D801994A1C02D1256018003EBD8AB2AA1AA2
S2140105E8002A02DD89182160F6E712B9072321607F
S2140105F8F2E78022090C0904520289184919F2E720
S21401060803000A2063B1074A002012680833110064
S2140106181431196104315963043120329965DA6756
S2140106287047C046F033002037B504000A207CB175
S214010638114D09382A68938801339380FBF704FE25
S2140106482B6820009B88E38200F006FE08B1112083
S2140106583EBD230018330093132202232168F7F7BF
S214010668F5FA03000F20002BF2D1200000F0F4FD6C
S2140106780028EDD0EBE7C046F0330020F7B51400AC
S2140106880A2572B169B10335FF280AD110681179B4
S214010698013001390300022289B2F7F7F9FA10B1DD
S2140106A80F252800FEBD200000F050FD102500286B
S2140106B8F7D102271D4E3368987022790097043ABD
S2140106C8636A216892B2F7F7CCFA0028E8D1227A51
S2140106D8E379AA401B02A179134332680B43916858
S2140106E80D3D9942DDD038009360FBF7ADFD3368C8
S2140106F8A71D09342200390008200433FFF766FED7
S21401070805000028CDD133682200390007200433BC
S214010718FFF75CFE05000028C3D101223368524268
S214010728D8601A610C20FBF78FFDBAE7F03300207A
S214010738F0B506001C0087B01BB90A25280007B0CB
S214010748F0BD324F06253B68DB688342F6D82000A9
S21401075800F0B4FD0B3584460028EFD1631CDA7F20
S214010768531E9A413B680732DB68B34232D33B6873
S214010778DA68B24203D00820DE60FBF765FD23790C
S21401078820892168043B8446A7689AB20029D4D0F8
S21401079840F200100E258242D0D80025B7380290C4
S2140107A802A885806546C373C58023003D0C057283
S2140107B800253F0E47724681370C2C33360E85735B
S2140107C80773467300930723F7F740FA0500A0B1AD
S2140107D80F25B3E723002833187823790100043B53
S2140107E81B1A20680196C01863460093A368FFF792
S2140107F81BFE05000028BAD0A0E723792068043B31
S214010808E16AC01800F053FD98E7C046F0330020AF
S214010818F0B58FB0149E0F001D0003900692002EAF
S21401082800D190E0002310000AA90A93FFF75EFEA4
S21401083818B1062420000FB0F0BD0A9B9D4201D8CE
S2140108480133F6D1300000F0B9FC10240028F1D1AC
S2140108583E4A83009B181A7803998A4241D1B268A6
S2140108680224BA42E6D15A789B78059209933368EE
S21401087803933379043B07936B469B8B0493F36A84
S2140108880893039B002B5ED040F20012049B0E24B3
S2140108989342CFD80AAC20000021F03A01F0A4FD1B
S2140108A849230A9340F20013A3803B0C23723B0EA4
S2140108B863722B0C23732B0E63730023A373079B9E
S2140108C8E780E373099B658120000093049A089BDF
S2140108D80399F7F7C6F9040040B10128AAD00F24F6
S2140108E8A8E701300528B3D10C24A3E7731CDB7FE6
S2140108F80BB907330593330028331978012301957B
S2140109080093059A3B00706AFFF78EFD04000028E5
S21401091800D08FE706980338042800D98AE70C4BDD
S2140109281B6808F0C1F903080A0C0E0004201D61B3
S214010938FBF78AFC7EE75D617CE79D617AE7DD610E
S21401094878E71D6276E70A2474E7C046F6090020B0
S214010958F033002030B50F4B04001D6885B020B970
S214010968AB780B203BB905B030BD012803D1AB7875
S2140109780B20012BF7D010220021684609F0EEF86B
S2140109880923220069462868F7F718FA0028EAD0EA
S2140109980F20E8E7F033002070B50500F7F706FAF0
S2140109A8040010B10F24200070BD012DFBD12800D2
S2140109B8FFF7D0FF0028F5D1FFF784FD0028F2D015
S2140109C8F0E7000070B502000C000A2088B0A9B351
S2140109D8002320499E007618317891422AD104AD29
S2140109E810220021684609F0B9F8102200212800D3
S2140109F809F0B4F86A46012313706B466846E1B2FB
S214010A085170220AD2B29A70230CDBB2240EC3703C
S214010A18047102202C71104C287020686970AA7025
S214010A28EB7069467378F2780068F7F7C7F938B15A
S214010A380F2003E00133052BCBD10C2008B070BD85
S214010A4820682900B378F2780068F7F7B7F9002824
S214010A58F4D0EDE7F6090020F0330020014B1B68BF
S214010A6898887047F0330020014B1B6898807047C0
S214010A78F0330020014B1B6898687047F03300205C
S214010A88014B1B6898607047F0330020014B1B68C8
S214010A9818697047F0330020014B1B6818617047CE
S214010AA8F0330020014B1B68D8687047F0330020EC
S214010AB8014B1B68D8607047F033002010B5054C11
S214010AC83C220021200001F08FFC40F20013236035
S214010AD810BDC046F4330020014B18607047C0466D
S214010AE8F4330020014B18687047C046F4330020E1
S214010AF8F7B51C000AAB1B7807000193184B0D00CD
S214010B081B6816001B072AD5164801F0D6FB0022DB
S214010B180321380001F0EFFB134801F0CEFB002259
S214010B280A21300001F0E7FB0F4801F0C6FB00225E
S214010B380A21280001F0DFFB0B4801F0BEFB00226A
S214010B480521200001F0D7FB074801F0B6FB019804
S214010B580022032101F0CFFB044801F0AEFBF7BDEC
S214010B68F433002040A3010035A40100C0A201000F
S214010B7810B504AB1C88044B1868800702D019719D
S214010B889A609C8110BDC046F43300200520064AB1
S214010B9810B51468044206D01376029BD3610A9BEB
S214010BA813621218D17710BDF4330020F7B5274C1D
S214010BB80193236805000E0017005B0734D5244807
S214010BC801F07BFB00220321280001F094FB214859
S214010BD801F073FB00220321207E01F08CFB1D48E7
S214010BE801F06BFB00220A21E06901F084FB194839
S214010BF801F063FB00220A21206A01F07CFB1548FC
S214010C0801F05BFB00220A21300001F074FB114859
S214010C1801F053FB1F20631D18560022032101F023
S214010C286AFB0D4801F049FB2368DA0708D522005C
S214010C3801993432117022002C322763A66215708E
S214010C485B0602D5042338342370F7BDF43300203D
S214010C5846A3010035A40100C0A20100F7B5254C42
S214010C680193236806000F0015009B0737D5224815
S214010C7801F023FB00220321300001F03CFB1F4852
S214010C8801F01BFB00220321207901F034FB1B48ED
S214010C9801F013FB00220A21A06801F02CFB17487B
S214010CA801F00BFB00220521A08901F024FB134863
S214010CB801F003FB019B0A215A4253415B421D4046
S214010CC80022280001F017FB0C4801F0F6FA38005C
S214010CD800220A2101F00FFB094801F0EEFA236809
S214010CE8DA0701D5276126755B0602D50523383450
S214010CF82370F7BDF43300204BA3010035A401008F
S214010D08C0A2010010B5084C23685B060BD5383421
S214010D182378022B07D0054801F0CFFA044801F0E2
S214010D28CCFA0223237010BDF433002050A301002F
S214010D38C0A2010010B5084C23685B060BD53834F1
S214010D482378032B07D0054801F0B7FA044801F0C9
S214010D58B4FA0323237010BDF433002061A3010005
S214010D68C0A2010010B5084C23685B060AD53834C2
S214010D7823783BB1054801F0A0FA054801F09DFA31
S214010D880023237010BDC046F433002072A301006F
S214010D98C0A2010010B50A4C23685B060AD50828CC
S214010DA809D1084801F089FA074801F086FA0123B3
S214010DB83834237010BD0028FCD10448F2E7C04639
S214010DC8F433002081A30100C0A2010099A3010009
S214010DD870B5324C2368DB0749D5314804F0FAFA76
S214010DE80025230034331B78AB4241D82D4801F047
S214010DF864FA00220121100001F07DFA294801F069
S214010E085CFA00220121100001F075FA254801F06C
S214010E1854FA00220121100001F06DFA214801F070
S214010E284CFA00220A21A06A01F065FA1D4801F071
S214010E3844FA23002C331B78012B21D11A4801F0E0
S214010E483CFAE0690022052180B201F054FA1748FD
S214010E5801F033FA237E0020022B02D8144A5B00E5
S214010E68985E0022052101F046FAF3F7D5FB70BD1E
S214010E78236B0221585D013501F029FAEDB2B0E77E
S214010E880C4801F01AFA4CF25033E26900209A42F3
S214010E9800D1323000220221E5E7C046F4330020B3
S214010EA8B1A3010035A40100B5A30100BDA301004B
S214010EB8D8B40100C0A30100F7B5334C01932368E9
S214010EC807000E000092DB0749D5304804F082FA85
S214010ED80025B54244D32E4801F0EFF9002205213A
S214010EE8009801F008FA2A4801F0E7F900220321E0
S214010EF8019801F000FA264801F0DFF9254B8833FE
S214010F081B689847012180090840002201F0F3F97F
S214010F181F4801F0D2F900220A21206901F0EBF9F5
S214010F281B4801F0CAF9237D012B20D11A4801F08C
S214010F38C4F9A0680022052180B201F0DCF917483F
S214010F4801F0BBF923790020022B02D8144A5B0072
S214010F58985E0022052101F0CEF9F3F75DFBF7BD97
S214010F68785D0221013501F0B2F9EDB2B1E70D481D
S214010F7801F0A3F94CF25033A26800209A4200D13E
S214010F88323000220221E6E7F4330020B1A3010043
S214010F9835A4010028AC0100B5A30100BDA30100DA
S214010FA8D8B40100C0A301002C4B70B51B6804001F
S214010FB81500069E9B054FD5294801F07EF90022AB
S214010FC80A21300001F097F9264801F076F92648FB
S214010FD801F073F900220A21280001F08CF9214852
S214010FE801F06BF9214801F068F900220A21E06A4C
S214010FF801F081F91B4801F060F91D4801F05DF91F
S21401100800220A21049801F076F9164801F055F9EC
S214011018184801F052F920696169F3F7C9FE002200
S2140110280A2101F068F90F4801F047F9124801F062
S21401103844F900220A21206C01F05DF9094801F003
S2140110483CF90E4801F039F9206A00220A2101F01C
S21401105852F9044801F031F970BDC046F433002056
S214011068C6A30100C0A20100D0A30100DEA30100AF
S214011078EBA30100F9A3010006A4010017A40100CF
S214011088084B10B51B680400DB060AD5064801F0B4
S21401109814F9200000220A2101F02DF9034801F075
S2140110A80CF910BDF433002027A40100C0A20100EA
S2140110B8084B10B51B6804009B060AD5064801F0C4
S2140110C8FCF8200000220A2101F015F9034801F076
S2140110D8F4F810BDF43300202FA40100C0A20100CB
S2140110E8F8B572B6BFF34F8FBFF36F8F00F05AFA99
S2140110F818B3012000F03CFA10250226124C276886
S21401110862B6BFF34F8FBFF36F8F2368BB4203D11D
S21401111800F048FA0028F8D172B6BFF34F8FBFF334
S2140111286F8F23682B4206D12368334203D100F020
S21401113839FA0028E2D100F015FA62B6BFF34F8FEC
S214011148BFF36F8F0120F8BD8034002010B504006E
S21401115802206CB3216859B30B78032263710131FD
S214011168A01D01F02CF92000216803220431093062
S21401117801F025F920002168042207310C30FBF71D
S21401118899FF2168CB7A23740B7B63742379212B0F
S2140111980FD1200010220D31123001F010F91D2355
S2140111A82000216824300422C918FBF783FF002099
S2140111B810BD0120112BFBDC0D23F1E770B50400EF
S2140111C802202CB1216819B123790B2B01D80120F3
S2140111D870BD20000B780422637101310830FBF7DB
S2140111E869FF21684B7923738B79E381CA791202E7
S2140111F81343E381227B237912070B3B120F934299
S214011208E5DD20000831103001F0D9F8237B2000F5
S21401121800221B071B0F1E00651C2830EA77027088
S21401122822790836911B04290BDD21680933043A13
S2140112388E5DD21AD2B2EE770270606AC91801F0D2
S214011248BEF8200023792168043B2C300422C918F3
S214011258FBF730FF0020BBE710B5040001202CB3D4
S21401126823681BB322790018162A1FD96279A11D93
S2140112781A7020680822013001F0AAF821002068B7
S21401128808220E31093001F0A3F821002368E28A0A
S21401129818315A74E38A22681B0A93742068042258
S2140112A81330FDF7C3F817230020237110BD07B5C7
S2140112B80422019101A9FDF7B9F807BD70B504002C
S2140112C80120002C4FD02168012000294BD0260090
S2140112D828363078227B03005D1EAB411207120FB9
S2140112E89B18043008331B1822799BB202209A42B5
S2140112F839D3637904220B70210020680831013044
S214011308FDF794F821002368227B10315A7123686F
S214011318E2899A71E38922681B0AD371227B2068C5
S2140113281207120F083001F04AF8237B32781B07A0
S2140113381B0F1D0008352AB1621CD17F22680933AC
S21401134851551D00206832784019616A01F037F856
S21401135833782068ED18ADB24019E16AFFF7A7FFA8
S21401136800200435257170BDEFF31083036072B653
S2140113787047036883F310887047000072B6BFF39E
S2140113884F8FBFF36F8FBFF34F8F034B034ADA605C
S214011398BFF34F8FC046FDE700ED00E00400FA05F5
S2140113A870470020704710B5F3F7B4FF10BD000072
S2140113B81220074B10B5185607F0DAFB1220054B1A
S2140113C8185607F0D5FB092007F0D2FB10BDC0461A
S2140113D820BA010048BA01001220074B10B518566A
S2140113E807F0B2FB1220054B185607F0ADFB092093
S2140113F807F0AAFB10BDC04620BA010048BA010092
S21401140870B50D00140029000348A2B2F3F796FE42
S2140114180028F8D1200070BD30340020002337B5ED
S2140114280C001500019321000848AAB201ABF3F796
S21401143889FE0028F7D1019A2100044892B2F3F7F1
S2140114487DFE0028F7D101983EBDC0463034002005
S21401145810B50249024806F0C9FE10BD00BA0100DF
S2140114680C4F002037B5EFF31080012383F3108863
S2140114782D4B196819B92D4AD1704031D1701A68A7
S21401148801321A6080F3108800250124284929486A
S21401149807F066F800220421264807F0EDF840F226
S2140114A8E83140F2DC5007F0BBFA0121214807F089
S2140114B8AFF802211F4807F0ABF81F4B64421D66C0
S2140114C81E4B1D6000F028F900F0C0FB2900230020
S2140114D822001B480194009400F0EAF8194B2900F1
S2140114E81868022240F20043806808F02BFA2900A7
S2140114F8230022001448F3F719FEFFF7A9FF00F0AE
S21401150835FCF0F7E3F80821104A93788B4393707B
S21401151880220F4B520599680A439A60802299687F
S21401152812060A439A6037BDF4520020000D0440A3
S214011538BCB90100CC4E002000080440C008044095
S214011548FC200020380A00203034002000100D400E
S214011558FC6F044010B5024806F054FE10BDC046A4
S2140115680C4F00200022014B1A607047803400207F
S214011578054B012800D118601A68D20702D51A68E7
S214011588104318607047C04680340020044B10B5DD
S2140115981B68DB0702D50220FFF7EAFF10BDC0462D
S2140115A880340020034B01201B6810B503B198470F
S2140115B810BDC0467C3400201A4B70B51B68DB058D
S2140115C802D5FFF78DFD70BD72B6BFF34F8FBFF31F
S2140115D86F8FFFF7E7FFE8B10120FFF7C9FF102576
S2140115E80226FFF7B7FF62B6BFF34F8FBFF36F8FC1
S2140115F872B6BFF34F8FBFF36F8F0B4C23682B4226
S21401160806D12368334203D1FFF7CCFF0028E8D17F
S2140116180023236062B6BFF34F8FBFF36F8F00209E
S214011628D1E7C046F433002080340020014B18600F
S2140116387047C0467C34002010B540F2E83107F008
S214011648EFF910BD20B10022835E013300D001807E
S214011658704700000022835E10B55A1C0CD04A1E43
S214011668914140F60070CAB2190101400F200340AB
S2140116781943024806F060FE10BDC046B44E00206D
S2140116880022835E13B500205A1C0DD06A46D41D6D
S21401169840F60072190111400F2213400348220038
S2140116A8194306F023FE207816BDC046B44E002026
S2140116B810B50249024806F0EFF910BD70BA0100EC
S2140116C8544F00201FB50A00002369468B730F216B
S2140116D869440A700E220A4C0A482370073300939D
S2140116E86A44063B06F0D4F980239B02227812B995
S2140116F8013B002BFAD16B46987B04B010BDC0465F
S21401170884340020544F00200379012B01D1014A6B
S214011718137070478434002013B500242300220078
S21401172803210E4801940094F3F7AEFA2300220031
S21401173802210B4801940094F3F7A6FA0748F3F739
S214011748B0FA43425841074B18700548F3F7A9FA0F
S21401175843425841044B0130187013BD88340020A9
S2140117689C340020C43400200A0A002010B5044C1A
S2140117780449200006F094FE200006F0C3FE10BDC2
S214011788BC4E0020A4B9010010B5074B1B78012BED
S21401179809D1022040F28021F4F777FFF5F78CF99A
S2140117A87F20F4F7E1FE10BDC434002010B5094CC3
S2140117B80A20F3F765FA00212000F3F76EFA1420E1
S2140117C8F3F75EFA01212000F3F767FA0A20F3F728
S2140117D857FA10BD9820002010B50348F3F761FAB0
S2140117E80128FAD010BDC046AC20002073B5184CAD
S2140117F801A8FFF7B9FD2278531CDBB223700AB99A
S214011808FFF7D6FD01A8FFF7B4FD124D0021280009
S214011818F3F743FA104EC0213000FFF753FF0021BB
S2140118283000FFF74FFF01212800F3F736FAFFF7DC
S214011838D3FF01A8FFF798FD2378013BDBB223709D
S2140118480BB9FFF7C9FD01A8FFF793FD73BDC046A5
S214011858783400203C210020FC200020F0B5204DE3
S21401186885B0160007000C00F4F7E0FD03A8FFF7A3
S2140118787BFD2A78531CDBB22B700AB9FFF798FD5B
S21401188803A8FFF776FD174B002118000093F3F71E
S21401189804FA154B390018000193FFF713FFA61930
S2140118A8B44216D101210098F3F7F7F903A8FFF718
S2140118B85BFD2B78013BDBB22B700BB9FFF78CFD78
S2140118C803A8FFF756FD842F01D0FFF785FF05B063
S2140118D8F0BD21780198FFF7F5FE0134E0E7C04630
S2140118E8783400203C210020FC200020F0B5224D51
S2140118F885B016000C000190F4F798FD03A8FFF7D1
S21401190833FD2A78531CDBB22B700AB9FFF750FD5A
S21401191803A8FFF72EFD194B002118000093F3F7D3
S214011928BCF9174F01993800FFF7CCFE00213800A3
S214011938FFF7C8FEC3B20193A619B44215D1012117
S2140119480098F3F7AAF903A8FFF70EFD2B78013BD9
S214011958DBB22B700BB9FFF73FFD03A8FFF709FDB4
S214011968FFF73AFF019805B0F0BD00213800FFF7F0
S214011978A9FE20700134E0E7783400203C210020DD
S214011988FC200020F0B5234D85B017000400019116
S214011998F4F74CFD03A8FFF7E7FC2A78531CDBB2E3
S2140119A82B700AB9FFF704FD03A8FFF7E2FC1A4BF0
S2140119B8002118000093F3F770F9184E0D21300036
S2140119C8FFF780FE210A3000FFF77CFEE1B2300007
S2140119D8FFF778FE019CE719BC4214D10121009853
S2140119E8F3F75BF903A8FFF7BFFC2B78013BDBB2E3
S2140119F82B700BB9FFF7F0FC03A8FFF7BAFCFFF74B
S214011A08EBFE05B0F0BD21783000FFF75BFE013430
S214011A18E2E7C046783400203C210020FC20002064
S214011A2807B56B46D971073301221900FFF7AAFFDC
S214011A3807BD0000F0B5254E85B0170004000191DA
S214011A48F4F7F4FC03A8FFF78FFC3278531CDBB2DB
S214011A5833700AB9FFF7ACFC03A8FFF78AFC1C4BE6
S214011A68002118000093F3F718F91A4D1D212800D4
S214011A78FFF728FE210A2800FFF724FEE1B2280016
S214011A88FFF720FE00212800FFF71CFE019CE7193E
S214011A98BC4214D101210098F3F7FFF803A8FFF719
S214011AA863FC3378013BDBB233700BB9FFF794FC68
S214011AB803A8FFF75EFCFFF78FFE05B0F0BD002117
S214011AC82800FFF7FFFD20700134E1E77834002095
S214011AD83C210020FC20002013B56B46DC1D0122AA
S214011AE82100FFF7A7FF207816BD0000F0B5204DAE
S214011AF885B016000C000190F4F798FC03A8FFF7D0
S214011B0833FC2A78531CDBB22B700AB9FFF750FC5A
S214011B1803A8FFF72EFC174B002118000093F3F7D4
S214011B28BCF8154F0E213800FFF7CCFD3800019997
S214011B38FFF7C8FDA619B44214D101210098F3F79E
S214011B48ACF803A8FFF710FC2B78013BDBB22B702F
S214011B580BB9FFF741FC03A8FFF70BFCFFF73CFEA8
S214011B6805B0F0BD21783800FFF7ACFD0134E2E797
S214011B78783400203C210020FC200020F0B5234DBD
S214011B8885B017000C000190F4F750FC03A8FFF786
S214011B98EBFB2A78531CDBB22B700AB9FFF708FC5B
S214011BA803A8FFF7E6FB1A4B002118000093F3F78A
S214011BB874F8184E1E213000FFF784FD0199300095
S214011BC8FFF780FD00213000FFF77CFDE719BC42D6
S214011BD814D101210098F3F760F803A8FFF7C4FBB6
S214011BE82B78013BDBB22B700BB9FFF7F5FB03A88B
S214011BF8FFF7BFFBFFF7F0FD05B0F0BD0021300091
S214011C08FFF760FD20700134E1E7C0467834002014
S214011C183C210020FC20002010B50221F4F77EFDAF
S214011C2810BD0000014B18787047C0460A0A00200C
S214011C38014B18787047C046C434002010B50121FE
S214011C480148F3F72AF810BDB034002073B5012512
S214011C580024164E2A0030000195009500231D2108
S214011C68F3F712F82300220040211148019400944A
S214011C78F3F70AF8230022001B210E48019400946A
S214011C88F3F702F830002A0023002100A438019453
S214011C980094F2F7F9FF2A00230019210648019556
S214011CA80094F2F7F1FFFFF7C9FF73BD3C2100204E
S214011CB8AC200020C0200020B034002010B5002140
S214011CC80148F2F7EAFF10BDB034002010B502480B
S214011CD8F2F7E7FF10BDC046C02000200122054BE1
S214011CE8002000211A751A7000229860D9601A61BE
S214011CF89A837047C834002010B5FFF7EFFF10BD70
S214011D080120034B1B789842804140427047C046E9
S214011D18C834002010B5064B1C7D2CB99B6903B14D
S214011D2898471020FFF724FC0120604010BDC046EC
S214011D38C83400200A4B10B5186806F073FD094B25
S214011D48094C1B682268597C092006F021FF0123EB
S214011D5820688268917B0B43937306F063FD10BD80
S214011D68F8340020EC340020F434002070B50F4B12
S214011D780F4D10492B60104B104C1148114E19602D
S214011D88114B2060336006F0A5FC70B931682868ED
S214011D9806F0A0FC10B1206806F012FD0B4B0C4AA9
S214011DA89A6100221A75FFF7C5FF70BD344F0020EF
S214011DB8F434002020BA0100F0340020F834002062
S214011DC8144F0020EC34002048BA0100C834002023
S214011DD8794E0000034B1B689B681888C04380B285
S214011DE87047C046F8340020034B04481B689B68BC
S214011DF81B88C01A80B27047F4340020FFEFFFFF3B
S214011E08054B1B689B681B7A9B0603D5034A136818
S214011E18103313607047C046F8340020E8340020B9
S214011E2845F65E73434382B00193019B034AB3FBB5
S214011E38F2F30193019802B07047C046A0860100EC
S214011E48F7B51E4E01A8FFF78FFA3278531CDBB29E
S214011E5833700AB9FFF7ACFA01A8FFF78AFA184BEC
S214011E681F68FFF7B7FF174B05001B6801A89B689B
S214011E781C7AFFF779FA3378A406013BDBB2E40F44
S214011E8833700BB9FFF7A8FA01A8FFF772FA47F6FD
S214011E98FE739D4201D804B110372800FFF7C0FF32
S214011EA8040040F2E83200233800002106F03AFF29
S214011EB8220000238018594103B0F0BD7834002071
S214011EC8E8340020F834002010B5FFF7B9FF10BD3C
S214011ED8F7B50F00514C022839D0002303285ED0ED
S214011EE81D001E00012820D122780192012A1CD14A
S214011EF8FFF77AFFFFF794FF25750600FFF7A0FFA7
S214011F0843F698239B1B9BB2A060E1602761A383DD
S214011F180FB9002508E043F69722974214D8BB422A
S214011F2812D90423BDB2237001262369002B3DD1A3
S214011F3806332370FFF7EEFE2378062B02D1053B06
S214011F48237523703000FEBD02232370E1E7237852
S214011F58022B0BD1A28B23699B1A01262361304BD6
S214011F6822699A420ED9002323610BE0032B03D181
S214011F7823692C4A9B18F0E7043B0026012BEED870
S214011F882661013643F6972325699D4203D8042323
S214011F98ADB22370C9E7032300252370C5E722786D
S214011FA81D001E00052AC0D12361B2E72378042B41
S214011FB8C8D11D4F2D03386883681B889BB20193CF
S214011FC806F0F0FB40F2E833B5FBF3F5019B019A06
S214011FD85D1BADB2EB1C9BB29A4202D2134BED18B5
S214011FE8ABB23A6891680A7A9207FCD40888019DD0
S214011FF882B2854205D3101C9A4200D9181C82B2B7
S21401200802E001989842F6D9052309204A802370F0
S21401201806F05CFD386806F005FC93E7C834002036
S2140120280000FFFF68C5FFFFF434002003F0FFFF40
S21401203870B504000D0003280FD801281AD811D04E
S214012048002100200E4B00229860D96001211A70E9
S2140120581A6119759A619A830AE00428F0D1FFF784
S2140120683DFE05E0FFF73AFE29002000FFF730FFA6
S214012078002004E00021FFF72BFF0028EFD070BDF9
S214012088C834002010B501000120FFF7D1FF10BDAC
S21401209820210B4B10B51B689A68107AC3B2084208
S2140120A805D08B431372074A136810331360FFF782
S2140120B827FE18B100210220FFF7BAFF10BDC0465F
S2140120C8F8340020E834002010B5FFF7B9FE0B00FD
S2140120D80A4902008868C968994202D809D190421B
S2140120E807D9121A8B4101204042C117801859415D
S2140120F810BD121A8B4110001900F9E7C8340020E8
S21401210870B504000D00FFF79BFE02000B008D4220
S21401211807D801D1844204D8121BAB41100019001C
S21401212870BD01204042C117FAE7704710B5040098
S214012138FFF786FE40F2E832002306F0D3FD228040
S21401214810BD10B5FFF746FE10BD002313B50400F9
S2140121580193FFF73FFE001B80B2012803D9F42341
S214012168013843430193019880B216BD70B5EFF369
S2140121780384103C64B2200006F0A8FC094BA400B6
S214012188E558AB681C7A084BE4B21B78052B03D1DB
S21401219800210320FFF74CFF4022AB6894431C72D2
S2140121A870BDC046F8520020C834002010B5024958
S2140121B8024805F083FA10BDC8B90100DC4E0020BC
S2140121C8002310B50A480B4C237003700A4805F023
S2140121D821FA012320B980239B02227812B1002319
S2140121E8180010BD013B002BF7D10123F8E7C046C4
S2140121F8FC340020FE340020DC4E0020F8B51D001B
S21401220800230C4E0C4F0D48337014003B7005F03C
S214012218FDF9012328B980239B0232781AB10023DD
S2140122282C801800F8BD3A7812B9013B002BF4D17E
S2140122380123F6E7FD340020FC340020DC4E0020A4
S214012248030010B572B6BFF34F8FBFF36F8F0079D7
S214012258082809D8A8B10138072812D806F024FD9D
S2140122681B17110D1111110B0300EF22103B13421E
S21401227801D0402805D1094B0AE09868C0B2F2F7A8
S2140122881FF962B6BFF34F8FBFF36F8F10BD044BB4
S21401229801221A70F5E7034BFAE7C046FC34002022
S2140122A8FE340020FD34002007B56B46D91D0870A2
S2140122B801220020FFF784FF07BD10B504000020A7
S2140122C8205600B910BDFFF7EFFF0134F7E770B5E8
S2140122D805000F2601398C00231D00D170BD28008A
S2140122E8E0403040092804D83030FFF7DDFF043CD1
S2140122F8F2E73730F9E7F7B505000E000192002836
S21401230803DA2D20FFF7D0FF6D4201230A221C00B5
S214012318B34204D301260A27002C04DCF7BD013397
S2140123285443DBB2F4E7012C00D1002695FBF4F206
S21401233892FBF7F37B43D31A00936B461878012E6A
S2140123480DD160B9019B13B11800FFF7ADFFFF224D
S214012358009B1340634394FBF7F4ED1ADCE7303037
S21401236840B2FFF7A1FF0026F1E70000074B084837
S2140123781A68504343F2390280181860054BB0FBBF
S214012388F3F3DA07D31AC01A7047C0460C0A0020BE
S2140123986D4EC641FFFFFF7F014B18607047C04670
S2140123A80C0A002070B505000C00FFF7DFFF611B63
S2140123B8013190FBF1F35943401A401970BD0023CF
S2140123C810B5934200D110BDCC5CC4540133F8E774
S2140123D8531EC018002330B59A4200D130BDCD5CDB
S2140123E85C4205550133F7E710B507F0B7FB10BD9A
S2140123F810B5F1F7F7FF0138C0B210BD10B5F1F707
S214012408CBFF0138C0B210BD0122014B1A707047CC
S214012418143500200222014B1A707047143500202B
S21401242870B500230E0088B001AC050020002370AB
S214012438F8F79CFE0EB1237933702379AB420AD0A4
S2140124482BB125B1002320002371F9F7D3FA200018
S2140124582571F9F7CFFA08B070BD0000F8B5040089
S21401246804209CB323688BB363687BB3A3686BB300
S214012478E3685BB3020000211548164DFFF7B4FF69
S214012488942200211448FFF7AFFF2B78134F144E00
S2140124982BB13800F2F714FD3000F2F711FD602277
S2140124A800211048FFF7A0FF38000F49F2F7D8FCC3
S2140124B830000E49F2F7D4FC0D48844203D01022AE
S2140124C82100FFF77CFF012300202B70F8BDC046D2
S2140124D800350020FF340020743500201C3500200C
S2140124E83035002014350020112401001D24010078
S2140124F8043500200120044B1A78824202D10222B8
S21401250800201A707047C046FF34002010B5034BF0
S2140125181B7813B10248FFF7A1FF10BDFF34002056
S21401252804350020F7B50122784B01921B78022B5F
S21401253818D143780193002B00D0E2E00378934248
S21401254802D9072301930DE08468057B942201993B
S2140125586F48FFF749FF6E4E330090331B781DB95D
S214012568002BEED00198FEBD20780528F8D806F095
S2140125789BFB0312256471A30134032B00D9C2E027
S214012588242200215A43013D0133B154DBB2EDB296
S214012598604A1370E0E7012DE2D0032BE2D824222B
S2140125A801210F275A43B15460785B4938400133FB
S2140125B8023D8854DBB2EDB20234E9E71D2DCFD9CE
S2140125C8032BCFD824225343514A1F1DBF1802227A
S2140125D83800F2546378013213403B70E378A278EE
S2140125E81B0213432279A11D12041A43637908308A
S2140125F81B0613437B601022FFF7E1FEE37DA27DF5
S2140126081B021343227E1E3D12041A43637EEDB25B
S2140126181B061343BB61E37EA27E1B021343227F84
S21401262812041A43637F1E341B061343FB613300EF
S21401263890331B780133DBB2AAE7012D00D18FE76F
S214012648032B00D98EE7242203275A43B75432496D
S2140126586078ABE70A2D00D882E7032B00D981E71B
S214012668242159432A480A1D1218042070546178F7
S214012678013801401170E178A078090201432079F8
S214012688000408436179090601430F205160A179C6
S21401269801401172617A207A090400020143E07947
S2140126A80133014364204143D160A17A0B3D117483
S2140126B8DBB2EDB20B346BE70A2D00D850E7032BDB
S2140126C800D94FE72421594311480A1D121805203D
S2140126D870546178023801401170E178A0780902D7
S2140126E801432079000408436179090601430F2054
S2140126F85160A17901401172A1794906490F5172B9
S214012708C8E701231EE701902CE7C046FF340020E6
S214012718743500200436002078350020F0B593B0D3
S2140127280B93944B01901B780A9102920693022B05
S21401273814D1013B05930023039307938E4B03990A
S2140127481A00903212788A420AD80A9B079A1A7097
S21401275800230B9A1360189B059A1A7013B0F0BDE4
S214012768242203994A438449D65C5718052EECD887
S214012778300006F0ADFA060021004D00C3000B013B
S214012788A601029B022BE0D900230326019A1370A7
S21401279802335370013B9370019B9B190193079B6E
S2140127A89B19DBB20793029B9B1BDBB20293039B2D
S2140127B80133DBB20393C1E73A79012310001840CD
S2140127C81A4206D000200DA9F8F700FF43425841E7
S2140127D8C0B2052243421A40961C029AB242B4D3AA
S2140127E8012201990A70103213404B700D9B8A1C06
S2140127F81C0A190CDDB2E4B2C9B21B0E0028CBD0F4
S2140128080020019FB87055709470D1701371C3E79A
S214012818029B012B99D9387978B116250223019A9A
S214012828137003223B791340019A5370162D78D101
S21401283804221343019A537073E0F9F7B7FB0500B6
S214012848E8B960243B794D4E5C4320000830801976
S214012858F2F736FB20001C308019A419F2F730FB7A
S214012868637863B1636853B123005C331878290031
S214012878FFF7D6FD424B3979A078DB6898473B7954
S214012888002BCAD10DAE3370BB6830000E933B00E7
S2140128980C3308930F93FB6910933B6A1193F8F76F
S2140128A83DFE050030BB60243B795C432000334B7A
S2140128B80830C018F2F704FB2000304B1C30C01853
S2140128C8F2F7FEFA20002D4B4030E218C01831000E
S2140128D804925560158095701422FFF770FD274BFA
S2140128E83034E418102220000899FFF768FD049B8D
S2140128F89C6493E7162890D000264DE7029B012B8F
S21401290800D822E72423039A53431B4A9B181D79B0
S2140129184DB116240323019A1D401370162C26D098
S2140129285570069E38E72800F9F740FB0400D8B929
S214012938144F3E003800F2F7C3FA083E1248F2F781
S214012948BFFA73785BB173684BB154372100387896
S214012958FFF766FD0A4B2100B078DB68984700232D
S21401296873603380B370D5E71628C5D1D1E7042341
S2140129782B435FE7FF340020743500201435002010
S214012988043500201C35002030350020029B042B1E
S21401299800D8DAE63B69994E0D933B7D0CAA137273
S2140129A833689847BB681B1A04938023049A5B0410
S2140129B89A4200D3C9E6002800D1C6E638790CAB9E
S2140129C8033300285BD102210DAAF9F75BFB0990B6
S2140129D8002859D160243B795C430593884B0598B8
S2140129E8E518F9F7E3FA2000854B4030C018F8F7E8
S2140129F895FD2000824B5430C01808220DA9FFF718
S214012A08DEFC21007E4A0831891808000891F2F791
S214012A1857FA7B4A1C34A018F2F752FA6B785BB166
S214012A286B684BB12B005C3318780999FFF7F8FCF3
S214012A383979A878F368984740F2E83160230800A6
S214012A48059A53436E4A9B183A7B904000221A8097
S214012A58023258609A70049B08985943F2F72EFB85
S214012A680898F2F79FFA0423019A13700CAB033304
S214012A781B78537075B9069E002305938CE61022C1
S214012A8802431A700025EEE7099B012BFAD10026AE
S214012A98059681E6032BEED8049A019B9A70130AD1
S214012AA8019AD370049B1B0C137140F2E8326B68D1
S214012AB87468B3FBF2F33979A878049AA047052617
S214012AC8DAE7029B042B00D83FE63B690CAA0D9374
S214012AD83B7D13727B7B5372484B1B689847BB68D8
S214012AE81B1A04938023049A5B049A4200D32CE6AB
S214012AF8002800D129E638790CAB0333002873D1B6
S214012B0801210DAAF9F7BEFA0990002871D16024AF
S214012B183B795C4305933A4B0598E518F9F746FA6D
S214012B282000374B4030C018F8F7F8FC2000344B2B
S214012B385430C01808220DA9FFF741FC2100304A7D
S214012B480831891808000891F2F7BAF92C4A1C349A
S214012B58A018F2F7B5F96B7863B16B6853B12B001F
S214012B685C3318780999FFF75BFC244B3979A87808
S214012B78DB6898476023059A397B5343204A0898AF
S214012B889B18FA2252028A405A60002240F2E83123
S214012B981A8001329A70049B5943F2F78FFA089803
S214012BA8F2F700FA0523019A13700CAB03331B786E
S214012BB85370002D00D15EE7032B00D95BE71300A5
S214012BC8049A9A70130A019AD370049B1B0C13710A
S214012BD840F2E8326B683979B3FBF2F3074AA87812
S214012BE85468049AA04747E7102202431A70002542
S214012BF8D8E7099B012B00D149E7F8E704350020FF
S214012C081435002073B5274B1B78022B21D073BDD2
S214012C18022EFCD10020F9F7C9F9012808D1224D66
S214012C2828003221F2F74AFA2800F2F7BBF935E014
S214012C381E48F8F773FC23005C3318780021FFF769
S214012C48EFFB1B4B0021DB68A078984700236360E5
S214012C5824E0184C2678012EDAD16B460020164A55
S214012C68A1780733F9F70EFA144D0128D8D014497C
S214012C78A078FFF7D5FB0C4D61682800F2F71EFA1D
S214012C882800F2F78FF940F2E83362680021B2FBB8
S214012C98F3F2074BA0789B68667098470023237069
S214012CA8B5E7C046FF3400203035002054350020F3
S214012CB80435002014350020683500201C35002016
S214012CC870350020054B01201B78022B04D1044BDC
S214012CD8187843425841C0B27047C046FF340020B6
S214012CE814350020704703207047032070470300FF
S214012CF830B500206BB1013BDC10A5B2954208D275
S214012D0807220130134098400B5D1840431E984136
S214012D18C0B230BD73B56B4600249C716C46063351
S214012D28E51D1C78944200D373BD1C781E78045D9B
S214012D388E5D74402C701C782E7806551C780134EC
S214012D48E4B21C70EDE730B578B10138C410A5B20D
S214012D58AB420AD907231840063B834015191800C9
S214012D68135D012902D103432B7030BD8343FBE772
S214012D78F0B50500B1B94FF6FF70F0BD013080B26D
S214012D88844205D05B00DBB21F42F7D06045F4D120
S214012D98013293B28B42EED2040008343300AF5CA2
S214012DA8A4B2F1E70120002206004FF6FF7CF3E704
S214012DB810B5054C40F206220021200006F0CEFE92
S214012DC8FF23237010BDC04608360020F8B50B4C0B
S214012DD81500227803000E00904203D00120FF2A36
S214012DE80BD12370054840F2062200212778FFF709
S214012DF8FBFA0020277066802571F8BD083600208A
S214012E0810B5084C01222378834209D1E388312B77
S214012E1806D809325A431219118200220133E38077
S214012E28100010BD08360020F0B5B44FD3B0029399
S214012E383B780C001100834251D13A7912A8FFF76A
S214012E48BEFA0722002107A8FFF7CEFA07220021BB
S214012E5809A8FFF7C9FAFB8819220733DB080021FE
S214012E680BA80193FFF7C0FA7D8810232A000026D5
S214012E780120611B024202D0002E34D10600013B1C
S214012E889BB25208002BF5D140F2E93419224C4383
S214012E980BA80021FFF7A8FA6B0804930023013456
S214012EA80393039B049A934200D389E0AA198021CD
S214012EB8630963409B05C9030B4064081C19B4FBEE
S214012EC8F2F05043201A8542F1D901301923012125
S214012ED880B20BAAFFF737FF039B0133E0E74FF6F3
S214012EE8FF7053B0F0BD0026CEE70A226B1E53438F
S214012EF8824A9B181B8AA34203DA312D01D8013571
S214012F08ADB2A3B2192218000BA90493FFF7EFFE7E
S214012F180600012815D10A226B1E5343774A9B18CF
S214012F281B8AA34244D0A0B2192300210BAAFFF79B
S214012F380AFF3A79013C5443029B12A81919FFF774
S214012F48E9FE049C013424B27B889C42CDDD039BB8
S214012F58002BC4D0019907A8FFF70AFF684B019A0E
S214012F681900060003930A25FFF7C1FE741E0128FF
S214012F782BD06C432000614D1230019A401907A9E5
S214012F886419FFF71CFA208A3A7901385043029BE4
S214012F9812A91818FFF713FA594A019B01213000A4
S214012FA8FFF7D1FE40F20422BB5A0133BB5227E099
S214012FB80100019B280007AAFFF7C5FE0396C0E794
S214012FC8012500232C000393BEE76C434B4E3A7948
S214012FD8A319198A029B0139514312A85918FFF7F8
S214012FE899FE00231234A41907AA019899B28842B7
S214012FF819D8002306AAD11C01989AB2904219D86A
S21401300840F20423FC88FB5AA34200D267E7012C4E
S2140130181ED840F206220021384806F09FFDFF23FD
S21401302800203B705DE71178E05C01334140117088
S2140130380132DAE70133CA5C002ADDD0019907A814
S214013048FFF796FE019A03990600FFF750FE8DE7F3
S2140130580A26023C24B26643284BF618002CD8DB15
S2140130680A253200FB881232013B1BB25D430492EB
S214013078224AAD189C4203DB013C24B20A3EEDE726
S2140130889BB2581C019A049980B20593FFF72FFE4C
S214013098012824D1019A09A80499FFF790F9280074
S2140130A8002209AB12300393019B91B28B421BD8C5
S2140130B81A00049809A9FFF782F9298A3A79013989
S2140130C85143029B12A85918FFF779F9308A3A79C1
S2140130D801385043029B12A91818FFF71BFE059BDF
S2140130E80A3D013B1BB2C5E7039B1978835C013295
S2140130F85940039B197001330393D5E7083600201E
S21401310810360020034A1378181A434258414042A1
S214013118104070472048002070B50400056941F248
S214013128000228000021FFF75FF914220021200081
S214013138FFF75AF9FF232561237070BD10B508B152
S214013148FFF7EAFF10BD000010B5040004200CB319
S2140131582368FBB16368EBB1A368DBB10200002109
S2140131680D48FFF741F9542200210C48FFF73CF9B6
S2140131780B480C4B0361FFF7CFFF0B48844203D083
S2140131880C222100FFF71BF9FFF712FE012200208F
S214013198064B1A7010BDC04610380020344900206E
S2140131A82048002020380020143800200E3800203F
S2140131B80120044B1A78824202D1022200201A709A
S2140131C87047C0460E38002010B5034B1B7813B164
S2140131D80248FFF7B9FF10BD0E380020143800204A
S2140131E80122F0B5794B87B01B7806000192022BB5
S2140131F800D0E8E043780193002B00D0E1E0190005
S2140132088468057B53327248FFF7EEF833780293E9
S214013218022B03D101226E4B51331A706D4B1F7866
S214013228002D54D023780393082B50D1B369049307
S214013238022D31D9032F2FD8A37862781B021343A6
S2140132480593A3789B0918000293FFF75BFF060016
S21401325810B3027902B3033DAA421DD114257D435A
S214013268E11C5D4C5A4B2F1D2000FF18FFF7A7F8ED
S214013278574B039A5A55ED18049B564A2B61029BE5
S2140132883B70059B9B049B0C7B803379BC603B7130
S214013298504B1B78013313704D4B50331B78002B62
S2140132A800D090E007238DE0012AF5D8B169032BF9
S2140132B8F2D8142200205A43454F0133B854013D31
S2140132C8D2191161DBB2EDB20134424A1370414B97
S2140132D81B78002DE0D020780328DDD8029A05F067
S2140132E8D9FCE3022259022AD6D8B2699446012D9E
S2140132F8D2D0032BD0D814225A433548111D0700C3
S21401330809180120B854D2196746176162781B1844
S2140133185207920F0A70627802404A70023DDBB289
S214013328EDB20234D1E7012AB6D8B26994460A2D1D
S214013338B2D9032BB0D814215943254F0A1DD219E7
S2140133483800022747540918604608610F2061783B
S21401335801338906890F117061780B3D0140517060
S214013368E178A0780902014351802179DBB2117115
S2140133786179EDB25171A1799171217AE0790902E9
S2140133880143607A00040843A17A0B340906014315
S21401339891609AE7012A00D97EE7B069012D00D12C
S2140133A87AE7032B00D977E7142203275A430849FB
S2140133B801338F5451180861607808493840885499
S2140133C8ACE701230193019807B0F0BD0E38002041
S2140133D83449002084490020344800203849002018
S2140133E8F0B593B00993A54B07001B780891039293
S2140133F80793022B00D03FE1002301930593049322
S2140134089F4B019A50331B78934200D82BE1142323
S214013418019A53439A4A9E18D35C0293082B00D903
S21401342821E1180005F054FC090029006100C200DA
S2140134381F011F011F011F01DF00039B022B00D87C
S21401344811E10024032501233C707D70BB70049BA9
S2140134587F195B19DBB20493039B5D1BEBB20393E5
S214013468874B51331B781BB1059BA34200D20594A9
S214013478019B0133DBB20193C2E73079FFF742FEC5
S214013488002800D1EFE0837B71795D1E6A425541C1
S214013498EAB20D430DB9802B17D001233A713B7060
S2140134A8438932799B0492039B0C13439BB27B702E
S2140134B81B0ABB708289131CFF2A00D9FF23FB70E5
S2140134C8039B042B00D8CEE005253079FFF71AFEBA
S2140134D804000028BBD0867940F2E8310120FEF7C7
S2140134E861FF0436B0400400B1E7039B012B00D806
S2140134F8B9E035792800FFF705FE040030B1614BC5
S21401350828009B6898472000FFF718FE33791800B3
S2140135180693FFF7F7FD0500B0B95B4B1A78FF2A4B
S2140135280FD00423029302233B703379029A9B013E
S21401353813437B7042B32800FFF700FE0024079D63
S21401354885E71D00069A1A70F488C82CEBD8337ADA
S2140135585C43B37AE41A41F200039C42E3D824B9E7
S2140135682800FFF7EBFD250071E701213823727A61
S21401357802911A42D7D1434BF1681B6806989847BF
S214013588431E9841C300CDE740230720AB737379E8
S2140135986B70F1886980327A2A71B37A6B71737AA3
S2140135A80340AB713079FFF711FCC7E7039B012B8A
S2140135B859D91423019A5343314A9B181C79200080
S2140135C8FFF7A0FD0322434243413A709B00224085
S2140135D813437B700028B1D0FFF7B0FD294B2000BC
S2140135E89B689847AAE7F388002B3CD03079FFF709
S2140135F889FD040040B31423019A5343204A9B18BB
S2140136081869F7F7CFFFFF280FD063780341DB0768
S2140136180BD52289F3889A4216D263895A1C62818D
S214013628A27B402A32D063810EE006230BAD280028
S2140136382B70F7F79BFD1423019A5343104A9B18E6
S2140136481A690C9B9A42E4D000248CE789B221813E
S2140136588B421CD3A38930790133A381FFF7D0FBB2
S214013668A0B10123A373089B049A1A70099B059AB3
S2140136781A600123189A137013B0F0BD0E38002093
S2140136883449002014380020204800206388218906
S214013698F5880131A942D9DBF26830790292AB424A
S2140136A829D3A2B1FFF72EFD88B185B141888D4295
S2140136B80DD802796B1E53439BB28D4202D14179D4
S2140136C8521AD2B200690299C018FEF778FE6288CB
S2140136D8F38893420CD3A38953B98033A373237910
S2140136E830795A4363792169D21A094B5B6898473E
S2140136F8F3882381A8E723692900029AFFF794FB38
S2140137084FF6FF739842E2D00023A381DFE7C04655
S21401371814380020704703207047032070470000C4
S21401372810B5044C2000F1F7CBFB0123083CA3702D
S21401373810BDC046A4490020F8B51B4D1B4E2C00F1
S2140137482800F1F7BDFB3279194F083CFF2A18D13A
S2140137583B783268022B0CD15AB94EF66023636067
S214013768616869B12800F1F7A9FC2800F1F71AFC8D
S21401377806E040F2E833534363603B78012BEFD809
S214013788F8BDFA235B02934047F23051094863605B
S214013798FEF708FE6368C01840F2E8336060B0FBC5
S2140137A8F3F03060E9E7C046A44900208C490020C0
S2140137B888490020D08AFFFF10B50400F1F7C6FA41
S2140137C8044B22681B6820009B18034A9B18236039
S2140137D810BDC046BC49002080C22AED012010B5A4
S2140137E8054C2378834206D1044B00201B68984772
S2140137F802230020237010BD884900209849002024
S214013808F7B503000120434A1278824205D95E784B
S2140138181EB91A78824201D90720FEBD3100072257
S2140138283D489C681D7BFEF7DFFD00960F263DB9D7
S214013838394B987900286AD1009B002BEDD1EBE72C
S21401384820780328F4D805F02FFA02371024324AD4
S2140138589379022B07D800205900013D013388547B
S21401386801349371E8B20500E1E70020012DFAD092
S214013878294A9379022BF6D802215F00B954607859
S214013888264930400133023DC85502349371E8B2E7
S214013898E9E70020012DE6D01F4A9379022BE2D8EA
S2140138A803215F00B95460781C49844601910720BA
S2140138B8614608400199E5E70020052DD3D9A2788D
S2140138C8637812021A43E37815491B0413432279D5
S2140138D8087812061A4363793340834211D10133BB
S2140138E833400B7000230F480B770A4B07681B7889
S2140138F8BA180260022B04D1064A01331370FFF787
S2140139081BFF0123063DE8B206340093ABE700200F
S21401391883E7C04688490020C8490020C9490020D5
S2140139289C490020BC49002073B51A4B1B78012B13
S2140139382ED9194D01A8FDF717FD2A78531CDBB2BD
S2140139482B700AB9FDF734FD01A8FDF712FD002317
S214013958124C01A8A678A370FDF706FD2B78013B4B
S214013968DBB22B700BB9FDF737FD01A8FDF701FD9A
S214013978012E01D1637813B16378012B08D1002396
S214013988207F6370431E9841054BC0B21B68984759
S21401399873BDC04688490020783400209C49002021
S2140139A8984900200120054B1B78834204D9044B13
S2140139B8987843425841C0B27047C04688490020AB
S2140139C89C490020F0B504000120194E85B03378D3
S2140139D8019183422AD90530052A27D9154F02AD08
S2140139E82800FFF7E9FE3B1D06CD06C3124A002153
S2140139F8107F7B6828B930780131022801D00F4939
S214013A08C97901202070180AA070180CE0700F20E0
S214013A1863701B0E23711378090103400B4363710E
S214013A280623002001990B700A33537005B0F0BDC8
S214013A3888490020BC4900209C4900208C49002068
S214013A4810B5104B5A78102A17D100225A701A7FCF
S214013A5810B19AB1013A1A771B7F7BB10A4C200044
S214013A68F1F72EFA40F2E831084B20001B7A594349
S214013A78F1F724FB2000F1F795FA10BDFFF75CFE7D
S214013A88FBE7C0469C490020A44900208C49002039
S214013A98F0B589B00393384B04001B7815000291E2
S214013AA8012B0ED9002601210196344A9379B34297
S214013AB809D8029B019A1A700023039A13600E9B79
S214013AC8197009B0F0BD73009A5C022A19D0032A4E
S214013AD83CD0002AEDD1022DEBD901232270637068
S214013AE8A370033204ABDA7104AB07331B78019A6F
S214013AF8ED1A9A18D2B20136E4180192EDB2F6B26E
S214013B08D3E7052DD5D91D4A01279B185A781C4B92
S214013B185979914204D89979914201D300271A71AB
S214013B2806A8FFF749FE0222069B22701A0AE270CF
S214013B381A0C22710622A3701B0E637104AB677000
S214013B48DA710FB9FFF7F8FD0021CDE7052DB0D9D9
S214013B580A4A9B185B78002BF6D00A4A0A4813775C
S214013B68F1F7AEF904AB2A002000D91DFFF72AFFAA
S214013B780120FFF765FFE7E788490020C8490020CC
S214013B888C4900209C490020A449002000B50F4B11
S214013B981A7801236AB1033359B1013B052808D8BD
S214013BA80B4B05F081F803080B0D0F111B680B6012
S214013BB80023180000BD1B790B70F9E75B79FBE75A
S214013BC89B79F9E7DB79F7E71B7AF5E7884900205F
S214013BD88C49002010B5214B1A78012352B10333C2
S214013BE841B1013B052805D805F05EF80603162005
S214013BF82A300523180010BD0A682AB11100184892
S214013C080A3904238142F5D8164B1A60FF221A7125
S214013C18FFF792FD0023EDE70A7812490423887915
S214013C289042E7D30F2AE5D84A71F3E70A780D4997
S214013C38042348799042DDD80F2ADBD88A71E9E750
S214013C480A78084B02B10122DA71E3E70A780423FD
S214013C58092ACFD9034B1A72DCE7C04688490020E7
S214013C68268941008C490020002210B5054B1A60B0
S214013C78054B1A78022A03D101321A70FFF75CFD48
S214013C8810BDC046BC4900208849002070B5040014
S214013C9804208CB323687BB3184D0C22280000211E
S214013CA8FEF7A2FB40F200132B60154B07226B6050
S214013CB83C232B72134D00211348FEF795FB2B78F6
S214013CC8124E13B13000F1F7FBF8202200211048FC
S214013CD8FEF78AFB30000F49F1F7C2F82B780BB9CB
S214013CE8FFF7C2FF0C48844203D004222100FEF7E6
S214013CF866FB012300202B7070BDC0468C4900204E
S214013D08FF000F0088490020C8490020A449002068
S214013D189C49002029370100984900201FB5094B06
S214013D281B7863B10C22084901A8FEF748FB07482F
S214013D38FFF7ACFF0C22044801A9FEF740FB05B0CB
S214013D4800BDC046884900208C49002098490020BB
S214013D5807B5054B00201B78032B03D16846FFF7F0
S214013D682BFD00980EBDC0468849002010B5024CB0
S214013D782468A04710BDC046D849002010B5024B9C
S214013D88DB68984710BDC046D849002010B5024BDD
S214013D981B69984710BDC046D849002010B5024B8C
S214013DA85B69984710BDC046D8490020F8B50C4C49
S214013DB8050020000E001700F1F782F82200022302
S214013DC82932117828340B43137023783A000133CB
S214013DD82370044B310028005B689847F8BDC0463D
S214013DE8944A0020D849002010B5044C2000F1F769
S214013DF867F80423E27D1343E37510BDA84A002043
S214013E0810B5054C2000F1F75BF802232B34227815
S214013E181343237010BDC046944A002010B5054CC4
S214013E282000F1F74DF801233F342278134323701D
S214013E3810BDC046804A002070B5094C0500200018
S214013E48F1F73EF8220004233D32117820000B4397
S214013E5829001370F1F732F92000F1F7A3F870BDC5
S214013E68804A002010B5FFF773FF10BD73B5154CD7
S214013E78050001A8FDF778FA2278531CDBB22370F7
S214013E880AB9FDF795FA01A8FDF773FA0E49CA793A
S214013E98052A09D806208B799B1893FBF0F6704300
S214013EA801321B1ACD54CA7101A8FDF75DFA2378B1
S214013EB8013BDBB223700BB9FDF78EFA01A8FDF7BB
S214013EC858FA73BD78340020F0490020012010B557
S214013ED8034BC5331A7802431A70FFF7C7FF10BDA4
S214013EE8F849002037B50F4C01A8FDF73DFA2278AE
S214013EF8531CDBB223700AB9FDF75AFA01A8FDF77D
S214013F0838FA094B01A8DD79FDF72EFA2378013B2B
S214013F18DBB223700BB9FDF75FFA01A8FDF729FAA2
S214013F2828003EBD78340020F0490020030010B573
S214013F380800C92B07D0CA2B02D0C82B06D010BD43
S214013F48FFF77EFDFBE7FFF7E5FBF8E7FEF7CAFE9E
S214013F58F5E700000A4B10B51B78012B0FD9094C61
S214013F682000F0F7ADFF084B1B6843B140F2E8317B
S214013F7820005943F1F7A2F82000F1F713F810BD15
S214013F88F8490020944A0020D049002073B51B4BFD
S214013F98050018780E000138C0B21870F8B940F25A
S214013FA8E83401A9FFF7F2FD019B64215C43144B39
S214013FB801949C4219D9B4FBF1F40120FEF7F2F9F9
S214013FC8210041430F4C2000F1F778F82000F0F764
S214013FD8E9FF0222637D93436375FFF7BBFF0A4B34
S214013FE8310028009B68984773BD0120FEF7DAF96F
S214013FF864234443B4FBF3F1E4E7C046BC4A00201B
S214014008285C8F02A84A0020D8490020F0B5040091
S2140140188BB00420002C67D02368002B64D063681B
S214014028002B61D0A368002B5ED0E368002B5BD021
S2140140382369002B58D06369002B55D02B4D2C4A89
S2140140482B782C4F2C4E019243B13800F0F738FFED
S2140140583000F0F735FF0198F0F732FFC82200214B
S2140140682248FEF7C1F92B0003228333380023497F
S2140140781A70F0F7F5FE30002149F0F7F1FE2149F4
S2140140880198F0F7EDFE204808220021FEF7ACF96A
S2140140981E4884421CD018222100FEF790F91C4BBA
S2140140A802A80293FFF7F2FD1A4B06A806931A4BCD
S2140140B807931A4B08931A4B0993FEF7CFF9194B36
S2140140C803A80393184B0493184B0593FFF73CF882
S2140140D8174C082220000021FEF786F9DF2300206E
S2140140E82371DE3B20602B700BB0F0BDF849002031
S2140140F8A84A0020804A0020944A0020253E010054
S214014108093E0100F13D0100F0490020D849002090
S214014118D53E01006D3E0100753D0100B53D01002B
S214014128953F0100853D0100953D0100A53D010033
S214014138D049002010B5074C2378012B09D1FFF789
S2140141484DFBFFF735F8FEF7D5F902232370FFF785
S21401415801FF10BDF84900200B4B07B51B7893B13A
S214014168FFF7DCFDFFF730F8FEF7D0F9082207491C
S2140141786846FEF724F90648FFF748FF082269460D
S2140141880248FEF71CF907BDF8490020D04900206F
S214014198D849002070B50500407808B1012070BDE7
S2140141A8244C2378012BF9D9082B27D8052B2AD894
S2140141B8033B0220022BF2D92378022BEED11E48AC
S2140141C8F0F77EFE22000421C53213788B43137064
S2140141D82300032283331A7022000023C632137089
S2140141E8220084321370EB78C92B1FD0CA2B13D048
S2140141F8C82BD3D12800FEF795F910E0093B012B0F
S214014208DAD8FFF71DFC022322000121C5322370EC
S21401421813788B431370CFE72800FFF7F1FA0028CD
S214014228BDD103232370EB786370B8E72800FEF747
S214014238D7FFF4E7F8490020804A0020037810B534
S214014248082B03D143780BB9FFF70EFD10BD00000C
S214014258164A03001278012010B5D2B10330C1B155
S2140142681A000B3082431840302A13D005D8102A7A
S2140142780DD0202A11D004200BE0F02AFBD1F02B18
S2140142880ED0F12BF7D10A4B1B790B700BE0FFF719
S2140142987DFC10BDFFF73FFAFBE7FEF724FDF8E7C4
S2140142A8034B1B680B600020F3E7C046F849002063
S2140142B8D04900201F4A03001278012010B522B306
S2140142C8033011B31A000B3082431840302A1DD030
S2140142D805D8102A17D0202A1BD0032015E0F02A6B
S2140142E8FBD1F02B18D0F12BF7D10B7804205A1EEE
S2140142F8D2B2DE2A09D81A003832D2B2022A04D932
S2140143080D4A137114E0FFF765FC10BDFFF705FAB7
S214014318FBE7FEF7EAFCF8E70B682BB11A0007493A
S2140143280A3A04208A42F0D8034A1360FFF712FEBD
S2140143380020EAE7F8490020D049002026894100F4
S214014348F0B5C34E97B03378012B00D81DE1F6F7C8
S214014358A1FC002800D018E1BE4C0FA8FDF704F810
S2140143682278531CDBB223700AB9FDF721F80FA88F
S214014378FCF7FFFF33000022C7330FA81D781A7019
S214014388FCF7F2FF2378013BDBB223700BB9FDF78C
S21401439823F80FA8FCF7EDFF05B3EB0710D5307827
S2140143A80438052806D804F07FFC03055C055E6022
S2140143B80523337032000421C53213788B431370FA
S2140143C80220054205D03300C5331B780BB9FFF729
S2140143D84DFD6D0702D50020FFF778FDFEF712FCAC
S2140143E8FFF7A2FA3278032A45D99B4973780979E7
S2140143F80A2A00D0CBE05B1A5A425341DBB2039338
S214014408FFF770FDD8B30222002108A8FDF7ECFFDC
S214014418002008A9F6F756FE04AB5B7C802B02D970
S214014428802304AA5374FFF75DFD002705900497BF
S214014438059B049A934200D0AEE007B3864B320040
S2140144481B79C6327370052333700023137032004C
S21401445840F2013182321180320084321370B37017
S2140144680DE00723A5E70323A3E70A2301203370FA
S214014478FFF7FCFC9EE700230393022AC0D033789B
S214014488032B3AD10024330008AD823302222100DF
S21401449828001C700F94FDF7A7FF29002000F6F7E7
S2140144A811FE6B781A1C802B04D94AF6C343C0F256
S2140144B801031A787378D2B2C92B00D1F2E0CA2B5D
S2140144C800D1E5E0C82B00D1F6E0330082331B7833
S2140144D8002B00D1FAE00F2304AA9B181A780123AF
S2140144E8534032000F98843213700523002800D1F8
S2140144F8EDE004233370FFF79FFC022233789343E1
S214014508052B42D133002C2182331D782D2304AA92
S214014518521877780FA81370F6F728FE0023302272
S21401452808AC23704D4B2771A36004ABA5819B187B
S2140145381B782000A373F8F7D7FC002800D1CEE03B
S2140145480B2800D1C5E040F6A070320083321378FC
S214014558002B00D1E1E0013BDBB21370002B00D148
S214014568DBE032780623052A0CD132008432127831
S214014578012A07D13200C6321178023311B100235D
S214014588137009333370FFF757FC17B0F0BD8B4231
S21401459800D074E7012332E70FA8FCF7E5FE22787E
S2140145A8531CDBB223700AB9FCF702FF0FA8FCF70D
S2140145B8E0FE2B4AD5797DB100209379013DD15C87
S2140145C8D0548C4601330630010093FBF0F0D571C8
S2140145D8654648431B1A93710FA8FCF7C5FE237856
S2140145E8013BDBB223700BB9FCF7F6FE0FA8FCF70C
S2140145F8C0FE012D06D0022D3CD0049B0133DBB250
S214014608049315E70222174B1B781342F5D1164D72
S21401461808AB5A7829001148FFF7D4F92B78002BF4
S214014628EBD0039B43B11148F0F74AFC04220D4B2B
S2140146381B7893430B4A13700D4B320033800123CA
S214014648C63213703200843200271370D5E7C0468D
S214014658F849002078340020D0490020FA49002083
S214014668F0490020BD4A00207A4A0020804A0020EE
S21401467805CAFFFF3300C5331B78002BBDD133783D
S214014688022BBAD1FFF764FB0028B6D00127B4E79E
S2140146980F2304AC1B1900932C492D480FABFFF7C9
S2140146A8F7F912E70F2304AC1B190093274928488A
S2140146B80FABFEF795FE08E70F2304AC1B19009312
S2140146C8224923480FABFEF729F8FEE6022333708A
S2140146D813E7206963690343002B00D035E70223FB
S2140146E833703300032283331A703300C6331B78C2
S2140146F82BB132000121C53213788B431370320077
S2140147080023C63213703200843213700121707888
S214014718FFF70CFCFFF71EFC37E700217078FFF760
S21401472805FC022333703300032283331A703200E8
S2140147380121C53213788B43137033000022C63328
S2140147481A70330084331A70E4E7C0467A4A0020A8
S214014758FA49002010B5F6F79DFA040098B9FFF754
S214014768C1FB80B9094B1978072903D8A822CA4082
S214014778D20708D4C7331B782BB9FFF713F910B142
S214014788FEF7A0FA0400200010BDC046F849002034
S21401479810B500F033FB002010BD10B500F032FB59
S2140147A8002010BD10B588B0F0F70AF8C0B201288D
S2140147B803D00424200008B010BD6B4602A8991D3A
S2140147C8F0F706F86B460299581D022200F079FDAB
S2140147D86B46587903A9102803D004A9F02800D1FC
S2140147E803A900F01BFB04000028E2D16B465B79A5
S2140147F8102B01D0F02B05D100220A21039801F0D5
S214014808CBFAD7E704AB220003211878F7E710B5EF
S21401481888B0EFF7D5FFC4B20420022C23D16B462B
S21401482802A8991DEFF7D4FF6B4622000299581D7E
S21401483800F047FD6B4602A8991DEFF7C9FF6B46C6
S2140148485B79102B01D0F02B0FD16B460298997922
S21401485800F055FD03A903906B46587900F0E2FA7B
S214014868431E9841800008B010BD6B46029899799E
S21401487800F045FD04A90870EEE710B510B102284E
S21401488805D00420EFF778FFEFF7A2FE10BD07204A
S214014898F8E710B500F0D0FAFFF7EFFF082010BDD3
S2140148A8F7B50700184801930E00150000F092FDB1
S2140148B81648FDF702FD0022154C10000321FDF7EE
S2140148C81AFD2000FDF7F9FC380000220321FDF748
S2140148D812FD2000FDF7F1FC300000220121FDF752
S2140148E80AFD2000FDF7E9FC280000220A21FDF751
S2140148F802FD2000FDF7E1FC00220A210198FDF7E0
S214014908FAFCEFF789FEF7BD4CA4010042A40100AA
S21401491835A40100F8B506000D001400134800F090
S21401492859FD134F1348FDF7C8FC00220321012047
S214014938FDF7E1FC3800FDF7C0FC3000002203213A
S214014948FDF7D9FC3800FDF7B8FC28000022012144
S214014958FDF7D1FC3800FDF7B0FC00220A21200043
S214014968FDF7C9FCEFF758FEF8BDC0464CA4010098
S21401497835A4010042A4010070B505000C000F48DB
S21401498800F028FD0E4E0F48FDF797FC0022032184
S2140149980220FDF7B0FC3000FDF78FFC280000224E
S2140149A80321FDF7A8FC3000FDF787FC0022012152
S2140149B82000FDF7A0FCEFF72FFE70BD4CA4010008
S2140149C835A4010042A4010010B5074800F002FD15
S2140149D80648FDF772FC002203218020FDF78BFCB8
S2140149E8EFF71AFE10BDC0464CA4010042A4010010
S2140149F810B504000A4800F0EDFC0A48FDF75DFC16
S214014A0800220321FF20FDF776FC0748FDF755FC39
S214014A18002202212000FDF76EFCEFF7FDFD10BD18
S214014A284CA4010042A4010056A40100010010B5DF
S214014A38E8B10368DBB14368CBB143F6F8731A688B
S214014A480C4B0D481A6043F6FC731B680360A020E4
S214014A588002824208D1094A934205D10C220848AD
S214014A6805F0E5F8002010BDFF22064B1A7001205C
S214014A78F9E7C046D04A0020CC4A0020FFBF030011
S214014A88C04A0020100A0020704700000B4B10B5E2
S214014A981B780400042B0DD1F6F766FF022350B9E4
S214014AA8FFF75AFB04B1A04705F0DEFBF6F730FF27
S214014AB8FFF740FB0123180010BDC046100A00206E
S214014AC801207047F8B506680500002E32D0F26856
S214014AD834683379A41801220B3494437279D31AB3
S214014AE85A425341DEB21448102207000021043FFF
S214014AF805F034F83C60DEB92378A11C3B71637875
S214014B087B7133000A78BE689A4008333243013114
S214014B18BA60202BF6D10022A11D0B78FE689340BF
S214014B28083233430131FB60202AF6D10A343C614E
S214014B382F60F8BD014CD6E7D84A00202C80020029
S214014B48F0B506000D00012085B0002E00D1ADE0BD
S214014B58002900D1AAE07D4C2778FF2F00D1A5E0D7
S214014B6800231900F25CD800824001331143042B5C
S214014B78F8D1002900D08DE018227448FDF734FCDE
S214014B88734B1B68A36001235B4263610233237086
S214014B982378012B00D086E0EFF7DEFA6C4B002075
S214014BA819680139EFF7ECFA01216A4B494218688E
S214014BB80130EFF7E5FA02232370636922690133AE
S214014BC89A4200D0BCE06268043DE068ADB222B10A
S214014BD892682B18934200D9B2E0A3682900C0183E
S214014BE8321D0023EFF702FB0190002800D0A7E052
S214014BF823696361E368ED186368E5606BBB2B2D79
S214014C082BD9554EA76801003022300004F0A6FFC4
S214014C183B78019A33707B78B91C73700B7870688F
S214014C2893400832034301317360202AF6D10022EB
S214014C38B91D0B78B0689340083203430131B3605D
S214014C48202AF6D130003900BB7A0E303373FB7A4E
S214014C580C31737304F0EBFF666066682EB3B268B6
S214014C68954222D100210B00A0689A4220D1338AAE
S214014C78F0891B040343994205D1354D29684B1E1B
S214014C889B1899421CD9832301202370334B5B68F8
S214014C9898470AE00120022F08D163691B18994238
S214014CA804D1216174E7022B87D0002005B0F0BD3E
S214014CB81D000C3D1F2D01D9C55C49190133D4E7E8
S214014CC8244A12689342DED23378002BDBD00027C1
S214014CD803973378BB4212D8019B002BD3D103A884
S214014CE8FFF7F0FE039B2A681B689B1AB26893427B
S214014CF8C9D104232370194B1B689847D5E703A825
S214014D08FFF7E0FE039A107991688446D3683078F5
S214014D18CB18013B8445B6D150790137B842B2D198
S214014D2841F6FF72934209D943F6FF729142AAD916
S214014D38982189028B4201D301230193FFB2C8E768
S214014D4880232370054B02205B68A1E7100A002028
S214014D58D04A0020CC4A0020E84A0020C04A002059
S214014D6800207047704710B5FFF742FE10BD10B51A
S214014D78FFF72AFE10BD10B5080091B2FFF7E0FE56
S214014D8810BD10B5FFF7F8FD10BD10B5FFF7C2FD51
S214014D9810BD10B5FFF784FD10BD10B50020FFF754
S214014DA86CFD10BD00B50D4B8BB004930C4B04A8DD
S214014DB805930C4B06930C4B07930C4B08930C4B23
S214014DC80993FFF723F90B4B01A801930A4B0293AA
S214014DD800230393FFF72AFE0BB000BD9B4D01008D
S214014DE8934D01008B4D0100694D01007F4D010077
S214014DF86D4D0100774D01006F4D010010B5FFF7AD
S214014E0899F910BD10B5FFF7A7F910BD10B5FFF752
S214014E18C1F910BD10B5FFF711FA10BD10B5FFF7AF
S214014E2817FA10BD10B5FFF745FA10BD10B5FFF714
S214014E3887FAFFF729FE10BD10B50248FFF726FED0
S214014E4810BDC046A34D010010B5FFF783FC08B19D
S214014E58FFF736FE10BD04207047000010B50A4C57
S214014E68EFF798FB0948FDF728FA0221E078FDF7E5
S214014E782EFA0748FDF721FAA0780221FDF727FA4E
S214014E88EFF7CAFB002010BD94B9010059A4010030
S214014E9822AA010010B502F0B1F9002010BD13B521
S214014EA8EFF78EFCC0B2012801D0042016BD6B4670
S214014EB89C1C01A82100EFF78BFC0023E05E01286B
S214014EC8F3D1019B1B785BB2302B04D1002002F092
S214014ED875F80020EAE7312BE7D1F8E713B5EFF7C5
S214014EE86FFCC0B2012801D0042016BD6B469C1C7D
S214014EF801A82100EFF76CFC0023E05E0128F3D13E
S214014F08019B1B785BB2302B04D1002001F0DAF943
S214014F180020EAE7312BE7D1F8E700007FB56B46BA
S214014F280024DD1C01AE300029002C7001F0C2FA05
S214014F38EFF730FB0C48FDF7C0F92B78A34204D8ED
S214014F48EFF76AFB002004B070BD6300F05A042135
S214014F58FDF7BDF92B78013B9C4202D00348FDF7CB
S214014F68ACF90134E4B2E8E742A4010035A4010033
S214014F78030030B541180A2400208B4200D130BD09
S214014F8800229A566043303AD5B20133092D01D82A
S214014F981018F2E701204042F1E704207047042088
S214014FA8704704207047000013B5EFF709FCC0B23C
S214014FB8012801D0042016BD6B469C1C210001A8BF
S214014FC8EFF706FC0023E15E0129F3D10198FFF70C
S214014FD8CFFFC4B2012C0DD9072CEBD10948FDF738
S214014FE86CF9EFF719FB072C01D102F03FF9FCF732
S214014FF8C5F905E0002CF1D101F0BAF801F0BEFFC1
S2140150080020D8E7ABA5010013B5EFF7D9FBC0B26E
S214015018012810D16B469C1C210001A8EFF7D8FB8C
S2140150280023E15E012906D10198FFF7A1FFC0B26E
S21401503818B1012801D0042002E001F0FFF8002091
S21401504816BD000010B52A2340F20021034A044881
S214015058EFF7EAFAEFF70EFA10BDC046D0B5010031
S2140150681E4B00200023CA5E30B504000020012A2A
S2140150780FDD0023E356222B0BD1213BE0562228D5
S21401508808D11DB2013A0020954202DB013B601CA3
S2140150980B8030BD013318B28242EFDC0020F8E7FE
S2140150A80200811C002010B51378000184B2180094
S2140150B83038C0B2092805D918006138052806D83D
S2140150C8573BD8B2013220439142EDD110BD1800AA
S2140150D84138052801D8373BF3E74FF6FF70F5E767
S2140150E80023F0B59DB26C00A4B2AA4204D80023EE
S2140150F8520092B28354F0BDCD5CAC462D092F0008
S214015108664630379F2E01D937352F000F260755AB
S214015118651CCC5CADB2344027003037092C01D968
S2140151283734270047550133DCE7F0B587B00390DD
S2140151380191029213B9042007B0F0BD019A5400F8
S2140151489C42F8DB00252E00E41A24B205AF019B29
S214015158B34220DDB4B9029A6B1C525D1DB23A7097
S2140151680024029B6A1C5B5715B238007B70FFF758
S21401517897FF4FF6FF739842DDD0039B985501368B
S21401518836B2E4E73023A4B23B70012CE8D0023CE7
S214015198302324B2E9E70020CEE71FB5EFF710FB6E
S2140151A8C0B20424012810D16B469C1C210001A81A
S2140151B8EFF70EFB23880821019A02A8FFF7B5FF2F
S2140151C8040010B902A800F01FFF200004B010BDAB
S2140151D81FB5EFF7F5FAC0B20424012810D16B46C3
S2140151E89C1C210001A8EFF7F3FA23880821019AED
S2140151F802A8FFF79AFF040010B902A800F016FFEC
S214015208200004B010BD10B586B0EFF7D9FAC0B2C9
S2140152180424012810D16B469C1C210001A8EFF735
S214015228D7FA23881021019A02A8FFF77EFF040007
S21401523810B902A800F0DEFE200006B010BD10B5B9
S21401524886B0EFF7BDFAC0B20424012810D16B4628
S2140152589C1C210001A8EFF7BBFA23881021019AAC
S21401526802A8FFF762FF040010B902A800F01CFFAD
S214015278200006B010BD30B585B0EFF7A1FAC0B270
S214015288042401281AD16B469D1D290002A8EFF7B0
S2140152989FFA2B8803AD21002800029AFFF745FFE5
S2140152A8040058B92A786B7812061B041A43AB789F
S2140152B8E8781B0213431843FBF70EFC200005B0E1
S2140152C830BDF7B505000E00012A16D901231400D2
S2140152D81C401A4211D14FF6FF775308019360001C
S2140152E83018FFF7DDFEB84207D02855019A013479
S2140152F8A3B29A42F3D80020FEBD0420FCE710B5FD
S21401530811B1FFF735FE10BD01204042FBE713B58A
S214015318EFF756FAC0B2012823D16B469C1C210030
S21401532801A8EFF755FA21780198FFF7E8FFC3B20D
S21401533804201E2B06DC152B05DC012B13D0062BAF
S21401534813D05BB116BD163B1800082B17D803F00F
S214015358ABFC0E101216161616161400052001F0D0
S2140153680DFE0020EEE70820F9E70020F7E70B20FE
S214015378F5E70C20F3E70D20F1E70A20EFE7042014
S214015388E0E713B5EFF71CFAC0B2012801D00420F4
S21401539816BD6B469C1C210001A8EFF719FA0023DD
S2140153A8E15E0329F3DC002301981AB291420BDC73
S2140153B8C9B2FFF7A4FF431E9BB2DF2BE7D8C0B2E2
S2140153C800F04EFF0020E3E7C25C0133303A092AB9
S2140153D8EBD9DCE710B50400EFF7D4F810B10548AF
S2140153E8FCF76BFF2000FCF768FF0348FCF765FF36
S2140153F810BDC046C0A2010044A3010010B50400B8
S214015408EFF7C8F80448FCF758FF2000FCF755FFEB
S214015418EFF702F910BDC04642A4010010B530B13D
S214015428102805D8034B8000C058FFF7E7FF10BDCA
S2140154380148FAE788B501006FA4010010B530B13C
S214015448192805D8034B8000C058FFF7D7FF10BDB1
S2140154580148FAE71CB5010089A4010037B5EFF742
S214015468AFF9C4B294B1012C1BD16B469D1C29001F
S21401547801A8EFF7ADF90022AB5E012B11D121008F
S2140154880198FFF775FDC4B2012C0AD8200001F077
S214015498F5FE0021080001F0DBFC030010B1FFF760
S2140154A8CDFF042318003EBD10B5EFF789F9C0B249
S2140154B840B901F0A5FD18B90322034B1A8010BDA7
S2140154C8FFF7BCFF0420FAE71A4B00207FB500F06F
S2140154D8D5FE040000F0BEFE0500EFF771F9C0B274
S2140154E8012821D10A266E44310003A8EFF770F986
S2140154F831000398FFF7B6FDB0B10023F15E99B10C
S214015508002322000093C9B22B0000F0D5FC04004A
S21401551840B9EFF73DF9054B1880054B1C80200074
S21401552804B070BDFFF78AFF0424F8E71C4B00207F
S2140155381A4B00201FB5EFF743F9C0B2012815D161
S2140155486B469C1D210002A8EFF742F92388042127
S214015558029A03A8FFF7E9FD030040B9039800BAC9
S21401556800F0B8FD030010B1FFF768FF0423180028
S21401557804B010BD1FB5EFF723F9C0B201281BD13F
S2140155886B469C1D210003A8EFF722F9238802AC7D
S21401559803212000039AFFF7C8FD030068B92078A5
S2140155A8637800041B021843A378184300F0AEFD85
S2140155B8030010B1FFF742FF0423180004B010BD22
S2140155C810B586B0EFF7FCF8C0B2012814D16B46C7
S2140155D89C1C210001A8EFF7FBF823881021019AEB
S2140155E802A8FFF7A2FD030038B902A800F046FD9D
S2140155F8030010B1FFF722FF0423180006B010BD00
S21401560810B586B0EFF7DCF8C0B2012814D16B46A6
S2140156189C1C210001A8EFF7DBF823881021019ACA
S21401562802A8FFF782FD030038B902A800F010FDB2
S214015638030010B1FFF702FF0423180006B010BDDF
S21401564813B5EFF7BDF8C0B2012815D16B469C1CFF
S214015658210001A8EFF7BCF80022A35E012B0BD1AD
S214015668019B18783038C0B2022805D800F0A2FC91
S214015678030010B1FFF7E2FE0423180016BD000070
S214015688F0B585B000F0FAFD0A24050000F0E2FD49
S2140156986C442100060003A8EFF79AF80023E75E9A
S2140156A803990F48BAB2FFF70CFE040088B9F90F40
S2140156B8C9194910009033002A000948C9B200F0F8
S2140156C8FBFB040040B9EFF763F8064B1880064B5E
S2140156D81C80200005B0F0BDFFF7B0FE0424F8E7F3
S2140156E81E4B00201C4B00201A4B002013B5EFF769
S2140156F867F8C0B2012816D16B469C1C01A8210088
S214015708EFF766F80023E05E01280CD1019B1B78B1
S2140157185BB2302B0AD0312B05D100F041FD0300D6
S21401572810B1FFF78BFE0423180016BD0020F4E71E
S21401573813B5EFF745F8C0B201281CD16B469C1C7F
S214015748210001A8EFF744F80023E15E052912DCE1
S2140157580198C9B2FFF7D3FD80B203004CF25C1280
S214015768F53BFF3B9BB2934205D800F0B7FD03001B
S21401577810B1FFF763FE0423180016BD13B5EFF743
S2140157881FF8C0B2012817D16B469C1C210001A83E
S214015798EFF71EF80023E15E02290DDC0198C9B275
S2140157A8FFF7ADFD83B20F2B06D8C0B200F0BEFDE1
S2140157B8030010B1FFF742FE0423180016BD0000CF
S2140157C810B5EEF7FDFFC0B288B900F0ABFB094C87
S2140157D838B90122084B1A80022322781343237012
S2140157E810BDFFF72BFE0222237893432370042073
S2140157F8F6E7C046184B00201A4B002037B5EEF7DF
S214015808DFFFC4B2012C17D16B469D1C290001A8E5
S214015818EEF7DEFF0022AB5E012B0DD1019B1B7854
S2140158285BB2302B0BD0312B06D1200000F02CFDBB
S214015838030010B1FFF702FE042318003EBD002442
S214015848F3E7000010B5EEF7BBFFC0B280B900F071
S214015858ABFD084C30B90123074A1380227813435D
S214015868237010BDFFF7EAFD0122237893432370C6
S2140158780420F6E7184B00201A4B002010B5EEF767
S2140158889FFFC0B228B900F09FFD030010B1FFF7D3
S214015898D5FD0423180010BD10B5EEF791FFC0B270
S2140158A898B900F0BFFC00F098FD094C38B9012200
S2140158B8084B1A80042322781343237010BDFFF780
S2140158C8BDFD04222378934323700420F6E7C046DF
S2140158D8184B00201A4B002010B5EEF771FFC0B226
S2140158E888B900F08EFD094C38B90122084B1A8098
S2140158F8082322781343237010BDFFF79FFD082263
S2140159082378934323700420F6E7C046184B0020FB
S2140159181A4B002013B5EEF753FFC0B2012802D088
S2140159280423180016BD6B469C1C210001A8EEF73F
S2140159384FFF0023E15E0129F2DC019803D10378C9
S214015948303B072BECD8C9B2FFF7D9FCC0B2072801
S214015958E6D800F055FC03000028E2D0FFF76EFDFC
S214015968DEE7F0B589B005AE0C220021300004F060
S214015978F5F8EEF725FFC3B20193062B24D90027C5
S214015988042400F07FFD0100874220D9042420006A
S21401599809B0F0BD02AB9C1D210004A8EEF718FF64
S2140159A823880221049A03A8FFF7BFFB04000028F6
S2140159B8E7D102AB9B886A005BBAB3520135019BFB
S2140159C8EFB2BB42E6D8DCE700250424F7E7002C53
S2140159D8DDD1300000F030FD04000028D7D0FFF7F5
S2140159E82DFDD3E737B5EEF7EBFEC5B2012D1CD179
S2140159F86B469C1C210001A8EEF7EAFE23880221CB
S214015A086846019AFFF791FB040050B96B4618885F
S214015A1840BA80B200F090FD040020B9280000F0DA
S214015A28F1FF20003EBDFFF709FD0424F9E730B574
S214015A3885B0EEF7C5FEC0B2012821D16B469C1D84
S214015A48210003A802ADEEF7C3FE23880321280030
S214015A58039AFFF76AFB040068B928786B78000494
S214015A681B021843AB78184300F084FD040028B9DC
S214015A78022000F0C7FF200005B030BDFFF7DEFCAE
S214015A880424F8E71FB5EEF79BFEC0B201281BD128
S214015A986B469C1D210002A8EEF79AFE2388042176
S214015AA8029A03A8FFF741FB040040B9039800BA1D
S214015AB800F032FF040028B9042000F0A3FF2000FC
S214015AC804B010BDFFF7BAFC0424F8E71FB5EEF7DB
S214015AD877FEC0B201281BD16B469C1D210002A887
S214015AE8EEF776FE23880421029A03A8FFF71DFB2A
S214015AF8040040B9039800BA00F02AFF040028B948
S214015B08082000F07FFF200004B010BDFFF796FCC8
S214015B180424F8E710B500F09DFB18B1012806D05B
S214015B28042010BD0348FFF769FC0020F9E7024886
S214015B38F9E7C04698A40100ABA4010000B589B0F6
S214015B4801A800F06BFA082201A903A8FFF7C8FA12
S214015B5803A8FFF753FC002009B000BD1FB500F0ED
S214015B68C9FA00BA04226946009001A8FFF7B8FAF4
S214015B7801A8FFF743FC002005B000BD1FB500F0E3
S214015B88D5FA01A9030C0B708870030A032202A830
S214015B984B70FFF7A5FA02A8FFF730FC002005B006
S214015BA800BD00B589B001A800F04AFA082201A98B
S214015BB803A8FFF795FA03A8FFF720FC002009B011
S214015BC800BD000010B500F0D9FA0300012804D181
S214015BD80448FFF713FC002010BD0420002BFBD15E
S214015BE80148F6E7BCA40100C3A4010010B500F003
S214015BF8F5F9030020B90748FFF700FC002010BD9F
S214015C08012801D10448F7E70420022BF7D10348FD
S214015C18F2E7C046C9A40100D3A40100DDA401002F
S214015C2810B500F0A5FA0D2819D803F03DF80E189E
S214015C381818180718180C18161012140948FFF720
S214015C48DDFB002010BD0848F9E70848F7E70848D3
S214015C58F5E70848F3E70848F1E70848EFE70420BE
S214015C68F0E7C046E7A40100EFA40100F7A401008D
S214015C7806A5010016A5010026A5010036A5010006
S214015C8810B500F081FA20B10348FFF7B7FB0020F2
S214015C9810BD0248F9E7C04645A5010053A5010015
S214015CA810B500F015FB030020B90548FFF7A6FB61
S214015CB8002010BD0420012BFBD10248F6E7C046A0
S214015CC862A5010072A5010010B500F0EFFA030005
S214015CD8012804D10448FFF791FB002010BD0420D9
S214015CE8002BFBD10148F6E781A5010092A501002A
S214015CF81FB5FAF7F7FE00BA04226946009001A814
S214015D08FFF7EEF901A8FFF779FB002005B000BD03
S214015D181FB500F023FC01A940BA0880022202A898
S214015D28FFF7DEF902A8FFF769FB002005B000BD02
S214015D381FB500F02FFC01A9030C0B708870030A2D
S214015D48032202A84B70FFF7CBF902A8FFF756FB10
S214015D58002005B000BD1FB500F0EEFD00BA042214
S214015D686946009001A8FFF7BBF901A8FFF746FBB3
S214015D78002005B000BD1FB500F0FAFD00BA0422E8
S214015D886946009001A8FFF7ABF901A8FFF736FBB3
S214015D98002005B000BD000070B505000E00140017
S214015DA8EEF7F8FB0548FCF788FA3100280062B2DE
S214015DB8FCF7A1FAEEF730FC70BDC04642A401001C
S214015DC810B500F0A7FA00220521FFF7E5FF00202D
S214015DD810BD10B500F0C2FA00220221FFF7DCFF61
S214015DE8002010BD10B500F049FA00220321FFF784
S214015DF8D3FF002010BD10B500F014FA00220121CF
S214015E08FFF7CAFF002010BD7047704710B501F0B4
S214015E1821F910BD10B501F03DF910BD10B501F01E
S214015E2803FB10BD10B501F095FB10BD10B5FBF7CF
S214015E38B8FA10BD062370B592B002A90B701A4BBA
S214015E480400187AF2F710F82C266A4602239219EB
S214015E581370164B050010000C93F5F7CBFD6A4638
S214015E68032392191370124B10000C93F5F7C2FD19
S214015E786A460823921913700E4B10000C93F5F717
S214015E88B9FD6A46002304A813741575F6F764FE6F
S214015E982CB10B2805D1089A099B2260636012B0C1
S214015EA870BD00220023F8E7384E0020534E00202C
S214015EB85B4E0020434E0020F0B50D008BB01F004E
S214015EC8019200230022009003A9280004AC109E2A
S214015ED822616361F5F7F6F8082808D102AB5A790A
S214015EE81B799A4204D1C6B10022002313E068B98F
S214015EF80B4B019A27706A331B782271009A5BB2A2
S214015F082000A260A581A373F6F7EEFF2EB10B2839
S214015F18EAD122696369326073600BB0F0BDC0468E
S214015F28384E0020032300B589B002A80370F6F79F
S214015F3813FE28B90300020001000090FFF7BCFF1A
S214015F4809B000BD352330B589B001AC2370154BB7
S214015F5820006360F5F74EFD0523134D23706B6E25
S214015F6820006360F5F746FD06232370EB6D2000DD
S214015F786360F5F73FFD0E2323700C4B200063602A
S214015F88F5F738FD0F232370094B20006360F5F7FA
S214015F9831FD0123200023702371F5F72BFD002026
S214015FA809B030BD00040001384E0020634E0020C1
S214015FB8734E002010B5040088B00320022C09D8BF
S214015FC86A46002301A813711472F5F713FD08B980
S214015FD8014B5C7208B010BD384E002000B589B080
S214015FE800236A4601A81371F5F7C0F86B46187ABC
S214015FF809B000BD10B5034B010010221800FCF7CC
S214016008DEF910BD434E002010B5034B01000822EF
S2140160181800FCF7D4F910BD534E002010B508221D
S2140160280149FCF7CCF910BD534E002010B5034BBF
S214016038010008221800FCF7C2F910BD5B4E0020CB
S21401604810B508220149FCF7BAF910BD5B4E0020CD
S21401605830B50F23050089B001A803704560F5F730
S214016068C9FC040020B9102229000348FCF7A7F947
S214016078200009B030BDC046734E002030B50E234F
S214016088050089B001A803704560F5F7B3FC040064
S21401609820B9102229000348FCF791F9200009B01D
S2140160A830BDC046634E002030B50723050089B0D1
S2140160B801A803704560F5F79DFC040020B910227D
S2140160C829000348FCF77BF9200009B030BDC0461B
S2140160D8834E002010B50623040088B001A803707B
S2140160E84460F5F787FC08B9014BDC6508B010BDBC
S2140160F8384E0020062310B588B001AC2000237066
S214016108F5F734F8029808B010BD000010B505235D
S214016118040088B001A803704460F5F76BFC08B961
S214016128014B5C6608B010BD384E0020052310B53B
S21401613888B001AC20002370F5F718F8029808B06B
S21401614810BD00B589B06A461D23107201A81371E7
S214016158F5F750FC09B000BD00B589B01D236A46A5
S21401616801A81371F5F702F86B46187A09B000BD55
S214016178014B187A7047C046384E0020014B987A72
S2140161887047C046384E002000B589B004236A46D9
S21401619801A81371F4F7EAFF6B46187A09B000BD37
S2140161A830B589B00500FFF7EFFFA84221D001AC52
S2140161B845B90423200023702571F5F71BFC60B14F
S2140161C809B030BD2D2323700B4B20001B7823719B
S2140161D8F5F710FC0028ECD0F2E7084B68331D7081
S2140161E83DB92D2320002370F4F7C0FF2279024B16
S2140161F81A700020E4E7C046444D0020384E0020BF
S21401620810B588B06A4647230400107201A81371B6
S214016218F5F7F0FB10B9024B6C331C7008B010BDD3
S214016228384E002000B589B047236A4601A8137185
S214016238F4F79CFF6B46187A09B000BD03000320EB
S214016248012B03D80020024A613213707047C046FA
S214016258384E0020014B613318787047384E0020BD
S214016268421ED2B203000320DF2A03D80020024AC6
S214016278623213707047C046384E0020014B6233B5
S21401628818787047384E002010B588B06A46432300
S2140162980400107201A81371F5F7ACFB10B9024B94
S2140162A860331C7008B010BD384E002000B589B0A8
S2140162B843236A4601A81371F4F758FF6B46187A08
S2140162C809B000BD014B693318707047384E00207D
S2140162D8014B693318787047384E002010B588B0DE
S2140162E827236A460400029001A81371F5F782FB7A
S2140162F860B9074B6A46E4331C802823137140F2C1
S214016308E83301A8E4180294F5F774FB08B010BD49
S214016318484D0020272310B588B001AC2000237013
S214016328F4F724FF029880B208B010BD30B50A4CC5
S2140163380500230068331B78002089B04BB96A46EC
S2140163482D3301A813711572F5F754FB08B96A3491
S214016358257009B030BDC046384E002000B589B05A
S2140163682D236A4601A81371F4F700FF6B46187AC5
S21401637809B000BD10B50A4B040068331B7800202D
S21401638888B053B16A462D2301A813711472F5F724
S21401639831FB10B9034BE6331C7008B010BDC0467C
S2140163A8384E0020484D0020082300B589B002A8C1
S2140163B80370F6F7D1FB28B903000200010000902C
S2140163C8FFF77AFD09B000BD7FB50A236A4668461D
S2140163D81370F6F7C1FB07B000BD00B589B00B23F3
S2140163E86A461372043B1840107302A8F6F7B4FB0A
S2140163F828B90300020001000090FFF75DFD09B00F
S21401640800BD0C2300B589B002A80370F6F7A4FBFB
S21401641828B90300020001000090FFF74DFD09B0FE
S21401642800BD302200B589B001AB029018001A7081
S214016438F5F7E0FA09B000BD70B52423050088B069
S21401644801A80C0003704560F5F7D4FA0600054B61
S2140164582900054862001C70FBF7B1FF300008B040
S21401646870BDC046A64E0020A84E0020232200B5C7
S21401647889B001AB029018001A70F5F7BBFA09B09B
S21401648800BD000000B50A4B187A0D280BD802F09B
S2140164980BFC070A0A0A0A070A0A0C0A070707076B
S2140164A80120C0B200BD0020FBE70620F9E7C04680
S2140164B8384E00202423F0B589B001AF0600380015
S2140164C80D003B70F4F752FEFFF7DCFF42000400B4
S2140164D80299300092B2FBF772FF2C7009B0F0BD3A
S2140164E82323F0B589B001AF060038000D003B70D4
S2140164F8F4F73CFEFFF7C6FF42000400029930009D
S21401650892B2FBF75CFF2C7009B0F0BD10B588B0ED
S2140165186A464823137103005A1E93416A460400CB
S21401652801A81372F5F766FA10B9024B6D331C70A1
S21401653808B010BD384E002010B588B06A464B2307
S2140165480400108101A81371F5F754FA08B9024B33
S214016558DC8008B010BDC046484D002000B589B0A3
S2140165684B236A4601A81371F4F700FE6B46188997
S21401657809B000BD10B54C23040088B001A803700B
S2140165884460F5F737FA08B9014B9C6008B010BDAE
S214016598484D00204C2310B588B001AC200023706C
S2140165A8F4F7E4FD029808B010BD000010B588B0F5
S2140165B86A4625230400107201A81371F5F71AFA22
S2140165C810B9024BE7331C7008B010BD484D0020C7
S2140165D800B589B025236A4601A81371F4F7C6FDEC
S2140165E86B46187A09B000BDF7B5174B04001B7A3D
S2140165F81600052B0BD003D82BB90F25022708E068
S2140166080A3B032BF9D900252F00290001E00F25A5
S21401661803270919CBB20193019B9C4200D1F7BD10
S214016628A542FCD3A74206D8316841B1200072685A
S214016638B368F4F73DFF01340C36E4B2ECE720000A
S214016648F4F752FFF7E7C046384E0020F0B58BB096
S21401665806000C00019241B3002A2DD0174B187A78
S2140166680D2827D802F020FB0726262626072626E9
S2140166782426070707070F25AE421BD81E2303AF9C
S214016688AD1B013538003B70F4F770FD2B1CEDB2DD
S214016698A54200D9231C0C210A007143DCB27B6891
S2140166A8624301985918FBF78AFE20000BB0F0BD2B
S2140166B84725E1E70024F8E7019CF6E7384E002075
S2140166C810B588B06A462E230400107201A813710B
S2140166D8F5F790F910B9024BE8331C7008B010BDF5
S2140166E8484D002000B589B02E236A4601A81371CB
S2140166F8F4F73CFD6B460820185609B000BD0000AB
S21401670810B588B06A464D230400107201A81371AB
S214016718F5F770F910B9024BE9331C7008B010BDD3
S214016728484D002000B589B04D236A4601A813716B
S214016738F4F71CFD6B46187A09B000BD10B588B091
S2140167486A464E230400107201A81371F5F752F930
S21401675810B9024BEA331C7008B010BD484D002032
S21401676800B589B04E236A4601A81371F4F7FEFCFA
S2140167786B46187A09B000BD10B588B01F236A4663
S214016788040001A81371F4F7F1FC01A80294F5F7C7
S21401679831F968B921236A4601A81371F4F7E6FCB2
S2140167A801A80294F5F726F910B9024BE0331C60EC
S2140167B808B010BD484D00201F2310B588B001ACA5
S2140167C820002370F4F7D2FC029808B010BD000030
S2140167D81F2330B5040089B001AD28002B70F4F7EB
S2140167E8C5FC28002C72F5F705F960B921232800A5
S2140167F82B70F4F7BBFC28002C72F5F7FBF810B9E0
S214016808024BEB331C7009B030BDC046484D002022
S21401681800B589B01F236A4601A81371F4F7A6FCD0
S2140168286B46187B09B000BD10B588B06A464F2381
S2140168380400107201A81371F5F7DCF810B9024BC1
S214016848EC331C7008B010BD484D002000B589B067
S2140168584F236A4601A81371F4F788FC6B46187A29
S21401686809B000BD10B588B06A46502304001072FE
S21401687801A81371F5F7BEF810B9024BED331C7079
S21401688808B010BD484D002000B589B050236A46AF
S21401689801A81371F4F76AFC6B46187A09B000BDB3
S2140168A810B588B06A4651230400107201A8137106
S2140168B8F5F7A0F810B9024BEE331C7008B010BDFE
S2140168C8484D002000B589B051236A4601A81371C6
S2140168D8F4F74CFC6B46187A09B000BD10B588B0C1
S2140168E86A4642230400107201A81371F5F782F86C
S2140168F810B9024BEF331C7008B010BD484D00208C
S21401690800B589B042236A4601A81371F4F72EFC34
S2140169186B46187A09B000BD10B55223040088B03A
S21401692801A803704460F5F765F808B9014BDC6007
S21401693808B010BD484D0020522310B588B001ACF0
S21401694820002370F4F712FC029808B010BD00006E
S21401695810B55323040088B001A803704460F5F706
S21401696849F808B9014B1C6108B010BD484D002014
S214016978532310B588B001AC20002370F4F7F6FB5A
S214016988029808B010BD0000014B18717047C04648
S214016998484D0020F8B505000E000027094C23686D
S2140169A82B4207D0227A607A6168FBF721FD08B985
S2140169B823681F43044B0C349C42F0D10EB13D4072
S2140169C83560F8BDE0B401001CB50100F8B5050056
S2140169D80E000027094C23682B4207D0227A607ADA
S2140169E86168FBF70BFD08B923681F43044B0C3499
S2140169F89C42F0D10EB13D403560F8BDE0B40100CF
S214016A081CB50100F7B5784B1D7A2B000A3B032B02
S214016A1800D80025744B9A7A0323012A0AD0002D40
S214016A2800D1DFE06B1F5A1E93410F225B4293434E
S214016A386E4A9B181C000440034200D1D1E0002393
S214016A4801260193344204D0FFF788FD684B01966E
S214016A58D8800226344206D0019FFFF79BFD644B7F
S214016A683E43986001960426344206D0019FFFF7FC
S214016A7863FF5F4B3E43D86001960826344206D032
S214016A88019FFFF775FF5A4B3E431861019615B1F2
S214016A98053D022D0AD810252C4207D0019E290053
S214016AA80020544A3543FFF7D1FD019520252C4295
S214016AB807D06B46019E5048D91C3543FFF710FD99
S214016AC8019540252C420AD0474B68331B7833B1D1
S214016AD8019EFFF743FC494B354318700195802505
S214016AE82C4206D0019EFFF773FD454B35431870BF
S214016AF8019540F200152C4206D0019EFFF7F2FDE3
S214016B08404B35431870019540F200252C4206D0BB
S214016B18019EFFF707FE3C4B35431870019540F27E
S214016B2800452C4206D0019EFFF71AFE374B354327
S214016B381870019540F600052C4206D0019EFFF715
S214016B483BFE334B35431860019541F200052C4254
S214016B5806D0019EFFF75CFE2E4B35431870019553
S214016B6842F200052C4206D0019EFFF7D3FB2A4BC2
S214016B7835431880019544F200052C4206D0019E43
S214016B88FFF764FE254B35431870019548F200055A
S214016B982C4206D0019EFFF777FE214B354318702D
S214016BA8019580256D022C4206D0019EFFF78AFECC
S214016BB81C4B3543187001958025AD022C4206D032
S214016BC8019CFFF79DFE184B254318700195019807
S214016BD838B101A9FFF7FAFE054A019913680B4374
S214016BE81360F7BD014B25E7384E0020FCFF030074
S214016BF8484D00205C4D00201C4E00202E4E0020E3
S214016C082F4E0020304E0020314E0020324E0020FC
S214016C18284E0020334E00202C4E0020344E0020F3
S214016C28354E0020364E0020374E002010B5FFF7AF
S214016C38E9FE10BDF7B5814F3E7A33000A3B032BB8
S214016C4800D800267E4DBA7A2B79D3B1022B2BD0E9
S214016C5800232B60BC7A012C31D1234203D0E8886B
S214016C68FFF76AFC002402232A681A4200D1DFE0F3
S214016C78A868FFF77FFC002C00D0DAE000232B7110
S214016C88F7BD0320012A08D0AEB1701F431E9841F4
S214016C980F23404298436B4BC018002301A92B6071
S214016CA8FFF778FE019BD4E7012A06D000230C20C3
S214016CB8002AF2D0CDE76348EFE70320EDE7042486
S214016CC8234203D0E868FFF727FE002408232A6832
S214016CD81A4200D190E02869FFF73AFE16B1053E40
S214016CE8022E08D810212B680B4200D186E000201E
S214016CF8554AFFF779FC20232A681A4200D17FE01B
S214016D085248FFF7B3FB68373B7843B140232A68FC
S214016D181A4277D02B00E6331878FFF72BFB80232F
S214016D282A681A4270D02B00E7331878FFF73EFC22
S214016D3840F200132A681A4268D0E8202856FFF75E
S214016D48BFFC40F200232A681A4261D02B00E933BF
S214016D581878FFF7D5FC40F200432A681A4259D042
S214016D682B00EA331878FFF7E9FC40F600032A6897
S214016D781A4251D02B00E0331868FFF7FDFC41F2A8
S214016D8800032A681A4249D02B00EB331878FFF71C
S214016D981FFD42F200032A681A4241D02B00E43351
S214016DA81888FFF79BFA44F200032A681A4239D07A
S214016DB82B00EC331878FFF737FD48F200032A68F2
S214016DC81A4231D02B00ED331878FFF74BFD80239C
S214016DD82A685B021A4229D02B00EE331878FFF78F
S214016DE85FFD80232A689B021A4221D02B00EF33CD
S214016DF81878FFF773FD3EE71C436FE70C437AE705
S214016E081C4380E71C438AE71C4391E71C4398E729
S214016E181C43A0E71C43A8E71C43B0E71C43B8E79C
S214016E281C43C0E71C43C8E71C43D0E71C43D8E70C
S214016E381C432000FFF7E6FD20E7C046384E002039
S214016E48484D0020FCFF03005C4D00201C4E00202E
S214016E5870B53A4B00285FD1394A1A60394A5A60E8
S214016E68394A9A60394ADA60394B00295CD1394A7D
S214016E7859601A60384A9A60384ADA60384A394C92
S214016E881A61227A32492D48F5F7E4FC05000028F4
S214016E9840D1FFF763FA344B1870E06DFFF71AF923
S214016EA83248FFF7EBF83248FFF7D2F8606EFFF783
S214016EB82DF9230060331878FFF7E6F923006A33C3
S214016EC81878FFF733FA230068331878FFF768F95C
S214016ED823006B331878FFF734F9607AFFF76AF8FE
S214016EE823006D331878FFF711FB0A20FFF799FA8C
S214016EF823006C331878FFF783F96E341D48FFF7C3
S214016F08D3F8217811B11C48FFF796FAFFF792FEDD
S214016F18F4F7FEFC280070BD02681A6042685A60E1
S214016F2882689A60C2689EE70A681A6000225A60F8
S214016F388A689A60CA68DA600A69A0E7344D002050
S214016F48155E01001D5E0100255E01002D5E010033
S214016F58204D0020355E0100356C0100115E0100F0
S214016F68135E0100384E0020444D0020634E002079
S214016F78734E0020834E0020A84E0020030010B553
S214016F8809200D2B14D843F62152DA40D2070FD523
S214016F98084A117A994206D0110000206E3108700D
S214016FA8054902300871002108001372FFF750FFE7
S214016FB810BDC046384E0020484D0020030010B5CD
S214016FC80320012B0BD8064A0020917A9372994226
S214016FD805D00122034B01001A71FFF739FF10BDD6
S214016FE8384E0020484D002010B5FDF72DFF04004F
S214016FF8EDF754FA4342584140420440200010BD80
S21401700810B5054B9B7A1BB90120FEF79BFF10BDF7
S2140170180020FEF70FFFFAE7384E002010B540783B
S21401702818B90348FEF7EAF910BDFEF7F7F9FBE7CA
S214017038ABA5010010B543782BB903791BB10348FA
S214017048FEF7DCF910BD0248FAE7C04678A9010048
S21401705885A9010070B50D4D04002B88042B0BD0B3
S214017068012B09D00A4B1888EDF78CFB237823B13E
S214017078012B06D004232B8070BD2000FFF7CEFF1E
S214017088F8E72000FFF7D6FFF4E7C0461A4B0020C2
S2140170981C4B002037B50400FDF7B8FE002846D083
S2140170A82378022B43D86578002D40D1237B13B370
S2140170B82548FEF78FF92548FBF7FFF8237BAB42F7
S2140170C836D82348FBF7F9F800220321E078FBF7C6
S2140170D812F91F48FBF7F1F800220121607CFBF743
S2140170E80AF91B48FBF7E9F800220A21206AFBF790
S2140170F802F9EDF791FA174B69331B78012B16D174
S2140171081548FEF767F91148FBF7D7F8002203215F
S2140171180E23E05EFBF7EFF80D48FBF7CEF81020DC
S214017128002203212056FBF7E6F8EDF775FA37BD7E
S214017138A1680122491901A8FDF7D2FF013501A866
S214017148FBF7BBF8EDB2B9E78CA9010042A4010030
S21401715835A40100384E002099A8010010B5040096
S2140171680948FEF737F90948FBF7A7F863782BB9FA
S2140171780748FBF7A2F8EDF74FFA10BD082B01D127
S2140171880448F6E70448F4E77DA8010042A4010094
S21401719892A90100A0A90100B2A9010070B5124D7B
S2140171A804002B789B071AD51048FEF713F91048E8
S2140171B8FBF783F866789EB932000321207CFBF73B
S2140171C89AF80C48FBF779F832000321607CFBF744
S2140171D892F8EDF721FA02222B7893432B7070BDB3
S2140171E80548FBF76AF8F4E7184B0020ADA801003C
S2140171F842A4010035A401006BA7010010B5FEF7F3
S214017208EDFE124C6072FFF751F8230060331870D8
S214017218FEF7BAFF230068331870FEF79DFF2300B8
S2140172286B331870FEF7FEFF23006C331870FEF7F9
S21401723861FFE065FEF77AFF7C2221006066002088
S214017248EDF73EF80320FFF7DDFB10BD384E0020B2
S21401725810B57C220349044802F0E9FC0320FFF735
S21401726893FB10BD18B90100384E002010B5EDF794
S21401727875F8EDF7DFF8FFF7EBFF10BD13B504005F
S214017288082268460E4902F0D2FCB4B97C222000D6
S2140172980C49EDF73BF820B97C220B490948FBF766
S2140172A88EF808226946074802F060FC10B9FFF715
S2140172B86BFB13BDFFF7DAFFFBE7FFF7C9FFF8E73C
S2140172C8BEA90100384E002018B9010010B5FDF717
S2140172D8B9FE0E48FAF7AAF9F9F7F0FB0020FFF70E
S2140172E8CDFF00210800FFF7B3FD092805D108489E
S2140172F8FAF7E3FFEDF790F910BD182801D1054814
S214017308F6E70328F8D10448F2E7C046F16F010012
S214017318C7A90100FDA9010024AA010070B50C4CFB
S21401732805002378DB0710D50A48FEF753F80A4804
S214017338FAF7C3FF6B784BB90848FAF7BEFFEDF7C3
S2140173486BF9012223789343237070BD0448F4E750
S214017358184B0020C5A8010042A40100ABA50100F6
S2140173686BA7010070B50C4C050023785B0710D598
S2140173780A48FEF72FF80A48FAF79FFF6B784BB9C9
S2140173880848FAF79AFFEDF747F90422237893435A
S214017398237070BD0448F4E7184B00201AA90100B1
S2140173A842A40100ABA501006BA7010010B50400BB
S2140173B80748FEF70FF80748FAF77FFF63782BB9F7
S2140173C80548FAF77AFFEDF727F910BD0348F8E7FD
S2140173D811A9010042A40100ABA501000FA80100F4
S2140173E870B50C4C050023781B0710D50A48FDF725
S2140173F8F1FF0A48FAF761FF6B784BB90848FAF7C4
S2140174085CFFEDF709F9082223789343237070BDD2
S2140174180448F4E7184B002025A9010042A40100FE
S214017428ABA501006BA7010010B50400FDF7F2FC3F
S21401743820780C280BD801F037FC070A0A0E0A0A2E
S2140174480A0A120A1A161E002000FFF787FE0422EF
S2140174580B4B1A8010BD2000FFF7A0FEF7E72000AF
S214017468FFF75CFFF3E72000FFF77CFFEFE720005C
S214017478FFF79CFFEBE72000FFF7B2FFE7E7C04600
S2140174881A4B0020F8B5437804000E2B02D00F2BB8
S21401749847D0F8BDFEF71CFF06002448FDF79AFF03
S2140174A82348FAF70AFF00220A216068FAF723FF41
S2140174B80823E05E30220321FAF71DFFA37DA3B15E
S2140174C81C48FAF7FAFE0221E07DFAF700FF2500CC
S2140174D827001848FAF7F1FE18351E3728780221D2
S2140174E80135FAF7F4FEBD42F8D1EDF795F8012E0D
S2140174F8CFD11148FDF76EFF0D48FAF7DEFE0022E0
S21401750805211223E05EFAF7F6FE0A48FAF7D5FED9
S2140175181420002203212056FAF7EDFEEDF77CF839
S214017528B7E70648FDF756FFF8E7C04653AA010035
S21401753842A4010035A4010099A801005DAA010032
S21401754810B50348FDF746FFEDF766F810BDC046CF
S21401755869AA0100037810B5092B04D00D2B01D1B7
S214017568FFF7EEFF10BDFFF78DFFFBE710B5F9F744
S21401757879FFFFF7ABFEFDF715FCECF785FF08B1C1
S214017588EDF792F8F6F740F9FDF750FCFAF70AF826
S2140175980028F2D0F4F772F8EFE710B5FFF7E6FF28
S2140175A810BD000010B518B901220E4B1A7010BD97
S2140175B80228FCD101210C4BDA7F8A43DA77DA7F7D
S2140175C8D207FCD47F21094A13780B40137013782D
S2140175D8DB09002BFBD1064B0648596800F042FF31
S2140175E8E5E7C04690C07E40054004402840044078
S2140175F898B90100B44E002010B5FFF7CEFF002061
S21401760810BDEFF30380103840B2704741618261C4
S2140176180020704730B57B25046AA3782B40A370F9
S21401762883789B079B0FD21A02618022CB18C3600E
S214017638A3781343A37083787D3A1340022B06D1AF
S2140176484FF600620B881343E381002030BD0B78A8
S214017658E370FAE7F0B50500806A87B08C460192B8
S21401766802ACC8B123000200C2CAC2C312681A60BB
S214017678EB691B78036063468360019B0371EB6AC1
S214017688C3606B6A9847AB6A23B123CC23C31A003D
S2140176982368136007B0F0BD2000E9E770B5140051
S2140176A80D000600100001F063FA200001F00EFA42
S2140176B832002900200001F029FA70BDF8B500262D
S2140176C80B785F4A06709B185B0103624B69C161C0
S2140176D843628B698662C3624A780D0053425A41F7
S2140176E80321837801328B4313430B228370AA56F6
S2140176F8A97A0400FFF7D2FF05222000AA562979A5
S214017708FFF7CCFF07222000AA56A979FFF7C6FF84
S21401771809222000AA56297AFFF7C0FFEFF310873F
S214017728012383F310882878464B844680206246D6
S2140177380006D0405968814359605B6887F3108812
S2140177480122297840F20F208A40236A9E701E7112
S2140177585E729E72DE725E83024201D04022DA7445
S21401776806221A7709B9384A9A82AA78E97868788F
S2140177781201C9000A43032847D140210A43B231FE
S214017788D2B2C9B21A70997102212026FF20ED697A
S2140177982A7B52000A405A736A78A978D2014901AD
S2140177A8314002400A4300212E781972B11E012980
S2140177B830D85870022E01D110210A43D2B20027C0
S2140177C80520DA71E369E76027616761A7611856E2
S2140177D801F0C6F90B20E369185601F0C1F9072034
S2140177E8E369185601F0BCF90920E369185601F057
S2140177F8B7F90323226A1E406D33334393706B89AE
S21401780838002381114B6360F8BDE2210028B7D008
S2140178181031B5E703276968D2B2DA718A784878F1
S2140178285A701A783840BA4302431A70CA789A745A
S2140178380A785C21D8790A4088430243BFE7C046E4
S21401784800380002FC6F044000F8FFFF5549435317
S21401785870B5FFF7D6FE040001F038F9184BA400FE
S214017868E058C3691B69FBB90169056A59B97F23E1
S214017878016A8A781A407B3B13438B700021436A5E
S214017888C160C3B970BD03248378C2681C40022C4A
S2140178980ED14FF6006614883443EC819B079B0F84
S2140178A8C91AD2180161C2600369002BEAD1DEE762
S2140178B81478EC70F2E78022FFF7CCFEE2E7C046C8
S2140178C8F852002013B5FFF79CFE040001F0FEF8FD
S2140178D8174BA400E4580323A278216A1340022B0D
S2140178E809D1098AC905C90DA369019133B9636A22
S2140178F80422C3B913BD4979C9B2F5E79207920FB5
S21401790801A9606902F093F9A3786269A1699B07E6
S2140179189B0FD218C91A6261A1610029EAD1636A6C
S214017928002BE7D001222000FFF794FEE2E7C046CD
S214017938F852002010B5FFF764FE7B21084B820041
S2140179480400D058026A93780B409370436A1BB1BF
S21401795802220021FFF77EFE200001F0B7F810BDD5
S214017968F852002070B5FFF74CFE134B8200040056
S214017978D058032382781A40036A022A18D1198A32
S214017988C905C90D38221D792A40ED0604D51D7F83
S214017998ED0701D440252A4338261D79B5431D71C4
S2140179A8436A0BB1FFF756FE200001F08FF870BD51
S2140179B85979C9B2E6E7C046F8520020EFF30380CA
S2140179C8103840B270474369C269934206D2C2680A
S2140179D8816802B1D25C0133CA7043617047F0B561
S2140179E80500406A85B08C4601AC90B123000200C0
S2140179F8C2CAC2C36B681B78036063460371AB6A6D
S214017A0883602B6A98476B6A0BB123CC23C305B0F6
S214017A18F0BD2000EEE7F7B5856801930400A87865
S214017A28302784460600634608203E403B422ED156
S214017A38019BE16061686661A661E3610E69226186
S214017A48983032B1030016B9486900B9803B502016
S214017A581843AB780343DBB2AB70BEB94B69ABB91D
S214017A68A2B10120085601F083F82000FFF7ABFF0A
S214017A7865686B7A012B05D1E369012B02D92000D1
S214017A88FFF7A1FF0120285601F05EF80020FEBD91
S214017A9810B5FFF7C0FF10BD0B78484AF0B59B1824
S214017AA85B0183608B69416003620C00CB6900212E
S214017AB88362416205008020226A87B053789B075B
S214017AC89B0F184304900220105693780391FF31B8
S214017AD80291002802DA029304230393637A012BA6
S214017AE862D000230193A07AE17A012860D109B90E
S214017AF840310B43617B40F2EA0C09B140F2E20CDB
S214017B08EFF31087012181F310882D4926784868FC
S214017B180590300080263606C6400598B043486072
S214017B28496887F310880026A96812788E70087944
S214017B38842008712348DBB288826846007C087076
S214017B486846007988706046C0B288714A706A468D
S214017B58127A01208A746A46127BCA714B734023D3
S214017B680E724E728E72CE724E83CB743E3B0B777C
S214017B782A006179205601F00BF802202A00A17923
S214017B88205601F005F803202A00E179205600F076
S214017B98FFFF04202A002056217A00F0F9FF300062
S214017BA8094B2B6007B0F0BD0221052301919AE726
S214017BB8012901D080219CE7C0219AE700380002FC
S214017BC8FC6F044000F8FFFF5349435310B5FFF715
S214017BD8F5FE040000F07AFF094BA400E4582000E3
S214017BE8FFF7F1FE6269E3699A4208D1236933B95E
S214017BF8A1687B338A781A40773B13438B7010BD94
S214017C08F852002010B5FFF7D9FE040000F05EFF19
S214017C180D4BA400E4582000FFF7D5FEA369E269DE
S214017C28934205D2A168581CA06122694979D154AA
S214017C38A269E3699A4206D13B23A1688A781A4069
S214017C48373B13438B7010BDF852002010B5FFF771
S214017C58B5FE03210400074B8200D058826893784A
S214017C680B4093700239FFF7BAFE200000F02EFF92
S214017C7810BDC046F852002010B5FFF79FFE03213D
S214017C88084B82000400D05883689A780A409A7094
S214017C981A79842201311A71FFF7A1FE200000F03B
S214017CA815FF10BDF8520020054A064993680020C2
S214017CB80B40936093685B005B0893607047C0460F
S214017CC8FC6F0440FFFFFFEF00BA704706207047BD
S214017CD8704706207047000070B504680E001D0046
S214017CE811006CB93268074B07481A60402201F048
S214017CF89EFF40222900054801F099FF200070BD2B
S214017D08034CFBE7B052002000520020C05100206F
S214017D180200010037B51400194A050010680B0067
S214017D2800BA042809D800F0BFFF03090F1821007C
S214017D382A002100134800F099F837BD2A002100CF
S214017D48104800F0A4F8F8E70F49009322002B002A
S214017D5801910C4800F0AEF8EFE70B4900932200BA
S214017D682B000191074800F0BAF8E6E706490093A8
S214017D7822002B000191034800F0C6F8DDE7C04653
S214017D88B052002000520020C051002010B5B02289
S214017D980021054801F0E2FE40220021034801F0D7
S214017DA8DDFE002010BDC04600520020C051002054
S214017DB870B504680E001D0011006CB93268074BD7
S214017DC807481A60802201F032FF40222900054840
S214017DD801F02DFF200070BD034CFBE7B0520020D8
S214017DE800520020C05100200200010037B51400DF
S214017DF8194A050010680B0000BA042809D800F0D3
S214017E0853FF03090F1821002A002100134800F028
S214017E1890F837BD2A002100104800F09CF8F8E7D2
S214017E280F49009322002B0001910C4800F0A5F899
S214017E38EFE70B49009322002B000191074800F059
S214017E48B1F8E6E70649009322002B0001910348A2
S214017E5800F0BEF8DDE7C046B05200200052002010
S214017E68C051002010B5FFF791FF10BD30B587B09F
S214017E7814006D460022AA82AA75019302920B008D
S214017E880094010005A800F0C1F807B030BD70B530
S214017E9886B014006D4600226E46AA820125B57585
S214017EA8019302920B000094010005A800F0AEF8B9
S214017EB806B070BD30B587B06D4640F20014AC828E
S214017EC80024AC750B9C009302940A9C1300019441
S214017ED80A00010005A800F099F807B030BD30B5D2
S214017EE887B06D4640F20014AC82FF3CAC750B9C23
S214017EF8009302940A9C130001940A00010005A845
S214017F0800F084F807B030BD30B587B06D4640F252
S214017F180024AC820024AC750B9C009302940A9C46
S214017F28130001940A00010005A800F06FF807B0D5
S214017F3830BD30B587B014006D460122AA820022F2
S214017F48AA75019302920B000094010005A800F09F
S214017F585DF807B030BD30B587B0150001246A4614
S214017F68948294750022019302920B0000950100F9
S214017F7805A800F04BF807B030BD30B587B06D46A0
S214017F8840F20114AC820024AC750B9C0093029459
S214017F980A9C130001940A00010005A800F036F8AF
S214017FA807B030BD30B587B06D4640F20114AC82DB
S214017FB8013CFF3CAC750B9C009302940A9C130091
S214017FC801940A00010005A800F020F807B030BDAA
S214017FD830B587B06D4640F20124AC820024AC75FA
S214017FE80B9C009302940A9C130001940A0001005A
S214017FF805A800F00BF807B030BD0023CA5812BA1E
S214018008C2500433102BF9D170470000F0B589B07F
S21401801806001D0002910392002B00D19BE003236A
S2140180282A001A4001921D4200D094E04B4C023BB4
S214018038228813432380077863685B01FCD50122F5
S214018048022163683A4052008B43134363606368B6
S2140180589B00FCD5029904A8FFF7CFFF049B236178
S214018068059B2361069B2361079B23617FB1636898
S2140180785B00FCD5029904A81031FFF7BEFF049BEC
S2140180886361059B6361069B6361079B6361727805
S21401809863685B01FCD5032163680A402D31120130
S2140180A88B4313436360039B73B163681B01FCD561
S2140180B8039904A8FFF7A1FF049BE360059BE3600F
S2140180C8069BE360079BE360B27863685B01FCD5B7
S2140180D80121002663680A408B43134363600E9BA5
S2140180E8B700D9196368DB01FCD504A8FFF785FF3B
S2140180F8049BA360059BA360069BA360079BA360E4
S2140181080F9BD81963689B01FCD5A36804A904933F
S214018118A36804360593A3680693A3680793FFF735
S2140181286CFFB542DBD8109B73B16368DB00FCD5E6
S214018138E36810980493E36804A90593E368069333
S214018148E3680793FFF759FF0122238893432380A7
S214018158019809B0F0BD024B0193F9E700000D4004
S2140181680D00010070B50400012000F051FD194A08
S2140181781378DB06DD0F002BFADB207802000300FC
S214018188E0B12B001449032812D12269134B1A6057
S2140181985042424140F20020E37DA57D5B00134337
S2140181A80A5A520A52022A430A52207D0C4A107071
S2140181B840F2A012A068885048F20002094992B21B
S2140181C88A81094ADBB20120137000F0FBFC00200B
S2140181D870BDC046AAE001400060004098E001403A
S2140181E894E0014000E0014092E0014010B504002F
S2140181F808006160FFF7B6FF08B9014B236010BDA0
S2140182084D504C5270B50500194A1378DB06FCD45C
S214018218012000F0FDFC174B9A89174BD20B012A57
S2140182280FD1164AD27F1978D2B2C90709D50524C3
S214018238C2B9134A1278012A14D1124A1278012AAD
S21401824810D16A681278032A04D11978833A0A4346
S2140182581A701A78BFF34F8F30BF7F2100241A781F
S2140182680A401A70012000F0ADFC200070BDC0461F
S214018278AAE0014000E0014092E0014007E0014029
S21401828838E0014032E00140EFF31080012383F328
S2140182981088064B196819B9054AD1704031D17052
S2140182A81A6801321A6080F310887047F452002069
S2140182B8000D0440EFF31081012383F31088074B68
S2140182C81A6812B11A68013A1A601A681AB9044B80
S2140182D8DA708032DA7081F310887047F452002021
S2140182E8000D044003000020186070470B0A1B01AC
S2140182F8C9B25B1803499B005B5800209B07DB0F3C
S2140183081370704700080440034B090A4901C9184D
S2140183184B68002013807047000004400548090A8E
S21401832849010918180090430004134003438B6061
S21401833800207047000004400123C8B28340002093
S2140183489BB20AB918001300044A090A4901000435
S21401835818438918886000207047C046000004400A
S2140183680648090A49010918180010B50C68104092
S2140183782043934398430860002010BD0000044042
S214018388044B090A4901C9184B6800201B0C1380C5
S2140183987047C0460000044008480B0A5B011B18DA
S2140183A858680123C9B28B40000C99B203405B1A86
S2140183B859424B41002013707047C04600000440E4
S2140183C80548090A49010918180090430004134092
S2140183D80343CB60002070470000044010B5012419
S2140183E80B0AC9B28C4007485B011B18D9682004E0
S2140183F8012A04D1814321430020D96010BDA1433D
S2140184080143F9E700000440030A70B5C0B2084DFD
S2140184181B01CA0307D51A189200AE58054C264008
S2140184280C40AE50AC501B189B00E95070BDC046BE
S21401843800080440FFFFFEFF70B505000024FFF7A3
S21401844823FF2B88A34202D8FFF734FF70BD6B6861
S214018458E2009B18988819680134FFF7D5FFA4B283
S214018468EFE7000010B5034B03600800FFF7E4FFD1
S214018478002010BD54524F5010B50800FFF7DCFF1E
S214018488002010BD70B515000C00FFF7FDFE290091
S2140184982000FFF7B9FFFFF70DFF002070BD0000B1
S2140184A8F7B50400022040F200350856134B820047
S2140184B82071D2185359114F01930023BC468E6878
S2140184C85351A660CE68E6600E786671BB550B7987
S2140184D8CF781B013B434F79FF013B436746DBB22D
S2140184E8BB55019B5351002803DB2200497800F055
S2140184F80DFB034B00202360FEBDC0460060004014
S2140185085543490010B5007940B200F029FB002018
S21401851810BD000073B5EFF30384103C0E4B64B234
S214018528A200D5580D4A6B790126D35C9B079B0F91
S214018538032B03D0200000F0C9FA0026AB682BB144
S2140185486A7968460192EA680092984716B120004F
S21401855800F0BCFA73BDC046F85200200060004027
S214018568054A030010600A6882604A68C2600020F3
S214018578024A58601A607047B452002043474300C5
S214018588034B8000C35819701A788A42FCD1704789
S214018598A0BE010048F2000110B5154B154A1B781C
S2140185A81268DBB28A4210D113490978E1B113493E
S2140185B80978C9B112490978B1B1EE21C90508424D
S2140185C812D1042000F0A8F910BD1BB10D4B1840BC
S2140185D8984204D10C4B9A4201D80320F2E70B4B80
S2140185E89A42F1D80120EDE7002BEFD1F5E7C04616
S2140185F840E001404853002036E0014038E00140A1
S21401860832E001400404000480841E0000366E0136
S21401861810B50C00002000F0FBFA01212000FFF73E
S214018628AFFF002000F0CEFA012000F0F1FA044B6B
S214018638186AFFF7AFFF012000F0C4FA002010BD4A
S21401864800E0014010B5012000F0E2FA002000F039
S21401865863F9002000F0DCFA10BD000010B5002018
S21401866800F0B0FA034B186AFFF794FF012000F0F8
S214018678A9FA10BD00E0014010B50C00FFF7E2FFB3
S21401868820000021FFF77CFFFFF7E8FF002010BD60
S2140186988368027B180008300AB10C3318000121E0
S2140186A803785A080A400B409342F9D100207047D4
S2140186B8436801611B7C064A9B009950027B8368CC
S2140186C801390AB11960704789B21980FBE7C046BB
S2140186D8B8520020F7B50026416006730B7C2E4A77
S2140186E81B029B1804000D008360EFF3108701221C
S2140186F882F310882949C8680190287C844603209B
S2140187086246801A0122824001989043C860CA686E
S21401871887F310881E721A7A9207D10F002AFADB9D
S2140187289972A368227B180008300AB10C33180026
S214018738EB69DA781F791E7807231A40019226BB5F
S2140187482B7A19001BB102234B4031001B0100266E
S214018758019AC9B21A43D2B2077186714270817002
S21401876820006968FFF7A4FF12202856B04203DBF1
S2140187782200697C00F00CFA00206B696361AB6922
S214018788A061E361064B2360FEBD00213300502E35
S214018798DDD0297ADBE7C04600400840FC6F04407C
S2140187A85447410010B50400FFF772FF38B9A268B4
S2140187B8217B1300083301B10433F0221A7010BD6F
S2140187C810B50400FFF764FF30BBA268217B1300D5
S2140187D8083301B10433F4221A7000221A7163684F
S2140187E89B7C5BB21A00213214D0002B0CDB1F21B4
S2140187F85A090B401E39994020329300074A99506E
S214018808BFF34F8FBFF36F8F6368054A9B7C5BB2DC
S2140188189B009C500023236010BDC04600E100E089
S214018828F852002070B50400FFF732FF050080B942
S214018838A368227B1E0008360AB10C331E00636843
S2140188481B78012B03D120002169FFF731FFF123A3
S2140188583370280070BD0000F0B587B0EFF30384CD
S214018868103C64B2200000F031F91D4BA400E45816
S214018878A368227B1D0008350AB10C331D00626807
S2140188882B781278DBB29C46012A05D1F4222A708D
S214018898E53A93439C462B7063690193BBB1A06983
S2140188A8D8B103AB19000200C8CAC8C163469B0603
S2140188B801D500230371E3690360019B9847A36907
S2140188C813B103AA51CA51C32B78DBB29C460F22B7
S2140188D8634613402B7007B0F0BD03A8E6E7C04611
S2140188E8F8520020094B1A7882420DD0084A1278AD
S2140188F81AB908490A78D207FCD51A78D206FCD4E0
S21401890818701A78D206FCD47047C046A0E0014019
S21401891836E001403CE0014010B50C4B042808D174
S2140189281A78D206FCD401221A701A78D206FCD418
S21401893810BD1A78D206D10F002AFADB19701A78F8
S214018948002AFCD1FFF7CEFFF2E7C046AAE00140B5
S214018958064B0749DA1DD27F1B6A920052585B0103
S2140189685B0FDA401300034A1360704700E00140CA
S214018978881600204853002040F2FE3370B5184A86
S214018988184C0126E25243F6C873174A0025D654F6
S214018998164B174ADD601A60164A1D615A6048F27E
S2140189A800029A60FFF7D4FF40F280432800E6549D
S2140189B8FFF798FF104B114A1D701378DB07FCD59B
S2140189C800220F4B23620F4BDA77FFF7C1FF012016
S2140189D8FFF7A2FF40F2FE330B4AE25270BDC046D3
S2140189E803A5FFFF00E0014000C07E408816002076
S2140189F80048E80100127A0036E001403CE00140F8
S214018A080202000207E0014000A5FFFF0022014B19
S214018A181A7070472840044001380028FCD1704776
S214018A284143174B70B540F2E83208001E680C0047
S214018A380023002100F076F9124D134AB5FBF6F52E
S214018A4859B9B0FBF5F00423964200D90233B0FBBE
S214018A58F3F008B1FFF7E0FF70BD0423964200D992
S214018A6802335D4340F2E832B4FBF5F000230021FF
S214018A7800F058F90029ECD001204042EAE7C04648
S214018A884853002000CA9A3B0048E801F8B540F26E
S214018A984013002401270A4E0A4A758CD35A1D40F2
S214018AA82B00E3403B4206D0074AA3009B181B68ED
S214018AB80BB1E0B2984701340D2CF1D17586F8BD9B
S214018AC8FE60004000600040C0520020044BC030E9
S214018AD88000C25803490A40C250C3587047C0466E
S214018AE800600040FFFFFEFF10B50400FFF7EEFF31
S214018AF8BFF35F8F1F22630914401E3AA240024942
S214018B0860339B005A5010BD00E100E0F7B5FF271F
S214018B18019283080A4A03269B009B183A0040F2F2
S214018B2800350640F6008901B2403940B1405C592B
S214018B38800094430C435C51019A024B1A50F7BDCE
S214018B4800E100E0F85200201F22430910401E3AB7
S214018B58824002499B005A507047C04600E100E037
S214018B6810B50400FFF7C0FF2000FFF7EDFF10BDAA
S214018B781F22430910401E3A8240044920339B00B5
S214018B885A50BFF34F8FBFF36F8F704700E100E075
S214018B9810B50400FFF7BAFF2000FFF7E1FF10BD8C
S214018BA800230648064A9A18117819B11A00C032E5
S214018BB8920011500133102BF4D170470060004029
S214018BC8E0BD010030B5EFF31082012383F310886E
S214018BD898400B49435A1BB10B5A013B9BB20B52A7
S214018BE80B5A53B940F2FE31064C074B655A185AD0
S214018BF8064B2B4383439BB2635282F3108830BDE6
S214018C083853002000E00140B4BE010000A5FFFF74
S214018C1870B5EFF31081012383F3108898400A4A50
S214018C28835A53B940F2FE34084D094E2B5B865BD6
S214018C3833434AF2005633432B53135A01339BB23C
S214018C48135281F3108870BD3853002000E00140AC
S214018C58B4BE0100030010B503240A4A0A48116885
S214018C680333A34308185B1840F200418B4206D928
S214018C7800F0D4FF0C2303600120404210BD1360AE
S214018C88FCE7C04644530020880A002000BE70470F
S214018C987047000002B47146490849000956490060
S214018CA88E4402BC7047C04602B471464908490062
S214018CB8095C49008E4402BC7047C04603B471463D
S214018CC8490840004900095E49008E4403BC7047C4
S214018CD803B47146490840004900095A49008E44C0
S214018CE803BC7047002B11D1002A0FD1002900D1EF
S214018CF8002802D00021C943080007B4024802A18F
S214018D084018029003BDC046650A000003B46846D1
S214018D1801B5029800F04CF8019B9E4602B00CBCC7
S214018D287047C046F0B54FF6FF750400CE462C4096
S214018D38474615400E002900994680B5130C0700D2
S214018D48000C61434543584363430C0C5B19E41814
S214018D588C46A54203D980235B0298464044230CDF
S214018D6861461B184FF6FF7008404946564379433B
S214018D78240489192018C918C0BCB946B046F0BDE4
S214018D889E2110B5C905041CE8F748FD18B9201C32
S214018D9800F044FC10BD9E21201CC90500F07AFA9B
S214018DA800F03CFC80231B069C466044F2E7C04664
S214018DB8F8B557464546DE464E460C00E0B592469F
S214018DC805009B46170081468846002B52D11000A5
S214018DD800F0CEFC0500A74200D871E060B1202360
S214018DE849461B1A2200D94082400B001343984675
S214018DF84B468340874099463C0CB8FBF4F24FF645
S214018E08FF7013003840434321009C4643465143B4
S214018E18591A4B4609041B0C0B439C4509D9DB1907
S214018E28511E9F4200D967E19C4500D864E1023A89
S214018E38DB1961465B1AB3FBF4F14C434E461B1B28
S214018E484FF6FF7448431B0434401C43A04200D924
S214018E58FCE0241A1004084300210A9B23B1EC40C5
S214018E681C6000230A9A5360F0BCBB46B246A9466A
S214018E78A046F8BD8B4207D90A9B13B10A9B186016
S214018E88596000210020EFE7180000F071FC01008E
S214018E98002855D1A34502D3AA4500D94AE153462D
S214018EA8EB1A5A469D42AD41A41A6D42621B904682
S214018EB801200A9A002AD7D0136043465360D3E7A5
S214018EC8002800D0CBE04FF6FF703B0C98460121F6
S214018ED8E41B3840B4FBF8F302005A439446424672
S214018EE85A43A41A4A462404120C2243944507D925
S214018EF8D2195C1E974202D8944500D91DE1230079
S214018F086446121BB2FBF8FC644666466043444658
S214018F1874434E46121B4FF6FF7412043440144332
S214018F28A04208D96246E419013AA74202D8A042EB
S214018F3800D9F9E09446241A1804634618438CE7C6
S214018F4820275B4652463F1A8340FA401A43534647
S214018F58944683402A009A46FA40230084402243D6
S214018F68854091466246FB40A846150CB3FBF5F0D2
S214018F784FF6FF7414400200624393462A004243A8
S214018F889A1A4B4612041B0C13439B4509D9634492
S214018F98421E9C4500D9C5E09B4500D8C2E0023870
S214018FA863445A469B1AB3FBF5F255434E465D1B7E
S214018FB84FF6FF7354432D0433402B439C4209D983
S214018FC86344551E9C4500D9A8E09C4200D8A5E0FC
S214018FD8023A6344000410434FF6FF721B1B140049
S214018FE80440A34654465E4622405643B1465E4672
S214018FF8050C240C6A43654374434E46360CB34647
S214019008A4185C44A24203D98022520293465D44C6
S214019018220C4E4652194FF6FF7524043540641942
S21401902893426FD36CD00A9D75B145462C1BA0455B
S214019038AD419B1A6D425B1B1A00CC40BA40CB402F
S2140190480A9922430A604B6000210DE7E4194B1E7A
S214019058A74253D8A04251D90239E419F9E6202289
S2140190684946121A2300D140D3400A004946874090
S21401907881408946390C84408846B3FBF1F14FF6A6
S214019088FF7022430C0038404443A44644464C43F0
S2140190981C1B2404130C23439C4507D9DB194C1EBF
S2140190A89F423DD89C453BD90239DB1964461B1BB8
S2140190B8B3FBF8FC9B46464663465E434FF6FF7A8B
S2140190C833005E466446F31A564644431B0416406C
S2140190D833439C420BD96246DB19013A9F421BD89F
S2140190E89C4219D9022252429246DB19D4441C1BCF
S2140190F8634609041943EDE60A009AE61900A8E64C
S214019108A04590D25546651BAC42A44164426444CE
S214019118121B01382C0086E79446E8E72A0059E72F
S2140191282100C3E710003CE7022252429046E419A8
S214019138C44400E700202B00BBE6023BD219DFE659
S21401914870B542004E024C0045026D0A120EC30F5E
S214019158760A240EC90FFF2A0FD0FF2C0BD0012048
S214019168A24209D1B54207D18B420FD022B92800B5
S214019178431E984100E0012070BD0120FF2CFBD161
S2140191883543002DF8D14B401800F5E70020F3E7EA
S21401919830B5420044024D02C30F4800640A120E5D
S2140191A86D0A000EC90FFF2A12D0FF2807D0B2B9E0
S2140191B838B90DB3002C2AD14800013830BD1DBB83
S2140191C80AB9002CF8D08B4205D158000138F5E7CA
S2140191D8D4B9FF2813D001205B421843EEE70028D4
S2140191E8F9D08B42F7D18242F5DCEEDBAC42F2D8FD
S2140191F80020AC42E2D2E8E7002CDFD0EBE71DB94D
S2140192088B42E8D10020D9E702204042D6E78B42BC
S214019218ECD0E0E730B5420044024D02C30F4800E7
S214019228640A120E6D0A000EC90FFF2A12D0FF2813
S21401923806D0AAB930B915B344BB480001380EE0C8
S21401924865B90AB9002CF8D08B4215D001205B42CB
S214019258184304E014B9FF28F8D19DB1022030BDA7
S2140192680028F3D08B42F1D18242EFDC04DBAC421A
S214019278ECD80020AC42F2D258000138EFE7002CB7
S214019288EDD0E3E700208B42E9D0DFE78B42EED052
S214019298DCE7C046F0B546464F46D64643025B0A6B
S2140192A8C0B59C461F00DE004B025A0A9046450090
S2140192B84A002D0EC40F120EC90F9B09FF2A25D08E
S2140192C801204140A81A8C420FD0002800DC8AE110
S2140192D892BB002B00D19CE0421E012800D14FE131
S2140192E8FF2800D19BE010002CE0002800DC87E175
S2140192F8002A00D182E0FF2D00D190E08022D2041E
S21401930813431B2800DCEAE001363FE02800FF385B
S2140193188246002B54D140F20109484641408C420E
S21401932800D1C4E05046002800D187E00C00002D8B
S2140193384CD0FF2000273AE0FF2D00D16FE08022B5
S214019348D204134301221B2807DC2021091A1A001C
S2140193588B40C240591E8B411A43B61A73016AD50F
S214019368B601B709380000F003FA05388740854288
S21401937800DD7EE020223B00401B0130121A3E0031
S2140193889340C6405A1E934100251E43730704D0D6
S2140193980F233340042B00D0043673013AD5681CDA
S2140193A8FE2DC6D09B4BC0B233409B015F0AC00559
S2140193B83843E4072043E0BCBA46B146A846F0BDA8
S2140193C88C4264D0D0B3002D00D0A3E0FF20F6B1C4
S2140193D8471E012800D1E1E00C00FF2800D1CDE0AE
S2140193E801211B2F07DC2020C01B31008640F940D5
S2140193F8701E8641314315005E1AAFE74BB1421E17
S214019408012800D1A0E0FF2809D0100079E70C0058
S2140194181E000500F3089C46FF2D00D09BE063461E
S214019428002B00D185E780276346FF031F437F0291
S214019438FF207F0ABBE77307AAD1EBE7FE206A1C69
S21401944810421AD1002D77D1002E00D1AAE00020B3
S214019458002BACD08022F71AD204174200D1BBE009
S21401946801249B1B0C4013429FD06A4A01301340CB
S2140194789BE7684E2D1A3E4088E7F71A7A0157D4BB
S214019488002F00D06EE70024002000278FE780B168
S214019498002D73D1FF20002EBAD0411E012853D0CB
S2140194A8FF286BD01B296EDD15005E1C6EE7514642
S2140194B859BBFE216A1C114233D1002D50D1002E12
S2140194C800D186E00020002B00D170E7F318DF08F2
S2140194D87F027F0A5B0100D469E7012067E7202144
S2140194E8091A1A008B40C240591E8B411343F618BD
S2140194F87301A0D50135FF2D00D11AE70123464A8D
S2140195083340760816401E4340E7002D00D010E78A
S214019518FF20C0E70C00C44681E7FE216A1C0A4208
S214019528CDD0FF2A00D104E7F618150076082DE7F6
S21401953801249F1B0C4015E7E6BB002B45D180276D
S2140195480024FF20FF0332E7F61802257301D5D45D
S214019558F3089C46012563465F027F0AE8B226E7C0
S21401956866B1002B00D15EE78023DB039C4500D261
S21401957859E7984500D356E7C44654E7C4464EE72C
S2140195880125F61AEAE630002025C840691A8E40F9
S214019598711E8E4106431500F618A9E70C00012531
S2140195A89E1BDBE6002B00D16DE701244746002011
S2140195B80C40FCE6002B00D135E78023DB039C45F5
S2140195C800D230E7984500D32DE70124C4460C4065
S2140195D829E747460020EAE617B1BF017F0AE6E613
S2140195E800240027E3E6002800D127E7571B3800A8
S2140195F8002D00D1EBE68020C0040C000643EFE600
S21401960800288AD0511B0DB9080044E78020C00401
S214019618064347E7FFFFFFFBFFFFFF7D41024200CE
S214019628C30F490A0020120E7E2A03DD9D2A02DD99
S214019638094A98187047802000040143952A07DCD8
S2140196489620821AD1404842002BF3D10800F1E750
S214019658963A9140F7E7C046FFFFFF7F70B598B18D
S214019668C317C5185D40C40F280000F081F89E2373
S21401967801001B1A962B0FDC082831D008398D40BB
S2140196886D026D0AD8B202E0002400200025C0054C
S2140196982843E407204370BD992B15DC421F9540EB
S2140196A82A00150010480540560709D00F263240F3
S2140196B8042A05D004356A0102D59F2305405B1AA2
S2140196C8AD016D0AD8B2E2E70522121A2800D04089
S2140196D80A001B3295402A00551EAA410243E0E7BC
S2140196E86D0296206D0AD2E7FFFFFFFB70B50400F6
S2140196F870B100F03DF803009E20C01A96280CDCD5
S214019708082B2DD0083B9C406402640AC0B201E0D5
S21401971800200024C005204370BD992814DC5A1F78
S2140197289440220010490A40650709D00F252C40AD
S214019738042C05D00432540102D59F200A40C01AD1
S2140197489201540AC0B2E5E71A0021001B32914083
S2140197580A00511E8A410521C91ACC401443E0E784
S21401976864029620640AD5E7FFFFFFFB7047C046F0
S2140197781C2101231B04984201D3000C10391B0A33
S214019788984201D3000A08391B09984201D30009F7
S214019798043902A2105C40187047C046040302024E
S2140197A8010101010000000000000000002310B5BF
S2140197B8040003604360836081814366C28103615C
S2140197C843618361190008225C3000F0C7F90B4B2E
S2140197D8246263620A4BA3620A4BE3620A4B236361
S2140197E80A4B9C4205D00A4B9C4202D0094B9C422C
S2140197F803D12000583000F017FA10BDB19A0100C5
S214019808D99A0100119B01003D9B01004C53002091
S214019818B45300201C54002010B5034A03490448D9
S21401982800F06AF810BDC0462C0A0020559F0100BA
S2140198383C0A002041680B4B10B50400994201D040
S21401984800F084FBA168084B994202D0200000F082
S2140198587DFBE168054B994202D0200000F076FBBB
S21401986810BDC0464C530020B45300201C540020A1
S21401987810B5094B094A04211A6009480022FFF766
S21401988895FF012209210748FFF790FF02221221BE
S2140198980548FFF78BFF10BD84540020219801006E
S2140198A84C530020B45300201C54002010B5024825
S2140198B800F0BBF910BDC0468D54002010B5024813
S2140198C800F0B4F910BDC0468D54002010B5040050
S2140198D8FFF7ECFF236A13B1FFF7F0FF10BD044B47
S2140198E82362044B1B68002BF6D1FFF7C1FFF3E791
S2140198F83D98010084540020F7B514000026009016
S2140199080191A5686768013F04D52468002CF8D141
S2140199183000FEBDAB89012B08D90E22AB5E0133A0
S21401992804D029000098019B984706436835EAE762
S21401993810B5034B01001868826800F097FB10BD4C
S214019948380A0020F0B51D00554B85B01E68040086
S2140199580F00009226B1336A13B93000FFF7B6FF3D
S214019968009B022B05D0012B00D996E0002D00DACA
S21401997893E0636EDB0705D4A3899B0502D4A06D2B
S21401998800F053F92100300000F0E0FA616B41B1B4
S21401999823004433994202D0300000F051F90023E5
S2140199A863630023A3616360A3891B0603D53000A4
S2140199B8216900F045F9A3893A4A1340A381009B1F
S2140199C8022B60D003AB2100300002AA00F0E6FAB1
S2140199D8A3890343A3812DBB029D280000F078F9D3
S2140199E801950700002848D1029B0193AB423ED15E
S2140199F801256D420C22A35E02221A43A28100228F
S214019A08A26022004732226022610122616E6261F1
S214019A18114204D19B0502D4A06D00F007F9280075
S214019A2805B0F0BD002FD8D0336A13B93000FFF760
S214019A384DFF009B012B03D1A389009A1A43A281EB
S214019A480C22A35E08221900276027616561114070
S214019A5813421CD0DA0718D500226D42A260A56110
S214019A68626ED20701D49B0513D50025D7E7019866
S214019A7800F02EF907000028BAD08023A289019D9C
S214019A881343A381D0E70025B4E7A560E8E7A16002
S214019A98E6E7A06D00F0CAF8E7E701256D42BEE7E4
S214019AA8380A00205CF3FFFF70B50C000E25495FED
S214019AB800F090F8002803DB636D1B18636570BD22
S214019AC8A389024A1340A381F9E7C046FFEFFFFFC7
S214019AD8F8B51F008B8905000C001600DB0505D5B7
S214019AE80E23C95E0022022300F062F8A389054A04
S214019AF828001340A38132000E23E15E3B0000F0EC
S214019B087BF8F8BDFFEFFFFF70B50C000E25495F27
S214019B1800F04EF8A389421C03D1054A1340A381DD
S214019B2870BD41F200021343A3816065F8E7C046A1
S214019B38FFEFFFFF10B50E23C95E00F029F810BD30
S214019B4830B500240139A24201D1002005E0035DA9
S214019B5801340D5DAB42F6D0581B30BD03008218A8
S214019B68934200D1704719700133F9E730B5050003
S214019B7810005AB10024013A2B5D085D834204D1D6
S214019B88944202D00134002BF6D1181A30BD0000D9
S214019B98002370B5054D040008002B60E7F7C0FEEA
S214019BA8431C02D12B6803B1236070BD8854002082
S214019BB870B50400080011001A000023044D2B603C
S214019BC8E7F79DFE431C02D12B6803B1236070BDE5
S214019BD88854002070B50400080011001A000023FC
S214019BE8044D2B60F7F71AFC431C02D12B6803B10E
S214019BF8236070BD8854002070B504000800110069
S214019C081A000023044D2B60F7F7FAFB431C02D118
S214019C182B6803B1236070BD88540020014B186877
S214019C287047C046380A00207047704770470023BF
S214019C3810B59A4200D110BDCC5CC4540133F8E784
S214019C4870B505000C0079B1043C2368002B00DAD6
S214019C58E418280000F0E8F81C4A13682BB963607A
S214019C681460280000F0E8F870BDA34208D92068FF
S214019C7821188B42F3D119685B6809182160EEE751
S214019C881A005B680BB1A342FAD911685018A042B2
S214019C980BD120680918501811608342E1D1186861
S214019CA85B68411811605360DBE7A04202D90C23B8
S214019CB82B60D6E7206821188B4203D119685B68A8
S214019CC80918216063605460CBE7C04694540020AD
S214019CD810B5034B0100186800F026F810BDC04601
S214019CE8380A002070B50F4E0D003168040011B90E
S214019CF800F0A8FA30602900200000F0A3FA431CFF
S214019D0803D101256D42280070BD0323C51C9D4360
S214019D18A842F8D0291A200000F094FA0130F2D1AE
S214019D28EFE7C04690540020F7B50322CB1C9343B7
S214019D38083305001F000C2B34D20C27B94233D840
S214019D48384E280000F070F833681C00002C2FD11C
S214019D5839002800FFF7C6FF0400431C5FD13468AA
S214019D680094009B002B4AD1002C52D0236828006F
S214019D78E3180099019300F065FA019B834248D1E4
S214019D8823682800FF1A3900FFF7ACFF013040D0DE
S214019D982368DB19236033685A68002A33D1009B8D
S214019DA8336019E0002BC9DA0C232B600020FEBDB6
S214019DB82168C91B20D40B290AD9E2192760A342B6
S214019DC804D1326063681160536005E05A60F9E7B0
S214019DD86268A3420ED13260280000F02DF82000F8
S214019DE807220B30231D9043C21A9842DFD01B1A54
S214019DF8A350DCE75A60EFE723006468A6E7009CF7
S214019E0863680093ADE71A005B68A342FBD10023A1
S214019E18DAE70C2328002B6000F00EF8C6E7076087
S214019E28DAE7C0469454002010B50248FFF7FDFE55
S214019E3810BDC0468C54002010B50248FFF7F6FE48
S214019E4810BDC0468C540020F7B50C228B5E050069
S214019E580C001A0753D44A68002A02DC0A6C002A46
S214019E684BDDE76A002F48D0002241F200002E6839
S214019E782A601A00216A0240034230D0626DA38923
S214019E885B0705D56368D21A636B0BB1236CD21ACC
S214019E9800232800E76A216AB847A289431C06D12D
S214019EA829681D2944D8284BCB40DB0740D5002319
S214019EB8636023692360D20404D5431C01D12B684F
S214019EC803B96065616B2E60B9B1230044339942CA
S214019ED802D02800FFF7B4FE002363630DE00123D8
S214019EE82800B8470200431CC9D12B68002BC6D0EE
S214019EF81D2B01D0162B1AD12E6000201EE00E69EC
S214019F08002EFAD00F680E60BA1B019200229B073A
S214019F1800D14A69A260019B002BEEDDA36A3200DC
S214019F281F002800019B216AB847002807DCA28980
S214019F384023012013431BB2A3814042FEBD019B6F
S214019F4836181B1A0193E6E7010040200B6970B525
S214019F5805000C0013B90025280070BD18B1036A66
S214019F680BB9FFF7B3FC0C22A35E002BF3D0626E8D
S214019F78D20704D49B0502D4A06DFFF756FE28002D
S214019F882100FFF761FF636E0500DB07E4D4A389B0
S214019F989B05E1D4A06DFFF749FEDDE770B50E001D
S214019FA81D000E23C95E140096B000290CDAB2898A
S214019FB88023110019401A4214D140F200430020B0
S214019FC82960236016B070BD6A4600F019F90028AA
S214019FD8EDDB4FF2000301991940044BC9184B42B7
S214019FE85941EAE700214023E9E7C04600E0FFFFC0
S214019FF8F0B502268B8905000C0085B0334207D0E0
S21401A00823004733236023610123636105B0F0BD54
S21401A01803AB02AAFFF7C2FF029F0190390028008E
S21401A028FFF782FE40B90C22A35E9A05EED40322FE
S21401A03893431E43A681E3E78023A2892060134346
S21401A048A381039B206167615BB128000E23E15E53
S21401A05800F0E8F828B10323A2899A43023B134388
S21401A068A381A389019A1343A381CFE770B506009C
S21401A0780D00140018B1036A0BB9FFF727FC636ECD
S21401A088DB0705D4A3899B0502D4A06DFFF7CDFD98
S21401A098A368013BA360002B05DAA269934212DB91
S21401A0A8EBB20A2B0FD023685A1C22601D70EDB242
S21401A0B8636EDB0705D4A3899B0502D4A06DFFF761
S21401A0C8B5FD280070BD29002200300000F002F816
S21401A0D80500EDE7F8B506000D00140018B1036A8F
S21401A0E80BB9FFF7F3FBA369A360A3891B0701D587
S21401A0F8236943B92100300000F02AF818B1012578
S21401A1086D422800F8BD23692068EFB2C01A63695A
S21401A118EDB2834205DC21003000FFF717FF002867
S21401A128EDD1A3680130013BA36023685A1C226065
S21401A1381F706369834204D0A389DB07E1D50A2D22
S21401A148DFD121003000FFF701FF0028D9D0D6E77C
S21401A1582A4B70B5050018680C0018B1036A0BB9CC
S21401A168FFF7B4FB0C22A35E1A0722D4DA0607D43B
S21401A17809222A60402201201343A381404237E086
S21401A1885B0712D5616B41B123004433994202D073
S21401A1982800FFF755FD002363632422A389934310
S21401A1A8A38100236360236923600823A2891343DC
S21401A1B8A38123695BB940F2802140F20022A3897A
S21401A1C80B40934203D021002800FFF711FF0C2211
S21401A1D8A35E01211A000A400B420AD00022A2609F
S21401A1E862695242A261226900200AB91A06C1D4DC
S21401A1F870BD990700D46269A260F4E7380A0020A6
S21401A208002370B5064D0400080011002B60E7F71F
S21401A218CFFB431C02D12B6803B1236070BDC04637
S21401A22888540020002370B5054D040008002B60F3
S21401A238E7F7CBFB431C02D12B6803B1236070BD43
S21401A24888540020002370B5054D040008002B60D3
S21401A258FEF700FD431C02D12B6803B1236070BDD5
S21401A268885400200000000001B40248844601BC5E
S21401A278604700BF1D00002001B40248844601BCA7
S21401A288604700BF6107002001B40248844601BC4C
S21401A298604700BFAF07002001B40248844601BCEE
S21401A2A8604700BFC507002001B40248844601BCC8
S21401A2B8604700BF510800200D0A00425553590057
S21401A2C84E4F20414E53574552002A4D435550573D
S21401A2D8523A556E65787065637465642062656187
S21401A2E8636F6E206361736520280029002A4D4339
S21401A2F8555057523A556E65787065637465642093
S21401A30870696E67736C6F742063617365202800CB
S21401A3182A4D43555057523A556E657870656374A1
S21401A3286564206D756C746963617374736C6F749E
S21401A33820636173652028002A4343413A002A5462
S21401A348583A002A52583A002A52465057523A5713
S21401A35861726D536C656570002A52465057523AC1
S21401A368436F6C64536C656570002A5246505752A9
S21401A3783A5374616E646279002A52465057523ACB
S21401A38857616B6575702066726F6D20436F6C64DC
S21401A398002A52465057523A57616B6575702066C7
S21401A3A8726F6D205761726D002B5258004C6F52B8
S21401A3B8617C5346004257004746534B7C002A436C
S21401A3C8757254696D653A002A42434E5F45767444
S21401A3D854696D653A002A42434E5F456E6C4F6676
S21401A3E8663A002A42434E5F5354696D4572723A83
S21401A3F8002A42434E5F4C61737452783A002A42EF
S21401A408434E5F4C61737453797354696D3A002AED
S21401A41842434E5F4E657874527841646A3A002A20
S21401A428504E473A552C002A504E473A4D2C002B91
S21401A43846554F5441555044540020005355434304
S21401A448455353002B46554F5441494E44002C2D35
S21401A45800204C6F52612053616D706C652041700D
S21401A46870205665722E00554E4B4F4E574E5F451F
S21401A47856454E545F494E464F5F535441545553C3
S21401A48800554E4B4E4F574E5F535441545553004B
S21401A498303A554E434F4E4649524D45445F444126
S21401A4A8544100313A434F4E4649524D45445F4464
S21401A4B841544100313A4F54414100303A414250EB
S21401A4C800303A434C4153535F4100313A434C41C3
S21401A4D853535F4200323A434C4153535F43003073
S21401A4E83A455538363800313A55533931350036FC
S21401A4F83A41533932332D47726F75703100323213
S21401A5083A41533932332D47726F75703200323300
S21401A5183A41533932332D47726F757033003234EE
S21401A5283A41533932332D47726F757034003330E0
S21401A5383A41533932332D4A6170616E00313A41DE
S21401A54844525F454E41424C454400303A414452DC
S21401A5585F44495341424C454400303A52535349AB
S21401A5685F44495341424C454400313A525353499A
S21401A5785F454E41424C454400313A444359434CA9
S21401A588455F454E41424C454400303A44435943A1
S21401A5984C455F44495341424C4544005354415449
S21401A5A855535F4F4B00534552564943455F554EE9
S21401A5B84B4E4F574E004652455155454E43595FEF
S21401A5C8494E56414C494400444154415241544530
S21401A5D85F494E56414C494400465245515F414EEB
S21401A5E8445F44525F494E56414C4944004E4F5FC2
S21401A5F84E4554574F524B5F4A4F494E4544004CBF
S21401A608454E4754485F4552524F520052454749B6
S21401A6184F4E5F4E4F545F535550504F525445441A
S21401A62800534B49505045445F4150505F44415494
S21401A6384100445554594359434C455F5245535478
S21401A648524943544544004E4F5F4348414E4E4598
S21401A6584C5F464F554E44004E4F5F465245455F48
S21401A6684348414E4E454C5F464F554E4400425571
S21401A67853595F424541434F4E5F524553455256E3
S21401A68845445F54494D4500425553595F50494E1C
S21401A698475F534C4F545F57494E444F575F544991
S21401A6A84D4500425553595F55504C494E4B5F43F3
S21401A6B84F4C4C4953494F4E00434C4153535F420C
S21401A6C85F4552524F520043525950544F5F4552BC
S21401A6D8524F520046434E545F48414E444C4552F1
S21401A6E85F4552524F52004D41435F434F4D4D41D6
S21401A6F8445F4552524F5200434F4E4649524D5FB2
S21401A70851554555455F4552524F52004D435F4797
S21401A718524F55505F554E444546494E4544004DA7
S21401A72841435F4552524F5200524144494F5F469A
S21401A73841494C00524144494F5F504152414D45B1
S21401A7485445525F494E56414C49440054585F544B
S21401A758494D454F5554005258315F54494D454F60
S21401A7685554004E4F5F524553504F4E5345005275
S21401A77858315F4552524F52005258325F45525235
S21401A7884F52004A4F494E5F4641494C004A4F498D
S21401A7984E5F4E4F4E43455F4641494C00444F5726
S21401A7A84E4C494E4B5F5245504541544544005422
S21401A7B8585F44525F5041594C4F41445F53495A80
S21401A7C8455F4552524F5200414444524553535FE8
S21401A7D84641494C004D49435F4641494C004D5559
S21401A7E84C5449434153545F4641494C0042454104
S21401A7F8434F4E5F4C4F434B454400424541434F00
S21401A8084E5F4C4F535400424541434F4E5F4E4FA7
S21401A818545F464F554E44002B5245534554002B22
S21401A828564552002B53415645002B4C4F41440088
S21401A8382B444556455549002B434C415353002B51
S21401A84844455641444452002B4E45544944002B36
S21401A858415050455549002B4150504B4559002B06
S21401A8684143544D4F4445002B53454E44002B4D10
S21401A87854595045002B4A4F494E002B52454749DB
S21401A8884F4E002B53454E44484558002B414452E1
S21401A898002B52535349002B52583144454C4159C9
S21401A8A8002B4452002B4C494E4B43484B002B4639
S21401A8B8504F5254002B444359434C45002B4445B2
S21401A8C85654494D45002B43484445464D41534B44
S21401A8D8002B4445564E4F4E4345002B4150504E93
S21401A8E84F4E4345002B444F574E46434E54002B7C
S21401A8F8555046434E54002B4E574B534B45590023
S21401A9082B415050534B4559002B42434F4E414320
S21401A91851002B504E47534C494E464F002B42434D
S21401A9284F4E54494D002B504E47534C50455249B3
S21401A9384F44002B47454E4150504B4559002B4438
S21401A94845425547002B46554F544153544152549E
S21401A958002B46554F544153544F50002B46554FE4
S21401A9685441474554002B46554F544153455400CE
S21401A97841434B5F5245434549564544004E4F5F58
S21401A98841434B002B52435644004A4F494E5F41C0
S21401A99843434550544544004A4F494E5F4E4F4E37
S21401A9A843455F4641494C4544004A4F494E5F4638
S21401A9B841494C4544004C574656332E31300041E8
S21401A9C87661696C61626C6520726567696F6E2075
S21401A9D86861766520746F206265207365742077D8
S21401A9E8697468202B524547494F4E20636F6D6D39
S21401A9F8616E642E00526164696F206472697665BF
S21401AA087220696E697469616C697A6174696F6EBE
S21401AA18206973206661696C65642E0050617261F5
S21401AA286D657465727320666F72204D6163204987
S21401AA386E697469616C697A6174696F6E20617296
S21401AA486520696E76616C69642E002B42434F4E11
S21401AA5852435644002B42434F4E4E4F52435644A0
S21401AA68002B42434F4E4C4F535400000000000049
S21401AA78ABA50100040000007BA701000700000049
S21401AA88C3A2010008000000C8A201005600000089
S21401AA987D46000000000000000000004154002B25
S21401AAA80907050300010200080604050000000264
S21401AAB801000304841E0000093D0000127A00000C
S21401AAC824F4000048E8010090D0030020A1070004
S21401AAD800000000B128000061510000C3A2000078
S21401AAE8581B0000983A00001879000030F2000060
S21401AAF848E8010090D0030020A1070000000000EC
S21401AB0810270000204E000028A0000004000000C6
S21401AB1848E801000500000090D003000600000088
S21401AB28382007000300000030F200000A00000089
S21401AB3828A00000020000001879000009000000A3
S21401AB48204E000001000000983A000008000000AE
S21401AB581027000000000000581B0000040506032B
S21401AB680A02090108000000000000001F0000009A
S21401AB78C01200001F000000A81600001700000001
S21401AB88841C00000F000000E42500001E000000E1
S21401AB98B42D000016000000083900000E00000061
S21401ABA82C4C00001D000000685B0000150000002A
S21401ABB8747200000D000000589800001C00000088
S21401ABC834B7000014000000E8E400000C000000A0
S21401ABD8783101001B000000686E010013000000B8
S21401ABE834CA01000B000000286202001A000000A7
S21401ABF840DB0200120000003C9303000A0000003C
S21401AC08C0C204001900000060B30500110000006E
S21401AC18382007000900000020A1070000000000F6
S21401AC2871630000F5510000555900000D520000EF
S21401AC38595E0000415E000075590000115C000075
S21401AC4839520000916200000D5600005152000072
S21401AC5865520000E1560000A1520000B9520000FA
S21401AC6801530000315200002952000091520000A1
S21401AC7881520000D5550000FD5800000953000018
S21401AC884553000095560000795200001155000002
S21401AC9825550000E95F0000615700005158000083
S21401ACA86D5500009D550000B15100001977000050
S21401ACB8C194C10000000000F8EFF7800000000012
S21401ACC8E44971331CE68D33010000000B000000D7
S21401ACD8100E000000000000000000000000000048
S21401ACE8000000000A00000000000000083E723361
S21401ACF8F8F18C33010000000B000000100E000074
S21401AD080000000000000000000000000000000035
S21401AD180A0001000000000064CE8F33DCACBB33B0
S21401AD28010000000B000000A08C000000000000DD
S21401AD3800000000000000000000000064000000A1
S21401AD480000000088C29033B8B8BA33010000008A
S21401AD580B000000A08C00000000000000000000AE
S21401AD680000000000000000640001000000000070
S21401AD782495BD339CD4C433010000000B000000A9
S21401AD88A08C000000000000000000000000000089
S21401AD980000000064000000000000004889BE337F
S21401ADA878E0C333010000000B000000A08C00000F
S21401ADB80000000000000000000000000000000085
S21401ADC864000100000000008443C8335CFCCD33F6
S21401ADD8010000000B000000100E0000000000003B
S21401ADE80000000000000000000000000A0000004B
S21401ADF800000000A837C9333808CD330100000029
S21401AE080B000000100E000000000000000000000B
S21401AE1800000000000000000A0001000000000019
S21401AE28E4F1D2332CDAD433010000001800000014
S21401AE38407E050000000000000000000000000041
S21401AE4800000000E80300000000000008E6D33315
S21401AE5808E6D3330100000018000000407E050014
S21401AE6800000000000000000000000000000000D4
S21401AE78E803010000000000C485D7335C31DA33EB
S21401AE88010000000B000000A08C0000000000007C
S21401AE980000000000000000000000006400000040
S21401AEA800000000E879D833383DD93301000000A6
S21401AEB80B000000A08C000000000000000000004D
S21401AEC8000000000000000064000100020000000D
S21401AED8E4BE8A36DC334F37010000000D0000005F
S21401AEE880EE3600000000000000000000000000B0
S21401AEF800000000640000000200000008B38B3662
S21401AF08B83F4E37010000000D00000080EE360005
S21401AF180000000000000000000000000000000023
S21401AF286400010003000000240AD7369CE80237B3
S21401AF38010000000D00000080EE36000000000051
S21401AF48000000000000000000000000640000008F
S21401AF580300000048FED73678F4013701000000E8
S21401AF680D00000080EE3600000000000000000022
S21401AF78000000000000000064000100040000005A
S21401AF88E4BE8A361C64E436010000000D000000A9
S21401AF9880EE3600000000000000000000000000FF
S21401AFA800000000640000000400000008B38B36AF
S21401AFB8F86FE336010000000D00000080EE360051
S21401AFC80000000000000000000000000000000073
S21401AFD864000100050000006443A936DC21D5366B
S21401AFE8010000000D00000080EE360000000000A1
S21401AFF800000000000000000000000064000000DF
S21401B00805000000805CAB36C008D336010000009E
S21401B0180D00000080EE3600000000000000000071
S21401B02800000000000000006400010006000000A7
S21401B038A461C435DC334F37010000001E00000050
S21401B04880EE36000000000000000000000000004E
S21401B058000000001027020006000000103EC73559
S21401B06870574C37010000001E00000080EE3600C5
S21401B07800000000000000000000000000000000C2
S21401B0881027030009000000C03DDF3640F70937E6
S21401B098400D03000D000000A00F00003200000064
S21401B0A888130000B0FF00003C930300102700003F
S21401B0B80900000080040D3700285037400D0300B2
S21401B0C80D000000C800000002000000E8030000B0
S21401B0D8B0FF00003C930300E803000009000000ED
S21401B0E860C4E036E013F336801A06000D0000004F
S21401B0F8A00F00003200000088130000B0FF000017
S21401B108382007001027010009000000E048FF3634
S21401B11860A14E37801A06000D000000C800000026
S21401B12802000000E8030000B0FF00003820070016
S21401B138E803010009000000A0D1E336A070083733
S21401B148801A06000D000000A00F00003200000063
S21401B15888130000B0FF0000382007001027010000
S21401B16809000000208B0E3720944B37801A060002
S21401B1780D000000C800000002000000E8030000FF
S21401B188B0FF000038200700E80301000A000000AD
S21401B198C03DDF3640F70937400D03000D000000BB
S21401B1A8A00F0000320000000000000000000000B0
S21401B1B80000000064000000070000007CB20100E7
S21401B1C80100000070B201000600000028B201006C
S21401B1D806000000E0B101000100000007000000C1
S21401B1E820A10700010000000800000020A10700B8
S21401B1F8010000000900000020A10700010000006E
S21401B2080A00000020A10700010000000B00000052
S21401B21820A10700010000000C00000020A1070083
S21401B228010000000700000048E8010001000000D6
S21401B2380800000048E801000100000009000000BD
S21401B24848E80100010000000A00000048E8010083
S21401B258010000000B00000048E8010001000000A2
S21401B2680C00000048E8010001000000070000008B
S21401B27890D00300010000000700000048E8010024
S21401B288010000000800000048E801000100000075
S21401B2980900000048E80100010000000A0000005B
S21401B2A848E80100010000000B00000048E8010022
S21401B2B8010000000C00000048E801000000000042
S21401B2C850C30000A86100000000804100008041D2
S21401B2D80000804100008041000080410705070703
S21401B2E80707050707070000C0CA89360028503730
S21401B2F8C03DDF3640F70937C0CA893600285037BF
S21401B308C0CA893600285037C0CA8936002850373F
S21401B318000000000000000040771B0040B56400F4
S21401B328E0065A00020202020202020202020202B7
S21401B33802020203020202020202030403020202DA
S21401B34802020405040302020202050605040302BA
S21401B3580202060706050403020207070706050494
S21401B36803020707000000000000010201000000B8
S21401B37800000203020100000000030403020100AA
S21401B3880000040504030201000005060504030283
S21401B3980100060706050403020107070706050458
S21401B3A80302070700000B357DF2F2F2333373739D
S21401B3B8F2F2F2F248E8010048E8010048E8010024
S21401B3C848E8010048E8010048E8010090D0030079
S21401B3D8000000000C0B0A090807073200EA0637C6
S21401B3E8000000005000000040F709370000000088
S21401B3F85000000033333373F2F2F2F248E80100EA
S21401B40848E8010048E8010048E8010048E801006A
S21401B41848E8010090D00300000000000C0B0A0960
S21401B42808070732A027BE330000000050010000BD
S21401B438E034C13300000000500100002042C4334C
S21401B44800000000500100000B357DF2F2000000FC
S21401B4583581F2F2F2F200000A0908080B0A090817
S21401B4680C0B0A090D0C0B0A0D0D0C0B48E8010014
S21401B47848E8010048E8010048E8010020A1070063
S21401B48800000000000000000000000020A10700E6
S21401B49820A1070020A1070020A1070020A107007E
S21401B4A820A1070000000000000000000A090807A4
S21401B4B8080000000C0B0A0908070000080A0C0D12
S21401B4C80E10121415181A1B1D1E21240001010145
S21401B4D87D00FA00F4010000030000004E4D002034
S21401B4E80604000004000000544D00200408000073
S21401B4F808000000584D0020040600001000000057
S21401B5085C4D0020A00A0000E0FF03001C4E00204E
S21401B5181C0C0000A4A50100C3A20100AEA50100F1
S21401B52842A70100BEA50100D0A50100E1A50100C2
S21401B538F5A5010007A6010014A6010029A6010029
S21401B5483AA601004FA6010060A6010076A60100F2
S21401B55890A60100ABA60100C1A60100CFA6010076
S21401B568DCA60100EFA6010000A7010014A7010050
S21401B57827A7010031A701003CA7010089A4010003
S21401B588A4A501007BA7010054A701005FA701003D
S21401B5986BA7010077A7010081A701008BA701000F
S21401B5A895A70100A5A70100B7A70100D0A701002C
S21401B5B8DDA70100E6A70100F5A7010003A8010021
S21401B5C80FA801006FA40100B14F010000000000A0
S21401B5D8000000000600000020A80100000000008E
S21401B5E8654E0100000000000400000027A80100C5
S21401B5F800000000000000009D4E0100050000004C
S21401B6082CA80100655401000000000065540100E3
S21401B6180500000032A80100A3510100455B0100A6
S21401B628000000000700000038A801004956010084
S21401B638F55B0100000000000600000040A80100BC
S21401B6483D550100655B0100000000000800000090
S21401B65847A801007D550100855B01000000000038
S21401B6680600000050A80100D9510100AB5B01009B
S21401B678000000000700000057A801000F52010053
S21401B6885F4E010000000000070000005FA80100EF
S21401B698A74E0100CD5B0100000000000800000075
S21401B6A867A80100D5540100000000000000000052
S21401B6B80500000070A80100115001001D5B010083
S21401B6C8000000000600000076A80100B154010041
S21401B6D800000000B1540100050000007DA801002B
S21401B6E817530100295C0100000000000700000054
S21401B6F883A8010089560100000000000000000030
S21401B708080000008BA80100F5560100895C0100BD
S21401B718000000000400000094A80100E54E0100A6
S21401B728A95C0100000000000500000099A80100BE
S21401B73839570100C95D010000000000090000003A
S21401B7489FA8010085570100DB5D0100000000008D
S21401B75803000000A9A80100000000000000000086
S21401B768C957010008000000ADA801008B5301006D
S21401B778ED5D01000000000006000000B6A801000B
S21401B78805580100D15C0100000000000700000018
S21401B798BDA8010000000000000000004D5801008F
S21401B7A808000000C5A801006B590100254F0100DB
S21401B7B8000000000A000000CEA80100ED590100B3
S21401B7C8195D01000000000009000000D9A8010069
S21401B7D8375A0100395D0100000000000900000029
S21401B7E8E3A801008D5A01005F5D0100000000001A
S21401B7F809000000EDA80100D55A01007F5D01008F
S21401B8080000000007000000F7A80100C955010064
S21401B818AB4F01000000000008000000FFA801006F
S21401B82809560100A34F01000000000008000000AF
S21401B83808A901000000000000000000855801006A
S21401B8480800000011A90100000000000000000027
S21401B858A15801000A0000001AA901000000000012
S21401B86800000000E15801000800000025A90100B9
S21401B8781D590100FF5D0100000000000C000000DA
S21401B8882EA9010047520100A74F01000000000041
S21401B8980A0000003BA901007F520100F95C010083
S21401B8A8000000000600000046A901000000000094
S21401B8B800000000994701000B0000004DA9010097
S21401B8C80000000000000000A34701000A00000075
S21401B8D859A90100AD470100000000000000000062
S21401B8E80900000064A901001748010000000000D3
S21401B8F800000000090000006EA901000000000019
S21401B908000000009B4801000A00000037A401005F
S21401B9184C574656332E3130050001000000000012
S21401B9280000000000000000000000000000000009
S21401B93800000000000000000000000000000000F9
S21401B94800000000000000000000000000000000E9
S21401B95800000000000000000000000000000000D9
S21401B96800000000000000000000000000000000C9
S21401B97801000100000000000100000107000000AE
S21401B9880000000000000000000000000000900415
S21401B998B44E00203CBB0100F0BD010004020C01BE
S21401B9A803000000AF13010000000000B8B9010051
S21401B9B80000000000000000000000000000000079
S21401B9C80902000000040005000600070000000048
S21401B9D8000000004922010000000000E8B901004B
S21401B9E800010000280A00200F00FFFF00000000E9
S21401B9F8FFFF000000000000020000000000000039
S21401BA0818000030000000000000000000000000E0
S21401BA180000000000000000000000000000010017
S21401BA28030000000080000000020300091E010058
S21401BA380000000040BA010060000001000000019B
S21401BA480000000000F0000003000000007800007D
S21401BA5801020000992001000000000068BA0100F8
S21401BA686000000100000001000801020B0101014D
S21401BA7801000000010000000000000000000000B6
S21401BA88111701000000000094BA01000000000030
S21401BA980000104002000000001000000000000036
S21401BAA810000000804F00209543000000000000B1
S21401BAB8BCBA0100C0BA010040500020CCBA01004F
S21401BAC854BE010001000000B91400000000000087
S21401BAD8A44F0020030A00000010104002000000D6
S21401BAE80010000000000000100000008050002038
S21401BAF8714400000000000004BB010008BB0100FF
S21401BB084051002014BB010054BE01000100000092
S21401BB18B914000000000000A4500020030A000029
S21401BB280000000000000000000000000000000007
S21401BB38FF0A00005300000048BB01000000000097
S21401BB4805000000000000000000000001000000E1
S21401BB5800000000020000000000000003000000D2
S21401BB68004000000400000004000000050000007A
S21401BB7804000000060000000400000007000000A2
S21401BB880400000008000000040000000A0000008D
S21401BB98040000000B000000040000000C00000078
S21401BBA8040000000D000000040000000E00000064
S21401BBB8004000000F000000000001040001000022
S21401BBC80000010401010000000001040201000058
S21401BBD80400000003010000040000000401000046
S21401BBE80400000005010000040000000601000032
S21401BBF80400000007010000000001000801000021
S21401BC080500000009010000044000000A010000C8
S21401BC18004000000B010000040000000C010000B9
S21401BC28050000000D010000040000000E010000E0
S21401BC38040000000F0100000000000000020000E0
S21401BC4800000000010200000000010502020000D9
S21401BC5800000105030200000400000004020000C1
S21401BC6800000000050200000400000006020000B3
S21401BC78040000000702000004000000080200009B
S21401BC88040000000C020000040000000D02000081
S21401BC980000010000030000050000000103000089
S21401BCA80500000002030000040000000303000072
S21401BCB8040000000403000004000000050300005F
S21401BCC8040000000603000004000000070300004B
S21401BCD80000000000040000040000000104000049
S21401BCE804400000020400000400000003040000F1
S21401BCF8040000000404000004000000050400001D
S21401BD08040000000604000000000000070400000C
S21401BD1800000000080400000440000009040000B8
S21401BD28040000000A040000040000000B040000E0
S21401BD38040000000C040000040000000D040000CC
S21401BD48040000000E040000040000000F040000B8
S21401BD5804000000000500000000000001050000C6
S21401BD6800000000020500000400000003050000B2
S21401BD78040000000405000004000000050500009A
S21401BD880400000000060000040000000106000090
S21401BD98040000000206000004000000030600007C
S21401BDA80400000008060000040000000906000060
S21401BDB8040000000A06000004000000080700004E
S21401BDC8040000000E070000040000000808000038
S21401BDD8040000000908000005100F111E1C1E1A99
S21401BDE81203020F160000016D840100ED820100A6
S21401BDF8818401008D840100A1830100E58301008F
S21401BE08F5820100418301006983010089830100ED
S21401BE18C983010011830100258301000100000088
S21401BE282CBE010000001040FF1F10400004000057
S21401BE38010000000100000044BE010000000000EF
S21401BE48FFFF03000008000004000000610700204F
S21401BE58AF07002051080020C5070020690500200B
S21401BE68D505002049050020E3080020EB0800203E
S21401BE78C9080020190700209D070020D1080020C6
S21401BE88650500208505002089050020EF050020AE
S21401BE988D0500209105002036E0014038E001407C
S21401BEA890E4014032E0014080E4014001000200D4
S21401BEB808001000200000004275696C742077693C
S21401BEC874682052656E6573617320416476616E8D
S21401BED863656420466C657869626C6520536F6695
S21401BEE87477617265205061636B6167652076655A
S21401BEF87273696F6E20362E322E3000362E322E31
S20C01BF083000000000000206F3
S20801BF10F8B5C04674
S20801BF14F8B5C04670
S20801BF18814000005E
S20801BF1C514000008A
S20C01BF2098CEFF7F010000002E
S2140260000000000000000000000000000000000089
S2140260100000000000000000000000000000000079
S2140260200000000000000000000000000000000069
S2140260300000000000000000000000000000000059
S2140260400000000000000000000000000000000049
S2140260500000000000000000000000000000000039
S2140260600000000000000000000000000000000029
S2140260700000000000000000000000000000000019
S2140260800000000000000000000000000000000009
S21402609000000000000000000000000000000000F9
S2140260A000000000000000000000000000000000E9
S2140260B000000000000000000000000000000000D9
S2140260C000000000000000000000000000000000C9
S2140260D000000000000000000000000000000000B9
S2140260E000000000000000000000000000000000A9
S2140260F00000000000000000000000000000000099
S2140261000000000000000000000000000000000088
S2140261100000000000000000000000000000000078
S2140261200000000000000000000000000000000068
S2140261300000000000000000000000000000000058
S2140261400000000000000000000000000000000048
S2140261500000000000000000000000000000000038
S2140261600000000000000000000000000000000028
S2140261700000000000000000000000000000000018
S2140261800000000000000000000000000000000008
S21402619000000000000000000000000000000000F8
S2140261A000000000000000000000000000000000E8
S2140261B000000000000000000000000000000000D8
S2140261C000000000000000000000000000000000C8
S2140261D000000000000000000000000000000000B8
S2140261E000000000000000000000000000000000A8
S2140261F00000000000000000000000000000000098
S2140262000000000000000000000000000000000087
S2140262100000000000000000000000000000000077
S2140262200000000000000000000000000000000067
S2140262300000000000000000000000000000000057
S2140262400000000000000000000000000000000047
S2140262500000000000000000000000000000000037
S2140262600000000000000000000000000000000027
S2140262700000000000000000000000000000000017
S2140262800000000000000000000000000000000007
S21402629000000000000000000000000000000000F7
S2140262A000000000000000000000000000000000E7
S2140262B000000000000000000000000000000000D7
S2140262C000000000000000000000000000000000C7
S2140262D000000000000000000000000000000000B7
S2140262E000000000000000000000000000000000A7
S2140262F00000000000000000000000000000000097
S2140263000000000000000000000000000000000086
S2140263100000000000000000000000000000000076
S2140263200000000000000000000000000000000066
S2140263300000000000000000000000000000000056
S2140263400000000000000000000000000000000046
S2140263500000000000000000000000000000000036
S2140263600000000000000000000000000000000026
S2140263700000000000000000000000000000000016
S2140263800000000000000000000000000000000006
S21402639000000000000000000000000000000000F6
S2140263A000000000000000000000000000000000E6
S2140263B000000000000000000000000000000000D6
S2140263C000000000000000000000000000000000C6
S2140263D000000000000000000000000000000000B6
S2140263E000000000000000000000000000000000A6
S2140263F00000000000000000000000000000000096
S2140264000000000000000000000000000000000085
S2140264100000000000000000000000000000000075
S2140264200000000000000000000000000000000065
S2140264300000000000000000000000000000000055
S2140264400000000000000000000000000000000045
S2140264500000000000000000000000000000000035
S2140264600000000000000000000000000000000025
S2140264700000000000000000000000000000000015
S2140264800000000000000000000000000000000005
S21402649000000000000000000000000000000000F5
S2140264A000000000000000000000000000000000E5
S2140264B000000000000000000000000000000000D5
S2140264C000000000000000000000000000000000C5
S2140264D000000000000000000000000000000000B5
S2140264E000000000000000000000000000000000A5
S2140264F00000000000000000000000000000000095
S2140265000000000000000000000000000000000084
S2140265100000000000000000000000000000000074
S2140265200000000000000000000000000000000064
S2140265300000000000000000000000000000000054
S2140265400000000000000000000000000000000044
S2140265500000000000000000000000000000000034
S2140265600000000000000000000000000000000024
S2140265700000000000000000000000000000000014
S2140265800000000000000000000000000000000004
S21402659000000000000000000000000000000000F4
S2140265A000000000000000000000000000000000E4
S2140265B000000000000000000000000000000000D4
S2140265C000000000000000000000000000000000C4
S2140265D000000000000000000000000000000000B4
S2140265E000000000000000000000000000000000A4
S2140265F00000000000000000000000000000000094
S2140266000000000000000000000000000000000083
S2140266100000000000000000000000000000000073
S2140266200000000000000000000000000000000063
S2140266300000000000000000000000000000000053
S2140266400000000000000000000000000000000043
S2140266500000000000000000000000000000000033
S2140266600000000000000000000000000000000023
S2140266700000000000000000000000000000000013
S2140266800000000000000000000000000000000003
S21402669000000000000000000000000000000000F3
S2140266A000000000000000000000000000000000E3
S2140266B000000000000000000000000000000000D3
S2140266C000000000000000000000000000000000C3
S2140266D000000000000000000000000000000000B3
S2140266E000000000000000000000000000000000A3
S2140266F00000000000000000000000000000000093
S2140267000000000000000000000000000000000082
S2140267100000000000000000000000000000000072
S2140267200000000000000000000000000000000062
S2140267300000000000000000000000000000000052
S2140267400000000000000000000000000000000042
S2140267500000000000000000000000000000000032
S2140267600000000000000000000000000000000022
S2140267700000000000000000000000000000000012
S2140267800000000000000000000000000000000002
S21402679000000000000000000000000000000000F2
S2140267A000000000000000000000000000000000E2
S2140267B000000000000000000000000000000000D2
S2140267C000000000000000000000000000000000C2
S2140267D000000000000000000000000000000000B2
S2140267E000000000000000000000000000000000A2
S2140267F00000000000000000000000000000000092
S2140268000000000000000000000000000000000081
S2140268100000000000000000000000000000000071
S2140268200000000000000000000000000000000061
S2140268300000000000000000000000000000000051
S2140268400000000000000000000000000000000041
S2140268500000000000000000000000000000000031
S2140268600000000000000000000000000000000021
S2140268700000000000000000000000000000000011
S2140268800000000000000000000000000000000001
S21402689000000000000000000000000000000000F1
S2140268A000000000000000000000000000000000E1
S2140268B000000000000000000000000000000000D1
S2140268C000000000000000000000000000000000C1
S2140268D000000000000000000000000000000000B1
S2140268E000000000000000000000000000000000A1
S2140268F00000000000000000000000000000000091
S2140269000000000000000000000000000000000080
S2140269100000000000000000000000000000000070
S2140269200000000000000000000000000000000060
S2140269300000000000000000000000000000000050
S2140269400000000000000000000000000000000040
S2140269500000000000000000000000000000000030
S2140269600000000000000000000000000000000020
S2140269700000000000000000000000000000000010
S2140269800000000000000000000000000000000000
S21402699000000000000000000000000000000000F0
S2140269A000000000000000000000000000000000E0
S2140269B000000000000000000000000000000000D0
S2140269C000000000000000000000000000000000C0
S2140269D000000000000000000000000000000000B0
S2140269E000000000000000000000000000000000A0
S2140269F00000000000000000000000000000000090
S214026A00000000000000000000000000000000007F
S214026A10000000000000000000000000000000006F
S214026A20000000000000000000000000000000005F
S214026A30000000000000000000000000000000004F
S214026A40000000000000000000000000000000003F
S214026A50000000000000000000000000000000002F
S214026A60000000000000000000000000000000001F
S214026A70000000000000000000000000000000000F
S214026A8000000000000000000000000000000000FF
S214026A9000000000000000000000000000000000EF
S214026AA000000000000000000000000000000000DF
S214026AB000000000000000000000000000000000CF
S214026AC000000000000000000000000000000000BF
S214026AD000000000000000000000000000000000AF
S214026AE0000000000000000000000000000000009F
S214026AF0000000000000000000000000000000008F
S214026B00000000000000000000000000000000007E
S214026B10000000000000000000000000000000006E
S214026B20000000000000000000000000000000005E
S214026B30000000000000000000000000000000004E
S214026B40000000000000000000000000000000003E
S214026B50000000000000000000000000000000002E
S214026B60000000000000000000000000000000001E
S214026B70000000000000000000000000000000000E
S214026B8000000000000000000000000000000000FE
S214026B9000000000000000000000000000000000EE
S214026BA000000000000000000000000000000000DE
S214026BB000000000000000000000000000000000CE
S214026BC000000000000000000000000000000000BE
S214026BD000000000000000000000000000000000AE
S214026BE0000000000000000000000000000000009E
S214026BF0000000000000000000000000000000008E
S214026C00000000000000000000000000000000007D
S214026C10000000000000000000000000000000006D
S214026C20000000000000000000000000000000005D
S214026C30000000000000000000000000000000004D
S214026C40000000000000000000000000000000003D
S214026C50000000000000000000000000000000002D
S214026C60000000000000000000000000000000001D
S214026C70000000000000000000000000000000000D
S214026C8000000000000000000000000000000000FD
S214026C9000000000000000000000000000000000ED
S214026CA000000000000000000000000000000000DD
S214026CB000000000000000000000000000000000CD
S214026CC000000000000000000000000000000000BD
S214026CD000000000000000000000000000000000AD
S214026CE0000000000000000000000000000000009D
S214026CF0000000000000000000000000000000008D
S214026D00000000000000000000000000000000007C
S214026D10000000000000000000000000000000006C
S214026D20000000000000000000000000000000005C
S214026D30000000000000000000000000000000004C
S214026D40000000000000000000000000000000003C
S214026D50000000000000000000000000000000002C
S214026D60000000000000000000000000000000001C
S214026D70000000000000000000000000000000000C
S214026D8000000000000000000000000000000000FC
S214026D9000000000000000000000000000000000EC
S214026DA000000000000000000000000000000000DC
S214026DB000000000000000000000000000000000CC
S214026DC000000000000000000000000000000000BC
S214026DD000000000000000000000000000000000AC
S214026DE0000000000000000000000000000000009C
S214026DF0000000000000000000000000000000008C
S214026E00000000000000000000000000000000007B
S214026E10000000000000000000000000000000006B
S214026E20000000000000000000000000000000005B
S214026E30000000000000000000000000000000004B
S214026E40000000000000000000000000000000003B
S214026E50000000000000000000000000000000002B
S214026E60000000000000000000000000000000001B
S214026E70000000000000000000000000000000000B
S214026E8000000000000000000000000000000000FB
S214026E9000000000000000000000000000000000EB
S214026EA000000000000000000000000000000000DB
S214026EB000000000000000000000000000000000CB
S214026EC000000000000000000000000000000000BB
S214026ED000000000000000000000000000000000AB
S214026EE0000000000000000000000000000000009B
S214026EF0000000000000000000000000000000008B
S214026F00000000000000000000000000000000007A
S214026F10000000000000000000000000000000006A
S214026F20000000000000000000000000000000005A
S214026F30000000000000000000000000000000004A
S214026F40000000000000000000000000000000003A
S214026F50000000000000000000000000000000002A
S214026F60000000000000000000000000000000001A
S214026F70000000000000000000000000000000000A
S214026F8000000000000000000000000000000000FA
S214026F9000000000000000000000000000000000EA
S214026FA000000000000000000000000000000000DA
S214026FB000000000000000000000000000000000CA
S214026FC000000000000000000000000000000000BA
S214026FD000000000000000000000000000000000AA
S214026FE0000000000000000000000000000000009A
S214026FF0000000000000000000000000000000008A
S2140270000000000000000000000000000000000079
S2140270100000000000000000000000000000000069
S2140270200000000000000000000000000000000059
S2140270300000000000000000000000000000000049
S2140270400000000000000000000000000000000039
S2140270500000000000000000000000000000000029
S2140270600000000000000000000000000000000019
S2140270700000000000000000000000000000000009
S21402708000000000000000000000000000000000F9
S21402709000000000000000000000000000000000E9
S2140270A000000000000000000000000000000000D9
S2140270B000000000000000000000000000000000C9
S2140270C000000000000000000000000000000000B9
S2140270D000000000000000000000000000000000A9
S2140270E00000000000000000000000000000000099
S2140270F00000000000000000000000000000000089
S2140271000000000000000000000000000000000078
S2140271100000000000000000000000000000000068
S2140271200000000000000000000000000000000058
S2140271300000000000000000000000000000000048
S2140271400000000000000000000000000000000038
S2140271500000000000000000000000000000000028
S2140271600000000000000000000000000000000018
S2140271700000000000000000000000000000000008
S21402718000000000000000000000000000000000F8
S21402719000000000000000000000000000000000E8
S2140271A000000000000000000000000000000000D8
S2140271B000000000000000000000000000000000C8
S2140271C000000000000000000000000000000000B8
S2140271D000000000000000000000000000000000A8
S2140271E00000000000000000000000000000000098
S2140271F00000000000000000000000000000000088
S2140272000000000000000000000000000000000077
S2140272100000000000000000000000000000000067
S2140272200000000000000000000000000000000057
S2140272300000000000000000000000000000000047
S2140272400000000000000000000000000000000037
S2140272500000000000000000000000000000000027
S2140272600000000000000000000000000000000017
S2140272700000000000000000000000000000000007
S21402728000000000000000000000000000000000F7
S21402729000000000000000000000000000000000E7
S2140272A000000000000000000000000000000000D7
S2140272B000000000000000000000000000000000C7
S2140272C000000000000000000000000000000000B7
S2140272D000000000000000000000000000000000A7
S2140272E00000000000000000000000000000000097
S2140272F00000000000000000000000000000000087
S2140273000000000000000000000000000000000076
S2140273100000000000000000000000000000000066
S2140273200000000000000000000000000000000056
S2140273300000000000000000000000000000000046
S2140273400000000000000000000000000000000036
S2140273500000000000000000000000000000000026
S2140273600000000000000000000000000000000016
S2140273700000000000000000000000000000000006
S21402738000000000000000000000000000000000F6
S21402739000000000000000000000000000000000E6
S2140273A000000000000000000000000000000000D6
S2140273B000000000000000000000000000000000C6
S2140273C000000000000000000000000000000000B6
S2140273D000000000000000000000000000000000A6
S2140273E00000000000000000000000000000000096
S2140273F00000000000000000000000000000000086
S2140274000000000000000000000000000000000075
S2140274100000000000000000000000000000000065
S2140274200000000000000000000000000000000055
S2140274300000000000000000000000000000000045
S2140274400000000000000000000000000000000035
S2140274500000000000000000000000000000000025
S2140274600000000000000000000000000000000015
S2140274700000000000000000000000000000000005
S21402748000000000000000000000000000000000F5
S21402749000000000000000000000000000000000E5
S2140274A000000000000000000000000000000000D5
S2140274B000000000000000000000000000000000C5
S2140274C000000000000000000000000000000000B5
S2140274D000000000000000000000000000000000A5
S2140274E00000000000000000000000000000000095
S2140274F00000000000000000000000000000000085
S2140275000000000000000000000000000000000074
S2140275100000000000000000000000000000000064
S2140275200000000000000000000000000000000054
S2140275300000000000000000000000000000000044
S2140275400000000000000000000000000000000034
S2140275500000000000000000000000000000000024
S2140275600000000000000000000000000000000014
S2140275700000000000000000000000000000000004
S21402758000000000000000000000000000000000F4
S21402759000000000000000000000000000000000E4
S2140275A000000000000000000000000000000000D4
S2140275B000000000000000000000000000000000C4
S2140275C000000000000000000000000000000000B4
S2140275D000000000000000000000000000000000A4
S2140275E00000000000000000000000000000000094
S2140275F00000000000000000000000000000000084
S2140276000000000000000000000000000000000073
S2140276100000000000000000000000000000000063
S2140276200000000000000000000000000000000053
S2140276300000000000000000000000000000000043
S2140276400000000000000000000000000000000033
S2140276500000000000000000000000000000000023
S2140276600000000000000000000000000000000013
S2140276700000000000000000000000000000000003
S21402768000000000000000000000000000000000F3
S21402769000000000000000000000000000000000E3
S2140276A000000000000000000000000000000000D3
S2140276B000000000000000000000000000000000C3
S2140276C000000000000000000000000000000000B3
S2140276D000000000000000000000000000000000A3
S2140276E00000000000000000000000000000000093
S2140276F00000000000000000000000000000000083
S2140277000000000000000000000000000000000072
S2140277100000000000000000000000000000000062
S2140277200000000000000000000000000000000052
S2140277300000000000000000000000000000000042
S2140277400000000000000000000000000000000032
S2140277500000000000000000000000000000000022
S2140277600000000000000000000000000000000012
S2140277700000000000000000000000000000000002
S21402778000000000000000000000000000000000F2
S21402779000000000000000000000000000000000E2
S2140277A000000000000000000000000000000000D2
S2140277B000000000000000000000000000000000C2
S2140277C000000000000000000000000000000000B2
S2140277D000000000000000000000000000000000A2
S2140277E00000000000000000000000000000000092
S2140277F00000000000000000000000000000000082
S2140278000000000000000000000000000000000071
S2140278100000000000000000000000000000000061
S2140278200000000000000000000000000000000051
S2140278300000000000000000000000000000000041
S2140278400000000000000000000000000000000031
S2140278500000000000000000000000000000000021
S2140278600000000000000000000000000000000011
S2140278700000000000000000000000000000000001
S21402788000000000000000000000000000000000F1
S21402789000000000000000000000000000000000E1
S2140278A000000000000000000000000000000000D1
S2140278B000000000000000000000000000000000C1
S2140278C000000000000000000000000000000000B1
S2140278D000000000000000000000000000000000A1
S2140278E00000000000000000000000000000000091
S2140278F00000000000000000000000000000000081
S2140279000000000000000000000000000000000070
S2140279100000000000000000000000000000000060
S2140279200000000000000000000000000000000050
S2140279300000000000000000000000000000000040
S2140279400000000000000000000000000000000030
S2140279500000000000000000000000000000000020
S2140279600000000000000000000000000000000010
S2140279700000000000000000000000000000000000
S21402798000000000000000000000000000000000F0
S21402799000000000000000000000000000000000E0
S2140279A000000000000000000000000000000000D0
S2140279B000000000000000000000000000000000C0
S2140279C000000000000000000000000000000000B0
S2140279D000000000000000000000000000000000A0
S2140279E00000000000000000000000000000000090
S2140279F00000000000000000000000000000000080
S214027A00000000000000000000000000000000006F
S214027A10000000000000000000000000000000005F
S214027A20000000000000000000000000000000004F
S214027A30000000000000000000000000000000003F
S214027A40000000000000000000000000000000002F
S214027A50000000000000000000000000000000001F
S214027A60000000000000000000000000000000000F
S214027A7000000000000000000000000000000000FF
S214027A8000000000000000000000000000000000EF
S214027A9000000000000000000000000000000000DF
S214027AA000000000000000000000000000000000CF
S214027AB000000000000000000000000000000000BF
S214027AC000000000000000000000000000000000AF
S214027AD0000000000000000000000000000000009F
S214027AE0000000000000000000000000000000008F
S214027AF0000000000000000000000000000000007F
S214027B00000000000000000000000000000000006E
S214027B10000000000000000000000000000000005E
S214027B20000000000000000000000000000000004E
S214027B30000000000000000000000000000000003E
S214027B40000000000000000000000000000000002E
S214027B50000000000000000000000000000000001E
S214027B60000000000000000000000000000000000E
S214027B7000000000000000000000000000000000FE
S214027B8000000000000000000000000000000000EE
S214027B9000000000000000000000000000000000DE
S214027BA000000000000000000000000000000000CE
S214027BB000000000000000000000000000000000BE
S214027BC000000000000000000000000000000000AE
S214027BD0000000000000000000000000000000009E
S214027BE0000000000000000000000000000000008E
S214027BF0000000000000000000000000000000007E
S214027C00000000000000000000000000000000006D
S214027C10000000000000000000000000000000005D
S214027C20000000000000000000000000000000004D
S214027C30000000000000000000000000000000003D
S214027C40000000000000000000000000000000002D
S214027C50000000000000000000000000000000001D
S214027C60000000000000000000000000000000000D
S214027C7000000000000000000000000000000000FD
S214027C8000000000000000000000000000000000ED
S214027C9000000000000000000000000000000000DD
S214027CA000000000000000000000000000000000CD
S214027CB000000000000000000000000000000000BD
S214027CC000000000000000000000000000000000AD
S214027CD0000000000000000000000000000000009D
S214027CE0000000000000000000000000000000008D
S214027CF0000000000000000000000000000000007D
S214027D00000000000000000000000000000000006C
S214027D10000000000000000000000000000000005C
S214027D20000000000000000000000000000000004C
S214027D30000000000000000000000000000000003C
S214027D40000000000000000000000000000000002C
S214027D50000000000000000000000000000000001C
S214027D60000000000000000000000000000000000C
S214027D7000000000000000000000000000000000FC
S214027D8000000000000000000000000000000000EC
S214027D9000000000000000000000000000000000DC
S214027DA000000000000000000000000000000000CC
S214027DB000000000000000000000000000000000BC
S214027DC000000000000000000000000000000000AC
S214027DD0000000000000000000000000000000009C
S214027DE0000000000000000000000000000000008C
S214027DF0000000000000000000000000000000007C
S214027E00000000000000000000000000000000006B
S214027E10000000000000000000000000000000005B
S214027E20000000000000000000000000000000004B
S214027E30000000000000000000000000000000003B
S214027E40000000000000000000000000000000002B
S214027E50000000000000000000000000000000001B
S214027E60000000000000000000000000000000000B
S214027E7000000000000000000000000000000000FB
S214027E8000000000000000000000000000000000EB
S214027E9000000000000000000000000000000000DB
S214027EA000000000000000000000000000000000CB
S214027EB000000000000000000000000000000000BB
S214027EC000000000000000000000000000000000AB
S214027ED0000000000000000000000000000000009B
S214027EE0000000000000000000000000000000008B
S214027EF0000000000000000000000000000000007B
S214027F00000000000000000000000000000000006A
S214027F10000000000000000000000000000000005A
S214027F20000000000000000000000000000000004A
S214027F30000000000000000000000000000000003A
S214027F40000000000000000000000000000000002A
S214027F50000000000000000000000000000000001A
S214027F60000000000000000000000000000000000A
S214027F7000000000000000000000000000000000FA
S214027F8000000000000000000000000000000000EA
S214027F9000000000000000000000000000000000DA
S214027FA000000000000000000000000000000000CA
S214027FB000000000000000000000000000000000BA
S214027FC000000000000000000000000000000000AA
S214027FD0000000000000000000000000000000009A
S214027FE0000000000000000000000000000000008A
S214027FF0000000000000000000000000000000007A
S8040000BD3E
