S01200004C6F526153616D706C652E7372656342
S214000000904C0020C5000000652C0100652E010004
S214000010652E0100652E0100652E0100652E01008B
S214000020000000000000000000000000652E010037
S214000030652E010000000000652E010049D1000079
S214000040292A0100C517010045180100292A0100C8
S214000050BD140100491401002D1501005D150100B5
S214000060FD1701000D2101009D26010071180100F9
S214000070000000000D21010000000000000000004C
S20C0000800000000015DF00007F
S21400008801000000B8000000020000009800000010
S214000098004000200040002000001040000002033E
S2140000A800400020904000204004000000000103AB
S2140000B8A84C00209C6C00200000000310B500F03F
S2140000C82FF810F013FCFEE7F8B5060000240C27FE
S2140000D8124D2B68A34204D80024AB68A3420ED85E
S2140000E8F8BD3A0062436B689B185A7AB24204D14C
S2140000F805CB0021121A13F045FE0134E8E7EB6839
S21400010822019B185A7BB24205D118685A6899682A
S214000118121A13F0A0FE0134DFE7C046880000007C
S21400012873B5344A344B00209A6010F0CBFB12F0BB
S21400013807FD6B460024DE1D34700120337812F06C
S2140001484FFEEFF31081012585F310882B4B2C48C2
S2140001589A6802409A609A6881F3108829490A6862
S214000168D207D20F32700A68D207D20F32700A68E6
S214000178D207D20F3270EFF3108185F310888022F1
S2140001889868520502439A609B6881F31088280095
S21400019812F000FE280010F095FB41F200011A4B01
S2140001A81A4A9C801A801A4A20009A60194ADA600D
S2140001B8194A51849D80FFF787FF12F0ADFC12F0B4
S2140001C80DFD022010F07EFB2800FFF77DFF134D83
S2140001D8134BED1AAD10AC4205DB12F0C9FD00203A
S2140001E812F03EFE73BD0E4AA3009B181B68984784
S2140001F80134F0E70000000000ED00E0FC6F04406A
S214000208FFFFFFEF00080440000D004000A5FFFFB9
S21400021890440020904C0020FE6000401C610100C5
S2080002281861010053
S208000400FFFFFFFFF7
S208000404DFAFFFFF63
S214000440D04C0020084E0020FF0101003820070095
S2140004503C9303000101008182800184858302872A
S2140004608886038A8B890408078D01000100000036
S214000470440003EB0000000003000000B06A002008
S2140004804440002000000000B06A0020186B0020E6
S214000490806B00200000000000000000000000004C
S2140004A00000000000000000000000000000000047
S2140004B00000000000000000000000000000000037
S2140004C00000000000000000000000000000000027
S2140004D044F2900044F29003C2F20000C2F200031D
S2140004E010B5834205D040F20003C0F2000303B10A
S2140004F0984710BD44F2900044F29003C2F2000008
S214000500C2F200031B1A9A10D90F8918491010B5A9
S21400051029B140F20003C0F2000303B1984710BDB2
S21400052010B544F6A844C2F20004237873B9FFF766
S214000530CFFF40F20003C0F200032BB140F20840A8
S214000540C0F2000000E000BF0123237010BDC046CB
S21400055040F20003C0F2000310B54BB144F6AC41C4
S21400056040F20840C2F20001C0F2000000E000BF06
S214000570FFF7C0FF10BDC046F7B505000E000E48D9
S2140005800E49019210F050FC040060B90C4F320086
S21400059038702900019B084810F079FB040010B958
S2140005A03B78002BFCD0044810F0BAF904436342B1
S2140005B05C41E0B2FEBDC04640670020905D010091
S2140005C0C54C0020F7B507000E001048104915006E
S2140005D010F02AFC040078B96B4639000B4801AAD3
S2140005E010F08DF9040038B9009BAB420CD32A00FA
S2140005F03000019913F033FC044810F091F90443DD
S21400060063425C41E0B2FEBD0324F5E7406700208C
S214000610905D010010B50949094810F005FC04007A
S21400062020B90100064810F0E9FB0400044810F069
S21400063077F9204343425841C0B210BD905D010097
S214000640406700200122014B1A707047C54C0020FD
S214000650F7B505000E000E480E49019210F0E4FBB7
S214000660040060B90C4F320038702900019B08481E
S21400067010F00DFB040010B93B78002BFCD00448AA
S21400068010F04EF9044363425C41E0B2FEBDC04642
S21400069040680020D85D0100C44C0020F7B5070074
S2140006A00E0010481049150010F0BEFB040078B983
S2140006B06B4639000B4801AA10F021F9040038B93E
S2140006C0009BAB420CD32A003000019913F0C7FB05
S2140006D0044810F025F9044363425C41E0B2FEBDD5
S2140006E00324F5E740680020D85D010010B50A49EC
S2140006F00A4810F099FB040008B10E2804D1002126
S214000700064810F07BFB0400044810F009F920436B
S21400071043425841C0B210BDD85D01004068002079
S2140007200122014B1A707047C44C00200022034B74
S2140007309A560AB901321A707047C046CC4C00204F
S214000740034B00201A780AB1187001307047C04673
S214000750004D0020024B1878431E9841C0B27047E7
S214000760004D002010B5034B1B689B780BB113F0AF
S21400077005FA10BD0040002070B52C4B04001B7815
S2140007805BB283B12A4800F0C3FA60B9284800F08B
S2140007901BFB050040B1082C05D1254800F0DFFA08
S2140007A02000FFF7DFFF70BD2300613B192B06D842
S2140007B0203CE4B221001E4800F017FB30E00A2C73
S2140007C006D00D2C1AD0082C23D0202CEBD0F1E725
S2140007D02100174800F009FB2000164CFFF7C2FF67
S2140007E02378002BDFD0124800F0B9FA104800F04A
S2140007F0B6FA0122104B25701A70D4E721000C4877
S21400080000F0F3FA2000FFF7ADFF0122094B1A7043
S214000810C9E7074800F0CFFA28B9054800F09FFA64
S2140008202000FFF79FFF0022024BF0E7CC4C002091
S214000830F44C0020C64C0020004D00200320024B44
S2140008401B6818567047C0460040002010B50A4C7A
S2140008502368DB7813B109480DF003FC14222368E3
S2140008609988074B4A431B689B1818690DF0F9FBDB
S21400087004480DF0F6FB10BD00400020684601005D
S214000880C84C0020EC46010010B50E4B1B685C7887
S214000890082C16D0DB7813B10B480DF0E2FB2300D2
S2140008A034B10123042C03D00333072C00D1023BC0
S2140008B0064ADB009B1858680DF0D3FB02480DF083
S2140008C0D0FB10BD0040002068460100D04D01005E
S2140008D010B502480DF0C5FB10BDC04668460100C5
S2140008E010B51C00094B1A6070B100290CDD0A0017
S2140008F00100074800F001FA064A074BD4801A6048
S2140009000023136000F0A6F810BDC046C84C0020B7
S214000910F44C0020D04C0020004000200022024B67
S2140009201B681A807047C0460040002083B270B52E
S2140009300400064D012B04D8FFF7F0FF2B68DC708F
S21400094070BD40F200422B681A80F9E70040002094
S21400095040F20142014B1B681A807047004000209D
S21400096070B5284800F0D4F920B10220264B1B6849
S214000970187070BD234800F016FAFFF7E9FF21480B
S21400098000F019FA040058B91E4800F0CBF91F4BC6
S214000990E3181B785BB283420FD10134042CF3D1E9
S2140009A0FFF772FF174800F002FA164800F0ACF99D
S2140009B00020154B1B681856DBE7E4B2124B022CDE
S2140009C004D0032C19D1FFF7A9FFE9E72B2807D09D
S2140009D00C4800F0E2F901000D4800F07CF9DFE772
S2140009E01B680848DD880B4B1C6800F0D6F9290008
S2140009F00200200000F0C0F8D2E700221B681A7040
S214000A00CEE7C046F44C002000400020004E010017
S214000A10F04D0100C84C0020014B1B681870704751
S214000A2000400020014B1B681878704700400020EB
S214000A30014B1B685870704700400020014B1B6834
S214000A409880704700400020014B1B6898887047CC
S214000A500040002010B5054B186800F0DEF914229F
S214000A600349044800F052FA10BDC0460440002076
S214000A70014D0020184D002010B5024B186800F0FC
S214000A80FEF910BD04400020002370B50360013B52
S214000A900B80074B050018680C0000F0C9F930B150
S214000AA043682B600822835E238000F017FA70BD2F
S214000AB00440002010B5044B186800F0B9F900B9DE
S214000AC010BD00F00BFAF6E704400020C0B20300A9
S214000AD0303BDBB2092B01D858B270470300413BCC
S214000AE0052B02D8373840B2F7E701204042F4E73A
S214000AF0002310B5C2560AB918B210BD5C1C8A4253
S214000B00FAD02300F6E70000F7B500220400030041
S214000B100191009200269E578EB9009B9E420CDAE9
S214000B2020000199FFF7E4FF124F051E13DC38681A
S214000B3000F0A5F908B1FFF7BDFF0020FEBD019A41
S214000B40964202D001229A561AB9009A013252B23F
S214000B5000920133DEE70023235400F099F90136B2
S214000B600581446001000135386800F079F96419A0
S214000B7076B2D2E704400020F0B5050085B001202B
S214000B8016000391FFF748FF0420FFF751FF0023EC
S214000B900193019B039A934201DB05B0F0BDAC893B
S214000BA0002C3DD022003100286913F0F7F802909F
S214000BB038BB6B46002798883419FFF73FFFE75786
S214000BC03D2F07D03F2F31D0002F43D00220FFF714
S214000BD023FF16E00123E3569BB12C21601CFFF790
S214000BE093FF0520FFF718FF2B6843B130009847A6
S214000BF004000298FFF710FF2000FFF719FFFFF729
S214000C0059FFFFF70FFF0028C7D0FFF70BFF052897
S214000C10C3D0FFF707FF022802D10138FFF7FCFE1A
S214000C20019B143501331BB20193B2E7647864B2BA
S214000C30002CE6D10520FFF7EFFE6B68002BE0D016
S214000C403000984707002000FFF7E6FE3800FFF761
S214000C50EFFED6E70520FFF7DFFEAB68002BD0D00F
S214000C603000984704003800FFF7D6FE2000EEE775
S214000C70C3B21A00303A0120092A06D900200522FC
S214000C80413BDBB29A424041C0B2704770B50500A6
S214000C900E0000242B5720B203B970BDB342FCD01F
S214000CA01800FFF7E5FF01340028F3D10920404281
S214000CB0F3E710B50400FFF7E9FF012804D1002090
S214000CC02056FFF703FF10BD431C01DA40B2FAE7D7
S214000CD001204042F7E710B504000023E3564BB16D
S214000CE000228A569A4206D1481C0021FFF7E1FFEF
S214000CF06368984710BD0834EFE720B10023828070
S214000D000360C3808160704708B1002303607047AA
S214000D10030000202BB106201856013843425841E4
S214000D20C0B2704770B50500C0B10023C45E022291
S214000D30835E0020A34211D02800FFF7E9FF0421BC
S214000D406B5E013494FBF3F102004B43A968E31A8F
S214000D50C85CCC181BB202B922702B8070BD70B56F
S214000D600400C8B10223C55E0022835E0020AB42A9
S214000D7012D02000FFF7CCFF0300002063B9A26862
S214000D80505D53550222A35E0421625E013B93FB35
S214000D90F2F14A439B1A638070BD18B10022835E4D
S214000DA08068C018704708B101238371704708B186
S214000DB00023837170470022835E0222805E181A29
S214000DC043425841C0B270470222835E0421425E0D
S214000DD0013393FBF2F14A439B1A0022805E1BB25A
S214000DE0C01A43425841C0B2704770B504000D00A7
S214000DF090B1FFF7E9FF78B92000FFF789FF58B9EF
S214000E000222A35E0421625E013393FBF2F14A43A1
S214000E109B1AA2686380D55470BD00230360704798
S214000E20006820B1030000680028FBD11800704756
S214000E300300006808B102681A60704703682BB1A7
S214000E408B4204D10B68036000230B6070471A00C6
S214000E501B68002BFAD09942F9D10B681360F3E7B0
S214000E6070B505000C00FFF7E9FF0023280023609B
S214000E70FFF7D6FF08B92C6070BD0460FCE7036876
S214000E80002003B9704701301B6800B2F9E7000084
S214000E90F0B5104B1B785BB21800B3B100200E4AB9
S214000EA00823D15E814210DD55680A23D65E2B00EA
S214000EB010685C1B24B2A64207DD0027DF575C1CC7
S214000EC027B90139118101221A70F0BD23000C30B8
S214000ED0EFE7C046184E00200C4E002010B570B14B
S214000EE0094A0A23D45E002311689C4207DD81422A
S214000EF006D111890131118100215268D15410BDEB
S214000F0001331BB20C31F0E70C4E0020002310B565
S214000F10074CE35653B9002A08DD38B131B1054B0A
S214000F20186059601A815A810123237010BDC0468B
S214000F30184E00200C4E002010B50CF051FA10BDD3
S214000F4037B506AC2478079D009401950CF04EFA50
S214000F5037BD10B50CF052FA10BD10B50CF064FA9F
S214000F6010BD000082B013B5C918059305AB9C8868
S214000F70A21840F2E73493B212B2A24203DD054A49
S214000F8001319B181AB20160828016BC08BC02B000
S214000F901847C04618FCFFFF82B013B5C91A059360
S214000FA005AB9B88D21A93B214B2120404D540F251
S214000FB0E8329B1801391CB20160848016BC08BC5C
S214000FC002B018471FB50023009002AC03A8019199
S214000FD00293A3800CF07EFF009BA288181A6B4633
S214000FE09B889B1A9AB219B21B0404D540F2E833C8
S214000FF0D218013811B2024B186099801FBDC04646
S2140010001C4E002013B500236A46040001A89380F6
S21400101000930CF05FFF0A4B40F2E7311A689B889A
S21400102080186A4692889B189AB21BB28B4203DDE0
S214001030044B0130D3181BB22060A380200016BDDD
S2140010401C4E002018FCFFFF37B500236D46040039
S21400105001A80093AB800CF03DFF2300009006CD66
S21400106006C320003EBD00000C4B13B51A689B88D3
S214001070801AC91A8BB20CB2090404D540F2E832C1
S2140010809B1801381CB240F2E8320023002111F010
S2140010906FFF2200E317801859411CBD1C4E00202C
S2140010A070B51500190040F2E8320023040028004D
S2140010B011F03EFF40F2E8310A4A41431368928835
S2140010C01B1840F2E7305219521A91B212B28242FD
S2140010D003DD054A01338A1812B220002360A2807D
S2140010E070BDC0461C4E002018FCFFFF020010B565
S2140010F0014B12CB12C210BD1C4E00200022054B25
S21400110010B5040000681A700CF0E3FE20600CF0C6
S2140011108DFE10BD284E002000230360436003723E
S214001120C16003617047000070B5124C236843B17C
S214001130002201251A601A720023206858B903B1EC
S214001140206070BDC1682B00026911B1226088471B
S214001150F2E71000F2E70268002AF3D03BB9037A00
S214001160002BEED101230372FFF7C8FFE9E72060EA
S214001170F5E7C046244E0020F7B52F4D040001A821
S2140011800BF0C6FF2A78531CDBB22B700AB90BF0A3
S214001190E3FF2A4E01A80BF0C0FF336803B16CB919
S2140011A001A80BF0B5FF2B78013BDBB22B700BB917
S2140011B00BF0E6FF01A80BF0B0FFF7BDA3422ED15F
S2140011C0237A13B30CF054FE2768002433688C4649
S2140011D019691C72A9B13A00316023003E0027004D
S2140011E0644502D1824200D90600921BBB4116001C
S2140011F00B6808009B190B6001230B72FFF77EFF3C
S214001200CEE731600CF04CFCCAE723692BB12168AD
S21400121033601A6852181A60C2E73360C0E71A00D3
S2140012201B69002BBCD09C42F9D12369216813614D
S214001230002BEED1B4E7C04630620020244E0020DA
S214001240054B1B680BB918007047834201D01B6919
S214001250F8E70120F8E7C046244E0020F0B587B036
S214001260040005A80BF054FF40490A78531CDBB273
S2140012700B700AB90BF070FF05A80BF04EFF24B1F7
S2140012802000FFF7DDFF009078B105A80BF040FFC7
S214001290364A1378013BDBB213700BB90BF070FFC4
S2140012A005A80BF03AFF07B0F0BD6368304D236029
S2140012B02968009B237239B921610123200023721B
S2140012C02C60FFF71BFFE0E7087AF0B10CF0D0FDCA
S2140012D02B68009F1E683B003200B94202D186424E
S2140012E000D90200B61A9F4100960197019B266816
S2140012F02F6813B9009BB3420BD927B1009B9E1BE6
S21400130000233E603B722761D7E70B68019000938D
S214001310ECE73D692DB9009BF61A26603C61256115
S214001320B3E728680199009A019B8018594109B9CA
S214001330864208D2009B009AF31A23602B689B18FB
S2140013409B1B2B60EAE72B6923B9361A26602C61B3
S21400135023619AE71A682F000292002203921D006A
S214001360029A039B00900191DFE7C046306200209E
S214001370244E002070B50D000400FFF7FDFE25602A
S214001380656070BD10B50CF073FC10BD10B50CF0A8
S2140013908BFD10BD70470000F7B50D0000240190CE
S2140013A0CAB10F4F260097FBF2F78C4215D801D131
S2140013B0874212D83A0033002900019811F0B8FD90
S2140013C004003A0033002900019811F0B1FD1A43D9
S2140013D0531E9A41A4182000FEBD0024F1E7C04623
S2140013E040420F0010B544781CB9013444700CF02C
S2140013F0B1FD10BD10B50CF0B7FD10BD10B50CF06A
S214001400D1FD10BD154B00B5185C0A2823D811F085
S21400141037FD1E161612060D22221A16120000207E
S21400142001230B398B424041C0B203E00C394B42DA
S2140014305941C8B200BD002002230A39F2E7002055
S21400144003230939EEE7002004230839EAE70020E1
S21400145005230739E6E70020ECE7C046C04E01004A
S214001460014B18887047C046564F0020002010B524
S21400147001F090FC034B1B6813B15B6803B19847FF
S21400148010BDC046504F0020002010B501F082FC71
S214001490034B1B6813B1DB6803B1984710BDC04609
S2140014A0504F002010B501F011F903000020082B62
S2140014B001D8014AD05C10BD0F4E010010B5054B97
S2140014C004005B7B0BB102F011F8200001F048FA33
S2140014D010BDC046584F002010B50CF0D1F910BD15
S2140014E010B50CF071F910BD10B5044B5A7B0123F2
S2140014F012B101F089FF0300180010BD584F0020FC
S21400150010B5042001F092FC0220FFF715FD0BF049
S214001510CDFA10BD10B5034B987A01F03BFC0BF0EA
S214001520F5FA10BD584F002010B501F065FD10BD4E
S214001530012310B511B10CF051F90023180010BDAD
S214001540012310B511B10CF0F1F80023180010BDFE
S21400155040F28010002310B51A00010001F0CDF90A
S21400156001F064FD10BD000070B540F2E8360E4B89
S21400157005005B7B0C00564383B9280001F0F0F9A8
S21400158020000CF01DFA01F05FFD31000748FFF760
S214001590F1FE0648FFF762FE002070BDC0B202F002
S2140015A011FA0028E9D0F8E7584F0020404E0020F6
S2140015B010B501F00FFB10BD10B50CF00DFA0D23A1
S2140015C0012800D00A3B180010BD000010B572B606
S2140015D0BFF34F8FBFF36F8F0BF0ACFE0122044BAF
S2140015E01A7062B6BFF34F8FBFF36F8F10BDC04641
S2140015F0684F0020F0B585B072B6BFF34F8FBFF3CB
S2140016006F8F0022654E33783270DBB262B6BFF35E
S2140016104F8FBFF36F8F002B00D19FE001F07DF955
S21400162004004FF6FF7001F0ACFB72B6BFF34F8FAD
S214001630BFF36F8F0CF01EFA0500012802D10BF0E5
S21400164079FE357062B6BFF34F8FBFF36F8F4023BE
S214001650012523400193019A514B1A802C420BD04E
S2140016605048FFF789FD280001F036F84E4B1B68FE
S21400167013B11B6803B1984702252C4244D04B4B4C
S2140016801F78A7B94A48FFF777FD012001F024F834
S214001690390040F602100CF097F840F644100CF0B3
S2140016A0EFF80543E9B240F644100CF08DF802ABB3
S2140016B0DF1DFF2239003F4801F0C2FA3E4801F024
S2140016C0D3FA019B13B13D4B1B7A7BB1364B1B689B
S2140016D063B19D6855B1384A39781378002B41D1EB
S2140016E00823D3560620125E3248A8472F4B1B7895
S2140016F053B100F0EBFF052806D1304B587A00288E
S21400170035D0002001F05AFC019B2BB1264B1B68FC
S21400171013B11B6903B1984723060AD5012000F0D0
S214001720DBFF214B1B6823B19B6913B1E005C00F9B
S2140017309847A4050FD500F0C9FF04281AD1194808
S214001740FFF71AFD012000F0C7FF174B1B6813B107
S2140017505B6803B198470023114A13803078C0B203
S21400176005B0F0BD1223D3561020125EBCE701F080
S214001770D3FBC9E700F0AAFF0528ECD10B4B1B787A
S2140017802BB90B48FFF7F8FC012000F0A5FF064B2D
S2140017901B68002BDFD0DB68DBE7C046684F002005
S2140017A0564F0020404E0020504F0020845000200E
S2140017B02C4E0020694F002068500020584F002013
S2140017C010B5002001F032FB0220FFF7B5FB0BF04E
S2140017D085F910BD70B50F4B06005B7B0C0015003D
S2140017E093B9300001F0BCF820000CF0E9F801F0E5
S2140017F039FC40F2E83108486943FFF7BBFD06486C
S214001800FFF72CFD002070BDC0B202F0D9F800280A
S214001810E7D0F8E7584F0020404E002010B500F003
S21400182055FF0400082809D10022074B5A701A7089
S21400183001F026FC20000BF081F910BD0028F9D13C
S21400184001F0A8FAF6E7C046544F002010B501F0A4
S2140018500BF810BD02001F205AB101230849086882
S214001860824207D98868824204D8054ADB009B1862
S2140018701879704701330831172BF0D11F20F8E78D
S214001880CC4E010010B50A4B012807D1094AC733D0
S21400189011700948197001F031F910BD1A00BF32F5
S2140018A01278002AF9D1034AC0331170F1E7C04616
S2140018B0544E0020084000200C4F002070B51C4BF2
S2140018C005005B7B0C0001201BB1280001F0BAFF6D
S2140018D050BB4DB3002340F201211A00080001F06E
S2140018E00CF801F071F8134B01281ED1C7331C7099
S2140018F0114801F003F900222100280001F004FB42
S2140019000E4B0F481968FFF735FD0D48FFF7A6FC8C
S21400191001F05AF8060001F0C3FB230001002A007C
S21400192030000BF017F8002070BDC033DFE7C0466C
S214001930584F0020544E00200C4F00208C500020A2
S214001940404E0020002340F2422110B504001A0049
S214001950080000F0D2FF34B10A482100FFF70AFD64
S2140019600848FFF77BFC084B1B7833B1402000F09B
S214001970BBFF002001F022FB10BD044B186880015D
S214001980F8E7C0462C4E00208450002088500020E7
S21400199070B51B4D04006B7B33B96A7A4AB12000E0
S2140019A0FFF7D0FF002003E001F0FCFF0028F4D092
S2140019B070BD40F242211300080000F09EFF34B1D3
S2140019C010482100FFF7D6FC0E48FFF747FC0E4EE6
S2140019D033788BB1402000F087FF002001F09CFA9E
S2140019E000F0F2FF050001F05BFB220001003378F7
S2140019F028000BF007F8D5E7044B18688001EDE7E0
S214001A00584F00202C4E0020845000208850002084
S214001A10F7B507000C000025C9B3364E01A80BF039
S214001A2077FB3278531CDBB233700AB90BF094FBA9
S214001A3001A80BF072FB092F36D8380011F020FAF7
S214001A40050A292D31393F43475322782A4B1A700D
S214001A5001250FE016250422210001A812F0FFF947
S214001A60019A264B1968914241D0013DADB2083328
S214001A70002DF7D101A80BF04BFB3378013BDBB20E
S214001A8033700BB90BF07CFB01A80BF046FB28006B
S214001A90FEBD2278184B1A72DAE72278164B5A7275
S214001AA0D6E723782F2B01D90025E3E7124AD37215
S214001AB0CEE723782F2BF7D80F4A1373C8E7227880
S214001AC00D4B5A73C4E722780B4B9A72C0E70A4D47
S214001AD023784FF6FF70AF7BAB7301F0FBFA00285C
S214001AE0B6D1AF73E0E72278034BDA73B0E7024B68
S214001AF05A60ADE730620020584F0020CC4E0100FF
S214001B00F7B507000C00002679B3254D01A80BF0A9
S214001B10FFFA2A78531CDBB22B700AB90BF01CFBB9
S214001B2001A80BF0FAFA0026092F11D8380011F098
S214001B30A7F905091E2124272A2D3033194B1B78B7
S214001B40237004E004222000174912F088F90126C9
S214001B5001A80BF0DDFA2B78013BDBB22B700BB93A
S214001B600BF00EFB01A80BF0D8FA3000FEBD0D4BB3
S214001B701B7AE5E70B4B5B7AE2E70A4BDB7ADFE79B
S214001B80084B1B7BDCE7074B5B7BD9E7054B9B7A57
S214001B90D6E7044B9B7BD3E7024BDB7BD0E7C04604
S214001BA030620020584F00205C4F002010B5040023
S214001BB00B4B1870587000F015F854B1342140F2F1
S214001BC040700BF001FE442140F241700BF0FCFD2A
S214001BD010BD142140F240700BF0F6FD2421F3E70F
S214001BE0544F0020012010B500F0E0FE044B18789A
S214001BF05A78824202D05870FFF7D8FF10BDC04610
S214001C00544F002010B5012806D0002000F0CEFE6C
S214001C100022034B5A7010BDFFF7E4FFFBE7C046F7
S214001C20544F0020F0B59BB0119320AB0B9204CB21
S214001C300D911B8814920C9322AB1F8823AB1B7844
S214001C400EAA0E9324AB1B780500129325AB1B78C7
S214001C500F9326AB1B78159327AB1B781693492357
S214001C609B18DB7F13934D239B18DB7F10938B4BC6
S214001C705B7BBBB1109B0B9A0993139B00B2089336
S214001C80169B02970793159B06930F9B0593129B33
S214001C9004930E9B03930C9B0193149B0093119B40
S214001CA001F02CFC109A7E4B1A70534253410E9A48
S214001CB05B421F40FF2302B1129B7A4A1370F5B1B4
S214001CC0012D00D179E0109B28000993139B0B9AF5
S214001CD00893169B0D990793159B029706930F9BE7
S214001CE00593129B04930E9B03930C9B0193149BEA
S214001CF00093119B0AF010FE00201BB0F0BD6A4C4A
S214001D00280000F04FFD2300E8331D7023000B9AD7
S214001D10EC331A6023000B22F4330D981A70FFF789
S214001D2099FD2300F533187023002200B8331D7088
S214001D300C9BBA32DB001380230041F60402BC334E
S214001D401A802300BE3322001D7001230E99BF3275
S214001D505940117022005349C032097811700F9A09
S214001D6002B1F1332200C132137023000122C233C4
S214001D70E8341A70FFF7CEFB2078431E9841C0B2B5
S214001D80FFF740FF200000F075FE484800F0B6FE62
S214001D900822474918A812F062F818A800F0BDFCFF
S214001DA040F2FF1000F0E2FC41F640737B430B9AD2
S214001DB0B3FBF2F33F4A136085E73B4C002000F08C
S214001DC0F1FC2300E8331D702C226B469B181E780E
S214001DD02300F8330D9A1E70374B10009B5C0B994E
S214001DE0053E1793FFF70EFB0C9B012E06D86B469D
S214001DF00C9A1B8E0C2A00D20C239BB22200179939
S214001E00F932117022001199FA3211702200FB3259
S214001E1010700122254926000A702200C432138061
S214001E2023000E9AC6331A7023001E4AC733127850
S214001E30C9361A7023000F9AC8331A70139BE834F9
S214001E403370FFF767FB2078431E9841C0B2FFF758
S214001E50D9FE200000F00EFE144800F04FFEF8B247
S214001E6000F0A9FC3378042440F23670012B10D120
S214001E700BF006FDA043C1B240F236700BF0A4FC96
S214001E807B427B410D4A5B4213404FF6FF729B1824
S214001E9090E70BF0F5FC0443E1B2EDE7584F002065
S214001EA08450002008400020544E00200C4F002094
S214001EB01450010088500020C04E01000100FFFFB2
S214001EC0F0B599B00B931EAB109204CB0F911B7814
S214001ED00C92119320AB1F8821AB1B7805000D9345
S214001EE022AB1B780E9323AB1B78139324AB1B7883
S214001EF0149325AB1B781293764B5B7BA3B1269B82
S214001F0000920893129B109A0793149B00B20693B4
S214001F10139B029705930E9B04930D9B0393119BB3
S214001F2001930B9B01F012FB4DB1012D58D040F6EA
S214001F3089000BF0A5FC04210143C9B2A6E0664C5B
S214001F400C9A2300E8331D702300EC331A6023003C
S214001F500B22F4330B981A70FFF77CFC2300F53342
S214001F6018702300109AF0331A6023002200B8334A
S214001F701D70BA32FB001380230041F60402BC3306
S214001F801A802300BE3322001D7001230D99BF3234
S214001F90594011700E9A02B1F1332200C13213700B
S214001FA023000122C233E8341A70FFF7B3FA207810
S214001FB0431E9841C0B2FFF725FE200000F05AFDF0
S214001FC0464800F09BFD0822454916A811F047FF39
S214001FD016A800F0A2FB40F2FF1000F0C7FBA6E731
S214001FE03D4C30222300E8331D706B469B181E784C
S214001FF02300F8330B9A1E703A4B10009B5C0C992A
S214002000053E1593FFF7FEF93B00012E03D80C2F73
S21400201000D20C239BB22600159AF93632702200A5
S2140020201199FA3211702200FB32107001222B49EE
S2140020300A702200C432138023000D9AC6331A7029
S2140020402300294AC73312781A7023000E9AC83321
S2140020501A702300129AC933E8341A70FFF75AFA36
S2140020602078431E9841C0B2FFF7CCFD200000F058
S21400207001FD1A4800F042FD3378062B00D056E7E3
S21400208040F689000BF0FCFBFB21014040F689007E
S2140020900BF09AFB0F980BF093FC269A134B280034
S2140020A01A60129B08920793149B109A0693139B30
S2140020B00F9905930E9B029704930D9B0393119B18
S2140020C001930C9B00930B9B0AF034FC002019B084
S2140020D0F0BDC046584F0020544E00200C4F002044
S2140020E014500100C04E0100084000208C50002013
S2140020F010B5FFF777FD00231A001900180000F04E
S214002100FCFB00F027FF10BDF0B58BB009910692DE
S2140021100593322B00D9B2E05B4C2600F5363378B7
S21400212008932300F9331D7800231A0019001800BD
S21400213000F0E3FB00F048FC0790012859D1534B10
S2140021405E683EB933005249DA0052181168A94257
S2140021504BD1566827000025FFF7DCF90020FFF773
S21400216051FDE83730003D70FFF774FB2300F53370
S2140021701870380000F07EFC2000B830057000F0C3
S214002180BDFC40F2E833059A09985A430592FFF7DA
S21400219095F9404800F0C0FE0BF0A7FE05002800A9
S2140021A00BF0A7FE0028FAD000F014FD069B0500F1
S2140021B0002798422FDA0BF098FE070000F00AFD81
S2140021C0069B0500984225DA38000BF092FE6B4617
S2140021D09B8A9842F2D300F0FDFC069B050001277F
S2140021E0834200DC0027FFB215E001330A2BAAD198
S2140021F0B0E7FFF78FF9254B586848B12500002354
S214002200E8352B70FFF726FB3070280000F032FC14
S2140022100026B6E70027FFF77DF9079B012B1FD1A5
S214002220FFF7E0FC23002000089AF5331A70079B9E
S214002230E830037000F01EFC2000079BB8300370E7
S21400224000F05CFC059B32000193069B0020009387
S21400225009992B0002970AF01FFB38000BB0F0BD5F
S2140022600A4B5B68002BEDD02300089A2000F5335C
S2140022701A700023E830037000F0FCFBE2E700264B
S21400228035003700DEE7C046544E0020584F002089
S214002290704E0100FFFFFF00F0B5514C87B02600DE
S2140022A005900391F536337802932300F9331B78B3
S2140022B00493322900D991E000231A00190018006F
S2140022C000F01BFB00F080FB464F0190012864D114
S2140022D07D6845B92B004449DA0052181168049805
S2140022E0814256D155680026FFF714F90020FFF703
S2140022F089FC3E4B28001E70FFF7ACFA2300F5332E
S21400230018703A4800F0B6FB2000B830067000F0AF
S214002310F5FB0598FFF7D2F87B7A3548002B4CD0B2
S21400232000F04CFE40F2E836039B5E430BF0DDFD0A
S214002330050028000BF0DDFD0028FAD00BF0D5FDD7
S2140023402C4D039000F046FC2B1C854200DA031C43
S21400235003981DB20BF0CDFDB3B29842F2D3FFF74F
S214002360D9F8019B012B2BD1FFF73CFC2300200062
S214002370029AF5331A70019BE830037000F07AFB7E
S2140023802000019BB830037000F0B8FB280007B0AF
S214002390F0BD01330A2B9ED1A5E7FFF7BBF878689E
S2140023A00028B6D025000023E8352B70FFF752FA38
S2140023B03070280000F05EFBABE700F0ADFDB1E743
S2140023C07B68002BE2D02300029A2000F5331A70B7
S2140023D00023E830037000F04DFBD7E7054DD5E746
S2140023E0544E0020584F0020704E01003C4F0020F5
S2140023F0FFFFFF000080FFFFF0B585B015000AAABA
S21400240017880BAA019111780CAA14780DAA1278D5
S21400241048B1012814D00125002040190138B0FB2E
S214002420F5F005B0F0BD012340F2E8304B40FB1854
S2140024305200DB0012191833D2009B185843ECE701
S214002440043302936B1F012B04D83B1C0C2F00D2C5
S2140024500C239FB21201E400A4184A4251411423EF
S214002460AE0049420B40A41BE418AB1E0393062D96
S21400247007D9290001980834FEF7C4FF08B1AB1E3F
S2140024809E00E343DB171C40A419013C94FBF6F6C0
S214002490029B7343DA1913000E33062D00D9023B54
S2140024A0084A0199525C0A2A0AD803999B0001330C
S2140024B08B4040F2E8305843034B9200D558ACE7C7
S2140024C0FFDEC046C04E0100184E010030B585B094
S2140024D00400092240F29F2001A90BF07FF96B4609
S2140024E01D79002301A8AB4214D1032B10D86946EE
S2140024F05A1C0A716A465B00210A0532D1546A46A4
S2140025000632D45440F29F20092201A90BF00EF99E
S21400251005B030BD010042788978120252180230A8
S2140025209442F5D00133DBB2DDE700000300002063
S2140025300A2B01D8014AD05C7047C046044E010001
S214002540F0B504000E0085B018B30020012C51D160
S214002550294D2B00F9331878FFF7E8FF0100280013
S214002560C83000782B002A00471EB841FA33F832EC
S2140025701B781278039028000296C6300078C4357F
S214002580461EB0410190288800902000FFF734FFD7
S21400259030E0194B1A00EC3215681A00C132127876
S2140025A00296013A511E8A4103921A00BF321278EF
S2140025B0BA3351424A4101921B882A00DB08009335
S2140025C001000300FFF718FF41F65732012395423A
S2140025D00FD840F6B732DB1895420AD840F2CF72D1
S2140025E00133954205D840F2E7320433954200D9CC
S2140025F0023B181805B0F0BD544E002010B5074C2D
S21400260010220021200011F0C1FB0BF0E5F910B9F3
S2140026101323E372237300F049FD10BD584F0020CA
S21400262010B50024214B1860214B22485C701C70AA
S21400263000F0D6FB200000F0ADFB012000F0E7F82C
S2140026402100200000F0ACFA2000042100F0C2F9BE
S2140026504FF6FF7123002200080000F04EF940F606
S214002660AC00FFF733FF40F68900FFF72FFFFFF7B8
S214002670C5FF1148FEF780FD1048FEF77DFD1049A6
S2140026800D48FEF749FD0F490C48FEF745FD0E4B79
S2140026901C7000F043FB80B2033400B904004FF610
S2140026A0FF7000F017FD200010BDC046504F002000
S2140026B0544F0020CD150000404E00202C4E002028
S2140026C06D14000089140000684F0020014B187834
S2140026D07047C04609400020014B18707047C0463E
S2140026E00940002010B5084B1A78082A08D840F28E
S2140026F04113D340DB0703D50AF04CFF0BF072F909
S2140027000AF03EFF10BDC0460940002010B50A0082
S214002710010000200BF0BEF810BD10B5010040F21D
S214002720C06008220BF002F8002010BD07B5064B6B
S21400273001A91B7840BA088023B9022240F2BC6087
S2140027400AF0F4FF07BDC0469D50002007B5064BB3
S21400275001A91B7840BA088023B9022240F2BE6065
S2140027600AF0E4FF07BDC0469D50002010B50C4B94
S21400277004001B789BB940F2B8600BF081F8012288
S2140027800100230A91431340C9B240F2B8601943CE
S2140027900BF01AF840F2B960E1B20BF015F810BD74
S2140027A09D50002007B56B46D91D087001229F205A
S2140027B00AF028FF07BD73B5031C0400F82804D9E7
S2140027C045F21C03C0F201031B780133DBB25B1039
S2140027D00025DEB21F2B02DD0336B60801353200B7
S2140027E06B0001339A4013006A46D3716B46012290
S2140027F0A020D91D0AF006FF44B16B46F600A919C1
S214002800C9B240F20670D9710AF0DEFF73BD07B593
S2140028106B46D91D0870012296200AF0F3FE07BD0C
S21400282007B56A46031CD11D58069A06C00FD20F7C
S214002830520180011043DA07D20F1043DA06D20F96
S214002840120110431A07D20FD20010435A07D20FB4
S2140028509B079200DB0F10435B00184308700122B1
S21400286089200AF0CFFE07BD07B5104B01A9984294
S21400287006D90F4B0B80022298200AF0C3FE07BD34
S2140028800C4B984201D90C4BF4E70C4B984201D9FB
S2140028900B4BEFE70B4B984201D90B4BEAE70B4B80
S2140028A09842E8D946F66B73E4E7C04600E9A435DB
S2140028B0E1E9FFFF80F8A932D7DBFFFF8044E52D72
S2140028C0C1C5FFFF000B6B1B7581FFFF40FC541951
S2140028D013B501AC20706170A2702100042295200F
S2140028E0E3700AF08FFE13BD07B56B46D91D08705E
S2140028F0012293200AF086FE07BD13B56C4652BA35
S214002900A280082240BA49BA208061805BBA694634
S2140029101000E3800AF076FE13BD13B501AC022268
S214002920210012200AF0B6FE208840BA80B216BDFA
S21400293007B56B46D91D087001229D200AF062FE7D
S21400294007BD07B50B00072201A910401A0C087036
S2140029504A705BBA042297204B800AF053FE07BDEC
S21400296037B5104B104D18602B7804001BB9FFF7D5
S2140029707BFF01232B7043F60951B4FBF1F20B00E9
S21400298041F684605343E31A9B031B18B3FBF1F331
S21400299092039B181BBA0422862001A901930AF011
S2140029A031FE37BD945000209050002007B56B468E
S2140029B0D91D044B0870187001228A200AF022FEE6
S2140029C007BDC0469D500020014B18787047C04692
S2140029D09D50002037B504000D000AF0F7FF0200F6
S2140029E0012826D1030000210F2C08D10620FFF76E
S2140029F06FFF231C5AB20E2A0CDD0E230AE00420B9
S214002A00FFF766FF231C1134F4DA45F21D03C0F20B
S214002A1001031B7818215CB240F6E7000AF0D4FEEA
S214002A206B4602228E2001A95D711C710AF0EAFD38
S214002A3037BD40F6D8000AF023FF1E210143C9B275
S214002A4040F6D8000AF0C0FE012300220721042029
S214002A50FFF73EFF231C093407DA45F21E03C0F2D7
S214002A6001031B7838215CB2D6E75AB2162AF9DD84
S214002A701623F7E713B5040008220021684611F074
S214002A8085F91C4B20781B78834201D0FFF78EFF18
S214002A90237813B1012B28D013BD6268164B694604
S214002AA0B3FBF2F343F609501A0C0A701A0A4A707E
S214002AB08B70237BA268CB70637B0B71B2FBF0F14B
S214002AC003004B43D31A41F684629B039B18B3FB67
S214002AD0F0F389035B1869461A0C4A7108225BBA40
S214002AE0CB808B200AF08EFDD6E723690422694648
S214002AF00093F6E79D5000200000093D30B5040025
S214002B0085B001AD09220021280011F03FF9224BC3
S214002B1020781B78834201D0FFF748FF23781BB14B
S214002B20012B2BD005B030BD637AF12B1AD14FF6AE
S214002B30FF70FFF7FBFD48F20500FFF707FE0223D4
S214002B406288A18852BA2A80227A6980AA710922EC
S214002B50E188EB71A980A37A2B7229008C200AF0F9
S214002B6051FDDFE7F22BEBD141F60F50FFF7DEFD0C
S214002B7041F22100FFF7EAFD0623E1E7A389074AB1
S214002B805BBA2B80A37B1370AB70E37B0622EB70E3
S214002B90238AAB80E1E7C0469D5000209C50002071
S214002BA007B56B461871597102228F2001A90AF0E9
S214002BB029FD07BD002110B50A00C0200AF06AFDF5
S214002BC00721021143100A400B401201580010431F
S214002BD010BD000013B501AC0122210015200AF03B
S214002BE059FD064B22781B7852085BB29B1A181CBC
S214002BF0803301DA4FF6807000B216BD584F0020C1
S214002C0037B505000C000222132001A90AF042FD88
S214002C10094B1B78012B0CD1084B1B78012B08D1D4
S214002C2040F202700AF02CFE6B4628705B79237027
S214002C3037BD6B461879F7E79D5000209C50002062
S214002C40F7B56B460C00DF1D0500390020001600A6
S214002C50FFF7D6FF22780120B24204D83878290040
S214002C600AF060FE0020FEBD37B5040001AD032269
S214002C70290014200AF00EFD254B1B7823704BB15B
S214002C80012B24D01B220021601C11F07FF80F239B
S214002C9023701BE000222B7823711E4B9A566B780C
S214002CA092B25B08D31A191C1BB2803301DA4FF6B6
S214002CB080712181AB785B08D31A1A1C1BB2803353
S214002CC001DA4FF680720023E280E36037BD00220F
S214002CD0104B9A562B7892B25B08D31A191C1BB26B
S214002CE0803301DA4FF6807101232182EB560233DE
S214002CF09B10A374AB785B08D31A1A1C1BB28033E4
S214002D0001DA4FF68072044BA2821B68A361DDE7EE
S214002D109D500020584F002098500020002313B5E7
S214002D2001AC21000222172023800AF0B3FC012305
S214002D3062785110100019409940184008439110CD
S214002D40194089000843D1101940C90008431111E1
S214002D5019400901084351111940921149011A40BE
S214002D60084392011043227813401B02184316BDF5
S214002D70002307B5022201A907200B800AF042FCB7
S214002D8007BD07B5022201A940BA088010000AF064
S214002D9039FC07BD07B56B46D8710E48FEF7ECF94F
S214002DA00D48FEF7E9F96B460122D91D80200AF08E
S214002DB029FC6B46DA79094B4AB9013220201A7091
S214002DC0FFF792FD4FF6FF70FFF7DBFF07BD02220D
S214002DD01A70F7E7404E00202C4E002009400020D5
S214002DE010B504000AF0B6FB20000AF093FB0AF0C8
S214002DF0D1FB0020FFF7CEFF0AF09AFB0AF0F2FDA7
S214002E000120FFF795FD0122044B1A700023044AA7
S214002E101370044A1370044A136010BD0940002062
S214002E209D500020905000209450002013B5041CA4
S214002E30FFF7C0FE60230340202B02D00020FFF7E0
S214002E40A9FF0AF00FFE6B46A207D91D6307DB0F2A
S214002E50D20F52009B001343E207D20F1343842085
S214002E6001220B700AF0CEFB04210B00074A234018
S214002E70214202D00023137013BD08211170044AAA
S214002E801370044A1360044AF5E7C0460940002060
S214002E9090500020945000209D50002037B50AF036
S214002EA09BFD88B96B460122D91D80300A70074DFC
S214002EB00AF0A8FB064B40F61110E97A5C6CA047B6
S214002EC040F61210297BA04737BDC046584F002059
S214002ED0844F010013B504220400094B09481A70F8
S214002EE0FEF74AF9FFF7DAFF01A9230C0B7003225D
S214002EF0230A83204B708C700AF084FB13BDC046F7
S214002F00094000202C4E002010B51400FFF7FEFBF1
S214002F102000FFF7DFFF10BD052213B504000B4BA2
S214002F200B481A70FEF728F9942140F6AC000AF018
S214002F304BFCFFF7B3FF01A9230C0B700322230AF7
S214002F4082204B708C700AF05DFB13BD0940002098
S214002F50404E0020F0B540F6E206002785B030006F
S214002F6003970AF08DFCFE2140F6E50501400400BB
S214002F7030000AF029FC28000AF082FC7F2101902C
S214002F80014028000AF020FC0B48FFF7C5FF04228A
S214002F9003A940F619000AF021FC3800FFF7FAFEF4
S214002FA0210030000AF010FC280001990AF00CFC01
S214002FB0039805B0F0BDC046FFFFFF00052213B51D
S214002FC004000B4B0B481A70FEF7D6F8962140F615
S214002FD0AC000AF0F9FBFFF761FF01A9230C0B70A8
S214002FE00322230A82204B708C700AF00BFB13BD61
S214002FF009400020404E002037B505000C00FFF7C2
S2140030004DFF6A462B0C13702B0A5370230C64BAC0
S2140030109570D37094806946062294200AF0F2FADE
S2140030200622014B1A7037BD0940002010B5FFF785
S21400303035FF0022C52011000AF0E4FA0722014BF2
S2140030401A7010BD0940002010B5FFF727FF0022B8
S214003050D12011000AF0D6FA0422014B1A7010BDD6
S2140030600940002010B5FFF719FF0022D2201100FA
S2140030700AF0C8FA0422014B1A7010BD094000205D
S21400308010B50120FFF754FC0AF052FA0120FFF7B2
S214003090BEFB0122014B1A7010BDC046094000203D
S2140030A0014B18687047C04694500020024B1B78AE
S2140030B00BB9024AD38170479E500020584F00201B
S2140030C0030000200A2B04D840F27D60D84001237C
S2140030D018407047F7B5294B05009E7B3000FFF778
S2140030E0EFFF0190002846D00027254C1422390017
S2140030F024482770676010F049FE182239002248DD
S21400310010F044FE2148037823B1230046331B7891
S214003110B34230D02300463300221E700023A26341
S214003120E3630023A11D2200CB8780214732117064
S21400313022004832137040F2013C1A0014492364FE
S2140031400F78B7420ED101273D420BD00B2A08D884
S214003150104FD300D951DB19674601329F80019B7F
S214003160D2B26D080C4F2C31B942E9D10BB14834BC
S2140031702270012303700198FEBDC046584F002000
S214003180A0500020A8500020BC5000209E500020D8
S21400319020500100F05000201C5501004A425141C9
S2140031A0094A4942114042F2107289180300C84386
S2140031B00A2B07D8054AD35C054A9B009B58C818BB
S2140031C003B9C8437047C046F0D8FFFFC04E0100A1
S2140031D0444E010010B5040008002CB1012C09D1A2
S2140031E02100FFF7DBFF10BD500042F210729B1863
S2140031F0C018F8E701204042F5E70000F7B51B4A83
S214003200CE00B218127903000120D2B100229C5ED3
S214003210DD68844216D100219868FFF7BFFF134B84
S214003220134A9B5940F20C0C2A331B781049DB00DA
S2140032309A5C5B1801920022019ED1B28E4203D89E
S2140032400420FEBD5868EAE7614651435F687E1871
S214003250795EA14205D17168A94202D1B168814266
S21400326001D00132E8E70020EBE7C046F05000202E
S2140032701C55010003000D48D200125830B55468A2
S21400328002209C4211D895689D420ED3D2681B1B23
S214003290B3FBF2F454431D1BA34206D12800012AB7
S2140032A003D08A4292415242500030BDF050002076
S2140032B0044BC900CB585B69834280414042000101
S2140032C07047C046F0500020F8B51A4C0020236C1A
S2140032D063B3A31DDB8F184DDB005B59188B28B337
S2140032E0FEF750F80023226C06000F00A06BE16B7F
S2140032F0801859410222002312184B41BB4216D8AF
S21400330001D1B24213D802225242D317121A8B416D
S21400331092197B410634E18F0120C9006958098B58
S2140033200BB9914200D80020800180B2F8BD00227F
S2140033300023EFE7A0500020F050002003000020FC
S21400334082B00190D1B142F20F7291420CD840F295
S214003350E73291420AD9013242F210700192019A84
S214003360401AB0FBF2F0584302B07047642263295B
S214003370F2D80A220929EFD80122EDE70121FBE75E
S214003380F8B51F4C0020236CABB3A31DDB8F1D4D7F
S214003390DB005B59188D70B3FDF7F4FFA66BE76B87
S2140033A00B0002001900236C10009C461A00002334
S2140033B0B6185F410222002392197B418B421BD82C
S2140033C001D1824218D802225242D317921BBB4127
S2140033D012184B4116001F000634E38F6046DB00D0
S2140033E0EB58198DFFF7AAFF01230FB9B04200D89A
S2140033F00023580180B2F8BD00260027ECE7C0463F
S214003400A0500020F0500020124AF0B5130004002F
S214003410463319784832104B1278DD7B0F4B06394D
S214003420D200C9B2D218934201D10020F0BD0129C2
S21400343005D825B918682A300078022808D01879E7
S21400344030B11E687768A74202D8B668A642EDD2A9
S2140034500833E8E7A0500020584F0020F050002026
S21400346073B5204D060001A80C0009F051FE2A781D
S214003470531CDBB22B700AB909F06EFE01A809F0E6
S2140034804CFE701E042809D80FF0FAFC03161A2109
S214003490280050222100144810F0E1FC01A809F091
S2140034A037FE2B78013BDBB22B700BB909F068FEB8
S2140034B001A809F032FE73BD22780B4B1A70EDE7B7
S2140034C0094B083307CC07C306CC06C3E6E7064B12
S2140034D01C3307CC07C307CC07C3DFE72268024BC1
S2140034E05A60DBE730620020A050002007B501904C
S2140034F001A90520FFF7B4FF00200EBDF0B50600B9
S2140035000D008BB0019311AB1B880092029313AB96
S2140035101B781222039315AB1F7804AB0021981D6D
S21400352010F034FC009B05AC0793019B210023732D
S214003530029B0320E381039B268006952374677411
S214003540FFF78EFF00200BB0F0BD0000F0B50C00BA
S214003550060015008DB0019312AB04CB00211B783A
S2140035600292039314AB1B881522049315AB1B78A9
S214003570059316AB1F7806ABD81C10F007FC06ABFD
S2140035801E809C70019B039A0893029B042009935B
S21400359006AB1A74049A19005A82059A5F751A7552
S2140035A00795FFF75DFF0020024B47331C700DB0F8
S2140035B0F0BDC046A050002073B5214D060001A8FE
S2140035C00C0009F0A5FD2A78531CDBB22B700AB953
S2140035D009F0C2FD01A809F0A0FD701E042809D854
S2140035E00FF04EFC03161A222A005022200015491E
S2140035F010F035FC01A809F08BFD2B78013BDBB2FF
S2140036002B700BB909F0BCFD01A809F086FD73BD4F
S2140036100C4B1B782370EDE722000A4B083343CB94
S21400362043C203CB03C2E5E72200064B1C3343CB61
S21400363043C213CB13C2DDE7024B5B682360D9E7B6
S21400364030620020A0500020F0B59BB014AD1822C8
S214003650040000210EA810F099FB29000420FFF7B3
S214003660ABFF05200CA9FFF7A7FF0023EE5EA968B5
S214003670EB6830006A68FFF7ADFDF3B202936D4B5E
S21400368008905B6A2100029898476B4B0490483379
S2140036901B786A4E0793684B46331B78063BDBB2B3
S2140036A00593674BDB7B06930C9B03930EAB019352
S2140036B0002300936B461F78079BBB4200D8A2E00E
S2140036C0059B012B07D8069B2BB933682A331B783A
S2140036D0022B00D1A0E03379002B00D19CE03A0009
S2140036E008990398FFF7C6FD019B3900099028004A
S2140036F01C88FFF783FD099B3900034304981C438D
S214003700FFF7D6FDA4B2019B0443A4B21C80002C94
S21400371000D081E0FFF734FE0400FFF7D5FD009BE4
S21400372004435B001800019310230AA9A4B2C91829
S2140037300C52DCBB0099414BCE009A5940F2E7335D
S214003740D2699A4232D93B4A0DA9D56F0120A847C3
S2140037500AA903312000A847384B364A9959956F75
S21400376024310120A847354B711DC9182000A847F1
S21400377040F2E831314B9A59D3692020125EB3FBF0
S214003780F1F32C499BB20E6902980399B0470600E4
S2140037900DA90120A8470AA920000331A8472EB981
S2140037A01022802301980AA98A181352009B0EAA99
S2140037B05B009B5A13BBFDF7E5FD1F4B049A98630D
S2140037C0D9631A640633DF87009B1C4ADB00D35894
S2140037D014A91B7C887889781A1C49B25BB28B4284
S2140037E000DD021C0021144B50B24733595681426B
S2140037F002D01A700AF0E4F8002006E060221342B5
S21400380012D11B0613D4FF276520FF2318403B4028
S2140038101B0218431BB0F0BD009B08360133009313
S214003820019B0233019345E7FF276620EDE7FF275C
S2140038306720EAE7844F0100A0500020F0500020E7
S214003840584F002037B56B46DD1C02200C002900BF
S214003850FFF7B2FE2B7803201BB92000FFF7F4FE1B
S214003860C0B23EBDF0B599B0182200210DAC12A82A
S21400387010F08CFA21000320FFF79EFE05200CA90D
S214003880FFF79AFE0022A35E019303BB63680393CF
S214003890404B00271A0048321278463309921B78AC
S2140038A03D4D063BDBB205933C4BDB7B06930C9B06
S2140038B0079312AB0293099BBB4210D1FF276420EB
S2140038C0FF2318403B401B02184319B0F0BD0023ED
S2140038D061681A000198FFF77DFC0390D8E7059B06
S2140038E0012B0DD8069B5BB92B682A331B78022B5D
S2140038F006D1029B01370233FFB208350293DAE79E
S2140039002B79002BF5D03A0003990798FFF7B2FC05
S214003910029B1B881843029B84B21C80002CE8D1B3
S2140039202B681F4A2A331E78F600B35CB118019A3A
S21400393004932300012A25D121000E98FFF72EFCC0
S21400394040F20C0C0F9B0893154BF3180499E2B247
S2140039508A42CED2624662435E68B118B25E012ADF
S21400396006D14A68089E964202D18A6882420ED0E4
S2140039700134EBE70C2058434A680133825E019815
S214003980904204D00498DAB29042F3D8B1E700200F
S21400399096E7C046A0500020F0500020584F002068
S2140039A01C55010013B56B46DC1C02202100FFF7F6
S2140039B003FE2378032013B9FFF754FFC0B216BDE9
S2140039C00320704703207047F8B52E4C01252300CE
S2140039D022004633197848322B4B1278DE7B2B4B6D
S2140039E00639D200C9B2D218934205D1002D46D16D
S2140039F0236C83B90020F8BD012905D826B91868BC
S214003A002A300078022804D018794742784140428C
S214003A1005400833E8E7FDF7B5FC02220023060060
S214003A200F00A06BE16B12184B419F4202D823D1C6
S214003A30964221D902225242D317121A8B41B61847
S214003A405F41256C0634E38F104ADB00D45828000B
S214003A50218DFFF773FC218B0200814200D90A00FA
S214003A6000232800002180185941B94202D8C1D14C
S214003A70B042BFD9801BBEE700260027E1E7012041
S214003A804042B8E7A0500020584F0020F0500020D9
S214003A900821084A93788B4393708022064B520580
S214003AA099680A439A608022996812060A439A60C7
S214003AB07047C04600100D40FC6F044010B504006F
S214003AC010220021B1300AF063FB23000021D4331A
S214003AD0B022200019600AF05BFB10BD10B50DF097
S214003AE017FB10BD0300F0B5D433040018680E00B1
S214003AF0150087B0A0B310231B1A1F000093934233
S214003B0000D917002300C133BAB218183100019348
S214003B100AF029FB2200D4321368FB1813600F2B1F
S214003B2028D9009BAB4225D22000B13003001A787A
S214003B30197C4A401A70019A01339A42F7D1244AF6
S214003B4024499368F6190B409360936801005B0064
S214003B505B08936022000DF0E9FAFFF799FFED1B72
S214003B602000C130102D07D83100AAB2D4340AF094
S214003B70FAFA256007B0F0BD2700B1373B00009683
S214003B8000991A7809784A401A70009A013301326F
S214003B9000929842F4D11022390002A80AF0E3FA03
S214003BA00B4A0C49936810360B409360936802A941
S214003BB05B005B089360080022000DF0B7FAFFF781
S214003BC067FF1022380002A90AF0CDFA103DC7E7B9
S214003BD0FC6F0440FFFFFFEFF0B50C008BB05E4DAE
S214003BE010220021019002A80AF0D2FAAB685B4AC4
S214003BF002A91340AB60AB6822005B005B080800BC
S214003C00AB600DF093FAFFF743FF02AB1A78002182
S214003C107F2A49D918785A784000D20902430131E0
S214003C201A7001330F29F5D102ABDA7B79235200E3
S214003C305B4253402700D4373868DBB202AAD373FE
S214003C4010283FD123002000C133D13019781678D0
S214003C5001327140197001339842F7D121002000DB
S214003C60B1310B00C1301A781E7C72401A700133D5
S214003C708342F8D106A810220AF075FAAB68374AD4
S214003C8006A91340AB60AB6822005B005B08AB6024
S214003C9001980DF04BFAFFF7FBFE1022002102A858
S214003CA00AF076FA0BB0F0BD18785A784000D209C0
S214003CB0024301311A7001330F29F5D102ABDB7BC9
S214003CC05B00B7E70022002102AB9A568A4234DA3C
S214003CD01E785A787600D209324301311A700133C1
S214003CE00F29F5D102ABDA7B792352005B425340B1
S214003CF0DBB202AAD37380222318C1331A70431C86
S214003D0000260093102B01D80F36361AC230320028
S214003D100021201810F03AF8009B2000F618230027
S214003D203E60C13302AAD13019781678013271404C
S214003D30197001338342F7D190E71E785A787600DF
S214003D40D209324301311A7001330F29F5D102AB83
S214003D50DB7B5B00CCE7C046FC6F0440FFFFFFEF59
S214003D607047000070B500221124084D230053430D
S214003D70EE5C864205D10020054A20339B180B6076
S214003D8070BD0132142AF1D10320F9E774510020E6
S214003D9054510020F0B5BFB006000D0017000224F5
S214003DA0019309B3449BFBB108A8FFF787FE01986F
S214003DB003A9FFF7D7FF0400B0B9039908A801319B
S214003DC0FFF78CFE26B11022310008A8FFF78AFE06
S214003DD03A00290008A8FFF785FE08A904A8FFF7FF
S214003DE0FBFE049B449A136020003FB0F0BD000029
S214003DF07FB50026334C05001022002168460FF0E0
S214003E00C5FF631CDE772300012231331A702300BE
S214003E10921842331A702300053253331A70230067
S214003E20013264331A702300013275331A7023008E
S214003E30763286331A702300013297331A702300C5
S214003E400132A8331A7023000132B9331A702300E6
S214003E500132CA331A7023000132DB331A70230092
S214003E600132EC331A7023000132FD331A7023003E
S214003E700132FF33DA7340F21F130132E25411337A
S214003E800132E25411330132E25411330132E2546A
S214003E9011330132E25469460B487C3A0AF063F962
S214003EA01022310020000AF073F910223100074872
S214003EB00AF06EF905B9064D0020064B1D6004B0E9
S214003EC070BDC04654510020B852002064510020F6
S214003ED0613D000050510020010010B5022029B1BC
S214003EE0034840F274120AF03EF9002010BDC046A6
S214003EF05451002040F27413036001487047C046D6
S214003F005451002013B5040003207E2B04D80498D7
S214003F1000902000FFF73EFF16BD30B585B01C00B0
S214003F2008AB05001B78022061B10020039003A8AF
S214003F3000902800FFF72EFF20B90398001B431EB1
S214003F409841C0B205B030BDF0B5B1B00F00140056
S214003F50022500900193C8B1019BBBB10F23033526
S214003F6019401F4212D1B02203A80AF011F920000E
S214003F7002A9FFF7F7FE050040B9029903A8013130
S214003F800DF0C6F83E00B81BC0B216B9280031B016
S214003F90F0BD114C114AA368103E1340A360A368FD
S214003FA003AA5B005B08A360009BB6B21918019BCE
S214003FB018180DF0BBF80821094A93788B439370C4
S214003FC08022A36852051343A3608023A2681B06C1
S214003FD01343A360D7E7C046FC6F0440FFFFFFEF24
S214003FE000100D407FB5002311220D001A49140061
S214003FF05C430E5D86422AD1184B80382134C0B20D
S2140040001022174EE418092819D840F24923C34055
S214004010DB0714D5002168460FF0B8FE6B467F22FA
S21400402010212800FFF790FF1022050069462000A7
S2140040300AF099F833689847280004B070BD290044
S21400404020000AF090F8336898470025F4E701331B
S214004050142BCCD10325EFE77451002054510020D7
S21400406050510020022310B511B1FFF7BBFF03002B
S214004070180010BD7FB50D0016001C000220B1B15F
S2140040801022002168460FF081FE7F2C04D1022307
S21400409032009A43032052B16B46320010212800AA
S2140040A0FFF752FF18B969462000FFF79BFF04B0E0
S2140040B070BD0000010010B5022039B1044810227E
S2140040C00AF051F8034B1B689847002010BDC04605
S2140040D05451002050510020004870475451002091
S2140040E0010010B5022039B1044810220AF03BF84E
S2140040F0034B1B689847002010BDC0466451002043
S21400410050510020004870476451002003000020F2
S214004110082B04D82230FF30D840012318407047BF
S214004120030007B50800052B07D0082B08D053B9A5
S21400413000F0E0F9019001980EBD01F07FFAF9E772
S21400414001F0C2FFF6E700230193F4E7030010B581
S2140041500800052B05D0082B06D00BB900F054FA42
S21400416010BD01F0D1FAFBE702F01EF8F8E70300F5
S21400417010B50800052B05D0082B06D00BB900F0AB
S21400418067FA10BD01F0D4FAFBE702F021F8F8E771
S214004190030010B50800052B05D0082B06D00BB978
S2140041A000F068FA10BD01F0D5FAFBE702F022F83D
S2140041B0F8E7020010B50800052A08D0082A09D03A
S2140041C0002312B900F02AFB0300180010BD01F00E
S2140041D071FBF9E702F0F4F8F6E710B50400080002
S2140041E01100052C08D0082C09D0002314B900F0C3
S2140041F01BFB0300180010BD01F064FBF9E702F09A
S214004200E7F8F6E7030010B50800052B05D0082BE5
S21400421006D00BB900F0EAFE10BD01F0C3FEFBE7C6
S21400422002F008F9F8E7020010B50800052A08D0E1
S214004230082A09D0002312B900F038FB0300180042
S21400424010BD01F069FBF9E702F01CF9F6E710B5BE
S2140042500400080011001A00029B052C05D0082C4B
S21400426006D00CB900F036FB10BD01F069FBFBE789
S21400427002F03EF9F8E710B5040008001100052C1E
S21400428008D0082C09D0002314B900F073FB0300F3
S214004290180010BD01F09CFBF9E702F065F9F6E79F
S2140042A070B50500080011001A00052D08D0082D6D
S2140042B009D0002415B900F0C7FB0400200070BD2B
S2140042C001F0F0FBF9E702F097F9F6E773B5079E01
S2140042D00500080011001A00069B052D09D0082DC0
S2140042E00BD000241DB9009600F036FC0400200018
S2140042F076BD009601F05EFCF8E7009602F002FA42
S214004300F4E7020010B50800052A08D0082A09D0EC
S214004310002312B900F0CAFC0300180010BD01F01B
S214004320E1FCF9E702F0C6FAF6E7020010B508006D
S214004330052A08D0082A09D0002312B900F08AFE00
S2140043400300180010BD01F061FEF9E702F0DBFA89
S214004350F6E7020010B50800052A08D0082A09D09A
S214004360002312B900F0C4FC0300180010BD01F0D1
S214004370D6FCF9E702F0C9FAF6E7020010B5080025
S214004380052A08D0082A09D0002312B900F0B2FC8A
S2140043900300180010BD01F0C5FCF9E702F0B8FAFA
S2140043A0F6E710B5040008001100052C08D0082C0C
S2140043B009D0002314B900F0BDFC0300180010BD9E
S2140043C001F0D2FCF9E702F0A5FAF6E7030010B513
S2140043D00800052B05D0082B06D00BB900F0ACFC66
S2140043E010BD01F0C3FCFBE702F0AAFAF8E770B5CF
S2140043F00500080011001A00049B052D08D0082DA2
S21400440009D0092415B900F0B5FC0400200070BDE1
S21400441001F0CAFCF9E702F0B1FAF6E7020010B5BF
S2140044200800052A08D0082A09D0032312B900F08C
S21400443081FD0300180010BD01F056FDF9E702F0FB
S214004440A9FBF6E7020010B50800052A08D0082ADE
S21400445009D0002312B900F0ADFD0300180010BD0E
S21400446001F084FDF9E702F097FBF6E770B505006A
S214004470080011001A00052D08D0082D09D0CCB26E
S21400448015B900F005FE0400200070BD01F0DCFD4B
S214004490F9E702F083FBF6E7030010B50800110009
S2140044A0052B05D0082B06D00BB900F0FFFD10BD7C
S2140044B001F0D2FDFBE702F081FBF8E70A4B10B5EE
S2140044C01B6A0400984770B1084B094A1B78DB004A
S2140044D09958002210008C4205D305495B185B688A
S2140044E0A3425241D0B210BD844F0100C8520020F2
S2140044F04C56010007B500220300007800920138F0
S214004500382834D80EF0BCFC1D223324331F333336
S21400451033333333353E333333333333413333334B
S2140045204B4D4F51333333332633333333333333F7
S2140045303333333333335A53583333335A5833625F
S2140045406500DB789BB10223009310E09B78F9E7C7
S2140045500723F9E79A785B785BB21AB92BB1013B6F
S214004560DAB202E01A00022BF9D152B20092009899
S2140045700EBD01229A569B7813B9174B9B5CE3E756
S214004580164BFBE7164B1B78DEE740F2E831154882
S21400459009F0DCFD40F2D073C0180090E7E7124B3C
S2140045A0D2E7124BD0E71023CEE7114BCCE740F210
S2140045B011136A461380DAE70323C5E70D4B0E4A4C
S2140045C01B789B009A580D4B9B1ABDE70C4B1B881B
S2140045D0EFE70C4B1B68B7E71057010008570100C0
S2140045E00A40002018FCFFFFB0530020B253002002
S2140045F0D0520020C85200207456010040F70937F8
S214004600B4530020B8530020037810B5382B0ED0D2
S214004610392B11D00E2B09D10A4903790A789A4210
S21400462004D00B70084B06209B6F984710BD074BB5
S2140046308288E4331A80F9E7044B4268E8331A604C
S214004640F4E7C0460A400020844F0100D052002004
S2140046500C218268C36810B5047840786143044C26
S2140046600919497A06314901091900F0B2FD10BD51
S214004670D052002070B58AB06A46642313810023A6
S21400468093720023002204920593069207930892E1
S214004690099303790400042B17D818000EF0F0FBDA
S2140046A0175873037B004F4B64211A00C0321180E9
S2140046B01A0000200021C832106051601A00D8335A
S2140046C0D03210605160186059600AB070BD464D17
S2140046D06379464E2022280002A9337009F043FD74
S2140046E003230122424943486B8400F066FD5523AC
S2140046F001225B42AB845A33AB623F4B00211A70F7
S2140047000223237240F6B833E36040F2E8332361B5
S21400471040F2D073636141F28833A36141F2707353
S214004720E361A318E280D977337834499B00585860
S2140047303349091A616240F20211218521002A31AB
S2140047400A70304A9B58E3622F4B23632F4B6363F8
S214004750244A11001000E031E2300B880088034341
S2140047600B8011002A4B31CB31C170CB70C11F4B6F
S21400477022491B789B005958214B5B1A1360254B26
S2140047805B1AD360A1E7216800299ED0F022154865
S21400479009F0E9FC99E7154A1078013803281FD874
S2140047A00EF06EFB021A031C09236A4693711A4B1D
S2140047B0911D9C6F0820A0476B46591D0E4B062086
S2140047C01B785A1E93410B70A0476B46D91D0023D9
S2140047D009200B70A04778E70323E6E70523E4E704
S2140047E00223E2E7D052002090530020C852002057
S2140047F0B2530020B05300200A4000207456010037
S21400480000EA06372C5601009A990940400020001D
S2140048104057010040F70937844F0100F02303603A
S21400482000487047D0520020030010B508000E293B
S21400483031D80EF025FB08303030300C1A1F3029E6
S214004840293030302D001868FFF738FE10BD0020E4
S214004850124A1349127818568A56997891B900F078
S21400486070FC431E9841C0B2F0E70020052218569F
S2140048700021F4E70020094A0A49127818568A5699
S2140048805978EBE70221EAE7002007221856EFE7FF
S214004890054B1878E5E70020D8E7C046C852002048
S2140048A045560100405601000A40002010B5027926
S2140048B0030022B10020012A07D1044801E00122AA
S2140048C00348196800F079FC012010BDB25300209F
S2140048D0B0530020F7B51C00204B16001B78204A6A
S2140048E00D00D35C191C5BB2834200DD011C1D4821
S2140048F01D4F84464AB261709100CB590120634532
S21400490004D01A481B18584243415800A070072A82
S21400491019D1322000F030FD22002300A17C0C3299
S21400492008330192009332000023072911D1290091
S21400493000F050FD0123E356072B03D0A06800F0DB
S2140049401FFEA060F7BD0A4B7958985C00F00CFD7E
S214004950E2E7290000F016FDECE7C046C85200204A
S2140049604056010090D0030018570100E05EF8FFA3
S21400497038570100F0B501272E4D8FB06B680D91AA
S2140049800400C757466898470B900B9B0020C3BB94
S214004990A37C43B922780C335343274A9A185668A7
S2140049A00EB9254A9E58254B3000DB570C93EB6812
S2140049B09847AB699C46637C072F24D10020099357
S2140049C00123089007900690059304900390A3682F
S2140049D040F2E8329BB2029305230C990193184BE0
S2140049E04A4300934CF2503103006446A047154BEF
S2140049F00B98D95D6B6D0D31C9B2984701200D9BA0
S214004A001F700FB0F0BDA178012609930023089609
S214004A1007930693059304930393A268300092B21B
S214004A200292082200930192330064460C9AA04733
S214004A300B96DCE7844F0100D05200203857010067
S214004A408545010010570100F0B591B00D92012286
S214004A500F9182563A4B04009B5602250B930C236B
S214004A60017865574B4337495B185B7A06335B0121
S214004A705B189B788178181C5BB2AB4200DA081C86
S214004A80012143B20C93304B9200D3582F4A0A911F
S214004A90934205D02E4A9B185A4253418B400A93A4
S214004AA0A26861680C9800F0BFFC0C232278294F9E
S214004AB053432449FA680E9058589047FB690122E0
S214004AC000259C4640F6A073A256089307950695C7
S214004AD00595072A25D1012304930433029340F257
S214004AE0E8330B9A664653432800009346F2A81212
S214004AF00A9B0E9903950195B0472E003000217B46
S214004B007B6D98477B6A3000217B98470D9B0D9AFA
S214004B1018600023012053600F9B0C9A1A7011B086
S214004B20F0BD0823012602930B9B2A0003950093F1
S214004B30300065460A9B0E9904960196A847DDE765
S214004B4038570100D05200201857010090D00300BB
S214004B50E05EF8FF844F0100F0B5002693B00191A7
S214004B60029204000622002108A803930FF00EF913
S214004B7004AB5E800725237AB34206D9606808A98D
S214004B80801900F085FB00284FD1022704AB1F7266
S214004B90637A04AA06A89372FFF7ACFC03000AA87F
S214004BA00571A27A08AD42716A7804A98271AA7862
S214004BB0C2712A780272E27A4272227B8272627B29
S214004BC00375C2721022354B027304AAD2191B78E1
S214004BD00261334AD35C12224375324B521883610A
S214004BE0072311218383236804AC0A9309192B0039
S214004BF000F069FB0400072809D12B4B3A001F0080
S214004C001800002109F0C4FA04AB5B883B80200042
S214004C106B78019A1370AB78029A13702B78039A0C
S214004C201370189B1E7013B0F0BD04AB04AA9B8AC9
S214004C3036185380901CD27CF6B2062A15D006256C
S214004C40002A98D1002B00D195E701206D19190094
S214004C501141014205D029005143124FC919096874
S214004C60D1B10132102AF2D184E7002240F2010CC1
S214004C7015000C2151430B4FC919096821B1614633
S214004C80914065460B439BB20132102AF1D1002DAC
S214004C9000D16FE703806DE706256CE7C852002059
S214004CA045560100D0520020B053002070B50500D4
S214004CB04068FFF703FC0630C4B200200A4B0B4ADC
S214004CC01B780021D256285600F03BFA08B902237A
S214004CD09C43012007220021285600F032FA08B92A
S214004CE004239C43200070BDC8520020405601009B
S214004CF000207047037810B5040000200F2B0CD856
S214004D006068FFF7DBFB0C23227802305343084A27
S214004D10C0B29A5812B90223984310BD032804D192
S214004D20034A9B1862685A60F7E70220F5E7C04618
S214004D30D05200200220704710B588B06A460B4B50
S214004D4000930B4B01934378137203785372438896
S214004D50538103AB021D12CA12C302694369684637
S214004D600692079300F086FB08B010BDD0520020D4
S214004D7090530020F0B58FB00791049200211022C6
S214004D8005000AA81C000FF001F808AB4620D91D44
S214004D9002F02AFD614E01220021300000F0EFF9FA
S214004DA018B90323328813433380A868E968FCF7F0
S214004DB0EDFAAB68EA68060013430F0033B12A68C1
S214004DC06B688B4259D801D1824256D80022002304
S214004DD022606360524C01232200A97C687C00F0AC
S214004DE0FFF9009001916B7CC03C059310232600D0
S214004DF000240127EB56029406930394494BE033B4
S214004E001B8823413B421BD03368CBB1059B1BB9A3
S214004E10033323413B4213D0317A06980A09090727
S214004E20090F00F08EF958B1737A3D4A5B019B1862
S214004E309A69DB691A43C2B1039B0133DBB2039361
S214004E4001340C36102CD9D1029B0BBB039BC3B983
S214004E500322344B0C20E03319880A431A800022C0
S214004E60002304990A604B6045E0029B02990133D7
S214004E700AAADBB254540293E2E7921BBB410092AB
S214004E800193009B019C049A0B201360546032E04F
S214004E90029B591E08ABD879002830D0002009F0B4
S214004EA055F9C6B20AAB9B5D01360093029B029A87
S214004EB096FBF3F3534310221B4FAA56F61AF6B28C
S214004EC0BB6F062A19D0194901209847154A009841
S214004ED0E4320021525E0C214143124B1148E83364
S214004EE041583F6901201B68B84768B9013CE4B2E5
S214004EF0002CD7D10D300FB0F0BD0D49E4E709F016
S214004F0025F90AAB1B5C0093079B009A04991A705C
S214004F100022002300200A604B60ECE7B05300201C
S214004F2090530020D0520020844F010010400020F3
S214004F300C400020F8B5067905000620012E1BD986
S214004F4003380F2E18D82A680124137A19091B076C
S214004F501B0F8B4207D8144B14481B78C356994234
S214004F6000DC0024E4B21068FFF7A8FA01235840DA
S214004F70C3B214B10533D8B2F8BD0420002BFBD160
S214004F800C22170077430A4B2968FF18380009F0EF
S214004F90EAF80122B240064B7C72E0331988200002
S214004FA00A431A80E8E7C046C8520020455601006A
S214004FB0D052002070B50478012C02D800252800B5
S214004FC070BD10222100074800F0C5F80500002833
S214004FD0F4D00C225443044B0021E0180EF0D6FE09
S214004FE0EDE7C046B0530020D0520020F0B50600D2
S214004FF0022487B06B461C7001346846E4B2FFF7A3
S214005000D9FF102CF6D1337A102B21D17368DC7BB4
S214005010F4B95023642703AD2B72032262437368EE
S214005020995C9B1829605A7812020A432A609B787A
S2140050301B04134300227B436A602B602BB101A83C
S214005040A31C01950371FFF775FF0134052CE4D10D
S21400505007B0F0BD07B502680379116839B96A462A
S21400506068461370FFF7A6FF80B103200EBD0092BE
S2140050706A4668461371FFF75DFF03000220042BA3
S214005080F4D00138052BF1D0002BEED00020EDE750
S214005090C90020B9034BC9188856C0B27047024BE6
S2140050A0F9E7C046C856010088560100030010B54F
S2140050B00A4A86B001929A6801A8426040F211320C
S2140050C00281002282725A681B880C000382C2602A
S2140050D000F016FA0323237006B010BD38570100FF
S2140050E0F7B5019108A90978009049B200209A42C4
S2140050F024DB8A4222DC0C26012719E0019C4100B1
S214005100095B73438C460999CC1800236146194104
S214005110394207D0217A0D072D0F954202DC090986
S21400512091420CDA01330C34102BEFD10130C0B2AF
S21400513003010099DBB29942E0D80020FEBD0120B1
S214005140FCE7030000208B4204DBD80FD1179A42FD
S2140051504841C0B2704730B50B090400150900205D
S2140051609D420BD3914209D20F220130114002001A
S2140051708A4011005B00E25A8A43E25230BDF7B51E
S214005180019228B14A0083180020019A914200D368
S214005190FEBD002422001F880125A5402E003E40AB
S2140051A0B54201D10132D2B20134102CF4D18018AC
S2140051B00131C0B2C9B20233E7E710B520B119B168
S2140051C000235200934200D110BDCC5AC452023381
S2140051D0F8E70A614B6100B170478A60CB60FBE775
S2140051E0F0B5012676420F00140035005B0185B04D
S2140051F0D31803900293029BA34209D1731C03D1D8
S2140052006B1C01D1002635003000290005B0F0BD2A
S214005210039B5BBBA068E168FCF7B8F801900091BF
S21400522020696169FCF7B2F802000B000FB9002292
S21400523013001900009B10008B4203D804D1019B79
S214005240934201D901980099A269E3698B4202D87A
S21400525012D1824210D9121A8B419D4202D803D134
S214005260964201D916001D002034C4E74FB12069CC
S2140052706169FCF78BF8E7E700220023A261E3618F
S214005280F2E7002200233E003D00A261E361EBE767
S21400529010B5027803000020032A13D15A780F3085
S2140052A01400120904408C704A709A788A80DC7860
S2140052B0240222438A801B795A06520F0340CA7082
S2140052C00B700A3810BDF0B50627072687B0039185
S2140052D004920593437904000579C7578657E3B1CE
S2140052E00823C3560293002D3AD00F2F1DD109274D
S2140052F0E7570F2E2AD10A23E356072D03D1029A29
S2140053000AB9013202922800039A1770049A1370A1
S214005310059B029A1A7007B0F0BD0B2309270A26D0
S214005320C3560293C7578657DDE71423A269E35690
S214005330207B01921522A256009221693A00FFF7BF
S214005340CFFE0028D5D102239D43D2E71D23E35686
S214005350B342D2DC1C23E356B34203DA04239D4354
S2140053603300D0E73300C8E7024B8340B3FBF1F0CD
S2140053707047C04640420F0041F64073B3FBF0F062
S2140053807047000030B540F2E8350C1F44436A43CE
S214005390A21852001AB1441EA218B2FBF0F29142B3
S2140053A000D21100039A116082004843002108B120
S2140053B001304108521A40F2E8314B43D31A01D566
S2140053C0034A9B1893FBF1F1049B196030BDC0465D
S2140053D019FCFFFF30B51D0040F2E8334C1F444374
S2140053E05A43A21852001AB1431E9A18B2FBF0F2A2
S2140053F0914200D21100039B00221960052343430B
S214005400484308B1013042089B1A40F2E83255433F
S2140054105B1B01D503495B1893FBF2F2049B1A60F1
S21400542030BDC04619FCFFFF70B54000141C0D1CB3
S2140054300EF082FA011C281C0EF052F8211C0EF009
S2140054404FF8051C0EF010FA0021060044B2281C86
S2140054500DF064FD60B930000EF026FA011C281C21
S2140054600EF03EF800210DF035FD08B9013C64B29F
S214005470200070BD0C220100F8B5C07A0B684243CC
S2140054809B185B7A4A685B01D05AD4180022002326
S214005490A261E3614B7A8A7A33BB40F60F66CD6829
S2140054A06433B54209D949F6AF23AB429B4142F279
S2140054B028352B4040F2E8355B190AB90A7A92B1D2
S2140054C0051C984200D21D1C002301267642F717C1
S2140054D0AAB2B6185F418A69CB69300039000DF070
S2140054E047FDA061E161F8BD002AFCD00200886992
S2140054F0C969002301267642F71792197B41EEE729
S21400550070B52F2604008CB01C4D6E4431001D2053
S21400551002F06AF92B1DDB6F98472B6B98473078A3
S214005520AB6D9847EB68606898470120217A6B6DF1
S2140055309847637A22680026D25CE368A17A5842CC
S2140055404341012008960796069605960993237A06
S21400555003900493238A009602930A23AE6901936C
S2140055600300B0476B6BE068984720B101F07CFB06
S214005570642002F097F90CB070BDC046844F01005D
S21400558003003F2803D8FE20013318407047F82256
S2140055901000F72BFAD8073313401800F6E7000080
S2140055A0194B70B51B6A04000D00984730B1174BB5
S2140055B0174AE318934202D802232B7070BD154B8E
S2140055C0154AE318934201D80023F6E7134B144A12
S2140055D0E318934201D80123EFE7124B124AE3186F
S2140055E0934201D80523E8E7104B114AE31893428B
S2140055F001D80323E1E70F4BE4180F4B9C4201D878
S2140056000423DAE70020D9E7844F010040AA8FCCB4
S2140056107F841E00C02571CCC0C62D00FF5E43CC23
S214005620BF270900A0B038CC20A1070040022ECC2E
S21400563090D00300606E29CCE093040007B50022EA
S214005640030000780092212816D80C2804D80723D7
S21400565004282AD000980EBD0D381428FAD80DF06C
S21400566005FC2026F9F9F9F9F9F929F9F9F933359C
S2140056703739F9F9F9F917002F38C3B2072BE9D8EB
S2140056800728E7D80DF0F2FB282A2FE6E6E6282FB3
S2140056905B785BB21A000BB1013BDAB252B20092F1
S2140056A0D8E75B78114A5BB2D35C0093D2E7104B25
S2140056B01B78FAE740F2E8310E4808F047FD40F262
S2140056C0D073C0180090C5E70B4BEEE70B4BECE72A
S2140056D01023EAE70A4BE8E70A4BE6E740F2111325
S2140056E06A461380B6E70323DFE7C0465857010033
S2140056F01440002018FCFFFF4055002042550020B3
S214005700C053002008E6D333037810B50E2B09D11A
S214005710054903790A789A4204D00B70034B062099
S2140057209B6F984710BDC04614400020844F010070
S2140057300C218268C36810B5047840786143044C35
S2140057400919497A063149010919FFF742FD10BDCA
S214005750C0530020F0B5B3B002AE0400C022002152
S21400576030000EF013FB0A2140F2E8320A206423D0
S2140057706944CA871AA9088022A9338033840B801B
S2140057802AAB1A80207904284CD80DF079FB033711
S2140057904D5667003D4DC0222800310008F0E3FC5E
S2140057A040F282130722C03DEA523949063A394888
S2140057B0FFF703FD0123384AE380137040F6B83242
S2140057C0E26040F2E832226140F2D072626141F259
S2140057D08832A26141F270720023E261621C237279
S2140057E0D3772E4A2385626222002A3213708323DF
S2140057F0DB05E3622A4B23632A4B636340F2801186
S21400580040F28210284B5A5A185A02435A52274AD4
S2140058101800110070C970C0E0C9E0C01833183213
S21400582013CA13C333B0F0BD21680029FAD040F282
S21400583088121D4808F097FCF4E70022002000219B
S214005840124BB45A20329860D96018615961986139
S214005850D9611C802033C02AF3D1E3E76B460025CC
S214005860991D134B08209C6F0D70A0476B46591D61
S214005870094B06201B785A1E93410B70A0476B46B7
S2140058800920D91D0D70A047CCE7C04680540020E3
S21400589042550020405500201440002008E6D3332F
S2140058A09A99094040002000C05300208857010004
S2140058B0844F010040F28813036001487047C046D9
S2140058C0C0530020030007B508000E2920D80DF0AD
S2140058D0D7FA081F1F1F1F180E181F18181F1F1F84
S2140058E01C006A461868D11DFFF75AFE0EBD002040
S2140058F0052218560021FFF724FC431E9841C0B22B
S214005900F4E7002007221856F4E7024B1878F4E76D
S2140059100020EBE71440002010B50279030022B106
S2140059200020012A07D1044801E001220348196833
S214005930FFF743FC012010BD4255002040550020D3
S214005940F0B585B01C000D000392031C072800DD8F
S21400595007231B4F5EB2BC461A49B2006370535809
S2140059600127634504D0184FDB195F427B415F0077
S214005970A77006281ADD3220FFF7FEFC220023005F
S214005980A17C0C32083301920093039A0023072966
S21400599012D12900FFF71EFD0123E356072B03D083
S2140059A0A068FFF7EDFDA06005B0F0BD074B895875
S2140059B0985DFFF7D9FCE1E72900FFF7E3FCEBE78A
S2140059C090D0030060570100E05EF8FF80570100AA
S2140059D0F0B501272E4D8FB06B680D910400C757A8
S2140059E0466898470B900B9B0020C3BBA37C43B92B
S2140059F022780C335343274A9A1856680EB9254A1C
S214005A009E58254B3000DB570C93EB689847AB69E4
S214005A109C46637C072F24D100200993012308901D
S214005A2007900690059304900390A36840F2E8322E
S214005A309BB2029305230C990193184B4A4300939B
S214005A404CF2503103006446A047154B0B98D95DC5
S214005A506B6D0D31C9B2984701200D9B1F700FB0BA
S214005A60F0BDA178012609930023089607930693B4
S214005A70059304930393A268300092B20292082220
S214005A8000930192330064460C9AA0470B96DCE71D
S214005A90844F0100C0530020805701008545010057
S214005AA058570100F0B591B00D9201220F91825621
S214005AB03A4B04009B5602250B930C23017865573E
S214005AC04B4337495B185B7A06335B015B189B7860
S214005AD08178181C5BB2AB4200DA081C012143B285
S214005AE00C93304B9200D3582F4A0A91934205D01C
S214005AF02E4A9B185A4253418B400A93A26861680B
S214005B000C98FFF791FC0C232278294F5343244925
S214005B10FA680E9058589047FB69012200259C466B
S214005B2040F6A073A2560893079506950595072A92
S214005B3025D1012304930433029340F2E8330B9AF1
S214005B40664653432800009346F2A8120A9B0E9915
S214005B5003950195B0472E003000217B7B6D98475A
S214005B607B6A3000217B98470D9B0D9A18600023B6
S214005B70012053600F9B0C9A1A7011B0F0BD0823D9
S214005B80012602930B9B2A0003950093300065467E
S214005B900A9B0E9904960196A847DDE780570100F8
S214005BA0C05300206057010090D00300E05EF8FF6D
S214005BB0844F0100F0B5002691B0019102920400D6
S214005BC00622002106A803930EF0E0F804ABDE8060
S214005BD00725237AB34206D9606806A98019FFF71D
S214005BE057FB002842D108A80571A37A06AD437179
S214005BF06B780A228371AB7804A9C3712B7852188C
S214005C000372E37A09214372237B8372637BC37238
S214005C101023037304AB9F1D40F2007383822F4B47
S214005C200761836107238383236804AC08930919FB
S214005C302B00FFF748FB0400072809D102220021A9
S214005C40274808F0A5FA40F280133A882349CA523A
S214005C5020006B78019A1370AB78029A13702B7839
S214005C60039A1370169B1E7011B0F0BD04AB04AA05
S214005C709B893618D380901DD27AF6B2062A14D0A5
S214005C800625002AA5D1002BA3D001206D191900E6
S214005C901141014205D029005143104FC919096826
S214005CA0D1B10132102AF2D192E7002240F2010C63
S214005CB015000C215143094FC919096821B16146E5
S214005CC0914065460B439BB20132102AF1D1002D5C
S214005CD000D17DE703807BE706257AE7C0530020E6
S214005CE04055002037B56B460500D91D4068FFF7C4
S214005CF057FC0630C4B20020072200212856FFF7C2
S214005D0020FA08B902239C430120052200212856C8
S214005D10FFF717FA08B904239C4320003EBD012074
S214005D204042704713B504006B460020D91D237807
S214005D3008700F2B0CD86068FFF732FC0C23227813
S214005D4002305343074AC0B29A5812B90223984306
S214005D5016BD032804D1034A9B1862685A60F7E709
S214005D600220F5E7C05300207047000010B588B049
S214005D706A460B4B00930B4B0193437813720378E0
S214005D8053724388538103AB021D12CA12C30269C1
S214005D904369684606920793FFF76CFB08B010BD90
S214005DA0C053002080540020F0B58BB004910592BB
S214005DB000211022040006A81D000DF0E7FF474E44
S214005DC0012200213000FFF7DAF938B940F28012DC
S214005DD00723813EFF3EB15A0B43B352A068E168E9
S214005DE0FBF7D4FAA368E268060013430F0033B14A
S214005DF0226863688B425DD801D182425AD800225D
S214005E0000232A606B60364D06232A00A17C607C46
S214005E10FFF7E6F9637C060002931023E3562C0096
S214005E2000250F000393C03C0095019540F28012B8
S214005E302C4B9B5A803A2B41FF3A13421BD02368C7
S214005E40CBB1029B1BB907332B41134213D0217AE7
S214005E5003980A090907090FFFF773F958B1637A1F
S214005E601F4A5B019B189A69DB691A43D2B1019BF2
S214005E700133DBB2019301350C34102DD6D1009BD3
S214005E80F3B100990020013908F060F906AB1B5CFD
S214005E90002600270020049A1370059B1E605F6092
S214005EA00BB0F0BD009B0099013306AADBB2555437
S214005EB00093E0E7921BBB4116001F000B20ECE7A7
S214005EC0019B002BFAD140F28012072305480026DA
S214005ED0815A00270B4383520C20DEE740550020F2
S214005EE080540020C05300200023F0B585B002AADD
S214005EF0D371077905000620022F19D903380F2F12
S214005F0016D82A680124137A19091B071B0F8B421F
S214005F1003D806348C42A441644202ABD91D1068F3
S214005F20FFF73EFB01267040C3B21CB10533D8B262
S214005F3005B0F0BD0420002BFAD10C2213007B43E1
S214005F400949BE405B1818002968019308F00BF950
S214005F5002ABDB79019A0449537240F280128B5AE5
S214005F60200033438B52E3E7C053002070B504781B
S214005F70022C02D80025280070BD102221000748F8
S214005F80FFF7E9F805000028F4D00C225443044B30
S214005F900021E0180DF0FAFEEDE7C046405500205F
S214005FA0C0530020F0B50600032487B06B461C7073
S214005FB001346846E4B2FFF7D9FF102CF6D1337AE5
S214005FC0102B21D17368DC7BF4B95023642703AD12
S214005FD02B72032262437368995C9B1829605A7877
S214005FE012020A432A609B781B04134300227B4359
S214005FF06A602B602BB101A8E31C01950371FFF7C3
S21400600073FF0134052CE4D107B0F0BD07B5026874
S2140060100379116839B96A4668461370FFF7A6FF18
S21400602080B103200EBD00926A4668461371FFF7E2
S2140060305BFF03000220042BF4D00138052BF1D0BF
S214006040002BEED00020EDE7891A081C090600D5C3
S2140060500020C0B270470000030010B50A4A86B0A0
S21400606001929A6801A8426040F211320281002231
S21400607082725A681B880C000382C260FFF740FADF
S2140060800323237006B010BD805701000A4B10B5DD
S2140060901B6A0400984768B1084B094AE3180020B9
S2140060A0934207D8074AB3FBF2F14A439B1A5A4277
S2140060B05341D8B210BDC046844F0100608FF7C868
S2140060C040164000C027090007B5002203000078EC
S2140060D00092372805D80C2805D801281ED0042899
S2140060E038D000980EBD0D382A28FAD80CF0BEFE1F
S2140060F02227F9F9F9F9F9F92AF9F9F93436383A8B
S214006100F9F9F9F919F9F9F9F9F9F9F9F9F9F9F9DA
S214006110F9F93C42164916F93C1616000823009376
S214006120DFE75B785BB21A000BB1013BDAB252B222
S2140061300092D6E75B78144A5BB2D35CEFE7134B6A
S2140061401B78ECE740F2E831114807F0FFFF40F219
S214006150D073C0180090C4E70E4BE0E70E4BDEE7A6
S2140061604823DCE70D4BDAE71A790D4B53430D4A0B
S2140061709B18D4E740F217436A46138003239370B4
S214006180AFE7074BCBE7C046AC57010015400020F1
S21400619018FCFFFFC8580020E05800204855002093
S2140061A0C0270900A0700837037810B50E2B09D158
S2140061B0054903790A789A4204D00B70034B0620EF
S2140061C09B6F984710BDC04615400020844F0100C5
S2140061D00C218268C36810B5047840786143044C8B
S2140061E00919497A1B3149010919FEF7F2FF10BD5A
S2140061F048550020F0B58BB06A4601231381002372
S2140062009372002200230492059306920793089245
S214006210099304000079042819D80CF031FE1A7985
S2140062208A03940040F260320121534B00209952B9
S214006230002108329A181060516040F270329A18A5
S2140062401060516040F278329B18186059600BB0AD
S214006250F0BD4A4D2022280002A907F084FF484BD3
S2140062600022E81840F2A43301003026C252454D01
S214006270454B464F0360DB19067242720C30AB4248
S214006280F7D144260025424B424A4348434F1A6002
S214006290D2191E725D720C338242F7D1012340F28E
S2140062A098325B428B5004328B5040F2A033FF2270
S2140062B03B4ECA5030003B49F93AFEF77EFF0622B5
S2140062C031003948FEF779FF0123384AE38013701E
S2140062D040F6B833E36040F2E833236140F2D0730F
S2140062E0636141F28833A36141F27073E361631C1A
S2140062F02572DD772E4B63620823238523002A331D
S2140063001D702C4BE362002323632B4B63639EE7D5
S2140063102348062223490400FEF74FFF0023A189E5
S214006320228801330A40DBB2A2810234062BF6D162
S2140063308DE72168002900D189E740F2A8320E488F
S21400634007F011FF83E76B460625991D1B4B0820B7
S2140063509C6F0D70A0476B46591D144B28001B7888
S2140063605A1E93410B70A0476B46D91D0123092086
S2140063700B70A0476BE7C04648550020A858002081
S214006380A0FCFFFF60518B366001C835400D03004E
S21400639048580020C0AFD235C0FF9536006A1800B6
S2140063A0C8580020E0580020D4580020154000208F
S2140063B0A07008379A99004240002000844F0100E0
S2140063C040F2A833036001487047C0464855002095
S2140063D0030010B508000E2927D80CF051FD08263A
S2140063E02626260C1115261F1F262626230018688B
S2140063F0FFF74CFE10BD002004221856002107E0CF
S214006400002005221856F9E700200D22082118560C
S214006410FEF797FE431E9841C0B2EBE700200E221F
S2140064201856EBE7024B1878F4E70020E2E7C04680
S21400643015400020F0B5037A102B1ED14268D37B9E
S214006440012B1AD10020FF2540F288360B4B0C4951
S2140064505C181178198057783F0239431980042850
S21400646001D12940A1539F89198801303940C0B213
S2140064709981023202330528EBD1F0BDC8580020BE
S21400648080FCFFFF70B50422050000210068FEF7BF
S21400649076FE0023012803D02E791EB1012E1BD0D4
S2140064A0180070BD0F48062204002968FEF785FE16
S2140064B040F2A0320C4BE318995C995202329E527D
S2140064C00623A1892288013B0A40DBB2A28102345E
S2140064D0002BF6D10123E3E7062204482968FEF7DD
S2140064E06CFEF7E7C858002080FCFFFFE05800204D
S2140064F0F7B51C000D001600031C0D2800DD0D234B
S214006500154859B28446154F8A006370D359012046
S214006510634504D012481B18584243415800114B9B
S214006520A070585CB958FEF71FFF22002300A17C1C
S2140065300C3208330192009332000023072907D15A
S2140065402900FEF747FFA068FFF71AF8A060F7BD1E
S2140065502900FEF717FFF6E790D00300D05701009A
S214006560E05EF8FF10580100F0B501271D4E8DB013
S21400657073680B910400C7574568984703000020CE
S21400658073BBA37C33B907222378174D13405D43B2
S214006590164BED18164B2800DB5701250A93F368B7
S2140065A09847637CA1780993002308950793069380
S2140065B0059304930393A268280092B202920822DD
S2140065C0009301922B000A9AB469A047094B280051
S2140065D0D95D736D0D31C9B2984728000B9B1F70AB
S2140065E00DB0F0BD844F0100C0270900A070083729
S2140065F010580100AC5701000123F0B5022491B0F9
S2140066000C920E91C356374A0700D2560D92045785
S214006610042B4CD1231C022C00DA02235BB20B9312
S21400662001230121FB56304A9B009B582F4A0E003F
S214006630934205D02E4A9B185A4253418B401E0067
S21400664000222C490B98FEF7EFFE0C233A782A49D5
S21400665053432A4A0F90D2685858904740F6A07382
S2140066600893082302930D9B00250093234B0124D7
S214006670DB692A009C460F99330020006646079582
S21400668006950595049403950194B0471B4E20008B
S214006690397B736D9847736A2000397B98470C9B4B
S2140066A00B9A21C320000E9B1A7011B0F0BD0C236C
S2140066B002250278002153430F4A11489B185B7A43
S2140066C01B335B019B1804225D57FEF758FD231C05
S2140066D0312803D9AC42A1DA2B1C9FE7052C9DDAA2
S2140066E005239BE710580100D057010090D0030007
S2140066F0E05EF8FF0000F04148550020844F01009E
S214006700C8580020F0B595B00391049200210622E7
S214006710040007A805930DF039FB0C22002109A8F8
S2140067200DF034FB0622604909A8FEF746FD002757
S214006730237A07ADBB4205D960682900C019FEF769
S214006740A7FD60B90123EB56032B5CDC0422002175
S21400675009A8FEF714FD012855D8062354E0E97869
S2140067603F18AA88FFB209AB062907D10739099155
S2140067700A910131FF310A401A81D9E7072903D16E
S214006780002109910A91F5E7052939D140F2FF0C5D
S2140067906146002511400291009501210122A94081
S2140067A02A400192009A56009A5B1000029A114203
S2140067B016D0019A89B24AB96246104398531A898C
S2140067C00A4301351A81082DE7D1B1E7374A10434D
S2140067D098531A890A4300980130C1B20091F0E735
S2140067E0C943019A89B22AB96246904398531A89D6
S2140067F00A40E6E76246104098531A890A40EAE7DC
S21400680049005A5294E707230CA80371A37A284D2F
S214006810437107AB5A7806A982719A7809AEC2719D
S2140068201A7805310272E27A4272227B8272627BA9
S2140068300661C2724822027340F2004282820E2231
S2140068408283226885610C9206AA0632FEF73BFD1B
S2140068500400072818D1062231001348FEF7ADFCC5
S21400686040F28C3240F28033A958EB580B40AB50C4
S21400687040F284330432A958EB580B40AB5040F238
S2140068808833EA580C33EA50200007AB5A7803994D
S2140068900A709A7804991B780A70059A13701A9BE6
S2140068A01F7015B0F0BDC046C858002000FFFFFF9F
S2140068B04855002070B505004068FFF7E7FB063036
S2140068C0C4B200200D2208212856FEF73AFC08B96B
S2140068D002239C430020072205212856FEF731FCA0
S2140068E0012803D00023EB560D2B01DD02239C4329
S2140068F00120032200212856FEF723FC08B90423B2
S2140069009C43200070BDFF20704701204042704726
S214006910FF20704740F2A53010B5084C235C5A1E85
S214006920D2B209B90133DAB23923225453430020D4
S2140069301C22DBB29A424041800010BD4855002020
S21400694010B588B06A460B4B00930B4B0193437807
S2140069501372037853724388538103AB021D12CA25
S21400696012C302694369684606920793FEF782FDE2
S21400697008B010BD48550020A8580020F0B51C00EF
S21400698000239FB0099106921900482205000CA822
S21400699001930DF0FBF97A4E042230000199FEF7C0
S2140069A0EEFB50B9042230007649FEF706FC764B23
S2140069B0019AF61840F2A433F2541023EB56032B38
S2140069C008DD40F29432714B995C19B940F2883177
S2140069D0595A9952A868E968FAF7D8FC02000B00E1
S2140069E0E868A968014331B128686968994254D8B3
S2140069F001D1904251D80022002322606360012317
S214006A00634AA97C687CFEF7EBFB10230024029007
S214006A100391EB560594079304946026002766437B
S214006A20E300DBB20893594BF618554B01221B5B6B
S214006A303B41134215D033689BB1317A07980A0957
S214006A400907090FFEF77DFB58B1737A504A5B01C0
S214006A509B189A69DB691A43AAB1059B0133DBB21E
S214006A60059301370C36102FDFD102340A2CD4D10F
S214006A70049BEBB9059BA3B90022002306990C20C2
S214006A800A604B6066E0049B04985A1C089B0CA99D
S214006A90DB190B54D3B20493E3E7801A99410290B2
S214006AA00391029B039C069A0B201360546051E0EE
S214006AB06B7C43B104990020013907F047FB0CAB0F
S214006AC01B5C019349E010216956304E51B140F2EB
S214006AD09432B05C01220100194111424CD040337F
S214006AE0DBB2EEE708220AA80DF050F940F2A43314
S214006AF00127F45C6308C533244AFF335B009B1808
S214006B009B881A0A3C4201D1FF221A4000231D002E
S214006B1011001941394203D00AA94B550135EDB28F
S214006B200133082BF4D14DB10020691E07F00EFB8F
S214006B300AAA125CE3009B18DBB201930134E4B2AC
S214006B40072C00D9002440F2A4332DB9F35CA342ED
S214006B50D0D103201FB0F0BDF454099B019A0199CF
S214006B601A7007484822FEF7F6FA00220023069914
S214006B7000200A604B60EDE70133DBB2ABE7C046AE
S214006B80D4580020C858002074FCFFFF4855002049
S214006B90A85800200320704700207047032A00DD15
S214006BA00022054B8900C9188B5C181C5BB2002BB1
S214006BB000DA0020C0B27047BC570100030010B5D1
S214006BC00A4A86B001929A6801A8426040F6170207
S214006BD00281022282725A681B880C000382C260FD
S214006BE0FEF78EFC0823237006B010BD1058010077
S214006BF040F2A433054AD358E0331B78022B00D06A
S214006C00062340F2A03153547047C046105B002064
S214006C100423024A11780B43137070471059002062
S214006C200123024A11780B43137070471059002055
S214006C3040F2A033044AD35C23B10223034A1178FE
S214006C400B4313707047C046105B0020105900209D
S214006C5040F24823034A10B5D35813B1DB6803B19A
S214006C60984710BD105B0020042310B5034A117826
S214006C700B431370FFF7ECFF10BDC04614590020FD
S214006C80022310B5034A11780B431370FFF7E0FF99
S214006C9010BDC04614590020082310B5034A1178C9
S214006CA00B431370FFF7D4FF10BDC04614590020E5
S214006CB0F8B5150007000E001C00FAF763FB084B3A
S214006CC0186059609F609E81DD811C741123054900
S214006CD00A789A4313430B70FFF7BAFFF8BDC04615
S214006CE0F0580020145900201FB540F2A433084A7B
S214006CF002A9D3581A00FF32527F48708A700D22BC
S214006D000A701878FDF70CFAC0B205B000BDC04690
S214006D10105B002010B50E4C2000FAF72DFA0D4B34
S214006D20227EE3181AB140F20B320121995440F248
S214006D30A4329A58E0321278022A05D140F2A131E4
S214006D40585C1E3202435A54FFF782FF10BDC046FD
S214006D50045E00200CFDFFFF40F24022802310B5A9
S214006D60094CA1580B43A35040F20C33E35C0BB123
S214006D70FFF7D0FF40F2A1312223625C9A4313430F
S214006D806354FFF735FF10BD105B0020F0B585B0EB
S214006D900700019103F02EFE050020B1022003F04B
S214006DA053FE03F0DFFB40F2A433414CE358E033DC
S214006DB01B78012B13D103F02BFE060028B1002010
S214006DC003F00CFE350003F019FB03F02BFE060063
S214006DD028B1002003F008FE350003F01BFB354EFB
S214006DE003A806F095F93278531CDBB233700AB963
S214006DF006F0B2F903A806F090F9E5BB40F2A0321F
S214006E0040F20C33A25CE35CC2B913B140F24133EA
S214006E10E754380005F06EF92748FAF711FA50BB28
S214006E2040F2A1322023A15C0B43A354234C231D24
S214006E30DB6F9847236B9847E36E1AE01BB140F26E
S214006E404133019AE254019805F054F940F2A43314
S214006E50E358E0331B78022B14D040F2A1322023F3
S214006E60A15C0B43A35440F2A033E35C134CD3B9AC
S214006E70E36A984706E040F2A433E358E0331B7811
S214006E80022BF0D1FFF7B4FE03A806F041F93378E1
S214006E90013BDBB233700BB906F072F903A806F0BB
S214006EA03CF905B0F0BD04F065FF0028C2D0DFE76E
S214006EB0105B002030620020A85D0020844F010097
S214006EC013B5FAF75FFA6C4602000B00094920007A
S214006ED00CC1FAF7E5F840F23822074B9B1806CCAF
S214006EE006C32023054A11780B431370FFF7B0FE44
S214006EF013BDC04608590020105B0020145900201E
S214006F0040F2A132104B9A5C920704D540F2293227
S214006F109A5C012A0AD940F2A4329A581100E2314A
S214006F20097819B1E432116801311160002240F28B
S214006F30083102205A5404315A5401395A54CB3974
S214006F405A5882435A507047105B0020094B1A78F3
S214006F50012318001A420BD140F24021064A51582C
S214006F6031B940F2A233D05C0138431E9841C0B21A
S214006F707047C04614590020105B0020F0B500256D
S214006F8040F20C374F4C87B02580E55504950595A3
S214006F901D006E1EB54100910CA909886D4229405E
S214006FA040F23815C9B261550578A570067876099D
S214006FB0022E04D00225042E30D1013DE5552600D0
S214006FC00425FF36757125003F4FFC35EF60FF271F
S214006FD07773007840F2A437B07340F2281022543A
S214006FE0E25904A8D26C6A61009A12782B63727513
S214006FF040F23012A15405F0F3F9132570B92200BF
S214007000049BFE32138340F24432A0520C3205A891
S214007010A35004F091FF050018B11425280007B00E
S214007020F0BD059B002BF9D0E920E3591856FFF771
S2140070305BFE40F238130390E35C019313B3059BA9
S2140070400293029AE3590F2A1CD8E9201856FFF734
S2140070504BFE029A019B944663449BB2984211D31E
S2140070600F201A4A05A904F073FF0028D5D10F2176
S214007070009B059A1B780A408B431343009A1370B3
S2140070807375CBE740F2A436A25903983032FF322C
S21400709005A904F05DFF0028BFD140F228132200A6
S2140070A0E054A359FC323033FF33136340F23013FD
S2140070B0059AE2540833E25C002AAFD00A25E05471
S2140070C0ACE7C046105B0020125B0020285C002066
S2140070D0F0B587B000236A4640F2A4373D4CD37122
S2140070E0E35902A91A000870E932127805004A70BE
S2140070F01A00E8321278384E8A701A00FC32506A4B
S214007100926A48608A60228818788A816A463300C4
S2140071100732FDF7C5F840F241330122E254E35945
S21400712040F24831E9331A7840F24233E2546B4673
S214007130DA7940F243336118E2541133E55032688D
S21400714073680A604B6040F2603161180A604B60F9
S21400715003F0C0FD40BB40F2A433E358E0331B7895
S214007160012B01D104F038F804F0B2F840F20C33E9
S214007170E35C23B940F20832A35C0133A35440F227
S214007180B03300200021E31818605960134B2178B3
S21400719013489B6A9847050088B940F240220223AC
S2140071A0A1580B43A35007E03068716803F0D4FF82
S2140071B0084310250028CED0280007B0F0BD672869
S2140071C006D01925662800D10E3D03F091FEF3E7A0
S2140071D00D25FAE7105B0020205E0020844F01009A
S2140071E0125B0020030008001100074A10B5D46B9C
S2140071F01A00A04740F2402202230449885803435D
S2140072008B50002010BDC046844F0100105B00204C
S21400721013B5144B144C1548236040F2C01363603A
S21400722005F0D8F80023019340F2A433104A01A9D0
S214007230D35820611878FCF7BCFF019BA0600D486E
S214007240E360FCF757FEA0610B4804F0DBFD20620C
S2140072500A4803F0E1FAA062094804F0DBFE206366
S214007260200016BD50590020185900202C59002027
S214007270105B0020345900203C590020445900205F
S2140072804C590020F0B5040003258FB0A0B340F29F
S2140072904023274E023DF358AB422DD1016821B161
S2140072A04268244892B206F05EFF02256B4640F222
S2140072B0A4371D71A36869460093F3591878FCF744
S2140072C067FF40F20D33F25C313BF254F3591A007B
S2140072D0FC32916940F2E022FF33B1509A7F40F2CF
S2140072E0EC23F25401220133F2549B18F554A069A2
S2140072F0FCF7F2FD18B1122528000FB0F0BD20698A
S21400730005F05CF80028F6D1206A04F06DFD050053
S21400731050B9A06A03F074FA40B1206B04F06EFE18
S2140073200028E9D11525E7E71425E5E71125E3E769
S214007330105B002050590020030010B5032063B1F5
S21400734059B1187B0F2204001440104206D05A1C74
S214007350D27F1AB1002300200B7010BD1A0028320D
S21400736012780AB90123F6E71720002CF5D101336D
S214007370DB7F0BB90233EEE70323ECE7002270B5A0
S2140073808AB005000C0003230492002940D040F286
S214007390A43305A80270224A0926D3586E44190061
S2140073A0E231097841701900E4310968416040F221
S2140073B0F021525807921A00E832128852BA828197
S2140073C01A00FF32517A8173527F3100C2731B78E4
S2140073D00A22037403AB00930B236A446B4402F047
S2140073E086FF00203056FFF77FFC607004A804F08C
S2140073F0A3FD142360B9049A0F2A0CD863789A4226
S21400740009D8AD18991AAB429B415B422170DB004C
S21400741018000AB070BD002323700833F8E7C04692
S214007420105B00201FB504000323002861D00078FD
S214007430532800D990E10BF037FD54005F0066003A
S2140074406A006D0073007A008F018F018F018F0133
S2140074508F018F018F018F018F018F018F018F01A7
S2140074608F018F018F018F018F018F018F018F0197
S2140074708F018F018000860091009900A200A9006C
S214007480B300B000B600BD00C400CA00D000D700EC
S2140074902201DE00E400F000EA00F600FC00020133
S2140074A00D010A018F018F018F018F018F018F015E
S2140074B08F018F018F018F018F018F018F018F0147
S2140074C013011F01220131018F0139017101810170
S2140074D03F01430146014D0154015D0164016B010A
S2140074E06E0140F2A4339F4AD358E0331B782371D1
S2140074F00023180004B010BD40F2A433994AD258B5
S214007500F13BFF3BD0E0FCF7E7FD6060F0E7FCF7FF
S214007510F9FDFAE740F2A433924AD358E233E5E79E
S21400752040F2A4338F4AD3589B6C6360E0E740F286
S214007530A4338C4AD358DB6CF7E740F2A433894A6D
S214007540D358E133D2E71C2302A90B7040F2A433D0
S214007550844AD3581878FCF7E3FDD6E740F2A43304
S214007560804A0434D3580D33FF3305E040F2A43389
S2140075707C4A0434D358283306CB06C4B8E740F216
S214007580A433784A0434D3581533EDE740F2A433D5
S214007590744A0434D3583033EEE71A2302A9D4E7EA
S2140075A0192302A9D1E740F2A4336E4AD358FF3319
S2140075B05B7A9CE740F2A4336A4AD358F4331B68DC
S2140075C0B3E740F2A433674AD358F833F7E740F2FC
S2140075D0A433644AD358FC33F1E740F2A433614A3B
S2140075E0D358FC335B68A0E740F2A4335D4AD35817
S2140075F0FC339B6899E740F2A4335A4AD3585B7928
S21400760075E740F2A433574AD358E9336EE740F2A1
S214007610A433544AD3581B7969E740F2A433514A3D
S214007620D358E83362E740F2A4334E4AD358EC33DB
S214007630C5E740F2A4334B4AD358F03356E740F23E
S214007640A433484AD358FC339B6A636050E7FFF77D
S214007650DFFD5AE740F2A433424AD3581B6CF4E7E6
S2140076600E2302A90B7040F2A4333E4AD358187872
S214007670FCF756FD20713BE7042302A9F2E702233C
S2140076806A46137240F2A433364A6946D3581A0043
S214007690FF32527F8A72187802A9E9E740F2A433D3
S2140076A0304AD25840F22813D35C20E740F2A43385
S2140076B02C4AD258E83B24E705F0A4F8A08017E748
S2140076C005F0ACF821E740F2A433264AD25840F23F
S2140076D02C13E9E740F2A433224AD358FF339B7AAF
S2140076E005E740F2A4331F4AD358FC33586A0BF020
S2140076F06DFCBFE740F2A4331A4AD358FF339B7F92
S214007700F5E640F2A433174AD358FF335B7FEEE624
S21400771005F090F8F9E605F099F8F6E640F2A4339D
S214007720104AD358187818B11723062800D0E0E678
S214007730382302A90B70FCF7F3FCBFE740F2A43332
S214007740084AD358187818B11723062800D0D0E670
S214007750392302A90B70FEE6200003F0E7FB0300C6
S214007760C7E6C046105B002030B587B0029240F2F4
S21400777040220393094B04009A58012001AD019161
S214007780920708D440F2A43204A99B580C711878CA
S2140077900495FCF743FE07B030BDC046105B0020E2
S2140077A040F2402337B50A4A0221D55801232C005F
S2140077B00C400D420AD140F2A43301A9D3580870F8
S2140077C01878FCF73FFE032300B1230018003EBDE7
S2140077D0105B002040F2A433024AD358E0331878F6
S2140077E07047C046105B002073B5184C060001A811
S2140077F00D0005F08DFC2278531CDBB223700AB90D
S21400780005F0AAFC01A805F088FC1D2E17D0462E10
S21400781007D140F2A4330E4AD25840F22813D35C64
S2140078202B7001A805F074FC2378013BDBB22370B3
S2140078300BB905F0A5FC01A805F06FFC73BD40F27E
S214007840A433034AD358E1331B78E9E730620020BB
S214007850105B002010B572B6BFF34F8FBFF36F8F6B
S21400786040F2A4330C4A0124D358E0331B78022B91
S2140078700BD00A4B1B7843B9094B1B682BB904F095
S214007880FBF9040008B905F06BFD62B6BFF34F8F35
S214007890BFF36F8F200010BD105B0020684F0020E4
S2140078A01059002040F24823034A10B5D35813B1AC
S2140078B01B6903B1984710BD105B0020F8B540F275
S2140078C0A4370C00104EF9F757FC331DDB6F9847B2
S2140078D0336B98470D4B0E4A2100D518EB59187894
S2140078E0FCF7C9FC70B1EB59726BF433186890471B
S2140078F040F2A033A27CEA5420B1FFF7B5F9642029
S214007900FFF7D0FFF8BDC046844F0100E4FCFFFF40
S2140079102C5E0020F0B5244D85B06B689847013882
S214007920C0B201283DD940F2A436204CA359190014
S2140079301A001F001878FF311D4B497EF03212786E
S214007940EC37009349B203933B68FCF780FC40F2A7
S214007950EE270223A259E355B333FF33D25C3C3300
S214007960FF33E2540122023BE2542B1DDB6F9847A3
S2140079702B6B9847A359E1331878AB6D9847A359FA
S2140079800C4A18780399FCF776FC50B16B6B002014
S214007990984740F2A033E25DE25410B16420FFF74E
S2140079A081FF05B0F0BDC046844F0100105B00208B
S2140079B0EC5D00202C5E0020F8B540F2A436484C62
S2140079C00500A3591A00E0321078012869D0022871
S2140079D000D172E0002800D07FE035B90D33343294
S2140079E0FF3303CB03C2002008E0012D07D1280097
S2140079F003F0EAFC10B9A359E0331D70F8BD03206C
S214007A00022DFBD103F018FC0A2004F08DFB28B1F0
S214007A1040F2A1322023A15C0B43A35440F2A433CE
S214007A20E15802200B00E033187040F2C82240F202
S214007A30DC23A218E318E0CAE0C360CA60C340F2C1
S214007A40EE23E0540B0000225033587820B3187809
S214007A50022821D1242308005343CB181A6EFC3089
S214007A60826164331B78FF314B7640F20D33E05C65
S214007A70313BE0540433E2508A7F0C33E254032255
S214007A800233E254013B023AE25440F20C33002245
S214007A90E254FFF73FFFA6E701322433042AD4D18D
S214007AA0F3E7012D03D1A359E0331D709BE72800AF
S214007AB003F08AFC0028F6D0A0E745B9094C1570FB
S214007AC0236B9847E36E9847FFF792F88BE7012DF4
S214007AD000D193E7022D00D185E703208EE7C0464C
S214007AE0105B0020844F0100F0B540F240260120D4
S214007AF0124D8FB0AB59834216D104236A4640F22A
S214007B00A43700241371EB59694618780094FCF7E3
S214007B103FFBEB59AC51E033187838B903F0DAF88C
S214007B2008B103F0E5F900200FB0F0BD0128F8D049
S214007B300228F8D11C70FFF73FFFF4E7105B002027
S214007B4070B5040090B018B90323180010B070BDCB
S214007B5040F24023A44DEA5801239207F5D400785A
S214007B60532800D9C4E20BF09FF954005900640072
S214007B706C00700077007D0083008E008E00C302CC
S214007B80C302C302C302930098009D00A200A70090
S214007B90AC00B100B600BB00C000C500CA00CF00F4
S214007BA0D400D900DE00C302E300FD001301430148
S214007BB0680159016D0178017F01840189019001F6
S214007BC0C3029701AA01D301C001E601F601FF0135
S214007BD006020C021302C302C302C302C302C3029C
S214007BE0C302C302C302C302C302C302C302C30268
S214007BF02202C302C3024502C3025202A202B40218
S214007C005A025E02620273027D02860290029A02A5
S214007C109E022079FFF7D0FE030096E72379022B19
S214007C2000D191E740F2A432A958F13AFF3A8B54BA
S214007C3005E06068FCF73EFA002800D084E70023E1
S214007C4083E76068FCF74CFAF6E740F2A433EB589B
S214007C50E23322791A70F2E740F2A4336268EB58F6
S214007C609A64ECE740F2A4336268EB58DA64E6E71D
S214007C706168002900D167E7012004F0ADFD1223FA
S214007C800028DCD061E7616802200029F5D15BE7B7
S214007C90616807200029F0D156E7616808200029AE
S214007CA0EBD151E761687F200029E6D14CE7616897
S214007CB080200029E1D147E7616881200029DCD1D6
S214007CC042E7616882200029D7D13DE761688320BA
S214007CD00029D2D138E7616884200029CDD133E766
S214007CE0616885200029C8D12EE7616886200029B2
S214007CF0C3D129E7616887200029BED124E76168DF
S214007D0088200029B9D11FE7616889200029B4D1ED
S214007D101AE761688A200029AFD115E761688B20D1
S214007D200029AAD110E740F2A433EB58E13390E7DC
S214007D306A4640F2A436237A69461372AB591A0093
S214007D40FF32927F18784A72072202A9FCF745FA9A
S214007D50002800D1F8E6AB590D33FF33043406CCC7
S214007D6006C36CE76A4640F2A436237A6946137265
S214007D70AB591A00FF32927F18784A72072202A97E
S214007D80FCF72BFA002800D1DEE6AB592833E5E7EE
S214007D906A4640F2A436237A69461372AB591A0033
S214007DA0FF32927F18784A72072202A9FCF715FA6A
S214007DB0002800D1C8E6AA59043413001533FF334F
S214007DC003CC03C33C3B1B78022B00D037E7B3330E
S214007DD0FF33D35C002B00D131E7044B1B6B984775
S214007DE0FFF798FD2BE7C046105B0020844F01008C
S214007DF06A4640F2A436237A69461372AB591A00D3
S214007E00FF32927F18784A72072202A9FCF7E5F93A
S214007E10002800D198E6AB5930339FE7636802A983
S214007E20029301230B7140F2A433EB581878FCF749
S214007E30FAF9002800D002E786E6636802A90293F2
S214007E400023EFE72279531E0E2B00D97CE640F282
S214007E50A433EB58FF335A72F1E640F2A433EB58E2
S214007E60F43362681A60EAE640F2A433EB58F8335B
S214007E70F7E740F2A433EB58FC33F2E740F2A433C2
S214007E80EB586268FC335A60D9E640F2A433EB58EC
S214007E906268FC339A60D2E623796A4640F2A434DC
S214007EA013722B590622187802A9FCF796F90028B7
S214007EB000D149E66A462B59127A5A71BFE62379F1
S214007EC040F2A43402AE33702B5931001A00FF3250
S214007ED0527F1878B2700522FCF77FF9002800D18F
S214007EE032E62B593278E933B4E623796A4640F213
S214007EF0A43413722B590A22187802A9FCF76DF9DC
S214007F00002800D120E66A462B59127A1A7196E6A6
S214007F1023796A4640F2A43413722B590922187842
S214007F2002A9FCF75AF9002800D10DE66A462B593B
S214007F30127AE8338EE640F2F41362689A4200D969
S214007F4002E6B133FF33EB58EC331A6002F0DAFC8A
S214007F5002F010FD73E640F2A433EB5822791900C4
S214007F60F0310A701A73F1E740F2A433EB586268F6
S214007F70FC339A6263E640F2A4336268EB581A64F4
S214007F805DE66068002800D1DEE5FFF77BF943E692
S214007F90A379012B00D9D7E540F2A4336168EA58EB
S214007FA0F53BFF3B6068D15004F000FA67E66A468E
S214007FB00E2340F2A4361370237969461371AB5929
S214007FC01878FCF7C3F8AB5900201A000021A1323C
S214007FD0FF3210605160032202A90A71002218784D
S214007FE00292FCF7D5F82379A9595A1E934140F21C
S214007FF02D121CE640F2A433EB582279180040F20A
S2140080002811443002B1012202705A5417E640F299
S214008010A4332179EA58E83BFF3BD1540FE6A08809
S21400802004F0F6FB0BE6606804F0FEFB07E6227938
S2140080300F2A00D988E540F2A433E95840F22C1301
S214008040CA542C3BFF3B934040F290128B52F6E50D
S2140080502279072A00D977E540F2A433EB58FF339C
S2140080609A72ECE540F2A4332079ED580BF064FCEC
S214008070FC356862E3E52279012A00D964E540F21E
S214008080A433EB58FF339A77D9E52279012A00D931
S2140080905AE540F2A433EB58FF335A77CFE56068D1
S2140080A004F0CEFBCBE5606804F0D6FBC7E540F2F3
S2140080B0A433EB58187818B11723062800D044E5E7
S2140080C038236A461370A38893806946FCF73EF807
S2140080D0B5E540F2A433EB58187818B117230628F4
S2140080E000D032E539236A46137063680193ECE7E3
S2140080F0200002F031FF8FE540F2B83202498B587B
S21400810003438B507047C046105B0020F0B591B01B
S214008110039002F06FFC0E27002800D016E140F214
S214008120A437C34CE359E0331B78012B00D109E197
S21400813040F22E12E3590AAD995C86329A5C04AE80
S214008140501E82412A7040F22D129B5C08A8AB702C
S214008150E970F8F779FFE35930001A00AD32FF32C4
S21400816012680899009240F2A8129B58099AF8F7EC
S21400817013FF0BAB06CE06C340F210330020E31805
S2140081801A685B682A616B6140F2A1336870E35C31
S2140081905B0704D503F0C8FF08B101236B7040F2FB
S2140081A0A437E35929001878FCF710F940F290112B
S2140081B0E6590023725A01204042C11780185941DF
S2140081C040F21033E3181A685B680AF0D1FE3300F9
S2140081D0A133FF33186059600A900B91B73B1B78A8
S2140081E02B7440F22D13F35CAB7440F2B413F35CC3
S2140081F05A1E93416B7433009933FF331A685B68D9
S214008200AA60EB608B4DE0362B6B02933378022B23
S21400821000D1A4E02B1DDB6F9847029B9847E359DB
S214008220E1331878AB6D984740F2A433E358824F99
S2140082301878A133FF330093804A3B000AA9FCF765
S214008240D6F80600002800D08CE040F2A433E258AE
S2140082500A2311001778E9321278FF31CB5652B252
S214008260897F3800FCF702F940F2A433E358010096
S2140082701800F0331A78724BEC300093036849B25A
S2140082803800FBF7E4FF05F0A7FB1321012800D018
S2140082900A3940F2C02240F2A437A35840F2EC0C50
S2140082A05B1AA350E3591A00190018789C44654BD2
S2140082B0F032FF311278497C0093634649B21B685E
S2140082C0FBF7C5FF05F088FB1321012800D00A390B
S2140082D040F2D423E258521A40F2B411E250E35965
S2140082E0595C002964D040F20832A25C8AB9313267
S2140082F0FF32A75C2200E920FF32527D1207120FE0
S21400830002921856FEF7F0FC029BFF18B84200D205
S2140083107CE0032740F2A433E35840F2C0211A0061
S214008320F83212686158FC33521840F2AC216250A1
S21400833040F2D4221B68A2589B1840F2B022A350E9
S2140083403EBB43E002F064FB18B10F27380011B0C3
S214008350F0BD02F067FB002800D1E9E6F5E7029BD6
S214008360984761E70B2810D1039B73B140F2402277
S2140083702023A158344E0B4330003968A350F8F739
S214008380F9FF3000F8F76AFF00262020FFF7B4FE5A
S214008390370040F24023E3589B07D7D440F2A4337B
S2140083A0E358E0331B78022BD0D0EB6E9847CDE72E
S2140083B040F2C020FC33596820589B6809189B1867
S2140083C040F2AC2040F2B0222150A35040F2A43339
S2140083D040F2B212E3589A5C42B940F20832A25C0C
S2140083E0FAB940F20A32A25C012A1AD8E9269E5748
S2140083F040F20D33E35C270002930023FF37079318
S2140084007B7933B1042B23D00327C2E70826370035
S21400841080E70E4804F028F808B11227B9E77B7BFE
S214008420238040F20D33E05CFEF752FE0700B0E713
S214008430105B0020844F0100B85E00201D5E002007
S214008440C45D0020D85D0020805D0020185C002000
S21400845007A803F0C5FF132700289AD140F2083377
S214008460E35C23B940F20A33E35C012B02D9079B95
S214008470013B0793054F029A3B000798F1B204F0C0
S21400848077F80028C9D13B79CAE7C046185C0020B7
S21400849040F24022202110B51B4CA3588B43A3501A
S2140084A040F2B033E31803CB03000B4373B1F8F785
S2140084B06DFF19B941F64073984207D940F2A433CC
S2140084C00021E25840F28F13D15410BD0120FFF76F
S2140084D01DFE03000028F8D00120082B00D109302B
S2140084E040F2A433E358E9331A7840F24233E254B8
S2140084F0383BE25C3B33E254043BE05403F0FAFDC5
S214008500FEF7FEFCE1E7C046105B002010B5002039
S214008510FFF752FA0F4B00241A00FF3254711A006C
S2140085200D49FC32D160FF22FE33DA81FBF7EAFD0B
S2140085300A4B01000822180005F015FEFBF7CCFDDB
S214008540074B01000822180005F00DFE2000FFF77B
S214008550DDFD10BD105B0020125B00201E5C0020BD
S214008560265C002040F2A433F0B50025634E644A32
S214008570F458F13BFF3BE5542300E4331D6040F222
S2140085800833F250DD3BFF3BE25C91B012B1E5549C
S21400859040F2002540F290130122E252230004220A
S2140085A00021E833A2565956914203D01A7040F281
S2140085B000131D43230005220021E933A256595615
S2140085C0914202D01A7040231D43A31DDA7FF9336F
S2140085D0997A914203D09A7240F2004215432700DE
S2140085E0FC37A26A39690197914203D03A6140F696
S2140085F00002154322002C321278597C914203D097
S2140086005A7441F200021543220021001532FF324F
S214008610303181C981C2E43A1278597F914203D041
S2140086205A77802252021543220039321278997FF7
S214008630914203D09A7748F200031D43E36B1F1C58
S214008640191C019B586A0AF045FC20B944F2000345
S214008650019A1D435762236C019A936223004433A8
S2140086601A7840F22813E2541933FF33F358012BDB
S21400867002D02800FFF740FD002740F20C3301250A
S214008680F7547E3BFF3BE7542D33E75402AB1D7196
S214008690207819000297FBF77BFD40F20D33F75464
S2140086A09733F25840F22E131100D7549B33FF3302
S2140086B0F754FC31086940F2CC2170501100FF31AC
S2140086C0887F40F2D8217054491977544919755457
S2140086D02739FF39515C40F2DB22B1540749521961
S2140086E05B18B21813CB13C203CB03C240F2ED23C0
S2140086F00222F5545B19F25411B0F0BD105B002055
S21400870000010100F0B5A1B0070003250091002884
S21400871000D105E1002900D102E10368002B00D159
S214008720FEE04368002B00D1FAE08368002B00D1FE
S214008730F6E0C368002B00D1F2E013000A3B019379
S2140087406B461B790026AB4200D916003000FBF7BB
S214008750DDFC0925002800D1E2E0954D954C00216E
S214008760380003F035FC280040F2C012002105F066
S2140087700FFD40F2C0320021200005F009FD40F256
S214008780A43340F20A32E5500123A354013AA3541D
S2140087902A000023E032137040F2B01286492E7091
S2140087A0A95012AD2B71129356B9019B032B00D919
S2140087B0BFE018000AF064FB02B7B9BB01236B7177
S2140087C029003000FBF7E4FC40F2A43340F22D12FF
S2140087D03920E358A97904AE9954EA7980191A71B8
S2140087E02A7A5A712969EA6859618C4669691A6158
S2140087F099610191A969D9610291E96919620391A8
S214008800C07F991DC8771800696A2C309962196371
S2140088101CA909780170017261201900801900787E
S2140088203831087062208019007801264870E96A9D
S2140088301F98D963296B1D00196440F2F02160501F
S214008840591DCE770A2006214435986019732E707C
S214008850A83528601800F03001701900F4310A605D
S2140088601A006146F8321160019916745160029937
S214008870002091600399D16040F2BD129E541A0008
S214008880E132167040F244220099A7500432A150FB
S21400889000215A32FF32A154623AFF3AA6501A001B
S2140088A000219932A133FF32FF3310605160186007
S2140088B05960FFF757FE41484149F8F72DFC4148FB
S2140088C04149F8F729FC41484149F8F725FC414958
S2140088D04148F8F721FC40F2A433E55804AFA93527
S2140088E03800FF35F8F7B0FB0CCF0CC540F24C2330
S2140088F03A4A3B4FE2503B4A0833E2503A4A083382
S214008900E2503A4A0C3BE250394A0833E2503948C2
S2140089103B689847182518B9FBF76AFA58B112252C
S214008920280021B0F0BD022349E7032347E70423CC
S21400893045E76E7144E703F019FD0028EFD103F018
S2140089403FFA14250028EBD140F2A433E05850300B
S21400895003F076FD05000028E1D17B69984705F015
S214008960EFFBFB6E9847009A07A9536809A8079380
S214008970D3680893204B0993204B0A93204B0B9304
S214008980204B0C9340F2A433E3581A004C320D925D
S2140089909C320E930F92B533983AFF3310922A000A
S2140089A0119302F023FA40F2A233E654B8E7C04629
S2140089B050590020105B002000040001805D00205C
S2140089C0116C0000945D0020216C0000A85D002062
S2140089D0316C0000156D0000045E0020C16E0000C2
S2140089E0844F0100B16C0000696C0000996C0000B7
S2140089F0816C00005C5D0020905E0020285E0020F8
S214008A00685E0020B15E00200023F0B585B002AAA3
S214008A1006000324138000B3002200230261436192
S214008A20FEF794FAC0B903F0C9FBA8B940F2A43324
S214008A30714D3078EA58F13BFF3BD35C23B9020016
S214008A4004339A43043442B9002303AF3900039336
S214008A5003F0BEFB039B1BB10124200005B0F0BD54
S214008A6003F0A6FB010018B92822644805F090FB25
S214008A70012240F2593340F2A131EA540423685CE3
S214008A807A7003436B5400233078FB7038700C28E0
S214008A9008D80AF0F5F92007074D560707075E07BE
S214008AA0916A8300022440F2A833EB181A685B68C8
S214008AB032617361002C00D199E003F079FB002845
S214008AC0CBD140F20C3340F2A1320421E854AB5C27
S214008AD08B43AB54C1E740F2A433EB580224E03397
S214008AE01B78012BB9D0FFF73DFD02F0A5FB40F245
S214008AF0A4330421EC58002271562078FBF751FC71
S214008B000723E9342070FF207B70FFF7FFFC04008A
S214008B100028C8D040F2A4330421EB580122019368
S214008B2018787156FBF73DFC019BE9331870BAE7DD
S214008B300022022002A903F06DF9002855D0142463
S214008B40B1E70C22B088B256B168FEF74BFB0400C2
S214008B50A9E702F0B3F80028A4D102F0BBF802009F
S214008B6000289FD10D2002A9E5E740F2A433EB5878
S214008B70E0331B78002B95D107243079044040075A
S214008B80400F02F0B7F802AB0122190010201C704B
S214008B9003F040F90400002885D0D0E702F08EF8F4
S214008BA0002800D07EE702F095F80200002800D0EA
S214008BB078E7122002A9BEE740F2A433EB58E03370
S214008BC01B78022B00D16DE70124FC7002F076F8CA
S214008BD00190002800D066E702F0FEFA01F022FEBF
S214008BE0019801F031FF01F0BDFC00245BE738007E
S214008BF003F016FA31E7C046105B0020685E0020DE
S214008C0040F2B83202498B5883438B507047C046B7
S214008C10105B0020F0B591B0079340F2A4335D4C92
S214008C200692E35805911A00E832128840F2B41111
S214008C30039256BA1A00E432126804900A92595CFB
S214008C400725002900D194E040F22C11595C31B977
S214008C501D0000200021A135FF3528606960002036
S214008C6009A908701800E2300578E80108701800B5
S214008C70E0300078012803D10F780F3038430870B1
S214008C8040F28F11595C21B1202109A80778394399
S214008C9001700C9240F2F022A25801270D921A00A1
S214008CA00BA8868107704570FF32517A0F258173B5
S214008CB0527F0D26C2730E221B7806A9037406ABDC
S214008CC0F618ED180AAB5218009331002B0001F08D
S214008CD00EFB38408201402006AB1B7B00218343FD
S214008CE0134306AA137340F2A433E75800223B004E
S214008CF0E933B2565956914202D01A70FFF7FCF982
S214008D003B00FF332A78597A914203D080205A726A
S214008D10FFF7F2F90E2306AA9B1800221B78E83705
S214008D20BA565BB29A4204D040F200103B70FFF78E
S214008D30E3F9079B059A00930498069B09A9FEF79A
S214008D401DF940F2A436050010B107000A2804D128
S214008D500020FFF7DBF9070070B1A359039AE83348
S214008D6040201A80FFF74CFF40F20010FFF748FF44
S214008D703D00280011B0F0BD40F28F12A359985460
S214008D800A9AE4331A6003F0AFF80028F1D01425ED
S214008D90EFE7C046105B0020F0B507008FB018B9AB
S214008DA0032420000FB0F0BD0022002302614361BF
S214008DB0FEF7CCF8012401900028F2D1654B05ADF2
S214008DC01822010028701800029305F0E1F9029BB2
S214008DD0614A5C709E1840F20A33019AF454023BD2
S214008DE0F2543B7853B1A34251D0241940F2A83331
S214008DF0F618326873683A617B61D2E740F209334D
S214008E00F4541F232A781A40213313432B703B79DE
S214008E1020210293BB6840F2A4340193BB890E253F
S214008E200393022304AA52187D5713703359222045
S214008E301A00FF32527F04A909180A7018780CA984
S214008E40FBF76EF940F2B412335906909C5C083278
S214008E50995C1A00E232127840B22ABB07AC021CB8
S214008E60A84200DA2A1C22701A00FF32527F210024
S214008E70A27018780522FBF7B0F9002800D18FE71A
S214008E8040F2A433F3582278E9331A7011E040F226
S214008E90A433F358FF335A7A40F20933F2541F23AF
S214008EA02A781A409F3BB0E7012C02D109B9E93372
S214008EB0187040F2B033F31803CB03000B436BB1CA
S214008EC0F8F764FA19B941F64073984206D940F2A9
S214008ED0A4330021F25840F28F13D154039B019A19
S214008EE0029905A8FFF796FE040008B10A280AD1E1
S214008EF040F240333A78F25440F2A1320123B15C9A
S214008F000B43B35472E740F20C330025F554134B71
S214008F100A93134B0B93002308930AABE85C08A94B
S214008F2003F056F9089B4BB1002309930BABE85CA2
S214008F3009A902F0CBFF099802F09EFF0135042D27
S214008F40E9D1012003F0D6F840F2A1322023B15C2B
S214008F50D6E7C046505E0020C0FCFFFF03080B0C9F
S214008F60020D1012002370B51C00DDB20460AA4288
S214008F7000D870BDCD5CDE00B54001332C43F4E76D
S214008F80F0B50F0095B0092105920022039006A8BF
S214008F9009180A7009A90A80012B03D81400049244
S214008FA0BC4201D315B0F0BD039B651C185DEDB245
S214008FB002381128F6D809F06DFF12002E00D400F2
S214008FC0F80069018401C501F5016502F5FFF5FFAA
S214008FD09D02F5FFF5FFF2020703310359037B1BE1
S214008FE0012B00DC5DE3032003F09EF880B1032133
S214008FF0002003F047F8039BD14A595D40F26833DE
S214009000D1540399A31CDBB2C95C40F26933D15436
S2140090100334E5B228E02300FA1A042A00DC9EE0B6
S2140090200533DBB29F4203D9039AD25C032AF3D0FE
S214009030BD4200D193E00A21002206A809180A7052
S2140090400B2109180A700AA90A700CA90A7040F2C6
S214009050A432BB498A581100E231087830B104992D
S2140090603C1BE4B219B11D002C0099E70524039EB1
S2140090706B1E10A9F3184B6013000C728872FF3336
S214009080587F06AC48721000E9300078C8721000AD
S214009090E830007808735B7A4B7340F2B013D3580D
S2140090A0107810930CAB01930AAB00930B2306AA1F
S2140090B09B180A221219FBF709F96072C043400791
S2140090C034D140F2A4339E4A0021D45806AB220085
S2140090D09B7AE93251565BB2994208DA40F2BC11EB
S2140090E00120605440201370FFF706F801E0994213
S2140090F0F8D10B2306AA9B1800229A5623000021BB
S214009100E8335956914204D040F200101A70FEF728
S214009110F3FF0AABFF341B78627A9A4203D08020B2
S2140091206372FEF7E9FF2020FEF7E6FF002405261F
S21400913009E0092306A95B1801221900032002F0A2
S21400914069FE0134E4B20CAB1B78B3FBF6F2944232
S214009150EFD30122013BEB18DBB2049283E73B001E
S21400916081E7AF4200DC9CE240F2A4330F21744A50
S214009170D258039B5B5D0B401E31FF31505C98421A
S2140091800DD053542C39FF3999400B0040F2901102
S214009190023440F200205352E5B2FEF7ADFF002243
S2140091A0042009A902F036FE5EE77B1B032B00DCD9
S2140091B077E20923072006AA9B181870039B10AABB
S2140091C05B5D5F4D1909014040F2A43051700F21DC
S2140091D028580B40A11C1370C9B206900F2B03D160
S2140091E00300FF335B7C1370039B0322591811A8FE
S2140091F0FFF7B8FE6423119A10AE53431193069BF3
S21400920031001878FBF77DF8092306AA9B1818701A
S214009210C0430534E5B2400726D140F2A433484A9D
S214009220D45801222300FF33B256997A914204D0D3
S21400923040F200409A72FEF75FFF2300FC33196984
S214009240119A10AE914204D040F600001A61FEF763
S21400925053FF0023FF34F356627C9A4204D041F257
S21400926000006374FEF748FF092306AA9B181B78C4
S21400927009A9012205200B7002F0CCFD40F2A132B4
S21400928010232F48815C0B438354EDE640F24823BD
S2140092902B4AFF20D35813B11B6803B1984706AB7F
S2140092A018731F23059A9A4205DC0133203202DB2D
S2140092B0059A1F33134006AA53730620022209A9F3
S2140092C070E77B1B042B00DCEBE10926032206ABD0
S2140092D0F618039B06A95B5D10A80B7710AB0C93E2
S2140092E0A11C039BC9B259183270FFF73BFE6423DA
S2140092F0109A3021534310930023039A1193631D51
S214009300DBB2D35C06AA5218137040F2A4330C4AA0
S2140093100CA9D3581878FBF708F843B23070002B26
S21400932008DB09A908700122072002F073FD3378D4
S214009330032B01D006346CE63020FEF7DDFEF9E79D
S214009340105B0020AF4200DCABE140F2A433D64E07
S2140093500234F258039BE4B2595D0F2319400B1CEC
S21400936001B90123D9B240F2E8334B431100F8317A
S2140093700868984209D00B6040F2E831FC325B186E
S21400938042F200001360FEF7B7FE002209A908208B
S21400939002F040FD40F2A1321023B15C25000B43E1
S2140093A0B35461E6AF4200DC7BE10121039B0AAEC9
S2140093B05B5D40F2A4355A090A4072701A090A40E9
S2140093C032700F221340B370B74B31005B591878D8
S2140093D0FAF7BFFF013053D0B34B32785D592B00FC
S2140093E0FF33597F914204D080205A774002FEF71F
S2140093F083FE0AAB5A782B00FF33997F914204D044
S21400940048F200009A77FEF777FE0AAB9B78A74AE9
S2140094102E00D35CFC36180006930AF045FA011CB1
S214009420706A09F057FD38B906980AF085FA706236
S21400943044F20000FEF760FE2821022306AA521816
S21400944013702B00FF335B7F023106AA521813708D
S214009450287810A9FAF764FE40F2A433924A0C90DA
S214009460D3580022E9339A5640B2904203DD187072
S2140094704020FEF741FE0022092009A902F0CAFC9E
S2140094800234C6E57B1B032B00DC0AE1032206AB95
S2140094905A72039B10AE5B5DA11C3370039BC9B26E
S2140094A0591811A8FFF75EFD6423119A7E4D5343A9
S2140094B0119340F2A433EB5831001878FAF75DFFA9
S2140094C006AB587243B2002B0FDB09A901220870C5
S2140094D00A2002F09FFC40F2A1321020AB5C03434E
S2140094E0AB5406AB5B7A032B01D0053491E5FEF74F
S2140094F003FEFAE77B1B042B00DCD2E0082002F018
S21400950013FE002800D115E70821002002F0BAFD5E
S214009510162306AA9B1800221A80039B0AAE591926
S21400952030000432FFF71EFD039A631DDBB2D25CE7
S21400953040F2E83353431B1231000822B3800CA8D4
S2140095400AF08DFC5A4B0A9D10A8ED18F7F75AFD45
S21400955040F23C23544E2900F3181B680D9A0093E2
S21400956040F238230EA8F3580C95F7F715FD0F9B1D
S214009570119A109900930CA80E9BF7F7F3FC0C9821
S2140095800D99F7F71FFD4B4B1868596802F06AFBF8
S21400959001F07EFD40F234330122F254CAE60B207D
S2140095A002F0C2FD002800D15EE50B21002002F08B
S2140095B069FD40F2A0333C4AD35C043B012B00D843
S2140095C052E501F0EBFC4FE57B1B032B69DD039BAB
S2140095D0039A595DA31CDBB2D35C0398E21CD2B29B
S2140095E0825C1B02120413430B43642159430F236E
S2140095F0651D0434E4B2005DEDB2184001F0D2FC03
S21400960009A908700122112002F004FC40F2A132E0
S21400961010232549885C03438B5425E57B1B022BCE
S2140096203FDD0C2002F080FDF0B10C21002002F09E
S21400963029FD204E0398E11CC9B232687368415C6C
S21400964006920793A01C039BC0B2185C03029C46BC
S214009650039B585D63461843069A079B01F0F0FC8F
S2140096603068716802F0FEFA0434D2E47B1B022BE9
S21400967017DD6420039B039A595D251DA31C033444
S214009680DBB2E4B2D35C125D1B02120413430B433D
S214009690584301F03FFD09A9087001221320EDB2DE
S2140096A080E53D00E0E4C046105B00202058010045
S2140096B0803DD512F0580020F0B57C4BA9B01B6E4B
S2140096C003B198471CA803F023FD79490A78531C78
S2140096D0DBB20B700AB903F03FFD1CA803F01DFDBA
S2140096E00023744A1CA81468136003F011FD704A26
S2140096F01378013BDBB213700BB903F041FD1CA8D5
S21400970003F00BFD6C4F002C00D155E1E3B205933E
S214009710A40674D5654B694CDB6A9847F7F732FEAA
S21400972040F2AC230025FE5822686368801A9941EF
S2140097302B00864204D940F2B022BD58331A2D1AA7
S2140097405F4E19003000F7F715FE3000F7F786FD7C
S2140097505C4B29001D001800F7F70CFE2800F7F7F1
S2140097607DFD40F2A433FB581A00E0321278022A3C
S21400977003D040F20C32BA5C8AB1152212A90A70E4
S2140097801878FAF7CDFC40F2B0234F4DF9580F90F9
S21400979009182800F7F7EEFD2800F7F75FFD2068A8
S2140097A0616803F0E9F940F2A43540F20D3240F268
S2140097B02E115820BA5C7B595A5406A909180A700B
S2140097C040F2B4129A5C0130511E8A4106A909186B
S2140097D00A70206861681E901F9118781CA9FAF715
S2140097E0C6FC206861687B599933FF33186059605E
S2140097F040F20C33FB5C13B940F24132BB54059B7C
S214009800DB0600D4A1E0302200211CA80AF0BEFA34
S2140098102822002112A80AF0B9FA2C4B01200E22A9
S2140098209D5E40F2A432BA589E89D16C9C681B7C1F
S214009830099120495BB20978049381431D480023AF
S214009840017040F2443104987B541E397D52023137
S21400985078540C937831785C773978540F397B528A
S21400986003317B5403317B5004317B5206317B54E9
S21400987002317B5014397B5418317B5004317B54B1
S21400988040F2383300200021FB1818605960E0329F
S2140098901378022B21D001F0CFF8C8B902F06AFA8B
S2140098A0002800D0D4E1014BDB6ED3E1844F0100E9
S2140098B03062002014590020105B00200859002058
S2140098C0945D0020A85D0020045E0020F058002073
S2140098D0D24B5B6898470128E0D140F22933FB5C05
S2140098E013B9CF48F7F748FCCE4B31001A685B68CF
S2140098F00292039340F2A033FB5C2A002000009300
S214009900049B03F0ADF9132306AA9B181A00310036
S214009910200001F0AFF80690002800D19CE106ABCD
S214009920DB7C93B101F088F848B1BC4B5B68984784
S214009930012804D1B94C236B9847E36E984740F250
S2140099409233049AFD520233FA54059B1B0725D521
S21400995040F2A433FB58E0331B78022B08D002F009
S21400996009FAAE4B002801D100F026FCDB6A9847C6
S214009970FDF73EF940F241330220F85402F0BAFBFC
S21400998040F20C33FB5C1BB140F20B330122FA545D
S21400999040F2A1322023B95C0B43BB54059B5B0706
S2140099A003D506210520FDF7F1F9059B9B0703D596
S2140099B004210320FDF7EAF901F0A4FD1CA803F03A
S2140099C0A7FB99490A78531CDBB20B700AB903F05F
S2140099D0C3FB1CA803F0A1FB0022944B1CA81C6828
S2140099E01A6003F095FB904A1378013BDBB21370C4
S2140099F00BB903F0C5FB1CA803F08FFB002C4CD062
S214009A00E5B2E40720D540F20D33FA5C593BFA5430
S214009A10F033FB5840F2B7211A00FF32907A7854A0
S214009A20917F40F2C422B954002240F2C5217A54F4
S214009A3001317A54B532FF329A5C40F2C7237C4932
S214009A407C48FA54FDF73AFFAB0722D540F20D33B7
S214009A50FA5C453BFA54DC33FB5871481A00FC327A
S214009A60116940F2CC22B9501A00FF32917F40F2C1
S214009A70D822B95400210132B95401320131B95407
S214009A80273AFF3A9A5C40F2DB236B49FA54FDF71B
S214009A9015FF6D0701D5FEF7FBFC40F2A133FA5C1B
S214009AA093067CD540F2A2330021F95440F24021BF
S214009AB07B58180602D5822083437B5005231A4222
S214009AC000D17CE30A2002F02FFB002800D176E3C9
S214009AD040F2A133FB5CDA0700D570E35B0700D4E5
S214009AE08AE340F240220221BB588B43BB5040F22F
S214009AF0402140F2A1327958BB5C19B1012928D126
S214009B00590726D50520B95CDDB28143B954012238
S214009B1040F2A2317A54134205D040F24423FB5857
S214009B2046481B689847042425420AD0444802F059
S214009B3015FB02F03DFB20B140F2A133FA5C144362
S214009B40FC5401F0D5F940F2A1322021BB5C8B43D6
S214009B50BB5440F24023FB5883B9582406AA121976
S214009B6013701CA802F01EFA06AB1B191B782BB14B
S214009B7040F2A1321023B95C0B43BB5440F2B83418
S214009B8040F2A23301223859FA5440B15B3BFF3B06
S214009B90FB5813B19B6803B1984700233B5140F232
S214009BA0A1320821BB5C0B4207D08B43BB5440F26A
S214009BB04423FB582348DB68984740F2A13410251D
S214009BC03B5D2B420DD05821052306AA5218138060
S214009BD040F24423FB581CA8DB6898473B5DAB4328
S214009BE03B5540F2A1320221BB5C0B4207D08B43AF
S214009BF0BB5440F24423FB5813485B68984740F236
S214009C004023FB58012B21D040F2A033FB5C023BE3
S214009C10012B1BD8FDF77EFE18E0C046844F0100DE
S214009C20A85D0020F0580020306200201059002067
S214009C30C45D0020945D0020D85D0020505E0020AA
S214009C40685E0020905E0020285E002029B0F0BDEF
S214009C50D24BDB6A984740E640F2A433FB58E03329
S214009C601B78012B0ED100F0D3FE0500A8B1069894
S214009C7000F0B4FE00F0C2FB042340F22932BB54CD
S214009C8001230693012002F035FA8EB940F219330B
S214009C900122FA54FDF760F857E600F0C3FE0028EC
S214009CA0F0D0280000F0A0FE00F0B4FB0523E4E7A7
S214009CB0237808935B09032B00D1D5E0052B00D150
S214009CC0CEE0012B00D061E233004FF6EF72113B7D
S214009CD01342DBD13422F3B2079306AB9B1840F253
S214009CE0A435079A12941A7040F2B4137A59D35CCA
S214009CF0002BCBD1FAF706FA12AA0100FF2002F0D9
S214009D00DDFB402206AB9B181B780400DA431207E3
S214009D1000D1CEE21B071B0F06AA13777B5906A9B4
S214009D201A00FF32927F18784A7707220DA9FAF7B1
S214009D3054FA002C00D0BFE2002800D1BCE240F26A
S214009D40A433FC583921200006ABC918032248303A
S214009D50FFF708F92100159B12AEE364337CFF3150
S214009D605B0604915B0F897ADAB2914205D0049AB9
S214009D7040F200409372FEF7BFF9357CEB431B07B9
S214009D8010D02200FF322D0706922D0F527CEBB228
S214009D909A4205D0069B41F200005D74FEF7ACF9CE
S214009DA0069B5D76727C02B9013240F2E83353437B
S214009DB02200F83211688B4208D040F2E831136076
S214009DC05B1842F200005360FEF796F90123049AEE
S214009DD02C2153720022B233FF33E254713B06AAA1
S214009DE0FF3B9B181093079B5218113B137040F2D1
S214009DF00D330839FB5C06AA5218137020780FA999
S214009E00FAF700FA40F2A433FC5823780BB1052B7E
S214009E1002D11020FEF770F92020FEF76DF940F20F
S214009E20B41302220020E25402F07EF918B1002199
S214009E30080002F027F940F22933FB5C012B00D919
S214009E40B3E140F20C33FB5C002B00D0A5E140F2FE
S214009E50A1322023B95C0B43BB54FCF7C9FE74E562
S214009E6040F218330122FA5440F2A433FA5810781C
S214009E7013000200511E8A41FF339B7F524213405B
S214009E800DA98B7040F21C33FB5C4B700D230B70DE
S214009E90FAF746F932000D3A07900B90131C12049D
S214009EA000D500236A461C21525E1BB2934200DD99
S214009EB0ECE60B2E00D8E9E65C2206AB9B181C9459
S214009EC01E70374BA332259326AB1A701CA803F0DE
S214009ED049F8002800D0D9E6069B43B1642206ABB9
S214009EE09B1819781E98C906C90F01F0EFFA1E9B39
S214009EF00FA9069340F23033069A1CA8FA50FDF7D5
S214009F001BFA0600002800D0C0E6099B069A0C90B3
S214009F10934241D040F2A433FB5801001C001D00C0
S214009F2040F2240C5434513562464A430698A658EB
S214009F30B0422AD1AE5C46B39A181100926EE03356
S214009F40126852310C921A780D780323022A00D038
S214009F50023340F22932BB540FAB1B78032B00D0E0
S214009F6094E61CAB1A7B602301261A4200D08DE6CD
S214009F700FAB1B7809936B46998B042D1FD82800CE
S214009F8008F07EFF2C26282A100001310429CBD1A8
S214009F9040F219330B227CE60425E9E7844F0100E2
S214009FA0495C00200324662206AB9B181A88200012
S214009FB00CAB02F021FA98B10923072800D0012340
S214009FC040F21932BB5440F22C330C9AFA5061E638
S214009FD00524E8E70624E6E70724E4E70424E2E7A6
S214009FE01CAB009322000C9B2800069902F030FB65
S214009FF040F2193328B10238421E90410B30F85413
S21400A00048E6F85440F21A33642240F21D31FE54FA
S21400A01006AB9B181B78DA06D20F7A5440F2203231
S21400A0200C99B8500432B8549B060832B950DB0F6E
S21400A030023ABB541732B8540332BB5440F22933A9
S21400A040FA5C012A03D87B33FB58E4331860012EF0
S21400A0501BD140F218330221F95440F240331CACB5
S21400A060F95C237B012A05D8012901D19B0601D57D
S21400A07001F04EFF099B032B00D980E0180040F248
S21400A080293308F0FDFE314B76391F2140F2A43308
S21400A090089840F28F148843FB5840F21831A028E5
S21400A0A01ED19F381855B230FF30185C18B9279C5F
S21400A0B0B930FF301C5001237B549A42CDD940F270
S21400A0C0383341F640700021FB181860596040F2A2
S21400A0D0B0338049FB180868496818605960BCE7C7
S21400A0E0002018557854B8E7217BFB5C0907049AD2
S21400A0F0090F20A8FEF744FF592306AA9B18DA7F0B
S21400A10040F21B33FA54626A0533FA5026AB1A78CB
S21400A11040F22433FA54012201330DE0217BFB5C2C
S21400A1200907049A090F20A8FEF72AFF592306AA52
S21400A1309B18DA7F40F21B33FA54592306AA9B1861
S21400A140DA7FE02A0ED140F2A433F958E83BFF3B11
S21400A150CB5C3BB940F21B317A5440F22032BB5004
S21400A1600432BB5240F2A1320223B95C0B43BB540B
S21400A17061E626AA1178FB5C049A606AD4E740F28E
S21400A18019330122FA54FCF7E7FDD6E740F21933FB
S21400A1900122FA54FCF7E0FD4DE640F24433FB5C46
S21400A1A0002B00D153E6FCF7B5FD40F22933FB5CEB
S21400A1B0022B00D151E64AE6DB6EFFF7D8FB40F2F1
S21400A1C0A1330425FB5C2B4216D0002001F0ACFF27
S21400A1D040F2402458B1002001F070FF10B940F260
S21400A1E00833F85402223B5993433B5104E02800BD
S21400A1F001F09AFF0028F5D140F2A133FA5CD307AC
S21400A20000D474E440F24033FB5CFBB940F2A43364
S21400A210FB5840F208301900FF31385C497A884212
S21400A22008D292072CD5E0331B781BB140F22933B5
S21400A230FB5C2BBB2848F6F79FFF40F2402220210C
S21400A240BB588B43BB50FCF75BFE50E4012B17D189
S21400A25040F20B33FB5C002B00D148E440F20A339B
S21400A26040F20931FB5C795C994216D9920703D516
S21400A27040F24432BA5CC2B940F20A320133BB54EF
S21400A28040F2A1322021BB5C8B43BB5440F20B331F
S21400A2900022FA54FEF7FCF829E440F244317A5CD6
S21400A2A01AB940F20C307A543A5440F24532BB5454
S21400A2B0C0E7002800D142E5002001F035FF002865
S21400A2C000D1B8E500210820032C00D1B1E5072015
S21400A2D0AFE5C046F0580020805D00200B6882186D
S21400A2E0904200D1704703701B0A0130F8E7F0B5C2
S21400A2F099B005930D230C2704920391C356C757B4
S21400A3000293837B426801931E9B04001A60467882
S21400A3103D00002E48D0022306AA1372C37B08A96C
S21400A3209372007CF9F7FCFE43B200939F4201DA79
S21400A3306B461D7800262189626863898A427641C9
S21400A3405B186DB2F6B29A4207D30A2308A90B70BF
S21400A350207CF9F7E5FE43B2029363892089590011
S21400A360626809188A421FD3121AB2FBF3F14B43F4
S21400A3709A4219D1009B9F420CDC237843B10123FB
S21400A380207C0AA90B71F9F703FF2020FDF7B4FE25
S21400A39001230193212308A94D700B70E37B8B707A
S21400A3A0207CF9F7BDFE45B23000039B029A1D7073
S21400A3B0049B1A70059B019A1A7019B0F0BD000034
S21400A3C0034B10B5A0331B6803B1984710BDC046B9
S21400A3D0085F00200022034B5A641A649A60DA6011
S21400A3E07047C046085F0020034B10B5C8331B6893
S21400A3F003B1984710BDC046085F0020022310B581
S21400A400034A11780B431370FFF7DAFF10BDC046FE
S21400A41044600020042310B5034A11780B431370E0
S21400A420FFF7CEFF10BDC046446000201FB53523A1
S21400A43001B1063B6A461372044B1073B8331B68AF
S21400A44002A91878F9F76CFE05B000BD085F002079
S21400A45010B50A24022800D0053403F0BDFA0128FE
S21400A46000D10A34200010BDF0B58FB0282302902A
S21400A470039102B13C33FA200021394C4002A66D0C
S21400A480E76D801BB941029D039E1A004019714179
S21400A490F6F782FF2300BC331A682300EC331B68F0
S21400A4A0216C56685B188619FE2B23D8072304AD4B
S21400A4B0AB742300E521B8331B68127A187861560E
S21400A4C033000095F9F7C3FEAB68FE2B01D9FF23D6
S21400A4D0AB600120FFF7BCFF2200EB68EC32181AD5
S21400A4E01268AB68E8609B1A23642300F0331B688D
S21400A4F0C01A60642300FC335B68E2689B18FE2B7E
S21400A5002BD82300BC331B6808211A7A2300CC33CF
S21400A5101B6809AD59562300B8331B6818783300FA
S21400A5200095F9F794FEAB68FE2B01D9FF23AB60CC
S21400A5302300CC331B6803205B7A032B00D8022051
S21400A540FFF786FF2200EB68FC32181A5168AB68EA
S21400A5505B1AE3609368C01AA0600FB0F0BDC046F7
S21400A560085F002010B50548F6F706FE0123044AEA
S21400A57011780B431370FFF723FF10BD7C5F00209C
S21400A58044600020F0B587B00492059306000D00E5
S21400A590F6F7F8FE334C00900191A06AE16AF6F7F0
S21400A5A063FD009A019B121A8B411000FA221900D3
S21400A5B05202002308F0BCFC40F21E0C1900634651
S21400A5C040F648075E4300231000F219009E019FE4
S21400A5D092197B411F001600361A8F410292039390
S21400A5E0019BBB4203D81ED1009BB3421BD96346D6
S21400A5F06B431D00029A039B801A9941009A019BA7
S21400A600801859412A00002308F092FC0130C0B29D
S21400A610454300232A00B6185F41049B984204D3A2
S21400A620002007B0F0BD0020F7E7206B616BF6F75F
S21400A6301BFD01230C4A5B42801859418F42EFD81C
S21400A64001D18642ECD8009A019B30003900801A6E
S21400A6509941E269F6F79EFE059B18605960012055
S21400A660DFE7C046085F00202AF4FFFF70B506004B
S21400A670150088B06846102200211C0003F088FDF3
S21400A68004A81022002103F083FD04AB8C221021C5
S21400A690684600960195F9F757FC6B465A7C1B7C7A
S21400A6A01202D218B2FBF4F35C430C9B121B1A8006
S21400A6B008B070BDF0B50400B0B100220827100045
S21400A6C041F221063D00A35C1B02584003B2002B5A
S21400A6D00BDA5B00734098B2013DADB2002DF5D1A8
S21400A6E0013293B29942EDD8F0BD400080B2F3E754
S21400A6F0F0B587B01D000CAB1F7800903723019291
S21400A70007B1043B154E02AAB8361372336804A983
S21400A7101878F9F705FDC3B2040003900020012B5A
S21400A72015D9342302AA1372336804A91878F9F7E6
S21400A730F7FC019B009A6D06DB092B43D318FF221A
S21400A7401440B3FBF4F14C4310401B1BC0183900F7
S21400A750C0B2FFF76BFE07B0F0BDC046085F002032
S21400A760F0B506000F001000244C87B0002A37D042
S21400A77001210020FFF75AFE2300CC331B6805009A
S21400A7801A7BD20700D51D690822237E134208D003
S21400A790934323762300483301211878FFF746FEBB
S21400A7A00500237EDB0623D537430FB32300D833BB
S21400A7B01B6803A99BB20B804E6023002600B833AB
S21400A7C0A83632681B688D6018780432F9F764FE84
S21400A7D0A43423683268DD6012791A7407B0F0BDBD
S21400A7E00123226A009380320300FFF781FFC3E74C
S21400A7F02300EC331B68226C9B18DAE7085F002006
S21400A800010010B5002021B10248142203F0ABFC71
S21400A810012010BD306000201423036000487047FC
S21400A82030600020F0B587B0F6F7ACFD324C06007D
S21400A8300F00A06DE16D03000B43002B4DD00023ED
S21400A8402E4A12184B419F4247D801D1964244D80F
S21400A85032003B00121A8B41100019006422F6F7F2
S21400A8609BFD230060331A78050004235AB1227E2C
S21400A8701343206B616B2376F6F7F6FB801BB9411A
S21400A8802065616503E0227E64351A42F0D026001A
S21400A890BC36336827005B6804A9ED183123B83747
S21400A8A00B703B681878F9F73BFC23000722E2336D
S21400A8B01A70336803901A7A3B6841B21878104BC6
S21400A8C0DC3400932B00F9F7C2FC0020FFF7C0FD34
S21400A8D023681B1A236007B0F0BD00220023210066
S21400A8E00025A265E36522656365237E0C32603130
S21400A8F093430D702376CAE7085F002000DD6D00E5
S21400A900D85F0020FA20F0B5184C87B02700282220
S21400A91000214002F6F740FD2200BC373B68683253
S21400A9200025555F5B682600ED18312304A9B8366C
S21400A9300B7033682D181878F9F7F2FB23000722FE
S21400A940F6331A703B6803901A7A336841B2187867
S21400A950074BF03400932B00F9F779FC0120FFF742
S21400A96077FD23681B1A236007B0F0BD085F002040
S21400A970EC5F002073B5FA20164C00212822400216
S21400A980F6F70AFD2300BC331A682300683300215B
S21400A9905B5E516825005B181B182000CC352968C3
S21400A9A0B830097A00680C4E0078127A49B20096E0
S21400A9B0F9F74DFC2B6825005B7A0320FC35032B4A
S21400A9C000D80220FFF744FDAB68FC34181AA060DC
S21400A9D073BDC046085F002000600020014B713345
S21400A9E018707047085F0020014BFF33987370475C
S21400A9F0085F0020054B01201A7ED20605D470336E
S21400AA0018780B3843425841C0B27047085F0020A0
S21400AA10034B71331878033843425841C0B270472D
S21400AA20085F0020034BFF33987B033843425841AE
S21400AA30C0B27047085F0020024B187EC006C00FE9
S21400AA407047C046085F002010B5094C50B9237EF9
S21400AA5070345B0703D5FFF7EFFF012300B1002337
S21400AA60237010BD70342378012BFAD92070F8E7D4
S21400AA70085F00203023F0B5884F95B007910AA9EB
S21400AA800B703B000024B8331B6814700500187860
S21400AA900492F9F745FB3B00099070331B780B2BAB
S21400AAA004D03B7E2000DB0600D4DEE009AC237831
S21400AAB0079A934200D0CEE063782800591D03938E
S21400AAC0FFF7F8FD039BEA189179537909020B43C7
S21400AAD0834200D0BFE0724B72481E68039BA17889
S21400AAE0EB5C7375C35C069353783B629078000208
S21400AAF018433862D3781B0403433B62127912066C
S21400AB0013433B620023664ABB84843A331D11CA52
S21400AB1011C3039B0E335B180593039B0731DC1DA3
S21400AB202C192000FFF7C6FD059BEB185A78059BED
S21400AB301202EB5C1343834200D098E03000039986
S21400AB40237808310622F3756918183003F00BFBDA
S21400AB500122534B1B689A756B46197F524B012096
S21400AB605B6A984740F2E83200230021040008F0B0
S21400AB70DFF940F2E8330500434339003800E41AB1
S21400AB8008220EAE20312830B48009F068F9B96A80
S21400AB90464B10A8C9180F9BB9620093FA6A2B009F
S21400ABA0F6F7E0F911991098F6F70CFA12A8F6F7EE
S21400ABB029FA12981399F6F757FA3B0001220CADC2
S21400ABC06033B865F96528001A70F6F78FFA3B000F
S21400ABD070331B780024364E0B2B12D10C98696804
S21400ABE0F6F742FA716804003068F6F73DFA314B22
S21400ABF0241A1B68013394FBF3F4631D40DA052422
S21400AC0064422D4B1C60002306CD06C6294A1360FD
S21400AC103B00683300215A5E0699914204D01980A1
S21400AC20FFF770FEFFF7A6FE03233A7E9A43134310
S21400AC303B76FFF7CFFB3B00052270331A70FFF719
S21400AC4091FC0122049B1A703B7EDB0603D5B86D8F
S21400AC50F96DFFF709FC3B0070331B78052B03D01A
S21400AC60012B11D00B2B0FD0012015B0F0BD002307
S21400AC70300007221900B375173003F089FA6BE726
S21400AC80052CBEDD0524BCE70123049A02201370C0
S21400AC90FFF7DAFEFFF766FCE6E7C046085F00202F
S21400ACA0AC5F002030580100844F0100803DD51273
S21400ACB0005F0020F85E0020FC5E002010B5044B0C
S21400ACC070331B781800012B01D0FFF7B5FE10BDBE
S21400ACD0085F00200122064B1000197E114205D1A4
S21400ACE070331878013843425841C0B27047C046A6
S21400ACF0085F002070B5194D41F200012B00CC33DF
S21400AD001A6880230341537091FBF3F35380537A00
S21400AD100400032B15D903280DD82E000320FFF7B7
S21400AD2097FBFC36B3681B180220B360FFF790FB56
S21400AD30B3681B1AB360CC352B685C72FFF754FB04
S21400AD4070BD0328F7D92E000220FFF781FBFC36E2
S21400AD50B3681B18B3600320E8E7C046085F00200E
S21400AD6030B500251C4B1D4C85B0142229001C480C
S21400AD701D6003F00DFA14222900200003F008FAE3
S21400AD8058222900174803F003FA174BE361230003
S21400AD909C331B680BB19847E061362302A90B7001
S21400ADA02300B8331B681878F9F7BAF92300CC33B8
S21400ADB01B6818720720FFF79DFFFFF733FDFFF7AC
S21400ADC0A1FDFFF7D7FD220000237032FF34138069
S21400ADD0A37305B030BDC04644600020085F002065
S21400ADE030600020205F00200000C841F8B5114CFC
S21400ADF023009C33C0C9C0C32100A4310B00E0C8A7
S21400AE00E0C362C862C362C862C323000A49CC3387
S21400AE1019600A480A49C8342260F6F77DF90948DD
S21400AE200949F6F779F909480949F6F775F9FFF778
S21400AE3097FFF8BD085F0020306000207C5F002090
S21400AE4065A50000905F0020FDA3000018600020AC
S21400AE5015A40000F0B5254CA3B02600CC36336808
S21400AE6009AD1A7BD207D20F00921A6901922A0006
S21400AE7083CB83C221002700183158220CA808F083
S21400AE80EEFF237E60375B07DB0F0693226D636D54
S21400AE9002920393A26DE36D049205933B780793A9
S21400AEA0FFF75EFF01213368019A1A611A7B8A4315
S21400AEB000990A431A7343CD43C304212000069B1E
S21400AEC030309A00237E8B431343237612A9029ACE
S21400AED0039B22656365082208F0C1FF049A059B60
S21400AEE0A265E365079B3B7023B0F0BD085F0020BA
S21400AEF00D4A10B51300703319788B1F022B11D82A
S21400AF002023107E034313760223072906D00A3334
S21400AF10082903D0137E9B07DB0F043370321370AF
S21400AF20FFF720FB10BDC046085F00200378422BC9
S21400AF3003D0472B08D002207047064BCC331B6843
S21400AF401B7A03710020F7E7024BCC331B685B7A51
S21400AF50F7E7C046085F0020037810B50400422BD0
S21400AF6004D0472B0DD00223180010BD0A4B0279DF
S21400AF70CC331B681A72FFF7FDFCFFF735FA002387
S21400AF80F2E7FCF727FC0028EDD1207903230728F9
S21400AF90EAD8FFF7AFFEF2E7085F002010B5FFF72C
S21400AFA023FA10BDF0B585B00D000F000324234E24
S21400AFB0019059B13300B8331B680391002218780A
S21400AFC003A9F9F70AF901270230C4B26B461B79C8
S21400AFD003A95BB20093009A02AB1A713300BC332C
S21400AFE01B6802AA35331B7853713300B8331B68CD
S21400AFF007221878F9F7F1F8022118B98C432000D7
S21400B00005B0F0BD032C17D1CC3633687A42154014
S21400B0107A001F785D608F43174308221F709A5688
S21400B02001998A4205D08020009A80021A72FDF7A4
S21400B03063F8FFF79FFCE2E70C00E0E7085F0020FC
S21400B040F7B51E2444432600104C0027250048353B
S21400B05029700C21207E92197B4188430143684663
S21400B060266567652176F6F71BF823006A463033B7
S21400B07003CA03C32300206D616DAC331B6898615F
S21400B080D9612A780133DA77F7BDC046085F002019
S21400B090F0B58BB006AE3000F5F7B4FF069D079905
S21400B0A02800F5F7E1FF7F23184C9D4302902B0004
S21400B0B020000027039180333100082230300693A9
S21400B0C0B78008F0CCFE08AB9F80099B04AE0093C7
S21400B0D0216B626B30008023F5F75EFF2300283378
S21400B0E006CE06C30423227E206B1343616B2376B1
S21400B0F0F5F7BAFF029A039B801A9941044B206524
S21400B1006165ED182562A7840BB0F0BD085F0020CE
S21400B11080C22AED37B505000E4CA0B12300B83327
S21400B1201B6801900022187801A9F9F756F848B173
S21400B1300122CC342368197B1D610A431A73FFF77A
S21400B14053F901203EBD0121CC342268137B8B438A
S21400B1501373F4E7085F00207FB502900391F6F7BB
S21400B16011F91B4E05000C00306B716BF5F77CFF78
S21400B170019100210B00BC36366800907269306978
S21400B180801859410123134A5B42121A8B410298D8
S21400B1900399121A8B410098019912184B41A34249
S21400B1A00ED801D1AA420BD80098019940F6480261
S21400B1B0002380185941A14206D801D1A84203D8DD
S21400B1C00020002104B070BD40F64800F9E7C046F4
S21400B1D0085F002048F4FFFF13B51348F5F7CCFFCF
S21400B1E0124C1348F5F7C8FF01A801F091FF22782A
S21400B1F0531CDBB223700AB901F0AEFF01A801F0C0
S21400B2008CFF06210B4A01A813788B43137001F0BC
S21400B2107FFF2378013BDBB223700BB901F0B0FF50
S21400B22001A801F07AFF13BD905F00203062002075
S21400B2301860002044600020204B13B51B681B7864
S21400B2405B0707D50A2000F06FFF18B10A2110200F
S21400B25000F018FF1A481B4CF5F78EFF01A801F006
S21400B26057FF2278531CDBB223700AB901F074FF33
S21400B27001A801F052FF0121134A01A813788B435D
S21400B280137001F045FF2378013BDBB223700BB946
S21400B29001F076FF0D4C01A801F03FFFFFF79CFF81
S21400B2A0FFF7D8FD63689847042806D0231DDB6F98
S21400B2B09847236B9847E36E984713BDB85F002006
S21400B2C07C5F00203062002044600020844F010034
S21400B2D037B51B4C237EDB072AD51A481A4DF5F7DF
S21400B2E04BFF01A801F014FF2A78531CDBB22B7029
S21400B2F00AB901F031FF01A801F00FFF0121134A3E
S21400B30001A813788B43137001F002FF2B78013BE2
S21400B310DBB22B700BB901F033FF01A8703401F0DB
S21400B320FCFEFFF759FF2278022A02D1053222706E
S21400B33037BD0C2A01D1043AF9E70622F7E7C046E2
S21400B340085F00207C5F0020306200204460002000
S21400B3500F4A40F201101300C0331B6810B51900E5
S21400B36090311C8884420FD113000021FF33012046
S21400B370997340F22413074CD0542000F5F7FAFFD7
S21400B3802000F5F76BFF10BD24339942E9D1FAE7A8
S21400B390085F002018600020094B00211A00713257
S21400B3A010B511700122074CFF3320005A73F5F7D1
S21400B3B0E1FF2000F5F752FFFFF7CAFF10BDC046B9
S21400B3C0085F0020905F0020030010B5012808D118
S21400B3D0074A0220127E1A4202D0FFF7DDFF002045
S21400B3E010BD0220002BFBD1FFF726FFF7E7C04673
S21400B3F0085F0020F0B5324C87B002900391A06A37
S21400B400E16A00920193F5F72FFE009A019B121A4B
S21400B4108B411000FA221900FA260023520207F088
S21400B42087FD00277602B61A9F41009A019B04AD5D
S21400B43092197B412800F5F733FE2300303306CD02
S21400B44006C33000E2693900F5F7A4FF1D4B039AE6
S21400B4501B68D31A1B18002B00DD1800009A019BEE
S21400B4600600002792197B41A263E363FCF7B2F95A
S21400B470012801D1FFF790FF237E9B060ED4230000
S21400B4800922A4331B681A70029A5A702300B0333C
S21400B490196828230A789A4313430B702022237EC8
S21400B4A0934323761FB940F6B8339E4204D901234E
S21400B4B0054A5B42B6185F413000390007B0F0BD60
S21400B4C0085F0020FC5E002048F4FFFF0C4B10B520
S21400B4D01A00B43212681268824203D1CC331B6859
S21400B4E0997210BDC0331A68131D9432042B03D012
S21400B4F01C68844200D1997724339342F6D1F0E752
S21400B500085F0020F0B5B24D8DB00AA801F000FE2D
S21400B5102A78531CDBB22B700AB901F01DFE0AA86C
S21400B52001F0FBFD0023AB4F0AA83C683B6001F02E
S21400B530EFFD2B78013BDBB22B700BB901F020FE40
S21400B5400AA801F0EAFD002C00D13EE1E3B2079321
S21400B550E40740D5A04CF5F715FF230004900591AD
S21400B560703318780C2800D958E207F09DFC940137
S21400B5700D00A8015702B901D90157025702570218
S21400B580FC01220257022802267E102335001D40A9
S21400B5901E4206D0914D2B6B9847EB6E98470C23B6
S21400B5A074E1FEF717FF042233001340164200D161
S21400B5B066E1236D626D1343002B00D01AE114235D
S21400B5C0227E9A43043B13432376002240F648002B
S21400B5D00021FFF7C5F80222079B13425CD03B7898
S21400B5E0002100207C4C93433B7023000A900B9173
S21400B5F07133197801291BD0914200D114E2002939
S21400B60000D091E22200FF32537B6BB12300CC3393
S21400B6101B68734D5B8851732200B4321268206A2F
S21400B62000951268FFF722F82300012271331A7082
S21400B6302300CC331B68A0885A7859880AABFEF7DB
S21400B640A1FF48B322002100FA321278654BFC3184
S21400B650E0689A704A688D6812189A60A2680A981C
S21400B6600B99AD18DD60854205DA2A00EB17121833
S21400B6704B410A920B93022371340A9D23705A4C55
S21400B680290020000B9EF5F775FE2000F5F7E6FD75
S21400B6902800310001F0C8FB0420079B034200D1BC
S21400B6A093E0002300224C4C0A920B932300C033F5
S21400B6B01D68002D00D188E02200FF32937B032B0B
S21400B6C000D182E0397881433970012B23D0022BD8
S21400B6D000D12FE2002B00D0BBE240F22411605CC8
S21400B6E0002800D123E22E0040F201176354903662
S21400B6F02B88BB420CD12A002032EB8B206A0092AA
S21400B7006A680021FEF7B2FF23000122FF339A7316
S21400B7102435B542ECD12300C0331D6800232361D5
S21400B7202B00002600279033049340F201122B884A
S21400B730934213D12A7FE98B288C0AABFEF722FFAF
S21400B74060B1310039430A9A0B9B21B19F4202D85F
S21400B75004D1964202D916001F002561049B2435A9
S21400B7609D42E2D1236983B3237E204D9B0716D5E5
S21400B770210023002000CC310968BC33B8301B6898
S21400B7800068097A1A7A007800955B6849B2F8F77B
S21400B7905EFD124BDB6D9847EB681B1AEB60E968A1
S21400B7A0B14203DA0A00CB17B6185F410223FF3412
S21400B7B0A3730F4C31002000F5F7DCFD2000F5F7F1
S21400B7C04DFD3000390001F047FB0DB0F0BDC0461E
S21400B7D03062002044600020085F0020844F010093
S21400B7E00C5F0020E45E0020905F0020D05E00200A
S21400B7F018600020206B616BF5F736FC2300DC3305
S21400B8001E683200F317801859410126059B99429D
S21400B81003D82ED1049B98422BD91DB10822237E33
S21400B82093432376049A059B801A9941E269F5F7BB
S21400B830B1FD002300222265636503000B4306006A
S21400B8400D00002B00D1BAE6D04C31002000F5F7F1
S21400B85091FD2000F5F702FD049B059C02930394DE
S21400B860CB4B32001B68CB4800932B0001F070FADC
S21400B870B1E6FA2200235202801859413500C5E786
S21400B88000200021206561652363A38600267034AE
S21400B89035002370D8E7237E10261D00354033423E
S21400B8A000D077E6FEF796FD237E01221E4326761D
S21400B8B0FA2600200021FEF753FF7602C4E7002296
S21400B8C004980599236AA28480332362FEF7CCFD90
S21400B8D0B14A1368013313602300042270331A70D0
S21400B8E00222237EA06A9343E16A2376F5F7BCFB27
S21400B8F0049A059B121A8B411100002B00D04EE6CD
S21400B900A64B994200D94AE6049A059B0F20616C23
S21400B910FFF770FD06000D0009237034237093E7CF
S21400B9201022237E0E2093432376616C049A059B97
S21400B930FFF760FD2300B0331B6806001B780D0080
S21400B9405B07E9D50A2000F0EFFB0028E4D00A21C7
S21400B950002000F097FB230000200021AC331B687A
S21400B9609860D960D8E723009C331B680BB19847D2
S21400B970E0612300F0331B681800D917A26BE36B55
S21400B98012184B4105998B4203D84BD104998A4231
S21400B99048D921000A207031087004980599121AB7
S21400B9A08B4110001900E269F5F7F4FC06000D0063
S21400B9B04AE70B2370342370FFF70EFC05E62300DE
S21400B9C0B0331B681A7852071ED50A2000F0ACFB6D
S21400B9D018B10A21102000F055FB714DFFF7FCFB53
S21400B9E0FFF738FA6B689847042806D02B1DDB6FE4
S21400B9F098472B6B9847EB6E98472023B034226805
S21400BA0011780B431370E6E522000D21A43212686C
S21400BA101180082219780A431A70DEE70023703472
S21400BA202370D8E5042331E72300CC331B681A784B
S21400BA305E6813000B400A4208D12100B431096841
S21400BA40226A00930868FEF753FE06002269130078
S21400BA504AB12300CC331B680332997A0023D27F85
S21400BA608A425B41DBB22500FF35AA7B032A0ED152
S21400BA70002B4ED04A4B1B6B98470023AB73494DA7
S21400BA801E212800F5F776FC2800F5F7E7FB2300D3
S21400BA90032271331A702300CC331B68424D1B7A85
S21400BAA004AA6B70414B1D201B6835331B786E60F3
S21400BAB02B7400236B740433AB742300C4331B68ED
S21400BAC0374E1B78EB7417239B181900FBF78CFE78
S21400BAD0331DDB6F9847336B984704ABD87DB36D47
S21400BAE098472300B834A8331A68236804321878B5
S21400BAF02900F8F7C0FB2D4B1A68736BD06898477F
S21400BB00002800D1C8E5FBF7AFF86420FBF7CAFEB3
S21400BB10C2E571342370264C1E212000F5F72AFC5E
S21400BB202000F5F79BFBB7E500221A70B4E5012369
S21400BB309373F0E5216909B14B7853B90021FF34BE
S21400BB40A173184C2000F5F715FC2000F5F786FBCE
S21400BB503BE60B692BB9226A00934868FEF7C8FDDE
S21400BB60030022692500D11CC87F21007135CC3125
S21400BB7009682D78897A032D1CD188421AD30023B0
S21400BB80FF34A3731E21074CDCE7C0467C5F002011
S21400BB90FC5E0020205F0020F85E002000DD6D00C7
S21400BBA0844F010018600020E45E0020C45F00207F
S21400BBB0905F002021000320FF318873127D264D00
S21400BBC000276A702200BC321268244E3532127882
S21400BBD06B600523AB742300C4331B682A746F7430
S21400BBE01B7804AAEB7417239B1819001A30FBF76E
S21400BBF0FBFD331DDB6F9847336B984704ABD87D4E
S21400BC00B36D98472300A8331A682300B8331B681F
S21400BC10043218782900F8F72EFB230071331A78BF
S21400BC20032A08D10E4D1E2128001F70F5F7A2FB2F
S21400BC302800F5F713FBBC342268736BD06898476E
S21400BC40002800D1C1E5FBF70FF86420FBF72AFEB9
S21400BC50BBE500239373B8E5D05E0020844F010057
S21400BC60905F00200022034B9865D96560331A70F8
S21400BC707047C046085F0020F7B5354D01272B7882
S21400BC801C003C403B421BD1324E3000F5F7D8FA40
S21400BC90B8B1043E32780B2A13D840F66403D3407A
S21400BCA03B420ED02C4802F0DCF92200032130780B
S21400BCB002F0F5F9294802F0D4F9294802F0D1F942
S21400BCC001242B7802261A0032400192334217D103
S21400BCD0244F3800F5F7B4FAA0B1173F3B78B343CA
S21400BCE0012B0FD1204802F0BCF903213878019AC5
S21400BCF002F0D5F9194802F0B4F9194802F0B1F982
S21400BD0001230193019B2A7823431C001600042379
S21400BD101E401A4218D1154D2800F5F791FAA0B129
S21400BD200222113DAB7B9343012B0ED1104802F04B
S21400BD3098F932000321A87B02F0B1F9074802F017
S21400BD4090F9074802F08DF9012620003043FEBD29
S21400BD50446000207C5F00207A4601009B4601007C
S21400BD6068460100905F00209D4601001860002094
S21400BD70C046010010B5FBF72DFD03000020012B87
S21400BD8007D10322034BCC331B685B7A9A424041AF
S21400BD90C0B210BD085F002003000020112B03D89E
S21400BDA00248D840012318407047C04620070200CA
S21400BDB0024B10B51B6803B1984710BD54610020B4
S21400BDC070B5074D0400280040F20C12002102F066
S21400BDD0DFF90020034B286068601C6070BDC04619
S21400BDE04860002054610020010010B5012029B1F0
S21400BDF0034840F20C1202F0B6F9002010BDC0460F
S21400BE004860002040F20C13036001487047C046AB
S21400BE1048600020F8B51500012601B32022144B17
S21400BE201F001C0008372678DEB90134BC42FAD160
S21400BE30104C226802B92360626802B113600022C7
S21400BE401A606360AAB21871DD71581DFC3402F0E6
S21400BE508AF9E36801335B19E360FFF7A9FF300056
S21400BE60F8BD013AD2B23B00002AD9D10226F6E745
S21400BE70506000204860002010B5012410B3124B1B
S21400BE801A68904204D102681A60002205E00A008F
S21400BE90002AFAD011688842F9D15968884200D140
S21400BEA05A600AB1016811600024FC33DA68C1796F
S21400BEB0013A521A04602100DA60082202F068F99A
S21400BEC0FFF776FF200010BD48600020054B1B687A
S21400BED02BB11A798242FAD100200B6070470320FA
S21400BEE0FBE7C04648600020084B70B51C681CB9CC
S21400BEF0FFF75EFF200070BD2079FFF74DFF256835
S21400BF0010B92000FFF7B8FF2C00F0E748600020CB
S21400BF10084B70B51C681CB9FFF74AFF200070BDBF
S21400BF2020792568FFF738FF10B12000FFF7A4FF3F
S21400BF302C00F0E7486000200300012023B1002019
S21400BF40024AFC32D2681A607047C0464860002039
S21400BF50F7B50F000190160001206AB161B1104BD1
S21400BF601C6800231D002CB1019AD11AE279013217
S21400BF70914202D200203D60FEBD5A1CD2B2009211
S21400BF802279611DF254009BE279F01802F0EBF87A
S21400BF90E279009B0135D3182468DBB25519E2E735
S21400BFA04860002070B5040001205CB1074B1D6896
S21400BFB0002323702DB12879FFF7EEFE18B1012378
S21400BFC02370002070BD2D68F4E7C046486000204E
S21400BFD0002310B5074C142220600748FF21037584
S21400BFE0E0606060A06002F0D3F80122E3685A7552
S21400BFF010BDC0465861002068610020010010B5E1
S21400C000002021B10248162202F0ADF8012010BD32
S21400C01068610020162303600048704768610020AE
S21400C02030B50D4D0200E96800200C7D042C12D8B6
S21400C0301078AB680134187050785870D278181D94
S21400C040DA7000229A700A0010320C75934200D102
S21400C0500800A860012030BD5861002010B50849CE
S21400C060CA68137D180053B1013B137513004C6862
S21400C0701033201D9C4200D110004860012010BDE6
S21400C0805861002070B50C4CE268137D2BB115008A
S21400C0906368A46810359C4200D170BD1E788E423D
S21400C0A005D0AB4201D11300F5E70433F3E70122D4
S21400C0B058709A70F1E7C0465861002030B50C4CB5
S21400C0C00100E2680120137D33B16368A0681400A4
S21400C0D01034984201D1012030BD1D788D4205D024
S21400C0E0A34201D11300F4E70433F2E75878F3E7EC
S21400C0F05861002070B50B49CA684B68147D5075AE
S21400C10064B11400012589681034DE78587006B9C9
S21400C1109D70A34203D113009942F6D170BD04333B
S21400C120FAE7C046586100200B4A30B5536891685C
S21400C130D26814001034994204D100235A1E934149
S21400C140D8B230BD1D788542F8D0A34201D0043362
S21400C150F1E71300EFE7C04658610020F0B5050090
S21400C1600024124F85B0FB681B7D0193019B9C4207
S21400C17001D105B0F0BD7B68197829705A786A70CD
S21400C180987840B13B6828009B689847FFF766FFA1
S21400C1900134E4B2EAE703AE31707270DB78F37014
S21400C1A0FFF75CFF3000FFF73BFFF1E75861002028
S21400C1B0014BDB68187D7047586100200420034B54
S21400C1C0DB681B7D984280414042704758610020E2
S21400C1D0F0B50D4A0023D5682C7D9CB12E0053681F
S21400C1E0002210361F7887420AD0B34206D12B00B1
S21400C1F00132D2B29442F5D1002303E00433F7E7CC
S21400C2009442F9D00B60F0BD58610020F0B585B0BF
S21400C21004000F0016000021102268461D0007F0DB
S21400C220B5FD6A46A31F13706B460322581C3900DF
S21400C23001F099FF0322310001A801F094FF6B463C
S21400C2400222D81D290001F08EFF064B0222186834
S21400C250694623000068F7F70DFF00B10F2005B010
S21400C260F0BDC046A8610020F0B58BB0019310ABBE
S21400C27006000C001F780092F9B30A20F6B31022CD
S21400C280002102A807F082FD1022002106A807F070
S21400C2907DFD1E206B460125042201A968441D76FB
S21400C2A05F77FEF71BF82220042211A96844FEF7E8
S21400C2B015F8EAB21301103B06A8DFB2C2730135C7
S21400C2C01021009A02ABADB2F7F73EFEC0B9221CB1
S21400C2D0102C00DD102202A80021844612B2F319A9
S21400C2E067461878CF5D0131784018700133914267
S21400C2F0F6DB103C24B2002CDBDC00200BB0F0BDDB
S21400C3000F20FBE71FB510220021684607F03EFD10
S21400C310054B0922186869467F230068F7F7AAFECE
S21400C32000B10F2005B000BDA8610020033805232A
S21400C33000B504280CD80C4B1B6806F0A1FD030BB7
S21400C3400E1012001A690A601A0010325A62002390
S21400C350180000BD5B690B60F9E79B69FBE7DB69CA
S21400C360F9E71B6AF7E7C046A861002010B50C483D
S21400C3700C4C28220021206001F00AFF23680A4A9C
S21400C38019001A6001220020524210319A80D860AB
S21400C3901A6159625A619A61DA611A6210BDC04622
S21400C3A080610020A861002000040001024B1B6889
S21400C3B0186000207047C046A8610020010010B534
S21400C3C00A2021B10248282201F0CDFE002010BD2F
S21400C3D080610020282303600048704780610020A9
S21400C3E003000A202BB10020024A1268D2680132EC
S21400C3F01A607047A861002037B51C00002315009E
S21400C40001930A3344B101A9FFF790FF030018B95E
S21400C41001994A1C02D1256018003EBD8AB2AA1AAC
S21400C420002A02DD89182160F6E712B90723216089
S21400C430F2E78022090C0904520289184919F2E72A
S21400C44003000A2063B1074A00201268083311006F
S21400C4501431196104315963043120329965DA6761
S21400C4607047C046A861002037B504000A207CB19A
S21400C470114D09382A68938801339380FBF73CFEF8
S21400C4802B6820009B88E38200F0BAFD08B11120DB
S21400C4903EBD230018330093132202232168F7F7CA
S21400C4A031FD03000F20002BF2D1200000F0A8FD84
S21400C4B00028EDD0EBE7C046A8610020F7B51400D1
S21400C4C00A2572B169B10335FF280AD110681179BF
S21400C4D0013001390300022289B2F7F735FD10B1A9
S21400C4E00F252800FEBD200000F004FD10250028C2
S21400C4F0F7D102271D4E3368987022790097043AC8
S21400C500636A216892B2F7F708FD0028E8D1227A1C
S21400C510E379AA401B02A179134332680B43916862
S21400C5200D3D9942DDD038009360FBF7E5FD33689A
S21400C530A71D09342200390008200433FFF766FEE1
S21400C54005000028CDD133682200390007200433C7
S21400C550FFF75CFE05000028C3D101223368524273
S21400C560D8601A610C20FBF7C7FDBAE7A861002067
S21400C570F0B506001C0087B01BB90A25280007B0D6
S21400C580F0BD324F06253B68DB688342F6D82000B4
S21400C59000F068FD0B3584460028EFD1631CDA7F77
S21400C5A0531E9A413B680732DB68B34232D33B687E
S21400C5B0DA68B24203D00820DE60FBF79DFD2379DF
S21400C5C020892168043B8446A7689AB20029D4D003
S21400C5D040F200100E258242D0D80025B7380290CF
S21400C5E002A885806546C373C58023003D0C05728E
S21400C5F000253F0E47724681370C2C33360E857366
S21400C6000773467300930723F7F77CFC0500A0B179
S21400C6100F25B3E723002833187823790100043B5D
S21400C6201B1A20680196C01863460093A368FFF79C
S21400C6301BFE05000028BAD0A0E723792068043B3B
S21400C640E16AC01800F007FD98E7C046A861002020
S21400C650F0B58FB0149E0F001D0003900692002EBA
S21400C66000D190E0002310000AA90A93FFF75EFEAF
S21400C67018B1062420000FB0F0BD0A9B9D4201D8D9
S21400C6800133F6D1300000F06DFC10240028F1D103
S21400C6903E4A83009B181A7803998A4241D1B268B1
S21400C6A00224BA42E6D15A789B78059209933368F9
S21400C6B003933379043B07936B469B8B0493F36A8F
S21400C6C00893039B002B5ED040F20012049B0E24BE
S21400C6D09342CFD80AAC20000021F03A01F058FD72
S21400C6E049230A9340F20013A3803B0C23723B0EAF
S21400C6F063722B0C23732B0E63730023A373079BA9
S21400C700E780E373099B658120000093049A089BE9
S21400C7100399F7F702FC040040B10128AAD00F24C1
S21400C720A8E701300528B3D10C24A3E7731CDB7FF0
S21400C7300BB9073305933300283319780123019585
S21400C7400093059A3B00706AFFF78EFD04000028F0
S21400C75000D08FE706980338042800D98AE70C4BE8
S21400C7601B6806F08DFB03080A0C0E0004201D61F2
S21400C770FBF7C2FC7EE75D617CE79D617AE7DD61E1
S21400C78078E71D6276E70A2474E7C0461640002064
S21400C790A861002030B50F4B04001D6885B020B995
S21400C7A0AB780B203BB905B030BD012803D1AB7880
S21400C7B00B20012BF7D010220021684607F0E6FA7E
S21400C7C00923220069462868F7F754FC0028EAD0B7
S21400C7D00F20E8E7A861002070B50500F7F742FCD7
S21400C7E0040010B10F24200070BD012DFBD12800DD
S21400C7F0FFF7D0FF0028F5D1FFF784FD0028F2D020
S21400C800F0E70000014B1B6898887047A86100207D
S21400C810014B1B6898807047A8610020014B1B687D
S21400C82098687047A8610020014B1B6898607047A5
S21400C830A8610020014B1B6818697047A86100209A
S21400C840014B1B6818617047A8610020014B1B68EC
S21400C850D8687047A8610020014B1B68D8607047F5
S21400C860A861002010B5054C3C220021200001F0F4
S21400C8708FFC40F20013236010BDC046AC61002060
S21400C880014B18607047C046AC610020014B186829
S21400C8907047C046AC610020F7B51C000AAB1B7899
S21400C8A007000193184B0D001B6816001B072AD5BE
S21400C8B0164801F0D6FB00220321380001F0EFFBFA
S21400C8C0134801F0CEFB00220A21300001F0E7FBFE
S21400C8D00F4801F0C6FB00220A21280001F0DFFB0A
S21400C8E00B4801F0BEFB00220521200001F0D7FB1B
S21400C8F0074801F0B6FB01980022032101F0CFFBA8
S21400C900044801F0AEFBF7BDAC610020E84601002C
S21400C910DD4701006846010010B504AB1C88044BD7
S21400C9201868800702D019719A609C8110BDC046B5
S21400C930AC6100200520064A10B51468044206D0F3
S21400C9401376029BD3610A9B13621218D17710BD2F
S21400C950AC610020F7B5274C0193236805000E0054
S21400C96017005B0734D5244801F07BFB0022032127
S21400C970280001F094FB214801F073FB00220321FC
S21400C980207E01F08CFB1D4801F06BFB00220A2183
S21400C990E06901F084FB194801F063FB00220A21DC
S21400C9A0206A01F07CFB154801F05BFB00220A219F
S21400C9B0300001F074FB114801F053FB1F20631D8B
S21400C9C018560022032101F06AFB0D4801F049FBCE
S21400C9D02368DA0708D52200019934321170220044
S21400C9E02C322763A66215705B0602D50423383402
S21400C9F02370F7BDAC610020EE460100DD47010064
S21400CA0068460100F7B5254C0193236806000F0021
S21400CA1015009B0737D5224801F023FB002203218F
S21400CA20300001F03CFB1F4801F01BFB00220321F5
S21400CA30207901F034FB1B4801F013FB00220A2189
S21400CA40A06801F02CFB174801F00BFB0022052123
S21400CA50A08901F024FB134801F003FB019B0A2187
S21400CA605A4253415B421D400022280001F017FB4A
S21400CA700C4801F0F6FA380000220A2101F00FFBFC
S21400CA80094801F0EEFA2368DA0701D52761267512
S21400CA905B0602D5052338342370F7BDAC61002051
S21400CAA0F3460100DD4701006846010010B5084C5A
S21400CAB023685B060BD538342378022B07D005484D
S21400CAC001F0CFFA044801F0CCFA0223237010BD1F
S21400CAD0AC610020F84601006846010010B5084C1D
S21400CAE023685B060BD538342378032B07D005481C
S21400CAF001F0B7FA044801F0B4FA0323237010BD1E
S21400CB00AC610020094701006846010010B5084CDA
S21400CB1023685B060AD5383423783BB1054801F014
S21400CB20A0FA054801F09DFA0023237010BDC04608
S21400CB30AC6100201A4701006846010010B50A4C97
S21400CB4023685B060AD5082809D1084801F089FA47
S21400CB50074801F086FA01233834237010BD0028F8
S21400CB60FCD10448F2E7C046AC610020294701002A
S21400CB70684601004147010070B5324C2368DB0768
S21400CB8049D5314801F0D2FD0025230034331B7807
S21400CB90AB4241D82D4801F064FA00220121100072
S21400CBA001F07DFA294801F05CFA0022012110000C
S21400CBB001F075FA254801F054FA00220121100010
S21400CBC001F06DFA214801F04CFA00220A21A06A11
S21400CBD001F065FA1D4801F044FA23002C331B7857
S21400CBE0012B21D11A4801F03CFAE0690022052108
S21400CBF080B201F054FA174801F033FA237E002081
S21400CC00022B02D8144A5B00985E0022052101F030
S21400CC1046FAF3F75DFE70BD236B0221585D0135C1
S21400CC2001F029FAEDB2B0E70C4801F01AFA4CF21E
S21400CC305033E26900209A4200D1323000220221AD
S21400CC40E5E7C046AC61002059470100DD4701001A
S21400CC505D47010065470100345801006847010040
S21400CC60F7B5334C0193236807000E000092DB07EC
S21400CC7049D5304801F05AFD0025B54244D32E4828
S21400CC8001F0EFF900220521009801F008FA2A4881
S21400CC9001F0E7F900220321019801F000FA264886
S21400CCA001F0DFF9254B88331B689847012180097E
S21400CCB00840002201F0F3F91F4801F0D2F90022E3
S21400CCC00A21206901F0EBF91B4801F0CAF9237D1F
S21400CCD0012B20D11A4801F0C4F9A06800220521D2
S21400CCE080B201F0DCF9174801F0BBF92379002087
S21400CCF0022B02D8144A5B00985E0022052101F040
S21400CD00CEF9F3F7E5FDF7BD785D0221013501F0B8
S21400CD10B2F9EDB2B1E70D4801F0A3F94CF2503389
S21400CD20A26800209A4200D1323000220221E6E7B3
S21400CD30AC61002059470100DD470100844F010027
S21400CD405D4701006547010034580100684701004F
S21400CD502C4B70B51B6804001500069E9B054FD52E
S21400CD60294801F07EF900220A21300001F097F9E7
S21400CD70264801F076F9264801F073F900220A21C8
S21400CD80280001F08CF9214801F06BF9214801F0E8
S21400CD9068F900220A21E06A01F081F91B4801F0D7
S21400CDA060F91D4801F05DF900220A21049801F09F
S21400CDB076F9164801F055F9184801F052F920693D
S21400CDC06169F4F751F900220A2101F068F90F4869
S21400CDD001F047F9124801F044F900220A21206CBC
S21400CDE001F05DF9094801F03CF90E4801F039F907
S21400CDF0206A00220A2101F052F9044801F031F9B4
S21400CE0070BDC046AC6100206E4701006846010058
S21400CE10784701008647010093470100A1470100BB
S21400CE20AE470100BF470100084B10B51B68040061
S21400CE30DB060AD5064801F014F9200000220A2174
S21400CE4001F02DF9034801F00CF910BDAC6100208B
S21400CE50CF47010068460100084B10B51B68040068
S21400CE609B060AD5064801F0FCF8200000220A219D
S21400CE7001F015F9034801F0F4F810BDAC6100208C
S21400CE80D747010068460100F8B572B6BFF34F8F6A
S21400CE90BFF36F8F00F05AFA18B3012000F03CFA87
S21400CEA010250226124C276862B6BFF34F8FBFF3D9
S21400CEB06F8F2368BB4203D100F048FA0028F8D1F0
S21400CEC072B6BFF34F8FBFF36F8F23682B4206D126
S21400CED02368334203D100F039FA0028E2D100F08B
S21400CEE015FA62B6BFF34F8FBFF36F8F0120F8BD00
S21400CEF03862002010B5040002206CB3216859B3D4
S21400CF000B78032263710131A01D01F02CF920007B
S21400CF10216803220431093001F025F92000216838
S21400CF20042207310C30FCF71DF82168CB7A2374F5
S21400CF300B7B63742379212B0FD1200010220D3137
S21400CF40123001F010F91D2320002168243004223D
S21400CF50C918FCF707F8002010BD0120112BFBDCD8
S21400CF600D23F1E770B5040002202CB1216819B139
S21400CF7023790B2B01D8012070BD20000B780422EA
S21400CF80637101310830FBF7EDFF21684B7923739D
S21400CF908B79E381CA7912021343E381227B2379DA
S21400CFA012070B3B120F9342E5DD200008311030CC
S21400CFB001F0D9F8237B200000221B071B0F1E0060
S21400CFC0651C2830EA77027022790836911B0429FE
S21400CFD00BDD21680933043A8E5DD21AD2B2EE77A1
S21400CFE00270606AC91801F0BEF820002379216833
S21400CFF0043B2C300422C918FBF7B4FF0020BBE723
S21400D00010B5040001202CB323681BB32279001846
S21400D010162A1FD96279A11D1A70206808220130CD
S21400D02001F0AAF82100206808220E31093001F02C
S21400D030A3F821002368E28A18315A74E38A22682A
S21400D0401B0A9374206804221330FDF747F9172350
S21400D0500020237110BD07B50422019101A9FDF738
S21400D0603DF907BD70B504000120002C4FD02168A3
S21400D070012000294BD0260028363078227B03007A
S21400D0805D1EAB411207120F9B18043008331B18A5
S21400D09022799BB202209A4239D3637904220B701C
S21400D0A02100206808310130FDF718F921002368B7
S21400D0B0227B10315A712368E2899A71E3892268CB
S21400D0C01B0AD371227B20681207120F083001F06A
S21400D0D04AF8237B32781B071B0F1D0008352AB140
S21400D0E0621CD17F2268093351551D0020683278B2
S21400D0F04019616A01F037F833782068ED18ADB250
S21400D1004019E16AFFF7A7FF00200435257170BDBE
S21400D110EFF31083036072B67047036883F31088DA
S21400D1207047000072B6BFF34F8FBFF36F8FBFF329
S21400D1304F8F034B034ADA60BFF34F8FC046FDE7BD
S21400D14000ED00E00400FA0570470020704710B5B7
S21400D150F4F73CFA10BD00001220074B10B5185625
S21400D16005F0F2FD1220054B185605F0EDFD1120D6
S21400D17005F0EAFD10BDC046185D0100405D0100E7
S21400D1801220074B10B5185605F0CAFD1220054BA5
S21400D190185605F0C5FD112005F0C2FD10BDC046AD
S21400D1A0185D0100405D010070B50D0014002900F7
S21400D1B00348A2B2F4F71EF90028F8D1200070BD8B
S21400D1C0E8610020002337B50C001500019321000C
S21400D1D00848AAB201ABF4F711F90028F7D1019A72
S21400D1E02100044892B2F4F705F90028F7D1019817
S21400D1F03EBDC046E861002010B50249024804F072
S21400D200F1FD10BDF85C0100A866002037B5EFF30D
S21400D2101080012383F310882D4B196819B92D4A05
S21400D220D1704031D1701A6801321A6080F31088CC
S21400D230002501242849294805F07AFA002204210D
S21400D240264805F001FB40F2E83140F2DC5005F0DC
S21400D250D3FC0121214805F0C3FA02211F4805F03E
S21400D260BFFA1F4B64421D661E4B1D6000F028F976
S21400D27000F0C0FB2900230022001B480194009404
S21400D28000F0EAF8194B29001868022240F2004321
S21400D290806806F07DFC2900230022001448F4F77D
S21400D2A0A1F8FFF7A9FF00F035FC03F02DFF0821D9
S21400D2B0104A93788B43937080220F4B52059968DF
S21400D2C00A439A608022996812060A439A6037BD1C
S21400D2D0506A0020000D0440B45C0100686600201F
S21400D2E000080440C0080440B84E0020404000201B
S21400D2F0E861002000100D40FC6F044010B50248A5
S21400D30004F07CFD10BDC046A86600200022014B3C
S21400D3101A60704738620020054B012800D118605B
S21400D3201A68D20702D51A68104318607047C046BC
S21400D33038620020044B10B51B68DB0702D50220BC
S21400D340FFF7EAFF10BDC04638620020034B0120FD
S21400D3501B6810B503B1984710BDC0463462002064
S21400D3601A4B70B51B68DB0502D5FFF78DFD70BD47
S21400D37072B6BFF34F8FBFF36F8FFFF7E7FFE8B1CB
S21400D3800120FFF7C9FF10250226FFF7B7FF62B698
S21400D390BFF34F8FBFF36F8F72B6BFF34F8FBFF3DE
S21400D3A06F8F0B4C23682B4206D12368334203D180
S21400D3B0FFF7CCFF0028E8D10023236062B6BFF356
S21400D3C04F8FBFF36F8F0020D1E7C046AC610020BF
S21400D3D038620020014B18607047C0463462002057
S21400D3E010B540F2E83105F007FC10BD20B1002270
S21400D3F0835E013300D00180704700000022835E08
S21400D40010B55A1C0CD04A1E914140F60070CAB2A4
S21400D410190101400F2003401943024804F088FD1B
S21400D42010BDC046506600200022835E13B5002063
S21400D4305A1C0DD06A46D41D40F6007219011140E0
S21400D4400F22134003482200194304F04BFD2078B6
S21400D45016BDC0465066002010B50249024804F0CA
S21400D46017F910BD685D0100F06600201FB50A00C0
S21400D470002369468B730F2169440A700E220A4CFA
S21400D4800A482370073300936A44063B04F0FCF80E
S21400D49080239B02227812B9013B002BFAD16B46FF
S21400D4A0987B04B010BDC0463C620020F0660020A9
S21400D4B00379012B01D1014A137070473C620020AA
S21400D4C013B500242300220003210E480194009483
S21400D4D0F3F736FD2300220002210B480194009446
S21400D4E0F3F72EFD0748F3F738FD43425841074B44
S21400D4F018700548F3F731FD43425841044B01309C
S21400D500187013BD40620020546200207C62002028
S21400D5102A40002010B5044C0449200004F0BCFD4D
S21400D520200004F0EBFD10BD586600209C5C010056
S21400D53010B5074B1B78012B09D1022040F2802141
S21400D540F5F7FFF9F5F714FC7F20F5F769F910BD3C
S21400D5507C62002010B5094C0A20F3F7EDFC002190
S21400D5602000F3F7F6FC1420F3F7E6FC0121200078
S21400D570F3F7EFFC0A20F3F7DFFC10BD544E002053
S21400D58010B50348F3F7E9FC0128FAD010BDC046F1
S21400D590684E002073B5184C01A8FFF7B9FD227835
S21400D5A0531CDBB223700AB9FFF7D6FD01A8FFF7BC
S21400D5B0B4FD124D00212800F3F7CBFC104EC0211D
S21400D5C03000FFF753FF00213000FFF74FFF012127
S21400D5D02800F3F7BEFCFFF7D3FF01A8FFF798FD7E
S21400D5E02378013BDBB223700BB9FFF7C9FD01A816
S21400D5F0FFF793FD73BDC04630620020F84E002052
S21400D600B84E0020F0B5204D85B0160007000C007F
S21400D610F5F768F803A8FFF77BFD2A78531CDBB202
S21400D6202B700AB9FFF798FD03A8FFF776FD174B96
S21400D630002118000093F3F78CFC154B39001800F6
S21400D6400193FFF713FFA619B44216D101210098E3
S21400D650F3F77FFC03A8FFF75BFD2B78013BDBB2FB
S21400D6602B700BB9FFF78CFD03A8FFF756FD842F30
S21400D67001D0FFF785FF05B0F0BD21780198FFF7D0
S21400D680F5FE0134E0E7C04630620020F84E002088
S21400D690B84E0020F0B5224D85B016000C00019063
S21400D6A0F5F720F803A8FFF733FD2A78531CDBB202
S21400D6B02B700AB9FFF750FD03A8FFF72EFD194B94
S21400D6C0002118000093F3F744FC174F0199380027
S21400D6D0FFF7CCFE00213800FFF7C8FEC3B2019367
S21400D6E0A619B44215D101210098F3F732FC03A81D
S21400D6F0FFF70EFD2B78013BDBB22B700BB9FFF763
S21400D7003FFD03A8FFF709FDFFF73AFF019805B0B4
S21400D710F0BD00213800FFF7A9FE20700134E0E7D5
S21400D72030620020F84E0020B84E0020F0B5234DA1
S21400D73085B0170004000191F4F7D4FF03A8FFF7A3
S21400D740E7FC2A78531CDBB22B700AB9FFF704FDFE
S21400D75003A8FFF7E2FC1A4B002118000093F3F72A
S21400D760F8FB184E0D213000FFF780FE210A30002E
S21400D770FFF77CFEE1B23000FFF778FE019CE71968
S21400D780BC4214D101210098F3F7E3FB03A8FFF78E
S21400D790BFFC2B78013BDBB22B700BB9FFF7F0FC1C
S21400D7A003A8FFF7BAFCFFF7EBFE05B0F0BD217843
S21400D7B03000FFF75BFE0134E2E7C046306200202F
S21400D7C0F84E0020B84E002007B56B46D9710733D7
S21400D7D001221900FFF7AAFF07BD0000F0B5254E8D
S21400D7E085B0170004000191F4F77CFF03A8FFF74B
S21400D7F08FFC3278531CDBB233700AB9FFF7ACFCEF
S21400D80003A8FFF78AFC1C4B002118000093F3F7CF
S21400D810A0FB1A4D1D212800FFF728FE210A28002C
S21400D820FFF724FEE1B22800FFF720FE00212800C3
S21400D830FFF71CFE019CE719BC4214D10121009899
S21400D840F3F787FB03A8FFF763FC3378013BDBB2F3
S21400D85033700BB9FFF794FC03A8FFF75EFCFFF7E5
S21400D8608FFE05B0F0BD00212800FFF7FFFD2070F9
S21400D8700134E1E730620020F84E0020B84E002068
S21400D88013B56B46DC1D01222100FFF7A7FF2078A9
S21400D89016BD0000F0B5204D85B016000C000190B6
S21400D8A0F4F720FF03A8FFF733FC2A78531CDBB2FB
S21400D8B02B700AB9FFF750FC03A8FFF72EFC174B96
S21400D8C0002118000093F3F744FB154F0E21380093
S21400D8D0FFF7CCFD38000199FFF7C8FDA619B44242
S21400D8E014D101210098F3F734FB03A8FFF710FCCE
S21400D8F02B78013BDBB22B700BB9FFF741FC03A87A
S21400D900FFF70BFCFFF73CFE05B0F0BD21783800B2
S21400D910FFF7ACFD0134E2E730620020F84E00204D
S21400D920B84E0020F0B5234D85B017000C000190CE
S21400D930F4F7D8FE03A8FFF7EBFB2A78531CDBB2FC
S21400D9402B700AB9FFF708FC03A8FFF7E6FB1A4B93
S21400D950002118000093F3F7FCFA184E1E21300041
S21400D960FFF784FD01993000FFF780FD00213000AD
S21400D970FFF77CFDE719BC4214D101210098F3F7AC
S21400D980E8FA03A8FFF7C4FB2B78013BDBB22B7049
S21400D9900BB9FFF7F5FB03A8FFF7BFFBFFF7F0FD9A
S21400D9A005B0F0BD00213000FFF760FD20700134A7
S21400D9B0E1E7C04630620020F84E0020B84E002056
S21400D9C010B50221F5F706F810BD0000014B1878D7
S21400D9D07047C0462A400020014B18787047C04662
S21400D9E07C62002010B501210148F3F7B2FA10BDA1
S21400D9F06862002073B501250024164E2A00300008
S21400DA000195009500231D21F3F79AFA23002200C2
S21400DA101421114801940094F3F792FA230022008F
S21400DA2032210E4801940094F3F78AFA30002A0057
S21400DA3023002100A43801940094F3F781FA2A0009
S21400DA4023004321064801950094F3F779FAFFF77F
S21400DA50C9FF73BDF84E0020684E00207C4E0020A3
S21400DA606862002010B500210148F3F772FA10BD75
S21400DA706862002010B50248F3F76FFA10BDC04682
S21400DA807C4E00200122054B002000211A751A70DA
S21400DA9000229860D9601A619A83704780620020DD
S21400DAA010B5FFF7EFFF10BD0120034B1B7898421F
S21400DAB0804140427047C0468062002010B5064B49
S21400DAC01C7D2CB99B6903B198471020FFF724FCF6
S21400DAD00120604010BDC046806200200A4B10B591
S21400DAE0186804F087FF094B094C1B682268597CAC
S21400DAF0112005F039F9012320688268917B0B43D9
S21400DB00937304F077FF10BDB0620020A46200207B
S21400DB10AC62002070B50F4B0F4D10492B60104BB8
S21400DB20104C1148114E1960114B2060336004F000
S21400DB30B9FE70B93168286804F0B4FE10B12068E8
S21400DB4004F026FF0B4B0C4A9A6100221A75FFF769
S21400DB50C5FF70BDD0660020AC620020185D0100D5
S21400DB60A8620020B0620020B0660020A4620020F8
S21400DB70405D01008062002029110000034B1B68F5
S21400DB809B681888C04380B27047C046B0620020C9
S21400DB90034B04481B689B681B88C01A80B27047FA
S21400DBA0AC620020FFEFFFFF054B1B689B681B7AEB
S21400DBB09B0603D5034A1368103313607047C046AC
S21400DBC0B0620020A062002045F65E73434382B038
S21400DBD00193019B034AB3FBF2F30193019802B051
S21400DBE07047C046A0860100F7B51E4E01A8FFF795
S21400DBF08FFA3278531CDBB233700AB9FFF7ACFAEF
S21400DC0001A8FFF78AFA184B1F68FFF7B7FF174BF4
S21400DC1005001B6801A89B681C7AFFF779FA337821
S21400DC20A406013BDBB2E40F33700BB9FFF7A8FA8A
S21400DC3001A8FFF772FA47F6FE739D4201D804B1B9
S21400DC4010372800FFF7C0FF040040F2E832002338
S21400DC503800002105F08CF9220000238018594175
S21400DC6003B0F0BD30620020A0620020B062002049
S21400DC7010B5FFF7B9FF10BDF7B50F00514C0228DD
S21400DC8039D0002303285ED01D001E00012820D1B5
S21400DC9022780192012A1CD1FFF77AFFFFF794FF42
S21400DCA025750600FFF7A0FF43F698239B1B9BB243
S21400DCB0A060E1602761A3830FB9002508E043F662
S21400DCC09722974214D8BB4212D90423BDB22370C0
S21400DCD001262369002B3DD106332370FFF7EEFEA5
S21400DCE02378062B02D1053B237523703000FEBD3A
S21400DCF002232370E1E72378022B0BD1A28B236942
S21400DD009B1A01262361304B22699A420ED90023C2
S21400DD1023610BE0032B03D123692C4A9B18F0E701
S21400DD20043B0026012BEED82661013643F69723E6
S21400DD3025699D4203D80423ADB22370C9E70323A7
S21400DD4000252370C5E722781D001E00052AC0D1D5
S21400DD502361B2E72378042BC8D11D4F2D03386802
S21400DD6083681B889BB2019304F004FE40F2E833FC
S21400DD70B5FBF3F5019B019A5D1BADB2EB1C9BB2A4
S21400DD809A4202D2134BED18ABB23A6891680A7AFF
S21400DD909207FCD40888019D82B2854205D3101CE8
S21400DDA09A4200D9181C82B202E001989842F6D92D
S21400DDB0052311204A80237004F074FF386804F0AD
S21400DDC019FE93E7806200200000FFFF68C5FFFF92
S21400DDD0AC62002003F0FFFF70B504000D000328BE
S21400DDE00FD801281AD811D0002100200E4B00228F
S21400DDF09860D96001211A701A6119759A619A8320
S21400DE000AE00428F0D1FFF73DFE05E0FFF73AFEF2
S21400DE1029002000FFF730FF002004E00021FFF774
S21400DE202BFF0028EFD070BD8062002010B50100E7
S21400DE300120FFF7D1FF10BD20210B4B10B51B684A
S21400DE409A68107AC3B2084205D08B431372074A09
S21400DE50136810331360FFF727FE18B10021022065
S21400DE60FFF7BAFF10BDC046B0620020A0620020D7
S21400DE7010B5FFF7B9FE0B000A4902008868C968AA
S21400DE80994202D809D1904207D9121A8B41012033
S21400DE904042C1178018594110BD121A8B4110001C
S21400DEA01900F9E78062002070B504000D00FFF746
S21400DEB09BFE02000B008D4207D801D1844204D895
S21400DEC0121BAB411000190070BD01204042C11763
S21400DED0FAE7704710B50400FFF786FE40F2E83216
S21400DEE0002305F025F8228010BD10B5FFF746FE8A
S21400DEF010BD002313B504000193FFF73FFE001B7F
S21400DF0080B2012803D9F4230138434301930198D2
S21400DF1080B216BD70B5EFF30384103C64B22000E7
S21400DF2004F0C0FE094BA400E558AB681C7A084B09
S21400DF30E4B21B78052B03D100210320FFF74CFF2A
S21400DF404022AB6894431C7270BDC046546A0020E1
S21400DF508062002010B50249024803F0ABF910BDFC
S21400DF60C05C010078660020002310B50A480B4C00
S21400DF70237003700A4803F048F9012320B9802370
S21400DF809B02227812B10023180010BD013B002B23
S21400DF90F7D10123F8E7C046B4620020B66200203D
S21400DFA078660020F8B51D0000230C4E0C4F0D4877
S21400DFB0337014003B7003F024F9012328B9802342
S21400DFC09B0232781AB100232C801800F8BD3A78EC
S21400DFD012B9013B002BF4D10123F6E7B56200200D
S21400DFE0B462002078660020030010B572B6BFF356
S21400DFF04F8FBFF36F8F0079082809D8A8B1013872
S21400E000072812D804F03CFF1B17110D1111110B35
S21400E0100300EF22103B134201D0402805D1094BE4
S21400E0200AE09868C0B2F2F7A7FB62B6BFF34F8F5C
S21400E030BFF36F8F10BD044B01221A70F5E7034B38
S21400E040FAE7C046B4620020B6620020B56200203F
S21400E05007B56B46D91D087001220020FFF784FF24
S21400E06007BD10B504000020205600B910BDFFF70C
S21400E070EFFF0134F7E770B505000F2601398C0075
S21400E080231D00D170BD2800E0403040092804D888
S21400E0903030FFF7DDFF043CF2E73730F9E7F7B53D
S21400E0A005000E000192002803DA2D20FFF7D0FFAE
S21400E0B06D4201230A221C00B34204D301260A271C
S21400E0C0002C04DCF7BD01335443DBB2F4E7012C2B
S21400E0D000D1002695FBF4F292FBF7F37B43D31AAC
S21400E0E000936B461878012E0DD160B9019B13B1D1
S21400E0F01800FFF7ADFFFF22009B1340634394FB1D
S21400E100F7F4ED1ADCE7303040B2FFF7A1FF002647
S21400E110F1E70000074B08481A68504343F23902FB
S21400E12080181860054BB0FBF3F3DA07D31AC01A51
S21400E1307047C0462C4000206D4EC641FFFFFF7F53
S21400E140014B18607047C0462C40002070B5050093
S21400E1500C00FFF7DFFF611B013190FBF1F3594321
S21400E160401A401970BD002310B5934200D110BD6F
S21400E170CC5CC4540133F8E7531EC018002330B5F6
S21400E1809A4200D130BDCD5C5C4205550133F7E7BD
S21400E19010B505F0FBFD10BD10B5F2F77FFA01389B
S21400E1A0C0B210BD10B5F2F753FA0138C0B210BDB8
S21400E1B00420704710B50A4CF2F748FB0948FFF7F1
S21400E1C050FF0221E078FFF756FF0748FFF749FFA8
S21400E1D0A0780221FFF74FFFF2F77AFB002010BD70
S21400E1E08C5C0100DF4701007F4D010010B502F096
S21400E1F0A5F9002010BD13B5F2F73EFCC0B2012809
S21400E20001D0042016BD6B469C1C01A82100F2F725
S21400E2103BFC0023E05E0128F3D1019B1B785BB238
S21400E220302B04D1002002F075F80020EAE7312BED
S21400E230E7D1F8E713B5F2F71FFCC0B2012801D00A
S21400E240042016BD6B469C1C01A82100F2F71CFC9E
S21400E2500023E05E0128F3D1019B1B785BB2302BD4
S21400E26004D1002001F0DAF90020EAE7312BE7D1EB
S21400E270F8E700007FB56B460024DD1C01AE3000D9
S21400E28029002C7001F0C2FAF2F7E0FA0C48FFF70A
S21400E290E8FE2B78A34204D8F2F71AFB002004B05D
S21400E2A070BD6300F05A0421FFF7E5FE2B78013BB2
S21400E2B09C4202D00348FFF7D4FE0134E4B2E8E7FC
S21400E2C0F5470100DD470100030030B541180A2478
S21400E2D000208B4200D130BD00229A566043303A6F
S21400E2E0D5B20133092D01D81018F2E701204042BB
S21400E2F0F1E70420704704207047042070470000B0
S21400E30013B5F2F7B9FBC0B2012801D0042016BD40
S21400E3106B469C1C210001A8F2F7B6FB0023E15EC9
S21400E3200129F3D10198FFF7CFFFC4B2012C0DD914
S21400E330072CEBD10948FFF794FEF2F7C9FA072C31
S21400E34001D102F033F9FEF7EDFE05E0002CF1D125
S21400E35001F0BAF801F0BEFF0020D8E7334901000B
S21400E36013B5F2F789FBC0B2012810D16B469C1C8E
S21400E370210001A8F2F788FB0023E15E012906D1FF
S21400E3800198FFF7A1FFC0B218B1012801D0042000
S21400E39002E001F0FFF8002016BD000010B52523AE
S21400E3A040F20021034A0448F2F79AFAF2F7BEF95F
S21400E3B010BDC0462C590100BC6200200023CA5E76
S21400E3C030B504000020012A0FDD0023E356222B7F
S21400E3D00BD1213BE056222808D11DB2013A00207D
S21400E3E0954202DB013B601C0B8030BD013318B246
S21400E3F08242EFDC0020F8E70200811C002010B506
S21400E4001378000184B218003038C0B2092805D944
S21400E41018006138052806D8573BD8B20132204389
S21400E4209142EDD110BD18004138052801D8373B80
S21400E430F3E74FF6FF70F5E70023F0B59DB26C00EA
S21400E440A4B2AA4204D80023520092B28354F0BD6C
S21400E450CD5CAC462D092F00664630379F2E01D97D
S21400E46037352F000F260755651CCC5CADB23440FF
S21400E47027003037092C01D9373427004755013398
S21400E480DCE7F0B587B003900191029213B904203F
S21400E49007B0F0BD019A54009C42F8DB00252E0020
S21400E4A0E41A24B205AF019BB34220DDB4B9029A48
S21400E4B06B1C525D1DB23A700024029B6A1C5B57AF
S21400E4C015B238007B70FFF797FF4FF6FF73984240
S21400E4D0DDD0039B9855013636B2E4E73023A4B26C
S21400E4E03B70012CE8D0023C302324B2E9E7002040
S21400E4F0CEE71FB5F2F7C0FAC0B20424012810D147
S21400E5006B469C1C210001A8F2F7BEFA238808215E
S21400E510019A02A8FFF7B5FF040010B902A800F0A0
S21400E5201FFF200004B010BD1FB5F2F7A5FAC0B259
S21400E5300424012810D16B469C1C210001A8F2F788
S21400E540A3FA23880821019A02A8FFF79AFF04007D
S21400E55010B902A800F016FF200004B010BD10B5D8
S21400E56086B0F2F789FAC0B20424012810D16B46AF
S21400E5709C1C210001A8F2F787FA23881021019A33
S21400E58002A8FFF77EFF040010B902A800F0DEFE26
S21400E590200006B010BD10B586B0F2F76DFAC0B216
S21400E5A00424012810D16B469C1C210001A8F2F718
S21400E5B06BFA23881021019A02A8FFF762FF040075
S21400E5C010B902A800F01CFF200006B010BD30B540
S21400E5D085B0F2F751FAC0B2042401281AD16B466E
S21400E5E09D1D290002A8F2F74FFA2B8803AD2100E3
S21400E5F02800029AFFF745FF040058B92A786B787E
S21400E60012061B041A43AB78E8781B021343184320
S21400E610FEF736F9200005B030BDF7B505000E0050
S21400E620012A16D9012314001C401A4211D14FF6B4
S21400E630FF775308019360003018FFF7DDFEB842FD
S21400E64007D02855019A0134A3B29A42F3D8002085
S21400E650FEBD0420FCE710B511B1FFF735FE10BD76
S21400E66001204042FBE713B5F2F706FAC0B20128D4
S21400E67023D16B469C1C210001A8F2F705FA2178ED
S21400E6800198FFF7E8FFC3B204201E2B06DC152B0B
S21400E69005DC012B13D0062B13D05BB116BD163B41
S21400E6A01800082B17D804F0EBFB0E1012161616DF
S21400E6B016161400052001F00DFE0020EEE70820D7
S21400E6C0F9E70020F7E70B20F5E70C20F3E70D202D
S21400E6D0F1E70A20EFE70420E0E713B5F2F7CCF9FC
S21400E6E0C0B2012801D0042016BD6B469C1C210038
S21400E6F001A8F2F7C9F90023E15E0329F3DC002341
S21400E70001981AB291420BDCC9B2FFF7A4FF431E70
S21400E7109BB2DF2BE7D8C0B200F04EFF0020E3E745
S21400E720C25C0133303A092AEBD9DCE710B50400A5
S21400E730F2F784F810B10548FFF793FC2000FFF7C6
S21400E74090FC0348FFF78DFC10BDC04668460100EC
S21400E750EC46010010B50400F2F778F80448FFF71D
S21400E76080FC2000FFF77DFCF2F7B2F810BDC04633
S21400E770F547010010B530B1102805D8034B8000CE
S21400E780C058FFF7E7FF10BD0148FAE7E45801005C
S21400E790F747010010B530B1192805D8034B8000A3
S21400E7A0C058FFF7D7FF10BD0148FAE778580100B8
S21400E7B01148010037B5F2F75FF9C4B294B1012CE5
S21400E7C01BD16B469D1C290001A8F2F75DF90022BB
S21400E7D0AB5E012B11D121000198FFF775FDC4B285
S21400E7E0012C0AD8200001F0E9FE0021080001F003
S21400E7F0DBFC030010B1FFF7CDFF042318003EBD7D
S21400E80010B5F2F739F9C0B240B901F0A1FD18B958
S21400E8100322034B1A8010BDFFF7BCFF0420FAE763
S21400E820B86200207FB500F0D5FE040000F0BEFE02
S21400E8300500F2F721F9C0B2012821D10A266E445C
S21400E840310003A8F2F720F931000398FFF7B6FD70
S21400E850B0B10023F15E99B1002322000093C9B243
S21400E8602B0000F0D5FC040040B9F2F7EDF8054B9C
S21400E8701880054B1C80200004B070BDFFF78AFF8F
S21400E8800424F8E7BA620020B86200201FB5F2F749
S21400E890F3F8C0B2012815D16B469C1D210002A8D2
S21400E8A0F2F7F2F823880421029A03A8FFF7E9FD9D
S21400E8B0030040B9039800BA00F0B8FD030010B199
S21400E8C0FFF768FF0423180004B010BD1FB5F2F769
S21400E8D0D3F8C0B201281BD16B469C1D210003A8AB
S21400E8E0F2F7D2F8238802AC03212000039AFFF740
S21400E8F0C8FD030068B92078637800041B0218433B
S21400E900A378184300F0AEFD030010B1FFF742FFF6
S21400E9100423180004B010BD10B586B0F2F7ACF8AA
S21400E920C0B2012814D16B469C1C210001A8F2F746
S21400E930ABF823881021019A02A8FFF7A2FD030076
S21400E94038B902A800F046FD030010B1FFF722FF19
S21400E9500423180006B010BD10B586B0F2F78CF888
S21400E960C0B2012814D16B469C1C210001A8F2F706
S21400E9708BF823881021019A02A8FFF782FD030076
S21400E98038B902A800F010FD030010B1FFF702FF2F
S21400E9900423180006B010BD13B5F2F76DF8C0B228
S21400E9A0012815D16B469C1C210001A8F2F76CF8D3
S21400E9B00022A35E012B0BD1019B18783038C0B221
S21400E9C0022805D800F0A2FC030010B1FFF7E2FE13
S21400E9D00423180016BD0000F0B585B000F0FAFD5F
S21400E9E00A24050000F0E2FD6C442100060003A89E
S21400E9F0F2F74AF80023E75E03990F48BAB2FFF72A
S21400EA000CFE040088B9F90FC919491000903300AC
S21400EA102A000948C9B200F0FBFB040040B9F2F72F
S21400EA2013F8064B1880064B1C80200005B0F0BD7E
S21400EA30FFF7B0FE0424F8E7BC620020BA620020AC
S21400EA40B862002013B5F2F717F8C0B2012816D145
S21400EA506B469C1C01A82100F2F716F80023E05E26
S21400EA6001280CD1019B1B785BB2302B0AD0312BCE
S21400EA7005D100F041FD030010B1FFF78BFE042323
S21400EA80180016BD0020F4E713B5F1F7F5FFC0B285
S21400EA9001281CD16B469C1C210001A8F1F7F4FF4D
S21400EAA00023E15E052912DC0198C9B2FFF7D3FD09
S21400EAB080B203004CF25C12F53BFF3B9BB29342E4
S21400EAC005D800F0B7FD030010B1FFF763FE04237E
S21400EAD0180016BD13B5F1F7CFFFC0B2012817D145
S21400EAE06B469C1C210001A8F1F7CEFF0023E15ED7
S21400EAF002290DDC0198C9B2FFF7ADFD83B20F2BDA
S21400EB0006D8C0B200F0BEFD030010B1FFF742FE0B
S21400EB100423180016BD000010B5F1F7ADFFC0B213
S21400EB2088B900F0ABFB094C38B90122084B1A80B3
S21400EB30022322781343237010BDFFF72BFE022218
S21400EB402378934323700420F6E7C046B76200207C
S21400EB50B862002037B5F1F78FFFC4B2012C17D189
S21400EB606B469D1C290001A8F1F78EFF0022AB5EC4
S21400EB70012B0DD1019B1B785BB2302B0BD0312BB8
S21400EB8006D1200000F02CFD030010B1FFF702FEB6
S21400EB90042318003EBD0024F3E7000010B5F1F78B
S21400EBA06BFFC0B280B900F0ABFD084C30B9012352
S21400EBB0074A138022781343237010BDFFF7EAFD3F
S21400EBC001222378934323700420F6E7B7620020DF
S21400EBD0B862002010B5F1F74FFFC0B228B900F0B8
S21400EBE09FFD030010B1FFF7D5FD0423180010BDEC
S21400EBF010B5F1F741FFC0B298B900F0BFFC00F0C5
S21400EC0098FD094C38B90122084B1A800423227853
S21400EC101343237010BDFFF7BDFD042223789343F2
S21400EC2023700420F6E7C046B7620020B8620020D2
S21400EC3010B5F1F721FFC0B288B900F08EFD094C7F
S21400EC4038B90122084B1A80082322781343237010
S21400EC5010BDFFF79FFD08222378934323700420FE
S21400EC60F6E7C046B7620020B862002013B5F1F799
S21400EC7003FFC0B2012802D00423180016BD6B465D
S21400EC809C1C210001A8F1F7FFFE0023E15E01298C
S21400EC90F2DC019803D10378303B072BECD8C9B2DD
S21400ECA0FFF7D9FCC0B20728E6D800F055FC0300F1
S21400ECB00028E2D0FFF76EFDDEE7F0B589B005AEBE
S21400ECC00C220021300005F061F8F1F7D5FEC3B242
S21400ECD00193062B24D90027042400F07FFD0100B1
S21400ECE0874220D90424200009B0F0BD02AB9C1D49
S21400ECF0210004A8F1F7C8FE23880221049A03A87D
S21400ED00FFF7BFFB04000028E7D102AB9B886A0030
S21400ED105BBAB3520135019BEFB2BB42E6D8DCE7E3
S21400ED2000250424F7E7002CDDD1300000F030FD8C
S21400ED3004000028D7D0FFF72DFDD3E737B5F1F74D
S21400ED409BFEC5B2012D1CD16B469C1C210001A860
S21400ED50F1F79AFE238802216846019AFFF791FB95
S21400ED60040050B96B46188840BA80B200F090FD97
S21400ED70040020B9280000F0F1FF20003EBDFFF798
S21400ED8009FD0424F9E730B585B0F1F775FEC0B289
S21400ED90012821D16B469C1D210003A802ADF1F786
S21400EDA073FE238803212800039AFFF76AFB0400FA
S21400EDB068B928786B7800041B021843AB781843B0
S21400EDC000F084FD040028B9022000F0C7FF2000F0
S21400EDD005B030BDFFF7DEFC0424F8E71FB5F1F7F9
S21400EDE04BFEC0B201281BD16B469C1D210002A819
S21400EDF0F1F74AFE23880421029A03A8FFF741FB95
S21400EE00040040B9039800BA00F032FF040028B9A5
S21400EE10042000F0A3FF200004B010BDFFF7BAFCEA
S21400EE200424F8E71FB5F1F727FEC0B201281BD16E
S21400EE306B469C1D210002A8F1F726FE23880421BC
S21400EE40029A03A8FFF71DFB040040B9039800BA16
S21400EE5000F02AFF040028B9082000F07FFF2000F9
S21400EE6004B010BDFFF796FC0424F8E710B500F0D8
S21400EE709DFB18B1012806D0042010BD0348FFF7FB
S21400EE8069FC0020F9E70248F9E7C046204801007F
S21400EE903348010000B589B001A800F06BFA0822DB
S21400EEA001A903A8FFF7C8FA03A8FFF753FC002040
S21400EEB009B000BD1FB500F0C9FA00BA04226946C1
S21400EEC0009001A8FFF7B8FA01A8FFF743FC00205E
S21400EED005B000BD1FB500F0D5FA01A9030C0B70F4
S21400EEE08870030A032202A84B70FFF7A5FA02A84F
S21400EEF0FFF730FC002005B000BD00B589B001A8C2
S21400EF0000F04AFA082201A903A8FFF795FA03A819
S21400EF10FFF720FC002009B000BD000010B500F08F
S21400EF20D9FA0300012804D10448FFF713FC002097
S21400EF3010BD0420002BFBD10148F6E74448010031
S21400EF404B48010010B500F0F5F9030020B907485A
S21400EF50FFF700FC002010BD012801D10448F7E7A8
S21400EF600420022BF7D10348F2E7C04651480100BF
S21400EF705B4801006548010010B500F0A5FA0D28B1
S21400EF8019D803F07DFF0E181818180718180C1853
S21400EF90161012140948FFF7DDFB002010BD0848C4
S21400EFA0F9E70848F7E70848F5E70848F3E70848A8
S21400EFB0F1E70848EFE70420F0E7C0466F48010095
S21400EFC0774801007F4801008E4801009E480100F6
S21400EFD0AE480100BE48010010B500F081FA20B12D
S21400EFE00348FFF7B7FB002010BD0248F9E7C0460C
S21400EFF0CD480100DB48010010B500F015FB03000A
S21400F00020B90548FFF7A6FB002010BD0420012B01
S21400F010FBD10248F6E7C046EA480100FA4801007C
S21400F02010B500F0EFFA0300012804D10448FFF7FA
S21400F03091FB002010BD0420002BFBD10148F6E711
S21400F040094901001A4901001FB5FDF71FFC00BA67
S21400F05004226946009001A8FFF7EEF901A8FFF721
S21400F06079FB002005B000BD1FB500F023FC01A908
S21400F07040BA0880022202A8FFF7DEF902A8FFF7CE
S21400F08069FB002005B000BD1FB500F02FFC01A9EC
S21400F090030C0B708870030A032202A84B70FFF75C
S21400F0A0CBF902A8FFF756FB002005B000BD1FB540
S21400F0B000F0EEFD00BA04226946009001A8FFF7B2
S21400F0C0BBF901A8FFF746FB002005B000BD1FB541
S21400F0D000F0FAFD00BA04226946009001A8FFF786
S21400F0E0ABF901A8FFF736FB002005B000BD000015
S21400F0F070B505000E001400F1F7A8FB0548FEF7F2
S21400F100B0FF3100280062B2FEF7C9FFF1F7E0FB5E
S21400F11070BDC046F547010010B500F0A7FA002202
S21400F1200521FFF7E5FF002010BD10B500F0C2FA7C
S21400F13000220221FFF7DCFF002010BD10B500F012
S21400F14049FA00220321FFF7D3FF002010BD10B5B7
S21400F15000F014FA00220121FFF7CAFF002010BDBC
S21400F1607047704710B501F01DF910BD10B501F0DD
S21400F17035F910BD10B501F0F7FA10BD10B501F065
S21400F18081FB10BD10B5FDF7E0FF10BD062370B57E
S21400F19092B002A90B701A4B0400187AF4F7C0FF5D
S21400F1A02C266A46022392191370164B050010008F
S21400F1B00C93F8F7C5FC6A46032392191370124B9A
S21400F1C010000C93F8F7BCFC6A46082392191370DB
S21400F1D00E4B10000C93F8F7B3FC6A46002304A805
S21400F1E013741575F9F710FC2CB10B2805D1089A85
S21400F1F0099B2260636012B070BD00220023F8E70E
S21400F200D4650020EF650020F7650020DF6500204C
S21400F210F0B50D008BB01F00019200230022009075
S21400F22003A9280004AC109E22616361F8F7A6F8D3
S21400F230082808D102AB5A791B799A4204D1C6B184
S21400F2400022002313E068B90B4B019A27706A333B
S21400F2501B782271009A5BB22000A260A581A3737E
S21400F260F9F79AFD2EB10B28EAD12269636932605C
S21400F27073600BB0F0BDC046D4650020032300B514
S21400F28089B002A80370F9F7BFFB28B90300020093
S21400F29001000090FFF7BCFF09B000BD352330B574
S21400F2A089B001AC2370154B20006360F8F748FC6A
S21400F2B00523134D23706B6E20006360F8F740FC47
S21400F2C006232370EB6D20006360F8F739FC0E23ED
S21400F2D023700C4B20006360F8F732FC0F2323707A
S21400F2E0094B20006360F8F72BFC012320002370F5
S21400F2F02371F8F725FC002009B030BD000400019A
S21400F300D4650020FF6500200F66002010B50400BD
S21400F31088B00320022C09D86A46002301A813717E
S21400F3201472F8F70DFC08B9014B5C7208B010BDFA
S21400F330D465002000B589B000236A4601A8137181
S21400F340F8F770F86B46187A09B000BD10B5034B95
S21400F350010010221800FEF706FF10BDDF65002032
S21400F36010B5034B010008221800FEF7FCFE10BD86
S21400F370EF65002010B508220149FEF7F4FE10BD27
S21400F380EF65002010B5034B010008221800FEF7B9
S21400F390EAFE10BDF765002010B508220149FEF709
S21400F3A0E2FE10BDF765002030B50F23050089B0DA
S21400F3B001A803704560F8F7C3FB040020B91022CB
S21400F3C029000348FEF7CFFE200009B030BDC04636
S21400F3D00F66002030B50E23050089B001A8037023
S21400F3E04560F8F7ADFB040020B910222900034859
S21400F3F0FEF7B9FE200009B030BDC046FF6500200C
S21400F40030B50723050089B001A803704560F8F7FA
S21400F41097FB040020B9102229000348FEF7A3FE3C
S21400F420200009B030BDC0461F66002010B5062378
S21400F430040088B001A803704460F8F781FB08B99F
S21400F440014BDC6508B010BDD4650020062310B55E
S21400F45088B001AC20002370F7F7E4FF029808B0EC
S21400F46010BD000010B50523040088B001A8037085
S21400F4704460F8F765FB08B9014B5C6608B010BD40
S21400F480D4650020052310B588B001AC2000237099
S21400F490F7F7C8FF029808B010BD00B589B06A46F5
S21400F4A01D23107201A81371F8F74AFB09B000BDBE
S21400F4B000B589B01D236A4601A81371F7F7B2FF9D
S21400F4C06B46187A09B000BD014B187A7047C046E3
S21400F4D0D4650020014B987A7047C046D46500205A
S21400F4E000B589B004236A4601A81371F7F79AFF9E
S21400F4F06B46187A09B000BD30B589B00500FFF735
S21400F500EFFFA84221D001AC45B9042320002370A8
S21400F5102571F8F715FB60B109B030BD2D232370B7
S21400F5200B4B20001B782371F8F70AFB0028ECD061
S21400F530F2E7084B68331D703DB92D232000237079
S21400F540F7F770FF2279024B1A700020E4E7C046F6
S21400F550E0640020D465002010B588B06A464723D2
S21400F5600400107201A81371F8F7EAFA10B9024BFA
S21400F5706C331C7008B010BDD465002000B589B08F
S21400F58047236A4601A81371F7F74CFF6B46187AB3
S21400F59009B000BD03000320012B03D80020024A57
S21400F5A0613213707047C046D4650020014B61334A
S21400F5B018787047D4650020421ED2B2030003209C
S21400F5C0DF2A03D80020024A623213707047C04612
S21400F5D0D4650020014B623318787047D46500204C
S21400F5E010B588B06A4643230400107201A8137150
S21400F5F0F8F7A6FA10B9024B60331C7008B010BDBD
S21400F600D465002000B589B043236A4601A813716B
S21400F610F7F708FF6B46187A09B000BD014B69334F
S21400F62018707047D4650020014B6933187870470E
S21400F630D465002010B588B027236A4604000290DF
S21400F64001A81371F8F77CFA60B9074B6A46E433F1
S21400F6501C802823137140F2E83301A8E4180294B2
S21400F660F8F76EFA08B010BDE4640020272310B542
S21400F67088B001AC20002370F7F7D4FE029880B261
S21400F68008B010BD30B50A4C0500230068331B785F
S21400F690002089B04BB96A462D3301A81371157244
S21400F6A0F8F74EFA08B96A34257009B030BDC0467E
S21400F6B0D465002000B589B02D236A4601A81371D1
S21400F6C0F7F7B0FE6B46187A09B000BD10B50A4BC6
S21400F6D0040068331B78002088B053B16A462D2397
S21400F6E001A813711472F8F72BFA10B9034BE6331E
S21400F6F01C7008B010BDC046D4650020E46400202D
S21400F700082300B589B002A80370F9F77DF928B977
S21400F7100300020001000090FFF77AFD09B000BD6B
S21400F7207FB50A236A4668461370F9F76DF907B085
S21400F73000BD00B589B00B236A461372043B18401F
S21400F740107302A8F9F760F928B903000200010057
S21400F7500090FFF75DFD09B000BD0C2300B589B031
S21400F76002A80370F9F750F928B903000200010057
S21400F7700090FFF74DFD09B000BD302200B589B0FE
S21400F78001AB029018001A70F8F7DAF909B000BD5C
S21400F79070B52423050088B001A80C0003704560EE
S21400F7A0F8F7CEF90600054B2900054862001C70E4
S21400F7B0FEF7D9FC300008B070BDC0464266002097
S21400F7C044660020232200B589B001AB02901800E1
S21400F7D01A70F8F7B5F909B000BD000000B50A4B7D
S21400F7E0187A0D280BD803F04BFB070A0A0A0A07FB
S21400F7F00A0A0C0A070707070120C0B200BD00204E
S21400F800FBE70620F9E7C046D46500202423F0B5C0
S21400F81089B001AF060038000D003B70F7F702FE16
S21400F820FFF7DCFF420004000299300092B2FEF7B8
S21400F8309AFC2C7009B0F0BD2323F0B589B001AF57
S21400F840060038000D003B70F7F7ECFDFFF7C6FF2B
S21400F850420004000299300092B2FEF784FC2C703D
S21400F86009B0F0BD10B588B06A464823137103008E
S21400F8705A1E93416A46040001A81372F8F760F90D
S21400F88010B9024B6D331C7008B010BDD465002053
S21400F89010B588B06A464B230400108101A8137186
S21400F8A0F8F74EF908B9024BDC8008B010BDC04628
S21400F8B0E464002000B589B04B236A4601A81371A2
S21400F8C0F7F7B0FD6B46188909B000BD10B54C239C
S21400F8D0040088B001A803704460F8F731F908B94D
S21400F8E0014B9C6008B010BDE46400204C2310B5AA
S21400F8F088B001AC20002370F7F794FD029808B09A
S21400F90010BD000010B588B06A46252304001072AA
S21400F91001A81371F8F714F910B9024BE7331C70FD
S21400F92008B010BDE464002000B589B025236A46FF
S21400F93001A81371F7F776FD6B46187A09B000BD7B
S21400F940F7B5174B04001B7A1600052B0BD003D80F
S21400F9502BB90F25022708E00A3B032BF9D900250F
S21400F9602F00290001E00F2503270919CBB20193C8
S21400F970019B9C4200D1F7BDA542FCD3A74206D806
S21400F980316841B120007268B368F7F7EDFE0134C4
S21400F9900C36E4B2ECE72000F7F702FFF7E7C046C4
S21400F9A0D4650020F0B58BB006000C00019241B380
S21400F9B0002A2DD0174B187A0D2827D803F060FAA6
S21400F9C007262626260726262426070707070F25A6
S21400F9D0AE421BD81E2303AFAD1B013538003B706B
S21400F9E0F7F720FD2B1CEDB2A54200D9231C0C21F5
S21400F9F00A007143DCB27B68624301985918FEF72F
S21400FA00B2FB20000BB0F0BD4725E1E70024F8E785
S21400FA10019CF6E7D465002010B588B06A462E2310
S21400FA200400107201A81371F8F78AF810B9024B97
S21400FA30E8331C7008B010BDE464002000B589B03F
S21400FA402E236A4601A81371F7F7ECFC6B460820D4
S21400FA50185609B000BD000010B588B06A464D23A0
S21400FA600400107201A81371F8F76AF810B9024B77
S21400FA70E9331C7008B010BDE464002000B589B0FE
S21400FA804D236A4601A81371F7F7CCFC6B46187A2B
S21400FA9009B000BD10B588B06A464E230400107247
S21400FAA001A81371F8F74CF810B9024BEA331C7032
S21400FAB008B010BDE464002000B589B04E236A4645
S21400FAC001A81371F7F7AEFC6B46187A09B000BDB3
S21400FAD010B588B01F236A46040001A81371F7F713
S21400FAE0A1FC01A80294F8F72BF868B921236A460E
S21400FAF001A81371F7F796FC01A80294F8F720F80E
S21400FB0010B9024BE0331C6008B010BDE46400205E
S21400FB101F2310B588B001AC20002370F7F782FCD5
S21400FB20029808B010BD00001F2330B5040089B04D
S21400FB3001AD28002B70F7F775FC28002C72F7F73C
S21400FB40FFFF60B9212328002B70F7F76BFC280015
S21400FB502C72F7F7F5FF10B9024BEB331C7009B0A7
S21400FB6030BDC046E464002000B589B01F236A4655
S21400FB7001A81371F7F756FC6B46187B09B000BD59
S21400FB8010B588B06A464F230400107201A813719E
S21400FB90F7F7D6FF10B9024BEC331C7008B010BD57
S21400FBA0E464002000B589B04F236A4601A81371AB
S21400FBB0F7F738FC6B46187A09B000BD10B588B068
S21400FBC06A4650230400107201A81371F7F7B8FFB5
S21400FBD010B9024BED331C7008B010BDE464002071
S21400FBE000B589B050236A4601A81371F7F71AFCCE
S21400FBF06B46187A09B000BD10B588B06A46512326
S21400FC000400107201A81371F7F79AFF10B9024B9F
S21400FC10EE331C7008B010BDE464002000B589B057
S21400FC2051236A4601A81371F7F7FCFB6B46187A56
S21400FC3009B000BD10B588B06A46422304001072B1
S21400FC4001A81371F7F77CFF10B9024BEF331C7055
S21400FC5008B010BDE464002000B589B042236A46AF
S21400FC6001A81371F7F7DEFB6B46187A09B000BDE2
S21400FC7010B55223040088B001A803704460F7F75B
S21400FC805FFF08B9014BDC6008B010BDE4640020DB
S21400FC90522310B588B001AC20002370F7F7C2FBE2
S21400FCA0029808B010BD000010B55323040088B0B9
S21400FCB001A803704460F7F743FF08B9014B1C61C5
S21400FCC008B010BDE4640020532310B588B001AC22
S21400FCD020002370F7F7A6FB029808B010BD0000BE
S21400FCE0014B18717047C046E4640020F8B5050063
S21400FCF00E000027094C23682B4207D0227A607A30
S21400FD006168FEF749FA08B923681F43044B0C34B0
S21400FD109C42F0D10EB13D403560F8BD3C58010024
S21400FD2078580100F8B505000E000027094C236836
S21400FD302B4207D0227A607A6168FEF733FA08B958
S21400FD4023681F43044B0C349C42F0D10EB13D4057
S21400FD503560F8BD3C58010078580100F7B5784B7F
S21400FD601D7A2B000A3B032B00D80025744B9A7A89
S21400FD700323012A0AD0002D00D1DFE06B1F5A1E94
S21400FD8093410F225B4293436E4A9B181C0004402B
S21400FD90034200D1D1E0002301260193344204D06F
S21400FDA0FFF788FD684B0196D8800226344206D0BD
S21400FDB0019FFFF79BFD644B3E4398600196042627
S21400FDC0344206D0019FFFF763FF5F4B3E43D86087
S21400FDD001960826344206D0019FFFF775FF5A4B5E
S21400FDE03E431861019615B1053D022D0AD810252F
S21400FDF02C4207D0019E29000020544A3543FFF7C5
S21400FE00D1FD019520252C4207D06B46019E504817
S21400FE10D91C3543FFF710FD019540252C420AD02A
S21400FE20474B68331B7833B1019EFFF743FC494BC1
S21400FE3035431870019580252C4206D0019EFFF7A9
S21400FE4073FD454B35431870019540F200152C4262
S21400FE5006D0019EFFF7F2FD404B35431870019522
S21400FE6040F200252C4206D0019EFFF707FE3C4BD1
S21400FE7035431870019540F200452C4206D0019E8D
S21400FE80FFF71AFE374B35431870019540F600050C
S21400FE902C4206D0019EFFF73BFE334B35431860DD
S21400FEA0019541F200052C4206D0019EFFF75CFE4C
S21400FEB02E4B35431870019542F200052C4206D0B1
S21400FEC0019EFFF7D3FB2A4B35431880019544F279
S21400FED000052C4206D0019EFFF764FE254B3543F5
S21400FEE01870019548F200052C4206D0019EFFF7D7
S21400FEF077FE214B35431870019580256D022C4204
S21400FF0006D0019EFFF78AFE1C4B354318700195FC
S21400FF108025AD022C4206D0019CFFF79DFE184BB3
S21400FF20254318700195019838B101A9FFF7FAFE2C
S21400FF30054A019913680B431360F7BD014B25E78B
S21400FF40D4650020FCFF0300E4640020F864002071
S21400FF50B8650020CA650020CB650020CC6500206F
S21400FF60CD650020CE650020C4650020CF6500204A
S21400FF70C8650020D0650020D1650020D26500202D
S21400FF80D365002010B5FFF7E9FE10BDF7B5814F29
S21400FF903E7A33000A3B032B00D800267E4DBA7A01
S21400FFA02B79D3B1022B2BD000232B60BC7A012CEB
S21400FFB031D1234203D0E888FFF76AFC00240223ED
S21400FFC02A681A4200D1DFE0A868FFF77FFC002C01
S21400FFD000D0DAE000232B71F7BD0320012A08D0F9
S21400FFE0AEB1701F431E98410F23404298436B4B9F
S21400FFF0C018002301A92B60FFF778FE019BD4E709
S214010000012A06D000230C20002AF2D0CDE763484F
S214010010EFE70320EDE70424234203D0E868FFF767
S21401002027FE002408232A681A4200D190E0286996
S214010030FFF73AFE16B1053E022E08D810212B68AE
S2140100400B4200D186E00020554AFFF779FC2023B9
S2140100502A681A4200D17FE05248FFF7B3FB68379F
S2140100603B7843B140232A681A4277D02B00E63307
S2140100701878FFF72BFB80232A681A4270D02B00D2
S214010080E7331878FFF73EFC40F200132A681A425D
S21401009068D0E8202856FFF7BFFC40F200232A6804
S2140100A01A4261D02B00E9331878FFF7D5FC40F2ED
S2140100B000432A681A4259D02B00EA331878FFF712
S2140100C0E9FC40F600032A681A4251D02B00E033BF
S2140100D01868FFF7FDFC41F200032A681A4249D06E
S2140100E02B00EB331878FFF71FFD42F200032A6856
S2140100F01A4241D02B00E4331888FFF79BFA44F2EA
S21401010000032A681A4239D02B00EC331878FFF71F
S21401011037FD48F200032A681A4231D02B00ED332E
S2140101201878FFF74BFD80232A685B021A4229D014
S2140101302B00EE331878FFF75FFD80232A689B02B9
S2140101401A4221D02B00EF331878FFF773FD3EE7F4
S2140101501C436FE70C437AE71C4380E71C438AE79E
S2140101601C4391E71C4398E71C43A0E71C43A8E700
S2140101701C43B0E71C43B8E71C43C0E71C43C8E771
S2140101801C43D0E71C43D8E71C432000FFF7E6FDDD
S21401019020E7C046D4650020E4640020FCFF03008D
S2140101A0F8640020B865002070B53A4B00285FD18E
S2140101B0394A1A60394A5A60394A9A60394ADA60C5
S2140101C0394B00295CD1394A59601A60384A9A601D
S2140101D0384ADA60384A394C1A61227A32492D484F
S2140101E0F8F790FA0500002840D1FFF763FA344B80
S2140101F01870E06DFFF71AF93248FFF7EBF832484E
S214010200FFF7D2F8606EFFF72DF9230060331878F8
S214010210FFF7E6F923006A331878FFF733FA23006D
S21401022068331878FFF768F923006B331878FFF7FF
S21401023034F9607AFFF76AF823006D331878FFF710
S21401024011FB0A20FFF799FA23006C331878FFF7A1
S21401025083F96E341D48FFF7D3F8217811B11C4895
S214010260FFF796FAFFF792FEF7F73EFC280070BDFF
S21401027002681A6042685A6082689A60C2689EE79D
S2140102800A681A6000225A608A689A60CA68DA6048
S2140102900A69A0E7D064002065F100006DF1000056
S2140102A075F100007DF10000BC64002085F10000BE
S2140102B085FF000061F1000063F10000D4650020B5
S2140102C0E0640020FF6500200F6600201F66002006
S2140102D044660020030010B509200D2B14D843F600
S2140102E02152DA40D2070FD5084A117A994206D030
S2140102F0110000206E310870054902300871002196
S21401030008001372FFF750FF10BDC046D4650020E9
S214010310E4640020030010B50320012B0BD8064A25
S2140103200020917A9372994205D00122034B010075
S2140103301A71FFF739FF10BDD4650020E464002070
S21401034010B5F0F707FA01235840C0B210BD0000FF
S21401035010B5054B9B7A1BB90120FEF79FFF10BD18
S2140103600020FEF713FFFAE7D465002010B54078A9
S21401037018B90348FEF7EEF910BDFEF7FBF9FBE7E7
S2140103803349010010B543782BB903791BB10348F3
S214010390FEF7E0F910BD0248FAE7C046D54C010069
S2140103A0E24C01000B4B10B51B880400012B07D053
S2140103B0094B1888F0F742FB237813B1012B04D0C0
S2140103C010BD2000FFF7D2FFFAE72000FFF7DAFFA3
S2140103D0F6E7C046B8620020BA620020037837B557
S2140103E00400022B43D84578002D40D1037B13B37C
S2140103F02548FEF79BF92548FDF733FE237BAB42E4
S21401040036D82348FDF72DFE00220321E078FDF7BC
S21401041046FE1F48FDF725FE00220121607CFDF700
S2140104203EFE1B48FDF71DFE00220A21206AFDF74D
S21401043036FEF0F74DFA174B69331B78012B16D1B0
S2140104401548FEF773F91148FDF70BFE002203214C
S2140104500E23E05EFDF723FE0D48FDF702FE102099
S214010460002203212056FDF71AFEF0F731FA37BDB8
S214010470A1680122491901A8FDF7DEFF013501A88F
S214010480FDF7EFFDEDB2B9E7E94C0100F5470100D4
S214010490DD470100D4650020214C010010B50400A1
S2140104A00948FEF743F90948FDF7DBFD63782BB9E8
S2140104B00748FDF7D6FDF0F70BFA10BD082B01D162
S2140104C00448F6E70448F4E7054C0100F547010047
S2140104D0EF4C0100FD4C01000F4D010070B5124DAF
S2140104E004002B789B071AD51048FEF71FF9104811
S2140104F0FDF7B7FD66789EB932000321207CFDF733
S214010500CEFD0C48FDF7ADFD32000321607CFDF702
S214010510C6FDF0F7DDF902222B7893432B7070BDF0
S2140105200548FDF79EFDF4E7B7620020354C010053
S214010530F5470100DD470100F34A010010B5FEF75B
S214010540F9FE124C6072FFF75DF8230060331870F5
S214010550FEF7C6FF230068331870FEF7A9FF2300D5
S2140105606B331870FFF70AF823006C331870FEF728
S2140105706DFFE065FEF786FF7C22210060660020A5
S214010580EFF7FAFF0320FFF7E9FB10BDD465002063
S21401059010B57C220349044803F061FC0320FFF7F1
S2140105A09FFB10BD105C0100D465002010B5F0F76C
S2140105B031F8F0F79BF8FFF7EBFF10BD13B5040019
S2140105C0082268460E4903F04AFCB4B97C22200092
S2140105D00C49EFF7F7FF20B97C220B490948FDF7D4
S2140105E0C2FD08226946074803F0D8FB10B9FFF799
S2140105F077FB13BDFFF7DAFFFBE7FFF7C9FFF8E765
S2140106001B4D0100D4650020105C010010B5FDF7FC
S214010610C5FE0E48FCF7DEFEFCF724F90020FFF7C6
S214010620CDFF00210800FFF7BFFD092805D10848C6
S214010630FDF717FDF0F74CF910BD182801D1054854
S214010640F6E70328F8D10448F2E7C0464103010063
S214010650244D01005A4D0100814D010070B50C4C2E
S21401066005002378DB0710D50A48FEF75FF80A482D
S214010670FDF7F7FC6B784BB90848FDF7F2FCF0F78D
S21401068027F9012223789343237070BD0448F4E7C9
S214010690B76200204D4C0100F547010033490100C7
S2140106A0F34A010070B50C4C050023785B0710D5A2
S2140106B00A48FEF73BF80A48FDF7D3FC6B784BB9BE
S2140106C00848FDF7CEFCF0F703F90422237893439C
S2140106D0237070BD0448F4E7B7620020A24C010005
S2140106E0F547010033490100F34A010010B5040043
S2140106F00748FEF71BF80748FDF7B3FC63782BB9EC
S2140107000548FDF7AEFCF0F7E3F810BD0348F8E73F
S214010710994C0100F547010033490100974B010050
S21401072070B50C4C050023781B0710D50A48FDF759
S214010730FDFF0A48FDF795FC6B784BB90848FDF7B5
S21401074090FCF0F7C5F8082223789343237070BD18
S2140107500448F4E7B7620020AD4C0100F5470100FC
S21401076033490100F34A01000300007810B50C2854
S2140107700BD802F085FB070A0A0B0A0A0A0A0F0AB7
S21401078017131B001800FFF789FE10BD1800FFF7AE
S214010790A5FEFAE71800FFF761FFF6E71800FFF776
S2140107A081FFF2E71800FFF7A1FFEEE71800FFF759
S2140107B0B7FFEAE7F8B5437804000E2B02D00F2BFB
S2140107C047D0F8BDFEF730FF06002448FDF7AEFF20
S2140107D02348FDF746FC00220A216068FDF75FFC0E
S2140107E00823E05E30220321FDF759FCA37DA3B167
S2140107F01C48FDF736FC0221E07DFDF73CFC250098
S21401080027001848FDF72DFC18351E3728780221D9
S2140108100135FDF730FCBD42F8D1F0F759F8012E4D
S214010820CFD11148FDF782FF0D48FDF71AFC0022D3
S21401083005211223E05EFDF732FC0A48FDF711FCA4
S2140108401420002203212056FDF729FCF0F740F87A
S214010850B7E70648FDF76AFFF8E7C046B04D010066
S214010860F5470100DD470100214C0100BA4D0100AA
S21401087010B50348FDF75AFFF0F72AF810BDC04639
S214010880C64D0100037810B5092B04D00D2B01D1FC
S214010890FFF7EEFF10BDFFF78DFFFBE710B5FCF786
S2140108A0B5FCFFF7B3FEEFF74BFF08B1F0F758F8CA
S2140108B0F8F702FFFCF74AFD0028F4D0F6F7CAFF66
S2140108C0F1E710B5FFF7EAFF10BD000010B518B943
S2140108D00122054B1A7010BD0228FCD1034B0448B7
S2140108E0596801F0BBFBF6E790C07E40905C0100C2
S2140108F05066002010B5FFF7E4FF002010BD30B5AC
S2140109001D00836949005B690400C95A222031B180
S214010910E0680B18095A002004332960136030BDC3
S214010920030070B5002504000833DB6F05609A6884
S21401093018685269904728006560A56070BD0A2353
S21401094070B58360036C0100013303640300083350
S214010950DC6FC268A36820685D6840310823A84739
S21401096070BD41B1436813B14368022B03D1042320
S2140109704360033B83607047F0B585B00193002365
S2140109808377030008330400D86F83680068DD6846
S21401099002AB0733A8470500E0B90600A37F104F56
S2140109A033B901210136080002F026F9BE42F5D11D
S2140109B0230058331A7801990A70BE420DD01A786E
S2140109C0022A07D01A78032A04D040F2F4151B78BD
S2140109D059342370280005B0F0BD1425FAE7C04647
S2140109E040420F000223F0B5060085B002AAD3717B
S2140109F0C268040015004BF6AD678836336801916E
S214010A009B180835436163699D421BD2019BB3B1B4
S214010A1002AB0422290020000733FFF7ADFFA0B97F
S214010A2002ABDB79022B0DD0A1693368CA6828882E
S214010A300A3252009B1A834209D2212003E0A36E98
S214010A409D42F1D10020A566256105B0F0BD0322C7
S214010A50EB1D1B1893435A88BA42EED11A8848698F
S214010A60E1685200691A11521A881D1DE265CAE72B
S214010A7010B50400436E0021C36083691A69586982
S214010A800132520003F082F900212000FFF7AAFF8D
S214010A9010BDF8B504000325836949005869626EE4
S214010AA0435A26699B18E3671B88221D0B33AB4309
S214010AB0D367E2689B19B71A475221008831096843
S214010AC000205218934205D92000FFF7D1FF0123D9
S214010AD06560A360F8BD0000030070B5002608330A
S214010AE086770400D86F836800689B68984705007E
S214010AF048B1280070BD0121080002F07DF80A4BBC
S214010B0001369E420DD0A37F002BF4D0230058332C
S214010B101A78002AEDD01B78593440F2F415237068
S214010B20E7E71425E5E7C04640420F00F8B54368FD
S214010B3004000020032B22D0261DF56F202D00D99E
S214010B40202527001F372A003800E16F03F087F9B8
S214010B500623A36023000833D86F3900836822690F
S214010B605B6800689C462B006746B84723695B199B
S214010B702361E36F5B19E367F36F5B1BF367F8BDF4
S214010B8010B504008369616F1A690131914200D979
S214010B90002161675A694800825A002AF3D0236F00
S214010BA08B4207D02000FFF774FF10B92000FFF733
S214010BB0BDFF10BD23692000A367FFF7C0FEF8E75D
S214010BC0F7B50400019308000223A56911002E69F8
S214010BD063602066984207D000216B694A009A5AE2
S214010BE012B901318E42F9D223008833E7681A68B8
S214010BF0BB189C462B68AD685D19654500D06346F9
S214010C00D2186766E36062618E4215D308332361AA
S214010C108BB223676367022805D12000089B019ADF
S214010C2000F00EF8FEBD2000FFF733FF0028F9D1D3
S214010C302000FFF77BFFF5E72000FFF780FEF1E7D6
S214010C4073B51C000326150002690B34A418B443BF
S214010C504669B44214D804005034218001000600CD
S214010C6048310B80C3684A36D31A33800223C564E1
S214010C708360606B836800685C680423A04776BD68
S214010C800A00009302212B00FFF79AFFF7E770B5E1
S214010C900500FFF7D5FF040001002800FFF761FEFD
S214010CA0200070BD8369F0B51A69050001325869E4
S214010CB05200002185B003F069F800234FF6FF7259
S214010CC0AB77EA65EB600193AB6901995A6891428B
S214010CD001D300243BE02F008837019A3E681B6849
S214010CE05643F61802AB0822310028000733FFF7F7
S214010CF043FE040058BB02ABDB79022B14D102ABD6
S214010D00310028003A680733FFF736FE0400F0B9D1
S214010D1002ABDB79032B43D13A68920A31002800F3
S214010D20FFF7DAFE040011E04BF6AD62F38893425A
S214010D30F2D1E96899B33A6830680B68920A98422A
S214010D40ECD92800FFF7C8FE0400EE6044B3EB6858
S214010D504BBBAB6929001A689B688831D2182B00F7
S214010D6009680833521AEA609CBB22492C64D98769
S214010D702900D86FAC77836840315C680068082327
S214010D80A047040028BBAB7F33BB0121080001F05C
S214010D9033FF194B01349C42F5D1142426E0EE6052
S214010DA0019B01338FE7212C0ED10126002301215F
S214010DB02800AB83FFF716FE0400212816D0A8B939
S214010DC02EB90123AB6011E084B90026EEE7212499
S214010DD00CE0212C0AD1E8E72B0058331A78012AB7
S214010DE0F3D040F2F4141B7859352B70200005B06F
S214010DF0F0BDC046ADBEFFFF40420F00002370B5F8
S214010E008360836905009A681968920AFFF764FE91
S214010E10040018B92800FFF745FF04002800210048
S214010E20FFF79FFD200070BDF7B54D688A68070083
S214010E30B2FBF5F204000B6A81611B688830083743
S214010E40FB67026025480022606460652000244D2F
S214010E50903025658D69C9692264A264E264816067
S214010E602100943105600A609A6803CB12689047A6
S214010E70060008BBA0602000FFF714FF050021282C
S214010E801CD133003200310020000096FFF798FE97
S214010E90050058B9A368012B1AD00121080001F0FA
S214010EA0ABFE104B01359D42F4D11425FB6F2E008D
S214010EB09A681868526990473000FEBD0028F5D13F
S214010EC0E3681B68236400236360074B2360F3E732
S214010ED06368042BF4D140F2F415E7E70000ADBED9
S214010EE0FFFFADBE404B4C0045455652F0B58468F9
S214010EF00023250087B00093037858352B70A3682C
S214010F001BB90133A37707B0F0BD2B78012B00D0B6
S214010F10DCE0A0680238082800D9B3E001F0B0FF91
S214010F20058B359FB8B2B2B2C000236903250433DE
S214010F3001932361230048331B88E76C1A002A407B
S214010F40A56002922B420AD1A56022003900083220
S214010F50D06F82685568019A0068A84739E0032B6C
S214010F600FD826008C3604220021300002F00EFF36
S214010F7039003000029A02F072FF37000423A560A0
S214010F80E3E70422AB43A260DFE7230048331E8871
S214010F902500032733008C35BB430422002128009B
S214010FA0A760019302F0F2FE3200019BE16C3A4029
S214010FB0C918280002F053FF2269019B29009A18DC
S214010FC023000833D86F2261836800685E680423B3
S214010FD0B04701002000FFF7C4FCA368012B00D036
S214010FE091E7230090331A68002A00D18BE76368E3
S214010FF0002B00D084E0A368013B591E8B41DBB275
S21401100004A90B702300943498331B6820684B6046
S214011010002877D00378009343680393030060C9E0
S21401102060C390472368002B00D16CE7009A1A70C2
S214011030039A5A6067E7230048331B8821695A18C8
S2140110409B0700D00A1D0523A36023002100083357
S214011050D86F2261836850315D6804237CE72300E2
S214011060210050331A882369E265043323614A312B
S2140110700888A169520049695052626822B9013252
S214011080A260A3660020A4E72000FFF779FDA0E791
S214011090231DDB6F2000002BF7D0FFF747FD98E7F5
S2140110A0230088331A68E368616E9B186361002326
S2140110B02377A36F920A23610B23A36023000833CF
S2140110C0D86F836800689B68984782E72B7823B9B6
S2140110D0009B63600123A360D4E763680098022B3A
S2140110E005D1A3680B2B02D02000FFF7C1FC23001B
S2140110F02A7859331A7004236360033BA36068E7B8
S21401110063687CE708008CE710B500F0C9FB10BDEA
S21401111070B5040048B1002039B1102520002A001E
S21401112002F09DFE0120B034256070BDF0B58FB091
S21401113007000C0016000021102202A802F026FE6D
S2140111401022002106A802F021FE102200210AA882
S21401115002F01CFE002000F0B3FB00230090019378
S214011160A30705D02100102206A802F078FE06ACDF
S2140111703D00BB0700D002AD3300B0331B68182B0F
S2140111801AD1310068460AAA00F09CFB20B9042255
S2140111902900200000F098FB00F097FB03000020D8
S2140111A043B902AB9D4204D110222900380002F057
S2140111B056FE01200FB0F0BD202B0ED1320069463D
S2140111C00AAB01A800F0F0FB20B904222900200098
S2140111D000F008FC00F042FCE0E7320069460AAB8A
S2140111E001A800F075FB20B904222900200000F0B8
S2140111F08DFB00F0C7FBD1E7EFF30380103840B258
S2140112007047416182610020704730B57B25046AD2
S214011210A3782B40A37083789B079B0FD21A026199
S2140112208022CB18C360A3781343A37083787D3ADA
S2140112301340022B06D14FF600620B881343E3815D
S214011240002030BD0B78E370FAE7F0B50500806A40
S21401125087B08C46019202ACC8B123000200C2CA14
S214011260C2C312681A60EB691B7803606346836029
S214011270019B0371EB6AC3606B6A9847AB6A23B143
S21401128023CC23C31A002368136007B0F0BD2000E7
S214011290E9E770B514000D000600100001F054FDDA
S2140112A0200001F0FFFC32002900200001F01AFDA9
S2140112B070BD0000F8B500260B785F4A06709B18D3
S2140112C05B0103624B69C16143628B698662C362DB
S2140112D04A780D0053425A410321837801328B43E9
S2140112E013430B228370AA56A97A0400FFF7D1FF95
S2140112F005222000AA562979FFF7CBFF07222000F6
S214011300AA56A979FFF7C5FF09222000AA56297A0D
S214011310FFF7BFFFEFF31087012383F310882878C8
S214011320464B8446802062460006D0405968814379
S21401133059605B6887F310880122297840F20720FC
S2140113408A40236A9E701E715E729E72DE725E8392
S214011350024201D04022DA7406221A7709B9384AC5
S2140113609A82AA78E97868781201C9000A430328A4
S21401137047D140210A43B231D2B2C9B21A7099712B
S21401138002212026FF20ED692A7B52000A405A736B
S2140113906A78A978D2014901314002400A43002106
S2140113A02E781972B11E012930D85870022E01D13B
S2140113B010210A43D2B200270520DA71E369E760FB
S2140113C027616761A761185601F0B6FC0B20E36937
S2140113D0185601F0B1FC0720E369185601F0ACFC81
S2140113E00920E369185601F0A7FC0323226A1E4070
S2140113F06D33334393706B8938002381114B6360DF
S214011400F8BDE2210028B7D01031B5E70327696897
S214011410D2B2DA718A7848785A701A783840BA4364
S21401142002431A70CA789A740A785C21D8790A40FD
S21401143088430243BFE7C04600380002FC6F044001
S21401144000F8FFFF5549435370B5FFF7D5FE04007A
S21401145001F028FC184BA400E058C3691B69FBB9CE
S2140114600169056A59B97F23016A8A781A407B3B6C
S21401147013438B700021436AC160C3B970BD032456
S2140114808378C2681C40022C0ED14FF60066148881
S2140114903443EC819B079B0FC91AD2180161C260C5
S2140114A00369002BEAD1DEE71478EC70F2E78022BC
S2140114B0FFF7CBFEE2E7C046546A002013B5FFF7FC
S2140114C09BFE040001F0EEFB174BA400E458032337
S2140114D0A278216A1340022B09D1098AC905C90DD0
S2140114E0A369019133B9636A0422C3B913BD49796B
S2140114F0C9B2F5E79207920F01A9606902F0AFFC45
S214011500A3786269A1699B079B0FD218C91A626109
S214011510A1610029EAD1636A002BE7D001222000ED
S214011520FFF793FEE2E7C046546A002010B5FFF7C6
S21401153063FE7B21084B82000400D058026A937830
S2140115400B409370436A1BB102220021FFF77DFE18
S214011550200001F0A7FB10BD546A002070B5FFF70C
S2140115604BFE134B82000400D058032382781A40A6
S214011570036A022A18D1198AC905C90D38221D79AC
S2140115802A40ED0604D51D7FED0701D440252A43E8
S21401159038261D79B5431D71436A0BB1FFF755FE19
S2140115A0200001F07FFB70BD5979C9B2E6E7C0465D
S2140115B0546A0020EFF30380103840B27047436945
S2140115C0C269934206D2C268816802B1D25C013315
S2140115D0CA7043617047F0B50500406A85B08C4615
S2140115E001AC90B123000200C2CAC2C36B681B786B
S2140115F0036063460371AB6A83602B6A98476B6A24
S2140116000BB123CC23C305B0F0BD2000EEE7F7B540
S214011610856801930400A87830278446060063464F
S21401162008203E403B422ED1019BE1606168666125
S214011630A661E3610E692261983032B1030016B9E2
S214011640486900B9803B50201843AB780343DBB2AE
S214011650AB70BEB94B69ABB9A2B10120085601F017
S21401166073FB2000FFF7ABFF65686B7A012B05D192
S214011670E369012B02D92000FFF7A1FF01202856BC
S21401168001F04EFB0020FEBD10B5FFF7C0FF10BDF8
S2140116900B78484AF0B59B185B0183608B69416003
S2140116A003620C00CB690021836241620500802041
S2140116B0226A87B053789B079B0F18430490022039
S2140116C0105693780391FF310291002802DA0293B3
S2140116D004230393637A012B62D000230193A07A3B
S2140116E0E17A012860D109B940310B43617B40F2B0
S2140116F0EA0C09B140F2E20CEFF31087012181F305
S21401170010882D49267848680590300080263606D0
S214011710C6400598B0434860496887F3108800269C
S214011720A96812788E700879842008712348DBB284
S21401173088826846007C0870684600798870604632
S214011740C0B288714A706A46127A01208A746A4663
S214011750127BCA714B7340230E724E728E72CE721A
S2140117604E83CB743E3B0B772A006179205601F0FD
S214011770FBFA02202A00A179205601F0F5FA03208F
S2140117802A00E179205601F0EFFA04202A002056BB
S214011790217A01F0E9FA3000094B2B6007B0F0BD61
S2140117A00221052301919AE7012901D080219CE7B6
S2140117B0C0219AE700380002FC6F044000F8FFFFE2
S2140117C05349435310B5FFF7F5FE040001F06AFADA
S2140117D0094BA400E4582000FFF7F1FE6269E369B3
S2140117E09A4208D1236933B9A1687B338A781A40B3
S2140117F0773B13438B7010BD546A002010B5FFF77A
S214011800D9FE040001F04EFA0D4BA400E458200066
S214011810FFF7D5FEA369E269934205D2A168581C79
S214011820A06122694979D154A269E3699A4206D135
S2140118303B23A1688A781A40373B13438B7010BD4F
S214011840546A002010B5FFF7B5FE03210400074BCC
S2140118508200D058826893780B4093700239FFF764
S214011860BAFE200001F01EFA10BDC046546A0020E0
S21401187010B5FFF79FFE0321084B82000400D058E5
S21401188083689A780A409A701A79842201311A710B
S214011890FFF7A1FE200001F005FA10BD546A0020F2
S2140118A0054A0649936800200B40936093685B00E5
S2140118B05B0893607047C046FC6F0440FFFFFFEF74
S2140118C000BA704706207047704706207047000030
S2140118D070B504680E001D0011006CB93268074B24
S2140118E007481A60402202F0BAFA40222900054849
S2140118F002F0B5FA200070BD034CFBE70C6A00202D
S2140119005C6900201C6900200200010037B5140044
S214011910194A050010680B0000BA042809D801F01E
S214011920AFFA03090F1821002A002100134800F01E
S21401193099F837BD2A002100104800F0A4F8F8E70E
S2140119400F49009322002B0001910C4800F0AEF8DD
S214011950EFE70B49009322002B000191074800F0A6
S214011960BAF8E6E70649009322002B0001910348E6
S21401197000F0C6F8DDE7C0460C6A00205C6900206E
S2140119801C69002010B5B0220021054802F0FEF9BE
S21401199040220021034802F0F9F9002010BDC0469C
S2140119A05C6900201C69002070B504680E001D00EB
S2140119B011006CB93268074B07481A60802202F0A2
S2140119C04EFA40222900054802F049FA200070BD6F
S2140119D0034CFBE70C6A00205C6900201C690020B0
S2140119E00200010037B51400194A050010680B0003
S2140119F000BA042809D801F043FA03090F18210098
S214011A002A002100134800F090F837BD2A00210073
S214011A10104800F09CF8F8E70F49009322002B00CD
S214011A2001910C4800F0A5F8EFE70B49009322005E
S214011A302B000191074800F0B1F8E6E7064900934C
S214011A4022002B000191034800F0BEF8DDE7C046F6
S214011A500C6A00205C6900201C69002010B5FFF7A5
S214011A6091FF10BD30B587B014006D460022AA82E2
S214011A70AA75019302920B000094010005A800F0DC
S214011A80C1F807B030BD70B586B014006D460022AF
S214011A906E46AA820125B575019302920B00009449
S214011AA0010005A800F0AEF806B070BD30B587B0ED
S214011AB06D4640F20014AC820024AC750B9C00937A
S214011AC002940A9C130001940A00010005A800F084
S214011AD099F807B030BD30B587B06D4640F20014B6
S214011AE0AC82FF3CAC750B9C009302940A9C1300DD
S214011AF001940A00010005A800F084F807B030BD83
S214011B0030B587B06D4640F20024AC820024AC7537
S214011B100B9C009302940A9C130001940A00010096
S214011B2005A800F06FF807B030BD30B587B01400D7
S214011B306D460122AA820022AA75019302920B0029
S214011B400094010005A800F05DF807B030BD30B57F
S214011B5087B0150001246A46948294750022019389
S214011B6002920B000095010005A800F04BF807B0A3
S214011B7030BD30B587B06D4640F20114AC8200240A
S214011B80AC750B9C009302940A9C130001940A0006
S214011B90010005A800F036F807B030BD30B587B0B3
S214011BA06D4640F20114AC82013CFF3CAC750B9CC7
S214011BB0009302940A9C130001940A00010005A8F0
S214011BC000F020F807B030BD30B587B06D4640F262
S214011BD00124AC820024AC750B9C009302940A9CF1
S214011BE0130001940A00010005A800F00BF807B0E5
S214011BF030BD0023CA5812BAC2500433102BF9D193
S214011C0070470000F0B589B006001D0002910392EE
S214011C10002B00D19BE003232A001A4001921D42AB
S214011C2000D094E04B4C023B228813432380077874
S214011C3063685B01FCD50122022163683A405200C9
S214011C408B431343636063689B00FCD5029904A829
S214011C50FFF7CFFF049B2361059B2361069B23614E
S214011C60079B23617FB163685B00FCD5029904A8DA
S214011C701031FFF7BEFF049B6361059B6361069B02
S214011C806361079B6361727863685B01FCD503211E
S214011C9063680A402D3112018B4313436360039B33
S214011CA073B163681B01FCD5039904A8FFF7A1FF74
S214011CB0049BE360059BE360069BE360079BE36090
S214011CC0B27863685B01FCD50121002663680A408F
S214011CD08B43134363600E9BB700D9196368DB011E
S214011CE0FCD504A8FFF785FF049BA360059BA360B2
S214011CF0069BA360079BA3600F9BD81963689B0193
S214011D00FCD5A36804A90493A36804360593A368C5
S214011D100693A3680793FFF76CFFB542DBD8109BC9
S214011D2073B16368DB00FCD5E36810980493E3683D
S214011D3004A90593E3680693E3680793FFF759FF41
S214011D400122238893432380019809B0F0BD024BFA
S214011D500193F9E700000D400D00010070B5040085
S214011D60012001F041F8194A1378DB06DD0F002B3C
S214011D70FADB207802000300E0B12B0014490328A7
S214011D8012D12269134B1A605042424140F20020A0
S214011D90E37DA57D5B0013430A5A520A52022A4389
S214011DA00A52207D0C4A107040F2A012A06888509A
S214011DB048F20002094992B28A81094ADBB201203F
S214011DC0137000F0EBFF002070BDC046AAE0014092
S214011DD00060004098E0014094E0014000E00140CE
S214011DE092E0014010B5040008006160FFF7B6FFFD
S214011DF008B9014B236010BD4D504C5270B505001B
S214011E00194A1378DB06FCD4012000F0EDFF174BCE
S214011E109A89174BD20B012A0FD1164AD27F19780D
S214011E20D2B2C90709D50524C2B9134A1278012AC4
S214011E3014D1124A1278012A10D16A681278032A3C
S214011E4004D11978833A0A431A701A78BFF34F8F70
S214011E5030BF7F2100241A780A401A70012000F052
S214011E609DFF200070BDC046AAE0014000E0014091
S214011E7092E0014007E0014038E0014032E00140D5
S214011E80EFF31080012383F31088064B196819B904
S214011E90054AD1704031D1701A6801321A6080F358
S214011EA010887047506A0020000D0440EFF310813F
S214011EB0012383F31088074B1A6812B11A68013A96
S214011EC01A601A681AB9044BDA708032DA7081F334
S214011ED010887047506A0020000D0440030000205F
S214011EE0186070470B0A1B01C9B25B1803499B00B7
S214011EF05B5800209B07DB0F1370704700080440F7
S214011F00034B090A4901C9184B6800201380704722
S214011F10000004400548090A4901091818009043C1
S214011F200004134003438B60002070470000044008
S214011F300123C8B2834000209BB20AB918001300DF
S214011F40044A090A490100041843891888600020D8
S214011F507047C046000004400648090A49010918AE
S214011F60180010B50C68104020439343984308604E
S214011F70002010BD00000440044B090A4901C9189D
S214011F804B6800201B0C13807047C04600000440BD
S214011F9008480B0A5B011B1858680123C9B28B401D
S214011FA0000C99B203405B1A59424B410020137052
S214011FB07047C046000004400548090A490109184F
S214011FC018009043000413400343CB600020704781
S214011FD00000044010B501240B0AC9B28C40074822
S214011FE05B011B18D9682004012A04D181432143CF
S214011FF00020D96010BDA1430143F9E70000044069
S214012000030A70B5C0B2084D1B01CA0307D51A18DA
S2140120109200AE58054C26400C40AE50AC501B18F2
S2140120209B00E95070BDC04600080440FFFFFEFF5C
S21401203070B505000024FFF723FF2B88A34202D8C2
S214012040FFF734FF70BD6B68E2009B18988819682B
S2140120500134FFF7D5FFA4B2EFE7000010B5034B3C
S21401206003600800FFF7E4FF002010BD54524F50F4
S21401207010B50800FFF7DCFF002010BD70B5150095
S2140120800C00FFF7FDFE29002000FFF7B9FFFFF760
S2140120900DFF002070BD0000F7B50400022040F2DD
S2140120A000350856134B82002071D2185359114F30
S2140120B001930023BC468E685351A660CE68E66045
S2140120C00E786671BB550B79CF781B013B434F7970
S2140120D0FF013B436746DBB2BB55019B53510028CA
S2140120E003DB2200497800F0FDFD034B002023604E
S2140120F0FEBDC046006000405543490010B500795A
S21401210040B200F019FE002010BD000073B5EFF3D9
S2140121100384103C0E4B64B2A200D5580D4A6B796D
S2140121200126D35C9B079B0F032B03D0200000F0F6
S214012130B9FD0026AB682BB16A7968460192EA6858
S2140121400092984716B1200000F0ACFD73BDC04662
S214012150546A00200060004043F6B073044A002031
S214012160D35A812213405A1E93410B707047C046C2
S21401217000C07E4006207047062070470620704744
S214012180062070470A0010B5034B11CB11C2034B52
S21401219011CB11C2002010BD3C600100246001007B
S2140121A006207047062070470620704706207047B5
S2140121B0C36A0D4A10B59A180133C362036B816A6C
S2140121C0013B0363094B4C1C84621800140CFE305F
S2140121D092B2448242811A000978FC32516381220C
S2140121E0FF335A7510BDC0460000F0BD00C07E40EA
S2140121F04143032903D9890801390029FCD17047D5
S21401220044F6003313B5A522019340F28013F7215B
S2140122100F4CE2500F4B9D3A5A7059705A705B78CA
S214012220934200D1C04681681020FFF7E1FF43F6D4
S214012230B072094BA352A35A98B203B916BD019BBB
S2140122401BB1019B013B0193F5E71420F6E7C0465D
S21401225000C07E40FFC07E4000AAFFFF13B51049B4
S21401226001900B6B5B0612D57F240E4B5A7D2240E4
S2140122705A7500225A7501900B6B5B06D80F002B1E
S21401228008DA019B2BB1019B013B0193F4E7019B0B
S2140122900BB9142016BD019B013B0193E1E7C04633
S2140122A0FCC07E40FFC07E40002310B5036043683B
S2140122B0112018560300213301D000F045FD0020FF
S2140122C010BD062070470620704700002D4B70B5E4
S2140122D019682D4D0B000200286A2C4C4001400F56
S2140122E08340C3402A48D360834207D8A34205D01F
S2140122F02848834202D02848834240D1286A274D85
S2140123004001400F8140C14025481B18B3FBF4F043
S214012310AB4202D901230340C018214BD060C91833
S214012320B1FBF4F140F2835306204B43B3FBF0F3C9
S214012330136140F276334B43B3FBF0F353615823FA
S2140123404B43B3FBF0F39361164B91604B43B3FBE6
S214012350F0F3D361144B4B43B3FBF0F31362134B0F
S2140123604B43B3FBF0F35362114B1A78012A01D1A8
S214012370002070BD01221A70FFF73AFFF8E740F21D
S214012380F610F6E7AC6A002000E0014040420F007C
S214012390FF083D0080841E00C0C62D003F8AF7015D
S2140123A03F420F00B86A0500C0B0070068ED220082
S2140123B090C07E4043F6B07370B5114A114D8168E6
S2140123C0EA5204000620FFF713FF40F28013A5220D
S2140123D0EF21EA500C4B953A5A7059705A705B7857
S2140123E0934200D1C0460320A168FFF701FF63684E
S2140123F01A781AB11120185600F09EFC70BDC0461E
S21401240080AAFFFF00C07E40FFC07E4070B504007A
S214012410FFF7D0FFE3683F2040F2D81209491F2B8F
S2140124200BD9203B5B081F338D58034085432B4354
S21401243020008B50FFF7E4FE70BD1F25013B2B40AB
S2140124408D58F3E700C07E400A7810B50B000400F3
S21401245041602AB111202200097C185600F042FC86
S214012460230000223C3320001A70FFF72FFF28B903
S2140124702000FFF7CBFF08B9014B236010BDC04613
S2140124804E45504F10B50400FFF720FF10B920004D
S214012490FFF7BCFF10BD0000030000223C3310B55F
S2140124A01A7043F6B073074A0400D35A0BB9FFF704
S2140124B081FF0122044B20009A6200229A62FFF7F4
S2140124C09FFE10BD00C07E40FCC07E40F8B50500F2
S2140124D0080016001F00FFF7C1FE0400142804D1EF
S2140124E02800FFF7D9FF2000F8BD40F2F0133400B2
S2140124F0044AD3581C401E42F5D02800FFF7CCFFF3
S2140125003C00F0E700C07E4010B5FFF7C5FF002095
S21401251010BD0000F7B5070000263C373E700400EA
S214012520150001910093FFF745FF1C4B019A9C464D
S2140125301B481C49624446716B1E160C4E829B1842
S214012540194E92B24A811A0C9BB272624B83832354
S214012550437563681B784BB10523009A3B70033BB8
S2140125601370A369A36300252800FEBDA16940F28C
S214012570F813694310222000FFF7A8FF050040B9B1
S214012580F36A009A1B07DB0F20001370FFF738FE73
S214012590E9E72000FFF780FFE6E7C0460000F0BD50
S2140125A0FFC07E40FEC07E40FCC07E4070B5036327
S2140125B04368C2621E78002533005A1E934102000A
S2140125C09B003C3281621370436904008363FFF70A
S2140125D0F1FE0D4B5D71236B63B99DB92000FFF7CA
S2140125E00FFE0FE0182312222000A16BFFF76EFFEB
S2140125F00500F0E735B92000FFF7DAFD002EF1D02F
S21401260012236363280070BDFFC07E40F7B5070044
S2140126100025040016003C373D700191FFF7CAFE05
S214012620019B1A4A9B0A1A499B029B18A3622663BE
S2140126304D71190C8C466046B2021649013AD21801
S2140126409BB248824B81130C9C466046124B92B259
S214012650586284234A830E4A537563681B786BB9A4
S214012660216A1122200071431933FFF72FFF05005D
S21401267010B92000FFF7C4FD2800FEBD01233B7002
S21401268010336363236AA363F6E7C0460000F0BD18
S214012690FFC07E40FEC07E40FCC07E4030B585B0A7
S2140126A0EFF30384103C64B2200000F0FBFA1D4BEC
S2140126B0A400E458A06BFFF7D1FD142808D040F21F
S2140126C0F013194A616BD2580B001340114212D015
S2140126D02000FFF7E1FE0723200001AD2B70FFF776
S2140126E08FFD62685368A3B1D26828000392002266
S2140126F0029298470DE022003C321278012AEBD074
S214012700042A08D1226B0123002AE5D02000FFF716
S2140127104FFD05B030BD054BDB6A1B07DB0F0233EF
S214012720DAE7C046546A002000C07E40FCC07E4006
S214012730054A030010600A6882604A68C260002089
S214012740024A58601A607047106A002043474300E7
S214012750034B8000C35819701A788A42FCD170471F
S214012760A060010048F2000110B5154B154A1B7810
S2140127701268DBB28A4210D113490978E1B11349D4
S2140127800978C9B112490978B1B1EE21C9050842E3
S21401279012D1042000F0A8F910BD1BB10D4B184052
S2140127A0984204D10C4B9A4201D80320F2E70B4B16
S2140127B09A42F1D80120EDE7002BEFD1F5E7C046AC
S2140127C040E00140AC6A002036E0014038E00140BC
S2140127D032E001400404000480841E0000366E01CD
S2140127E010B50C00002000F0FFFA01212000FFF7D1
S2140127F0AFFF002000F0D2FA012000F0F5FA044BFA
S214012800186AFFF7AFFF012000F0C8FA002010BDDC
S21401281000E0014010B5012000F0E6FA002000F0CB
S21401282063F9002000F0E0FA10BD000010B50020AA
S21401283000F0B4FA034B186AFFF794FF012000F08A
S214012840ADFA10BD00E0014010B50C00FFF7E2FF45
S21401285020000021FFF77CFFFFF7E8FF002010BDF6
S2140128608368027B180008300AB10C331800012176
S21401287003785A080A400B409342F9D1002070476A
S214012880436801611B7C064A9B009950027B836862
S21401289001390AB11960704789B21980FBE7C04651
S2140128A0146A0020F7B50026416006730B7C2E4A99
S2140128B01B029B1804000D008360EFF310870122B2
S2140128C082F310882949C8680190287C8446032031
S2140128D06246801A0122824001989043C860CA6805
S2140128E087F310881E721A7A9207D10F002AFADB34
S2140128F09972A368227B180008300AB10C331800BD
S214012900EB69DA781F791E7807231A40019226BBF5
S2140129102B7A19001BB102234B4031001B01002604
S214012920019AC9B21A43D2B2077186714270817098
S21401293020006968FFF7A4FF12202856B04203DB87
S2140129402200697C00F010FA00206B696361AB69B4
S214012950A061E361064B2360FEBD00213300502ECB
S214012960DDD0297ADBE7C04600400840FC6F044012
S2140129705447410010B50400FFF772FF38B9A2684A
S214012980217B1300083301B10433F0221A7010BD05
S21401299010B50400FFF764FF30BBA268217B13006B
S2140129A0083301B10433F4221A7000221A716368E5
S2140129B09B7C5BB21A00213214D0002B0CDB1F214A
S2140129C05A090B401E39994020329300074A995004
S2140129D0BFF34F8FBFF36F8F6368054A9B7C5BB273
S2140129E09B009C500023236010BDC04600E100E020
S2140129F0546A002070B50400FFF732FF050080B965
S214012A00A368227B1E0008360AB10C331E006368D9
S214012A101B78012B03D120002169FFF731FFF12339
S214012A203370280070BD0000F0B587B0EFF3038463
S214012A30103C64B2200000F035F91D4BA400E458A8
S214012A40A368227B1D0008350AB10C331D0062689D
S214012A502B781278DBB29C46012A05D1F4222A7023
S214012A60E53A93439C462B7063690193BBB1A06919
S214012A70D8B103AB19000200C8CAC8C163469B0699
S214012A8001D500230371E3690360019B9847A3699D
S214012A9013B103AA51CA51C32B78DBB29C460F224D
S214012AA0634613402B7007B0F0BD03A8E6E7C046A7
S214012AB0546A0020094B1A7882420DD0084A1278CF
S214012AC01AB908490A78D207FCD51A78D206FCD476
S214012AD018701A78D206FCD47047C046A0E00140B0
S214012AE036E001403CE0014010B50C4B042808D10B
S214012AF01A78D206FCD401221A701A78D206FCD4AF
S214012B0010BD1A78D206D10F002AFADB19701A788E
S214012B10002AFCD1FFF7CEFFF2E7C046AAE001404B
S214012B20064B0749DA1DD27F1B6A920052585B0199
S214012B305B0FDA401300034A1360704700E0014060
S214012B40904C0020AC6A002040F2FE3370B5194A62
S214012B50194C0126E25243F6C873184A0025D6548A
S214012B60174B184ADD601A60174A1D615A6048F211
S214012B7000029A60FFF7D4FF40F280430322E65436
S214012B80124B28001A70FFF795FF114B114A1D7062
S214012B901378DB07FCD500220F4B23620F4BDA7745
S214012BA0FFF7BEFF0120FFF79FFF40F2FE330C4AFE
S214012BB0E25270BD03A5FFFF00E0014000C07E4069
S214012BC0904C00200048E80100127A00A5E0014080
S214012BD036E001403CE001400202000207E001400D
S214012BE000A5FFFF0022014B1A70704728400440E1
S214012BF001380028FCD170474143174B70B540F2AD
S214012C00E83208001E680C000023002100F0B0F92D
S214012C10124D134AB5FBF6F559B9B0FBF5F004238E
S214012C20964200D90233B0FBF3F008B1FFF7E0FF9C
S214012C3070BD0423964200D902335D4340F2E83268
S214012C40B4FBF5F00023002100F092F90029ECD046
S214012C5001204042EAE7C046AC6A002000CA9A3B1F
S214012C600048E801F8B540F24013002401270A4E57
S214012C700A4A758CD35A1D402B00E3403B4206D0CE
S214012C80074AA3009B181B680BB1E0B298470134B2
S214012C900D2CF1D17586F8BDFE6000400060004045
S214012CA01C6A0020044BC0308000C25803490A4009
S214012CB0C250C3587047C04600600040FFFFFEFF89
S214012CC010B50400FFF7EEFFBFF35F8F1F22630905
S214012CD014401E3AA240024960339B005A5010BD70
S214012CE000E100E0F7B5FF27019283080A4A0326B0
S214012CF09B009B183A0040F200350640F600890119
S214012D00B2403940B1405C59800094430C435C5159
S214012D10019A024B1A50F7BD00E100E0546A002008
S214012D201F22430910401E3A824002499B005A5016
S214012D307047C04600E100E010B50400FFF7C0FF91
S214012D402000FFF7EDFF10BD1F22430910401E3A79
S214012D508240044920339B005A50BFF34F8FBFF384
S214012D606F8F704700E100E010B50400FFF7BAFF6F
S214012D702000FFF7E1FF10BD00230648064A9A1817
S214012D80117819B11A00C032920011500133122B7A
S214012D90F4D1704700600040DC5F010030B5EFF30E
S214012DA01082012383F3108898400B49435A1BB1C4
S214012DB00B5A013B9BB20B520B5A53B940F2FE31F0
S214012DC0064C074B655A185A064B2B4383439BB256
S214012DD0635282F3108830BD9C6A002000E00140F7
S214012DE0B460010000A5FFFF70B5EFF31081012369
S214012DF083F3108898400A4A835A53B940F2FE3446
S214012E00084D094E2B5B865B33434AF2005633432B
S214012E102B53135A01339BB2135281F3108870BDA2
S214012E209C6A002000E00140B4600100030010B578
S214012E3003240A4A0A4811680333A34308185B1897
S214012E4040F200418B4206D901F000F80C230360E2
S214012E500120404210BD1360FCE7C046A86A00206E
S214012E609040002000BE70477047000002B47146D3
S214012E7049084900095649008E4402BC7047C046BD
S214012E8002B4714649084900095C49008E4402BCF7
S214012E907047C04603B47146490840004900095EC0
S214012EA049008E4403BC704703B47146490840008C
S214012EB04900095A49008E4403BC704784460800FD
S214012EC06146FFE71FB500F0CBFA002801D40021C8
S214012ED0C8421FBD10B500F059FA4042013010BD7E
S214012EE010B500F0BDFA002801DB002010BD01205E
S214012EF010BDC04610B500F0B3FA002801DD002071
S214012F0010BD012010BDC04610B500F067FA0028BC
S214012F1001DC002010BD012010BDC04610B500F038
S214012F205DFA002801DA002010BD012010BDC04660
S214012F30002B11D1002A0FD1002900D1002802D080
S214012F400021C943080007B4024802A140180290B4
S214012F5003BDC046650A000003B4684601B5029881
S214012F6000F04CF8019B9E4602B00CBC7047C04670
S214012F70F0B54FF6FF750400CE462C404746154087
S214012F800E002900994680B5130C0700000C61431A
S214012F904543584363430C0C5B19E4188C46A54221
S214012FA003D980235B0298464044230C61461B18D4
S214012FB04FF6FF7008404946564379432404891961
S214012FC02018C918C0BCB946B046F0BD9E2110B540
S214012FD0C905041CFFF7A2FF18B9201C00F044FC29
S214012FE010BD9E21201CC90500F07AFA00F03CFCB9
S214012FF080231B069C466044F2E7C046F8B5574658
S2140130004546DE464E460C00E0B5924605009B4618
S214013010170081468846002B52D1100000F0CEFCE6
S2140130200500A74200D871E060B1202349461B1A6B
S2140130302200D94082400B00134398464B468340FA
S214013040874099463C0CB8FBF4F24FF6FF7013002C
S2140130503840434321009C4643465143591A4B4648
S21401306009041B0C0B439C4509D9DB19511E9F42D1
S21401307000D967E19C4500D864E1023ADB19614654
S2140130805B1AB3FBF4F14C434E461B1B4FF6FF7421
S21401309048431B0434401C43A04200D9FCE0241AD8
S2140130A01004084300210A9B23B1EC401C60002356
S2140130B00A9A5360F0BCBB46B246A946A046F8BD84
S2140130C08B4207D90A9B13B10A9B186059600021ED
S2140130D00020EFE7180000F071FC0100002855D130
S2140130E0A34502D3AA4500D94AE15346EB1A5A46EC
S2140130F09D42AD41A41A6D42621B904601200A9A78
S214013100002AD7D0136043465360D3E7002800D087
S214013110CBE04FF6FF703B0C98460121E41B38408C
S214013120B4FBF8F302005A43944642465A43A41AA3
S2140131304A462404120C2243944507D9D2195C1E30
S214013140974202D8944500D91DE123006446121B1C
S214013150B2FBF8FC644666466043444674434E46FA
S214013160121B4FF6FF74120434401443A04208D9D0
S2140131706246E419013AA74202D8A04200D9F9E012
S2140131809446241A1804634618438CE720275B46A6
S21401319052463F1A8340FA401A43534694468340A8
S2140131A02A009A46FA4023008440224385409146ED
S2140131B06246FB40A846150CB3FBF5F04FF6FF74CC
S2140131C014400200624393462A0042439A1A4B4631
S2140131D012041B0C13439B4509D96344421E9C45AC
S2140131E000D9C5E09B4500D8C2E0023863445A4680
S2140131F09B1AB3FBF5F255434E465D1B4FF6FF7324
S21401320054432D0433402B439C4209D96344551E35
S2140132109C4500D9A8E09C4200D8A5E0023A634448
S214013220000410434FF6FF721B1B14000440A34614
S21401323054465E4622405643B1465E46050C240C73
S2140132406A43654374434E46360CB346A4185C4441
S214013250A24203D98022520293465D44220C4E4676
S21401326052194FF6FF7524043540641993426FD303
S2140132706CD00A9D75B145462C1BA045AD419B1AE5
S2140132806D425B1B1A00CC40BA40CB400A992243E0
S2140132900A604B6000210DE7E4194B1EA74253D884
S2140132A0A04251D90239E419F9E620224946121AF8
S2140132B02300D140D3400A004946874081408946D1
S2140132C0390C84408846B3FBF1F14FF6FF70224378
S2140132D00C0038404443A44644464C431C1B24047B
S2140132E0130C23439C4507D9DB194C1E9F423DD83E
S2140132F09C453BD90239DB1964461B1BB3FBF8FC22
S2140133009B46464663465E434FF6FF7A33005E466B
S2140133106446F31A564644431B04164033439C4204
S2140133200BD96246DB19013A9F421BD89C4219D938
S214013330022252429246DB19D4441C1B63460904FE
S2140133401943EDE60A009AE61900A8E6A04590D2D0
S2140133505546651BAC42A44164426444121B0138C5
S2140133602C0086E79446E8E72A0059E72100C3E7E0
S21401337010003CE7022252429046E419C44400E79A
S21401338000202B00BBE6023BD219DFE670B54200F7
S2140133904E024C0045026D0A120EC30F760A240E29
S2140133A0C90FFF2A0FD0FF2C0BD00120A24209D152
S2140133B0B54207D18B420FD022B92800431E98414F
S2140133C000E0012070BD0120FF2CFBD13543002D0C
S2140133D0F8D14B401800F5E70020F3E730B542007E
S2140133E044024D02C30F4800640A120E6D0A000E15
S2140133F0C90FFF2A12D0FF2807D0B2B938B90DB3CA
S214013400002C2AD14800013830BD1DBB0AB9002C5A
S214013410F8D08B4205D158000138F5E7D4B9FF281A
S21401342013D001205B421843EEE70028F9D08B4207
S214013430F7D18242F5DCEEDBAC42F2D80020AC429A
S214013440E2D2E8E7002CDFD0EBE71DB98B42E8D1EA
S2140134500020D9E702204042D6E78B42ECD0E0E7D5
S21401346030B5420044024D02C30F4800640A120EF2
S2140134706D0A000EC90FFF2A12D0FF2806D0AAB97E
S21401348030B915B344BB480001380EE065B90AB936
S214013490002CF8D08B4215D001205B42184304E083
S2140134A014B9FF28F8D19DB1022030BD0028F3D011
S2140134B08B42F1D18242EFDC04DBAC42ECD8002037
S2140134C0AC42F2D258000138EFE7002CEDD0E3E72A
S2140134D000208B42E9D0DFE78B42EED0DCE7C04626
S2140134E0F0B546464F46D64643025B0AC0B59C46F3
S2140134F01F00DE004B025A0A904645004A002D0E78
S214013500C40F120EC90F9B09FF2A25D00120414086
S214013510A81A8C420FD0002800DC8AE192BB002B4F
S21401352000D19CE0421E012800D14FE1FF2800D1C6
S2140135309BE010002CE0002800DC87E1002A00D187
S21401354082E0FF2D00D190E08022D20413431B2895
S21401355000DCEAE001363FE02800FF388246002B17
S21401356054D140F20109484641408C4200D1C4E0A2
S2140135705046002800D187E00C00002D4CD0FF20DB
S21401358000273AE0FF2D00D16FE08022D2041343DA
S21401359001221B2807DC2021091A1A008B40C24091
S2140135A0591E8B411A43B61A73016AD5B601B7097B
S2140135B0380000F003FA05388740854200DD7EE0DA
S2140135C020223B00401B0130121A3E009340C640A9
S2140135D05A1E934100251E43730704D00F23334020
S2140135E0042B00D0043673013AD5681CFE2DC6D0D4
S2140135F09B4BC0B233409B015F0AC0053843E407CA
S2140136002043E0BCBA46B146A846F0BD8C4264D021
S214013610D0B3002D00D0A3E0FF20F6B1471E01284D
S21401362000D1E1E00C00FF2800D1CDE001211B2FE5
S21401363007DC2020C01B31008640F940701E864101
S214013640314315005E1AAFE74BB1421E012800D187
S214013650A0E0FF2809D0100079E70C001E00050045
S214013660F3089C46FF2D00D09BE06346002B00D15B
S21401367085E780276346FF031F437F02FF207F0AFB
S214013680BBE77307AAD1EBE7FE206A1C10421AD1EA
S214013690002D77D1002E00D1AAE00020002BACD05F
S2140136A08022F71AD204174200D1BBE001249B1BEB
S2140136B00C4013429FD06A4A013013409BE7684E84
S2140136C02D1A3E4088E7F71A7A0157D4002F00D00A
S2140136D06EE70024002000278FE780B1002D73D10C
S2140136E0FF20002EBAD0411E012853D0FF286BD0F0
S2140136F01B296EDD15005E1C6EE7514659BBFE2187
S2140137006A1C114233D1002D50D1002E00D186E023
S2140137100020002B00D170E7F318DF087F027F0A34
S2140137205B0100D469E7012067E72021091A1A0026
S2140137308B40C240591E8B411343F6187301A0D526
S2140137400135FF2D00D11AE70123464A334076089A
S21401375016401E4340E7002D00D010E7FF20C0E7CB
S2140137600C00C44681E7FE216A1C0A42CDD0FF2A1E
S21401377000D104E7F618150076082DE701249F1BF3
S2140137800C4015E7E6BB002B45D180270024FF201F
S214013790FF0332E7F61802257301D5D4F3089C46D9
S2140137A0012563465F027F0AE8B226E766B1002B71
S2140137B000D15EE78023DB039C4500D259E798459C
S2140137C000D356E7C44654E7C4464EE70125F61A29
S2140137D0EAE630002025C840691A8E40711E8E41E7
S2140137E006431500F618A9E70C0001259E1BDBE62B
S2140137F0002B00D16DE70124474600200C40FCE673
S214013800002B00D135E78023DB039C4500D230E74F
S214013810984500D32DE70124C4460C4029E74746C6
S2140138200020EAE617B1BF017F0AE6E6002400277A
S214013830E3E6002800D127E7571B3800002D00D10A
S214013840EBE68020C0040C000643EFE600288AD091
S214013850511B0DB9080044E78020C004064347E722
S214013860FFFFFFFBFFFFFF7D41024200C30F490A36
S2140138700020120E7E2A03DD9D2A02DD094A9818D1
S2140138807047802000040143952A07DC9620821A9F
S214013890D1404842002BF3D10800F1E7963A914017
S2140138A0F7E7C046FFFFFF7F70B598B1C317C5188D
S2140138B05D40C40F280000F081F89E2301001B1A0A
S2140138C0962B0FDC082831D008398D406D026D0A21
S2140138D0D8B202E0002400200025C0052843E407F2
S2140138E0204370BD992B15DC421F95402A00150018
S2140138F010480540560709D00F263240042A05D045
S21401390004356A0102D59F2305405B1AAD016D0A95
S214013910D8B2E2E70522121A2800D0400A001B326C
S21401392095402A00551EAA410243E0E76D02962003
S2140139306D0AD2E7FFFFFFFB70B5040070B100F01F
S2140139403DF803009E20C01A96280CDC082B2DD0CB
S214013950083B9C406402640AC0B201E000200024D7
S214013960C005204370BD992814DC5A1F94402200DC
S21401397010490A40650709D00F252C40042C05D0B4
S2140139800432540102D59F200A40C01A9201540AFB
S214013990C0B2E5E71A0021001B3291400A00511E11
S2140139A08A410521C91ACC401443E0E764029620F7
S2140139B0640AD5E7FFFFFFFB7047C0461C210123C1
S2140139C01B04984201D3000C10391B0A984201D3FC
S2140139D0000A08391B09984201D30009043902A2DA
S2140139E0105C40187047C046040302020101010141
S2140139F00000000000000000002310B50400036072
S214013A004360836081814366C28103614361836150
S214013A10190008225C3000F0B9F90B4B246263628E
S214013A200A4BA3620A4BE3620A4B23630A4B9C428E
S214013A3005D00A4B9C4202D0094B9C4203D1200080
S214013A40583000F009FA10BDF53C01001D3D01009B
S214013A50553D0100813D0100B06A0020186B002031
S214013A60806B002010B5034A0349044800F06AF849
S214013A7010BDC046344000207D4101004440002076
S214013A8041680B4B10B50400994201D000F076FB5B
S214013A90A168084B994202D0200000F06FFBE16854
S214013AA0054B994202D0200000F068FB10BDC046CD
S214013AB0B06A0020186B0020806B002010B5094BFF
S214013AC0094A04211A6009480022FFF795FF0122DE
S214013AD009210748FFF790FF022212210548FFF748
S214013AE08BFF10BDE86B0020653A0100B06A00202C
S214013AF0186B0020806B002010B5024800F0ADF96D
S214013B0010BDC046F16B002010B5024800F0A6F9C2
S214013B1010BDC046F16B002010B50400FFF7ECFFA6
S214013B20236A13B1FFF7F0FF10BD044B2362044B69
S214013B301B68002BF6D1FFF7C1FFF3E7813A0100BE
S214013B40E86B0020F7B51400002600900191A568E7
S214013B506768013F04D52468002CF8D13000FEBD0B
S214013B60AB89012B08D90E22AB5E013304D02900A4
S214013B700098019B984706436835EAE710B5034B62
S214013B8001001868826800F089FB10BD40400020E3
S214013B90F0B51D00554B85B01E6804000F0000925D
S214013BA026B1336A13B93000FFF7B6FF009B022B2C
S214013BB005D0012B00D996E0002D00DA93E0636E64
S214013BC0DB0705D4A3899B0502D4A06D00F045F957
S214013BD02100300000F0D2FA616B41B1230044337A
S214013BE0994202D0300000F043F9002363630023BA
S214013BF0A3616360A3891B0603D53000216900F029
S214013C0037F9A3893A4A1340A381009B022B60D05F
S214013C1003AB2100300002AA00F0D8FAA3890343BF
S214013C20A3812DBB029D280000F06AF901950700CB
S214013C30002848D1029B0193AB423ED101256D423B
S214013C400C22A35E02221A43A2810022A260220055
S214013C504732226022610122616E6261114204D103
S214013C609B0502D4A06D00F0F9F8280005B0F0BD60
S214013C70002FD8D0336A13B93000FFF74DFF009BF1
S214013C80012B03D1A389009A1A43A2810C22A35EB9
S214013C9008221900276027616561114013421CD074
S214013CA0DA0718D500226D42A260A561626ED207BE
S214013CB001D49B0513D50025D7E7019800F020F91C
S214013CC007000028BAD08023A289019D1343A3814F
S214013CD0D0E70025B4E7A560E8E7A160E6E7A06DB8
S214013CE000F0BCF8E7E701256D42BEE74040002042
S214013CF05CF3FFFF70B50C000E25495F00F082F8FB
S214013D00002803DB636D1B18636570BDA389024A37
S214013D101340A381F9E7C046FFEFFFFFF8B51F0088
S214013D208B8905000C001600DB0505D50E23C95E40
S214013D300022022300F054F8A389054A2800134004
S214013D40A38132000E23E15E3B0000F06DF8F8BD62
S214013D50FFEFFFFF70B50C000E25495F00F040F83D
S214013D60A389421C03D1054A1340A38170BD41F2C9
S214013D7000021343A3816065F8E7C046FFEFFFFF2B
S214013D8010B50E23C95E00F01BF810BD03008218A3
S214013D90934200D1704719700133F9E730B5050039
S214013DA010005AB10024013A2B5D085D834204D10C
S214013DB0944202D00134002BF6D1181A30BD00000F
S214013DC0002370B5054D040008002B6000F0DAFBF7
S214013DD0431C02D12B6803B1236070BDEC6B00203D
S214013DE070B50400080011001A000023044D2B6072
S214013DF000F0B7FB431C02D12B6803B1236070BDF2
S214013E00EC6B002070B50400080011001A000023B6
S214013E10044D2B60F9F7D6F9431C02D12B6803B188
S214013E20236070BDEC6B002070B504000800110023
S214013E301A000023044D2B60F9F7B6F9431C02D192
S214013E402B6803B1236070BDEC6B0020014B186832
S214013E507047C046404000207047704770470023B7
S214013E6010B59A4200D110BDCC5CC4540133F8E7BA
S214013E7070B505000C0079B1043C2368002B00DA0C
S214013E80E418280000F0E8F81C4A13682BB96360B0
S214013E901460280000F0E8F870BDA34208D9206835
S214013EA021188B42F3D119685B6809182160EEE787
S214013EB01A005B680BB1A342FAD911685018A042E8
S214013EC00BD120680918501811608342E1D1186897
S214013ED05B68411811605360DBE7A04202D90C23EE
S214013EE02B60D6E7206821188B4203D119685B68DE
S214013EF00918216063605460CBE7C046F86B002068
S214013F0010B5034B0100186800F026F810BDC04636
S214013F104040002070B50F4E0D003168040011B905
S214013F2000F0A8FA30602900200000F0A3FA431C34
S214013F3003D101256D42280070BD0323C51C9D4396
S214013F40A842F8D0291A200000F094FA0130F2D1E4
S214013F50EFE7C046F46B0020F7B50322CB1C934372
S214013F60083305001F000C2B34D20C27B94233D876
S214013F70384E280000F070F833681C00002C2FD152
S214013F8039002800FFF7C6FF0400431C5FD13468E0
S214013F900094009B002B4AD1002C52D023682800A5
S214013FA0E3180099019300F065FA019B834248D11A
S214013FB023682800FF1A3900FFF7ACFF013040D014
S214013FC02368DB19236033685A68002A33D1009BC3
S214013FD0336019E0002BC9DA0C232B600020FEBDEC
S214013FE02168C91B20D40B290AD9E2192760A342EC
S214013FF004D1326063681160536005E05A60F9E7E6
S2140140006268A3420ED13260280000F02DF820002D
S21401401007220B30231D9043C21A9842DFD01B1A89
S214014020A350DCE75A60EFE723006468A6E7009C2C
S21401403063680093ADE71A005B68A342FBD10023D7
S214014040DAE70C2328002B6000F00EF8C6E70760BD
S214014050DAE7C046F86B002010B50248FFF7FDFE10
S21401406010BDC046F06B002010B50248FFF7F6FE03
S21401407010BDC046F06B0020F7B50C228B5E050024
S2140140800C001A0753D44A68002A02DC0A6C002A7C
S2140140904BDDE76A002F48D0002241F200002E686F
S2140140A02A601A00216A0240034230D0626DA38959
S2140140B05B0705D56368D21A636B0BB1236CD21A02
S2140140C000232800E76A216AB847A289431C06D163
S2140140D029681D2944D8284BCB40DB0740D500234F
S2140140E0636023692360D20404D5431C01D12B6885
S2140140F003B96065616B2E60B9B123004433994200
S21401410002D02800FFF7B4FE002363630DE001230D
S2140141102800B8470200431CC9D12B68002BC6D023
S2140141201D2B01D0162B1AD12E6000201EE00E6921
S214014130002EFAD00F680E60BA1B019200229B0770
S21401414000D14A69A260019B002BEEDDA36A320012
S2140141501F002800019B216AB847002807DCA289B6
S2140141604023012013431BB2A3814042FEBD019BA5
S21401417036181B1A0193E6E7010040200B6970B55B
S21401418005000C0013B90025280070BD18B1036A9C
S2140141900BB9FFF7C1FC0C22A35E002BF3D0626EB5
S2140141A0D20704D49B0502D4A06DFFF756FE280063
S2140141B02100FFF761FF636E0500DB07E4D4A389E6
S2140141C09B05E1D4A06DFFF749FEDDE770B50E0053
S2140141D01D000E23C95E140096B000290CDAB289C0
S2140141E08023110019401A4214D140F200430020E6
S2140141F02960236016B070BD6A4600F019F90028E0
S214014200EDDB4FF2000301991940044BC9184B42EC
S2140142105941EAE700214023E9E7C04600E0FFFFF5
S214014220F0B502268B8905000C0085B0334207D015
S21401423023004733236023610123636105B0F0BD8A
S21401424003AB02AAFFF7C2FF029F019039002800C4
S214014250FFF782FE40B90C22A35E9A05EED4032234
S21401426093431E43A681E3E78023A289206013437C
S214014270A381039B206167615BB128000E23E15E89
S21401428000F0E8F828B10323A2899A43023B1343BE
S214014290A381A389019A1343A381CFE770B50600D2
S2140142A00D00140018B1036A0BB9FFF735FC636EF5
S2140142B0DB0705D4A3899B0502D4A06DFFF7CDFDCE
S2140142C0A368013BA360002B05DAA269934212DBC7
S2140142D0EBB20A2B0FD023685A1C22601D70EDB278
S2140142E0636EDB0705D4A3899B0502D4A06DFFF797
S2140142F0B5FD280070BD29002200300000F002F84C
S2140143000500EDE7F8B506000D00140018B1036AC4
S2140143100BB9FFF701FCA369A360A3891B0701D5AD
S214014320236943B92100300000F02AF818B10125AD
S2140143306D422800F8BD23692068EFB2C01A636990
S214014340EDB2834205DC21003000FFF717FF00289D
S214014350EDD1A3680130013BA36023685A1C22609B
S2140143601F706369834204D0A389DB07E1D50A2D58
S214014370DFD121003000FFF701FF0028D9D0D6E7B2
S2140143802A4B70B5050018680C0018B1036A0BB902
S214014390FFF7C2FB0C22A35E1A0722D4DA0607D463
S2140143A009222A60402201201343A381404237E0BC
S2140143B05B0712D5616B41B123004433994202D0A9
S2140143C02800FFF755FD002363632422A389934346
S2140143D0A38100236360236923600823A289134312
S2140143E0A38123695BB940F2802140F20022A389B0
S2140143F00B40934203D021002800FFF711FF0C2247
S214014400A35E01211A000A400B420AD00022A260D4
S21401441062695242A261226900200AB91A06C1D411
S21401442070BD990700D46269A260F4E7404000209D
S214014430002370B5064D0400080011002B6000F043
S214014440E9F8431C02D12B6803B1236070BDC04656
S214014450EC6B0020002370B5054D040008002B60AE
S21401446000F0E5F8431C02D12B6803B1236070BD50
S214014470EC6B0020002370B5054D040008002B608E
S214014480FEF7D4FC431C02D12B6803B1236070BD38
S214014490EC6B0020094B10B50400186818B1036ACC
S2140144A00BB9FFF739FB0020132C06D8044BE400A8
S2140144B0E358013301D0024BE01810BD4040002004
S2140144C0FC6B0020F8B50400FFF7C0FC13260500BE
S2140144D00027301C391CABBE061C2E602000F8BD20
S2140144E010B5431C01D1FFF7EDFF10BDF7B50C0069
S2140144F01600FFF7CFFF050038B9FFF7A7FC092321
S2140145000360012464422000FEBD022E03D9FFF79A
S2140145109DFC1623F4E7012E12D14368E418F6D465
S2140145206F462B680A2600937C60301C391CABBE94
S214014530061C3000FFF7D4FF0028E2DB6C60E2E7E0
S2140145400368022EECD16F4600930A36301C391CE4
S214014550ABBE061C3000FFF7C3FF24180130DFD1C5
S214014560CFE710B5FFF7C2FF10BD37B502240190A3
S21401457001AD201C291CABBE041C2000FFF7B0FFB8
S2140145803EBD000070B50500FFF784FF040030B99A
S214014590FFF75CFC092303600120404270BD013D2A
S2140145A0012D09D8094B9A681B699A4204D1012347
S2140145B05B4203600020F1E72068FFF7D6FF002882
S2140145C0ECD101235B422360E8E7C046FC6B002088
S2140145D070B50C00FFF75EFF050030B9FFF736FC3B
S2140145E0092303600120404270BD42F20003626865
S2140145F00C261343636040F20043A364301C291C5D
S214014600ABBE051C2800FFF76BFF431CEAD02061F8
S2140146100020E9E770B50C000500582200212000B3
S214014620FFF7B4FB28002100FFF7D2FF70BD70B57D
S214014630FFF730FF0924050020B9FFF707FC0460E7
S214014640002070BD201C291CABBE041C2000012CC0
S214014650F7D0FFF7FBFB132504000026281C311CAE
S214014660ABBE051C2560EBE70D0A00425553590009
S2140146704E4F20414E53574552002A4D43555057F1
S214014680523A556E6578706563746564206265613B
S214014690636F6E206361736520280029002A4D43ED
S2140146A0555057523A556E65787065637465642047
S2140146B070696E67736C6F74206361736520280080
S2140146C02A4D43555057523A556E65787065637456
S2140146D06564206D756C746963617374736C6F7453
S2140146E020636173652028002A4343413A002A5417
S2140146F0583A002A52583A002A52465057523A57C8
S21401470061726D536C656570002A52465057523A75
S214014710436F6C64536C656570002A52465057525D
S2140147203A5374616E646279002A52465057523A7F
S21401473057616B6575702066726F6D20436F6C6490
S214014740002A52465057523A57616B65757020667B
S214014750726F6D205761726D002B5258004C6F526C
S214014760617C5346004257004746534B7C002A4320
S214014770757254696D653A002A42434E5F457674F8
S21401478054696D653A002A42434E5F456E6C4F662A
S214014790663A002A42434E5F5354696D4572723A37
S2140147A0002A42434E5F4C61737452783A002A42A3
S2140147B0434E5F4C61737453797354696D3A002AA2
S2140147C042434E5F4E657874527841646A3A002AD5
S2140147D0504E473A552C002A504E473A4D2C002051
S2140147E04C6F52612053616D706C65204170702072
S2140147F05665722E002000554E4B4F4E574E5F4564
S21401480056454E545F494E464F5F53544154555397
S21401481000554E4B4E4F574E5F535441545553001F
S214014820303A554E434F4E4649524D45445F4441FA
S214014830544100313A434F4E4649524D45445F4438
S21401484041544100313A4F54414100303A414250BF
S21401485000303A434C4153535F4100313A434C4197
S21401486053535F4200323A434C4153535F43003047
S2140148703A455538363800313A55533931350036D0
S2140148803A41533932332D47726F757031003232E7
S2140148903A41533932332D47726F757032003233D5
S2140148A03A41533932332D47726F757033003234C3
S2140148B03A41533932332D47726F757034003330B5
S2140148C03A41533932332D4A6170616E00313A41B3
S2140148D044525F454E41424C454400303A414452B1
S2140148E05F44495341424C454400303A5253534980
S2140148F05F44495341424C454400313A525353496F
S2140149005F454E41424C454400313A444359434C7D
S214014910455F454E41424C454400303A4443594375
S2140149204C455F44495341424C454400535441541D
S21401493055535F4F4B00534552564943455F554EBD
S2140149404B4E4F574E004652455155454E43595FC3
S214014950494E56414C494400444154415241544504
S2140149605F494E56414C494400465245515F414EBF
S214014970445F44525F494E56414C4944004E4F5F96
S2140149804E4554574F524B5F4A4F494E4544004C93
S214014990454E4754485F4552524F5200524547498B
S2140149A04F4E5F4E4F545F535550504F52544544EF
S2140149B000534B49505045445F4150505F44415469
S2140149C04100445554594359434C455F524553544D
S2140149D0524943544544004E4F5F4348414E4E456D
S2140149E04C5F464F554E44004E4F5F465245455F1D
S2140149F04348414E4E454C5F464F554E4400425546
S214014A0053595F424541434F4E5F524553455256B7
S214014A1045445F54494D4500425553595F50494EF0
S214014A20475F534C4F545F57494E444F575F544965
S214014A304D4500425553595F55504C494E4B5F43C7
S214014A404F4C4C4953494F4E00434C4153535F42E0
S214014A505F4552524F520043525950544F5F455290
S214014A60524F520046434E545F48414E444C4552C5
S214014A705F4552524F52004D41435F434F4D4D41AA
S214014A80445F4552524F5200434F4E4649524D5F86
S214014A9051554555455F4552524F52004D435F476C
S214014AA0524F55505F554E444546494E4544004D7C
S214014AB041435F4552524F5200524144494F5F466F
S214014AC041494C00524144494F5F504152414D4586
S214014AD05445525F494E56414C49440054585F5420
S214014AE0494D454F5554005258315F54494D454F35
S214014AF05554004E4F5F524553504F4E534500524A
S214014B0058315F4552524F52005258325F45525209
S214014B104F52004A4F494E5F4641494C004A4F4961
S214014B204E5F4E4F4E43455F4641494C00444F57FA
S214014B304E4C494E4B5F52455045415445440054F6
S214014B40585F44525F5041594C4F41445F53495A54
S214014B50455F4552524F5200414444524553535FBC
S214014B604641494C004D49435F4641494C004D552D
S214014B704C5449434153545F4641494C00424541D8
S214014B80434F4E5F4C4F434B454400424541434FD4
S214014B904E5F4C4F535400424541434F4E5F4E4F7C
S214014BA0545F464F554E44002B5245534554002BF7
S214014BB0564552002B53415645002B4C4F4144005D
S214014BC02B444556455549002B434C415353002B26
S214014BD044455641444452002B4E45544944002B0B
S214014BE0415050455549002B4150504B4559002BDB
S214014BF04143544D4F4445002B53454E44002B4DE5
S214014C0054595045002B4A4F494E002B52454749AF
S214014C104F4E002B53454E44484558002B414452B5
S214014C20002B52535349002B52583144454C41599D
S214014C30002B4452002B4C494E4B43484B002B460D
S214014C40504F5254002B444359434C45002B444586
S214014C505654494D45002B43484445464D41534B18
S214014C60002B4445564E4F4E4345002B4150504E67
S214014C704F4E4345002B444F574E46434E54002B50
S214014C80555046434E54002B4E574B534B455900F7
S214014C902B415050534B4559002B42434F4E4143F5
S214014CA051002B504E47534C494E464F002B424322
S214014CB04F4E54494D002B504E47534C5045524988
S214014CC04F44002B47454E4150504B4559002B440D
S214014CD0454255470041434B5F524543454956457A
S214014CE044004E4F5F41434B002B52435644004A0B
S214014CF04F494E5F4143434550544544004A4F494E
S214014D004E5F4E4F4E43455F4641494C4544004A2F
S214014D104F494E5F4641494C4544004C5746563331
S214014D202E313000417661696C61626C6520726576
S214014D3067696F6E206861766520746F20626520F2
S214014D407365742077697468202B524547494F4E26
S214014D5020636F6D6D616E642E00526164696F2011
S214014D6064726976657220696E697469616C697AC4
S214014D706174696F6E206973206661696C65642E63
S214014D8000506172616D657465727320666F722082
S214014D904D616320496E697469616C697A617469F1
S214014DA06F6E2061726520696E76616C69642E0093
S214014DB02B42434F4E52435644002B42434F4E4ED6
S214014DC04F52435644002B42434F4E4C4F535400D0
S214014DD0000000003349010004000000034B0100FD
S214014DE0070000006B460100080000007046010045
S214014DF0560000002D090000000000000000000021
S214014E004154002B090705030001020008060405AA
S214014E100000000201000304841E0000093D00009A
S214014E20127A000024F4000048E8010090D0030044
S214014E3020A1070000000000B12800006151000019
S214014E40C3A20000581B0000983A00001879000021
S214014E5030F2000048E8010090D0030020A10700CE
S214014E600000000010270000204E000028A00000CF
S214014E700400000048E801000500000090D003008F
S214014E8006000000382007000300000030F2000092
S214014E900A00000028A000000200000018790000A7
S214014EA009000000204E000001000000983A0000B2
S214014EB0080000001027000000000000581B00003A
S214014EC0040506030A0209010800000000000000AC
S214014ED01F000000C01200001F000000A8160000FE
S214014EE017000000841C00000F000000E4250000ED
S214014EF01E000000B42D0000160000000839000056
S214014F000E0000002C4C00001D000000685B000035
S214014F1015000000747200000D0000005898000093
S214014F201C00000034B7000014000000E8E4000094
S214014F300C000000783101001B000000686E0100C3
S214014F401300000034CA01000B00000028620200B2
S214014F501A00000040DB0200120000003C93030030
S214014F600A000000C0C204001900000060B305007A
S214014F7011000000382007000900000020A10700EA
S214014F800000000021260000A5140000051C0000FA
S214014F90BD14000009210000F1200000251C0000BE
S214014FA0C11E0000E914000041250000BD180000E4
S214014FB0011500001515000091190000511500009B
S214014FC069150000B1150000E1140000D9140000B5
S214014FD0411500003115000085180000AD1B0000CA
S214014FE0B9150000F5150000451900002915000047
S214014FF0C1170000D517000099220000111A000001
S214015000011B00001D1800004D180000611400006F
S214015010C9390000C194C10000000000F8EFF70094
S21401502000000000E44971331CE68D3301000000E6
S2140150300B000000100E0000000000000000000041
S21401504000000000000000000A0000000000000050
S214015050083E7233F8F18C33010000000B000000AB
S214015060100E00000000000000000000000000001C
S214015070000000000A0001000000000064CE8F332B
S214015080DCACBB33010000000B000000A08C00006C
S214015090000000000000000000000000000000000A
S2140150A0640000000000000088C29033B8B8BA332C
S2140150B0010000000B000000A08C000000000000B2
S2140150C00000000000000000000000006400010075
S2140150D0000000002495BD339CD4C43301000000B9
S2140150E00B000000A08C0000000000000000000083
S2140150F00000000000000000640000000000000046
S2140151004889BE3378E0C333010000000B0000007D
S214015110A08C00000000000000000000000000005D
S2140151200000000064000100000000008443C83352
S2140151305CFCCD33010000000B000000100E0000E7
S2140151400000000000000000000000000000000059
S2140151500A00000000000000A837C9333808CD3324
S214015160010000000B000000100E0000000000000F
S2140151700000000000000000000000000A0001001E
S21401518000000000E4F1D2332CDAD4330100000031
S21401519018000000407E050000000000000000002E
S2140151A00000000000000000E8030000000000000E
S2140151B008E6D33308E6D3330100000018000000E8
S2140151C0407E050000000000000000000000000016
S2140151D000000000E803010000000000C485D7338A
S2140151E05C31DA33010000000B000000A08C0000E7
S2140151F000000000000000000000000000000000A9
S2140152006400000000000000E879D833383DD93347
S214015210010000000B000000A08C00000000000050
S2140152200000000000000000000000006400010013
S21401523002000000E4BE8A36DC334F37010000006E
S2140152400D00000080EE36000000000000000000A7
S21401525000000000000000006400000002000000E2
S21401526008B38B36B83F4E37010000000D00000032
S21401527080EE360000000000000000000000000084
S214015280000000006400010003000000240AD73675
S2140152909CE80237010000000D00000080EE360099
S2140152A000000000000000000000000000000000F8
S2140152B0640000000300000048FED73678F401378A
S2140152C0010000000D00000080EE36000000000026
S2140152D00000000000000000000000006400010063
S2140152E004000000E4BE8A361C64E43601000000B7
S2140152F00D00000080EE36000000000000000000F7
S214015300000000000000000064000000040000002F
S21401531008B38B36F86FE336010000000D0000007D
S21401532080EE3600000000000000000000000000D3
S2140153300000000064000100050000006443A93677
S214015340DC21D536010000000D00000080EE36009D
S2140153500000000000000000000000000000000047
S2140153606400000005000000805CAB36C008D33640
S214015370010000000D00000080EE36000000000075
S21401538000000000000000000000000064000100B2
S21401539006000000A461C435DC334F37010000006D
S2140153A01E00000080EE3600000000000000000035
S2140153B000000000000000001027020006000000A8
S2140153C0103EC73570574C37010000001E00000024
S2140153D080EE360000000000000000000000000023
S2140153E0000000001027030009000000C03DDF3662
S2140153F040F70937400D03000D000000A00F000024
S2140154003200000088130000B0FF00003C93030048
S214015410102700000900000080040D3700285037CF
S214015420400D03000D000000C8000000020000004F
S214015430E8030000B0FF00003C930300E80300000F
S2140154400900000060C4E036E013F336801A060057
S2140154500D000000A00F00003200000088130000BD
S214015460B0FF0000382007001027010009000000E7
S214015470E048FF3660A14E37801A06000D00000096
S214015480C800000002000000E8030000B0FF0000B2
S21401549038200700E803010009000000A0D1E33628
S2140154A0A0700837801A06000D000000A00F00004B
S2140154B03200000088130000B0FF0000382007000B
S2140154C01027010009000000208B0E3720944B376F
S2140154D0801A06000D000000C8000000020000004F
S2140154E0E8030000B0FF000038200700E8030100D1
S2140154F00A000000C03DDF3640F70937400D0300C3
S2140155000D000000A00F00003200000000000000A7
S214015510000000000000000064000000070000001A
S214015520D855010001000000CC550100060000001E
S21401553084550100060000003C55010001000000F2
S2140155400700000020A1070001000000080000007D
S21401555020A10700010000000900000020A10700AB
S214015560010000000A00000020A107000100000061
S2140155700B00000020A10700010000000C00000045
S21401558020A10700010000000700000048E8010014
S214015590010000000800000048E8010001000000CA
S2140155A00900000048E80100010000000A000000B0
S2140155B048E80100010000000B00000048E8010077
S2140155C0010000000C00000048E801000100000096
S2140155D00700000090D00300010000000700000053
S2140155E048E80100010000000800000048E801004A
S2140155F0010000000900000048E801000100000069
S2140156000A00000048E80100010000000B0000004D
S21401561048E80100010000000C00000048E8010015
S2140156200000000050C30000A86100000000804197
S2140156300000804100008041000080410000804160
S214015640070507070707050707070000C0CA8936C9
S21401565000285037C03DDF3640F70937C0CA8936C3
S21401566000285037C0CA893600285037C0CA893644
S21401567000285037000000000000000040771B00A3
S21401568040B56400E0065A0002020202020202026B
S21401569002020202020202030202020202020304E0
S2140156A003020202020204050403020202020506C4
S2140156B005040302020206070605040302020707A1
S2140156C007060504030207070000000000000102A8
S2140156D001000000000002030201000000000304B4
S2140156E00302010000000405040302010000050690
S2140156F00504030201000607060504030201070765
S214015700070605040302070700000B357DF2F2F2D7
S21401571033337373F2F2F2F248E8010048E801000D
S21401572048E8010048E8010048E8010048E80100AF
S21401573090D00300000000000C0B0A09080707328E
S21401574000EA0637000000005000000040F7093765
S214015750000000005000000033333373F2F2F2F21F
S21401576048E8010048E8010048E8010048E801006F
S21401577048E8010048E8010090D00300000000005E
S2140157800C0B0A0908070732A027BE3300000000E9
S21401579050010000E034C133000000005001000059
S2140157A02042C43300000000500100000B357DF29A
S2140157B0F20000003581F2F2F2F200000A09080850
S2140157C00B0A09080C0B0A090D0C0B0A0D0D0C0B24
S2140157D048E8010048E8010048E8010048E80100FF
S2140157E020A10700000000000000000000000000EB
S2140157F020A1070020A1070020A1070020A1070083
S21401580020A1070020A10700000000000000000002
S2140158100A090807080000000C0B0A09080700001F
S214015820080A0C0D0E10121415181A1B1D1E212421
S214015830000101017D00FA00F401000003000000F0
S214015840EA6400200604000004000000F064002062
S2140158500408000008000000F464002004060000AC
S21401586010000000F8640020A00A0000E0FF03001A
S214015870B86500201C0C00002C4901006B46010095
S21401588036490100CA4A010046490100584901004B
S214015890694901007D4901008F4901009C490100C9
S2140158A0B1490100C2490100D7490100E849010098
S2140158B0FE490100184A0100334A0100494A010025
S2140158C0574A0100644A0100774A0100884A0100EC
S2140158D09C4A0100AF4A0100B94A0100C44A0100CE
S2140158E0114801002C490100034B0100DC4A01006C
S2140158F0E74A0100F34A0100FF4A0100094B010093
S214015900134B01001D4B01002D4B01003F4B0100C5
S214015910584B0100654B01006E4B01007D4B0100A9
S2140159208B4B0100974B0100F747010001E3000094
S214015930000000000000000006000000A84B010067
S21401594000000000B5E100000000000004000000B7
S214015950AF4B01000000000000000000EDE1000078
S21401596005000000B44B0100B5E700000000000090
S214015970B5E7000005000000BA4B0100F3E40000A3
S21401598095EE00000000000007000000C04B01007B
S21401599099E9000045EF0000000000000600000045
S2140159A0C84B01008DE80000B5EE000000000000C5
S2140159B008000000CF4B0100CDE80000D5EE000046
S2140159C00000000006000000D84B010029E5000099
S2140159D0FBEE00000000000007000000DF4B0100A6
S2140159E05FE50000B1E100000000000007000000D4
S2140159F0E74B0100F7E100001DEF0000000000008A
S214015A0008000000EF4B010025E800000000000040
S214015A100000000005000000F84B010061E30000F3
S214015A206DEE00000000000006000000FE4B0100C5
S214015A3001E800000000000001E800000500000089
S214015A40054C010067E6000079EF00000000000049
S214015A50070000000B4C0100D9E90000000000001F
S214015A600000000008000000134C010045EA000099
S214015A70D9EF000000000000040000001C4C0100EB
S214015A8035E20000F9EF000000000000050000000C
S214015A90214C010089EA000019F100000000000015
S214015AA009000000274C0100D5EA00002BF1000098
S214015AB00000000003000000314C0100000000005F
S214015AC00000000019EB000008000000354C010042
S214015AD0DBE600003DF100000000000006000000CB
S214015AE03E4C010055EB000021F0000000000000D4
S214015AF007000000454C0100000000000000000007
S214015B009DEB0000080000004D4C0100BBEC0000BE
S214015B1075E20000000000000A000000564C01007B
S214015B203DED000069F000000000000009000000E3
S214015B30614C010087ED000089F0000000000000C4
S214015B40090000006B4C0100DDED0000AFF0000025
S214015B500000000009000000754C010025EE000061
S214015B60CFF0000000000000070000007F4C01009D
S214015B7019E90000FBE20000000000000800000038
S214015B80874C010059E90000F3E200000000000024
S214015B9008000000904C010000000000000000001A
S214015BA0D5EB000008000000994C01000000000041
S214015BB000000000F1EB00000A000000A24C01000A
S214015BC0000000000000000031EC000008000000AA
S214015BD0AD4C01006DEC00004FF10000000000002C
S214015BE00C000000B64C010097E50000F7E200004B
S214015BF0000000000A000000C34C0100CFE50000D1
S214015C0049F000000000000006000000CE4C010034
S214015C104C574656332E3130050001000000000077
S214015C20000000000000000000000000000000006E
S214015C30000000000000000000000000000000005E
S214015C40000000000000000000000000000000004E
S214015C50000000000000000000000000000000003E
S214015C60000000000000000000000000000000002E
S214015C700100010000000000010000010700000013
S214015C80000000000000000000000000000090047A
S214015C9050660020205E0100F05F010005020D0144
S214015CA0030000004FD1000000000000B05C0100BE
S214015CB000000000000000000000000000000000DE
S214015CC009020000000400050006000700000000AD
S214015CD000000000E9DF000000000000E05C0100B9
S214015CE000010000304000200F00FFFF0000000010
S214015CF0FFFF00000000000002000000000000009E
S214015D00220000300000000000000000000000003B
S214015D10000000000000000000000000000001007C
S214015D20030000000080000000020300A9DB000061
S214015D3000000000385D0100600000010000000165
S214015D400000000000F000000300000000780000E2
S214015D500102000039DE000000000000605D010065
S214015D606000000100000001000801020B010101B2
S214015D70010000000100000000000000000000001B
S214015D80B1D40000000000008C5D0100000000009E
S214015D9000001040020000000008000000000000A3
S214015DA0100000001C6700204506000000000000EF
S214015DB0B45D0100B85D0100DC670020C45D010030
S214015DC05460010001000000ED0E0100000000001B
S214015DD040670020030A000000081040020000008F
S214015DE00008000000000000100000001C680020F1
S214015DF02107000000000000FC5D0100005E0100BC
S214015E00DC6800200C5E0100546001000100000007
S214015E10ED0E01000000000040680020030A0000AB
S214015E20360000002C5E01000000000005000000A6
S214015E30000000000000000001000000000000005B
S214015E400200000000000000030000000400000043
S214015E5004000000040000000A0000000400000026
S214015E600B000000040000000C000000040000000D
S214015E700D000000040000000E00000004000000F9
S214015E800F000000000001040001000000000104F2
S214015E9001010000000001040201000004000000EE
S214015EA003010000000000000401000004000000DF
S214015EB005010000040000000601000004000000C7
S214015EC007010000000001000801000000000105B4
S214015ED009010000000001050A010000040000009D
S214015EE00B010000040000000C010000050000008A
S214015EF00D0100000000000000020000000000008C
S214015F00010200000500000004020000004000003D
S214015F100502000004000000060200000400000064
S214015F200702000004000000080200000400000050
S214015F300C020000040000000D0200000000010039
S214015F400003000000000000010300000040000004
S214015F500203000004000000030300000400000028
S214015F600403000005000000000400000500000016
S214015F700104000004000000020400000500000007
S214015F8003040000040000000704000004000000F1
S214015F9008040000040000000904000004000000DA
S214015FA00A040000040000000B04000004000000C6
S214015FB000050000040000000105000004000000C8
S214015FC002050000040000000D09000004000000A6
S214015FD00E090000040000000F09000005100F1153
S214015FE01E1C1E1A1201020F0013000000030000FF
S214015FF05D200100DD1E0100712001007D200100F1
S214016000911F0100D51F0100E51E0100311F01008F
S214016010591F0100791F0100B91F0100011F01006E
S214016020151F0100010000002C6001000000104057
S214016030FF0F1040000400000100000001000000F6
S2140160404460010000000000FFFF0100000800009E
S2140160500400000049240100AD2501000D260100C1
S2140160601525010085210100A92201005921010001
S21401607075210100792101007D210100092501001A
S2140160808524010081210100C7220100A121010010
S214016090A5210100C3220100A9210100AD210100B3
S2140160A036E0014038E0014090E4014032E0014032
S2140160B080E40140010002000800100020000000FA
S2140160C04275696C7420776974682052656E6573D1
S2140160D0617320416476616E63656420466C657801
S2140160E069626C6520536F667477617265205061D2
S2140160F0636B6167652076657273696F6E20362EF5
S214016100322E3000362E322E3000000000000206FD
S208016110F8B5C046D2
S208016114F8B5C046CE
S2080161185105000027
S20801611C2105000053
S20C016120DCCEFF7F0100000048
S8040000C536
