S02500004C6F726157616E507269766174654C6F5261436F6D626F53616D706C652E73726563B0
S214000000A84C0020550200009D6C0100556E0100B2
S214000010556E0100556E0100556E0100556E0100CB
S214000020000000000000000000000000556E010007
S214000030556E010000000000556E01001907010012
S21400004000000000000000009163010000000000B6
S21400005000000000000000000000000091630100A6
S214000060000000000000000000000000DD68010045
S214000070000000000000000000000000000000007B
S2140000800000000000000000A96001000000000061
S214000090000000000000000000000000000000005B
S2140000A0000000000000000000000000000000004B
S2140000B000000000355E01000000000000000000A7
S2140000C000000000DD12010000000000000000003B
S2140000D0000000000000000000000000615B01005E
S20C0000E0C95A01000D5B010086
S2140000E8010000001801000002000000F8000000EF
S2140000F800400020004000200000104000000203DE
S21400010800400020A4400020400400000000010336
S214000118C04C0020DC6F00200000000330B585B01E
S2140001280400092240F29F2001A910F0F0FD6B465A
S2140001381D79002301A8AB4214D1032B10D86946B9
S2140001485A1C0A716A465B00210A0532D1546A466F
S2140001580632D45440F29F20092201A910F0BAFDB5
S21400016805B030BD01004278897812025218023074
S2140001789442F5D00133DBB2DDE710B5074C102208
S2140001880021200017F004FE10F00EFE10B913230D
S214000198E372237302F000FF10BDC046704F0020C4
S2140001A810B50024214B1860214B22485C701C7047
S2140001B802F08CFD200002F063FD012002F09DFA9B
S2140001C82100200002F062FC2000042102F078FBE7
S2140001D84FF6FF7123002200080002F004FB40F6E9
S2140001E8AC00FFF79BFF40F68900FFF797FFFFF785
S2140001F8C4FF114800F0CEFF104800F0CBFF1049AE
S2140002080D4800F097FF0F490C4800F093FF0E4B7F
S2140002181C7002F0F9FC80B2033400B904004FF6F3
S214000228FF7002F0CDFE200010BDC046684F0020CB
S2140002386C4F0020F1150000584E0020444E002058
S21400024891140000AD140000804F002010B500F097
S2140002582FF814F0F1FDFEE7F8B5060000240C2789
S214000268124D2B68A34204D80024AB68A3420ED8CC
S214000278F8BD3A0062436B689B185A7AB24204D1BA
S21400028805CB0021121A17F083FD0134E8E7EB6866
S21400029822019B185A7BB24205D118685A68996899
S2140002A8121A17F0DEFD0134DFE7C046E80000004A
S2140002B870B50025154B164A00209A6014F0A8FD64
S2140002C816F054FC012014F0A3FD0020FFF7C4FF2D
S2140002D816F0D8FB16F0AEFC022014F099FD0120AB
S2140002E8FFF7BAFF0B4C0C4BE41AA410A54205DB2B
S2140002F816F046FD002016F0ABFD70BD064AAB00B2
S2140003089B181B6898470135F0E7C04600ED00E0EB
S2100003180000000000AE0100FCAD01007B
S208000400FFFFFFFFF7
S208000404F7AFC1FF89
S214000440E84C0020204E0020FF0100000B000000BA
S2140004500000000000000000010000003820070037
S2140004603C9303000101008182800184858302871A
S2140004708886038A8B890408078D01000100000026
S214000480FFFF208B010000000000000003000000BA
S214000490F06D00205840002000000000F06D0020A5
S2140004A0586E0020C06E0020000000000000000013
S2140004B00000000000000000000000000000000037
S2140004C00000000000000000000000000000000027
S2140004D00000000000000000000000000000000017
S2080004E00000000013
S2140004E844F2A40044F2A403C2F20000C2F20003DD
S2140004F810B5834205D040F20003C0F2000303B1F2
S214000508984710BD44F2A40044F2A403C2F20000C7
S214000518C2F200031B1A9A10D90F8918491010B591
S21400052829B140F20003C0F2000303B1984710BD9A
S21400053810B544F6C044C2F20004237873B9FFF736
S214000548CFFF40F20003C0F200032BB140F2084090
S214000558C0F2000000E000BF0123237010BDC046B3
S21400056840F20003C0F2000310B54BB144F6C44194
S21400057840F20840C2F20001C0F2000000E000BFEE
S214000588FFF7C0FF10BDC046F7B505000E000E48C1
S2140005980E49019215F070F8040060B90C4F32004D
S2140005A838702900019B084814F099FF040010B918
S2140005B83B78002BFCD0044814F0DAFD0443634271
S2140005C85C41E0B2FEBDC0461C6B002044A9010099
S2140005D8DD4C0020F7B507000E001048104915003E
S2140005E815F04AF8040078B96B4639000B4801AA9A
S2140005F814F0ADFD040038B9009BAB420CD32A00BA
S2140006083000019917F02DFC044814F0B1FD04439E
S21400061863425C41E0B2FEBD0324F5E71C6B002094
S21400062844A9010010B50949094815F025F8040041
S21400063820B90100064815F009F80400044814F02B
S21400064897FD204343425841C0B210BD44A901005B
S2140006581C6B00200122014B1A707047DD4C0020ED
S214000668F7B505000E000E480E49019215F004F87D
S214000678040060B90C4F320038702900019B084806
S21400068814F02DFF040010B93B78002BFCD004486A
S21400069814F06EFD044363425C41E0B2FEBDC04602
S2140006A81C6C00208CA90100DC4C0020F7B5070064
S2140006B80E0010481049150014F0DEFF040078B943
S2140006C86B4639000B4801AA14F041FD040038B9FE
S2140006D8009BAB420CD32A003000019917F0C1FBEF
S2140006E8044814F045FD044363425C41E0B2FEBD95
S2140006F80324F5E71C6C00208CA9010010B50A49F4
S2140007080A4814F0B9FF040008B10E2804D10021E5
S214000718064814F09BFF0400044814F029FD204303
S21400072843425841C0B210BD8CA901001C6C002081
S2140007380122014B1A707047DC4C00200022034B44
S2140007489A560AB901321A707047C046E44C00201F
S2140007580022014B1A707047E44C0020034B00201F
S2140007681A780AB1187001307047C046184D002034
S214000778024B1878431E9841C0B27047184D0020A7
S21400078810B5034B1B689B780BB117F0EBF910BD3F
S2140007980040002070B52C4B04001B785BB283B178
S2140007A82A4800F0C3FA60B9284800F01BFB050089
S2140007B840B1082C05D1254800F0DFFA2000FFF7E5
S2140007C8DFFF70BD2300613B192B06D8203CE4B23E
S2140007D821001E4800F017FB30E00A2C06D00D2C2E
S2140007E81AD0082C23D0202CEBD0F1E7210017488C
S2140007F800F009FB2000164CFFF7C2FF2378002BF9
S214000808DFD0124800F0B9FA104800F0B6FA012214
S214000818104B25701A70D4E721000C4800F0F3FA44
S2140008282000FFF7ADFF0122094B1A70C9E70748F9
S21400083800F0CFFA28B9054800F09FFA2000FFF725
S2140008489FFF0022024BF0E7E44C00200C4D0020EE
S214000858DE4C0020184D00200320024B1B6818565B
S2140008687047C0460040002010B50A4C2368DB7865
S21400087813B1094810F0DBFD142223689988074B4A
S2140008884A431B689B18186910F0D1FD044810F0FD
S214000898CEFD10BD0040002084860100E04C0020FC
S2140008A8A188010010B50E4B1B685C78082C16D082
S2140008B8DB7813B10B4810F0BAFD230034B10123DE
S2140008C8042C03D00333072C00D1023B064ADB0076
S2140008D89B18586810F0ABFD024810F0A8FD10BD34
S2140008E80040002084860100C092010010B502482E
S2140008F810F09DFD10BDC0468486010010B51C0092
S214000908094B1A6070B100290CDD0A00010007487F
S21400091800F001FA064A074BD4801A6000231360D9
S21400092800F0A6F810BDC046E04C00200C4D002094
S214000938E84C0020004000200022024B1B681A806A
S2140009487047C0460040002083B270B50400064DCC
S214000958012B04D8FFF7F0FF2B68DC7070BD40F25F
S21400096800422B681A80F9E70040002040F2014256
S214000978014B1B681A8070470040002070B5284855
S21400098800F0D4F920B10220264B1B68187070BD01
S214000998234800F016FAFFF7E9FF214800F019FA95
S2140009A8040058B91E4800F0CBF91F4BE3181B7813
S2140009B85BB283420FD10134042CF3D1FFF772FFE8
S2140009C8174800F002FA164800F0ACF90020154B5C
S2140009D81B681856DBE7E4B2124B022C04D0032C33
S2140009E819D1FFF7A9FFE9E72B2807D00C4800F034
S2140009F8E2F901000D4800F07CF9DFE71B680848BB
S214000A08DD880B4B1C6800F0D6F929000200200090
S214000A1800F0C0F8D2E700221B681A70CEE7C0467E
S214000A280C4D002000400020F0920100E0920100EA
S214000A38E04C0020014B1B681870704700400020EF
S214000A48014B1B681878704700400020014B1B6854
S214000A585870704700400020014B1B68988070470C
S214000A6800400020014B1B68988870470040002013
S214000A7810B5054B186800F0DEF91422034904483F
S214000A8800F052FA10BDC04604400020194D002060
S214000A98304D002010B5024B186800F0FEF910BD66
S214000AA804400020002370B50360013B0B80074B11
S214000AB8050018680C0000F0C9F930B143682B60CF
S214000AC80822835E238000F017FA70BD04400020D9
S214000AD810B5044B186800F0B9F900B910BD00F05D
S214000AE80BFAF6E704400020C0B20300303BDBB246
S214000AF8092B01D858B270470300413B052B02D892
S214000B08373840B2F7E701204042F4E7002310B533
S214000B18C2560AB918B210BD5C1C8A42FAD0230025
S214000B28F6E70000F7B500220400030001910092E2
S214000B3800269E578EB9009B9E420CDA200001992B
S214000B48FFF7E4FF124F051E13DC386800F0A5F91E
S214000B5808B1FFF7BDFF0020FEBD019A964202D0FD
S214000B6801229A561AB9009A013252B200920133FB
S214000B78DEE70023235400F099F901360581446026
S214000B8801000135386800F079F9641976B2D2E7C1
S214000B9804400020F0B5050085B00120160003913A
S214000BA8FFF748FF0420FFF751FF00230193019B3E
S214000BB8039A934201DB05B0F0BDAC89002C3DD00A
S214000BC822003100286917F0EBF8029038BB6B4614
S214000BD8002798883419FFF73FFFE7573D2F07D0BF
S214000BE83F2F31D0002F43D00220FFF723FF16E017
S214000BF80123E3569BB12C21601CFFF793FF0520C9
S214000C08FFF718FF2B6843B1300098470400029896
S214000C18FFF710FF2000FFF719FFFFF759FFFFF750
S214000C280FFF0028C7D0FFF70BFF0528C3D0FFF734
S214000C3807FF022802D10138FFF7FCFE019B143596
S214000C4801331BB20193B2E7647864B2002CE6D194
S214000C580520FFF7EFFE6B68002BE0D030009847C2
S214000C6807002000FFF7E6FE3800FFF7EFFED6E79E
S214000C780520FFF7DFFEAB68002BD0D03000984782
S214000C8804003800FFF7D6FE2000EEE7C3B21A00CD
S214000C98303A0120092A06D900200522413BDBB25A
S214000CA89A424041C0B2704770B505000E00002455
S214000CB82B5720B203B970BDB342FCD01800FFF71B
S214000CC8E5FF01340028F3D109204042F3E710B5C8
S214000CD80400FFF7E9FF012804D100202056FFF79B
S214000CE803FF10BD431C01DA40B2FAE70120404278
S214000CF8F7E710B504000023E3564BB100228A56E6
S214000D089A4206D1481C0021FFF7E1FF636898471E
S214000D1810BD0834EFE720B1002382800360C3804B
S214000D288160704708B10023036070470300002005
S214000D382BB106201856013843425841C0B27047B6
S214000D4870B50500C0B10023C45E0222835E002091
S214000D58A34211D02800FFF7E9FF04216B5E013497
S214000D6894FBF3F102004B43A968E31AC85CCC185D
S214000D781BB202B922702B8070BD70B50400C8B1D2
S214000D880223C55E0022835E0020AB4212D02000FC
S214000D98FFF7CCFF0300002063B9A268505D5355E7
S214000DA80222A35E0421625E013B93FBF2F14A43F2
S214000DB89B1A638070BD18B10022835E8068C018D5
S214000DC8704708B101238371704708B10023837107
S214000DD870470022835E0222805E181A43425841FA
S214000DE8C0B270470222835E0421425E013393FB41
S214000DF8F2F14A439B1A0022805E1BB2C01A434295
S214000E085841C0B2704770B504000D0090B1FFF7A6
S214000E18E9FF78B92000FFF789FF58B90222A35ED8
S214000E280421625E013393FBF2F14A439B1AA268DF
S214000E386380D55470BD002303607047006820B1F6
S214000E48030000680028FBD11800704703000068FC
S214000E5808B102681A60704703682BB18B4204D148
S214000E680B68036000230B6070471A001B68002B92
S214000E78FAD09942F9D10B681360F3E770B505000C
S214000E880C00FFF7E9FF002328002360FFF7D6FFD2
S214000E9808B92C6070BD0460FCE70368002003B93D
S214000EA8704701301B6800B2F9E70000F0B5104B38
S214000EB81B785BB21800B3B100200E4A0823D15E37
S214000EC8814210DD55680A23D65E2B0010685C1B2D
S214000ED824B2A64207DD0027DF575C1C27B9013974
S214000EE8118101221A70F0BD23000C30EFE7C046CE
S214000EF8304E0020244E002010B570B1094A0A234F
S214000F08D45E002311689C4207DD814206D1118910
S214000F180131118100215268D15410BD01331BB232
S214000F280C31F0E7244E0020002310B5074CE3569A
S214000F3853B9002A08DD38B131B1054B186059603D
S214000F481A815A810123237010BDC046304E0020F6
S214000F58244E002010B50FF015FD10BD37B506ACB1
S214000F682478079D009401950FF012FD37BD10B543
S214000F780FF016FD10BD10B50FF028FD10BD0000CF
S214000F8882B013B5C918059305AB9C88A21840F221
S214000F98E73493B212B2A24203DD054A01319B1828
S214000FA81AB20160828016BC08BC02B01847C04658
S214000FB818FCFFFF82B013B5C91A059305AB9B88CA
S214000FC8D21A93B214B2120404D540F2E8329B182F
S214000FD801391CB20160848016BC08BC02B01847F0
S214000FE81FB50023009002AC03A801910293A380CA
S214000FF80FF0DCFF009BA288181A6B469B889B1A8A
S2140010089AB219B21B0404D540F2E833D218013854
S21400101811B2024B186099801FBDC046344E00209E
S21400102813B500236A46040001A8938000930FF0C6
S214001038BDFF0A4B40F2E7311A689B8880186A465B
S21400104892889B189AB21BB28B4203DD044B013080
S214001058D3181BB22060A380200016BD344E002093
S21400106818FCFFFF37B500236D46040001A800935F
S214001078AB800FF09BFF2300009006CD06C3200030
S2140010883EBD00000C4B13B51A689B88801AC91A17
S2140010988BB20CB2090404D540F2E8329B1801382A
S2140010A81CB240F2E8320023002115F055FF22005A
S2140010B8E317801859411CBD344E002070B5150042
S2140010C8190040F2E83200230400280015F024FF37
S2140010D840F2E8310A4A4143136892881B1840F2E6
S2140010E8E7305219521A91B212B2824203DD054A0B
S2140010F801338A1812B220002360A28070BDC04651
S214001108344E002018FCFFFF020010B5014B12CB2E
S21400111812C210BD344E00200022054B10B5040044
S21400112800681A700FF096FE206010F067F810BD81
S214001138404E00200023036043600372C1600361D1
S2140011487047000070B5124C236843B10022012591
S2140011581A601A720023206858B903B1206070BD5F
S214001168C1682B00026911B122608847F2E71000B7
S214001178F2E70268002AF3D03BB9037A002BEED1D7
S21400118801230372FFF7C8FFE9E72060F5E7C046CA
S2140011983C4E0020F7B52F4D040001A80FF09CFA2E
S2140011A82A78531CDBB22B700AB90FF0B9FA2A4E0C
S2140011B801A80FF096FA336803B16CB901A80FF0CE
S2140011C88BFA2B78013BDBB22B700BB90FF0B8FA11
S2140011D801A80FF086FAF7BDA3422ED1237A13B3DF
S2140011E80FF004FF2768002433688C4619691C72C0
S2140011F8A9B13A00316023003E002700644502D1B9
S214001208824200D90600921BBB4116000B680800F4
S2140012189B190B6001230B72FFF77EFFCEE7316048
S2140012280FF046FECAE723692BB1216833601A68B7
S21400123852181A60C2E73360C0E71A001B69002B11
S214001248BCD09C42F9D1236921681361002BEED1EA
S214001258B4E7C046806600203C4E0020054B1B685D
S2140012680BB918007047834201D01B69F8E70120C4
S214001278F8E7C0463C4E0020F0B587B0040005A845
S2140012880FF02AFA40490A78531CDBB20B700AB9E9
S2140012980FF046FA05A80FF024FA24B12000FFF74D
S2140012A8DDFF009078B105A80FF016FA364A1378D5
S2140012B8013BDBB213700BB90FF042FA05A80FF02A
S2140012C810FA07B0F0BD6368304D23602968009BAC
S2140012D8237239B921610123200023722C60FFF79D
S2140012E81BFFE0E7087AF0B10FF080FE2B68009F3E
S2140012F81E683B003200B94202D1864200D902007D
S214001308B61A9F4100960197019B26682F6813B965
S214001318009BB3420BD927B1009B9E1B00233E605F
S2140013283B722761D7E70B6801900093ECE73D69AD
S2140013382DB9009BF61A26603C612561B3E728683C
S2140013480199009A019B8018594109B9864208D22A
S214001358009B009AF31A23602B689B189B1B2B6034
S214001368EAE72B6923B9361A26602C6123619AE7C7
S2140013781A682F000292002203921D00029A039B0D
S21400138800900191DFE7C046806600203C4E0020B2
S21400139870B50D000400FFF7FDFE2560656070BDA2
S2140013A810B50FF0FFFD10BD10B50FF00AFE10BD0A
S2140013B870470000F7B50D0000240190CAB10F4F22
S2140013C8260097FBF2F78C4215D801D1874212D82F
S2140013D83A0033002900019815F09EFD04003A00F3
S2140013E833002900019815F097FD1A43531E9A41B9
S2140013F8A4182000FEBD0024F1E7C04640420F00B6
S21400140810B544781CB9013444700FF089FF10BD3C
S21400141810B50FF08FFF10BD10B50FF0A9FF10BD67
S214001428154B00B5185C0A2823D815F01DFD1E16A6
S2140014381612060D22221A161200002001230B3956
S2140014488B424041C0B203E00C394B425941C8B206
S21400145800BD002002230A39F2E7002003230939D9
S214001468EEE7002004230839EAE7002005230739B9
S214001478E6E70020ECE7C046B0930100014B188869
S2140014887047C0466E4F0020002010B501F0F8FBEC
S214001498034B1B6813B15B6803B1984710BDC04681
S2140014A8684F0020002010B501F0EAFB034B1B68CC
S2140014B813B1DB6803B1984710BDC046684F0020DB
S2140014C8012310B511B10FF022FC0023180010BD3F
S2140014D8012310B511B10FF0FDFB0023180010BD55
S2140014E810B50FF061FC0D23012800D00A3B180048
S2140014F810BD000010B501F05FF803000020082BAF
S21400150801D8014AD05C10BDFF92010010B5054B0A
S21400151804005B7B0BB101F05FFF200001F096F939
S21400152810BDC046704F002010B50FF004FC10BD6B
S21400153810B50FF0E3FB10BD10B5044B5A7B012322
S21400154812B101F0D7FE0300180010BD704F00203E
S21400155810B5042001F0E0FB0220FFF7FBFC0EF0BC
S21400156867FD10BD10B5034B987A01F089FB0EF0A5
S21400157897FD10BD704F002010B501F0B3FC10BDEC
S21400158840F28010002310B51A00010001F02BF974
S21400159801F0C2FC10BD000070B540F2E8360E4BF4
S2140015A805005B7B0C00564383B9280001F04EF912
S2140015B820000FF0EDFB01F0BDFC31000748FFF7F7
S2140015C8E7FE0648FFF758FE002070BDC0B202F0DE
S2140015D86FF90028E9D0F8E7704F0020584E002031
S2140015E810B501F06DFA10BD10B572B6BFF34F8F87
S2140015F8BFF36F8F0FF064F90122044B1A7062B6BE
S214001608BFF34F8FBFF36F8F10BDC046804F0020CB
S214001618F0B585B072B6BFF34F8FBFF36F8F002259
S214001628654E33783270DBB262B6BFF34F8FBFF3C6
S2140016386F8F002B00D19FE001F0E5F804004FF60D
S214001648FF7001F014FB72B6BFF34F8FBFF36F8FB6
S2140016580FF0F8FB0500012802D10FF031F93570BC
S21400166862B6BFF34F8FBFF36F8F40230125234029
S2140016780193019A514B1A802C420BD05048FFF721
S21400168889FD280000F09EFF4E4B1B6813B11B68AF
S21400169803B1984702252C4244D04B4B1F78A7B974
S2140016A84A48FFF777FD012000F08CFF390040F626
S2140016B802100FF023FB40F644100FF03CFB0543E6
S2140016C8E9B240F644100FF019FB02ABDF1DFF220B
S2140016D839003F4801F02AFA3E4801F03BFA019BE0
S2140016E813B13D4B1B7A7BB1364B1B6863B19D68C3
S2140016F855B1384A39781378002B41D10823D35688
S2140017080620125E3248A8472F4B1B7853B100F0CC
S21400171853FF052806D1304B587A002835D00020CC
S21400172801F0C2FB019B2BB1264B1B6813B11B694A
S21400173803B1984723060AD5012000F043FF214B42
S2140017481B6823B19B6913B1E005C00F9847A40531
S2140017580FD500F031FF04281AD11948FFF71AFDF3
S214001768012000F02FFF174B1B6813B15B6803B10D
S21400177898470023114A13803078C0B205B0F0BDF0
S2140017881223D3561020125EBCE701F03BFBC9E7D4
S21400179800F012FF0528ECD10B4B1B782BB90B4831
S2140017A8FFF7F8FC012000F00DFF064B1B68002B26
S2140017B8DFD0DB68DBE7C046804F00206E4F002096
S2140017C8584E0020684F00209C500020444E0020B1
S2140017D8814F002080500020704F002010B5002058
S2140017E801F09AFA0220FFF7B5FB0EF03DFC10BD9B
S2140017F870B50F4B06005B7B0C00150093B93000E4
S21400180801F024F820000FF0C3FA01F0A1FB40F223
S214001818E83108486943FFF7BBFD0648FFF72CFD8B
S214001828002070BDC0B202F041F80028E7D0F8E703
S214001838704F0020584E002010B500F0BDFE040082
S214001848082809D10022074B5A701A7001F08EFB3F
S21400185820000EF03FFC10BD0028F9D101F010FA68
S214001868F6E7C0466C4F002010B500F073FF10BDB9
S21400187802001F205AB1012308490868824207D986
S2140018888868824204D8054ADB009B181879704796
S21400189801330831172BF0D11F20F8E7BC9301005D
S2140018A810B50A4B012807D1094AC73311700948F1
S2140018B8197001F099F810BD1A00BF321278002A84
S2140018C8F9D1034AC0331170F1E7C0466C4E0020C8
S2140018D808400020244F002070B51C4B05005B7B99
S2140018E80C0001201BB1280001F022FF50BB4DB3AD
S2140018F8002340F201211A00080000F074FF00F0EF
S214001908D9FF134B01281ED1C7331C70114801F0AC
S2140019186BF800222100280001F06CFA0E4B0F48E5
S2140019281968FFF735FD0D48FFF7A6FC00F0C2FF63
S214001938060001F02BFB230001002A0030000EF001
S214001948C3FA002070BDC033DFE7C046704F0020E2
S2140019586C4E0020244F0020A4500020584E002033
S214001968002340F2422110B504001A00080000F0D7
S2140019783AFF34B10A482100FFF70AFD0848FFF786
S2140019887BFC084B1B7833B1402000F023FF002077
S21400199801F08AFA10BD044B18688001F8E7C046C3
S2140019A8444E00209C500020A050002070B51B4DCF
S2140019B804006B7B33B96A7A4AB12000FFF7D0FF80
S2140019C8002003E001F064FF0028F4D070BD40F268
S2140019D842211300080000F006FF34B11048210029
S2140019E8FFF7D6FC0E48FFF747FC0E4E33788BB150
S2140019F8402000F0EFFE002001F004FA00F05AFF45
S214001A08050001F0C3FA22000100337828000EF022
S214001A18B7FAD5E7044B18688001EDE7704F002049
S214001A28444E00209C500020A0500020F7B5070028
S214001A380C000025C9B3364E01A80EF04DFE3278CC
S214001A48531CDBB233700AB90EF06AFE01A80EF01A
S214001A5848FE092F36D8380015F006FA050A292D4B
S214001A6831393F43475322782A4B1A7001250FE035
S214001A7816250422210001A816F0F3F9019A264B30
S214001A881968914241D0013DADB20833002DF7D117
S214001A9801A80EF021FE3378013BDBB233700BB998
S214001AA80EF04EFE01A80EF01CFE2800FEBD2278A1
S214001AB8184B1A72DAE72278164B5A72D6E723784A
S214001AC82F2B01D90025E3E7124AD372CEE72378F5
S214001AD82F2BF7D80F4A1373C8E722780D4B5A7383
S214001AE8C4E722780B4B9A72C0E70A4D23784FF664
S214001AF8FF70AF7BAB7301F063FA0028B6D1AF7303
S214001B08E0E72278034BDA73B0E7024B5A60ADE79A
S214001B1880660020704F0020BC930100F7B50700D0
S214001B280C00002679B3254D01A80EF0D5FD2A78BD
S214001B38531CDBB22B700AB90EF0F2FD01A80EF0AA
S214001B48D0FD0026092F11D8380015F08DF90509A3
S214001B581E2124272A2D3033194B1B78237004E0C6
S214001B6804222000174916F07CF9012601A80EF079
S214001B78B3FD2B78013BDBB22B700BB90EF0E0FD02
S214001B8801A80EF0AEFD3000FEBD0D4B1B7AE5E752
S214001B980B4B5B7AE2E70A4BDB7ADFE7084B1B7BEB
S214001BA8DCE7074B5B7BD9E7054B9B7AD6E7044B0C
S214001BB89B7BD3E7024BDB7BD0E7C04680660020E2
S214001BC8704F0020744F002010B504000B4B18709F
S214001BD8587000F015F854B1342140F240700FF0F8
S214001BE88DF8442140F241700FF088F810BD14219A
S214001BF840F240700FF082F82421F3E76C4F002083
S214001C08012010B500F048FE044B18785A78824236
S214001C1802D05870FFF7D8FF10BDC0466C4F0020A2
S214001C2810B5012806D0002000F036FE0022034B2F
S214001C385A7010BDFFF7E4FFFBE7C0466C4F002064
S214001C48F0B59BB0119320AB0B9204CB0D911B887B
S214001C5814920C9322AB1F8823AB1B780EAA0E9304
S214001C6824AB1B780500129325AB1B780F9326AB85
S214001C781B78159327AB1B78169349239B18DB7F95
S214001C8813934D239B18DB7F10938B4B5B7BBBB169
S214001C98109B0B9A0993139B00B20893169B029706
S214001CA80793159B06930F9B0593129B04930E9B15
S214001CB803930C9B0193149B0093119B01F094FBD8
S214001CC8109A7E4B1A70534253410E9A5B421F403D
S214001CD8FF2302B1129B7A4A1370F5B1012D00D189
S214001CE879E0109B28000993139B0B9A0893169B80
S214001CF80D990793159B029706930F9B0593129BC6
S214001D0804930E9B03930C9B0193149B0093119BC7
S214001D180EF0B2F800201BB0F0BD6A4C280000F0A8
S214001D28B7FC2300E8331D7023000B9AEC331A60C7
S214001D3823000B22F4330D981A70FFF799FD230041
S214001D48F533187023002200B8331D700C9BBA3286
S214001D58DB001380230041F60402BC331A802300FC
S214001D68BE3322001D7001230E99BF3259401170F0
S214001D7822005349C032097811700F9A02B1F13324
S214001D882200C132137023000122C233E8341A70CD
S214001D98FFF7E8FB2078431E9841C0B2FFF740FFE4
S214001DA8200000F0DDFD484800F01EFE08224749E6
S214001DB818A816F056F818A800F025FC40F2FF10F0
S214001DC800F04AFC41F640737B430B9AB3FBF2F3F0
S214001DD83F4A136085E73B4C002000F059FC23007F
S214001DE8E8331D702C226B469B181E782300F833A8
S214001DF80D9A1E70374B10009B5C0B99053E179387
S214001E08FFF70EFB0C9B012E06D86B460C9A1B8E12
S214001E180C2A00D20C239BB222001799F9321170B3
S214001E2822001199FA3211702200FB32107001223A
S214001E38254926000A702200C432138023000E9A11
S214001E48C6331A7023001E4AC7331278C9361A706A
S214001E5823000F9AC8331A70139BE8343370FFF7C1
S214001E6881FB2078431E9841C0B2FFF7D9FE2000B8
S214001E7800F076FD144800F0B7FDF8B200F011FC4B
S214001E883378042440F23670012B10D10EF053FF3D
S214001E98A043C1B240F236700EF030FF7B427B4161
S214001EA80D4A5B4213404FF6FF729B1890E70EF000
S214001EB842FF0443E1B2EDE7704F00209C5000203B
S214001EC8084000206C4E0020244F00200495010096
S214001ED8A0500020B09301000100FFFFF0B599B0B4
S214001EE80B931EAB109204CB0F911B780C92119398
S214001EF820AB1F8821AB1B7805000D9322AB1B78FF
S214001F080E9323AB1B78139324AB1B78149325AB43
S214001F181B781293764B5B7BA3B1269B00920893A3
S214001F28129B109A0793149B00B20693139B029772
S214001F3805930E9B04930D9B0393119B01930B9B98
S214001F4801F07AFA4DB1012D58D040F689000EF00E
S214001F58F2FE04210143C9B2A6E0664C0C9A23009F
S214001F68E8331D702300EC331A6023000B22F43389
S214001F780B981A70FFF77CFC2300F53318702300C3
S214001F88109AF0331A6023002200B8331D70BA3254
S214001F98FB001380230041F60402BC331A8023009A
S214001FA8BE3322001D7001230D99BF3259401170AF
S214001FB80E9A02B1F1332200C132137023000122B7
S214001FC8C233E8341A70FFF7CDFA2078431E9841DA
S214001FD8C0B2FFF725FE200000F0C2FC464800F01D
S214001FE803FD0822454916A815F03BFF16A800F081
S214001FF80AFB40F2FF1000F02FFBA6E73D4C30220C
S2140020082300E8331D706B469B181E782300F833B0
S2140020180B9A1E703A4B10009B5C0C99053E159364
S214002028FFF7FEF93B00012E03D80C2F00D20C2335
S2140020389BB22600159AF936327022001199FA32A8
S21400204811702200FB32107001222B490A70220000
S214002058C432138023000D9AC6331A702300294A07
S214002068C73312781A7023000E9AC8331A702300E2
S214002078129AC933E8341A70FFF774FA2078431EA8
S2140020889841C0B2FFF7CCFD200000F069FC1A4862
S21400209800F0AAFC3378062B00D056E740F68900F5
S2140020A80EF049FEFB21014040F689000EF026FEA0
S2140020B80F980EF06DFE269A134B28001A60129B96
S2140020C808920793149B109A0693139B0F990593EF
S2140020D80E9B029704930D9B0393119B01930C9BF5
S2140020E800930B9B0DF0DAFE002019B0F0BDC04639
S2140020F8704F00206C4E0020244F002004950100ED
S214002108B093010008400020A450002010B5FFF747
S21400211877FD00231A001900180000F064FB00F091
S2140021288FFE10BDF0B58BB0099106920593322B41
S21400213800D9B2E05B4C2600F536337808932300C6
S214002148F9331D7800231A001900180000F04BFB1D
S21400215800F0B0FB0790012859D1534B5E683EB992
S21400216833005249DA0052181168A9424BD1566812
S21400217827000025FFF7F6F90020FFF751FDE8379E
S21400218830003D70FFF774FB2300F53318703800F5
S21400219800F0E6FB2000B830057000F025FC40F2A1
S2140021A8E833059A09985A430592FFF7AFF940486D
S2140021B800F028FE0EF050FE050028000EF052FE35
S2140021C80028FAD000F07CFC069B05000027984201
S2140021D82FDA0EF041FE070000F072FC069B0500A1
S2140021E8984225DA38000EF03DFE6B469B8A9842E8
S2140021F8F2D300F065FC069B05000127834200DC4D
S2140022080027FFB215E001330A2BAAD1B0E7FFF783
S214002218A9F9254B586848B125000023E8352B70E6
S214002228FFF726FB3070280000F09AFB0026B6E77A
S2140022380027FFF797F9079B012B1FD1FFF7E0FC54
S21400224823002000089AF5331A70079BE8300370BD
S21400225800F086FB2000079BB830037000F0C4FB34
S214002268059B32000193069B0020009309992B00DA
S21400227802970DF0BDFD38000BB0F0BD0A4B5B6849
S214002288002BEDD02300089A2000F5331A7000239F
S214002298E830037000F064FBE2E7002635003700FC
S2140022A8DEE7C0466C4E0020704F002060930100A9
S2140022B8FFFFFF00F0B5514C87B02600059003914C
S2140022C8F536337802932300F9331B7804933229C2
S2140022D800D991E000231A001900180000F083FACC
S2140022E800F0E8FA464F0190012864D17D6845B9A8
S2140022F82B004449DA00521811680498814256D1D6
S21400230855680026FFF72EF90020FFF789FC3E4B9C
S21400231828001E70FFF7ACFA2300F53318703A4809
S21400232800F01EFB2000B830067000F05DFB059834
S214002338FFF7ECF87B7A3548002B4CD000F0B4FD5C
S21400234840F2E836039B5E430EF086FD0500280043
S2140023580EF088FD0028FAD00EF07EFD2C4D039076
S21400236800F0AEFB2B1C854200DA031C03981DB256
S2140023780EF078FDB3B29842F2D3FFF7F3F8019B5C
S214002388012B2BD1FFF73CFC23002000029AF533E3
S2140023981A70019BE830037000F0E2FA2000019BF7
S2140023A8B830037000F020FB280007B0F0BD0133FA
S2140023B80A2B9ED1A5E7FFF7D5F878680028B6D08F
S2140023C825000023E8352B70FFF752FA30702800F6
S2140023D800F0C6FAABE700F015FDB1E77B68002B06
S2140023E8E2D02300029A2000F5331A700023E83062
S2140023F8037000F0B5FAD7E7054DD5E76C4E002018
S214002408704F002060930100544F0020FFFFFF002C
S2140024180080FFFFF0B585B015000AAA17880BAA3A
S214002428019111780CAA14780DAA127848B10128DF
S21400243814D00125002040190138B0FBF5F005B08E
S214002448F0BD012340F2E8304B40FB185200DB0099
S21400245812191833D2009B185843ECE7043302933A
S2140024686B1F012B04D83B1C0C2F00D20C239FB2E9
S2140024781201E400A4184A4251411423AE0049420E
S2140024880B40A41BE418AB1E0393062D07D929009E
S21400249801980834FEF7C4FF08B1AB1E9E00E3435C
S2140024A8DB171C40A419013C94FBF6F6029B734309
S2140024B8DA1913000E33062D00D9023B084A019993
S2140024C8525C0A2A0AD803999B0001338B4040F2D3
S2140024D8E8305843034B9200D558ACE7FFDEC046B9
S2140024E8B093010008930100030000200A2B01D8CE
S2140024F8014AD05C7047C046F4920100F0B504006B
S2140025080E0085B018B30020012C51D1294D2B00A0
S214002518F9331878FFF7E8FF01002800C83000787C
S2140025282B002A00471EB841FA33F8321B78127877
S214002538039028000296C6300078C435461EB0417F
S2140025480190288800902000FFF764FF30E0194BC0
S2140025581A00EC3215681A00C13212780296013A4F
S214002568511E8A4103921A00BF321278BA3351427A
S2140025784A4101921B882A00DB08009301000300E9
S214002588FFF748FF41F65732012395420FD840F629
S214002598B732DB1895420AD840F2CF72013395421B
S2140025A805D840F2E7320433954200D9023B1818A2
S2140025B805B0F0BD6C4E0020014B18787047C04639
S2140025C809400020014B18707047C046094000209B
S2140025D810B5084B1A78082A08D840F24113D34099
S2140025E8DB0703D50EF042FB0EF0E4FB0EF034FBDF
S2140025F810BDC0460940002010B50A0001000020A2
S2140026080EF0A2FB10BD10B5010040F2C060082213
S2140026180EF060FB002010BD07B5064B01A91B781D
S21400262840BA088023B9022240F2BC600EF052FB82
S21400263807BDC046B550002007B5064B01A91B7854
S21400264840BA088023B9022240F2BE600EF042FB70
S21400265807BDC046B550002010B50C4B04001B78CB
S2140026689BB940F2B8600EF066FB01220100230A0F
S21400267891431340C9B240F2B86019430EF03EFBCE
S21400268840F2B960E1B20EF039FB10BDB55000203B
S21400269807B56B46D91D087001229F200EF0F2FA86
S2140026A807BD73B5031C0400F82804D949F20C5377
S2140026B8C0F201031B780133DBB25B100025DEB2E3
S2140026C81F2B02DD0336B608013532006B000133D6
S2140026D89A4013006A46D3716B460122A020D91D82
S2140026E80EF0D0FA44B16B46F600A919C9B240F20A
S2140026F80670D9710EF002FB73BD07B56B46D91D7F
S2140027080870012296200EF0BDFA07BD07B56A4686
S214002718031CD11D58069A06C00FD20F520180011D
S2140027281043DA07D20F1043DA06D20F120110430D
S2140027381A07D20FD20010435A07D20F9B079200EF
S214002748DB0F10435B0018430870012289200EF047
S21400275899FA07BD07B5104B01A9984206D90F4B41
S2140027680B80022298200EF08DFA07BD0C4B98427B
S21400277801D90C4BF4E70C4B984201D90B4BEFE709
S2140027880B4B984201D90B4BEAE70B4B9842E8D91A
S21400279846F66B73E4E7C04600E9A435E1E9FFFFB7
S2140027A880F8A932D7DBFFFF8044E52DC1C5FFFFBF
S2140027B8000B6B1B7581FFFF40FC541913B501AC69
S2140027C820706170A270210004229520E3700EF03C
S2140027D859FA13BD07B56B46D91D08700122932018
S2140027E80EF050FA07BD13B56C4652BAA2800822FE
S2140027F840BA49BA208061805BBA69461000E38017
S2140028080EF040FA13BD13B501AC022221001220C7
S2140028180EF04DFA208840BA80B216BD07B56B4652
S214002828D91D087001229D200EF02CFA07BD07B5A9
S2140028380B00072201A910401A0C08704A705BBAF0
S214002848042297204B800EF01DFA07BD37B5104BB3
S214002858104D18602B7804001BB9FFF77BFF012387
S2140028682B7043F60951B4FBF1F20B0041F6846075
S2140028785343E31A9B031B18B3FBF1F392039B180D
S2140028881BBA0422862001A901930EF0FBF937BD76
S214002898AC500020A850002007B56B46D91D044B45
S2140028A80870187001228A200EF0ECF907BDC046A1
S2140028B8B5500020014B18787047C046B550002028
S2140028C837B504000D000EF069FA0200012826D17B
S2140028D8030000210F2C08D10620FFF76FFF231CEA
S2140028E85AB20E2A0CDD0E230AE00420FFF766FF14
S2140028F8231C1134F4DA49F20D53C0F201031B7895
S21400290818215CB240F6E7000EF0F8F96B46022292
S2140029188E2001A95D711C710EF0B4F937BD40F622
S214002928D8000EF008FA1E210143C9B240F6D800B6
S2140029380EF0E4F90123002207210420FFF73EFFEA
S214002948231C093407DA49F20E53C0F201031B7838
S21400295838215CB2D6E75AB2162AF9DD1623F7E70D
S21400296813B5040008220021684615F011FA1C4B1E
S21400297820781B78834201D0FFF78EFF237813B1A7
S214002988012B28D013BD6268164B6946B3FBF2F3D9
S21400299843F609501A0C0A701A0A4A708B70237B81
S2140029A8A268CB70637B0B71B2FBF0F103004B435C
S2140029B8D31A41F684629B039B18B3FBF0F3890392
S2140029C85B1869461A0C4A7108225BBACB808B20C2
S2140029D80EF058F9D6E72369042269460093F6E70D
S2140029E8B55000200000093D30B5040085B001ADA3
S2140029F809220021280015F0CBF9224B20781B78F5
S214002A08834201D0FFF748FF23781BB1012B2BD058
S214002A1805B030BD637AF12B1AD14FF6FF70FFF779
S214002A28FBFD48F20500FFF707FE02236288A1882F
S214002A3852BA2A80227A6980AA710922E188EB7143
S214002A48A980A37A2B7229008C200EF01BF9DFE7E9
S214002A58F22BEBD141F60F50FFF7DEFD41F22100D5
S214002A68FFF7EAFD0623E1E7A389074A5BBA2B804E
S214002A78A37B1370AB70E37B0622EB70238AAB80D4
S214002A88E1E7C046B5500020B450002007B56B46B5
S214002A981871597102228F2001A90EF0F3F807BDAC
S214002AA8002110B50A00C0200EF001F90721021116
S214002AB843100A400B4012015800104310BD000096
S214002AC813B501AC0122210015200EF0F0F8064BD4
S214002AD822781B7852085BB29B1A181C803301DADE
S214002AE84FF6807000B216BD704F002037B505004F
S214002AF80C000222132001A90EF0D9F8094B1B7806
S214002B08012B0CD1084B1B78012B08D140F2027020
S214002B180EF011F96B4628705B79237037BD6B464B
S214002B281879F7E7B5500020B4500020F7B56B4683
S214002B380C00DF1D0500390020001600FFF7D6FF41
S214002B4822780120B24204D8387829000EF00EF90F
S214002B580020FEBD37B5040001AD0322290014206D
S214002B680EF0A5F8254B1B7823704BB1012B24D00B
S214002B781B220021601C15F00BF90F2323701BE0A5
S214002B8800222B7823711E4B9A566B7892B25B08FC
S214002B98D31A191C1BB2803301DA4FF680712181D3
S214002BA8AB785B08D31A1A1C1BB2803301DA4FF6CF
S214002BB880720023E280E36037BD0022104B9A56ED
S214002BC82B7892B25B08D31A191C1BB2803301DA31
S214002BD84FF6807101232182EB5602339B10A374B3
S214002BE8AB785B08D31A1A1C1BB2803301DA4FF68F
S214002BF88072044BA2821B68A361DDE7B5500020F3
S214002C08704F0020B0500020002313B501AC2100FF
S214002C180222172023800EF04AF80123627851100A
S214002C28100019409940184008439110194089002F
S214002C380843D1101940C900084311111940090169
S214002C48084351111940921149011A40084392014C
S214002C581043227813401B02184316BD002307B5FD
S214002C68022201A907200B800EF00CF807BD07B555
S214002C78022201A940BA088010000EF003F807BD2A
S214002C8807B56B46D8710E48FEF784FA0D48FEF76E
S214002C9881FA6B460122D91D80200DF0F3FF6B46A2
S214002CA8DA79094B4AB9013220201A70FFF792FDEB
S214002CB84FF6FF70FFF7DBFF07BD02221A70F7E733
S214002CC8584E0020444E00200940002010B504004D
S214002CD80DF0ACFF20000DF089FF0DF0C7FF0020B7
S214002CE8FFF7CEFF0DF090FF0EF064F80120FFF717
S214002CF895FD0122044B1A700023044A1370044AF7
S214002D081370044A136010BD09400020B550002017
S214002D18A8500020AC50002013B5041CFFF7C0FED6
S214002D2860230340202B02D00020FFF7A9FF0EF0F7
S214002D3881F86B46A207D91D6307DB0FD20F520036
S214002D489B001343E207D20F1343842001220B7023
S214002D580DF098FF04210B00074A2340214202D0B9
S214002D680023137013BD08211170044A1370044A17
S214002D781360044AF5E7C04609400020A850002022
S214002D88AC500020B550002037B50EF00DF888B9C5
S214002D986B460122D91D80300A70074D0DF072FF70
S214002DA8064B40F61110E97A5C6CA04740F6121004
S214002DB8297BA04737BDC046704F00207494010099
S214002DC813B504220400094B09481A70FEF7E2F905
S214002DD8FFF7DAFF01A9230C0B700322230A8320CE
S214002DE84B708C700DF04EFF13BDC0460940002096
S214002DF8444E002010B51400FFF7FEFB2000FFF736
S214002E08DFFF10BD052213B504000B4B0B481A70E4
S214002E18FEF7C0F9942140F6AC000DF06FFFFFF7FF
S214002E28B3FF01A9230C0B700322230A82204B70E0
S214002E388C700DF027FF13BD09400020584E002067
S214002E48F0B540F6E206002785B0300003970DF08F
S214002E5872FFFE2140F6E5050140040030000DF043
S214002E684DFF28000DF067FF7F21019001402800E4
S214002E780DF044FF0B48FFF7C5FF042203A940F6F0
S214002E8819000DF044FF3800FFF7FAFE2100300065
S214002E980DF034FF280001990DF030FF039805B0B7
S214002EA8F0BDC046FFFFFF00052213B504000B4B1C
S214002EB80B481A70FEF76EF9962140F6AC000DF036
S214002EC81DFFFFF761FF01A9230C0B700322230ADD
S214002ED882204B708C700DF0D5FE13BD0940002083
S214002EE8584E002037B505000C00FFF74DFF6A4620
S214002EF82B0C13702B0A5370230C64BA9570D3707E
S214002F0894806946062294200DF0BCFE0622014BEA
S214002F181A7037BD0940002010B5FFF735FF0022AC
S214002F28C52011000DF0AEFE0722014B1A7010BD29
S214002F380940002010B5FFF727FF0022D120110016
S214002F480DF0A0FE0422014B1A7010BD09400020A7
S214002F5810B5FFF719FF0022D22011000DF092FEDF
S214002F680422014B1A7010BD0940002010B501203C
S214002F78FFF754FC0DF048FE0120FFF7BEFB0122C8
S214002F88014B1A7010BDC04609400020014B186856
S214002F987047C046AC500020024B1B780BB9024A5B
S214002FA8D3817047B6500020704F002003000020E1
S214002FB80A2B04D840F27D60D84001231840704799
S214002FC8F7B5294B05009E7B3000FFF7EFFF019011
S214002FD8002846D00027254C14223900244827709C
S214002FE8676014F0D5FE18223900224814F0D0FE87
S214002FF82148037823B1230046331B78B34230D0E8
S2140030082300463300221E700023A263E3630023D6
S214003018A11D2200CB87802147321170220048323A
S214003028137040F2013C1A00144923640F78B74223
S2140030380ED101273D420BD00B2A08D8104FD300DB
S214003048D951DB19674601329F80019BD2B26D08C1
S2140030580C4F2C31B942E9D10BB148342270012308
S21400306803700198FEBDC046704F0020B85000207F
S214003078C0500020D4500020B65000201095010003
S214003088085100200C9A01004A425141094A494217
S214003098114042F2107289180300C8430A2B07D859
S2140030A8054AD35C054A9B009B58C81803B9C84311
S2140030B87047C046F0D8FFFFB09301003493010074
S2140030C810B5040008002CB1012C09D12100FFF727
S2140030D8DBFF10BD500042F210729B18C018F8E7CC
S2140030E801204042F5E70000F7B51B4ACE00B218AB
S2140030F8127903000120D2B100229C5EDD6884426A
S21400310816D100219868FFF7BFFF134B134A9B5947
S21400311840F20C0C2A331B781049DB009A5C5B18CB
S21400312801920022019ED1B28E4203D80420FEBD31
S2140031385868EAE7614651435F687E18795EA1429F
S21400314805D17168A94202D1B168814201D0013225
S214003158E8E70020EBE7C046085100200C9A01007B
S21400316803000D48D200125830B5546802209C421D
S21400317811D895689D420ED3D2681B1BB3FBF2F498
S21400318854431D1BA34206D12800012A03D08A42B5
S21400319892415242500030BD08510020044BC900ED
S2140031A8CB585B6983428041404200017047C04665
S2140031B808510020F8B51A4C0020236C63B3A31DF1
S2140031C8DB8F184DDB005B59188B28B3FEF7E8F841
S2140031D80023226C06000F00A06BE16B8018594193
S2140031E80222002312184B41BB4216D801D1B24224
S2140031F813D802225242D317121A8B4192197B41D6
S2140032080634E18F0120C9006958098B0BB9914231
S21400321800D80020800180B2F8BD00220023EFE726
S214003228B8500020085100200300002082B001900A
S214003238D1B142F20F7291420CD840F2E732914275
S2140032480AD9013242F210700192019A401AB0FB74
S214003258F2F0584302B0704764226329F2D80A2273
S2140032680929EFD80122EDE70121FBE7F8B51F4C45
S2140032780020236CABB3A31DDB8F1D4DDB005B5911
S214003288188D70B3FEF78CF8A66BE76B0B00020080
S2140032981900236C10009C461A000023B6185F41DC
S2140032A80222002392197B418B421BD801D182420D
S2140032B818D802225242D317921BBB4112184B4110
S2140032C816001F000634E38F6046DB00EB58198DA6
S2140032D8FFF7AAFF01230FB9B04200D80023580110
S2140032E880B2F8BD00260027ECE7C046B85000209C
S2140032F808510020124AF0B5130004004633197826
S2140033084832104B1278DD7B0F4B0639D200C9B213
S214003318D218934201D10020F0BD012905D825B95D
S21400332818682A300078022808D0187930B11E6844
S2140033387768A74202D8B668A642EDD20833E8E70F
S214003348B8500020704F00200851002073B5204D5B
S214003358060001A80C000DF0BFF92A78531CDBB252
S2140033682B700AB90DF0DCF901A80DF0BAF9701E39
S214003378042809D813F078FD03161A2128005022CD
S2140033882100144814F06DFD01A80DF0A5F92B785E
S214003398013BDBB22B700BB90DF0D2F901A80DF08A
S2140033A8A0F973BD22780B4B1A70EDE7094B08336A
S2140033B807CC07C306CC06C3E6E7064B1C3307CC88
S2140033C807C307CC07C3DFE72268024B5A60DBE770
S2140033D880660020B850002007B5019001A9052096
S2140033E8FFF7B4FF00200EBDF0B506000D008BB049
S2140033F8019311AB1B880092029313AB1B78122221
S214003408039315AB1F7804AB0021981D14F0C0FC7D
S214003418009B05AC0793019B21002373029B0320A6
S214003428E381039B2680069523746774FFF78EFF57
S21400343800200BB0F0BD0000F0B50C00060015002B
S2140034488DB0019312AB04CB00211B780292039334
S21400345814AB1B881522049315AB1B78059316AB83
S2140034681F7806ABD81C14F093FC06AB1E809C7025
S214003478019B039A0893029B0420099306AB1A74CF
S214003488049A19005A82059A5F751A750795FFF708
S2140034985DFF0020024B47331C700DB0F0BDC046E0
S2140034A8B850002073B5214D060001A80C000DF099
S2140034B813F92A78531CDBB22B700AB90DF030F9D1
S2140034C801A80DF00EF9701E042809D813F0CCFCDC
S2140034D803161A222A0050222000154914F0C1FCAF
S2140034E801A80DF0F9F82B78013BDBB22B700BB96D
S2140034F80DF026F901A80DF0F4F873BD0C4B1B78F7
S2140035082370EDE722000A4B083343CB43C203CBB4
S21400351803C2E5E72200064B1C3343CB43C213CB5A
S21400352813C2DDE7024B5B682360D9E7806600209C
S214003538B8500020F0B59BB014AD18220400002146
S2140035480EA814F025FC29000420FFF7ABFF052081
S2140035580CA9FFF7A7FF0023EE5EA968EB6830000A
S2140035686A68FFF7ADFDF3B202936D4B08905B6A8D
S2140035782100029898476B4B049048331B786A4E94
S2140035880793684B46331B78063BDBB20593674BBD
S214003598DB7B06930C9B03930EAB019300230093EF
S2140035A86B461F78079BBB4200D8A2E0059B012B01
S2140035B807D8069B2BB933682A331B78022B00D111
S2140035C8A0E03379002B00D19CE03A0008990398D4
S2140035D8FFF7C6FD019B3900099028001C88FFF7F5
S2140035E883FD099B3900034304981C43FFF7D6FD67
S2140035F8A4B2019B0443A4B21C80002C00D081E036
S214003608FFF734FE0400FFF7D5FD009B04435B007C
S2140036181800019310230AA9A4B2C9180C52DCBBDF
S2140036280099414BCE009A5940F2E733D2699A4244
S21400363832D93B4A0DA9D56F0120A8470AA90331FC
S2140036482000A847384B364A9959956F24310120EF
S214003658A847354B711DC9182000A84740F2E83125
S214003668314B9A59D3692020125EB3FBF1F32C49EB
S2140036789BB20E6902980399B04706000DA901206F
S214003688A8470AA920000331A8472EB9102280238C
S21400369801980AA98A181352009B0EAA5B009B5A27
S2140036A813BBFDF77DFE1F4B049A9863D9631A6413
S2140036B80633DF87009B1C4ADB00D35814A91B7C03
S2140036C8887889781A1C49B25BB28B4200DD021CE6
S2140036D80021144B50B247335956814202D01A7013
S2140036E80DF056FB002006E06022134212D11B069E
S2140036F813D4FF276520FF2318403B401B021843BE
S2140037081BB0F0BD009B083601330093019B0233C3
S214003718019345E7FF276620EDE7FF276720EAE7DE
S21400372874940100B850002008510020704F002003
S21400373837B56B46DD1C02200C002900FFF7B2FEE9
S2140037482B7803201BB92000FFF7F4FEC0B23EBD5D
S214003758F0B599B0182200210DAC12A814F018FB89
S21400376821000320FFF79EFE05200CA9FFF79AFE0E
S2140037780022A35E019303BB63680393404B0027B4
S2140037881A0048321278463309921B783D4D063B9C
S214003798DBB205933C4BDB7B06930C9B079312AB83
S2140037A80293099BBB4210D1FF276420FF231840D1
S2140037B83B401B02184319B0F0BD002361681A008D
S2140037C80198FFF77DFC0390D8E7059B012B0DD8E1
S2140037D8069B5BB92B682A331B78022B06D1029B03
S2140037E801370233FFB208350293DAE72B79002B4C
S2140037F8F5D03A0003990798FFF7B2FC029B1B889E
S2140038081843029B84B21C80002CE8D12B681F4A00
S2140038182A331E78F600B35CB118019A0493230085
S214003828012A25D121000E98FFF72EFC40F20C0C39
S2140038380F9B0893154BF3180499E2B28A42CED22E
S214003848624662435E68B118B25E012A06D14A68CB
S214003858089E964202D18A6882420ED00134EBE76F
S2140038680C2058434A680133825E0198904204D07F
S2140038780498DAB29042F3D8B1E7002096E7C0463B
S214003888B850002008510020704F00200C9A010004
S21400389813B56B46DC1C02202100FFF703FE2378D5
S2140038A8032013B9FFF754FFC0B216BD03207047B4
S2140038B803207047F8B52E4C012523002200463316
S2140038C8197848322B4B1278DE7B2B4B0639D20000
S2140038D8C9B2D218934205D1002D46D1236C83B9BC
S2140038E80020F8BD012905D826B918682A300078BE
S2140038F8022804D0187947427841404205400833E8
S214003908E8E7FDF74DFD0222002306000F00A06B36
S214003918E16B12184B419F4202D823D1964221D917
S21400392802225242D317121A8B41B6185F41256CF1
S2140039380634E38F104ADB00D4582800218DFFF7A1
S21400394873FC218B0200814200D90A00002328005C
S214003958002180185941B94202D8C1D1B042BFD916
S214003968801BBEE700260027E1E701204042B8E7B3
S214003978B8500020704F002008510020034B10B5A7
S2140039881B6D13B11B6803B1984710BD8C510020FE
S21400399810B5034C246D14B1A46804B1A04710BD3B
S2140039A88C510020034B10B51B6D13B15B6803B137
S2140039B8984710BD8C510020034B10B51B6D13B1F2
S2140039C81B6903B1984710BD8C510020034B10B5F6
S2140039D81B6D13B1DB6803B1984710BD8C510020EE
S2140039E802000220012A0AD8110012318140044B35
S2140039F80130C95819B10020196554331A70704738
S214003A088C510020F8B505000F000224012821D8A3
S214003A1801B31148114B0360114B8360114B0361CE
S214003A28114B4360114BC360114B1B689847040049
S214003A3880B924220F4B6E421640F6183000390023
S214003A480DF077FD2B000B4A12339B0028009E5082
S214003A58FFF7C6FF2000F8BD685100208539000032
S214003A6899390000C1390000AD390000D539000089
S214003A78749401008C510020F0B50B27002491B0F7
S214003A88039302ABFF1805001000160002913C7065
S214003A9814F0F0F9039B01300693169B05960993DC
S214003AA80123089007970A93189B9C422CD2189BD0
S214003AB81F1B08AB132F16D9179A009312190192D9
S214003AC828000322029905AB00F0F6F818B1012089
S214003AD8404211B0F0BD0B2202ABD2181378143452
S214003AE801331370E0E70BAE009303222800029917
S214003AF8019605AB00F0E0F80028E8D1179B3A00DD
S214003B083100181914F0ADF90020E2E770B500246A
S214003B189C4200D170BD0D5D165D7540055501349B
S214003B28F6E710B50C22002114F032F910BD00009B
S214003B3810B540B1036833B11B78052B03D1406834
S214003B4800F08EF910BD0148FCE7C04600AFFFFF45
S214003B5810B540B1036833B11B78052B03D1406814
S214003B6800F00CFF10BD0148FCE7C04600AFFFFFA1
S214003B7810B540B1036833B11B78052B03D14068F4
S214003B8800F037FF10BD0148FCE7C04600AFFFFF56
S214003B9810B530B1036823B1836813B1FFF7D8FFB7
S214003BA810BD0148FCE7C04600AFFFFFF0B50400B3
S214003BB80E0087B000B30368F3B18568E5B101A9C4
S214003BC89F78FFF7D5FFA8B92000FFF7B1FF88B99F
S214003BD8236820009A78E919FFF7BAFF50B92368D6
S214003BE820005A7801A9FFF7B3FF18B93100200062
S214003BF8FFF7BEFF07B0F0BD0048FBE700AFFFFFCA
S214003C0810B50A00002114F0C3F810BDF0B589B04D
S214003C1805001600019100284AD00368002B47D0FB
S214003C288268002A44D09B78B34214D2FFF780FFFC
S214003C380400B0BB320028000199FFF789FF040092
S214003C4878BB280003A9FFF793FF040048BB2B683E
S214003C585E7803AB01932B68AF689A7836213800F4
S214003C68BC1814F095F82B685C219A78200014F09C
S214003C788FF8330039003800019AFFF747FF210014
S214003C8820003300019AFFF741FF2800FFF750FF96
S214003C98040030B92B68390028009A78FFF758FFD7
S214003CA80400142103A8FFF7ABFF200009B0F0BDFD
S214003CB8004CFAE700AFFFFFF0B50D000400BDB0FA
S214003CC802A800920193FFF72CFF194B2A00210047
S214003CD805AF1CAE02A8039704960293FFF796FF5B
S214003CE804000500D0B138005C21FFF789FF3000DA
S214003CF88021FFF785FF02A80C21FFF781FF20002F
S214003D083DB0F0BD429A0199AB00D258C95802A8F6
S214003D18FFF73EFF04000028E5D10135009BAB42C3
S214003D28F0D1439902A8FFF741FF0400DBE7C0463D
S214003D381C9B01000200405C5118CB780006184313
S214003D484B781B0418438B781B0218437047030EE6
S214003D588B548918030C4B70030A8B70C870704715
S214003D6870B51D001B23D841084E059B049C9B1963
S214003D78C01823686A40C0180B68134002226B40BC
S214003D88C01820600B68D3410B6070BD9979825AC1
S214003D985A400B6830B55A401B23D841064D049B41
S214003DA8039C5B19C018236812189B18022223600C
S214003DB80B68D3410B6030BDA1EBD96EF0B51B265E
S214003DC8F0410A4F069E059CF6190D68801926686C
S214003DD880192E00164333402A4013430222C01887
S214003DE820600B68D3410B60F0BDC046DCBC1B8F5F
S214003DF85A400B6830B55A401B23D841064D049BE1
S214003E08039C5B19C018236812189B1802222360AB
S214003E180B68D3410B6030BDD6C162CA030070B5CB
S214003E280F260500C41E083B344033403540A40026
S214003E389B005B586458AD004D195C402B680E38E3
S214003E485C401F2330408000405860401060D841D6
S214003E58286070BD10B510B15C21FFF7D1FE10BD0B
S214003E6803000020064A18609A60064A5860DA601E
S214003E78054A1A61054A5A61054A9A617047C0465A
S214003E880123456789ABCDEFFEDCBA98765432102D
S214003E98F0E1D2C3F0B50D00ADB0039000212800C4
S214003EA8FFF748FF0421070017902800FFF742FF96
S214003EB80821060018902800FFF73CFF0C21040094
S214003EC819902800FFF736FF102107901A9028004F
S214003ED8FFF730FF142108901B902800FFF72AFFF1
S214003EE8182109901C902800FFF724FF1C210A902F
S214003EF81D902800FFF71EFF20210B901E9028001B
S214003F08FFF718FF24210C901F902800FFF712FFD8
S214003F1828210D9020902800FFF70CFF2C210E90EA
S214003F2821902800FFF706FF30210F9022902800E6
S214003F38FFF700FF3421109023902800FFF7FAFEC1
S214003F483821119024902800FFF7F4FE3C211290A7
S214003F5825902800FFF7EEFE039B13909B6826909B
S214003F6805932793039B28A9DB6814932893039B40
S214003F781B6904932993039B5B6906932A93039B07
S214003F88049A9B69059815932B932BAB019700937E
S214003F98069BFFF7E5FE289D2AAB2A002B9801967C
S214003FA8009327A9049BFFF7DBFE279E019429AC04
S214003FB82B0032002A982BA90094FFF7D1FE079B06
S214003FC82B9D019328AB2A00299800932AA9330031
S214003FD8FFF7C6FE089B2A9E019327AB32002100F6
S214003FE8289800932B00FFF7BBFE099B299D019399
S214003FF82BAB2A002798009328A93300FFF7B0FEBA
S2140040080A9B289E01932AAB32002B98009327A977
S2140040182B00FFF7A5FE279D0B9B2A002A980193E5
S2140040282BA933000094FFF79BFE0C9B2B9E019355
S21400403828AB3200299800932AA92B00FFF790FE98
S2140040480D9B2A9D019327AB2A00210028980093F0
S2140040583300FFF785FE0E9B299E01932BAB32009B
S2140040682798009328A92B00FFF77AFE0F9B289D18
S21400407801932AAB2A002B98009327A93300FFF751
S2140040886FFE279E109B32002A9801932BA92B00BF
S2140040980094FFF765FE119B2B9D019328AB2A0021
S2140040A8299800932AA93300FFF75AFE129B2A9EE6
S2140040B8019327AB32002100289800932B00FFF7C6
S2140040C84FFE139B299D01932BAB2A00279800933C
S2140040D828A93300FFF744FE16AA17A910202B9E1E
S2140040E8289FFFF79BFE2AAB3A000190009330000A
S2140040F82B0027A9FFF734FE16AA17A911202A9D18
S214004108279E289FFFF78AFE3B00320001902BA9C6
S21400411828000094FFF724FE16AA17A91220299D46
S2140041282B9E279FFFF77AFE28AB3200019000935C
S21400413828003B002AA9FFF713FE16AA17A9132082
S214004148289D2A9E2B9FFFF769FE27AB3200210089
S2140041580190009328003B00FFF702FE16AA17A955
S2140041681420279D299E2A9FFFF758FE2BAB320066
S2140041780190009328003B0028A9FFF709FE16AA1D
S21400418817A915202B9D289E299FFFF747FE2AABC7
S21400419832000190009328003B0027A9FFF7F8FD9E
S2140041A816AA17A916202A9D279E289FFFF736FECF
S2140041B83B00320001902BA928000094FFF7E8FD89
S2140041C816AA17A91720299D2B9E279FFFF726FEBC
S2140041D828AB32000190009328003B002AA9FFF77D
S2140041E8D7FD16AA17A91820289D2A9E2B9FFFF7E9
S2140041F815FE27AB320021000190009328003B00F3
S214004208FFF7C6FD16AA17A91920279D299E2A9FDB
S214004218FFF704FE2BAB32000190009328003B000A
S21400422828A9FFF7B5FD16AA17A91A202B9D289EC0
S214004238299FFFF7F3FD2AAB320001900093280070
S2140042483B0027A9FFF7A4FD16AA17A91B202A9D3D
S214004258279E289FFFF7E2FD3B00320001902BA91E
S21400426828000094FFF794FD16AA17A91C20299D7C
S2140042782B9E279FFFF7D2FD28AB320001900093B4
S21400428828003B002AA9FFF783FD16AA17A91D20B8
S214004298289D2A9E2B9FFFF7C1FD27AB32002100E1
S2140042A80190009328003B00FFF772FD16AA17A995
S2140042B81E20279D299E2A9FFFF7B0FD2BAB3200B4
S2140042C80190009328003B0028A9FFF761FD16AA75
S2140042D817A91F202B9D289E299FFFF79FFD2AAB15
S2140042E832000190009328003B0027A9FFF750FDF5
S2140042F816AA17A920202A9D279E289FFFF78EFD1D
S2140043083B00320001902BA928000094FFF740FDDF
S21400431816AA17A92120299D2B9E279FFFF77EFD09
S21400432828AB32000190009328003B002AA9FFF72B
S2140043382FFD16AA17A92220289D2A9E2B9FFFF735
S2140043486DFD27AB320021000190009328003B004A
S214004358FFF71EFD16AA17A92320279D299E2A9F28
S214004368FFF75CFD2BAB32000190009328003B0062
S21400437828A9FFF70DFD16AA17A924202B9D289E0D
S214004388299FFFF74BFD2AAB3200019000932800C7
S2140043983B0027A9FFF7FCFC16AA17A925202A9D8B
S2140043A8279E289FFFF73AFD3B00320001902BA975
S2140043B828000094FFF7ECFC16AA17A92620299DCA
S2140043C82B9E279FFFF72AFD28AB3200019000930B
S2140043D828003B002AA9FFF7DBFC16AA17A9272006
S2140043E8289D2A9E2B9FFFF719FD27AB3200210038
S2140043F80190009328003B00FFF7CAFC16AA17A9ED
S2140044082820279D299E2A9FFFF708FD2BAB320000
S2140044180190009328003B0028A9FFF7CFFC16AAB6
S21400442817A929202B9D289E299FFFF7F7FC2AAB62
S21400443832000190009328003B0027A9FFF7BEFC36
S21400444816AA17A92A202A9D279E289FFFF7E6FC6A
S2140044583B00320001902BA928000094FFF7AEFC21
S21400446816AA17A92B20299D2B9E279FFFF7D6FC57
S21400447828AB32000190009328003B002AA9FFF7DA
S2140044889DFC16AA17A92C20289D2A9E2B9FFFF76D
S214004498C5FC27AB320021000190009328003B00A2
S2140044A8FFF78CFC16AA17A92D20279D299E2A9F60
S2140044B8FFF7B4FC2BAB32000190009328003B00BA
S2140044C828A9FFF77BFC16AA17A92E202B9D289E45
S2140044D8299FFFF7A3FC2AAB32000190009328001F
S2140044E83B0027A9FFF76AFC16AA17A92F202A9DC2
S2140044F8279E289FFFF792FC3B00320001902BA9CD
S21400450828000094FFF75AFC16AA17A93020299D00
S2140045182B9E279FFFF782FC28AB32000190009362
S21400452828003B002AA9FFF749FC16AA17A931203C
S214004538289D2A9E2B9FFFF771FC27AB320021008F
S2140045480190009328003B00FFF738FC16AA17A92D
S2140045583220279D299E2A9FFFF760FC2BAB32004E
S2140045680190009328003B0028A9FFF727FC16AA0D
S21400457817A933202B9D289E299FFFF74FFC2AABAF
S21400458832000190009328003B0027A9FFF716FC8D
S21400459816AA17A934202A9D279E289FFFF73EFCB7
S2140045A83B00320001902BA928000094FFF706FC78
S2140045B816AA17A93520299D2B9E279FFFF72EFCA4
S2140045C828AB32000190009328003B002AA9FFF789
S2140045D8F5FB16AA17A93620289D2A9E2B9FFFF7BB
S2140045E81DFC27AB320021000190009328003B00F9
S2140045F8FFF7E4FB16AA17A93720279D299E2A9FAE
S214004608FFF70CFC2BAB32000190009328003B0010
S21400461828A9FFF7D3FB16AA17A938202B9D289E92
S214004628299FFFF7FBFB2AAB320001900093280076
S2140046383B0027A9FFF7C2FB16AA17A939202A9D0F
S214004648279E289FFFF7EAFB3B00320001902BA924
S21400465828000094FFF7B2FB16AA17A93A20299D4E
S2140046682B9E279FFFF7DAFB28AB320001900093BA
S21400467828003B002AA9FFF7A1FB16AA17A93B208A
S214004688289D2A9E2B9FFFF7C9FB27AB32002100E7
S2140046980190009328003B00FFF790FB16AA17A985
S2140046A83C20279D299E2A9FFFF7B8FB2BAB32009C
S2140046B80190009328003B0028A9FFF799FB16AA4B
S2140046C817A93D202B9D289E299FFFF7A7FB2AABFD
S2140046D832000190009328003B0027A9FFF788FBCB
S2140046E816AA17A93E202A9D279E289FFFF796FB05
S2140046F83B00320001902BA928000094FFF778FBB6
S21400470816AA17A93F20299D2B9E279FFFF786FBF1
S21400471828AB32000190009328003B002AA9FFF737
S21400472867FB16AA17A94020289D2A9E2B9FFFF7ED
S21400473875FB27AB320021000190009328003B0050
S214004748FFF756FB16AA17A94120279D299E2A9FE0
S214004758FFF764FB2BAB32000190009328003B0068
S21400476828A9FFF745FB16AA17A942202B9D289EC5
S214004778299FFFF753FB2AAB3200019000932800CD
S2140047883B0027A9FFF734FB16AA17A943202A9D42
S214004798279E289FFFF742FB3B00320001902BA97B
S2140047A828000094FFF724FB16AA17A94420299D81
S2140047B82B9E279FFFF732FB28AB32000190009311
S2140047C828003B002AA9FFF713FB16AA17A94520BD
S2140047D8289D2A9E2B9FFFF721FB27AB320021003E
S2140047E80190009328003B00FFF702FB16AA17A9C2
S2140047F84620279D299E2A9FFFF710FB2BAB3200E9
S2140048080190009328003B0028A9FFF7F1FA16AAA2
S21400481817A947202B9D289E299FFFF7FFFA2AAB4A
S21400482832000190009328003B0027A9FFF7E0FA22
S21400483816AA17A948202A9D279E289FFFF7EEFA52
S2140048483B00320001902BA928000094FFF7D0FA0D
S21400485816AA17A94920299D2B9E279FFFF7DEFA3F
S21400486828AB32000190009328003B002AA9FFF7E6
S214004878BFFA16AA17A94A20289D2A9E2B9FFFF73B
S214004888CDFA27AB320021000190009328003B00A8
S214004898FFF7AEFA16AA17A94B20279D299E2A9F2E
S2140048A8FFF7BCFA2BAB32000190009328003B00C0
S2140048B828A9FFF79DFA16AA17A94C202B9D289E13
S2140048C8299FFFF7ABFA2AAB320001900093280025
S2140048D83B0027A9FFF78CFA16AA17A94D202A9D90
S2140048E8279E289FFFF79AFA3B00320001902BA9D3
S2140048F828000094FFF77CFA16AA17A94E20299DCF
S2140049082B9E279FFFF78AFA28AB32000190009368
S21400491828003B002AA9FFF76BFA16AA17A94F200A
S214004928289D2A9E2B9FFFF779FA27AB3200210095
S2140049380190009328003B00FFF75AFA059A279B38
S21400494816A89B18039A58219360149A289B9B18BC
S214004958039AD360049A299B9B18039A1361069AB4
S2140049682A9B9B18039A5361159A2B9B9B18039AAC
S2140049789361FFF745F900202DB0F0BDF7B50400A8
S214004988160000919AB33F2503681D409B180360E4
S214004998934202D2436801334360B5B140277F1B78
S2140049A8BE4212D323001C3300993A0058190193CB
S2140049B813F057FA20000199FFF76CFAC0B9761978
S2140049C80500009B403EDB190093370004E02000FA
S2140049D8FFF760FA60B9403F009B9919C91B3F2F43
S2140049E8F5D827B11C343A00601913F03AFA0020BB
S2140049F8FEBDF8B504003F22270003680E001340EA
S214004A08581C4132E3181A771C37382837D8002143
S214004A18483A121A381813F0BBF9256860686B0F05
S214004A28C000184338223900FFF791F9E8003C2205
S214004A383900FFF78CF939002000FFF72BFA05003C
S214004A48C0B902003100A068FFF781F904223100DE
S214004A58E068FFF77CF9082231002069FFF777F94C
S214004A680C2231006069FFF772F910223100A06944
S214004A78FFF76DF92000FFF7EDF92800F8BD402292
S214004A880021121A381813F083F939002000FFF7AE
S214004A9801FA05000028EDD1010038223800BAE7EF
S214004AA840F2E41201230249885C03438B547047A2
S214004AB8E451002040F2E41202230249885C0343D2
S214004AC88B547047E451002010B5204C23006A33FD
S214004AD81A7823004433187852070138520F0828EA
S214004AE812D812F0C1F91C1C05121416181A2B003D
S214004AF80023012A15D0032A20D00021443414228A
S214004B08134821700CF02AFD10BD0223F1E7032399
S214004B18EFE70523EDE70623EBE70723E9E704239A
S214004B28E7E70C49A26E0A400B498A42E5D040F2F4
S214004B3870120A48A35463689847DEE740F26C137D
S214004B48E35C002BD9D00548E368F5E7E45100207C
S214004B5850530020FF0080001100800054530020AE
S214004B68F0B585B06B466A46164C9F1DA61C3900E4
S214004B78F07F03AB073202F0F9F90D25E8B9631C9C
S214004B88F17FD87F02AA02F007FA0500C0B9230011
S214004B983A7848331A706A462300D27950331A7026
S214004BA8039B094A6365029B0849E364E31CDB7FB1
S214004BB858342370F07F02F00DFA280005B0F0BDD7
S214004BC80E25FAE7E4510020405200203D5200200E
S214004BD8F0B50E270F221A4D87B06F44AE1C390069
S214004BE8F07F05AB6A4402F0C1F90D2418BB6B1CB4
S214004BF8F17FD87F04AA02F0CFF90400F0B940F29A
S214004C0880133A780621EA546B46DA7B40F288131A
S214004C18EA54059A0433EA50049A083BEA50094ACB
S214004C28F07F0092AA6A084B02F0F2F922000749C0
S214004C38F07F02F0CFF9200007B0F0BD0E24FAE7A7
S214004C48E45100208453002080530020885300201D
S214004C5810B5074C02F0D8F8230068331A780549CF
S214004C68054801F085FF10B902234434237010BDAF
S214004C78E45100204E5200202C52002070B50B4DF7
S214004C882B1DDC7F6CB102F0BFF80121084801F04B
S214004C98DDFF040008B102F093F8042320002B700F
S214004CA870BD02F08DF80323F8E7C046E4510020F3
S214004CB864530020094B1A78092A04D0042A02D023
S214004CC80E221A7070470B221A701A006A3212786F
S214004CD89206F7D505224433F3E7C046E451002090
S214004CE8F0B587B0060004240391002800D18CE0B4
S214004CF80368002B00D188E04368002B00D184E0CD
S214004D088368002B00D180E0C368002B7DD0036940
S214004D18002B7AD00A2978D83D4D023C2B78042BF4
S214004D2873D840F21022002128000CF017FC01F07E
S214004D38B3FE0400002868D105AF3900039802F0D6
S214004D488FF80400002860D100F04CFF02F022FA29
S214004D582B00039A40331A70310014222D480CF0A9
S214004D68E8FB2D4E282230002C490CF0E2FB3B884D
S214004D7838785BBA2B840223FB56EA1C284FD37775
S214004D884036284A33703900274BAE1C039202F08F
S214004D98EDF86B1CD87F254AF17F02F0FDF8244910
S214004DA8244AF07F02F016F940F280133A78224837
S214004DB8EA54EA6C0433EA50039B1A7840F28813E4
S214004DC8EA546A6D0433EA5002F014F91B4AF07F7D
S214004DD800921B4B0621AA6A02F01AF9002219490A
S214004DE8F07F02F0F7F840F2E4130022164817495D
S214004DF8EA54FCF79FF916481649FCF79BF901F0A8
S214004E080BF801F0DDFF01232B70200007B0F0BD82
S214004E18E4510020E8510020FC510020209B0100AE
S214004E282C520020345200203852002030520020E5
S214004E383D52002040520020745300208453002026
S214004E488053002088530020CC530020A94A000035
S214004E58E0530020BD4A000070B501240A4D2E78A4
S214004E68A6420DD101F048FE2B003C33187802F01C
S214004E785DF8FFF703FF040020B9300000F0EAFFF2
S214004E88200070BD2E70FBE7E451002010B50B4CD7
S214004E982078042804D811F0E7FF0E07030705005A
S214004EA8022010BD01F08CFF01230020237000F0C3
S214004EB8D1FF0020F5E70120F3E7C046E4510020C3
S214004EC8F0B5BA4E9FB03378022B7AD910AD01F000
S214004ED82FFF280001F034FF2B784BB3DB0605D5EF
S214004EE83378062B00D16EE00E23337004222B781D
S214004EF8134205D03178062900D189E00A3232708B
S214004F081B0708D53378092B00D187E0042B00D17E
S214004F1884E00E23337010AD2C78A30701D5FFF775
S214004F28C9FEE40701D5FFF7C5FE280001F052F8D0
S214004F389F4F10AC20000BF0CFFB3A78531CDBB227
S214004F483B700AB90BF0ECFB20000BF0CAFB40F2F2
S214004F58E41300222000F55CF2540BF0BDFB3B780E
S214004F68013BDBB23B700BB90BF0EAFB20000BF001
S214004F78B8FB002D00D1FBE2EB0705D53378082BEC
S214004F8800D1C9E20E2333703278AD0700D4EFE2C1
S214004F980E230C2A00D0D4E2FFF75AFE0623002878
S214004FA800D0C4E2337073695BB13378033B012BDE
S214004FB807D811A802F0CCF918B920707369200038
S214004FC898471FB0F0BD3300032244331A7001F02F
S214004FD809FF40F2A013F7580BF0E6FE40F2D6336E
S214004FE8FC18012801D00A33FC18FCF7D9F9AA687E
S214004FF8EB68801A9941211ACB436E4CDB1719408F
S2140050082000FCF7C5F92000FCF736F908236CE702
S21400501807213170310044310A7071E740F2A81355
S21400502812AAF25040F2AC1240F2B0172B690021D7
S214005038B350AB8AAC3AF3555F4BFF3A180005936A
S2140050480CF08CFA40F2C4122B690024B35040F2DC
S214005058C813B13A2100F45458480433FF3AF450C0
S2140050680CF07CFA01F0ACFE0A231725337002AB6D
S214005078ED18B31C22002900D87F01F0ABFF04000E
S214005088F0BB4F4BF25D2878039340F2C41340F20E
S214005098AC11F3584B4F4C4D029301970095059B66
S2140050A8715801F094FA040050BB40F2C813F35C40
S2140050B82900009340F2C4133A000598F35800F00C
S2140050C8CFFE424D08222900380012F053FEB0B930
S2140050D840F2B1130722F35C1340032B18D140F2B9
S2140050E8C413F15808780238052800D98DE011F065
S2140050F8CFFE71009000BE00C400ED000601132428
S21400510840F2B1125F21B35C0B40B3540B233370EB
S214005118330044331A78032A0DD1AF32FF32B25C1B
S2140051287F2A06D832006A321278920601D50522FE
S2140051381A70FFF7C9FC002C00D06EE140F2B113DC
S214005148F25CAB3BFF3B1340032B00D005E1CA33B0
S214005158FF33F358002B00D1FFE01B78042B00D157
S214005168D3E0062B00D15EE1022B00D0F5E0164D09
S2140051780CA9280002F0C7F8002800D0EDE02900A6
S214005188124A13480CAB01F072F9002800D0E4E08C
S2140051982100280002F05CF801212800494202F0AC
S2140051A87AF83300012244331A70D6E0E45100201E
S2140051B880660020CC53002095530020B45300206E
S2140051C8AC5300209E53002096530020FC5100202C
S2140051D84C52002033002C331B78B3B140F2C8136E
S2140051E8F35C102B11D91022013108A80CF0A1F994
S2140051F810210CA800F0F8FD002329000093D248DF
S21400520808AB0CAA00F0A2FD58B340F2CC1300225B
S2140052182BE040F2C813F35C102BF6D9013108A82E
S21400522810220CF086F9C84F0CA9380002F047F88F
S2140052380028EAD101232900009338000CAB08AAFD
S21400524800F084FD05000028DFD10100380001F0D9
S214005258FFFF01213800494202F01DF840F274139E
S214005268F55440F2C413F2580833F25050E740F2AF
S214005278C813F35C002BF4D1C7E740F2C813F35CFD
S214005288052BC2D90CAD0522013128000CF051F9C6
S21400529840F275122B789B069B16B35440F2761391
S2140052A86A78F254E9782A79AB78090212040B4333
S2140052B813433200FC32D3671BB1A44A0A3B93421D
S2140052C8A3D840F274130022F254CAE740F2C81377
S2140052D8F35C032B99D90CAD0322280001310CF09E
S2140052E828F96B78AA781B02120413432A7813430A
S2140052F8002BB6D0954A0A3B9342B2D985E740F2CE
S214005308C813F35C002BDCD17FE70CAD2C701307B9
S21400531801D502232B70920604D580232A785B4297
S21400532813432B7008228A49874812F023FD00246D
S21400533800B9B46B40F2A813F358864A1B7C019454
S2140053480295F41CE47F804964B283485BB20094FB
S21400535801F0C9F8002800D123E740F2B114335D04
S21400536810AD5A07520F012A76D0032A00D196E0CC
S2140053783400443423780BBB734B1800059301F0B4
S214005388E9FA2378D3B940F2B112B25C920615D581
S21400539803AA13700122704F029301936D4B1100FC
S2140053A800933800059B00F059FF38B9330059338D
S2140053B83A781B789A4201D8012323703300443385
S2140053C81B78012B29D101F00DFD330040F2C014E3
S2140053D868331B785C4342F6E073E41842F21073B5
S2140053E894FBF3F40BF0E0FC012800D191E040F2C6
S2140053F8DF331C1BFBF7D4FFAA68EB68801A9941B9
S214005408211ACB43554CDB1719402000FBF7C0FF89
S2140054182000FBF731FF0C2333700122002150488F
S2140054280CF09CF877E50CAB1C70110701D502212F
S2140054381970920604D58022197852420A431A70C7
S214005448444C41492200444801F0A7F8002884D17A
S21400545801232C34237080E740F2D01100207054CA
S2140054683949D530FF30315040F2C41170581431E4
S21400547870501039705C14317054E88A02317052DA
S214005488287E02317054D809DB08134040F2E21235
S21400549801317054B3543348B368984768E740F20C
S2140054A8CC13F358002B00D162E740F2C413F1582E
S2140054B80B78022B21D0062B00D059E70CAF38000A
S2140054C801310CF036F87B78BA781B023F78120464
S2140054D813431F43022240F2D0131B49F2542248BA
S2140054E806320CF026F840F2DC1340F2E012F750D1
S2140054F8335D1B07DB0FB35408E0002240F2D013DD
S2140055081149F254184808320CF013F81548336954
S214005518C3E740F2D5336CE701F076FC0021134868
S21400552801F094FB002800D02CE509232BE5102871
S21400553803D01138431E9841C31D320044321370FD
S214005548072333701EE0C04696530020F5FF01007F
S21400555814520020FC5100204C520020E05300203A
S21400556895530020B4530020B853002064530020FD
S21400557832780E2A00D916E546F68043D340DB0774
S21400558800D410E5330044331B780BB1FFF79CFAC0
S21400559840F2CC130022F250FFF770FB03E5C0463A
S2140055A873B504230D0091B11A4C033B227872B1EF
S2140055B8073307280BD811F057FC040C10121416E2
S2140055C8191C0822144928000BF0B3FF0023180002
S2140055D876BD0134E37F2B70F8E70234FAE703342C
S2140055E8F8E70434F6E72C342378F4E70C220B4962
S2140055F8E9E701AE3100012001F086FA0300002831
S214005608E5D123003C3332781978914200D01A70DD
S2140056183C34E9E7E4510020FC51002014520020F5
S214005628F7B504000E0000295AD0304D2B78002B11
S21400563858D0042B03D9062842D0022412E00728A3
S21400564852D811F011FC040A111A1C393D400822E0
S214005658274831000BF06DFF0DE02B1DDB7F022481
S214005668013533B12000FEBD2B1DDB7F002BF9D1A1
S21400567802353378EB770024F4E70335F9E70B783F
S2140056887BB933782F1DFB772B78022BF3D9FFF7DE
S214005698F5FA04000028E5D00023FB77FFF7EEFABA
S2140056A8E0E7FFF795FA04000028DBD1FFF758FA81
S2140056B804000028E5D0D5E70B782C352B70DAE700
S2140056C80C220C48C5E7337801A901200B7001F0BD
S2140056D835FA04000028C5D133783C352B70C1E76D
S2140056E80424BFE70124BDE70824BBE7E4510020F3
S2140056F8FC5100201452002037B505000424A8B138
S2140057080B48033C007888B1013404280ED8069864
S2140057180090280001F0D8FC040038B9280001F0F1
S21400572865F8040010B1280001F018FD20003EBD01
S214005738E45100200B4B10B51B780400012053B130
S2140057480018042B07D83CB1200001F007FD200004
S21400575801F06CF8002010BD01F012FD01F034F8DD
S214005768F8E7C046E4510020F0B50500042487B0E9
S214005778002800D180E04A4E013C3378022B7BD9C2
S214005788042B02D9013C0A2B76D1330044331B780C
S2140057980224002B70D1FFF7E3F90400B8B9FFF72D
S2140057A817FA040098B933780A2B4ED10822280035
S2140057B83C4912F0DFFA023448B917276F4438001C
S2140057C8297B2A7C00F03AFD0400002844D02B7C74
S2140057D85B075ED43378002C51D122000A2B04D103
S2140057E8A833FF33F45CA406E20F78212B7C03ACC5
S2140057F88B43287BA9682B742B4F23702B4B029066
S2140058080191009301212B00380000F027FD0400C9
S214005818002834D13A000F3A3978127833780434AD
S21400582891422CD80122243F3A70E9897232FF321D
S214005838B1520A2B19D0FFF70BFA0400F8B93378DF
S2140058480A2B18D00623337015E0280001F0A6FCB2
S21400585804000028B1D0BAE7330059331C783B78E7
S2140058689C42A4416442A400B1E740F2E413022437
S214005878F35C234203D10024200007B0F0BD3300B8
S214005888002244331A7033780A2BF5D0FFF7F6F95E
S214005898F2E7002CF0D1280000F0D8FF0400EBE770
S2140058A8E4510020965300204C520020FC51002062
S2140058B8F0B50700042489B0002879D0994D013C3A
S2140058C82B78022B74D9FFF74BF9040000286FD108
S2140058D8FFF77EF9040000286AD13C78012C00D135
S2140058E86BE0022C00D1B6E0002C00D017E12B7834
S2140058F8042B02D902340A2B5AD12B0044331B78C6
S2140059080224002B54D13E1D300001F047FC3B7B9F
S21400591804005B0700D5FAE02B78D8B90A2B04D127
S214005928A833FF33EC5CA406E40F102104A800F0AB
S2140059385BFA7D4F00943A0031007C4804AB00F0D7
S2140059485DFD040030B92B780A2B10D0FFF780F9DC
S214005958B8B10400002340F26C12AB542A0044325B
S21400596813702B780A2B23D0FFF788F920E040F233
S214005978E413EA5CE33BFF3B1A421CD12C37013B9D
S2140059883B7004A9300001F0ACFC40F26C13012215
S214005998EA5400220433EA543100043308326448D7
S2140059A8EA540BF0C6FD2B780A2B01D006232B7081
S2140059B8200009B0F0BD1C00CCE72B78042B02D9D8
S2140059C802240A2BF4D12B0044331B780224002B24
S2140059D8EED13B1D1800029301F0E0FB3B7B040070
S2140059E85B0700D593E02A780028B3D103000A2A7B
S2140059F804D1B233FF33EB5C9B06DB0F4A4E0C3701
S214005A0832004A480299009700F051FD0400002829
S214005A18A0D12B780A2B13D0FFF71AF90400002818
S214005A2898D1012340F26C12AB540432AB540432C2
S214005A38AB542B780A2B01D006232B700024B7E72B
S214005A4840F2E4130224EB5C234200D082E70123F1
S214005A582C363370E5E72B78042B01D90A2BA7D10F
S214005A682B0044331B78002BA2D13B1D1800039350
S214005A7801F094FB060038B93B692BB12D4E0A3B62
S214005A889E42B6417642B6003B7B5B073ED42B78F7
S214005A9876BB0A2B04D1A833FF33EE5CB606F60FA6
S214005AA8214B009602933B000C3301931F483B6939
S214005AB8029A039900F050FD0600C8B92B780A2B05
S214005AC80BD0FFF7C5F8060090B940F26C12012318
S214005AD80221AB540432A954A9E740F2E413EB5C64
S214005AE89B0704D40122029B2C331A70EDE726008C
S214005AF8002340F26C12AB542A00443213702B7801
S214005B080A2B01D0FFF7BAF8340051E73400002C0E
S214005B1800D04DE7380000F0D3FE040048E708241C
S214005B2846E7C046E4510020FC5100204C520020B5
S214005B3859530020F5FF010070B50F4D02242B784D
S214005B48032B14D872B6BFF34F8FBFF36F8F01F0D5
S214005B582BF940F2E413EC5C40000443E4B244B989
S214005B680AF0C4FE62B6BFF34F8FBFF36F8F2000F4
S214005B7870BD0224F6E7C046E4510020030010B5C5
S214005B88080011001BB1012B04D0142010BD01F031
S214005B980EFBFBE701F01DFBF8E7F0B506000C006E
S214005BA815001F00BBB009B91420CAB904A801F033
S214005BB8FBFB390004A801F007FC26B110223100CF
S214005BC804A801F005FC2A00210004A801F000FC46
S214005BD8684604A901F05CFC0020009A409B1A6005
S214005BE83BB0F0BD00207047F0B5BDB01C0042AB1E
S214005BF81D78019204230AB11DB9002318003DB090
S214005C08F0BD0423002CF9D003AAFFF7B7FF06005F
S214005C1803000028F2D10123152007AF3B7002AB22
S214005C28C018082201990BF08DFC1D2002AB042237
S214005C3843A9C0180BF07DFC7E73BE730127232290
S214005C480BAE02AB9B1800213000133A1F700BF006
S214005C5885FCB02200210FA80BF080FC03A90FA832
S214005C680FF0B0F90FAA300007A90FF0FDF9237856
S214005C783278013D5340EDB22370631C9DB122007B
S214005C881C001032A24209D023787178013D4B409F
S214005C98EDB2237001360134002DF3D10137FFB27F
S214005CA8002DCCD1A9E71C00F8E737B506AC247858
S214005CB8079D00940195FFF797FF3EBDF0B58FB09E
S214005CC80393160014AB06AA1F78FFF757FF0400C5
S214005CD810BB492321200AAD2B7002ABC01808223E
S214005CE831000BF02FFC292002ABC018042215A99E
S214005CF80BF01FFC05AB6C73AC73EF733A000093A4
S214005D082800039906ABFFF748FF040020B9169B46
S214005D1813B1059B169A136020000FB0F0BD70B53E
S214005D2888B0140004AA1E000C9DFFF727FF50B980
S214005D3803AB00933200210004ABFFF72EFF10B927
S214005D480DB1039B2B6008B070BD0000F0B5A5B080
S214005D5805932AAB1B7804000E001700042507934A
S214005D68E0B3DAB3059BCBB309A901F020FA050026
S214005D78A0BB079B06940BB1069626001922194964
S214005D8811A812F06EF83100082218A80BF0D1FB03
S214005D98082206991AA80BF0CCFB102239001CA87A
S214005DA80BF0C7FB1022059920A80BF0C2FB1021A8
S214005DB830230DAE11AA02910093019618AB09A8DC
S214005DC8FDF75AFE0599200001F08BFA39002000ED
S214005DD801F0ABFA3100200001F00DFA280025B0DA
S214005DE8F0BDC0469186010070B505000C0084B170
S214005DF8084B013C5B699847E4B228704CB12B1DF0
S214005E080135000A9D42F2D0013CE4B22870002C0D
S214005E18F6D170BD7494010070B5064C25783DB96E
S214005E280822290020000BF099FB012365602370E7
S214005E3870BDC046F4530020CC231B061840014B07
S214005E4858607047F4530020014B58687047C046A6
S214005E58F4530020014B58707047C046F453002096
S214005E68F0B585B001930AAB1E784B4B00925A7872
S214005E7805000C00002A00D186E05B68002B00DBDA
S214005E8882E002ABDF1D0122010038000BF051FB57
S214005E9842480BF0CCFA42480BF0C9FA41480BF0DE
S214005EA8C6FA022138780BF0CCFA3F480BF0BFFA56
S214005EB83E480BF0BCFA287801214007400F0BF04B
S214005EC8C0FA3B480BF0B3FA3A480BF0B0FA287819
S214005ED800220121C0090BF0C8FA35480BF0A7FAD2
S214005EE835480BF0A4FA2878002280060121C00F56
S214005EF80BF0BBFA2E480BF09AFA30480BF097FADC
S214005F082878002200070121C00F0BF0AEFA2448BB
S214005F180BF08DFA25002A480BF089FA0835207808
S214005F28022101340BF08DFAAC42F8D11C480BF074
S214005F387EFA24480BF07BFA009C2500083520786A
S214005F48022101340BF07DFAAC42F8D114480BF06C
S214005F586EFA1D480BF06BFA0022032130000BF096
S214005F6884FA1A480BF063FA0D480BF060FA1848E2
S214005F780BF05DFA019CA619B44207D108480BF04D
S214005F8856FA07480BF053FA05B0F0BD2078022100
S214005F980BF057FA0134EFE7F4530020AA86010005
S214005FA884860100B4860100C8860100CC860100FC
S214005FB8D9860100DC860100E1860100E58601003D
S214005FC8EA860100FC8601000E8701002087010092
S214005FD82687010010B51E4B04005A78BAB35B68D2
S214005FE85B0034D5037893B31A480BF020FA23786D
S214005FF8DB0605D518480BF01AFA18480BF017FAFE
S21400600823785B0705D516480BF011FA13480BF0F2
S2140060180EFA23781B0705D512480BF008FA0F4826
S2140060280BF005FA23789B0705D50F480BF0FFF908
S2140060380A480BF0FCF92378DB0705D50B480BF06C
S214006048F6F906480BF0F3F904480BF0F0F910BD22
S214006058F453002038870100488701008486010031
S21400606853870100618701006C870100788701006B
S21400607810B52C4B04005A78002A4CD05B685B019C
S21400608849D529480BF0D3F928480BF0D0F9284809
S2140060980BF0CDF92378012B3ED126480BF0C7F933
S2140060A822480BF0C4F924480BF0C1F900220A2153
S2140060B860680BF0DAF91D480BF0B9F91F480BF0C9
S2140060C8B6F900220A21207A0BF0CFF917480BF010
S2140060D8AEF91B480BF0ABF900220A21E0680BF07A
S2140060E8C4F912480BF0A3F916480BF0A0F90022E1
S2140060F80A21607C0BF0B9F90C480BF098F91248A5
S2140061080BF095F91020002220560A210BF0ADF965
S21400611806480BF08CF910BD022B01D10B48BDE7E1
S2140061280B48BBE7F45300208687010084860100ED
S21400613895870100EC8A0100B0870100C38701003B
S214006148D6870100E9870100FC870100A8870100BF
S214006158AC87010070B52D4B04005A780D00002A54
S2140061684CD05B681B0149D529480BF060F92948D3
S2140061780BF05DF928480BF05AF92378012B3ED12D
S21400618826480BF054F923480BF051F924480BF035
S2140061984EF900220A2160680BF067F91D480BF0DB
S2140061A846F920480BF043F900220A21207A0BF022
S2140061B85CF918480BF03BF91B480BF038F900223D
S2140061C80A21E0680BF051F912480BF030F9053453
S2140061D816480BF02CF900220A21E07F0BF045F94F
S2140061E80C480BF024F912480BF021F9280000227D
S2140061F80A210BF03AF907480BF019F970BD022B83
S21400620801D10C48BDE70C48BBE7C046F453002054
S2140062180F8801008486010095870100EC8A01003A
S214006228B0870100C3870100D6870100E98701000F
S2140062381E880100A8870100AC870100030010B57E
S214006248042053B10C001134920701D519310C0003
S2140062580420FF2C01D800201C7010BDF0B50500E6
S2140062688FB0069316AB1B780F00059317AB1B78F9
S21400627816000120079345B1069B33B1149B23B142
S214006288159B23B9059B13B104200FB0F0BD00235E
S2140062980C936B4616201A7F06AB0599C018FFF7B5
S2140062A8CDFF0400002800D0A6E0012F05D0032F5C
S2140062B8EAD1059B002B00D19DE0FF220021A81CF7
S2140062C80BF04CF90722079B3A409B07DB0FDB00D5
S2140062D81343079AF601D207920E134350221E4321
S2140062E8AB78069913401E43AE70E81C483A0BF08C
S2140062F829F92800082214990B300BF023F90223F9
S214006308079E079A1E401A4217D006980CA900F056
S21400631890FF040000286FD1280004220CA913302F
S2140063280BF007F92B0017330993012F0CD1099BA3
S2140063383C00059E0027089315E02B0013330993AD
S2140063483700012408960EE02B0018330893059BA7
S2140063585E1E159BF6B21B78022B3FD00127032B37
S21400636801D027000124059B9BB11A0015990998AE
S2140063780BF0DFF8089B63B15EB10C9B200001931D
S214006388149A089B06990096FFF72EFC002800D062
S2140063987BE7162306AA9B181E78079B9B071AD529
S2140063A8331FDBB2AA1C0DA9D7B1009120000699AD
S2140063B8FFF7B5FC002800D067E7059B09989C46C0
S2140063C80DA9604404220BF0B4F80C990698013124
S2140063D80C9100F03DFF00202E7056E72600AFE730
S2140063E802910C990093019113002000149A0699C3
S2140063F8FFF764FCDEE70424200046E7F0B50E004D
S21400640819008DB012AB1B78050017000124059300
S21400641851B30223152007AC237002ABC018102214
S2140064280BF087F8002203AB1A701123019402932D
S214006438032133002800059A0097FFF70FFF040092
S21400644890B906AF2B783100AA1C0097FFF767FCB7
S214006458040048B9287804220230390028180BF0BE
S21400646868F82B7804332B7020000DB0F0BDF0B51B
S2140064788DB00D000590140019000120ABB103265D
S21400648802AB1430C018102207AF3E700BF051F85C
S214006498022203AB1A7011230022029331002B004C
S2140064A8059801970094FFF7D9FE0DB0F0BDF0B53A
S2140064B88BB0109C0500160001201A008CB12478B9
S2140064C805AB03301870640803380440844003AFF3
S2140064D83C700290019328000B0000960321FFF7FA
S2140064E8BDFE0BB0F0BDF0B58BB0170010AA127841
S2140064F8060052B29446129A012032B30524157843
S21400650805A80470EA091C1C203320DA49F20F5348
S214006518C0F201031C783F231C404470604605AB5C
S21400652898701198D870000A18711198000C587154
S2140065380220054003A805700620019302900B0070
S214006548300003210097FFF789FE0BB0F0BD63B259
S2140065581F2BE0DD1F24DEE7F0B58BB0119F160079
S21400656810AA050012780120AFB105AC05302070DE
S214006578180AA070022063701B0CE3703B78034077
S21400658803A8037004232800029301940B000096C6
S2140065980321FFF763FE0BB0F0BD70B505008AB0A7
S2140065A8012093B1072405A804701C780123640809
S2140065B81C409C4003AE3470029301900B0000927E
S2140065C8032100222800FFF749FE0AB070BDF0B587
S2140065D8050014001E000120CBB0002900D180E081
S2140065E80930002A7DD0AA427BD80638002B78D0FE
S2140065F8509B002B75D0519B002B72D0529B002BC2
S2140066086FD0539B002B6CD0002302A806931E3332
S2140066181B18180009AD2A700AF08BFF0522AB7804
S2140066281A400592012A00D0ACE01B0745D519256B
S214006638332702AB0A20FF18A54252D81E2302A908
S2140066485B181900012230000AF073FF272102ABFD
S214006658C918082250980AF075FF1F2102AB5198F6
S2140066680822C9180AF06EFF509800F097FDC0BBC4
S21400667809AB9B781B0723D409AB9B7808221E001E
S214006688651BEDB2164013422DD10722049613401F
S214006698032B51D13B78022B4ED1043DEDB208AA0C
S2140066A800921E2202A9043CE3B252180020509918
S2140066B8FFF735FB0023059333E011252F27B8E7AE
S2140066C82F2102ABC91806A804220AF032FF5098F8
S2140066D807A900F0D1FD20B9069A079B14309A4204
S2140066E8CADC4BB0F0BD5B075B0F012B3BD0032B1E
S2140066F836D13B78022B45D07A1C6E1E0492F6B231
S214006708032BCCD008AB0293069B02AA01931E2348
S214006718043C9B18509AE4B2110001200094FFF73D
S214006728CDFA0028DDD10422791908A811F022FB39
S21400673803001420002BD4D109ACA3781B0715D46A
S2140067482A00390052980AF0F4FE539B1D70A3786D
S2140067581B0703D50699509800F09DFD0020C0E75A
S21400676800260496CEE72E000497CBE7069B509AA1
S21400677801931100049B05980096FFF796FA0028E7
S214006788AFD1DDE70420ACE770B5074D0C002B78D9
S21400679806223BB10232054911F0ECFA062208B986
S2140067A802002560100070BDFC530020FD53002039
S2140067B810B500B910BD0300F8331C68FC22002190
S2140067C80AF0CCFE2000F4E710B5FC2200210548AC
S2140067D80AF0C4FE0448102200210AF0BFFE00207A
S2140067E810BDC0460C540020FC53002070B504238E
S2140067F80400A0B10B4D0C4E2B782BB108223100AB
S21400680811F0B8FA012350B90822210030000AF026
S21400681890FEE868FFF7CCFF01232B7000231800D2
S21400682870BDC046FC530020FD53002037B5042435
S21400683848B101A9FFF7A8FF040020B9019DE86840
S214006848FFF7B6FF2C7020003EBD000073B50500AC
S214006858042428B3002301A90193FFF795FF040039
S214006868F0B9154E34782CBB2A7BA96813480AF071
S21400687860FE33002A7BF2331A703300EA89F43359
S2140068881A80FB2132002B7CF6320B401370330043
S214006898F8331C60019BDA6822B9DE600123337086
S2140068A8200076BD1300F8321268002AFAD1F833B1
S2140068B81E60F3E70C24F3E70C5400201054002065
S2140068C873B50400042004B30023214D01932E78E9
S2140068D80830D6B92378012B18D0022B22D00738D7
S2140068E84BB9201D01A9FFF74FFF20B9FB22237BD8
S2140068F8023613402B712B000022F8331A6020B999
S214006908019BDA68E2B9DD602E7076BD201D01A90C
S214006918FFF73AFF0028EED1FB22237B032613401D
S2140069282B71E8E7201D01A9FFF72EFF0028E2D10A
S2140069380426237BDBB2B3432B712369AB60DAE70B
S2140069481300F8321268002AFAD1F8331D60DBE724
S2140069580C540020F0B5070004248FB0002840D05F
S21400696800241422210004A809AE03940AF0F6FDB8
S2140069782100142230000AF0F1FD380003A9FFF7C1
S21400698803FF040068BB039BDD6801934DB32878BA
S2140069980134013803281AD810F066FA022633356F
S2140069A8082204A839000AF0C4FD2B1D0693EE330E
S2140069B81B7802AA13752B00F4331B8804A8D3820D
S2140069C82B00F6331B781376FEF7CEFE04002B005A
S2140069D8F833019A1B680021D3602800FC220AF0CD
S2140069E8BDFD20000FB0F0BD0023082239000AA81C
S2140069F833700AF09EFD2B7933733000FEF758FF8C
S214006A08E4E70123F1E70223082239000AA83370D5
S214006A1811F027FA2B793373AB683361EDE7000082
S214006A280423024A11780B43137070470855002058
S214006A380223024A11780B4313707047085500204A
S214006A480123024A11780B4313707047085500203B
S214006A58F8B5150007000E001C00FAF7A1FC08227E
S214006A68054B9860D96019781F610A439E82DD82BB
S214006A781C761A70F8BDC0460855002010B5FAF7FF
S214006A888FFC1022034B9860D96019780A431A7055
S214006A9810BDC046085500200F49104B10B50B60B6
S214006AA80F4B01208B600F4B0B610F4B4B600F4B4E
S214006AB8CB60FCF7A7FF040058B90D4B5B699847F5
S214006AC80AF024FD202221000A480AF047FD20008B
S214006AD810BD0F24FBE7C04628550020856A000035
S214006AE8596A0000396A0000296A0000496A0000ED
S214006AF8749401000855002010B50120FCF770FFBB
S214006B0800B10F2010BD0000030010B5042049B1E5
S214006B18012B08D0022B0AD000181BB9064BDB6FD6
S214006B289847002010BD044B0620DB6FF8E7024BA1
S214006B380920DB6FF4E7C04674940100030010B523
S214006B48042049B1012B08D0022B0AD000181BB923
S214006B58064B9B6F9847002010BD044B06209B6F82
S214006B68F8E7024B09209B6FF4E7C04674940100CF
S214006B78F0B58DB005000F240B910A9268B161B18B
S214006B885AB12F4F0D3C7B689847060028B92C78D9
S214006B98012C05D0022C34D0042420000DB0F0BD02
S214006BA8EA68284923008A4204D0274BD218534261
S214006BB85A41530010216A6969560120089208262E
S214006BC8002204900792069205920392029601907C
S214006BD82E7A0096FE69B0472600FB6868689847D4
S214006BE830007B6D0A999847BB6A0A990B989847B4
S214006BF80400F0B1672820D0663C631E9C4111341F
S214006C08CBE710216B696956089301230493043374
S214006C18029340F2E833079006900590039001909F
S214006C282A7AFC695343009346F2A812EB68A047F9
S214006C38D3E72800FFF71CFAAFE71024ADE7C046F5
S214006C487494010090D00300E05EF8FFF0B58DB0B4
S214006C5804000B9118B90F2630000DB0F0BD304F68
S214006C6802267B68984705000028F5D12678012E6D
S214006C7803D0022E35D00426EEE7E368294A310011
S214006C88934204D0284A9B185A425341590000257B
S214006C9801200B9B227A089507950695049503957F
S214006CA809930590E36900959BB202930823BD6992
S214006CB801930300A8473500FB6860689847631D82
S214006CC82800D97F7B6D98470B9B002503B925695B
S214006CD828007B6B98470600E8B16428BBD11226CB
S214006CE8BAE740F2E832237A08905A430B9B07909B
S214006CF8099301230690059304900390E3694CF2E8
S214006D0850319BB2029305230193084BBE6900934A
S214006D180300B047D0E729002000FFF71BFA9BE7DF
S214006D287494010090D00300E05EF8FF85450100EA
S214006D38024B10B51B6E03B1984710BD7494010042
S214006D4830B5174D8BB0040002A809F0C5FC2A78A8
S214006D58531CDBB22B700AB909F0E2FC02A809F052
S214006D68C0FC20220F4902A80AF0E3FB20220021DB
S214006D780C480AF0F3FB01A809F0AEFC2B78013B9F
S214006D88DBB22B700BB909F0DBFC01A809F0A9FCF3
S214006D9824B12022200002A90AF0CBFB0BB030BD9C
S214006DA88066002008550020034B1878034BC0B2B5
S214006DB81B7803B101207047804F0020085500203B
S214006DC810B5074C63689847042808D0052802D1F0
S214006DD8231DDB6F9847236B9847E36E984710BDD3
S214006DE87494010010B5074C63689847052808D0C6
S214006DF8042802D1231DDB6F9847236B9847E36A64
S214006E08984710BD7494010010B5084C63689847FD
S214006E1858B10438C0B2012802D8231DDB6F984742
S214006E28236B98470020A36D984710BD7494010003
S214006E380A4A10B51478030001200B2C0CD0147ADB
S214006E4803309C4208D91030584353681A181B5C04
S214006E5804200BB100200A6010BDC0460C4000207C
S214006E68030010B50120F1B10A2B4AD818000FF01C
S214006E78FBFF3348060606063D4848212B00022B32
S214006E8812D0032B12D0042B12D005201E4C1F4AFA
S214006E9813700823546013725072063B0B7000235D
S214006EA800204B708B7010BD194CF0E7194CEEE7BC
S214006EB8194CECE70922154B1A70184A5A6040F626
S214006EC80A121A810223E9E70A22104B1A70144A9A
S214006ED85A6040F60722F4E70C4A1248002350602E
S214006EE808201370108102220A70D9E70622074B81
S214006EF81A700D4A5A6040F201621A8100230B701C
S214006F08CEE70720CFE7C046509D01000C40002082
S214006F18309F0100909E0100F09D0100889C0100B2
S214006F28FC9B01005C9B0100489B01000E4B13B5BF
S214006F381A78040001200B2A14D06A465B7A01A945
S214006F4800201371FFF7FAFD6B4601A901201C719A
S214006F58FFF7F4FD00246B46022001A91C71FFF719
S214006F68EDFD200016BDC0460C400020F7B5070012
S214006F780E0015001C0001206AB163B159B1380033
S214006F8801A9FFF755FF30B9019B1A7832705A7875
S214006F982A705B682360FEBD0D4B37B514001A785F
S214006FA80500012308000B2A0ED06CB101A9FFF7D3
S214006FB83FFF030040B9019A117CA94206D9D06860
S214006FC8916868434018206018003EBD0423FBE71C
S214006FD80C400020064B01201B780B2B07D031B144
S214006FE8FF230B7012B142F2107313600020704733
S214006FF80C400020054A0300127801200B2A04D012
S2140070081BB140F6B83200201A6070470C400020CA
S214007018F7B51E000D00170001235EB101A9FFF7A2
S21400702807FF030030B9019A1178012904D0022914
S21400703829D004331800FEBD5178154C52688C4090
S214007048B4FBF2F440F2E8312A1F6243794352183F
S21400705852001AB1611E8A18B2FBF4F2954200D2A9
S2140070681500A2006C43002135600CB1013461089C
S214007078521A40F2E83101D50648121892FBF1F28E
S21400708808990A60D6E741F640745278D8E7C046B1
S21400709840420F0019FCFFFF10B5084B0C001B7987
S2140070A8062243B10232064910F064FE062210B9E1
S2140070B8044A22600200100010BDC0464C5500204D
S2140070C85455002050550020F0B585B003930600AF
S2140070D80D000423019270B31A4C1B4F237933B169
S2140070E808221A4910F046FE012320BB184F184BF9
S2140070F854220021180002930AF030FA08223100C0
S21400710812480AF016FA25B11022290011480AF08A
S21400711810FA019B102219000F4803B929000AF03B
S21400712808FA039B23630A9B636301232371029B6C
S2140071389F4203D10023180005B0F0BD2378013321
S2140071482370F7E74C550020A4550020545500201E
S214007158505500205C5500206C550020042307B5C8
S21400716850B101A9FFF798FF030028B9019A03490F
S21400717810700A78013A0A7018000EBD4C550020A7
S21400718810B55822002102480AF0E8F910BDC0469A
S2140071984C55002010B5FFF7F3FF10BD042307B5C4
S2140071A818B101A9FFF778FF030018000EBD37B520
S2140071B80D00042458B151B101A9FFF76DFF040072
S2140071C828B90199102228000C310AF0B2F92000DB
S2140071D83EBD37B50D00042458B151B101A9FFF7DB
S2140071E85BFF040028B90199102228001C310AF018
S2140071F8A0F920003EBDF7B50D000424B8B1B1B122
S21400720801A9FFF749FF040088B9019E102237003C
S2140072181C372900380010F0ADFD40B110222900B7
S21400722838000AF086F90123728813437380200019
S214007238FEBD13B504230C0040B139B101A9FFF710
S2140072482BFF030010B9019AD26A2260180016BDF7
S21400725813B504230C0068B101A9FFF71DFF03004E
S21400726840B9019AD16AA14204D002215088D4625A
S21400727801435180180016BD13B504230C0040B115
S21400728839B101A9FFF708FF030010B9019A126B7C
S2140072982260180016BD13B504230C0068B101A9B6
S2140072A8FFF7FAFE030040B9019A116BA14204D019
S2140072B804215088146301435180180016BD37B561
S2140072C80D00042458B151B101A9FFF7E5FE0400EA
S2140072D828B901991022280034310AF02AF920002A
S2140072E83EBD37B50D00042458B151B101A9FFF7CA
S2140072F8D3FE040028B901981022290034300AF079
S21400730818F920003EBD37B50D00042458B151B118
S21400731801A9FFF7C1FE040028B901991022280028
S21400732844310AF006F920003EBD37B50D000424A6
S21400733858B151B101A9FFF7AFFE040028B901986A
S2140073481022290044300AF0F4F820003EBD000060
S21400735870B504000420F4B10F4D02302B79D3B178
S214007368EB88C3B108220D49A01C0AF0E2F82000F9
S21400737810220B490A300AF0DCF8200010221A30D6
S21400738808490AF0D6F800202B6BE3626B6B236380
S214007398EB882380E88070BD4C55002054550020AB
S2140073A85C5500206C55002010B504001022002102
S2140073B8B1300AF0D3F823000021D433B0222000DD
S2140073C819600AF0CBF810BD10B50DF0FBFD10BD26
S2140073D80300F0B5D433040018680E00150087B013
S2140073E848B310231B1A1F000093934200D91700B6
S2140073F82300C133BAB21818310001930AF099F87D
S2140074082200D4321368FB1813600F2B1DD9009B7B
S214007418AB421AD22000B13003001A78197C4A40D1
S2140074281A70019A01339A42F7D1220001000DF032
S2140074381BFEF619ED1B2000C130102D07D83100B1
S214007448AAB2D4340AF075F8256007B0F0BD270054
S214007458B1373B00009600991A7809784A401A70A6
S214007468009A0133013200929842F4D11022390072
S21400747802A80AF05EF802A9220008000DF0F4FD42
S2140074881022380002A90AF054F81036103DD2E748
S214007498F0B50C008BB010220021019002A80AF06B
S2140074A85DF802A9220008000DF0DEFD02AB1A788E
S2140074B800217F2A3FD918785A784000D20902431B
S2140074C801311A7001330F29F5D102ABDA7B792323
S2140074D852005B4253402600D4363068DBB202AA1C
S2140074E8D373102835D123002000C133D130197842
S2140074F8157801326940197001339842F7D1210096
S2140075082000B1310B00C1301A781D7C6A401A7011
S21400751801338342F8D106A810220AF00AF822009E
S21400752806A901980DF0A0FD1022002102A80AF075
S21400753815F80BB0F0BD18785A784000D209024307
S21400754801311A7001330F29F5D102ABDB7B5B00E2
S214007558C1E70022002102AB9A568A4232DA1D7829
S2140075685A786D00D2092A4301311A7001330F295F
S214007578F5D102ABDA7B792352005B425340DBB28B
S21400758802AAD37380222318C133471C00251A7019
S214007598102F01D80F352D1AC2302A0000212018C6
S2140075A810F0F6FB23002000ED193560C13302AA5F
S2140075B8D130197815780132694019700133834241
S2140075C8F7D19CE71D785A786D00D2092A43013115
S2140075D81A7001330F29F5D102ABDB7B5B00CEE7CF
S2140075E87047000070B500221124084D230053434D
S2140075F8EE5C864205D10020054A20339B180B60B6
S21400760870BD0132142AF1D10320F9E7C8550020CD
S214007618A8550020F0B5BFB006000D0017000224DC
S214007628019309B3449BFBB108A8FFF7BDFE019878
S21400763803A9FFF7D7FF0400B0B9039908A80131DA
S214007648FFF7C2FE26B11022310008A8FFF7C0FED9
S2140076583A00290008A8FFF7BBFE08A904A8FFF708
S21400766817FF049B449A136020003FB0F0BD00004B
S2140076787FB50026334C050010220021684610F01E
S21400768887FB631CDE772300012231331A70230040
S214007698921842331A702300053253331A702300A7
S2140076A8013264331A702300013275331A702300CE
S2140076B8763286331A702300013297331A70230005
S2140076C80132A8331A7023000132B9331A70230026
S2140076D80132CA331A7023000132DB331A702300D2
S2140076E80132EC331A7023000132FD331A7023007E
S2140076F80132FF33DA7340F21F130132E2541133BA
S2140077080132E25411330132E25411330132E254A9
S21400771811330132E25469460B487C3A09F009FFF6
S21400772810223100200009F019FF10223100074806
S21400773809F014FF05B9064D0020064B1D6004B07D
S21400774870BDC046A85500200C570020B85500202C
S214007758E9750000A4550020010010B5022029B1E3
S214007768034840F2741209F0E4FE002010BDC0463B
S214007778A855002040F27413036001487047C046BD
S214007788A855002013B5040003207E2B04D80498BF
S21400779800902000FFF73EFF16BD30B585B01C00F0
S2140077A808AB05001B78022061B10020039003A8EF
S2140077B800902800FFF72EFF20B90398001B431EF1
S2140077C89841C0B205B030BDF0B5B1B00E00150096
S2140077D81F0002240190C0B1BFB10F230334194023
S2140077E81E4212D1B02203A809F0B8FE280002A94A
S2140077F8FFF7F8FE040040B9029903A801310DF01E
S214007808E1FB3500701BC0B215B9200031B0F0BDE1
S214007818019B03AA1918103D38180DF025FCADB2C7
S214007828F0E700007FB5002311220D001A49140066
S2140078385C430E5D86422AD1184B80382134C0B28C
S2140078481022174EE418092819D840F24923C340D5
S214007858DB0714D50021684610F09AFA6B467F229B
S21400786810212800FFF7B0FF102205006946200007
S21400787809F05FFE33689847280004B070BD2900F9
S214007888200009F056FE336898470025F4E70133D0
S214007898142BCCD10325EFE7C8550020A8550020A7
S2140078A8A4550020022310B511B1FFF7BBFF030053
S2140078B8180010BD7FB50D0016001C000220B1B1DF
S2140078C810220021684610F063FA7F2C04D10223A8
S2140078D832009A43032052B16B463200102128002A
S2140078E8FFF772FF18B969462000FFF79BFF04B040
S2140078F870BD0000010010B5022039B104481022FE
S21400790809F017FE034B1B689847002010BDC046B9
S214007918A8550020A455002000487047A855002008
S214007928010010B5022039B10448102209F001FE02
S214007938034B1B689847002010BDC046B85500206A
S214007948A455002000487047B855002003000020C2
S214007958082B04D82230FF30D8400123184070473F
S214007968030007B50800052B07D0082B08D053B925
S21400797800F0B8F9019001980EBD01F057FAF9E742
S21400798801F09AFFF6E700230193F4E7030010B529
S2140079980800052B05D0082B06D00BB900F02CFAEA
S2140079A810BD01F0A9FAFBE701F0F6FFF8E70300BF
S2140079B810B50800052B05D0082B06D00BB900F02B
S2140079C83FFA10BD01F0ACFAFBE701F0F9FFF8E763
S2140079D8030010B50800052B05D0082B06D00BB9F8
S2140079E800F040FA10BD01F0ADFAFBE701F0FAFF2F
S2140079F8F8E7020010B50800052A08D0082A09D0BA
S214007A08002312B900F002FB0300180010BD01F0B5
S214007A1849FBF9E702F0CCF8F6E710B504000800D1
S214007A281100052C08D0082C09D0002314B900F042
S214007A38F3FA0300180010BD01F03CFBF9E702F06A
S214007A48BFF8F6E7030010B50800052B05D0082B8D
S214007A5806D00BB900F0C2FE10BD01F09BFEFBE796
S214007A6802F0E0F8F8E7020010B50800052A08D08A
S214007A78082A09D0002312B900F010FB03001800EA
S214007A8810BD01F041FBF9E702F0F4F8F6E710B58F
S214007A980400080011001A00029B052C05D0082CCB
S214007AA806D00CB900F00EFB10BD01F041FBFBE759
S214007AB802F016F9F8E710B5040008001100052CC6
S214007AC808D0082C09D0002314B900F04BFB03009B
S214007AD8180010BD01F074FBF9E702F03DF9F6E76F
S214007AE870B50500080011001A00052D08D0082DED
S214007AF809D0002415B900F09FFB0400200070BDD3
S214007B0801F0C8FBF9E702F06FF9F6E773B5079ED0
S214007B180500080011001A00069B052D09D0082D3F
S214007B280BD000241DB9009600F00EFC04002000BF
S214007B3876BD009601F036FCF8E7009602F0DAF912
S214007B48F4E7020010B50800052A08D0082A09D06C
S214007B58002312B900F0A2FC0300180010BD01F0C3
S214007B68B9FCF9E702F09EFAF6E7020010B508003D
S214007B78052A08D0082A09D0002312B900F062FEA8
S214007B880300180010BD01F039FEF9E702F0B3FA59
S214007B98F6E7020010B50800052A08D0082A09D01A
S214007BA8002312B900F09CFC0300180010BD01F079
S214007BB8AEFCF9E702F0A1FAF6E7020010B50800F5
S214007BC8052A08D0082A09D0002312B900F08AFC32
S214007BD80300180010BD01F09DFCF9E702F090FACA
S214007BE8F6E710B5040008001100052C08D0082C8C
S214007BF809D0002314B900F095FC0300180010BD46
S214007C0801F0AAFCF9E702F07DFAF6E7030010B5E2
S214007C180800052B05D0082B06D00BB900F084FC0D
S214007C2810BD01F09BFCFBE702F082FAF8E770B59E
S214007C380500080011001A00049B052D08D0082D21
S214007C4809D0092415B900F08DFC0400200070BD89
S214007C5801F0A2FCF9E702F089FAF6E770B505002C
S214007C68080011001A00052D08D0082D09D0CCB23E
S214007C7815B900F005FE0400200070BD01F0DCFD1B
S214007C88F9E702F07FFBF6E7030010B508001100DD
S214007C98052B05D0082B06D00BB900F0FFFD10BD4C
S214007CA801F0D2FDFBE702F07DFBF8E70A4B10B5C2
S214007CB81B6A0400984770B1084B094A1B78DB001A
S214007CC89958002210008C4205D305495B185B685A
S214007CD8A3425241D0B210BD749401001C57002034
S214007CE8F09F010007B500220300007800920138D3
S214007CF8382834D80FF0B8F81D223324331F33330E
S214007D0833333333353E333333333333413333331B
S214007D184B4D4F51333333332633333333333333C7
S214007D283333333333335A53583333335A5833622F
S214007D386500DB789BB10223009310E09B78F9E797
S214007D480723F9E79A785B785BB21AB92BB1013B3F
S214007D58DAB202E01A00022BF9D152B20092009869
S214007D680EBD01229A569B7813B9174B9B5CE3E726
S214007D78164BFBE7164B1B78DEE740F2E831154852
S214007D8809F0CAFB40F2D073C0180090E7E7124B20
S214007D98D2E7124BD0E71023CEE7114BCCE740F2E0
S214007DA811136A461380DAE70323C5E70D4B0E4A1C
S214007DB81B789B009A580D4B9B1ABDE70C4B1B88EB
S214007DC8EFE70C4B1B68B7E7B4A00100ACA00100B6
S214007DD81840002018FCFFFF00580020025800201A
S214007DE8205700201C57002018A0010040F709372C
S214007DF80458002008580020037810B5382B0ED0F9
S214007E08392B11D00E2B09D10A4903790A789A42E0
S214007E1804D00B70084B06209B6F984710BD074B85
S214007E288288E4331A80F9E7044B4268E8331A601C
S214007E38F4E7C0461840002074940100205700203C
S214007E480C218268C36810B5047840786143044CF6
S214007E580919497A06314901091900F0B2FD10BD21
S214007E682057002070B58AB06A4664231381002321
S214007E7893720023002204920593069207930892B1
S214007E88099303790400042B17D818000EF0ECFFAA
S214007E98175873037B004F4B64211A00C0321180B9
S214007EA81A0000200021C832106051601A00D8332A
S214007EB8D03210605160186059600AB070BD464DE7
S214007EC86379464E2022280002A9337009F031FB58
S214007ED803230122424943486B8400F066FD55237C
S214007EE801225B42AB845A33AB623F4B00211A70C7
S214007EF80223237240F6B833E36040F2E833236186
S214007F0840F2D073636141F28833A36141F2707323
S214007F18E361A318E280D977337834499B00585830
S214007F283349091A616240F20211218521002A317B
S214007F380A70304A9B58E3622F4B23632F4B6363C8
S214007F48244A11001000E031E2300B880088034311
S214007F580B8011002A4B31CB31C170CB70C11F4B3F
S214007F6822491B789B005958214B5B1A1360254BF6
S214007F785B1AD360A1E7216800299ED0F022154835
S214007F8809F0D7FA99E7154A1078013803281FD858
S214007F980EF06AFF021A031C09236A4693711A4BED
S214007FA8911D9C6F0820A0476B46591D0E4B062056
S214007FB81B785A1E93410B70A0476B46D91D0023A9
S214007FC809200B70A04778E70323E6E70523E4E7D4
S214007FD80223E2E720570020E05700201C57002025
S214007FE802580020005800201840002018A0010061
S214007FF800EA0637D09F01009A9909404000200001
S214008008E4A0010040F7093774940100F0230360E8
S2140080180048704720570020030010B508000E29B6
S21400802831D80EF021FF08303030300C1A1F3029B6
S214008038293030302D001868FFF738FE10BD0020B4
S214008048124A1349127818568A56997891B900F048
S21400805870FC431E9841C0B2F0E70020052218566F
S2140080680021F4E70020094A0A49127818568A5669
S2140080785978EBE70221EAE7002007221856EFE7CF
S214008088054B1878E5E70020D8E7C0461C570020BF
S214008098E99F0100E49F01001840002010B502790E
S2140080A8030022B10020012A07D1044801E001227A
S2140080B80348196800F079FC012010BD025800201A
S2140080C800580020F7B51C00204B16001B78204AE5
S2140080D80D00D35C191C5BB2834200DD011C1D48F1
S2140080E81D4F84464AB261709100CB590120634502
S2140080F804D01A481B18584243415800A070072A53
S21400810819D1322000F030FD22002300A17C0C3269
S21400811808330192009332000023072911D1290061
S21400812800F050FD0123E356072B03D0A06800F0AB
S2140081381FFEA060F7BD0A4B7958985C00F00CFD4E
S214008148E2E7290000F016FDECE7C0461C570020C1
S214008158E49F010090D00300BCA00100E05EF8FF99
S214008168DCA00100F0B501272E4D8FB06B680D918D
S2140081780400C757466898470B900B9B0020C3BB64
S214008188A37C43B922780C335343274A9A18566877
S2140081980EB9254A9E58254B3000DB570C93EB68E2
S2140081A89847AB699C46637C072F24D10020099327
S2140081B80123089007900690059304900390A368FF
S2140081C840F2E8329BB2029305230C990193184BB0
S2140081D84A4300934CF2503103006446A047154BBF
S2140081E80B98D95D6B6D0D31C9B2984701200D9B70
S2140081F81F700FB0F0BDA1780126099300230896DA
S21400820807930693059304930393A268300092B2EB
S2140082180292082200930192330064460C9AA04703
S2140082280B96DCE77494010020570020DCA00100C0
S21400823885450100B4A00100F0B591B00D92012269
S2140082480F9182563A4B04009B5602250B930C233B
S214008258017865574B4337495B185B7A06335B01F1
S2140082685B189B788178181C5BB2AB4200DA081C56
S214008278012143B20C93304B9200D3582F4A0A91EF
S214008288934205D02E4A9B185A4253418B400A9374
S214008298A26861680C9800F0BFFC0C232278294F6E
S2140082A853432449FA680E9058589047FB690122B0
S2140082B800259C4640F6A073A25608930795069597
S2140082C80595072A25D1012304930433029340F227
S2140082D8E8330B9A664653432800009346F2A812E2
S2140082E80A9B0E9903950195B0472E003000217B16
S2140082F87B6D98477B6A3000217B98470D9B0D9ACB
S21400830818600023012053600F9B0C9A1A7011B056
S214008318F0BD0823012602930B9B2A0003950093C1
S214008328300065460A9B0E9904960196A847DDE735
S214008338DCA0010020570020BCA0010090D003005C
S214008348E05EF8FF74940100F0B5002693B0019142
S214008358029204000622002108A803930FF018FDD5
S21400836804AB5E800725237AB34206D9606808A95D
S214008378801900F085FB00284FD1022704AB1F7236
S214008388637A04AA06A89372FFF7ACFC03000AA84F
S2140083980571A27A08AD42716A7804A98271AA7832
S2140083A8C2712A780272E27A4272227B8272627BF9
S2140083B80375C2721022354B027304AAD2191B78B1
S2140083C80261334AD35C12224375324B52188361DA
S2140083D8072311218383236804AC0A9309192B0009
S2140083E800F069FB0400072809D12B4B3A001F0050
S2140083F81800002109F0B2F804AB5B883B80200027
S2140084086B78019A1370AB78029A13702B78039ADC
S2140084181370189B1E7013B0F0BD04AB04AA9B8A99
S21400842836185380901CD27CF6B2062A15D006253C
S214008438002A98D1002B00D195E701206D19190064
S2140084481141014205D029005143124FC919096844
S214008458D1B10132102AF2D184E7002240F2010C91
S21400846815000C2151430B4FC919096821B1614603
S214008478914065460B439BB20132102AF1D1002D7C
S21400848800D16FE703806DE706256CE71C570020D0
S214008498E99F0100205700200058002070B505000D
S2140084A84068FFF703FC0630C4B200200A4B0B4AAC
S2140084B81B780021D256285600F03BFA08B902234A
S2140084C89C43012007220021285600F032FA08B9FA
S2140084D804239C43200070BD1C570020E49F010025
S2140084E800207047037810B5040000200F2B0CD826
S2140084F86068FFF7DBFB0C23227802305343084AF8
S214008508C0B29A5812B90223984310BD032804D162
S214008518034A9B1862685A60F7E70220F5E7C046E8
S214008528205700200220704710B588B06A460B4BCB
S21400853800930B4B01934378137203785372438866
S214008548538103AB021D12CA12C302694369684607
S2140085580692079300F086FB08B010BD205700204F
S214008568E0570020F0B58FB0079104920021102242
S21400857805000AA81C000FF00BFC08AB4620D91D06
S21400858803F058F8614E01220021300000F0EFF9A0
S21400859818B90323328813433380A868E968F8F7C4
S2140085A803FFAB68EA68060013430F0033B12A6876
S2140085B86B688B4259D801D1824256D800220023D4
S2140085C822606360524C01232200A97C687C00F07C
S2140085D8FFF9009001916B7CC03C059310232600A0
S2140085E800240127EB56029406930394494BE03384
S2140085F81B8823413B421BD03368CBB1059B1BB974
S214008608033323413B4213D0317A06980A090907F7
S214008618090F00F08EF958B1737A3D4A5B019B1832
S2140086289A69DB691A43C2B1039B0133DBB2039331
S21400863801340C36102CD9D1029B0BBB039BC3B953
S2140086480322344B0C20E03319880A431A80002290
S214008658002304990A604B6045E0029B02990133A7
S2140086680AAADBB254540293E2E7921BBB4100927B
S2140086780193009B019C049A0B201360546032E01F
S214008688029B591E08ABD879002830D0002008F085
S21400869843FFC6B20AAB9B5D01360093029B029A63
S2140086A896FBF3F3534310221B4FAA56F61AF6B25C
S2140086B8BB6F062A19D0194901209847154A009811
S2140086C8E4320021525E0C214143124B1148E83334
S2140086D841583F6901201B68B84768B9013CE4B2B5
S2140086E8002CD7D10D300FB0F0BD0D49E4E708F0E7
S2140086F813FF0AAB1B5C0093079B009A04991A7039
S2140087080022002300200A604B60ECE70058002097
S214008718E0570020205700207494010020400020D5
S2140087281C400020F8B5067905000620012E1BD946
S21400873803380F2E18D82A680124137A19091B073C
S2140087481B0F8B4207D8144B14481B78C356994204
S21400875800DC0024E4B21068FFF7A8FA01235840AA
S214008768C3B214B10533D8B2F8BD0420002BFBD130
S2140087780C22170077430A4B2968FF18380008F0C0
S214008788D8FE0122B240064B7C72E03319882000DE
S2140087980A431A80E8E7C0461C570020E99F0100F4
S2140087A82057002070B50478012C02D80025280030
S2140087B870BD10222100074800F0C5F80500002803
S2140087C8F4D00C225443044B0021E0180FF0E0FAD2
S2140087D8EDE7C0460058002020570020F0B50600F8
S2140087E8022487B06B461C7001346846E4B2FFF773
S2140087F8D9FF102CF6D1337A102B21D17368DC7B85
S214008808F4B95023642703AD2B72032262437368BE
S214008818995C9B1829605A7812020A432A609B784A
S2140088281B04134300227B436A602B602BB101A80C
S214008838A31C01950371FFF775FF0134052CE4D1DD
S21400884807B0F0BD07B502680379116839B96A46FA
S21400885868461370FFF7A6FF80B103200EBD00928E
S2140088686A4668461371FFF75DFF03000220042B73
S214008878F4D00138052BF1D0002BEED00020EDE720
S214008888C90020B9034BC9188856C0B27047024BB6
S214008898F9E7C0466CA001002CA00100030010B543
S2140088A80A4A86B001929A6801A8426040F21132DC
S2140088B80281002282725A681B880C000382C260FA
S2140088C800F016FA0323237006B010BDDCA00100E2
S2140088D8F7B5019108A90978009049B200209A4294
S2140088E824DB8A4222DC0C26012719E0019C410081
S2140088F8095B73438C460999CC18002361461941D5
S214008908394207D0217A0D072D0F954202DC090956
S21400891891420CDA01330C34102BEFD10130C0B27F
S21400892803010099DBB29942E0D80020FEBD012081
S214008938FCE7030000208B4204DBD80FD1179A42CD
S2140089484841C0B2704730B50B090400150900202D
S2140089589D420BD3914209D20F22013011400200EA
S2140089688A4011005B00E25A8A43E25230BDF7B5EE
S214008978019228B14A0083180020019A914200D338
S214008988FEBD002422001F880125A5402E003E407B
S214008998B54201D10132D2B20134102CF4D180187C
S2140089A80131C0B2C9B20233E7E710B520B119B138
S2140089B800235200934200D110BDCC5AC452023351
S2140089C8F8E70A614B6100B170478A60CB60FBE745
S2140089D8F0B5012676420F00140035005B0185B01D
S2140089E8D31803900293029BA34209D1731C03D1A8
S2140089F86B1C01D1002635003000290005B0F0BDFB
S214008A08039B5BBBA068E168F8F7CEFC0190009179
S214008A1820696169F8F7C8FC02000B000FB900224C
S214008A2813001900009B10008B4203D804D1019B49
S214008A38934201D901980099A269E3698B4202D84A
S214008A4812D1824210D9121A8B419D4202D803D104
S214008A58964201D916001D002034C4E74FB120699C
S214008A686169F8F7A1FCE7E700220023A261E36149
S214008A78F2E7002200233E003D00A261E361EBE737
S214008A8810B5027803000020032A13D15A780F3055
S214008A981400120904408C704A709A788A80DC7830
S214008AA8240222438A801B795A06520F0340CA7052
S214008AB80B700A3810BDF0B50627072687B0039155
S214008AC804920593437904000579C7578657E3B19E
S214008AD80823C3560293002D3AD00F2F1DD109271D
S214008AE8E7570F2E2AD10A23E356072D03D1029AF9
S214008AF80AB9013202922800039A1770049A137072
S214008B08059B029A1A7007B0F0BD0B2309270A26A0
S214008B18C3560293C7578657DDE71423A269E35660
S214008B28207B01921522A256009221693A00FFF78F
S214008B38CFFE0028D5D102239D43D2E71D23E35656
S214008B48B342D2DC1C23E356B34203DA04239D4324
S214008B583300D0E73300C8E7024B8340B3FBF1F09D
S214008B687047C04640420F0041F64073B3FBF0F032
S214008B787047000030B540F2E8350C1F44436A439E
S214008B88A21852001AB1441EA218B2FBF0F2914283
S214008B9800D21100039A116082004843002108B1F0
S214008BA801304108521A40F2E8314B43D31A01D536
S214008BB8034A9B1893FBF1F1049B196030BDC0462D
S214008BC819FCFFFF30B51D0040F2E8334C1F444344
S214008BD85A43A21852001AB1431E9A18B2FBF0F272
S214008BE8914200D21100039B0022196005234343DB
S214008BF8484308B1013042089B1A40F2E832554310
S214008C085B1B01D503495B1893FBF2F2049B1A60C1
S214008C1830BDC04619FCFFFF70B54000141C0D1C83
S214008C280EF07EFE011C281C0EF04EFC211C0EF0D9
S214008C384BFC051C0EF00CFE0021060044B2281C56
S214008C480EF060F960B930000EF022FE011C281CF8
S214008C580EF03AFC00210EF031F908B9013C64B276
S214008C68200070BD0C220100F8B5C07A0B6842439C
S214008C789B185B7A4A685B01D05AD41800220023F6
S214008C88A261E3614B7A8A7A33BB40F60F66CD68F9
S214008C986433B54209D949F6AF23AB429B4142F249
S214008CA828352B4040F2E8355B190AB90A7A92B1A2
S214008CB8051C984200D21D1C002301267642F71791
S214008CC8AAB2B6185F418A69CB69300039000EF03F
S214008CD843F9A061E161F8BD002AFCD0020088696A
S214008CE8C969002301267642F71792197B41EEE7F9
S214008CF870B52F2604008CB01C4D6E4431001D2024
S214008D0802F098FC2B1DDB6F98472B6B9847307842
S214008D18AB6D9847EB68606898470120217A6B6DC1
S214008D289847637A22680026D25CE368A17A58429C
S214008D384341012008960796069605960993237AD6
S214008D4803900493238A009602930A23AE6901933C
S214008D580300B0476B6BE068984720B101F078FBDA
S214008D68642002F0D1FC0CB070BDC04674940100BB
S214008D7803003F2803D8FE20013318407047F82226
S214008D881000F72BFAD8073313401800F6E7000050
S214008D98194B70B51B6A04000D00984730B1174B85
S214008DA8174AE318934202D802232B7070BD154B5E
S214008DB8154AE318934201D80023F6E7134B144AE2
S214008DC8E318934201D80123EFE7124B124AE3183F
S214008DD8934201D80523E8E7104B114AE31893425B
S214008DE801D80323E1E70F4BE4180F4B9C4201D848
S214008DF80423DAE70020D9E77494010040AA8FCC50
S214008E087F841E00C02571CCC0C62D00FF5E43CCF3
S214008E18BF270900A0B038CC20A1070040022ECCFE
S214008E2890D00300606E29CCE093040007B50022BA
S214008E38030000780092212816D80C2804D80723A7
S214008E4804282AD000980EBD0D381428FAD80EF03B
S214008E5801F82026F9F9F9F9F9F929F9F9F9333574
S214008E683739F9F9F9F917002F38C3B2072BE9D8BB
S214008E780728E7D80DF0EEFF282A2FE6E6E6282F83
S214008E885B785BB21A000BB1013BDAB252B20092C1
S214008E98D8E75B78114A5BB2D35C0093D2E7104BF5
S214008EA81B78FAE740F2E8310E4808F035FB40F246
S214008EB8D073C0180090C5E70B4BEEE70B4BECE7FA
S214008EC81023EAE70A4BE8E70A4BE6E740F21113F5
S214008ED86A461380B6E70323DFE7C046FCA0010016
S214008EE82440002018FCFFFF9059002092590020CB
S214008EF81058002008E6D333037810B50E2B09D196
S214008F08054903790A789A4204D00B70034B062069
S214008F189B6F984710BDC0462440002074940100FB
S214008F280C218268C36810B5047840786143044C05
S214008F380919497A063149010919FFF742FD10BD9A
S214008F4810580020F0B5B3B002AE0400C0220021CD
S214008F5830000EF01DFF0A2140F2E8320A20642392
S214008F686944CA871AA9088022A9338033840B80EB
S214008F782AAB1A80207904284CD80DF075FF0337E1
S214008F884D5667003D4DC0222800310008F0D1FA42
S214008F9840F282130722C03DEA523949063A394858
S214008FA8FFF703FD0123384AE380137040F6B83212
S214008FB8E26040F2E832226140F2D072626141F229
S214008FC88832A26141F270720023E261621C237249
S214008FD8D3772E4A2385626222002A3213708323AF
S214008FE8DB05E3622A4B23632A4B636340F2801156
S214008FF840F28210284B5A5A185A02435A52274AA5
S2140090081800110070C970C0E0C9E0C018331832E3
S21400901813CA13C333B0F0BD21680029FAD040F252
S21400902888121D4808F085FAF4E70022002000217F
S214009038124BB45A20329860D96018615961986109
S214009048D9611C802033C02AF3D1E3E76B4600259C
S214009058991D134B08209C6F0D70A0476B46591D31
S214009068094B06201B785A1E93410B70A0476B4687
S2140090780920D91D0D70A047CCE7C046D05800205F
S21400908892590020905900202440002008E6D33347
S2140090989A99094040002000105800202CA1010091
S2140090A87494010040F28813036001487047C04674
S2140090B810580020030007B508000E2920D80DF028
S2140090C8D3FE081F1F1F1F180E181F18181F1F1F54
S2140090D81C006A461868D11DFFF75AFE0EBD002010
S2140090E8052218560021FFF724FC431E9841C0B2FB
S2140090F8F4E7002007221856F4E7024B1878F4E73E
S2140091080020EBE72440002010B50279030022B1C6
S2140091180020012A07D1044801E001220348196803
S214009128FFF743FC012010BD9259002090590020FB
S214009138F0B585B01C000D000392031C072800DD5F
S21400914807231B4F5EB2BC461A49B20063705358D9
S2140091580127634504D0184FDB195F427B415F0047
S214009168A77006281ADD3220FFF7FEFC220023002F
S214009178A17C0C32083301920093039A0023072936
S21400918812D12900FFF71EFD0123E356072B03D053
S214009198A068FFF7EDFDA06005B0F0BD074B895845
S2140091A8985DFFF7D9FCE1E72900FFF7E3FCEBE75A
S2140091B890D0030004A10100E05EF8FF24A101009E
S2140091C8F0B501272E4D8FB06B680D910400C75778
S2140091D8466898470B900B9B0020C3BBA37C43B9FB
S2140091E822780C335343274A9A1856680EB9254AEC
S2140091F89E58254B3000DB570C93EB689847AB69B5
S2140092089C46637C072F24D10020099301230890ED
S21400921807900690059304900390A36840F2E832FE
S2140092289BB2029305230C990193184B4A4300936B
S2140092384CF2503103006446A047154B0B98D95D95
S2140092486B6D0D31C9B2984701200D9B1F700FB08A
S214009258F0BDA17801260993002308960793069384
S214009268059304930393A268300092B202920822F0
S21400927800930192330064460C9AA0470B96DCE7ED
S214009288749401001058002024A1010085450100AF
S214009298FCA00100F0B591B00D9201220F91825604
S2140092A83A4B04009B5602250B930C23017865570E
S2140092B84B4337495B185B7A06335B015B189B7830
S2140092C88178181C5BB2AB4200DA081C012143B255
S2140092D80C93304B9200D3582F4A0A91934205D0EC
S2140092E82E4A9B185A4253418B400A93A2686168DB
S2140092F80C98FFF791FC0C232278294F53432449F6
S214009308FA680E9058589047FB69012200259C463B
S21400931840F6A073A2560893079506950595072A62
S21400932825D1012304930433029340F2E8330B9AC1
S214009338664653432800009346F2A8120A9B0E99E5
S21400934803950195B0472E003000217B7B6D98472A
S2140093587B6A3000217B98470D9B0D9A1860002386
S214009368012053600F9B0C9A1A7011B0F0BD0823A9
S214009378012602930B9B2A0003950093300065464E
S2140093880A9B0E9904960196A847DDE724A10100DA
S2140093981058002004A1010090D00300E05EF8FFFA
S2140093A874940100F0B5002691B001910292040071
S2140093B80622002106A803930EF0EAFC04ABDE8022
S2140093C80725237AB34206D9606806A98019FFF7ED
S2140093D857FB002842D108A80571A37A06AD437149
S2140093E86B780A228371AB7804A9C3712B7852185C
S2140093F80372E37A09214372237B8372637BC37209
S2140094081023037304AB9F1D40F2007383822F4B17
S2140094180761836107238383236804AC08930919CB
S2140094282B00FFF748FB0400072809D10222002179
S214009438274808F093F840F280133A882349CA521E
S21400944820006B78019A1370AB78029A13702B7809
S214009458039A1370169B1E7011B0F0BD04AB04AAD5
S2140094689B893618D380901DD27AF6B2062A14D075
S2140094780625002AA5D1002BA3D001206D191900B6
S2140094881141014205D029005143104FC9190968F6
S214009498D1B10132102AF2D192E7002240F2010C33
S2140094A815000C215143094FC919096821B16146B5
S2140094B8914065460B439BB20132102AF1D1002D2C
S2140094C800D17DE703807BE706257AE71058002061
S2140094D89059002037B56B460500D91D4068FFF740
S2140094E857FC0630C4B20020072200212856FFF792
S2140094F820FA08B902239C43012005220021285699
S214009508FFF717FA08B904239C4320003EBD012044
S2140095184042704713B504006B460020D91D2378D7
S21400952808700F2B0CD86068FFF732FC0C232278E3
S21400953802305343074AC0B29A5812B902239843D6
S21400954816BD032804D1034A9B1862685A60F7E7D9
S2140095580220F5E7105800207047000010B588B0C4
S2140095686A460B4B00930B4B0193437813720378B0
S21400957853724388538103AB021D12CA12C3026991
S2140095884369684606920793FFF76CFB08B010BD60
S21400959810580020D0580020F0B58BB004910592E2
S2140095A800211022040006A81D000EF0F1FB474E0D
S2140095B8012200213000FFF7DAF938B940F28012AC
S2140095C80723813EFF3EB15A0B43B352A068E168B9
S2140095D8F7F7EAFEA368E268060013430F0033B104
S2140095E8226863688B425DD801D182425AD800222D
S2140095F800232A606B60364D06232A00A17C607C17
S214009608FFF7E6F9637C060002931023E3562C0066
S21400961800250F000393C03C0095019540F2801288
S2140096282C4B9B5A803A2B41FF3A13421BD0236897
S214009638CBB1029B1BB907332B41134213D0217AB7
S21400964803980A090907090FFFF773F958B1637AEF
S2140096581F4A5B019B189A69DB691A43D2B1019BC2
S2140096680133DBB2019301350C34102DD6D1009BA3
S214009678F3B100990020013907F04EFF06AB1B5CDA
S214009688002600270020049A1370059B1E605F6062
S2140096980BB0F0BD009B0099013306AADBB2555407
S2140096A80093E0E7921BBB4116001F000B20ECE777
S2140096B8019B002BFAD140F28012072305480026AA
S2140096C8815A00270B4383520C20DEE7905900206E
S2140096D8D0580020105800200023F0B585B002AA04
S2140096E8D371077905000620022F19D903380F2FE2
S2140096F816D82A680124137A19091B071B0F8B42F0
S21400970803D806348C42A441644202ABD91D1068C3
S214009718FFF73EFB01267040C3B21CB10533D8B232
S21400972805B0F0BD0420002BFAD10C2213007B43B1
S2140097380949BE405B1818002968019307F0F9FE2E
S21400974802ABDB79019A0449537240F280128B5AB5
S214009758200033438B52E3E71058002070B5047896
S214009768022C02D80025280070BD102221000748C8
S214009778FFF7E9F805000028F4D00C225443044B00
S2140097880021E0180EF004FBEDE7C04690590020D3
S21400979810580020F0B50600032487B06B461C70EE
S2140097A801346846E4B2FFF7D9FF102CF6D1337AB5
S2140097B8102B21D17368DC7BF4B95023642703ADE2
S2140097C82B72032262437368995C9B1829605A7847
S2140097D812020A432A609B781B04134300227B4329
S2140097E86A602B602BB101A8E31C01950371FFF793
S2140097F873FF0134052CE4D107B0F0BD07B5026845
S2140098080379116839B96A4668461370FFF7A6FFE8
S21400981880B103200EBD00926A4668461371FFF7B2
S2140098285BFF03000220042BF4D00138052BF1D08F
S214009838002BEED00020EDE7891A081C090600D593
S2140098480020C0B270470000030010B50A4A86B070
S21400985801929A6801A8426040F211320281002201
S21400986882725A681B880C000382C260FFF740FAAF
S2140098780323237006B010BD24A101000A4B10B5BF
S2140098881B6A0400984768B1084B094AE318002089
S214009898934207D8074AB3FBF2F14A439B1A5A4247
S2140098A85341D8B210BDC04674940100608FF7C803
S2140098B840164000C027090007B5002203000078BC
S2140098C80092372805D80C2805D801281ED0042869
S2140098D838D000980EBD0D382A28FAD80DF0BAFAF6
S2140098E82227F9F9F9F9F9F92AF9F9F93436383A5B
S2140098F8F9F9F9F919F9F9F9F9F9F9F9F9F9F9F9AB
S214009908F9F93C42164916F93C1616000823009346
S214009918DFE75B785BB21A000BB1013BDAB252B2F2
S2140099280092D6E75B78144A5BB2D35CEFE7134B3A
S2140099381B78ECE740F2E831114807F0EDFD40F2FD
S214009948D073C0180090C4E70E4BE0E70E4BDEE776
S2140099584823DCE70D4BDAE71A790D4B53430D4ADB
S2140099689B18D4E740F217436A4613800323937084
S214009978AFE7074BCBE7C04650A1010025400020C3
S21400998818FCFFFF185D0020305D00209859002065
S214009998C0270900A0700837037810B50E2B09D128
S2140099A8054903790A789A4204D00B70034B0620BF
S2140099B89B6F984710BDC046254000207494010050
S2140099C80C218268C36810B5047840786143044C5B
S2140099D80919497A1B3149010919FEF7F2FF10BD2A
S2140099E898590020F0B58BB06A46012313810023EE
S2140099F89372002200230492059306920793089216
S214009A08099304000079042819D80DF02DFA1A795C
S214009A188A03940040F260320121534B0020995289
S214009A28002108329A181060516040F270329A1875
S214009A381060516040F278329B18186059600BB07D
S214009A48F0BD4A4D2022280002A907F072FD484BB7
S214009A580022E81840F2A43301003026C252454DD1
S214009A68454B464F0360DB19067242720C30AB4218
S214009A78F7D144260025424B424A4348434F1A60D2
S214009A88D2191E725D720C338242F7D1012340F25E
S214009A9898325B428B5004328B5040F2A033FF2240
S214009AA83B4ECA5030003B49F93AFEF77EFF062285
S214009AB831003948FEF779FF0123384AE3801370EE
S214009AC840F6B833E36040F2E833236140F2D073DF
S214009AD8636141F28833A36141F27073E361631CEA
S214009AE82572DD772E4B63620823238523002A33ED
S214009AF81D702C4BE362002323632B4B63639EE7A6
S214009B082348062223490400FEF74FFF0023A189B5
S214009B18228801330A40DBB2A2810234062BF6D132
S214009B288DE72168002900D189E740F2A8320E485F
S214009B3807F0FFFC83E76B460625991D1B4B08209C
S214009B489C6F0D70A0476B46591D144B28001B7858
S214009B585A1E93410B70A0476B46D91D0123092056
S214009B680B70A0476BE7C04698590020F85C0020A9
S214009B78A0FCFFFF60518B366001C835400D03001E
S214009B88985C0020C0AFD235C0FF9536006A180032
S214009B98185D0020305D0020245D00202540002050
S214009BA8A07008379A99004240002000749401007B
S214009BB840F2A833036001487047C0469859002011
S214009BC8030010B508000E2927D80DF04DF9082611
S214009BD82626260C1115261F1F262626230018685B
S214009BE8FFF74CFE10BD002004221856002107E09F
S214009BF8002005221856F9E700200D2208211856DD
S214009C08FEF797FE431E9841C0B2EBE700200E22EF
S214009C181856EBE7024B1878F4E70020E2E7C04650
S214009C2825400020F0B5037A102B1ED14268D37B5E
S214009C38012B1AD10020FF2540F288360B4B0C4921
S214009C485C181178198057783F0239431980042820
S214009C5801D12940A1539F89198801303940C0B2E3
S214009C689981023202330528EBD1F0BD185D002039
S214009C7880FCFFFF70B50422050000210068FEF78F
S214009C8876FE0023012803D02E791EB1012E1BD0A4
S214009C98180070BD0F48062204002968FEF785FEE6
S214009CA840F2A0320C4BE318995C995202329E524D
S214009CB80623A1892288013B0A40DBB2A28102342E
S214009CC8002BF6D10123E3E7062204482968FEF7AD
S214009CD86CFEF7E7185D002080FCFFFF305D002073
S214009CE8F7B51C000D001600031C0D2800DD0D231B
S214009CF8154859B28446154F8A006370D359012017
S214009D08634504D012481B18584243415800114B6B
S214009D18A070585CB958FEF71FFF22002300A17CEC
S214009D280C3208330192009332000023072907D12A
S214009D382900FEF747FFA068FFF71AF8A060F7BDEE
S214009D482900FEF717FFF6E790D0030074A101007C
S214009D58E05EF8FFB4A10100F0B501271D4E8DB0F6
S214009D6873680B910400C75745689847030000209E
S214009D7873BBA37C33B907222378174D13405D4382
S214009D88164BED18164B2800DB5701250A93F36887
S214009D989847637CA1780993002308950793069350
S214009DA8059304930393A268280092B202920822AD
S214009DB8009301922B000A9AB469A047094B280021
S214009DC8D95D736D0D31C9B2984728000B9B1F707B
S214009DD80DB0F0BD74940100C0270900A0700837C4
S214009DE8B4A1010050A101000123F0B5022491B0EE
S214009DF80C920E91C356374A0700D2560D92045756
S214009E08042B4CD1231C022C00DA02235BB20B93E2
S214009E1801230121FB56304A9B009B582F4A0E000F
S214009E28934205D02E4A9B185A4253418B401E0037
S214009E3800222C490B98FEF7EFFE0C233A782A49A5
S214009E4853432A4A0F90D2685858904740F6A07352
S214009E580893082302930D9B00250093234B0124A7
S214009E68DB692A009C460F99330020006646079552
S214009E7806950595049403950194B0471B4E20005B
S214009E88397B736D9847736A2000397B98470C9B1B
S214009E980B9A21C320000E9B1A7011B0F0BD0C233C
S214009EA802250278002153430F4A11489B185B7A13
S214009EB81B335B019B1804225D57FEF758FD231CD5
S214009EC8312803D9AC42A1DA2B1C9FE7052C9DDA72
S214009ED805239BE7B4A1010074A1010090D00300FC
S214009EE8E05EF8FF0000F0419859002074940100E5
S214009EF8185D0020F0B595B0039104920021062263
S214009F08040007A805930DF043FF0C22002109A8BA
S214009F180DF03EFF0622604909A8FEF746FD002719
S214009F28237A07ADBB4205D960682900C019FEF739
S214009F38A7FD60B90123EB56032B5CDC0422002145
S214009F4809A8FEF714FD012855D8062354E0E97839
S214009F583F18AA88FFB209AB062907D10739099125
S214009F680A910131FF310A401A81D9E7072903D13E
S214009F78002109910A91F5E7052939D140F2FF0C2D
S214009F886146002511400291009501210122A94051
S214009F982A400192009A56009A5B1000029A1142D3
S214009FA816D0019A89B24AB96246104398531A895C
S214009FB80A4301351A81082DE7D1B1E7374A10431D
S214009FC898531A890A4300980130C1B20091F0E705
S214009FD8C943019A89B22AB96246904398531A89A6
S214009FE80A40E6E76246104098531A890A40EAE7AC
S214009FF849005A5294E707230CA80371A37A284D00
S21400A008437107AB5A7806A982719A7809AEC2716D
S21400A0181A7805310272E27A4272227B8272627B79
S21400A0280661C2724822027340F2004282820E2201
S21400A0388283226885610C9206AA0632FEF73BFDEB
S21400A0480400072818D1062231001348FEF7ADFC95
S21400A05840F28C3240F28033A958EB580B40AB5094
S21400A06840F284330432A958EB580B40AB5040F208
S21400A0788833EA580C33EA50200007AB5A7803991D
S21400A0880A709A7804991B780A70059A13701A9BB6
S21400A0981F7015B0F0BDC046185D002000FFFFFF1A
S21400A0A89859002070B505004068FFF7E7FB0630B2
S21400A0B8C4B200200D2208212856FEF73AFC08B93B
S21400A0C802239C430020072205212856FEF731FC70
S21400A0D8012803D00023EB560D2B01DD02239C43F9
S21400A0E80120032200212856FEF723FC08B9042382
S21400A0F89C43200070BDFF207047012040427047F7
S21400A108FF20704740F2A53010B5084C235C5A1E55
S21400A118D2B209B90133DAB23923225453430020A4
S21400A1281C22DBB29A424041800010BD985900209C
S21400A13810B588B06A460B4B00930B4B01934378D7
S21400A1481372037853724388538103AB021D12CAF5
S21400A15812C302694369684606920793FEF782FDB2
S21400A16808B010BD98590020F85C0020F0B51C0017
S21400A17800239FB0099106921900482205000CA8F2
S21400A18801930DF005FE7A4E042230000199FEF781
S21400A198EEFB50B9042230007649FEF706FC764BF3
S21400A1A8019AF61840F2A433F2541023EB56032B08
S21400A1B808DD40F29432714B995C19B940F2883147
S21400A1C8595A9952A868E968F7F7EEF802000B00A2
S21400A1D8E868A968014331B128686968994254D883
S21400A1E801D1904251D800220023226063600123E7
S21400A1F8634AA97C687CFEF7EBFB102300240290D8
S21400A2080391EB560594079304946026002766434B
S21400A218E300DBB20893594BF618554B01221B5B3B
S21400A2283B41134215D033689BB1317A07980A0927
S21400A2380907090FFEF77DFB58B1737A504A5B0190
S21400A2489B189A69DB691A43AAB1059B0133DBB2EE
S21400A258059301370C36102FDFD102340A2CD4D1DF
S21400A268049BEBB9059BA3B90022002306990C2092
S21400A2780A604B6066E0049B04985A1C089B0CA96D
S21400A288DB190B54D3B20493E3E7801A9941029082
S21400A2980391029B039C069A0B201360546051E0BE
S21400A2A86B7C43B104990020013907F035F90CABF3
S21400A2B81B5C019349E010216956304E51B140F2BB
S21400A2C89432B05C01220100194111424CD040334F
S21400A2D8DBB2EEE708220AA80DF05AFD40F2A433D6
S21400A2E80127F45C6308C533244AFF335B009B18D8
S21400A2F89B881A0A3C4201D1FF221A4000231D00FF
S21400A30811001941394203D00AA94B550135EDB25F
S21400A3180133082BF4D14DB10020691E07F0FCF874
S21400A3280AAA125CE3009B18DBB201930134E4B27C
S21400A338072C00D9002440F2A4332DB9F35CA342BD
S21400A348D0D103201FB0F0BDF454099B019A01999F
S21400A3581A7007484822FEF7F6FA002200230699E4
S21400A36800200A604B60EDE70133DBB2ABE7C0467E
S21400A378245D0020185D002074FCFFFF985900201B
S21400A388F85C0020032A00DD0022054B8900C91866
S21400A3988B5C181C5BB2002B00DA0020C0B270473A
S21400A3A860A10100030010B50A4A86B001929A68B7
S21400A3B801A8426040F617020281022282725A6899
S21400A3C81B880C000382C260FEF792FC08232370E9
S21400A3D806B010BDB4A1010040F2A433054AD35814
S21400A3E8E0331B78022B00D0062340F2A0315354EA
S21400A3F87047C046605F00200423024A11780B436A
S21400A40813707047605D00200123024A11780B43E1
S21400A41813707047605D002040F2A033044AD35C96
S21400A42823B10223034A11780B4313707047C046C2
S21400A438605F0020605D002040F24823034A10B5A4
S21400A448D35813B1DB6803B1984710BD605F00208E
S21400A458042310B5034A11780B431370FFF7ECFF7B
S21400A46810BDC046645D0020022310B5034A11786B
S21400A4780B431370FFF7E0FF10BDC046645D002075
S21400A488082310B5034A11780B431370FFF7D4FF5F
S21400A49810BDC046645D0020F8B5150007000E0024
S21400A4A81C00F6F77DFF084B186059609F609E8178
S21400A4B8DD811C74112305490A789A4313430B70EF
S21400A4C8FFF7BAFFF8BDC046405D0020645D002077
S21400A4D81FB540F2A433084A02A9D3581A00FF321F
S21400A4E8527F48708A700D220A701878FDF738FA7D
S21400A4F8C0B205B000BDC046605F002010B50E4C67
S21400A5082000F6F747FE0D4B227EE3181AB140F2FC
S21400A5180B320121995440F2A4329A58E03212784C
S21400A528022A05D140F2A131585C1E3202435A5421
S21400A538FFF782FF10BDC046546200200CFDFFFFE7
S21400A54840F24022802310B5094CA1580B43A35073
S21400A55840F20C33E35C0BB1FFF7D0FF40F2A131B9
S21400A5682223625C9A4313436354FFF735FF10BDFA
S21400A578605F0020F0B585B00700019103F000FD8C
S21400A588050020B1022003F025FD03F0B1FA40F2E1
S21400A598A433414CE358E0331B78012B13D103F066
S21400A5A8FDFC060028B1002003F0DEFC350003F0B1
S21400A5B8EBF903F0FDFC060028B1002003F0DAFCF6
S21400A5C8350003F0EDF9354E03A806F085F8327825
S21400A5D8531CDBB233700AB906F0A2F803A806F0DB
S21400A5E880F8E5BB40F2A03240F20C33A25CE35C94
S21400A5F8C2B913B140F24133E754380005F038F8D1
S21400A6082748F6F72BFE50BB40F2A1322023A15C68
S21400A6180B43A354234C231DDB6F9847236B9847A3
S21400A628E36E1AE01BB140F24133019AE2540198F6
S21400A63805F01EF840F2A433E358E0331B78022BEB
S21400A64814D040F2A1322023A15C0B43A35440F25D
S21400A658A033E35C134CD3B9E36A984706E040F2AC
S21400A668A433E358E0331B78022BF0D1FFF7B4FE8F
S21400A67803A806F031F83378013BDBB233700BB928
S21400A68806F05EF803A806F02CF805B0F0BD04F056
S21400A6982FFE0028C2D0DFE7605F0020806600201B
S21400A6A8F86100207494010013B5F6F779FE6C463D
S21400A6B802000B00094920000CC1F6F7FFFC40F227
S21400A6C83822074B9B1806CC06C32023054A117868
S21400A6D80B431370FFF7B0FE13BDC046585D00204D
S21400A6E8605F0020645D002040F2A132104B9A5C47
S21400A6F8920704D540F229329A5C012A0AD940F218
S21400A708A4329A581100E231097819B1E432116876
S21400A71801311160002240F2083102205A540431F7
S21400A7285A5401395A54CB395A5882435A507047AA
S21400A738605F0020094B1A78012318001A420BD1D3
S21400A74840F24021064A515831B940F2A233D05C53
S21400A7580138431E9841C0B27047C046645D002069
S21400A768605F0020F0B5002540F20C374F4C87B0EC
S21400A7782580E555049505951D006E1EB54100918A
S21400A7880CA909886D42294040F23815C9B26155AE
S21400A7980578A57006787609022E04D00225042EC0
S21400A7A830D1013DE55526000425FF367571250094
S21400A7B83F4FFC35EF60FF277773007840F2A437E9
S21400A7C8B07340F228102254E25904A8D26C6A6189
S21400A7D8009A12782B63727540F23012A15405F075
S21400A7E8B5F8132570B92200049BFE32138340F295
S21400A7F84432A0520C3205A8A35004F05BFE0500B4
S21400A80818B11425280007B0F0BD059B002BF9D019
S21400A818E920E3591856FFF75BFE40F23813039019
S21400A828E35C019313B3059B0293029AE3590F2A3C
S21400A8381CD8E9201856FFF74BFE029A019B94464F
S21400A84863449BB2984211D30F201A4A05A904F014
S21400A8583DFE0028D5D10F21009B059A1B780A409B
S21400A8688B431343009A13707375CBE740F2A436F4
S21400A878A25903983032FF3205A904F027FE0028B3
S21400A888BFD140F228132200E054A359FC323033DB
S21400A898FF33136340F23013059AE2540833E25C40
S21400A8A8002AAFD00A25E054ACE7C046605F002017
S21400A8B8625F002078600020F0B587B000236A4603
S21400A8C840F2A4373D4CD371E35902A91A00087028
S21400A8D8E932127805004A701A00E8321278384EC3
S21400A8E88A701A00FC32506A926A48608A60228827
S21400A8F818788A816A4633000732FDF7F1F840F285
S21400A90841330122E254E35940F24831E9331A78D8
S21400A91840F24233E2546B46DA7940F24333611828
S21400A928E2541133E550326873680A604B6040F2AF
S21400A938603161180A604B6003F092FC40BB40F23D
S21400A948A433E358E0331B78012B01D103F002FF50
S21400A95803F07CFF40F20C33E35C23B940F2083284
S21400A968A35C0133A35440F2B03300200021E3185F
S21400A97818605960134B217813489B6A984705005E
S21400A98888B940F240220223A1580B43A35007E09F
S21400A9983068716803F09EFE084310250028CED064
S21400A9A8280007B0F0BD672806D01925662800D10C
S21400A9B80E3D03F063FDF3E70D25FAE7605F002020
S21400A9C87062002074940100625F0020F0B591B0B8
S21400A9D8039003F0D5FA0E26002800D010E140F2C6
S21400A9E8A437CC4CE359E0331B78012B00D103E1A4
S21400A9F840F22E12E3590AAD995C86329A5C04AE90
S21400AA08501E82412A7040F22D129B5C08A8AB703B
S21400AA18E970F6F727FBE35930001A00AD32FF322B
S21400AA2812680899009240F2A8129B58099AF6F7FD
S21400AA38C1FA0BAB06CE06C340F210330020E3186B
S21400AA481A685B682A616B6140F2A1336870E35C40
S21400AA585B0704D504F026FE08B101236B7040F2AC
S21400AA68A437E35929001878FDF7D0F840F290117A
S21400AA78E6590023725A01204042C11780185941EE
S21400AA8840F21033E3181A685B680CF065FA330076
S21400AA98A133FF33186059600A900B91B73B1B78B7
S21400AAA82B7440F22D13F35CAB7440F2B413F35CD2
S21400AAB85A1E93416B7433009933FF331A685B68E8
S21400AAC8AA60EB60944DE0362B6B02933378022B2A
S21400AAD800D19EE02B1DDB6F9847029B9847E359F1
S21400AAE8E1331878AB6D984740F2A437E3598B4AA0
S21400AAF81878A1330292FF330093894A029B0AA969
S21400AB08FDF795F80600002800D085E0E2590A23EC
S21400AB1811001678E9321278FF31CB5652B2897F87
S21400AB283000FDF79BF8E35941B21F00F0331A785E
S21400AB387C4BEC37009330003B68FCF7A8FF06F028
S21400AB4833F91221012800D00A3940F2C02240F217
S21400AB58A436A3585B1AA350A35919001A001F005D
S21400AB681878FF31704B497CF0321278EC37009336
S21400AB783B6849B2FCF78BFF06F016F9122201284B
S21400AB8800D00A3A40F2D423E158891A40F2B412A7
S21400AB98E150A3599A5C002A61D040F20832A25CC0
S21400ABA882B93132FF32A75C2200E920FF32567D97
S21400ABB818563607360FFFF78BFCBF1908263100E4
S21400ABC8B84201D30021032640F2A433E35840F2EA
S21400ABD8C0201A00F83212682058FC33121840F2C7
S21400ABE8AC20225040F2D4221B68A2589B1840F290
S21400ABF8B022A35021BB40E003F0D0F918B10F26CD
S21400AC08300011B0F0BD03F0D3F9002800D1EFE60C
S21400AC18F5E7029B984767E70B2811D1039B7BB1A2
S21400AC2840F240222023A158404E0B43A350029BDB
S21400AC3830001968F6F7ACFB3000F6F71DFB002667
S21400AC4840F24023E3589B07DAD440F2A433E35893
S21400AC58E0331B78022BD3D0EB6E9847D0E740F250
S21400AC68C020FC335A6820589B68121840F2AC2063
S21400AC78225040F2B0225B18A35040F2A43340F2B0
S21400AC88B212E3589A5C42B940F20832A25CE2B9C2
S21400AC9840F20A32A25C012A17D8E927DF5740F2A9
S21400ACA80D33E35C260002930023FF36079373797F
S21400ACB81BB1042B10D00326C2E71D4804F08AFEF9
S21400ACC808B11226BCE7737B238040F20D33E05CA4
S21400ACD8FFF7F2FD0600B3E707A804F037FE1326D1
S21400ACE80028ADD140F20833E35C23B940F20A33BA
S21400ACF8E35C012B02D9079B013B07930C4E029A93
S21400AD0833000798F9B204F0E7FE0028D9D1337962
S21400AD18DAE7C046605F00207494010008630020EC
S21400AD286D6200201462002028620020D061002096
S21400AD386860002040F24022202110B51B4CA35822
S21400AD488B43A35040F2B033E31803CB03000B4306
S21400AD5873B1F6F729FB19B941F64073984207D93B
S21400AD6840F2A4330021E25840F28F13D15410BDAC
S21400AD780120FFF72BFE03000028F8D00120082B3F
S21400AD8800D1093040F2A433E358E9331A7840F288
S21400AD984233E254383BE25C3B33E254043BE05433
S21400ADA804F066FCFFF7A0FCE1E7C046605F002001
S21400ADB8F0B591B0079340F2A4334A4F0692FB5879
S21400ADC805911A00E832128840F2B411039256BA76
S21400ADD81A00E432126804900A92595C0725002982
S21400ADE870D040F22C11595C31B91C0000200021AB
S21400ADF8A134FF3420606160002009A9087018009B
S21400AE08E2300578E80108701800E030007801287C
S21400AE1803D10C780F302043087040F28F11595C2C
S21400AE2821B1202109A80478214301700C9240F230
S21400AE38F022BA5801210D921A000BA88681457097
S21400AE480170FF32517A0F260E2581730D21527F2D
S21400AE5806ACC2731B780919037406ABED18F6180E
S21400AE680AAB2A000093330002F00BFD01234022B0
S21400AE7818408301207B06A990431843207340F2AC
S21400AE88A4343B59497B1A00E93211703178E8330B
S21400AE98D1772A7804981A70079B059A009309A90F
S21400AEA8069BFFF75FFC050010B102000A2804D1D4
S21400AEB80020FFF78BFD020038B115003B590399B7
S21400AEC8E8331980280011B0F0BD40F28F123B59C4
S21400AED898540A9AE4331A6004F0C4FA0028F1D0A9
S21400AEE81425EFE7605F0020030008001100074AFA
S21400AEF810B5D46B1A00A04740F24022022304493A
S21400AF08885803438B50002010BDC0467494010037
S21400AF18605F002013B5144B144C1548236040F2AC
S21400AF28C013636004F00CFD0023019340F2A433C1
S21400AF38104A01A9D35820611878FCF75AFD019BDE
S21400AF48A0600D48E360FCF715FCA0610B4804F010
S21400AF5817FA20620A4802F025FFA062094804F0A2
S21400AF6817FB2063200016BDA05D0020685D00204A
S21400AF787C5D0020605F0020845D00208C5D0020E2
S21400AF88945D00209C5D0020F0B5040003258FB07A
S21400AF98A0B340F24023274E023DF358AB422DD1D2
S21400AFA8016821B14268244892B206F0C2FA022526
S21400AFB86B4640F2A4371D71A36869460093F3599F
S21400AFC81878FCF705FD40F20D33F25C313BF2547D
S21400AFD8F3591A00FC32916940F2E022FF33B1506F
S21400AFE89A7F40F2EC23F25401220133F2549B1864
S21400AFF8F554A069FCF7B0FB18B1122528000FB06D
S21400B008F0BD206904F090FC0028F6D1206A04F010
S21400B018A9F9050050B9A06A02F0B8FE40B1206B45
S21400B02804F0AAFA0028E9D11525E7E71425E5E78C
S21400B0381125E3E7605F0020A05D0020030010B53F
S21400B048032063B159B1187B0F2204001440104244
S21400B05806D05A1CD27F1AB1002300200B7010BDF0
S21400B0681A00283212780AB90123F6E71720002CAE
S21400B078F5D10133DB7F0BB90233EEE70323ECE7A8
S21400B088002270B58AB005000C000323049200293C
S21400B09840D040F2A43305A80270224A0926D358A5
S21400B0A86E441900E231097841701900E4310968E4
S21400B0B8416040F2F021525807921A00E83212888E
S21400B0C852BA82811A00FF32517A8173527F310058
S21400B0D8C2731B780A22037403AB00930B236A44DB
S21400B0E86B4402F0CEFB00203056FFF7F1F9607093
S21400B0F804A804F0DFF9142360B9049A0F2A0CD8C0
S21400B10863789A4209D8AD18991AAB429B415B42BC
S21400B1182170DB0018000AB070BD002323700833C6
S21400B128F8E7C046605F00201FB504000323002828
S21400B13861D00078532800D990E10BF0A9FE54009E
S21400B1485F0066006A006D0073007A008F018F0149
S21400B1588F018F018F018F018F018F018F018F0162
S21400B1688F018F018F018F018F018F018F018F0152
S21400B1788F018F018F018F01800086009100990052
S21400B188A200A900B300B000B600BD00C400CA0003
S21400B198D000D7002201DE00E400F000EA00F60046
S21400B1A8FC0002010D010A018F018F018F018F013A
S21400B1B88F018F018F018F018F018F018F018F0102
S21400B1C88F018F0113011F01220131018F013901FF
S21400B1D8710181013F01430146014D0154015D01A2
S21400B1E864016B016E0140F2A4339F4AD358E033E2
S21400B1F81B7823710023180004B010BD40F2A43356
S21400B208994AD258F13BFF3BD0E0FCF785FB6060DB
S21400B218F0E7FCF797FBFAE740F2A433924AD358D4
S21400B228E233E5E740F2A4338F4AD3589B6C636059
S21400B238E0E740F2A4338C4AD358DB6CF7E740F2D9
S21400B248A433894AD358E133D2E71C2302A90B70EA
S21400B25840F2A433844AD3581878FCF781FBD6E723
S21400B26840F2A433804A0434D3580D33FF3305E044
S21400B27840F2A4337C4A0434D358283306CB06C499
S21400B288B8E740F2A433784A0434D3581533EDE7C8
S21400B29840F2A433744A0434D3583033EEE71A2302
S21400B2A802A9D4E7192302A9D1E740F2A4336E4ACB
S21400B2B8D358FF335B7A9CE740F2A4336A4AD358E4
S21400B2C8F4331B68B3E740F2A433674AD358F8331D
S21400B2D8F7E740F2A433644AD358FC33F1E740F268
S21400B2E8A433614AD358FC335B68A0E740F2A43322
S21400B2F85D4AD358FC339B6899E740F2A4335A4A10
S21400B308D3585B7975E740F2A433574AD358E933E4
S21400B3186EE740F2A433544AD3581B7969E740F2E3
S21400B328A433514AD358E83362E740F2A4334E4A6E
S21400B338D358EC33C5E740F2A4334B4AD358F0331E
S21400B34856E740F2A433484AD358FC339B6A6360F6
S21400B35850E7FFF7DFFD5AE740F2A433424AD358D6
S21400B3681B6CF4E70E2302A90B7040F2A4333E4A86
S21400B378D3581878FCF7F4FA20713BE7042302A99F
S21400B388F2E702236A46137240F2A433364A694645
S21400B398D3581A00FF32527F8A72187802A9E9E752
S21400B3A840F2A433304AD25840F22813D35C20E740
S21400B3B840F2A4332C4AD258E83B24E704F0CEFCEB
S21400B3C8A08017E704F0D6FC21E740F2A433264A0B
S21400B3D8D25840F22C13E9E740F2A433224AD35855
S21400B3E8FF339B7A05E740F2A4331F4AD358FC3351
S21400B3F8586A0BF0DFFDBFE740F2A4331A4AD35869
S21400B408FF339B7FF5E640F2A433174AD358FF3341
S21400B4185B7FEEE604F0BAFCF9E604F0C3FCF6E659
S21400B42840F2A433104AD358187818B117230628C0
S21400B43800D0E0E6382302A90B70FCF791FABFE7C4
S21400B44840F2A433084AD358187818B117230628A8
S21400B45800D0D0E6392302A90B70FEE6200003F0E0
S21400B4682BF80300C7E6C046605F0020F0B507006B
S21400B4788FB018B9032420000FB0F0BD00220023B7
S21400B48802614361FFF756F9012401900028F2D1C2
S21400B4985F4B05AD1822010028701800029306F0CD
S21400B4A85DF8029B5B4A5C709E1840F20A33019A6C
S21400B4B8F454023BF2543B7853B1A34275D0241996
S21400B4C840F2A833F618326873683A617B61D2E7AF
S21400B4D840F20933F4541F232A781A4021331343C1
S21400B4E82B703B7920210393BB6840F2A434029367
S21400B4F8BB890E250193022304AA52187D571370A0
S21400B508335922201A00FF32527F04A909180A70FC
S21400B51818780CA9FCF724FA335906901A00E23278
S21400B5281278C2B9021C40B207ACA84200DA2A1C3C
S21400B53822701A00FF32527F2100A2701878052266
S21400B548FCF76BFA002800D194E740F2A433F358CE
S21400B5582278E9331A7040F2B033F31803CB0300AD
S21400B5680B436BB1F5F720FF19B941F640739842C3
S21400B57806D940F2A4330021F25840F28F13D15472
S21400B588019B029A039905A8FFF712FC040008B16C
S21400B5980A2817D140F240333A78F25440F2A132E2
S21400B5A80123B15C0B43B3548AE740F2A433F35843
S21400B5B8FF335A7A40F20933F2541F232A781A4086
S21400B5C89F3B8CE740F20C330025F554124B0A9348
S21400B5D8124B0B93002308930AABE85C08A904F007
S21400B5E8B5F8089B4BB1002309930BABE85C09A997
S21400B5F803F02AFF099803F0FDFE0135042DE9D172
S21400B608012004F035F840F2A1322023B15CC9E7E6
S21400B618A0620020C0FCFFFF03080B0C020D1012EE
S21400B62840F2A433024AD358E03318787047C0462D
S21400B638605F002073B5184C060001A80D0005F0E1
S21400B6484BF82278531CDBB223700AB905F068F869
S21400B65801A805F046F81D2E17D0462E07D140F251
S21400B668A4330E4AD25840F22813D35C2B7001A894
S21400B67805F032F82378013BDBB223700BB905F0EE
S21400B6885FF801A805F02DF873BD40F2A433034A0D
S21400B698D358E1331B78E9E780660020605F002016
S21400B6A840F24023034AD0580138431E9841C0B29E
S21400B6B87047C046605F002010B572B6BFF34F8F64
S21400B6C8BFF36F8F40F2A4330C4A0124D358E033FB
S21400B6D81B78022B0BD00A4B1B7843B9094B1B6807
S21400B6E82BB903F087FD040008B905F0FFF862B629
S21400B6F8BFF34F8FBFF36F8F200010BD605F002031
S21400B708804F0020605D002040F24823034A10B5B1
S21400B718D35813B11B6903B1984710BD605F00206A
S21400B728F8B540F2A4370C00104EF5F733FD331D7C
S21400B738DB6F9847336B98470D4B0E4A2100D51898
S21400B748EB591878FCF7B7F970B1EB59726BF4330C
S21400B7581868904740F2A033A27CEA5420B1FEF75E
S21400B76877FE6420FFF7D0FFF8BDC046749401004A
S21400B778E4FCFFFF7C620020F0B5244D85B06B68C2
S21400B78898470138C0B201283DD940F2A436204C6B
S21400B798A35919001A001F001878FF311D4B497E5F
S21400B7A8F0321278EC37009349B203933B68FCF703
S21400B7B86EF940F2EE270223A259E355B333FF335E
S21400B7C8D25C3C33FF33E2540122023BE2542B1D89
S21400B7D8DB6F98472B6B9847A359E1331878AB6D06
S21400B7E89847A3590C4A18780399FCF764F950B19E
S21400B7F86B6B0020984740F2A033E25DE25410B12C
S21400B8086420FFF781FF05B0F0BDC04674940100C0
S21400B818605F00203C6200207C620020F8B540F2A1
S21400B828A436484C0500A3591A00E03210780128BF
S21400B83869D0022800D172E0002800D07FE035B930
S21400B8480D333432FF3303CB03C2002008E0012D4A
S21400B85807D1280003F076F810B9A359E0331D7015
S21400B868F8BD0320022DFBD102F0A4FF0A2003F046
S21400B87819FF28B140F2A1322023A15C0B43A35440
S21400B88840F2A433E15802200B00E033187040F26F
S21400B898C82240F2DC23A218E318E0CAE0C360CA54
S21400B8A860C340F2EE23E0540B0000225033587871
S21400B8B820B31878022821D1242308005343CB1834
S21400B8C81A6EFC30826164331B78FF314B7640F287
S21400B8D80D33E05C313BE0540433E2508A7F0C338E
S21400B8E8E25403220233E254013B023AE25440F2A5
S21400B8F80C330022E254FFF73FFFA6E70132243359
S21400B908042AD4D1F3E7012D03D1A359E0331D70DF
S21400B9189BE7280003F016F80028F6D0A0E745B9FC
S21400B928094C1570236B9847E36E9847FEF754FD4D
S21400B9388BE7012D00D193E7022D00D185E7032080
S21400B9488EE7C046605F00207494010010B50020A2
S21400B958FFF764FF0F4B00241A00FF3254711A00D9
S21400B9680D49FC32D160FF22FE33DA81FBF7EAFF8D
S21400B9780A4B01000822180005F0DBFDFBF7CCFF98
S21400B988074B01000822180005F0D3FD2000FFF73A
S21400B9981DF810BD605F0020625F00206E6000200A
S21400B9A876600020F0B540F240260120144D8FB096
S21400B9B8AB59834219D16A46042340F2A4370024BF
S21400B9C81371EB59694618780094FCF701F82000C3
S21400B9D8AC51F8F705F8EB59E033187838B902F0A7
S21400B9E83FFC08B102F04AFD00200FB0F0BD012868
S21400B9F8F8D00228F8D11C70FFF710FFF4E7C0460D
S21400BA08605F002070B5FEF795FE1F4C002832D107
S21400BA1840F2A436A359E0331D780DBB02F014FC9F
S21400BA28B8B102F0C7FE0A2003F03CFE28B140F287
S21400BA38A1322023A15C0B43A3541121134A137887
S21400BA488B43137040F240230122E2500023180073
S21400BA5870BD02F005FC0028EFD002F0F7FEECE718
S21400BA68012DFAD002239D42F1D1FFF7D7FEA35944
S21400BA78E0331D70E1E740F24023E358013B5A1ECD
S21400BA889341DBB2E3E7C046605F0020645D0020B8
S21400BA9870B5040090B018B90323180010B070BD34
S21400BAA840F24023AE4DEA5801239207F5D40078B9
S21400BAB8532800D9A0E20BF0EBF954009F02590076
S21400BAC8610065006C0072007800830083009F02A6
S21400BAD89F029F029F029F029F0288008D0092008D
S21400BAE897009C00A100A600AB00B000B500BA0005
S21400BAF8BF00C400C9009F02CE00E800FE0029016E
S21400BB084E013F015701620169016E0173017A0116
S21400BB189F0281019401BD01AA01D001E001E9015B
S21400BB28F001F6019F029F029F029F029F029F025A
S21400BB389F029F029F029F029F029F029F029F02F0
S21400BB48FD019F029F0221029F022E027E029002A2
S21400BB5836023A023E024F02590262026C0276022E
S21400BB687A022079FFF75AFE030096E76068FBF72B
S21400BB78C1FE002800D08FE700238EE76068FBF739
S21400BB88CFFEF6E740F2A433EB58E23322791A7078
S21400BB98F2E740F2A4336268EB589A64ECE740F2A6
S21400BBA8A4336268EB58DA64E6E76168002900D1D6
S21400BBB872E7012004F0BCF812230028DCD06CE7FA
S21400BBC8616802200029F5D166E761687F200029B0
S21400BBD8F0D161E7616880200029EBD15CE76168F5
S21400BBE881200029E6D157E7616882200029E1D143
S21400BBF852E7616883200029DCD14DE7616884201C
S21400BC080029D7D148E7616885200029D2D143E7C3
S21400BC18616886200029CDD13EE761688720002923
S21400BC28C8D139E7616888200029C3D134E761683C
S21400BC3889200029BED12FE761688A200029B9D15A
S21400BC482AE761688B200029B4D125E740F2A4339F
S21400BC58EB58E1339AE76A4640F2A436237A6946F7
S21400BC681372AB591A00FF32927F18784A7207226D
S21400BC7802A9FBF7D2FE002800D10DE7AB590D3319
S21400BC88FF33043406CC06C376E76A4640F2A43689
S21400BC98237A69461372AB591A00FF32927F1878D6
S21400BCA84A72072202A9FBF7B8FE002800D1F3E67D
S21400BCB8AB592833E5E76A4640F2A436237A694644
S21400BCC81372AB591A00FF32927F18784A7207220D
S21400BCD802A9FBF7A2FE002800D1DDE6AA59043423
S21400BCE813001533FF3303CC03C33C3B1B78022BEE
S21400BCF800D041E7B333FF33D35C002B00D13BE7DA
S21400BD08184B1B6B9847FFF737FD35E76A4640F236
S21400BD18A436237A69461372AB591A00FF32927F0B
S21400BD2818784A72072202A9FBF777FE002800D186
S21400BD38B2E6AB593033A4E7636802A9029301233D
S21400BD480B7140F2A433EB581878FBF78CFE0028EA
S21400BD5800D011E7A0E6636802A902930023EFE784
S21400BD68605F0020749401002279531E0E2B00D9C0
S21400BD7892E640F2A433EB58FF335A72FCE640F2E0
S21400BD88A433EB58F43362681A60F5E640F2A4333D
S21400BD98EB58F833F7E740F2A433EB58FC33F2E7F6
S21400BDA840F2A433EB586268FC335A60E4E640F28B
S21400BDB8A433EB586268FC339A60DDE623796A465A
S21400BDC840F2A43413722B590622187802A9FBF7FE
S21400BDD824FE002800D15FE66A462B59127A5A716B
S21400BDE8CAE6237940F2A43402AE33702B593100E8
S21400BDF81A00FF32527F1878B2700522FBF70DFE44
S21400BE08002800D148E62B593278E933BFE6237973
S21400BE186A4640F2A43413722B590A22187802A9EB
S21400BE28FBF7FBFD002800D136E66A462B59127A46
S21400BE381A71A1E623796A4640F2A43413722B5984
S21400BE480922187802A9FBF7E8FD002800D123E6A6
S21400BE586A462B59127AE83399E640F2F413626878
S21400BE689A4200D918E6B133FF33EB58EC331A6020
S21400BE7802F00EF802F044F87EE640F2A433EB58DF
S21400BE8822791900F0310A701A73F1E740F2A433E8
S21400BE98EB586268FC339A626EE640F2A433626836
S21400BEA8EB581A6468E66068002800D1F4E5FFF7E6
S21400BEB86BF859E66A460E2340F2A43613702379C7
S21400BEC869461371AB591878FBF760FDAB5900202B
S21400BED81A000021A132FF3210605160032202A925
S21400BEE80A71002218780292FBF772FD2379A95985
S21400BEF85A1E934140F22D128B543DE640F2A4336D
S21400BF08EB582279180040F22811443002B1012279
S21400BF1802705A5430E640F2A4332179EA58E83BD6
S21400BF28FF3BD15428E6A08803F01EFF24E660688D
S21400BF3803F026FF20E622790F2A00D9ACE540F266
S21400BF48A433E95840F22C13CA542C3BFF3B9340C9
S21400BF5840F290128B520FE62279072A00D99BE509
S21400BF6840F2A433EB58FF339A7205E640F2A43346
S21400BF782079ED580BF0D4FCFC356862FCE5227994
S21400BF88012A00D988E540F2A433EB58FF339A77A4
S21400BF98F2E52279012A00D97EE540F2A433EB586F
S21400BFA8FF335A77E8E5606803F0F6FEE4E5606874
S21400BFB803F0FEFEE0E540F2A433EB58187818B11B
S21400BFC81723062800D068E538236A461370A38826
S21400BFD893806946FBF7DAFCCEE540F2A433EB58CB
S21400BFE8187818B11723062800D056E539236A466C
S21400BFF8137063680193ECE7200002F073FAB3E568
S21400C00840F2B83202498B5803438B507047C046FB
S21400C018605F002040F2A4330020F0B53E4D3F4A52
S21400C028EC58F13BFF3BE0542300E433186040F241
S21400C0380833EA500122DD3BFF3BE0546433E2520A
S21400C04823002100A288E8331A80A21DD27F173366
S21400C0589A72A26AFC310A6122002C3212788FB0DA
S21400C0685A74220015333032C0CAC0C3228F1A80D1
S21400C078E36B4B62236C8B62230044331A7840F2DE
S21400C0882813E2541933FF33EB58012B01D0FFF77E
S21400C098B7FF002740F20C33EF547E3BFF3BE754D4
S21400C0A82D330126E7546B461E71207869460097A3
S21400C0B8FBF78EFC40F20D33EF549733EA5840F204
S21400C0C82E131100D7549B33FF33EF54FC31086905
S21400C0D840F2CC2168501100FF31887F40F2D82109
S21400C0E8685489196F5489196E542739FF39515C79
S21400C0F840F2DB22A954084992195B18AA1813CBF8
S21400C10813C203CB03C240F2ED230222EE549B195E
S21400C118EA540FB0F0BDC046605F00200001010081
S21400C128F0B5A1B0070003250191002800D106E16B
S21400C138002900D103E10368002B00D1FFE0436823
S21400C148002B00D1FBE08368002B00D1F7E0C36822
S21400C158002B00D1F3E013000A3B02936B461B7AD0
S21400C1680026AB4200D916003000FBF7EFFB092586
S21400C178002800D1E3E0964D964C0021380003F0E5
S21400C188E5F9280040F2C012002105F0E7F940F270
S21400C198C0320021200005F0E1F940F2A43340F255
S21400C1A80A32E5500123A354013AA3542A00002377
S21400C1B8E032137040F2B01287492E70A95012ADC3
S21400C1C82B71129356B9029B032B00D9C0E01800B6
S21400C1D80AF04AFE02B8BABC01236B712900300087
S21400C1E8FBF7F6FB40F2A43340F22D123920E35851
S21400C1F8A9799954EA791A712A7A5A712969EA68E2
S21400C20859618C466969EE6999610291A9691A6152
S21400C218009204AAD9611E6203918018C07F991DF6
S21400C228C8771800696A2C30996219631CA90978BE
S21400C2380170017261201900801800783831087082
S21400C2486220801800784870E96A1F98D963296BBD
S21400C2581D00196440F2F02160500120591DC8776E
S21400C2680A2144359960043919732870A8350930AD
S21400C2782860009A043529706A601A0004356546F5
S21400C2880121F8321560029DD6605560039D117431
S21400C298956040F2BD1299541A00E132117040F2CE
S21400C2A844220199A75000270432A15001215A328E
S21400C2B8FF32A754623AFF3AA1501A000020002124
S21400C2C89932A133FF32FF3310605160186059600D
S21400C2D8FFF7A0FE41484249F4F72CFF414842497F
S21400C2E8F4F728FF41484249F4F724FF41494248F9
S21400C2F8F4F720FF40F2A433E55804AEA935300021
S21400C308FF35F4F7AFFE0CCE0CC540F24C233B4A83
S21400C3183800E2503A4A0833E2503A4A0833E250C4
S21400C328394A0C3BE250394A08333949E250F7F7A4
S21400C33869FB182518B9FBF79BF958B11225280090
S21400C34821B0F0BD022348E7032346E7042344E769
S21400C3586E7143E703F0C8FA0028EFD102F0EEFF4B
S21400C36814250028EBD140F2A437E059503003F0EA
S21400C3781DFB05000028E1D1264E7369984705F095
S21400C388C5F8F36E9847019B07A95B6809A8079349
S21400C398019BDB680893204B0993204B0A93204B9C
S21400C3A80B93204B0C93E3591A004C320D929C3297
S21400C3B80E930F92B533983AFF3310922A001193D2
S21400C3C801F0DAFF40F2A2330122E254B7E7C04692
S21400C3D8A05D0020605F002000040001D0610020FE
S21400C3E801A40000E461002011A40000F861002008
S21400C3F821A4000005A5000054620020B1A6000094
S21400C408A1A4000059A4000089A4000071A400009B
S21400C418AC61002074940100E0620020786200207D
S21400C428B8620020016300200023F0B585B002AA98
S21400C43806000324138000B3002200230261436130
S21400C448FEF778F9C0B903F077F9A8B940F2A43333
S21400C458714D3078EA58F13BFF3BD35C23B90200B4
S21400C46804339A43043442B9002303AF39000393D4
S21400C47803F06CF9039B1BB10124200005B0F0BD46
S21400C48803F054F9010018B92822644805F066F844
S21400C498012240F2593340F2A131EA540423685C81
S21400C4A87A7003436B5400233078FB7038700C287E
S21400C4B808D80AF0D9FC2007074D560707075E0775
S21400C4C8916A8300022440F2A833EB181A685B6866
S21400C4D832617361002C00D199E003F027F9002837
S21400C4E8CBD140F20C3340F2A1320421E854AB5CC5
S21400C4F88B43AB54C1E740F2A433EB580224E03335
S21400C5081B78012BB9D0FFF785FD02F053F940F2EE
S21400C518A4330421EC58002271562078FBF761FBFF
S21400C5280723E9342070FF207B70FFF70FFA04001A
S21400C5380028C8D040F2A4330421EB580122019306
S21400C54818787156FBF74DFB019BE9331870BAE76C
S21400C5580022022002A902F01BFF002855D014244E
S21400C568B1E70C22B088B256B168FEF7BDFC0400ED
S21400C578A9E701F069FE0028A4D101F071FE0200C7
S21400C58800289FD10D2002A9E5E740F2A433EB5816
S21400C598E0331B78002B95D10724307904404007F8
S21400C5A8400F01F06DFE02AB0122190010201C702E
S21400C5B802F0EEFE0400002885D0D0E701F044FE25
S21400C5C8002800D07EE701F04BFE0200002800D0CD
S21400C5D878E7122002A9BEE740F2A433EB58E0330E
S21400C5E81B78022B00D16DE70124FC7001F02CFEAD
S21400C5F80190002800D066E702F0ACF801F0D8FBFE
S21400C608019801F0E7FC01F073FA00245BE73800B4
S21400C61802F0C4FF31E7C046605F0020B862002021
S21400C628002370B51C00DDB20460AA4200D870BDB5
S21400C638CD5CDE00B54001332C43F4E7F0B50F00BF
S21400C64897B0092107920022039008A809180A70D3
S21400C6580BA90A80012B03D814000692BC4201D30A
S21400C66817B0F0BD039B651C185DEDB202381128A3
S21400C678F6D80AF003FC12002E00BA00D8003201E1
S21400C6884F018701B1010202F5FFF5FF3302F5FFFE
S21400C698F5FF88029D02C702EF027B1B012B00DC18
S21400C6A8F3E2032002F0FEFF80B10321002002F02F
S21400C6B8A7FF039BC74A595D40F26833D1540399D4
S21400C6C8A31CDBB2C95C40F26933D1540334E5B22B
S21400C6D827E02300FA1A042A00DC84E00533DBB2DC
S21400C6E89F4203D9039AD25C032AF3D0BD427AD07C
S21400C6F80A21002208A809180A700B2109180A70CE
S21400C7080CA90A700EA90A7040F2A432B1498A58D8
S21400C7181100E231087830B106993C1BE4B219B131
S21400C7281D002C009AE70524039E6B1E12A9F31819
S21400C7384B6013000C728872FF33587F0A244872C5
S21400C7481000E9300078C8721000E83000780873E6
S21400C7585B7A4B7340F2B013D3581078129308AB39
S21400C768E4180EAB01930CAB00930B2308AA9B1896
S21400C7782200FBF7CBF908AB5872C043400719D123
S21400C78840F2A433934A0021D35800201A00E93215
S21400C79861561056884203DA40F2BC1001241C5435
S21400C7A811701A0008A9C97AE83211700CAA127812
S21400C7B8FF335A720024052609E0092308A95B18E6
S21400C7C801221900032002F0E3FD0134E4B20EABA7
S21400C7D81B78B3FBF6F29442EFD30122013BEB1829
S21400C7E8DBB206929CE73B009AE7AF4200DC4CE2DD
S21400C7F840F2A433774A0234D1580F22039B042010
S21400C8085B5DE4B213401E32FF328B542C3AFF3A7B
S21400C8189A40130040F290128B5200220BA902F0A5
S21400C828B7FD25007DE77B1B032B00DC2DE20923E3
S21400C838072008AA9B181870039B12AA5B5D654E12
S21400C8481909014040F2A43051700F2130580B40AE
S21400C858A11C1370C9B204900F2B03D10300FF3339
S21400C8685B7C1370039B0322591813A8FFF7D8FEA6
S21400C8786423139A12A953431393049B0534187818
S21400C888FBF75FF9092308AA9B181870C343E5B29B
S21400C8985B0715D140F2A4332924F35808A91A00D7
S21400C8A809190978FF3291721399FC3319619C466D
S21400C8B8282308ACE418634624785474547699619F
S21400C8C80BA908700122052002F062FD40F2A13291
S21400C8D81023B15C0B43B35423E740F248233D4A88
S21400C8E8FF20D35813B11B6803B1984708AB1873D9
S21400C8F81F23079A9A4205DC0133203202DB079A87
S21400C9081F33134008AA5373062002220BA902F00D
S21400C9183FFD06E77B1B042B00DCB6E10926032255
S21400C92808ABF618039B08A95B5D12A80B7712AB39
S21400C9380E93A11C039BC9B259183270FFF770FEFC
S21400C9486423129A3021534312930023039A1393B5
S21400C958631DDBB2D35C08AA5218137040F2A433E6
S21400C9681C4A0EA9D3581878FBF7FFF843B2307064
S21400C978002B05DB0BA908700122072002F008FD32
S21400C9880634A4E6AF4200DC7FE140F2A433114E41
S21400C9980234F258039BE4B2595D0F2319400B1C6E
S21400C9A801B90123D9B240F2E8334B431100F831FC
S21400C9B80B6040F2E831FC325B1813600BA90022CA
S21400C9C8082002F0E5FC40F2A1321023B15C0B43CC
S21400C9D8B35426E7605F0020AF4200DC55E1012132
S21400C9E8039B40F2A4365B5D0CAD5A090A406A7098
S21400C9F81A090A402A700F221340AB70A44B29006C
S21400CA089B591878FBF7C5F8013034D0A04B9A59D3
S21400CA1804922A780892049AFE3213002A88DA8347
S21400CA28049AFC320992AB789A4A0025D05C0AF040
S21400CA3877FF28210223099A506208AA5218137011
S21400CA48C91808AA521808991170049A12A91078D9
S21400CA58FAF786FF8E4B0E909B59021CE9335D57FA
S21400CA6840B21978A84200DA0A1C1A700920002277
S21400CA780BA902F08DFC023429E67B1B032B00DC95
S21400CA8803E1032208AB5A72039B12AE5B5DA11C3E
S21400CA983370039BC9B2591813A8FFF7C1FD642366
S21400CAA8139A7B4D5343139340F2A433EB5831004B
S21400CAB81878FBF782F808AB587243B2002B0BDBEA
S21400CAC80BA9087001220A2002F062FC40F2A1328B
S21400CAD81023A95C0B43AB540534F8E57B1B042BE9
S21400CAE800DCD2E0082002F0DDFD002800D147E790
S21400CAF80821002002F084FD162308AA9B180022AD
S21400CB081A80039B0CAE591930000432FFF788FDD3
S21400CB18039A631DDBB2D25C40F2E83353431B1220
S21400CB2831000822B3800EA80BF09BF95A4B0C9DD7
S21400CB3812A8ED18F4F774FA40F23C23544E290074
S21400CB48F3181B680F9A009340F2382310A8F3587E
S21400CB580E95F4F72FFA119B139A129900930EA8C4
S21400CB68109BF4F70DFA0E980F99F4F739FA4B4B19
S21400CB781868596802F034FB01F048FD40F2343377
S21400CB880122F254FCE60B2002F08CFD002800D1AE
S21400CB98C7E50B21002002F033FD40F2A0333C4AE3
S21400CBA8D35C043B012B00D8BBE501F0BDFCB8E51F
S21400CBB87B1B032B69DD039B039A595DA31CDBB221
S21400CBC8D35C0398E21CD2B2825C1B0212041343A5
S21400CBD80B43642159430F23651D0434E4B2005DFA
S21400CBE8EDB2184001F0A4FC0BA908700122112030
S21400CBF802F0CEFB40F2A13210232549885C03439D
S21400CC088B548EE57B1B022B3FDD0C2002F04AFD81
S21400CC18F0B10C21002002F0F3FC204E0398E11C32
S21400CC28C9B232687368415C04920593A01C039BE2
S21400CC38C0B2185C03029C46039B585D63461843C3
S21400CC48049A059B01F0BAFC3068716802F0C8FACD
S21400CC5804343CE57B1B022B17DD6420039B039AF8
S21400CC68595D251DA31C0334DBB2E4B2D35C125D08
S21400CC781B02120413430B43584301F009FD0BA98A
S21400CC88087001221320EDB241E63D0049E5C04692
S21400CC98605F0020C4A10100803DD512405D0020E1
S21400CCA8F0B57C4BA9B01B6E03B198471CA803F0DF
S21400CCB813FD79490A78531CDBB20B700AB903F0E6
S21400CCC82FFD1CA803F00DFD0023744A1CA8146849
S21400CCD8136003F001FD704A1378013BDBB2137052
S21400CCE80BB903F02DFD1CA803F0FBFC6C4D002CC3
S21400CCF800D155E1E3B20593A40674D5654B694C9B
S21400CD08DB6A9847F4F74CFB40F2AC230026EF5852
S21400CD1822686368801A99413300874204D940F232
S21400CD28B022AE583B1A361A5F4F19003800F4F78F
S21400CD382FFB3800F4F7A0FA5C4B31001E001800F1
S21400CD48F4F726FB3000F4F797FA40F2A433EB58D2
S21400CD581A00E0321278022A03D040F20C32AA5C9B
S21400CD688AB1152212A90A701878FAF7F9FD40F266
S21400CD78B0234F4EE9580F9009183000F4F708FB17
S21400CD883000F4F779FA2068616803F0C5F940F2D4
S21400CD98A43640F20D3240F22E115820AA5CAB5948
S21400CDA85A5406A909180A7040F2B4129A5C01305F
S21400CDB8511E8A4106A909180A70206861681E90E3
S21400CDC81F9118781CA9FAF7F2FD20686168AB591C
S21400CDD89933FF331860596040F20C33EB5C13B993
S21400CDE840F24132AB54059BDB0600D4A1E030226A
S21400CDF800211CA80AF0CCFF2822002112A80AF05D
S21400CE08C7FF2C4B01200E229E5E40F2A432AA5881
S21400CE189F89D16C9C681B7C099120495BB2097874
S21400CE28049381431D480023017040F2443104985E
S21400CE386B541E396E52023168540C937831685C14
S21400CE48773968540F396B5203316B5403316B5082
S21400CE5804316B5206316B5402316B5014396B54E3
S21400CE6818316B5004316B5440F2383300200021DF
S21400CE78EB1818605960E0321378022B21D001F0C5
S21400CE88A1F8C8B902F034FA002800D0D4E1014B62
S21400CE98DB6ED3E17494010080660020645D002098
S21400CEA8605F0020585D0020E4610020F8610020E3
S21400CEB854620020405D0020D24B5B6898470128EA
S21400CEC8E0D140F22933EB5C13B9CF48F4F762F9A6
S21400CED8CE4B39001A685B680292039340F2A0337F
S21400CEE8EB5C320020000093049B03F08DF91323BB
S21400CEF806AA9B181A003900200001F081F806904F
S21400CF08002800D19CE106ABDB7C93B101F05AF80F
S21400CF1848B1BC4B5B689847012804D1B94C236BD1
S21400CF289847E36E984740F29233049AEE520233DB
S21400CF38EA54059B1B0725D540F2A433EB58E0338B
S21400CF481B78022B08D002F0D3F9AE4B002801D18B
S21400CF5800F0FCFBDB6A9847FDF73EFA40F24133E7
S21400CF680220E85402F084FB40F20C33EB5C1BB161
S21400CF7840F20B330122EA5440F2A1322023A95C86
S21400CF880B43AB54059B5B0703D506210520FDF72D
S21400CF98F1FA059B9B0703D504210320FDF7EAFA5F
S21400CFA801F06EFD1CA803F097FB99490A78531CFC
S21400CFB8DBB20B700AB903F0B3FB1CA803F091FBB5
S21400CFC80022944B1CA81C681A6003F085FB904A44
S21400CFD81378013BDBB213700BB903F0B1FB1CA846
S21400CFE803F07FFB002C4CD0E6B2E40720D540F2D5
S21400CFF80D33EA5C593BEA54F033EB5840F2B7215C
S21400D0081A00FF32907A6854917F40F2C422A954DD
S21400D018002240F2C5216A5401316A54B532FF3203
S21400D0289A5C40F2C7237C497C48EA54FEF778FBB2
S21400D038B30722D540F20D33EA5C453BEA54DC33AD
S21400D048EB5871481A00FC32116940F2CC22A950FC
S21400D0581A00FF32917F40F2D822A95400210132EB
S21400D068A95401320131A954273AFF3A9A5C40F292
S21400D078DB236B49EA54FEF753FB760701D5FDF729
S21400D08859FE40F2A133EA5C93067CD540F2A233FF
S21400D0980021E95440F240216B58180602D5822038
S21400D0A883436B5005231A4200D152E30A2002F04C
S21400D0B8F9FA002800D14CE340F2A133EB5CDA071A
S21400D0C800D546E35B0700D460E340F24022022125
S21400D0D8AB588B43AB5040F2402140F2A13269581E
S21400D0E8AB5C19B1012928D1590726D50520A95CBA
S21400D0F8DEB28143A954012240F2A2316A54134297
S21400D10805D040F24423EB5846481B689847042449
S21400D11826420AD0444802F0DFFA02F007FB20B1A4
S21400D12840F2A133EA5C1443EC5401F0A7F940F24C
S21400D138A1322021AB5C8B43AB5440F24023EB5822
S21400D14883B9582406AA121913701CA802F0E8F925
S21400D15806AB1B191B782BB140F2A1321023A95C31
S21400D1680B43AB5440F2B83440F2A233012228599C
S21400D178EA5440B15B3BFF3BEB5813B19B6803B1E5
S21400D188984700232B5140F2A1320821AB5C0B4292
S21400D19807D08B43AB5440F24423EB582348DB6854
S21400D1A8984740F2A13410262B5D33420DD0582103
S21400D1B8052306AA5218138040F24423EB581CA8ED
S21400D1C8DB6898472B5DB3432B5540F2A13202210A
S21400D1D8AB5C0B4207D08B43AB5440F24423EB586E
S21400D1E813485B68984740F24023EB58012B21D040
S21400D1F840F2A033EB5C023B012B1BD8FEF7BCFACF
S21400D20818E0C04674940100F8610020405D0020D4
S21400D21880660020605D002014620020E461002023
S21400D22828620020A0620020B8620020E062002089
S21400D2387862002029B0F0BDCC4BDB6A984740E600
S21400D24840F2A433EB58E0331B78012B0ED100F0E4
S21400D258A5FE0600A8B1069800F086FE00F094FB2E
S21400D268042340F22932AB5401230693012002F02E
S21400D278FFF98FB940F219330122EA54FDF760F935
S21400D28857E600F095FE0028F0D0300000F072FE59
S21400D29800F086FB0523E4E7237808935B09032B55
S21400D2A800D1AAE0052B00D1A3E0012B00D037E27D
S21400D2B83B004FF6EF72113B1342DBD13422FEB22D
S21400D2C806AB40F2A4379B1812941E7040F2B413B3
S21400D2D8EA59D35C002BCDD1FAF734FB12AA010029
S21400D2E8FF2002F0A1FB402206AB9B181B78040027
S21400D2F8DA43120700D1A6E21B071B0F06AA13770C
S21400D308EB5906A91A00FF32927F18784A77072247
S21400D3180DA9FAF782FB002C00D097E2002800D16E
S21400D32894E240F2A433EC583921200006ABC91821
S21400D33803224830FFF774F92200159B12AFE36406
S21400D3483B7CFF325B065B0F93723B7CD943090735
S21400D35803D01B071B0F53745376797C01B9013130
S21400D36840F2E8334B43210040F2E830F8310B60D6
S21400D3781B184B60012300275372B233FF33E75460
S21400D388713B06AAFF3B9B18109313002C22113EF4
S21400D3989B181E7040F20D332421EB5C06AA521827
S21400D3A8137020780FA9FAF74DFB40F2A433022138
S21400D3B8EA58F13BFF3B3800D15402F073F918B134
S21400D3C83900380002F01CF940F22933EB5C012BD7
S21400D3D800D9B4E140F20C33EB5C002B00D0A6E198
S21400D3E840F2A1322023A95C0B43AB54FCF7F4FFB0
S21400D3F89FE540F218330122EA5440F2A433EA5873
S21400D408107813000200511E8A41FF339B7F524258
S21400D41813400DA98B7040F21C33EB5C4B700D2348
S21400D4280B70FAF79DFA3A000D3A07900B90131C0A
S21400D438120400D500236A461C21525E1BB2934292
S21400D44800DD17E70B2F00D814E75C2206AB9B1805
S21400D4581C941F70464BA332259326AB1A701CA843
S21400D46803F064F8002800D004E7069B43B1642262
S21400D47806AB9B1819781E98C906C90F01F0E4FA7E
S21400D4881E9B0FA9069340F23033069A1CA8EA5052
S21400D498FDF7D4FD0700002800D0EBE6099B069AA6
S21400D4A80C90934241D040F2A433EB5801001C0084
S21400D4B81E0040F2240C5434513662464A430698FD
S21400D4C8A758B8422AD1B75C47B39A181100926E8B
S21400D4D8E033126852310C921A780E780323022A27
S21400D4E800D0023340F22932AB540FAB1B78032B23
S21400D4F800D0BFE61CAB1A7B602301271A4200D077
S21400D508B8E60FAB1B7809936B46998B042E1BD88D
S21400D518300009F0A9FC282224260C000131042931
S21400D528CBD140F219330B22A7E60426E9E70324F9
S21400D538662206AB9B181A8820000CAB02F012FA7B
S21400D548C0B10923072800D0012340F21932AB5492
S21400D55840F22C330C9AEA5090E60524E8E70624B5
S21400D568E6E70724E4E70424E2E7C04674940100EB
S21400D578996000201CAB009322000C9B3000069993
S21400D58802F016FB40F2193328B10238421E9041C9
S21400D5980B30E85472E6E85440F21A33642240F23C
S21400D5A81D31EF5406AB9B181B78DA06D20F6A5467
S21400D5B840F220320C99A8500432A8549B06083230
S21400D5C8A950DB0F023AAB541732A8540332AB54B7
S21400D5D840F22933EA5C012A03D87B33EB58E4335C
S21400D5E81860012F1BD140F218330221E95440F28B
S21400D5F840331CACE95C237B012A05D8012901D1FC
S21400D6089B0601D501F042FF099B032B00D980E059
S21400D618180040F2293309F027FC314B76391F21D0
S21400D62840F2A433089840F28F148843EB5840F22F
S21400D6381831A0281ED19F381855B230FF30185C14
S21400D64818B9279CB930FF301C5001236B549A42F6
S21400D658CDD940F2383341F640700021EB181860F7
S21400D668596040F2B0338049EB180868496818607A
S21400D6785960BCE7002018556854B8E7217BEB5C76
S21400D6880907049A090F20A8FEF7D8FF592306AA07
S21400D6989B18DA7F40F21B33EA54626A0533EA5075
S21400D6A826AB1A7840F22433EA54012201330DE0FF
S21400D6B8217BEB5C0907049A090F20A8FEF7BEFF3A
S21400D6C8592306AA9B18DA7F40F21B33EA545923DB
S21400D6D806AA9B18DA7FE02A0ED140F2A433E9584E
S21400D6E8E83BFF3BCB5C3BB940F21B316A5440F247
S21400D6F82032AB500432AB5240F2A1320223A95C6E
S21400D7080B43AB5460E626AA1178EB5C049A606A71
S21400D718D4E740F219330122EA54FCF711FFD6E7A2
S21400D72840F219330122EA54FCF70AFF4CE640F2AD
S21400D7384433EB5C002B00D152E6FCF7DFFE40F2E8
S21400D7482933EB5C022B00D150E649E6DB6EFFF787
S21400D75802FC40F2A1330426EB5C334216D00020CC
S21400D76801F0A0FF40F2402458B1002001F064FF09
S21400D77810B940F20833E85402222B5993432B5130
S21400D78804E0300001F08EFF0028F5D140F2A13306
S21400D798EA5CD30700D49EE440F24033EB5CFBB966
S21400D7A840F2A433EB5840F208301900FF31285CE9
S21400D7B8497A884208D292072CD5E0331B781BB1E9
S21400D7C840F22933EB5C2BBB2848F3F7E3FC40F226
S21400D7D840222021AB588B43AB50FCF785FF7AE4F8
S21400D7E8012B17D140F20B33EB5C002B00D172E40F
S21400D7F840F20A3340F20931EB5C695C994216D96B
S21400D808920703D540F24432AA5CC2B940F20A3203
S21400D8180133AB5440F2A1322021AB5C8B43AB54AE
S21400D82840F20B330022EA54FDF784FA53E440F240
S21400D83844316A5C1AB940F20C306A542A5440F2F1
S21400D8484532AB54C0E7002800D16AE5002001F055
S21400D85829FF002800D1B7E500210820032C00D1B5
S21400D868B0E50720AEE5C046405D0020D061002048
S21400D8780B688218904200D1704703701B0A01306B
S21400D888F8E7F0B599B005930D230C270492039199
S21400D898C356C7570293837B426801931E9B0400B6
S21400D8A81A6046783D00002E45D0022306AA137259
S21400D8B8C37B08A99372007CFAF752F843B2009328
S21400D8C89F4201DA6B461D780026218962686389C3
S21400D8D88A4276415B186DB2F6B29A4207D30A239B
S21400D8E808A90B70207CFAF73BF843B202936389C9
S21400D8F820895900626809188A421CD3121AB2FB9A
S21400D908F3F14B439A4216D1009B9F4209DC2378D9
S21400D9182BB10123207C0AA90B71FAF759F80123C9
S21400D9280193212308A94D700B70E37B8B70207C34
S21400D938FAF716F845B23000039B029A1D70049B4E
S21400D9481A70059B019A1A7019B0F0BD034B10B5F2
S21400D958A0331B6803B1984710BDC0465863002023
S21400D9680022034B5A641A649A60DA607047C0460D
S21400D97858630020034B10B5C8331B6803B198479B
S21400D98810BDC04658630020022310B5034A11781C
S21400D9980B431370FFF7DAFF10BDC04694640020EF
S21400D9A8042310B5034A11780B431370FFF7CEFF14
S21400D9B810BDC046946400201FB5352301B1063B50
S21400D9C86A461372044B1073B8331B6802A918789A
S21400D9D8F9F7C6FF05B000BD5863002010B5092446
S21400D9E8022800D0043403F0DFF9012800D10A34F5
S21400D9F8200010BDF0B58FB028230290039102B125
S21400DA083C33FA200021394C4002A66DE76D801B96
S21400DA18B941029D039E1A0040197141F3F7CAFCEA
S21400DA282300BC331A682300EC331B68216C566845
S21400DA385B188619FE2B23D8072304ADAB74230086
S21400DA48E521B8331B68127A1878615633000095BA
S21400DA58FAF71DF8AB68FE2B01D9FF23AB6001204F
S21400DA68FFF7BCFF2200EB68EC32181A1268AB68A6
S21400DA78E8609B1A23642300F0331B68C01A6064AE
S21400DA882300FC335B68E2689B18FE2B2BD8230028
S21400DA98BC331B6808211A7A2300CC331B6809ADEF
S21400DAA859562300B8331B68187833000095F9F7E1
S21400DAB8EEFFAB68FE2B01D9FF23AB602300CC3307
S21400DAC81B6803205B7A032B00D80220FFF786FF2B
S21400DAD82200EB68FC32181A5168AB685B1AE360E0
S21400DAE89368C01AA0600FB0F0BDC0465863002007
S21400DAF810B50548F3F74EFB0123044A11780B438B
S21400DB081370FFF723FF10BDCC6300209464002039
S21400DB18F0B587B00492059306000D00F3F740FCB5
S21400DB28334C00900191A06AE16AF3F7ABFA009AC9
S21400DB38019B121A8B411000FA2219005202002388
S21400DB4809F0EAF940F21E0C1900634640F6480749
S21400DB585E4300231000F219009E019F92197B4134
S21400DB681F001600361A8F4102920393019BBB4290
S21400DB7803D81ED1009BB3421BD963466B431D00D6
S21400DB88029A039B801A9941009A019B8018594172
S21400DB982A00002309F0C0F90130C0B2454300232B
S21400DBA82A00B6185F41049B984204D3002007B0A9
S21400DBB8F0BD0020F7E7206B616BF3F763FA0123EB
S21400DBC80C4A5B42801859418F42EFD801D18642F1
S21400DBD8ECD8009A019B30003900801A9941E26916
S21400DBE8F3F7E6FB059B186059600120DFE7C0469F
S21400DBF8586300202AF4FFFF70B50600150088B0A9
S21400DC086846102200211C0003F0A8FC04A8102275
S21400DC18002103F0A3FC04AB8C2210216846009672
S21400DC280195F9F7D1FD6B465A7C1B7C1202D21877
S21400DC38B2FBF4F35C430C9B121B1A8008B070BD51
S21400DC48F0B50400B0B100220827100041F2210602
S21400DC583D00A35C1B02584003B2002B0BDA5B00A6
S21400DC68734098B2013DADB2002DF5D1013293B2A2
S21400DC789942EDD8F0BD400080B2F3E7F0B587B022
S21400DC881D000CAB1F7800903723019207B1043BA8
S21400DC98154E02AAB8361372336804A91878F9F72D
S21400DCA85FFEC3B2040003900020012B15D934236D
S21400DCB802AA1372336804A91878F9F751FE019B73
S21400DCC8009A6D06DB092B43D318FF221440B3FBDA
S21400DCD8F4F14C4310401B1BC0183900C0B2FFF7C4
S21400DCE86BFE07B0F0BDC04658630020F0B50600CE
S21400DCF80F001000244C87B0002A37D001210020DE
S21400DD08FFF75AFE2300CC331B6805001A7BD207A0
S21400DD1800D51D690822237E134208D09343237634
S21400DD282300483301211878FFF746FE0500237EB6
S21400DD38DB0623D537430FB32300D8331B6803A964
S21400DD489BB20B804E6023002600B833A836326894
S21400DD581B688D6018780432F9F796FFA434236898
S21400DD683268DD6012791A7407B0F0BD0123226AA2
S21400DD78009380320300FFF781FFC3E72300EC33EC
S21400DD881B68226C9B18DAE758630020010010B560
S21400DD98002021B10248142203F0CBFB012010BD5D
S21400DDA880640020142303600048704780640020C5
S21400DDB8F0B587B0F3F7F4FA324C06000F00A06D02
S21400DDC8E16D03000B43002B4DD000232E4A12189A
S21400DDD84B419F4247D801D1964244D832003B0077
S21400DDE8121A8B41100019006422F3F7E3FA230095
S21400DDF860331A78050004235AB1227E1343206B39
S21400DE08616B2376F3F73EF9801BB941206561659F
S21400DE1803E0227E64351A42F0D02600BC3633680A
S21400DE2827005B6804A9ED183123B8370B703B68E8
S21400DE381878F9F795FD23000722E2331A7033683D
S21400DE4803901A7A3B6841B21878104BDC3400937A
S21400DE582B00F9F71CFE0020FFF7C0FD23681B1AED
S21400DE68236007B0F0BD0022002321000025A2652C
S21400DE78E36522656365237E0C32603193430D703B
S21400DE882376CAE75863002000DD6D00286400206A
S21400DE98FA20F0B5184C87B0270028220021400247
S21400DEA8F3F788FA2200BC373B6868320025555FCE
S21400DEB85B682600ED18312304A9B8360B70336862
S21400DEC82D181878F9F74CFD23000722F6331A7038
S21400DED83B6803901A7A336841B21878074BF034D7
S21400DEE800932B00F9F7D3FD0120FFF777FD236891
S21400DEF81B1A236007B0F0BD586300203C6400205E
S21400DF0873B5FA20164C002128224002F3F752FA7D
S21400DF182300BC331A682300683300215B5E51680F
S21400DF2825005B181B182000CC352968B830097AFC
S21400DF3800680C4E0078127A49B20096F9F7A7FDE9
S21400DF482B6825005B7A0320FC35032B00D80220BB
S21400DF58FFF744FDAB68FC34181AA06073BDC046D2
S21400DF685863002050640020014B713318707047C6
S21400DF7858630020014BFF3398737047586300209E
S21400DF88054B01201A7ED20605D4703318780B3854
S21400DF9843425841C0B2704758630020034B713360
S21400DFA81878033843425841C0B270475863002077
S21400DFB8034BFF33987B033843425841C0B270473F
S21400DFC858630020024B187EC006C00F7047C04634
S21400DFD85863002010B5094C50B9237E70345B078F
S21400DFE803D5FFF7EFFF012300B10023237010BD10
S21400DFF870342378012BFAD92070F8E7586300208C
S21400E0083023F0B5884F95B007910AA90B703B00EE
S21400E0180024B8331B681470050018780492F9F7C2
S21400E0289FFC3B00099070331B780B2B04D03B7E7B
S21400E0382000DB0600D4DEE009AC2378079A93427A
S21400E04800D0CEE063782800591D0393FFF7F8FD4B
S21400E058039BEA189179537909020B43834200D04F
S21400E068BFE0724B72481E68039BA178EB5C737521
S21400E078C35C069353783B62907800021843386274
S21400E088D3781B0403433B621279120613433B62A0
S21400E0980023664ABB84843A331D11CA11C3039B06
S21400E0A80E335B180593039B0731DC1D2C192000E3
S21400E0B8FFF7C6FD059BEB185A78059B1202EB5C2A
S21400E0C81343834200D098E0300003992378083140
S21400E0D80622F3756918183003F02BFA0122534B01
S21400E0E81B689A756B46197F524B01205B6A9847E6
S21400E0F840F2E83200230021040008F00DFF40F249
S21400E108E8330500434339003800E41A08220EAE07
S21400E11820312830B48009F0A4FEB96A464B10A80E
S21400E128C9180F9BB9620093FA6A2B00F2F728FF0A
S21400E13811991098F2F754FF12A8F2F771FF129887
S21400E1481399F2F79FFF3B0001220CAD6033B865C8
S21400E158F96528001A70F2F7D7FF3B0070331B7872
S21400E1680024364E0B2B12D10C986968F2F78AFFFA
S21400E178716804003068F2F785FF314B241A1B6873
S21400E188013394FBF3F4631D40DA052464422D4BF7
S21400E1981C60002306CD06C6294A13603B00683378
S21400E1A800215A5E0699914204D01980FFF770FE46
S21400E1B8FFF7A6FE03233A7E9A4313433B76FFF700
S21400E1C8CFFB3B00052270331A70FFF791FC012243
S21400E1D8049B1A703B7EDB0603D5B86DF96DFFF716
S21400E1E809FC3B0070331B78052B03D0012B11D09C
S21400E1F80B2B0FD0012015B0F0BD002330000722EE
S21400E2081900B375173003F0A9F96BE7052CBEDDC6
S21400E2180524BCE70123049A02201370FFF7DAFEF0
S21400E228FFF766FCE6E7C04658630020FC6300205C
S21400E238D4A1010074940100803DD51250630020DB
S21400E248486300204C63002010B5044B70331B78DD
S21400E2581800012B01D0FFF7B5FE10BD586300204B
S21400E2680122064B1000197E114205D1703318782A
S21400E278013843425841C0B27047C0465863002030
S21400E28870B5194D41F200012B00CC331A68802373
S21400E2980341537091FBF3F35380537A0400032B26
S21400E2A815D903280DD82E000320FFF797FBFC3658
S21400E2B8B3681B180220B360FFF790FBB3681B1AFD
S21400E2C8B360CC352B685C72FFF754FB70BD03282F
S21400E2D8F7D92E000220FFF781FBFC36B3681B181F
S21400E2E8B3600320E8E7C0465863002030B5002531
S21400E2F81C4B1D4C85B0142229001C481D6003F0D9
S21400E3082DF914222900200003F028F958222900A4
S21400E318174803F023F9174BE36123009C331B6867
S21400E3280BB19847E061362302A90B702300B83377
S21400E3381B681878F9F714FB2300CC331B6818728F
S21400E3480720FFF79DFFFFF733FDFFF7A1FDFFF757
S21400E358D7FD220000237032FF341380A37305B064
S21400E36830BDC046946400205863002080640020B6
S21400E378706300200000C841F8B5114C23009C3398
S21400E388C0C9C0C32100A4310B00E0C8E0C362C8FE
S21400E39862C362C862C323000A49CC3319600A48BC
S21400E3A80A49C8342260F2F7C5FE09480949F2F757
S21400E3B8C1FE09480949F2F7BDFEFFF797FFF8BD09
S21400E3C85863002080640020CC630020F9DA00003F
S21400E3D8E063002091D9000068640020A9D90000F5
S21400E3E8F0B5254CA3B02600CC36336809AD1A7BA9
S21400E3F8D207D20F00921A6901922A0083CB83C2F1
S21400E40821002700183158220CA809F02AFD237E7F
S21400E41860375B07DB0F0693226D636D02920393EA
S21400E428A26DE36D049205933B780793FFF75EFFB2
S21400E43801213368019A1A611A7B8A4300990A43B4
S21400E4481A7343CD43C304212000069B30309A003C
S21400E458237E8B431343237612A9029A039B2265D5
S21400E4686365082209F0FDFC049A059BA265E3652E
S21400E478079B3B7023B0F0BD586300200D4A10B5CB
S21400E4881300703319788B1F022B11D82023107EA7
S21400E498034313760223072906D00A33082903D034
S21400E4A8137E9B07DB0F043370321370FFF720FBD5
S21400E4B810BDC046586300200378422B03D0472B74
S21400E4C808D002207047064BCC331B681B7A0371B2
S21400E4D80020F7E7024BCC331B685B7AF7E7C046A9
S21400E4E858630020037810B50400422B04D0472B4D
S21400E4F80DD00223180010BD0A4B0279CC331B68D6
S21400E5081A72FFF7FDFCFFF735FA0023F2E7FDF76E
S21400E51887F80028EDD1207903230728EAD8FFF7E3
S21400E528AFFEF2E75863002010B5FFF723FA10BDD8
S21400E538F0B585B00D000F0003241F4E019059B1A9
S21400E5483300B8331B6803910022187803A9F9F73B
S21400E55864FA01270230C4B26B461B7903A95BB282
S21400E5680193019A02AB1A713300BC331B6802AAE6
S21400E57835331B7853713300B8331B680722187875
S21400E588F9F74BFA022118B98C43200005B0F0BD04
S21400E598032C0ED1CC3632687B421D407B001778A0
S21400E5A855608F431F43019B17701372FFF7A8FC33
S21400E5B8EBE70C00E9E7C04658630020F7B51E24D1
S21400E5C844432600104C00272500483529700C21A6
S21400E5D8207E92197B418843014368462665676515
S21400E5E82176F2F76BFD23006A46303303CA03C36D
S21400E5F82300206D616DAC331B689861D9612A7859
S21400E6080133DA77F7BDC04658630020F0B58BB003
S21400E61806AE3000F2F704FD069D07992800F2F7CB
S21400E62831FD7F23184C9D4302902B0020000027C5
S21400E638039180333100082230300693B78009F002
S21400E64810FC08AB9F80099B04AE0093216B626B9D
S21400E65830008023F2F7AEFC2300283306CE06C32C
S21400E6680423227E206B1343616B2376F2F70AFDA0
S21400E678029A039B801A9941044B20656165ED1840
S21400E6882562A7840BB0F0BD5863002080C22AED2F
S21400E69837B505000E4CA0B12300B8331B680190AF
S21400E6A80022187801A9F9F7B8F948B10122CC3444
S21400E6B82368197B1D610A431A73FFF75BF901206B
S21400E6C83EBD0121CC342268137B8B431373F4E7D9
S21400E6D8586300207FB502900391F2F761FE1B4E47
S21400E6E805000C00306B716BF2F7CCFC0191002131
S21400E6F80B00BC363668009072693069801859413C
S21400E7080123134A5B42121A8B4102980399121A84
S21400E7188B410098019912184B41A3420ED801D19B
S21400E728AA420BD80098019940F6480200238018A0
S21400E7385941A14206D801D1A84203D80020002199
S21400E74804B070BD40F64800F9E7C046586300209C
S21400E75848F4FFFF13B51348F2F71CFD124C134894
S21400E768F2F718FD01A801F0B7FF2278531CDBB2B8
S21400E77823700AB901F0D4FF01A801F0B2FF062100
S21400E7880B4A01A813788B43137001F0A5FF237872
S21400E798013BDBB223700BB901F0D2FF01A801F0F0
S21400E7A8A0FF13BDE0630020806600206864002098
S21400E7B894640020204B13B51B681B785B0707D5AD
S21400E7C80A2000F06FFF18B10A21102000F018FF89
S21400E7D81A481B4CF2F7DEFC01A801F07DFF2278F0
S21400E7E8531CDBB223700AB901F09AFF01A801F0A6
S21400E7F878FF0121134A01A813788B43137001F0A0
S21400E8086BFF2378013BDBB223700BB901F098FF4E
S21400E8180D4C01A801F065FFFFF79CFFFFF7E0FD30
S21400E82863689847042806D0231DDB6F9847236B38
S21400E8389847E36E984713BD08640020CC63002011
S21400E84880660020946400207494010037B51B4C41
S21400E858237EDB072AD51A481A4DF2F79BFC01A837
S21400E86801F03AFF2A78531CDBB22B700AB901F084
S21400E87857FF01A801F035FF0121134A01A81378B4
S21400E8888B43137001F028FF2B78013BDBB22B700B
S21400E8980BB901F055FF01A8703401F022FFFFF70D
S21400E8A859FF2278022A02D10532227037BD0C2A77
S21400E8B801D1043AF9E70622F7E7C0465863002074
S21400E8C8CC63002080660020946400200F4A40F243
S21400E8D801101300C0331B6810B5190090311C884E
S21400E8E884420FD113000021FF330120997340F2B0
S21400E8F82413074CD0542000F2F74AFD2000F2F704
S21400E908BBFC10BD24339942E9D1FAE758630020CE
S21400E91868640020094B00211A00713210B5117086
S21400E9280122074CFF3320005A73F2F731FD20000E
S21400E938F2F7A2FCFFF7CAFF10BDC04658630020D6
S21400E948E0630020030010B5012808D1074A02201A
S21400E958127E1A4202D0FFF7DDFF002010BD02200B
S21400E968002BFBD1FFF726FFF7E7C04658630020C9
S21400E978F0B5324C87B002900391A06AE16A009223
S21400E9880193F2F77FFB009A019B121A8B41100045
S21400E998FA221900FA260023520208F0BDFA0027C8
S21400E9A87602B61A9F41009A019B04AD92197B41E4
S21400E9B82800F2F783FB2300303306CD06C3300069
S21400E9C8E2693900F2F7F4FC1D4B039A1B68D31A68
S21400E9D81B18002B00DD1800009A019B0600002774
S21400E9E892197B41A263E363FCF71AFE012801D162
S21400E9F8FFF790FF237E9B060ED423000922A4333C
S21400EA081B681A70029A5A702300B03319682823B4
S21400EA180A789A4313430B702022237E9343237667
S21400EA281FB940F6B8339E4204D90123054A5B4213
S21400EA38B6185F413000390007B0F0BD58630020B3
S21400EA484C63002048F4FFFF0C4B10B51A00B43294
S21400EA5812681268824203D1CC331B68997210BDC3
S21400EA68C0331A68131D9432042B03D01C688442E2
S21400EA7800D1997724339342F6D1F0E75863002003
S21400EA88F0B5B24D8DB00AA801F026FE2A78531CC0
S21400EA98DBB22B700AB901F043FE0AA801F021FE8A
S21400EAA80023AB4F0AA83C683B6001F015FE2B78A4
S21400EAB8013BDBB22B700BB901F042FE0AA801F04D
S21400EAC810FE002C00D13EE1E3B20793E40740D5E0
S21400EAD8A04CF2F765FC2300049005917033187873
S21400EAE80C2800D958E208F0D3F994010D00A801C3
S21400EAF85702B901D901570257025702FC012202F0
S21400EB0857022802267E102335001D401E4206D0D6
S21400EB18914D2B6B9847EB6E98470C2374E1FEF7E4
S21400EB281FFF042233001340164200D166E1236D0E
S21400EB38626D1343002B00D01AE11423227E9A43F9
S21400EB48043B13432376002240F648000021FFF7D3
S21400EB58CDF80222079B13425CD03B7800210020A8
S21400EB687C4C93433B7023000A900B9171331978C1
S21400EB7801291BD0914200D114E2002900D091E26D
S21400EB882200FF32537B6BB12300CC331B68734DD6
S21400EB985B8851732200B4321268206A00951268A6
S21400EBA8FFF72AF82300012271331A702300CC33AA
S21400EBB81B68A0885A7859880AABFEF7A9FF48B39D
S21400EBC822002100FA321278654BFC31E0689A7010
S21400EBD84A688D6812189A60A2680A980B99AD1848
S21400EBE8DD60854205DA2A00EB1712184B410A92B7
S21400EBF80B93022371340A9D23705A4C2900200077
S21400EC080B9EF2F7C5FB2000F2F736FB2800310012
S21400EC1801F0E6FB0420079B034200D193E00023A3
S21400EC2800224C4C0A920B932300C0331D68002D1B
S21400EC3800D188E02200FF32937B032B00D182E0CC
S21400EC48397881433970012B23D0022B00D12FE26B
S21400EC58002B00D0BBE240F22411605C002800D1F3
S21400EC6823E22E0040F20117635490362B88BB42ED
S21400EC780CD12A002032EB8B206A00926A680021A9
S21400EC88FEF7BAFF23000122FF339A732435B542F4
S21400EC98ECD12300C0331D68002323612B00002617
S21400ECA800279033049340F201122B88934213D125
S21400ECB82A7FE98B288C0AABFEF72AFF60B1310061
S21400ECC839430A9A0B9B21B19F4202D804D1964237
S21400ECD802D916001F002561049B24359D42E2D107
S21400ECE8236983B3237E204D9B0716D52100230076
S21400ECF82000CC310968BC33B8301B680068097A34
S21400ED081A7A007800955B6849B2F8F7C0FE124B8D
S21400ED18DB6D9847EB681B1AEB60E968B14203DACB
S21400ED280A00CB17B6185F410223FF34A3730F4CB3
S21400ED3831002000F2F72CFB2000F2F79DFA300095
S21400ED48390001F069FB0DB0F0BDC04680660020B2
S21400ED589464002058630020749401005C630020CB
S21400ED6834630020E06300202063002068640020ED
S21400ED78206B616BF2F786F92300DC331E683200DD
S21400ED88F317801859410126059B994203D82ED1BE
S21400ED98049B98422BD91DB10822237E93432376E1
S21400EDA8049A059B801A9941E269F2F701FB002351
S21400EDB800222265636503000B4306000D00002B46
S21400EDC800D1BAE6D04C31002000F2F7E1FA200074
S21400EDD8F2F752FA049B059C02930394CB4B32003D
S21400EDE81B68CB4800932B0001F08AFAB1E6FA229A
S21400EDF800235202801859413500C5E7002000213B
S21400EE08206561652363A386002670343500237069
S21400EE18D8E7237E10261D003540334200D077E61B
S21400EE28FEF79EFD237E01221E432676FA26002044
S21400EE380021FEF75BFF7602C4E7002204980599D6
S21400EE48236AA28480332362FEF7D4FDB14A13688E
S21400EE58013313602300042270331A700222237EC3
S21400EE68A06A9343E16A2376F2F70CF9049A059BA5
S21400EE78121A8B411100002B00D04EE6A64B994281
S21400EE8800D94AE6049A059B0F20616CFFF770FDCF
S21400EE9806000D0009237034237093E71022237EA2
S21400EEA80E2093432376616C049A059BFFF760FD5A
S21400EEB82300B0331B6806001B780D005B07E9D5F6
S21400EEC80A2000F0EFFB0028E4D00A21002000F01A
S21400EED897FB230000200021AC331B689860D9609C
S21400EEE8D8E723009C331B680BB19847E0612300E2
S21400EEF8F0331B681800D917A26BE36B12184B4146
S21400EF0805998B4203D84BD104998A4248D92100E7
S21400EF180A207031087004980599121A8B4110005F
S21400EF281900E269F2F744FA06000D004AE70B23D7
S21400EF3870342370FFF70EFC05E62300B0331B6819
S21400EF481A7852071ED50A2000F0ACFB18B10A2121
S21400EF58102000F055FB714DFFF7FCFBFFF740FA59
S21400EF686B689847042806D02B1DDB6F98472B6BD9
S21400EF789847EB6E98472023B034226811780B43E5
S21400EF881370E6E522000D21A432126811800822CB
S21400EF9819780A431A70DEE7002370342370D8E520
S21400EFA8042331E72300CC331B681A785E68130005
S21400EFB80B400A4208D12100B4310968226A00933E
S21400EFC80868FEF75BFE0600226913004AB12300B4
S21400EFD8CC331B680332997A0023D27F8A425B417E
S21400EFE8DBB22500FF35AA7B032A0ED1002B4ED0B4
S21400EFF84A4B1B6B98470023AB73494D1E212800CC
S21400F008F2F7C6F92800F2F737F92300032271331E
S21400F0181A702300CC331B68424D1B7A04AA6B7007
S21400F028414B1D201B6835331B786E602B740023FC
S21400F0386B740433AB742300C4331B68374E1B78D9
S21400F048EB7417239B181900FCF7F4FA331DDB6FD3
S21400F0589847336B984704ABD87DB36D9847230021
S21400F068B834A8331A682368043218782900F8F7E1
S21400F07822FD2D4B1A68736BD0689847002800D17C
S21400F088C8E5FBF7E5F96420FCF73EFBC2E57134FA
S21400F0982370264C1E212000F2F77AF92000F2F79A
S21400F0A8EBF8B7E500221A70B4E501239373F0E590
S21400F0B8216909B14B7853B90021FF34A173184C64
S21400F0C82000F2F765F92000F2F7D6F83BE60B6960
S21400F0D82BB9226A00934868FEF7D0FD0300226920
S21400F0E82500D11CC87F21007135CC3109682D78E0
S21400F0F8897A032D1CD188421AD30023FF34A373C0
S21400F1081E21074CDCE7C046CC6300204C63002079
S21400F118706300204863002000DD6D0074940100D1
S21400F128686400203463002014640020E063002034
S21400F13821000320FF318873127D264D00276A7050
S21400F1482200BC321268244E353212786B600523D2
S21400F158AB742300C4331B682A746F741B7804AA24
S21400F168EB7417239B1819001A30FCF763FA331D43
S21400F178DB6F9847336B984704ABD87DB36D9847D9
S21400F1882300A8331A682300B8331B68043218789B
S21400F1982900F8F790FC230071331A78032A08D15F
S21400F1A80E4D1E2128001F70F2F7F2F82800F2F71D
S21400F1B863F8BC342268736BD0689847002800D17F
S21400F1C8C1E5FBF745F96420FCF79EFABBE500238A
S21400F1D89373B8E52063002074940100E063002070
S21400F1E80022034B9865D96560331A707047C0468D
S21400F1F858630020F7B5354D01272B781C003C4096
S21400F2083B421BD1324E3000F2F728F8B8B1043E24
S21400F21832780B2A13D840F66403D3403B420ED00C
S21400F2282C4802F004F922000321307802F01DF978
S21400F238294802F0FCF8294802F0F9F801242B784E
S21400F24802261A0032400192334217D1244F380062
S21400F258F2F704F8A0B1173F3B78B343012B0FD160
S21400F268204802F0E4F803213878019A02F0FDF805
S21400F278194802F0DCF8194802F0D9F8012301937E
S21400F288019B2A7823431C00160004231E401A42BA
S21400F29818D1154D2800F1F7E1FFA0B10222113D63
S21400F2A8AB7B9343012B0ED1104802F0C0F8320016
S21400F2B80321A87B02F0D9F8074802F0B8F80748F7
S21400F2C802F0B5F8012620003043FEBD9464002005
S21400F2D8CC63002031880100138F0100848601006A
S21400F2E8E0630020528801006864002075880100E9
S21400F2F810B5FCF795F903000020012B07D103226F
S21400F308034BCC331B685B7A9A424041C0B210BDAF
S21400F3185863002003000020112B03D80248D84069
S21400F328012318407047C04620070200024B10B55C
S21400F3381B6803B1984710BDA465002070B5074D3B
S21400F3480400280040F20C12002102F007F9002001
S21400F358034B286068601C6070BDC0469864002037
S21400F368A4650020010010B5012029B1034840F229
S21400F3780C1202F0DEF8002010BDC046986400208B
S21400F38840F20C13036001487047C046986400209A
S21400F398F8B51500012601B32022144B1F001C00E7
S21400F3A808372678DEB90134BC42FAD1104C2268F8
S21400F3B802B92360626802B1136000221A606360B3
S21400F3C8AAB21871DD71581DFC3402F0B2F8E36871
S21400F3D801335B19E360FFF7A9FF3000F8BD013A77
S21400F3E8D2B23B00002AD9D10226F6E7A064002054
S21400F3F89864002010B5012410B3124B1A68904286
S21400F40804D102681A60002205E00A00002AFAD031
S21400F41811688842F9D15968884200D15A600AB101
S21400F428016811600024FC33DA68C179013A521A7F
S21400F43804602100DA60082202F090F8FFF776FFF1
S21400F448200010BD98640020054B1B682BB11A7964
S21400F4588242FAD100200B6070470320FBE7C046C3
S21400F46898640020084B70B51C681CB9FFF75EFF4F
S21400F478200070BD2079FFF74DFF256810B92000E1
S21400F488FFF7B8FF2C00F0E798640020084B70B52B
S21400F4981C681CB9FFF74AFF200070BD2079256854
S21400F4A8FFF738FF10B12000FFF7A4FF2C00F0E7A5
S21400F4B8986400200300012023B10020024AFC3291
S21400F4C8D2681A607047C04698640020F7B50F00E7
S21400F4D80190160001206AB161B1104B1C68002328
S21400F4E81D002CB1019AD11AE2790132914202D25A
S21400F4F800203D60FEBD5A1CD2B200922279611DE2
S21400F508F254009BE279F01802F013F8E279009BB7
S21400F5180135D3182468DBB25519E2E79864002051
S21400F52870B5040001205CB1074B1D6800232370EA
S21400F5382DB12879FFF7EEFE18B1012323700020BD
S21400F54870BD2D68F4E7C04698640020002310B507
S21400F558074C142220600748FF210375E0606060AE
S21400F568A06001F0FBFF0122E3685A7510BDC04693
S21400F578A8650020B8650020010010B5002021B15C
S21400F5880248162201F0D5FF012010BDB8650020FC
S21400F5981623036000487047B865002030B50D4D47
S21400F5A80200E96800200C7D042C12D81078AB689D
S21400F5B80134187050785870D278181DDA70002206
S21400F5C89A700A0010320C75934200D10800A860A1
S21400F5D8012030BDA865002010B50849CA68137D0B
S21400F5E8180053B1013B137513004C681033201DE7
S21400F5F89C4200D110004860012010BDA86500207C
S21400F60870B50C4CE268137D2BB115006368A468CE
S21400F61810359C4200D170BD1E788E4205D0AB4294
S21400F62801D11300F5E70433F3E7012258709A7006
S21400F638F1E7C046A865002030B50C4C0100E2682A
S21400F6480120137D33B16368A06814001034984213
S21400F65801D1012030BD1D788D4205D0A34201D1CD
S21400F6681300F4E70433F2E75878F3E7A8650020B8
S21400F67870B50B49CA684B68147D507564B11400A0
S21400F688012589681034DE78587006B99D70A34243
S21400F69803D113009942F6D170BD0433FAE7C04689
S21400F6A8A86500200B4A30B553689168D2681400E4
S21400F6B81034994204D100235A1E9341D8B230BD63
S21400F6C81D788542F8D0A34201D00433F1E7130031
S21400F6D8EFE7C046A8650020F0B505000024124FE5
S21400F6E885B0FB681B7D0193019B9C4201D105B048
S21400F6F8F0BD7B68197829705A786A70987840B196
S21400F7083B6828009B689847FFF766FF0134E4B219
S21400F718EAE703AE31707270DB78F370FFF75CFFD0
S21400F7283000FFF73BFFF1E7A8650020014BDB68D8
S21400F738187D7047A86500200420034BDB681B7DF6
S21400F7489842804140427047A8650020F0B50D4AAF
S21400F7580023D5682C7D9CB12E00536800221036F5
S21400F7681F7887420AD0B34206D12B000132D2B2A4
S21400F7789442F5D1002303E00433F7E79442F9D026
S21400F7880B60F0BDA8650020F0B585B004000F003A
S21400F79816000021102268461D0008F0F9FA6A468D
S21400F7A8A31F13706B460322581C390001F0C1FED4
S21400F7B80322310001A801F0BCFE6B460222D81DC8
S21400F7C8290001F0B6FE064B022218686946230097
S21400F7D80068F8F76FF800B10F2005B0F0BDC04616
S21400F7E8F8650020F0B58BB0019310AB06000C004E
S21400F7F81F780092F9B30A20F6B31022002102A857
S21400F80808F0C6FA1022002106A808F0C1FA1E2041
S21400F8186B460125042201A968441D765F77FEF72A
S21400F82827F82220042211A96844FEF721F8EAB234
S21400F8381301103B06A8DFB2C27301351021009AE7
S21400F84802ABADB2F7F7C0FFC0B9221C102C00DD22
S21400F858102202A80021844612B2F31967461878C7
S21400F868CF5D01317840187001339142F6DB103CC9
S21400F87824B2002CDBDC00200BB0F0BD0F20FBE729
S21400F8881FB510220021684608F082FA054B0922A7
S21400F898186869467F230068F8F70CF800B10F204F
S21400F8A805B000BDF86500200338052300B5042818
S21400F8B80CD80C4B1B6807F0D7FA030B0E10120077
S21400F8C81A690A601A0010325A620023180000BD2E
S21400F8D85B690B60F9E79B69FBE7DB69F9E71B6A7D
S21400F8E8F7E7C046F865002010B50C480C4C2822EF
S21400F8F80021206001F032FE23680A4A19001A60C7
S21400F90801220020524210319A80D8601A6159624A
S21400F9185A619A61DA611A6210BDC046D065002045
S21400F928F865002000040001010010B50A2021B186
S21400F9380248282201F0FDFD002010BDD0650020F9
S21400F9482823036000487047D065002003000A207B
S21400F9582BB10020024A1268D26801321A6070473A
S21400F968F865002037B51C000023150001930A33FC
S21400F97844B101A9FFF798FF030018B901994A1C7A
S21400F98802D1256018003EBD8AB2AA1A002A02DDF6
S21400F99889182160F6E712B907232160F2E780226A
S21400F9A8090C0904520289184919F2E703000A20CB
S21400F9B863B1074A00201268083311001431196130
S21400F9C804315963043120329965DA677047C046B6
S21400F9D8F865002037B504000A207CB1114D0938B7
S21400F9E82A68938801339380FCF70AFB2B6820006B
S21400F9F89B88E38200F0E8FD08B111203EBD230095
S21400FA0818330093132202232168F7F7BBFE03007E
S21400FA180F20002BF2D1200000F0D6FD0028EDD0F4
S21400FA28EBE7C046F865002073B50A23140072B1E8
S21400FA3869B10333FF280AD11068117901300139FA
S21400FA480300022289B2F7F7BFFE10B10F23180091
S21400FA5876BD200000F032FD10230028F7D10226DC
S21400FA681C4D2B68987022790096043A636A2168C0
S21400FA7892B2F7F792FE0028E8D1E279237AA179C4
S21400FA881B0412021A430A43296803238868904213
S21400FA98DDD030008A60FCF7B3FA2B68A61D09345F
S21400FAA80433220031000820FFF76EFE030000280A
S21400FAB8CDD12B682200043331000720FFF764FEFF
S21400FAC803000028C3D101212A684942D060116189
S21400FAD8BDE7C046F8650020F0B506001C0089B0F2
S21400FAE81BB90A25280009B0F0BD304F06253B682B
S21400FAF8DB688342F6D8200000F098FD0B3503003B
S21400FB080028EFD1621CD27F511E8A412168073235
S21400FB180391A16825798C463968C968B1422CD307
S21400FB283B682168DE6023792089043B8446A76801
S21400FB389AB20029D5D040F200100E258242D1D8BC
S21400FB480025B738049004A885806546C373C58029
S21400FB5823003D0C057200253F0E47724681370C80
S21400FB682C33360E85730773467300930723F7F70F
S21400FB7809FE050090B10F25B4E721002831087862
S21400FB88043D0100281A039D009328186346019631
S21400FB98FFF728FE05000028C2D0A3E723792068CF
S21400FBA8043BE16AC01800F03AFD9BE7F8650020C0
S21400FBB8F0B58FB0149E05000F001C000692002EAC
S21400FBC800D18CE0002310000AA90A93FFF76CFE08
S21400FBD818B1062318000FB0F0BD0A9B9C4201D846
S21400FBE80133F6D1300000F0A1FC10230028F1D133
S21400FBF83C4B8200D2181378AB4241D1B16802233D
S21400FC08B942E7D1537805939378099333680393F9
S21400FC183379043B07936B469B8B0493F36A0893EC
S21400FC28039B002B5BD040F20011049A0E238A42F5
S21400FC38D0D80AAD10220021280001F08FFC4923F5
S21400FC480A9340F20013AB803B0C2B723B0E6B7290
S21400FC58230C2B73230E6B730023AB73079BEF8069
S21400FC68EB73099B6C8128000093049A089B039900
S21400FC78F7F793FD030040B10128ABD00F23A9E79F
S21400FC8801300528B4D10C23A4E7731CDB7F0BB91D
S21400FC98073305933300283319780123019400931A
S21400FCA8059A3B00706AFFF79DFD0300002800D008
S21400FCB890E706980338042800D98BE70A4A1268A2
S21400FCC807F0D2F8030507090B00146182E75461B0
S21400FCD880E794617EE7D4617CE714627AE70A23BA
S21400FCE878E7C04626400020F865002030B50F4B60
S21400FCF804001D6885B020B9AB780B203BB905B069
S21400FD0830BD012803D1AB780B20012BF7D0102289
S21400FD180021684608F03CF809232200694628684E
S21400FD28F7F7C8FD0028EAD00F20E8E7F8650020B6
S21400FD3870B50500F7F7B6FD040010B10F242000D3
S21400FD4870BD012DFBD12800FFF7D0FF0028F5D1A4
S21400FD58FFF796FD0028F2D0F0E70000014B1B687D
S21400FD6898887047F8650020014B1B689880704794
S21400FD78F8650020014B1B6898687047F8650020F6
S21400FD88014B1B6898607047F8650020014B1B689C
S21400FD9818697047F8650020014B1B6818617047A2
S21400FDA8F8650020014B1B68D8687047F865002086
S21400FDB8014B1B68D8607047F865002010B5054CE5
S21400FDC83C220021200001F0C9FB40F2001323600A
S21400FDD810BDC046FC650020014B18607047C04641
S21400FDE8FC650020014B18687047C046FC6500207B
S21400FDF8F7B51C000AAB1B7807000D001600019328
S21400FE08FBF74EFC70B3184B1B681B072AD5174820
S21400FE1801F00DFB00220321380001F026FB1448F0
S21400FE2801F005FB00220A21300001F01EFB1048F5
S21400FE3801F0FDFA00220A21280001F016FB0C4802
S21400FE4801F0F5FA00220521200001F00EFB084813
S21400FE5801F0EDFA01980022032101F006FB05489F
S21400FE6801F0E5FAF7BDC046FC6500209D88010054
S21400FE78928901008486010070B506AB0D00140057
S21400FE881E88FBF70DFC30B1034B1A68920702D0A8
S21400FE981D719C609E8170BDFC65002070B50C00CD
S21400FEA81D00FBF7FDFB58B10523064A11681942E9
S21400FEB806D0049B1576D3610C9B13620532D47763
S21400FEC870BDC046FC650020F7B505000E0017009B
S21400FED80193FBF7E5FB002849D0254C23685B0710
S21400FEE834D5244801F0A3FA00220321280001F0A3
S21400FEF8BCFA214801F09BFA00220321207E01F07B
S21400FF08B4FA1D4801F093FA00220A21E06901F0CC
S21400FF18ACFA194801F08BFA00220A21206A01F08F
S21400FF28A4FA154801F083FA00220A21300001F0ED
S21400FF389CFA114801F07BFA1F20631D1856002210
S21400FF48032101F092FA0D4801F071FA2368DA07E6
S21400FF5808D5220001993432117022002C3227630A
S21400FF68A66215705B0602D5042338342370F7BDE5
S21400FF78FC650020A38801009289010084860100A0
S21400FF88F7B506000F0015000193FBF789FB00285C
S21400FF9845D0234C23689B0737D5224801F047FAFB
S21400FFA800220321300001F060FA1F4801F03FFAF2
S21400FFB800220321207901F058FA1B4801F037FA8D
S21400FFC800220A21A06801F050FA174801F02FFA1B
S21400FFD800220521A08901F048FA134801F027FA03
S21400FFE8019B0A215A4253415B421D4000222800C9
S21400FFF801F03BFA0C4801F01AFA380000220A21F0
S21401000801F033FA094801F012FA2368DA0701D534
S214010018276126755B0602D5052338342370F7BD9C
S214010028FC650020A88801009289010084860100E9
S21401003810B5FBF735FB78B1084C23685B060BD582
S21401004838342378022B07D0054801F0F0F9054823
S21401005801F0EDF90223237010BDC046FC650020AF
S214010068AD8801008486010010B5FBF719FB78B14D
S214010078084C23685B060BD538342378032B07D046
S214010088054801F0D4F9054801F0D1F90323237096
S21401009810BDC046FC650020BE88010084860100AC
S2140100A810B5FBF7FDFA70B1074C23685B060AD555
S2140100B8383423783BB1054801F0B9F9044801F012
S2140100C8B6F90023237010BDFC650020CF88010017
S2140100D88486010070B50500FBF7E2FA70B10A4C98
S2140100E823685B060AD5082D09D1084801F09FF94F
S2140100F8074801F09CF901233834237070BD002DA0
S214010108FCD10448F2E7C046FC650020DE88010001
S21401011884860100F688010070B5FBF7C1FA00284D
S2140101284DD0324C2368DB0749D5314801F0EEFC47
S2140101380025230034331B78AB4241D82D4801F003
S21401014876F900220121100001F08FF9294801F003
S2140101586EF900220121100001F087F9254801F007
S21401016866F900220121100001F07FF9214801F00B
S2140101785EF900220A21A06A01F077F91D4801F00C
S21401018856F923002C331B78012B21D11A4801F08C
S2140101984EF9E0690022052180B201F066F9174898
S2140101A801F045F9237E0020022B02D8144A5B0091
S2140101B8985E0022052101F058F9F0F797FB70BD0B
S2140101C8236B0221585D013501F03BF9EDB2B0E72A
S2140101D80C4801F02CF94CF25033E26900209A429F
S2140101E800D1323000220221E5E7C046FC65002036
S2140101F80E89010092890100128901001A890100FD
S214010208D8A101001D890100F7B507000E0000926C
S2140102180193FBF745FA00284DD0314C2368DB07DC
S21401022849D5304801F072FC0025B54244D32E4822
S21401023801F0FDF800220521009801F016F92A4878
S21401024801F0F5F800220321019801F00EF926487D
S21401025801F0EDF8254B88331B6898470121800982
S2140102680840002201F001F91F4801F0E0F80022D9
S2140102780A21206901F0F9F81B4801F0D8F8237D16
S214010288012B20D11A4801F0D2F8A06800220521D6
S21401029880B201F0EAF8174801F0C9F8237900207E
S2140102A8022B02D8144A5B00985E0022052101F051
S2140102B8DCF8F0F71BFBF7BD785D0221013501F08C
S2140102C8C0F8EDB2B1E70D4801F0B1F84CF2503381
S2140102D8A26800209A4200D1323000220221E6E7C5
S2140102E8FC6500200E8901009289010074940100C2
S2140102F8128901001A890100D8A101001D8901008F
S21401030870B5069E04001500FBF7CAF9002853D0FD
S2140103182A4B1B689B054FD5294801F088F800220F
S2140103280A21300001F0A1F8264801F080F8264895
S21401033801F07DF800220A21280001F096F82148EC
S21401034801F075F8214801F072F800220A21E06AE6
S21401035801F08BF81B4801F06AF81D4801F067F8B0
S21401036800220A21049801F080F8164801F05FF887
S214010378184801F05CF820696169F0F783FE0022ED
S2140103880A2101F072F80F4801F051F8124801F0FD
S2140103984EF800220A21206C01F067F8094801F09E
S2140103A846F80E4801F043F8206A00220A2101F0B7
S2140103B85CF8044801F03BF870BDC046FC650020B7
S2140103C823890100848601002D8901003B890100EB
S2140103D84889010056890100638901007489010072
S2140103E810B50400FBF75CF970B1084B1B68DB0617
S2140103F80AD5074801F01BF8200000220A2101F05F
S21401040834F8044801F013F810BDC046FC65002016
S214010418848901008486010010B50400FBF740F9C1
S21401042870B1084B1B689B060AD5074800F0FFFF0A
S214010438200000220A2101F018F8044800F0F7FF0E
S21401044810BDC046FC6500208C8901008486010029
S214010458F8B572B6BFF34F8FBFF36F8F00F03CFA53
S21401046818B3012000F01EFA10250226124C276840
S21401047862B6BFF34F8FBFF36F8F2368BB4203D1BA
S21401048800F02AFA0028F8D172B6BFF34F8FBFF3EF
S2140104986F8F23682B4206D12368334203D100F0BD
S2140104A81BFA0028E2D100F0F7F962B6BFF34F8FC6
S2140104B8BFF36F8F0120F8BD8866002010B50400D1
S2140104C802206CB3216859B30B780322637101319A
S2140104D8A01D01F02EF820002168032204310930FE
S2140104E801F027F820002168042207310C30FCF7B8
S2140104F897F82168CB7A23740B7B63742379212BB5
S2140105080FD1200010220D31123001F012F81D23F0
S2140105182000216824300422C918FCF781F800203D
S21401052810BD0120112BFBDC0D23F1E770B504008B
S21401053802202CB1216819B123790B2B01D801208F
S21401054870BD20000B780422637101310830FCF776
S21401055867F821684B7923738B79E381CA7912028C
S2140105681343E381227B237912070B3B120F934235
S214010578E5DD20000831103000F0DBFF237B20008A
S21401058800221B071B0F1E00651C2830EA77027025
S21401059822790836911B04290BDD21680933043AB0
S2140105A88E5DD21AD2B2EE770270606AC91800F070
S2140105B8C0FF200023792168043B2C300422C91887
S2140105C8FCF72EF80020BBE710B5040001202CB379
S2140105D823681BB322790018162A1FD96279A11D30
S2140105E81A7020680822013000F0ACFF210020684C
S2140105F808220E31093000F0A5FF21002368E28A9F
S21401060818315A74E38A22681B0A937420680422F4
S2140106181330FDF72DF917230020237110BD07B5F8
S2140106280422019101A9FDF723F907BD70B504005D
S2140106380120002C4FD02168012000294BD026002C
S21401064828363078227B03005D1EAB411207120F55
S2140106589B18043008331B1822799BB202209A4251
S21401066839D3637904220B702100206808310130E0
S214010678FDF7FEF821002368227B10315A712368A2
S214010688E2899A71E38922681B0AD371227B206862
S2140106981207120F083000F04CFF237B32781B0735
S2140106A81B0F1D0008352AB1621CD17F2268093349
S2140106B851551D00206832784019616A00F039FFEB
S2140106C833782068ED18ADB24019E16AFFF7A7FF45
S2140106D800200435257170BDEFF31083036072B6F0
S2140106E87047036883F310887047000072B6BFF33B
S2140106F84F8FBFF36F8FBFF34F8F034B034ADA60F9
S214010708BFF34F8FC046FDE700ED00E00400FA0591
S21401071870470020704710B5F0F766FF10BD00005F
S2140107281220054B10B5185606F012FB1220034B83
S214010738185606F00DFB10BDF4A8010018A9010013
S2140107481220054B10B5185606F0EEFA1220034B88
S214010758185606F0E9FA10BDF4A8010018A9010018
S21401076870B50D00140029000348A2B2F0F750FE38
S2140107780028F8D1200070BD38660020002337B560
S2140107880C001500019321000848AAB201ABF0F746
S21401079843FE0028F7D1019A2100044892B2F0F7E7
S2140107A837FE0028F7D101983EBDC04638660020BE
S2140107B810B50249024805F005FD10BD60A8010004
S2140107C8706A002037B5EFF31080012383F3108891
S2140107D8244B196819B9244A1170403111701A68E6
S2140107E801321A6080F31088002501241F49204829
S2140107F806F0B6F8002204211D4806F0F9F840F282
S214010808E83140F2406006F01BFA0121184806F06C
S214010818FBF80221164806F0F7F8164B64421D86C7
S214010828154B1D8000F0B8F900F0CCFA290023001A
S214010838220012480194009400F0E0F8104B2900B9
S2140108481868022240F20043806807F095F92900EB
S214010858230022000B48F0F7D3FDFFF7A9FF00F0AD
S21401086829FD37BD306D002040030A4054A8010019
S214010878606A002000020A4060020A40D04E00204A
S214010888544000203866002010B5024805F0A6FC42
S21401089810BDC046706A00200022014B1A607047DE
S2140108A888660020054B012800D118601A68D2070F
S2140108B802D51A68104318607047C046886600203B
S2140108C8044B10B51B68DB0702D50220FFF7EAFFC9
S2140108D810BDC04688660020034B01201B6810B572
S2140108E803B1984710BDC0468466002070B502F073
S2140108F88FFA30B91E4B1B68DB050BD5FFF7A8FD31
S21401090870BD012806D103F025FAC00502D503F00B
S2140109182DFAF5E772B6BFF34F8FBFF36F8FFFF768
S214010928DBFFE8B10120FFF7BDFF10250226FFF720
S214010938ABFF62B6BFF34F8FBFF36F8F72B6BFF3CD
S2140109484F8FBFF36F8F0B4C23682B4206D123685A
S214010958334203D1FFF7C0FF0028E8D10023236004
S21401096862B6BFF34F8FBFF36F8F0020C8E7C0464C
S214010978FC65002088660020014B18607047C04659
S2140109888466002010B540F2E83106F059F910BD2A
S21401099820B10022835E013300D001807047000039
S2140109A80022835E10B55A1C0CD04A1E914140F6AF
S2140109B80070CAB2190101400F20034019430248CA
S2140109C805F084FC10BDC046486A00200022835EFC
S2140109D813B500205A1C0DD06A46D41D40F6007285
S2140109E8190111400F22134003482200194305F04C
S2140109F85FFC207816BDC046486A002010B502493B
S214010A08024805F035FA10BDB8A80100A46A00200E
S214010A181FB50A00002369468B730F2169440A70C3
S214010A280E220A4C0A482370073300936A44063B91
S214010A3805F02EFB80239B02227812B9013B002B7E
S214010A48FAD16B46987B04B010BDC0468C66002070
S214010A58A46A00200379012B01D1014A137070475B
S214010A688C660020F0B5214D87B0019005A81E00C0
S214010A7803920291FFF730FE2A78531CDBB22B70E3
S214010A880AB9FFF74DFE05A8FFF72BFE184F002100
S214010A983800F0F76CFA0024019B195D154B0134F8
S214010AA818000093FFF7B4FF029AA3B29A42F3D84C
S214010AB8039CA619B44212D101213800F0F757FA5F
S214010AC805A8FFF709FE2B78013BDBB22B700BB9A3
S214010AD8FFF736FE05A8FFF704FE07B0F0BD21783C
S214010AE80098FFF795FF0134E4E7C04680660020CA
S214010AF8104F0020D04E0020F0B5244D87B00600D8
S214010B0805A81F0003920291FFF7E6FD2A78531CF9
S214010B18DBB22B700AB9FFF703FE05A8FFF7E1FD64
S214010B281B4B0021180001930024F0F720FA194BFB
S214010B38315D180000930134FFF76AFF029AA3B2E9
S214010B489A42F4D800210098FFF762FF039CC6B2C8
S214010B58E719BC4213D101210198F0F708FA05A854
S214010B68FFF7BAFD2B78013BDBB22B700BB9FFF709
S214010B78E7FD05A8FFF7B5FD300007B0F0BD002179
S214010B880098FFF745FF20700134E2E780660020F1
S214010B98104F0020D04E002013B500242300220059
S214010BA80C210E4801940094F0F7D8F9230022008E
S214010BB80D210B4801940094F0F7D0F90748F0F797
S214010BC8DAF943425841074B18700548F0F7D3F94C
S214010BD843425841044B0130187013BD90660020FB
S214010BE8A4660020CC6600203A40002010B5044CCC
S214010BF80449200005F0A4FB200005F0BDFB10BD4C
S214010C08506A00203CA8010010B5074B1B78012B41
S214010C1809D1022040F28021F1F709FEF2F71EF809
S214010C287F20F1F773FD10BDCC66002010B5094C86
S214010C380A20F0F78FF900212000F0F798F9142020
S214010C48F0F788F901212000F0F791F90A20F0F76A
S214010C5881F910BD6C4E002010B50348F0F78BF9EA
S214010C680128FAD010BDC046804E0020C02307B523
S214010C7801A8038000231A000221FFF7F3FEFFF7FD
S214010C88EBFF07BD37B56B460C001500D871F1F7B9
S214010C989FFC68462B00220001210730FFF7E2FE81
S214010CA86B46DB79842B01D0FFF7D6FF37BD73B5CA
S214010CB86B4615000C00DE1DD871F1F789FC2B0078
S214010CC8220001213000FFF717FF0400FFF7C4FFD9
S214010CD8200076BD0D2373B50D00160001AC2370F8
S214010CE8030A6370A070F1F773FC33002A0003212E
S214010CF82000FFF7B7FEFFF7AFFF73BD07B56B46DA
S214010D08D971073301221900FFF7E4FF07BD1D2338
S214010D1873B50D00160001AC2370030A6370A0704A
S214010D28F1F756FC33002A0003212000FFF7E4FE02
S214010D38FFF792FF73BD13B56B46DC1D0122210038
S214010D48FFF7E5FF207816BD37B50E230C00150012
S214010D586A4613715071F1F73BFC2B002200022101
S214010D6801A8FFF77FFEFFF777FF37BD37B51E23CC
S214010D780C0015006A4613715071F1F729FC2B0017
S214010D882200022101A8FFF7B7FEFFF765FF37BD6E
S214010D9810B50221F1F794FD10BD0000014B18783B
S214010DA87047C0463A400020014B18787047C04645
S214010DB8CC66002010B501210148F0F7D8F810BD1F
S214010DC8B866002073B501250024164E2A003000A7
S214010DD80195009500231F21F0F7C0F82300220093
S214010DE84921114801940094F0F7B8F8230022002D
S214010DF821210E4801940094F0F7B0F830002A003B
S214010E0823000F21A43801940094F0F7A7F82A00CC
S214010E1823001621064801950094F0F79FF8FFF77E
S214010E28C9FF73BD104F0020804E0020944E00204D
S214010E38B866002010B500210148F0F798F810BDF3
S214010E48B866002010B50248F0F795F810BDC04600
S214010E58944E002070470000014BD88880B2704736
S214010E68FE260A40002382B00193054BDB88C01A90
S214010E781E2380B243430193019880B202B07047A3
S214010E88FE260A4010B5042401210748074B82793B
S214010E981975A243827100220020197000211A6177
S214010EA89860D9609A8310BD00380A40D066002041
S214010EB810B5FFF7E7FF10BD0120034B1B789842DA
S214010EC8804140427047C046D066002010B5064BA8
S214010ED81C7D2CB99B6903B198471020FFF7E2FCEB
S214010EE80120604010BDC046D066002045F65E73FE
S214010EF8434382B00193019B034AB3FBF2F3019388
S214010F08019802B07047C046A0860100034A91883E
S214010F18938898B28B42FAD17047C04600380A4087
S214010F28F7B51D4E01A8FFF7D7FB3278531CDBB285
S214010F3833700AB9FFF7F4FB01A8FFF7D2FB174B8A
S214010F481F68FFF7E3FF164B040001A8DD7AFFF7D9
S214010F58C3FB3378EDB2013BDBB233700BB9FFF755
S214010F68EFFB01A8FFF7BDFB47F6FE739C4202D8CC
S214010F78ED0700D510372000FFF7B8FF040040F250
S214010F88E83200233800002105F0E6FF220000239E
S214010F988018594103B0F0BD80660020F066002035
S214010FA800380A4010B5FFF7BBFF10BD10B50400A6
S214010FB8FFF7B6FF40F2E832002305F0ADFF2280C6
S214010FC810BD70B504000D00FFF7AAFF02000B0064
S214010FD88D4207D801D1844204D8121BAB411000B8
S214010FE8190070BD01204042C117FAE710B5FFF796
S214010FF897FF0B000A4902008868C968994202D817
S21401100809D1904207D9121A8B4101204042C117D3
S2140110188018594110BD121A8B4110001900F9E7C2
S214011028D0660020F0B585B00E000190FFF76EFF80
S214011038FFF75CFF83B203930293019B564C022B86
S2140110483DD0032B63D00023019A1D001F00012AFF
S2140110581DD122780192012A19D12575FFF760FF63
S21401106843F68063029AA060E1609B1A9BB2019FD7
S2140110782661A3835EB143F67F6296421AD8B342CD
S21401108818D904232370039BB5B2F6182661236981
S214011098002B56D10421414A93798B439371072338
S2140110A82370FFF713FF2378072B72D1063B2375AE
S2140110B823706EE00223237000250127E7E72378D3
S2140110C8022B13D1A28B23699B1A23610127344B68
S2140110D822699A4201D90023236143F67F63256971
S2140110E89D4210D80423ADB22370D0E7032B03D159
S2140110F823692C4A9B18E8E70022043B1700022BB9
S214011108E5D82261E2E7032300252370BFE72378A9
S214011118052B11D12569039B9D420AD9029B0127FC
S214011128ED1A40F2D073ADB29D42B0D804232370B5
S214011138ADE700232361BFE7062BFAD000252F0071
S214011148A5E72178042921D1144B9A798A439A7103
S21401115840F2D072954205D90522227001225242E8
S2140111685A800DE0062121709542F7D06422ED03DE
S214011178B5FBF2F55A3A0535B5FBF2F5ADB25D8029
S2140111881B22DA729979173A0A439A712378072B40
S21401119887D0380005B0F0BDD066002000380A4078
S2140111A80000FFFF80C1FFFF70B504000D00032893
S2140111B80FD801281AD811D0002100200E4B002282
S2140111C89860D96001211A701A6119759A619A8313
S2140111D80AE00428F0D1FFF755FE05E0FFF752FEB6
S2140111E829002000FFF71EFF002004E00021FFF77A
S2140111F819FF0028EFD070BDD066002010B5010099
S2140112080120FFF7D1FF10BD10B50448044B05496E
S2140112181860054B196004F0ABFD10BDE46A0020A8
S214011228F866002018A90100F46600200D4B0E4848
S21401123810B50E4918600E4B196004F0D5FC70B94C
S21401124844220C4BDA71453A1A801B321A736832FB
S2140112589A72997A423A0A439A721C22DA72FFF70C
S214011268D3FF10BD00670020D06A0020F4A8010053
S214011278FC66002000380A4010B5024B186804F0D6
S21401128823FD10BDF8660020084B10B5186804F059
S21401129865FC0122064B99790A439A7104229979C9
S2140112A80A439A71FFF7E8FF10BDC04600670020A1
S2140112B800380A40054B064A10B59A6100221A758D
S2140112C8FFF7B4FFFFF7E0FF10BDC046D066002069
S2140112D84D11000010B5104CE37A5B0705D51B23AA
S2140112E800210320E372FFF75FFFE37ADB0712D5DD
S2140112F81E23E3724FF6F074FFF708FEA042FBD8F0
S214011308064A136810331360FFF7D6FD18B100219B
S2140113180220FFF749FF10BD00380A40F06600209A
S21401132810B50249024804F041FB10BD90A801001F
S214011338786A0020002310B50A480B4C2370037006
S2140113480A4804F0A1FB012320B980239B022278D6
S21401135812B10023180010BD013B002BF7D1012361
S214011368F8E7C0460467002006670020786A002070
S214011378F8B51D0000230C4E0C4F0D4833701400B1
S2140113883B7004F0E9FA012328B980239B023278DE
S2140113981AB100232C801800F8BD3A7812B9013B1F
S2140113A8002BF4D10123F6E7056700200467002027
S2140113B8786A0020030010B572B6BFF34F8FBFF3EB
S2140113C86F8F0079082809D8A8B10138072812D8DC
S2140113D805F04AFD1B17110D1111110B0300EF2221
S2140113E8103B134201D0402805D1094B0AE0986802
S2140113F8C0B2EFF7CFF962B6BFF34F8FBFF36F8F67
S21401140810BD044B01221A70F5E7034BFAE7C046F4
S21401141804670020066700200567002007B56B46AD
S214011428D91D087001220020FFF784FF07BD10B5FB
S21401143804000020205600B910BDFFF7EFFF013465
S214011448F7E770B505000F2601398C00231D00D17A
S21401145870BD2800E0403040092804D83030FFF736
S214011468DDFF043CF2E73730F9E7F7B505000E0073
S2140114780192002803DA2D20FFF7D0FF6D420123E1
S2140114880A221C00B34204D301260A27002C04DCD6
S214011498F7BD01335443DBB2F4E7012C00D1002633
S2140114A895FBF4F292FBF7F37B43D31A00936B4652
S2140114B81878012E0DD160B9019B13B11800FFF7FA
S2140114C8ADFFFF22009B1340634394FBF7F4ED1A2C
S2140114D8DCE7303040B2FFF7A1FF0026F1E7000055
S2140114E8074B08481A68504343F2390280181860B7
S2140114F8054BB0FBF3F3DA07D31AC01A7047C04698
S2140115083C4000206D4EC641FFFFFF7F014B18602F
S2140115187047C0463C40002070B505000C00FFF738
S214011528DFFF611B013190FBF1F35943401A401963
S21401153870BD002310B5934200D110BDCC5CC454D5
S2140115480133F8E7531EC018002330B59A4200D17C
S21401155830BDCD5C5C4205550133F7E710B506F0A2
S21401156817FC10BD10B5EFF7A1F80138C0B210BDD1
S21401157810B5EFF775F80138C0B210BD04207047F2
S21401158810B50A4CEFF770F90948FFF750FF02212A
S214011598E078FFF756FF0748FFF749FFA0780221D2
S2140115A8FFF74FFFEFF7A2F9002010BDF4A50100E1
S2140115B894890100538F010010B501F01DFD00202C
S2140115C810BD13B5EFF766FAC0B2012801D00420A2
S2140115D816BD6B469C1C01A82100EFF763FA002391
S2140115E8E05E0128F3D1019B1B785BB2312BEED16B
S2140115F801F0C6FB0020EBE713B5EFF74BFAC0B2D4
S214011608012801D0042016BD6B469C1C01A82100A8
S214011618EFF748FA0023E05E0128F3D1019B1B7817
S2140116285BB2302B04D1002001F012F90020EAE762
S214011638312BE7D1F8E700007FB56B460024DD1CA7
S21401164801AE300029002C7001F0D0F9EFF70CF943
S2140116580C48FFF7ECFE2B78A34204D8EFF746F9BF
S214011668002004B070BD6300F05A0421FFF7E9FEBC
S2140116782B78013B9C4202D00348FFF7D8FE013481
S214011688E4B2E8E7DA86010092890100030030B582
S21401169841180A2400208B4200D130BD00229A56F8
S2140116A86043303AD5B20133092D01D81018F2E754
S2140116B801204042F1E704207047000013B5EFF718
S2140116C8E9F9C0B2012801D0042016BD6B469C1C5E
S2140116D8210001A8EFF7E6F90023E15E0129F3D11D
S2140116E80198FFF7D3FFC4B2012C10D9072CEBD110
S2140116F80B48FFF79CFEEFF7F9F8072C04D101F029
S214011708AFFC012002F010FEFEF7F0FF05E0002C0A
S214011718EED100F0F3FF01F013FB0020D5E7C04639
S214011728018B010013B5EFF7B5F9C0B2012810D146
S2140117386B469C1C210001A8EFF7B4F90023E15E73
S214011748012906D10198FFF7A1FFC0B218B10128F7
S21401175801D0042002E001F037F8002016BD000091
S21401176810B5EEF7F5FF01F053FB20B101280AD0BA
S214011778EEF7E4FF10BD242340F20021054A06488F
S214011788EFF7BCF8F4E740F20021034801F0D2FE77
S214011798EEE7C046D0A201000C6700200023CA5E0F
S2140117A830B504000020012A0FDD0023E356222B62
S2140117B80BD1213BE056222808D11DB2013A002060
S2140117C8954202DB013B601C0B8030BD013318B229
S2140117D88242EFDC0020F8E70200811C002010B5E9
S2140117E81378000184B218003038C0B2092805D928
S2140117F818006138052806D8573BD8B2013220436D
S2140118089142EDD110BD18004138052801D8373B63
S214011818F3E74FF6FF70F5E70023F0B59DB26C00CD
S214011828A4B2AA4204D80023520092B28354F0BD4F
S214011838CD5CAC462D092F00664630379F2E01D960
S21401184837352F000F260755651CCC5CADB23440E2
S21401185827003037092C01D937342700475501337B
S214011868DCE7F0B587B003900191029213B9042022
S21401187807B0F0BD019A54009C42F8DB00252E0003
S214011888E41A24B205AF019BB34220DDB4B9029A2B
S2140118986B1C525D1DB23A700024029B6A1C5B5792
S2140118A815B238007B70FFF797FF4FF6FF73984223
S2140118B8DDD0039B9855013636B2E4E73023A4B24F
S2140118C83B70012CE8D0023C302324B2E9E7002023
S2140118D8CEE71FB5EFF7DEF8C0B20424012810D111
S2140118E86B469C1C210001A8EFF7DCF82388082129
S2140118F8019A02A8FFF7B5FF040010B902A800F084
S21401190895FE200004B010BD1FB5EFF7C3F8C0B2AE
S2140119180424012810D16B469C1C210001A8EFF76E
S214011928C1F823880821019A02A8FFF79AFF040044
S21401193810B902A800F08CFE200004B010BD10B546
S21401194886B0EFF7A7F8C0B20424012810D16B4679
S2140119589C1C210001A8EFF7A5F823881021019AFD
S21401196802A8FFF77EFF040010B902A800F054FE93
S214011978200006B010BD10B586B0EFF78BF8C0B2E0
S2140119880424012810D16B469C1C210001A8EFF7FE
S21401199889F823881021019A02A8FFF762FF04003C
S2140119A810B902A800F066FE200006B010BD30B5DA
S2140119B885B0EFF76FF8C0B2042401281AD16B4638
S2140119C89D1D290002A8EFF76DF82B8803AD2100AD
S2140119D82800029AFFF745FF040058B92A786B7861
S2140119E812061B041A43AB78E8781B021343184304
S2140119F8FEF7F2F9200005B030BDF7B505000E0078
S214011A08012A16D9012314001C401A4211D14FF697
S214011A18FF775308019360003018FFF7DDFEB842E0
S214011A2807D02855019A0134A3B29A42F3D8002068
S214011A38FEBD0420FCE710B511B1FFF727FE10BD67
S214011A4801204042FBE713B5EFF724F8C0B201289E
S214011A5823D16B469C1C210001A8EFF723F82178B7
S214011A680198FFF7E8FFC3B204201E2B06DC152BEE
S214011A7805DC012B13D0062B13D05BB116BD163B24
S214011A881800082B17D805F0EFF90E1012161616BF
S214011A9816161400052001F053F90020EEE7082079
S214011AA8F9E70020F7E70B20F5E70C20F3E70D2010
S214011AB8F1E70A20EFE70420E0E713B5EEF7EAFFBF
S214011AC8C0B2012801D0042016BD6B469C1C21001B
S214011AD801A8EEF7E7FF0023E15E0329F3DC002304
S214011AE801981AB291420BDCC9B2FFF7A4FF431E54
S214011AF89BB2DF2BE7D8C0B200F078FE0020E3E700
S214011B08C25C0133303A092AEBD9DCE710B5040088
S214011B18EEF7A2FE10B10548FFF789FC2000FFF793
S214011B2886FC0348FFF783FC10BDC0468486010087
S214011B38A188010010B50400EEF796FE0448FFF7E9
S214011B4876FC2000FFF773FCEEF7D0FE10BDC0460A
S214011B58DA86010010B530B1102805D8034B80008D
S214011B68C058FFF7E7FF10BD0148FAE788A2010051
S214011B78AA89010010B530B1192805D8034B800091
S214011B88C058FFF7D7FF10BD0148FAE71CA20100AD
S214011B98C489010037B5EEF77DFFC4B294B1012CB4
S214011BA81BD16B469D1C290001A8EEF77BFF00227E
S214011BB8AB5E012B11D121000198FFF767FDC4B276
S214011BC8012C0AD8200001F05BFA0021080001F078
S214011BD831F8030010B1FFF7CDFF042318003EBD0E
S214011BE810B5EEF757FFC0B240B901F017F918B9AA
S214011BF80322034B1A8010BDFFF7BCFF0420FAE747
S214011C08086700207FB500F0FFFD040000F0E8FD3E
S214011C180500EEF73FFFC0B2012821D10A266E441F
S214011C28310003A8EEF73EFF31000398FFF7B6FD33
S214011C38B0B10023F15E99B1002322000093C9B226
S214011C482B0000F083FC040040B9EEF70BFF054BB0
S214011C581880054B1C80200004B070BDFFF78AFF72
S214011C680424F8E70A6700200867002013B5EEF792
S214011C7811FFC0B2012815D16B469C1C210001A892
S214011C88EEF710FF0022A35E012B0BD1019B1878FB
S214011C983038C0B2022805D800F09EFC030010B107
S214011CA8FFF768FF0423180016BD0000F0B585B0DD
S214011CB800F0AAFD0A24050000F092FD6C442100FC
S214011CC8060003A8EEF7EEFE0023E75E03990F4829
S214011CD8BAB2FFF792FE040088B9F90FC91949107C
S214011CE8009033002A000948C9B200F02FFC04000E
S214011CF840B9EEF7B7FE064B1880064B1C8020004D
S214011D0805B0F0BDFFF736FF0424F8E70C6700209E
S214011D180A6700200867002013B5EEF7BBFEC0B2BD
S214011D28012816D16B469C1C01A82100EEF7BAFEC5
S214011D380023E05E01280CD1019B1B785BB2302B97
S214011D480AD0312B05D100F0F1FC030010B1FFF7E2
S214011D5811FF0423180016BD0020F4E713B5EEF7AB
S214011D6899FEC0B201281CD16B469C1C210001A813
S214011D78EEF798FE0023E15E052912DC0198C9B248
S214011D88FFF759FE80B203004CF25C12F53BFF3BAD
S214011D989BB2934205D800F067FD030010B1FFF728
S214011DA8E9FE0423180016BD13B5EEF773FEC0B29C
S214011DB8012817D16B469C1C210001A8EEF772FE7C
S214011DC80023E15E02290DDC0198C9B2FFF733FE54
S214011DD883B20F2B06D8C0B200F06AFD030010B11B
S214011DE8FFF7C8FE0423180016BD000010B5EEF76D
S214011DF851FEC0B288B900F0DFFB094C38B90122A0
S214011E08084B1A80022322781343237010BDFFF76C
S214011E18B1FE02222378934323700420F6E7C046D6
S214011E28076700200867002037B5EEF733FEC4B20F
S214011E38012C17D16B469D1C290001A8EEF732FE2E
S214011E480022AB5E012B0DD1019B1B785BB2302BB8
S214011E580BD0312B06D1200000F0DCFC030010B1BA
S214011E68FFF788FE042318003EBD0024F3E70000B0
S214011E7810B5EEF70FFEC0B280B900F03DFD084C74
S214011E8830B90123074A138022781343237010BD03
S214011E98FFF770FE01222378934323700420F6E7A8
S214011EA8076700200867002010B5EEF7F3FDC0B2FB
S214011EB828B900F031FD030010B1FFF75BFE0423DB
S214011EC8180010BD10B5EEF7E5FDC0B298B900F0E0
S214011ED86FFC00F02AFD094C38B90122084B1A801C
S214011EE8042322781343237010BDFFF743FE042210
S214011EF82378934323700420F6E7C046076700203B
S214011F080867002010B5EEF7C5FDC0B288B900F025
S214011F1820FD094C38B90122084B1A80082322787B
S214011F281343237010BDFFF725FE08222378934339
S214011F3823700420F6E7C0460767002008670020DC
S214011F4813B5EEF7A7FDC0B2012802D00423180086
S214011F5816BD6B469C1C210001A8EEF7A3FD0023C5
S214011F68E15E0129F2DC019803D10378303B072BA7
S214011F78ECD8C9B2FFF75FFDC0B20728E6D800F073
S214011F8805FC03000028E2D0FFF7F4FDDEE7F0B514
S214011F9889B005AE0C220021300005F0F9FEEEF7F7
S214011FA879FDC3B20193062B24D90027042400F037
S214011FB805FD0100874220D90424200009B0F0BDA0
S214011FC802AB9C1D210004A8EEF76CFD23880221B4
S214011FD8049A03A8FFF745FC04000028E7D102ABE2
S214011FE89B886A005BBAB3520135019BEFB2BB42CC
S214011FF8E6D8DCE700250424F7E7002CDDD130001D
S21401200800F0C2FC04000028D7D0FFF7B3FDD3E7E1
S21401201837B5EEF73FFDC5B2012D1CD16B469C1CAA
S214012028210001A8EEF73EFD238802216846019AA1
S214012038FFF717FC040050B96B46188840BA80B2FF
S21401204800F000FD040020B9280000F093FD2000F0
S2140120583EBDFFF78FFD0424F9E730B585B0EEF7EE
S21401206819FDC0B2012821D16B469C1D210003A889
S21401207802ADEEF717FD238803212800039AFFF720
S214012088F0FB040068B928786B7800041B02184333
S214012098AB78184300F0F4FC040028B9022000F0DD
S2140120A869FD200005B030BDFFF764FD0424F8E79C
S2140120B81FB5EEF7EFFCC0B2012815D16B469C1D83
S2140120C8210002A8EEF7EEFC23880421029A03A851
S2140120D8FFF7C7FB030040B9039800BA00F0EBFC12
S2140120E8030010B1FFF746FD0423180004B010BD25
S2140120F81FB5EEF7CFFCC0B2012815D16B469C1D63
S214012108210002A8EEF7CEFC23880421029A03A830
S214012118FFF7A7FB030040B9039800BA00F0E1FCFB
S214012128030010B1FFF726FD0423180004B010BD04
S21401213810B500F055FB18B1012806D0042010BDD3
S2140121480348FFF7F7FC0020F9E70248F9E7C0461D
S214012158D3890100E689010000B589B001A800F01D
S2140121686FFA082201A903A8FFF756FB03A8FFF791
S214012178E1FC002009B000BD1FB500F091FA00BAD5
S21401218804226946009001A8FFF746FB01A8FFF75D
S214012198D1FC002005B000BD1FB500F08CFA01A9DE
S2140121A8030C0B708870030A032202A84B70FFF712
S2140121B833FB02A8FFF7BEFC002005B000BD00B542
S2140121C889B001A800F04EFA082201A903A8FFF772
S2140121D823FB03A8FFF7AEFC002009B000BD0000F2
S2140121E810B500F091FA0423012803D10248FFF73D
S2140121F8A1FC0023180010BDF789010010B500F0F6
S214012208FFF9030020B90748FFF794FC002010BD2A
S214012218012801D10448F7E70420022BF7D1034827
S214012228F2E7C046FE890100088A0100128A010009
S21401223810B500F063FA0D2819D804F015FE0E182B
S2140122481818180718180C18161012140948FFF74A
S21401225871FC002010BD0848F9E70848F7E7084868
S214012268F5E70848F3E70848F1E70848EFE70420E8
S214012278F0E7C0461C8A0100248A01002C8A010066
S2140122883B8A01004B8A01005B8A01006B8A0100C8
S21401229810B500F03FFA20B10348FFF74BFC0020C9
S2140122A810BD0248F9E7C0467A8A0100888A01000B
S2140122B810B500F0D3FA030020B90548FFF73AFC39
S2140122C8002010BD0420012BFBD10248F6E7C046CA
S2140122D8978A0100A78A010010B500F0ADFA03003D
S2140122E8012804D10448FFF725FC002010BD04206E
S2140122F8002BFBD10148F6E7B68A0100C78A010020
S2140123081FB5FDF76FFD00BA04226946009001A8C3
S214012318FFF782FA01A8FFF70DFC002005B000BD03
S2140123281FB500F0A1FB01A940BA0880022202A845
S214012338FFF772FA02A8FFF7FDFB002005B000BD03
S2140123481FB500F0ADFB01A9030C0B708870030ADA
S214012358032202A84B70FFF75FFA02A8FFF7EAFB11
S214012368002005B000BD1FB500F0B0FB00BA04227E
S2140123786946009001A8FFF74FFA01A8FFF7DAFBB4
S214012388002005B000BD1FB500F0B6FB00BA042258
S2140123986946009001A8FFF73FFA01A8FFF7CAFBB4
S2140123A8002005B000BD000013B5EEF773FBC0B200
S2140123B8012804D00B48FFF7BDFB042016BD6B4669
S2140123C89C1C210001A8EEF76DFB21780198FFF708
S2140123D832FBC0B20128EDD800F0FAFC0128E9D199
S2140123E80020EBE7BC8C010010B500F011FD18B118
S2140123F8012806D0044800E00448FFF79BFB0020AC
S21401240810BD0348F9E7C046F18A0100D98A0100E0
S214012418E38A010070B505000E001400EEF724FAF1
S2140124280548FFF704F83100280062B2FFF71DF8E7
S214012438EEF75CFA70BDC046DA86010010B500F00A
S2140124482AFA00220521FFF7E5FF002010BD10B586
S21401245800F046FA00220221FFF7DCFF002010BD3B
S21401246810B500F0D1F900220321FFF7D3FF0020B1
S21401247810BD10B500F09CF900220121FFF7CAFF34
S214012488002010BD7047704710B500F0E9FC10BD7C
S21401249810B500F001FD10BD10B500F0EDFE10BD41
S2140124A810B500F077FF10BD10B5FEF732F910BD74
S2140124B810B5F9F777FA10BD10B5F9F7A3FA0400C5
S2140124C8FAF7EEFB200010BD062370B592B002A9FC
S2140124D80B701A4B0400187AF5F742FA2C266A464E
S2140124E8022392191370164B050010000C93F9F786
S2140124F8CFFA6A46032392191370124B10000C93F5
S214012508F9F7C6FA6A460823921913700E4B10009B
S2140125180C93F9F7BDFA6A46002304A813741575D7
S214012528F9F782FF2CB10B2805D1089A099B22607E
S214012538636012B070BD00220023F8E740690020EE
S2140125485B690020636900204B690020F0B50D0027
S2140125588BB01F00019200230022009003A92800D7
S21401256804AC109E22616361F8F78AFD082808D139
S21401257802AB5A791B799A4204D1C6B100220023CC
S21401258813E068B90B4B019A277040331B78227108
S214012598009A5BB22000A260A581A373F8F766FFD4
S2140125A82EB10B28EAD122696369326073600BB0D9
S2140125B8F0BDC04640690020032300B589B002A8D3
S2140125C80370F9F731FF28B90300020001000090F3
S2140125D8FFF7BCFF09B000BD10B5040088B00320A2
S2140125E8022C09D86A46002301A813711472F9F758
S2140125F84FFA08B9014B5C7208B010BD406900205B
S21401260800B589B000236A4601A81371F8F78CFD56
S2140126186B46187A09B000BD10B5034B01001022AD
S2140126281800FEF786FF10BD4B69002010B5034B56
S214012638010008221800FEF77CFF10BD5B69002028
S21401264810B508220149FEF774FF10BD5B6900202A
S21401265810B5034B010008221800FEF76AFF10BDEB
S2140126686369002010B508220149FEF762FF10BD14
S2140126786369002030B50723050089B001A80370F7
S2140126884560F9F705FA040020B910222900034825
S214012698FEF74FFF200009B030BDC0466B69002029
S2140126A8062310B588B001AC20002370F8F73CFD6E
S2140126B8029808B010BD052310B588B001AC2000FB
S2140126C82370F8F731FD029808B010BD00B589B03F
S2140126D86A461D23107201A81371F9F7D9F909B0D2
S2140126E800BD00B589B01D236A4601A81371F8F725
S2140126F81BFD6B46187A09B000BD0000014B187A1D
S2140127087047C04640690020014B987A7047C0461A
S2140127184069002000B589B004236A4601A81371F0
S214012728F8F702FD6B46187A09B000BD30B589B0D6
S2140127380500FFF7EFFFA84221D001AC45B90423F5
S214012748200023702571F9F7A3F960B109B030BDEF
S2140127582D2323700B4B20001B782371F9F798F96A
S2140127680028ECD0F2E7084B3E331D703DB92D2307
S21401277820002370F8F7D8FC2279024B1A70002043
S214012788E4E7C046306900204069002010B588B0EB
S2140127986A4647230400107201A81371F9F778F9FD
S2140127A810B9024B42331C7008B010BD40690020B6
S2140127B800B589B047236A4601A81371F8F7B4FC37
S2140127C86B46187A09B000BD03000320012B03D815
S2140127D80020024A3C3213707047C0464069002008
S2140127E8014B3C331878704740690020421ED2B22C
S2140127F803000320DF2A03D80020024A3D32137063
S2140128087047C04640690020014B3D331878704731
S2140128184069002010B588B06A4643230400107248
S21401282801A81371F9F734F910B9024B3B331C7040
S21401283808B010BD4069002000B589B043236A4638
S21401284801A81371F8F770FC6B46187A09B000BD39
S214012858014B3F331870704740690020014B3F33E6
S214012868187870474069002010B588B027236A4653
S2140128780400029001A81371F9F70AF948B9282348
S2140128886A46137140F2E83301A8E4180294F9F78E
S214012898FFF808B010BD272310B588B001AC20009A
S2140128A82370F8F741FC029880B208B010BD00000A
S2140128B830B50A4C050023003E331B78002089B04A
S2140128C84BB96A462D3301A813711572F9F7E0F86A
S2140128D808B94034257009B030BDC04640690020AB
S2140128E800B589B02D236A4601A81371F8F71CFCB8
S2140128F86B46187A09B000BD082300B589B002A84E
S2140129080370F9F791FD28B9030002000100009051
S214012918FFF71CFE09B000BD7FB50A236A46684664
S2140129281370F9F781FD07B000BD00B589B00B2318
S2140129386A461372043B1840107302A8F9F774FD2F
S21401294828B90300020001000090FFF7FFFD09B057
S21401295800BD0C2300B589B002A80370F9F764FD21
S21401296828B90300020001000090FFF7EFFD09B047
S21401297800BD302200B589B001AB029018001A706C
S214012988F9F786F809B000BD70B52423050088B0AC
S21401299801A80C0003704560F9F77AF80600054BA4
S2140129A82900054862001C70FEF7C3FD300008B018
S2140129B870BDC046846900208669002000B50A4BB0
S2140129C8187A0D280BD804F04FFA070A0A0A0A07DC
S2140129D80A0A0C0A070707070120C0B200BD002033
S2140129E8FBE70620F9E7C046406900202423F0B536
S2140129F889B001AF060038000D003B70F8F794FB6C
S214012A08FFF7DCFF420004000299300092B2FEF79D
S214012A1890FD2C7009B0F0BD10B588B06A46482301
S214012A28137103005A1E93416A46040001A81372E3
S214012A38F9F72EF810B9024B43331C7008B010BDD5
S214012A484069002010B588B06A464B2304001081FF
S214012A5801A81371F9F71CF808B9024BDC8008B015
S214012A6810BDC0463469002000B589B04B236A46BC
S214012A7801A81371F8F758FB6B46188909B000BD11
S214012A8810B54C23040088B001A803704460F8F719
S214012A98FFFF08B9014B9C6008B010BD34690020DF
S214012AA84C2310B588B001AC20002370F8F73CFB26
S214012AB8029808B010BD522200B589B001AB029049
S214012AC818001A70F8F7E4FF09B000BD522310B5D4
S214012AD888B001AC20002370F8F726FB029808B0EE
S214012AE810BD532200B589B001AB029018001A70C8
S214012AF8F8F7CEFF09B000BD532310B588B001AC76
S214012B0820002370F8F710FB029808B010BD0000EB
S214012B18014B18717047C04634690020094B70B5DF
S214012B281E6804000D00304204D100260DB1344061
S214012B382C6070BD1A7A587A5968FEF713FD00287A
S214012B48F3D1F3E7E0A10100094B70B51E68040054
S214012B580D00304204D100260DB134402C6070BD02
S214012B681A7A587A5968FEF703FD0028F3D1F3E775
S214012B78E0A1010037B5134B9C7A012C21D1032320
S214012B881D00054003421CD000230193254204D0B2
S214012B98FFF76AFF0C4B0194D8800224254206D021
S214012BA8019DFFF77DFF084B2C439860019401981F
S214012BB838B101A9FFF7C8FF034A019913680B4307
S214012BC8136037BD406900203469002010B5FFF74F
S214012BD8D1FF10BD37B50222144C154D2379934306
S214012BE8ABB100232360AD7A012D0DD12B4203D062
S214012BF8E088FFF727FF0025022322681A4210D033
S214012C08A068FFF73DFF6DB90023237137BDAA7A87
S214012C18012AE7D1032001A92360FFF77FFF019B63
S214012C28E0E71D432800FFF7A5FFEDE7346900201C
S214012C384069002070B5344B002852D1334A1A60D7
S214012C48334A5A60334A9A60334ADA60334B00296A
S214012C584FD1334A59601A60324A9A60324ADA606A
S214012C68324A334C1A61227A2C492748F9F758FA1E
S214012C780500A0BBFFF734FE2E4B187023003B332C
S214012C881878FFF7C7FD230040331878FFF710FEC2
S214012C9823003E331878FFF749FD2300413318789F
S214012CA8FFF714FD607AFFF797FC23004333187883
S214012CB8FFF7B2FE0A20FFF75CFE230042331878BE
S214012CC8FFF764FD44341C48FFF7D4FC217811B1A2
S214012CD81A48FFF759FEFFF77DFFF8F763FE28004D
S214012CE870BD02681A6042685A6082689A60C26853
S214012CF8ABE70A681A6000225A608A689A60CA684E
S214012D08DA600A69ADE7C04620690020912401000F
S214012D1899240100A1240100A92401000C690020BE
S214012D28B1240100D52B01008D2401008F24010058
S214012D3840690020306900206B6900208669002000
S214012D48030010B509200D2B14D843F62152DA409A
S214012D58D2070FD5084A117A994206D011000020E9
S214012D6844310870054902300871002108001372C1
S214012D78FFF760FF10BDC046406900203469002097
S214012D88030010B50320012B0AD1064A0020917AC8
S214012D989372012904D0044A01001371FFF74AFF10
S214012DA810BDC046406900203469002010B5074BA5
S214012DB81B782BB10120012B07D101F05CFA04E046
S214012DC8EDF7D6FC01235840C0B210BD41400020A3
S214012DD810B5040018B101280FD000200CE001F04E
S214012DE871FA0028F9D1FFF767FBFFF761FB0028A6
S214012DF8F3D10120054B1C7010BDFFF75DFB0028C1
S214012E08EBD101F05FFA01F04BFAF0E74040002001
S214012E18014B18787047C0464140002010B5002085
S214012E28FFF752FB10BD000010B5407818B90348EB
S214012E38FEF780FE10BDFEF78DFEFBE7018B010055
S214012E4810B543782BB903791BB10348FEF772FE18
S214012E5810BD0248FAE7C046868E0100938E01002F
S214012E680B4B10B51B880400012B07D0094B18889B
S214012E78EDF7F2FD237813B1012B04D010BD200025
S214012E88FFF7D2FFFAE72000FFF7DAFFF6E7C046BA
S214012E98086700200A670020037837B50400022B6C
S214012EA843D84578002D40D1037B13B32548FEF758
S214012EB82DFE2548FEF7BBFA237BAB4236D82348BE
S214012EC8FEF7B5FA00220321E078FEF7CEFA1F488E
S214012ED8FEF7ADFA00220121607CFEF7C6FA1B4810
S214012EE8FEF7A5FA00220A21206AFEF7BEFAEDF7D8
S214012EF8FDFC174B3F331B78012B16D11548FEF7FF
S214012F0805FE1148FEF793FA002203210E23E05E20
S214012F18FEF7ABFA0D48FEF78AFA102000220321C5
S214012F282056FEF7A2FAEDF7E1FC37BDA1680122AB
S214012F38491901A8FEF770FC013501A8FEF777FAD2
S214012F48EDB2B9E79A8E0100DA860100928901008E
S214012F5840690020DA8D010010B504000948FEF723
S214012F68D5FD0948FEF763FA63782BB90748FEF7DB
S214012F785EFAEDF7BBFC10BD082B01D10448F6E755
S214012F880448F4E7BE8D0100DA860100A08E010030
S214012F98AE8E0100C08E010070B5124D04002B786C
S214012FA89B071AD51048FEF7B1FD1048FEF73FFA01
S214012FB866789EB932000321207CFEF756FA0C4843
S214012FC8FEF735FA32000321607CFEF74EFAEDF77C
S214012FD88DFC02222B7893432B7070BD0548FEF7B3
S214012FE826FAF4E707670020EE8D0100DA8601006D
S214012FF892890100AC8C010010B5FFF701FB0F4C5C
S2140130086072FFF719FC23003B331870FFF782FB49
S21401301823003E331870FFF764FB23004133187012
S214013028FFF7C6FB23004233187052222100002006
S214013038EDF7AAFA0248FFF79DFD10BD406900208A
S214013048FFFF030010B552220349044804F009FFA4
S2140130580320FFF75DFD10BDA0A501004069002013
S21401306810B5EDF7DFFAEDF749FBFFF7EBFF522254
S21401307800200249EDF788FA10BDC04640690020D5
S21401308813B5040008226846104904F0EAFECCB9D4
S214013098522220000E49EDF79DFA20B952220D4919
S2140130A80B48FEF746FA08226946094804F078FEF6
S2140130B810B9FFF72DFD13BDFFF7D2FF012001F070
S2140130C833F9F8E7FFF7BEFFF5E7C046CC8E0100F7
S2140130D840690020A0A5010010B5FEF741FB1B487A
S2140130E8FDF74AFCFCF76AFE0020FFF7C9FF00213E
S2140130F80800FFF79FFD030009281FD100210522BC
S214013108134B08001A72FFF795FD030090B9114892
S214013118FEF78DF9EDF7EAFB01F01AF90020FFF743
S21401312857FE012805D10C4B1A780C4B1A70FEF77E
S21401313817FB10BD092801D10948E9E7182B01D169
S2140131480848E5E7032BE7D10748E1E7B52D010075
S21401315840690020D58E01004040002041400020F3
S214013168158F01002E8F0100558F010070B50C4C8C
S21401317805002378DB0710D50A48FEF7C7FC0A487E
S214013188FEF755F96B784BB90848FEF750F9EDF795
S214013198ADFB012223789343237070BD0448F4E7FE
S2140131A807670020068E0100DA860100018B010000
S2140131B8AC8C010070B50C4C050023785B0710D564
S2140131C80A48FEF7A3FC0A48FEF731F96B784BB9B3
S2140131D80848FEF72CF9EDF789FB04222378934378
S2140131E8237070BD0448F4E707670020498E010084
S2140131F8DA860100018B0100AC8C010010B50400D1
S2140132080748FEF783FC0748FEF711F963782BB9E0
S2140132180548FEF70CF9EDF769FB10BD0348F8E71A
S214013228408E0100DA860100018B0100508D0100F5
S21401323870B50C4C050023781B0710D50A48FEF715
S21401324865FC0A48FEF7F3F86B784BB90848FEF7B1
S214013258EEF8EDF74BFB082223789343237070BDF5
S2140132680448F4E707670020548E0100DA86010057
S214013278018B0100AC8C01000300007810B50C2806
S2140132880BD803F0F1FD070A0A0B0A0A0A0A0F0A05
S21401329817131B001800FFF75FFE10BD1800FFF795
S2140132A87BFEFAE71800FFF761FFF6E71800FFF75D
S2140132B881FFF2E71800FFF7A1FFEEE71800FFF716
S2140132C8B7FFEAE7F8B5437804000E2B02D00F2BB8
S2140132D847D0F8BDFFF7C2FA06002448FEF716FCE9
S2140132E82348FEF7A4F800220A216068FEF7BDF815
S2140132F80823E05E30220321FEF7B7F8A37DA3B1C9
S2140133081C48FEF794F80221E07DFEF79AF825009E
S21401331827001848FEF78BF818351E37287802213B
S2140133280135FEF78EF8BD42F8D1EDF7DFFA012E2A
S214013338CFD11148FEF7EAFB0D48FEF778F80022D0
S21401334805211223E05EFEF790F80A48FEF76FF8AB
S2140133581420002203212056FEF787F8EDF7C6FA57
S214013368B7E70648FEF7D2FBF8E7C046848F0100A8
S214013378DA86010092890100DA8D01008E8F01003C
S21401338810B50348FEF7C2FBEDF7B0FA10BDC0460C
S2140133989A8F0100037810B5092B04D00D2B01D1A3
S2140133A8FFF7EEFF10BDFFF78DFFFBE710B5FDF742
S2140133B809FAFFF791FEEDF7D1F9124C48B1EDF78E
S2140133C8DDFA114B22781B789A4202D02370FEF759
S2140133D8C7F9237863B1012B0DD0FDF77DFA0028D4
S2140133E8E9D0237853B1012BE5D100F0EBFFE2E7F2
S2140133F8F9F756FCF1E700F0D9FFEEE7F8F75CF9C4
S214013408D9E7C046414000204040002013B5EDF7FB
S21401341841FBC0B2012828D16B469C1C210001A89B
S214013428EDF740FB0023E45E012C1ED1019B1B78BF
S2140134385BB2312B12D0372B0BD0302B15D16B4604
S2140134485C1C200001F044F8207801F021FC0020E3
S21401345816BDFFF705FE200000F066FF0448FDF7DD
S214013468E6FFEDF743FA01F0ADF90420F0E7C046B0
S214013478018B010010B50A4CEDF7F6F90948FDF77E
S214013488D6FF0221E078FDF7DCFF0748FDF7CFFFFE
S214013498A0780221FDF7D5FFEDF728FA002010BD28
S2140134A830A80100A48F0100538F010010B5012038
S2140134B801F084FC002010BD00B589B001A801F018
S2140134C83DF8082201A903A8FEF7A6F903A8FEF706
S2140134D831FB002009B000BD1FB500F03BFC00BA67
S2140134E804226946009001A8FEF796F901A8FEF79E
S2140134F821FB002005B000BD30B585B0EDF7CAFA4E
S214013508C0B20424012811D16B469D1D290002A8CA
S214013518EDF7C8FA21002B88029A03A8FEF7A1F94D
S214013528040018B9039800BA00F0FCFB200005B0A7
S21401353830BD000010B5044B044A1860044B1980CE
S2140135481523EDF7DBF910BDA069002078A6010068
S2140135589C69002010B530B1142805D8034B8000AB
S214013568C058FEF7E7FA10BD0148FAE720A60100A1
S214013578C489010013B5EDF78DFAC0B2A8B10128C8
S2140135880DD16B469C1C210001A8EDF78BFA21781A
S2140135980198FEF750FAC0B238B1012817D00424B2
S2140135A82000FFF7D7FF04240FE001F0DDFB20B170
S2140135B8FFF756FD012000F0B7FE01F00BFB0400F3
S2140135C80028EDD10120FFF703FC200016BD0348B3
S2140135D811220349083004F044FCEEE7C0690020D4
S2140135E81CA8010037B5EDF755FAC4B2012C24D151
S2140135F86B469D1C290001A8EDF754FA2978019815
S214013608FEF719FAC0B21F2817D803F02DFC102BA5
S21401361816162916271B1116161616161616161618
S2140136281616161625232116161616161F1D0024FD
S214013638200001F02DFB08B93EBD0420FFF78AFFE4
S2140136480420F9E70824F3E70A24F1E70924EFE759
S2140136580524EDE70424EBE70324E9E70224E7E77A
S2140136680724E5E70624E3E737B56B46DD1D2800A2
S21401367800F02EFF040010BB28780A281AD803F099
S214013688F3FB06190D0F11130B19191517000D4821
S214013698FEF750FA20003EBD0B48F9E70B48F7E75E
S2140136A80B48F5E70B48F3E70B48F1E70B48EFE75C
S2140136B80B48EDE70B48FEF73DFA0424EAE7FFF767
S2140136C849FFFAE7C18F0100C68F0100CB8F0100C1
S2140136D8D18F0100D88F0100DF8F0100E68F01002E
S2140136E8EC8F0100F68F01001FB5EDF7D3F9C0B2D4
S2140136F8012804D00420FFF72DFF042012E06B46B2
S2140137089C1C210001A8EDF7CDF908212388019A10
S21401371802A8FEF7A6F80028ECD102A800F0EEFEF3
S2140137280028E8D104B010BD13B5EDF7B3F9C0B25F
S214013738012804D00420FFF70DFF042012E06B4691
S2140137489C1C210001A8EDF7ADF90023E15E0229D2
S214013758F0DC0198C9B2FEF76EF9C0B200F00EFFB0
S2140137680028E8D116BD37B56B46DD1D280000F0E8
S21401377813FF040030B9220002212878FEF74AFE1A
S21401378820003EBDFFF7E6FE0424F9E713B5EDF782
S21401379881F9C0B2012804D00420FFF7DBFE04201B
S2140137A812E06B469C1C210001A8EDF77BF900236B
S2140137B8E15E0229F0DC0198C9B2FEF73CF9C0B215
S2140137C800F0FAFE0028E8D116BD37B56B46DD1DB8
S2140137D8280000F0FFFE040030B9220002212878F4
S2140137E8FEF718FE20003EBDFFF7B4FE0424F9E7F5
S2140137F8F7B5EDF74FF9C4B2012C04D00420FFF752
S214013808A9FE04202AE06B469D1C290001A8EDF7B5
S21401381849F90023E95E0429F0DC0023012720008A
S2140138281A00019DC9B27F42DCB2A1420BD9EC56FF
S214013838E6B2B4460BB92D2E17D030267642B444DC
S2140138486646092E0BD95043030080339BB2FF2BE3
S214013858D4D840B200F0CEFE0028D0D1FEBD0A264C
S2140138687243303CA2180133DEE73800FBE737B570
S2140138786B46DD1D280000F0CFFE040038B9002095
S214013888220004212856FEF7C5FD20003EBDFFF79D
S21401389861FE0424F9E713B5EDF7FCF8C0B2012878
S2140138A804D00420FFF756FE042014E06B469C1C47
S2140138B801A82100EDF7F6F80023E05E0128F0D113
S2140138C8019B1B785BB2302B06D0312BE9D100F077
S2140138D8BBFE0028E6D116BD0020F8E737B56B46D3
S2140138E8DD1D280000F0C2FE040040B92B7823B97C
S2140138F80548FEF71FF920003EBD0448F9E7FFF723
S21401390829FE0424F7E7C0460A9001002290010028
S21401391830B589B0EDF7BEF8C5B26B1E012B04D9D8
S2140139280420FFF717FE04202CE06B4601A8991C1B
S214013938EDF7B8F86B4602AC5B8808212000019ABF
S214013948FDF78FFF03000028EAD1E25CFF2A03D1C6
S2140139580133082BF9D10024022D15D16B4601A895
S214013968991CEDF79FF86B4610215B88019A04A80D
S214013978FDF777FF0028D3D1200004A900F0A8FF9F
S2140139880028CED109B030BD200001F071F8F7E764
S2140139981FB5EDF77FF8C0B2012818D16B469C1CFD
S2140139A8210001A8EDF77EF808212388019A02A8CC
S2140139B8FDF757FF58B902A800F0BAFE040038B957
S2140139C8EDF750F8054B9880200004B010BD04248C
S2140139D82000FFF7BFFD0424F6E7C04692690020E1
S2140139E813B5EDF757F8C0B2012804D00420FFF745
S2140139F8B1FD042014E06B469C1C01A82100EDF7DC
S214013A0851F80023E05E0128F0D1019B1B785BB2D8
S214013A18302B06D0312BE9D100F03EFE0028E6D146
S214013A2816BD0020F8E7000037B56B46DD1D2800F7
S214013A3800F044FE040040B92B7823B90548FEF788
S214013A4879F820003EBD0448F9E7FFF783FD042412
S214013A58F7E7C046399001005190010007B5EDF728
S214013A6819F8C0B2012804D00420FFF773FD04201A
S214013A7811E06B4601A8991CEDF714F80222684676
S214013A880199FDF7BAFF0028EED16B46187800F0C9
S214013A9839FE0028E9D10EBD13B50322002101A87D
S214013AA8FDF75CFD684600F039FE040048B901A838
S214013AB801226946FDF7B0FE01A8FEF73BF8200093
S214013AC816BDFFF747FD0424F9E700001FB5ECF71C
S214013AD8E1FFC4B2631E012B30D86B4601A8991CBE
S214013AE8ECF7E0FF6B46019A08215B8802A8FDF710
S214013AF8B8FE020010BB0100022C11D16B4601A8CA
S214013B08991CECF7CFFF6B460198991CFDF746FE0A
S214013B18010098B16B4602229A5EFF2A0EDCD2B2E9
S214013B2844F2000302A800F0F5FF040038B9ECF7E8
S214013B3899FF054B1880200004B010BD042420000E
S214013B48FFF708FD0424F6E79269002030B585B032
S214013B58ECF7A0FFC5B26B1E012B30D86B469C1C38
S214013B68210001A8ECF79EFF019A0821238802A8E4
S214013B78FDF777FE020010BB0100022D11D1134D8F
S214013B88210001A8ECF78EFF228801992868FDF725
S214013B9834FFA0B90022A35E2968DA0FD2185210A2
S214013BA8D2B248F2000302A800F0B4FF040038B904
S214013BB8ECF758FF064B5880200005B030BD0424AA
S214013BC82000FFF7C7FC0424F6E7C046A0690020DA
S214013BD8926900201FB5ECF75DFFC0B2012818D125
S214013BE86B469C1C210001A8ECF75CFF0821238882
S214013BF8019A02A8FDF735FE58B902A800F0B2FDF1
S214013C08040038B9ECF72EFF054BD880200004B025
S214013C1810BD04242000FFF79DFC0424F6E7C046E7
S214013C28926900201FB5ECF735FFC0B2022823D1F0
S214013C386B4601A8991CECF735FF6B4608215B8893
S214013C48019A02A8FDF70DFEB0B96B4601A8991CAA
S214013C58ECF728FF6B4601989978FDF7ECFE010012
S214013C6802A800F095FD040038B9ECF7FBFE054BF9
S214013C781881200004B010BD04242000FFF76AFC58
S214013C880424F6E79269002013B5ECF703FFC0B2E7
S214013C98012804D00420FFF75DFC042014E06B46DD
S214013CA89C1C01A82100ECF7FDFE0023E05E01281C
S214013CB8F0D1019B1B785BB2302B06D0312BE9D1B2
S214013CC800F084FD0028E6D116BD0020F8E70000C4
S214013CD837B56B46DD1D280000F07EFD040040B9AF
S214013CE82B7823B90548FDF725FF20003EBD04487B
S214013CF8F9E7FFF72FFC0424F7E7C046978A010087
S214013D08A78A010010B530B1082805D8034B8000F2
S214013D18C058FDF70FFF10BD0148FAE7F8A50100E6
S214013D28AA89010043F2001310B5034A0340136041
S214013D38F2F782F810BDC046A4690020002210B52B
S214013D48034B40F200101A60FFF7ECFF10BDC046A7
S214013D58A4690020034B10B51C68F2F775F82043D8
S214013D6810BDC046A469002001207047F8B572B698
S214013D78BFF34F8FBFF36F8FFCF7AEFD18B301206B
S214013D88FCF790FD10250226124C276862B6BFF391
S214013D984F8FBFF36F8F2368BB4203D1FCF79CFD9F
S214013DA80028F8D172B6BFF34F8FBFF36F8F236821
S214013DB82B4206D12368334203D1FCF78DFD002838
S214013DC8E2D1FCF769FD62B6BFF34F8FBFF36F8F81
S214013DD80120F8BD8866002070B50400FFF7BAFF19
S214013DE8C00446D52848FDF722FB2848FDF71FFBE7
S214013DF82748FDF71CFB002203212000FDF735FBB1
S214013E08244D2248FDF713FB2348FDF710FB00223B
S214013E180A21E869FDF729FB1C48FDF708FB1F483E
S214013E28FDF705FB00261E4C0221A05D0136FDF7B5
S214013E3808FB082EF7D11548FDF7F9FA303419486A
S214013E48FDF7F5FA002203212078FDF70EFB164848
S214013E58FDF7EDFA0D48FDF7EAFA1448FDF7E7FA1B
S214013E6800242B0050331B78A34203D80748FDF7DC
S214013E78DEFA70BD2B194033022118780134FDF79C
S214013E88E0FAE4B2EDE7C046BB9101008486010082
S214013E98CA910100C0690020D9910100E89101008A
S214013EA8E0690020F79101002087010006920100D1
S214013EB87FB505000A22364901A803F0D2FFFFF7AD
S214013EC849FF800462D53348FDF7B1FA3248FDF759
S214013ED8AEFA2E003148FDF7AAFAAC1C0A3620784D
S214013EE802210134FDF7ADFAB442F8D12A48FDF7AC
S214013EF89EFA2E002A48FDF79AFA1A3620780221E9
S214013F080134FDF79EFAB442F8D12348FDF78FFA3B
S214013F182E002448FDF78BFA2A3620780221013430
S214013F28FDF78FFAB442F8D12B88DB0705D51E4872
S214013F38FDF77DFA01A8FDF77AFA1748FDF777FA33
S214013F481A48FDF774FA0821E86AFDF77AFA2B8809
S214013F589B0705D51448FDF76AFA01A8FDF767FA25
S214013F680D48FDF764FA1248FDF761FA0821286B37
S214013F78FDF767FA2B885B0705D50B48FDF757FA57
S214013F8801A8FDF754FA0448FDF751FA7FBDC0466B
S214013F988792010015920100848601002E92010085
S214013FA83F92010050920100DA86010061920100F9
S214013FB87492010043F6FF7210B5438804009342D9
S214013FC80AD95A0409D5094B1888ECF745FD207813
S214013FD848B90748FDF7AEFD10BD1BB2002BF6DA4F
S214013FE8024B5888F1E7FFF78DFEF5E79269002046
S214013FF8018B010037B504002E48FDF787FD2E48D2
S214014008FDF715FA002561680122491901A8FDF78F
S21401401803FC013501A8FDF70AFA082DF3D1274854
S214014028FDF705FA00220121A07CFDF71EFA2348B8
S214014038FDF7FDF900220121607CFDF716FA1F48FD
S214014048FDF7F5F900220321207BFDF70EFA237B05
S214014058E3B9ECF74BFC1A4B1B7EB3B11948FDF7D5
S21401406855FD1548FDF7E3F9002203210E23E05E0E
S214014078FDF7FBF91148FDF7DAF9102000220321B4
S2140140882056FDF7F2F9ECF731FC37BD0B48FDF782
S214014098CEF90025237BAB42DBD9A1680122491959
S2140140A801A8FDF7B9FB013501A8FDF7C0F9EDB286
S2140140B8F0E7C0469A8E0100DA860100928901006F
S2140140C8C0690020DA8D0100037870B50400012B61
S2140140D816D0022B3AD083B9244B9888ECF7BCFC4F
S2140140E82348FDF713FD2348FDF7A1F923792BB9DA
S2140140F82148FDF79CF9ECF7F9FB70BD1F48F8E776
S2140141081A4BD888ECF7A8FC1D48FDF7FFFC1948A0
S214014118FDF78DF92579BDB906202A000321205619
S214014128FDF7A3F91748FDF782F905202A000321B0
S2140141382056FDF79AF91348FDF779F92A00082160
S214014148A068FDF792F9D6E70F48D2E7074B18891A
S214014158ECF782FC0D48FDF7D9FC0648FDF767F930
S2140141682379002BF0D10A48C3E7C046926900209C
S21401417892910100DA86010091920100B390010044
S214014188A991010092890100BC8C0100B29101003D
S214014198018B01000378F7B5040013B1022B16D082
S2140141A8F7BD2148FDF7B2FC2048FDF740F9251D6B
S2140141B80C342900012201A8FDF72EFB013501A8C0
S2140141C8FDF735F9A542F4D1ECF790FBE8E7184876
S2140141D8FDF79CFC27001548261DFDF728F9350034
S2140141E80C372900012201A8FDF716FB013501A8A5
S2140141F8FDF71DF9BD42F4D10E48FDF718F9002266
S2140142080121207CFDF731F90A48FDF710F9E0682D
S21401421800220621FDF729F9ECF768FB3000E16872
S21401422800F04EFDBCE7C046A0920100DA86010008
S214014238A892010092890100037870B50400CBB9F1
S2140142488388051DDB0704D5210006301E3100F0E2
S21401425857FBA3889B0703D5216BA01D00F072FBB3
S214014268A3885B0703D5616BA01D00F084FB2800BB
S214014278FFF71EFE70BD10B5FFF776FD0400ECF7DC
S21401428877FA4342584140420440200010BD0000DE
S2140142980122024B29331A707047C046C0690020B4
S2140142A870B5074C23783BB900F01CF901252B00A3
S2140142B818B900F015FC25700023180070BDC0461B
S2140142C8A869002070B5064D2C78012C05D100F0A0
S2140142D86BFB00F00BF908B928700024200070BDAC
S2140142E8A869002010B511220749084803F0B9FD4E
S2140142F834220021064803F04BFD382200210548E8
S21401430803F046FD10BDC0461CA80100C869002080
S214014318146A0020DC69002010B5024800F04EFD42
S21401432810BDC046070000F810B518B9ECF77AF9C1
S214014338ECF7E4F9FFF7D6FFFFF7EEFF10BD10B56F
S21401434800F012FD10B10020FFF7EEFF10BD0000CF
S21401435810B5FFF7F3FCFFF7F2FF00F03BFC030094
S214014368072810D102220C4B1A7200F033FC030006
S21401437828B90A48FDF75BF8ECF7B8FA10BD072824
S21401438801D10748F6E70F2B01D10648F2E7042BBF
S214014398F4D10548EEE7C046C0690020D58E010075
S2140143A8158F01002E8F0100558F010010B5044BA3
S2140143B81B78012B03D100F0B1FCF0F781FD10BD8D
S2140143C8A8690020012010B5034B1B78834202D14F
S2140143D8F1F7B2FB002010BDA869002070B50A4AA3
S2140143E8030012780C00100052B1084D190008227B
S2140143F8280003F0BFFC030000200BB90CB9280005
S21401440870BD2370FBE7C046446A0020146A00208A
S21401441813B5040008220021684603F0B9FC0822F7
S2140144286946200003F0A6FC002360B10822FF219C
S214014438684603F0ADFC08226946200003F09AFCA2
S214014448431E9841C3B2180016BD0000F7B5050013
S214014458170000260F4C019123682B4211D0636880
S2140144682BB18021019A09065218934209D1227B61
S214014478607BA168FDF77CF8236800B91E439D435D
S2140144881DB1054B10349C42E6D10FB12E403E605B
S214014498F7BDC046ECA101001CA2010070B50500DD
S2140144A8094C23682B420AD063685B003BB9227B20
S2140144B8607BA168FDF756F823689D431DB1034B41
S2140144C810349C42EDD170BDECA101001CA2010084
S2140144D8030001201BB10020014A127A1A707047A6
S2140144E8C069002010B5F0F7B7FC10BD10B5F0F79D
S2140144F8CDFC0400F0F7E4FC200010BD30B5010047
S214014508042485B0A8B1082201A803F0AAFC00205B
S21401451801A9F1F785F8040058B9074D08222800C3
S21401452801A903F027FC20B10822280001A903F0FD
S21401453898FC200005B030BDCA6900207FB505008B
S2140145480424B0B1002001A9F1F72AF8040080B9C3
S214014558094E0822300001A903F00CFC20B10822FC
S214014568300001A903F07DFC0822280001A903F008
S21401457878FC200004B070BDCA6900201FB501A9E7
S214014588040008700120F1F74BF808B9014B9C7438
S21401459804B010BDC069002030B5040085B0042001
S2140145A83CB101AD29000338F0F7FAFF08B92B78BA
S2140145B8237005B030BD00001FB501A904000870BE
S2140145C80220F1F72DF808B9014BDC7404B010BDD0
S2140145D8C069002030B5040085B004203CB101ADA7
S2140145E829000238F0F7DCFF08B92B78237005B0EC
S2140145F830BD00001FB501A9040008700320F1F7BB
S2140146080FF828B91422034B9A56A24200D01C75FB
S21401461804B010BDC069002030B5040085B0042080
S21401462874B101AD29000138F0F7BAFF40B900238B
S2140146381421044AEB565156994200D0137523703B
S21401464805B030BDC06900201FB501A90400087077
S2140146580420F0F7E5FF20B9034B5A7DA24200D0AB
S2140146685C7504B010BDC046C069002030B50400B2
S21401467885B004205CB101AD2900F0F791FF30B98F
S214014688044A2B78517D994200D05375237005B0A2
S21401469830BDC046C06900201FB501A904000870D6
S2140146A80520F0F7BDFF20B9034B9A7DA24200D042
S2140146B89C7504B010BDC046C069002030B5040022
S2140146C885B0042064B101AD29000130F0F768FF18
S2140146D830B9044A2B78917D994200D0937523709E
S2140146E805B030BDC06900201FB50C0008220100C6
S2140146F801A803F0B6FB01A906200394F0F790FF82
S21401470804B010BD87231840034BDA7D824200D0DF
S214014718D87500207047C046C069002003000420F1
S2140147281BB10020014AD27D1A707047C06900206B
S21401473830B5040087B001AD14220021280003F02B
S21401474827FB24B10822210002A803F08AFB044BA8
S2140147582800DB7D2B73F1F7ABF807B030BDC046F8
S214014768C06900207FB50100042069B101236A46AB
S21401477802A81371082203F074FB6A46034B01A8CA
S214014788DB7D1374F1F794F807B000BDC06900200B
S214014798030010B504200C0086B07BB102226946DE
S2140147A802A80A711900063203F05BFB6A46044B3D
S2140147B801A8DB7D05941374F1F77AF806B010BDED
S2140147C8C069002010B5FBF791FF10BD014B1876A4
S2140147D800207047C0690020030004201BB1002098
S2140147E8014A127E1A707047C0690020F0B50600AB
S2140147F889B01700042000910193002E62D0102280
S214014808002104A803F0C4FA009B0BB904AB00937B
S21401481807B904AF02ABDD1D29003000FFF7DEFD46
S214014828040030B9284B01201B78002B4AD12C7084
S214014838264C230030331B78002533B90822310073
S2140148482000802503F00DFB2D06260008361022D1
S2140148583000009903F08EFA38B110223000009922
S21401486803F0FFFA8023DB051D43260018361022C5
S2140148783900300003F07EFA38B1102239003000D2
S21401488803F0EFFA80239B051D43A36A019A93421E
S21401489803D080235B05A2621D43E36A0E9A934206
S2140148A80AD080231B05E2621D4302AB00222800C2
S2140148B8D979FFF7CBFD01E0002DF6D101230020C1
S2140148C83034237009B0F0BD446A0020146A002011
S2140148D8F7B505000E00042480B179B1012700233D
S2140148E87F421A000097F0F707FF040030B903006B
S2140148F80200310028000097FFF778FF2000FEBD70
S21401490873B504230D0078B16B46DE1D3100FFF741
S21401491865FD0123040038B118341022290020004F
S21401492803F028FA10B90023180076BD29001022D2
S214014938200003F096FA8020002231788005FFF7E0
S21401494885FDF0E737B50C00042250B16B46DD1D36
S2140149582900FFF743FD012218B1826AA24202D15B
S214014968002210003EBD846280200022297840057E
S214014978FFF76CFDF4E737B50C00042250B16B461F
S214014988DD1D2900FFF72AFD012218B1C26AA242DD
S21401499802D1002210003EBDC46280200022297880
S2140149A80005FFF753FDF4E710B5044C2000ECF7BB
S2140149B8F1FB0023033C237010BDC046EC690020C0
S2140149C8F8B50D4E350028352B78A3B10B4F0822C4
S2140149D8390003F0CFF9040068B9FFF7E5FF0822AC
S2140149E82100380003F0D4F9220021000620F461E2
S2140149F82C70FFF72BFDF8BDC0690020E069002088
S214014A08F7B5040000282CD06B46D91DFFF7E6FC45
S214014A18050008B90120FEBD2000FFF7D1FF3422AA
S214014A280021280003F0B4F96B46F820002200069E
S214014A38D979FFF70BFD0020EDE72800FFF7C0FF47
S214014A4821003422280003F0A3F9220021003000B7
S214014A58FFF7FCFC3C0034356B46DC71002CECD0CF
S214014A68D8E7F8260127014D3606F5E7146A00202F
S214014A7870B50500F0F75EFE040010B92800FFF7D0
S214014A88BFFF200070BD000013B50020F0F752FEEE
S214014A980F4C2000FFF7BCFC2300303318700023AE
S214014AA80C491A0090B1C85C00B10A000133102BFA
S214014AB8F9D1094B0949181DC06F0090DB6F20001A
S214014AC8F0F71AFE10B12000FFF79AFF13BDC04693
S214014AD8146A00202C6A0020C06900201C6A002085
S214014AE810B50A4C230028331B786BB1FFF75CFF1F
S214014AF8E3694BB140F2E831054C59432000ECF725
S214014B0847FC2000ECF7B8FB10BDC046C069002082
S214014B18EC690020F0B50E0015001F00042487B0CC
S214014B2808B119B92AB1200007B0F0BD0424EE2A4D
S214014B38F9D801AC01000822200003F092F9064BCF
S214014B482573E7810396DB7D20002374F0F70CFEBE
S214014B580400FFF7C5FFE6E7C069002070B58EB010
S214014B6838220021684603F013F9154E38226946A3
S214014B78300003F0FFF8134D38B100212800FFF785
S214014B882DFC040088B1012333730F4C2800E1691A
S214014B98FFF7AAFD28340D480D49ECF7CBFA237820
S214014BA80BB1FFF79DFF0EB070BD01003822300033
S214014BB803F0EEF8220021000620FFF747FCE4E7A1
S214014BC8DC690020E0690020C0690020EC6900204B
S214014BD8994201002148224B70B50360214B224CB3
S214014BE84360224B8360224BC360224B0361217AC8
S214014BF8F0F776F8050078BB1F4E3000FFF77EFC0D
S214014C0810B13000FFF79AFCA07CFFF7B7FC10B193
S214014C181A48FFF7C1FCE07CFFF7CEFC10B1184834
S214014C28FFF7D8FC14202056FFF7E4FC10B115480E
S214014C38FFF7F2FC607DFFF707FD10B11248FFF79A
S214014C4815FDA07DFFF728FD10B11048FFF736FDCA
S214014C58FFF71AFFFFF782FF280070BDAC69002036
S214014C68BD3F0100FD3F0100C0690020D1400100A1
S214014C789D41010041420100CA690020D269002015
S214014C88D3690020D4690020D5690020D6690020A0
S214014C9870B507240A280ED840F27D630125C34063
S214014CA82B4208D0054B1872FFF794FF040010B981
S214014CB82800FEF78DF8200070BDC046C0690020A8
S214014CC8F8B504000E0018B3124F01000822380088
S214014CD803F050F8002528B108222100380003F017
S214014CE8C0F804350C4CE369B34202D00223E661EE
S214014CF81D433800E169FFF7F7FC25B100222800BB
S214014D081100FFF7A3FB012328342370FFF7E8FE01
S214014D18F8BDC046E0690020C069002070B50F4D97
S214014D2803242B0028331B78B3B12B0029331A78B8
S214014D3800248AB11C70EE7D032332009A432B00AF
S214014D48EA7550331A78064923000648FFF7E2FE4B
S214014D58EE750400FFF740F8200070BDC06900201A
S214014D68006A0020E069002070B5114C0822002175
S214014D78200003F00DF80120FFF790FB0822200021
S214014D880C4902F0F7FF050001207DB9637A8342DA
S214014D980CD10530FFF782FBF8200006FFF77EFBF3
S214014DA80548FFF735FB84342070280070BDC046DF
S214014DB8C069002034A80100146A002037B501250F
S214014DC80400284209D008220D490E4803F049F884
S214014DD80021280001AAFFF739FB06232000184006
S214014DE81C4203D0002101AAFFF730FBE40EE006BF
S214014DF81CB1002101AAFFF729FB00203EBDC046D1
S214014E08B4920100C069002010B5FEF7CFFA10BDB4
S214014E1810B518B90122054B1A7010BD0228FCD12D
S214014E280349044801F082FAF7E7C04690C07E407D
S214014E38D4A90100486A002010B5FFF7E5FF002055
S214014E4810BD0B6802781B0E534003700B6842783E
S214014E581B0C534043700B6882781B0A53408370BF
S214014E680B68C2785340C3704B6802791B0E5340D7
S214014E7803714B6842791B0C534043714B68827926
S214014E881B0A534083714B68C2795340C3718B68C0
S214014E98027A1B0E534003728B68427A1B0C5340EE
S214014EA843728B68827A1B0A534083728B68C27A74
S214014EB85340C372CB68027B1B0E53400373CB6807
S214014EC8427B1B0C53404373CB68827B1B0A5340BF
S214014ED88373CB68C27B5340C3737047030004498E
S214014EE8103302788A5C027001309842F9D1704713
S214014EF8C0AB01001FB56A46037813704379537037
S214014F08837A9370C37BD37003791371437A537191
S214014F18837B9371C378D371037A1372437B53727D
S214014F2883789372C379D372037B1373437853736D
S214014F3883799373C37AD3731023190000F0EDF8BD
S214014F4805B000BDF8B5060008780C0000F0F6F8C4
S214014F580500607800F0F2F8A27863785340E278AA
S214014F6853405D40684030706078277800F0E6F876
S214014F780500A07800F0E2F8A378E2787B40534079
S214014F885D406840707063782778A0785F4000F0CD
S214014F98D5F80500E07800F0D1F8E3785F407D4069
S214014FA86840B070207800F0C9F8627823785340DA
S214014FB8A27853405840C5B2E07800F0BFF84540A3
S214014FC8F570F8BDF0B58DB001AC22000500244B94
S214014FD8C1CBC1C2C1CBC1C2C1CBC1C241CB41C287
S214014FE82800DDB30800C9B328000D0002001035FB
S214014FF80B784E781B0636043343CE7833438E78C7
S21401500804313602334308C28D42F1D1042240F2FC
S214015018180CFF27134E0321C3680A4216D16146AE
S214015028CB41190E755C19003940715C2D060D438C
S214015038190C39401B0A715C3B40F35C090429438F
S2140150481B020B439108890061584B4001680132E5
S2140150584B40036104302C2ADDD101200DB0F0BD90
S214015068C0AC0100C0AB0100F0B5050014008BB060
S214015078002850D0080000294DD01000002A4AD038
S21401508810230A0002A8190000F047F8210002A818
S214015098FFF7D7FE230026001027A033103601930A
S2140150A802A8FFF71BFF02A8FFF724FF02A906A81C
S2140150B8FFF748FF03A907A8FFF744FF04A908A8B4
S2140150C8FFF740FF05A909A8FFF73CFF3B00390099
S2140150D806AA02A800F021F8310002A8FFF7B1FEDF
S2140150E8019B10369E42DBD102A8FFF7F7FE02A805
S2140150F8FFF700FF210002A8A031FFF7A2FE102348
S21401510802AA1900280000F008F802A810220021B7
S21401511800F010F801200BB0F0BD70B50D001C00B2
S2140151281100AB4204D81A0002F09BFE200070BDA5
S2140151380024FBE710B502F02BFE10BD02001B236E
S214015148C0094042184052005040C0B2704730B5BE
S2140151581D00836949005B690400C95A222031B1E0
S214015168E0680B18095A002004332960136030BD23
S214015178030070B5002504000833DB6F05609A68E4
S21401518818685269904728006560A56070BD0A23B3
S21401519870B58360036C01000133036403000833B0
S2140151A8DC6FC268A36820685D6840310823A84799
S2140151B870BD41B1436813B14368022B03D1042380
S2140151C84360033B83607047F0B585B001930023C5
S2140151D88377030008330400D86F83680068DD68A6
S2140151E802AB0733A8470500E0B90600A37F104FB6
S2140151F833B901210136080001F022FDBE42F5D17E
S214015208230058331A7801990A70BE420DD01A78CD
S214015218022A07D01A78032A04D040F2F4151B781C
S21401522859342370280005B0F0BD1425FAE7C046A6
S21401523840420F000223F0B5060085B002AAD371DA
S214015248C268040015004BF6AD67883633680191CD
S2140152589B180835436163699D421BD2019BB3B114
S21401526802AB0422290020000733FFF7ADFFA0B9DF
S21401527802ABDB79022B0DD0A1693368CA6828888E
S2140152880A3252009B1A834209D2212003E0A36EF8
S2140152989D42F1D10020A566256105B0F0BD032227
S2140152A8EB1D1B1893435A88BA42EED11A884869EF
S2140152B8E1685200691A11521A881D1DE265CAE78B
S2140152C810B50400436E0021C36083691A695869E2
S2140152D80132520002F05CFD00212000FFF7AAFF10
S2140152E810BDF8B504000325836949005869626E44
S2140152F8435A26699B18E3671B88221D0B33AB4369
S214015308D367E2689B19B71A4752210088310968A2
S21401531800205218934205D92000FFF7D1FF012338
S2140153286560A360F8BD0000030070B50026083369
S21401533886770400D86F836800689B6898470500DD
S21401534848B1280070BD0121080001F079FC0A4B1C
S21401535801369E420DD0A37F002BF4D0230058338C
S2140153681A78002AEDD01B78593440F2F4152370C8
S214015378E7E71425E5E7C04640420F00F8B543685D
S21401538804000020032B22D0261DF56F202D00D9FE
S214015398202527001F372A003800E16F02F061FD3B
S2140153A80623A36023000833D86F3900836822696F
S2140153B85B6800689C462B006746B84723695B19FB
S2140153C82361E36F5B19E367F36F5B1BF367F8BD54
S2140153D810B504008369616F1A690131914200D9D9
S2140153E8002161675A694800825A002AF3D0236F60
S2140153F88B4207D02000FFF774FF10B92000FFF793
S214015408BDFF10BD23692000A367FFF7C0FEF8E7BC
S214015418F7B50400019308000223A56911002E6957
S21401542863602066984207D000216B694A009A5A41
S21401543812B901318E42F9D223008833E7681A6817
S214015448BB189C462B68AD685D19654500D0634658
S214015458D2186766E36062618E4215D3083323610A
S2140154688BB223676367022805D12000089B019A3F
S21401547800F00EF8FEBD2000FFF733FF0028F9D133
S2140154882000FFF77BFFF5E72000FFF780FEF1E736
S21401549873B51C000326150002690B34A418B4431F
S2140154A84669B44214D8040050342180010006002D
S2140154B848310B80C3684A36D31A33800223C56441
S2140154C88360606B836800685C680423A04776BDC8
S2140154D80A00009302212B00FFF79AFFF7E770B541
S2140154E80500FFF7D5FF040001002800FFF761FE5D
S2140154F8200070BD8369F0B51A6905000132586944
S2140155085200002185B002F043FC00234FF6FF72DB
S214015518AB77EA65EB600193AB6901995A689142EA
S21401552801D300243BE02F008837019A3E681B68A8
S2140155385643F61802AB0822310028000733FFF756
S21401554843FE040058BB02ABDB79022B14D102AB35
S214015558310028003A680733FFF736FE0400F0B931
S21401556802ABDB79032B43D13A68120A31002800D3
S214015578FFF7DAFE040011E04BF6AD62F3889342BA
S214015588F2D1E96899B33A6830680B68120A98420A
S214015598ECD92800FFF7C8FE0400EE6044B3EB68B8
S2140155A84BBBAB6929001A689B688831D2182B0057
S2140155B809680833521AEA609CBB22492C64D987C9
S2140155C82900D86FAC77836840315C680068082387
S2140155D8A047040028BBAB7F33BB0121080001F0BC
S2140155E82FFB194B01349C42F5D1142426E0EE60BA
S2140155F8019B01338FE7212C0ED1012600230121BF
S2140156082800AB83FFF716FE0400212816D0A8B998
S2140156182EB90123AB6011E084B90026EEE72124F8
S2140156280CE0212C0AD1E8E72B0058331A78012A16
S214015638F3D040F2F4141B7859352B70200005B0CE
S214015648F0BDC046ADBEFFFF40420F00002370B557
S2140156588360836905009A681968120AFFF764FE71
S214015668040018B92800FFF745FF040028002100A8
S214015678FFF79FFD200070BDF7B54D688A680700E3
S214015688B2FBF5F204000B6A81611B6888300837A3
S214015698FB67026025480022606460652000244D8F
S2140156A8903025658D69C9692264A264E2648160C7
S2140156B82100943105600A609A6803CB1268904706
S2140156C8060008BBA0602000FFF714FF050021288C
S2140156D81CD133003200310020000096FFF798FEF7
S2140156E8050058B9A368012B1AD00121080001F05A
S2140156F8A7FA104B01359D42F4D11425FB6F2E00F5
S2140157089A681868526990473000FEBD0028F5D19E
S214015718E3681B68236400236360074B2360F3E791
S2140157286368042BF4D140F2F415E7E70000ADBE38
S214015738FFFFADBE404B4C0045455652F0B5846858
S2140157480023250087B00093037858352B70A3688B
S2140157581BB90133A37707B0F0BD2B78012B00D016
S214015768DCE0A0680238082800D9B3E001F07CFB29
S214015778058B359FB8B2B2B2C0002369032504333E
S21401578801932361230048331B88E76C1A002A40DB
S214015798A56002922B420AD1A56022003900083280
S2140157A8D06F82685568019A0068A84739E0032BCC
S2140157B80FD826008C3604220021300002F0E8FAC1
S2140157C839003000029A02F04CFB37000423A5602A
S2140157D8E3E70422AB43A260DFE7230048331E88D1
S2140157E82500032733008C35BB43042200212800FB
S2140157F8A760019302F0CCFA3200019BE16C3A40B3
S214015808C918280002F02DFB2269019B29009A1865
S21401581823000833D86F2261836800685E68042312
S214015828B04701002000FFF7C4FCA368012B00D095
S21401583891E7230090331A68002A00D18BE7636842
S214015848002B00D084E0A368013B591E8B41DBB2D4
S21401585804A90B702300943498331B6820684B60A6
S214015868002877D00378009343680393030060C940
S21401587860C390472368002B00D16CE7009A1A7022
S214015888039A5A6067E7230048331B8821695A1828
S2140158989B0700D00A1D0523A360230021000833B7
S2140158A8D86F2261836850315D6804237CE7230042
S2140158B8210050331A882369E265043323614A318B
S2140158C80888A169520049695052626822B90132B2
S2140158D8A260A3660020A4E72000FFF779FDA0E7F1
S2140158E8231DDB6F2000002BF7D0FFF747FD98E755
S2140158F8230088331A68E368616E9B186361002386
S2140159082377A36F120A23610B23A36023000833AE
S214015918D86F836800689B68984782E72B7823B915
S214015928009B63600123A360D4E763680098022B99
S21401593805D1A3680B2B02D02000FFF7C1FC23007A
S2140159482A7859331A7004236360033BA36068E717
S21401595863687CE708008CE70161426100207047B4
S214015968F0B5036A87B005009C4600910192CBB159
S214015978406A02ACC0B122000100C8C9C8C20968A1
S2140159881160EA69009B12788360019B02600371CB
S214015998AA6AC260E0476B6A23B123CC23C31A0004
S2140159A82368136007B0F0BD2000EAE7F8B54B6935
S2140159B82F4A03628B6904008362002343620B78D3
S2140159C80D00DB009B18C1618361EFF31081012391
S2140159D883F31088274B28485A6802405A605B6848
S2140159E881F31088E169A269CF697B6858781071DC
S2140159F8097818788C466646204940F2300C885556
S214015A0803261B7808781B09334066461B01B043FA
S214015A1803430B706B78E978DB00890018480B4361
S214015A28A978415C05200B4379780B4339784900FE
S214015A380B43DBB2D3700323937080339370002338
S214015A486361E360E333937029792200285601F0F5
S214015A588FF97B680121588801F0F2F80720A979A7
S214015A682856220001F084F9064B00206360F8BD31
S214015A7800340A40FC6F0440FF7FFFFF00350A40F0
S214015A88F4AC01005452415570B5C36904000720AF
S214015A980E001856150001F05BF9731CA36002236B
S214015AA80720A269013D9178E5600B439370E3698D
S214015AB8185601F045F93278A36900201A7070BDAE
S214015AC810B5EFF30383103B0D4A5BB29B00985861
S214015AD8C168836939B182680139147801321C704A
S214015AE8C160826010BD9C780222210011401442D8
S214015AF803D0997891439970F4E7FFF731FFF1E7FE
S214015B08346D002010B5EFF303830724103B104AC9
S214015B185BB29B00985882695178537994710D4A03
S214015B282340D25CC9B212B1FFF71AFF10BD436910
S214015B380422002BF8D003691970036941690133FF
S214015B480139036141610029F0D10122ECE7C04621
S214015B58346D0020ECAC01007047000030B50E4AE9
S214015B68017A95794068D37A147B8B432943C569B2
S214015B780078E4B2032804D12878012806D010203A
S214015B88834314730020D372917130BD0420142509
S214015B980443AB430143F4E700380A4003000078A6
S214015BA800B5032808D801F05FF9020810141B7C19
S214015BB80C4AC9B29B18197000BD1B7C094A5B08C0
S214015BC85B009B1889B21980F6E7064B0A0C5A80C7
S214015BD8F8E7DB691B78012BEED1024B89B25980B5
S214015BE8EAE7C04600380A404B69F7B5C3608B69D7
S214015BF84160036101230A7C0C00190091400500ED
S214015C080172EFF3108183F310881020294BDA68AC
S214015C188243DA60DB6881F310880F2326492678E9
S214015C288A791A40B301DBB20193032E0ED10838E4
S214015C38CABBE069037840783340C0000536304077
S214015C480343802003438B7240230193887A4426BA
S214015C58C00900B9403E194B1878471C1F7010B987
S214015C68019B1A438A7101206B68CE711B7C267AC8
S214015C785908034006309B00304098400300104AFC
S214015C8889180A781343DBB20B70616868680139B2
S214015C98FFF784FF12202056002803DB2A00617CC8
S214015CA801F066F800206B68064A1B7C9B009D5035
S214015CB8FEBDC046FC6F044000380A40F86C002060
S214015CC808380A40FC6C00204289024B00209A865C
S214015CD87047C046FE260A4030B5020085B0EFF38D
S214015CE80383103B12495BB29B005D586C68E369FD
S214015CF8597800230439022905D8237C0D4A5B000C
S214015D089B5A02229BB2E96879B12D6901A80271F2
S214015D180195022A07D1227C064C90325200125B6A
S214015D28120401329B188360884705B030BDC0460F
S214015D38346D002000260A4030B5C5694C1E6B78C4
S214015D48032B04D1AB79022B01D04C08013C037C10
S214015D58022006495B005B18A9788143012902D114
S214015D68013AD2B25A70A4B21C8030BD00260A404D
S214015D78F8B50C000E7C01210B00B3400381636962
S214015D880500C360A36944600361EFF3108081F3E3
S214015D981088224BDA688A43DA60DB6880F3108859
S214015DA8E2691178D379C907C90F9B030B43917828
S214015DB8481E8141C9020B43517819484900095ABE
S214015DC880200B4317499BB20887217C16488831E7
S214015DD849000B52128920006168FFF7ADFF40F2B7
S214015DE80011E7691220BA781302013A0B40511ED6
S214015DF88A411343B3406B812056002803DB2A00EF
S214015E08617C00F0B5FF0B203856002803DB2A001A
S214015E18B97A00F0ADFF0020F8BDC046FC6F04401B
S214015E28F8AC0100FE260A4000260A4010B50020FC
S214015E38FFF752FF10BD436810B5C4681A78FF21F2
S214015E48436904B1E15C846852000133115343612C
S214015E5810BD436882681B785B009B5A02699BB237
S214015E680AB181695354836901338361704700001D
S214015E78F0B50B6A87B001935B795D4A41609B1860
S214015E8800225B0283608B6904004362CB690D00C4
S214015E988362431CDA77EFF31087012383F31088B4
S214015EA81E000198534A4079516806308640B1432E
S214015EB85160526887F310886168A0680A6A029080
S214015EC808788446487A8703060090780743202096
S214015ED8384380B2039010790490D77800037F0383
S214015EE80743487B4449C00138430143029889B2B5
S214015EF80591FE30418D89B2002E00D06DE00385F4
S214015F081078039EC0030643B0B20390604608307B
S214015F18834052780498520292B29BB201285AD111
S214015F289943634601209840029F80B281430491B9
S214015F38FE37BB8D029E0343BB85634640F2FE0CCB
S214015F485B00F3189C446646039971826146059E78
S214015F584E831A80049B22007B85B8840320E97946
S214015F68285600F005FF254B23606B7A012B2FD1AD
S214015F78EFF3108083F31088214B196819B9214A69
S214015F881170403111701A6801321A6080F3108856
S214015F984FF6FB74019A01981189C0680A0A120122
S214015FA8C9B252181849204052005052EFF31081D6
S214015FB8012282F310881A6812B11A68013A1A6027
S214015FC81A681AB90F4B1A7080321A7081F3108842
S214015FD8002007B0F0BD1943A3E75379624613437F
S214015FE823B90A4A0433D0780343D370002298E7CA
S214015FF810052000FC6F044007C0FFFF53554153AE
S214016008306D002040030A4000020A4000100A4092
S214016018F0B585B003920AAA029101931178421C41
S214016028D27F08248ABB01273C00456882682B7802
S21401603816009C40BB409C46A4B2FE366244F484DB
S214016048FE32538B0739BB431F000B005942594197
S21401605839435183B4842C6A518AA47889B2012CB5
S21401606805D1019BA143022B00D92143518200246B
S2140160780122019B4461C361029B8461C360039B47
S2140160880361431CDA77FFF7D6FE200005B0F0BDA2
S21401609813B504AC24780094FFF7BAFF16BD0000C8
S2140160A8F0B585B0EFF30383103B214A5BB29B0042
S2140160B89C5863681D78A3686A009B180122FE3302
S2140160C8598811420AD05A81042301A801950371FF
S2140160D8A36A8360636A984705B0F0BD5B8A1E00B1
S2140160E89FB21640134202D06369012B02D92000E1
S2140160F8FFF7AFFE6269E3699A4203D22000FFF711
S2140161089AFEE9E736B1012388359F43A3686D00F7
S214016118EF52E1E7636801A81B7801930123037135
S214016128A36A8360636A01349847E677D4E7C04672
S214016138346D002070B50400012000F049FE227875
S214016148002A35D0032A28D123002A3319780133A7
S2140161581B7809025B02206A656A194348F2000344
S2140161680B43032A1DD1220029321278D201134388
S214016178A168E26801432A4340F240340F489BB2C3
S214016188015140F24431425040F660020C49012068
S2140161988B5200F0F7FD002070BD00210D000800AD
S2140161A8DCE7022AE4D122002B3212785202DEE71B
S2140161B8293423781100DB01DEE7C0460060004081
S2140161C800E0014010B5040008006160FFF7B2FF67
S2140161D808B9014B236010BD4D504C5210B5040050
S2140161E8012000F0F5FD62681178022905D0002328
S2140161F803290DD12832127852B9134B1A68002395
S2140162085202D10F9A4203DB104A137B1173DBB299
S21401621840F660020E498A5ABFF34F8F30BF626854
S2140162281178022904D0032908D1283212782AB90C
S214016238054A1268520201D4044A1373012000F079
S214016248A1FD002010BDC046FC6F0440005400406C
S21401625800E00140EFF31080012383F31088064B1A
S214016268196819B9054A1170403111701A68013256
S2140162781A6080F310887047306D002040030A408A
S214016288EFF31081012383F31088074B1A6812B1C4
S2140162981A68013A1A601A681AB9044B1A708032D9
S2140162A81A7081F310887047306D002040030A4049
S2140162B80B0A1B01C9B25B1803495B005B5A002035
S2140162C89B07DB0F1370704700020A400123C8B210
S2140162D8834000209BB20AB918001300034A090A32
S2140162E849018918088100204B81704700000A403F
S2140162F8F8B50400FF25FFF7ADFF002220880A4EF7
S21401630893B2984202D8FFF7BBFFF8BD6168D30085
S214016318C9188F8809683B0A1B012F40DB1989B207
S2140163285B0099530132EBE700020A4010B5034BB4
S21401633803600800FFF7DCFF002010BD54524F50E1
S21401634870B5040002200856094A20718B68A360BC
S214016358CB68E3600B786371CD78D554002803DBEE
S2140163682200497800F0C2FC024B0020236070BD71
S214016378006000405543490010B5007940B200F06E
S214016388DFFC002010BD000007B5EFF30383103BC8
S214016398064A5BB29B009B583BB19A682AB1597969
S2140163A8DB68684601910093904707BD346D00206D
S2140163B840F21A23044A0020D35A812213405A1E57
S2140163C893410B707047C04600C07E400620704758
S2140163D80620704706207047062070470A0010B549
S2140163E8034B11CB11C2034B11CB11C2002010BDB8
S2140163F820AD010008AD0100062070470620704751
S2140164080620704706207047C36A0D4A10B59A18C9
S2140164180133C362036B816A013B0363094B4C1C5E
S21401642884621800140CFE3092B2448242811A002B
S2140164380978FC3251638122FF335A7510BDC04674
S2140164480000F0BD00C07E404143032903D98908F6
S21401645801390029FCD17047264A030012682648EC
S21401646810B5264982420BD88A4209D0244882426E
S21401647806D02448824203D040F2F610DA6010BDF6
S2140164882148224C1218B2FBF1F10800A24202D9A7
S21401649801200840081840F28352D86006204A4373
S2140164A8B2FBF0F21A6140F276324A43B2FBF0F2DE
S2140164B85A6158224A43B2FBF0F29A61144A99602B
S2140164C84A43B2FBF0F2DA61124A4A43B2FBF0F2EF
S2140164D81A62114A4A43B2FBF0F25A620F4B1A7813
S2140164E8012A01D10020CAE701221A70FFF7ACFF82
S2140164F8F8E7C046EC6D0020FF083D0040420F005B
S21401650880841E00C0C62D003F420F003F8AF70157
S214016518B86A0500C0B0070068ED220090C07E404A
S21401652844F6003313B5A522019340F28013F721F0
S2140165380F4CE2500F4B9D3A5A7059705A705B785F
S214016548934200D1C04681681020FFF77DFF40F2D4
S2140165581A22094BA352A35A98B203B916BD019B36
S2140165681BB1019B013B0193F5E71420F6E7C046F2
S21401657800C07E40FFC07E4000AAFFFF13B5104949
S21401658801900B6B5B0612D57F240E4B5A7D224079
S2140165985A7500225A7501900B6B5B06D80F002BB3
S2140165A808DA019B2BB1019B013B0193F4E7019BA0
S2140165B80BB9142016BD019B013B0193E1E7C046C8
S2140165C8FCC07E40FFC07E40002310B503604368D0
S2140165D8112018560300213301D000F0B9FB002022
S2140165E810BD0620704706207047000040F21A23A7
S2140165F870B5114A114D8168EA5204000620FFF76A
S21401660823FF40F28013A522EF21EA500C4B953A5E
S2140166185A7059705A705B78934200D1C04603206D
S214016628A168FFF711FF63681A781AB11120185686
S21401663800F086FB70BDC04680AAFFFF00C07E4002
S214016648FFC07E4070B50400FFF7D0FFE3683F2027
S21401665840F2D81209491F2B0BD9203B5B081F3380
S2140166688D58034085432B4320008B50FFF758FF76
S21401667870BD1F25013B2B408D58F3E700C07E40B7
S2140166880A7810B50B00040041602AB111202200D7
S214016698097C185600F02AFB230000223C33200010
S2140166A81A70FFF7D9FE28B92000FFF7CBFF08B903
S2140166B8014B236010BDC0464E45504F10B504002F
S2140166C8FFF7CAFE10B92000FFF7BCFF10BD000097
S2140166D8030000223C3310B51A7040F21A23074A09
S2140166E80400D35A0BB9FFF781FF0122044B20009F
S2140166F89A6200229A62FFF713FF10BD00C07E401F
S214016708FCC07E40F8B50500080016001F00FFF71C
S21401671835FF0400142804D12800FFF7D9FF20000C
S214016728F8BD40F2F0133400044AD3581C401E4208
S214016738F5D02800FFF7CCFF3C00F0E700C07E400C
S21401674810B5FFF7C5FF002010BD0000F7B507001C
S21401675800263C373E700400150001910093FFF7B0
S21401676845FF1C4B019A9C461B481C4962444671CE
S2140167786B1E160C4E829B18194E92B24A811A0C41
S2140167889BB272624B838323437563681B784BB154
S2140167980523009A3B70033B1370A369A363002586
S2140167A82800FEBDA16940F2F813694310222000B3
S2140167B8FFF7A8FF050040B9F36A009A1B07DB0F2D
S2140167C820001370FFF7ACFEE9E72000FFF780FF13
S2140167D8E6E7C0460000F0BDFFC07E40FEC07E4032
S2140167E8FCC07E4070B503634368C2621E7800250C
S2140167F833005A1E934102009B003C32816213709B
S214016808436904008363FFF7F1FE0D4B5D71236B4B
S21401681863B99DB92000FFF783FE0FE01823122203
S2140168282000A16BFFF76EFF0500F0E735B92000E1
S214016838FFF7EAFD002EF1D012236363280070BD2E
S214016848FFC07E40F7B5070000253C373D700400C1
S21401685816000191FFF7CAFEFF23019A19499A43C8
S2140168681300194A26639B18A3624D71190C8C46AE
S214016878604632021549013AD2189BB248824B81CA
S214016888130C9C466046124B92B2586284234A8384
S2140168980C4A537563681B786BB9216A112220006C
S2140168A871431933FFF72EFF050010B92000FFF7D3
S2140168B837FE2800FEBD01233B7010336363236A4D
S2140168C8A363F6E7FFC07E400000F0BDFEC07E4031
S2140168D8FCC07E4030B585B0EFF30383103B1D4AFC
S2140168E85BB29B009C58A06BFFF748FE142808D0A3
S2140168F840F2F013184A616BD2580B00134011424C
S21401690812D02000FFF7E4FE0723200001AD2B700C
S214016918FFF706FE62685368A3B1D268280003929F
S2140169280022029298470DE022003C321278012A92
S214016938EBD0042A08D1226B0123002AE5D02000D7
S214016948FFF762FD05B030BD044BDB6A1B07DB0FA2
S2140169580233DAE7346D002000C07E40FCC07E407A
S2140169680A68030082604A68C2600020014A5860CB
S2140169781A60704743474300034B8000C358197099
S2140169881A788A42FCD1704784AD010010B50120FF
S21401699800F01EFA032000F071F8002000F018FA43
S2140169A810BD0000094B0A4A1B6810B5934209D866
S2140169B840F60B03074A0120D35C03B9022000F016
S2140169C85DF802E0044A9342F8D910BDEC6D002048
S2140169D880841E0000E0014000366E0110B50020DC
S2140169E800F0D0F9FFF7DEFF012000F0CBF910BD6B
S2140169F810B50C00FFF7CAFF20000021FFF7BCFF07
S214016A08FFF7ECFF002010BD10B50C00002000F0C9
S214016A18DFF901212000FFF7AFFF002000F0B2F9EF
S214016A28012000F0D5F9FFF7BDFF012000F0AAF913
S214016A38002010BD40F20A2230B50F4B995C890937
S214016A48814218D040F20B2401211D5D29431955B6
S214016A58022805D0995C8909022901D08021995418
S214016A6840F20A2240F20B218001C0B2985401205C
S214016A785A5C82435A5430BD00C07E4010B5FFF7B9
S214016A88D9FF10BD40F623020F4B995C0F4A8907C0
S214016A9809D540F622015B5C1BB193680C4A13606A
S214016AA870471369FAE740F62001595C890705D54E
S214016AB840F61901595C5368CB40EFE740F61801D8
S214016AC8595C1368F8E7C04600E00140A84C00206E
S214016AD8EC6D0020F8B540F623050127214C665DCC
S214016AE8BE436655665DB607F70FBC46002EF9DB52
S214016AF80127B84224D840F62105665DBE4366558F
S214016B08665DB607FCD4012640F6200588B9605DA7
S214016B18B0436055605D8007FCD440F618002154E8
S214016B2840F61901625440F61A02A354FFF7AAFF69
S214016B38F8BD615D0E436655615D8907FCD5EFE7D3
S214016B4840F6220102280AD167540121605D0143FB
S214016B5840F623006155215C8907FCD5E0E76046CD
S214016B686054F2E700E001407047000040F6FE037B
S214016B7870B5274A274C0025E252274B274ADD6085
S214016B881A60274A5A6048F200029A601A61FFF7AB
S214016B9879FF40F60003182240F62401E254635CAC
S214016BA88BB1204B2048DA680240DA60DA687F2623
S214016BB81E48C27A3240C2728022D8681204024342
S214016BC8DA60DB68655440F60C03E25CDAB1002251
S214016BD8E2540320FFF72EFF002240F60803E25492
S214016BE840F61202A35CDB07FCD5002302211A003B
S214016BF81800FFF76FFF0220FFF71CFF40F6FE03A1
S214016C080B4AE25270BD40F24060FFF7ADFFE0E785
S214016C1803A5FFFF00E00140A84C00200048E8015A
S214016C2800093D00FC6F0440FFFF7FFF002C0A406F
S214016C3800A5FFFF704701380028FCD17047000007
S214016C484143124B70B51B68114D0C00B5FBF3F5AB
S214016C58080040F2E8320023002100F07DF931B93E
S214016C68B0FBF5F0800808B1FFF7E5FF70BDAD0091
S214016C78B4FBF5F040F2E8320023002100F06CF98D
S214016C880029F0D001204042EEE7C046EC6D002016
S214016C9800CA9A3BF8B540F24013002401270A4E71
S214016CA80A4A758CD35A1D402B00E3403B4206D056
S214016CB8074AA3009B181B680BB1E0B2984701343A
S214016CC8092CF1D17586F8BDFE60004000600040D1
S214016CD80C6D00201F22430910401E3A82400249CB
S214016CE860339B005A50704700E100E0F7B5FF2774
S214016CF8019283080A4A03269B009B183A0040F231
S214016D0800350640F6008901B2403940B1405C5969
S214016D18800094430C435C51019A024B1A50F7BD0C
S214016D2800E100E0346D00201F22430910401E3A9E
S214016D38824002499B005A507047C04600E100E075
S214016D4810B50400FFF7C6FF2000FFF7EDFF10BDE2
S214016D581F22430910401E3A8240044920339B00F3
S214016D685A50BFF34F8FBFF36F8F704700E100E0B3
S214016D7810B50400FFF7BAFF2000FFF7E1FF10BDCA
S214016D887047000030B5EFF31082012383F31088B3
S214016D9898400B49435A1BB10B5A013B9BB20B5205
S214016DA80B5A53B940F6FE01064C074B655A185A5A
S214016DB8064B2B4383439BB2635282F3108830BD44
S214016DC8DC6D002000E0014098AD010000A5FFFF42
S214016DD870B5EFF31081012383F3108898400A4AAF
S214016DE8835A53B940F6FE04084D094E2B5B865B61
S214016DF833434AF2005633432B53135A01339BB29B
S214016E08135281F3108870BDDC6D002000E001404C
S214016E1898AD0100030010B503240A4A0A48116810
S214016E280333A34308185B1840F200418B4206D986
S214016E3801F00EF80C2303600120404210BD1360D8
S214016E48FCE7C046E86D0020A840002000BE704759
S214016E587047000002B471464908490009564900BE
S214016E688E4402BC7047C04602B4714649084900C0
S214016E78095C49008E4402BC7047C04603B471469B
S214016E88490840004900095E49008E4403BC704722
S214016E9803B47146490840004900095A49008E441E
S214016EA803BC7047844608006146FFE71FB500F03B
S214016EB8CBFA002801D40021C8421FBD10B500F046
S214016EC859FA4042013010BD10B500F0BDFA00284D
S214016ED801DB002010BD012010BDC04610B500F032
S214016EE8B3FA002801DD002010BD012010BDC04600
S214016EF810B500F067FA002801DC002010BD01205B
S214016F0810BDC04610B500F05DFA002801DA002071
S214016F1810BD012010BDC046002B11D1002A0FD18B
S214016F28002900D1002802D00021C943080007B46F
S214016F38024802A14018029003BDC046650A000037
S214016F4803B4684601B5029800F04CF8019B9E46CA
S214016F5802B00CBC7047C046F0B54FF6FF7504008A
S214016F68CE462C40474615400E002900994680B566
S214016F78130C0700000C61434543584363430C0C4C
S214016F885B19E4188C46A54203D980235B02984610
S214016F984044230C61461B184FF6FF7008404946CB
S214016FA856437943240489192018C918C0BCB94620
S214016FB8B046F0BD9E2110B5C905041CFFF7A2FF17
S214016FC818B9201C00F044FC10BD9E21201CC905E0
S214016FD800F07AFA00F03CFC80231B069C466044CD
S214016FE8F2E7C046F8B557464546DE464E460C001B
S214016FF8E0B5924605009B46170081468846002B59
S21401700852D1100000F0CEFC0500A74200D871E06E
S21401701860B1202349461B1A2200D94082400B0042
S214017028134398464B468340874099463C0CB8FB29
S214017038F4F24FF6FF7013003840434321009C4694
S21401704843465143591A4B4609041B0C0B439C45AE
S21401705809D9DB19511E9F4200D967E19C4500D822
S21401706864E1023ADB1961465B1AB3FBF4F14C435F
S2140170784E461B1B4FF6FF7448431B0434401C4303
S214017088A04200D9FCE0241A1004084300210A9BF8
S21401709823B1EC401C6000230A9A5360F0BCBB463F
S2140170A8B246A946A046F8BD8B4207D90A9B13B13A
S2140170B80A9B1860596000210020EFE7180000F0CD
S2140170C871FC0100002855D1A34502D3AA4500D971
S2140170D84AE15346EB1A5A469D42AD41A41A6D42FF
S2140170E8621B904601200A9A002AD7D013604346AD
S2140170F85360D3E7002800D0CBE04FF6FF703B0C77
S21401710898460121E41B3840B4FBF8F302005A43C1
S214017118944642465A43A41A4A462404120C224369
S214017128944507D9D2195C1E974202D8944500D9CE
S2140171381DE123006446121BB2FBF8FC6446664652
S2140171486043444674434E46121B4FF6FF741204BE
S21401715834401443A04208D96246E419013AA742CA
S21401716802D8A04200D9F9E09446241A18046346C6
S21401717818438CE720275B4652463F1A8340FA405D
S2140171881A435346944683402A009A46FA402300F7
S21401719884402243854091466246FB40A846150C2A
S2140171A8B3FBF5F04FF6FF741440020062439346B2
S2140171B82A0042439A1A4B4612041B0C13439B455A
S2140171C809D96344421E9C4500D9C5E09B4500D8B1
S2140171D8C2E0023863445A469B1AB3FBF5F255439C
S2140171E84E465D1B4FF6FF7354432D0433402B4325
S2140171F89C4209D96344551E9C4500D9A8E09C4287
S21401720800D8A5E0023A6344000410434FF6FF7223
S2140172181B1B14000440A34654465E4622405643B0
S214017228B1465E46050C240C6A43654374434E46D4
S214017238360CB346A4185C44A24203D980225202F3
S21401724893465D44220C4E4652194FF6FF752404A8
S2140172583540641993426FD36CD00A9D75B1454683
S2140172682C1BA045AD419B1A6D425B1B1A00CC40F6
S214017278BA40CB400A9922430A604B6000210DE7C9
S214017288E4194B1EA74253D8A04251D90239E41932
S214017298F9E620224946121A2300D140D3400A00B3
S2140172A84946874081408946390C84408846B3FB65
S2140172B8F1F14FF6FF7022430C0038404443A446D0
S2140172C844464C431C1B2404130C23439C4507D9F2
S2140172D8DB194C1E9F423DD89C453BD90239DB1928
S2140172E864461B1BB3FBF8FC9B46464663465E4357
S2140172F84FF6FF7A33005E466446F31A5646444311
S2140173081B04164033439C420BD96246DB19013AEB
S2140173189F421BD89C4219D9022252429246DB1937
S214017328D4441C1B634609041943EDE60A009AE691
S2140173381900A8E6A04590D25546651BAC42A44163
S21401734864426444121B01382C0086E79446E8E739
S2140173582A0059E72100C3E710003CE702225242FF
S2140173689046E419C44400E700202B00BBE6023B24
S214017378D219DFE670B542004E024C0045026D0A8E
S214017388120EC30F760A240EC90FFF2A0FD0FF2C40
S2140173980BD00120A24209D1B54207D18B420FD0AA
S2140173A822B92800431E984100E0012070BD012043
S2140173B8FF2CFBD13543002DF8D14B401800F5E7DB
S2140173C80020F3E730B5420044024D02C30F4800DF
S2140173D8640A120E6D0A000EC90FFF2A12D0FF2882
S2140173E807D0B2B938B90DB3002C2AD148000138F4
S2140173F830BD1DBB0AB9002CF8D08B4205D1580008
S2140174080138F5E7D4B9FF2813D001205B421843A9
S214017418EEE70028F9D08B42F7D18242F5DCEEDBA5
S214017428AC42F2D80020AC42E2D2E8E7002CDFD02A
S214017438EBE71DB98B42E8D10020D9E7022040428C
S214017448D6E78B42ECD0E0E730B5420044024D0265
S214017458C30F4800640A120E6D0A000EC90FFF2AF0
S21401746812D0FF2806D0AAB930B915B344BB4800D4
S21401747801380EE065B90AB9002CF8D08B4215D050
S21401748801205B42184304E014B9FF28F8D19DB1E6
S214017498022030BD0028F3D08B42F1D18242EFDCC6
S2140174A804DBAC42ECD80020AC42F2D258000138DA
S2140174B8EFE7002CEDD0E3E700208B42E9D0DFE7C9
S2140174C88B42EED0DCE7C046F0B546464F46D64678
S2140174D843025B0AC0B59C461F00DE004B025A0AEF
S2140174E8904645004A002D0EC40F120EC90F9B097F
S2140174F8FF2A25D001204140A81A8C420FD0002827
S21401750800DC8AE192BB002B00D19CE0421E0128D8
S21401751800D14FE1FF2800D19BE010002CE00028A5
S21401752800DC87E1002A00D182E0FF2D00D190E03F
S2140175388022D20413431B2800DCEAE001363FE030
S2140175482800FF388246002B54D140F201094846EC
S21401755841408C4200D1C4E05046002800D187E063
S2140175680C00002D4CD0FF2000273AE0FF2D00D15B
S2140175786FE08022D204134301221B2807DC202156
S214017588091A1A008B40C240591E8B411A43B61A73
S21401759873016AD5B601B709380000F003FA053851
S2140175A88740854200DD7EE020223B00401B0130FB
S2140175B8121A3E009340C6405A1E934100251E43A8
S2140175C8730704D00F233340042B00D0043673010D
S2140175D83AD5681CFE2DC6D09B4BC0B233409B01E2
S2140175E85F0AC0053843E4072043E0BCBA46B14603
S2140175F8A846F0BD8C4264D0D0B3002D00D0A3E0DD
S214017608FF20F6B1471E012800D1E1E00C00FF2853
S21401761800D1CDE001211B2F07DC2020C01B310043
S2140176288640F940701E8641314315005E1AAFE761
S2140176384BB1421E012800D1A0E0FF2809D0100056
S21401764879E70C001E000500F3089C46FF2D00D0C4
S2140176589BE06346002B00D185E780276346FF033E
S2140176681F437F02FF207F0ABBE77307AAD1EBE718
S214017678FE206A1C10421AD1002D77D1002E00D1A7
S214017688AAE00020002BACD08022F71AD2041742B9
S21401769800D1BBE001249B1B0C4013429FD06A4AD1
S2140176A8013013409BE7684E2D1A3E4088E7F71ACB
S2140176B87A0157D4002F00D06EE700240020002757
S2140176C88FE780B1002D73D1FF20002EBAD0411E5E
S2140176D8012853D0FF286BD01B296EDD15005E1CD0
S2140176E86EE7514659BBFE216A1C114233D1002D63
S2140176F850D1002E00D186E00020002B00D170E783
S214017708F318DF087F027F0A5B0100D469E70120CE
S21401771867E72021091A1A008B40C240591E8B417F
S2140177281343F6187301A0D50135FF2D00D11AE7CA
S2140177380123464A3340760816401E4340E7002D8B
S21401774800D010E7FF20C0E70C00C44681E7FE2101
S2140177586A1C0A42CDD0FF2A00D104E7F6181500A4
S21401776876082DE701249F1B0C4015E7E6BB002B86
S21401777845D180270024FF20FF0332E7F6180225AB
S2140177887301D5D4F3089C46012563465F027F0A38
S214017798E8B226E766B1002B00D15EE78023DB035B
S2140177A89C4500D259E7984500D356E7C44654E7A6
S2140177B8C4464EE70125F61AEAE630002025C840F9
S2140177C8691A8E40711E8E4106431500F618A9E700
S2140177D80C0001259E1BDBE6002B00D16DE701247A
S2140177E8474600200C40FCE6002B00D135E78023F5
S2140177F8DB039C4500D230E7984500D32DE70124EA
S214017808C4460C4029E747460020EAE617B1BF01FF
S2140178187F0AE6E600240027E3E6002800D127E7EA
S214017828571B3800002D00D1EBE68020C0040C0061
S2140178380643EFE600288AD0511B0DB9080044E735
S2140178488020C004064347E7FFFFFFFBFFFFFF7DDD
S21401785841024200C30F490A0020120E7E2A03DDA8
S2140178689D2A02DD094A98187047802000040143C2
S214017878952A07DC9620821AD1404842002BF3D17C
S2140178880800F1E7963A9140F7E7C046FFFFFF7F09
S21401789870B598B1C317C5185D40C40F280000F02D
S2140178A881F89E2301001B1A962B0FDC082831D07D
S2140178B808398D406D026D0AD8B202E00024002016
S2140178C80025C0052843E407204370BD992B15DC25
S2140178D8421F95402A00150010480540560709D052
S2140178E80F263240042A05D004356A0102D59F23A3
S2140178F805405B1AAD016D0AD8B2E2E70522121AF5
S2140179082800D0400A001B3295402A00551EAA417D
S2140179180243E0E76D0296206D0AD2E7FFFFFFFB00
S21401792870B5040070B100F03DF803009E20C01A3F
S21401793896280CDC082B2DD0083B9C406402640A70
S214017948C0B201E000200024C005204370BD99287C
S21401795814DC5A1F9440220010490A40650709D0D2
S2140179680F252C40042C05D00432540102D59F2043
S2140179780A40C01A9201540AC0B2E5E71A0021006B
S2140179881B3291400A00511E8A410521C91ACC4072
S2140179981443E0E764029620640AD5E7FFFFFFFB7D
S2140179A87047C0461C2101231B04984201D3000CD2
S2140179B810391B0A984201D3000A08391B09984254
S2140179C801D30009043902A2105C40187047C0466A
S2140179D8040302020101010100000000000000008A
S2140179E8002310B504000360436083608181436609
S2140179F8C281036143618361190008225C3000F08B
S214017A08C7F90B4B246263620A4BA3620A4BE36213
S214017A180A4B23630A4B9C4205D00A4B9C4202D070
S214017A28094B9C4203D12000583000F017FA10BDCC
S214017A38E57C01000D7D0100457D0100717D010099
S214017A48F06D0020586E0020C06E002010B5034A65
S214017A580349044800F06AF810BDC04648400020B3
S214017A68998101005840002041680B4B10B504006D
S214017A78994201D000F08CFBA168084B994202D0CC
S214017A88200000F085FBE168054B994202D02000F2
S214017A9800F07EFB10BDC046F06D0020586E002039
S214017AA8C06E002010B5094B094A04211A6009481E
S214017AB80022FFF795FF012209210748FFF790FFEB
S214017AC8022212210548FFF78BFF10BD286F002000
S214017AD8557A0100F06D0020586E0020C06E002017
S214017AE810B5024800F0BBF910BDC046316F002042
S214017AF810B5024800F0B4F910BDC046316F002039
S214017B0810B50400FFF7ECFF236A13B1FFF7F0FF87
S214017B1810BD044B2362044B1B68002BF6D1FFF7FC
S214017B28C1FFF3E7717A0100286F0020F7B514004A
S214017B38002600900191A5686768013F04D524686E
S214017B48002CF8D13000FEBDAB89012B08D90E22D6
S214017B58AB5E013304D029000098019B9847064381
S214017B686835EAE710B5034B01001868826800F02B
S214017B789FFB10BD54400020F0B51D00554B85B045
S214017B881E6804000F00009226B1336A13B930004C
S214017B98FFF7B6FF009B022B05D0012B00D996E014
S214017BA8002D00DA93E0636EDB0705D4A3899B05F5
S214017BB802D4A06D00F053F92100300000F0E8FA75
S214017BC8616B41B123004433994202D0300000F082
S214017BD859F9002363630023A3616360A3891B0625
S214017BE803D53000216900F04DF9A3893A4A1340BC
S214017BF8A381009B022B60D003AB2100300002AAB0
S214017C0800F0EEFAA3890343A3812DBB029D280049
S214017C1800F080F901950700002848D1029B0193DE
S214017C28AB423ED101256D420C22A35E02221A43C5
S214017C38A2810022A260220047322260226101222C
S214017C48616E6261114204D19B0502D4A06D00F0F9
S214017C5807F9280005B0F0BD002FD8D0336A13B94C
S214017C683000FFF74DFF009B012B03D1A389009A33
S214017C781A43A2810C22A35E0822190027602761F5
S214017C886561114013421CD0DA0718D500226D42EF
S214017C98A260A561626ED20701D49B0513D50025A3
S214017CA8D7E7019800F036F907000028BAD08023F4
S214017CB8A289019D1343A381D0E70025B4E7A560F7
S214017CC8E8E7A160E6E7A06D00F0CAF8E7E7012556
S214017CD86D42BEE7544000205CF3FFFF70B50C0010
S214017CE80E25495F00F090F8002803DB636D1B182A
S214017CF8636570BDA389024A1340A381F9E7C046AC
S214017D08FFEFFFFFF8B51F008B8905000C00160072
S214017D18DB0505D50E23C95E0022022300F062F8B2
S214017D28A389054A28001340A38132000E23E15E89
S214017D383B0000F07BF8F8BDFFEFFFFF70B50C00C5
S214017D480E25495F00F04EF8A389421C03D1054A67
S214017D581340A38170BD41F200021343A3816065FD
S214017D68F8E7C046FFEFFFFF10B50E23C95E00F027
S214017D7829F810BD30B500240139A24201D10020EE
S214017D8805E0035D01340D5DAB42F6D0581B30BDEE
S214017D9803008218934200D1704719700133F9E73E
S214017DA830B5050010005AB10024013A2B5D085D74
S214017DB8834204D1944202D00134002BF6D1181A1A
S214017DC830BD0000002370B5054D040008002B6087
S214017DD800F0E2FB431C02D12B6803B1236070BD9F
S214017DE82C6F002070B50400080011001A0000234B
S214017DF8044D2B6000F0BFFB431C02D12B6803B176
S214017E08236070BD2C6F002070B5040008001100B7
S214017E181A000023044D2B60F8F7B0FC431C02D16E
S214017E282B6803B1236070BD2C6F002070B5040069
S214017E38080011001A000023044D2B60F8F790FC87
S214017E48431C02D12B6803B1236070BD2C6F002040
S214017E58014B18687047C046544000207047704769
S214017E687047002310B59A4200D110BDCC5CC454AB
S214017E780133F8E70023C25C0133002AFBD1581E00
S214017E887047000070B505000C0079B1043C236802
S214017E98002B00DAE418280000F0E8F81C4A1368FA
S214017EA82BB963601460280000F0E8F870BDA3429F
S214017EB808D9206821188B42F3D119685B6809181C
S214017EC82160EEE71A005B680BB1A342FAD9116884
S214017ED85018A0420BD12068091850181160834227
S214017EE8E1D118685B68411811605360DBE7A0426E
S214017EF802D90C232B60D6E7206821188B4203D1C0
S214017F0819685B680918216063605460CBE7C0464E
S214017F18386F002010B5034B0100186800F026F8EA
S214017F2810BDC0465440002070B50F4E0D00316894
S214017F38040011B900F0A8FA30602900200000F00A
S214017F48A3FA431C03D101256D42280070BD032303
S214017F58C51C9D43A842F8D0291A200000F094FABF
S214017F680130F2D1EFE7C046346F0020F7B503229F
S214017F78CB1C9343083305001F000C2B34D20C2767
S214017F88B94233D8384E280000F070F833681C0020
S214017F98002C2FD139002800FFF7C6FF0400431C28
S214017FA85FD134680094009B002B4AD1002C52D034
S214017FB823682800E3180099019300F065FA019BED
S214017FC8834248D123682800FF1A3900FFF7ACFF1F
S214017FD8013040D02368DB19236033685A68002AC9
S214017FE833D1009B336019E0002BC9DA0C232B60D0
S214017FF80020FEBD2168C91B20D40B290AD9E21925
S2140180082760A34204D1326063681160536005E0BB
S2140180185A60F9E76268A3420ED13260280000F080
S2140180282DF8200007220B30231D9043C21A9842D0
S214018038DFD01B1AA350DCE75A60EFE72300646819
S214018048A6E7009C63680093ADE71A005B68A34245
S214018058FBD10023DAE70C2328002B6000F00EF88A
S214018068C6E70760DAE7C046386F002010B5024851
S214018078FFF7F5FE10BDC046306F002010B5024868
S214018088FFF7EEFE10BDC046306F0020F7B50C2294
S2140180988B5E05000C001A0753D44A68002A02DCD6
S2140180A80A6C002A4BDDE76A002F48D0002241F20D
S2140180B800002E682A601A00216A0240034230D066
S2140180C8626DA3895B0705D56368D21A636B0BB12A
S2140180D8236CD21A00232800E76A216AB847A289C6
S2140180E8431C06D129681D2944D8284BCB40DB07F9
S2140180F840D50023636023692360D20404D5431C5A
S21401810801D12B6803B96065616B2E60B9B1230094
S2140181184433994202D02800FFF7B4FE0023636374
S2140181280DE001232800B8470200431CC9D12B687B
S214018138002BC6D01D2B01D0162B1AD12E6000207D
S2140181481EE00E69002EFAD00F680E60BA1B019267
S21401815800229B0700D14A69A260019B002BEEDD35
S214018168A36A32001F002800019B216AB84700282D
S21401817807DCA2894023012013431BB2A381404296
S214018188FEBD019B36181B1A0193E6E70100402045
S2140181980B6970B505000C0013B90025280070BDE1
S2140181A818B1036A0BB9FFF7ABFC0C22A35E002BD0
S2140181B8F3D0626ED20704D49B0502D4A06DFFF7F4
S2140181C84EFE28002100FFF761FF636E0500DB07FE
S2140181D8E4D4A3899B05E1D4A06DFFF741FEDDE752
S2140181E870B50E001D000E23C95E140096B0002956
S2140181F80CDAB2898023110019401A4214D140F2D0
S214018208004300202960236016B070BD6A4600F05E
S21401821819F90028EDDB4FF2000301991940044BC8
S214018228C9184B425941EAE700214023E9E7C0460D
S21401823800E0FFFFF0B502268B8905000C0085B02B
S214018248334207D023004733236023610123636148
S21401825805B0F0BD03AB02AAFFF7C2FF029F01906B
S21401826839002800FFF782FE40B90C22A35E9A0562
S214018278EED4032293431E43A681E3E78023A28913
S21401828820601343A381039B206167615BB12800CB
S2140182980E23E15E00F0E8F828B10323A2899A4389
S2140182A8023B1343A381A389019A1343A381CFE712
S2140182B870B506000D00140018B1036A0BB9FFF774
S2140182C81FFC636EDB0705D4A3899B0502D4A06D4A
S2140182D8FFF7C5FDA368013BA360002B05DAA26979
S2140182E8934212DBEBB20A2B0FD023685A1C22608A
S2140182F81D70EDB2636EDB0705D4A3899B0502D416
S214018308A06DFFF7ADFD280070BD290022003000E2
S21401831800F002F80500EDE7F8B506000D001400B8
S21401832818B1036A0BB9FFF7EBFBA369A360A3892E
S2140183381B0701D5236943B92100300000F02AF84C
S21401834818B101256D422800F8BD23692068EFB2EF
S214018358C01A6369EDB2834205DC21003000FFF7DD
S21401836817FF0028EDD1A3680130013BA3602368FD
S2140183785A1C22601F706369834204D0A389DB07F5
S214018388E1D50A2DDFD121003000FFF701FF0028D3
S214018398D9D0D6E72A4B70B5050018680C0018B175
S2140183A8036A0BB9FFF7ACFB0C22A35E1A0722D4AB
S2140183B8DA0607D409222A60402201201343A38142
S2140183C8404237E05B0712D5616B41B12300443365
S2140183D8994202D02800FFF755FD00236363242243
S2140183E8A3899343A3810023636023692360082339
S2140183F8A2891343A38123695BB940F2802140F225
S2140184080022A3890B40934203D021002800FFF7DE
S21401841811FF0C22A35E01211A000A400B420AD062
S2140184280022A26062695242A261226900200AB94A
S2140184381A06C1D470BD990700D46269A260F4E730
S21401844854400020002370B5064D040008001100B2
S2140184582B6000F0E9F8431C02D12B6803B12360B6
S21401846870BDC0462C6F0020002370B5054D040072
S21401847808002B6000F0E5F8431C02D12B6803B115
S214018488236070BD2C6F0020002370B5054D0400D5
S21401849808002B60FEF7BEFC431C02D12B6803B113
S2140184A8236070BD2C6F0020094B10B504001868B6
S2140184B818B1036A0BB9FFF723FB0020132C06D863
S2140184C8044BE400E358013301D0024BE01810BD19
S2140184D8544000203C6F0020F8B50400FFF7B8FCB4
S2140184E8132605000027301C391CABBE061C2E605F
S2140184F82000F8BD10B5431C01D1FFF7EDFF10BDF4
S214018508F7B50C001600FFF7CFFF050038B9FFF7DF
S2140185189FFC09230360012464422000FEBD022E4D
S21401852803D9FFF795FC1623F4E7012E12D1436809
S214018538E418F6D46F462B680A2600937C60301C34
S214018548391CABBE061C3000FFF7D4FF0028E2DB5F
S2140185586C60E2E70368022EECD16F4600930A3698
S214018568301C391CABBE061C3000FFF7C3FF2418AD
S2140185780130DFD1CFE710B5FFF7C2FF10BD37B521
S2140185880224019001AD201C291CABBE041C20004E
S214018598FFF7B0FF3EBD000070B50500FFF784FF8A
S2140185A8040030B9FFF754FC092303600120404258
S2140185B870BD013D012D09D8094B9A681B699A427D
S2140185C804D101235B4203600020F1E72068FFF72E
S2140185D8D6FF0028ECD101235B422360E8E7C046BA
S2140185E83C6F002070B50C00FFF75EFF050030B940
S2140185F8FFF72EFC092303600120404270BD42F2BA
S214018608000362680C261343636040F20043A364C8
S214018618301C291CABBE051C2800FFF76BFF431C4A
S214018628EAD020610020E9E770B50C000500582261
S21401863800212000FFF7ACFB28002100FFF7D2FF3E
S21401864870BD70B5FFF730FF0924050020B9FFF7A4
S214018658FFFB0460002070BD201C291CABBE041C57
S2140186682000012CF7D0FFF7F3FB132504000026A2
S214018678281C311CABBE051C2560EBE70D0A004E15
S2140186884F20414E535745520050726976617465C2
S214018698204C6F52612053657373696F6E204B656A
S2140186A879005B4442475D5B52585D00202D2046A9
S2140186B872616D654374726C2020203D203078000D
S2140186C8203A20004672616D65547970653D3078B0
S2140186D8002C200041636B3D0041523D0053656309
S2140186E83D00202D205372634164647220202020AF
S2140186F8203D2000202D204473744164647220209C
S2140187082020203D2000202D205061796C6F616467
S21401871853697A65203D2000204279746500202D32
S214018728205061796C6F616420202020203D200054
S2140187385B4442475D5B526164696F4576745D00D0
S214018748202D205478446F6E652000202D20547803
S21401875854696D656F75742000202D205278446F1A
S2140187686E652000202D2052784572726F722000A7
S214018778202D20527854696D656F757420005B440E
S21401878842475D5B526164696F54785D00202D2015
S2140187984D6F64656D20202020202020203D20007C
S2140187A846534B003F3F3F00202D204672657175AA
S2140187B8656E6379202020203D2000202D2044610D
S2140187C874615261746520202020203D2000202DF0
S2140187D82042616E645769647468202020203D2019
S2140187E800202D204D61784672616D6553697A6562
S2140187F8203D2000202D207478506F776572202048
S214018808202020203D20005B4442475D5B52616486
S214018818696F52785D00202D204D6178527857692E
S2140188286E646F7720203D20002A4D4355505752DD
S2140188383A556E6578706563746564206265616330
S2140188486F6E20636173652028002A4D4355505783
S214018858523A556E65787065637465642070696E02
S21401886867736C6F7420636173652028002A4D4313
S214018878555057523A556E6578706563746564202D
S2140188886D756C746963617374736C6F742063615E
S21401889873652028002A4343413A002A54583A006F
S2140188A82A52583A002A52465057523A5761726D20
S2140188B8536C656570002A52465057523A436F6C9E
S2140188C864536C656570002A52465057523A537481
S2140188D8616E646279002A52465057523A57616B64
S2140188E86575702066726F6D20436F6C64002A523E
S2140188F8465057523A57616B6575702066726F6DB0
S214018908205761726D002B5258004C6F52617C5390
S21401891846004257004746534B7C002A437572541B
S214018928696D653A002A42434E5F45767454696D0F
S214018938653A002A42434E5F456E6C4F66663A00BA
S2140189482A42434E5F5354696D4572723A002A4271
S214018958434E5F4C61737452783A002A42434E5F25
S2140189684C61737453797354696D3A002A42434EC5
S2140189785F4E657874527841646A3A002A504E47C9
S2140189883A552C002A504E473A4D2C00204C6F522F
S214018998612053616D706C65204170702056657258
S2140189A82E00554E4B4F4E574E5F4556454E545F1B
S2140189B8494E464F5F53544154555300554E4B4EFE
S2140189C84F574E5F53544154555300303A554E4312
S2140189D84F4E4649524D45445F4441544100313A51
S2140189E8434F4E4649524D45445F44415441003138
S2140189F83A4F54414100303A434C4153535F41008A
S214018A08313A434C4153535F4200323A434C415347
S214018A18535F4300303A455538363800313A555396
S214018A2839313500363A41533932332D47726F752D
S214018A3870310032323A41533932332D47726F75ED
S214018A4870320032333A41533932332D47726F75DB
S214018A5870330032343A41533932332D47726F75C9
S214018A6870340033303A41533932332D4A617061DC
S214018A786E00313A4144525F454E41424C454400EE
S214018A88303A4144525F44495341424C45440030D0
S214018A983A525353495F44495341424C4544003185
S214018AA83A525353495F454E41424C454400313A88
S214018AB8444359434C455F454E41424C454400307A
S214018AC83A444359434C455F44495341424C454413
S214018AD800303A4C6F526157414E00313A50726934
S214018AE8766174654C6F5261003F3A286E6F6E6509
S214018AF829005354415455535F4F4B005345525622
S214018B084943455F554E4B4E4F574E0046524551C9
S214018B1855454E43595F494E56414C4944004441D8
S214018B285441524154455F494E56414C49440046CA
S214018B385245515F414E445F44525F494E56414C3F
S214018B484944004E4F5F4E4554574F524B5F4A4F6C
S214018B58494E4544004C454E4754485F4552524F8E
S214018B685200524547494F4E5F4E4F545F5355503A
S214018B78504F5254454400534B49505045445F4169
S214018B8850505F44415441004E4F5F4348414E4E5A
S214018B98454C5F464F554E44004E4F5F465245453D
S214018BA85F4348414E4E454C5F464F554E44004242
S214018BB85553595F424541434F4E5F5245534552BF
S214018BC85645445F54494D4500425553595F5049EF
S214018BD84E475F534C4F545F57494E444F575F5467
S214018BE8494D4500425553595F55504C494E4B5FC8
S214018BF8434F4C4C4953494F4E00434C4153535FE6
S214018C08425F4552524F520043525950544F5F45A6
S214018C1852524F520046434E545F48414E444C45CB
S214018C28525F4552524F52004D41435F434F4D4D9F
S214018C3841445F4552524F5200434F4E4649524DAA
S214018C485F51554555455F4552524F52004D435F5A
S214018C5847524F55505F554E444546494E45440088
S214018C684D41435F4552524F5200524144494F5F6E
S214018C784641494C00524144494F5F504152414D8B
S214018C88455445525F494E56414C49440054585F35
S214018C9854494D454F5554005258315F54494D4536
S214018CA84F5554004E4F5F524553504F4E53450053
S214018CB85258315F4552524F52005258325F455210
S214018CC8524F52004A4F494E5F4641494C004A4F5F
S214018CD8494E5F4E4F4E43455F4641494C00444F0F
S214018CE8574E4C494E4B5F524550454154454400FA
S214018CF854585F44525F5041594C4F41445F534961
S214018D085A455F4552524F520041444452455353C7
S214018D185F4641494C004D49435F4641494C004D29
S214018D28554C5449434153545F4641494C004245CA
S214018D3841434F4E5F4C4F434B45440042454143E8
S214018D484F4E5F4C4F535400424541434F4E5F4E82
S214018D584F545F464F554E44002B524553455400D9
S214018D682B564552002B53415645002B4C4F414438
S214018D78002B444556455549002B434C4153530057
S214018D882B44455641444452002B4E455449440011
S214018D982B415050455549002B4150504B455900E1
S214018DA82B4143544D4F4445002B53454E44002B0D
S214018DB84D54595045002B4A4F494E002B524547B2
S214018DC8494F4E002B53454E44484558002B4144C5
S214018DD852002B52535349002B52583144454C41AB
S214018DE859002B4452002B4C494E4B43484B002B01
S214018DF846504F5254002B444359434C45002B448C
S214018E08455654494D45002B43484445464D415324
S214018E184B002B4445564E4F4E4345002B41505070
S214018E284E4F4E4345002B444F574E46434E540033
S214018E382B555046434E54002B42434F4E41435107
S214018E48002B504E47534C494E464F002B42434F3A
S214018E584E54494D002B504E47534C504552494F9E
S214018E6844002B47454E4150504B4559002B44452D
S214018E78425547002B4C4F52414D4F444500414304
S214018E884B5F5245434549564544004E4F5F414363
S214018E984B002B52435644004A4F494E5F414343C9
S214018EA84550544544004A4F494E5F4E4F4E434540
S214018EB85F4641494C4544004A4F494E5F46414941
S214018EC84C4544004C574656332E313000436861B2
S214018ED86E67656420726567696F6E207365747462
S214018EE8696E672E2028627574206E6F7420736110
S214018EF876656420746F206E6F6E2D766F6C617464
S214018F08696C65206D656D6F72792E2900526567EB
S214018F18696F6E206973206E6F7420617661696C63
S214018F2861626C652E00526164696F2064726976AD
S214018F38657220696E697469616C697A6174696FB2
S214018F486E206973206661696C65642E00506172D3
S214018F58616D657465727320666F72204D6163205A
S214018F68496E697469616C697A6174696F6E2061AA
S214018F78726520696E76616C69642E002B42434FD8
S214018F884E52435644002B42434F4E4E4F52435681
S214018F9844002B42434F4E4C4F53540020507269A5
S214018FA8766174654C6F52612053616D706C6520F3
S214018FB8417070205665722E00303A455500313A98
S214018FC8555300363A4153310032323A4153320052
S214018FD832333A4153330032343A41533400333052
S214018FE83A4A500033313A4A505F4C4443003F3FB7
S214018FF83A28756E6B6E6F776E20726567696F6E4D
S2140190082900303A52584F4E5748454E49444C4528
S2140190185F44495341424C454400313A52584F4EF9
S2140190285748454E49444C455F454E41424C454498
S21401903800303A4B45595245515045524D49545FB7
S21401904844495341424C454400313A4B45595245EF
S214019058515045524D49545F454E41424C45440096
S21401906854585F4E4F41434B0054585F43414E435B
S214019078454C45440054585F4348414E4E454C4282
S2140190885553590054585F445554594359434C4510
S2140190985F524553545249435445440054585F520D
S2140190A84144494F5F4552524F52004B455952452C
S2140190B8515F4641494C454400494E41435449563F
S2140190C84500524551555345545F494E56414C4902
S2140190D844004E4F5F52454D4F54455F44455649EF
S2140190E843455F454E5452590049425F41545452D4
S2140190F849425554455F494E56414C494400434FF1
S2140191084D4D414E445F4552524F5200494E5355BC
S2140191184646494349454E545F4D454D4F525900C1
S2140191284348414E4E454C5F494E56414C494400D2
S214019138524144494F5F4348414E4E454C5F425564
S214019148535900524144494F5F4455545943594372
S2140191584C455F5245535452494354454400554E75
S2140191684B4E4F574E5F444556494345002B43489F
S2140191784944002B5458504F574552002B52584FCC
S2140191884E002B524D54444556002B4B45595245DB
S21401919851002B4B4559524553002B54584F5054A8
S2140191A8002B444556494E464F002B5458435943C5
S2140191B84C45005B4442475D5B54784379636C6574
S2140191C85D00202D205374617475732020203D2086
S2140191D800202D20506572696F642020203D2000F4
S2140191E8202D204473744164647220203D200020A1
S2140191F82D204461746153697A65203D2000202D35
S214019208204461746120202020203D20005B4442D8
S214019218475D5B4D61634E6F746972795D5B526D34
S214019228744465765D00202D204465764164647239
S214019238657373203D2000202D2050534B2020209D
S21401924820202020203D2000202D2053657373699F
S2140192586F6E4B6579203D2000202D2066436F7583
S2140192686E7454782020203D20307800202D20660A
S214019278436F756E7452782020203D203078003C6C
S214019288757064617465643E004B45595245515F7B
S21401929853554343455353002B4B4559494E4400B8
S2140192A82B54584359434C45494E4400504C465656
S2140192B8342E34300000000000000000018B01004D
S2140192C804000000BC8C0100070000008790010024
S2140192D808000000878601005600000051090000BA
S2140192E800000000000000004154002B0907050398
S2140192F8000102000806040500000002010003043C
S214019308841E0000093D0000127A000024F40000C3
S21401931848E8010090D0030020A1070000000000E3
S214019328B128000061510000C3A20000581B0000CC
S214019338983A00001879000030F2000048E8010069
S21401934890D0030020A107000000000010270000AD
S214019358204E000028A000000400000048E8010094
S2140193680500000090D00300060000003820070022
S2140193780300000030F200000A00000028A00000E8
S214019388020000001879000009000000204E0000C5
S21401939801000000983A00000800000010270000AD
S2140193A800000000581B0000040506030A02090114
S2140193B808000000000000001F000000C0120000A6
S2140193C81F000000A816000017000000841C0000FB
S2140193D80F000000E42500001E000000B42D000068
S2140193E816000000083900000E0000002C4C000092
S2140193F81D000000685B0000150000007472000084
S2140194080D000000589800001C00000034B700004A
S21401941814000000E8E400000C00000078310100A8
S2140194281B000000686E01001300000034CA01002A
S2140194380B000000286202001A00000040DB020050
S214019448120000003C9303000A000000C0C204009A
S2140194581900000060B3050011000000382007005D
S2140194680900000020A1070000000000A901000073
S214019478FD140000291C0000151500002D21000010
S21401948815210000491C0000E51E000041150000DA
S21401949805250000E1180000591500006D150000AB
S2140194A8B519000089150000A1150000E91500008E
S2140194B83915000031150000D9140000C914000040
S2140194C8A9180000D11B0000E914000019160000B5
S2140194D86919000081150000E5170000F91700005A
S2140194E8BD220000351A0000251B000041180000A7
S2140194F87118000085140000BD380000C194C10031
S21401950800000000F8EFF7E000000000E4497133BE
S2140195181CE68D33010000000B000000100E000051
S214019528000000000000000000000000000000002D
S2140195380A00000000000000083E7233F8F18C3380
S214019548010000000B000000100E000000000000E3
S2140195580000000000000000000000000A000100F2
S2140195680000000064CE8F33DCACBB330100000082
S2140195780B000000A08C00000000000000000000A6
S2140195880000000000000000640000000000000069
S21401959888C29033B8B8BA33010000000B00000047
S2140195A8A08C000000000000000000000000000081
S2140195B80000000064000100000000002495BD338F
S2140195C89CD4C433010000000B000000A08C0000EE
S2140195D8000000000000000000000000000000007D
S2140195E864000000000000004889BE3378E0C333F9
S2140195F8010000000B000000A08C00000000000025
S21401960800000000000000000000000064000100E7
S214019618000000008443C8335CFCCD330100000021
S2140196280B000000100E0000000000000000000003
S21401963800000000000000000A0000000000000012
S214019648A837C9333808CD33010000000B000000E5
S214019658100E0000000000000000000000000000DE
S214019668000000000A00010000000000E4F1D23307
S2140196782CDAD4330100000018000000407E0500F3
S21401968800000000000000000000000000000000CC
S214019698E80300000000000008E6D33308E6D333E9
S2140196A80100000018000000407E050000000000D0
S2140196B8000000000000000000000000E8030100B0
S2140196C800000000C485D7335C31DA33010000009E
S2140196D80B000000A08C0000000000000000000045
S2140196E80000000000000000640000000000000008
S2140196F8E879D833383DD933010000000B00000063
S214019708A08C00000000000000000000000000001F
S214019718000000006400010002000000E4BE8A3672
S214019728DC334F37010000000D00000080EE3600E4
S214019738000000000000000000000000000000001B
S214019748640000000200000008B38B36B83F4E37AD
S214019758010000000D00000080EE36000000000049
S2140197680000000000000000000000006400010086
S21401977803000000240AD7369CE8023701000000DF
S2140197880D00000080EE360000000000000000001A
S2140197980000000000000000640000000300000054
S2140197A848FED73678F40137010000000D000000A6
S2140197B880EE3600000000000000000000000000F7
S2140197C8000000006400010004000000E4BE8A36C0
S2140197D81C64E436010000000D00000080EE36002F
S2140197E8000000000000000000000000000000006B
S2140197F8640000000400000008B38B36F86FE336F7
S214019808010000000D00000080EE36000000000098
S21401981800000000000000000000000064000100D5
S214019828050000006443A936DC21D5360100000096
S2140198380D00000080EE3600000000000000000069
S21401984800000000000000006400000005000000A1
S214019858805CAB36C008D336010000000D0000005E
S21401986880EE360000000000000000000000000046
S214019878000000006400010006000000A461C43571
S214019888DC334F37010000001E00000080EE360072
S21401989800000000000000000000000000000000BA
S2140198A81027020006000000103EC73570574C37D7
S2140198B8010000001E00000080EE360000000000D7
S2140198C80000000000000000000000001027030050
S2140198D809000000C03DDF3640F70937400D030098
S2140198E80D000000A00F00003200000088130000E1
S2140198F8B0FF00003C930300102700000900000099
S21401990880040D3700285037400D03000D00000075
S214019918C800000002000000E8030000B0FF0000D5
S2140199283C930300E80300000900000060C4E03629
S214019938E013F336801A06000D000000A00F0000A1
S2140199483200000088130000B0FF0000382007002E
S2140199581027010009000000E048FF3660A14E37D5
S214019968801A06000D000000C80000000200000072
S214019978E8030000B0FF000038200700E8030100F4
S21401998809000000A0D1E336A0700837801A060047
S2140199980D000000A00F0000320000008813000030
S2140199A8B0FF00003820070010270100090000005A
S2140199B8208B0E3720944B37801A06000D000000C6
S2140199C8C800000002000000E8030000B0FF000025
S2140199D838200700E80301000A000000C03DDF3612
S2140199E840F70937400D03000D000000A00F0000E6
S2140199F83200000000000000000000000000000027
S214019A086400000007000000C89A01000100000079
S214019A18BC9A010006000000749A010006000000C6
S214019A282C9A0100010000000700000020A1070091
S214019A38010000000800000020A107000100000046
S214019A480900000020A10700010000000A0000002C
S214019A5820A10700010000000B00000020A107005C
S214019A68010000000C00000020A107000100000012
S214019A780700000048E80100010000000800000097
S214019A8848E80100010000000900000048E801005C
S214019A98010000000A00000048E80100010000007B
S214019AA80B00000048E80100010000000C0000005F
S214019AB848E80100010000000700000090D00300FC
S214019AC8010000000700000048E80100010000004E
S214019AD80800000048E80100010000000900000035
S214019AE848E80100010000000A00000048E80100FB
S214019AF8010000000B00000048E80100010000001A
S214019B080C00000048E801000000000050C30000F7
S214019B18A8610000051440000000000000000000D5
S214019B280000000000008041230000000000000043
S214019B380000000000000000000000000100000016
S214019B480108000020A107002029D135C0270900F7
S214019B582A000000010C000048E8010060DC7133AF
S214019B68400D03001C000000010B000048E801003E
S214019B7860DC7133400D03001C000000010A000080
S214019B8848E8010060DC7133400D03001C0000004A
S214019B980109000048E8010060DC7133400D03004C
S214019BA81C0000000108000048E8010060DC713371
S214019BB8400D03001C0000000107000048E80100F2
S214019BC860DC7133400D03001C0000000107000033
S214019BD890D0030000637333801A06000C0000005F
S214019BE80232000050C3000060DC7133400D0300F0
S214019BF81C000000010C000048E80100C03DDF36EB
S214019C08400D03000F000000010B000048E80100AA
S214019C18C03DDF36400D03000F000000010A0000BA
S214019C2848E80100C03DDF36400D03000F00000084
S214019C380109000048E80100C03DDF36400D030079
S214019C480F0000000108000048E80100C03DDF36AB
S214019C58400D03000F0000000107000048E801005E
S214019C68C03DDF36400D03000F0000000232000041
S214019C7850C30000C03DDF36400D03000F00000052
S214019C88010C000048E80100C03DDF36400D030026
S214019C980F000000010B000048E80100C03DDF3658
S214019CA8400D03000F000000010A000048E801000B
S214019CB8C03DDF36400D03000F000000010900001B
S214019CC848E80100C03DDF36400D03000F000000E4
S214019CD80108000048E80100C03DDF36400D0300DA
S214019CE8260000000107000048E80100C03DDF36F5
S214019CF8400D0300260000000107000090D0030075
S214019D0860C4E036801A060004000000010700005F
S214019D1890D00300E048FF36801A06000E000000C7
S214019D280107000090D00300A0D1E336801A060090
S214019D38120000000232000050C30000C03DDF36AA
S214019D48400D030026000000010C000048E8010051
S214019D58E0D5A936400D03000F000000010B0000F6
S214019D6848E80100E0D5A936400D03000F000000C1
S214019D78010A000048E80100E0D5A936400D0300B5
S214019D880F0000000109000048E80100E0D5A936E7
S214019D98400D03000F0000000108000048E801001C
S214019DA8E0D5A936400D03000F00000001070000AA
S214019DB848E80100E0D5A936400D03000F00000071
S214019DC80107000090D0030020E3AC36801A060095
S214019DD8070000000232000050C30000E0D5A93693
S214019DE8400D03000F000000010C000048E80100C8
S214019DF800D88C36400D03001D000000010B000042
S214019E0848E8010000D88C36400D03001D0000000C
S214019E18010A000048E8010000D88C36400D03000E
S214019E281D0000000109000048E8010000D88C3632
S214019E38400D03001D0000000108000048E801006D
S214019E4800D88C36400D03001D00000001070000F5
S214019E5848E8010000D88C36400D03001D000000BC
S214019E680107000090D00300A05E8E36801A060017
S214019E780E0000000232000050C3000000D88C36E5
S214019E88400D03001D000000010C000048E8010019
S214019E984023D936400D03000E000000010B0000D8
S214019EA848E801004023D936400D03000E000000A3
S214019EB8010A000048E801004023D936400D030096
S214019EC80E0000000109000048E801004023D936C9
S214019ED8400D03000E0000000108000048E80100DC
S214019EE84023D936400D03000E000000010700008C
S214019EF848E801004023D936400D03000E00000053
S214019F080107000090D0030020B7DD36801A06004E
S214019F18060000000232000050C300004023D93674
S214019F28400D03000E000000010C000048E8010087
S214019F3800D88C36400D030040000000010B0000DD
S214019F4848E8010000D88C36400D030040000000A8
S214019F58010A000048E8010000D88C36400D0300CD
S214019F68400000000109000048E8010000D88C36CE
S214019F78400D0300400000000108000048E8010009
S214019F8800D88C36400D0300400000000107000091
S214019F9848E8010000D88C36400D03004000000058
S214019FA80107000090D00300A05E8E36801A0600D6
S214019FB8200000000232000050C3000000D88C3692
S214019FC8400D030040000000000080410000804171
S214019FD80000804100008041000080410705070716
S214019FE80707050707070000C0CA89360028503743
S214019FF8C03DDF3640F70937C0CA893600285037D2
S21401A008C0CA893600285037C0CA89360028503752
S21401A018000000000000000040771B0040B5640007
S21401A028E0065A00020202020202020202020202CA
S21401A03802020203020202020202030403020202ED
S21401A04802020405040302020202050605040302CD
S21401A05802020607060504030202070707060504A7
S21401A06803020707000000000000010201000000CB
S21401A07800000203020100000000030403020100BD
S21401A0880000040504030201000005060504030296
S21401A098010006070605040302010707070605046B
S21401A0A80302070700000B357DF2F2F233337373B0
S21401A0B8F2F2F2F248E8010048E8010048E8010037
S21401A0C848E8010048E8010048E8010090D003008C
S21401A0D8000000000C0B0A090807073200EA0637D9
S21401A0E8000000005000000040F70937000000009B
S21401A0F85000000033333373F2F2F2F248E80100FD
S21401A10848E8010048E8010048E8010048E801007D
S21401A11848E8010090D00300000000000C0B0A0973
S21401A12808070732A027BE330000000050010000D0
S21401A138E034C13300000000500100002042C4335F
S21401A14800000000500100000B357DF2F20000000F
S21401A1583581F2F2F2F200000A0908080B0A09082A
S21401A1680C0B0A090D0C0B0A0D0D0C0B48E8010027
S21401A17848E8010048E8010048E8010020A1070076
S21401A18800000000000000000000000020A10700F9
S21401A19820A1070020A1070020A1070020A1070091
S21401A1A820A1070000000000000000000A090807B7
S21401A1B8080000000C0B0A0908070000080A0C0D25
S21401A1C80E10121415181A1B1D1E21240001010158
S21401A1D87D00FA00F4010000030000003A6900203F
S21401A1E8060400000100000000000000C06900200D
S21401A1F8190600000600000000000000DC690020C7
S21401A2080C080000000000F800000080146A002016
S21401A218300A0000FA8A010087900100048B0100C9
S21401A228838C0100148B0100268B0100378B0100FB
S21401A2384B8B01005D8B01006A8B01007F8B01004F
S21401A24851910100908B0100A18B0100B78B010091
S21401A258D18B0100EC8B0100028C0100108C0100EF
S21401A2681D8C0100308C0100418C0100558C0100C9
S21401A278688C0100728C01007D8C0100C489010084
S21401A288FA8A0100BC8C0100958C0100A08C0100A3
S21401A298AC8C0100B88C0100C28C0100CC8C01008A
S21401A2A8D68C0100E68C0100F88C0100118D0100A6
S21401A2B81E8D0100278D0100368D0100448D010099
S21401A2C8508D0100AA890100C51601000000000092
S21401A2D80000000006000000618D0100000000007B
S21401A2E8891501000000000004000000688D0100C7
S21401A2F80000000000000000C11501000500000074
S21401A3086D8D01009D1B0100000000009D1B0100D2
S21401A31805000000738D0100DB18010061210100B2
S21401A3280000000007000000798D0100751C01007F
S21401A338052201000000000006000000818D0100D2
S21401A3480000000081210100000000000800000054
S21401A358888D010000000000A12101000000000016
S21401A36806000000918D010011190100C7210100A6
S21401A3780000000007000000988D01004719010041
S21401A388851501000000000007000000A08D0100EF
S21401A398CB150100E92101000000000008000000BB
S21401A3A8A88D01000D1C010000000000000000003F
S21401A3B805000000B18D01002D17010039210100AB
S21401A3C80000000006000000B78D0100E91B01002F
S21401A3D800000000E91B010005000000BE8D010019
S21401A3E84F1A010039220100000000000700000092
S21401A3F8C48D0100B51C010000000000000000002B
S21401A40808000000CC8D0100211D010099220100E1
S21401A4180000000004000000D58D010001160100AF
S21401A428B92201000000000005000000DA8D0100D5
S21401A438651D010045240100000000000900000018
S21401A448E08D0100B11D0100572401000000000045
S21401A45803000000EA8D0100000000000000000073
S21401A468F51D010008000000EE8D0100C31A010069
S21401A478692401000000000006000000F78D0100B5
S21401A488311E0100E1220100000000000700000063
S21401A498FE8D01000000000000000000791E01008A
S21401A4A808000000068E0100971F010041160100F2
S21401A4B8000000000A0000000F8E010019200100AC
S21401A4C82923010000000000090000001A8E01007F
S21401A4D86320010049230100000000000900000074
S21401A4E8248E0100B92001006F230100000000003E
S21401A4F8090000002E8E0100F92001008F230100BB
S21401A5080000000007000000388E0100000000006F
S21401A51800000000B11E010008000000408E010086
S21401A5280000000000000000CD1E01000A00000027
S21401A538498E010000000000000000000D1F010008
S21401A54808000000548E0100491F01007B24010009
S21401A558000000000C0000005D8E01007F1901005C
S21401A568BF160100000000000A0000006A8E010004
S21401A578B7190100092301000000000006000000C9
S21401A588758E0100B1230100F123010000000000CF
S21401A598090000007C8E01004C574656332E313098
S21401A5A80500010000000000000000000000000097
S21401A5B8000000000000000000000000000000008D
S21401A5C8000000000000000000000000000000007D
S21401A5D80000000100010100000107000000000062
S21401A5E800000000000000000000000000009004C9
S21401A5F8FA8A0100BC8C0100958C01006890010064
S21401A608719001007D9001008C900100A4900100DA
S21401A618B3900100AA890100FA8A0100688C01003A
S21401A62887900100C1900100838C0100CA90010047
S21401A638DA900100718B0100048B0100F190010092
S21401A6485D8B01000691010014910100268B010023
S21401A65828910100A7900100389101004B91010053
S21401A6687D8C010066910100108C0100C4890100EF
S21401A678153401000000000000000000060000007C
S21401A688618D0100000000007D340100000000001B
S21401A69804000000688D01000000000000000000B2
S21401A6A8B5340100050000006D8D01007D350100FF
S21401A6B8000000007D35010005000000738D0100D3
S21401A6C8ED350100713601000000000007000000AA
S21401A6D8C48D0100F1360100C134010000000000FC
S21401A6E807000000798D0100313701006F3701003E
S21401A6F80000000005000000759101009537010073
S21401A708D33701000000000003000000EA8D0100B5
S21401A718F937010077380100000000000800000042
S21401A7287B9101009F380100E53801000000000018
S21401A738050000008491010019390100000000009D
S21401A74800000000070000008A9101009939010005
S21401A75800000000000000000700000092910100C0
S21401A768E9390100313A0100000000000700000045
S21401A7789A910100653A0100A13A01000000000023
S21401A78806000000A2910100D53A01000000000071
S21401A7980000000005000000B18D0100553B0100D6
S21401A7A8000000000000000008000000CC8D010039
S21401A7B8DD3B01000000000000000000080000006A
S21401A7C8A99101002D3C01000000000000000000D6
S21401A7D808000000B2910100913C0100D93C01003B
S21401A7E80000000005000000DA8D010001350100B7
S21401A7F8E13401000000000006000000758E01002B
S21401A808B1230100F1230100000000000900000047
S21401A8187C8E010002010123456789ABCDEF00025A
S21401A828000000000000000000009004504C46564E
S21401A838342E343005020701000000001F0701000E
S21401A8480000000050A80100000000000000000001
S21401A85800000000000000000200000000000000E8
S21401A86804000000020000000000000000000000D4
S21401A87800000000000000000000000000000000CA
S21401A8880001000000000000000300000029002865
S21401A898000000270000000000000000BD130100B2
S21401A8A800000000B0A8010001000000424000209E
S21401A8B80000001200000001000000000000000077
S21401A8C800000000000000005D0A01000000000012
S21401A8D8DCA80100000000000000000000050000E0
S21401A8E80402000001050000040200000300000045
S21401A8F80000010003000000000000000002210023
S21401A908000000000000000014A901000200000079
S21401A91800000000FFFF0000080000000000000023
S21401A92802021D00000000000000000038A9010016
S21401A9380000000206000102000102DF00001040CC
S21401A94802000000000400000000000010000000E3
S21401A958F86A00205D0600000000000068A90100F2
S21401A9686CA90100B86B002078A9010038AD010078
S21401A9780100000045570100000000001C6B002084
S21401A988030B000000041040020000000004000051
S21401A9980000000010000000F86B002039070000D6
S21401A9A800000000B0A90100B4A90100B86C00209D
S21401A9B8C0A9010038AD010001000000455701009B
S21401A9C8000000001C6C0020030B00003C00000087
S21401A9D8E0A90100000000000400000000000000DB
S21401A9E8040000000100000004000000020000004E
S21401A9F8040000000300000004000000040000003A
S21401AA08040000000800000004000000090000001F
S21401AA18040000000A000000040000000B0000000B
S21401AA28000000000C000000000000000D000000FF
S21401AA38000000000E000000050000000F000000E6
S21401AA4800050000000100000405000001010000E7
S21401AA5805000000020100000500000003010000D7
S21401AA6804000000040100000400000005010000C5
S21401AA7805000000060100000400000007010000B0
S21401AA8800010000080100000400000009010000A0
S21401AA98040000000A010000040000000B01000089
S21401AAA8040000000C010000040000000D01000075
S21401AAB8040000000E010000050000000F01000060
S21401AAC800400000000200000040000001020000F3
S21401AAD80400000004020000040000000502000053
S21401AAE8040000000602000004000000070200003F
S21401AAF80400000008020000040000000C02000028
S21401AB08040000000D020000000000000E02000014
S21401AB18000000000F020000000100000003000012
S21401AB280400000001030000040000000203000006
S21401AB3804000000030300000400000004030000F2
S21401AB4805000000000400000500000001040000E4
S21401AB5804000000020400000400000003040000D2
S21401AB6804000000070400000400000008040000B8
S21401AB780000000009040000040000000A040000A8
S21401AB88040000000B040000040200000005000099
S21401AB980402000001050000000200000205000092
S21401ABA8000000000D090000000000000E0900006A
S21401ABB8040000000F090000637C777BF26B6FC509
S21401ABC83001672BFED7AB76CA82C97DFA5947F0A2
S21401ABD8ADD4A2AF9CA472C0B7FD9326363FF7CC7E
S21401ABE834A5E5F171D8311504C723C31896059A1B
S21401ABF8071280E2EB27B27509832C1A1B6E5AA03E
S21401AC08523BD6B329E32F8453D100ED20FCB15B28
S21401AC186ACBBE394A4C58CFD0EFAAFB434D338591
S21401AC2845F9027F503C9FA851A3408F929D38F565
S21401AC38BCB6DA2110FFF3D2CD0C13EC5F9744179C
S21401AC48C4A77E3D645D197360814FDC222A908813
S21401AC5846EEB814DE5E0BDBE0323A0A4906245C9F
S21401AC68C2D3AC629195E479E7C8376D8DD54EA904
S21401AC786C56F4EA657AAE08BA78252E1CA6B4C6D0
S21401AC88E8DD741F4BBD8B8A703EB5664803F60E29
S21401AC98613557B986C11D9EE1F8981169D98E9418
S21401ACA89B1E87E9CE5528DF8CA1890DBFE6426831
S21401ACB841992D0FB054BB1600000000000000019A
S21401ACC80000000200000004000000080000001058
S21401ACD80000002000000040000000800000001B6B
S21401ACE80000003600201030082818380020604080
S21401ACF8000000000610001004010C020C020801F6
S21401AD080100000010AD010000001040FF071040D0
S21401AD1800010000010000000100000028AD01004C
S21401AD2800000000FFFF010000080000040000000A
S21401AD3889660100ED6701004D680100556701004D
S21401AD48E5630100D1650100B9630100D56301001F
S21401AD58D9630100DD63010049670100C56601008A
S21401AD68E1630100EF65010001640100056401006B
S21401AD78EB650100096401000D64010008E8014063
S21401AD8809E801400AE801400BE801400CE80140E7
S21401AD980100020008001000200000004275696CDE
S21401ADA87420776974682052656E657361732041F3
S21401ADB86476616E63656420466C657869626C6565
S21401ADC820536F667477617265205061636B6167A3
S21401ADD8652076657273696F6E20362E322E3000C6
S21001ADE8362E322E30000000000002065D
S20801ADF4F8B5C046A2
S20801ADF8F8B5C0469E
S20801ADFC69050000DF
S20801AE00390500000A
S20C01AE04E8C1FF7F0100000018
S804000255A4
