S0190000507269766174654C6F526153616D706C652E7372656360
S1130000884C0020550200009DBA000055BC000039
S113001055BC000055BC000055BC000055BC000098
S113002000000000000000000000000055BC0000BB
S113003055BC00000000000055BC000071710000B8
S1130040000000000000000091B10000000000006A
S113005000000000000000000000000091B100005A
S1130060000000000000000000000000DDB60000F9
S1130070000000000000000000000000000000007C
S11300800000000000000000A9AE00000000000015
S1130090000000000000000000000000000000005C
S11300A0000000000000000000000000000000004C
S11300B00000000035AC000000000000000000005B
S11300C000000000D57C00000000000000000000DB
S11300D000000000000000000000000061A9000012
S10B00E0C9A800000DA90000ED
S11300E8010000001801000002000000F8000000F0
S11300F800400020004000200000104000000203DF
S11301080040002084400020400400000000010357
S1130118A04C0020205E00200000000330B585B00C
S11301280400092240F29F2001A907F00CFB6B464A
S11301381D79002301A8AB4214D1032B10D86946BA
S11301485A1C0A716A465B00210A0532D1546A4670
S11301580632D45440F29F20092201A907F0D6FAA6
S113016805B030BD01004278897812025218023075
S11301789442F5D00133DBB2DDE710B5074C102209
S1130188002120000BF080FF07F02AFB10B913238D
S1130198E372237302F02EFD10BDC046484F0020C1
S11301A810B50024214B1860214B22485C701C7048
S11301B802F0C0FB200002F097FB012002F0D1F806
S11301C82100200002F096FA2000042102F0ACF984
S11301D84FF6FF7123002200080002F038F940F6B8
S11301E8AC00FFF79BFF40F68900FFF797FFFFF786
S11301F8C4FF114800F0A4FE104800F0A1FE104905
S11302080D4800F06DFE0F490C4800F069FE0E4BD6
S11302181C7002F02DFB80B2033400B904004FF6C1
S1130228FF7002F0FBFC200010BDC046404F0020C8
S1130238444F00204D130000304E00201C4E002077
S1130248F511000011120000584F002010B500F0FD
S11302582FF809F0F1FCFEE7F8B5060000240C2796
S1130268124D2B68A34204D80024AB68A3420ED8CD
S1130278F8BD3A0062436B689B185A7AB24204D1BB
S113028805CB0021121A0BF0FFFE0134E8E7EB68F6
S113029822019B185A7BB24205D118685A6899689A
S11302A8121A0BF05AFF0134DFE7C046E8000000D9
S11302B870B50025154B164A00209A6009F0A8FC71
S11302C80BF054FB012009F0A3FC0020FFF7C4FF46
S11302D80BF0D8FA0BF0AEFB022009F099FC0120D0
S11302E8FFF7BAFF0B4C0C4BE41AA410A54205DB2C
S11302F80BF046FC00200BF0ABFC70BD064AAB00CB
S11303089B181B6898470135F0E7C04600ED00E0EC
S10F03180000000048E5000044E500007F
S1070400FFFFFFFFF8
S1070404F7AFC1FF8A
S1130440C84C0020004E0020FF0100000B000000FB
S11304500000000000000000010000000100000096
S1130460FFFF208B010000000000000003000000DB
S1130470345C00203840002000000000345C002080
S11304809C5C0020045D00200000000000000000CF
S11304900000000000000000000000000000000058
S11304A00000000000000000000000000000000048
S11304B00000000000000000000000000000000038
S10704C00000000034
S11304C844F2840044F28403C2F20000C2F200033E
S11304D810B5834205D040F20003C0F2000303B113
S11304E8984710BD44F2840044F28403C2F2000029
S11304F8C2F200031B1A9A10D90F8918491010B5B3
S113050829B140F20003C0F2000303B1984710BDBB
S113051810B544F6A044C2F20004237873B9FFF777
S1130528CFFF40F20003C0F200032BB140F20840B1
S1130538C0F2000000E000BF0123237010BDC046D4
S113054840F20003C0F2000310B54BB144F6A441D5
S113055840F20840C2F20001C0F2000000E000BF0F
S1130568FFF7C0FF10BDC04610B50949094809F096
S113057883FF040020B90100064809F067FF04005E
S1130588044809F0F5FC204343425841C0B210BD69
S11305988CE00000605900200122014B1A7070475A
S11305A8BD4C0020F7B505000E000E480E49019217
S11305B809F062FF040060B90C4F3200387029005A
S11305C8019B084809F08BFE040010B93B78002B06
S11305D8FCD0044809F0CCFC044363425C41E0B21B
S11305E8FEBDC046605A0020D4E00000BC4C002088
S11305F8F7B507000E0010481049150009F03CFF34
S1130608040078B96B4639000B4801AA09F09FFC2D
S1130618040038B9009BAB420CD32A00300001997E
S11306280BF09BFD044809F0A3FC044363425C41BE
S1130638E0B2FEBD0324F5E7605A0020D4E00000D0
S113064810B50A490A4809F017FF040008B10E2832
S113065804D10021064809F0F9FE0400044809F011
S113066887FC204343425841C0B210BDD4E0000087
S1130678605A00200122014B1A707047BC4C0020BC
S11306880022034B9A560AB901321A707047C046C1
S1130698C44C00200022014B1A707047C44C00203F
S11306A8034B00201A780AB1187001307047C0460D
S11306B8F84C0020024B1878431E9841C0B270478A
S11306C8F84C002010B5034B1B689B780BB10BF05A
S11306D8C5FB10BD0040002070B52C4B04001B78EE
S11306E85BB283B12A4800F0C3FA60B9284800F025
S11306F81BFB050040B1082C05D1254800F0DFFAA2
S11307082000FFF7DFFF70BD2300613B192B06D8DB
S1130718203CE4B221001E4800F017FB30E00A2C0C
S113072806D00D2C1AD0082C23D0202CEBD0F1E7BE
S11307382100174800F009FB2000164CFFF7C2FF00
S11307482378002BDFD0124800F0B9FA104800F0E3
S1130758B6FA0122104B25701A70D4E721000C4810
S113076800F0F3FA2000FFF7ADFF0122094B1A70DD
S1130778C9E7074800F0CFFA28B9054800F09FFAFE
S11307882000FFF79FFF0022024BF0E7C44C002033
S1130798EC4C0020BE4C0020F84C00200320024BF7
S11307A81B6818567047C0460040002010B50A4C14
S11307B82368DB7813B1094807F035FB1422236852
S11307C89988074B4A431B689B18186907F02BFB49
S11307D8044807F028FB10BD004000207CC9000035
S11307E8C04C00207FC9000010B50E4B1B685C7814
S11307F8082C16D0DB7813B10B4807F014FB230040
S113080834B10123042C03D00333072C00D1023B59
S1130818064ADB009B18586807F005FB024807F0F6
S113082802FB10BD004000207CC9000010D000006D
S113083810B5024807F0F7FA10BDC0467CC900009D
S113084810B51C00094B1A6070B100290CDD0A00B0
S11308580100074800F001FA064A074BD4801A60E1
S11308680023136000F0A6F810BDC046C04C002059
S1130878EC4C0020C84C0020004000200022024B11
S11308881B681A807047C0460040002083B270B5C8
S11308980400064D012B04D8FFF7F0FF2B68DC7029
S11308A870BD40F200422B681A80F9E7004000202E
S11308B840F20142014B1B681A8070470040002037
S11308C870B5284800F0D4F920B10220264B1B68E3
S11308D8187070BD234800F016FAFFF7E9FF2148A5
S11308E800F019FA040058B91E4800F0CBF91F4B60
S11308F8E3181B785BB283420FD10134042CF3D183
S1130908FFF772FF174800F002FA164800F0ACF936
S11309180020154B1B681856DBE7E4B2124B022C77
S113092804D0032C19D1FFF7A9FFE9E72B2807D036
S11309380C4800F0E2F901000D4800F07CF9DFE70B
S11309481B680848DD880B4B1C6800F0D6F92900A1
S11309580200200000F0C0F8D2E700221B681A70D9
S1130968CEE7C046EC4C00200040002040D00000F8
S113097830D00000C04C0020014B1B681870704731
S113098800400020014B1B68187870470040002085
S1130998014B1B685870704700400020014B1B68CE
S11309A89880704700400020014B1B689888704766
S11309B80040002010B5054B186800F0DEF9142239
S11309C80349044800F052FA10BDC0460440002010
S11309D8F94C0020104D002010B5024B186800F0A7
S11309E8FEF910BD04400020002370B50360013BEC
S11309F80B80074B050018680C0000F0C9F930B1EA
S1130A0843682B600822835E238000F017FA70BDC8
S1130A180440002010B5044B186800F0B9F900B977
S1130A2810BD00F00BFAF6E704400020C0B2030042
S1130A38303BDBB2092B01D858B270470300413B65
S1130A48052B02D8373840B2F7E701204042F4E7D3
S1130A58002310B5C2560AB918B210BD5C1C8A42EC
S1130A68FAD02300F6E70000F7B5002204000300DB
S1130A780191009200269E578EB9009B9E420CDA83
S1130A8820000199FFF7E4FF124F051E13DC3868B4
S1130A9800F0A5F908B1FFF7BDFF0020FEBD019ADB
S1130AA8964202D001229A561AB9009A013252B2D9
S1130AB800920133DEE70023235400F099F901364C
S1130AC80581446001000135386800F079F964193A
S1130AD876B2D2E704400020F0B5050085B00120C5
S1130AE816000391FFF748FF0420FFF751FF002386
S1130AF80193019B039A934201DB05B0F0BDAC89D5
S1130B08002C3DD02200310028690BF0C5FA029070
S1130B1838BB6B46002798883419FFF73FFFE7571F
S1130B283D2F07D03F2F31D0002F43D00220FFF7AD
S1130B3823FF16E00123E3569BB12C21601CFFF729
S1130B4893FF0520FFF718FF2B6843B1300098473F
S1130B5804000298FFF710FF2000FFF719FFFFF7C2
S1130B6859FFFFF70FFF0028C7D0FFF70BFF052831
S1130B78C3D0FFF707FF022802D10138FFF7FCFEB4
S1130B88019B143501331BB20193B2E7647864B254
S1130B98002CE6D10520FFF7EFFE6B68002BE0D0B0
S1130BA83000984707002000FFF7E6FE3800FFF7FB
S1130BB8EFFED6E70520FFF7DFFEAB68002BD0D0A9
S1130BC83000984704003800FFF7D6FE2000EEE70F
S1130BD8C3B21A00303A0120092A06D90020052296
S1130BE8413BDBB29A424041C0B2704770B5050040
S1130BF80E0000242B5720B203B970BDB342FCD0B9
S1130C081800FFF7E5FF01340028F3D1092040421A
S1130C18F3E710B50400FFF7E9FF012804D1002029
S1130C282056FFF703FF10BD431C01DA40B2FAE770
S1130C3801204042F7E710B504000023E3564BB106
S1130C4800228A569A4206D1481C0021FFF7E1FF88
S1130C586368984710BD0834EFE720B10023828009
S1130C680360C3808160704708B100230360704744
S1130C78030000202BB1062018560138434258417E
S1130C88C0B2704770B50500C0B10023C45E02222B
S1130C98835E0020A34211D02800FFF7E9FF042156
S1130CA86B5E013494FBF3F102004B43A968E31A29
S1130CB8C85CCC181BB202B922702B8070BD70B509
S1130CC80400C8B10223C55E0022835E0020AB4243
S1130CD812D02000FFF7CCFF0300002063B9A268FC
S1130CE8505D53550222A35E0421625E013B93FBCF
S1130CF8F2F14A439B1A638070BD18B10022835EE7
S1130D088068C018704708B101238371704708B11F
S1130D180023837170470022835E0222805E181AC2
S1130D2843425841C0B270470222835E0421425EA6
S1130D38013393FBF2F14A439B1A0022805E1BB2F3
S1130D48C01A43425841C0B2704770B504000D0040
S1130D5890B1FFF7E9FF78B92000FFF789FF58B988
S1130D680222A35E0421625E013393FBF2F14A433B
S1130D789B1AA2686380D55470BD00230360704732
S1130D88006820B1030000680028FBD118007047F0
S1130D980300006808B102681A60704703682BB141
S1130DA88B4204D10B68036000230B6070471A0060
S1130DB81B68002BFAD09942F9D10B681360F3E74A
S1130DC870B505000C00FFF7E9FF00232800236035
S1130DD8FFF7D6FF08B92C6070BD0460FCE7036810
S1130DE8002003B9704701301B6800B2F9E700001E
S1130DF8F0B5104B1B785BB21800B3B100200E4A53
S1130E080823D15E814210DD55680A23D65E2B0083
S1130E1810685C1B24B2A64207DD0027DF575C1C60
S1130E2827B90139118101221A70F0BD23000C3051
S1130E38EFE7C046104E0020044E002010B570B1F4
S1130E48094A0A23D45E002311689C4207DD8142C3
S1130E5806D111890131118100215268D15410BD84
S1130E6801331BB20C31F0E7044E0020002310B507
S1130E78074CE35653B9002A08DD38B131B1054BA4
S1130E88186059601A815A810123237010BDC04625
S1130E98104E0020044E002010B506F08FFA10BD45
S1130EA837B506AC2478079D0094019506F08CFAB2
S1130EB837BD10B506F090FA10BD10B506F0A2FAC9
S1130EC810BD00000022054B10B5040000681A701C
S1130ED806F0DCFC206006F08DFE10BD184E0020E4
S1130EE80023036043600372C1600361704700001C
S1130EF870B5124C236843B1002201251A601A7296
S1130F080023206858B903B1206070BDC1682B0064
S1130F18026911B122608847F2E71000F2E702681B
S1130F28002AF3D03BB9037A002BEED101230372D4
S1130F38FFF7C8FFE9E72060F5E7C046144E002034
S1130F48F7B52F4D040001A806F0F2F82A78531CCF
S1130F58DBB22B700AB906F00DF92A4E01A806F087
S1130F68ECF8336803B16CB901A806F0E1F82B7802
S1130F78013BDBB22B700BB906F00CF901A806F0A3
S1130F88DCF8F7BDA3422ED1237A13B306F02AFD69
S1130F982768002433688C4619691C72A9B13A0081
S1130FA8316023003E002700644502D1824200D903
S1130FB80600921BBB4116000B6808009B190B60C6
S1130FC801230B72FFF77EFFCEE7316006F08CFC3D
S1130FD8CAE723692BB1216833601A6852181A606A
S1130FE8C2E73360C0E71A001B69002BBCD09C42DF
S1130FF8F9D1236921681361002BEED1B4E7C04607
S11310084C550020144E0020054B1B680BB91800E2
S11310187047834201D01B69F8E70120F8E7C0460E
S1131028144E0020F0B587B0040005A806F080F837
S113103840490A78531CDBB20B700AB906F09AF8D7
S113104805A806F07AF824B12000FFF7DDFF009028
S113105878B105A806F06CF8364A1378013BDBB280
S113106813700BB906F096F805A806F066F807B0F1
S1131078F0BD6368304D23602968009B237239B939
S113108821610123200023722C60FFF71BFFE0E796
S1131098087AF0B106F0A6FC2B68009F1E683B0096
S11310A83200B94202D1864200D90200B61A9F41E1
S11310B800960197019B26682F6813B9009BB342D9
S11310C80BD927B1009B9E1B00233E603B7227610E
S11310D8D7E70B6801900093ECE73D692DB9009BB5
S11310E8F61A26603C612561B3E728680199009ADD
S11310F8019B8018594109B9864208D2009B009A7D
S1131108F31A23602B689B189B1B2B60EAE72B6957
S113111823B9361A26602C6123619AE71A682F00CE
S11311280292002203921D00029A039B00900191EF
S1131138DFE7C0464C550020144E002070B50D0062
S11311480400FFF7FDFE2560656070BD10B506F06C
S113115845FC10BD10B544781CB90134447006F040
S1131168DBFD10BD10B506F0E1FD10BD10B506F0AD
S1131178FBFD10BD154B00B5185C0A2823D80AF0EE
S113118869FD1E161612060D22221A1612000020D8
S113119801230B398B424041C0B203E00C394B4266
S11311A85941C8B200BD002002230A39F2E70020E1
S11311B803230939EEE7002004230839EAE700206D
S11311C805230739E6E70020ECE7C04600D1000014
S11311D8014B18887047C046464F002010B5024B93
S11311E8987A01F081FB10BD484F0020002010B50B
S11311F801F07AFB034B1B6813B15B6803B1984792
S113120810BDC046404F0020002010B501F06CFB13
S1131218034B1B6813B1DB6803B1984710BDC04684
S1131228404F0020012310B511B106F08CFA0023B9
S1131238180010BD012310B511B106F067FA002398
S1131248180010BD10B506F0CBFA0D23012800D004
S11312580A3B180010BD000010B500F0E1FF0300C0
S11312680020082B01D8014AD05C10BD4FD00000E3
S113127810B5054B04005B7B0BB101F0DBFE2000CD
S113128801F018F910BDC046484F002010B506F00B
S11312986EFA10BD10B506F04DFA10BD10B5044B2A
S11312A85A7B012312B101F053FE0300180010BD4C
S11312B8484F002010B5042001F062FB0220FFF71C
S11312C8EBFD10BD10B5002001F05AFB0220FFF71A
S11312D8E3FD10BD10B501F039FC10BD40F28010DB
S11312E8002310B51A00010001F0B1F801F048FC20
S11312F810BD000070B540F2E8360E4B05005B7B6C
S11313080C00564383B9280001F0D4F8200006F0F5
S11313185BFA01F043FC31000748FFF70FFF06486A
S1131328FFF780FE002070BDC0B202F0EFF800287D
S1131338E9D0F8E7484F0020304E002010B501F0FE
S1131348F3F910BD10B572B6BFF34F8FBFF36F8FAB
S113135805F0E0FF0122044B1A7062B6BFF34F8F09
S1131368BFF36F8F10BDC046584F0020F0B585B04D
S113137872B6BFF34F8FBFF36F8F0022654E337879
S11313883270DBB262B6BFF34F8FBFF36F8F002B9F
S113139800D19FE001F06BF804004FF6FF7001F0F4
S11313A89AFA72B6BFF34F8FBFF36F8F06F066FADF
S11313B80500012802D105F0ADFF357062B6BFF310
S11313C84F8FBFF36F8F4023012523400193019A68
S11313D8514B1A802C420BD05048FFF7B1FD28001E
S11313E800F024FF4E4B1B6813B11B6803B19847E8
S11313F802252C4244D04B4B1F78A7B94A48FFF723
S11314089FFD012000F012FF390040F6021006F09B
S113141891F940F6441006F0AAF90543E9B240F6FA
S1131428441006F087F902ABDF1DFF2239003F485C
S113143801F0B0F93E4801F0C1F9019B13B13D4BED
S11314481B7A7BB1364B1B6863B19D6855B1384A2A
S113145839781378002B41D10823D3560620125E1D
S11314683248A8472F4B1B7853B100F0D9FE052802
S113147806D1304B587A002835D0002001F048FBBB
S1131488019B2BB1264B1B6813B11B6903B1984709
S113149823060AD5012000F0C9FE214B1B6823B19D
S11314A89B6913B1E005C00F9847A4050FD500F058
S11314B8B7FE04281AD11948FFF742FD012000F0AD
S11314C8B5FE174B1B6813B15B6803B1984700233B
S11314D8114A13803078C0B205B0F0BD1223D35638
S11314E81020125EBCE701F0C1FAC9E700F098FECB
S11314F80528ECD10B4B1B782BB90B48FFF720FDC3
S1131508012000F093FE064B1B68002BDFD0DB683C
S1131518DBE7C046584F0020464F0020304E0020DD
S1131528404F0020745000201C4E0020594F0020CA
S113153858500020484F002070B50F4B06005B7BC5
S11315480C00150093B9300000F0B4FF200006F039
S11315583BF901F031FB40F2E83108486943FFF7F1
S1131568EDFD0648FFF75EFD002070BDC0B201F036
S1131578CBFF0028E7D0F8E7484F0020304E002082
S113158810B500F01BFF10BD02001F205AB1012343
S113159808490868824207D98868824204D8054AFB
S11315A8DB009B181879704701330831172BF0D1E9
S11315B81F20F8E70CD1000010B50A4B012807D109
S11315C8094AC73311700948197001F041F810BD70
S11315D81A00BF321278002AF9D1034AC0331170B5
S11315E8F1E7C046444E002008400020FC4E00208D
S11315F870B5164B05005B7B0C0001201BB128005D
S113160801F0C4FEF8B9F5B1002340F201211A0033
S1131618080000F01CFF00F081FF0D4B012813D1D6
S1131628C7331C700B4801F013F80022210028006E
S113163801F014FA084B09481968FFF77FFD0748B9
S1131648FFF7F0FC002070BDC033EAE7484F0020E4
S1131658444E0020FC4E00207C500020304E0020D8
S1131668002340F2422110B504001A00080000F0DB
S1131678EEFE34B10A482100FFF760FD0848FFF781
S1131688D1FC084B1B7833B1402000F0D7FE002072
S113169801F03EFA10BD044B18688001F8E7C04613
S11316A81C4E0020745000207850002070B5164D50
S11316B804006B7B33B96A7A4AB12000FFF7D0FF84
S11316C8002003E001F012FF0028F4D070BD40F2BE
S11316D842211300080000F0BAFE34B10B4821007F
S11316E8FFF72CFD0948FFF79DFC094B1B7833B124
S11316F8402000F0A3FE002001F0B8F9E0E7054B14
S113170818688001F8E7C046484F00201C4E0020A6
S11317187450002078500020F7B507000C0000250D
S1131728C9B3364E01A805F003FD3278531CDBB269
S113173833700AB905F01EFD01A805F0FEFC092F57
S113174836D838000AF086FA050A292D31393F437C
S1131758475322782A4B1A7001250FE016250422D4
S1131768210001A80AF0F9FC019A264B1968914254
S113177841D0013DADB20833002DF7D101A805F0E1
S1131788D7FC3378013BDBB233700BB905F002FDAB
S113179801A805F0D2FC2800FEBD2278184B1A7265
S11317A8DAE72278164B5A72D6E723782F2B01D919
S11317B80025E3E7124AD372CEE723782F2BF7D814
S11317C80F4A1373C8E722780D4B5A73C4E722787B
S11317D80B4B9A72C0E70A4D23784FF6FF70AF7B24
S11317E8AB7301F01BFA0028B6D1AF73E0E7227897
S11317F8034BDA73B0E7024B5A60ADE74C5500204F
S1131808484F00200CD10000F7B507000C00002653
S113181879B3254D01A805F08BFC2A78531CDBB25B
S11318282B700AB905F0A6FC01A805F086FC002671
S1131838092F11D838000AF00DFA05091E212427AA
S11318482A2D3033194B1B78237004E0042220001E
S113185817490AF082FC012601A805F069FC2B78D7
S1131868013BDBB22B700BB905F094FC01A805F021
S113187864FC3000FEBD0D4B1B7AE5E70B4B5B7A2D
S1131888E2E70A4BDB7ADFE7084B1B7BDCE7074B15
S11318985B7BD9E7054B9B7AD6E7044B9B7BD3E765
S11318A8024BDB7BD0E7C0464C550020484F002054
S11318B84C4F002010B500F0B3FC082806D10022D4
S11318C8054B5A701A7001F085F910BD0028FCD137
S11318D801F00AF8F9E7C046444F002010B50400A7
S11318E80B4B1870587000F015F854B1342140F2BD
S11318F8407005F01FFF442140F2417005F01AFFC3
S113190810BD142140F2407005F014FF2421F3E7C0
S1131918444F0020012010B500F0F2FD044B187864
S11319285A78824202D05870FFF7D8FF10BDC046DB
S1131938444F002010B5012806D0002000F0E0FD37
S11319480022034B5A7010BDFFF7E4FFFBE7C046C3
S1131958444F0020F0B50600492095B010931AAB07
S1131968150004CB0C911B8821A90B931CAB1F8871
S11319781DAB1B7809780D931EAB1B780E931FAB18
S11319881B780F9320AB1B789C4608ABC018C07F0C
S113199811904D20C018C47F7B48407BA8B1119B8F
S11319A807910893634606930F9B009205930E9B39
S11319B82A0004930D9B0C9903930B9B30B201935B
S11319C80994109B029701F03DFB704B1C70634215
S11319D85C410D9B644227400BB9FF330E936C4B5B
S11319E80E9A1A7026B1012E5ED0002015B0F0BDF3
S11319F8684C300000F080FC2300E8331E7023009C
S1131A08EC331D6023000B22F4330C981A70FFF793
S1131A18BBFD2300F53318702300B8331E700B9BED
S1131A280D99DA002300BA331A80230041F6040220
S1131A38BC331A802300BE3322001E700123BF3238
S1131A485940117022005249C032097811700F9A16
S1131A5802B1F1332200C132137023000122C233D0
S1131A68E8341A70FFF7BAFB2078431E9841C0B2D5
S1131A78FFF760FF200000F0A7FD474800F0E8FDED
S1131A880822464912A80AF068FB12A800F0EFFBE6
S1131A9840F2FF1000F014FC41F640737B43B3FBA3
S1131AA8F5F33F4A1360A0E73A4C002000F024FC09
S1131AB82300E8331E702300EEB2F8330C9A1E702C
S1131AC8384B29009B5C1000053E0E93FFF752FB30
S1131AD8012E07D86B460B9A9B8D0C2A00D20C2337
S1131AE89BB20B9323000E9AF9331A702300109AB1
S1131AF8FA331A7023002500FB3318700123B83514
S1131B082B7023000B9AC4331A8023000D9AC63312
S1131B181A7023001E4AC733127826001A7023004D
S1131B280F9AC8331A70119BE834C9363370FFF71B
S1131B3855FB2078431E9841C0B2FFF7FBFE2000F6
S1131B4800F042FD280000F083FDF8B200F0DDFB50
S1131B583378042440F23670012B10D105F007FEC7
S1131B68A043C1B240F2367005F0E4FD7B427B41EC
S1131B780D4A5B4213404FF6FF729B1891E705F03C
S1131B88F6FD0443E1B2EDE7484F0020745000200D
S1131B9808400020444E0020FC4E002054D200008F
S1131BA87850002000D100000100FFFFF0B595B087
S1131BB80B931AAB20CB0E911B7821A910931CAB65
S1131BC81F881DAB1B7809780C931EAB1B781191E9
S1131BD86C490F920D93497B1FAB20AA06001B7812
S1131BE8127899B105930D9B229904930C9B089143
S1131BF803931199109B0791069201930F9A0B9BDB
S1131C080E9900B20297009501F044FA4EB1012EE4
S1131C1857D040F6890005F0AAFD04210143C9B252
S1131C28A3E0594C0B222300E8331E702300EC3345
S1131C381D6023000B98F4331A70FFF7A5FC2300EA
S1131C48F533187023000F9AF0331A602300B83361
S1131C581E702300FF00BA331F80230041F60402DC
S1131C68BC331A802300BE3322001E7001230C9952
S1131C78BF32594011700D9A02B1F1332200C132BA
S1131C88137023000122C233E8341A70FFF7A6FA4E
S1131C982078431E9841C0B2FFF74CFE200000F0A4
S1131CA893FC3A4800F0D4FC0822394912A80AF0F7
S1131CB854FA12A800F0DBFA40F2FF1000F000FB1F
S1131CC8A7E7314C0B9A2300E8331E702300EEB2C9
S1131CD8F8331E702F4B29009B5C1000053E0F93B0
S1131CE8FFF748FA012E04D83B1C0C2F00D20C2312
S1131CF89FB225000F9BF9352B702300109AFA33F5
S1131D081A7023002600FB3318700123B836337089
S1131D182300C4331F8023000C9AC6331A7023008F
S1131D281D4AC73312781A7023000D9AC8331A70E3
S1131D382300119AC933E8341A70FFF74FFA207850
S1131D48431E9841C0B2FFF7F5FD200000F03CFCAB
S1131D58300000F07DFC2B78062B00D059E740F6C4
S1131D68890005F004FDFB21014040F6890005F0D7
S1131D78E1FC0E9805F028FD0020084B229A1A6011
S1131D8815B0F0BD484F0020444E0020FC4E002002
S1131D9854D2000000D10000084000207C500020EC
S1131DA810B5FFF7B7FD00231A001900180000F05A
S1131DB84EFB00F079FE10BDF0B587B00025059103
S1131DC802920493322B5DD84E4B4F4C1B782A0059
S1131DD803932300F933290028001E782B0000F010
S1131DE836FB00F09BFB494F0190012851D17D68D7
S1131DF83DB92B004649DA0052181168B14244D162
S1131E0855680026FFF7EAF90020FFF793FD414BD8
S1131E1828001E70FFF7B8FB2300F53318703D48FF
S1131E2800F0D2FB2000B830067000F011FC0598D1
S1131E38FFF71EFA384800F019FE05F029FD0500E1
S1131E48280005F02BFD0028FAD000F06DFC029B59
S1131E5898422EDB0025FFF7C1F9019B012B43D1E2
S1131E68FFF758FD23002000039AF5331A70019BED
S1131E78E830037000F0A8FB2000019BB830037021
S1131E8800F0E6FB280007B0F0BD01330A2BB1D1FE
S1131E98B7E7FFF7A3F978680028C8D02600E83622
S1131EA83570FFF771FB174B1870300000F08CFB8E
S1131EB8BDE740F2E835049B5D4305F0E9FC060004
S1131EC800F032FC029B9842C4DA300005F0E6FCCC
S1131ED8ABB29842F4D300F027FC029B012583425D
S1131EE800DC0025EDB2B6E77B68002BCAD02300DE
S1131EF8039A2000F5331A700023E830037000F0C9
S1131F0863FBBFE7394F0020444E0020484F0020B0
S1131F18B0D000002C4F0020FFFFFF00F0B5514C5B
S1131F2887B0260005900391F53633780293230091
S1131F38F9331B780493322900D991E000231A005D
S1131F481900180000F083FA00F0E8FA464F0190EF
S1131F58012864D17D6845B92B004449DA00521838
S1131F6811680498814256D155680026FFF736F95E
S1131F780020FFF7DFFC3E4B28001E70FFF704FB30
S1131F882300F53318703A4800F01EFB2000B830DF
S1131F98067000F05DFB0598FFF76AF97B7A35480F
S1131FA8002B4CD000F0B4FD40F2E836039B5E43AE
S1131FB805F06EFC0500280005F070FC0028FAD036
S1131FC805F066FC2C4D039000F0AEFB2B1C8542FB
S1131FD800DA031C03981DB205F060FCB3B2984202
S1131FE8F2D3FFF7FBF8019B012B2BD1FFF792FCEF
S1131FF823002000029AF5331A70019BE83003701D
S113200800F0E2FA2000019BB830037000F020FBD6
S1132018280007B0F0BD01330A2B9ED1A5E7FFF7CE
S1132028DDF878680028B6D025000023E8352B7041
S1132038FFF7AAFA3070280000F0C6FAABE700F000
S113204815FDB1E77B68002BE2D02300029A20003B
S1132058F5331A700023E830037000F0B5FAD7E7B7
S1132068054DD5E7444E0020484F0020B0D000006D
S11320782C4F0020FFFFFF000080FFFFF0B585B064
S113208815000AAA17880BAA019111780CAA1478CA
S11320980DAA127848B1012814D00125002040194E
S11320A80138B0FBF5F005B0F0BD012340F2E8308B
S11320B84B40FB185200DB0012191833D2009B184E
S11320C85843ECE7043302936B1F012B04D83B1CE1
S11320D80C2F00D20C239FB21201E400A4184A4228
S11320E851411423AE0049420B40A41BE418AB1E13
S11320F80393062D07D9290001980834FFF73AF805
S113210808B1AB1E9E00E343DB171C40A419013C35
S113211894FBF6F6029B7343DA1913000E33062D6B
S113212800D9023B084A0199525C0A2A0AD8039941
S11321389B0001338B4040F2E8305843034B920034
S1132148D558ACE7FFDEC04600D1000058D00000E7
S1132158030000200A2B01D8014AD05C7047C0460E
S113216844D00000F0B504000E0085B018B3002078
S1132178012C51D1294D2B00F9331878FFF7E8FFCA
S113218801002800C83000782B002A00471EB841F7
S1132198FA33F8321B781278039028000296C63076
S11321A80078C435461EB04101902888009020006C
S11321B8FFF764FF30E0194B1A00EC3215681A0077
S11321C8C13212780296013A511E8A4103921A00CA
S11321D8BF321278BA3351424A4101921B882A000D
S11321E8DB08009301000300FFF748FF41F657326C
S11321F8012395420FD840F6B732DB1895420AD826
S113220840F2CF720133954205D840F2E7320433E5
S1132218954200D9023B181805B0F0BD444E002081
S1132228014B18787047C04609400020014B1870CC
S11322387047C0460940002010B5084B1A78082A90
S113224808D840F24113D340DB0703D505F02AFA36
S113225805F0CCFA05F01CFA10BDC0460940002070
S113226810B50A000100002005F08AFA10BD10B567
S1132278010040F2C060082205F048FA002010BDB1
S113228807B5064B01A91B7840BA088023B9022276
S113229840F2BC6005F03AFA07BDC0468D500020F4
S11322A807B5064B01A91B7840BA088023B9022256
S11322B840F2BE6005F02AFA07BDC0468D500020E2
S11322C810B50C4B04001B789BB940F2B86005F0BC
S11322D84EFA01220100230A91431340C9B240F285
S11322E8B860194305F026FA40F2B960E1B205F086
S11322F821FA10BD8D50002007B56B46D91D087012
S113230801229F2005F0DAF907BD73B5031C040008
S1132318F82804D94DF25C23C0F200031B7801337A
S1132328DBB25B100025DEB21F2B02DD0336B608D4
S1132338013532006B0001339A4013006A46D371A9
S11323486B460122A020D91D05F0B8F944B16B46AB
S1132358F600A919C9B240F20670D97105F0EAF974
S113236873BD07B56B46D91D08700122962005F088
S1132378A5F907BD07B56A46031CD11D58069A0678
S1132388C00FD20F520180011043DA07D20F104355
S1132398DA06D20F120110431A07D20FD2001043E3
S11323A85A07D20F9B079200DB0F10435B001843B8
S11323B808700122892005F081F907BD07B5104B83
S11323C801A9984206D90F4B0B800222982005F0E8
S11323D875F907BD0C4B984201D90C4BF4E70C4B2B
S11323E8984201D90B4BEFE70B4B984201D90B4BA1
S11323F8EAE70B4B9842E8D946F66B73E4E7C04624
S113240800E9A435E1E9FFFF80F8A932D7DBFFFF33
S11324188044E52DC1C5FFFF000B6B1B7581FFFFD1
S113242840FC541913B501AC20706170A2702100EE
S113243804229520E37005F041F913BD07B56B46F6
S1132448D91D08700122932005F038F907BD13B58A
S11324586C4652BAA280082240BA49BA20806180E8
S11324685BBA69461000E38005F028F913BD13B57B
S113247801AC02222100122005F035F9208840BA67
S113248880B216BD07B56B46D91D087001229D2080
S113249805F014F907BD07B50B00072201A9104080
S11324A81A0C08704A705BBA042297204B8005F016
S11324B805F907BD37B5104B104D18602B7804008B
S11324C81BB9FFF77BFF01232B7043F60951B4FBBB
S11324D8F1F20B0041F684605343E31A9B031B1883
S11324E8B3FBF1F392039B181BBA0422862001A9BB
S11324F8019305F0E3F837BD845000208050002094
S113250807B56B46D91D044B0870187001228A2040
S113251805F0D4F807BDC0468D500020014B18784B
S11325287047C0468D50002037B504000D0005F0F3
S113253851F90200012826D1030000210F2C08D1EB
S11325480620FFF76FFF231C5AB20E2A0CDD0E2358
S11325580AE00420FFF766FF231C1134F4DA4DF275
S11325685D23C0F200031B7818215CB240F6E70033
S113257805F0E0F86B4602228E2001A95D711C71FA
S113258805F09CF837BD40F6D80005F0F0F81E2198
S11325980143C9B240F6D80005F0CCF80123002263
S11325A807210420FFF73EFF231C093407DA4DF204
S11325B85E23C0F200031B7838215CB2D6E75AB216
S11325C8162AF9DD1623F7E713B5040008220021BB
S11325D8684609F059FD1C4B20781B78834201D0CA
S11325E8FFF78EFF237813B1012B28D013BD62683F
S11325F8164B6946B3FBF2F343F609501A0C0A70FA
S11326081A0A4A708B70237BA268CB70637B0B71A8
S1132618B2FBF0F103004B43D31A41F684629B03E7
S11326289B18B3FBF0F389035B1869461A0C4A71CB
S113263808225BBACB808B2005F040F8D6E72369E3
S1132648042269460093F6E78D5000200000093DF6
S113265830B5040085B001AD09220021280009F035
S113266813FD224B20781B78834201D0FFF748FFE3
S113267823781BB1012B2BD005B030BD637AF12B25
S11326881AD14FF6FF70FFF7FBFD48F20500FFF77C
S113269807FE02236288A18852BA2A80227A6980B6
S11326A8AA710922E188EB71A980A37A2B72290007
S11326B88C2005F003F8DFE7F22BEBD141F60F503D
S11326C8FFF7DEFD41F22100FFF7EAFD0623E1E70B
S11326D8A389074A5BBA2B80A37B1370AB70E37B97
S11326E80622EB70238AAB80E1E7C0468D500020B8
S11326F88C50002007B56B461871597102228F203F
S113270801A904F0DBFF07BD002110B50A00C020B1
S113271804F0E9FF0721021143100A400B4012019B
S11327285800104310BD000013B501AC012221006C
S1132738152004F0D8FF064B22781B7852085BB2A8
S11327489B1A181C803301DA4FF6807000B216BD4C
S1132758484F002037B505000C000222132001A9B8
S113276804F0C1FF094B1B78012B0CD1084B1B78D3
S1132778012B08D140F2027004F0F9FF6B4628706F
S11327885B79237037BD6B461879F7E78D500020C5
S11327988C500020F7B56B460C00DF1D050039008E
S11327A820001600FFF7D6FF22780120B24204D891
S11327B83878290004F0F6FF0020FEBD37B5040080
S11327C801AD03222900142004F08DFF254B1B784A
S11327D823704BB1012B24D01B220021601C09F06B
S11327E853FC0F2323701BE000222B7823711E4B0C
S11327F89A566B7892B25B08D31A191C1BB28033B1
S113280801DA4FF680712181AB785B08D31A1A1C60
S11328181BB2803301DA4FF680720023E280E36052
S113282837BD0022104B9A562B7892B25B08D31A04
S1132838191C1BB2803301DA4FF6807101232182FF
S1132848EB5602339B10A374AB785B08D31A1A1C9B
S11328581BB2803301DA4FF68072044BA2821B68E4
S1132868A361DDE78D500020484F002088500020E8
S1132878002313B501AC210002221720238004F0A1
S113288832FF012362785110100019409940184012
S113289808439110194089000843D1101940C90010
S11328A808431111194009010843511119409211A3
S11328B849011A40084392011043227813401B022D
S11328C8184316BD002307B5022201A907200B806F
S11328D804F0F4FE07BD07B5022201A940BA088036
S11328E8100004F0EBFE07BD07B56B46D8710E481F
S11328F8FEF726FB0D48FEF723FB6B460122D91D84
S1132908802004F0DBFE6B46DA79094B4AB90132C0
S113291820201A70FFF792FD4FF6FF70FFF7DBFFD8
S113292807BD02221A70F7E7304E00201C4E002023
S11329380940002010B5040004F094FE200004F0BF
S113294871FE04F0AFFE0020FFF7CEFF04F078FE1E
S113295804F04CFF0120FFF795FD0122044B1A7087
S11329680023044A1370044A1370044A136010BD08
S1132978094000208D500020805000208450002001
S113298813B5041CFFF7C0FE60230340202B02D0BC
S11329980020FFF7A9FF04F069FF6B46A207D91DC1
S11329A86307DB0FD20F52009B001343E207D20FD9
S11329B81343842001220B7004F080FE04210B00D1
S11329C8074A2340214202D00023137013BD082173
S11329D81170044A1370044A1360044AF5E7C046A8
S11329E80940002080500020845000208D50002091
S11329F837B504F0F5FE88B96B460122D91D80303D
S1132A080A70074D04F05AFE064B40F61110E97A95
S1132A185C6CA04740F61210297BA04737BDC0461E
S1132A28484F0020C4D1000013B504220400094B08
S1132A3809481A70FEF784FAFFF7DAFF01A9230C94
S1132A480B700322230A83204B708C7004F036FE2B
S1132A5813BDC046094000201C4E002010B51400C8
S1132A68FFF7FEFB2000FFF7DFFF10BD052213B5BB
S1132A7804000B4B0B481A70FEF762FA942140F6D7
S1132A88AC0004F057FEFFF7B3FF01A9230C0B7049
S1132A980322230A82204B708C7004F00FFE13BDAE
S1132AA809400020304E0020F0B540F6E206002729
S1132AB885B03000039704F05AFEFE2140F6E50580
S1132AC801400400300004F035FE280004F04FFEF5
S1132AD87F2101900140280004F02CFE0B48FFF7E9
S1132AE8C5FF042203A940F6190004F02CFE38009F
S1132AF8FFF7FAFE2100300004F01CFE28000199BB
S1132B0804F018FE039805B0F0BDC046FFFFFF00AF
S1132B18052213B504000B4B0B481A70FEF710FA84
S1132B28962140F6AC0004F005FEFFF761FF01A909
S1132B38230C0B700322230A82204B708C7004F040
S1132B48BDFD13BD09400020304E002037B50500F7
S1132B580C00FFF74DFF6A462B0C13702B0A5370B9
S1132B68230C64BA9570D370948069460622942025
S1132B7804F0A4FD0622014B1A7037BD0940002059
S1132B8810B5FFF735FF0022C520110004F096FDAB
S1132B980722014B1A7010BD0940002010B5FFF739
S1132BA827FF0022D120110004F088FD0422014BE4
S1132BB81A7010BD0940002010B5FFF719FF002254
S1132BC8D220110004F07AFD0422014B1A7010BDC2
S1132BD80940002010B50120FFF754FC04F030FD33
S1132BE80120FFF7BEFB0122014B1A7010BDC0463D
S1132BF809400020024B1B780BB9024AD381704765
S1132C088E500020484F0020030000200A2B04D8CF
S1132C1840F27D60D840012318407047F7B5294B2E
S1132C2805009E7B3000FFF7EFFF0190002846D097
S1132C380027254C1422390024482770676009F0BE
S1132C4823FA18223900224809F01EFA2148037889
S1132C5823B1230046331B78B34230D023004633D4
S1132C6800221E700023A263E3630023A11D220037
S1132C78CB8780214732117022004832137040F20A
S1132C88013C1A00144923640F78B7420ED1012776
S1132C983D420BD00B2A08D8104FD300D951DB1969
S1132CA8674601329F80019BD2B26D080C4F2C31CC
S1132CB8B942E9D10BB14834227001230370019859
S1132CC8FEBDC046484F0020905000209850002078
S1132CD8AC5000208E50002060D20000E05000204C
S1132CE85CD700004A425141094A4942114042F224
S1132CF8107289180300C8430A2B07D8054AD35C05
S1132D08054A9B009B58C81803B9C8437047C04676
S1132D18F0D8FFFF00D1000084D0000010B50400F3
S1132D2808002CB1012C09D12100FFF7DBFF10BDED
S1132D38500042F210729B18C018F8E70120404274
S1132D48F5E70000F7B51B4ACE00B2181279030064
S1132D580120D2B100229C5EDD68844216D1002194
S1132D689868FFF7BFFF134B134A9B5940F20C0CAA
S1132D782A331B781049DB009A5C5B180192002205
S1132D88019ED1B28E4203D80420FEBD5868EAE7FA
S1132D98614651435F687E18795EA14205D1716826
S1132DA8A94202D1B168814201D00132E8E700208A
S1132DB8EBE7C046E05000205CD7000003000D4854
S1132DC8D200125830B5546802209C4211D8956834
S1132DD89D420ED3D2681B1BB3FBF2F454431D1B54
S1132DE8A34206D12800012A03D08A4292415242C2
S1132DF8500030BDE0500020044BC900CB585B693B
S1132E0883428041404200017047C046E0500020A0
S1132E18F8B51A4C0020236C63B3A31DDB8F184D3F
S1132E28DB005B59188B28B3FEF790F90023226C5A
S1132E3806000F00A06BE16B8018594102220023A1
S1132E4812184B41BB4216D801D1B24213D8022200
S1132E585242D317121A8B4192197B410634E18FDF
S1132E680120C9006958098B0BB9914200D8002088
S1132E78800180B2F8BD00220023EFE790500020C3
S1132E88E05000200300002082B00190D1B142F24A
S1132E980F7291420CD840F2E73291420AD90132BA
S1132EA842F210700192019A401AB0FBF2F05843B2
S1132EB802B0704764226329F2D80A220929EFD89C
S1132EC80122EDE70121FBE7F8B51F4C0020236C34
S1132ED8ABB3A31DDB8F1D4DDB005B59188D70B39D
S1132EE8FEF734F9A66BE76B0B0002001900236C9C
S1132EF810009C461A000023B6185F4102220023E2
S1132F0892197B418B421BD801D1824218D80222E4
S1132F185242D317921BBB4112184B4116001F0093
S1132F280634E38F6046DB00EB58198DFFF7AAFFE0
S1132F3801230FB9B04200D80023580180B2F8BD6C
S1132F4800260027ECE7C04690500020E0500020FF
S1132F58124AF0B513000400463319784832104B6E
S1132F681278DD7B0F4B0639D200C9B2D2189342CE
S1132F7801D10020F0BD012905D825B918682A30E7
S1132F880078022808D0187930B11E687768A742FB
S1132F9802D8B668A642EDD20833E8E7905000207C
S1132FA8484F0020E050002073B5204D060001A8CA
S1132FB80C0004F0BDF82A78531CDBB22B700AB954
S1132FC804F0D8F801A804F0B8F8701E042809D849
S1132FD808F040FE03161A21280050222100144844
S1132FE809F0BBF801A804F0A3F82B78013BDBB285
S1132FF82B700BB904F0CEF801A804F09EF873BD49
S113300822780B4B1A70EDE7094B083307CC07C33A
S113301806CC06C3E6E7064B1C3307CC07C307CC2C
S113302807C3DFE72268024B5A60DBE74C550020F0
S11330389050002007B5019001A90520FFF7B4FFBF
S113304800200EBDF0B506000D008BB0019311AB46
S11330581B880092029313AB1B781222039315ABBF
S11330681F7804AB0021981D09F00EF8009B05ACED
S11330780793019B21002373029B0320E381039B95
S11330882680069523746774FFF78EFF00200BB023
S1133098F0BD0000F0B50C00060015008DB00193DA
S11330A812AB04CB00211B780292039314AB1B8848
S11330B81522049315AB1B78059316AB1F7806AB42
S11330C8D81C08F0E1FF06AB1E809C70019B039A94
S11330D80893029B0420099306AB1A74049A1900F6
S11330E85A82059A5F751A750795FFF75DFF0020E8
S11330F8024B47331C700DB0F0BDC0469050002001
S113310873B5214D060001A80C0004F011F82A78C3
S1133118531CDBB22B700AB904F02CF801A804F094
S11331280CF8701E042809D808F094FD03161A2216
S11331382A0050222000154909F00FF801A803F0CD
S1133148F7FF2B78013BDBB22B700BB904F022F8A4
S113315801A803F0F2FF73BD0C4B1B782370EDE755
S113316822000A4B083343CB43C203CB03C2E5E72F
S11331782200064B1C3343CB43C213CB13C2DDE7F7
S1133188024B5B682360D9E74C550020905000201F
S1133198F0B59BB014AD1822040000210EA808F065
S11331A873FF29000420FFF7ABFF05200CA9FFF7E4
S11331B8A7FF0023EE5EA968EB6830006A68FFF792
S11331C8ADFDF3B202936D4B08905B6A210002983F
S11331D898476B4B049048331B786A4E0793684BA7
S11331E846331B78063BDBB20593674BDB7B0693C0
S11331F80C9B03930EAB0193002300936B461F783B
S1133208079BBB4200D8A2E0059B012B07D8069B6D
S11332182BB933682A331B78022B00D1A0E0337909
S1133228002B00D19CE03A0008990398FFF7C6FDEB
S1133238019B3900099028001C88FFF783FD099B2E
S11332483900034304981C43FFF7D6FDA4B2019B3D
S11332580443A4B21C80002C00D081E0FFF734FEA4
S11332680400FFF7D5FD009B04435B00180001939D
S113327810230AA9A4B2C9180C52DCBB0099414B0B
S1133288CE009A5940F2E733D2699A4232D93B4A7E
S11332980DA9D56F0120A8470AA903312000A84722
S11332A8384B364A9959956F24310120A847354B34
S11332B8711DC9182000A84740F2E831314B9A59CA
S11332C8D3692020125EB3FBF1F32C499BB20E693B
S11332D802980399B04706000DA90120A8470AA936
S11332E820000331A8472EB91022802301980AA987
S11332F88A181352009B0EAA5B009B5A13BBFDF756
S113330825FF1F4B049A9863D9631A640633DF8731
S1133318009B1C4ADB00D35814A91B7C8878897845
S11333281A1C49B25BB28B4200DD021C0021144B0B
S113333850B247335956814202D01A7004F044FA05
S1133348002006E06022134212D11B0613D4FF2783
S11333586520FF2318403B401B0218431BB0F0BDF7
S1133368009B083601330093019B0233019345E720
S1133378FF276620EDE7FF276720EAE7C4D10000AE
S113338890500020E0500020484F002037B56B468D
S1133398DD1C02200C002900FFF7B2FE2B78032065
S11333A81BB92000FFF7F4FEC0B23EBDF0B599B0DA
S11333B8182200210DAC12A808F066FE2100032093
S11333C8FFF79EFE05200CA9FFF79AFE0022A35ED4
S11333D8019303BB63680393404B00271A004832E8
S11333E81278463309921B783D4D063BDBB20593B0
S11333F83C4BDB7B06930C9B079312AB0293099B14
S1133408BB4210D1FF276420FF2318403B401B0216
S1133418184319B0F0BD002361681A000198FFF73A
S11334287DFC0390D8E7059B012B0DD8069B5BB95F
S11334382B682A331B78022B06D1029B01370233EF
S1133448FFB208350293DAE72B79002BF5D03A005E
S113345803990798FFF7B2FC029B1B881843029B49
S113346884B21C80002CE8D12B681F4A2A331E78AA
S1133478F600B35CB118019A04932300012A25D1FC
S113348821000E98FFF72EFC40F20C0C0F9B0893BA
S1133498154BF3180499E2B28A42CED262466243CB
S11334A85E68B118B25E012A06D14A68089E96423F
S11334B802D18A6882420ED00134EBE70C205843CB
S11334C84A680133825E0198904204D00498DAB2C3
S11334D89042F3D8B1E7002096E7C0469050002008
S11334E8E0500020484F00205CD7000013B56B461D
S11334F8DC1C02202100FFF703FE2378032013B904
S1133508FFF754FFC0B216BD03207047032070476D
S1133518F8B52E4C01252300220046331978483289
S11335282B4B1278DE7B2B4B0639D200C9B2D2184A
S1133538934205D1002D46D1236C83B90020F8BDF0
S1133548012905D826B918682A300078022804D039
S1133558187947427841404205400833E8E7FDF7C7
S1133568F5FD0222002306000F00A06BE16B121880
S11335784B419F4202D823D1964221D9022252427A
S1133588D317121A8B41B6185F41256C0634E38FA2
S1133598104ADB00D4582800218DFFF773FC218BD7
S11335A80200814200D90A00002328000021801863
S11335B85941B94202D8C1D1B042BFD9801BBEE734
S11335C800260027E1E701204042B8E79050002098
S11335D8484F0020E0500020F0B50B27002491B09C
S11335E8039302ABFF1805001000160002913C700B
S11335F808F0BCFD039B01300693169B05960993BE
S11336080123089007970A93189B9C422CD2189B75
S11336181F1B08AB132F16D9179A0093121901927E
S113362828000322029905AB00F0F6F818B101202E
S1133638404211B0F0BD0B2202ABD21813781434F7
S113364801331370E0E70BAE0093032228000299BC
S1133658019605AB00F0E0F80028E8D1179B3A0082
S11336683100181908F079FD0020E2E770B500244C
S11336789C4200D170BD0D5D165D75400555013441
S1133688F6E710B50C22002108F0FEFC10BD00007E
S113369810B540B1036833B11B78052B03D14068DA
S11336A800F08EF910BD0148FCE7C04600AFFFFFEB
S11336B810B540B1036833B11B78052B03D14068BA
S11336C800F00CFF10BD0148FCE7C04600AFFFFF47
S11336D810B540B1036833B11B78052B03D140689A
S11336E800F037FF10BD0148FCE7C04600AFFFFFFC
S11336F810B530B1036823B1836813B1FFF7D8FF5D
S113370810BD0148FCE7C04600AFFFFFF0B5040058
S11337180E0087B000B30368F3B18568E5B101A969
S11337289F78FFF7D5FFA8B92000FFF7B1FF88B944
S1133738236820009A78E919FFF7BAFF50B923687B
S113374820005A7801A9FFF7B3FF18B93100200007
S1133758FFF7BEFF07B0F0BD0048FBE700AFFFFF6F
S113376810B50A00002108F08FFC10BDF0B589B02F
S113377805001600019100284AD00368002B47D0A1
S11337888268002A44D09B78B34214D2FFF780FFA2
S11337980400B0BB320028000199FFF789FF040038
S11337A878BB280003A9FFF793FF040048BB2B68E4
S11337B85E7803AB01932B68AF689A78362138009A
S11337C8BC1808F061FC2B685C219A78200008F08A
S11337D85BFC330039003800019AFFF747FF2100EA
S11337E820003300019AFFF741FF2800FFF750FF3C
S11337F8040030B92B68390028009A78FFF758FF7D
S11338080400142103A8FFF7ABFF200009B0F0BDA2
S1133818004CFAE700AFFFFFF0B50D000400BDB09F
S113382802A800920193FFF72CFF194B2A002100EC
S113383805AF1CAE02A8039704960293FFF796FF00
S113384804000500D0B138005C21FFF789FF30007F
S11338588021FFF785FF02A80C21FFF781FF2000D4
S11338683DB0F0BD429A0199AB00D258C95802A89C
S1133878FFF73EFF04000028E5D10135009BAB4269
S1133888F0D1439902A8FFF741FF0400DBE7C046E3
S11338986CD800000200405C5118CB78000618432D
S11338A84B781B0418438B781B0218437047030E8C
S11338B88B548918030C4B70030A8B70C8707047BB
S11338C870B51D001B23D841084E059B049C9B1909
S11338D8C01823686A40C0180B68134002226B4062
S11338E8C01820600B68D3410B6070BD9979825A67
S11338F85A400B6830B55A401B23D841064D049BE7
S1133908039C5B19C018236812189B1802222360B1
S11339180B68D3410B6030BDA1EBD96EF0B51B2603
S1133928F0410A4F069E059CF6190D688019266811
S113393880192E00164333402A4013430222C0182C
S113394820600B68D3410B60F0BDC046DCBC1B8F04
S11339585A400B6830B55A401B23D841064D049B86
S1133968039C5B19C018236812189B180222236051
S11339780B68D3410B6030BDD6C162CA030070B571
S11339880F260500C41E083B344033403540A400CC
S11339989B005B586458AD004D195C402B680E3889
S11339A85C401F2330408000405860401060D8417C
S11339B8286070BD10B510B15C21FFF7D1FE10BDB1
S11339C803000020064A18609A60064A5860DA60C4
S11339D8054A1A61054A5A61054A9A617047C04600
S11339E80123456789ABCDEFFEDCBA9876543210D3
S11339F8F0E1D2C3F0B50D00ADB00390002128006A
S1133A08FFF748FF0421070017902800FFF742FF3B
S1133A180821060018902800FFF73CFF0C21040039
S1133A2819902800FFF736FF102107901A902800F4
S1133A38FFF730FF142108901B902800FFF72AFF96
S1133A48182109901C902800FFF724FF1C210A90D4
S1133A581D902800FFF71EFF20210B901E902800C0
S1133A68FFF718FF24210C901F902800FFF712FF7E
S1133A7828210D9020902800FFF70CFF2C210E9090
S1133A8821902800FFF706FF30210F90229028008C
S1133A98FFF700FF3421109023902800FFF7FAFE67
S1133AA83821119024902800FFF7F4FE3C2112904D
S1133AB825902800FFF7EEFE039B13909B68269041
S1133AC805932793039B28A9DB6814932893039BE6
S1133AD81B6904932993039B5B6906932A93039BAD
S1133AE8049A9B69059815932B932BAB0197009324
S1133AF8069BFFF7E5FE289D2AAB2A002B98019622
S1133B08009327A9049BFFF7DBFE279E019429ACA9
S1133B182B0032002A982BA90094FFF7D1FE079BAB
S1133B282B9D019328AB2A00299800932AA93300D6
S1133B38FFF7C6FE089B2A9E019327AB320021009B
S1133B48289800932B00FFF7BBFE099B299D01933E
S1133B582BAB2A002798009328A93300FFF7B0FE5F
S1133B680A9B289E01932AAB32002B98009327A91D
S1133B782B00FFF7A5FE279D0B9B2A002A9801938B
S1133B882BA933000094FFF79BFE0C9B2B9E0193FB
S1133B9828AB3200299800932AA92B00FFF790FE3E
S1133BA80D9B2A9D019327AB2A0021002898009396
S1133BB83300FFF785FE0E9B299E01932BAB320041
S1133BC82798009328A92B00FFF77AFE0F9B289DBE
S1133BD801932AAB2A002B98009327A93300FFF7F7
S1133BE86FFE279E109B32002A9801932BA92B0065
S1133BF80094FFF765FE119B2B9D019328AB2A00C7
S1133C08299800932AA93300FFF75AFE129B2A9E8B
S1133C18019327AB32002100289800932B00FFF76B
S1133C284FFE139B299D01932BAB2A0027980093E1
S1133C3828A93300FFF744FE16AA17A910202B9EC3
S1133C48289FFFF79BFE2AAB3A00019000933000AF
S1133C582B0027A9FFF734FE16AA17A911202A9DBD
S1133C68279E289FFFF78AFE3B00320001902BA96C
S1133C7828000094FFF724FE16AA17A91220299DEC
S1133C882B9E279FFFF77AFE28AB32000190009302
S1133C9828003B002AA9FFF713FE16AA17A9132028
S1133CA8289D2A9E2B9FFFF769FE27AB320021002F
S1133CB80190009328003B00FFF702FE16AA17A9FB
S1133CC81420279D299E2A9FFFF758FE2BAB32000C
S1133CD80190009328003B0028A9FFF709FE16AAC3
S1133CE817A915202B9D289E299FFFF747FE2AAB6D
S1133CF832000190009328003B0027A9FFF7F8FD44
S1133D0816AA17A916202A9D279E289FFFF736FE74
S1133D183B00320001902BA928000094FFF7E8FD2E
S1133D2816AA17A91720299D2B9E279FFFF726FE61
S1133D3828AB32000190009328003B002AA9FFF722
S1133D48D7FD16AA17A91820289D2A9E2B9FFFF78E
S1133D5815FE27AB320021000190009328003B0098
S1133D68FFF7C6FD16AA17A91920279D299E2A9F81
S1133D78FFF704FE2BAB32000190009328003B00B0
S1133D8828A9FFF7B5FD16AA17A91A202B9D289E66
S1133D98299FFFF7F3FD2AAB320001900093280016
S1133DA83B0027A9FFF7A4FD16AA17A91B202A9DE3
S1133DB8279E289FFFF7E2FD3B00320001902BA9C4
S1133DC828000094FFF794FD16AA17A91C20299D22
S1133DD82B9E279FFFF7D2FD28AB3200019000935A
S1133DE828003B002AA9FFF783FD16AA17A91D205E
S1133DF8289D2A9E2B9FFFF7C1FD27AB3200210087
S1133E080190009328003B00FFF772FD16AA17A93A
S1133E181E20279D299E2A9FFFF7B0FD2BAB320059
S1133E280190009328003B0028A9FFF761FD16AA1A
S1133E3817A91F202B9D289E299FFFF79FFD2AABBA
S1133E4832000190009328003B0027A9FFF750FD9A
S1133E5816AA17A920202A9D279E289FFFF78EFDC2
S1133E683B00320001902BA928000094FFF740FD85
S1133E7816AA17A92120299D2B9E279FFFF77EFDAF
S1133E8828AB32000190009328003B002AA9FFF7D1
S1133E982FFD16AA17A92220289D2A9E2B9FFFF7DB
S1133EA86DFD27AB320021000190009328003B00F0
S1133EB8FFF71EFD16AA17A92320279D299E2A9FCE
S1133EC8FFF75CFD2BAB32000190009328003B0008
S1133ED828A9FFF70DFD16AA17A924202B9D289EB3
S1133EE8299FFFF74BFD2AAB32000190009328006D
S1133EF83B0027A9FFF7FCFC16AA17A925202A9D31
S1133F08279E289FFFF73AFD3B00320001902BA91A
S1133F1828000094FFF7ECFC16AA17A92620299D6F
S1133F282B9E279FFFF72AFD28AB320001900093B0
S1133F3828003B002AA9FFF7DBFC16AA17A92720AB
S1133F48289D2A9E2B9FFFF719FD27AB32002100DD
S1133F580190009328003B00FFF7CAFC16AA17A992
S1133F682820279D299E2A9FFFF708FD2BAB3200A6
S1133F780190009328003B0028A9FFF7CFFC16AA5C
S1133F8817A929202B9D289E299FFFF7F7FC2AAB08
S1133F9832000190009328003B0027A9FFF7BEFCDC
S1133FA816AA17A92A202A9D279E289FFFF7E6FC10
S1133FB83B00320001902BA928000094FFF7AEFCC7
S1133FC816AA17A92B20299D2B9E279FFFF7D6FCFD
S1133FD828AB32000190009328003B002AA9FFF780
S1133FE89DFC16AA17A92C20289D2A9E2B9FFFF713
S1133FF8C5FC27AB320021000190009328003B0048
S1134008FFF78CFC16AA17A92D20279D299E2A9F05
S1134018FFF7B4FC2BAB32000190009328003B005F
S113402828A9FFF77BFC16AA17A92E202B9D289EEA
S1134038299FFFF7A3FC2AAB3200019000932800C4
S11340483B0027A9FFF76AFC16AA17A92F202A9D67
S1134058279E289FFFF792FC3B00320001902BA972
S113406828000094FFF75AFC16AA17A93020299DA6
S11340782B9E279FFFF782FC28AB32000190009308
S113408828003B002AA9FFF749FC16AA17A93120E2
S1134098289D2A9E2B9FFFF771FC27AB3200210035
S11340A80190009328003B00FFF738FC16AA17A9D3
S11340B83220279D299E2A9FFFF760FC2BAB3200F4
S11340C80190009328003B0028A9FFF727FC16AAB3
S11340D817A933202B9D289E299FFFF74FFC2AAB55
S11340E832000190009328003B0027A9FFF716FC33
S11340F816AA17A934202A9D279E289FFFF73EFC5D
S11341083B00320001902BA928000094FFF706FC1D
S113411816AA17A93520299D2B9E279FFFF72EFC49
S113412828AB32000190009328003B002AA9FFF72E
S1134138F5FB16AA17A93620289D2A9E2B9FFFF760
S11341481DFC27AB320021000190009328003B009E
S1134158FFF7E4FB16AA17A93720279D299E2A9F53
S1134168FFF70CFC2BAB32000190009328003B00B6
S113417828A9FFF7D3FB16AA17A938202B9D289E38
S1134188299FFFF7FBFB2AAB32000190009328001C
S11341983B0027A9FFF7C2FB16AA17A939202A9DB5
S11341A8279E289FFFF7EAFB3B00320001902BA9CA
S11341B828000094FFF7B2FB16AA17A93A20299DF4
S11341C82B9E279FFFF7DAFB28AB32000190009360
S11341D828003B002AA9FFF7A1FB16AA17A93B2030
S11341E8289D2A9E2B9FFFF7C9FB27AB320021008D
S11341F80190009328003B00FFF790FB16AA17A92B
S11342083C20279D299E2A9FFFF7B8FB2BAB320041
S11342180190009328003B0028A9FFF799FB16AAF0
S113422817A93D202B9D289E299FFFF7A7FB2AABA2
S113423832000190009328003B0027A9FFF788FB70
S113424816AA17A93E202A9D279E289FFFF796FBAA
S11342583B00320001902BA928000094FFF778FB5B
S113426816AA17A93F20299D2B9E279FFFF786FB97
S113427828AB32000190009328003B002AA9FFF7DD
S113428867FB16AA17A94020289D2A9E2B9FFFF793
S113429875FB27AB320021000190009328003B00F6
S11342A8FFF756FB16AA17A94120279D299E2A9F86
S11342B8FFF764FB2BAB32000190009328003B000E
S11342C828A9FFF745FB16AA17A942202B9D289E6B
S11342D8299FFFF753FB2AAB320001900093280073
S11342E83B0027A9FFF734FB16AA17A943202A9DE8
S11342F8279E289FFFF742FB3B00320001902BA921
S113430828000094FFF724FB16AA17A94420299D26
S11343182B9E279FFFF732FB28AB320001900093B6
S113432828003B002AA9FFF713FB16AA17A9452062
S1134338289D2A9E2B9FFFF721FB27AB32002100E3
S11343480190009328003B00FFF702FB16AA17A967
S11343584620279D299E2A9FFFF710FB2BAB32008E
S11343680190009328003B0028A9FFF7F1FA16AA48
S113437817A947202B9D289E299FFFF7FFFA2AABF0
S113438832000190009328003B0027A9FFF7E0FAC8
S113439816AA17A948202A9D279E289FFFF7EEFAF8
S11343A83B00320001902BA928000094FFF7D0FAB3
S11343B816AA17A94920299D2B9E279FFFF7DEFAE5
S11343C828AB32000190009328003B002AA9FFF78C
S11343D8BFFA16AA17A94A20289D2A9E2B9FFFF7E1
S11343E8CDFA27AB320021000190009328003B004E
S11343F8FFF7AEFA16AA17A94B20279D299E2A9FD4
S1134408FFF7BCFA2BAB32000190009328003B0065
S113441828A9FFF79DFA16AA17A94C202B9D289EB8
S1134428299FFFF7ABFA2AAB3200019000932800CA
S11344383B0027A9FFF78CFA16AA17A94D202A9D35
S1134448279E289FFFF79AFA3B00320001902BA978
S113445828000094FFF77CFA16AA17A94E20299D74
S11344682B9E279FFFF78AFA28AB3200019000930E
S113447828003B002AA9FFF76BFA16AA17A94F20B0
S1134488289D2A9E2B9FFFF779FA27AB320021003B
S11344980190009328003B00FFF75AFA059A279BDE
S11344A816A89B18039A58219360149A289B9B1862
S11344B8039AD360049A299B9B18039A1361069A5A
S11344C82A9B9B18039A5361159A2B9B9B18039A52
S11344D89361FFF745F900202DB0F0BDF7B504004E
S11344E8160000919AB33F2503681D409B1803608A
S11344F8934202D2436801334360B5B140277F1B1E
S1134508BE4212D323001C3300993A005819019370
S113451807F023FE20000199FFF76CFAC0B9761959
S11345280500009B403EDB190093370004E020009F
S1134538FFF760FA60B9403F009B9919C91B3F2FE8
S1134548F5D827B11C343A00601907F006FE00209C
S1134558FEBDF8B504003F22270003680E0013408F
S1134568581C4132E3181A771C37382837D80021E9
S1134578483A121A381807F087FD256860686B0FE7
S1134588C000184338223900FFF791F9E8003C22AB
S11345983900FFF78CF939002000FFF72BFA0500E2
S11345A8C0B902003100A068FFF781F90422310084
S11345B8E068FFF77CF9082231002069FFF777F9F2
S11345C80C2231006069FFF772F910223100A069EA
S11345D8FFF76DF92000FFF7EDF92800F8BD402238
S11345E80021121A381807F04FFD39002000FFF790
S11345F801FA05000028EDD1010038223800BAE795
S113460840F2E41201230249885C03438B54704747
S11346184051002040F2E41202230249885C03431B
S11346288B5470474051002010B5204C23006A3346
S11346381A7823004433187852070138520F08288F
S113464812D807F007FB1C1C05121416181A2B00A5
S11346580023012A15D0032A20D00021443414222F
S11346681348217003F053FC10BD0223F1E7032320
S1134678EFE70523EDE70623EBE70723E9E7042340
S1134688E7E70C49A26E0A400B498A42E5D040F29A
S113469870120A48A35463689847DEE740F26C1323
S11346A8E35C002BD9D00548E368F5E740510020C6
S11346B8AC520020FF00800011008000B05200209E
S11346C8F0B585B06B466A46164C9F1DA61C39008A
S11346D8F07F03AB073202F0F1F90D25E8B9631C4A
S11346E8F17FD87F02AA02F0FFF90500C0B92300C0
S11346F83A7848331A706A462300D27950331A70CC
S1134708039B094A6365029B0849E364E31CDB7F56
S113471858342370F07F02F005FA280005B0F0BD84
S11347280E25FAE7405100209C51002099510020A1
S1134738F0B50E270F221A4D87B06F44AE1C39000E
S1134748F07F05AB6A4402F0B9F90D2418BB6B1C61
S1134758F17FD87F04AA02F0C7F90400F0B940F247
S113476880133A780621EA546B46DA7B40F28813C0
S1134778EA54059A0433EA50049A083BEA50094A71
S1134788F07F0092AA6A084B02F0EAF9220007496E
S1134798F07F02F0C7F9200007B0F0BD0E24FAE755
S11347A840510020E0520020DC520020E452002056
S11347B810B5074C02F0D0F8230068331A7805497D
S11347C8054801F07DFF10B902234434237010BD5D
S11347D840510020AA5100208851002070B50B4D8B
S11347E82B1DDC7F6CB102F0B7F80121084801F0F9
S11347F8D5FF040008B102F08BF8042320002B70C5
S113480870BD02F085F80323F8E7C0464051002044
S1134818C0520020094B1A78092A04D0042A02D06D
S11348280E221A7070470B221A701A006A32127814
S11348389206F7D505224433F3E7C04640510020D9
S1134848F0B587B0060004240391002800D18CE059
S11348580368002B00D188E04368002B00D184E072
S11348688368002B00D180E0C368002B7DD00369E6
S1134878002B7AD00A2978D83D4D023C2B78042B9A
S113488873D840F210220021280003F040FB01F005
S1134898B3FE0400002868D105AF3900039802F07C
S11348A887F80400002860D100F04CFF02F01AFADF
S11348B82B00039A40331A70310014222D4803F058
S11348C811FB2D4E282230002C4903F00BFB3B88AA
S11348D838785BBA2B840223FB56EA1C284FD3771B
S11348E84036284A33703900274BAE1C039202F035
S11348F8E5F86B1CD87F254AF17F02F0F5F82449C6
S1134908244AF07F02F00EF940F280133A782248E4
S1134918EA54EA6C0433EA50039B1A7840F2881389
S1134928EA546A6D0433EA5002F00CF91B4AF07F2A
S113493800921B4B0621AA6A02F012F900221949B7
S1134948F07F02F0EFF840F2E4130022164817490A
S1134958EA54FCF7C5FA16481649FCF7C1FA01F0FF
S11349680BF801F0D5FF01232B70200007B0F0BD30
S113497840510020445100205851002070D80000B4
S11349888851002090510020945100208C5100201F
S1134998995100209C510020D0520020E052002060
S11349A8DC520020E452002028530020094600006D
S11349B83C5300201D46000070B501240A4D2E7892
S11349C8A6420DD101F046FE2B003C33187802F0C4
S11349D855F8FFF703FF040020B9300000F0EAFFA0
S11349E8200070BD2E70FBE74051002010B50B4C21
S11349F82078042804D807F02DF90E0703070500CA
S1134A08022010BD01F084FF01230020237000F070
S1134A18D1FF0020F5E70120F3E7C046405100200C
S1134A28F0B5BA4E9FB03378022B7AD910AD01F0A5
S1134A3827FF280001F02CFF2B784BB3DB0605D5A4
S1134A483378062B00D16EE00E23337004222B78C2
S1134A58134205D03178062900D189E00A32327030
S1134A681B0708D53378092B00D187E0042B00D124
S1134A7884E00E23337010AD2C78A30701D5FFF71B
S1134A88C9FEE40701D5FFF7C5FE280001F052F876
S1134A989F4F10AC200002F04BFB3A78531CDBB25A
S1134AA83B700AB902F066FB200002F046FB40F2B4
S1134AB8E41300222000F55CF25402F039FB3B7841
S1134AC8013BDBB23B700BB902F064FB200002F03F
S1134AD834FB002D00D1FBE2EB0705D53378082B16
S1134AE800D1C9E20E2333703278AD0700D4EFE267
S1134AF80E230C2A00D0D4E2FFF75AFE062300281E
S1134B0800D0C4E2337073695BB13378033B012B83
S1134B1807D811A802F0C4F918B9207073692000E5
S1134B2898471FB0F0BD3300032244331A7001F0D4
S1134B3801FF40F2A013F75802F052FE40F2D633B8
S1134B48FC18012801D00A33FC18FCF7FFFAAA68FC
S1134B58EB68801A9941211ACB436E4CDB17194034
S1134B682000FCF7EBFA2000FCF75CFA08236CE75A
S1134B7807213170310044310A7071E740F2A813FB
S1134B8812AAF25040F2AC1240F2B0172B6900217D
S1134B98B350AB8AAC3AF3555F4BFF3A1800059310
S1134BA803F0B5F940F2C4122B690024B35040F263
S1134BB8C813B13A2100F45458480433FF3AF45066
S1134BC803F0A5F901F0A4FE0A231725337002ABFC
S1134BD8ED18B31C22002900D87F01F0A3FF0400BC
S1134BE8F0BB4F4BF25D2878039340F2C41340F2B4
S1134BF8AC11F3584B4F4C4D029301970095059B0C
S1134C08715801F094FA040050BB40F2C813F35CE5
S1134C182900009340F2C4133A000598F35800F0B1
S1134C28CFFE424D08222900380007F01FFAB0B918
S1134C3840F2B1130722F35C1340032B18D140F25E
S1134C48C413F15808780238052800D98DE007F014
S1134C580BF871009000BE00C400ED000601132497
S1134C6840F2B1125F21B35C0B40B3540B23337091
S1134C78330044331A78032A0DD1AF32FF32B25CC1
S1134C887F2A06D832006A321278920601D50522A4
S1134C981A70FFF7C9FC002C00D06EE140F2B11382
S1134CA8F25CAB3BFF3B1340032B00D005E1CA3356
S1134CB8FF33F358002B00D1FFE01B78042B00D1FD
S1134CC8D3E0062B00D15EE1022B00D0F5E0164DAF
S1134CD80CA9280002F0BFF8002800D0EDE0290054
S1134CE8124A13480CAB01F072F9002800D0E4E032
S1134CF82100280002F054F801212800494202F05A
S1134D0872F83300012244331A70D6E0405100206F
S1134D184C55002028530020F15200201053002045
S1134D2808530020FA520020F25200205851002063
S1134D38A851002033002C331B78B3B140F2C813B8
S1134D48F35C102B11D91022013108A803F0CAF81A
S1134D5810210CA800F0F8FD002329000093D24884
S1134D6808AB0CAA00F0A2FD58B340F2CC13002201
S1134D782BE040F2C813F35C102BF6D9013108A8D4
S1134D88102203F0AFF8C84F0CA9380002F03FF81E
S1134D980028EAD101232900009338000CAB08AAA3
S1134DA800F084FD05000028DFD10100380001F07F
S1134DB8F7FF01213800494202F015F840F2741354
S1134DC8F55440F2C413F2580833F25050E740F255
S1134DD8C813F35C002BF4D1C7E740F2C813F35CA3
S1134DE8052BC2D90CAD05220131280003F07AF84D
S1134DF840F275122B789B069B16B35440F2761337
S1134E086A78F254E9782A79AB78090212040B43D8
S1134E1813433200FC32D3671BB1A44A0A3B9342C2
S1134E28A3D840F274130022F254CAE740F2C8131C
S1134E38F35C032B99D90CAD03222800013103F04C
S1134E4851F86B78AA781B02120413432A78134387
S1134E58002BB6D0954A0A3B9342B2D985E740F273
S1134E68C813F35C002BDCD17FE70CAD2C7013075F
S1134E7801D502232B70920604D580232A785B423D
S1134E8813432B7008228A49874807F0EFF8002457
S1134E9800B9B46B40F2A813F358864A1B7C0194FA
S1134EA80295F41CE47F804964B283485BB20094A1
S1134EB801F0C9F8002800D123E740F2B114335DAA
S1134EC810AD5A07520F012A76D0032A00D196E072
S1134ED83400443423780BBB734B1800059301F05A
S1134EE8E9FA2378D3B940F2B112B25C920615D527
S1134EF803AA13700122704F029301936D4B1100A2
S1134F0800933800059B00F059FF38B93300593332
S1134F183A781B789A4201D801232370330044332A
S1134F281B78012B29D101F005FD330040F2C01490
S1134F3868331B785C4342F6E073E41842F210735A
S1134F4894FBF3F402F04CFC012800D191E040F208
S1134F58DF331C1BFCF7FAF8AA68EB68801A99413E
S1134F68211ACB43554CDB1719402000FCF7E6F80F
S1134F782000FCF757F80C23337001220021504815
S1134F8802F0C5FF77E50CAB1C70110701D50221AF
S1134F981970920604D58022197852420A431A706D
S1134FA8444C41492200444801F0A7F8002884D120
S1134FB801232C34237080E740F2D0110020705470
S1134FC83949D530FF30315040F2C411705814318A
S1134FD870501039705C14317054E88A0231705280
S1134FE8287E02317054D809DB08134040F2E212DB
S1134FF801317054B3543348B368984768E740F2B2
S1135008CC13F358002B00D162E740F2C413F158D3
S11350180B78022B21D0062B00D059E70CAF3800AF
S1135028013102F05FFF7B78BA781B023F781204E3
S113503813431F43022240F2D0131B49F25422485F
S1135048063202F04FFF40F2DC1340F2E012F75050
S1135058335D1B07DB0FB35408E0002240F2D01382
S11350681149F2541848083202F03CFF15483369D4
S1135078C3E740F2D5336CE701F06EFC0021134816
S113508801F08CFB002800D02CE509232BE510281F
S113509803D01138431E9841C31D320044321370A3
S11350A8072333701EE0C046F2520020F5FF0100CA
S11350B87051002058510020A85100203C53002072
S11350C8F15200201053002014530020C052002035
S11350D832780E2A00D916E546F68043D340DB071A
S11350E800D410E5330044331B780BB1FFF79CFA66
S11350F840F2CC130022F250FFF770FB03E5C046E0
S113510873B504230D0091B11A4C033B227872B194
S1135118073307280BD806F09DFD040C101214164B
S1135128191C08221449280002F0DCFE0023180088
S113513876BD0134E37F2B70F8E70234FAE70334D1
S1135148F8E70434F6E72C342378F4E70C220B4907
S1135158E9E701AE3100012001F07EFA03000028DE
S1135168E5D123003C3332781978914200D01A7083
S11351783C34E9E740510020585100207051002088
S1135188F7B504000E0000295AD0304D2B78002BB7
S113519858D0042B03D9062842D0022412E0072849
S11351A852D806F057FD040A111A1C393D4008224A
S11351B82748310002F096FE0DE02B1DDB7F022408
S11351C8013533B12000FEBD2B1DDB7F002BF9D147
S11351D802353378EB770024F4E70335F9E70B78E5
S11351E87BB933782F1DFB772B78022BF3D9FFF784
S11351F8F5FA04000028E5D00023FB77FFF7EEFA60
S1135208E0E7FFF795FA04000028DBD1FFF758FA26
S113521804000028E5D0D5E70B782C352B70DAE7A5
S11352280C220C48C5E7337801A901200B7001F062
S11352382DFA04000028C5D133783C352B70C1E71A
S11352480424BFE70124BDE70824BBE7405100203C
S1135258585100207051002037B505000424A8B126
S11352680B48033C007888B1013404280ED806980A
S11352780090280001F0D0FC040038B9280001F09F
S113528865F8040010B1280001F010FD20003EBDAF
S1135298405100200B4B10B51B780400012053B17A
S11352A80018042B07D83CB1200001F0FFFC2000B3
S11352B801F06CF8002010BD01F00AFD01F034F88B
S11352C8F8E7C04640510020F0B50500042487B033
S11352D8002800D180E04A4E013C3378022B7BD968
S11352E8042B02D9013C0A2B76D1330044331B78B2
S11352F80224002B70D1FFF7E3F90400B8B9FFF7D3
S113530817FA040098B933780A2B4ED108222800DA
S11353183C4906F0ABFE023448B917276F443800FD
S1135328297B2A7C00F03AFD0400002844D02B7C19
S11353385B075ED43378002C51D122000A2B04D1A8
S1135348A833FF33F45CA406E20F78212B7C03AC6A
S11353588B43287BA9682B742B4F23702B4B02900B
S11353680191009301212B00380000F027FD04006F
S1135378002834D13A000F3A397812783378043453
S113538891422CD80122243F3A70E9897232FF32C3
S1135398B1520A2B19D0FFF70BFA0400F8B9337885
S11353A80A2B18D00623337015E0280001F09EFC60
S11353B804000028B1D0BAE7330059331C783B788D
S11353C89C42A4416442A400B1E740F2E4130224DD
S11353D8F35C234203D10024200007B0F0BD33005E
S11353E8002244331A7033780A2BF5D0FFF7F6F904
S11353F8F2E7002CF0D1280000F0D8FF0400EBE716
S113540840510020F2520020A85100205851002099
S1135418F0B50700042489B0002879D0994D013CDF
S11354282B78022B74D9FFF74BF9040000286FD1AD
S1135438FFF77EF9040000286AD13C78012C00D1DA
S11354486BE0022C00D1B6E0002C00D017E12B78D9
S1135458042B02D902340A2B5AD12B0044331B786B
S11354680224002B54D13E1D300001F03FFC3B7B4D
S113547804005B0700D5FAE02B78D8B90A2B04D1CD
S1135488A833FF33EC5CA406E40F102104A800F051
S11354985BFA7D4F00943A0031007C4804AB00F07D
S11354A85DFD040030B92B780A2B10D0FFF780F982
S11354B8B8B10400002340F26C12AB542A00443201
S11354C813702B780A2B23D0FFF788F920E040F2D9
S11354D8E413EA5CE33BFF3B1A421CD12C37013B43
S11354E83B7004A9300001F0A4FC40F26C130122C3
S11354F8EA5400220433EA5431000433083264487D
S1135508EA5402F0EFFC2B780A2B01D006232B7007
S1135518200009B0F0BD1C00CCE72B78042B02D97D
S113552802240A2BF4D12B0044331B780224002BC9
S1135538EED13B1D1800029301F0D8FB3B7B04001D
S11355485B0700D593E02A780028B3D103000A2A20
S113555804D1B233FF33EB5C9B06DB0F4A4E0C37A6
S113556832004A480299009700F051FD04000028CF
S1135578A0D12B780A2B13D0FFF71AF904000028BE
S113558898D1012340F26C12AB540432AB54043268
S1135598AB542B780A2B01D006232B700024B7E7D1
S11355A840F2E4130224EB5C234200D082E7012397
S11355B82C363370E5E72B78042B01D90A2BA7D1B5
S11355C82B0044331B78002BA2D13B1D18000393F6
S11355D801F08CFB060038B93B692BB12D4E0A3B10
S11355E89E42B6417642B6003B7B5B073ED42B789D
S11355F876BB0A2B04D1A833FF33EE5CB606F60F4C
S1135608214B009602933B000C3301931F483B69DE
S1135618029A039900F050FD0600C8B92B780A2BAA
S11356280BD0FFF7C5F8060090B940F26C120123BD
S11356380221AB540432A954A9E740F2E413EB5C09
S11356489B0704D40122029B2C331A70EDE7260031
S1135658002340F26C12AB542A00443213702B78A6
S11356680A2B01D0FFF7BAF8340051E73400002CB4
S113567800D04DE7380000F0D3FE040048E70824C2
S113568846E7C0464051002058510020A851002048
S1135698B5520020F5FF010070B50F4D02242B7898
S11356A8032B14D872B6BFF34F8FBFF36F8F01F07B
S11356B823F940F2E413EC5C40000443E4B244B937
S11356C801F03EFE62B6BFF34F8FBFF36F8F200029
S11356D870BD0224F6E7C04640510020030010B50F
S11356E8080011001BB1012B04D0142010BD01F0D7
S11356F806FBFBE701F015FBF8E7F0B506000C0024
S113570815001F00BBB009B91420CAB904A801F0D8
S1135718F3FB390004A801F0FFFB26B11022310085
S113572804A801F0FDFB2A00210004A801F0F8FBFD
S1135738684604A901F054FC0020009A409B1A60B2
S11357483BB0F0BD00207047F0B5BDB01C0042ABC3
S11357581D78019204230AB11DB9002318003DB035
S1135768F0BD0423002CF9D003AAFFF7B7FF060005
S113577803000028F2D10123152007AF3B7002ABC8
S1135788C0180822019902F0B6FB1D2002AB0422BE
S113579843A9C01802F0A6FB7E73BE730127232217
S11357A80BAE02AB9B1800213000133A1F7002F0B5
S11357B8AEFBB02200210FA802F0A9FB03A90FA891
S11357C804F000FB0FAA300007A904F04DFB23786E
S11357D83278013D5340EDB22370631C9DB1220021
S11357E81C001032A24209D023787178013D4B4045
S11357F8EDB2237001360134002DF3D10137FFB225
S1135808002DCCD1A9E71C00F8E737B506AC2478FD
S1135818079D00940195FFF797FF3EBDF0B58FB043
S11358280393160014AB06AA1F78FFF757FF04006A
S113583810BB492321200AAD2B7002ABC0180822E3
S1135848310002F058FB292002ABC018042215A924
S113585802F048FB05AB6C73AC73EF733A0000932A
S11358682800039906ABFFF748FF040020B9169BEC
S113587813B1059B169A136020000FB0F0BD70B5E4
S113588888B0140004AA1E000C9DFFF727FF50B926
S113589803AB00933200210004ABFFF72EFF10B9CD
S11358A80DB1039B2B6008B070BD0000F0B5A5B026
S11358B805932AAB1B7804000E00170004250793F0
S11358C8E0B3DAB3059BCBB309A901F018FA0500D4
S11358D8A0BB079B06940BB106962600192219490A
S11358E811A806F03AFC3100082218A802F0FAFAC6
S11358F8082206991AA802F0F5FA102239001CA801
S113590802F0F0FA1022059920A802F0EBFA10210F
S113591830230DAE11AA02910093019618AB09A881
S1135928FDF75AFE0599200001F083FA390020009A
S113593801F0A3FA3100200001F005FA280025B08F
S1135948F0BDC0468BC9000070B505000C0084B1D9
S1135958084B013C5B699847E4B228704CB12B1D95
S11359680135000A9D42F2D0013CE4B22870002CB3
S1135978F6D170BDC4D1000070B5064C25783DB988
S113598808222900200002F0C2FA0123656023706E
S113599870BDC04650530020CC231B061840014B51
S11359A85860704750530020014B58687047C046F0
S11359B850530020014B58707047C0465053002084
S11359C8F0B585B001930AAB1E784B4B00925A7818
S11359D805000C00002A00D186E05B68002B00DB80
S11359E882E002ABDF1D01220100380002F07AFADE
S11359F8424802F018FA424802F015FA414802F007
S1135A0812FA0221387802F018FA3F4802F00BFA29
S1135A183E4802F008FA287801214007400F02F0B6
S1135A280CFA3B4802F0FFF93A4802F0FCF92878EE
S1135A3800220121C00902F014FA354802F0F3F9F2
S1135A48354802F0F0F92878002280060121C00FB9
S1135A5802F007FA2E4802F0E6F9304802F0E3F9BA
S1135A682878002200070121C00F02F0FAF924481F
S1135A7802F0D9F925002A4802F0D5F9083520782A
S1135A880221013402F0D9F9AC42F8D11C4802F0E1
S1135A98CAF9244802F0C7F9009C25000835207883
S1135AA80221013402F0C9F9AC42F8D1144802F0D9
S1135AB8BAF91D4802F0B7F900220321300002F0B8
S1135AC8D0F91A4802F0AFF90D4802F0ACF91848B9
S1135AD802F0A9F9019CA619B44207D1084802F0BA
S1135AE8A2F9074802F09FF905B0F0BD2078022119
S1135AF802F0A3F90134EFE750530020A4C90000D1
S1135B087CC90000AEC90000C2C90000C6C90000B3
S1135B18D3C90000D6C90000DBC90000DFC90000F2
S1135B28E4C90000F6C9000008CA00001ACA000047
S1135B3820CA000010B51E4B04005A78BAB35B683B
S1135B485B0034D5037893B31A4802F06CF92378D0
S1135B58DB0605D5184802F066F9184802F063F91F
S1135B6823785B0705D5164802F05DF9134802F05F
S1135B785AF923781B0705D5124802F054F90F483F
S1135B8802F051F923789B0705D50F4802F04BF929
S1135B980A4802F048F92378DB0705D50B4802F0D8
S1135BA842F9064802F03FF9044802F03CF910BDF6
S1135BB85053002032CA000042CA00007CC90000C9
S1135BC84DCA00005BCA000066CA000072CA000021
S1135BD810B52C4B04005A78002A4CD05B685B0142
S1135BE849D5294802F01FF9284802F01CF9284829
S1135BF802F019F92378012B3ED1264802F013F953
S1135C08224802F010F9244802F00DF900220A2172
S1135C18606802F026F91D4802F005F91F4802F0F1
S1135C2802F900220A21207A02F01BF9174802F02F
S1135C38FAF81B4802F0F7F800220A21E06802F09B
S1135C4810F9124802F0EFF8164802F0ECF80022B6
S1135C580A21607C02F005F90C4802F0E4F81248C5
S1135C6802F0E1F81020002220560A2102F0F9F887
S1135C78064802F0D8F810BD022B01D10B48BDE745
S1135C880B48BBE75053002080CA00007CC90000C1
S1135C988FCA0000A2CA0000AFCA0000C2CA00002E
S1135CA8D5CA0000E8CA0000FBCA0000A7CA000061
S1135CB8ABCA000070B52D4B04005A780D00002AB9
S1135CC84CD05B681B0149D5294802F0ACF8294837
S1135CD802F0A9F8284802F0A6F82378012B3ED14F
S1135CE8264802F0A0F8234802F09DF8244802F060
S1135CF89AF800220A21606802F0B3F81D4802F0FD
S1135D0892F8204802F08FF800220A21207A02F043
S1135D18A8F8184802F087F81B4802F084F8002213
S1135D280A21E06802F09DF8124802F07CF8053474
S1135D38164802F078F800220A21E07F02F091F870
S1135D480C4802F070F8124802F06DF8280000229E
S1135D580A2102F086F8074802F065F870BD022BA4
S1135D6801D10C48BDE70C48BBE7C046505300209E
S1135D780ECB00007CC900008FCA0000A2CA000034
S1135D88AFCA0000C2CA0000D5CA0000E8CA0000B1
S1135D981DCB0000A7CA0000ABCA0000030010B561
S1135DA8042053B10C001134920701D519310C00A9
S1135DB80420FF2C01D800201C7010BDF0B505008C
S1135DC88FB0069316AB1B780F00059317AB1B789F
S1135DD816000120079345B1069B33B1149B23B1E8
S1135DE8159B23B9059B13B104200FB0F0BD002304
S1135DF80C936B4616201A7F06AB0599C018FFF75B
S1135E08CDFF0400002800D0A6E0012F05D0032F01
S1135E18EAD1059B002B00D19DE0FF220021A81C9C
S1135E2802F075F80722079B3A409B07DB0FDB005B
S1135E381343079AF601D207920E134350221E43C6
S1135E48AB78069913401E43AE70E81C483A02F03A
S1135E5852F82800082214990B3002F04CF8022357
S1135E68079E079A1E401A4217D006980CA900F0FC
S1135E7888FF040000286FD1280004220CA91330DD
S1135E8802F030F82B0017330993012F0CD1099B2A
S1135E983C00059E0027089315E02B001333099353
S1135EA83700012408960EE02B0018330893059B4D
S1135EB85E1E159BF6B21B78022B3FD00127032BDD
S1135EC801D027000124059B9BB11A001599099854
S1135ED802F008F8089B63B15EB10C9B20000193A3
S1135EE8149A089B06990096FFF72EFC002800D008
S1135EF87BE7162306AA9B181E78079B9B071AD5CF
S1135F08331FDBB2AA1C0DA9D7B100912000069952
S1135F18FFF7B5FC002800D067E7059B09989C4665
S1135F280DA96044042201F0DDFF0C9906980131A3
S1135F380C9100F035FF00202E7056E72600AFE7DD
S1135F4802910C990093019113002000149A069968
S1135F58FFF764FCDEE70424200046E7F0B50E00F2
S1135F6819008DB012AB1B780500170001240593A6
S1135F7851B30223152007AC237002ABC0181022BA
S1135F8801F0B0FF002203AB1A70112301940293AD
S1135F98032133002800059A0097FFF70FFF040038
S1135FA890B906AF2B783100AA1C0097FFF767FC5D
S1135FB8040048B92878042202303900281801F06E
S1135FC891FF2B7804332B7020000DB0F0BDF0B591
S1135FD88DB00D000590140019000120ABB1032603
S1135FE802AB1430C018102207AF3E7001F07AFFDC
S1135FF8022203AB1A7011230022029331002B00F2
S1136008059801970094FFF7D9FE0DB0F0BDF0B5DF
S11360188BB0109C0500160001201A008CB124785E
S113602805AB03301870640803380440844003AF98
S11360383C700290019328000B0000960321FFF79F
S1136048BDFE0BB0F0BDF0B58BB0170010AA1278E6
S1136058060052B29446129A012032B305241578E8
S113606805A80470EA091C1C203320DA4DF25F23CA
S1136078C0F200031C783F231C404470604605AB03
S113608898701198D870000A18711198000C5871FA
S11360980220054003A805700620019302900B0016
S11360A8300003210097FFF789FE0BB0F0BD63B2FF
S11360B81F2BE0DD1F24DEE7F0B58BB0119F16001F
S11360C810AA050012780120AFB105AC0530207084
S11360D8180AA070022063701B0CE3703B7803401D
S11360E803A8037004232800029301940B0000966C
S11360F80321FFF763FE0BB0F0BD70B505008AB04D
S1136108012093B1072405A804701C7801236408AE
S11361181C409C4003AE3470029301900B00009223
S1136128032100222800FFF749FE0AB070BDF0B52C
S1136138050014001E000120CBB0002900D180E026
S11361480930002A7DD0AA427BD80638002B78D0A3
S1136158509B002B75D0519B002B72D0529B002B67
S11361686FD0539B002B6CD0002302A806931E33D8
S11361781B18180009AD2A7001F0B4FE0522AB788B
S11361881A400592012A00D0ACE01B0745D5192511
S1136198332702AB0A20FF18A54252D81E2302A9AE
S11361A85B1819000122300001F09CFE272102AB84
S11361B8C9180822509801F09EFE1F2102AB51987D
S11361C80822C91801F097FE509800F08FFDC0BB53
S11361D809AB9B781B0723D409AB9B7808221E00C4
S11361E8651BEDB2164013422DD1072204961340C5
S11361F8032B51D13B78022B4ED1043DEDB208AAB2
S113620800921E2202A9043CE3B2521800205099BD
S1136218FFF735FB0023059333E011252F27B8E753
S11362282F2102ABC91806A8042201F05BFE50987E
S113623807A900F0C9FD20B9069A079B14309A42B1
S1136248CADC4BB0F0BD5B075B0F012B3BD0032BC3
S113625836D13B78022B45D07A1C6E1E0492F6B2D6
S1136268032BCCD008AB0293069B02AA01931E23EE
S1136278043C9B18509AE4B2110001200094FFF7E3
S1136288CDFA0028DDD10422791908A805F0EEFE1C
S113629803001420002BD4D109ACA3781B0715D410
S11362A82A003900529801F01DFE539B1D70A378F3
S11362B81B0703D50699509800F095FD0020C0E708
S11362C800260496CEE72E000497CBE7069B509A47
S11362D801931100049B05980096FFF796FA00288D
S11362E8AFD1DDE70420ACE770B5074D0C002B787F
S11362F806223BB10232054905F0B8FE062208B968
S113630802002560100070BD585300205953002026
S113631810B500B910BD0300F8331C68FC22002135
S113632801F0F5FD2000F4E710B5FC220021054832
S113633801F0EDFD04481022002101F0E8FD0020E1
S113634810BDC046685300205853002070B504237C
S11363580400A0B10B4D0C4E2B782BB10822310050
S113636805F084FE012350B908222100300001F011
S1136378B9FDE868FFF7CCFF01232B700023180050
S113638870BDC046585300205953002037B5042423
S113639848B101A9FFF7A8FF040020B9019DE868E6
S11363A8FFF7B6FF2C7020003EBD000073B5050052
S11363B8042428B3002301A90193FFF795FF0400DF
S11363C8F0B9154E34782CBB2A7BA968134801F020
S11363D889FD33002A7BF2331A703300EA89F433D7
S11363E81A80FB2132002B7CF6320B4013703300E9
S11363F8F8331C60019BDA6822B9DE60012333702C
S1136408200076BD1300F8321268002AFAD1F83356
S11364181E60F3E70C24F3E7685300206C53002054
S113642873B50400042004B30023214D01932E788E
S11364380830D6B92378012B18D0022B22D007387C
S11364484BB9201D01A9FFF74FFF20B9FB22237B7D
S1136458023613402B712B000022F8331A6020B93E
S1136468019BDA68E2B9DD602E7076BD201D01A9B2
S1136478FFF73AFF0028EED1FB22237B03261340C3
S11364882B71E8E7201D01A9FFF72EFF0028E2D1B0
S11364980426237BDBB2B3432B712369AB60DAE7B1
S11364A81300F8321268002AFAD1F8331D60DBE7CA
S11364B868530020F0B5070004248FB0002840D0AA
S11364C800241422210004A809AE039401F01FFD3E
S11364D821001422300001F01AFD380003A9FFF747
S11364E803FF040068BB039BDD6801934DB3287860
S11364F80134013803281AD805F0ACFB02263335D9
S1136508082204A8390001F0EDFC2B1D0693EE3394
S11365181B7802AA13752B00F4331B8804A8D382B2
S11365282B00F6331B781376FEF7CEFE04002B00FF
S1136538F833019A1B680021D3602800FC2201F07B
S1136548E6FC20000FB0F0BD0023082239000AA899
S1136558337001F0C7FC2B7933733000FEF758FF12
S1136568E4E70123F1E70223082239000AA833707B
S113657805F0F3FD2B793373AB683361EDE7000065
S11365880423024A11780B4313707047685400209F
S11365980223024A11780B43137070476854002091
S11365A80123024A11780B43137070476854002082
S11365B8F8B5150007000E001C00FAF7C7FD0822FD
S11365C8054B9860D96019781F610A439E82DD8261
S11365D81C761A70F8BDC0466854002010B5FAF746
S11365E8B5FD1022034B9860D96019780A431A70D4
S11365F810BDC046685400200E480F4B70B50360A8
S11366080E4B0F4D83600F4B03610F4B43600F4BD1
S1136618C3602B689847040050B96B69984701F028
S11366285BFC202221000A4801F071FC200070BDA7
S11366380F24FBE788540020E5650000B9650000D5
S1136648C4D100009965000089650000A9650000AF
S11366586854002000207047030010B5042049B195
S1136668012B08D0022B0AD000181BB9064BDB6F8C
S11366789847002010BD044B0620DB6FF8E7024B57
S11366880920DB6FF4E7C046C4D10000030010B54D
S1136698042049B1012B08D0022B0AD000181BB9D9
S11366A8064B9B6F9847002010BD044B06209B6F38
S11366B8F8E7024B09209B6FF4E7C046C4D10000F9
S11366C8F0B58DB005000F240B910A9268B161B141
S11366D85AB12F4F0D3C7B689847060028B92C788F
S11366E8012C05D0022C34D0042420000DB0F0BDB8
S11366F8EA68284923008A4204D0274BD218534217
S11367085A41530010216A696956012008920826E3
S11367180022049007920692059203920296019031
S11367282E7A0096FE69B0472600FB686868984789
S113673830007B6D0A999847BB6A0A990B98984769
S11367480400F0B1672820D0663C631E9C411134D4
S1136758CBE710216B69695608930123049304332A
S1136768029340F2E8330790069005900390019055
S11367782A7AFC695343009346F2A812EB68A047AF
S1136788D3E72800FFF724FAAFE71024ADE7C046A3
S1136798C4D1000090D00300E05EF8FFF0B58DB0DE
S11367A804000B9118B90F2630000DB0F0BD304F1E
S11367B802267B68984705000028F5D12678012E23
S11367C803D0022E35D00426EEE7E368294A3100C7
S11367D8934204D0284A9B185A4253415900002531
S11367E801200B9B227A0895079506950495039535
S11367F809930590E36900959BB202930823BD6948
S113680801930300A8473500FB6860689847631D37
S11368182800D97F7B6D98470B9B002503B9256910
S113682828007B6B98470600E8B16428BBD1122680
S1136838BAE740F2E832237A08905A430B9B079050
S1136848099301230690059304900390E3694CF29D
S113685850319BB2029305230193084BBE69009300
S11368680300B047D0E729002000FFF723FA9BE78D
S1136878C4D1000090D00300E05EF8FF8545010014
S1136888024B10B51B6E03B1984710BDC4D100006C
S113689830B5174D8BB0040002A800F049FC2A78E3
S11368A8531CDBB22B700AB900F064FC02A800F098
S11368B844FC20220F4902A801F014FB20220021E5
S11368C80C4801F024FB01A800F032FC2B78013BB2
S11368D8DBB22B700BB900F05DFC01A800F02DFCB5
S11368E824B12022200002A901F0FCFA0BB030BD2B
S11368F84C55002068540020034B1878034BC0B251
S11369081B7803B101207047584F002068540020B9
S113691810B5074C63689847042808D0052802D1A5
S1136928231DDB6F9847236B9847E36E984710BD88
S1136938C4D1000010B5074C63689847052808D0EF
S1136948042802D1231DDB6F9847236B9847E36A19
S1136958984710BDC4D1000010B5084C6368984727
S113696858B10438C0B2012802D8231DDB6F9847F8
S1136978236B98470020A36D984710BDC4D100002D
S11369880A4A10B51478030001200B2C0CD0147A91
S113699803309C4208D91030584353681A181B5CBA
S11369A804200BB100200A6010BDC0460C40002032
S11369B8030010B50120F1B10A2B4AD8180005F0DC
S11369C849F93348060606063D4848212B00022BA0
S11369D812D0032B12D0042B12D005201E4C1F4AB0
S11369E813700823546013725072063B0B70002313
S11369F800204B708B7010BD194CF0E7194CEEE772
S1136A08194CECE70922154B1A70184A5A6040F6DB
S1136A180A121A810223E9E70A22104B1A70144A4F
S1136A285A6040F60722F4E70C4A124800235060E3
S1136A3808201370108102220A70D9E70622074B36
S1136A481A700D4A5A6040F201621A8100230B70D1
S1136A58CEE70720CFE7C046A0DA00000C400020AC
S1136A6880DC0000E0DB000040DB0000D8D9000037
S1136A784CD90000ACD8000098D800000E4B13B5D0
S1136A881A78040001200B2A14D06A465B7A01A9FB
S1136A9800201371FFF7FAFD6B4601A901201C7150
S1136AA8FFF7F4FD00246B46022001A91C71FFF7CF
S1136AB8EDFD200016BDC0460C400020F7B50700C8
S1136AC80E0015001C0001206AB163B159B13800E9
S1136AD801A9FFF755FF30B9019B1A7832705A782B
S1136AE82A705B682360FEBD0D4B37B514001A7815
S1136AF80500012308000B2A0ED06CB101A9FFF789
S1136B083FFF030040B9019A117CA94206D9D06815
S1136B18916868434018206018003EBD0423FBE7D1
S1136B280C400020064B01201B780B2B07D031B1F9
S1136B38FF230B7012B142F21073136000207047E8
S1136B480C400020054A0300127801200B2A04D0C7
S1136B581BB140F6B83200201A6070470C40002080
S1136B68F7B51E000D00170001235EB101A9FFF758
S1136B7807FF030030B9019A1178012904D00229CA
S1136B8829D004331800FEBD5178154C52688C4046
S1136B98B4FBF2F440F2E8312A1F624379435218F5
S1136BA852001AB1611E8A18B2FBF4F2954200D25F
S1136BB81500A2006C43002135600CB10134610852
S1136BC8521A40F2E83101D50648121892FBF1F244
S1136BD808990A60D6E741F640745278D8E7C04667
S1136BE840420F0019FCFFFF10B5084B0C001B793D
S1136BF8062243B10232064905F038FA062210B9D2
S1136C08044A22600200100010BDC046AC540020A3
S1136C18B4540020B0540020F0B585B003930600A6
S1136C280D000423019270B31A4C1B4F237933B11E
S1136C3808221A4905F01AFA012320BB184F184BE9
S1136C48542200211800029301F061F9082231004E
S1136C58124801F047F925B110222900114801F022
S1136C6841F9019B102219000F4803B9290001F0CA
S1136C7839F9039B23630A9B636301232371029BF2
S1136C889F4203D10023180005B0F0BD23780133D7
S1136C982370F7E7AC54002004550020B4540020B6
S1136CA8B0540020BC540020CC540020042307B561
S1136CB850B101A9FFF798FF030028B9019A0349C5
S1136CC810700A78013A0A7018000EBDAC540020FE
S1136CD810B558220021024801F019F910BDC04628
S1136CE8AC54002010B5FFF7F3FF10BD042307B51B
S1136CF818B101A9FFF778FF030018000EBD37B5D6
S1136D080D00042458B151B101A9FFF76DFF040027
S1136D1828B90199102228000C3101F0E3F8200069
S1136D283EBD37B50D00042458B151B101A9FFF790
S1136D385BFF040028B90199102228001C3101F0D6
S1136D48D1F820003EBDF7B50D000424B8B1B1B1A7
S1136D5801A9FFF749FF040088B9019E10223700F2
S1136D681C372900380005F081F940B110222900A8
S1136D78380001F0B7F801237288134373802000A8
S1136D88FEBD13B504230C0040B139B101A9FFF7C6
S1136D982BFF030010B9019AD26A2260180016BDAD
S1136DA813B504230C0068B101A9FFF71DFF030004
S1136DB840B9019AD16AA14204D002215088D46210
S1136DC801435180180016BD13B504230C0040B1CB
S1136DD839B101A9FFF708FF030010B9019A126B32
S1136DE82260180016BD13B504230C0068B101A96C
S1136DF8FFF7FAFE030040B9019A116BA14204D0CF
S1136E0804215088146301435180180016BD37B516
S1136E180D00042458B151B101A9FFF7E5FE04009F
S1136E2828B9019910222800343101F05BF82000B8
S1136E383EBD37B50D00042458B151B101A9FFF77F
S1136E48D3FE040028B9019810222900343001F037
S1136E5849F820003EBD37B50D00042458B151B19E
S1136E6801A9FFF7C1FE040028B9019910222800DE
S1136E78443101F037F820003EBD37B50D00042435
S1136E8858B151B101A9FFF7AFFE040028B9019820
S1136E9810222900443001F025F820003EBD0000EE
S1136EA870B504000420F4B10F4D02302B79D3B12E
S1136EB8EB88C3B108220D49A01C01F013F8200087
S1136EC810220B490A3001F00DF8200010221A3064
S1136ED8084901F007F800202B6BE3626B6B23630E
S1136EE8EB882380E88070BDAC540020B4540020A3
S1136EF8BC540020CC54002010B5040010220021FA
S1136F08B13001F004F823000021D433B02220006A
S1136F18196000F0FCFF10BD10B502F053FF10BD5E
S1136F280300F0B5D433040018680E00150087B0C8
S1136F3848B310231B1A1F000093934200D917006B
S1136F482300C133BAB218183100019300F0CAFF04
S1136F582200D4321368FB1813600F2B1DD9009B31
S1136F68AB421AD22000B13003001A78197C4A4087
S1136F781A70019A01339A42F7D12200010002F0F3
S1136F8873FFF619ED1B2000C130102D07D831000E
S1136F98AAB2D43400F0A6FF256007B0F0BD2700DC
S1136FA8B1373B00009600991A7809784A401A705C
S1136FB8009A0133013200929842F4D11022390028
S1136FC802A800F08FFF02A92200080002F04CFF7B
S1136FD81022380002A900F085FF1036103DD2E7D0
S1136FE8F0B50C008BB010220021019002A800F02B
S1136FF88EFF02A92200080002F036FF02AB1A78BD
S113700800217F2A3FD918785A784000D2090243D0
S113701801311A7001330F29F5D102ABDA7B7923D8
S113702852005B4253402600D4363068DBB202AAD1
S1137038D373102835D123002000C133D1301978F7
S1137048157801326940197001339842F7D121004B
S11370582000B1310B00C1301A781D7C6A401A70C7
S113706801338342F8D106A8102200F03BFF220026
S113707806A9019802F0F8FE1022002102A800F0E7
S113708846FF0BB0F0BD18785A784000D209024385
S113709801311A7001330F29F5D102ABDB7B5B0098
S11370A8C1E70022002102AB9A568A4232DA1D78DF
S11370B85A786D00D2092A4301311A7001330F2915
S11370C8F5D102ABDA7B792352005B425340DBB241
S11370D802AAD37380222318C133471C00251A70CF
S11370E8102F01D80F352D1AC2302A00002120187C
S11370F804F0CAFF23002000ED193560C13302AA49
S1137108D1301978157801326940197001338342F6
S1137118F7D19CE71D785A786D00D2092A430131CA
S11371281A7001330F29F5D102ABDB7B5B00CEE784
S1137138EFF31083036072B67047036883F3108813
S11371487047000072B6BFF34F8FBFF36F8FBFF362
S11371584F8F034B034ADA60BFF34F8FC046FDE7F6
S113716800ED00E00400FA05704710B5FAF7EAF8F4
S113717810BD00001220054B10B5185604F0E8FCA9
S11371881220034B185604F0E3FC10BD3CE0000049
S113719860E000001220054B10B5185604F0C4FC3A
S11371A81220034B185604F0BFFC10BD3CE000004D
S11371B860E0000070B50D00140029000348A2B275
S11371C8F9F7D0FF0028F8D1200070BD045500203D
S11371D8002337B50C001500019321000848AAB212
S11371E801ABF9F7C3FF0028F7D1019A210004483D
S11371F892B2F9F7B7FF0028F7D101983EBDC0460F
S11372080455002010B50249024803F0DBFE10BD06
S1137218A8DF0000B458002037B5EFF3108001232D
S113722883F31088244B196819B9244A1170403122
S113723811701A6801321A6080F31088002501243D
S11372481F49204804F08CFA002204211D4804F048
S1137258CFFA40F2E83140F2406004F0F1FB01213A
S1137268184804F0D1FA0221164804F0CDFA164B56
S113727864421D86154B1D8000F0AAF900F0BEFA81
S113728829002300220012480194009400F0D2F847
S1137298104B29001868022240F20043806804F069
S11372A8E7FD2900230022000B48F9F753FFFFF7F5
S11372B8A9FF00F0FBFC37BD745B002040030A40C3
S11372C898DF0000A458002000020A4060020A4027
S11372D8A84E0020344000200455002010B5024870
S11372E803F07CFE10BDC046B45800200022014BB8
S11372F81A60704754550020054B012800D11860C6
S11373081A68D20702D51A68104318607047C04635
S113731854550020044B10B51B68DB0702D5022026
S1137328FFF7EAFF10BDC04654550020034B012067
S11373381B6810B503B1984710BDC04650550020CE
S113734870B501F0FDFBC00502D501F005FC70BD68
S113735872B6BFF34F8FBFF36F8FFFF7E7FFE8B144
S11373680120FFF7C9FF10250226FFF7B7FF62B611
S1137378BFF34F8FBFF36F8F72B6BFF34F8FBFF357
S11373886F8F0A4C23682B4206D12368334203D1FA
S1137398FFF7CCFF0028E8D10023236062B6BFF3CF
S11373A84F8FBFF36F8F0020D1E7C046545500209C
S11373B8014B18607047C0465055002010B540F284
S11373C8E83104F03DFB10BD20B10022835E013397
S11373D800D00180704700000022835E10B55A1C5B
S11373E80CD04A1E914140F60070CAB219010140FE
S11373F80F2003401943024803F068FE10BDC0463D
S11374088C5800200022835E13B500205A1C0DD02E
S11374186A46D41D40F60072190111400F22134028
S113742803482200194303F043FE207816BDC046E2
S11374388C58002010B50249024803F019FC10BD0D
S113744800E00000E85800201FB50A000023694640
S11374588B730F2169440A700E220A4C0A48237060
S1137468073300936A44063B03F012FD80239B0212
S1137478227812B9013B002BFAD16B46987B04B0F1
S113748810BDC04658550020E85800200379012B48
S113749801D1014A1370704758550020F0B5214DA9
S11374A887B0019005A81E0003920291FFF740FEE1
S11374B82A78531CDBB22B700AB9FFF75BFE05A8C8
S11374C8FFF73BFE184F00213800F9F7F2FC0024BF
S11374D8019B195D154B013418000093FFF7B4FFA5
S11374E8029AA3B29A42F3D8039CA619B44212D1C1
S11374F801213800F9F7DDFC05A8FFF719FE2B7800
S1137508013BDBB22B700BB9FFF744FE05A8FFF76C
S113751814FE07B0F0BD21780098FFF795FF0134F9
S1137528E4E7C0464C550020E84E0020A84E002051
S1137538F0B5244D87B0060005A81F0003920291F8
S1137548FFF7F6FD2A78531CDBB22B700AB9FFF754
S113755811FE05A8FFF7F1FD1B4B0021180001934C
S11375680024F9F7A6FC194B315D18000093013487
S1137578FFF76AFF029AA3B29A42F4D8002100984E
S1137588FFF762FF039CC6B2E719BC4213D101217D
S11375980198F9F78EFC05A8FFF7CAFD2B78013B83
S11375A8DBB22B700BB9FFF7F5FD05A8FFF7C5FD96
S11375B8300007B0F0BD00210098FFF745FF2070A8
S11375C80134E2E74C550020E84E0020A84E002084
S11375D813B50024230022000C210E4801940094C2
S11375E8F9F75EFC230022000D210B480194009456
S11375F8F9F756FC0748F9F760FC43425841074B32
S113760818700548F9F759FC43425841044B0130B6
S1137618187013BD5C550020705500209855002043
S11376281840002010B5044C0449200003F088FDDC
S1137638200003F0A1FD10BD9458002080DF000055
S113764810B5074B1B78012B09D1022040F2802189
S1137658FAF721FFFBF736F97F20FAF78BFE10BD06
S11376689855002010B5094C0A20F9F715FC00219B
S11376782000F9F71EFC1420F9F70EFC0121200064
S1137688F9F717FC0A20F9F707FC10BD444E00204F
S113769810B50348F9F711FC0128FAD010BDC0460B
S11376A8584E0020C02307B501A8038000231A0000
S11376B80221FFF7F3FEFFF7EBFF07BD37B56B4673
S11376C80C001500D871FAF7B7FD68462B002200A4
S11376D801210730FFF7E2FE6B46DB79842B01D0EA
S11376E8FFF7D6FF37BD73B56B4615000C00DE1DDA
S11376F8D871FAF7A1FD2B00220001213000FFF711
S113770817FF0400FFF7C4FF200076BD0D2373B5EF
S11377180D00160001AC2370030A6370A070FAF719
S11377288BFD33002A0003212000FFF7B7FEFFF783
S1137738AFFF73BD07B56B46D97107330122190032
S1137748FFF7E4FF07BD1D2373B50D00160001AC58
S11377582370030A6370A070FAF76EFD33002A00E1
S113776803212000FFF7E4FEFFF792FF73BD13B572
S11377786B46DC1D01222100FFF7E5FF207816BDCA
S113778837B50E230C0015006A4613715071FAF7C9
S113779853FD2B002200022101A8FFF77FFEFFF70B
S11377A877FF37BD37B51E230C0015006A461371E1
S11377B85071FAF741FD2B002200022101A8FFF7BE
S11377C8B7FEFFF765FF37BD10B50221FAF7ACFE27
S11377D810BD0000014B18787047C04618400020BF
S11377E8014B18787047C0469855002010B5012100
S11377F80148F9F75EFB10BD8455002073B50125D7
S11378080024164E2A0030000195009500231F21FC
S1137818F9F746FB230022004921114801940094FA
S1137828F9F73EFB2300220021210E48019400941D
S1137838F9F736FB30002A0023000F21A4380194FD
S11378480094F9F72DFB2A00230016210648019518
S11378580094F9F725FBFFF7C9FF73BDE84E002034
S1137868584E00206C4E00208455002010B500218D
S11378780148F9F71EFB10BD8455002010B50248D5
S1137888F9F71BFB10BDC0466C4E00207047000082
S1137898014BD88880B27047FE260A40002382B084
S11378A80193054BDB88C01A1E2380B2434301931E
S11378B8019880B202B07047FE260A4010B504242D
S11378C801210748074B82791975A2438271002266
S11378D80020197000211A619860D9609A8310BD3C
S11378E800380A40A055002010B5FFF7E7FF10BD87
S11378F80120034B1B789842804140427047C046A0
S1137908A055002010B5064B1C7D2CB99B6903B10A
S113791898471020FFF7F0FC0120604010BDC046D6
S1137928A055002045F65E73434382B00193019B42
S1137938034AB3FBF2F30193019802B07047C046BF
S1137948A0860100034A9188938898B28B42FAD1A1
S11379587047C04600380A40F7B51D4E01A8FFF726
S1137968E7FB3278531CDBB233700AB9FFF702FC29
S113797801A8FFF7E2FB174B1F68FFF7E3FF164B5D
S1137988040001A8DD7AFFF7D3FB3378EDB2013B9D
S1137998DBB233700BB9FFF7FDFB01A8FFF7CDFB92
S11379A847F6FE739C4202D8ED0700D51037200035
S11379B8FFF7B8FF040040F2E83200233800002142
S11379C804F05CF9220000238018594103B0F0BD8B
S11379D84C550020C055002000380A4010B5FFF768
S11379E8BBFF10BD10B5FFF7B7FF0B000A49020033
S11379F88868C968994202D809D1904207D9121AED
S1137A088B4101204042C1178018594110BD121AF8
S1137A188B4110001900F9E7A0550020F0B585B096
S1137A280E000190FFF78EFFFFF77CFF83B20393EC
S1137A380293019B564C022B3DD0032B63D00023A9
S1137A48019A1D001F00012A1DD122780192012AE2
S1137A5819D12575FFF780FF43F68063029AA06069
S1137A68E1609B1A9BB2019F2661A3835EB143F632
S1137A787F6296421AD8B34218D904232370039B11
S1137A88B5B2F61826612369002B56D10421414A60
S1137A9893798B43937107232370FFF733FF23787C
S1137AA8072B72D1063B237523706EE002232370E3
S1137AB800250127E7E72378022B13D1A28B23693A
S1137AC89B1A23610127344B22699A4201D9002366
S1137AD8236143F67F6325699D4210D80423ADB220
S1137AE82370D0E7032B03D123692C4A9B18E8E7BA
S1137AF80022043B1700022BE5D82261E2E70323A6
S1137B0800252370BFE72378052B11D12569039B32
S1137B189D420AD9029B0127ED1A40F2D073ADB2F7
S1137B289D42B0D804232370ADE700232361BFE747
S1137B38062BFAD000252F00A5E72178042921D1A6
S1137B48144B9A798A439A7140F2D072954205D9B6
S1137B5805222270012252425A800DE0062121702A
S1137B689542F7D06422ED03B5FBF2F55A3A053590
S1137B78B5FBF2F5ADB25D801B22DA729979173A3A
S1137B880A439A712378072B87D0380005B0F0BDD3
S1137B98A055002000380A400000FFFF80C1FFFF05
S1137BA870B504000D0003280FD801281AD811D085
S1137BB8002100200E4B00229860D96001211A7020
S1137BC81A6119759A619A830AE00428F0D1FFF7BB
S1137BD875FE05E0FFF772FE29002000FFF71EFF7F
S1137BE8002004E00021FFF719FF0028EFD070BD42
S1137BF8A055002010B501000120FFF7D1FF10BDEA
S1137C0810B50448044B05491860054B196002F087
S1137C18AFFF10BD28590020C855002060E00000BF
S1137C28C45500200D4B0E4810B50E4918600E4B74
S1137C38196002F0D9FE70B944220C4BDA71453A46
S1137C481A801B321A7368329A72997A423A0A4332
S1137C589A721C22DA72FFF7D3FF10BDD0550020A8
S1137C68145900203CE00000CC55002000380A409C
S1137C7810B5024B186802F027FF10BDC855002044
S1137C88084B10B5186802F069FE0122064B997971
S1137C980A439A71042299790A439A71FFF7E8FF13
S1137CA810BDC046D055002000380A40054B064A8E
S1137CB810B59A6100221A75FFF7B4FFFFF7E0FFC9
S1137CC810BDC046A0550020F90E000010B5104C98
S1137CD8E37A5B0705D51B2300210320E372FFF732
S1137CE85FFFE37ADB0712D51E23E3724FF6F074C5
S1137CF8FFF728FEA042FBD8064A13681033136026
S1137D08FFF7F6FD18B100210220FFF749FF10BD67
S1137D1800380A40C055002010B50249024802F054
S1137D2845FD10BDD8DF0000BC580020002310B565
S1137D380A480B4C237003700A4802F0A5FD01237E
S1137D4820B980239B02227812B10023180010BDA9
S1137D58013B002BF7D10123F8E7C046D455002096
S1137D68D6550020BC580020F8B51D0000230C4E41
S1137D780C4F0D48337014003B7002F0EDFC0123E6
S1137D8828B980239B0232781AB100232C8018006A
S1137D98F8BD3A7812B9013B002BF4D10123F6E778
S1137DA8D5550020D4550020BC580020030010B538
S1137DB872B6BFF34F8FBFF36F8F0079082809D8C5
S1137DC8A8B10138072812D803F044FF1B17110D76
S1137DD81111110B0300EF22103B134201D040286C
S1137DE805D1094B0AE09868C0B2F8F775FC62B689
S1137DF8BFF34F8FBFF36F8F10BD044B01221A706E
S1137E08F5E7034BFAE7C046D4550020D6550020C1
S1137E18D555002007B56B46D91D087001220020EE
S1137E28FFF784FF07BD10B504000020205600B9F1
S1137E3810BDFFF7EFFF0134F7E770B505000F2613
S1137E4801398C00231D00D170BD2800E04030406A
S1137E58092804D83030FFF7DDFF043CF2E7373057
S1137E68F9E7F7B505000E000192002803DA2D2082
S1137E78FFF7D0FF6D4201230A221C00B34204D34A
S1137E8801260A27002C04DCF7BD01335443DBB276
S1137E98F4E7012C00D1002695FBF4F292FBF7F3EA
S1137EA87B43D31A00936B461878012E0DD160B921
S1137EB8019B13B11800FFF7ADFFFF22009B13408D
S1137EC8634394FBF7F4ED1ADCE7303040B2FFF774
S1137ED8A1FF0026F1E70000014B18607047C04677
S1137EE81C400020002310B5934200D110BDCC5C87
S1137EF8C4540133F8E7531EC018002330B59A421E
S1137F0800D130BDCD5C5C4205550133F7E710B5AF
S1137F1804F0BAF810BD10B5F8F76AFB0138C0B21E
S1137F2810BD10B5F8F73EFB0138C0B210BD000013
S1137F3810B5F8F7AFFB00F02DF9012804D140F291
S1137F480021034800F0EEF9F8F79AFB10BDC0468B
S1137F58D75500200023CA5E30B504000020012A4A
S1137F680FDD0023E356222B0BD1213BE0562228B8
S1137F7808D11DB2013A0020954202DB013B601C86
S1137F880B8030BD013318B28242EFDC0020F8E7E1
S1137F980200811C002010B51378000184B2180077
S1137FA83038C0B2092805D918006138052806D820
S1137FB8573BD8B2013220439142EDD110BD18008D
S1137FC84138052801D8373BF3E74FF6FF70F5E74A
S1137FD80023F0B59DB26C00A4B2AA4204D80023D1
S1137FE8520092B28354F0BDCD5CAC462D092F00EB
S1137FF8664630379F2E01D937352F000F2607558F
S1138008651CCC5CADB2344027003037092C01D94B
S11380183734270047550133DCE7F0B587B00390C0
S11380280191029213B9042007B0F0BD019A5400DB
S11380389C42F8DB00252E00E41A24B205AF019B0C
S1138048B34220DDB4B9029A6B1C525D1DB23A707A
S11380580024029B6A1C5B5715B238007B70FFF73B
S113806897FF4FF6FF739842DDD0039B985501366E
S113807836B2E4E73023A4B23B70012CE8D0023CCA
S1138088302324B2E9E70020CEE7F7B505000E0057
S1138098012A16D9012314001C401A4211D14FF6A3
S11380A8FF775308019360003018FFF771FFB84257
S11380B807D02855019A0134A3B29A42F3D8002074
S11380C8FEBD0420FCE7030030B571B141180A2451
S11380D8002000229A566043303AD5B2092D04D8BC
S11380E8013310188B42F4D130BD01204042FBE724
S11380F810B50400F8F752FB10B10548FFF793FEDA
S11381082000FFF790FE0348FFF78DFE10BDC04620
S11381187CC900007FC9000010B50400F8F746FBCD
S11381280448FFF780FE2000FFF77DFEF8F780FB88
S113813810BDC046D4C9000070B505000E00140077
S1138148F8F734FB0548FFF76EFE3100280062B2E9
S1138158FFF787FEF8F76CFB70BDC046D4C9000072
S113816810B500F0B5FF08B100F07BFF10BD0000AA
S113817810B50400012802D00024200010BD00F02E
S113818897FF00F083FF0028F6D1014B1C70F4E739
S113819820400020014B18787047C0462140002039
S11381A810B5FFF739F81348FFF702F900F0D0FFCC
S11381B80120FFF7DDFF012805D10F4B1A780F4B7B
S11381C81A70FFF7B5FEF8F76BFA50B1F8F778FBB9
S11381D8094B1A78094B1978914202D01A70FFF7A3
S11381E8A7FE00F0E3FFFFF7A1F80028EBD000F0AA
S11381F8E9FFE8E7698100002040002021400020D1
S113820813B5F8F7E9FBC0B2012826D16B469C1CCC
S1138218210001A8F8F7E8FB0022A35E012B1CD17A
S1138228019B1B785BB2312B10D0372B0BD0302B32
S113823813D16B465C1C200001F04AF8207801F049
S113824827FC002016BD002000F06EFF0448FFF74D
S1138258EAFDF8F7EDFA01F0B5F90420F2E7C046B3
S113826843CC000010B50A4CF8F7A0FA0948FFF708
S1138278DAFD0221E078FFF7E0FD0748FFF7D3FDB8
S1138288A0780221FFF7D9FDF8F7D2FA002010BD33
S113829874DF000030CB0000D6CF000010B50120F9
S11382A801F08CFC002010BD00B589B001A801F0D4
S11382B845F8082201A903A8FFF78AFE03A8FFF7D7
S11382C82BFF002009B000BD1FB500F039FC00BA2F
S11382D804226946009001A8FFF77AFE01A8FFF777
S11382E81BFF002005B000BD30B585B0F8F774FB5E
S11382F8C0B20424012811D16B469D1D290002A88F
S1138308F8F772FB21002B88029A03A8FFF785FE71
S1138318040018B9039800BA00F0FAFB200005B06D
S113832830BD000010B5044B044A1860044B198092
S11383381423F8F785FA10BDE4570020D0DD0000B7
S1138348E257002010B530B1142805D8034B80003B
S1138358C058FFF7E1FE10BD0148FAE778DD0000D8
S11383684DCB000013B5F8F737FBC0B2A8B101280C
S11383780DD16B469C1C210001A8F8F735FB217828
S11383880198FFF7A0FEC0B238B1012815D0042423
S11383982000FFF7D7FF04240DE001F0E5FB10B13E
S11383A8002000F0C1FE01F015FB04000028EFD105
S11383B80120FFF7DDFE200016BD03481122034902
S11383C8083003F0CAFEEEE70458002060DF00001E
S11383D837B5F8F701FBC4B2012C24D16B469D1CB8
S11383E8290001A8F8F700FB29780198FFF76BFE2C
S11383F8C0B21F2817D803F02DFC102B1616291607
S1138408271B1116161616161616161616161616EF
S113841825232116161616161F1D0024200001F008
S113842837FB08B93EBD0420FFF78CFF0420F9E7A9
S11384380824F3E70A24F1E70924EFE70524EDE724
S11384480424EBE70324E9E70224E7E70724E5E744
S11384580624E3E737B56B46DD1D280000F038FF36
S1138468040010BB28780A281AD803F0F3FB06196D
S11384780D0F11130B19191517000D48FFF74CFEB2
S113848820003EBD0B48F9E70B48F7E70B48F5E732
S11384980B48F3E70B48F1E70B48EFE70B48EDE728
S11384A80B48FFF739FE0424EAE7FFF74BFFFAE726
S11384B85CCB000061CB000066CB00006CCB0000F5
S11384C873CB00007ACB000081CB000087CB00007F
S11384D891CB00001FB5F8F77FFAC0B2012804D089
S11384E80420FFF72FFF042012E06B469C1C210098
S11384F801A8F8F779FA08212388019A02A8FFF756
S11385088CFD0028ECD102A800F0F8FE0028E8D180
S113851804B010BD13B5F8F75FFAC0B2012804D04F
S11385280420FFF70FFF042012E06B469C1C210077
S113853801A8F8F759FA0023E15E0229F0DC019852
S1138548C9B2FFF7C0FDC0B200F018FF0028E8D197
S113855816BD37B56B46DD1D280000F01DFF04006D
S113856830B9220002212878FFF7E6FD20003EBD3D
S1138578FFF7E8FE0424F9E713B5F8F72DFAC0B2BB
S1138588012804D00420FFF7DDFE042012E06B4626
S11385989C1C210001A8F8F727FA0023E15E0229B0
S11385A8F0DC0198C9B2FFF78EFDC0B200F004FFF9
S11385B80028E8D116BD37B56B46DD1D280000F04C
S11385C809FF040030B9220002212878FFF7B4FD1E
S11385D820003EBDFFF7B6FE0424F9E7F7B5F8F727
S11385E8FBF9C4B2012C04D00420FFF7ABFE04202D
S11385F82AE06B469D1C290001A8F8F7F5F9002329
S1138608E95E0429F0DC0023012720001A00019DFB
S1138618C9B27F42DCB2A1420BD9EC56E6B2B446E9
S11386280BB92D2E17D030267642B4446646092E4F
S11386380BD95043030080339BB2FF2BD4D840B2EC
S113864800F0D8FE0028D0D1FEBD0A267243303C83
S1138658A2180133DEE73800FBE737B56B46DD1DAA
S1138668280000F0D9FE040038B9002022000421B3
S11386782856FFF761FD20003EBDFFF763FE042482
S1138688F9E713B5F8F7A8F9C0B2012804D0042013
S1138698FFF758FE042014E06B469C1C01A8210037
S11386A8F8F7A2F90023E05E0128F0D1019B1B78BA
S11386B85BB2302B06D0312BE9D100F0C5FE00287F
S11386C8E6D116BD0020F8E737B56B46DD1D280056
S11386D800F0CCFE040040B92B7823B90548FFF715
S11386E81BFD20003EBD0448F9E7FFF72BFE0424D8
S11386F8F7E7C046A5CB0000BDCB000030B589B074
S1138708F8F76AF9C5B26B1E012B04D90420FFF7E8
S113871819FE04202CE06B4601A8991CF8F764F9AB
S11387286B4602AC5B8808212000019AFFF775FCB0
S113873803000028EAD1E25CFF2A03D10133082BA5
S1138748F9D10024022D15D16B4601A8991CF8F71C
S11387584BF96B4610215B88019A04A8FFF75DFC6E
S11387680028D3D1200004A900F0B2FF0028CED1FC
S113877809B030BD200001F07BF8F7E71FB5F8F722
S11387882BF9C0B2012818D16B469C1C210001A802
S1138798F8F72AF908212388019A02A8FFF73DFC73
S11387A858B902A800F0C4FE040038B9F8F7FCF878
S11387B8054B9880200004B010BD04242000FFF766
S11387C8C1FD0424F6E7C046D857002013B5F8F7CE
S11387D803F9C0B2012804D00420FFF7B3FD042034
S11387E814E06B469C1C01A82100F8F7FDF800234F
S11387F8E05E0128F0D1019B1B785BB2302B06D0D8
S1138808312BE9D100F048FE0028E6D116BD00203E
S1138818F8E7000037B56B46DD1D280000F04EFE72
S1138828040040B92B7823B90548FFF775FC2000EC
S11388383EBD0448F9E7FFF785FD0424F7E7C04681
S1138848D4CB0000ECCB000007B5F8F7C5F8C0B2EC
S1138858012804D00420FFF775FD042011E06B46BD
S113886801A8991CF8F7C0F8022268460199FFF795
S11388780CFC0028EED16B46187800F043FE002863
S1138888E9D10EBD13B50322002101A8FFF73FFB70
S1138898684600F043FE040048B901A8012269466D
S11388A8FFF796FB01A8FFF737FC200016BDFFF77A
S11388B849FD0424F9E700001FB5F8F78DF8C4B2A0
S11388C8631E012B30D86B4601A8991CF8F78CF865
S11388D86B46019A08215B8802A8FFF79EFB0200F9
S11388E810BB0100022C11D16B4601A8991CF8F7A2
S11388F87BF86B460198991CFFF72CFB010098B193
S11389086B4602229A5EFF2A0EDCD2B244F20003BE
S113891802A800F0FFFF040038B9F8F745F8054B42
S11389281880200004B010BD04242000FFF70AFDBD
S11389380424F6E7D857002030B585B0F8F74CF88A
S1138948C5B26B1E012B30D86B469C1C210001A8B4
S1138958F8F74AF8019A0821238802A8FFF75DFB73
S1138968020010BB0100022D11D1134D210001A8F2
S1138978F8F73AF8228801992868FFF786FBA0B926
S11389880022A35E2968DA0FD2185210D2B248F234
S1138998000302A800F0BEFF040038B9F8F704F891
S11389A8064B5880200005B030BD04242000FFF792
S11389B8C9FC0424F6E7C046E4570020D857002031
S11389C81FB5F8F709F8C0B2012818D16B469C1CEA
S11389D8210001A8F8F708F808212388019A02A8B9
S11389E8FFF71BFB58B902A800F0BCFD040038B916
S11389F8F7F7DAFF054BD880200004B010BD042433
S1138A082000FFF79FFC0424F6E7C046D85700204F
S1138A181FB5F7F7E1FFC0B2022823D16B4601A8BE
S1138A28991CF7F7E1FF6B4608215B88019A02A8B5
S1138A38FFF7F3FAB0B96B4601A8991CF7F7D4FF0E
S1138A486B4601989978FFF73EFB010002A800F0F5
S1138A589FFD040038B9F7F7A7FF054B18812000DC
S1138A6804B010BD04242000FFF76CFC0424F6E7CE
S1138A78D857002013B5F7F7AFFFC0B2012804D0C8
S1138A880420FFF75FFC042014E06B469C1C01A83B
S1138A982100F7F7A9FF0023E05E0128F0D1019B2C
S1138AA81B785BB2302B06D0312BE9D100F08EFD58
S1138AB80028E6D116BD0020F8E7000037B56B465C
S1138AC8DD1D280000F088FD040040B92B7823B987
S1138AD80548FFF721FB20003EBD0448F9E7FFF7EE
S1138AE831FC0424F7E7C04603CC000013CC000093
S1138AF810B530B1082805D8034B8000C058FFF7DB
S1138B080BFB10BD0148FAE750DD000022CC000041
S1138B1843F2001310B5034A03401360FCF73CFF0B
S1138B2810BDC046E8570020002210B5034B40F2A0
S1138B3800101A60FFF7ECFF10BDC046E85700208C
S1138B48034B10B51C68FCF72FFF204310BDC0462B
S1138B58E857002001207047F8B572B6BFF34F8F6D
S1138B68BFF36F8FFEF7E2FB18B30120FEF7C4FBD7
S1138B7810250226124C276862B6BFF34F8FBFF345
S1138B886F8F2368BB4203D1FEF7D0FB0028F8D1CE
S1138B9872B6BFF34F8FBFF36F8F23682B4206D192
S1138BA82368334203D1FEF7C1FB0028E2D1FEF764
S1138BB89DFB62B6BFF34F8FBFF36F8F0120F8BDE3
S1138BC85455002070B50400FFF7BAFFC00446D519
S1138BD82848FFF728F92848FFF725F92748FFF719
S1138BE822F9002203212000FFF73BF9244D2248F3
S1138BF8FFF719F92348FFF716F900220A21E86953
S1138C08FFF72FF91C48FFF70EF91F48FFF70BF978
S1138C1800261E4C0221A05D0136FFF70EF9082E2E
S1138C28F7D11548FFF7FFF830341948FFF7FBF878
S1138C38002203212078FFF714F91648FFF7F3F808
S1138C480D48FFF7F0F81448FFF7EDF800242B005F
S1138C5850331B78A34203D80748FFF7E4F870BDE4
S1138C682B194033022118780134FFF7E6F8E4B2EF
S1138C78EDE7C04657CE00007CC9000066CE000070
S1138C880458002075CE000084CE0000245800202B
S1138C9893CE00001ACA0000A2CE00007FB50500DA
S1138CA80A22364901A803F058FAFFF749FF80045D
S1138CB862D53348FFF7B7F83248FFF7B4F82E0007
S1138CC83148FFF7B0F8AC1C0A3620780221013489
S1138CD8FFF7B3F8B442F8D12A48FFF7A4F82E00F6
S1138CE82A48FFF7A0F81A36207802210134FFF742
S1138CF8A4F8B442F8D12348FFF795F82E00244885
S1138D08FFF791F82A36207802210134FFF795F805
S1138D18B442F8D12B88DB0705D51E48FFF783F842
S1138D2801A8FFF780F81748FFF77DF81A48FFF7FE
S1138D387AF80821E86AFFF780F82B889B0705D59D
S1138D481448FFF770F801A8FFF76DF80D48FFF70E
S1138D586AF81248FFF767F80821286BFFF76DF8DF
S1138D682B885B0705D50B48FFF75DF801A8FFF7CB
S1138D785AF80448FFF757F87FBDC04623CF0000D0
S1138D88B1CE00007CC90000CACE0000DBCE0000D2
S1138D98ECCE0000D4C90000FDCE000010CF0000C6
S1138DA843F6FF7210B54388040093420AD95A0463
S1138DB809D5094B1888F7F7F1FD207848B9074811
S1138DC8FFF7AAF910BD1BB2002BF6DA024B58883C
S1138DD8F1E7FFF78DFEF5E7D857002043CC0000F4
S1138DE837B504002E48FFF783F92E48FFF71BF820
S1138DF8002561680122491901A8FFF7E9F801353E
S1138E0801A8FFF710F8082DF3D12748FFF70BF84E
S1138E1800220121A07CFFF724F82348FFF703F878
S1138E2800220121607CFFF71CF81F48FEF7FBFFB6
S1138E3800220321207BFFF714F8237BE3B9F7F71B
S1138E48F7FC1A4B1B7EB3B11948FFF751F91548C3
S1138E58FEF7E9FF002203210E23E05EFFF701F885
S1138E681148FEF7E0FF1020002203212056FEF7E8
S1138E78F8FFF7F7DDFC37BD0B48FEF7D4FF0025F4
S1138E88237BAB42DBD9A1680122491901A8FFF76A
S1138E989FF8013501A8FEF7C6FFEDB2F0E7C0461A
S1138EA82DCF0000D4C9000033CF0000045800209F
S1138EB84ACE0000037870B50400012B16D0022BAB
S1138EC83AD083B9244B9888F7F768FD2348FFF70D
S1138ED80FF92348FEF7A7FF23792BB92148FEF79A
S1138EE8A2FFF7F7A5FC70BD1F48F8E71A4BD8880E
S1138EF8F7F754FD1D48FFF7FBF81948FEF793FFF1
S1138F082579BDB906202A0003212056FEF7A9FFBA
S1138F181748FEF788FF05202A0003212056FEF78C
S1138F28A0FF1348FEF77FFF2A000821A068FEF778
S1138F3898FFD6E70F48D2E7074B1889F7F72EFDB5
S1138F480D48FFF7D5F80648FEF76DFF2379002B87
S1138F58F0D10A48C3E7C046D857002012CE000013
S1138F68D4C9000035CF00009CCC000038CE0000E6
S1138F7833CF0000AECC000041CE000043CC00004B
S1138F880378F7B5040013B1022B16D0F7BD2148B6
S1138F98FFF7AEF82048FEF746FF251D0C342900DC
S1138FA8012201A8FFF714F8013501A8FEF73BFFD9
S1138FB8A542F4D1F7F73CFCE8E71848FFF798F81E
S1138FC827001548261DFEF72EFF35000C3729000B
S1138FD8012201A8FEF7FCFF013501A8FEF723FFD3
S1138FE8BD42F4D10E48FEF71EFF00220121207C69
S1138FF8FEF737FF0A48FEF716FFE068002206214D
S1139008FEF72FFFF7F714FC3000E16800F058FD75
S1139018BCE7C04644CF0000D4C900004CCF0000D0
S113902833CF0000037870B50400CBB98388051DDD
S1139038DB0704D5210006301E3100F061FBA3884C
S11390489B0703D5216BA01D00F07CFBA3885B075D
S113905803D5616BA01D00F08EFB2800FFF71EFEF0
S113906870BD10B5FFF776FD0400F7F723FB434204
S1139078584140420440200010BD00000122024B28
S113908829331A707047C0460458002070B5074C3D
S113909823783BB900F026F901252B0018B900F014
S11390A81FFC25700023180070BDC046EC57002033
S11390B870B5064D2C78012C05D100F075FB00F035
S11390C815F908B928700024200070BDEC57002059
S11390D8034B1878013843425841C0B27047C04620
S11390E8EC57002010B511220749084803F035F859
S11390F834220021064802F0C7FF3822002105481F
S113910802F0C2FF10BDC04660DF00000C5800200A
S1139118585800202058002010B5024800F04EFD91
S113912810BDC046070000F810B518B9F7F71CFAC7
S1139138F7F786FAFFF7D6FFFFF7EEFF10BD10B575
S113914800F012FD10B10020FFF7EEFF10BD000083
S113915810B5FFF7E9FCFFF7F2FF00F03BFC030052
S1139168072810D102220C4B1A7200F033FC0300BA
S113917828B90A48FEF757FEF7F75AFB10BD072827
S113918801D10748F6E70F2B01D10648F2E7042B73
S1139198F4D10548EEE7C0460458002058CF000033
S11391A898CF0000B1CF0000D8CF000010B5044B11
S11391B81B78012B03D100F0B1FCFBF731FC10BD87
S11391C8EC570020012010B5034B1B78834202D1D1
S11391D8FCF762FA002010BDEC57002070B50A4A6B
S11391E8030012780C00100052B1084D190008222F
S11391F8280002F03BFF030000200BB90CB928003B
S113920870BD2370FBE7C0468858002058580020DA
S113921813B5040008220021684602F035FF08222D
S11392286946200002F022FF002360B10822FF21D2
S1139238684602F029FF08226946200002F016FF5A
S1139248431E9841C3B2180016BD0000F7B50500C7
S1139258170000260F4C019123682B4211D0636834
S11392682BB18021019A09065218934209D1227B15
S1139278607BA168FEF755FE236800B91E439D4331
S11392881DB1054B10349C42E6D10FB12E403E600F
S1139298F7BDC04620DD000050DD000070B50500B4
S11392A8094C23682B420AD063685B003BB9227BD4
S11392B8607BA168FEF72FFE23689D431DB1034B15
S11392C810349C42EDD170BD20DD000050DD00005B
S11392D8030001201BB10020014A127A1A7070475A
S11392E80458002010B5FBF767FB10BD10B5FBF759
S11392F87DFB0400FBF794FB200010BD30B5010092
S1139308042485B0A8B1082201A802F026FF002091
S113931801A9FBF735FF040058B9074D08222800B6
S113932801A902F0A3FE20B10822280001A902F035
S113933814FF200005B030BD0E5800207FB505008D
S11393480424B0B1002001A9FBF7DAFE040080B9B7
S1139358094E0822300001A902F088FE20B1082233
S1139368300001A902F0F9FE0822280001A902F040
S1139378F4FE200004B070BD0E5800201FB501A9EA
S1139388040008700120FBF7FBFE08B9014B9C742C
S113939804B010BD0458002030B5040085B0042082
S11393A83CB101AD29000338FBF7AAFE08B92B78B4
S11393B8237005B030BD00001FB501A90400087072
S11393C80220FBF7DDFE08B9014BDC7404B010BDC4
S11393D80458002030B5040085B004203CB101AD28
S11393E829000238FBF78CFE08B92B78237005B0E6
S11393F830BD00001FB501A9040008700320FBF765
S1139408BFFE28B91422034B9A56A24200D01C75F9
S113941804B010BD0458002030B5040085B0042001
S113942874B101AD29000138FBF76AFE40B9002385
S11394381421044AEB565156994200D013752370EF
S113944805B030BD045800201FB501A904000870F8
S11394580420FBF795FE20B9034B5A7DA24200D0A5
S11394685C7504B010BDC0460458002030B5040033
S113947885B004205CB101AD2900FBF741FE30B989
S1139488044A2B78517D994200D05375237005B056
S113949830BDC046045800201FB501A90400087057
S11394A80520FBF76DFE20B9034B9A7DA24200D03C
S11394B89C7504B010BDC0460458002030B50400A3
S11394C885B0042064B101AD29000130FBF718FE12
S11394D830B9044A2B78917D994200D09375237052
S11394E805B030BD045800201FB50C000822010047
S11394F801A802F032FE01A906200394FBF740FEFE
S113950804B010BD87231840034BDA7D824200D093
S1139518D87500207047C046045800200300042072
S11395281BB10020014AD27D1A70704704580020EC
S113953830B5040087B001AD14220021280002F0E0
S1139548A3FD24B10822210002A802F006FE044B60
S11395582800DB7D2B73FBF75BFF07B030BDC046EB
S1139568045800207FB50100042069B101236A462C
S113957802A81371082202F0F0FD6A46034B01A801
S1139588DB7D1374FBF744FF07B000BD04580020CB
S1139598030010B504200C0086B07BB10222694692
S11395A802A80A711900063202F0D7FD6A46044B74
S11395B801A8DB7D05941374FBF72AFF06B010BDE0
S11395C80458002010B5FDF7BDFD10BD014B1876F9
S11395D80020704704580020030004201BB1002019
S11395E8014A127E1A70704704580020F0B506002C
S11395F889B01700042000910193002E62D0102234
S1139608002104A802F040FD009B0BB904AB0093B1
S113961807B904AF02ABDD1D29003000FFF7DEFDFA
S1139628040030B9284B01201B78002B4AD12C7038
S1139638264C230030331B78002533B90822310027
S11396482000802502F089FD2D0626000836102208
S11396583000009902F00AFD38B110223000009958
S113966802F07BFD8023DB051D43260018361022FB
S11396783900300002F0FAFC38B110223900300009
S113968802F06BFD80239B051D43A36A019A934254
S113969803D080235B05A2621D43E36A0E9A9342BA
S11396A80AD080231B05E2621D4302AB0022280076
S11396B8D979FFF7CBFD01E0002DF6D10123002075
S11396C83034237009B0F0BD885800205858002061
S11396D8F7B505000E00042480B179B101270023F1
S11396E87F421A000097FBF7B7FD040030B9030066
S11396F80200310028000097FFF778FF2000FEBD24
S113970873B504230D0078B16B46DE1D3100FFF7F5
S113971865FD0123040038B1183410222900200003
S113972802F0A4FC10B90023180076BD2900102209
S1139738200002F012FD8020002231788005FFF716
S113974885FDF0E737B50C00042250B16B46DD1DEA
S11397582900FFF743FD012218B1826AA24202D10F
S1139768002210003EBD8462802000222978400532
S1139778FFF76CFDF4E737B50C00042250B16B46D3
S1139788DD1D2900FFF72AFD012218B1C26AA24291
S113979802D1002210003EBDC46280200022297834
S11397A80005FFF753FDF4E710B5044C2000F7F764
S11397B8C7FB0023033C237010BDC046305800206B
S11397C8F8B50D4E350028352B78A3B10B4F082278
S11397D8390002F04BFC040068B9FFF7E5FF0822E2
S11397E82100380002F050FC220021000620F46118
S11397F82C70FFF72BFDF8BD0458002024580020D6
S1139808F7B5040000282CD06B46D91DFFF7E6FCF9
S1139818050008B90120FEBD2000FFF7D1FF34225E
S11398280021280002F030FC6B46F82000220006D4
S1139838D979FFF70BFD0020EDE72800FFF7C0FFFB
S113984821003422280002F01FFC220021003000ED
S1139858FFF7FCFC3C0034356B46DC71002CECD083
S1139868D8E7F8260127014D3606F5E758580020B1
S113987870B50500FBF70EFD040010B92800FFF7CA
S1139888BFFF200070BD000013B50020FBF702FDE8
S11398980F4C2000FFF7BCFC230030331870002362
S11398A80C491A0090B1C85C00B10A000133102BAE
S11398B8F9D1094B0949181DC06F0090DB6F2000CE
S11398C8FBF7CAFC10B12000FFF79AFF13BDC0468E
S11398D85858002070580020045800206058002070
S11398E810B50A4C230028331B786BB1FFF75CFFD3
S11398F8E3694BB140F2E831054C59432000F7F7CE
S11399081DFC2000F7F78EFB10BDC046045800204C
S113991830580020F0B50E0015001F00042487B04D
S113992808B119B92AB1200007B0F0BD0424EE2A01
S1139938F9D801AC01000822200002F00EFC064B05
S11399482573E7810396DB7D20002374FBF7BCFCB9
S11399580400FFF7C5FFE6E70458002070B58EB091
S113996838220021684602F08FFB154E38226946DA
S1139978300002F07BFB134D38B100212800FFF7BB
S11399882DFC040088B1012333730F4C2800E169CE
S1139998FFF7AAFD28340D480D49F7F7A1FA2378F3
S11399A80BB1FFF79DFF0EB070BD010038223000E7
S11399B802F06AFB220021000620FFF747FCE4E7D7
S11399C82058002024580020045800203058002033
S11399D8859000002148224B70B50360214B224C2E
S11399E84360224B8360224BC360224B0361217A7C
S11399F8FAF726FF050078BB1F4E3000FFF77EFC00
S1139A0810B13000FFF79AFCA07CFFF7B7FC10B147
S1139A181A48FFF7C1FCE07CFFF7CEFC10B11848E8
S1139A28FFF7D8FC14202056FFF7E4FC10B11548C2
S1139A38FFF7F2FC607DFFF707FD10B11248FFF74E
S1139A4815FDA07DFFF728FD10B11048FFF736FD7E
S1139A58FFF71AFFFFF782FF280070BDF0570020B8
S1139A68A98D0000E98D000004580020BD8E000077
S1139A78898F00002D9000000E58002016580020F1
S1139A881758002018580020195800201A58002088
S1139A9870B507240A280ED840F27D630125C34017
S1139AA82B4208D0054B1872FFF794FF040010B935
S1139AB82800FEF75DFB200070BDC0460458002056
S1139AC8F8B504000E0018B3124F0100082238003C
S1139AD802F0CCFA002528B108222100380002F04F
S1139AE83CFB04350C4CE369B34202D00223E66123
S1139AF81D433800E169FFF7F7FC25B1002228006F
S1139B081100FFF7A3FB012328342370FFF7E8FEB5
S1139B18F8BDC046245800200458002070B50F4DE5
S1139B2803242B0028331B78B3B12B0029331A786C
S1139B3800248AB11C70EE7D032332009A432B0063
S1139B48EA7550331A78064923000648FFF7E2FEFF
S1139B58EE750400FFF736F8200070BD04580020A5
S1139B68445800202458002070B5114C08220021C4
S1139B78200002F089FA0120FFF790FB0822200058
S1139B880C4902F073FA050001207DB9637A834217
S1139B980CD10530FFF782FBF8200006FFF77EFBA7
S1139BA80548FFF735FB84342070280070BDC04693
S1139BB80458002078DF00005858002037B50125E4
S1139BC80400284209D008220D490E4802F0C5FABB
S1139BD80021280001AAFFF739FB062320001840BA
S1139BE81C4203D0002101AAFFF730FBE40EE00673
S1139BF81CB1002101AAFFF729FB00203EBDC04685
S1139C0807D000000458002010B5FEF7C9FA10BDAB
S1139C1810B518B90122054B1A7010BD0228FCD1E1
S1139C280349044801F082FAF7E7C04690C07E4031
S1139C381CE100008C58002010B5FFF7E5FF002058
S1139C4810BD0B6802781B0E534003700B684278F2
S1139C581B0C534043700B6882781B0A5340837073
S1139C680B68C2785340C3704B6802791B0E53408B
S1139C7803714B6842791B0C534043714B688279DA
S1139C881B0A534083714B68C2795340C3718B6874
S1139C98027A1B0E534003728B68427A1B0C5340A2
S1139CA843728B68827A1B0A534083728B68C27A28
S1139CB85340C372CB68027B1B0E53400373CB68BB
S1139CC8427B1B0C53404373CB68827B1B0A534073
S1139CD88373CB68C27B5340C37370470300044942
S1139CE8103302788A5C027001309842F9D17047C7
S1139CF808E300001FB56A4603781370437953706C
S1139D08837A9370C37BD37003791371437A537145
S1139D18837B9371C378D371037A1372437B537231
S1139D2883789372C379D372037B13734378537321
S1139D3883799373C37AD3731023190000F0EDF871
S1139D4805B000BDF8B5060008780C0000F0F6F878
S1139D580500607800F0F2F8A27863785340E2785E
S1139D6853405D40684030706078277800F0E6F82A
S1139D780500A07800F0E2F8A378E2787B4053402D
S1139D885D406840707063782778A0785F4000F081
S1139D98D5F80500E07800F0D1F8E3785F407D401D
S1139DA86840B070207800F0C9F86278237853408E
S1139DB8A27853405840C5B2E07800F0BFF8454057
S1139DC8F570F8BDF0B58DB001AC22000500244B48
S1139DD8C1CBC1C2C1CBC1C2C1CBC1C241CB41C23B
S1139DE82800DDB30800C9B328000D0002001035AF
S1139DF80B784E781B0636043343CE7833438E787B
S1139E0804313602334308C28D42F1D1042240F2B0
S1139E18180CFF27134E0321C3680A4216D1614662
S1139E28CB41190E755C19003940715C2D060D4340
S1139E38190C39401B0A715C3B40F35C0904294343
S1139E481B020B439108890061584B400168013299
S1139E584B40036104302C2ADDD101200DB0F0BD44
S1139E6808E4000008E30000F0B5050014008BB016
S1139E78002850D0080000294DD01000002A4AD0EC
S1139E8810230A0002A8190000F047F8210002A8CC
S1139E98FFF7D7FE230026001027A03310360193BE
S1139EA802A8FFF71BFF02A8FFF724FF02A906A8D0
S1139EB8FFF748FF03A907A8FFF744FF04A908A868
S1139EC8FFF740FF05A909A8FFF73CFF3B0039004D
S1139ED806AA02A800F021F8310002A8FFF7B1FE93
S1139EE8019B10369E42DBD102A8FFF7F7FE02A8B9
S1139EF8FFF700FF210002A8A031FFF7A2FE1023FC
S1139F0802AA1900280000F008F802A8102200216B
S1139F1800F010F801200BB0F0BD70B50D001C0066
S1139F281100AB4204D81A0002F017F9200070BDE2
S1139F380024FBE710B502F0A7F810BD02001B23AC
S1139F48C0094042184052005040C0B2704730B572
S1139F581D00836949005B690400C95A222031B194
S1139F68E0680B18095A002004332960136030BDD7
S1139F78030070B5002504000833DB6F05609A6898
S1139F8818685269904728006560A56070BD0A2367
S1139F9870B58360036C0100013303640300083364
S1139FA8DC6FC268A36820685D6840310823A8474D
S1139FB870BD41B1436813B14368022B03D1042334
S1139FC84360033B83607047F0B585B00193002379
S1139FD88377030008330400D86F83680068DD685A
S1139FE802AB0733A8470500E0B90600A37F104F6A
S1139FF833B901210136080001F022FDBE42F5D132
S113A008230058331A7801990A70BE420DD01A7881
S113A018022A07D01A78032A04D040F2F4151B78D0
S113A02859342370280005B0F0BD1425FAE7C0465A
S113A03840420F000223F0B5060085B002AAD3718E
S113A048C268040015004BF6AD6788363368019181
S113A0589B180835436163699D421BD2019BB3B1C8
S113A06802AB0422290020000733FFF7ADFFA0B993
S113A07802ABDB79022B0DD0A1693368CA68288842
S113A0880A3252009B1A834209D2212003E0A36EAC
S113A0989D42F1D10020A566256105B0F0BD0322DB
S113A0A8EB1D1B1893435A88BA42EED11A884869A3
S113A0B8E1685200691A11521A881D1DE265CAE73F
S113A0C810B50400436E0021C36083691A69586996
S113A0D80132520001F0D8FF00212000FFF7AAFF47
S113A0E810BDF8B504000325836949005869626EF8
S113A0F8435A26699B18E3671B88221D0B33AB431D
S113A108D367E2689B19B71A475221008831096856
S113A11800205218934205D92000FFF7D1FF0123EC
S113A1286560A360F8BD0000030070B5002608331D
S113A13886770400D86F836800689B689847050091
S113A14848B1280070BD0121080001F079FC0A4BD0
S113A15801369E420DD0A37F002BF4D02300583340
S113A1681A78002AEDD01B78593440F2F41523707C
S113A178E7E71425E5E7C04640420F00F8B5436811
S113A18804000020032B22D0261DF56F202D00D9B2
S113A198202527001F372A003800E16F01F0DDFF72
S113A1A80623A36023000833D86F39008368226923
S113A1B85B6800689C462B006746B84723695B19AF
S113A1C82361E36F5B19E367F36F5B1BF367F8BD08
S113A1D810B504008369616F1A690131914200D98D
S113A1E8002161675A694800825A002AF3D0236F14
S113A1F88B4207D02000FFF774FF10B92000FFF747
S113A208BDFF10BD23692000A367FFF7C0FEF8E770
S113A218F7B50400019308000223A56911002E690B
S113A22863602066984207D000216B694A009A5AF5
S113A23812B901318E42F9D223008833E7681A68CB
S113A248BB189C462B68AD685D19654500D063460C
S113A258D2186766E36062618E4215D308332361BE
S113A2688BB223676367022805D12000089B019AF3
S113A27800F00EF8FEBD2000FFF733FF0028F9D1E7
S113A2882000FFF77BFFF5E72000FFF780FEF1E7EA
S113A29873B51C000326150002690B34A418B443D3
S113A2A84669B44214D804005034218001000600E1
S113A2B848310B80C3684A36D31A33800223C564F5
S113A2C88360606B836800685C680423A04776BD7C
S113A2D80A00009302212B00FFF79AFFF7E770B5F5
S113A2E80500FFF7D5FF040001002800FFF761FE11
S113A2F8200070BD8369F0B51A69050001325869F8
S113A3085200002185B001F0BFFE00234FF6FF7212
S113A318AB77EA65EB600193AB6901995A6891429E
S113A32801D300243BE02F008837019A3E681B685C
S113A3385643F61802AB0822310028000733FFF70A
S113A34843FE040058BB02ABDB79022B14D102ABE9
S113A358310028003A680733FFF736FE0400F0B9E5
S113A36802ABDB79032B43D13A68120A3100280087
S113A378FFF7DAFE040011E04BF6AD62F38893426E
S113A388F2D1E96899B33A6830680B68120A9842BE
S113A398ECD92800FFF7C8FE0400EE6044B3EB686C
S113A3A84BBBAB6929001A689B688831D2182B000B
S113A3B809680833521AEA609CBB22492C64D9877D
S113A3C82900D86FAC77836840315C68006808233B
S113A3D8A047040028BBAB7F33BB0121080001F070
S113A3E82FFB194B01349C42F5D1142426E0EE606E
S113A3F8019B01338FE7212C0ED101260023012173
S113A4082800AB83FFF716FE0400212816D0A8B94C
S113A4182EB90123AB6011E084B90026EEE72124AC
S113A4280CE0212C0AD1E8E72B0058331A78012ACA
S113A438F3D040F2F4141B7859352B70200005B082
S113A448F0BDC046ADBEFFFF40420F00002370B50B
S113A4588360836905009A681968120AFFF764FE25
S113A468040018B92800FFF745FF0400280021005C
S113A478FFF79FFD200070BDF7B54D688A68070097
S113A488B2FBF5F204000B6A81611B688830083757
S113A498FB67026025480022606460652000244D43
S113A4A8903025658D69C9692264A264E26481607B
S113A4B82100943105600A609A6803CB12689047BA
S113A4C8060008BBA0602000FFF714FF0500212840
S113A4D81CD133003200310020000096FFF798FEAB
S113A4E8050058B9A368012B1AD00121080001F00E
S113A4F8A7FA104B01359D42F4D11425FB6F2E00A9
S113A5089A681868526990473000FEBD0028F5D152
S113A518E3681B68236400236360074B2360F3E745
S113A5286368042BF4D140F2F415E7E70000ADBEEC
S113A538FFFFADBE404B4C0045455652F0B584680C
S113A5480023250087B00093037858352B70A3683F
S113A5581BB90133A37707B0F0BD2B78012B00D0CA
S113A568DCE0A0680238082800D9B3E001F072FBE7
S113A578058B359FB8B2B2B2C000236903250433F2
S113A58801932361230048331B88E76C1A002A408F
S113A598A56002922B420AD1A56022003900083234
S113A5A8D06F82685568019A0068A84739E0032B80
S113A5B80FD826008C3604220021300001F064FDF7
S113A5C839003000029A01F0C8FD37000423A56061
S113A5D8E3E70422AB43A260DFE7230048331E8885
S113A5E82500032733008C35BB43042200212800AF
S113A5F8A760019301F048FD3200019BE16C3A40E9
S113A608C918280001F0A9FD2269019B29009A189C
S113A61823000833D86F2261836800685E680423C6
S113A628B04701002000FFF7C4FCA368012B00D049
S113A63891E7230090331A68002A00D18BE76368F6
S113A648002B00D084E0A368013B591E8B41DBB288
S113A65804A90B702300943498331B6820684B605A
S113A668002877D00378009343680393030060C9F4
S113A67860C390472368002B00D16CE7009A1A70D6
S113A688039A5A6067E7230048331B8821695A18DC
S113A6989B0700D00A1D0523A3602300210008336B
S113A6A8D86F2261836850315D6804237CE72300F6
S113A6B8210050331A882369E265043323614A313F
S113A6C80888A169520049695052626822B9013266
S113A6D8A260A3660020A4E72000FFF779FDA0E7A5
S113A6E8231DDB6F2000002BF7D0FFF747FD98E709
S113A6F8230088331A68E368616E9B18636100233A
S113A7082377A36F120A23610B23A3602300083362
S113A718D86F836800689B68984782E72B7823B9C9
S113A728009B63600123A360D4E763680098022B4D
S113A73805D1A3680B2B02D02000FFF7C1FC23002E
S113A7482A7859331A7004236360033BA36068E7CB
S113A75863687CE708008CE7016142610020704768
S113A768F0B5036A87B005009C4600910192CBB10D
S113A778406A02ACC0B122000100C8C9C8C2096855
S113A7881160EA69009B12788360019B026003717F
S113A798AA6AC260E0476B6A23B123CC23C31A00B8
S113A7A82368136007B0F0BD2000EAE7F8B54B69E9
S113A7B82F4A03628B6904008362002343620B7887
S113A7C80D00DB009B18C1618361EFF31081012345
S113A7D883F31088274B28485A6802405A605B68FC
S113A7E881F31088E169A269CF697B685878107190
S113A7F8097818788C466646204940F2300C88550A
S113A80803261B7808781B09334066461B01B043AE
S113A81803430B706B78E978DB00890018480B4315
S113A828A978415C05200B4379780B4339784900B2
S113A8380B43DBB2D37003239370803393700023EC
S113A8486361E360E333937029792200285601F0A9
S113A8588FF97B680121588801F0F2F80720A9795B
S113A8682856220001F084F9064B00206360F8BDE5
S113A87800340A40FC6F0440FF7FFFFF00350A40A4
S113A8883CE400005452415570B5C36904000720E4
S113A8980E001856150001F05BF9731CA36002231F
S113A8A80720A269013D9178E5600B439370E36941
S113A8B8185601F045F93278A36900201A7070BD62
S113A8C810B5EFF30383103B0D4A5BB29B00985815
S113A8D8C168836939B182680139147801321C70FE
S113A8E8C160826010BD9C7802222100114014428C
S113A8F803D0997891439970F4E7FFF731FFF1E7B2
S113A908785B002010B5EFF303830724103B104A4B
S113A9185BB29B00985882695178537994710D4AB7
S113A9282340D25CC9B212B1FFF71AFF10BD4369C4
S113A9380422002BF8D003691970036941690133B3
S113A9480139036141610029F0D10122ECE7C046D5
S113A958785B002034E400007047000030B50E4AEC
S113A968017A95794068D37A147B8B432943C56966
S113A9780078E4B2032804D12878012806D01020EE
S113A988834314730020D372917130BD04201425BD
S113A9980443AB430143F4E700380A40030000785A
S113A9A800B5032808D801F055F9020810141B7CD7
S113A9B80C4AC9B29B18197000BD1B7C094A5B0874
S113A9C85B009B1889B21980F6E7064B0A0C5A807B
S113A9D8F8E7DB691B78012BEED1024B89B2598069
S113A9E8EAE7C04600380A404B69F7B5C3608B698B
S113A9F84160036101230A7C0C00190091400500A1
S113AA080172EFF3108183F310881020294BDA6860
S113AA188243DA60DB6881F310880F23264926789D
S113AA288A791A40B301DBB20193032E0ED1083898
S113AA38CABBE069037840783340C000053630402B
S113AA480343802003438B7240230193887A44266E
S113AA58C00900B9403E194B1878471C1F7010B93B
S113AA68019B1A438A7101206B68CE711B7C267A7C
S113AA785908034006309B00304098400300104AB0
S113AA8889180A781343DBB20B7061686868013966
S113AA98FFF784FF12202056002803DB2A00617C7C
S113AAA801F066F800206B68064A1B7C9B009D50E9
S113AAB8FEBDC046FC6F044000380A403C5B0020E1
S113AAC808380A40405B00204289024B00209A86DD
S113AAD87047C046FE260A4030B5020085B0EFF341
S113AAE80383103B12495BB29B005D586C68E369B1
S113AAF8597800230439022905D8237C0D4A5B00C0
S113AB089B5A02229BB2E96879B12D6901A80271A6
S113AB180195022A07D1227C064C90325200125B1E
S113AB28120401329B188360884705B030BDC046C3
S113AB38785B002000260A4030B5C5694C1E6B7846
S113AB48032B04D1AB79022B01D04C08013C037CC4
S113AB58022006495B005B18A9788143012902D1C8
S113AB68013AD2B25A70A4B21C8030BD00260A4001
S113AB78F8B50C000E7C01210B00B3400381636916
S113AB880500C360A36944600361EFF3108081F397
S113AB981088224BDA688A43DA60DB6880F310880D
S113ABA8E2691178D379C907C90F9B030B439178DC
S113ABB8481E8141C9020B43517819484900095A72
S113ABC880200B4317499BB20887217C164888319B
S113ABD849000B52128920006168FFF7ADFF40F26B
S113ABE80011E7691220BA781302013A0B40511E8A
S113ABF88A411343B3406B812056002803DB2A00A3
S113AC08617C00F0B5FF0B203856002803DB2A00CE
S113AC18B97A00F0ADFF0020F8BDC046FC6F0440CF
S113AC2840E40000FE260A4000260A4010B5002031
S113AC38FFF752FF10BD436810B5C4681A78FF21A6
S113AC48436904B1E15C84685200013311534361E0
S113AC5810BD436882681B785B009B5A02699BB2EB
S113AC680AB18169535483690133836170470000D1
S113AC78F0B50B6A87B001935B795D4A41609B1814
S113AC8800225B0283608B6904004362CB690D0078
S113AC988362431CDA77EFF31087012383F3108868
S113ACA81E000198534A4079516806308640B143E2
S113ACB85160526887F310886168A0680A6A029034
S113ACC808788446487A870306009078074320204A
S113ACD8384380B2039010790490D77800037F0337
S113ACE80743487B4449C00138430143029889B269
S113ACF80591FE30418D89B2002E00D06DE00385A8
S113AD081078039EC0030643B0B20390604608302F
S113AD18834052780498520292B29BB201285AD1C5
S113AD289943634601209840029F80B2814304916D
S113AD38FE37BB8D029E0343BB85634640F2FE0C7F
S113AD485B00F3189C446646039971826146059E2C
S113AD584E831A80049B22007B85B8840320E979FA
S113AD68285600F005FF254B23606B7A012B2FD161
S113AD78EFF3108083F31088214B196819B9214A1D
S113AD881170403111701A6801321A6080F310880A
S113AD984FF6FB74019A01981189C0680A0A1201D6
S113ADA8C9B252181849204052005052EFF310818A
S113ADB8012282F310881A6812B11A68013A1A60DB
S113ADC81A681AB90F4B1A7080321A7081F31088F6
S113ADD8002007B0F0BD1943A3E753796246134333
S113ADE823B90A4A0433D0780343D370002298E77E
S113ADF810052000FC6F044007C0FFFF5355415362
S113AE08745B002040030A4000020A4000100A4014
S113AE18F0B585B003920AAA029101931178421CF5
S113AE28D27F08248ABB01273C00456882682B78B6
S113AE3816009C40BB409C46A4B2FE366244F4848F
S113AE48FE32538B0739BB431F000B00594259414B
S113AE5839435183B4842C6A518AA47889B2012C69
S113AE6805D1019BA143022B00D92143518200241F
S113AE780122019B4461C361029B8461C360039BFB
S113AE880361431CDA77FFF7D6FE200005B0F0BD56
S113AE9813B504AC24780094FFF7BAFF16BD00007C
S113AEA8F0B585B0EFF30383103B214A5BB29B00F6
S113AEB89C5863681D78A3686A009B180122FE33B6
S113AEC8598811420AD05A81042301A801950371B3
S113AED8A36A8360636A984705B0F0BD5B8A1E0065
S113AEE89FB21640134202D06369012B02D9200095
S113AEF8FFF7AFFE6269E3699A4203D22000FFF7C5
S113AF089AFEE9E736B1012388359F43A3686D00AB
S113AF18EF52E1E7636801A81B78019301230371E9
S113AF28A36A8360636A01349847E677D4E7C04626
S113AF38785B002070B50400012000F049FE2278F7
S113AF48002A35D0032A28D123002A33197801335B
S113AF581B7809025B02206A656A194348F20003F8
S113AF680B43032A1DD1220029321278D20113433C
S113AF78A168E26801432A4340F240340F489BB277
S113AF88015140F24431425040F660020C4901201C
S113AF988B5200F0F7FD002070BD00210D00080061
S113AFA8DCE7022AE4D122002B3212785202DEE7CF
S113AFB8293423781100DB01DEE7C0460060004035
S113AFC800E0014010B5040008006160FFF7B2FF1B
S113AFD808B9014B236010BD4D504C5210B5040004
S113AFE8012000F0F5FD62681178022905D00023DC
S113AFF803290DD12832127852B9134B1A68002349
S113B0085202D10F9A4203DB104A137B1173DBB24D
S113B01840F660020E498A5ABFF34F8F30BF626808
S113B0281178022904D0032908D1283212782AB9C0
S113B038054A1268520201D4044A1373012000F02D
S113B048A1FD002010BDC046FC6F04400054004020
S113B05800E00140EFF31080012383F31088064BCE
S113B068196819B9054A1170403111701A6801320A
S113B0781A6080F310887047745B002040030A400C
S113B088EFF31081012383F31088074B1A6812B178
S113B0981A68013A1A601A681AB9044B1A7080328D
S113B0A81A7081F310887047745B002040030A40CB
S113B0B80B0A1B01C9B25B1803495B005B5A0020E9
S113B0C89B07DB0F1370704700020A400123C8B2C4
S113B0D8834000209BB20AB918001300034A090AE6
S113B0E849018918088100204B81704700000A40F3
S113B0F8F8B50400FF25FFF7ADFF002220880A4EAB
S113B10893B2984202D8FFF7BBFFF8BD6168D30039
S113B118C9188F8809683B0A1B012F40DB1989B2BB
S113B1285B0099530132EBE700020A4010B5034B68
S113B13803600800FFF7DCFF002010BD54524F5095
S113B14870B5040002200856094A20718B68A36070
S113B158CB68E3600B786371CD78D554002803DBA2
S113B1682200497800F0C2FC024B0020236070BD25
S113B178006000405543490010B5007940B200F022
S113B188DFFC002010BD000007B5EFF30383103B7C
S113B198064A5BB29B009B583BB19A682AB159791D
S113B1A8DB68684601910093904707BD785B0020EF
S113B1B840F21A23044A0020D35A812213405A1E0B
S113B1C893410B707047C04600C07E40062070470C
S113B1D80620704706207047062070470A0010B5FD
S113B1E8034B11CB11C2034B11CB11C2002010BD6C
S113B1F868E4000050E40000062070470620704709
S113B2080620704706207047C36A0D4A10B59A187D
S113B2180133C362036B816A013B0363094B4C1C12
S113B22884621800140CFE3092B2448242811A00DF
S113B2380978FC3251638122FF335A7510BDC04628
S113B2480000F0BD00C07E404143032903D98908AA
S113B25801390029FCD17047264A030012682648A0
S113B26810B5264982420BD88A4209D02448824222
S113B27806D02448824203D040F2F610DA6010BDAA
S113B2882148224C1218B2FBF1F10800A24202D95B
S113B29801200840081840F28352D86006204A4327
S113B2A8B2FBF0F21A6140F276324A43B2FBF0F292
S113B2B85A6158224A43B2FBF0F29A61144A9960DF
S113B2C84A43B2FBF0F2DA61124A4A43B2FBF0F2A3
S113B2D81A62114A4A43B2FBF0F25A620F4B1A78C7
S113B2E8012A01D10020CAE701221A70FFF7ACFF36
S113B2F8F8E7C046305C0020FF083D0040420F00DC
S113B30880841E00C0C62D003F420F003F8AF7010B
S113B318B86A0500C0B0070068ED220090C07E40FE
S113B32844F6003313B5A522019340F28013F721A4
S113B3380F4CE2500F4B9D3A5A7059705A705B7813
S113B348934200D1C04681681020FFF77DFF40F288
S113B3581A22094BA352A35A98B203B916BD019BEA
S113B3681BB1019B013B0193F5E71420F6E7C046A6
S113B37800C07E40FFC07E4000AAFFFF13B51049FD
S113B38801900B6B5B0612D57F240E4B5A7D22402D
S113B3985A7500225A7501900B6B5B06D80F002B67
S113B3A808DA019B2BB1019B013B0193F4E7019B54
S113B3B80BB9142016BD019B013B0193E1E7C0467C
S113B3C8FCC07E40FFC07E40002310B50360436884
S113B3D8112018560300213301D000F0B9FB0020D6
S113B3E810BD0620704706207047000040F21A235B
S113B3F870B5114A114D8168EA5204000620FFF71E
S113B40823FF40F28013A522EF21EA500C4B953A12
S113B4185A7059705A705B78934200D1C046032021
S113B428A168FFF711FF63681A781AB1112018563A
S113B43800F086FB70BDC04680AAFFFF00C07E40B6
S113B448FFC07E4070B50400FFF7D0FFE3683F20DB
S113B45840F2D81209491F2B0BD9203B5B081F3334
S113B4688D58034085432B4320008B50FFF758FF2A
S113B47870BD1F25013B2B408D58F3E700C07E406B
S113B4880A7810B50B00040041602AB1112022008B
S113B498097C185600F02AFB230000223C332000C4
S113B4A81A70FFF7D9FE28B92000FFF7CBFF08B9B7
S113B4B8014B236010BDC0464E45504F10B50400E3
S113B4C8FFF7CAFE10B92000FFF7BCFF10BD00004B
S113B4D8030000223C3310B51A7040F21A23074ABD
S113B4E80400D35A0BB9FFF781FF0122044B200053
S113B4F89A6200229A62FFF713FF10BD00C07E40D3
S113B508FCC07E40F8B50500080016001F00FFF7D0
S113B51835FF0400142804D12800FFF7D9FF2000C0
S113B528F8BD40F2F0133400044AD3581C401E42BC
S113B538F5D02800FFF7CCFF3C00F0E700C07E40C0
S113B54810B5FFF7C5FF002010BD0000F7B50700D0
S113B55800263C373E700400150001910093FFF764
S113B56845FF1C4B019A9C461B481C496244467182
S113B5786B1E160C4E829B18194E92B24A811A0CF5
S113B5889BB272624B838323437563681B784BB108
S113B5980523009A3B70033B1370A369A36300253A
S113B5A82800FEBDA16940F2F81369431022200067
S113B5B8FFF7A8FF050040B9F36A009A1B07DB0FE1
S113B5C820001370FFF7ACFEE9E72000FFF780FFC7
S113B5D8E6E7C0460000F0BDFFC07E40FEC07E40E6
S113B5E8FCC07E4070B503634368C2621E780025C0
S113B5F833005A1E934102009B003C32816213704F
S113B608436904008363FFF7F1FE0D4B5D71236BFF
S113B61863B99DB92000FFF783FE0FE018231222B7
S113B6282000A16BFFF76EFF0500F0E735B9200095
S113B638FFF7EAFD002EF1D012236363280070BDE2
S113B648FFC07E40F7B5070000253C373D70040075
S113B65816000191FFF7CAFEFF23019A19499A437C
S113B6681300194A26639B18A3624D71190C8C4662
S113B678604632021549013AD2189BB248824B817E
S113B688130C9C466046124B92B2586284234A8338
S113B6980C4A537563681B786BB9216A1122200020
S113B6A871431933FFF72EFF050010B92000FFF787
S113B6B837FE2800FEBD01233B7010336363236A01
S113B6C8A363F6E7FFC07E400000F0BDFEC07E40E5
S113B6D8FCC07E4030B585B0EFF30383103B1D4AB0
S113B6E85BB29B009C58A06BFFF748FE142808D057
S113B6F840F2F013184A616BD2580B001340114200
S113B70812D02000FFF7E4FE0723200001AD2B70C0
S113B718FFF706FE62685368A3B1D2682800039253
S113B7280022029298470DE022003C321278012A46
S113B738EBD0042A08D1226B0123002AE5D020008B
S113B748FFF762FD05B030BD044BDB6A1B07DB0F56
S113B7580233DAE7785B002000C07E40FCC07E40FC
S113B7680A68030082604A68C2600020014A58607F
S113B7781A60704743474300034B8000C35819704D
S113B7881A788A42FCD17047CCE4000010B5012035
S113B79800F01EFA032000F071F8002000F018FAF7
S113B7A810BD0000094B0A4A1B6810B5934209D81A
S113B7B840F60B03074A0120D35C03B9022000F0CA
S113B7C85DF802E0044A9342F8D910BD305C0020C9
S113B7D880841E0000E0014000366E0110B5002090
S113B7E800F0D0F9FFF7DEFF012000F0CBF910BD1F
S113B7F810B50C00FFF7CAFF20000021FFF7BCFFBB
S113B808FFF7ECFF002010BD10B50C00002000F07D
S113B818DFF901212000FFF7AFFF002000F0B2F9A3
S113B828012000F0D5F9FFF7BDFF012000F0AAF9C7
S113B838002010BD40F20A2230B50F4B995C8909EB
S113B848814218D040F20B2401211D5D294319556A
S113B858022805D0995C8909022901D080219954CC
S113B86840F20A2240F20B218001C0B29854012010
S113B8785A5C82435A5430BD00C07E4010B5FFF76D
S113B888D9FF10BD40F623020F4B995C0F4A890774
S113B89809D540F622015B5C1BB193680C4A13601E
S113B8A870471369FAE740F62001595C890705D502
S113B8B840F61901595C5368CB40EFE740F618018C
S113B8C8595C1368F8E7C04600E00140884C002042
S113B8D8305C0020F8B540F623050127214C665D4D
S113B8E8BE436655665DB607F70FBC46002EF9DB06
S113B8F80127B84224D840F62105665DBE43665543
S113B908665DB607FCD4012640F6200588B9605D5B
S113B918B0436055605D8007FCD440F6180021549C
S113B92840F61901625440F61A02A354FFF7AAFF1D
S113B938F8BD615D0E436655615D8907FCD5EFE787
S113B94840F6220102280AD167540121605D0143AF
S113B95840F623006155215C8907FCD5E0E7604681
S113B9686054F2E700E001407047000040F6FE032F
S113B97870B5274A274C0025E252274B274ADD6039
S113B9881A60274A5A6048F200029A601A61FFF75F
S113B99879FF40F60003182240F62401E254635C60
S113B9A88BB1204B2048DA680240DA60DA687F26D7
S113B9B81E48C27A3240C2728022D86812040243F6
S113B9C8DA60DB68655440F60C03E25CDAB1002205
S113B9D8E2540320FFF72EFF002240F60803E25446
S113B9E840F61202A35CDB07FCD5002302211A00EF
S113B9F81800FFF76FFF0220FFF71CFF40F6FE0355
S113BA080B4AE25270BD40F24060FFF7ADFFE0E739
S113BA1803A5FFFF00E00140884C00200048E8012E
S113BA2800093D00FC6F0440FFFF7FFF002C0A4023
S113BA3800A5FFFF704701380028FCD170470000BB
S113BA484143124B70B51B68114D0C00B5FBF3F55F
S113BA58080040F2E8320023002100F00FF931B960
S113BA68B0FBF5F0800808B1FFF7E5FF70BDAD0045
S113BA78B4FBF5F040F2E8320023002100F0FEF8B0
S113BA880029F0D001204042EEE7C046305C002097
S113BA9800CA9A3BF8B540F24013002401270A4E25
S113BAA80A4A758CD35A1D402B00E3403B4206D00A
S113BAB8074AA3009B181B680BB1E0B298470134EE
S113BAC8092CF1D17586F8BDFE6000400060004085
S113BAD8505B00201F22430910401E3A824002494D
S113BAE860339B005A50704700E100E0F7B5FF2728
S113BAF8019283080A4A03269B009B183A0040F2E5
S113BB0800350640F6008901B2403940B1405C591D
S113BB18800094430C435C51019A024B1A50F7BDC0
S113BB2800E100E0785B00201F22430910401E3A20
S113BB38824002499B005A507047C04600E100E029
S113BB4810B50400FFF7C6FF2000FFF7EDFF10BD96
S113BB581F22430910401E3A8240044920339B00A7
S113BB685A50BFF34F8FBFF36F8F704700E100E067
S113BB7810B50400FFF7BAFF2000FFF7E1FF10BD7E
S113BB887047000030B5EFF31082012383F3108867
S113BB9898400B49435A1BB10B5A013B9BB20B52B9
S113BBA80B5A53B940F6FE01064C074B655A185A0E
S113BBB8064B2B4383439BB2635282F3108830BDF8
S113BBC8205C002000E00140E0E4000000A5FFFF45
S113BBD870B5EFF31081012383F3108898400A4A63
S113BBE8835A53B940F6FE04084D094E2B5B865B15
S113BBF833434AF2005633432B53135A01339BB24F
S113BC08135281F3108870BD205C002000E00140CD
S113BC18E0E40000030010B503240A4A0A48116846
S113BC280333A34308185B1840F200418B4206D93A
S113BC3800F08AFA0C2303600120404210BD13600F
S113BC48FCE7C0462C5C00208840002000BE7047FA
S113BC587047000002B4714649084900095C49006C
S113BC688E4402BC7047C04603B47146490840007C
S113BC784900095A49008E4403BC7047F0B54FF691
S113BC88FF750400CE462C40474615400E00290097
S113BC98994680B5130C0700000C6143454358438B
S113BCA863430C0C5B19E4188C46A54203D9802322
S113BCB85B0298464044230C61461B184FF6FF70FC
S113BCC80840494656437943240489192018C91859
S113BCD8C0BCB946B046F0BD002310B504000360EB
S113BCE84360836081814366C281036143618361E8
S113BCF8190008225C3000F0C7F90B4B2462636218
S113BD080A4BA3620A4BE3620A4B23630A4B9C4225
S113BD1805D00A4B9C4202D0094B9C4203D1200017
S113BD28583000F017FA10BDDDBF000005C0000050
S113BD383DC0000069C00000345C00209C5C002009
S113BD48045D002010B5034A0349044800F06AF86A
S113BD5810BDC0462840002091C40000384000208F
S113BD6841680B4B10B50400994201D000F08CFBDC
S113BD78A168084B994202D0200000F085FBE168D5
S113BD88054B994202D0200000F07EFB10BDC0464E
S113BD98345C00209C5C0020045D002010B5094B35
S113BDA8094A04211A6009480022FFF795FF012275
S113BDB809210748FFF790FF022212210548FFF7DF
S113BDC88BFF10BD6C5D00204DBD0000345C00206D
S113BDD89C5C0020045D002010B5024800F0BBF90B
S113BDE810BDC046755D002010B5024800F0B4F9D6
S113BDF810BDC046755D002010B50400FFF7ECFFC8
S113BE08236A13B1FFF7F0FF10BD044B2362044B00
S113BE181B68002BF6D1FFF7C1FFF3E769BD0000EB
S113BE286C5D0020F7B51400002600900191A56808
S113BE386768013F04D52468002CF8D13000FEBDA2
S113BE48AB89012B08D90E22AB5E013304D029003B
S113BE580098019B984706436835EAE710B5034BF9
S113BE6801001868826800F09FFB10BD3440002070
S113BE78F0B51D00554B85B01E6804000F000092F4
S113BE8826B1336A13B93000FFF7B6FF009B022BC3
S113BE9805D0012B00D996E0002D00DA93E0636EFB
S113BEA8DB0705D4A3899B0502D4A06D00F053F9E0
S113BEB82100300000F0E8FA616B41B123004433FB
S113BEC8994202D0300000F059F90023636300233B
S113BED8A3616360A3891B0603D53000216900F0C0
S113BEE84DF9A3893A4A1340A381009B022B60D0E1
S113BEF803AB2100300002AA00F0EEFAA389034341
S113BF08A3812DBB029D280000F080F9019507004C
S113BF18002848D1029B0193AB423ED101256D42D2
S113BF280C22A35E02221A43A2810022A2602200EC
S113BF384732226022610122616E6261114204D19A
S113BF489B0502D4A06D00F007F9280005B0F0BDE8
S113BF58002FD8D0336A13B93000FFF74DFF009B88
S113BF68012B03D1A389009A1A43A2810C22A35E50
S113BF7808221900276027616561114013421CD00B
S113BF88DA0718D500226D42A260A561626ED20755
S113BF9801D49B0513D50025D7E7019800F036F99D
S113BFA807000028BAD08023A289019D1343A381E6
S113BFB8D0E70025B4E7A560E8E7A160E6E7A06D4F
S113BFC800F0CAF8E7E701256D42BEE734400020D7
S113BFD85CF3FFFF70B50C000E25495F00F090F884
S113BFE8002803DB636D1B18636570BDA389024ACF
S113BFF81340A381F9E7C046FFEFFFFFF8B51F0020
S113C0088B8905000C001600DB0505D50E23C95ED7
S113C0180022022300F062F8A389054A280013408D
S113C028A38132000E23E15E3B0000F07BF8F8BDEB
S113C038FFEFFFFF70B50C000E25495F00F04EF8C6
S113C048A389421C03D1054A1340A38170BD41F260
S113C05800021343A3816065F8E7C046FFEFFFFFC2
S113C06810B50E23C95E00F029F810BD30B50024C0
S113C0780139A24201D1002005E0035D01340D5DC0
S113C088AB42F6D0581B30BD03008218934200D14E
S113C098704719700133F9E730B5050010005AB13B
S113C0A80024013A2B5D085D834204D1944202D0F6
S113C0B80134002BF6D1181A30BD0000002370B5E6
S113C0C8054D040008002B6000F0E2FB431C02D17C
S113C0D82B6803B1236070BD705D002070B5040047
S113C0E8080011001A000023044D2B6000F0BFFB68
S113C0F8431C02D12B6803B1236070BD705D00201E
S113C10870B50400080011001A000023044D2B60C8
S113C118FBF75EF8431C02D12B6803B1236070BDA2
S113C128705D002070B50400080011001A00002397
S113C138044D2B60FBF73EF8431C02D12B6803B176
S113C148236070BD705D0020014B18687047C046BD
S113C15834400020704770477047002310B59A4256
S113C16800D110BDCC5CC4540133F8E70023C25C91
S113C1780133002AFBD1581E7047000070B5050032
S113C1880C0079B1043C2368002B00DAE418280079
S113C19800F0E8F81C4A13682BB96360146028009F
S113C1A800F0E8F870BDA34208D9206821188B4232
S113C1B8F3D119685B6809182160EEE71A005B6817
S113C1C80BB1A342FAD911685018A0420BD12068C8
S113C1D80918501811608342E1D118685B68411846
S113C1E811605360DBE7A04202D90C232B60D6E729
S113C1F8206821188B4203D119685B6809182160EB
S113C20863605460CBE7C0467C5D002010B5034BE7
S113C2180100186800F026F810BDC046344000201C
S113C22870B50F4E0D003168040011B900F0A8FA7A
S113C23830602900200000F0A3FA431C03D1012533
S113C2486D42280070BD0323C51C9D43A842F8D045
S113C258291A200000F094FA0130F2D1EFE7C04621
S113C268785D0020F7B50322CB1C934308330500FF
S113C2781F000C2B34D20C27B94233D8384E28006F
S113C28800F070F833681C00002C2FD13900280006
S113C298FFF7C6FF0400431C5FD134680094009B79
S113C2A8002B4AD1002C52D023682800E3180099A7
S113C2B8019300F065FA019B834248D12368280062
S113C2C8FF1A3900FFF7ACFF013040D02368DB19AF
S113C2D8236033685A68002A33D1009B336019E01D
S113C2E8002BC9DA0C232B600020FEBD2168C91B72
S113C2F820D40B290AD9E2192760A34204D1326059
S113C30863681160536005E05A60F9E76268A34204
S113C3180ED13260280000F02DF8200007220B30DF
S113C328231D9043C21A9842DFD01B1AA350DCE79E
S113C3385A60EFE723006468A6E7009C63680093EB
S113C348ADE71A005B68A342FBD10023DAE70C23AC
S113C35828002B6000F00EF8C6E70760DAE7C0464D
S113C3687C5D002010B50248FFF7F5FE10BDC046FD
S113C378745D002010B50248FFF7EEFE10BDC046FC
S113C388745D0020F7B50C228B5E05000C001A07BB
S113C39853D44A68002A02DC0A6C002A4BDDE76A97
S113C3A8002F48D0002241F200002E682A601A00AB
S113C3B8216A0240034230D0626DA3895B0705D528
S113C3C86368D21A636B0BB1236CD21A002328005A
S113C3D8E76A216AB847A289431C06D129681D293E
S113C3E844D8284BCB40DB0740D50023636023693E
S113C3F82360D20404D5431C01D12B6803B96065BA
S113C408616B2E60B9B123004433994202D02800ED
S113C418FFF7B4FE002363630DE001232800B84747
S113C4280200431CC9D12B68002BC6D01D2B01D098
S113C438162B1AD12E6000201EE00E69002EFAD0A9
S113C4480F680E60BA1B019200229B0700D14A694B
S113C458A260019B002BEEDDA36A32001F002800B6
S113C468019B216AB847002807DCA28940230120E0
S113C47813431BB2A3814042FEBD019B36181B1A0D
S113C4880193E6E7010040200B6970B505000C0034
S113C49813B90025280070BD18B1036A0BB9FFF75A
S113C4A8ABFC0C22A35E002BF3D0626ED20704D43B
S113C4B89B0502D4A06DFFF74EFE28002100FFF76C
S113C4C861FF636E0500DB07E4D4A3899B05E1D40F
S113C4D8A06DFFF741FEDDE770B50E001D000E23C9
S113C4E8C95E140096B000290CDAB28980231100C1
S113C4F819401A4214D140F20043002029602360F5
S113C50816B070BD6A4600F019F90028EDDB4FF249
S113C518000301991940044BC9184B425941EAE7F1
S113C52800214023E9E7C04600E0FFFFF0B50226FA
S113C5388B8905000C0085B0334207D023004733AC
S113C548236023610123636105B0F0BD03AB02AA34
S113C558FFF7C2FF029F019039002800FFF782FE0F
S113C56840B90C22A35E9A05EED4032293431E43DA
S113C578A681E3E78023A28920601343A381039B58
S113C588206167615BB128000E23E15E00F0E8F8E2
S113C59828B10323A2899A43023B1343A381A389A5
S113C5A8019A1343A381CFE770B506000D00140068
S113C5B818B1036A0BB9FFF71FFC636EDB0705D4D8
S113C5C8A3899B0502D4A06DFFF7C5FDA368013BB1
S113C5D8A360002B05DAA269934212DBEBB20A2BA3
S113C5E80FD023685A1C22601D70EDB2636EDB07FE
S113C5F805D4A3899B0502D4A06DFFF7ADFD2800DF
S113C60870BD29002200300000F002F80500EDE7B3
S113C618F8B506000D00140018B1036A0BB9FFF74A
S113C628EBFBA369A360A3891B0701D5236943B95D
S113C6382100300000F02AF818B101256D422800C5
S113C648F8BD23692068EFB2C01A6369EDB283426A
S113C65805DC21003000FFF717FF0028EDD1A3689F
S113C6680130013BA36023685A1C22601F70636970
S113C678834204D0A389DB07E1D50A2DDFD1210049
S113C6883000FFF701FF0028D9D0D6E72A4B70B550
S113C698050018680C0018B1036A0BB9FFF7ACFB66
S113C6A80C22A35E1A0722D4DA0607D409222A60C8
S113C6B8402201201343A381404237E05B0712D58F
S113C6C8616B41B123004433994202D02800FFF73B
S113C6D855FD002363632422A3899343A381002384
S113C6E86360236923600823A2891343A381236910
S113C6F85BB940F2802140F20022A3890B409342A7
S113C70803D021002800FFF711FF0C22A35E0121AA
S113C7181A000A400B420AD00022A26062695242FF
S113C728A261226900200AB91A06C1D470BD99070A
S113C73800D46269A260F4E734400020002370B595
S113C748064D0400080011002B6000F0E9F8431CB2
S113C75802D12B6803B1236070BDC046705D002010
S113C768002370B5054D040008002B6000F0E5F8BF
S113C778431C02D12B6803B1236070BD705D002097
S113C788002370B5054D040008002B60FFF742FA3A
S113C798431C02D12B6803B1236070BD705D002077
S113C7A8094B10B50400186818B1036A0BB9FFF7F0
S113C7B823FB0020132C06D8044BE400E358013370
S113C7C801D0024BE01810BD34400020805D0020E9
S113C7D8F8B50400FFF7B8FC132605000027301C41
S113C7E8391CABBE061C2E602000F8BD10B5431CD6
S113C7F801D1FFF7EDFF10BDF7B50C001600FFF7E8
S113C808CFFF050038B9FFF79FFC09230360012413
S113C81864422000FEBD022E03D9FFF795FC1623BF
S113C828F4E7012E12D14368E418F6D46F462B6856
S113C8380A2600937C60301C391CABBE061C3000F1
S113C848FFF7D4FF0028E2DB6C60E2E70368022EFE
S113C858ECD16F4600930A36301C391CABBE061C5B
S113C8683000FFF7C3FF24180130DFD1CFE710B53C
S113C878FFF7C2FF10BD37B50224019001AD201C9B
S113C888291CABBE041C2000FFF7B0FF3EBD00000E
S113C89870B50500FFF784FF040030B9FFF754FCB6
S113C8A8092303600120404270BD013D012D09D8D0
S113C8B8094B9A681B699A4204D101235B420360BD
S113C8C80020F1E72068FFF7D6FF0028ECD1012308
S113C8D85B422360E8E7C046805D002070B50C0029
S113C8E8FFF75EFF050030B9FFF72EFC092303604C
S113C8F80120404270BD42F2000362680C261343D3
S113C908636040F20043A364301C291CABBE051CC1
S113C9182800FFF76BFF431CEAD020610020E9E7F9
S113C92870B50C000500582200212000FFF7ACFB6D
S113C93828002100FFF7D2FF70BD70B5FFF730FF64
S113C9480924050020B9FFF7FFFB0460002070BD2F
S113C958201C291CABBE041C2000012CF7D0FFF7B7
S113C968F3FB132504000026281C311CABBE051C50
S113C9782560EBE70D0A003A004E4F20414E53570D
S113C98845520050726976617465204C6F5261207B
S113C99853657373696F6E204B6579005B44424736
S113C9A85D5B52585D00202D204672616D654374AD
S113C9B8726C2020203D20307800203A20004672F6
S113C9C8616D65547970653D3078002C20004163B1
S113C9D86B3D0041523D005365633D00202D2053BB
S113C9E872634164647220202020203D2000202DA1
S113C9F8204473744164647220202020203D200068
S113CA08202D205061796C6F616453697A65203DEB
S113CA182000204279746500202D205061796C6FC4
S113CA28616420202020203D20005B4442475D5B58
S113CA38526164696F4576745D00202D20547844F2
S113CA486F6E652000202D20547854696D656F75CC
S113CA58742000202D205278446F6E652000202D0C
S113CA682052784572726F722000202D205278541B
S113CA78696D656F757420005B4442475D5B526164
S113CA8864696F54785D00202D204D6F64656D20B6
S113CA98202020202020203D20004C6F5261004699
S113CAA8534B003F3F3F00202D204672657175654A
S113CAB86E6379202020203D2000202D20446174BD
S113CAC8615261746520202020203D2000202D2003
S113CAD842616E645769647468202020203D2000F8
S113CAE8202D204D61784672616D6553697A652001
S113CAF83D2000202D207478506F77657220202007
S113CB082020203D20005B4442475D5B52616469FC
S113CB186F52785D00202D204D6178527857696EE8
S113CB28646F7720203D2000205072697661746517
S113CB384C6F52612053616D706C65204170702098
S113CB485665722E00554E4B4E4F574E5F53544107
S113CB5854555300303A455500313A555300363A46
S113CB684153310032323A4153320032333A41535D
S113CB78330032343A4153340033303A4A500033A4
S113CB88313A4A505F4C4443003F3F3A28756E6B34
S113CB986E6F776E20726567696F6E2900303A523E
S113CBA8584F4E5748454E49444C455F44495341B4
S113CBB8424C454400313A52584F4E5748454E4925
S113CBC8444C455F454E41424C454400303A4B4540
S113CBD8595245515045524D49545F444953414275
S113CBE84C454400313A4B45595245515045524DF4
S113CBF849545F454E41424C454400303A525353E0
S113CC08495F44495341424C454400313A525353D5
S113CC18495F454E41424C454400554E4B4F4E5793
S113CC284E5F4556454E545F494E464F5F535441F7
S113CC38545553005354415455535F4F4B00545863
S113CC485F54494D454F55540054585F4E4F414326
S113CC584B0054585F43414E43454C454400545897
S113CC685F4348414E4E454C425553590054585F12
S113CC78445554594359434C455F524553545249BA
S113CC88435445440054585F524144494F5F455208
S113CC98524F52004B45595245515F4641494C4504
S113CCA844004D41435F4552524F5200494E41435F
S113CCB85449564500524551555345545F494E56BB
S113CCC8414C4944004E4F5F52454D4F54455F44D3
S113CCD845564943455F454E545259004E4F545F9B
S113CCE8535550504F5254454400534552564943A6
S113CCF8455F554E4B4E4F574E0049425F41545481
S113CD085249425554455F494E56414C4944004C9A
S113CD18454E4754485F4552524F5200434F4D4D7C
S113CD28414E445F4552524F5200494E5355464670
S113CD38494349454E545F4D454D4F52590044416E
S113CD485441524154455F494E56414C494400436D
S113CD5848414E4E454C5F494E56414C4944005259
S113CD684144494F5F4348414E4E454C5F425553F9
S113CD785900524144494F5F445554594359434C0F
S113CD88455F524553545249435445440052414423
S113CD98494F5F504152414D455445525F494E56A3
S113CDA8414C494400554E4B4E4F574E5F444556EF
S113CDB84943450043525950544F5F4552524F52CC
S113CDC8002B5245534554002B564552002B5341D2
S113CDD85645002B4C4F4144002B524547494F4E72
S113CDE8002B444556455549002B43484944002BDC
S113CDF84452002B5458504F574552002B52584F09
S113CE084E002B524D54444556002B4B4559524520
S113CE1851002B4B4559524553002B54584F5054ED
S113CE28002B53454E44002B53454E444845580067
S113CE382B444556494E464F002B54584359434CAE
S113CE4845002B52535349002B4445425547005B38
S113CE584442475D5B54784379636C655D00202DDB
S113CE68205374617475732020203D2000202D20E8
S113CE78506572696F642020203D2000202D2044D5
S113CE8873744164647220203D2000202D20446185
S113CE98746153697A65203D2000202D2044617413
S113CEA86120202020203D20005B4442475D5B4DEB
S113CEB861634E6F746972795D5B526D7444657613
S113CEC85D00202D20446576416464726573732087
S113CED83D2000202D2050534B20202020202020AE
S113CEE8203D2000202D2053657373696F6E4B65B8
S113CEF879203D2000202D2066436F756E74547888
S113CF082020203D20307800202D2066436F756E48
S113CF187452782020203D203078003C757064617C
S113CF287465643E002B52435644002C004B45590B
S113CF385245515F53554343455353002B4B455971
S113CF48494E44002B54584359434C45494E4400D8
S113CF584368616E67656420726567696F6E2073E4
S113CF68657474696E672E2028627574206E6F74F8
S113CF7820736176656420746F206E6F6E2D766FF2
S113CF886C6174696C65206D656D6F72792E29000A
S113CF98526567696F6E206973206E6F74206176BD
S113CFA861696C61626C652E00526164696F20640A
S113CFB8726976657220696E697469616C697A61EF
S113CFC874696F6E206973206661696C65642E00EC
S113CFD8506172616D657465727320666F72204D5D
S113CFE8616320496E697469616C697A6174696FF7
S113CFF86E2061726520696E76616C69642E0050DA
S113D0084C4656342E3430000000000043CC000057
S113D01804000000AECC00000700000070CC000043
S113D0280800000081C900005600000095080000AF
S113D03800000000000000004154002B090705030C
S113D04800010200080604050000000201000304B0
S113D058841E0000093D0000127A000024F4000038
S113D06848E8010090D0030020A107000000000058
S113D078B128000061510000C3A20000581B000041
S113D088983A00001879000030F2000048E80100DE
S113D09890D0030020A10700000000001027000022
S113D0A8204E000028A000000400000048E8010009
S113D0B80500000090D00300060000003820070097
S113D0C80300000030F200000A00000028A000005D
S113D0D8020000001879000009000000204E00003A
S113D0E801000000983A0000080000001027000022
S113D0F800000000581B0000040506030A02090189
S113D10808000000000000001F000000C01200001A
S113D1181F000000A816000017000000841C00006F
S113D1280F000000E42500001E000000B42D0000DC
S113D13816000000083900000E0000002C4C000006
S113D1481D000000685B00001500000074720000F8
S113D1580D000000589800001C00000034B70000BF
S113D16814000000E8E400000C000000783101001D
S113D1781B000000686E01001300000034CA01009F
S113D1880B000000286202001A00000040DB0200C5
S113D198120000003C9303000A000000C0C204000F
S113D1A81900000060B305001100000038200700D2
S113D1B80900000020A1070000000000A9010000E8
S113D1C8611200003D19000079120000C11D000021
S113D1D8A91D00005D190000B51B0000A512000080
S113D1E86D210000F9150000BD120000E5110000D2
S113D1F8B5160000E5120000FD12000045130000FA
S113D2089D120000951200003D1200002D1200002E
S113D218C1150000E51800004D1200007513000048
S113D22869160000DD120000CD120000411500004F
S113D238251F00002117000011180000BD18000068
S113D24889150000D911000019350000C194C100E6
S113D25800000000F8EFF7E000000000E449713333
S113D2681CE68D33010000000B000000100E0000C6
S113D27800000000000000000000000000000000A2
S113D2880A00000000000000083E7233F8F18C33F5
S113D298010000000B000000100E00000000000058
S113D2A80000000000000000000000000A00010067
S113D2B80000000064CE8F33DCACBB3301000000F7
S113D2C80B000000A08C000000000000000000001B
S113D2D800000000000000006400000000000000DE
S113D2E888C29033B8B8BA33010000000B000000BC
S113D2F8A08C0000000000000000000000000000F6
S113D3080000000064000100000000002495BD3303
S113D3189CD4C433010000000B000000A08C000062
S113D32800000000000000000000000000000000F1
S113D33864000000000000004889BE3378E0C3336D
S113D348010000000B000000A08C00000000000099
S113D358000000000000000000000000640001005C
S113D368000000008443C8335CFCCD330100000096
S113D3780B000000100E0000000000000000000078
S113D38800000000000000000A0000000000000087
S113D398A837C9333808CD33010000000B0000005A
S113D3A8100E000000000000000000000000000053
S113D3B8000000000A00010000000000E4F1D2337C
S113D3C82CDAD4330100000018000000407E050068
S113D3D80000000000000000000000000000000041
S113D3E8E80300000000000008E6D33308E6D3335E
S113D3F80100000018000000407E05000000000045
S113D408000000000000000000000000E803010024
S113D41800000000C485D7335C31DA330100000012
S113D4280B000000A08C00000000000000000000B9
S113D438000000000000000064000000000000007C
S113D448E879D833383DD933010000000B000000D7
S113D458A08C000000000000000000000000000094
S113D468000000006400010002000000E4BE8A36E7
S113D478DC334F37010000000D00000080EE360059
S113D4880000000000000000000000000000000090
S113D498640000000200000008B38B36B83F4E3722
S113D4A8010000000D00000080EE360000000000BE
S113D4B800000000000000000000000064000100FB
S113D4C803000000240AD7369CE802370100000054
S113D4D80D00000080EE360000000000000000008F
S113D4E800000000000000006400000003000000C9
S113D4F848FED73678F40137010000000D0000001B
S113D50880EE36000000000000000000000000006B
S113D518000000006400010004000000E4BE8A3634
S113D5281C64E436010000000D00000080EE3600A3
S113D53800000000000000000000000000000000DF
S113D548640000000400000008B38B36F86FE3366B
S113D558010000000D00000080EE3600000000000D
S113D568000000000000000000000000640001004A
S113D578050000006443A936DC21D536010000000B
S113D5880D00000080EE36000000000000000000DE
S113D5980000000000000000640000000500000016
S113D5A8805CAB36C008D336010000000D000000D3
S113D5B880EE3600000000000000000000000000BB
S113D5C8000000006400010006000000A461C435E6
S113D5D8DC334F37010000001E00000080EE3600E7
S113D5E8000000000000000000000000000000002F
S113D5F81027020006000000103EC73570574C374C
S113D608010000001E00000080EE3600000000004B
S113D61800000000000000000000000010270300C4
S113D62809000000C03DDF3640F70937400D03000C
S113D6380D000000A00F0000320000008813000055
S113D648B0FF00003C93030010270000090000000D
S113D65880040D3700285037400D03000D000000EA
S113D668C800000002000000E8030000B0FF00004A
S113D6783C930300E80300000900000060C4E0369E
S113D688E013F336801A06000D000000A00F000016
S113D6983200000088130000B0FF000038200700A3
S113D6A81027010009000000E048FF3660A14E374A
S113D6B8801A06000D000000C800000002000000E7
S113D6C8E8030000B0FF000038200700E803010069
S113D6D809000000A0D1E336A0700837801A0600BC
S113D6E80D000000A00F00003200000088130000A5
S113D6F8B0FF0000382007001027010009000000CF
S113D708208B0E3720944B37801A06000D0000003A
S113D718C800000002000000E8030000B0FF000099
S113D72838200700E80301000A000000C03DDF3686
S113D73840F70937400D03000D000000A00F00005A
S113D748320000000000000000000000000000009B
S113D758640000000700000018D800000100000061
S113D7680CD8000006000000C4D700000600000022
S113D7787CD70000010000000700000020A107007A
S113D788010000000800000020A1070001000000BB
S113D7980900000020A10700010000000A000000A1
S113D7A820A10700010000000B00000020A10700D1
S113D7B8010000000C00000020A107000100000087
S113D7C80700000048E8010001000000080000000C
S113D7D848E80100010000000900000048E80100D1
S113D7E8010000000A00000048E8010001000000F0
S113D7F80B00000048E80100010000000C000000D4
S113D80848E80100010000000700000090D0030070
S113D818010000000700000048E8010001000000C2
S113D8280800000048E801000100000009000000A9
S113D83848E80100010000000A00000048E801006F
S113D848010000000B00000048E80100010000008E
S113D8580C00000048E801000000000050C300006C
S113D868A86100000514400000000000000000004A
S113D87800000000000080412300000000000000B8
S113D888000000000000000000000000010000008B
S113D8980108000020A107002029D135C02709006C
S113D8A82A000000010C000048E8010060DC713324
S113D8B8400D03001C000000010B000048E80100B3
S113D8C860DC7133400D03001C000000010A0000F5
S113D8D848E8010060DC7133400D03001C000000BF
S113D8E80109000048E8010060DC7133400D0300C1
S113D8F81C0000000108000048E8010060DC7133E6
S113D908400D03001C0000000107000048E8010066
S113D91860DC7133400D03001C00000001070000A7
S113D92890D0030000637333801A06000C000000D3
S113D9380232000050C3000060DC7133400D030064
S113D9481C000000010C000048E80100C03DDF365F
S113D958400D03000F000000010B000048E801001F
S113D968C03DDF36400D03000F000000010A00002F
S113D97848E80100C03DDF36400D03000F000000F9
S113D9880109000048E80100C03DDF36400D0300EE
S113D9980F0000000108000048E80100C03DDF3620
S113D9A8400D03000F0000000107000048E80100D3
S113D9B8C03DDF36400D03000F00000002320000B6
S113D9C850C30000C03DDF36400D03000F000000C7
S113D9D8010C000048E80100C03DDF36400D03009B
S113D9E80F000000010B000048E80100C03DDF36CD
S113D9F8400D03000F000000010A000048E8010080
S113DA08C03DDF36400D03000F000000010900008F
S113DA1848E80100C03DDF36400D03000F00000058
S113DA280108000048E80100C03DDF36400D03004E
S113DA38260000000107000048E80100C03DDF3669
S113DA48400D0300260000000107000090D00300E9
S113DA5860C4E036801A06000400000001070000D4
S113DA6890D00300E048FF36801A06000E0000003C
S113DA780107000090D00300A0D1E336801A060005
S113DA88120000000232000050C30000C03DDF361F
S113DA98400D030026000000010C000048E80100C6
S113DAA8E0D5A936400D03000F000000010B00006B
S113DAB848E80100E0D5A936400D03000F00000036
S113DAC8010A000048E80100E0D5A936400D03002A
S113DAD80F0000000109000048E80100E0D5A9365C
S113DAE8400D03000F0000000108000048E8010091
S113DAF8E0D5A936400D03000F000000010700001F
S113DB0848E80100E0D5A936400D03000F000000E5
S113DB180107000090D0030020E3AC36801A060009
S113DB28070000000232000050C30000E0D5A93607
S113DB38400D03000F000000010C000048E801003C
S113DB4800D88C36400D03001D000000010B0000B6
S113DB5848E8010000D88C36400D03001D00000081
S113DB68010A000048E8010000D88C36400D030083
S113DB781D0000000109000048E8010000D88C36A7
S113DB88400D03001D0000000108000048E80100E2
S113DB9800D88C36400D03001D000000010700006A
S113DBA848E8010000D88C36400D03001D00000031
S113DBB80107000090D00300A05E8E36801A06008C
S113DBC80E0000000232000050C3000000D88C365A
S113DBD8400D03001D000000010C000048E801008E
S113DBE84023D936400D03000E000000010B00004D
S113DBF848E801004023D936400D03000E00000018
S113DC08010A000048E801004023D936400D03000A
S113DC180E0000000109000048E801004023D9363D
S113DC28400D03000E0000000108000048E8010050
S113DC384023D936400D03000E0000000107000000
S113DC4848E801004023D936400D03000E000000C7
S113DC580107000090D0030020B7DD36801A0600C3
S113DC68060000000232000050C300004023D936E9
S113DC78400D03000E000000010C000048E80100FC
S113DC8800D88C36400D030040000000010B000052
S113DC9848E8010000D88C36400D0300400000001D
S113DCA8010A000048E8010000D88C36400D030042
S113DCB8400000000109000048E8010000D88C3643
S113DCC8400D0300400000000108000048E801007E
S113DCD800D88C36400D0300400000000107000006
S113DCE848E8010000D88C36400D030040000000CD
S113DCF80107000090D00300A05E8E36801A06004B
S113DD08200000000232000050C3000000D88C3606
S113DD18400D030040000000010000000000000066
S113DD28045800201900000006000000000000004C
S113DD38205800200C020000000000F800000080B9
S113DD4858580020300400003CCC0000AECC000041
S113DD5846CC000051CC00005ACC000066CC000030
S113DD6875CC00008DCC00009CCC000022CC0000B7
S113DD783CCC0000AACC000070CC0000B4CC00005D
S113DD889BCD0000BDCC0000CDCC0000E4CC00004D
S113DD98F2CC000002CD000017CD000024CD000015
S113DDA832CD000046CD000057CD000090CC0000D5
S113DDB867CD00007ACD000095CD0000ADCD000000
S113DDC8BCCD00004DCB000009820000000000001B
S113DDD80000000006000000C9CD0000000000009B
S113DDE86D8200000000000004000000D0CD000097
S113DDF80000000000000000A582000005000000EB
S113DE08D5CD00006D830000000000006D83000084
S113DE1805000000DBCD0000D98300005D8400000C
S113DE280000000007000000E1CD0000DD840000D0
S113DE38B18200000000000007000000E9CD0000E6
S113DE481D8500005B85000000000000050000003F
S113DE58F1CD000081850000BF85000000000000AE
S113DE6803000000F7CD0000E5850000638600008C
S113DE780000000008000000FBCD00008B860000B5
S113DE88D1860000000000000500000004CE000058
S113DE9805870000000000000000000007000000E3
S113DEA80ACE000085870000000000000000000082
S113DEB80700000012CE0000D58700001D8800006E
S113DEC800000000070000001ACE0000518800007E
S113DED88D880000000000000600000022CE00002B
S113DEE8C1880000000000000000000005000000D8
S113DEF829CE000041890000000000000000000055
S113DF08080000002FCE0000C989000000000000AE
S113DF18000000000800000038CE0000198A000044
S113DF2800000000000000000800000041CE0000CE
S113DF387D8A0000C58A000000000000050000007A
S113DF484ACE0000F1820000D182000000000000E7
S113DF580600000050CE000002010123456789AB8A
S113DF68CDEF000200000000000000000000900453
S113DF78504C4656342E3430050207010000000088
S113DF88737100000000000094DF0000000000002E
S113DF980000000000000000000000000000000075
S113DFA8020000000000000004000000020000005D
S113DFB80000000000000000000000000000000055
S113DFC80000000000000000000100000000000044
S113DFD800030000002900280000002700000000BA
S113DFE800000000B57D000000000000F8DF00001C
S113DFF8010000002240002000000012000000017F
S113E0080000000000000000000000000000000004
S113E018957400000000000024E0000000000000E7
S113E02800000000000500000402000001050000D3
S113E03804020000030000000000010003000000C7
S113E04800000000000221000000000000000000A1
S113E0585CE000000200000000000000FFFF000078
S113E068080000000000000002021D00000000007B
S113E0780000000080E00000000000020600010229
S113E088000102DF0000104002000000000400004C
S113E09800000000100000003C590020A105000009
S113E0A800000000B0E00000B4E00000FC590020CB
S113E0B8C0E0000080E400000100000045A5000065
S113E0C80000000060590020030B00000004104009
S113E0D8020000000004000000000000100000001E
S113E0E83C5A00207D06000000000000F8E0000013
S113E0F8FCE00000FC5A002008E1000080E4000075
S113E1080100000045A5000000000000605A00203E
S113E118030B00003C00000028E1000000000000A0
S113E12804000000000000000400000001000000DA
S113E13804000000020000000400000003000000C6
S113E14804000000040000000400000008000000AF
S113E1580400000009000000040000000A00000098
S113E168040000000B000000000000000C00000088
S113E178000000000D000000000000000E00000078
S113E188050000000F000000000500000001000069
S113E1980405000001010000050000000201000060
S113E1A80500000003010000040000000401000051
S113E1B8040000000501000005000000060100003D
S113E1C8040000000701000000010000080100002D
S113E1D80400000009010000040000000A01000016
S113E1E8040000000B010000040000000C01000002
S113E1F8040000000D010000040000000E010000EE
S113E208050000000F0100000000000000020000EB
S113E21800400000010200000400000004020000A5
S113E22804000000050200000400000006020000CB
S113E23804000000070200000400000008020000B7
S113E248040000000C020000040000000D0200009D
S113E258000000000E020000000000000F02000091
S113E2680001000000030000040000000103000096
S113E278040000000203000004000000030300007F
S113E288040000000403000005000000000400006E
S113E298050000000104000004000000020400005E
S113E2A80400000003040000040000000704000048
S113E2B80400000008040000000000000904000035
S113E2C8040000000A040000040000000B0400001D
S113E2D8040200000005000004020000010500001B
S113E2E80002000002050000000000000D09000003
S113E2F8000000000E090000040000000F090000DF
S113E308637C777BF26B6FC53001672BFED7AB76E6
S113E318CA82C97DFA5947F0ADD4A2AF9CA472C091
S113E328B7FD9326363FF7CC34A5E5F171D83115FE
S113E33804C723C31896059A071280E2EB27B2751F
S113E34809832C1A1B6E5AA0523BD6B329E32F8497
S113E35853D100ED20FCB15B6ACBBE394A4C58CF8F
S113E368D0EFAAFB434D338545F9027F503C9FA863
S113E37851A3408F929D38F5BCB6DA2110FFF3D231
S113E388CD0C13EC5F974417C4A77E3D645D1973E5
S113E39860814FDC222A908846EEB814DE5E0BDBDF
S113E3A8E0323A0A4906245CC2D3AC629195E47916
S113E3B8E7C8376D8DD54EA96C56F4EA657AAE0870
S113E3C8BA78252E1CA6B4C6E8DD741F4BBD8B8A0B
S113E3D8703EB5664803F60E613557B986C11D9E71
S113E3E8E1F8981169D98E949B1E87E9CE5528DFE8
S113E3F88CA1890DBFE6426841992D0FB054BB1614
S113E40800000000000000010000000200000004F9
S113E4180000000800000010000000200000004078
S113E428000000800000001B0000003600201030AF
S113E438082818380020604000000000061000106A
S113E44804010C020C0208010100000058E4000059
S113E45800001040FF071040000100000100000008
S113E4680100000070E4000000000000FFFF01004C
S113E478000800000400000089B40000EDB50000A5
S113E4884DB6000055B50000E5B10000D1B3000059
S113E498B9B10000D5B10000D9B10000DDB1000068
S113E4A849B50000C5B40000E1B10000EFB30000B5
S113E4B801B2000005B20000EBB3000009B200008D
S113E4C80DB2000008E8014009E801400AE80140EB
S113E4D80BE801400CE801400100020008001000AC
S113E4E8200000004275696C7420776974682052B2
S113E4F8656E6573617320416476616E636564203B
S113E508466C657869626C6520536F6674776172CE
S113E51865205061636B6167652076657273696F06
S113E5286E20362E322E3000362E322E3000000069
S107E53800000206D3
S107E53CF8B5C04624
S107E540F8B5C04620
S107E5444905000081
S107E54819050000AD
S9030255A5
