S0190000507269766174654C6F526153616D706C652E7372656360
S1130000880C0020BD000000F5C30000F5C5000009
S1130010F5C50000F5C50000F5C50000F5C50000F4
S1130020000000000000000000000000F5C5000012
S1130030F5C5000000000000F5C500007D73000058
S1130040C1C100005DAF0000DDAF0000C1C1000010
S113005055AC0000E1AB0000C5AC0000F5AC0000FD
S113006095AF00000181000035BE000009B000001A
S1130070A5B800000000000000000000A5B80000C2
S113008001000000B0000000020000009000000029
S113009000000020000000200000104000000203C7
S11300A00000002084000020400400000000010340
S11300B0A00C0020D01E00200000000310B500F0AA
S11300C02FF809F0E3FFFEE7F8B5060000240C273B
S11300D0124D2B68A34204D80024AB68A3420ED867
S11300E0F8BD3A0062436B689B185A7AB24204D155
S11300F005CB0021121A0CF09BFC0134E8E7EB68F5
S113010022019B185A7BB24205D118685A68996833
S1130110121A0CF0F6FC0134DFE7C0468000000040
S113012073B5344A344B00209A6009F085FF0CF013
S1130130D7F86B460024DE1D3470012033780CF0B0
S11301401BFAEFF31081012585F310882B4B2C4803
S11301509A6802409A609A6881F3108829490A686B
S1130160D207D20F32700A68D207D20F32700A68EF
S1130170D207D20F3270EFF3108185F310888022FA
S11301809868520502439A609B6881F3108828009E
S11301900CF0CCF9280009F04FFF41F200011A4B92
S11301A01A4A9C801A801A4A20009A60194ADA6016
S11301B0194A51849D80FFF787FF0CF07DF80CF0FD
S11301C0D9F8022009F038FF2800FFF77DFF134D0E
S11301D0134BED1AAD10AC4205DB0CF095F9002081
S11301E00CF00AFA73BD0E4AA3009B181B689847CB
S11301F00134F0E70000000000ED00E0FC6F044073
S1130200FFFFFFEF00080440000D004000A5FFFFC2
S113021088040020880C0020FE60004090EE00005E
S10702208CEE00005C
S1070400FFFFFFFFF8
S1070404DFAFFFFF64
S1130440C80C0020000E0020FF0100000B0000007B
S11304500000000000000000010000000100000096
S1130460FFFF440003EB0000000000000300000055
S1130470E41C00203800002000000000E41C0020E0
S11304804C1D0020B41D00200000000000000000EE
S11304900000000000000000000000000000000058
S11304A00000000000000000000000000000000048
S11304B00000000000000000000000000000000038
S10704C00000000034
S11304C840F2840040F28403C2F20000C2F2000346
S11304D810B5834205D040F20003C0F2000303B113
S11304E8984710BD40F2840040F28403C2F2000031
S11304F8C2F200031B1A9A10D90F8918491010B5B3
S113050829B140F20003C0F2000303B1984710BDBB
S113051810B540F6A044C2F20004237873B9FFF77B
S1130528CFFF40F20003C0F200032BB140F20840B1
S1130538C0F2000000E000BF0123237010BDC046D4
S113054840F20003C0F2000310B54BB140F6A441D9
S113055840F20840C2F20001C0F2000000E000BF0F
S1130568FFF7C0FF10BDC04610B5094909480AF095
S113057823F8040020B9010006480AF007F804002B
S1130588044809F095FD204343425841C0B210BDC8
S113059820EA00007C1900200122014B1A707047E0
S11305A8BD0C0020F7B505000E000E480E49019257
S11305B80AF002F8040060B90C4F320038702900C0
S11305C8019B084809F02BFF040010B93B78002B65
S11305D8FCD0044809F06CFD044363425C41E0B27A
S11305E8FEBDC0467C1A002068EA0000BC0C00204E
S11305F8F7B507000E0010481049150009F0DCFF94
S1130608040078B96B4639000B4801AA09F03FFD8C
S1130618040038B9009BAB420CD32A00300001997E
S11306280CF06BFA044809F043FD044363425C414F
S1130638E0B2FEBD0324F5E77C1A002068EA000056
S113064810B50A490A4809F0B7FF040008B10E2892
S113065804D10021064809F099FF0400044809F070
S113066827FD204343425841C0B210BD68EA000048
S11306787C1A00200122014B1A707047BC0C002020
S11306880022034B9A560AB901321A707047C046C1
S1130698C40C00200022014B1A707047C40C0020BF
S11306A8034B00201A780AB1187001307047C0460D
S11306B8F80C0020024B1878431E9841C0B27047CA
S11306C8F80C002010B5034B1B689B780BB10CF099
S11306D895F810BD0000002070B52C4B04001B7861
S11306E85BB283B12A4800F0C3FA60B9284800F025
S11306F81BFB050040B1082C05D1254800F0DFFAA2
S11307082000FFF7DFFF70BD2300613B192B06D8DB
S1130718203CE4B221001E4800F017FB30E00A2C0C
S113072806D00D2C1AD0082C23D0202CEBD0F1E7BE
S11307382100174800F009FB2000164CFFF7C2FF00
S11307482378002BDFD0124800F0B9FA104800F0E3
S1130758B6FA0122104B25701A70D4E721000C4810
S113076800F0F3FA2000FFF7ADFF0122094B1A70DD
S1130778C9E7074800F0CFFA28B9054800F09FFAFE
S11307882000FFF79FFF0022024BF0E7C40C002073
S1130798EC0C0020BE0C0020F80C00200320024BB7
S11307A81B6818567047C0460000002010B50A4C54
S11307B82368DB7813B1094807F045FD1422236840
S11307C89988074B4A431B689B18186907F03BFD37
S11307D8044807F038FD10BD000000201CD30000B9
S11307E8C00C00201FD3000010B50E4B1B685C78AA
S11307F8082C16D0DB7813B10B4807F024FD23002E
S113080834B10123042C03D00333072C00D1023B59
S1130818064ADB009B18586807F015FD024807F0E4
S113082812FD10BD000000201CD30000B0D9000048
S113083810B5024807F007FD10BDC0461CD30000E0
S113084810B51C00094B1A6070B100290CDD0A00B0
S11308580100074800F001FA064A074BD4801A60E1
S11308680023136000F0A6F810BDC046C00C002099
S1130878EC0C0020C80C0020000000200022024BD1
S11308881B681A807047C0460000002083B270B508
S11308980400064D012B04D8FFF7F0FF2B68DC7029
S11308A870BD40F200422B681A80F9E7000000206E
S11308B840F20142014B1B681A8070470000002077
S11308C870B5284800F0D4F920B10220264B1B68E3
S11308D8187070BD234800F016FAFFF7E9FF2148A5
S11308E800F019FA040058B91E4800F0CBF91F4B60
S11308F8E3181B785BB283420FD10134042CF3D183
S1130908FFF772FF174800F002FA164800F0ACF936
S11309180020154B1B681856DBE7E4B2124B022C77
S113092804D0032C19D1FFF7A9FFE9E72B2807D036
S11309380C4800F0E2F901000D4800F07CF9DFE70B
S11309481B680848DD880B4B1C6800F0D6F92900A1
S11309580200200000F0C0F8D2E700221B681A70D9
S1130968CEE7C046EC0C002000000020E0D90000CF
S1130978D0D90000C00C0020014B1B6818707047C8
S113098800000020014B1B68187870470000002005
S1130998014B1B685870704700000020014B1B680E
S11309A89880704700000020014B1B6898887047A6
S11309B80000002010B5054B186800F0DEF9142279
S11309C80349044800F052FA10BDC0460400002050
S11309D8F90C0020100D002010B5024B186800F027
S11309E8FEF910BD04000020002370B50360013B2C
S11309F80B80074B050018680C0000F0C9F930B1EA
S1130A0843682B600822835E238000F017FA70BDC8
S1130A180400002010B5044B186800F0B9F900B9B7
S1130A2810BD00F00BFAF6E704000020C0B2030082
S1130A38303BDBB2092B01D858B270470300413B65
S1130A48052B02D8373840B2F7E701204042F4E7D3
S1130A58002310B5C2560AB918B210BD5C1C8A42EC
S1130A68FAD02300F6E70000F7B5002204000300DB
S1130A780191009200269E578EB9009B9E420CDA83
S1130A8820000199FFF7E4FF124F051E13DC3868B4
S1130A9800F0A5F908B1FFF7BDFF0020FEBD019ADB
S1130AA8964202D001229A561AB9009A013252B2D9
S1130AB800920133DEE70023235400F099F901364C
S1130AC80581446001000135386800F079F964193A
S1130AD876B2D2E704000020F0B5050085B0012005
S1130AE816000391FFF748FF0420FFF751FF002386
S1130AF80193019B039A934201DB05B0F0BDAC89D5
S1130B08002C3DD02200310028690BF095FF02909B
S1130B1838BB6B46002798883419FFF73FFFE7571F
S1130B283D2F07D03F2F31D0002F43D00220FFF7AD
S1130B3823FF16E00123E3569BB12C21601CFFF729
S1130B4893FF0520FFF718FF2B6843B1300098473F
S1130B5804000298FFF710FF2000FFF719FFFFF7C2
S1130B6859FFFFF70FFF0028C7D0FFF70BFF052831
S1130B78C3D0FFF707FF022802D10138FFF7FCFEB4
S1130B88019B143501331BB20193B2E7647864B254
S1130B98002CE6D10520FFF7EFFE6B68002BE0D0B0
S1130BA83000984707002000FFF7E6FE3800FFF7FB
S1130BB8EFFED6E70520FFF7DFFEAB68002BD0D0A9
S1130BC83000984704003800FFF7D6FE2000EEE70F
S1130BD8C3B21A00303A0120092A06D90020052296
S1130BE8413BDBB29A424041C0B2704770B5050040
S1130BF80E0000242B5720B203B970BDB342FCD0B9
S1130C081800FFF7E5FF01340028F3D1092040421A
S1130C18F3E710B50400FFF7E9FF012804D1002029
S1130C282056FFF703FF10BD431C01DA40B2FAE770
S1130C3801204042F7E710B504000023E3564BB106
S1130C4800228A569A4206D1481C0021FFF7E1FF88
S1130C586368984710BD0834EFE720B10023828009
S1130C680360C3808160704708B100230360704744
S1130C78030000202BB1062018560138434258417E
S1130C88C0B2704770B50500C0B10023C45E02222B
S1130C98835E0020A34211D02800FFF7E9FF042156
S1130CA86B5E013494FBF3F102004B43A968E31A29
S1130CB8C85CCC181BB202B922702B8070BD70B509
S1130CC80400C8B10223C55E0022835E0020AB4243
S1130CD812D02000FFF7CCFF0300002063B9A268FC
S1130CE8505D53550222A35E0421625E013B93FBCF
S1130CF8F2F14A439B1A638070BD18B10022835EE7
S1130D088068C018704708B101238371704708B11F
S1130D180023837170470022835E0222805E181AC2
S1130D2843425841C0B270470222835E0421425EA6
S1130D38013393FBF2F14A439B1A0022805E1BB2F3
S1130D48C01A43425841C0B2704770B504000D0040
S1130D5890B1FFF7E9FF78B92000FFF789FF58B988
S1130D680222A35E0421625E013393FBF2F14A433B
S1130D789B1AA2686380D55470BD00230360704732
S1130D88006820B1030000680028FBD118007047F0
S1130D980300006808B102681A60704703682BB141
S1130DA88B4204D10B68036000230B6070471A0060
S1130DB81B68002BFAD09942F9D10B681360F3E74A
S1130DC870B505000C00FFF7E9FF00232800236035
S1130DD8FFF7D6FF08B92C6070BD0460FCE7036810
S1130DE8002003B9704701301B6800B2F9E700001E
S1130DF8F0B5104B1B785BB21800B3B100200E4A53
S1130E080823D15E814210DD55680A23D65E2B0083
S1130E1810685C1B24B2A64207DD0027DF575C1C60
S1130E2827B90139118101221A70F0BD23000C3051
S1130E38EFE7C046100E0020040E002010B570B174
S1130E48094A0A23D45E002311689C4207DD8142C3
S1130E5806D111890131118100215268D15410BD84
S1130E6801331BB20C31F0E7040E0020002310B547
S1130E78074CE35653B9002A08DD38B131B1054BA4
S1130E88186059601A815A810123237010BDC04625
S1130E98100E0020040E002010B506F0B3FB10BDA0
S1130EA837B506AC2478079D0094019506F0B0FB8D
S1130EB837BD10B506F0B4FB10BD10B506F0C6FB7F
S1130EC810BD00000022054B10B5040000681A701C
S1130ED807F0FCF8206007F0BBF810BD180E0020DE
S1130EE80023036043600372C1600361704700001C
S1130EF870B5124C236843B1002201251A601A7296
S1130F080023206858B903B1206070BDC1682B0064
S1130F18026911B122608847F2E71000F2E702681B
S1130F28002AF3D03BB9037A002BEED101230372D4
S1130F38FFF7C8FFE9E72060F5E7C046140E002074
S1130F48F7B52F4D040001A806F0F8F92A78531CC8
S1130F58DBB22B700AB906F013FA2A4E01A806F080
S1130F68F2F9336803B16CB901A806F0E7F92B78F4
S1130F78013BDBB22B700BB906F016FA01A806F098
S1130F88E2F9F7BDA3422ED1237A13B307F082F80E
S1130F982768002433688C4619691C72A9B13A0081
S1130FA8316023003E002700644502D1824200D903
S1130FB80600921BBB4116000B6808009B190B60C6
S1130FC801230B72FFF77EFFCEE7316006F07AFE4D
S1130FD8CAE723692BB1216833601A6852181A606A
S1130FE8C2E73360C0E71A001B69002BBCD09C42DF
S1130FF8F9D1236921681361002BEED1B4E7C04607
S11310084C150020140E0020054B1B680BB9180062
S11310187047834201D01B69F8E70120F8E7C0460E
S1131028140E0020F0B587B0040005A806F086F970
S113103840490A78531CDBB20B700AB906F0A0F9D0
S113104805A806F080F924B12000FFF7DDFF009021
S113105878B105A806F072F9364A1378013BDBB279
S113106813700BB906F0A0F905A806F06CF907B0DF
S1131078F0BD6368304D23602968009B237239B939
S113108821610123200023722C60FFF71BFFE0E796
S1131098087AF0B106F0FEFF2B68009F1E683B003B
S11310A83200B94202D1864200D90200B61A9F41E1
S11310B800960197019B26682F6813B9009BB342D9
S11310C80BD927B1009B9E1B00233E603B7227610E
S11310D8D7E70B6801900093ECE73D692DB9009BB5
S11310E8F61A26603C612561B3E728680199009ADD
S11310F8019B8018594109B9864208D2009B009A7D
S1131108F31A23602B689B189B1B2B60EAE72B6957
S113111823B9361A26602C6123619AE71A682F00CE
S11311280292002203921D00029A039B00900191EF
S1131138DFE7C0464C150020140E002070B50D00E2
S11311480400FFF7FDFE2560656070BD10B506F06C
S1131158A1FE10BD10B544781CB90134447006F0E2
S1131168EBFF10BD10B506F0F1FF10BD10B507F088
S11311780BF810BD154B00B5185C0A2823D80BF0E2
S113118839FA1E161612060D22221A16120000200B
S113119801230B398B424041C0B203E00C394B4266
S11311A85941C8B200BD002002230A39F2E70020E1
S11311B803230939EEE7002004230839EAE700206D
S11311C805230739E6E70020ECE7C046A0DA00006B
S11311D8014B18887047C046460F002010B5024BD3
S11311E8987A01F019FC10BD480F0020002010B5B2
S11311F801F012FC034B1B6813B15B6803B19847F9
S113120810BDC046400F0020002010B501F004FCBA
S1131218034B1B6813B1DB6803B1984710BDC04684
S1131228400F002010B501F093F803000020082BAC
S113123801D8014AD05C10BDEFD9000010B5054BA8
S113124804005B7B0BB101F08DFF200001F0CAF9AB
S113125810BDC046480F002010B506F023FC10BD91
S113126810B506F0C3FB10BD10B5044B5A7B01231F
S113127812B101F005FF0300180010BD480F00204B
S113128810B5042001F014FC0220FFF705FE10BD80
S113129810B5002001F00CFC0220FFF7FDFD10BD85
S11312A810B501F0EBFC10BD012310B511B106F027
S11312B8A7FB0023180010BD012310B511B106F0D7
S11312C847FB0023180010BD40F28010002310B51E
S11312D81A00010001F053F901F0EAFC10BD000006
S11312E870B540F2E8360E4B05005B7B0C005643A4
S11312F883B9280001F076F9200006F073FC01F0A8
S1131308E5FC31000748FFF719FF0648FFF78AFE96
S1131318002070BDC0B202F091F90028E9D0F8E7C6
S1131328480F0020300E002010B501F095FA10BDCA
S113133810B506F063FC0D23012800D00A3B180001
S113134810BD000010B572B6BFF34F8FBFF36F8F97
S113135806F004F90122044B1A7062B6BFF34F8FEA
S1131368BFF36F8F10BDC046580F0020F0B585B08D
S113137872B6BFF34F8FBFF36F8F0022654E337879
S11313883270DBB262B6BFF34F8FBFF36F8F002B9F
S113139800D19FE001F003F904004FF6FF7001F05B
S11313A832FB72B6BFF34F8FBFF36F8F06F074FC36
S11313B80500012802D106F0D1F8357062B6BFF3F2
S11313C84F8FBFF36F8F4023012523400193019A68
S11313D8514B1A802C420BD05048FFF7B1FD28001E
S11313E800F0BCFF4E4B1B6813B11B6803B1984750
S11313F802252C4244D04B4B1F78A7B94A48FFF723
S11314089FFD012000F0AAFF390040F6021006F003
S1131418EDFA40F6441006F045FB0543E9B240F600
S1131428441006F0E3FA02ABDF1DFF2239003F48FF
S113143801F048FA3E4801F059FA019B13B13D4BBB
S11314481B7A7BB1364B1B6863B19D6855B1384A2A
S113145839781378002B41D10823D3560620125E1D
S11314683248A8472F4B1B7853B100F071FF052869
S113147806D1304B587A002835D0002001F0E0FB23
S1131488019B2BB1264B1B6813B11B6903B1984709
S113149823060AD5012000F061FF214B1B6823B104
S11314A89B6913B1E005C00F9847A4050FD500F058
S11314B84FFF04281AD11948FFF742FD012000F014
S11314C84DFF174B1B6813B15B6803B198470023A2
S11314D8114A13803078C0B205B0F0BD1223D35638
S11314E81020125EBCE701F059FBC9E700F030FF99
S11314F80528ECD10B4B1B782BB90B48FFF720FDC3
S1131508012000F02BFF064B1B68002BDFD0DB68A3
S1131518DBE7C046580F0020460F0020300E00209D
S1131528400F0020741000201C0E0020590F0020CA
S113153858100020480F002070B50F4B06005B7B45
S11315480C00150093B9300001F04CF8200006F0A7
S113155849FB01F0C9FB40F2E83108486943FFF749
S1131568EDFD0648FFF75EFD002070BDC0B202F035
S113157863F80028E7D0F8E7480F0020300E002071
S113158810B500F0B3FF10BD02001F205AB10123AB
S113159808490868824207D98868824204D8054AFB
S11315A8DB009B181879704701330831172BF0D1E9
S11315B81F20F8E7ACDA000010B50A4B012807D160
S11315C8094AC73311700948197001F0D9F810BDD8
S11315D81A00BF321278002AF9D1034AC0331170B5
S11315E8F1E7C046440E002008000020FC0E00204D
S11315F870B5164B05005B7B0C0001201BB128005D
S113160801F05CFFF8B9F5B1002340F201211A009A
S1131618080000F0B4FF01F019F80D4B012813D1AC
S1131628C7331C700B4801F0ABF8002221002800D6
S113163801F0ACFA084B09481968FFF77FFD074821
S1131648FFF7F0FC002070BDC033EAE7480F002024
S1131658440E0020FC0E00207C100020300E0020D8
S1131668002340F2422110B504001A00080000F0DB
S113167886FF34B10A482100FFF760FD0848FFF7E8
S1131688D1FC084B1B7833B1402000F06FFF0020D9
S113169801F0D6FA10BD044B18688001F8E7C0467B
S11316A81C0E0020741000207810002070B5164D10
S11316B804006B7B33B96A7A4AB12000FFF7D0FF84
S11316C8002003E001F0AAFF0028F4D070BD40F226
S11316D842211300080000F052FF34B10B482100E6
S11316E8FFF72CFD0948FFF79DFC094B1B7833B124
S11316F8402000F03BFF002001F050FAE0E7054BE2
S113170818688001F8E7C046480F00201C0E002026
S11317187410002078100020F7B507000C0000258D
S1131728C9B3364E01A805F009FE3278531CDBB262
S113173833700AB905F024FE01A805F004FE092F48
S113174836D838000AF056FF050A292D31393F43A7
S1131758475322782A4B1A7001250FE016250422D4
S1131768210001A80BF0C9F9019A264B1968914286
S113177841D0013DADB20833002DF7D101A805F0E1
S1131788DDFD3378013BDBB233700BB905F00CFE99
S113179801A805F0D8FD2800FEBD2278184B1A725E
S11317A8DAE72278164B5A72D6E723782F2B01D919
S11317B80025E3E7124AD372CEE723782F2BF7D814
S11317C80F4A1373C8E722780D4B5A73C4E722787B
S11317D80B4B9A72C0E70A4D23784FF6FF70AF7B24
S11317E8AB7301F0B3FA0028B6D1AF73E0E72278FF
S11317F8034BDA73B0E7024B5A60ADE74C1500208F
S1131808480F0020ACDA0000F7B507000C000026EA
S113181879B3254D01A805F091FD2A78531CDBB254
S11318282B700AB905F0ACFD01A805F08CFD002663
S1131838092F11D838000AF0DDFE05091E212427D6
S11318482A2D3033194B1B78237004E0042220001E
S113185817490BF052F9012601A805F06FFD2B7802
S1131868013BDBB22B700BB905F09EFD01A805F016
S11318786AFD3000FEBD0D4B1B7AE5E70B4B5B7A26
S1131888E2E70A4BDB7ADFE7084B1B7BDCE7074B15
S11318985B7BD9E7054B9B7AD6E7044B9B7BD3E765
S11318A8024BDB7BD0E7C0464C150020480F0020D4
S11318B84C0F002010B500F04BFD082806D100227B
S11318C8054B5A701A7001F01DFA10BD0028FCD19E
S11318D801F0A2F8F9E7C046440F002010B504004F
S11318E80B4B1870587000F015F854B1342140F2BD
S11318F8407006F07BF8442140F2417006F076F817
S113190810BD142140F2407006F070F82421F3E76A
S1131918440F0020012010B500F08AFE044B18780B
S11319285A78824202D05870FFF7D8FF10BDC046DB
S1131938440F002010B5012806D0002000F078FEDE
S11319480022034B5A7010BDFFF7E4FFFBE7C046C3
S1131958440F0020F0B50600492095B010931AAB47
S1131968150004CB0C911B8821A90B931CAB1F8871
S11319781DAB1B7809780D931EAB1B780E931FAB18
S11319881B780F9320AB1B789C4608ABC018C07F0C
S113199811904D20C018C47F7B48407BA8B1119B8F
S11319A807910893634606930F9B009205930E9B39
S11319B82A0004930D9B0C9903930B9B30B201935B
S11319C80994109B029701F0D5FB704B1C7063427D
S11319D85C410D9B644227400BB9FF330E936C4B5B
S11319E80E9A1A7026B1012E5ED0002015B0F0BDF3
S11319F8684C300000F018FD2300E8331E70230003
S1131A08EC331D6023000B22F4330C981A70FFF793
S1131A18BBFD2300F53318702300B8331E700B9BED
S1131A280D99DA002300BA331A80230041F6040220
S1131A38BC331A802300BE3322001E700123BF3238
S1131A485940117022005249C032097811700F9A16
S1131A5802B1F1332200C132137023000122C233D0
S1131A68E8341A70FFF7BAFB2078431E9841C0B2D5
S1131A78FFF760FF200000F03FFE474800F080FEBB
S1131A880822464912A80BF038F812A800F087FC7F
S1131A9840F2FF1000F0ACFC41F640737B43B3FB0B
S1131AA8F5F33F4A1360A0E73A4C002000F0BCFC71
S1131AB82300E8331E702300EEB2F8330C9A1E702C
S1131AC8384B29009B5C1000053E0E93FFF752FB30
S1131AD8012E07D86B460B9A9B8D0C2A00D20C2337
S1131AE89BB20B9323000E9AF9331A702300109AB1
S1131AF8FA331A7023002500FB3318700123B83514
S1131B082B7023000B9AC4331A8023000D9AC63312
S1131B181A7023001E4AC733127826001A7023004D
S1131B280F9AC8331A70119BE834C9363370FFF71B
S1131B3855FB2078431E9841C0B2FFF7FBFE2000F6
S1131B4800F0DAFD280000F01BFEF8B200F075FC86
S1131B583378042440F23670012B10D105F0A2FF2B
S1131B68A043C1B240F2367005F040FF7B427B418E
S1131B780D4A5B4213404FF6FF729B1891E705F03C
S1131B8891FF0443E1B2EDE7480F002074100020F0
S1131B9808000020440E0020FC0E0020F4DB0000A6
S1131BA878100020A0DA00000100FFFFF0B595B01E
S1131BB80B931AAB20CB0E911B7821A910931CAB65
S1131BC81F881DAB1B7809780C931EAB1B781191E9
S1131BD86C490F920D93497B1FAB20AA06001B7812
S1131BE8127899B105930D9B229904930C9B089143
S1131BF803931199109B0791069201930F9A0B9BDB
S1131C080E9900B20297009501F0DCFA4EB1012E4C
S1131C1857D040F6890005F045FF04210143C9B2B5
S1131C28A3E0594C0B222300E8331E702300EC3345
S1131C381D6023000B98F4331A70FFF7A5FC2300EA
S1131C48F533187023000F9AF0331A602300B83361
S1131C581E702300FF00BA331F80230041F60402DC
S1131C68BC331A802300BE3322001E7001230C9952
S1131C78BF32594011700D9A02B1F1332200C132BA
S1131C88137023000122C233E8341A70FFF7A6FA4E
S1131C982078431E9841C0B2FFF74CFE200000F0A4
S1131CA82BFD3A4800F06CFD0822394912A80AF0C5
S1131CB824FF12A800F073FB40F2FF1000F098FB19
S1131CC8A7E7314C0B9A2300E8331E702300EEB2C9
S1131CD8F8331E702F4B29009B5C1000053E0F93B0
S1131CE8FFF748FA012E04D83B1C0C2F00D20C2312
S1131CF89FB225000F9BF9352B702300109AFA33F5
S1131D081A7023002600FB3318700123B836337089
S1131D182300C4331F8023000C9AC6331A7023008F
S1131D281D4AC73312781A7023000D9AC8331A70E3
S1131D382300119AC933E8341A70FFF74FFA207850
S1131D48431E9841C0B2FFF7F5FD200000F0D4FC13
S1131D58300000F015FD2B78062B00D059E740F62B
S1131D68890005F09FFEFB21014040F6890005F03B
S1131D783DFE0E9805F036FF0020084B229A1A60A3
S1131D8815B0F0BD480F0020440E0020FC0E0020C2
S1131D98F4DB0000A0DA0000080000207C1000201A
S1131DA810B5FFF7B7FD00231A001900180000F05A
S1131DB8E6FB00F011FF10BDF0B587B000250591D2
S1131DC802920493322B5DD84E4B4F4C1B782A0059
S1131DD803932300F933290028001E782B0000F010
S1131DE8CEFB00F033FC494F0190012851D17D68A6
S1131DF83DB92B004649DA0052181168B14244D162
S1131E0855680026FFF7EAF90020FFF793FD414BD8
S1131E1828001E70FFF7B8FB2300F53318703D48FF
S1131E2800F06AFC2000B830067000F0A9FC0598A0
S1131E38FFF704FA384800F0B1FE06F048F9050047
S1131E48280006F048F90028FAD000F005FD029BA6
S1131E5898422EDB0025FFF7C1F9019B012B43D1E2
S1131E68FFF758FD23002000039AF5331A70019BED
S1131E78E830037000F040FC2000019BB830037088
S1131E8800F07EFC280007B0F0BD01330A2BB1D165
S1131E98B7E7FFF7A3F978680028C8D02600E83622
S1131EA83570FFF771FB174B1870300000F024FCF5
S1131EB8BDE740F2E835049B5D4306F008F90600E7
S1131EC800F0CAFC029B9842C4DA300006F003F919
S1131ED8ABB29842F4D300F0BFFC029B01258342C5
S1131EE800DC0025EDB2B6E77B68002BCAD02300DE
S1131EF8039A2000F5331A700023E830037000F0C9
S1131F08FBFBBFE7390F0020440E0020480F0020D8
S1131F1850DA00002C0F0020FFFFFF00F0B5514CF1
S1131F2887B0260005900391F53633780293230091
S1131F38F9331B780493322900D991E000231A005D
S1131F481900180000F01BFB00F080FB464F0190BD
S1131F58012864D17D6845B92B004449DA00521838
S1131F6811680498814256D155680026FFF736F95E
S1131F780020FFF7DFFC3E4B28001E70FFF704FB30
S1131F882300F53318703A4800F0B6FB2000B83047
S1131F98067000F0F5FB0598FFF750F97B7A354891
S1131FA8002B4CD000F04CFE40F2E836039B5E4315
S1131FB806F08DF80500280006F08DF80028FAD000
S1131FC806F085F82C4D039000F046FC2B1C854246
S1131FD800DA031C03981DB206F07DF8B3B29842E8
S1131FE8F2D3FFF7FBF8019B012B2BD1FFF792FCEF
S1131FF823002000029AF5331A70019BE83003701D
S113200800F07AFB2000019BB830037000F0B8FBA5
S1132018280007B0F0BD01330A2B9ED1A5E7FFF7CE
S1132028DDF878680028B6D025000023E8352B7041
S1132038FFF7AAFA3070280000F05EFBABE700F067
S1132048ADFDB1E77B68002BE2D02300029A2000A3
S1132058F5331A700023E830037000F04DFBD7E71E
S1132068054DD5E7440E0020480F002050DA000043
S11320782C0F0020FFFFFF000080FFFFF0B585B0A4
S113208815000AAA17880BAA019111780CAA1478CA
S11320980DAA127848B1012814D00125002040194E
S11320A80138B0FBF5F005B0F0BD012340F2E8308B
S11320B84B40FB185200DB0012191833D2009B184E
S11320C85843ECE7043302936B1F012B04D83B1CE1
S11320D80C2F00D20C239FB21201E400A4184A4228
S11320E851411423AE0049420B40A41BE418AB1E13
S11320F80393062D07D9290001980834FFF73AF805
S113210808B1AB1E9E00E343DB171C40A419013C35
S113211894FBF6F6029B7343DA1913000E33062D6B
S113212800D9023B084A0199525C0A2A0AD8039941
S11321389B0001338B4040F2E8305843034B920034
S1132148D558ACE7FFDEC046A0DA0000F8D9000095
S113215830B585B00400092240F29F2001A905F09A
S11321684FFC6B461D79002301A8AB4214D1032B05
S113217810D869465A1C0A716A465B00210A05325E
S1132188D1546A460632D45440F29F20092201A948
S113219805F0DEFB05B030BD0100427889781202F3
S11321A8521802309442F5D00133DBB2DDE7000067
S11321B8030000200A2B01D8014AD05C7047C046AE
S11321C8E4D90000F0B504000E0085B018B300206F
S11321D8012C51D1294D2B00F9331878FFF7E8FF6A
S11321E801002800C83000782B002A00471EB84197
S11321F8FA33F8321B781278039028000296C63016
S11322080078C435461EB04101902888009020000B
S1132218FFF734FF30E0194B1A00EC3215681A0046
S1132228C13212780296013A511E8A4103921A0069
S1132238BF321278BA3351424A4101921B882A00AC
S1132248DB08009301000300FFF718FF41F657323B
S1132258012395420FD840F6B732DB1895420AD8C5
S113226840F2CF720133954205D840F2E732043385
S1132278954200D9023B181805B0F0BD440E002061
S113228810B5074C1022002120000AF0CDFB05F000
S1132298B5FC10B91323E372237300F043FD10BD9A
S11322A8480F002010B50024214B1860214B224808
S11322B85C701C7000F0D6FB200000F0ADFB012020
S11322C800F0E7F82100200000F0ACFA2000042117
S11322D800F0C2F94FF6FF7123002200080000F055
S11322E84EF940F6AC00FFF733FF40F68900FFF7DC
S11322F82FFFFFF7C5FF1148FEF722FE1048FEF72F
S11323081FFE10490D48FEF7EBFD0F490C48FEF778
S1132318E7FD0E4B1C7000F043FB80B2033400B998
S113232804004FF6FF7000F011FD200010BDC046F8
S1132338400F0020440F00204D130000300E0020F1
S11323481C0E0020F511000011120000580F002087
S1132358014B18787047C04609000020014B1870DB
S11323687047C0460900002010B5084B1A78082A9F
S113237808D840F24113D340DB0703D505F01CFA13
S113238805F042FC05F00EFA10BDC0460900002015
S113239810B50A000100002005F08EFB10BD10B531
S11323A8010040F2C060082205F0D2FA002010BDF6
S11323B807B5064B01A91B7840BA088023B9022245
S11323C840F2BC6005F0C4FA07BDC0468D10002079
S11323D807B5064B01A91B7840BA088023B9022225
S11323E840F2BE6005F0B4FA07BDC0468D10002067
S11323F810B50C4B04001B789BB940F2B86005F08B
S113240851FB01220100230A91431340C9B240F24F
S1132418B860194305F0EAFA40F2B960E1B205F090
S1132428E5FA10BD8D10002007B56B46D91D08705C
S113243801229F2005F0F8F907BD73B5031C0400B9
S1132448F82804D94DF6FC33C0F200031B78013395
S1132458DBB25B100025DEB21F2B02DD0336B608A3
S1132468013532006B0001339A4013006A46D37178
S11324786B460122A020D91D05F0D6F944B16B465C
S1132488F600A919C9B240F20670D97105F0AEFA7E
S113249873BD07B56B46D91D08700122962005F057
S11324A8C3F907BD07B56A46031CD11D58069A0629
S11324B8C00FD20F520180011043DA07D20F104324
S11324C8DA06D20F120110431A07D20FD2001043B2
S11324D85A07D20F9B079200DB0F10435B00184387
S11324E808700122892005F09FF907BD07B5104B34
S11324F801A9984206D90F4B0B800222982005F0B7
S113250893F907BD0C4B984201D90C4BF4E70C4BDB
S1132518984201D90B4BEFE70B4B984201D90B4B6F
S1132528EAE70B4B9842E8D946F66B73E4E7C046F2
S113253800E9A435E1E9FFFF80F8A932D7DBFFFF02
S11325488044E52DC1C5FFFF000B6B1B7581FFFFA0
S113255840FC541913B501AC20706170A2702100BD
S113256804229520E37005F05FF913BD07B56B46A7
S1132578D91D08700122932005F056F907BD13B53B
S11325886C4652BAA280082240BA49BA20806180B7
S11325985BBA69461000E38005F046F913BD13B52C
S11325A801AC02222100122005F086F9208840BAE5
S11325B880B216BD07B56B46D91D087001229D204F
S11325C805F032F907BD07B50B00072201A9104031
S11325D81A0C08704A705BBA042297204B8005F0E5
S11325E823F907BD37B5104B104D18602B7804003C
S11325F81BB9FFF77BFF01232B7043F60951B4FB8A
S1132608F1F20B0041F684605343E31A9B031B1851
S1132618B3FBF1F392039B181BBA0422862001A989
S1132628019305F001F937BD8410002080100020C3
S113263807B56B46D91D044B0870187001228A200F
S113264805F0F2F807BDC0468D100020014B18783C
S11326587047C0468D10002037B504000D0005F002
S1132668C7FA0200012826D1030000210F2C08D143
S11326780620FFF76FFF231C5AB20E2A0CDD0E2327
S11326880AE00420FFF766FF231C1134F4DA4DF640
S1132698FD33C0F200031B7818215CB240F6E70052
S11326A805F0A4F96B4602228E2001A95D711C7104
S11326B805F0BAF837BD40F6D80005F0F3F91E2145
S11326C80143C9B240F6D80005F090F9012300226D
S11326D807210420FFF73EFF231C093407DA4DF6CF
S11326E8FE33C0F200031B7838215CB2D6E75AB235
S11326F8162AF9DD1623F7E713B50400082200218A
S113270868460AF091F91C4B20781B78834201D063
S1132718FFF78EFF237813B1012B28D013BD62680D
S1132728164B6946B3FBF2F343F609501A0C0A70C8
S11327381A0A4A708B70237BA268CB70637B0B7177
S1132748B2FBF0F103004B43D31A41F684629B03B6
S11327589B18B3FBF0F389035B1869461A0C4A719A
S113276808225BBACB808B2005F05EF8D6E7236994
S1132778042269460093F6E78D1000200000093D05
S113278830B5040085B001AD0922002128000AF003
S11327984BF9224B20781B78834201D0FFF748FF7E
S11327A823781BB1012B2BD005B030BD637AF12BF4
S11327B81AD14FF6FF70FFF7FBFD48F20500FFF74B
S11327C807FE02236288A18852BA2A80227A698085
S11327D8AA710922E188EB71A980A37A2B722900D6
S11327E88C2005F021F8DFE7F22BEBD141F60F50EE
S11327F8FFF7DEFD41F22100FFF7EAFD0623E1E7DA
S1132808A389074A5BBA2B80A37B1370AB70E37B65
S11328180622EB70238AAB80E1E7C0468D100020C6
S11328288C10002007B56B461871597102228F204D
S113283801A904F0F9FF07BD002110B50A00C02062
S113284805F03AF80721021143100A400B4012011F
S11328585800104310BD000013B501AC012221003B
S1132868152005F029F8064B22781B7852085BB22C
S11328789B1A181C803301DA4FF6807000B216BD1B
S1132888480F002037B505000C000222132001A9C7
S113289805F012F8094B1B78012B0CD1084B1B7857
S11328A8012B08D140F2027005F0FCF86B46287041
S11328B85B79237037BD6B461879F7E78D100020D4
S11328C88C100020F7B56B460C00DF1D050039009D
S11328D820001600FFF7D6FF22780120B24204D860
S11328E83878290005F030F90020FEBD37B504001A
S11328F801AD03222900142004F0DEFF254B1B78C8
S113290823704BB1012B24D01B220021601C0AF038
S11329188BF80F2323701BE000222B7823711E4BA6
S11329289A566B7892B25B08D31A191C1BB280337F
S113293801DA4FF680712181AB785B08D31A1A1C2F
S11329481BB2803301DA4FF680720023E280E36021
S113295837BD0022104B9A562B7892B25B08D31AD3
S1132968191C1BB2803301DA4FF6807101232182CE
S1132978EB5602339B10A374AB785B08D31A1A1C6A
S11329881BB2803301DA4FF68072044BA2821B68B3
S1132998A361DDE78D100020480F00208810002077
S11329A8002313B501AC210002221720238004F070
S11329B883FF012362785110100019409940184090
S11329C808439110194089000843D1101940C900DF
S11329D80843111119400901084351111940921172
S11329E849011A40084392011043227813401B02FC
S11329F8184316BD002307B5022201A907200B803E
S1132A0804F012FF07BD07B5022201A940BA0880E5
S1132A18100004F009FF07BD07B56B46D8710E48CE
S1132A28FEF78EFA0D48FEF78BFA6B460122D91D84
S1132A38802004F0F9FE6B46DA79094B4AB9013271
S1132A4820201A70FFF792FD4FF6FF70FFF7DBFFA7
S1132A5807BD02221A70F7E7300E00201C0E002072
S1132A680900002010B5040004F086FE200004F0DC
S1132A7863FE04F0A1FE0020FFF7CEFF04F06AFE17
S1132A8805F0C2F80120FFF795FD0122044B1A70E6
S1132A980023044A1370044A1370044A136010BDD7
S1132AA8090000208D1000208010002084100020D0
S1132AB813B5041CFFF7C0FE60230340202B02D08B
S1132AC80020FFF7A9FF05F0DFF86B46A207D91D20
S1132AD86307DB0FD20F52009B001343E207D20FA8
S1132AE81343842001220B7004F09EFE04210B0082
S1132AF8074A2340214202D00023137013BD082142
S1132B081170044A1370044A1360044AF5E7C04676
S1132B180900002080100020841000208D1000205F
S1132B2837B505F06BF888B96B460122D91D80309A
S1132B380A70074D04F078FE064B40F61110E97A46
S1132B485C6CA04740F61210297BA04737BDC046ED
S1132B58480F002064DB000013B504220400094B6D
S1132B6809481A70FEF7ECF9FFF7DAFF01A9230CFC
S1132B780B700322230A83204B708C7004F054FEDC
S1132B8813BDC046090000201C0E002010B5140017
S1132B98FFF7FEFB2000FFF7DFFF10BD052213B58A
S1132BA804000B4B0B481A70FEF7CAF9942140F63F
S1132BB8AC0004F01BFFFFF7B3FF01A9230C0B7053
S1132BC80322230A82204B708C7004F02DFE13BD5F
S1132BD809000020300E0020F0B540F6E206002778
S1132BE885B03000039704F05DFFFE2140F6E5054B
S1132BF801400400300004F0F9FE280004F052FFFC
S1132C087F2101900140280004F0F0FE0B48FFF7F3
S1132C18C5FF042203A940F6190004F0F1FE3800A8
S1132C28FFF7FAFE2100300004F0E0FE28000199C5
S1132C3804F0DCFE039805B0F0BDC046FFFFFF00BA
S1132C48052213B504000B4B0B481A70FEF778F9EC
S1132C58962140F6AC0004F0C9FEFFF761FF01A914
S1132C68230C0B700322230A82204B708C7004F00F
S1132C78DBFD13BD09000020300E002037B5050028
S1132C880C00FFF74DFF6A462B0C13702B0A537088
S1132C98230C64BA9570D3709480694606229420F4
S1132CA804F0C2FD0622014B1A7037BD090000204A
S1132CB810B5FFF735FF0022C520110004F0B4FD5C
S1132CC80722014B1A7010BD0900002010B5FFF748
S1132CD827FF0022D120110004F0A6FD0422014B95
S1132CE81A7010BD0900002010B5FFF719FF002263
S1132CF8D220110004F098FD0422014B1A7010BD73
S1132D080900002010B50120FFF754FC04F022FD4F
S1132D180120FFF7BEFB0122014B1A7010BDC0460B
S1132D2809000020024B1B780BB9024AD381704773
S1132D388E100020480F0020030000200A2B04D81E
S1132D4840F27D60D840012318407047F7B5294BFD
S1132D5805009E7B3000FFF7EFFF0190002846D066
S1132D680027254C1422390024482770676009F08D
S1132D785BFE18223900224809F056FE21480378E0
S1132D8823B1230046331B78B34230D023004633A3
S1132D9800221E700023A263E3630023A11D220006
S1132DA8CB8780214732117022004832137040F2D9
S1132DB8013C1A00144923640F78B7420ED1012745
S1132DC83D420BD00B2A08D8104FD300D951DB1938
S1132DD8674601329F80019BD2B26D080C4F2C319B
S1132DE8B942E9D10BB14834227001230370019828
S1132DF8FEBDC046480F0020901000209810002007
S1132E08AC1000208E10002000DC0000E010002030
S1132E18FCE000004A425141094A4942114042F249
S1132E28107289180300C8430A2B07D8054AD35CD3
S1132E38054A9B009B58C81803B9C8437047C04645
S1132E48F0D8FFFFA0DA000024DA000010B504006F
S1132E5808002CB1012C09D12100FFF7DBFF10BDBC
S1132E68500042F210729B18C018F8E70120404243
S1132E78F5E70000F7B51B4ACE00B2181279030033
S1132E880120D2B100229C5EDD68844216D1002163
S1132E989868FFF7BFFF134B134A9B5940F20C0C79
S1132EA82A331B781049DB009A5C5B1801920022D4
S1132EB8019ED1B28E4203D80420FEBD5868EAE7C9
S1132EC8614651435F687E18795EA14205D17168F5
S1132ED8A94202D1B168814201D00132E8E7002059
S1132EE8EBE7C046E0100020FCE0000003000D48BA
S1132EF8D200125830B5546802209C4211D8956803
S1132F089D420ED3D2681B1BB3FBF2F454431D1B22
S1132F18A34206D12800012A03D08A429241524290
S1132F28500030BDE0100020044BC900CB585B6949
S1132F3883428041404200017047C046E0100020AF
S1132F48F8B51A4C0020236C63B3A31DDB8F184D0E
S1132F58DB005B59188B28B3FEF7F8F80023226CC2
S1132F6806000F00A06BE16B801859410222002370
S1132F7812184B41BB4216D801D1B24213D80222CF
S1132F885242D317121A8B4192197B410634E18FAE
S1132F980120C9006958098B0BB9914200D8002057
S1132FA8800180B2F8BD00220023EFE790100020D2
S1132FB8E01000200300002082B00190D1B142F259
S1132FC80F7291420CD840F2E73291420AD9013289
S1132FD842F210700192019A401AB0FBF2F0584381
S1132FE802B0704764226329F2D80A220929EFD86B
S1132FF80122EDE70121FBE7F8B51F4C0020236C03
S1133008ABB3A31DDB8F1D4DDB005B59188D70B36B
S1133018FEF79CF8A66BE76B0B0002001900236C03
S113302810009C461A000023B6185F4102220023B0
S113303892197B418B421BD801D1824218D80222B3
S11330485242D317921BBB4112184B4116001F0062
S11330580634E38F6046DB00EB58198DFFF7AAFFAF
S113306801230FB9B04200D80023580180B2F8BD3B
S113307800260027ECE7C04690100020E01000204E
S1133088124AF0B513000400463319784832104B3D
S11330981278DD7B0F4B0639D200C9B2D21893429D
S11330A801D10020F0BD012905D825B918682A30B6
S11330B80078022808D0187930B11E687768A742CA
S11330C802D8B668A642EDD20833E8E7901000208B
S11330D8480F0020E010002073B5204D060001A819
S11330E80C0004F02BF92A78531CDBB22B700AB9B4
S11330F804F046F901A804F026F9701E042809D83A
S113310809F078FA03161A212800502221001448DD
S113311809F0F3FC01A804F011F92B78013BDBB2A8
S11331282B700BB904F040F901A804F00CF973BD35
S113313822780B4B1A70EDE7094B083307CC07C309
S113314806CC06C3E6E7064B1C3307CC07C307CCFB
S113315807C3DFE72268024B5A60DBE74C150020FF
S11331689010002007B5019001A90520FFF7B4FFCE
S113317800200EBDF0B506000D008BB0019311AB15
S11331881B880092029313AB1B781222039315AB8E
S11331981F7804AB0021981D09F046FC009B05AC80
S11331A80793019B21002373029B0320E381039B64
S11331B82680069523746774FFF78EFF00200BB0F2
S11331C8F0BD0000F0B50C00060015008DB00193A9
S11331D812AB04CB00211B780292039314AB1B8817
S11331E81522049315AB1B78059316AB1F7806AB11
S11331F8D81C09F019FC06AB1E809C70019B039A2D
S11332080893029B0420099306AB1A74049A1900C4
S11332185A82059A5F751A750795FFF75DFF0020B6
S1133228024B47331C700DB0F0BDC046901000200F
S113323873B5214D060001A80C0004F07FF82A7824
S1133248531CDBB22B700AB904F09AF801A804F0F5
S11332587AF8701E042809D809F0CCF903161A2242
S11332682A0050222000154909F047FC01A804F05F
S113327865F82B78013BDBB22B700BB904F094F89A
S113328801A804F060F873BD0C4B1B782370EDE7BC
S113329822000A4B083343CB43C203CB03C2E5E7FE
S11332A82200064B1C3343CB43C213CB13C2DDE7C6
S11332B8024B5B682360D9E74C150020901000206E
S11332C8F0B59BB014AD1822040000210EA809F033
S11332D8ABFB29000420FFF7ABFF05200CA9FFF77F
S11332E8A7FF0023EE5EA968EB6830006A68FFF761
S11332F8ADFDF3B202936D4B08905B6A210002980E
S113330898476B4B049048331B786A4E0793684B75
S113331846331B78063BDBB20593674BDB7B06938E
S11333280C9B03930EAB0193002300936B461F7809
S1133338079BBB4200D8A2E0059B012B07D8069B3C
S11333482BB933682A331B78022B00D1A0E03379D8
S1133358002B00D19CE03A0008990398FFF7C6FDBA
S1133368019B3900099028001C88FFF783FD099BFD
S11333783900034304981C43FFF7D6FDA4B2019B0C
S11333880443A4B21C80002C00D081E0FFF734FE73
S11333980400FFF7D5FD009B04435B00180001936C
S11333A810230AA9A4B2C9180C52DCBB0099414BDA
S11333B8CE009A5940F2E733D2699A4232D93B4A4D
S11333C80DA9D56F0120A8470AA903312000A847F1
S11333D8384B364A9959956F24310120A847354B03
S11333E8711DC9182000A84740F2E831314B9A5999
S11333F8D3692020125EB3FBF1F32C499BB20E690A
S113340802980399B04706000DA90120A8470AA904
S113341820000331A8472EB91022802301980AA955
S11334288A181352009B0EAA5B009B5A13BBFDF724
S11334388DFE1F4B049A9863D9631A640633DF8799
S1133448009B1C4ADB00D35814A91B7C8878897814
S11334581A1C49B25BB28B4200DD021C0021144BDA
S113346850B247335956814202D01A7004F0BAFB5D
S1133478002006E06022134212D11B0613D4FF2752
S11334886520FF2318403B401B0218431BB0F0BDC6
S1133498009B083601330093019B0233019345E7EF
S11334A8FF276620EDE7FF276720EAE764DB0000D3
S11334B890100020E0100020480F002037B56B461C
S11334C8DD1C02200C002900FFF7B2FE2B78032034
S11334D81BB92000FFF7F4FEC0B23EBDF0B599B0A9
S11334E8182200210DAC12A809F09EFA210003202D
S11334F8FFF79EFE05200CA9FFF79AFE0022A35EA3
S1133508019303BB63680393404B00271A004832B6
S11335181278463309921B783D4D063BDBB205937E
S11335283C4BDB7B06930C9B079312AB0293099BE2
S1133538BB4210D1FF276420FF2318403B401B02E5
S1133548184319B0F0BD002361681A000198FFF709
S11335587DFC0390D8E7059B012B0DD8069B5BB92E
S11335682B682A331B78022B06D1029B01370233BE
S1133578FFB208350293DAE72B79002BF5D03A002D
S113358803990798FFF7B2FC029B1B881843029B18
S113359884B21C80002CE8D12B681F4A2A331E7879
S11335A8F600B35CB118019A04932300012A25D1CB
S11335B821000E98FFF72EFC40F20C0C0F9B089389
S11335C8154BF3180499E2B28A42CED2624662439A
S11335D85E68B118B25E012A06D14A68089E96420E
S11335E802D18A6882420ED00134EBE70C2058439A
S11335F84A680133825E0198904204D00498DAB292
S11336089042F3D8B1E7002096E7C0469010002016
S1133618E0100020480F0020FCE0000013B56B46C2
S1133628DC1C02202100FFF703FE2378032013B9D2
S1133638FFF754FFC0B216BD03207047032070473C
S1133648F8B52E4C01252300220046331978483258
S11336582B4B1278DE7B2B4B0639D200C9B2D21819
S1133668934205D1002D46D1236C83B90020F8BDBF
S1133678012905D826B918682A300078022804D008
S1133688187947427841404205400833E8E7FDF796
S11336985DFD0222002306000F00A06BE16B1218E7
S11336A84B419F4202D823D1964221D90222524249
S11336B8D317121A8B41B6185F41256C0634E38F71
S11336C8104ADB00D4582800218DFFF773FC218BA6
S11336D80200814200D90A00002328000021801832
S11336E85941B94202D8C1D1B042BFD9801BBEE703
S11336F800260027E1E701204042B8E790100020A7
S1133708480F0020E0100020F0B50B27002491B0EA
S1133718039302ABFF1805001000160002913C70D9
S113372809F0F4F9039B01300693169B0596099357
S11337380123089007970A93189B9C422CD2189B44
S11337481F1B08AB132F16D9179A0093121901924D
S113375828000322029905AB00F0F6F818B10120FD
S1133768404211B0F0BD0B2202ABD21813781434C6
S113377801331370E0E70BAE00930322280002998B
S1133788019605AB00F0E0F80028E8D1179B3A0051
S11337983100181909F0B1F90020E2E770B50024E6
S11337A89C4200D170BD0D5D165D75400555013410
S11337B8F6E710B50C22002109F036F910BD000017
S11337C810B540B1036833B11B78052B03D14068A9
S11337D800F08EF910BD0148FCE7C04600AFFFFFBA
S11337E810B540B1036833B11B78052B03D1406889
S11337F800F00CFF10BD0148FCE7C04600AFFFFF16
S113380810B540B1036833B11B78052B03D1406868
S113381800F037FF10BD0148FCE7C04600AFFFFFCA
S113382810B530B1036823B1836813B1FFF7D8FF2B
S113383810BD0148FCE7C04600AFFFFFF0B5040027
S11338480E0087B000B30368F3B18568E5B101A938
S11338589F78FFF7D5FFA8B92000FFF7B1FF88B913
S1133868236820009A78E919FFF7BAFF50B923684A
S113387820005A7801A9FFF7B3FF18B931002000D6
S1133888FFF7BEFF07B0F0BD0048FBE700AFFFFF3E
S113389810B50A00002109F0C7F810BDF0B589B0C9
S11338A805001600019100284AD00368002B47D070
S11338B88268002A44D09B78B34214D2FFF780FF71
S11338C80400B0BB320028000199FFF789FF040007
S11338D878BB280003A9FFF793FF040048BB2B68B3
S11338E85E7803AB01932B68AF689A783621380069
S11338F8BC1809F099F82B685C219A78200009F023
S113390893F8330039003800019AFFF747FF210084
S113391820003300019AFFF741FF2800FFF750FF0A
S1133928040030B92B68390028009A78FFF758FF4B
S11339380400142103A8FFF7ABFF200009B0F0BD71
S1133948004CFAE700AFFFFFF0B50D000400BDB06E
S113395802A800920193FFF72CFF194B2A002100BB
S113396805AF1CAE02A8039704960293FFF796FFCF
S113397804000500D0B138005C21FFF789FF30004E
S11339888021FFF785FF02A80C21FFF781FF2000A3
S11339983DB0F0BD429A0199AB00D258C95802A86B
S11339A8FFF73EFF04000028E5D10135009BAB4238
S11339B8F0D1439902A8FFF741FF0400DBE7C046B2
S11339C80CE200000200405C5118CB780006184352
S11339D84B781B0418438B781B0218437047030E5B
S11339E88B548918030C4B70030A8B70C87070478A
S11339F870B51D001B23D841084E059B049C9B19D8
S1133A08C01823686A40C0180B68134002226B4030
S1133A18C01820600B68D3410B6070BD9979825A35
S1133A285A400B6830B55A401B23D841064D049BB5
S1133A38039C5B19C018236812189B180222236080
S1133A480B68D3410B6030BDA1EBD96EF0B51B26D2
S1133A58F0410A4F069E059CF6190D6880192668E0
S1133A6880192E00164333402A4013430222C018FB
S1133A7820600B68D3410B60F0BDC046DCBC1B8FD3
S1133A885A400B6830B55A401B23D841064D049B55
S1133A98039C5B19C018236812189B180222236020
S1133AA80B68D3410B6030BDD6C162CA030070B540
S1133AB80F260500C41E083B344033403540A4009B
S1133AC89B005B586458AD004D195C402B680E3858
S1133AD85C401F2330408000405860401060D8414B
S1133AE8286070BD10B510B15C21FFF7D1FE10BD80
S1133AF803000020064A18609A60064A5860DA6093
S1133B08054A1A61054A5A61054A9A617047C046CE
S1133B180123456789ABCDEFFEDCBA9876543210A1
S1133B28F0E1D2C3F0B50D00ADB003900021280038
S1133B38FFF748FF0421070017902800FFF742FF0A
S1133B480821060018902800FFF73CFF0C21040008
S1133B5819902800FFF736FF102107901A902800C3
S1133B68FFF730FF142108901B902800FFF72AFF65
S1133B78182109901C902800FFF724FF1C210A90A3
S1133B881D902800FFF71EFF20210B901E9028008F
S1133B98FFF718FF24210C901F902800FFF712FF4D
S1133BA828210D9020902800FFF70CFF2C210E905F
S1133BB821902800FFF706FF30210F90229028005B
S1133BC8FFF700FF3421109023902800FFF7FAFE36
S1133BD83821119024902800FFF7F4FE3C2112901C
S1133BE825902800FFF7EEFE039B13909B68269010
S1133BF805932793039B28A9DB6814932893039BB5
S1133C081B6904932993039B5B6906932A93039B7B
S1133C18049A9B69059815932B932BAB01970093F2
S1133C28069BFFF7E5FE289D2AAB2A002B980196F0
S1133C38009327A9049BFFF7DBFE279E019429AC78
S1133C482B0032002A982BA90094FFF7D1FE079B7A
S1133C582B9D019328AB2A00299800932AA93300A5
S1133C68FFF7C6FE089B2A9E019327AB320021006A
S1133C78289800932B00FFF7BBFE099B299D01930D
S1133C882BAB2A002798009328A93300FFF7B0FE2E
S1133C980A9B289E01932AAB32002B98009327A9EC
S1133CA82B00FFF7A5FE279D0B9B2A002A9801935A
S1133CB82BA933000094FFF79BFE0C9B2B9E0193CA
S1133CC828AB3200299800932AA92B00FFF790FE0D
S1133CD80D9B2A9D019327AB2A0021002898009365
S1133CE83300FFF785FE0E9B299E01932BAB320010
S1133CF82798009328A92B00FFF77AFE0F9B289D8D
S1133D0801932AAB2A002B98009327A93300FFF7C5
S1133D186FFE279E109B32002A9801932BA92B0033
S1133D280094FFF765FE119B2B9D019328AB2A0095
S1133D38299800932AA93300FFF75AFE129B2A9E5A
S1133D48019327AB32002100289800932B00FFF73A
S1133D584FFE139B299D01932BAB2A0027980093B0
S1133D6828A93300FFF744FE16AA17A910202B9E92
S1133D78289FFFF79BFE2AAB3A000190009330007E
S1133D882B0027A9FFF734FE16AA17A911202A9D8C
S1133D98279E289FFFF78AFE3B00320001902BA93B
S1133DA828000094FFF724FE16AA17A91220299DBB
S1133DB82B9E279FFFF77AFE28AB320001900093D1
S1133DC828003B002AA9FFF713FE16AA17A91320F7
S1133DD8289D2A9E2B9FFFF769FE27AB32002100FE
S1133DE80190009328003B00FFF702FE16AA17A9CA
S1133DF81420279D299E2A9FFFF758FE2BAB3200DB
S1133E080190009328003B0028A9FFF709FE16AA91
S1133E1817A915202B9D289E299FFFF747FE2AAB3B
S1133E2832000190009328003B0027A9FFF7F8FD12
S1133E3816AA17A916202A9D279E289FFFF736FE43
S1133E483B00320001902BA928000094FFF7E8FDFD
S1133E5816AA17A91720299D2B9E279FFFF726FE30
S1133E6828AB32000190009328003B002AA9FFF7F1
S1133E78D7FD16AA17A91820289D2A9E2B9FFFF75D
S1133E8815FE27AB320021000190009328003B0067
S1133E98FFF7C6FD16AA17A91920279D299E2A9F50
S1133EA8FFF704FE2BAB32000190009328003B007F
S1133EB828A9FFF7B5FD16AA17A91A202B9D289E35
S1133EC8299FFFF7F3FD2AAB3200019000932800E5
S1133ED83B0027A9FFF7A4FD16AA17A91B202A9DB2
S1133EE8279E289FFFF7E2FD3B00320001902BA993
S1133EF828000094FFF794FD16AA17A91C20299DF1
S1133F082B9E279FFFF7D2FD28AB32000190009328
S1133F1828003B002AA9FFF783FD16AA17A91D202C
S1133F28289D2A9E2B9FFFF7C1FD27AB3200210055
S1133F380190009328003B00FFF772FD16AA17A909
S1133F481E20279D299E2A9FFFF7B0FD2BAB320028
S1133F580190009328003B0028A9FFF761FD16AAE9
S1133F6817A91F202B9D289E299FFFF79FFD2AAB89
S1133F7832000190009328003B0027A9FFF750FD69
S1133F8816AA17A920202A9D279E289FFFF78EFD91
S1133F983B00320001902BA928000094FFF740FD54
S1133FA816AA17A92120299D2B9E279FFFF77EFD7E
S1133FB828AB32000190009328003B002AA9FFF7A0
S1133FC82FFD16AA17A92220289D2A9E2B9FFFF7AA
S1133FD86DFD27AB320021000190009328003B00BF
S1133FE8FFF71EFD16AA17A92320279D299E2A9F9D
S1133FF8FFF75CFD2BAB32000190009328003B00D7
S113400828A9FFF70DFD16AA17A924202B9D289E81
S1134018299FFFF74BFD2AAB32000190009328003B
S11340283B0027A9FFF7FCFC16AA17A925202A9DFF
S1134038279E289FFFF73AFD3B00320001902BA9E9
S113404828000094FFF7ECFC16AA17A92620299D3E
S11340582B9E279FFFF72AFD28AB3200019000937F
S113406828003B002AA9FFF7DBFC16AA17A927207A
S1134078289D2A9E2B9FFFF719FD27AB32002100AC
S11340880190009328003B00FFF7CAFC16AA17A961
S11340982820279D299E2A9FFFF708FD2BAB320075
S11340A80190009328003B0028A9FFF7CFFC16AA2B
S11340B817A929202B9D289E299FFFF7F7FC2AABD7
S11340C832000190009328003B0027A9FFF7BEFCAB
S11340D816AA17A92A202A9D279E289FFFF7E6FCDF
S11340E83B00320001902BA928000094FFF7AEFC96
S11340F816AA17A92B20299D2B9E279FFFF7D6FCCC
S113410828AB32000190009328003B002AA9FFF74E
S11341189DFC16AA17A92C20289D2A9E2B9FFFF7E1
S1134128C5FC27AB320021000190009328003B0016
S1134138FFF78CFC16AA17A92D20279D299E2A9FD4
S1134148FFF7B4FC2BAB32000190009328003B002E
S113415828A9FFF77BFC16AA17A92E202B9D289EB9
S1134168299FFFF7A3FC2AAB320001900093280093
S11341783B0027A9FFF76AFC16AA17A92F202A9D36
S1134188279E289FFFF792FC3B00320001902BA941
S113419828000094FFF75AFC16AA17A93020299D75
S11341A82B9E279FFFF782FC28AB320001900093D7
S11341B828003B002AA9FFF749FC16AA17A93120B1
S11341C8289D2A9E2B9FFFF771FC27AB3200210004
S11341D80190009328003B00FFF738FC16AA17A9A2
S11341E83220279D299E2A9FFFF760FC2BAB3200C3
S11341F80190009328003B0028A9FFF727FC16AA82
S113420817A933202B9D289E299FFFF74FFC2AAB23
S113421832000190009328003B0027A9FFF716FC01
S113422816AA17A934202A9D279E289FFFF73EFC2B
S11342383B00320001902BA928000094FFF706FCEC
S113424816AA17A93520299D2B9E279FFFF72EFC18
S113425828AB32000190009328003B002AA9FFF7FD
S1134268F5FB16AA17A93620289D2A9E2B9FFFF72F
S11342781DFC27AB320021000190009328003B006D
S1134288FFF7E4FB16AA17A93720279D299E2A9F22
S1134298FFF70CFC2BAB32000190009328003B0085
S11342A828A9FFF7D3FB16AA17A938202B9D289E07
S11342B8299FFFF7FBFB2AAB3200019000932800EB
S11342C83B0027A9FFF7C2FB16AA17A939202A9D84
S11342D8279E289FFFF7EAFB3B00320001902BA999
S11342E828000094FFF7B2FB16AA17A93A20299DC3
S11342F82B9E279FFFF7DAFB28AB3200019000932F
S113430828003B002AA9FFF7A1FB16AA17A93B20FE
S1134318289D2A9E2B9FFFF7C9FB27AB320021005B
S11343280190009328003B00FFF790FB16AA17A9F9
S11343383C20279D299E2A9FFFF7B8FB2BAB320010
S11343480190009328003B0028A9FFF799FB16AABF
S113435817A93D202B9D289E299FFFF7A7FB2AAB71
S113436832000190009328003B0027A9FFF788FB3F
S113437816AA17A93E202A9D279E289FFFF796FB79
S11343883B00320001902BA928000094FFF778FB2A
S113439816AA17A93F20299D2B9E279FFFF786FB66
S11343A828AB32000190009328003B002AA9FFF7AC
S11343B867FB16AA17A94020289D2A9E2B9FFFF762
S11343C875FB27AB320021000190009328003B00C5
S11343D8FFF756FB16AA17A94120279D299E2A9F55
S11343E8FFF764FB2BAB32000190009328003B00DD
S11343F828A9FFF745FB16AA17A942202B9D289E3A
S1134408299FFFF753FB2AAB320001900093280041
S11344183B0027A9FFF734FB16AA17A943202A9DB6
S1134428279E289FFFF742FB3B00320001902BA9EF
S113443828000094FFF724FB16AA17A94420299DF5
S11344482B9E279FFFF732FB28AB32000190009385
S113445828003B002AA9FFF713FB16AA17A9452031
S1134468289D2A9E2B9FFFF721FB27AB32002100B2
S11344780190009328003B00FFF702FB16AA17A936
S11344884620279D299E2A9FFFF710FB2BAB32005D
S11344980190009328003B0028A9FFF7F1FA16AA17
S11344A817A947202B9D289E299FFFF7FFFA2AABBF
S11344B832000190009328003B0027A9FFF7E0FA97
S11344C816AA17A948202A9D279E289FFFF7EEFAC7
S11344D83B00320001902BA928000094FFF7D0FA82
S11344E816AA17A94920299D2B9E279FFFF7DEFAB4
S11344F828AB32000190009328003B002AA9FFF75B
S1134508BFFA16AA17A94A20289D2A9E2B9FFFF7AF
S1134518CDFA27AB320021000190009328003B001C
S1134528FFF7AEFA16AA17A94B20279D299E2A9FA2
S1134538FFF7BCFA2BAB32000190009328003B0034
S113454828A9FFF79DFA16AA17A94C202B9D289E87
S1134558299FFFF7ABFA2AAB320001900093280099
S11345683B0027A9FFF78CFA16AA17A94D202A9D04
S1134578279E289FFFF79AFA3B00320001902BA947
S113458828000094FFF77CFA16AA17A94E20299D43
S11345982B9E279FFFF78AFA28AB320001900093DD
S11345A828003B002AA9FFF76BFA16AA17A94F207F
S11345B8289D2A9E2B9FFFF779FA27AB320021000A
S11345C80190009328003B00FFF75AFA059A279BAD
S11345D816A89B18039A58219360149A289B9B1831
S11345E8039AD360049A299B9B18039A1361069A29
S11345F82A9B9B18039A5361159A2B9B9B18039A21
S11346089361FFF745F900202DB0F0BDF7B504001C
S1134618160000919AB33F2503681D409B18036058
S1134628934202D2436801334360B5B140277F1BEC
S1134638BE4212D323001C3300993A00581901933F
S113464808F05BFA20000199FFF76CFAC0B97619F3
S11346580500009B403EDB190093370004E020006E
S1134668FFF760FA60B9403F009B9919C91B3F2FB7
S1134678F5D827B11C343A00601908F03EFA002036
S1134688FEBDF8B504003F22270003680E0013405E
S1134698581C4132E3181A771C37382837D80021B8
S11346A8483A121A381808F0BFF9256860686B0F81
S11346B8C000184338223900FFF791F9E8003C227A
S11346C83900FFF78CF939002000FFF72BFA0500B1
S11346D8C0B902003100A068FFF781F90422310053
S11346E8E068FFF77CF9082231002069FFF777F9C1
S11346F80C2231006069FFF772F910223100A069B9
S1134708FFF76DF92000FFF7EDF92800F8BD402206
S11347180021121A381808F087F939002000FFF729
S113472801FA05000028EDD1010038223800BAE763
S113473840F2E41201230249885C03438B54704716
S11347484011002040F2E41202230249885C03432A
S11347588B5470474011002010B5204C23006A3355
S11347681A7823004433187852070138520F08285E
S113477812D807F03FFF1C1C05121416181A2B0038
S11347880023012A15D0032A20D0002144341422FE
S11347981348217003F0CBFD10BD0223F1E7032376
S11347A8EFE70523EDE70623EBE70723E9E704230F
S11347B8E7E70C49A26E0A400B498A42E5D040F269
S11347C870120A48A35463689847DEE740F26C13F2
S11347D8E35C002BD9D00548E368F5E740110020D5
S11347E8AC120020FF00800011008000B0120020ED
S11347F8F0B585B06B466A46164C9F1DA61C390059
S1134808F07F03AB073202F013FA0D25E8B9631CF5
S1134818F17FD87F02AA02F021FA0500C0B923006B
S11348283A7848331A706A462300D27950331A709A
S1134838039B094A6365029B0849E364E31CDB7F25
S113484858342370F07F02F027FA280005B0F0BD31
S11348580E25FAE7401100209C1100209911002030
S1134868F0B50E270F221A4D87B06F44AE1C3900DD
S1134878F07F05AB6A4402F0DBF90D2418BB6B1C0E
S1134888F17FD87F04AA02F0E9F90400F0B940F2F4
S113489880133A780621EA546B46DA7B40F288138F
S11348A8EA54059A0433EA50049A083BEA50094A40
S11348B8F07F0092AA6A084B02F00CFA220007491A
S11348C8F07F02F0E9F9200007B0F0BD0E24FAE702
S11348D840110020E0120020DC120020E412002025
S11348E810B5074C02F0F2F8230068331A7805492A
S11348F8054801F09FFF10B902234434237010BD0A
S113490840110020AA1100208811002070B50B4D19
S11349182B1DDC7F6CB102F0D9F80121084801F0A5
S1134928F7FF040008B102F0ADF8042320002B704F
S113493870BD02F0A7F80323F8E7C0464011002031
S1134948C0120020094B1A78092A04D0042A02D07C
S11349580E221A7070470B221A701A006A321278E3
S11349689206F7D505224433F3E7C04640110020E8
S1134978F0B587B0060004240391002800D18CE028
S11349880368002B00D188E04368002B00D184E041
S11349988368002B00D180E0C368002B7DD00369B5
S11349A8002B7AD00A2978D83D4D023C2B78042B69
S11349B873D840F210220021280003F0B8FC01F05B
S11349C8D5FE0400002868D105AF3900039802F029
S11349D8A9F80400002860D100F04CFF02F03CFA6A
S11349E82B00039A40331A70310014222D4803F027
S11349F889FC2D4E282230002C4903F083FC3B8887
S1134A0838785BBA2B840223FB56EA1C284FD377E9
S1134A184036284A33703900274BAE1C039202F003
S1134A2807F96B1CD87F254AF17F02F017F924494E
S1134A38244AF07F02F030F940F280133A78224891
S1134A48EA54EA6C0433EA50039B1A7840F2881358
S1134A58EA546A6D0433EA5002F02EF91B4AF07FD7
S1134A6800921B4B0621AA6A02F034F90022194964
S1134A78F07F02F011F940F2E413002216481749B6
S1134A88EA54FCF72DFA16481649FCF729FA01F0FE
S1134A982DF801F0F7FF01232B70200007B0F0BDBB
S1134AA840110020441100205811002010E2000099
S1134AB88811002090110020941100208C110020EE
S1134AC8991100209C110020D0120020E01200202F
S1134AD8DC120020E41200202813002039470000CB
S1134AE83C1300204D47000070B501240A4D2E7870
S1134AF8A6420DD101F068FE2B003C33187802F071
S1134B0877F8FFF703FF040020B9300001F00CF830
S1134B18200070BD2E70FBE74011002010B50B4C2F
S1134B282078042804D807F065FD0E07030705005C
S1134B38022010BD01F0A6FF01230020237000F01D
S1134B48F3FF0020F5E70120F3E7C04640110020F9
S1134B58F0B5BA4E9FB03378022B7AD910AD01F074
S1134B6849FF280001F04EFF2B784BB3DB0605D52F
S1134B783378062B00D16EE00E23337004222B7891
S1134B88134205D03178062900D189E00A323270FF
S1134B981B0708D53378092B00D187E0042B00D1F3
S1134BA884E00E23337010AD2C78A30701D5FFF7EA
S1134BB8C9FEE40701D5FFF7C5FE280001F074F823
S1134BC89F4F10AC200002F0B9FB3A78531CDBB2BB
S1134BD83B700AB902F0D4FB200002F0B4FB40F2A7
S1134BE8E41300222000F55CF25402F0A7FB3B78A2
S1134BF8013BDBB23B700BB902F0D6FB200002F09C
S1134C08A2FB002D00D1FBE2EB0705D53378082B76
S1134C1800D1C9E20E2333703278AD0700D4EFE235
S1134C280E230C2A00D0D4E2FFF75AFE06230028EC
S1134C3800D0C4E2337073695BB13378033B012B52
S1134C4807D811A802F0E6F918B920707369200092
S1134C5898471FB0F0BD3300032244331A7001F0A3
S1134C6823FF40F2A013F75802F0C8FF40F2D433F0
S1134C78FC18012801D00A33FC18FCF767FAAA6863
S1134C88EB68801A9941211ACB436E4CDB17194003
S1134C982000FCF753FA2000FCF7C4F908236CE75A
S1134CA807213170310044310A7071E740F2A813CA
S1134CB812AAF25040F2AC1240F2B0172B6900214C
S1134CC8B350AB8AAC3AF3555F4BFF3A18000593DF
S1134CD803F02DFB40F2C4122B690024B35040F2B8
S1134CE8C813B13A2100F45458480433FF3AF45035
S1134CF803F01DFB01F0C6FE0A231725337002AB2F
S1134D08ED18B31C22002900D87F01F0C5FF040068
S1134D18F0BB4F4BF25D2878039340F2C41340F282
S1134D28AC11F3584B4F4C4D029301970095059BDA
S1134D38715801F0B6FA040050BB40F2C813F35C92
S1134D482900009340F2C4133A000598F35800F080
S1134D58F1FE424D08222900380007F057FEB0B989
S1134D6840F2B1130722F35C1340032B18D140F22D
S1134D78C413F15808780238052800D98DE007F0E3
S1134D8843FC71009000BE00C400ED00060113242A
S1134D9840F2B1125F21B35C0B40B3540B23337060
S1134DA8330044331A78032A0DD1AF32FF32B25C90
S1134DB87F2A06D832006A321278920601D5052273
S1134DC81A70FFF7C9FC002C00D06EE140F2B11351
S1134DD8F25CAB3BFF3B1340032B00D005E1CA3325
S1134DE8FF33F358002B00D1FFE01B78042B00D1CC
S1134DF8D3E0062B00D15EE1022B00D0F5E0164D7E
S1134E080CA9280002F0E1F8002800D0EDE0290000
S1134E18124A13480CAB01F094F9002800D0E4E0DE
S1134E282100280002F076F801212800494202F006
S1134E3894F83300012244331A70D6E0401100205C
S1134E484C15002028130020F11200201013002014
S1134E5808130020FA120020F21200205811002032
S1134E68A811002033002C331B78B3B140F2C813C7
S1134E78F35C102B11D91022013108A803F042FA6F
S1134E8810210CA800F01AFE002329000093D24830
S1134E9808AB0CAA00F0C4FD58B340F2CC130022AE
S1134EA82BE040F2C813F35C102BF6D9013108A8A3
S1134EB8102203F027FAC84F0CA9380002F061F851
S1134EC80028EAD101232900009338000CAB08AA72
S1134ED800F0A6FD05000028DFD10100380002F02B
S1134EE819F801213800494202F037F840F27413E6
S1134EF8F55440F2C413F2580833F25050E740F224
S1134F08C813F35C002BF4D1C7E740F2C813F35C71
S1134F18052BC2D90CAD05220131280003F0F2F9A2
S1134F2840F275122B789B069B16B35440F2761305
S1134F386A78F254E9782A79AB78090212040B43A7
S1134F4813433200FC32D3671BB1A44A0A3B934291
S1134F58A3D840F274130022F254CAE740F2C813EB
S1134F68F35C032B99D90CAD03222800013103F01B
S1134F78C9F96B78AA781B02120413432A781343DD
S1134F88002BB6D0954A0A3B9342B2D985E740F242
S1134F98C813F35C002BDCD17FE70CAD2C7013072E
S1134FA801D502232B70920604D580232A785B420C
S1134FB813432B7008228A49874807F027FD0024E9
S1134FC800B9B46B40F2A813F358864A1B7C0194C9
S1134FD80295F41CE47F804964B283485BB2009470
S1134FE801F0EBF8002800D123E740F2B114335D57
S1134FF810AD5A07520F012A76D0032A00D196E041
S11350083400443423780BBB734B1800059301F028
S11350180BFB2378D3B940F2B112B25C920615D5D2
S113502803AA13700122704F029301936D4B110070
S113503800933800059B00F07BFF38B933005933DF
S11350483A781B789A4201D80123237033004433F9
S11350581B78012B29D101F027FD330040F24024AD
S113506868331B785C4343F2D473E41842F2107338
S113507894FBF3F402F0C2FD012800D191E040F260
S1135088DD331C1BFCF762F8AA68EB68801A9941A7
S1135098211ACB43554CDB1719402000FCF74EF876
S11350A82000FBF7BFFF0C23337001220021504876
S11350B803F03DF977E50CAB1C70110701D502210B
S11350C81970920604D58022197852420A431A703C
S11350D8444C41492200444801F0C9F8002884D1CD
S11350E801232C34237080E740F2D011002070543F
S11350F83949D530FF30315040F2C4117058143159
S113510870501039705C14317054E88A023170524E
S1135118287E02317054D809DB08134040F2E212A9
S113512801317054B3543348B368984768E740F280
S1135138CC13F358002B00D162E740F2C413F158A2
S11351480B78022B21D0062B00D059E70CAF38007E
S1135158013103F0D7F87B78BA781B023F78120440
S113516813431F43022240F2D0131B49F25422482E
S1135178063203F0C7F840F2DC1340F2E012F750AD
S1135188335D1B07DB0FB35408E0002240F2D01351
S11351981149F2541848083203F0B4F81548336931
S11351A8C3E740F2D3336CE701F090FC00211348C5
S11351B801F0AEFB002800D02CE509232BE51028CC
S11351C803D01138431E9841C31D32004432137072
S11351D8072333701EE0C046F2120020F5FF0100D9
S11351E87011002058110020A81100203C13002041
S11351F8F11200201013002014130020C012002004
S113520832780E2A00D916E546F68043D340DB07E8
S113521800D410E5330044331B780BB1FFF79CFA34
S113522840F2CC130022F250FFF770FB03E5C046AE
S113523873B504230D0091B11A4C033B227872B163
S1135248073307280BD807F0D5F9040C10121416E5
S1135258191C08221449280003F054F800231800E4
S113526876BD0134E37F2B70F8E70234FAE70334A0
S1135278F8E70434F6E72C342378F4E70C220B49D6
S1135288E9E701AE3100012001F0A0FA030000288B
S1135298E5D123003C3332781978914200D01A7052
S11352A83C34E9E740110020581100207011002017
S11352B8F7B504000E0000295AD0304D2B78002B86
S11352C858D0042B03D9062842D0022412E0072818
S11352D852D807F08FF9040A111A1C393D400822E4
S11352E82748310003F00EF80DE02B1DDB7F022464
S11352F8013533B12000FEBD2B1DDB7F002BF9D116
S113530802353378EB770024F4E70335F9E70B78B3
S11353187BB933782F1DFB772B78022BF3D9FFF752
S1135328F5FA04000028E5D00023FB77FFF7EEFA2E
S1135338E0E7FFF795FA04000028DBD1FFF758FAF5
S113534804000028E5D0D5E70B782C352B70DAE774
S11353580C220C48C5E7337801A901200B7001F031
S11353684FFA04000028C5D133783C352B70C1E7C7
S11353780424BFE70124BDE70824BBE7401100204B
S1135388581100207011002037B505000424A8B175
S11353980B48033C007888B1013404280ED80698D9
S11353A80090280001F0F2FC040038B9280001F04C
S11353B887F8040010B1280001F032FD20003EBD3A
S11353C8401100200B4B10B51B780400012053B189
S11353D80018042B07D83CB1200001F021FD20005F
S11353E801F08EF8002010BD01F02CFD01F056F8F4
S11353F8F8E7C04640110020F0B50500042487B042
S1135408002800D180E04A4E013C3378022B7BD936
S1135418042B02D9013C0A2B76D1330044331B7880
S11354280224002B70D1FFF7E3F90400B8B9FFF7A1
S113543817FA040098B933780A2B4ED108222800A9
S11354483C4907F0E3FA023448B917276F44380097
S1135458297B2A7C00F05CFD0400002844D02B7CC6
S11354685B075ED43378002C51D122000A2B04D177
S1135478A833FF33F45CA406E20F78212B7C03AC39
S11354888B43287BA9682B742B4F23702B4B0290DA
S11354980191009301212B00380000F049FD04001C
S11354A8002834D13A000F3A397812783378043422
S11354B891422CD80122243F3A70E9897232FF3292
S11354C8B1520A2B19D0FFF70BFA0400F8B9337854
S11354D80A2B18D00623337015E0280001F0C0FC0D
S11354E804000028B1D0BAE7330059331C783B785C
S11354F89C42A4416442A400B1E740F2E4130224AC
S1135508F35C234203D10024200007B0F0BD33002C
S1135518002244331A7033780A2BF5D0FFF7F6F9D2
S1135528F2E7002CF0D1280000F0FAFF0400EBE7C2
S113553840110020F2120020A81100205811002068
S1135548F0B50700042489B0002879D0994D013CAE
S11355582B78022B74D9FFF74BF9040000286FD17C
S1135568FFF77EF9040000286AD13C78012C00D1A9
S11355786BE0022C00D1B6E0002C00D017E12B78A8
S1135588042B02D902340A2B5AD12B0044331B783A
S11355980224002B54D13E1D300001F061FC3B7BFA
S11355A804005B0700D5FAE02B78D8B90A2B04D19C
S11355B8A833FF33EC5CA406E40F102104A800F020
S11355C87DFA7D4F00943A0031007C4804AB00F02A
S11355D87FFD040030B92B780A2B10D0FFF780F92F
S11355E8B8B10400002340F26C12AB542A004432D0
S11355F813702B780A2B23D0FFF788F920E040F2A8
S1135608E413EA5CE33BFF3B1A421CD12C37013B11
S11356183B7004A9300001F0C6FC40F26C1301226F
S1135628EA5400220433EA5431000433083264484B
S1135638EA5402F067FE2B780A2B01D006232B705C
S1135648200009B0F0BD1C00CCE72B78042B02D94C
S113565802240A2BF4D12B0044331B780224002B98
S1135668EED13B1D1800029301F0FAFB3B7B0400CA
S11356785B0700D593E02A780028B3D103000A2AEF
S113568804D1B233FF33EB5C9B06DB0F4A4E0C3775
S113569832004A480299009700F073FD040000287C
S11356A8A0D12B780A2B13D0FFF71AF9040000288D
S11356B898D1012340F26C12AB540432AB54043237
S11356C8AB542B780A2B01D006232B700024B7E7A0
S11356D840F2E4130224EB5C234200D082E7012366
S11356E82C363370E5E72B78042B01D90A2BA7D184
S11356F82B0044331B78002BA2D13B1D18000393C5
S113570801F0AEFB060038B93B692BB12D4E0A3BBC
S11357189E42B6417642B6003B7B5B073ED42B786B
S113572876BB0A2B04D1A833FF33EE5CB606F60F1A
S1135738214B009602933B000C3301931F483B69AD
S1135748029A039900F072FD0600C8B92B780A2B57
S11357580BD0FFF7C5F8060090B940F26C1201238C
S11357680221AB540432A954A9E740F2E413EB5CD8
S11357789B0704D40122029B2C331A70EDE7260000
S1135788002340F26C12AB542A00443213702B7875
S11357980A2B01D0FFF7BAF8340051E73400002C83
S11357A800D04DE7380000F0F5FE040048E708246F
S11357B846E7C0464011002058110020A8110020D7
S11357C8B5120020F5FF010070B50F4D02242B78A7
S11357D8032B14D872B6BFF34F8FBFF36F8F01F04A
S11357E845F940F2E413EC5C40000443E4B244B9E4
S11357F801F0CAFE62B6BFF34F8FBFF36F8F20006C
S113580870BD0224F6E7C04640110020030010B51D
S1135818080011001BB1012B04D0142010BD01F0A5
S113582828FBFBE701F037FBF8E7F0B506000C00AE
S113583815001F00BBB009B91420CAB904A801F0A7
S11358482BFC390004A801F037FC26B110223100E2
S113585804A801F035FC2A00210004A801F030FC5A
S1135868684604A901F0A6FC0020009A409B1A602F
S11358783BB0F0BD00207047F0B5BDB01C0042AB92
S11358881E78019204230AB11EB9002318003DB002
S1135898F0BD0423002CF9D003AAFFF7B7FF0500D5
S11358A803000028F2D10123152007AF3B7002AB97
S11358B8C0180822019902F02EFD1D2002ABC01861
S11358C8042243A902F01EFD01237D73BD730193D5
S11358D8232202AB9B18019A0BAF1A7000211022E5
S11358E83800244D02F023FDB02200210FA802F055
S11358F81EFD03A90FA804F0D3FFAB681E4A07A92D
S11359081340AB60AB680FAA5B005B08AB60380060
S113591804F0D4FF0821194A013E9378F6B28B4368
S113592893708023AA685B051343AB608023AA683D
S11359381B061343AB6023783A7853402370621CE8
S1135948AEB1210014001031A14209D02278787830
S1135958013E4240F6B2227001370134002EF3D1E1
S1135968019B0133DBB20193002EB1D18DE7140002
S1135978F6E7C046FC6F0440FFFFFFEF00100D4040
S113598837B506AC2478079D00940195FFF774FF9A
S11359983EBDF0B58FB00393160014AB06AA1F786A
S11359A8FFF734FF040010BB492321200AAD2B70F4
S11359B802ABC0180822310002F0ADFC292002AB6A
S11359C8C018042215A902F09DFC05AB6C73AC73D6
S11359D8EF733A0000932800039906ABFFF725FFFD
S11359E8040020B9169B13B1059B169A1360200076
S11359F80FB0F0BD70B588B0140004AA1E000C9D49
S1135A08FFF704FF50B903AB00933200210004AB45
S1135A18FFF70BFF10B90DB1039B2B6008B070BDE5
S1135A28F0B5A5B005932AAB1B7804000E00170047
S1135A3804250793E0B3DAB3059BCBB309A901F0B6
S1135A4818FA0500A0BB079B06940BB1069626001E
S1135A581922194911A807F050F83100082218A88A
S1135A6802F050FC082206991AA802F04BFC1022F6
S1135A7839001CA802F046FC1022059920A802F05F
S1135A8841FC102130230DAE11AA02910093019616
S1135A9818AB09A8FDF738FE0599200001F083FA30
S1135AA83900200001F0A3FA3100200001F005FAC2
S1135AB8280025B0F0BDC0462BD3000070B5050002
S1135AC80C0084B1084B013C5B699847E4B2287028
S1135AD84CB12B1D0135000A9D42F2D0013CE4B2C1
S1135AE82870002CF6D170BD64DB000070B5064C3C
S1135AF825783DB908222900200002F018FC01236A
S1135B086560237070BDC04650130020CC231B066B
S1135B181840014B5860704750130020014B5868D7
S1135B287047C04650130020014B58707047C04658
S1135B3850130020F0B585B001930AAB1E784B4B87
S1135B4800925A7805000C00002A00D186E05B68B0
S1135B58002B00DB82E002ABDF1D012201003800CC
S1135B6802F0D0FB424802F06EFB424802F06BFBA5
S1135B78414802F068FB0221387802F06EFB3F4886
S1135B8802F061FB3E4802F05EFB287801214007E1
S1135B98400F02F062FB3B4802F055FB3A4802F022
S1135BA852FB287800220121C00902F06AFB35481B
S1135BB802F049FB354802F046FB287800228006AB
S1135BC80121C00F02F05DFB2E4802F03CFB304877
S1135BD802F039FB2878002200070121C00F02F0E7
S1135BE850FB244802F02FFB25002A4802F02BFB27
S1135BF8083520780221013402F02FFBAC42F8D199
S1135C081C4802F020FB244802F01DFB009C2500E0
S1135C18083520780221013402F01FFBAC42F8D188
S1135C28144802F010FB1D4802F00DFB002203216A
S1135C38300002F026FB1A4802F005FB0D4802F07A
S1135C4802FB184802F0FFFA019CA619B44207D1D6
S1135C58084802F0F8FA074802F0F5FA05B0F0BD72
S1135C682078022102F0F9FA0134EFE750130020FA
S1135C7844D300001CD300004ED3000062D30000BC
S1135C8866D3000073D3000076D300007BD30000F2
S1135C987FD3000084D3000096D30000A8D300006B
S1135CA8BAD30000C0D3000010B51E4B04005A78C4
S1135CB8BAB35B685B0034D5037893B31A4802F02F
S1135CC8C2FA2378DB0605D5184802F0BCFA18484E
S1135CD802F0B9FA23785B0705D5164802F0B3FA3F
S1135CE8134802F0B0FA23781B0705D5124802F0CE
S1135CF8AAFA0F4802F0A7FA23789B0705D50F489C
S1135D0802F0A1FA0A4802F09EFA2378DB0705D5C7
S1135D180B4802F098FA064802F095FA044802F093
S1135D2892FA10BD50130020D2D30000E2D3000031
S1135D381CD30000EDD30000FBD3000006D4000000
S1135D4812D4000010B52C4B04005A78002A4CD009
S1135D585B685B0149D5294802F075FA284802F0C6
S1135D6872FA284802F06FFA2378012B3ED12648AC
S1135D7802F069FA224802F066FA244802F063FA4B
S1135D8800220A21606802F07CFA1D4802F05BFADE
S1135D981F4802F058FA00220A21207A02F071FA08
S1135DA8174802F050FA1B4802F04DFA00220A2163
S1135DB8E06802F066FA124802F045FA164802F062
S1135DC842FA00220A21607C02F05BFA0C4802F0D5
S1135DD83AFA124802F037FA1020002220560A2113
S1135DE802F04FFA064802F02EFA10BD022B01D138
S1135DF80B48BDE70B48BBE75013002020D4000034
S1135E081CD300002FD4000042D400004FD400005B
S1135E1862D4000075D4000088D400009BD400002C
S1135E2847D400004BD4000070B52D4B04005A78B9
S1135E380D00002A4CD05B681B0149D5294802F0A3
S1135E4802FA294802F0FFF9284802F0FCF92378FD
S1135E58012B3ED1264802F0F6F9234802F0F3F963
S1135E68244802F0F0F900220A21606802F009FAD5
S1135E781D4802F0E8F9204802F0E5F900220A2159
S1135E88207A02F0FEF9184802F0DDF91B4802F006
S1135E98DAF900220A21E06802F0F3F9124802F064
S1135EA8D2F90534164802F0CEF900220A21E07F1F
S1135EB802F0E7F90C4802F0C6F9124802F0C3F9F7
S1135EC8280000220A2102F0DCF9074802F0BBF995
S1135ED870BD022B01D10C48BDE70C48BBE7C04696
S1135EE850130020AED400001CD300002FD40000AF
S1135EF842D400004FD4000062D4000075D40000DE
S1135F0888D40000BDD4000047D400004BD400005E
S1135F18030010B5042053B10C001134920701D5C5
S1135F2819310C000420FF2C01D800201C7010BD6E
S1135F38F0B505008FB0069316AB1B780F000593D8
S1135F4817AB1B7816000120079345B1069B33B1A4
S1135F58149B23B1159B23B9059B13B104200FB0DF
S1135F68F0BD00230C936B4616201A7F06AB0599E7
S1135F78C018FFF7CDFF0400002800D0A6E0012FC9
S1135F8805D0032FEAD1059B002B00D19DE0FF2209
S1135F980021A81C02F0CBF90722079B3A409B0773
S1135FA8DB0FDB001343079AF601D207920E134363
S1135FB850221E43AB78069913401E43AE70E81C6A
S1135FC8483A02F0A8F92800082214990B3002F084
S1135FD8A2F90223079E079A1E401A4217D0069870
S1135FE80CA900F088FF040000286FD128000422BF
S1135FF80CA9133002F086F92B0017330993012FEB
S11360080CD1099B3C00059E0027089315E02B0042
S1136018133309933700012408960EE02B00183334
S11360280893059B5E1E159BF6B21B78022B3FD086
S11360380127032B01D027000124059B9BB11A00DB
S11360481599099802F05EF9089B63B15EB10C9B3F
S113605820000193149A089B06990096FFF70CFCFC
S1136068002800D07BE7162306AA9B181E78079BF6
S11360789B071AD5331FDBB2AA1C0DA9D7B100910F
S113608820000699FFF7B6FC002800D067E7059BB7
S113609809989C460DA96044042202F033F90C992E
S11360A8069801310C9100F035FF00202E7056E758
S11360B82600AFE702910C99009301911300200088
S11360C8149A0699FFF765FCDEE70424200046E7E6
S11360D8F0B50E0019008DB012AB1B78050017003F
S11360E80124059351B30223152007AC237002AB96
S11360F8C018102202F006F9002203AB1A7011230B
S113610801940293032133002800059A0097FFF7AE
S11361180FFF040090B906AF2B783100AA1C009732
S1136128FFF768FC040048B92878042202303900D3
S1136138281802F0E7F82B7804332B7020000DB0F0
S1136148F0BDF0B58DB00D000590140019000120C4
S1136158ABB1032602AB1430C018102207AF3E704F
S113616802F0D0F8022203AB1A7011230022029322
S113617831002B00059801970094FFF7D9FE0DB064
S1136188F0BDF0B58BB0109C0500160001201A0074
S11361988CB1247805AB03301870640803380440C4
S11361A8844003AF3C700290019328000B000096D2
S11361B80321FFF7BDFE0BB0F0BDF0B58BB017009F
S11361C810AA1278060052B29446129A012032B3E9
S11361D80524157805A80470EA091C1C203320DA64
S11361E84DF6FF33C0F200031C783F231C40447073
S11361F8604605AB98701198D870000A1871119808
S1136208000C58710220054003A80570062001936C
S113621802900B00300003210097FFF789FE0BB0B2
S1136228F0BD63B21F2BE0DD1F24DEE7F0B58BB0B1
S1136238119F160010AA050012780120AFB105AC11
S113624805302070180AA070022063701B0CE370DC
S11362583B78034003A803700423280002930194A5
S11362680B0000960321FFF763FE0BB0F0BD70B579
S113627805008AB0012093B1072405A804701C788E
S1136288012364081C409C4003AE347002930190BF
S11362980B000092032100222800FFF749FE0AB0F0
S11362A870BDF0B5050014001E000120CBB0002914
S11362B800D180E00930002A7DD0AA427BD8063874
S11362C8002B78D0509B002B75D0519B002B72D09B
S11362D8529B002B6FD0539B002B6CD0002302A839
S11362E806931E331B18180009AD2A7002F00AF829
S11362F80522AB781A400592012A00D0ACE01B07AE
S113630845D51925332702AB0A20FF18A54252D8D0
S11363181E2302A95B1819000122300001F0F2FFC4
S1136328272102ABC9180822509801F0F4FF1F2155
S113633802AB51980822C91801F0EDFF509800F0FB
S11363488FFDC0BB09AB9B781B0723D409AB9B7893
S113635808221E00651BEDB2164013422DD10722F8
S113636804961340032B51D13B78022B4ED1043DA4
S1136378EDB208AA00921E2202A9043CE3B2521804
S113638800205099FFF736FB0023059333E01125CD
S11363982F27B8E72F2102ABC91806A8042201F059
S11363A8B1FF509807A900F0C9FD20B9069A079BC8
S11363B814309A42CADC4BB0F0BD5B075B0F012B6B
S11363C83BD0032B36D13B78022B45D07A1C6E1E6A
S11363D80492F6B2032BCCD008AB0293069B02AA14
S11363E801931E23043C9B18509AE4B21100012027
S11363F80094FFF7CEFA0028DDD10422791908A801
S113640806F004FB03001420002BD4D109ACA378B4
S11364181B0715D42A003900529801F073FF539BC7
S11364281D70A3781B0703D50699509800F095FDB5
S11364380020C0E700260496CEE72E000497CBE799
S1136448069B509A01931100049B05980096FFF748
S113645897FA0028AFD1DDE70420ACE770B5074D03
S11364680C002B7806223BB10232054906F0CEFA1D
S1136478062208B902002560100070BD58130020D8
S11364885913002010B500B910BD0300F8331C6877
S1136498FC22002101F04BFF2000F4E710B5FC2298
S11364A80021054801F043FF04481022002101F0AF
S11364B83EFF002010BDC04668130020581300207A
S11364C870B504230400A0B10B4D0C4E2B782BB1EE
S11364D80822310006F09AFA012350B90822210053
S11364E8300001F00FFFE868FFF7CCFF01232B70A1
S11364F80023180070BDC04658130020591300200B
S113650837B5042448B101A9FFF7A8FF040020B94E
S1136518019DE868FFF7B6FF2C7020003EBD00001F
S113652873B50500042428B3002301A90193FFF7D8
S113653895FF0400F0B9154E34782CBB2A7BA96862
S1136548134801F0DFFE33002A7BF2331A7033005C
S1136558EA89F4331A80FB2132002B7CF6320B4093
S113656813703300F8331C60019BDA6822B9DE60CB
S113657801233370200076BD1300F8321268002A14
S1136588FAD1F8331E60F3E70C24F3E7681300200C
S11365986C13002073B50400042004B30023214DB8
S11365A801932E780830D6B92378012B18D0022B02
S11365B822D007384BB9201D01A9FFF74FFF20B996
S11365C8FB22237B023613402B712B000022F83365
S11365D81A6020B9019BDA68E2B9DD602E7076BDD5
S11365E8201D01A9FFF73AFF0028EED1FB22237BE7
S11365F8032613402B71E8E7201D01A9FFF72EFF9E
S11366080028E2D10426237BDBB2B3432B71236930
S1136618AB60DAE71300F8321268002AFAD1F833CB
S11366281D60DBE768130020F0B5070004248FB071
S1136638002840D000241422210004A809AE0394A1
S113664801F075FE21001422300001F070FE3800BC
S113665803A9FFF703FF040068BB039BDD680193EC
S11366684DB328780134013803281AD805F0C2FF3D
S113667802263335082204A8390001F043FE2B1DF5
S11366880693EE331B7802AA13752B00F4331B8888
S113669804A8D3822B00F6331B781376FEF7ACFEDE
S11366A804002B00F833019A1B680021D3602800EA
S11366B8FC2201F03CFE20000FB0F0BD00230822AC
S11366C839000AA8337001F01DFE2B7933733000AA
S11366D8FEF736FFE4E70123F1E702230822390035
S11366E80AA8337006F009FA2B793373AB6833615F
S11366F8EDE700000423024A11780B431370704736
S1136708681400200223024A11780B43137070475F
S1136718681400200123024A11780B431370704750
S113672868140020F8B5150007000E001C00FAF7DD
S11367380DFD0822054B9860D96019781F610A433A
S11367489E82DD821C761A70F8BDC046681400204B
S113675810B5FAF7FBFC1022034B9860D96019783E
S11367680A431A7010BDC046681400200E480F4B27
S113677870B503600E4B0F4D83600F4B03610F4BD5
S113678843600F4BC3602B689847040050B96B698A
S1136798984701F0B1FD202221000A4801F0C7FD05
S11367A8200070BD0F24FBE78814002059670000FF
S11367B82D67000064DB00000D670000FD66000023
S11367C81D6700006814002000207047030010B5FE
S11367D8042049B1012B08D0022B0AD000181BB998
S11367E8064BDB6F9847002010BD044B0620DB6F77
S11367F8F8E7024B0920DB6FF4E7C04664DB0000CE
S1136808030010B5042049B1012B08D0022B0AD08B
S113681800181BB9064B9B6F9847002010BD044B0A
S113682806209B6FF8E7024B09209B6FF4E7C046EC
S113683864DB0000F0B58DB005000F240B910A92BB
S113684868B161B15AB12F4F0D3C7B689847060077
S113685828B92C78012C05D0022C34D0042420002B
S11368680DB0F0BDEA68284923008A4204D0274BBA
S1136878D21853425A41530010216A6969560120BB
S11368880892082600220490079206920592039221
S1136898029601902E7A0096FE69B0472600FB689E
S11368A86868984730007B6D0A999847BB6A0A99CB
S11368B80B9898470400F0B1672820D0663C631E03
S11368C89C411134CBE710216B6969560893012365
S11368D804930433029340F2E8330790069005903A
S11368E8039001902A7AFC695343009346F2A81254
S11368F8EB68A047D3E72800FFF724FAAFE7102492
S1136908ADE7C04664DB000090D00300E05EF8FF0A
S1136918F0B58DB004000B9118B90F2630000DB0F6
S1136928F0BD304F02267B68984705000028F5D152
S11369382678012E03D0022E35D00426EEE7E3682C
S1136948294A3100934204D0284A9B185A42534199
S11369585900002501200B9B227A08950795069576
S11369680495039509930590E36900959BB20293F6
S11369780823BD6901930300A8473500FB686068D4
S11369889847631D2800D97F7B6D98470B9B00258A
S113699803B9256928007B6B98470600E8B1642889
S11369A8BBD11226BAE740F2E832237A08905A4358
S11369B80B9B079009930123069005930490039079
S11369C8E3694CF250319BB2029305230193084BBF
S11369D8BE6900930300B047D0E729002000FFF701
S11369E823FA9BE764DB000090D00300E05EF8FF25
S11369F885450100024B10B51B6E03B1984710BDC5
S1136A0864DB000030B5174D8BB0040002A800F019
S1136A1895FC2A78531CDBB22B700AB900F0B0FC41
S1136A2802A800F090FC20220F4902A801F06AFC99
S1136A38202200210C4801F07AFC01A800F07EFC19
S1136A482B78013BDBB22B700BB900F0ADFC01A82D
S1136A5800F079FC24B12022200002A901F052FCA4
S1136A680BB030BD4C15002068140020034B187877
S1136A78034BC0B21B7803B101207047580F0020A4
S1136A886814002010B5074C63689847042808D098
S1136A98052802D1231DDB6F9847236B9847E36EC3
S1136AA8984710BD64DB000010B5074C636898472D
S1136AB8052808D0042802D1231DDB6F9847236BCF
S1136AC89847E36A984710BD64DB000010B5084C8A
S1136AD86368984758B10438C0B2012802D8231D06
S1136AE8DB6F9847236B98470020A36D984710BD28
S1136AF864DB00000A4A10B51478030001200B2C4B
S1136B080CD0147A03309C4208D910305843536887
S1136B181A181B5C04200BB100200A6010BDC04683
S1136B280C000020030010B50120F1B10A2B4AD84B
S1136B38180005F05FFD3348060606063D4848215F
S1136B482B00022B12D0032B12D0042B12D00520B9
S1136B581E4C1F4A13700823546013725072063B6C
S1136B680B70002300204B708B7010BD194CF0E79C
S1136B78194CEEE7194CECE70922154B1A70184A20
S1136B885A6040F60A121A810223E9E70A22104BD6
S1136B981A70144A5A6040F60722F4E70C4A12485D
S1136BA80023506008201370108102220A70D9E76C
S1136BB80622074B1A700D4A5A6040F201621A8184
S1136BC800230B70CEE70720CFE7C04640E400005F
S1136BD80C00002020E6000080E50000E0E400004E
S1136BE878E30000ECE200004CE2000038E2000028
S1136BF80E4B13B51A78040001200B2A14D06A46E8
S1136C085B7A01A900201371FFF7FAFD6B4601A90D
S1136C1801201C71FFF7F4FD00246B46022001A932
S1136C281C71FFF7EDFD200016BDC0460C000020C6
S1136C38F7B507000E0015001C0001206AB163B106
S1136C4859B1380001A9FFF755FF30B9019B1A78EB
S1136C5832705A782A705B682360FEBD0D4B37B5D5
S1136C6814001A780500012308000B2A0ED06CB111
S1136C7801A9FFF73FFF030040B9019A117CA9421B
S1136C8806D9D068916868434018206018003EBD52
S1136C980423FBE70C000020064B01201B780B2B78
S1136CA807D031B1FF230B7012B142F21073136095
S1136CB8002070470C000020054A030012780120C8
S1136CC80B2A04D01BB140F6B83200201A60704772
S1136CD80C000020F7B51E000D00170001235EB15B
S1136CE801A9FFF707FF030030B9019A11780129B8
S1136CF804D0022929D004331800FEBD5178154C5C
S1136D0852688C40B4FBF2F440F2E8312A1F624323
S1136D187943521852001AB1611E8A18B2FBF4F270
S1136D28954200D21500A2006C43002135600CB1D5
S1136D3801346108521A40F2E83101D506481218A4
S1136D4892FBF1F208990A60D6E741F6407452784A
S1136D58D8E7C04640420F0019FCFFFF10B5084BA6
S1136D680C001B79062243B10232064905F04EFE97
S1136D78062210B9044A22600200100010BDC04661
S1136D88AC140020B4140020B0140020F0B585B071
S1136D98039306000D000423019270B31A4C1B4F91
S1136DA8237933B108221A4905F030FE012320BBA8
S1136DB8184F184B542200211800029301F0B7FA17
S1136DC808223100124801F09DFA25B11022290049
S1136DD8114801F097FA019B102219000F4803B9D2
S1136DE8290001F08FFA039B23630A9B6363012341
S1136DF82371029B9F4203D10023180005B0F0BD04
S1136E08237801332370F7E7AC140020041500201D
S1136E18B4140020B0140020BC140020CC140020AA
S1136E28042307B550B101A9FFF798FF030028B957
S1136E38019A034910700A78013A0A7018000EBDC5
S1136E48AC14002010B558220021024801F06FFA52
S1136E5810BDC046AC14002010B5FFF7F3FF10BDF9
S1136E68042307B518B101A9FFF778FF0300180038
S1136E780EBD37B50D00042458B151B101A9FFF76F
S1136E886DFF040028B90199102228000C3101F083
S1136E9839FA20003EBD37B50D00042458B151B16C
S1136EA801A9FFF75BFF040028B901991022280003
S1136EB81C3101F027FA20003EBDF7B50D0004246B
S1136EC8B8B1B1B101A9FFF749FF040088B9019E1F
S1136ED8102237001C372900380005F097FD40B10F
S1136EE810222900380001F00DFA01237288134397
S1136EF873802000FEBD13B504230C0040B139B1E2
S1136F0801A9FFF72BFF030010B9019AD26A226086
S1136F18180016BD13B504230C0068B101A9FFF7C6
S1136F281DFF030040B9019AD16AA14204D002218D
S1136F385088D46201435180180016BD13B5042348
S1136F480C0040B139B101A9FFF708FF030010B9DB
S1136F58019A126B2260180016BD13B504230C00A5
S1136F6868B101A9FFF7FAFE030040B9019A116B51
S1136F78A14204D0042150881463014351801800AD
S1136F8816BD37B50D00042458B151B101A9FFF756
S1136F98E5FE040028B9019910222800343101F0D3
S1136FA8B1F920003EBD37B50D00042458B151B1E4
S1136FB801A9FFF7D3FE040028B90198102229007B
S1136FC8343001F09FF920003EBD37B50D0004248C
S1136FD858B151B101A9FFF7C1FE040028B90199BC
S1136FE810222800443101F08DF920003EBD37B548
S1136FF80D00042458B151B101A9FFF7AFFE0400F4
S113700828B9019810222900443001F07BF92000A6
S11370183EBD000070B504000420F4B10F4D0230E9
S11370282B79D3B1EB88C3B108220D49A01C01F018
S113703869F9200010220B490A3001F063F9200095
S113704810221A30084901F05DF900202B6BE36225
S11370586B6B2363EB882380E88070BDAC1400203D
S1137068B4140020BC140020CC1400200821084AC1
S113707893788B4393708022064B520599680A4390
S11370889A608022996812060A439A607047C0463B
S113709800100D40FC6F044010B5040010220021BC
S11370A8B13001F044F923000021D433B022200088
S11370B8196001F03CF910BD10B503F0F1FB10BDE7
S11370C80300F0B5D433040018680E00150087B027
S11370D8A0B310231B1A1F000093934200D9170072
S11370E82300C133BAB218183100019301F00AF928
S11370F82200D4321368FB1813600F2B28D9009B85
S1137108AB4225D22000B13003001A78197C4A40DA
S11371181A70019A01339A42F7D1244A2449936890
S1137128F6190B409360936801005B005B08936059
S1137138220003F0C3FBFFF799FFED1B2000C130C9
S1137148102D07D83100AAB2D43401F0DBF8256039
S113715807B0F0BD2700B1373B00009600991A78B4
S113716809784A401A70009A013301320092984211
S1137178F4D11022390002A801F0C4F80B4A0C49D2
S1137188936810360B409360936802A95B005B0810
S113719893600800220003F091FBFFF767FF1022B9
S11371A8380002A901F0AEF8103DC7E7FC6F0440AF
S11371B8FFFFFFEFF0B50C008BB05E4D10220021ED
S11371C8019002A801F0B3F8AB685B4A02A9134026
S11371D8AB60AB6822005B005B080800AB6003F09F
S11371E86DFBFFF743FF02AB1A7800217F2A49D9C8
S11371F818785A784000D209024301311A700133D1
S11372080F29F5D102ABDA7B792352005B42534054
S11372182700D4373868DBB202AAD37310283FD1C9
S113722823002000C133D130197816780132714017
S1137238197001339842F7D121002000B1310B00B5
S1137248C1301A781E7C72401A7001338342F8D117
S113725806A8102201F056F8AB68374A06A913406D
S1137268AB60AB6822005B005B08AB60019803F07D
S113727825FBFFF7FBFE1022002102A801F057F8B6
S11372880BB0F0BD18785A784000D2090243013196
S11372981A7001330F29F5D102ABDB7B5B00B7E72A
S11372A80022002102AB9A568A4234DA1E785A78B0
S11372B87600D209324301311A7001330F29F5D10E
S11372C802ABDA7B792352005B425340DBB202AA59
S11372D8D37380222318C1331A70431C00260093E9
S11372E8102B01D80F36361AC2303200002120186C
S11372F805F09AFB009B2000F61823003E60C1337A
S113730802AAD13019781678013271401970013304
S11373188342F7D190E71E785A787600D20932432F
S113732801311A7001330F29F5D102ABDB7B5B0005
S1137338CCE7C046FC6F0440FFFFFFEFEFF3108378
S1137348036072B67047036883F3108870470000BF
S113735872B6BFF34F8FBFF36F8FBFF34F8F034BDB
S1137368034ADA60BFF34F8FC046FDE700ED00E043
S11373780400FA05704710B5F9F7E4FF10BD0000E2
S11373881220074B10B5185605F0A2F81220054B29
S1137398185605F09DF8092005F09AF810BDC04666
S11373A8A8E90000D0E900001220074B10B51856D0
S11373B805F07AF81220054B185605F075F80920DF
S11373C805F072F810BDC046A8E90000D0E9000035
S11373D870B50D00140029000348A2B2F9F7C2FEE3
S11373E80028F8D1200070BD04150020002337B50B
S11373F80C001500019321000848AAB201ABF9F763
S1137408B5FE0028F7D1019A2100044892B2F9F791
S1137418A9FE0028F7D101983EBDC04604150020F6
S113742810B50249024804F0A5F810BD88E9000027
S1137438E418002037B5EFF31080012383F3108894
S11374482D4B196819B92D4AD1704031D1701A6879
S113745801321A6080F3108800250124284929483C
S113746804F02EFD00220421264804F0B5FD40F264
S1137478E83140F2DC5004F083FF0121214804F094
S113748877FD02211F4804F073FD1F4B64421D66FB
S11374981E4B1D6000F026F900F0BEFB29002300F6
S11374A822001B480194009400F0E8F8194B2900C5
S11374B81868022240F20043806805F0A9F92900FF
S11374C8230022001448F9F745FEFFF7A9FF00F04E
S11374D833FC03F0E1F90821104A93788B43937045
S11374E880220F4B520599680A439A608022996852
S11374F812060A439A6037BD8C1C0020000D044014
S113750844E90000A418002000080440C00804400E
S1137518A80E0020340000200415002000100D409F
S1137528FC6F044010B5024804F030F810BDC046A2
S1137538E41800200022014B1A60704754150020FB
S1137548054B012800D118601A68D20702D51A68B9
S1137558104318607047C04654150020044B10B5FA
S11375681B68DB0702D50220FFF7EAFF10BDC046FF
S113757854150020034B01201B6810B503B198472C
S113758810BDC0465015002070B501F0E9FCC005D7
S113759802D501F0F1FC70BD72B6BFF34F8FBFF393
S11375A86F8FFFF7E7FFE8B10120FFF7C9FF102548
S11375B80226FFF7B7FF62B6BFF34F8FBFF36F8F93
S11375C872B6BFF34F8FBFF36F8F0A4C23682B42F9
S11375D806D12368334203D1FFF7CCFF0028E8D152
S11375E80023236062B6BFF34F8FBFF36F8F002071
S11375F8D1E7C04654150020014B18607047C046B7
S11376085015002010B540F2E83104F0B9FE10BD61
S113761820B10022835E013300D00180704700004E
S11376280022835E10B55A1C0CD04A1E914140F6C4
S11376380070CAB2190101400F20034019430248DF
S113764804F03EF810BDC0468C1800200022835E6A
S113765813B500205A1C0DD06A46D41D40F600729A
S1137668190111400F22134003482200194304F062
S113767801F8207816BDC0468C18002010B50249C0
S1137688024803F0CDFB10BDF8E900002C190020D6
S11376981FB50A00002369468B730F2169440A70D9
S11376A80E220A4C0A482370073300936A44063BA7
S11376B803F0B2FB80239B02227812B9013B002B12
S11376C8FAD16B46987B04B010BDC046581500200B
S11376D82C1900200379012B01D1014A137070473A
S11376E85815002013B500242300220003210E4856
S11376F801940094F9F7D4FB2300220002210B48DB
S113770801940094F9F7CCFB0748F9F7D6FB4342F8
S11377185841074B18700548F9F7CFFB43425841C5
S1137728044B0130187013BD5C150020701500203F
S1137738981500201800002010B5044C04492000B6
S113774804F072F8200004F0A1F810BD9418002089
S11377582CE9000010B5074B1B78012B09D1022036
S113776840F28021FAF72FFFFBF744F97F20FAF75C
S113777899FE10BD9815002010B5094C0A20F9F798
S11377888BFB00212000F9F794FB1420F9F784FB04
S113779801212000F9F78DFB0A20F9F77DFB10BDC4
S11377A8440E002010B50348F9F787FB0128FAD0E6
S11377B810BDC046580E002073B5184C01A8FFF739
S11377C8BDFD2278531CDBB223700AB9FFF7D8FD3C
S11377D801A8FFF7B8FD124D00212800F9F769FB4D
S11377E8104EC0213000FFF753FF00213000FFF78F
S11377F84FFF01212800F9F75CFBFFF7D3FF01A82D
S1137808FFF79CFD2378013BDBB223700BB9FFF72C
S1137818CBFD01A8FFF797FD73BDC0464C150020AA
S1137828E80E0020A80E0020F0B5204D85B0160003
S113783807000C00FAF798FD03A8FFF77FFD2A78E4
S1137848531CDBB22B700AB9FFF79AFD03A8FFF7A4
S11378587AFD174B002118000093F9F72AFB154B02
S1137868390018000193FFF713FFA619B44216D183
S113787801210098F9F71DFB03A8FFF75FFD2B789A
S1137888013BDBB22B700BB9FFF78EFD03A8FFF7A2
S11378985AFD842F01D0FFF785FF05B0F0BD21788C
S11378A80198FFF7F5FE0134E0E7C0464C150020C7
S11378B8E80E0020A80E0020F0B5224D85B0160071
S11378C80C000190FAF750FD03A8FFF737FD2A785A
S11378D8531CDBB22B700AB9FFF752FD03A8FFF75C
S11378E832FD194B002118000093F9F7E2FA174FFB
S11378F801993800FFF7CCFE00213800FFF7C8FED5
S1137908C3B20193A619B44215D101210098F9F71D
S1137918D0FA03A8FFF712FD2B78013BDBB22B70DA
S11379280BB9FFF741FD03A8FFF70DFDFFF73AFF79
S1137938019805B0F0BD00213800FFF7A9FE2070BA
S11379480134E0E74C150020E80E0020A80E0020C2
S1137958F0B5234D85B0170004000191FAF704FD32
S113796803A8FFF7EBFC2A78531CDBB22B700AB987
S1137978FFF706FD03A8FFF7E6FC1A4B00211800E1
S11379880093F9F796FA184E0D213000FFF780FEA0
S1137998210A3000FFF77CFEE1B23000FFF778FEE1
S11379A8019CE719BC4214D101210098F9F781FA26
S11379B803A8FFF7C3FC2B78013BDBB22B700BB990
S11379C8FFF7F2FC03A8FFF7BEFCFFF7EBFE05B0D8
S11379D8F0BD21783000FFF75BFE0134E2E7C046D2
S11379E84C150020E80E0020A80E002007B56B46B1
S11379F8D971073301221900FFF7AAFF07BD000058
S1137A08F0B5254E85B0170004000191FAF7ACFCD7
S1137A1803A8FFF793FC3278531CDBB233700AB91E
S1137A28FFF7AEFC03A8FFF78EFC1C4B00211800DF
S1137A380093F9F73EFA1A4D1D212800FFF728FE96
S1137A48210A2800FFF724FEE1B22800FFF720FEF0
S1137A5800212800FFF71CFE019CE719BC4214D141
S1137A6801210098F9F725FA03A8FFF767FC337892
S1137A78013BDBB233700BB9FFF796FC03A8FFF7A1
S1137A8862FCFFF78FFE05B0F0BD00212800FFF768
S1137A98FFFD20700134E1E74C150020E80E0020BA
S1137AA8A80E002013B56B46DC1D01222100FFF748
S1137AB8A7FF207816BD0000F0B5204D85B016004C
S1137AC80C000190FAF750FC03A8FFF737FC2A785A
S1137AD8531CDBB22B700AB9FFF752FC03A8FFF75B
S1137AE832FC174B002118000093F9F7E2F9154FFF
S1137AF80E213800FFF7CCFD38000199FFF7C8FDC7
S1137B08A619B44214D101210098F9F7D2F903A8AF
S1137B18FFF714FC2B78013BDBB22B700BB9FFF792
S1137B2843FC03A8FFF70FFCFFF73CFE05B0F0BDCC
S1137B3821783800FFF7ACFD0134E2E74C1500204A
S1137B48E80E0020A80E0020F0B5234D85B01700DC
S1137B580C000190FAF708FC03A8FFF7EFFB2A785A
S1137B68531CDBB22B700AB9FFF70AFC03A8FFF712
S1137B78EAFB1A4B002118000093F9F79AF9184EFA
S1137B881E213000FFF784FD01993000FFF780FDC6
S1137B9800213000FFF77CFDE719BC4214D1012114
S1137BA80098F9F786F903A8FFF7C8FB2B78013B7F
S1137BB8DBB22B700BB9FFF7F7FB03A8FFF7C3FB86
S1137BC8FFF7F0FD05B0F0BD00213000FFF760FDC0
S1137BD820700134E1E7C0464C150020E80E00206F
S1137BE8A80E002010B50221FAF736FD10BD0000DA
S1137BF8014B18787047C04618000020014B1878CC
S1137C087047C0469815002010B501210148F9F7BE
S1137C1850F910BD8415002073B501250024164EB3
S1137C282A0030000195009500231D21F9F738F941
S1137C38230022004021114801940094F9F730F9F7
S1137C48230022001B210E4801940094F9F728F917
S1137C5830002A0023002100A43801940094F9F785
S1137C681FF92A0023001921064801950094F9F701
S1137C7817F9FFF7C9FF73BDE80E0020580E00205E
S1137C886C0E00208415002010B500210148F9F776
S1137C9810F910BD8415002010B50248F9F70DF944
S1137CA810BDC0466C0E00200122054B00200021A7
S1137CB81A751A7000229860D9601A619A837047FD
S1137CC8A015002010B5FFF7EFFF10BD0120034BEE
S1137CD81B789842804140427047C046A015002056
S1137CE810B5064B1C7D2CB99B6903B1984710202D
S1137CF8FFF726FC0120604010BDC046A0150020F7
S1137D080A4B10B5186804F03DFA094B094C1B6876
S1137D182268597C092004F0EBFB0123206882685F
S1137D28917B0B43937304F02DFA10BDD0150020FA
S1137D38C4150020CC15002070B50F4B0F4D104909
S1137D482B60104B104C1148114E1960114B2060D8
S1137D58336004F06FF970B93168286804F06AF97F
S1137D6810B1206804F0DCF90B4B0C4A9A6100222C
S1137D781A75FFF7C5FF70BD0C190020CC1500203B
S1137D88A8E90000C8150020D0150020EC18002030
S1137D98C4150020D0E90000A0150020F90E000049
S1137DA8034B1B689B681888C04380B27047C04661
S1137DB8D0150020034B04481B689B681B88C01A15
S1137DC880B27047CC150020FFEFFFFF054B1B68FE
S1137DD89B681B7A9B0603D5034A13681033136008
S1137DE87047C046D0150020C015002045F65E73C4
S1137DF8434382B00193019B034AB3FBF2F301931B
S1137E08019802B07047C046A0860100F7B51E4E1F
S1137E1801A8FFF793FA3278531CDBB233700AB91E
S1137E28FFF7AEFA01A8FFF78EFA184B1F68FFF7A1
S1137E38B7FF174B05001B6801A89B681C7AFFF75E
S1137E487DFA3378A406013BDBB2E40F33700BB937
S1137E58FFF7AAFA01A8FFF776FA47F6FE739D42E0
S1137E6801D804B110372800FFF7C0FF040040F21E
S1137E78E83200233800002104F0D0FB220000235C
S1137E888018594103B0F0BD4C150020C0150020DE
S1137E98D015002010B5FFF7B9FF10BDF7B50F00D6
S1137EA8514C022839D0002303285ED01D001E003F
S1137EB8012820D122780192012A1CD1FFF77AFFE8
S1137EC8FFF794FF25750600FFF7A0FF43F69823F4
S1137ED89B1B9BB2A060E1602761A3830FB90025B7
S1137EE808E043F69722974214D8BB4212D90423D8
S1137EF8BDB2237001262369002B3DD106332370BC
S1137F08FFF7EEFE2378062B02D1053B2375237079
S1137F183000FEBD02232370E1E72378022B0BD146
S1137F28A28B23699B1A01262361304B22699A424A
S1137F380ED9002323610BE0032B03D123692C4AB8
S1137F489B18F0E7043B0026012BEED82661013686
S1137F5843F6972325699D4203D80423ADB22370C1
S1137F68C9E7032300252370C5E722781D001E00F6
S1137F78052AC0D12361B2E72378042BC8D11D4F49
S1137F882D03386883681B889BB2019304F0BAF800
S1137F9840F2E833B5FBF3F5019B019A5D1BADB2E2
S1137FA8EB1C9BB29A4202D2134BED18ABB23A685F
S1137FB891680A7A9207FCD40888019D82B28542A6
S1137FC805D3101C9A4200D9181C82B202E0019809
S1137FD89842F6D9052309204A80237004F026FA2A
S1137FE8386804F0CFF893E7A01500200000FFFFDD
S1137FF868C5FFFFCC15002003F0FFFF70B504002F
S11380080D0003280FD801281AD811D00021002008
S11380180E4B00229860D96001211A701A611975F3
S11380289A619A830AE00428F0D1FFF73DFE05E03F
S1138038FFF73AFE29002000FFF730FF002004E094
S11380480021FFF72BFF0028EFD070BDA0150020FA
S113805810B501000120FFF7D1FF10BD20210B4B03
S113806810B51B689A68107AC3B2084205D08B43CE
S11380781372074A136810331360FFF727FE18B109
S113808800210220FFF7BAFF10BDC046D01500201A
S1138098C015002010B5FFF7B9FE0B000A4902000D
S11380A88868C968994202D809D1904207D9121A36
S11380B88B4101204042C1178018594110BD121A42
S11380C88B4110001900F9E7A0150020704710B57E
S11380D8FFF766FE10BD002313B504000193FFF7F4
S11380E85FFE001B80B2012803D9F42301384343FF
S11380F80193019880B216BD70B5EFF30384103C68
S113810864B2200004F092F9094BA400E558AB6866
S11381181C7A084BE4B21B78052B03D100210320F9
S1138128FFF76CFF4022AB6894431C7270BDC046D5
S1138138901C0020A015002010B50249024802F046
S113814881FC10BD50E90000B4180020002310B5CC
S11381580A480B4C237003700A4802F01EFC0123E2
S113816820B980239B02227812B10023180010BD85
S1138178013B002BF7D10123F8E7C046D4150020B2
S1138188D6150020B4180020F8B51D0000230C4EA5
S11381980C4F0D48337014003B7002F0FAFB0123B6
S11381A828B980239B0232781AB100232C80180046
S11381B8F8BD3A7812B9013B002BF4D10123F6E754
S11381C8D5150020D4150020B4180020030010B5DC
S11381D872B6BFF34F8FBFF36F8F0079082809D8A1
S11381E8A8B10138072812D804F004FA1B17110D96
S11381F81111110B0300EF22103B134201D0402848
S113820805D1094B0AE09868C0B2F8F765FA62B676
S1138218BFF34F8FBFF36F8F10BD044B01221A7049
S1138228F5E7034BFAE7C046D4150020D61500201D
S1138238D515002007B56B46D91D0870012200200A
S1138248FFF784FF07BD10B504000020205600B9CD
S113825810BDFFF7EFFF0134F7E770B505000F26EF
S113826801398C00231D00D170BD2800E040304046
S1138278092804D83030FFF7DDFF043CF2E7373033
S1138288F9E7F7B505000E000192002803DA2D205E
S1138298FFF7D0FF6D4201230A221C00B34204D326
S11382A801260A27002C04DCF7BD01335443DBB252
S11382B8F4E7012C00D1002695FBF4F292FBF7F3C6
S11382C87B43D31A00936B461878012E0DD160B9FD
S11382D8019B13B11800FFF7ADFFFF22009B134069
S11382E8634394FBF7F4ED1ADCE7303040B2FFF750
S11382F8A1FF0026F1E70000014B18607047C04653
S11383081C000020002310B5934200D110BDCC5CA2
S1138318C4540133F8E7531EC018002330B59A42F9
S113832800D130BDCD5C5C4205550133F7E710B58B
S113833804F07AFB10BD10B5F8F75AF90138C0B249
S113834810BD10B5F8F72EF90138C0B210BD000001
S113835810B5F8F79FF900F02DF9012804D140F27F
S11383680021034800F0EEF9F8F78AF910BDC04679
S1138378D71500200023CA5E30B504000020012A66
S11383880FDD0023E356222B0BD1213BE056222894
S113839808D11DB2013A0020954202DB013B601C62
S11383A80B8030BD013318B28242EFDC0020F8E7BD
S11383B80200811C002010B51378000184B2180053
S11383C83038C0B2092805D918006138052806D8FC
S11383D8573BD8B2013220439142EDD110BD180069
S11383E84138052801D8373BF3E74FF6FF70F5E726
S11383F80023F0B59DB26C00A4B2AA4204D80023AD
S1138408520092B28354F0BDCD5CAC462D092F00C6
S1138418664630379F2E01D937352F000F2607556A
S1138428651CCC5CADB2344027003037092C01D927
S11384383734270047550133DCE7F0B587B003909C
S11384480191029213B9042007B0F0BD019A5400B7
S11384589C42F8DB00252E00E41A24B205AF019BE8
S1138468B34220DDB4B9029A6B1C525D1DB23A7056
S11384780024029B6A1C5B5715B238007B70FFF717
S113848897FF4FF6FF739842DDD0039B985501364A
S113849836B2E4E73023A4B23B70012CE8D0023CA6
S11384A8302324B2E9E70020CEE7F7B505000E0033
S11384B8012A16D9012314001C401A4211D14FF67F
S11384C8FF775308019360003018FFF771FFB84233
S11384D807D02855019A0134A3B29A42F3D8002050
S11384E8FEBD0420FCE7030030B571B141180A242D
S11384F8002000229A566043303AD5B2092D04D898
S1138508013310188B42F4D130BD01204042FBE7FF
S113851810B50400F8F742F910B10548FFF793FEC7
S11385282000FFF790FE0348FFF78DFE10BDC046FC
S11385381CD300001FD3000010B50400F8F736F967
S11385480448FFF780FE2000FFF77DFEF8F770F976
S113855810BDC04674D3000070B505000E001400A9
S1138568F8F724F90548FFF76EFE3100280062B2D7
S1138578FFF787FEF8F75CF970BDC04674D30000B6
S113858810B500F0B5FF08B100F07BFF10BD000086
S113859810B50400012802D00024200010BD00F00A
S11385A897FF00F083FF0028F6D1014B1C70F4E715
S11385B820000020014B18787047C0462100002095
S11385C810B5FEF737FF1348FFF716F800F0D0FF91
S11385D80120FFF7DDFF012805D10F4B1A780F4B57
S11385E81A70FFF7B5FEF8F75BF850B1F8F768F9B9
S11385F8094B1A78094B1978914202D01A70FFF77F
S1138608A7FE00F0E3FFFEF7B5FF0028EBD000F06B
S1138618E9FFE8E789850000200000202100002008
S113862813B5F8F7D9F9C0B2012826D16B469C1CBA
S1138638210001A8F8F7D8F90022A35E012B1CD168
S1138648019B1B785BB2312B10D0372B0BD0302B0E
S113865813D16B465C1C200001F04AF8207801F025
S113866827FC002016BD002000F06EFF0448FFF729
S1138678EAFDF8F7DDF801F0B5F90420F2E7C046A1
S1138688E3D5000010B50A4CF8F790F80948FFF74D
S1138698DAFD0221E078FFF7E0FD0748FFF7D3FD94
S11386A8A0780221FFF7D9FDF8F7C2F8002010BD21
S11386B814E90000D0D4000076D9000010B50120D8
S11386C801F08CFC002010BD00B589B001A801F0B0
S11386D845F8082201A903A8FFF78AFE03A8FFF7B3
S11386E82BFF002009B000BD1FB500F039FC00BA0B
S11386F804226946009001A8FFF77AFE01A8FFF753
S11387081BFF002005B000BD30B585B0F8F764F94B
S1138718C0B20424012811D16B469D1D290002A86A
S1138728F8F762F921002B88029A03A8FFF785FE5F
S1138738040018B9039800BA00F0FAFB200005B049
S113874830BD000010B5044B044A1860044B19806E
S11387581423F8F775F810BDE417002070E700003B
S1138768E217002010B530B1142805D8034B800057
S1138778C058FFF7E1FE10BD0148FAE718E700000A
S1138788EDD4000013B5F8F727F9C0B2A8B1012851
S11387980DD16B469C1C210001A8F8F725F9217816
S11387A80198FFF7A0FEC0B238B1012815D00424FF
S11387B82000FFF7D7FF04240DE001F0E5FB10B11A
S11387C8002000F0C1FE01F015FB04000028EFD1E1
S11387D80120FFF7DDFE200016BD034811220349DE
S11387E8083004F08AF9EEE70418002000E90000D4
S11387F837B5F8F7F1F8C4B2012C24D16B469D1CA7
S1138808290001A8F8F7F0F829780198FFF76BFE1A
S1138818C0B21F2817D803F0EDFE102B1616291620
S1138828271B1116161616161616161616161616CB
S113883825232116161616161F1D0024200001F0E4
S113884837FB08B93EBD0420FFF78CFF0420F9E785
S11388580824F3E70A24F1E70924EFE70524EDE700
S11388680424EBE70324E9E70224E7E70724E5E720
S11388780624E3E737B56B46DD1D280000F038FF12
S1138888040010BB28780A281AD803F0B3FE061986
S11388980D0F11130B19191517000D48FFF74CFE8E
S11388A820003EBD0B48F9E70B48F7E70B48F5E70E
S11388B80B48F3E70B48F1E70B48EFE70B48EDE704
S11388C80B48FFF739FE0424EAE7FFF74BFFFAE702
S11388D8FCD4000001D5000006D500000CD500002A
S11388E813D500001AD5000021D5000027D50000B3
S11388F831D500001FB5F8F76FF8C0B2012804D0CD
S11389080420FFF72FFF042012E06B469C1C210073
S113891801A8F8F769F808212388019A02A8FFF743
S11389288CFD0028ECD102A800F0F8FE0028E8D15C
S113893804B010BD13B5F8F74FF8C0B2012804D03D
S11389480420FFF70FFF042012E06B469C1C210053
S113895801A8F8F749F80023E15E0229F0DC019840
S1138968C9B2FFF7C0FDC0B200F018FF0028E8D173
S113897816BD37B56B46DD1D280000F01DFF040049
S113898830B9220002212878FFF7E6FD20003EBD19
S1138998FFF7E8FE0424F9E713B5F8F71DF8C0B2A9
S11389A8012804D00420FFF7DDFE042012E06B4602
S11389B89C1C210001A8F8F717F80023E15E02299E
S11389C8F0DC0198C9B2FFF78EFDC0B200F004FFD5
S11389D80028E8D116BD37B56B46DD1D280000F028
S11389E809FF040030B9220002212878FFF7B4FDFA
S11389F820003EBDFFF7B6FE0424F9E7F7B5F7F704
S1138A08EBFFC4B2012C04D00420FFF7ABFE042012
S1138A182AE06B469D1C290001A8F7F7E5FF00230F
S1138A28E95E0429F0DC0023012720001A00019DD7
S1138A38C9B27F42DCB2A1420BD9EC56E6B2B446C5
S1138A480BB92D2E17D030267642B4446646092E2B
S1138A580BD95043030080339BB2FF2BD4D840B2C8
S1138A6800F0D8FE0028D0D1FEBD0A267243303C5F
S1138A78A2180133DEE73800FBE737B56B46DD1D86
S1138A88280000F0D9FE040038B90020220004218F
S1138A982856FFF761FD20003EBDFFF763FE04245E
S1138AA8F9E713B5F7F798FFC0B2012804D00420FA
S1138AB8FFF758FE042014E06B469C1C01A8210013
S1138AC8F7F792FF0023E05E0128F0D1019B1B78A1
S1138AD85BB2302B06D0312BE9D100F0C5FE00285B
S1138AE8E6D116BD0020F8E737B56B46DD1D280032
S1138AF800F0CCFE040040B92B7823B90548FFF7F1
S1138B081BFD20003EBD0448F9E7FFF72BFE0424B3
S1138B18F7E7C04645D500005DD5000030B589B0FB
S1138B28F7F75AFFC5B26B1E012B04D90420FFF7CF
S1138B3819FE04202CE06B4601A8991CF7F754FF92
S1138B486B4602AC5B8808212000019AFFF775FC8C
S1138B5803000028EAD1E25CFF2A03D10133082B81
S1138B68F9D10024022D15D16B4601A8991CF7F7F9
S1138B783BFF6B4610215B88019A04A8FFF75DFC54
S1138B880028D3D1200004A900F0B2FF0028CED1D8
S1138B9809B030BD200001F07BF8F7E71FB5F7F7FF
S1138BA81BFFC0B2012818D16B469C1C210001A8E8
S1138BB8F7F71AFF08212388019A02A8FFF73DFC5A
S1138BC858B902A800F0C4FE040038B9F7F7ECFE5F
S1138BD8054B9880200004B010BD04242000FFF742
S1138BE8C1FD0424F6E7C046D817002013B5F7F7EB
S1138BF8F3FEC0B2012804D00420FFF7B3FD04201B
S1138C0814E06B469C1C01A82100F7F7EDFE002335
S1138C18E05E0128F0D1019B1B785BB2302B06D0B3
S1138C28312BE9D100F048FE0028E6D116BD00201A
S1138C38F8E7000037B56B46DD1D280000F04EFE4E
S1138C48040040B92B7823B90548FFF775FC2000C8
S1138C583EBD0448F9E7FFF785FD0424F7E7C0465D
S1138C6874D500008CD5000007B5F7F7B5FEC0B27F
S1138C78012804D00420FFF775FD042011E06B4699
S1138C8801A8991CF7F7B0FE022268460199FFF77C
S1138C980CFC0028EED16B46187800F043FE00283F
S1138CA8E9D10EBD13B50322002101A8FFF73FFB4C
S1138CB8684600F043FE040048B901A80122694649
S1138CC8FFF796FB01A8FFF737FC200016BDFFF756
S1138CD849FD0424F9E700001FB5F7F77DFEC4B287
S1138CE8631E012B30D86B4601A8991CF7F77CFE4C
S1138CF86B46019A08215B8802A8FFF79EFB0200D5
S1138D0810BB0100022C11D16B4601A8991CF7F77E
S1138D186BFE6B460198991CFFF72CFB010098B178
S1138D286B4602229A5EFF2A0EDCD2B244F200039A
S1138D3802A800F0FFFF040038B9F7F735FE054B29
S1138D481880200004B010BD04242000FFF70AFD99
S1138D580424F6E7D817002030B585B0F7F73CFEB1
S1138D68C5B26B1E012B30D86B469C1C210001A890
S1138D78F7F73AFE019A0821238802A8FFF75DFB5A
S1138D88020010BB0100022D11D1134D210001A8CE
S1138D98F7F72AFE228801992868FFF786FBA0B90D
S1138DA80022A35E2968DA0FD2185210D2B248F210
S1138DB8000302A800F0BEFF040038B9F7F7F4FD79
S1138DC8064B5880200005B030BD04242000FFF76E
S1138DD8C9FC0424F6E7C046E4170020D81700208D
S1138DE81FB5F7F7F9FDC0B2012818D16B469C1CD2
S1138DF8210001A8F7F7F8FD08212388019A02A8A1
S1138E08FFF71BFB58B902A800F0BCFD040038B9F1
S1138E18F7F7CAFD054BD880200004B010BD042420
S1138E282000FFF79FFC0424F6E7C046D81700206B
S1138E381FB5F7F7D1FDC0B2022823D16B4601A8AC
S1138E48991CF7F7D1FD6B4608215B88019A02A8A3
S1138E58FFF7F3FAB0B96B4601A8991CF7F7C4FDFC
S1138E686B4601989978FFF73EFB010002A800F0D1
S1138E789FFD040038B9F7F797FD054B18812000CA
S1138E8804B010BD04242000FFF76CFC0424F6E7AA
S1138E98D817002013B5F7F79FFDC0B2012804D0F6
S1138EA80420FFF75FFC042014E06B469C1C01A817
S1138EB82100F7F799FD0023E05E0128F0D1019B1A
S1138EC81B785BB2302B06D0312BE9D100F08EFD34
S1138ED80028E6D116BD0020F8E7000037B56B4638
S1138EE8DD1D280000F088FD040040B92B7823B963
S1138EF80548FFF721FB20003EBD0448F9E7FFF7CA
S1138F0831FC0424F7E7C046A3D50000B3D500001C
S1138F1810B530B1082805D8034B8000C058FFF7B6
S1138F280BFB10BD0148FAE7F0E60000C2D50000CB
S1138F3843F2001310B5034A03401360FCF7E6FD3F
S1138F4810BDC046E8170020002210B5034B40F2BC
S1138F5800101A60FFF7ECFF10BDC046E8170020A8
S1138F68034B10B51C68FCF7D9FD204310BDC0465F
S1138F78E817002001207047F8B572B6BFF34F8F89
S1138F88BFF36F8FFEF7F6FA18B30120FEF7D8FA8D
S1138F9810250226124C276862B6BFF34F8FBFF321
S1138FA86F8F2368BB4203D1FEF7E4FA0028F8D197
S1138FB872B6BFF34F8FBFF36F8F23682B4206D16E
S1138FC82368334203D1FEF7D5FA0028E2D1FEF72D
S1138FD8B1FA62B6BFF34F8FBFF36F8F0120F8BDAC
S1138FE85415002070B50400FFF7BAFFC00446D535
S1138FF82848FFF728F92848FFF725F92748FFF7F5
S113900822F9002203212000FFF73BF9244D2248CE
S1139018FFF719F92348FFF716F900220A21E8692E
S1139028FFF72FF91C48FFF70EF91F48FFF70BF954
S113903800261E4C0221A05D0136FFF70EF9082E0A
S1139048F7D11548FFF7FFF830341948FFF7FBF854
S1139058002203212078FFF714F91648FFF7F3F8E4
S11390680D48FFF7F0F81448FFF7EDF800242B003B
S113907850331B78A34203D80748FFF7E4F870BDC0
S11390882B194033022118780134FFF7E6F8E4B2CB
S1139098EDE7C046F7D700001CD3000006D800004F
S11390A80418002015D8000024D800002418002033
S11390B833D80000BAD3000042D800007FB50500B9
S11390C80A22364901A803F018FDFFF749FF800476
S11390D862D53348FFF7B7F83248FFF7B4F82E00E3
S11390E83148FFF7B0F8AC1C0A3620780221013465
S11390F8FFF7B3F8B442F8D12A48FFF7A4F82E00D2
S11391082A48FFF7A0F81A36207802210134FFF71D
S1139118A4F8B442F8D12348FFF795F82E00244860
S1139128FFF791F82A36207802210134FFF795F8E1
S1139138B442F8D12B88DB0705D51E48FFF783F81E
S113914801A8FFF780F81748FFF77DF81A48FFF7DA
S11391587AF80821E86AFFF780F82B889B0705D579
S11391681448FFF770F801A8FFF76DF80D48FFF7EA
S11391786AF81248FFF767F80821286BFFF76DF8BB
S11391882B885B0705D50B48FFF75DF801A8FFF7A7
S11391985AF80448FFF757F87FBDC046C3D8000003
S11391A851D800001CD300006AD800007BD8000006
S11391B88CD8000074D300009DD80000B0D80000FB
S11391C843F6FF7210B54388040093420AD95A043F
S11391D809D5094B1888F7F7E1FB207848B90748FF
S11391E8FFF7AAF910BD1BB2002BF6DA024B588818
S11391F8F1E7FFF78DFEF5E7D8170020E3D5000067
S113920837B504002E48FFF783F92E48FFF71BF8FB
S1139218002561680122491901A8FFF7E9F8013519
S113922801A8FFF710F8082DF3D12748FFF70BF82A
S113923800220121A07CFFF724F82348FFF703F854
S113924800220121607CFFF71CF81F48FEF7FBFF92
S113925800220321207BFFF714F8237BE3B9F7F7F7
S1139268E7FA1A4B1B7EB3B11948FFF751F91548B1
S1139278FEF7E9FF002203210E23E05EFFF701F861
S11392881148FEF7E0FF1020002203212056FEF7C4
S1139298F8FFF7F7CDFA37BD0B48FEF7D4FF0025E2
S11392A8237BAB42DBD9A1680122491901A8FFF746
S11392B89FF8013501A8FEF7C6FFEDB2F0E7C046F6
S11392C8CDD8000074D30000D3D8000004180020BF
S11392D8EAD70000037870B50400012B16D0022BDE
S11392E83AD083B9244B9888F7F758FB2348FFF7FB
S11392F80FF92348FEF7A7FF23792BB92148FEF776
S1139308A2FFF7F795FA70BD1F48F8E71A4BD888FB
S1139318F7F744FB1D48FFF7FBF81948FEF793FFDE
S11393282579BDB906202A0003212056FEF7A9FF96
S11393381748FEF788FF05202A0003212056FEF768
S1139348A0FF1348FEF77FFF2A000821A068FEF754
S113935898FFD6E70F48D2E7074B1889F7F71EFBA3
S11393680D48FFF7D5F80648FEF76DFF2379002B63
S1139378F0D10A48C3E7C046D8170020B2D7000086
S113938874D30000D5D800003CD60000D8D700001C
S1139398D3D800004ED60000E1D70000E3D5000082
S11393A80378F7B5040013B1022B16D0F7BD214892
S11393B8FFF7AEF82048FEF746FF251D0C342900B8
S11393C8012201A8FFF714F8013501A8FEF73BFFB5
S11393D8A542F4D1F7F72CFAE8E71848FFF798F80C
S11393E827001548261DFEF72EFF35000C372900E7
S11393F8012201A8FEF7FCFF013501A8FEF723FFAF
S1139408BD42F4D10E48FEF71EFF00220121207C44
S1139418FEF737FF0A48FEF716FFE0680022062128
S1139428FEF72FFFF7F704FA3000E16800F058FD63
S1139438BCE7C046E4D8000074D30000ECD80000B0
S1139448D3D80000037870B50400CBB98388051D10
S1139458DB0704D5210006301E3100F061FBA38828
S11394689B0703D5216BA01D00F07CFBA3885B0739
S113947803D5616BA01D00F08EFB2800FFF71EFECC
S113948870BD10B5FFF776FD0400F7F713F94342F2
S1139498584140420440200010BD00000122024B04
S11394A829331A707047C0460418002070B5074C59
S11394B823783BB900F026F901252B0018B900F0F0
S11394C81FFC25700023180070BDC046EC1700204F
S11394D870B5064D2C78012C05D100F075FB00F011
S11394E815F908B928700024200070BDEC17002075
S11394F8034B1878013843425841C0B27047C046FC
S1139508EC17002010B511220749084803F0F5FAB2
S113951834220021064803F087FA3822002105483E
S113952803F082FA10BDC04600E900000C180020C0
S1139538581800202018002010B5024800F04EFDED
S113954810BDC046070000F810B518B9F7F70CF8B5
S1139558F7F776F8FFF7D6FFFFF7EEFF10BD10B563
S113956800F012FD10B10020FFF7EEFF10BD00005F
S113957810B5FFF7E9FCFFF7F2FF00F03BFC03002E
S1139588072810D102220C4B1A7200F033FC030096
S113959828B90A48FEF757FEF7F74AF910BD072815
S11395A801D10748F6E70F2B01D10648F2E7042B4F
S11395B8F4D10548EEE7C04604180020F8D80000A6
S11395C838D9000051D9000078D9000010B5044BEF
S11395D81B78012B03D100F0B1FCFBF7B9FA10BDDD
S11395E8EC170020012010B5034B1B78834202D1ED
S11395F8FCF7EAF8002010BDEC17002070B50A4A01
S1139608030012780C00100052B1084D190008220A
S1139618280003F0FBF9030000200BB90CB928005B
S113962870BD2370FBE7C046881800205818002036
S113963813B5040008220021684603F0F5F908224E
S11396486946200003F0E2F9002360B10822FF21F3
S1139658684603F0E9F908226946200003F0D6F9C0
S1139668431E9841C3B2180016BD0000F7B50500A3
S1139678170000260F4C019123682B4211D0636810
S11396882BB18021019A09065218934209D1227BF1
S1139698607BA168FEF755FE236800B91E439D430D
S11396A81DB1054B10349C42E6D10FB12E403E60EB
S11396B8F7BDC046C0E60000F0E6000070B505003E
S11396C8094C23682B420AD063685B003BB9227BB0
S11396D8607BA168FEF72FFE23689D431DB1034BF1
S11396E810349C42EDD170BDC0E60000F0E60000E5
S11396F8030001201BB10020014A127A1A70704736
S11397080418002010B5FBF7EFF910BD10B5FBF7EE
S113971805FA0400FBF71CFA200010BD30B501005F
S1139728042485B0A8B1082201A803F0E6F90020B2
S113973801A9FBF7BDFD040058B9074D082228000C
S113974801A903F063F920B10822280001A903F054
S1139758D4F9200005B030BD0E1800207FB50500EF
S11397680424B0B1002001A9FBF762FD040080B90C
S1139778094E0822300001A903F048F920B1082253
S1139788300001A903F0B9F90822280001A903F05F
S1139798B4F9200004B070BD0E1800201FB501A94B
S11397A8040008700120FBF783FD08B9014B9C7481
S11397B804B010BD0418002030B5040085B004209E
S11397C83CB101AD29000338FBF732FD08B92B7809
S11397D8237005B030BD00001FB501A9040008704E
S11397E80220FBF765FD08B9014BDC7404B010BD19
S11397F80418002030B5040085B004203CB101AD44
S113980829000238FBF714FD08B92B78237005B03A
S113981830BD00001FB501A9040008700320FBF740
S113982847FD28B91422034B9A56A24200D01C754E
S113983804B010BD0418002030B5040085B004201D
S113984874B101AD29000138FBF7F2FC40B90023DB
S11398581421044AEB565156994200D013752370CB
S113986805B030BD041800201FB501A90400087014
S11398780420FBF71DFD20B9034B5A7DA24200D0FA
S11398885C7504B010BDC0460418002030B504004F
S113989885B004205CB101AD2900FBF7C9FC30B9DF
S11398A8044A2B78517D994200D05375237005B032
S11398B830BDC046041800201FB501A90400087073
S11398C80520FBF7F5FC20B9034B9A7DA24200D092
S11398D89C7504B010BDC0460418002030B50400BF
S11398E885B0042064B101AD29000130FBF7A0FC68
S11398F830B9044A2B78917D994200D0937523702E
S113990805B030BD041800201FB50C000822010062
S113991801A803F0F2F801A906200394FBF7C8FC98
S113992804B010BD87231840034BDA7D824200D06F
S1139938D87500207047C04604180020030004208E
S11399481BB10020014AD27D1A7070470418002008
S113995830B5040087B001AD14220021280003F0BB
S113996863F824B10822210002A803F0C6F8044BC6
S11399782800DB7D2B73FBF7E3FD07B030BDC04641
S1139988041800207FB50100042069B101236A4648
S113999802A81371082203F0B0F86A46034B01A821
S11399A8DB7D1374FBF7CCFD07B000BD0418002061
S11399B8030010B504200C0086B07BB1022269466E
S11399C802A80A711900063203F097F86A46044B94
S11399D801A8DB7D05941374FBF7B2FD06B010BD36
S11399E80418002010B5FDF7B3FC10BD014B187620
S11399F80020704704180020030004201BB1002035
S1139A08014A127E1A70704704180020F0B5060047
S1139A1889B01700042000910193002E62D010220F
S1139A28002104A803F000F8009B0BB904AB0093D1
S1139A3807B904AF02ABDD1D29003000FFF7DEFDD6
S1139A48040030B9284B01201B78002B4AD12C7014
S1139A58264C230030331B78002533B90822310003
S1139A682000802503F049F82D0626000836102228
S1139A783000009902F0CAFF38B110223000009972
S1139A8803F03BF88023DB051D432600183610221B
S1139A983900300002F0BAFF38B110223900300022
S1139AA803F02BF880239B051D43A36A019A934274
S1139AB803D080235B05A2621D43E36A0E9A934296
S1139AC80AD080231B05E2621D4302AB0022280052
S1139AD8D979FFF7CBFD01E0002DF6D10123002051
S1139AE83034237009B0F0BD8818002058180020BD
S1139AF8F7B505000E00042480B179B101270023CD
S1139B087F421A000097FBF73FFC040030B90300BA
S1139B180200310028000097FFF778FF2000FEBDFF
S1139B2873B504230D0078B16B46DE1D3100FFF7D1
S1139B3865FD0123040038B11834102229002000DF
S1139B4802F064FF10B90023180076BD2900102222
S1139B58200002F0D2FF8020002231788005FFF730
S1139B6885FDF0E737B50C00042250B16B46DD1DC6
S1139B782900FFF743FD012218B1826AA24202D1EB
S1139B88002210003EBD846280200022297840050E
S1139B98FFF76CFDF4E737B50C00042250B16B46AF
S1139BA8DD1D2900FFF72AFD012218B1C26AA2426D
S1139BB802D1002210003EBDC46280200022297810
S1139BC80005FFF753FDF4E710B5044C2000F7F740
S1139BD8B7F90023033C237010BDC0463018002099
S1139BE8F8B50D4E350028352B78A3B10B4F082254
S1139BF8390002F00BFF040068B9FFF7E5FF0822FB
S1139C082100380002F010FF220021000620F46130
S1139C182C70FFF72BFDF8BD041800202418002031
S1139C28F7B5040000282CD06B46D91DFFF7E6FCD5
S1139C38050008B90120FEBD2000FFF7D1FF34223A
S1139C480021280002F0F0FE6B46F82000220006EE
S1139C58D979FFF70BFD0020EDE72800FFF7C0FFD7
S1139C6821003422280002F0DFFE22002100300007
S1139C78FFF7FCFC3C0034356B46DC71002CECD05F
S1139C88D8E7F8260127014D3606F5E758180020CD
S1139C9870B50500FBF796FB040010B92800FFF720
S1139CA8BFFF200070BD000013B50020FBF78AFB3E
S1139CB80F4C2000FFF7BCFC23003033187000233E
S1139CC80C491A0090B1C85C00B10A000133102B8A
S1139CD8F9D1094B0949181DC06F0090DB6F2000AA
S1139CE8FBF752FB10B12000FFF79AFF13BDC046E3
S1139CF8581800207018002004180020601800204C
S1139D0810B50A4C230028331B786BB1FFF75CFFAE
S1139D18E3694BB140F2E831054C59432000F7F7A9
S1139D280DFA2000F7F77EF910BDC046041800208C
S1139D3830180020F0B50E0015001F00042487B069
S1139D4808B119B92AB1200007B0F0BD0424EE2ADD
S1139D58F9D801AC01000822200002F0CEFE064B1F
S1139D682573E7810396DB7D20002374FBF744FB0E
S1139D780400FFF7C5FFE6E70418002070B58EB0AD
S1139D8838220021684602F04FFE154E38226946F3
S1139D98300002F03BFE134D38B100212800FFF7D4
S1139DA82DFC040088B1012333730F4C2800E169AA
S1139DB8FFF7AAFD28340D480D49F7F791F82378E1
S1139DC80BB1FFF79DFF0EB070BD010038223000C3
S1139DD802F02AFE220021000620FFF747FCE4E7F0
S1139DE8201800202418002004180020301800200F
S1139DF8A59400002148224B70B50360214B224CE6
S1139E084360224B8360224BC360224B0361217A57
S1139E18FAF7AEFD050078BB1F4E3000FFF77EFC55
S1139E2810B13000FFF79AFCA07CFFF7B7FC10B123
S1139E381A48FFF7C1FCE07CFFF7CEFC10B11848C4
S1139E48FFF7D8FC14202056FFF7E4FC10B115489E
S1139E58FFF7F2FC607DFFF707FD10B11248FFF72A
S1139E6815FDA07DFFF728FD10B11048FFF736FD5A
S1139E78FFF71AFFFFF782FF280070BDF0170020D4
S1139E88C99100000992000004180020DD92000026
S1139E98A99300004D9400000E1800201618002005
S1139EA81718002018180020191800201A18002064
S1139EB870B507240A280ED840F27D630125C340F3
S1139EC82B4208D0054B1872FFF794FF040010B911
S1139ED82800FEF75DFB200070BDC0460418002072
S1139EE8F8B504000E0018B3124F01000822380018
S1139EF802F08CFD002528B108222100380002F068
S1139F08FCFD04350C4CE369B34202D00223E6613C
S1139F181D433800E169FFF7F7FC25B1002228004A
S1139F281100FFF7A3FB012328342370FFF7E8FE91
S1139F38F8BDC046241800200418002070B50F4D41
S1139F4803242B0028331B78B3B12B0029331A7848
S1139F5800248AB11C70EE7D032332009A432B003F
S1139F68EA7550331A78064923000648FFF7E2FEDB
S1139F78EE750400FFF736F8200070BD04180020C1
S1139F88441800202418002070B5114C0822002120
S1139F98200002F049FD0120FFF790FB0822200071
S1139FA80C4902F033FD050001207DB9637A834230
S1139FB80CD10530FFF782FBF8200006FFF77EFB83
S1139FC80548FFF735FB84342070280070BDC0466F
S1139FD80418002018E900005818002037B5012596
S1139FE80400284209D008220D490E4802F085FDD4
S1139FF80021280001AAFFF739FB06232000184096
S113A0081C4203D0002101AAFFF730FBE40EE0064E
S113A0181CB1002101AAFFF729FB00203EBDC04660
S113A028A7D900000418002010B5FEF7C9FA10BD1E
S113A03810B518B901220E4B1A7010BD0228FCD1B4
S113A04801210C4BDA7F8A43DA77DA7FD207FCD412
S113A0587F21094A13780B4013701378DB09002B0E
S113A068FBD1064B0648596801F0C0FBE5E7C0463A
S113A07890C07E40054004402840044020E9000088
S113A0888C18002010B5FFF7CFFF002010BD30B5A5
S113A0981D00836949005B690400C95A222031B153
S113A0A8E0680B18095A002004332960136030BD96
S113A0B8030070B5002504000833DB6F05609A6857
S113A0C818685269904728006560A56070BD0A2326
S113A0D870B58360036C0100013303640300083323
S113A0E8DC6FC268A36820685D6840310823A8470C
S113A0F870BD41B1436813B14368022B03D10423F3
S113A1084360033B83607047F0B585B00193002337
S113A1188377030008330400D86F83680068DD6818
S113A12802AB0733A8470500E0B90600A37F104F28
S113A13833B901210136080002F022F9BE42F5D1F3
S113A148230058331A7801990A70BE420DD01A7840
S113A158022A07D01A78032A04D040F2F4151B788F
S113A16859342370280005B0F0BD1425FAE7C04619
S113A17840420F000223F0B5060085B002AAD3714D
S113A188C268040015004BF6AD6788363368019140
S113A1989B180835436163699D421BD2019BB3B187
S113A1A802AB0422290020000733FFF7ADFFA0B952
S113A1B802ABDB79022B0DD0A1693368CA68288801
S113A1C80A3252009B1A834209D2212003E0A36E6B
S113A1D89D42F1D10020A566256105B0F0BD03229A
S113A1E8EB1D1B1893435A88BA42EED11A88486962
S113A1F8E1685200691A11521A881D1DE265CAE7FE
S113A20810B50400436E0021C36083691A69586954
S113A2180132520002F008FC00212000FFF7AAFFD7
S113A22810BDF8B504000325836949005869626EB6
S113A238435A26699B18E3671B88221D0B33AB43DB
S113A248D367E2689B19B71A475221008831096815
S113A25800205218934205D92000FFF7D1FF0123AB
S113A2686560A360F8BD0000030070B500260833DC
S113A27886770400D86F836800689B689847050050
S113A28848B1280070BD0121080002F079F80A4B92
S113A29801369E420DD0A37F002BF4D023005833FF
S113A2A81A78002AEDD01B78593440F2F41523703B
S113A2B8E7E71425E5E7C04640420F00F8B54368D0
S113A2C804000020032B22D0261DF56F202D00D971
S113A2D8202527001F372A003800E16F02F00DFC03
S113A2E80623A36023000833D86F390083682269E2
S113A2F85B6800689C462B006746B84723695B196E
S113A3082361E36F5B19E367F36F5B1BF367F8BDC6
S113A31810B504008369616F1A690131914200D94B
S113A328002161675A694800825A002AF3D0236FD2
S113A3388B4207D02000FFF774FF10B92000FFF705
S113A348BDFF10BD23692000A367FFF7C0FEF8E72F
S113A358F7B50400019308000223A56911002E69CA
S113A36863602066984207D000216B694A009A5AB4
S113A37812B901318E42F9D223008833E7681A688A
S113A388BB189C462B68AD685D19654500D06346CB
S113A398D2186766E36062618E4215D3083323617D
S113A3A88BB223676367022805D12000089B019AB2
S113A3B800F00EF8FEBD2000FFF733FF0028F9D1A6
S113A3C82000FFF77BFFF5E72000FFF780FEF1E7A9
S113A3D873B51C000326150002690B34A418B44392
S113A3E84669B44214D804005034218001000600A0
S113A3F848310B80C3684A36D31A33800223C564B4
S113A4088360606B836800685C680423A04776BD3A
S113A4180A00009302212B00FFF79AFFF7E770B5B3
S113A4280500FFF7D5FF040001002800FFF761FECF
S113A438200070BD8369F0B51A69050001325869B6
S113A4485200002185B002F0EFFA00234FF6FF72A4
S113A458AB77EA65EB600193AB6901995A6891425D
S113A46801D300243BE02F008837019A3E681B681B
S113A4785643F61802AB0822310028000733FFF7C9
S113A48843FE040058BB02ABDB79022B14D102ABA8
S113A498310028003A680733FFF736FE0400F0B9A4
S113A4A802ABDB79032B43D13A68920A31002800C6
S113A4B8FFF7DAFE040011E04BF6AD62F38893422D
S113A4C8F2D1E96899B33A6830680B68920A9842FD
S113A4D8ECD92800FFF7C8FE0400EE6044B3EB682B
S113A4E84BBBAB6929001A689B688831D2182B00CA
S113A4F809680833521AEA609CBB22492C64D9873C
S113A5082900D86FAC77836840315C6800680823F9
S113A518A047040028BBAB7F33BB0121080001F02E
S113A5282FFF194B01349C42F5D1142426E0EE6028
S113A538019B01338FE7212C0ED101260023012131
S113A5482800AB83FFF716FE0400212816D0A8B90B
S113A5582EB90123AB6011E084B90026EEE721246B
S113A5680CE0212C0AD1E8E72B0058331A78012A89
S113A578F3D040F2F4141B7859352B70200005B041
S113A588F0BDC046ADBEFFFF40420F00002370B5CA
S113A5988360836905009A681968920AFFF764FE64
S113A5A8040018B92800FFF745FF0400280021001B
S113A5B8FFF79FFD200070BDF7B54D688A68070056
S113A5C8B2FBF5F204000B6A81611B688830083716
S113A5D8FB67026025480022606460652000244D02
S113A5E8903025658D69C9692264A264E26481603A
S113A5F82100943105600A609A6803CB1268904779
S113A608060008BBA0602000FFF714FF05002128FE
S113A6181CD133003200310020000096FFF798FE69
S113A628050058B9A368012B1AD00121080001F0CC
S113A638A7FE104B01359D42F4D11425FB6F2E0063
S113A6489A681868526990473000FEBD0028F5D111
S113A658E3681B68236400236360074B2360F3E704
S113A6686368042BF4D140F2F415E7E70000ADBEAB
S113A678FFFFADBE404B4C0045455652F0B58468CB
S113A6880023250087B00093037858352B70A368FE
S113A6981BB90133A37707B0F0BD2B78012B00D089
S113A6A8DCE0A0680238082800D9B3E001F0A2FF72
S113A6B8058B359FB8B2B2B2C000236903250433B1
S113A6C801932361230048331B88E76C1A002A404E
S113A6D8A56002922B420AD1A560220039000832F3
S113A6E8D06F82685568019A0068A84739E0032B3F
S113A6F80FD826008C3604220021300002F094F989
S113A70839003000029A02F0F8F937000423A560F2
S113A718E3E70422AB43A260DFE7230048331E8843
S113A7282500032733008C35BB430422002128006D
S113A738A760019302F078F93200019BE16C3A407A
S113A748C918280002F0D9F92269019B29009A182E
S113A75823000833D86F2261836800685E68042385
S113A768B04701002000FFF7C4FCA368012B00D008
S113A77891E7230090331A68002A00D18BE76368B5
S113A788002B00D084E0A368013B591E8B41DBB247
S113A79804A90B702300943498331B6820684B6019
S113A7A8002877D00378009343680393030060C9B3
S113A7B860C390472368002B00D16CE7009A1A7095
S113A7C8039A5A6067E7230048331B8821695A189B
S113A7D89B0700D00A1D0523A3602300210008332A
S113A7E8D86F2261836850315D6804237CE72300B5
S113A7F8210050331A882369E265043323614A31FE
S113A8080888A169520049695052626822B9013224
S113A818A260A3660020A4E72000FFF779FDA0E763
S113A828231DDB6F2000002BF7D0FFF747FD98E7C7
S113A838230088331A68E368616E9B1863610023F8
S113A8482377A36F920A23610B23A36023000833A1
S113A858D86F836800689B68984782E72B7823B988
S113A868009B63600123A360D4E763680098022B0C
S113A87805D1A3680B2B02D02000FFF7C1FC2300ED
S113A8882A7859331A7004236360033BA36068E78A
S113A89863687CE708008CE710B500F0C9FB10BDBD
S113A8A870B5040048B1002039B1102520002A00F1
S113A8B802F023F90120B034256070BDF0B58FB0E3
S113A8C807000C0016000021102202A802F0ACF8C0
S113A8D81022002106A802F0A7F8102200210AA8D5
S113A8E802F0A2F8002000F0B3FB002300900193CB
S113A8F8A30705D02100102206A802F0FEF806AC32
S113A9083D00BB0700D002AD3300B0331B68182BE1
S113A9181AD1310068460AAA00F09CFB20B9042227
S113A9282900200000F098FB00F097FB03000020AA
S113A93843B902AB9D4204D110222900380002F029
S113A948DCF801200FB0F0BD202B0ED1320069468F
S113A9580AAB01A800F0F0FB20B90422290020006A
S113A96800F008FC00F042FCE0E7320069460AAB5C
S113A97801A800F075FB20B904222900200000F08A
S113A9888DFB00F0C7FBD1E7EFF30380103840B22A
S113A9987047416182610020704730B57B25046AA5
S113A9A8A3782B40A37083789B079B0FD21A02616C
S113A9B88022CB18C360A3781343A37083787D3AAD
S113A9C81340022B06D14FF600620B881343E38130
S113A9D8002030BD0B78E370FAE7F0B50500806A13
S113A9E887B08C46019202ACC8B123000200C2CAE7
S113A9F8C2C312681A60EB691B78036063468360FC
S113AA08019B0371EB6AC3606B6A9847AB6A23B115
S113AA1823CC23C31A002368136007B0F0BD2000B9
S113AA28E9E770B514000D000600100001F050FDB0
S113AA38200001F0FBFC32002900200001F016FD83
S113AA4870BD0000F8B500260B785F4A06709B18A5
S113AA585B0103624B69C16143628B698662C362AD
S113AA684A780D0053425A410321837801328B43BB
S113AA7813430B228370AA56A97A0400FFF7D1FF67
S113AA8805222000AA562979FFF7CBFF07222000C8
S113AA98AA56A979FFF7C5FF09222000AA56297AE0
S113AAA8FFF7BFFFEFF31087012383F3108828789B
S113AAB8464B8446802062460006D040596881434C
S113AAC859605B6887F310880122297840F20F20C7
S113AAD88A40236A9E701E715E729E72DE725E8365
S113AAE8024201D04022DA7406221A7709B9384A98
S113AAF89A82AA78E97868781201C9000A43032877
S113AB0847D140210A43B231D2B2C9B21A709971FD
S113AB1802212026FF20ED692A7B52000A405A733D
S113AB286A78A978D2014901314002400A430021D8
S113AB382E781972B11E012930D85870022E01D10D
S113AB4810210A43D2B200270520DA71E369E760CD
S113AB5827616761A761185601F0B2FC0B20E3690D
S113AB68185601F0ADFC0720E369185601F0A8FC5B
S113AB780920E369185601F0A3FC0323226A1E4046
S113AB886D33334393706B8938002381114B6360B1
S113AB98F8BDE2210028B7D01031B5E7032769686A
S113ABA8D2B2DA718A7848785A701A783840BA4337
S113ABB802431A70CA789A740A785C21D8790A40D0
S113ABC888430243BFE7C04600380002FC6F0440D4
S113ABD800F8FFFF5549435370B5FFF7D5FE04004D
S113ABE801F024FC184BA400E058C3691B69FBB9A5
S113ABF80169056A59B97F23016A8A781A407B3B3F
S113AC0813438B700021436AC160C3B970BD032428
S113AC188378C2681C40022C0ED14FF60066148853
S113AC283443EC819B079B0FC91AD2180161C26097
S113AC380369002BEAD1DEE71478EC70F2E780228E
S113AC48FFF7CBFEE2E7C046901C002013B5FFF7E0
S113AC589BFE040001F0EAFB174BA400E45803230D
S113AC68A278216A1340022B09D1098AC905C90DA2
S113AC78A369019133B9636A0422C3B913BD49793D
S113AC88C9B2F5E79207920F01A9606901F035FF8F
S113AC98A3786269A1699B079B0FD218C91A6261DC
S113ACA8A1610029EAD1636A002BE7D001222000C0
S113ACB8FFF793FEE2E7C046901C002010B5FFF7AB
S113ACC863FE7B21084B82000400D058026A937803
S113ACD80B409370436A1BB102220021FFF77DFEEB
S113ACE8200001F0A3FB10BD901C002070B5FFF7F5
S113ACF84BFE134B82000400D058032382781A4079
S113AD08036A022A18D1198AC905C90D38221D797E
S113AD182A40ED0604D51D7FED0701D440252A43BA
S113AD2838261D79B5431D71436A0BB1FFF755FEEB
S113AD38200001F07BFB70BD5979C9B2E6E7C04633
S113AD48901C0020EFF30380103840B27047436929
S113AD58C269934206D2C268816802B1D25C0133E7
S113AD68CA7043617047F0B50500406A85B08C46E7
S113AD7801AC90B123000200C2CAC2C36B681B783D
S113AD88036063460371AB6A83602B6A98476B6AF6
S113AD980BB123CC23C305B0F0BD2000EEE7F7B513
S113ADA8856801930400A878302784460600634622
S113ADB808203E403B422ED1019BE16061686661F8
S113ADC8A661E3610E692261983032B1030016B9B5
S113ADD8486900B9803B50201843AB780343DBB281
S113ADE8AB70BEB94B69ABB9A2B10120085601F0EA
S113ADF86FFB2000FFF7ABFF65686B7A012B05D169
S113AE08E369012B02D92000FFF7A1FF012028568E
S113AE1801F04AFB0020FEBD10B5FFF7C0FF10BDCE
S113AE280B78484AF0B59B185B0183608B694160D5
S113AE3803620C00CB690021836241620500802013
S113AE48226A87B053789B079B0F1843049002200B
S113AE58105693780391FF310291002802DA029385
S113AE6804230393637A012B62D000230193A07A0D
S113AE78E17A012860D109B940310B43617B40F282
S113AE88EA0C09B140F2E20CEFF31087012181F3D7
S113AE9810882D49267848680590300080263606A3
S113AEA8C6400598B0434860496887F3108800266F
S113AEB8A96812788E700879842008712348DBB257
S113AEC888826846007C0870684600798870604605
S113AED8C0B288714A706A46127A01208A746A4636
S113AEE8127BCA714B7340230E724E728E72CE72ED
S113AEF84E83CB743E3B0B772A006179205601F0D0
S113AF08F7FA02202A00A179205601F0F1FA032069
S113AF182A00E179205601F0EBFA04202A00205691
S113AF28217A01F0E5FA3000094B2B6007B0F0BD37
S113AF380221052301919AE7012901D080219CE788
S113AF48C0219AE700380002FC6F044000F8FFFFB4
S113AF585349435310B5FFF7F5FE040001F066FAB0
S113AF68094BA400E4582000FFF7F1FE6269E36985
S113AF789A4208D1236933B9A1687B338A781A4085
S113AF88773B13438B7010BD901C002010B5FFF75E
S113AF98D9FE040001F04AFA0D4BA400E45820003D
S113AFA8FFF7D5FEA369E269934205D2A168581C4C
S113AFB8A06122694979D154A269E3699A4206D108
S113AFC83B23A1688A781A40373B13438B7010BD22
S113AFD8901C002010B5FFF7B5FE03210400074BB1
S113AFE88200D058826893780B4093700239FFF737
S113AFF8BAFE200001F01AFA10BDC046901C0020C9
S113B00810B5FFF79FFE0321084B82000400D058B7
S113B01883689A780A409A701A79842201311A71DD
S113B028FFF7A1FE200001F001FA10BD901C0020DA
S113B038054A0649936800200B40936093685B00B7
S113B0485B0893607047C046FC6F0440FFFFFFEF46
S113B05800BA704706207047704706207047000002
S113B06870B504680E001D0011006CB93268074BF6
S113B07807481A60402201F040FD40222900054893
S113B08801F03BFD200070BD034CFBE7481C002089
S113B098981B0020581B00200200010037B514003B
S113B0A8194A050010680B0000BA042809D801F0F1
S113B0B8A1FA03090F1821002A002100134800F0FF
S113B0C899F837BD2A002100104800F0A4F8F8E7E1
S113B0D80F49009322002B0001910C4800F0AEF8B0
S113B0E8EFE70B49009322002B000191074800F079
S113B0F8BAF8E6E70649009322002B0001910348B9
S113B10800F0C6F8DDE7C046481C0020981B002064
S113B118581B002010B5B0220021054801F084FC1A
S113B12840220021034801F07FFC002010BDC046E6
S113B138981B0020581B002070B504680E001D00E1
S113B14811006CB93268074B07481A60802201F075
S113B158D4FC40222900054801F0CFFC200070BD32
S113B168034CFBE7481C0020981B0020581B0020B8
S113B1780200010037B51400194A050010680B00D5
S113B18800BA042809D801F035FA03090F18210078
S113B1982A002100134800F090F837BD2A00210046
S113B1A8104800F09CF8F8E70F49009322002B00A0
S113B1B801910C4800F0A5F8EFE70B490093220031
S113B1C82B000191074800F0B1F8E6E7064900931F
S113B1D822002B000191034800F0BEF8DDE7C046C9
S113B1E8481C0020981B0020581B002010B5FFF7AE
S113B1F891FF10BD30B587B014006D460022AA82B5
S113B208AA75019302920B000094010005A800F0AE
S113B218C1F807B030BD70B586B014006D46002281
S113B2286E46AA820125B575019302920B0000941B
S113B238010005A800F0AEF806B070BD30B587B0BF
S113B2486D4640F20014AC820024AC750B9C00934C
S113B25802940A9C130001940A00010005A800F056
S113B26899F807B030BD30B587B06D4640F2001488
S113B278AC82FF3CAC750B9C009302940A9C1300AF
S113B28801940A00010005A800F084F807B030BD55
S113B29830B587B06D4640F20024AC820024AC750A
S113B2A80B9C009302940A9C130001940A00010069
S113B2B805A800F06FF807B030BD30B587B01400AA
S113B2C86D460122AA820022AA75019302920B00FC
S113B2D80094010005A800F05DF807B030BD30B552
S113B2E887B0150001246A4694829475002201935C
S113B2F802920B000095010005A800F04BF807B076
S113B30830BD30B587B06D4640F20114AC820024DC
S113B318AC750B9C009302940A9C130001940A00D8
S113B328010005A800F036F807B030BD30B587B085
S113B3386D4640F20114AC82013CFF3CAC750B9C99
S113B348009302940A9C130001940A00010005A8C2
S113B35800F020F807B030BD30B587B06D4640F234
S113B3680124AC820024AC750B9C009302940A9CC3
S113B378130001940A00010005A800F00BF807B0B7
S113B38830BD0023CA5812BAC2500433102BF9D165
S113B39870470000F0B589B006001D0002910392C1
S113B3A8002B00D19BE003232A001A4001921D427E
S113B3B800D094E04B4C023B228813432380077847
S113B3C863685B01FCD50122022163683A4052009C
S113B3D88B431343636063689B00FCD5029904A8FC
S113B3E8FFF7CFFF049B2361059B2361069B236121
S113B3F8079B23617FB163685B00FCD5029904A8AD
S113B4081031FFF7BEFF049B6361059B6361069BD4
S113B4186361079B6361727863685B01FCD50321F0
S113B42863680A402D3112018B4313436360039B05
S113B43873B163681B01FCD5039904A8FFF7A1FF46
S113B448049BE360059BE360069BE360079BE36062
S113B458B27863685B01FCD50121002663680A4061
S113B4688B43134363600E9BB700D9196368DB01F0
S113B478FCD504A8FFF785FF049BA360059BA36084
S113B488069BA360079BA3600F9BD81963689B0165
S113B498FCD5A36804A90493A36804360593A36898
S113B4A80693A3680793FFF76CFFB542DBD8109B9C
S113B4B873B16368DB00FCD5E36810980493E36810
S113B4C804A90593E3680693E3680793FFF759FF14
S113B4D80122238893432380019809B0F0BD024BCD
S113B4E80193F9E700000D400D00010070B5040058
S113B4F8012001F03DF8194A1378DB06DD0F002B13
S113B508FADB207802000300E0B12B001449032879
S113B51812D12269134B1A605042424140F2002072
S113B528E37DA57D5B0013430A5A520A52022A435B
S113B5380A52207D0C4A107040F2A012A06888506C
S113B54848F20002094992B28A81094ADBB2012011
S113B558137000F0E7FF002070BDC046AAE0014068
S113B5680060004098E0014094E0014000E00140A0
S113B57892E0014010B5040008006160FFF7B6FFCF
S113B58808B9014B236010BD4D504C5270B50500ED
S113B598194A1378DB06FCD4012000F0E9FF174BA5
S113B5A89A89174BD20B012A0FD1164AD27F1978E0
S113B5B8D2B2C90709D50524C2B9134A1278012A97
S113B5C814D1124A1278012A10D16A681278032A0F
S113B5D804D11978833A0A431A701A78BFF34F8F43
S113B5E830BF7F2100241A780A401A70012000F025
S113B5F899FF200070BDC046AAE0014000E0014068
S113B60892E0014007E0014038E0014032E00140A7
S113B618EFF31080012383F31088064B196819B9D6
S113B628054AD1704031D1701A6801321A6080F32A
S113B638108870478C1C0020000D0440EFF3108123
S113B648012383F31088074B1A6812B11A68013A68
S113B6581A601A681AB9044BDA708032DA7081F306
S113B668108870478C1C0020000D04400300002043
S113B678186070470B0A1B01C9B25B1803499B0089
S113B6885B5800209B07DB0F1370704700080440C9
S113B698034B090A4901C9184B68002013807047F5
S113B6A8000004400548090A490109181800904394
S113B6B80004134003438B600020704700000440DB
S113B6C80123C8B2834000209BB20AB918001300B2
S113B6D8044A090A490100041843891888600020AB
S113B6E87047C046000004400648090A4901091881
S113B6F8180010B50C681040204393439843086021
S113B708002010BD00000440044B090A4901C9186F
S113B7184B6800201B0C13807047C046000004408F
S113B72808480B0A5B011B1858680123C9B28B40EF
S113B738000C99B203405B1A59424B410020137024
S113B7487047C046000004400548090A4901091821
S113B75818009043000413400343CB600020704753
S113B7680000044010B501240B0AC9B28C400748F4
S113B7785B011B18D9682004012A04D181432143A1
S113B7880020D96010BDA1430143F9E7000004403B
S113B798030A70B5C0B2084D1B01CA0307D51A18AD
S113B7A89200AE58054C26400C40AE50AC501B18C5
S113B7B89B00E95070BDC04600080440FFFFFEFF2F
S113B7C870B505000024FFF723FF2B88A34202D895
S113B7D8FFF734FF70BD6B68E2009B1898881968FE
S113B7E80134FFF7D5FFA4B2EFE7000010B5034B0F
S113B7F803600800FFF7E4FF002010BD54524F50C7
S113B80810B50800FFF7DCFF002010BD70B5150067
S113B8180C00FFF7FDFE29002000FFF7B9FFFFF732
S113B8280DFF002070BD0000F7B50400022040F2AF
S113B83800350856134B82002071D2185359114F02
S113B84801930023BC468E685351A660CE68E66017
S113B8580E786671BB550B79CF781B013B434F7942
S113B868FF013B436746DBB2BB55019B535100289C
S113B87803DB2200497800F0F9FD034B0020236024
S113B888FEBDC046006000405543490010B500792C
S113B89840B200F015FE002010BD000073B5EFF3B0
S113B8A80384103C0E4B64B2A200D5580D4A6B7940
S113B8B80126D35C9B079B0F032B03D0200000F0C9
S113B8C8B5FD0026AB682BB16A7968460192EA682F
S113B8D80092984716B1200000F0A8FD73BDC04639
S113B8E8901C00200060004043F6B073044A002016
S113B8F8D35A812213405A1E93410B707047C04695
S113B90800C07E4006207047062070470620704716
S113B918062070470A0010B5034B11CB11C2034B24
S113B92811CB11C2002010BDB0ED000098ED00004D
S113B9380620704706207047062070470620704787
S113B948C36A0D4A10B59A180133C362036B816A3E
S113B958013B0363094B4C1C84621800140CFE3031
S113B96892B2448242811A000978FC3251638122DE
S113B978FF335A7510BDC0460000F0BD00C07E40BC
S113B9884143032903D9890801390029FCD17047A7
S113B99844F6003313B5A522019340F28013F7212E
S113B9A80F4CE2500F4B9D3A5A7059705A705B789D
S113B9B8934200D1C04681681020FFF7E1FF43F6A7
S113B9C8B072094BA352A35A98B203B916BD019B8E
S113B9D81BB1019B013B0193F5E71420F6E7C04630
S113B9E800C07E40FFC07E4000AAFFFF13B5104987
S113B9F801900B6B5B0612D57F240E4B5A7D2240B7
S113BA085A7500225A7501900B6B5B06D80F002BF0
S113BA1808DA019B2BB1019B013B0193F4E7019BDD
S113BA280BB9142016BD019B013B0193E1E7C04605
S113BA38FCC07E40FFC07E40002310B5036043680D
S113BA48112018560300213301D000F041FD0020D5
S113BA5810BD062070470620704700002D4B70B5B6
S113BA6819682D4D0B000200286A2C4C4001400F28
S113BA788340C3402A48D360834207D8A34205D0F1
S113BA882848834202D02848834240D1286A274D57
S113BA984001400F8140C14025481B18B3FBF4F016
S113BAA8AB4202D901230340C018214BD060C91806
S113BAB8B1FBF4F140F2835306204B43B3FBF0F39C
S113BAC8136140F276334B43B3FBF0F353615823CD
S113BAD84B43B3FBF0F39361164B91604B43B3FBB9
S113BAE8F0F3D361144B4B43B3FBF0F31362134BE2
S113BAF84B43B3FBF0F35362114B1A78012A01D17B
S113BB08002070BD01221A70FFF73AFFF8E740F2EF
S113BB18F610F6E7E01C002000E0014040420F0068
S113BB28FF083D0080841E00C0C62D003F8AF7012F
S113BB383F420F00B86A0500C0B0070068ED220054
S113BB4890C07E4043F6B07370B5114A114D8168B8
S113BB58EA5204000620FFF713FF40F28013A522DF
S113BB68EF21EA500C4B953A5A7059705A705B7829
S113BB78934200D1C0460320A168FFF701FF636820
S113BB881A781AB11120185600F09AFC70BDC046F4
S113BB9880AAFFFF00C07E40FFC07E4070B504004D
S113BBA8FFF7D0FFE3683F2040F2D81209491F2B62
S113BBB80BD9203B5B081F338D58034085432B4327
S113BBC820008B50FFF7E4FE70BD1F25013B2B407E
S113BBD88D58F3E700C07E400A7810B50B000400C6
S113BBE841602AB111202200097C185600F03EFC5D
S113BBF8230000223C3320001A70FFF72FFF28B9D6
S113BC082000FFF7CBFF08B9014B236010BDC046E5
S113BC184E45504F10B50400FFF720FF10B920001F
S113BC28FFF7BCFF10BD0000030000223C3310B531
S113BC381A7043F6B073074A0400D35A0BB9FFF7D6
S113BC4881FF0122044B20009A6200229A62FFF7C6
S113BC589FFE10BD00C07E40FCC07E40F8B50500C4
S113BC68080016001F00FFF7C1FE0400142804D1C1
S113BC782800FFF7D9FF2000F8BD40F2F013340084
S113BC88044AD3581C401E42F5D02800FFF7CCFFC5
S113BC983C00F0E700C07E4010B5FFF7C5FF002068
S113BCA810BD0000F7B5070000263C373E700400BD
S113BCB8150001910093FFF745FF1C4B019A9C4620
S113BCC81B481C49624446716B1E160C4E829B1815
S113BCD8194E92B24A811A0C9BB272624B83832327
S113BCE8437563681B784BB10523009A3B70033B8B
S113BCF81370A369A36300252800FEBDA16940F25F
S113BD08F813694310222000FFF7A8FF050040B983
S113BD18F36A009A1B07DB0F20001370FFF738FE45
S113BD28E9E72000FFF780FFE6E7C0460000F0BD22
S113BD38FFC07E40FEC07E40FCC07E4070B50363F9
S113BD484368C2621E78002533005A1E93410200DC
S113BD589B003C3281621370436904008363FFF7DC
S113BD68F1FE0D4B5D71236B63B99DB92000FFF79C
S113BD780FFE0FE0182312222000A16BFFF76EFFBD
S113BD880500F0E735B92000FFF7DAFD002EF1D001
S113BD9812236363280070BDFFC07E40F7B5070017
S113BDA80025040016003C373D700191FFF7CAFED8
S113BDB8019B1A4A9B0A1A499B029B18A362266391
S113BDC84D71190C8C466046B2021649013AD218D4
S113BDD89BB248824B81130C9C466046124B92B22C
S113BDE8586284234A830E4A537563681B786BB977
S113BDF8216A1122200071431933FFF72FFF050030
S113BE0810B92000FFF7C4FD2800FEBD01233B70D4
S113BE1810336363236AA363F6E7C0460000F0BDEA
S113BE28FFC07E40FEC07E40FCC07E4030B585B079
S113BE38EFF30384103C64B2200000F0F7FA1D4BC2
S113BE48A400E458A06BFFF7D1FD142808D040F2F1
S113BE58F013194A616BD2580B001340114212D0E7
S113BE682000FFF7E1FE0723200001AD2B70FFF748
S113BE788FFD62685368A3B1D26828000392002238
S113BE88029298470DE022003C321278012AEBD046
S113BE98042A08D1226B0123002AE5D02000FFF7E9
S113BEA84FFD05B030BD054BDB6A1B07DB0F0233C2
S113BEB8DAE7C046901C002000C07E40FCC07E40EB
S113BEC8054A030010600A6882604A68C26000205C
S113BED8024A58601A6070474C1C002043474300CC
S113BEE8034B8000C35819701A788A42FCD17047F2
S113BEF814EE000048F2000110B5154B154A1B78E2
S113BF081268DBB28A4210D113490978E1B11349A6
S113BF180978C9B112490978B1B1EE21C9050842B5
S113BF2812D1042000F0A8F910BD1BB10D4B184024
S113BF38984204D10C4B9A4201D80320F2E70B4BE8
S113BF489A42F1D80120EDE7002BEFD1F5E7C0467E
S113BF5840E00140E01C002036E0014038E00140A8
S113BF6832E001400404000480841E0000366E019F
S113BF7810B50C00002000F0FBFA01212000FFF7A7
S113BF88AFFF002000F0CEFA012000F0F1FA044BD4
S113BF98186AFFF7AFFF012000F0C4FA002010BDB3
S113BFA800E0014010B5012000F0E2FA002000F0A2
S113BFB863F9002000F0DCFA10BD000010B5002081
S113BFC800F0B0FA034B186AFFF794FF012000F061
S113BFD8A9FA10BD00E0014010B50C00FFF7E2FF1C
S113BFE820000021FFF77CFFFFF7E8FF002010BDC9
S113BFF88368027B180008300AB10C331800012149
S113C00803785A080A400B409342F9D1002070473C
S113C018436801611B7C064A9B009950027B836834
S113C02801390AB11960704789B21980FBE7C04623
S113C038501C0020F7B50026416006730B7C2E4A7D
S113C0481B029B1804000D008360EFF31087012284
S113C05882F310882949C8680190287C8446032003
S113C0686246801A0122824001989043C860CA68D7
S113C07887F310881E721A7A9207D10F002AFADB06
S113C0889972A368227B180008300AB10C3318008F
S113C098EB69DA781F791E7807231A40019226BBC8
S113C0A82B7A19001BB102234B4031001B010026D7
S113C0B8019AC9B21A43D2B207718671427081706B
S113C0C820006968FFF7A4FF12202856B04203DB5A
S113C0D82200697C00F00CFA00206B696361AB698B
S113C0E8A061E361064B2360FEBD00213300502E9E
S113C0F8DDD0297ADBE7C04600400840FC6F0440E5
S113C1085447410010B50400FFF772FF38B9A2681C
S113C118217B1300083301B10433F0221A7010BDD7
S113C12810B50400FFF764FF30BBA268217B13003D
S113C138083301B10433F4221A7000221A716368B7
S113C1489B7C5BB21A00213214D0002B0CDB1F211C
S113C1585A090B401E39994020329300074A9950D6
S113C168BFF34F8FBFF36F8F6368054A9B7C5BB245
S113C1789B009C500023236010BDC04600E100E0F2
S113C188901C002070B50400FFF732FF050080B949
S113C198A368227B1E0008360AB10C331E006368AC
S113C1A81B78012B03D120002169FFF731FFF1230C
S113C1B83370280070BD0000F0B587B0EFF3038436
S113C1C8103C64B2200000F031F91D4BA400E4587F
S113C1D8A368227B1D0008350AB10C331D00626870
S113C1E82B781278DBB29C46012A05D1F4222A70F6
S113C1F8E53A93439C462B7063690193BBB1A069EC
S113C208D8B103AB19000200C8CAC8C163469B066B
S113C21801D500230371E3690360019B9847A3696F
S113C22813B103AA51CA51C32B78DBB29C460F221F
S113C238634613402B7007B0F0BD03A8E6E7C04679
S113C248901C0020094B1A7882420DD0084A1278B3
S113C2581AB908490A78D207FCD51A78D206FCD448
S113C26818701A78D206FCD47047C046A0E0014082
S113C27836E001403CE0014010B50C4B042808D1DD
S113C2881A78D206FCD401221A701A78D206FCD481
S113C29810BD1A78D206D10F002AFADB19701A7861
S113C2A8002AFCD1FFF7CEFFF2E7C046AAE001401E
S113C2B8064B0749DA1DD27F1B6A920052585B016C
S113C2C85B0FDA401300034A1360704700E0014033
S113C2D8880C0020E01C002040F2FE3370B5184A98
S113C2E8184C0126E25243F6C873174A0025D6545F
S113C2F8164B174ADD601A60164A1D615A6048F2E7
S113C30800029A60FFF7D4FF40F280432800E65405
S113C318FFF798FF104B114A1D701378DB07FCD503
S113C32800220F4B23620F4BDA77FFF7C1FF01207E
S113C338FFF7A2FF40F2FE330B4AE25270BDC0463B
S113C34803A5FFFF00E0014000C07E40880C0020E8
S113C3580048E80100127A0036E001403CE0014060
S113C3680202000207E0014000A5FFFF0022014B82
S113C3781A7070472840044001380028FCD17047DF
S113C3884143174B70B540F2E83208001E680C00B0
S113C3980023002100F042F9124D134AB5FBF6F5CB
S113C3A859B9B0FBF5F00423964200D90233B0FB27
S113C3B8F3F008B1FFF7E0FF70BD0423964200D9FB
S113C3C802335D4340F2E832B4FBF5F00023002168
S113C3D800F024F90029ECD001204042EAE7C046E5
S113C3E8E01C002000CA9A3B0048E801F8B540F276
S113C3F84013002401270A4E0A4A758CD35A1D405B
S113C4082B00E3403B4206D0074AA3009B181B6855
S113C4180BB1E0B2984701340D2CF1D17586F8BD03
S113C428FE60004000600040581C0020044BC030EF
S113C4388000C25803490A40C250C3587047C046D6
S113C44800600040FFFFFEFF10B50400FFF7EEFF99
S113C458BFF35F8F1F22630914401E3AA2400249AA
S113C46860339B005A5010BD00E100E0F7B5FF2788
S113C478019283080A4A03269B009B183A0040F25B
S113C48800350640F6008901B2403940B1405C5994
S113C498800094430C435C51019A024B1A50F7BD37
S113C4A800E100E0901C00201F22430910401E3ABE
S113C4B8824002499B005A507047C04600E100E0A0
S113C4C810B50400FFF7C0FF2000FFF7EDFF10BD13
S113C4D81F22430910401E3A8240044920339B001E
S113C4E85A50BFF34F8FBFF36F8F704700E100E0DE
S113C4F810B50400FFF7BAFF2000FFF7E1FF10BDF5
S113C50800230648064A9A18117819B11A00C0324D
S113C518920011500133102BF4D170470060004091
S113C52854ED000030B5EFF31082012383F3108833
S113C53898400B49435A1BB10B5A013B9BB20B520F
S113C5480B5A53B940F2FE31064C074B655A185A38
S113C558064B2B4383439BB2635282F3108830BD4E
S113C568D01C002000E0014028EE000000A5FFFFD9
S113C57870B5EFF31081012383F3108898400A4AB9
S113C588835A53B940F2FE34084D094E2B5B865B3F
S113C59833434AF2005633432B53135A01339BB2A5
S113C5A8135281F3108870BDD01C002000E00140B4
S113C5B828EE0000030010B503240A4A0A4811684B
S113C5C80333A34308185B1840F200418B4206D991
S113C5D800F08AFA0C2303600120404210BD136066
S113C5E8FCE7C046DC1C00208800002000BE704721
S113C5F87047000002B4714649084900095C4900C3
S113C6088E4402BC7047C04603B4714649084000D2
S113C6184900095A49008E4403BC7047F0B54FF6E7
S113C628FF750400CE462C40474615400E002900ED
S113C638994680B5130C0700000C614345435843E1
S113C64863430C0C5B19E4188C46A54203D9802378
S113C6585B0298464044230C61461B184FF6FF7052
S113C6680840494656437943240489192018C918AF
S113C678C0BCB946B046F0BD002310B50400036041
S113C6884360836081814366C2810361436183613E
S113C698190008225C3000F0C7F90B4B246263626E
S113C6A80A4BA3620A4BE3620A4B23630A4B9C427C
S113C6B805D00A4B9C4202D0094B9C4203D120006E
S113C6C8583000F017FA10BD7DC90000A5C9000054
S113C6D8DDC9000009CA0000E41C00204C1D00202C
S113C6E8B41D002010B5034A0349044800F06AF851
S113C6F810BDC0462800002031CE000038000020BC
S113C70841680B4B10B50400994201D000F08CFB32
S113C718A168084B994202D0200000F085FBE1682B
S113C728054B994202D0200000F07EFB10BDC046A4
S113C738E41C00204C1D0020B41D002010B5094B3A
S113C748094A04211A6009480022FFF795FF0122CB
S113C75809210748FFF790FF022212210548FFF735
S113C7688BFF10BD1C1E0020EDC60000E41C002039
S113C7784C1D0020B41D002010B5024800F0BBF980
S113C78810BDC046251E002010B5024800F0B4F9BB
S113C79810BDC046251E002010B50400FFF7ECFFAD
S113C7A8236A13B1FFF7F0FF10BD044B2362044B57
S113C7B81B68002BF6D1FFF7C1FFF3E709C7000098
S113C7C81C1E0020F7B51400002600900191A568EE
S113C7D86768013F04D52468002CF8D13000FEBDF9
S113C7E8AB89012B08D90E22AB5E013304D0290092
S113C7F80098019B984706436835EAE710B5034B50
S113C80801001868826800F09FFB10BD3400002006
S113C818F0B51D00554B85B01E6804000F0000924A
S113C82826B1336A13B93000FFF7B6FF009B022B19
S113C83805D0012B00D996E0002D00DA93E0636E51
S113C848DB0705D4A3899B0502D4A06D00F053F936
S113C8582100300000F0E8FA616B41B12300443351
S113C868994202D0300000F059F900236363002391
S113C878A3616360A3891B0603D53000216900F016
S113C8884DF9A3893A4A1340A381009B022B60D037
S113C89803AB2100300002AA00F0EEFAA389034397
S113C8A8A3812DBB029D280000F080F901950700A3
S113C8B8002848D1029B0193AB423ED101256D4229
S113C8C80C22A35E02221A43A2810022A260220043
S113C8D84732226022610122616E6261114204D1F1
S113C8E89B0502D4A06D00F007F9280005B0F0BD3F
S113C8F8002FD8D0336A13B93000FFF74DFF009BDF
S113C908012B03D1A389009A1A43A2810C22A35EA6
S113C91808221900276027616561114013421CD061
S113C928DA0718D500226D42A260A561626ED207AB
S113C93801D49B0513D50025D7E7019800F036F9F3
S113C94807000028BAD08023A289019D1343A3813C
S113C958D0E70025B4E7A560E8E7A160E6E7A06DA5
S113C96800F0CAF8E7E701256D42BEE7340000206D
S113C9785CF3FFFF70B50C000E25495F00F090F8DA
S113C988002803DB636D1B18636570BDA389024A25
S113C9981340A381F9E7C046FFEFFFFFF8B51F0076
S113C9A88B8905000C001600DB0505D50E23C95E2E
S113C9B80022022300F062F8A389054A28001340E4
S113C9C8A38132000E23E15E3B0000F07BF8F8BD42
S113C9D8FFEFFFFF70B50C000E25495F00F04EF81D
S113C9E8A389421C03D1054A1340A38170BD41F2B7
S113C9F800021343A3816065F8E7C046FFEFFFFF19
S113CA0810B50E23C95E00F029F810BD30B5002416
S113CA180139A24201D1002005E0035D01340D5D16
S113CA28AB42F6D0581B30BD03008218934200D1A4
S113CA38704719700133F9E730B5050010005AB191
S113CA480024013A2B5D085D834204D1944202D04C
S113CA580134002BF6D1181A30BD0000002370B53C
S113CA68054D040008002B6000F0E2FB431C02D1D2
S113CA782B6803B1236070BD201E002070B504002C
S113CA88080011001A000023044D2B6000F0BFFBBE
S113CA98431C02D12B6803B1236070BD201E002003
S113CAA870B50400080011001A000023044D2B601F
S113CAB8FAF79CFC431C02D12B6803B1236070BDB8
S113CAC8201E002070B50400080011001A0000237D
S113CAD8044D2B60FAF77CFC431C02D12B6803B18C
S113CAE8236070BD201E0020014B18687047C046A3
S113CAF834000020704770477047002310B59A42ED
S113CB0800D110BDCC5CC4540133F8E70023C25CE7
S113CB180133002AFBD1581E7047000070B5050088
S113CB280C0079B1043C2368002B00DAE4182800CF
S113CB3800F0E8F81C4A13682BB9636014602800F5
S113CB4800F0E8F870BDA34208D9206821188B4288
S113CB58F3D119685B6809182160EEE71A005B686D
S113CB680BB1A342FAD911685018A0420BD120681E
S113CB780918501811608342E1D118685B6841189C
S113CB8811605360DBE7A04202D90C232B60D6E77F
S113CB98206821188B4203D119685B680918216041
S113CBA863605460CBE7C0462C1E002010B5034BCD
S113CBB80100186800F026F810BDC04634000020B3
S113CBC870B50F4E0D003168040011B900F0A8FAD1
S113CBD830602900200000F0A3FA431C03D101258A
S113CBE86D42280070BD0323C51C9D43A842F8D09C
S113CBF8291A200000F094FA0130F2D1EFE7C04678
S113CC08281E0020F7B50322CB1C934308330500E4
S113CC181F000C2B34D20C27B94233D8384E2800C5
S113CC2800F070F833681C00002C2FD1390028005C
S113CC38FFF7C6FF0400431C5FD134680094009BCF
S113CC48002B4AD1002C52D023682800E3180099FD
S113CC58019300F065FA019B834248D123682800B8
S113CC68FF1A3900FFF7ACFF013040D02368DB1905
S113CC78236033685A68002A33D1009B336019E073
S113CC88002BC9DA0C232B600020FEBD2168C91BC8
S113CC9820D40B290AD9E2192760A34204D13260AF
S113CCA863681160536005E05A60F9E76268A3425B
S113CCB80ED13260280000F02DF8200007220B3036
S113CCC8231D9043C21A9842DFD01B1AA350DCE7F5
S113CCD85A60EFE723006468A6E7009C6368009342
S113CCE8ADE71A005B68A342FBD10023DAE70C2303
S113CCF828002B6000F00EF8C6E70760DAE7C046A4
S113CD082C1E002010B50248FFF7F5FE10BDC046E2
S113CD18241E002010B50248FFF7EEFE10BDC046E1
S113CD28241E0020F7B50C228B5E05000C001A07A0
S113CD3853D44A68002A02DC0A6C002A4BDDE76AED
S113CD48002F48D0002241F200002E682A601A0001
S113CD58216A0240034230D0626DA3895B0705D57E
S113CD686368D21A636B0BB1236CD21A00232800B0
S113CD78E76A216AB847A289431C06D129681D2994
S113CD8844D8284BCB40DB0740D500236360236994
S113CD982360D20404D5431C01D12B6803B9606510
S113CDA8616B2E60B9B123004433994202D0280044
S113CDB8FFF7B4FE002363630DE001232800B8479E
S113CDC80200431CC9D12B68002BC6D01D2B01D0EF
S113CDD8162B1AD12E6000201EE00E69002EFAD000
S113CDE80F680E60BA1B019200229B0700D14A69A2
S113CDF8A260019B002BEEDDA36A32001F0028000D
S113CE08019B216AB847002807DCA2894023012036
S113CE1813431BB2A3814042FEBD019B36181B1A63
S113CE280193E6E7010040200B6970B505000C008A
S113CE3813B90025280070BD18B1036A0BB9FFF7B0
S113CE48ABFC0C22A35E002BF3D0626ED20704D491
S113CE589B0502D4A06DFFF74EFE28002100FFF7C2
S113CE6861FF636E0500DB07E4D4A3899B05E1D465
S113CE78A06DFFF741FEDDE770B50E001D000E231F
S113CE88C95E140096B000290CDAB2898023110017
S113CE9819401A4214D140F200430020296023604B
S113CEA816B070BD6A4600F019F90028EDDB4FF2A0
S113CEB8000301991940044BC9184B425941EAE748
S113CEC800214023E9E7C04600E0FFFFF0B5022651
S113CED88B8905000C0085B0334207D02300473303
S113CEE8236023610123636105B0F0BD03AB02AA8B
S113CEF8FFF7C2FF029F019039002800FFF782FE66
S113CF0840B90C22A35E9A05EED4032293431E4330
S113CF18A681E3E78023A28920601343A381039BAE
S113CF28206167615BB128000E23E15E00F0E8F838
S113CF3828B10323A2899A43023B1343A381A389FB
S113CF48019A1343A381CFE770B506000D001400BE
S113CF5818B1036A0BB9FFF71FFC636EDB0705D42E
S113CF68A3899B0502D4A06DFFF7C5FDA368013B07
S113CF78A360002B05DAA269934212DBEBB20A2BF9
S113CF880FD023685A1C22601D70EDB2636EDB0754
S113CF9805D4A3899B0502D4A06DFFF7ADFD280035
S113CFA870BD29002200300000F002F80500EDE70A
S113CFB8F8B506000D00140018B1036A0BB9FFF7A1
S113CFC8EBFBA369A360A3891B0701D5236943B9B4
S113CFD82100300000F02AF818B101256D4228001C
S113CFE8F8BD23692068EFB2C01A6369EDB28342C1
S113CFF805DC21003000FFF717FF0028EDD1A368F6
S113D0080130013BA36023685A1C22601F706369C6
S113D018834204D0A389DB07E1D50A2DDFD121009F
S113D0283000FFF701FF0028D9D0D6E72A4B70B5A6
S113D038050018680C0018B1036A0BB9FFF7ACFBBC
S113D0480C22A35E1A0722D4DA0607D409222A601E
S113D058402201201343A381404237E05B0712D5E5
S113D068616B41B123004433994202D02800FFF791
S113D07855FD002363632422A3899343A3810023DA
S113D0886360236923600823A2891343A381236966
S113D0985BB940F2802140F20022A3890B409342FD
S113D0A803D021002800FFF711FF0C22A35E012101
S113D0B81A000A400B420AD00022A2606269524256
S113D0C8A261226900200AB91A06C1D470BD990761
S113D0D800D46269A260F4E734000020002370B52C
S113D0E8064D0400080011002B6000F0E9F8431C09
S113D0F802D12B6803B1236070BDC046201E0020F6
S113D108002370B5054D040008002B6000F0E5F815
S113D118431C02D12B6803B1236070BD201E00207C
S113D128002370B5054D040008002B60FFF742FA90
S113D138431C02D12B6803B1236070BD201E00205C
S113D148094B10B50400186818B1036A0BB9FFF746
S113D15823FB0020132C06D8044BE400E3580133C6
S113D16801D0024BE01810BD34000020301E00200E
S113D178F8B50400FFF7B8FC132605000027301C97
S113D188391CABBE061C2E602000F8BD10B5431C2C
S113D19801D1FFF7EDFF10BDF7B50C001600FFF73E
S113D1A8CFFF050038B9FFF79FFC0923036001246A
S113D1B864422000FEBD022E03D9FFF795FC162316
S113D1C8F4E7012E12D14368E418F6D46F462B68AD
S113D1D80A2600937C60301C391CABBE061C300048
S113D1E8FFF7D4FF0028E2DB6C60E2E70368022E55
S113D1F8ECD16F4600930A36301C391CABBE061CB2
S113D2083000FFF7C3FF24180130DFD1CFE710B592
S113D218FFF7C2FF10BD37B50224019001AD201CF1
S113D228291CABBE041C2000FFF7B0FF3EBD000064
S113D23870B50500FFF784FF040030B9FFF754FC0C
S113D248092303600120404270BD013D012D09D826
S113D258094B9A681B699A4204D101235B42036013
S113D2680020F1E72068FFF7D6FF0028ECD101235E
S113D2785B422360E8E7C046301E002070B50C000E
S113D288FFF75EFF050030B9FFF72EFC09230360A2
S113D2980120404270BD42F2000362680C26134329
S113D2A8636040F20043A364301C291CABBE051C18
S113D2B82800FFF76BFF431CEAD020610020E9E750
S113D2C870B50C000500582200212000FFF7ACFBC4
S113D2D828002100FFF7D2FF70BD70B5FFF730FFBB
S113D2E80924050020B9FFF7FFFB0460002070BD86
S113D2F8201C291CABBE041C2000012CF7D0FFF70E
S113D308F3FB132504000026281C311CABBE051CA6
S113D3182560EBE70D0A003A004E4F20414E535763
S113D32845520050726976617465204C6F526120D1
S113D33853657373696F6E204B6579005B4442478C
S113D3485D5B52585D00202D204672616D65437403
S113D358726C2020203D20307800203A200046724C
S113D368616D65547970653D3078002C2000416307
S113D3786B3D0041523D005365633D00202D205311
S113D38872634164647220202020203D2000202DF7
S113D398204473744164647220202020203D2000BE
S113D3A8202D205061796C6F616453697A65203D42
S113D3B82000204279746500202D205061796C6F1B
S113D3C8616420202020203D20005B4442475D5BAF
S113D3D8526164696F4576745D00202D2054784449
S113D3E86F6E652000202D20547854696D656F7523
S113D3F8742000202D205278446F6E652000202D63
S113D4082052784572726F722000202D2052785471
S113D418696D656F757420005B4442475D5B5261BA
S113D42864696F54785D00202D204D6F64656D200C
S113D438202020202020203D20004C6F52610046EF
S113D448534B003F3F3F00202D20467265717565A0
S113D4586E6379202020203D2000202D2044617413
S113D468615261746520202020203D2000202D2059
S113D47842616E645769647468202020203D20004E
S113D488202D204D61784672616D6553697A652057
S113D4983D2000202D207478506F7765722020205D
S113D4A82020203D20005B4442475D5B5261646953
S113D4B86F52785D00202D204D6178527857696E3F
S113D4C8646F7720203D200020507269766174656E
S113D4D84C6F52612053616D706C652041707020EF
S113D4E85665722E00554E4B4E4F574E5F5354415E
S113D4F854555300303A455500313A555300363A9D
S113D5084153310032323A4153320032333A4153B3
S113D518330032343A4153340033303A4A500033FA
S113D528313A4A505F4C4443003F3F3A28756E6B8A
S113D5386E6F776E20726567696F6E2900303A5294
S113D548584F4E5748454E49444C455F444953410A
S113D558424C454400313A52584F4E5748454E497B
S113D568444C455F454E41424C454400303A4B4596
S113D578595245515045524D49545F4449534142CB
S113D5884C454400313A4B45595245515045524D4A
S113D59849545F454E41424C454400303A52535336
S113D5A8495F44495341424C454400313A5253532C
S113D5B8495F454E41424C454400554E4B4F4E57EA
S113D5C84E5F4556454E545F494E464F5F5354414E
S113D5D8545553005354415455535F4F4B005458BA
S113D5E85F54494D454F55540054585F4E4F41437D
S113D5F84B0054585F43414E43454C4544005458EE
S113D6085F4348414E4E454C425553590054585F68
S113D618445554594359434C455F52455354524910
S113D628435445440054585F524144494F5F45525E
S113D638524F52004B45595245515F4641494C455A
S113D64844004D41435F4552524F5200494E4143B5
S113D6585449564500524551555345545F494E5611
S113D668414C4944004E4F5F52454D4F54455F4429
S113D67845564943455F454E545259004E4F545FF1
S113D688535550504F5254454400534552564943FC
S113D698455F554E4B4E4F574E0049425F415454D7
S113D6A85249425554455F494E56414C4944004CF1
S113D6B8454E4754485F4552524F5200434F4D4DD3
S113D6C8414E445F4552524F5200494E53554646C7
S113D6D8494349454E545F4D454D4F5259004441C5
S113D6E85441524154455F494E56414C49440043C4
S113D6F848414E4E454C5F494E56414C49440052B0
S113D7084144494F5F4348414E4E454C5F4255534F
S113D7185900524144494F5F445554594359434C65
S113D728455F524553545249435445440052414479
S113D738494F5F504152414D455445525F494E56F9
S113D748414C494400554E4B4E4F574E5F44455645
S113D7584943450043525950544F5F4552524F5222
S113D768002B5245534554002B564552002B534128
S113D7785645002B4C4F4144002B524547494F4EC8
S113D788002B444556455549002B43484944002B32
S113D7984452002B5458504F574552002B52584F5F
S113D7A84E002B524D54444556002B4B4559524577
S113D7B851002B4B4559524553002B54584F505444
S113D7C8002B53454E44002B53454E4448455800BE
S113D7D82B444556494E464F002B54584359434C05
S113D7E845002B52535349002B4445425547005B8F
S113D7F84442475D5B54784379636C655D00202D32
S113D808205374617475732020203D2000202D203E
S113D818506572696F642020203D2000202D20442B
S113D82873744164647220203D2000202D204461DB
S113D838746153697A65203D2000202D2044617469
S113D8486120202020203D20005B4442475D5B4D41
S113D85861634E6F746972795D5B526D7444657669
S113D8685D00202D204465764164647265737320DD
S113D8783D2000202D2050534B2020202020202004
S113D888203D2000202D2053657373696F6E4B650E
S113D89879203D2000202D2066436F756E745478DE
S113D8A82020203D20307800202D2066436F756E9F
S113D8B87452782020203D203078003C75706461D3
S113D8C87465643E002B52435644002C004B455962
S113D8D85245515F53554343455353002B4B4559C8
S113D8E8494E44002B54584359434C45494E44002F
S113D8F84368616E67656420726567696F6E20733B
S113D908657474696E672E2028627574206E6F744E
S113D91820736176656420746F206E6F6E2D766F48
S113D9286C6174696C65206D656D6F72792E290060
S113D938526567696F6E206973206E6F7420617613
S113D94861696C61626C652E00526164696F206460
S113D958726976657220696E697469616C697A6145
S113D96874696F6E206973206661696C65642E0042
S113D978506172616D657465727320666F72204DB3
S113D988616320496E697469616C697A6174696F4D
S113D9986E2061726520696E76616C69642E005030
S113D9A84C4656342E34300000000000E3D5000005
S113D9B8040000004ED600000700000010D6000046
S113D9C80800000021D3000056000000950800005C
S113D9D800000000000000004154002B0907050363
S113D9E80001020008060405000000020100030407
S113D9F8841E0000093D0000127A000024F400008F
S113DA0848E8010090D0030020A1070000000000AE
S113DA18B128000061510000C3A20000581B000097
S113DA28983A00001879000030F2000048E8010034
S113DA3890D0030020A10700000000001027000078
S113DA48204E000028A000000400000048E801005F
S113DA580500000090D003000600000038200700ED
S113DA680300000030F200000A00000028A00000B3
S113DA78020000001879000009000000204E000090
S113DA8801000000983A0000080000001027000078
S113DA9800000000581B0000040506030A020901DF
S113DAA808000000000000001F000000C012000071
S113DAB81F000000A816000017000000841C0000C6
S113DAC80F000000E42500001E000000B42D000033
S113DAD816000000083900000E0000002C4C00005D
S113DAE81D000000685B000015000000747200004F
S113DAF80D000000589800001C00000034B7000016
S113DB0814000000E8E400000C0000007831010073
S113DB181B000000686E01001300000034CA0100F5
S113DB280B000000286202001A00000040DB02001B
S113DB38120000003C9303000A000000C0C2040065
S113DB481900000060B30500110000003820070028
S113DB580900000020A1070000000000AD22000019
S113DB682D1200003D19000045120000C11D0000DF
S113DB78A91D00005D190000B51B0000711200000A
S113DB88CD210000F915000089120000E5110000FC
S113DB98B5160000D1120000E9120000311300008C
S113DBA86912000061120000C1120000B1120000E5
S113DBB8C1150000E51800003913000075130000B2
S113DBC869160000A912000099120000411500000E
S113DBD8251F00002117000011180000BD180000BF
S113DBE889150000D911000049360000C194C1000C
S113DBF800000000F8EFF7E000000000E44971338A
S113DC081CE68D33010000000B000000100E00001C
S113DC1800000000000000000000000000000000F8
S113DC280A00000000000000083E7233F8F18C334B
S113DC38010000000B000000100E000000000000AE
S113DC480000000000000000000000000A000100BD
S113DC580000000064CE8F33DCACBB33010000004D
S113DC680B000000A08C0000000000000000000071
S113DC780000000000000000640000000000000034
S113DC8888C29033B8B8BA33010000000B00000012
S113DC98A08C00000000000000000000000000004C
S113DCA80000000064000100000000002495BD335A
S113DCB89CD4C433010000000B000000A08C0000B9
S113DCC80000000000000000000000000000000048
S113DCD864000000000000004889BE3378E0C333C4
S113DCE8010000000B000000A08C000000000000F0
S113DCF800000000000000000000000064000100B3
S113DD08000000008443C8335CFCCD3301000000EC
S113DD180B000000100E00000000000000000000CE
S113DD2800000000000000000A00000000000000DD
S113DD38A837C9333808CD33010000000B000000B0
S113DD48100E0000000000000000000000000000A9
S113DD58000000000A00010000000000E4F1D233D2
S113DD682CDAD4330100000018000000407E0500BE
S113DD780000000000000000000000000000000097
S113DD88E80300000000000008E6D33308E6D333B4
S113DD980100000018000000407E0500000000009B
S113DDA8000000000000000000000000E80301007B
S113DDB800000000C485D7335C31DA330100000069
S113DDC80B000000A08C0000000000000000000010
S113DDD800000000000000006400000000000000D3
S113DDE8E879D833383DD933010000000B0000002E
S113DDF8A08C0000000000000000000000000000EB
S113DE08000000006400010002000000E4BE8A363D
S113DE18DC334F37010000000D00000080EE3600AF
S113DE2800000000000000000000000000000000E6
S113DE38640000000200000008B38B36B83F4E3778
S113DE48010000000D00000080EE36000000000014
S113DE580000000000000000000000006400010051
S113DE6803000000240AD7369CE8023701000000AA
S113DE780D00000080EE36000000000000000000E5
S113DE88000000000000000064000000030000001F
S113DE9848FED73678F40137010000000D00000071
S113DEA880EE3600000000000000000000000000C2
S113DEB8000000006400010004000000E4BE8A368B
S113DEC81C64E436010000000D00000080EE3600FA
S113DED80000000000000000000000000000000036
S113DEE8640000000400000008B38B36F86FE336C2
S113DEF8010000000D00000080EE36000000000064
S113DF0800000000000000000000000064000100A0
S113DF18050000006443A936DC21D5360100000061
S113DF280D00000080EE3600000000000000000034
S113DF38000000000000000064000000050000006C
S113DF48805CAB36C008D336010000000D00000029
S113DF5880EE360000000000000000000000000011
S113DF68000000006400010006000000A461C4353C
S113DF78DC334F37010000001E00000080EE36003D
S113DF880000000000000000000000000000000085
S113DF981027020006000000103EC73570574C37A2
S113DFA8010000001E00000080EE360000000000A2
S113DFB8000000000000000000000000102703001B
S113DFC809000000C03DDF3640F70937400D030063
S113DFD80D000000A00F00003200000088130000AC
S113DFE8B0FF00003C930300102700000900000064
S113DFF880040D3700285037400D03000D00000041
S113E008C800000002000000E8030000B0FF0000A0
S113E0183C930300E80300000900000060C4E036F4
S113E028E013F336801A06000D000000A00F00006C
S113E0383200000088130000B0FF000038200700F9
S113E0481027010009000000E048FF3660A14E37A0
S113E058801A06000D000000C8000000020000003D
S113E068E8030000B0FF000038200700E8030100BF
S113E07809000000A0D1E336A0700837801A060012
S113E0880D000000A00F00003200000088130000FB
S113E098B0FF000038200700102701000900000025
S113E0A8208B0E3720944B37801A06000D00000091
S113E0B8C800000002000000E8030000B0FF0000F0
S113E0C838200700E80301000A000000C03DDF36DD
S113E0D840F70937400D03000D000000A00F0000B1
S113E0E832000000000000000000000000000000F2
S113E0F86400000007000000B8E10000010000000F
S113E108ACE100000600000064E100000600000025
S113E1181CE10000010000000700000020A1070026
S113E128010000000800000020A107000100000011
S113E1380900000020A10700010000000A000000F7
S113E14820A10700010000000B00000020A1070027
S113E158010000000C00000020A1070001000000DD
S113E1680700000048E80100010000000800000062
S113E17848E80100010000000900000048E8010027
S113E188010000000A00000048E801000100000046
S113E1980B00000048E80100010000000C0000002A
S113E1A848E80100010000000700000090D00300C7
S113E1B8010000000700000048E801000100000019
S113E1C80800000048E80100010000000900000000
S113E1D848E80100010000000A00000048E80100C6
S113E1E8010000000B00000048E8010001000000E5
S113E1F80C00000048E801000000000050C30000C3
S113E208A8610000051440000000000000000000A0
S113E218000000000000804123000000000000000E
S113E22800000000000000000000000001000000E1
S113E2380108000020A107002029D135C0270900C2
S113E2482A000000010C000048E8010060DC71337A
S113E258400D03001C000000010B000048E8010009
S113E26860DC7133400D03001C000000010A00004B
S113E27848E8010060DC7133400D03001C00000015
S113E2880109000048E8010060DC7133400D030017
S113E2981C0000000108000048E8010060DC71333C
S113E2A8400D03001C0000000107000048E80100BD
S113E2B860DC7133400D03001C00000001070000FE
S113E2C890D0030000637333801A06000C0000002A
S113E2D80232000050C3000060DC7133400D0300BB
S113E2E81C000000010C000048E80100C03DDF36B6
S113E2F8400D03000F000000010B000048E8010076
S113E308C03DDF36400D03000F000000010A000085
S113E31848E80100C03DDF36400D03000F0000004F
S113E3280109000048E80100C03DDF36400D030044
S113E3380F0000000108000048E80100C03DDF3676
S113E348400D03000F0000000107000048E8010029
S113E358C03DDF36400D03000F000000023200000C
S113E36850C30000C03DDF36400D03000F0000001D
S113E378010C000048E80100C03DDF36400D0300F1
S113E3880F000000010B000048E80100C03DDF3623
S113E398400D03000F000000010A000048E80100D6
S113E3A8C03DDF36400D03000F00000001090000E6
S113E3B848E80100C03DDF36400D03000F000000AF
S113E3C80108000048E80100C03DDF36400D0300A5
S113E3D8260000000107000048E80100C03DDF36C0
S113E3E8400D0300260000000107000090D0030040
S113E3F860C4E036801A060004000000010700002B
S113E40890D00300E048FF36801A06000E00000092
S113E4180107000090D00300A0D1E336801A06005B
S113E428120000000232000050C30000C03DDF3675
S113E438400D030026000000010C000048E801001C
S113E448E0D5A936400D03000F000000010B0000C1
S113E45848E80100E0D5A936400D03000F0000008C
S113E468010A000048E80100E0D5A936400D030080
S113E4780F0000000109000048E80100E0D5A936B2
S113E488400D03000F0000000108000048E80100E7
S113E498E0D5A936400D03000F0000000107000075
S113E4A848E80100E0D5A936400D03000F0000003C
S113E4B80107000090D0030020E3AC36801A060060
S113E4C8070000000232000050C30000E0D5A9365E
S113E4D8400D03000F000000010C000048E8010093
S113E4E800D88C36400D03001D000000010B00000D
S113E4F848E8010000D88C36400D03001D000000D8
S113E508010A000048E8010000D88C36400D0300D9
S113E5181D0000000109000048E8010000D88C36FD
S113E528400D03001D0000000108000048E8010038
S113E53800D88C36400D03001D00000001070000C0
S113E54848E8010000D88C36400D03001D00000087
S113E5580107000090D00300A05E8E36801A0600E2
S113E5680E0000000232000050C3000000D88C36B0
S113E578400D03001D000000010C000048E80100E4
S113E5884023D936400D03000E000000010B0000A3
S113E59848E801004023D936400D03000E0000006E
S113E5A8010A000048E801004023D936400D030061
S113E5B80E0000000109000048E801004023D93694
S113E5C8400D03000E0000000108000048E80100A7
S113E5D84023D936400D03000E0000000107000057
S113E5E848E801004023D936400D03000E0000001E
S113E5F80107000090D0030020B7DD36801A06001A
S113E608060000000232000050C300004023D9363F
S113E618400D03000E000000010C000048E8010052
S113E62800D88C36400D030040000000010B0000A8
S113E63848E8010000D88C36400D03004000000073
S113E648010A000048E8010000D88C36400D030098
S113E658400000000109000048E8010000D88C3699
S113E668400D0300400000000108000048E80100D4
S113E67800D88C36400D030040000000010700005C
S113E68848E8010000D88C36400D03004000000023
S113E6980107000090D00300A05E8E36801A0600A1
S113E6A8200000000232000050C3000000D88C365D
S113E6B8400D0300400000000100000000000000BD
S113E6C804180020190000000600000000000000E3
S113E6D8201800200C020000000000F80000008050
S113E6E85818002030040000DCD500004ED6000085
S113E6F8E6D50000F1D50000FAD5000006D60000E2
S113E70815D600002DD600003CD60000C2D5000066
S113E718DCD500004AD6000010D6000054D600000C
S113E7283BD700005DD600006DD6000084D60000FB
S113E73892D60000A2D60000B7D60000C4D60000C6
S113E748D2D60000E6D60000F7D6000030D6000086
S113E75807D700001AD7000035D700004DD70000AE
S113E7685CD70000EDD400002986000000000000FA
S113E778000000000600000069D700000000000047
S113E7888D860000000000000400000070D700001F
S113E7980000000000000000C5860000050000001D
S113E7A875D700008D870000000000008D870000E9
S113E7B8050000007BD70000F98700007D88000071
S113E7C8000000000700000081D70000FD88000059
S113E7D8D1860000000000000700000089D700006F
S113E7E83D8900007B89000000000000050000004E
S113E7F891D70000A1890000DF8900000000000013
S113E8080300000097D70000058A0000838A0000EF
S113E81800000000080000009BD70000AB8A00003D
S113E828F18A00000000000005000000A4D70000E1
S113E838258B000000000000000000000700000015
S113E848AAD70000A58B000000000000000000000B
S113E85807000000B2D70000F58B00003D8C0000D3
S113E8680000000007000000BAD70000718C000007
S113E878AD8C00000000000006000000C2D70000B4
S113E888E18C00000000000000000000050000000A
S113E898C9D70000618D00000000000000000000DE
S113E8A808000000CFD70000E98D00000000000038
S113E8B80000000008000000D8D70000398E0000CE
S113E8C8000000000000000008000000E1D700007C
S113E8D89D8E0000E58E0000000000000500000089
S113E8E8EAD7000011870000F1860000000000004C
S113E8F806000000F0D7000002010123456789AB38
S113E908CDEF0002000000000000000000009004A9
S113E918504C4656342E34308C180020B0EA00008F
S113E92864ED000004020C01030000007F73000082
S113E9380000000040E900000000000000000000A2
S113E94800000000000000000902000000040005A7
S113E958000600070000000000000000D581000048
S113E9680000000070E900000001000022000020FF
S113E9780F00FFFF00000000FFFF00000000000080
S113E9880200000000000000180000300000000031
S113E998000000000000000000000000000000006B
S113E9A800000000000001000300000000800000D7
S113E9B800020300D57D000000000000C8E9000043
S113E9C860000001000000010000000000F00000E9
S113E9D803000000007800000102000065800000C8
S113E9E800000000F0E900006000000100000001E0
S113E9F8000801020B0101010100000001000000F0
S113EA080000000000000000DD76000000000000A7
S113EA181CEA000000000000000010400200000092
S113EA280010000000000000100000005819002029
S113EA38A10500000000000044EA000048EA0000C4
S113EA48181A002054EA0000C8ED00000100000074
S113EA5885A60000000000007C190020030A0000BD
S113EA680010104002000000001000000000000028
S113EA7810000000581A00207D0600000000000065
S113EA888CEA000090EA0000181B00209CEA0000B1
S113EA98C8ED00000100000085A600000000000089
S113EAA87C1A0020030A000053000000BCEA00009E
S113EAB80000000005000000000000000000000045
S113EAC80100000000000000020000000000000037
S113EAD803000000004000000400000004000000DF
S113EAE80500000004000000060000000400000007
S113EAF807000000040000000800000004000000F3
S113EB080A000000040000000B00000004000000DC
S113EB180C000000040000000D00000004000000C8
S113EB280E000000004000000F0000000000010477
S113EB3800010000000001040101000000000104BC
S113EB4802010000040000000301000004000000AA
S113EB580401000004000000050100000400000096
S113EB680601000004000000070100000000010085
S113EB78080100000500000009010000044000002D
S113EB880A010000004000000B010000040000001E
S113EB980C010000050000000D0100000400000045
S113EBA80E010000040000000F0100000000000036
S113EBB8000200000000000001020000000001053E
S113EBC80202000000000105030200000400000026
S113EBD80402000000000000050200000400000018
S113EBE80602000004000000070200000400000000
S113EBF808020000040000000C02000004000000E9
S113EC080D020000000001000003000005000000E0
S113EC1801030000050000000203000004000000D6
S113EC2803030000040000000403000004000000C3
S113EC3805030000040000000603000004000000AF
S113EC4807030000000000000004000004000000A6
S113EC580104000004400000020400000400000055
S113EC680304000004000000040400000400000081
S113EC780504000004000000060400000000000071
S113EC88070400000000000008040000044000001D
S113EC9809040000040000000A0400000400000045
S113ECA80B040000040000000C0400000400000031
S113ECB80D040000040000000E040000040000001D
S113ECC80F0400000400000000050000000000001C
S113ECD80105000000000000020500000400000017
S113ECE803050000040000000405000004000000FF
S113ECF805050000040000000006000004000000F0
S113ED0801060000040000000206000004000000E0
S113ED1803060000040000000806000004000000C8
S113ED2809060000040000000A06000004000000B0
S113ED3808070000040000000E070000040000009B
S113ED4808080000040000000908000005100F115D
S113ED581E1C1E1A1203020F16000001F5B700004C
S113ED6875B6000009B8000015B8000029B70000FE
S113ED786DB700007DB60000C9B60000F1B600000A
S113ED8811B7000051B7000099B60000ADB60000F5
S113ED9801000000A0ED000000001040FF1F10401B
S113EDA8000400000100000001000000B8ED0000AC
S113EDB800000000FFFF030000080000040000003A
S113EDC8E1BB000045BD0000A5BD0000ADBC0000CE
S113EDD81DB9000041BA0000F1B800000DB90000E7
S113EDE811B9000015B90000A1BC00001DBC000049
S113EDF819B900005FBA000039B900003DB9000034
S113EE085BBA000041B9000045B9000036E0014092
S113EE1838E0014090E4014032E0014080E40140E0
S113EE280100020008001000200000004275696C0F
S113EE387420776974682052656E65736173204124
S113EE486476616E63656420466C657869626C6596
S113EE5820536F667477617265205061636B6167D4
S113EE68652076657273696F6E20362E322E3000F7
S10FEE78362E322E30000000000002068E
S107EE84F8B5C046D3
S107EE88F8B5C046CF
S107EE8C4905000030
S107EE90190500005C
S90300BD3F
