S01200004C6F526153616D706C652E7372656342
S1130000804C002015380000FD1000008B1100000A
S11300108B1100008B1100008B1100008B1100006C
S11300200000000000000000000000008B11000030
S11300308B110000000000008B110000710900000A
S113004000000000000000006D0E00000000000031
S1130050000000006D0E0000000000000000000021
S1130060000000000000000000000000A57900006E
S1130070000000000000000000000000000000007C
S11300800000000000000000250D0000000000003A
S1130090DD0D000000000000000000003D370000FE
S11300A00000000000000000000000008D0D0000B2
S11300B000000000AD0C0000000000000000000083
S10B00C0000000008978000033
S11300C810B5064C1022002120000BF0D3FA044B83
S11300D81B7813B91333E372237310BDA45B002098
S11300E8C85B002030B585B00400092240F29F2087
S11300F801A904F00BFD6B461D79002301A8AB424E
S113010814D1032B10D869465A1C0A716A465B003D
S1130118210A0532D1546A460632D45440F29F204B
S1130128092201A904F0FAFB05B030BD01004278A8
S113013889781202521802309442F5D00133DBB2A6
S1130148DDE7F7B500255F4B5F4C18605F4B40F265
S1130158E8310A205D701D7003F010FC0023E05E96
S1130168290008F0EDFD40F2E831142003F006FC04
S11301780023E05E012108F0E3FD40F2E8310A20A3
S113018803F0FCFB524C534B0122A36040F20533AD
S1130198A380514B02210520E560DA70220000F0AB
S11301A8B5FF04204D4B2360205607F09BFB04F059
S11301B8C9FA280005F064FA494B1B78012B01D1D0
S11301C804F090FB474B01210020185E012508F03C
S11301D8B7FD6B460024D91C2A009D200D7004F03D
S11301E8D7FA414B20001D70404B414F1C70414BC6
S11301F8414E1C70414B1C6005F042FA6B462A00C4
S1130208991C96200D7004F0C3FA6B4602229C8058
S11302188F2001A904F0BCFA2000042104F094FC06
S11302284FF6FF71080008F099FB40F6AC00FFF7A1
S113023859FF40F68900FFF755FFFFF741FF3800E3
S113024804F03EFF300004F03BFF2D4B0222FB601C
S11302582C4B01A9F3602C4B17201C706B469C8017
S11302683C607C603C723C6134607460347234611C
S113027804F022FC6B465A790334511013002940C8
S1130288A9402B400B439110294089000B43D110FE
S11302982940C9000B431111294009010B4351118D
S11302A82940921149012A4092010B4313436A469B
S11302B812792A401202134303B91C0008F022FAE7
S11302C82000FEBD0C5D0020DC5B0020095D0020E1
S11302D8CC5B0020511A00000060004055434900DF
S11302E8C85B0020B45B002007400020DD5C0020D0
S11302F8F45C0020DC5C0020E05C0020D85C00207A
S10F0308E956000005570000085D0020C5
S1070400FFFFFFFFF8
S1070404F7AFC1FF8A
S1130440010000000101FF01804D002000100100A7
S11304508182800184858302878886038A8B89044C
S113046008078D0000000000030000001C6100204C
S113047034400020000000001C6100208461002042
S1130480EC610020000000000000000000000000FB
S11304900000000000000000000000000000000058
S11304A00000000000000000000000000000000048
S11304B00000000000000000000000000000000038
S11304C044F2800044F28003C2F20000C2F200034E
S11304D010B5834205D040F20003C0F2000303B11B
S11304E0984710BD44F2800044F28003C2F2000039
S11304F0C2F200031B1A9A10D90F8918491010B5BB
S113050029B140F20003C0F2000303B1984710BDC3
S113051010B544F69844C2F20004237873B9FFF787
S1130520CFFF40F20003C0F200032BB140F20840B9
S1130530C0F2000000E000BF0123237010BDC046DC
S113054040F20003C0F2000310B54BB144F69C41E5
S113055040F20840C2F20001C0F2000000E000BF17
S1130560FFF7C0FF10BDC0460122014B1A7070474F
S11305704D5D00200122014B1A7070474C5D002034
S1130580064B82B21B68012A03D80022D8701A8055
S1130590704740F200421A80FAE7C0460840002043
S11305A00020044B1B6803B9704701301B6800B27C
S11305B0F9E7C0467C4D002010B570B1094A0A2302
S11305C0D45E002311689C4207DD814206D1118963
S11305D00131118100215268D15410BD01331BB285
S11305E00C31F0E73C5D0020002210B50260013AB6
S11305F00A80074A0300106840B104681460426826
S11306001A600822835E0B80FFF7D6FF10BDC04638
S11306107C4D002002001F205AB1012308490868BC
S1130620824207D98868824204D8054ADB009B18B5
S11306301879704701330831172BF0D11F20F8E7E0
S1130640C0D60000034B00201B78082B01D8024AB7
S1130650D05C704707400020B4D6000070B50D4B45
S113066001005B7B01203BB10B4B0C4A48331D78E6
S11306700023AB4201D1002070BD107930B1146861
S11306806668B14202D3A468A142F5D90133DBB252
S11306900832EEE7A45B0020085B0020A45A002087
S11306A0154B00B5185C0A2823D80BF05FFC1E1606
S11306B01612060D22221A161200002001230B39ED
S11306C08B424041C0B203E00C394B425941C8B29D
S11306D000BD002002230A39F2E700200323093970
S11306E0EEE7002004230839EAE700200523073950
S11306F0E6E70020ECE7C04658D60000014B188816
S11307007047C046A05A00204A425141094A494212
S1130710114042F2107289180300C8430A2B07D80B
S1130720054AD35C054A9B009B58C81803B9C843C3
S11307307047C046F0D8FFFF58D60000D4D500005B
S113074003000D48D200125830B5546802209C4270
S113075011D895689D420ED3D2681B1BB3FBF2F4EB
S113076054431D1BA34206D12800012A03D08A4208
S113077092415242500030BDA45A00200300002090
S113078082B00190D1B142F20F7291420CD840F282
S1130790E73291420AD9013242F210700192019A71
S11307A0401AB0FBF2F0584302B070476422632948
S11307B0F2D80A220929EFD80122EDE70121FBE74B
S11307C0F7B5089C0193052845D10B1C072900DDCA
S11307D00723254F5EB2BC46244DB00063704359D5
S11307E00127634504D0224FDB195F427B415F0040
S11307F0A023A770062906DC1E4B28589E5D1E4BBD
S1130800B340B3FBF0F340F2E835019E101F5843A8
S113081075434019400018B15D1E2818B0FBF3F071
S1130820824200D20200980053430025A2600BB11B
S113083001335D08431B40F2E83001D50F4D5B19CD
S113084093FBF0F3E360062905DC3F2A04D8531C2C
S1130850FE221340A360F7BDF8210B00F72AF9D854
S1130860073213000B40F5E790D00300ACD500002D
S1130870E05EF8FFCCD5000040420F0019FCFFFFFA
S1130880094B1A78012318001A420BD1074A1100A8
S1130890FC31896C31B940F28A23D05C0138431EA3
S11308A09841C0B27047C046C8530020D0530020BE
S11308B00423024A11780B4313707047A453002099
S11308C00123024A11780B4313707047A45300208C
S11308D040F28823044AD35C23B10223034A1178EB
S11308E00B4313707047C046D0530020A45300201C
S11308F040F28C23044AD3581A780023052A01D1E4
S1130900024B1B5CD8B27047D0530020A4D5000022
S1130910044B10B5FC331B6D13B1DB6803B198476E
S113092010BDC046D0530020082310B5034A1178E7
S11309300B431370FFF7ECFF10BDC046C8530020F3
S1130940042310B5034A11780B431370FFF7E0FF3B
S113095010BDC046C8530020022310B5034A1178C5
S11309600B431370FFF7D4FF10BDC046C8530020DB
S1130970704700000379012B01D1014A13707047BD
S1130980FC510020002382B00193054BDB88C01A80
S11309901E2380B243430193019880B202B0704792
S11309A0FE260A4010B5042401210748074B82792A
S11309B01975A243827100220020197000211A6166
S11309C09860D9609A8310BD00380A40105D0020F9
S11309D00200811C002010B51378000184B21800B5
S11309E03038C0B2092805D918006138052806D85E
S11309F0573BD8B2013220439142EDD110BD1800CB
S1130A004138052801D8373BF3E74FF6FF70F5E787
S1130A10F0B500230500CC5CA446260934006746E3
S1130A2030349F2F00D907340F262C70CC5C34400F
S1130A3026003036092C01D93734260001339CB204
S1130A406E7002359442E6D30023520092B283546E
S1130A50F0BDF0B587B003900191029213B9042060
S1130A6007B0F0BD019A54009C42F8DB00252E002B
S1130A70E41A24B205AFD4B9029A6B1C525D1DB2BC
S1130A803A700024029B6A1C5B5715B238007B70D5
S1130A90FFF79EFF4FF6FF739842E0D0039B9855F3
S1130AA00136019B36B2B342E5DC0020D8E730239F
S1130AB0A4B23B70012CE4D0023C302324B2E5E71D
S1130AC00420704713B5FFF76BFDC0B2012801D0B5
S1130AD0042016BD6B469C1C210001A8FFF784FD71
S1130AE00023E25E012AF3D1019B1B785BB2302B19
S1130AF005D10022044B3F3300201A70E9E7312B63
S1130B00E6D1014B3F33F7E79451002004207047AE
S1130B1030B585B0FFF744FDC0B2042401281AD1D2
S1130B206B469D1D290002A8FFF75EFD2B8803ADCF
S1130B3021002800029AFFF78CFF040058B96B7853
S1130B402A781B0412061A43AB781B021343EA7873
S1130B501343024A1360200005B030BD645B0020DB
S1130B60030030B541180A2400208B4200D130BD67
S1130B7000229A566043303AD5B20133092D01D888
S1130B801018F2E701204042F1E7000013B5FFF727
S1130B9007FDC0B2012801D0042016BD6B469C1C81
S1130BA0210001A8FFF720FD0023E15E0129F3D114
S1130BB00198FFF7D5FFC0B208B10128ECD1024B70
S1130BC03C3318700020E8E79451002013B5FFF778
S1130BD0E7FCC0B2012801D0042016BD6B469C1C62
S1130BE0210001A8FFF700FD0023E15E0329F3DCE7
S1130BF0002301981AB2914212DCC9B20029EBD049
S1130C00FFF7AEFF431E9BB2DF2BE5D8C0B2431EF5
S1130C10DBB2DF2B02D8054B3D3318700020DCE734
S1130C20C25C0133303A092AE4D9D5E79451002053
S1130C30704700207047704770470000502210B57D
S1130C40034904480AF0D5FF0322034B1A7110BD6F
S1130C5028D4000094510020E8500020024B18785A
S1130C6043425841C0B27047E451002002001B23A4
S1130C70C0094042184052005040C0B270470A2395
S1130C8070B58360036C010001330364030008330F
S1130C90DC6FC268A36820685D6840310823A847F8
S1130CA070BDEFF30380103840B2704730B585B0A3
S1130CB0FFF7F7FF124B8000C5586A68D36959786B
S1130CC0002304391C00022905D8137C0D495B005C
S1130CD05B5A02349BB2E96879B12D6901A80471A9
S1130CE00195022C07D1127C064C90325200125B03
S1130CF0120401329B188360884705B030BDC0469A
S1130D00C04D002000260A401FB5436A4BB18468D9
S1130D102478029169460A71826A009468460392B3
S1130D2098471FBDF8B5FFF7BCFF174B8000C058AC
S1130D30437CC6685B00F6183500FE356C8A83690F
S1130D40A4B29BB18268D26882B90178426959B170
S1130D50178801315218013B3780426183610BB916
S1130D6001339C436C82F8BD1778F2E7002343619A
S1130D7001331C42F5D16B8899B2002BF2D10222C7
S1130D80FFF7C2FFEEE7C046C04D002010B5FFF7E5
S1130D9088FF114B8000C058437CC2680133DBB22A
S1130DA05B00995A036A89B223B90422C361FFF72D
S1130DB0ABFF10BD0278C36952B119800233016AD6
S1130DC0C361013901620029F3D10122C161EEE757
S1130DD01970C3690133F2E7C04D002070B5FFF705
S1130DE060FF114B8000C0580126437CC468013366
S1130DF0DBB25B00E4182188FE34628889B21300F8
S1130E0095B23340324207D102231D4209D1DB1887
S1130E1010221D4201D170BD20226381FFF774FFAF
S1130E20F9E70822F9E7C046C04D0020436882680C
S1130E301B785B009B5A02699BB20AB181695354C7
S1130E4083690133836170470123C8B28340002062
S1130E509BB20AB918001300034A090A4901891808
S1130E60088100204B81704700000A4007B5FFF756
S1130E7018FF064B8000C3583BB19A682AB15979D0
S1130E80DB68684601910093904707BDC04D002080
S1130E9040F21A23044A0020D35A812213405A1ED6
S1130EA093410B707047C04600C07E4006207047D7
S1130EB006207047062070470620704706207047BA
S1130EC00A0010B5034B11CB11C2034B11CB11C255
S1130ED0002010BD20D3000018D300000620704766
S1130EE0062070470620704706207047062070478A
S1130EF0C36A0D4A10B59A180133C362036B816A41
S1130F00013B0363094B4C1C84621800140CFE3033
S1130F1092B2448242811A000978FC3251638122E0
S1130F20FF335A7510BDC0460000F0BD00C07E40BE
S1130F304143032903D9890801390029FCD17047A9
S1130F40254A03001268254810B5254982420BD86A
S1130F508A4209D02348824206D02348824203D0E1
S1130F6040F2F610DA6010BD2048214C1218B2FB92
S1130F70F1F10800A24202D901200840081840F209
S1130F808352D86006204A43B2FBF0F21A6140F261
S1130F9076324A43B2FBF0F25A6158224A43B2FB1A
S1130FA0F0F29A61134A99604A43B2FBF0F2DA61B3
S1130FB0114A4A43B2FBF0F21A62104A4A43B2FBA6
S1130FC0F0F25A620E4B1A78012A03D001221A70E9
S1130FD0FFF7AEFF0020C6E7BC4D0020FF083D0030
S1130FE040420F0080841E00C0C62D003F420F0007
S1130FF03F8AF701B86A0500C0B0070068ED220017
S113100090C07E4044F6003313B5A522019340F20C
S11310108013F7210F4CE2500F4B9D3A5A705970D0
S11310205A705B78934200D1C04681681020FFF764
S11310307FFF40F21A22094BA352A35A98B203B974
S113104016BD019B1BB1019B013B0193F5E71420E5
S1131050F6E7C04600C07E40FFC07E4000AAFFFF06
S113106013B5104901900B6B5B0612D57F240E4B10
S11310705A7D22405A7500225A7501900B6B5B060B
S1131080D80F002B08DA019B2BB1019B013B019384
S1131090F4E7019B0BB9142016BD019B013B01939E
S11310A0E1E7C046FCC07E40FFC07E4040F623021C
S11310B00F4B995C0F4A890709D540F622015B5C06
S11310C01BB193680C4A136070471369FAE740F642
S11310D02001595C890705D540F61901595C53680C
S11310E0CB40EFE740F61801595C1368F8E7C046B7
S11310F000E00140804C0020BC4D0020044940F237
S113110040100A00FE32538C095A0B405386704734
S113111000600040F7B5FF27019283080A4A0326BE
S11311209B009B183A0040F200350640F600890106
S1131130B2403940B1405C59800094430C435C5147
S1131140019A024B1A50F7BD00E100E0C04D0020A7
S11311501F22430910401E3A8240044920339B0059
S11311605A50BFF34F8FBFF36F8F704700E100E019
S1131170002310B50360436811201856030021337F
S113118001D0FFF7E5FF002010BD00BE704700004E
S113119010B5034B1B689B780BB10AF00FFD10BD13
S11311A008400020F0B50A0085B020B1012839D0EC
S11311B0002005B0F0BD4B490B00EC331C680B005C
S11311C0BA3318880B00BF331B78C1315D1EAB41A5
S11311D00978C00801391B18481E81414900891843
S11311E0DB001833C900591840F2E8334B43621E40
S11311F09B1841F65732B3FBF4F3012094420FD805
S113120040F6B732001894420AD840F2CF72013047
S1131210944205D840F2E7320430944200D90238AF
S1131220C018C6E72F4B00201900F9310978019046
S11312300A2902D82C48415C01911900F8310E7832
S11312401900C43118000F881900FA331B78C6310D
S11312500433C830097804780393731F012B04D82E
S11312603B1C0C2F00D20C239FB2631E9C41D20066
S11312702401A4184A4251411423B50049420B40A9
S1131280641BE418B31E0293062E07D9310001989B
S11312900834FFF705FA08B1B31E9D00E343DB17DA
S11312A01C406419013C94FBF5F5039B6B43DA196C
S11312B013000E33062E00D9023B0C4A0199525CEE
S11312C00A2A0ED80A49920052589B000299013307
S11312D08B4040F2E8305843531EC018B0FBF2F084
S11312E067E7FFDEDC5B002020D6000058D6000054
S11312F02CD60000F7B500921A000B320192032697
S11313000269019DC468AD18B5434669B54214D855
S1131310050050352980010048310B800300141B5F
S11313204A331C8002238360009BC364686B836818
S113133000685C680423A047FEBD02224260026686
S113134002008832156886692A199446B76832689B
S1131350D719BC4500D0624644663469AD18C260F2
S11313604561A14205D8083202618AB20267426728
S1131370C5E7FFF784FCDFE710B5094B012806D168
S1131380084AC7331170197007F082FA10BD1A00A9
S1131390BF321278002AF9D1024AC0331170F2E741
S11313A0DC5B00200640002010B5044B1420185EBE
S11313B007F0BCFC0128F8D010BDC046DC5B00205F
S11313C0010010B580B90948094A121A0AF056F901
S11313D00848094A0949121A0AF00BFC0848094A44
S11313E00949121A0AF005FC10BDC046984C0020A9
S11313F0086300200040002000400020000010404E
S113140000400020804000204004000007B56B46E7
S1131410D87107330121180007F050FC07BD000004
S1131420030070B572B6BFF34F8FBFF36F8F0079AF
S1131430082809D888B3013807282ED80AF096FD61
S1131440706E2D0D2D2D2D0B0300EF22103B13423A
S113145001D0402821D1334B53E09C68324B1B7898
S11314605BB2D3B10623314AD356012B15D00223E4
S1131470D05E0023D15E0425525F431C93FBF2F53A
S11314806A439B1A1BB2E4B28B420CD1082C04D1E0
S113149007F004FB2000FFF77BFE62B6BFF34F8F1B
S11314A0BFF36F8F70BD2300613B192B05D8203C1F
S11314B0E4B2200007F0AEFA29E00A2C06D00D2C85
S11314C018D0082C1FD0202CE7D0F2E7200007F01A
S11314D0A1FA2000164CFFF75BFE2378002BDCD02A
S11314E007F0DCFA07F0DAFA0122124B1A70002333
S11314F02370D2E7200007F08DFA2000FFF748FEA2
S11315000B4B012208E0884204D007F0C7FA200000
S1131510FFF73EFE0022064B1A70BEE7064BF0E7CB
S1131520064BEEE730520020F4510020E851002031
S1131530E5510020E4510020F551002031520020F3
S113154013B5FFF72DF8C0B2012811D16B469C1CCE
S1131550210001A8FFF748F821780423019841B13C
S1131560FFF7FEFAC0B2042318B9053008F09EF85C
S11315700023180016BD000013B5FFF711F8C0B220
S1131580012801D0042016BD6B469C1C210001A833
S1131590FFF72AF80022A35E012BF3D1019A1278F7
S11315A052B2312AEED1064A917A9372012901D1BD
S11315B00020E8E7034A137107F0AEFDF8E7C046E0
S11315C094510020E850002010B586B0FEF7E8FFE3
S11315D0C0B20424012810D16B469C1C210001A830
S11315E0FFF702F823881021019A02A8FFF731FAC5
S11315F0040010B902A807F04DFB200006B010BD8E
S113160010B5044B186820B102681A60FEF7D4FFC5
S1131610F7E710BD7C4D002070B504000D00FFF706
S11316201DF830B1164B174AE318934202D802232F
S11316302B7070BD144B154AE318934201D8002354
S1131640F6E7134B134AE318934201D80123EFE75B
S1131650114B124AE318934201D80523E8E7104BD3
S1131660104AE318934201D80323E1E70E4BE41830
S11316700E4B9C4201D80423DAE70020D9E7C04688
S113168040AA8FCC7F841E00C02571CCC0C62D001B
S1131690FF5E43CCBF270900A0B038CC20A10700CF
S11316A040022ECC90D00300606E29CCE09304005D
S11316B0002300B505280CD1501F05280ED80AF0C8
S11316C055FC0A030A0D0A0A0A78052191425B4176
S11316D0DBB2180000BD0A780721F7E70023F8E71A
S11316E040F28C23054AD358E0331B78022B00D0F8
S11316F0062340F2882153547047C046D05300203B
S1131700F0B585B0FEF79EFF0138C0B201283AD982
S113171040F28C261D4C1E4FA55929002A002B008F
S1131720FF31497EF03228781278EC33009749B2C1
S11317301B680397FFF744F840F2F2170223E355BE
S1131740B333FF33EA5C00253F33E254023BE554F4
S113175004F078FA03F0E4FFA359E133187803F0B6
S113176023F9A3591B78052B0DD1039806F044FFE8
S113177048B1280004F0BEFC40F28823E25DE25444
S113178008B106F00FFF05B0F0BDC046D0530020ED
S1131790B0550020F8B540F28C2334490200CB58F0
S11317A01C00E034207818B102284FD00320F8BD83
S11317B042B91A000D331532FF32FF3303CB03C293
S11317C00020F4E70220012AF1D00130022AEED1F0
S11317D0227008000C00E130CD34FF30FF34E0CC3F
S11317E0E0C060CC60C040F2F2100A541A0000203D
S11317F0503254782CB31478022C22D124221C00A9
S113180042439A18106EFC34A06164321278FF339C
S11318105A7640F211228C5C313A8C54043288504E
S11318209A7F40F2F013CA5403220233CA540022AE
S1131830013BCA5440F210230022CA54FFF760FF50
S1131840BEE7013024320428D3D1F3E73AB9227039
S113185003F066FF04F09EFAFFF742FFB0E7012AA7
S1131860A5D00320022AA2D1AAE7C046D053002063
S1131870002330B50360CD5CDC00A540046801336F
S11318802C430460DCB2A242F5D830BD0300002032
S1131890112B03D80248D840012318407047C04692
S11318A02007020070B50C4CE268137D2BB11500C3
S11318B06368A46810359C4200D170BD1E788E42C6
S11318C005D0AB4201D11300F5E70433F3E701225D
S11318D058709A70F1E7C0469053002070B50B49D8
S11318E0CA684B68147D507564B114000125896879
S11318F01034DE78587006B99D70A34203D11300EA
S11319009942F6D170BD0433FAE7C04690530020E3
S11319100B4A30B553689168D26814001034994268
S113192004D100235A1E9341D8B230BD1D7885429C
S1131930F8D0A34201D00433F1E71300EFE7C04627
S113194090530020EFF31080012383F31088064B9B
S1131950196819B9054A1170403111701A680132B9
S11319601A6080F3108870478052002040030A40B8
S1131970EFF31083036072B6704710B52120FFF7B0
S1131980E7FB1D20FFF7E4FB10BD70B50D0014004C
S11319902800A1B207F092F90028F9D1200070BD07
S11319A0114BF7B518780D0091B2C14000270F4CC8
S11319B00F4E01918020277080023770217859B131
S11319C00199DD61196294B22800A1B207F076F999
S11319D00028F9D12000FEBD31780029EAD1013870
S11319E00028EBD1E6E7C046045200203152002023
S11319F030520020054B012800D118601A68D20724
S1131A0002D51A68104318607047C0467C52002003
S1131A10044B10B51B68DB0702D50220FFF7EAFF71
S1131A2010BDC0467C52002010B572B6BFF34F8F74
S1131A30BFF36F8FFFF7ECFF0122044B1A7062B6FD
S1131A40BFF34F8FBFF36F8F10BDC046085D0020FA
S1131A5010B5FFF7E9FF10BD034B01201B6810B55B
S1131A6003B1984710BDC0460052002010B50400D1
S1131A700020205600B910BDFFF7C8FC0134F7E779
S1131A8010B50A4B1C68E37813B10948FFF7EEFF61
S1131A901422A188074B4A431B689B181869FFF757
S1131AA0E5FF0548FFF7E2FF10BDC04608400020EF
S1131AB0E4CA0000485D0020BDCC000010B5024817
S1131AC0FFF7D4FF10BDC046E4CA000010B50400FF
S1131AD0FFF7D6FF0448FFF7C9FF2000FFF7C6FF52
S1131AE0FFF7ECFF10BDC046E7CA000010B530B1E7
S1131AF0152805D8034B8000C058FFF7E7FF10BD39
S1131B000148FAE708D50000E9CA000010B5074B00
S1131B103C331B7823B10420012B05D1044800E099
S1131B200448FFF7D3FF002010BDC04694510020A5
S1131B300BCB0000F8CA0000062310B588B001AC36
S1131B402000237007F062F9029B04221BBA694645
S1131B5020000093FEF75CFF2000FFF7B7FF002092
S1131B6008B010BD052310B588B001AC2000237067
S1131B7007F04CF96946029B20001A0C0A701A0AF5
S1131B804A7003228B70FEF743FF2000FFF79EFF8D
S1131B90002008B010BD000010B5054B04209B7A4E
S1131BA0012B03D10348FFF791FF002010BDC0466D
S1131BB0945100201CCB000000B589B000236A4674
S1131BC001A8137107F022F96B461B7A2BB9074859
S1131BD0FFF77CFF002009B000BD012B01D10448B0
S1131BE0F6E70420022BF6D10248F1E723CB0000EC
S1131BF02DCB000037CB000010B5054B04201B7A19
S1131C00052B03D10348FFF761FF002010BDC04638
S1131C109451002041CB000000B589B004236A46EA
S1131C2001A8137107F0F2F86B461B7A2BB1044834
S1131C30FFF74CFF002009B000BD0248F8E7C0469A
S1131C4049CB000057CB000010B5074B3F331B783E
S1131C5023B90648FFF73AFF002010BD0420012BEA
S1131C60FBD10348F6E7C0469451002066CB000040
S1131C7076CB000000B589B043236A4601A81371EE
S1131C8007F0C4F86B461B7A012B05D10548FFF712
S1131C901DFF002009B000BD0420002BFAD102482A
S1131CA0F5E7C04685CB000096CB00001FB5074B77
S1131CB004221B6869461BBA01A80093FEF7A8FE1C
S1131CC001A8FFF703FF002005B000BD645B0020FE
S1131CD000B589B06A464B2301A8137107F096F842
S1131CE06B466A461B8969465BBA138001A80222C7
S1131CF0FEF78EFE01A8FFF7E9FE002009B000BD43
S1131D004C2310B588B001AC2000237007F07EF896
S1131D106946029B20001A0C0A701A0A4A700322B0
S1131D208B70FEF775FE2000FFF7D0FE002008B090
S1131D3010BD522310B588B001AC2000237007F009
S1131D4065F8029B04221BBA694620000093FEF743
S1131D505FFE2000FFF7BAFE002008B010BD532339
S1131D6010B588B001AC2000237007F04FF8029B37
S1131D7004221BBA694620000093FEF749FE2000A6
S1131D80FFF7A4FE002008B010BD0000124B10B5F0
S1131D901B88012B08D0114B114A1B6812889A80AA
S1131DA0037813B1012B0ED010BD43781BB90D4835
S1131DB0FFF78CFEF8E7102B03D80B4A9B009858CA
S1131DC0F6E70A48F4E743781BB903790BB10848EE
S1131DD0EEE70848ECE7C046F65000200840002033
S1131DE0F4500020CBCC00009CD40000A8CB000011
S1131DF0C2CB0000CFCB000013B5FEF7D1FBC0B2BD
S1131E00012834D16B469C1C210001A8FEF7ECFB91
S1131E100023E15E01292AD10198FEF7A1FEC4B294
S1131E20012C1CD9072C22D11248FFF71FFEFFF703
S1131E3045FE072C05D109F04FFA09F039FAFEF7EF
S1131E40FDFE72B6BFF34F8FBFF36F8FBFF34F8F9B
S1131E50094B0A4ADA60BFF34F8FC046FDE7002CF6
S1131E60E2D1074B187A07F021FC200016BD0424A8
S1131E70FBE7C046CBCC000000ED00E00400FA050F
S1131E8094510020F8B506000C000F274D1EAD003C
S1131E903000E8403840092808D83030013CE4B22A
S1131EA0FFF7B4FA043D002CF2D1F8BD3730F5E762
S1131EB010B5FFF7E5FD0948FFF7D8FD022104201E
S1131EC0FFF7E0FF0648FFF7D1FD90200221FFF75E
S1131ED0D9FFFFF7F3FD002010BDC046D6CB0000AC
S1131EE03BCF0000F7B505000E000192002803DA8D
S1131EF02D20FFF78BFA6D4201230A221C00B34206
S1131F0004D101260A27002C04DCF7BD0133544315
S1131F10DBB2F4E7012C00D1002695FBF4F292FB2E
S1131F20F7F37B43D31A00936B461878012E0DD137
S1131F3060B9019B13B11800FFF768FAFF22009BF8
S1131F401340634394FBF7F4ED1ADCE7303040B2FE
S1131F50FFF75CFA0026F1E770B50D000400FFF707
S1131F608FFD0548FFF782FD290000222000FFF7BE
S1131F70B9FFFFF7A3FD70BDE7CA0000272310B522
S1131F8088B001AC2000237006F040FF02980521C0
S1131F9080B2FFF7E1FF002008B010BD00B589B0A2
S1131FA06A462D2301A8137106F030FF6B46022107
S1131FB0187AFFF7D1FF002009B000BD10B5044B1B
S1131FC003213D331878FFF7C7FF002010BDC0463A
S1131FD094510020002310B5934200D110BDCC5C75
S1131FE0C4540133F8E70300F0B5D433040018688F
S1131FF00E00150087B048B310231B1A1F0000936E
S1132000934200D917002300C133BAB21818310023
S11320100193FFF7DFFF2200D4321368FB1813602B
S11320200F2B1DD9009BAB421AD22000B130030004
S11320301A78197C4A401A70019A01339A42F7D1EE
S11320402200010006F090FDF619ED1B2000C130BE
S1132050102D07D83100AAB2D434FFF7BBFF256096
S113206007B0F0BD2700B1373B00009600991A78FD
S113207009784A401A70009A01330132009298425A
S1132080F4D11022390002A8FFF7A4FF02A9080026
S1132090220006F069FD1022380002A9FFF79AFF1A
S11320A01036103DD2E70000F0B50C00B3B005289F
S11320B063D102AEC0220021300009F0DFFA0A2108
S11320C040F2E8320A2064236944CA871AA90880C6
S11320D022A9338033840B802AAB1A802079042808
S11320E04BD809F043FF03364A4C5D00384DC022FB
S11320F028003100FFF76EFF40F2821307223549B2
S11321003548C03DEA5206F0FDFA0123334AE38024
S1132110137040F6B832E26040F2E832226140F2D5
S1132120D072626141F28832A26141F2707200237E
S1132130E261621C2372D377294A238562622200FA
S11321402A3213708323DB05E362264B2363264B79
S1132150636340F2801140F28210244B5A5A185A99
S113216002435A52224A1800110070C970C0E0C9D3
S1132170E0C01833183213CA13C333B0F0BD0022C1
S113218000200021124BB45A20329860D9601861A3
S113219059619861D9611C802033C02AF3D1ECE7DE
S11321A06B460024991D08200C7002F0D9F86B4688
S11321B0591D0A4B06201B785A1E93410B7002F0DE
S11321C0CFF86B460920D91D0C7002F0C9F8D4E78A
S11321D040570020025800200058002004400020EE
S11321E008E6D3339A990940400020008056002025
S11321F078D7000040F28C23F0B5374C0025E35823
S113220040F2B4111A00E4325D54156040F20C221D
S1132210012032498FB0A150E03A9D546432985263
S11322201A0018009988E8321180991DC97F173265
S11322309172996AFC30016119002C31097851744A
S1132240190015323031C0C9C0C2198F012611805E
S1132250DA6B42621A6C82621A004432117840F2DC
S113226028129954E832A554813A9D542D329D5434
S11322706A466946167100951878FFF715FF40F213
S11322801123E5547B33E2585F3B1100FF3BD554E7
S11322909E33E554FC31086940F2D01160501100BE
S11322A0FF31887F40F2DC11605489196554891923
S11322B066542A39515C40F2DF12A1542200E13203
S11322C01B19FF3223CB23C203CB03C240F2F21308
S11322D00222E2540FB0F0BDD053002000010100EF
S11322E0F0B595B005930D230C2704920391C356C2
S11322F0C7570293837B1A9A9C4643680400136071
S113230045780197A5B33A1C002F00DA0022002576
S113231052B201922089628983426D418618B34288
S1132320B6410299EDB23140560036180291B342DB
S11323301ED31B1AB3FBF2F042439E1A934217D1E9
S1132340002F0ADC237833B1012306AA207C110074
S11323501371FFF7A9FE40F2010C237C052B05D174
S11323600026B74202DD019E013EF6B273B201932C
S1132370039B019A28001A70049B029A1A70624601
S1132380059B1A7015B0F0BD0022F0B585B002A906
S1132390CA71067903000620022E19D903380F2EBC
S11323A016D81F6801243B7A1A091B071B0F934296
S11323B003D806349442A441644202ABD91D386860
S11323C0FFF72AF901256840C3B21CB10533D8B21E
S11323D005B0F0BD0420002BFAD10C221300734386
S11323E00949B5405B18180039000193FFF7F2FD65
S11323F002ABDB79019A0449537240F280128B5A82
S113240020002B438B52E3E780560020F8B51500DB
S11324102022134B1F001C0008372678CEB9013444
S1132420BC42FAD10F4C226802B92360626802B13F
S1132430136000221A606360AAB21871DD71581D1E
S1132440FC34FFF7C7FDE36801335B19E360300038
S1132450F8BD013AD2B23B00002ADBD10226F6E7EE
S11324608C52002084520020114BF7B51C680023C5
S113247017001E00009001911CB9019B00201E60F2
S1132480FEBD009AD11AE27901329142F5D3227944
S11324905D1CFA54EDB2E279611D7819FFF79AFDDB
S11324A0E279013655192468EBB29619E4E7C0467F
S11324B084520020F0B504000F0016001D000A200D
S11324C085B0FBB110220021684609F0D7F86A46AE
S11324D0A31F13706B460322581C3900FFF77AFDC3
S11324E00322310001A8FFF775FD6B460222290083
S11324F0D81DFFF76FFD22000221684608F0BCFEDC
S113250000B10F2005B0F0BD70B5056804000220CD
S11325101DB126790B2E01D8012070BD20002B7827
S113252004226371691C0830FFF7A2F96B790B3E32
S11325302373AB79E381EA7912021343227BE381AB
S11325401207120F9642E7DD2900200008311030EF
S1132550FFF740FD237B200000221B071B0F1E00FA
S1132560651C2830EA77027022790836911B043AF8
S1132570042907DD216809338E5DEE77D51ACB185F
S113258005706362200021682C3089180422FFF74B
S11325906FF90020C1E700001FB5FEF701F8C0B2D3
S11325A00424012812D16B469C1C210001A8FEF7CB
S11325B01BF823880821019A02A8FEF74AFA0400AE
S11325C020B90822034802A9FFF704FD200004B043
S11325D010BDC046AF51002000B589B001A8082243
S11325E00649FFF7F7FC082201A903A8FEF710FA31
S11325F003A8FFF76BFA002009B000BDAF5100201B
S11326001FB5FDF7CDFFC0B20424012812D16B46DB
S11326109C1C210001A8FDF7E7FF23880821019AEB
S113262002A8FEF716FA040020B90822034802A9FA
S1132630FFF7D0FC200004B010BDC046B751002005
S113264000B589B001A808220649FFF7C3FC082297
S113265001A903A8FEF7DCF903A8FFF737FA002065
S113266009B000BDB751002010B586B0FDF798FF42
S1132670C0B20424012812D16B469C1C210001A87D
S1132680FDF7B2FF23881021019A02A8FEF7E1F9B1
S1132690040020B91022034802A9FFF79BFC200084
S11326A006B010BD9F510020242330B58BB003AC7D
S11326B02000237006F0AAFB0D4B68461D7A04998E
S11326C06A1F53425A415200FFF784FCFFF7D8F9BE
S11326D00848FFF7CBF9052D04D16B46042118886F
S11326E0FFF7D0FBFFF7EAF900200BB030BDC0467E
S11326F094510020E7CA000010B5013A92B20132A9
S113270008F0BCFF10BD0000F0B5C5B006000D0018
S11327101F000220019200297DD04A9B002B7AD011
S1132720E123002402A81B18180010220021FFF73F
S1132730E3FFB02221000EA84394FFF7DDFF634BB3
S11327401A78BA4261D111216143614B2131C91810
S11327500EA806F051FA002E5FD106AC2900019AAA
S11327600EA8FFF740FC102200212000FFF7C4FF51
S113277021000EAA200006F0F7F922782300002198
S11327807F2A50D918785A784000D209024301317F
S11327901A7001330F29F5D17923E27B5B42520091
S11327A05340439ADBB2E373102A49D102ABE132BE
S11327B0D21800231178E05C0133414011700132DA
S11327C0102BF7D1E123002502AA9B181A78197C53
S11327D001354A401A700133102DF7D1E12302A9C3
S11327E05B1819002A000AA8FFF7F4FB0EAA0AA92D
S11327F002A806F0B9F92A0020000021FFF77CFFA7
S1132800029B4A9A0020136005E00134E4B21133BC
S1132810142C95D1032045B0F0BD102231000EA830
S1132820FFF7E1FB99E718785A784000D209024390
S113283001311A7001330F29F5D1E37B5B00B0E756
S11328400021002061562300814231DA1D78597835
S11328506D00C90929430130197001330F28F5D1DE
S11328607923E17B5B4249004B408021DBB2E37377
S11328700EAB9B18C133561C00251970102E01D8BD
S11328800F35AD1A0EABC232981800212A0008F099
S1132890F5FEF12202ABD2180023AD19439511784D
S11328A0E05C0133414011700132102BF7D189E70C
S11328B01D7859786D00C909294301301970013315
S11328C00F28F5D1E37B5B00CFE7C04628580020F2
S11328D008580020F0B5AFB006000D0001A81400A0
S11328E00021B0221F00FFF707FF00230F4811212A
S11328F05943425CA2420BD10D4B2131C91801A8A6
S113290006F07AF92C00281BC0B23CB9200003E081
S11329100133142BEBD103202FB0F0BD311801AAE1
S11329203818103C06F020F9A4B2ECE7285800202F
S1132930085800207FB5002311220E001949140005
S11329405C430D5D854227D1174B80382134C0B2DA
S11329501022E418092819D840F24923C340DB07A0
S113296014D50021684608F089FE022536B16B466D
S11329707F2210213000FFF7ADFF050010226946C9
S11329802000FFF727FB280004B070BD31002000B1
S1132990FFF720FB0025F6E70133142BCFD10325E5
S11329A0F1E7C046285800200858002030B505003B
S11329B085B051B1FFF7BEFF040030B9012D05D138
S11329C0104B1B689B78012B03D10F24200005B00A
S11329D030BD01001022684608F050FE092229008B
S11329E0684608F049FC0028EFD11022210068460F
S11329F008F044FE7F220921684608F03DFC0028C7
S1132A00E4D0E2E7A053002070B59E4D04002B00F3
S1132A10FC339B6C01208EB09B075AD4207853283A
S1132A2000D965E209F0B6FA570064025B0065005C
S1132A306B00720078007E008800880064026402E3
S1132A4064026402640264028D00920097009C0098
S1132A50A100A600AB00B000B500BA00BF00C400DE
S1132A60C900CE006402D300E700F6001E01430152
S1132A70340150015B01620167016C01730164025E
S1132A807A018B01AE019D01BF01C901D201D901B7
S1132A906402640264026402640264026402640202
S1132AA06402640264026402640264026402DF0178
S1132AB064026402060264021302540054001A02FF
S1132AC01F02220233023D02460250025A025F02F2
S1132AD013200EB070BD2079FEF75CFEF9E7616843
S1132AE009B90320F5E710226748FFF773FA0020BD
S1132AF0EFE761680029F4D010226448F5E740F25A
S1132B008C23EB58E23322791A70F0E740F28C23DD
S1132B106268EB589A64EAE740F28C236268EB58E7
S1132B20DA64E4E761680029DBD00120FFF73EFFA7
S1132B300028DCD00E20CCE7616802200029F5D102
S1132B40CFE761687F200029F0D1CAE7616880205F
S1132B500029EBD1C5E7616881200029E6D1C0E7EF
S1132B60616882200029E1D1BBE7616883200029E4
S1132B70DCD1B6E7616884200029D7D1B1E7616868
S1132B8085200029D2D1ACE7616886200029CDD107
S1132B90A7E7616887200029C8D1A2E76168882077
S1132BA00029C3D19DE7616889200029BED198E737
S1132BB061688A200029B9D193E761688B200029D4
S1132BC0B4D18EE740F28C23EB58E1339BE76A469D
S1132BD0237A6946137040F28C23ED580722287833
S1132BE0FEF766FD002800D17BE70D35FF35043480
S1132BF006CC06C57BE76A46237A6946137040F221
S1132C008C23ED5807222878FEF752FD283500283A
S1132C10EDD166E76A46237A6946137040F28C2345
S1132C20ED582B00FF339B7F287853700722FEF763
S1132C303FFD002800D154E72B001533FF33043443
S1132C4006CC06C33C3B1B78022B00D04FE7B333C2
S1132C50FF33EB5C002B00D149E702F061FDFEF786
S1132C604FFD44E76A46237A6946137040F28C2389
S1132C70ED5807222878FEF71BFD002800D130E725
S1132C803035B4E7D05300200858002018580020ED
S1132C9040F28C23EB5861681B78052B00D020E7A9
S1132CA09448002900D122E705F02CFD1FE740F2EB
S1132CB08C23EB5861681B78052B00D011E70029A1
S1132CC000D114E78C48EFE72279531E0E2B00D96C
S1132CD007E740F28C23EB58FF335A7207E740F2C0
S1132CE08C23EB58F43362681A6000E740F28C23BB
S1132CF0EB58F833F7E740F28C23EB58FC33F2E758
S1132D0040F28C23EB586268FC335A60EFE640F2E1
S1132D108C23EB58FC3362689A60E8E604266B4621
S1132D20A65706221E7040F28C23EC586946207880
S1132D30FEF7BEFC002800D1D3E66671D7E6042670
S1132D406B46A65705221E7040F28C23EC58694648
S1132D502078FEF7ADFCE934002800D1C1E62670E6
S1132D60C5E604266B46A6570A221E7040F28C2341
S1132D70EC5869462078FEF79BFC002800D1B0E6A9
S1132D802671B4E604266B46A65709221E7040F24B
S1132D908C23EC5869462078FEF78AFC002800D181
S1132DA09FE6E834DBE740F2F41362689A4200D904
S1132DB097E69833EB58EC3396E740F28C23EB58C4
S1132DC022791900F0310A701A7390E640F28C23CC
S1132DD0EB586268FC339A6289E640F28C2362689D
S1132DE0EB581A6483E640F28C26AB591B78052B0A
S1132DF008D1424923790A789A4203D006200B70FD
S1132E0001F0AEFAAB5900201A000021A132FF32C2
S1132E1010605160694603220A71002218780092FA
S1132E20FFF742F92379A9595A1E934140F22D1212
S1132E308B545CE640F28C23EB582279180040F264
S1132E402811443002B1012202705A544FE640F274
S1132E508C232179EA58CF3BD15448E6284BA288E9
S1132E601B689A8043E6264B1B6854E722790F2A95
S1132E7000D936E640F28C23E958613BFF3BCA5443
S1132E802C3BFF3B934040F290128B522FE6227969
S1132E90072A00D925E640F28C23EB58FF339A72B7
S1132EA025E640F28C232079ED5809F0BBFDFC3572
S1132EB068621CE62279012A00D912E640F28C23CA
S1132EC0EB58FF339A7712E62279012A00D908E6F3
S1132ED040F28C23EB58FF335A7708E6084B6268BC
S1132EE01B681A6103E6064B62681B68DA60FEE53C
S1132EF00220EEE502580020005800200440002083
S1132F00A053002010B58AB0FDF74AFBC0B20128D7
S1132F102CD16B469C1D210002A8FDF765FB002304
S1132F20E15E052922DCC9B20298F9B1FDF718FE69
S1132F3003004CF25C12F53BFF3B9BB2934215D865
S1132F4027236A4684B203A813730494FFF75CFD35
S1132F5050B928236A46137340F2E83303A8E418EF
S1132F600494FFF751FD10B1FEF7C0FD04200AB030
S1132F7010BD000030B58BB0FDF712FBC4B2012CBC
S1132F801AD16B469D1D290002A8FDF72DFB0022D6
S1132F90AB5E012B10D1029B1B785BB2302B0ED0A1
S1132FA0312B09D16A46432303A813731474FFF722
S1132FB02BFD30B1FEF79AFD04200BB030BD002488
S1132FC0F0E7024B3B331C70F7E7C04694510020F6
S1132FD010B58AB0FDF7E4FAC0B2012819D16B46E6
S1132FE09C1C210002A8FDF7FFFA23880421029A01
S1132FF001A8FDF72EFD030060B95222019B03A82E
S11330001BBA43600270FFF7FFFC030010B1FEF728
S11330106DFD042318000AB010BD10B58AB0FDF789
S1133020BFFAC0B2012819D16B469C1C210002A82A
S1133030FDF7DAFA23880421029A01A8FDF709FDB5
S1133040030060B95322019B03A81BBA43600270BA
S1133050FFF7DAFC030010B1FEF748FD0423180063
S11330600AB010BDF0B58BB01E0010AB0C001F7879
S113307000900192F1B3009B0A20E3B301251022D2
S1133080002106A808F0FAFA1022002102A808F08C
S1133090F5FA02AB981D31001D705F7105F01AFD41
S11330A00A2002AB1199C01805F014FDEAB213010D
S11330B0103BDEB202ABDA7301351021019A06AB84
S11330C002A8ADB2FFF706FCB8B9211C102C00DD34
S11330D010210022009B09B29B1906AF1878D65D17
S11330E001327040187001339142F7DC103C24B275
S11330F0002CDBDC00200BB0F0BD0F20FBE7000050
S113310010B5074B04001B68DB7813B10548FEF7C4
S1133110ADFC2000FEF7AAFC0348FEF7A7FC10BD97
S113312008400020E4CA0000BDCC0000037837B595
S11331300400022B43D84578002D40D1037B13B300
S11331402548FFF7DDFF2548FEF790FC237BAB42C3
S113315036D82348FEF78AFC00220321E078FEF7E4
S1133160C1FE1F48FEF782FC00220121607CFEF7AD
S1133170B9FE1B48FEF77AFC00220A21206AFEF7FA
S1133180B1FEFEF79BFC174B3F331B78012B16D186
S11331901548FFF7B5FF1148FEF768FC002203212C
S11331A00E23E05EFEF79EFE0D48FEF75FFC102046
S11331B0002203212056FEF795FEFEF77FFC37BD63
S11331C0A1680122491901A8FDF722FC013501A8D3
S11331D0FEF74CFCEDB2B9E7ECCB0000E7CA000007
S11331E0F2CB000094510020F4CB0000F8B5057830
S11331F00400032D16D0082D38D065B92748FFF7F1
S11332007FFF2748FEF732FC63782BB92548FEF789
S11332102DFCFEF753FCF8BD082B01D12248F6E73C
S11332202248F4E7224B1E78B307F4D52148FFF770
S113323067FF1B48FEF71AFC67789FB93A0029001C
S1133240207CFEF74FFE1C48FEF710FC3A002900D4
S1133250607CFEF747FEFEF731FC02239E43144BCD
S11332601E70D8E71548FEF701FCF4E7104E3578D8
S1133270EB07D0D51248FFF743FF0948FEF7F6FBEA
S1133280637843B90F48FEF7F1FBFEF717FC0123FF
S11332909D433570BFE70948F5E7C046FACB000007
S11332A0E7CA000000CC00000ECC000020CC0000D7
S11332B0E54E00202CCC0000F2CB000035CC000001
S11332C041CC0000CBCC000010B5040088B0032032
S11332D0022C09D86A46002301A813711472FFF75F
S11332E093FB08B9014B5C7208B010BD94510020E7
S11332F013B5FDF755F9C0B2012815D16B469C1CD6
S1133300210001A8FDF770F90022A35E012B0BD167
S1133310019B18783038C0B2022805D8FFF7D4FFD3
S1133320030010B1FEF7E2FB0423180016BD0000F1
S1133330042330B589B001AC23700500200005F0EA
S113334065FD23799D4220D045B9042320002370D4
S11333502571FFF759FB60B109B030BD2D232370EF
S11333600B4B20001B782371FFF74EFB0028ECD099
S1133370F2E7084B3E331D703DB92D232000237026
S113338005F044FD2279024B1A700020E4E7C046A0
S1133390E44E00209451002013B5FDF701F9C0B2AA
S11333A0012816D16B469C1C01A82100FDF71CF9CD
S11333B00023E05E01280CD1019B1B785BB2302B0B
S11333C00AD0312B05D1FFF7B3FF030010B1FEF78C
S11333D08DFB0423180016BD0020F4E730B50A4C19
S11333E0050023003E331B78002089B04BB96A46A0
S11333F02D3301A813711572FFF706FB08B9403489
S1133400257009B030BDC0469451002013B5FDF7B6
S1133410C7F8C0B2012818D16B469C1C210001A832
S1133420FDF7E2F80023E15E02290EDCC9B201983F
S113343059B1FDF795FB83B20F2B06D8C0B2FFF745
S1133440CDFF030010B1FEF751FB0423180016BD95
S113345070B52423050088B001A80C0003704560F2
S1133460FFF7D2FA0600054B2900054862001C70DC
S1133470FEF7B0FD300008B070BDC046D751002043
S1133480D8510020F0B589B005AD0C2200212800E8
S113349008F0F4F8FDF784F8C3B20193062B2CD995
S11334A000260420164B1B7A053B5A425341D9B2DD
S11334B09E4206D830B92800FFF7CAFF10B1FEF7C4
S11334C015FB042009B0F0BD02AB9F1D390004A810
S11334D0FDF78AF83B8803AF02213800049AFDF710
S11334E0B8FA0028DED13B8862005BBAAB520134E3
S11334F0019BE6B2B342E7D8D4E700240420F7E7FF
S1133500945100200B6802781B0E534003700B6823
S113351042781B0C534043700B6882781B0A53405B
S113352083700B68C2785340C3704B6802791B0EDA
S1133530534003714B6842791B0C534043714B68F1
S113354082791B0A534083714B68C2795340C3711B
S11335508B68027A1B0E534003728B68427A1B0CF1
S1133560534043728B68827A1B0A534083728B6880
S1133570C27A5340C372CB68027B1B0E5340037361
S1133580CB68427B1B0C53404373CB68827B1B0A82
S113359053408373CB68C27B5340C37370470000AE
S11335A003000449103302788A5C027001309842A7
S11335B0F9D1704728D30000F8B50C00060008784C
S11335C0FDF754FB677805003800FDF74FFBA3783F
S11335D0E2787B4053405D40684030706078FDF78E
S11335E045FB27780500A0784740FDF73FFBE378CB
S11335F05F407D406840707063782778A0785F40B2
S1133600FDF734FB0500E0784740FDF72FFB7D40D4
S11336106840B07027783800FDF728FB63785F4076
S1133620A3785F407840C5B2E078FDF71FFB4540C2
S1133630F570F8BDF0B5437B87B001938378457A84
S11336400293C379877A03934378C1780493C37A46
S1133650C67B05934379847B4370019B82794372D3
S1133660029B87708372039BC670C372049B45716F
S113367043738471C1718273059BC37307B0F0BD3A
S1133680030070B5002504000833DB6F05609A68F9
S113369018685269904728006560A56070BD41B103
S11336A0436813B14368022B03D104234360033BF3
S11336B083607047EFF31081012383F31088074B75
S11336C01A6812B11A68013A1A601A681AB9044BD6
S11336D01A7080321A7081F310887047805200206B
S11336E040030A40F8B50400FF25FEF72BF9002239
S11336F020880A4E93B2984202D8FFF7DBFFF8BD48
S11337006168D300C9188F8809683B0A1B012F40E0
S1133710DB1989B25B0099530132EBE700020A40DE
S1133720436810B5C4681A78FF21436904B1E15CA9
S11337308468520001331153436110BDF0B585B064
S1133740FDF7AFFA204B8000C45863681D78A36866
S11337506A009B180122FE33598811420AD05A810B
S1133760042301A801950371A36A8360636A9847DF
S113377005B0F0BD5B8A1E009FB21640134202D012
S11337806369012B02D92000FDF750FB6269E369EC
S11337909A4203D22000FFF7C3FFE9E736B10123C1
S11337A088359F43A3686D00EF52E1E7636801A881
S11337B01B78019301230371A36A8360636A013454
S11337C09847E677D4E7C046C04D002040F20A226D
S11337D030B50F4B995C8909814218D040F20B2413
S11337E001211D5D29431955022805D0995C8909D9
S11337F0022901D08021995440F20A2240F20B217F
S11338008001C0B2985401205A5C82435A5430BD9E
S113381000C07E40484A494B70B59A600122484B2B
S1133820484C1A7040F6FE03474A0025E252474BC3
S1133830474ADD601A60474A5A6048F200029A60BB
S11338401A61FDF733FC40F600031A2240F6240106
S1133850E254635C8BB1404B4048DA680240DA6062
S1133860DA687F263E48C27A3240C2728022D86823
S113387012040243DA60DB68655440F60C03E25C30
S11338800AB10022E2540320FFF7A0FF002240F611
S11338900803E25440F61202A35CDB07FCD540F6B1
S11338A023030121E25C8A43E254E25C9207FCD4E4
S11338B040F621030121E25C8A43E254E25C920770
S11338C0FCD440F620020121A35C8B43A354A35CE7
S11338D09B07DB0FDDB2002DF9D1022640F618025A
S11338E0A6540132A3540132A354FDF7DFFB300088
S11338F0FFF76CFF40F6FE031A4A2800E252FDF778
S11339005FFDFDF7D3FB184B184A19481A60FFF7FF
S1133910E9FE0120FDF754FD164E174BF61AB610BA
S1133920AE4201DC05F000FF134AAB009B181B6894
S113393098470135F4E7C0460000000000ED00E0C0
S113394090C07E4000E0014003A5FFFF804C0020B2
S11339500048E80100093D00FC6F0440FFFF7FFFC1
S1133960002C0A4000A5FFFFA44D002054524F50E4
S11339704CD100009CDD000098DD000001380028D7
S1133980FCD1704740F2E8320023484310B50021CF
S113399008F064FB054B1A68054BB3FBF2F3B0FB6C
S11339A0F3F0800808B1FFF7E9FF10BDBC4D00201B
S11339B000CA9A3BF0B585B00193002383770300D6
S11339C008330400D86F83680068DD6802AB0733EE
S11339D0A8470500E0B90600A37F104F33B90121C1
S11339E001360800FFF7CEFFBE42F5D1230058335D
S11339F01A7801990A70BE420DD01A78022A07D0AB
S1133A001A78032A04D040F2F4151B785934237031
S1133A10280005B0F0BD1425FAE7C04640420F0067
S1133A200223F0B5060085B002AAD371C26804006F
S1133A3015004BF6AD678836336801919B1808353D
S1133A40436163699D421BD2019BB3B102AB042263
S1133A50290020000733FFF7ADFFA0B902ABDB79E3
S1133A60022B0DD0A1693368CA6828880A32520033
S1133A709B1A834209D2212003E0A36E9D42F1D117
S1133A800020A566256105B0F0BD0322EB1D1B18BF
S1133A9093435A88BA42EED11A884869E1685200C1
S1133AA0691A11521A881D1DE265CAE710B504008F
S1133AB0436E0021C36083691A6958690132520058
S1133AC007F0DCFD00212000FFF7AAFF10BDF8B5C8
S1133AD004000325836949005869626E435A2669C4
S1133AE09B18E3671B88221D0B33AB43D367E26843
S1133AF09B19B71A475221008831096800205218CF
S1133B00934205D92000FFF7D1FF01236560A3602C
S1133B10F8BD10B504008369616F1A6901319142DF
S1133B2000D9002161675A694800825A002AF3D0FB
S1133B30236F8B4207D02000FFF7C9FF10B9200084
S1133B4004F082FF10BD23692000A367FDF797F8F6
S1133B50F8E7F0B584680023250087B00093037864
S1133B6058352B70A3681BB90133A37707B0F0BD98
S1133B702B78012B00D0DCE0A0680238082800D99B
S1133B80B3E008F0F3F9058B359FB8B2B2B2C000C8
S1133B9023690325043301932361230048331B88DD
S1133BA0E76C1A002A40A56002922B420AD1A56054
S1133BB0220039000832D06F82685568019A006883
S1133BC0A84739E0032B0FD826008C3604220021A5
S1133BD0300007F053FD39003000029A08F009F86C
S1133BE037000423A560E3E70422AB43A260DFE7C8
S1133BF0230048331E882500032733008C35BB433C
S1133C00042200212800A760019307F037FD320049
S1133C10019BE16C3A40C918280007F0EAFF2269C9
S1133C20019B29009A1823000833D86F2261836806
S1133C3000685E680423B04701002000FFF72FFDF1
S1133C40A368012B00D091E7230090331A68002A5F
S1133C5000D18BE76368002B00D084E0A368013BAC
S1133C60591E8B41DBB204A90B70230094349833A2
S1133C701B6820684B60002877D003780093436862
S1133C800393030060C960C390472368002B00D1ED
S1133C906CE7009A1A70039A5A6067E72300483366
S1133CA01B8821695A189B0700D00A1D0523A360AD
S1133CB0230021000833D86F2261836850315D6886
S1133CC004237CE72300210050331A882369E2652A
S1133CD0043323614A310888A1695200496950526A
S1133CE0626822B90132A260A3660020A4E7200022
S1133CF0FFF70FFFA0E7231DDB6F2000002BF7D099
S1133D0004F0A2FE98E7230088331A68E368616E22
S1133D109B18636100232377A36F120A23610B238B
S1133D20A36023000833D86F836800689B689847B2
S1133D3082E72B7823B9009B63600123A360D4E757
S1133D4063680098022B05D1A3680B2B02D02000D6
S1133D50FFF7ACFE23002A7859331A7004236360FA
S1133D60033BA36068E763687CE708008CE7000016
S1133D70030070B50026083386770400D86F836883
S1133D8000689B689847050048B1280070BD012170
S1133D900800FFF7F7FD0A4B01369E420DD0A37FC2
S1133DA0002BF4D0230058331A78002AEDD01B7866
S1133DB0593440F2F4152370E7E71425E5E7C046CB
S1133DC040420F008369F0B51A6905000132586951
S1133DD05200002185B007F051FC00234FF6FF721A
S1133DE0AB77EA65EB600193AB6901995A6891423C
S1133DF001D300243BE02F008837019A3E681B68FA
S1133E005643F61802AB0822310028000733FFF7A7
S1133E10D1FD040058BB02ABDB79022B14D102ABF9
S1133E20310028003A680733FFF7C4FD0400F0B9F5
S1133E3002ABDB79032B43D13A68120A3100280024
S1133E40FFF796FF040011E04BF6AD62F38893424E
S1133E50F2D1E96899B33A6830680B68120A98425B
S1133E60ECD92800FFF784FF0400EE6044B3EB684C
S1133E704BBBAB6929001A689B688831D2182B00A8
S1133E8009680833521AEA609CBB22492C64D9871A
S1133E902900D86FAC77836840315C6800680823D8
S1133EA0A047040028BBAB7F33BB01210800FFF708
S1133EB069FD194B01349C42F5D1142426E0EE60CF
S1133EC0019B01338FE7212C0ED101260023012110
S1133ED02800AB83FFF7A4FD0400212816D0A8B95D
S1133EE02EB90123AB6011E084B90026EEE721244A
S1133EF00CE0212C0AD1E8E72B0058331A78012A68
S1133F00F3D040F2F4141B7859352B70200005B01F
S1133F10F0BDC046ADBEFFFF40420F00F7B5020042
S1133F200B6A08321B6881610400D36707000192A1
S1133F3048688A688837B2FBF0F23B483A606064AC
S1133F40606520000022394D903025658D69C9696E
S1133F502264A264E26481602100943105600A60F5
S1133F609A6803CB126890470600002845D1A060E8
S1133F702000FFF727FF0500212844D10223310048
S1133F80A0696360036926669C4643694A009A5A9D
S1133F9012B901316145F9D90368E5683A68806866
S1133FA0AF181818874200D03B00D2186566E3604A
S1133FB062618C4523D3083323618BB220002367CD
S1133FC06367FFF784FD050080B9200004F03CFD21
S1133FD0050058B9A368012B1FD001210800FFF781
S1133FE0D1FC134B01359D42F4D11425019B2E00C5
S1133FF0DB6F9A681868526990473000FEBD200054
S1134000FCF73DFEE4E70028F0D1E3681B68236475
S113401000236360074B2360EFE76368042BF4D14C
S113402040F2F415E2E7C0460000ADBEFFFFADBEAE
S1134030404B4C004545565270B5274B88B09B7A8F
S1134040012B47D1032214000440024242D0250030
S11340501D401C4209D06A464A33137101A804F07A
S1134060D5FE6B461A891D4BDA80022634422FD0C6
S11340704C2301AC2370200004F0C8FE029A174BB5
S113408035439A6016491748FFF748FF040080B982
S1134090154E042130700623144A1248FDF72AF9FC
S11340A0040001000F48FFF7FAFA14B93378002B23
S11340B0FCD00C48FFF7E4FA20434242504103236A
S11340C0064A404203401D4013682B43136001E03D
S11340D0002DD7D108B070BD94510020E8500020C5
S11340E078D40000484E00204C5D0020EE500020A3
S11340F0002370B588B001AC2000237004F086FE64
S11341001E4D237920006B724323237004F07EFE3E
S11341102B0022793B331A7004232000237004F00F
S113412075FE2B0022793E331A701D232000237064
S113413004F06CFE2B0022791149413311481A70A6
S1134140FFF7ECFE010078B90F4E502330702A00BF
S11341500C48FDF7CFF8040001000A48FFF79FFA66
S113416014B93378002BFCD00648FFF789FA0748C6
S1134170FFF762FF002008B070BDC04694510020D4
S1134180E4D40000F85000204D5D0020FFFF030040
S113419070B58AB0FCF704FAC5B2012D1BD16B4689
S11341A09C1D210002A801AEFCF71EFA23880221FF
S11341B03000029AFCF74DFC040068B96A464B23B0
S11341C0368803A876BA13731682FEF71DFC040022
S11341D028B1FDF78BFC042420000AB070BD034B0A
S11341E02800DE80FFF728FFF6E7C046E8500020ED
S11341F070B58AB0FCF7D4F9C0B201281FD16B4660
S11342009C1C210002A801AEFCF7EEF923880321CF
S11342103000029AFCF71DFC040088B973783578E5
S11342201B022D041D43B37803A81D434C23456092
S11342300370FEF7E9FB040028B1FDF757FC0424E2
S113424020000AB070BD034B02209D60FFF7F4FE0E
S1134250F6E7C046E850002010B5FFF7EDFE10BDAC
S113426037B50400082268461B4907F0C2FC002C3D
S11342702FD11A4D1A492800FFF750FE040068B9DF
S1134280AB695B691B88E3B1EA6899189B5A4F2BA9
S113429019D950221348043107F0ABFC0F48FFF73B
S11342A0EFF9204320B150220F490E48FDF792FE4A
S11342B0082269460B4807F08BFC30B90B4B187188
S11342C037BD2224EAE70324E8E707F005F806F0FF
S11342D0EFFFFCF7B3FCF3E74ACC0000F8500020F2
S11342E0E4D400009451002028D40000E8500020B9
S11342F037B5FCF755F9C4B294B1012C19D16B460A
S11343009D1C290001A8FCF76FF90022AB5E012B6C
S11343100FD121000198FCF723FCC4B2012C08D86A
S11343202000FFF79DFF04F0F7FE030010B1FDF736
S1134330DDFB042318003EBD1F22430910401E3A32
S1134340824002499B005A507047C04600E100E099
S113435010B52120FFF7F0FF1D20FFF7EDFF10BD82
S1134360F7B507000C000025C9B3354E01A8FDF7C9
S1134370FFFA3278531CDBB233700AB9FDF7FDFA49
S1134380019B83F31088092F36D8380007F0EEFD1F
S1134390050A292D31393F4347512278294B1A7098
S11343A001250FE016250422210001A807F021FCB5
S11343B0019A254B196891423FD0013DADB20833B3
S11343C0002DF7D101A8FDF7D3FA3378013BDBB216
S11343D033700BB9FFF7BCFF019B83F310882800EF
S11343E0FEBD2278174B1A72DAE72278154B5A72FF
S11343F0D6E723782F2B01D90025E3E7114AD3729E
S1134400CEE723782F2BF7D80E4A1373C8E7227808
S11344100C4B5A73C4E722780A4B9A72C0E7094DD1
S11344202378AF7BAB7304F071F90028B8D1AF7374
S1134430E2E72278034BDA73B2E7024B5A60AFE744
S1134440385D0020A45B0020C0D60000F7B507004B
S11344500C00002679B3254D01A8FDF789FA2A78C6
S1134460531CDBB22B700AB9FDF787FA019B83F367
S113447010880026092F11D8380007F077FD0509A8
S11344801E2124272A2D3033194B1B78237004E076
S113449004222000174907F0ACFB012601A8FDF710
S11344A067FA2B78013BDBB22B700BB9FFF750FF97
S11344B0019B83F310883000FEBD0D4B1B7AE5E7AA
S11344C00B4B5B7AE2E70A4BDB7ADFE7084B1B7B9B
S11344D0DCE7074B5B7BD9E7054B9B7AD6E7044BBC
S11344E09B7BD3E7024BDB7BD0E7C046385D0020E3
S11344F0A45B0020A85B002073B5184D060001A83A
S11345000C00FDF735FA2A78531CDBB22B700AB97C
S1134510FDF733FA019B83F31088114B042E14D05A
S1134520052E18D0083307CC07C306CC06C301A850
S1134530FDF71EFA2B78013BDBB22B700BB9FFF7AA
S113454007FF019B83F3108873BD1C3307CC07C39B
S113455007CC07C3EBE722685A60E8E7385D002020
S1134560085B002073B51C4D060001A80C00FDF784
S1134570FFF92A78531CDBB22B700AB9FDF7FDF959
S1134580019B83F31088154B042E1AD0052E1FD0DF
S1134590032E0FD01B78237001A8FDF7E9F92B78BF
S11345A0013BDBB22B700BB9FFF7D2FE019B83F307
S11345B0108873BD2200083343CB43C203CB03C22C
S11345C0EAE722001C3343CB43C213CB13C2E3E715
S11345D05B682360E0E7C046385D0020085B00208C
S11345E0F0B5324D85B0070003A80191FDF7C0F97D
S11345F02A78531CDBB22B700AB9FDF7BEF9039B72
S113460083F3108840F28823294CE65C783BE35C12
S1134610DEB913B140F24923E7543800FDF75EF9DF
S1134620244B254A1B6863B940F289222023A15CEC
S11346300B43A35401F006FB01F072F801F0AAFB4E
S113464022E0934216D01B69EDE71BB140F24923E7
S1134650019AE2540198FDF741F940F28C23E358A2
S1134660E0331B78022B0FD040F289222023A15C77
S11346700B43A35440F28C23E358E0331B781BB95B
S1134680002ED9D101F066FBFDF72AF803A8FDF747
S11346906FF92B78013BDBB22B700BB9FFF758FE97
S11346A0039B83F3108805B0F0BDC046385D00203D
S11346B0D0530020345D00206C550020F0B5214C0F
S11346C087B0019005A81F0003920291FDF750F9ED
S11346D02278531CDBB223700AB9FDF74EF9059B0F
S11346E083F31088184D00212B00A4330020185E9A
S11346F004F02AFB0026019B985D04F041F9013681
S1134700029AB3B29A42F6D8039EF719BE4214D164
S1134710A4350023E85E012104F016FB05A8FDF78B
S113472027F92378013BDBB223700BB9FFF710FEA6
S1134730059B83F3108807B0F0BD307804F020F9AE
S11347400136E3E7385D0020DC5B0020C02307B5B9
S113475001A8038000231A000221FFF7AFFFFCF732
S113476023FE07BD10B50A4B1A78082A0DD840F26B
S113477041130124D340234207D0FFF7E7FF054B41
S113478021000020185E04F0DFFAFCF70DFE10BDD6
S113479007400020B45B002037B56B460C001500C1
S11347A0D871FFF7DFFF68462B0022000121073094
S11347B0FFF784FF6B46DB79842B01D0FCF7F4FD13
S11347C037BD000007B5104B01A9984206D90F4B1D
S11347D00B8002229820FFF7DFFF07BD0C4B9842A5
S11347E001D90C4BF4E70C4B984201D90B4BEFE782
S11347F00B4B984201D90B4BEAE70B4B9842E8D993
S113480046F66B73E4E7C04600E9A435E1E9FFFF2F
S113481080F8A932D7DBFFFF8044E52DC1C5FFFF37
S1134820000B6B1B7581FFFF40FC541937B5104B0F
S1134830104D18602B7804001BB9FFF7C3FF012348
S11348402B7043F60951B4FBF1F20B0041F684607E
S11348505343E31A9B031B18B3FBF1F392039B1816
S11348601BBA0422862001A90193FFF795FF37BDE7
S1134870D85C0020DC5C002013B5064B04005B7B95
S113488023B1019001A90520FFF736FE2000FFF7B0
S1134890CDFF13BDA45B002007B56B46D91D044BA7
S11348A00870187001228A20FFF776FF07BDC04602
S11348B0DD5C002013B50B4B1B788BB96B460122D2
S11348C0094CD91D80200A70FFF766FF40F61110CD
S11348D0E17A00F064F840F61210217B00F05FF8F2
S11348E013BDC046C85B0020A45B002007B50C4B79
S11348F00422972001A90193FFF74EFF00236A4683
S11349000720938001A90222FFF746FF7F236A460E
S11349108920137101A90122FFF73EFF07BDC0469C
S1134920020002800D2373B50D00160001AC237044
S1134930030A6370A070FFF715FF33002A000321F8
S11349402000FFF7BBFEFCF72FFD73BD07B5064B38
S113495001A91B7840BA088023B9022240F2BC6046
S1134960FFF7E0FF07BDC046DD5C002007B5064B3E
S113497001A91B7840BA088023B9022240F2BE6024
S1134980FFF7D0FF07BDC046DD5C002007B56B46CE
S1134990D971073301221900FFF7C4FF07BD10B511
S11349A0FFF7F4FF10BD000010B504000B4B1870A6
S11349B0587000F015F854B1342140F24070FFF7FC
S11349C0E5FF442140F24170FFF7E0FF10BD1421E0
S11349D040F24070FFF7DAFF2421F3E7095D00207D
S11349E0012010B5FFF758FF044B18785A7882421B
S11349F002D05870FFF7D8FF10BDC046095D0020F3
S1134A0010B5012806D00020FFF746FF0022034B13
S1134A105A7010BDFFF7E4FFFBE7C046095D0020B4
S1134A20F0B5254D87B0019005A81F0003920291AF
S1134A30FCF79EFF2A78531CDBB22B700AB9FCF7F3
S1134A409CFF059B83F310881C4E00213300A43384
S1134A500020185E04F078F90024019B185D03F02F
S1134A608FFF0134029AA3B29A42F6D8002003F0D1
S1134A7087FF039CC3B20193E719BC4215D1A43646
S1134A800023F05E012104F05FF905A8FCF770FF34
S1134A902B78013BDBB22B700BB9FFF759FC059B5C
S1134AA083F31088019807B0F0BD002003F068FF7D
S1134AB020700134E1E7C046385D0020DC5B002053
S1134AC073B56B4615000C00DE1DD871FFF74AFE66
S1134AD02B00220001213000FFF7A2FF0400FCF7A5
S1134AE063FC200076BD000013B501AC0122210057
S1134AF01520FFF7E5FF064B22781B7852085BB2BE
S1134B009B1A181C803301DA4FF6807000B216BD70
S1134B10A45B00201D2373B50D00160001AC2370A7
S1134B20030A6370A070FFF71DFE33002A000321FF
S1134B302000FFF775FFFCF737FC73BD13B56B4618
S1134B40DC1D01222100FFF7E5FF207816BD0000DF
S1134B5037B52A4B04001B780D00012B2CD10F28EC
S1134B600CD1274B0422952001A90193FFF714FED1
S1134B70231C5AB20E2A10DD0E230EE0214B042210
S1134B80952001A90193FFF707FE231C1134F0DAE5
S1134B904DF25E03C0F200031B7818215CB240F6AC
S1134BA0E700FFF7F3FE6B4602225D718E201C7155
S1134BB001A9FFF7F1FD37BD40F6D800FFF7BEFFAE
S1134BC01E210143C9B240F6D800FFF7DFFE0E4BA9
S1134BD00422952001A90193FFF7DEFD231C09346B
S1134BE007DA4DF25F03C0F200031B7838215CB290
S1134BF0D5E75AB2162AF9DD1623F7E70540002057
S1134C00060001010400010104070001F7B5214D6C
S1134C1001A8FCF7ADFE2A78531CDBB22B700AB94D
S1134C20FCF7ABFE019B83F310881B4B1E681B4BE8
S1134C309A88998897B28A42FAD101A8DC7AFCF75B
S1134C4097FE2B78E4B2013BDBB22B700BB9FFF774
S1134C507FFB019B83F3108847F6FE739F4202D8C3
S1134C60E40700D5103645F65E737B430193019B40
S1134C700B4A3000B3FBF2F30193019C40F2E8329B
S1134C800023002107F0EAF922000023801859418B
S1134C9003B0F0BD385D0020F851002000380A4010
S1134CA0A086010010B50400FFF7B0FF40F2E8321F
S1134CB0002307F0B3F92060A280200010BD00009B
S1134CC010B5FFF7A3FF154B40F2E83218605960A6
S1134CD00023040007F0A2F940F2E831104B1A68EF
S1134CE09B88121848431B19181A83B2013900B261
S1134CF0884203DD0B4901325B1818B20A4B1900D4
S1134D00FC310A6440F2401298522023074A117879
S1134D100B431370FBF7FCFD10BDC0467856002012
S1134D20C053002018FCFFFFD0530020C8530020BC
S1134D30F8B5150007000E001C00FFF767FF084BCD
S1134D40186059609F609E81DD811C7411230549A0
S1134D500A789A4313430B70FBF7DAFDF8BDC0469B
S1134D60A8530020C853002010B5FFF74FFF0B00D5
S1134D700A4902008868C968994202D809D1904258
S1134D8007D9121A8B4101204042C117801859419A
S1134D9010BD121A8B4110001900F9E7105D0020B4
S1134DA0F0B5644E87B00191B388B1889AB28B4252
S1134DB0FAD145F65E7353430593059B5E4A5F4CF7
S1134DC0B3FBF2F30593059B277802283ED09AB2F1
S1134DD003920292032860D000231D00012F21D1E9
S1134DE02375FFF713FF019B029A236143F6806347
S1134DF09B1A019A9BB2A060E160A3830AB90023C5
S1134E000FE043F67F62019991421CD80A008B425D
S1134E1019D90423039923708C466B4662449B88FA
S1134E20226101252269002A50D1B37904329343C7
S1134E30B37107232370237D002B00D16FE001237E
S1134E402375237068E002232370D8E7022F0BD167
S1134E50A28B23699B1A01252361394B22699A424B
S1134E600ED9002323610BE0032F03D12369354AB4
S1134E709B18F0E7043F0025022FEED82561013589
S1134E8043F67F622369934203D804229BB22270C3
S1134E90C8E7032323700023C4E7052F11D1236936
S1134EA0039A93420AD9029A01259B1A40F2D072BE
S1134EB09BB29342B6D804222270B3E70023236145
S1134EC09DE7062FFAD000231D00ABE721780429C3
S1134ED01FD1B2798A43B27140F2D072934204D99D
S1134EE00523237001235B420CE0062121709342C9
S1134EF0F8D06422DB03B3FBF2F35A3A0533B3FB75
S1134F00F2F39BB273801B23F372B279173B134302
S1134F10B3712378072B8ED0280007B0F0BDA369A6
S1134F2003B198471020FCF765FD2378072BF3D1D4
S1134F3085E7C04600380A40A0860100105D0020C5
S1134F400000FFFF80C1FFFF002210B5044B04687E
S1134F501A70FBF727FD21000120FFF721FF10BD88
S1134F60305D0020F0B587B0040005A8FCF700FD13
S1134F703F490A78531CDBB20B700AB9FCF7FDFCFD
S1134F80059B83F310883B4E37683D00002D3AD1D2
S1134F90636825722360FFB13B7A002B37D0FFF79B
S1134FA0E3FE2B003A6800920193A94203D18242A6
S1134FB001D90090019500980199121A8B41009231
S1134FC00193019B256813B9009BAB4223D9009B35
S1134FD05D1B00233D603B72012320002761237287
S1134FE03460FFF7B1FF05A8FCF7C2FC204A137830
S1134FF0013BDBB213700BB9FFF7AAF9059B83F3EE
S1135000108807B0F0BDAC42EDD02D69BEE73B6817
S113501001950093D5E73E692EB9009BED1A2560F2
S11350203C612661DFE73268019B00980199121800
S11350304B410BB9954208D2009B009AEB1A2360AE
S113504033689B185B1B3360EAE7316921B9AD1AF9
S1135050256034612161C6E70868370002900020AA
S113506003900E000298039900920193DFE7C04673
S1135070385D0020345D002070B5124C236843B1C4
S1135080002201251A601A720023206858B903B15E
S1135090206070BDC1682B00026911B1226088478D
S11350A0F2E71000F2E70268002AF3D03BB9037A72
S11350B0002BEED101230372FFF746FFE9E72060DE
S11350C0F5E7C046345D0020F7B52E4D040001A875
S11350D0FCF74EFC2A78531CDBB22B700AB9FCF7A0
S11350E04CFC019B83F31088274E33686BB901A8ED
S11350F0FCF73EFC2B78013BDBB22B700BB9FFF7BE
S113510027F9019B83F31088F7BDA3422DD1237A9D
S11351100BB3FFF729FE8C4600212768217224690E
S1135120ACB13A0034600B003E000F00614502D17F
S1135130824200D90600921BBB4111002368200063
S11351405B18236001232372FFF7FEFECFE7346070
S1135150FBF728FCCBE723692BB1216833601A687D
S113516052181A60C3E73360C1E71A001B69002BA9
S1135170BDD09C42F9D1236921681361002BEED183
S1135180B5E7C046385D0020345D00200122F0B54B
S11351902E4BA5B0079003915B7B0192002B00D1AD
S11351A06AE114AB9C1D21000220FFF7DBF9237890
S11351B0019323B103230193019825B0F0BD182274
S11351C001991EAC18A806F059FA21000420FFF733
S11351D0C9F9052016A9FFF7C5F90023E75E209B4E
S11351E008931F9B0993219B0A9317B3012F29D17D
S11351F039000898FBF788FA0590154CFBB203991F
S1135200F8B20E93FBF7CEFF23000B9048331B78C4
S1135210104E1093169B0C9318AB04930023029327
S11352206B461B7A0693069A109B934214D8652307
S1135230C1E742F21071099B5A000A9B5B189B1844
S11352400593DAE701235B42FAE7C046A45B00203A
S1135250085B0020A45A00203379002B00D1DDE143
S1135260069A05990C98FBF76BFA049B12901B881D
S113527009980F93012F03D100210898FBF744FAF2
S11352803568D44A2B002A331B78D249DB009A5C58
S11352905B18119200221393119BD1B2994200D250
S11352A077E104226B690B998B429B410F995B4216
S11352B01B0119430B00129919430A43049B95B22D
S11352C01D80002D00D0A9E1236C002B00D17BE1CF
S11352D0A31DDB8FC04ADB00D3581B8D049373B32B
S11352E0FFF794FCA66BE76B236C1A009C462B001B
S11352F092197B4102260027B6185F418F4200D9DC
S11353005FE102D1864200D95BE102267642F717BB
S1135310B61A9F4136184F41A31DDB8FAE4ADB00FE
S1135320D3586046198DFBF729FA01230FB9B0420F
S113533000D800235B019BB20493236C8BB3A31DA1
S1135340DB8FA54ADB00D3581B8B53B3FFF75EFCFE
S1135350A26BE36B0F0000210600206C80185941FA
S11353600222002312184B41BB4200D92EE102D184
S1135370B24200D92AE102225242D317121A8B41B7
S113538092197B4110001900A31DDB8F924ADB00A8
S1135390D3581A8B012309B9824200D800239B01F8
S11353A09DB2049B18AF2B431D00029B5B0004932A
S11353B0DD53CDBB029BDE00874B9A5940F2E733A5
S11353C0D2699A4230D917A90120FFF73FF814AAED
S11353D0D11D2800FFF73AF87F4B01209959243159
S11353E0FEF7BEFF7C4B711DC9182800FEF7B8FFFD
S11353F040F2E831784B0E989A59D369B3FBF1F334
S11354002021525E9BB20C9900F002FD060017A900
S11354100120FEF7A5FF14AB2800D91DFEF7A0FF5D
S113542016B98023049AD353029B18AA5B009B5A93
S1135430002B00D0E8E0FFF7E9FB0B9B069A2364FE
S1135440A31DDA87029B644AA063E163DB00D3589F
S11354501EA91B7C887889781A1C49B25BB28B42DE
S113546000DD021C00234734E35650B2834203D0CC
S113547002212270FFF76CFB079B002B00D19BE6F7
S113548040F20121554E080003F06CFA3278544B77
S1135490012A00D0CAE0C733039A1EAC1A7003F085
S11354A0F7F90E232380FFF75DF902212000039B07
S11354B0079AFFF703F90025FBF776FF0422494B0F
S11354C049481A70FFF700FEFFF7F4F903222100A0
S11354D083202580A570FFF75FF9444C444B2000DE
S11354E01F68FFF7F1FD200027606760FFF73AFDB2
S11354F00422404B404C37781E682368134234D052
S11355003E48FCF7B3FA2A0003213800FCF7EAFC12
S11355103B48FCF7ABFA2A000321207EFCF7E2FCAF
S11355203748FCF7A3FA2A000A21E069FCF7DAFC01
S11355303348FCF79BFA2A000A21206AFCF7D2FCC4
S11355402F48FCF793FA2A000A213000FCF7CAFC22
S11355502B48FCF78BFA1F20631D18562A000321E1
S1135560FCF7C0FC2748FCF781FA2368DA0709D561
S1135570079A0399226322003432117022002C32DC
S1135580A66217705B0602D5042338342370002307
S113559011E6139B59680D910C210D9B51439C46B8
S11355A08C44595EB94208D1634659680A9B8B42C0
S11355B003D163469968814201D001326CE600222E
S11355C070E600260027A7E60495B6E60020002131
S11355D0DAE6C04600D60000A45A0020DD5C0020B4
S11355E0DC5B002007400020E05C0020F45C00202D
S11355F0585B0020D85C0020645B002053CC000082
S1135600F2CB0000E4CA00006022134201D06623FA
S1135610D1E51B0600D40AE66723CCE5029B0836D5
S113562001330293049B02330493F9E5C03333E757
S113563070B540F2E836114B0D005C7B56430323F2
S1135640CCB9FFF7F3F828000221FFF781FAFFF73E
S113565031F921002200D120FFF79EF80422084DE1
S1135660084B28001A70FFF72FFD28002E606E608B
S1135670FFF778FC2300180070BDC046A45B00202F
S1135680F45C0020074000201FB56B46D871134816
S1135690FFF71AFD1248FFF717FD6B460122D91DCB
S11356A08020FFF779F86B46DA790E4B9AB901320C
S11356B069461A70202393200B7303A9FFF76CF833
S11356C001236A465B429381022203A91000FFF77B
S11356D063F805B000BD02221A70F1E7F45C002003
S11356E0E05C002007400020002010B5FFF7CCFF4D
S11356F0034B1B6813B15B6803B1984710BDC046E8
S11357000C5D0020002010B5FFF7BEFF034B1B68A3
S113571013B1DB6803B1984710BDC0460C5D00208F
S113572010B50A4B0A4C987AFFF7AEFF23685B0664
S11357300AD5383423783BB10648FCF797F9064874
S1135740FCF794F90023237010BDC046A45B00202D
S1135750645B002058CC0000E4CA0000F0B591B0AE
S1135760079317AB1B881700019318AB1B880AAA71
S1135770029319AB1B78039104931AAB1B780400B2
S113578005931BAB1B78069331239B18DB7F09938E
S113579035239B18DE7F9A4B5B7BB3B10AAB0021A8
S11357A0981D122205F06AFF039B0BAD2C800C930D
S11357B0079B0D972B73019B2900EB81049B03200E
S11357C02B74069B6B74FEF797FE8E4B1E70734210
S11357D05E41029B764233400293049B0BB9FF3334
S11357E00593894B059A1A7074B1012C00D16BE0B2
S11357F0864B1A68920704D0039A9F601A71029A22
S11358009A81002011B0F0BD814D0AAB991C012290
S11358109F200C70FEF7C0FF2B00E8331C702B0098
S1135820EC331F602B000B22F43303981A70FAF741
S1135830F1FE2B00F53318702B00B8331C70019B5C
S11358400499DA002B00BA331A802B0041F60402C3
S1135850BC331A802B00BE332A001C700123BF32D4
S1135860594011702A000599C0321170069A02B18C
S1135870F1332A00C13213702B000122C233E83500
S11358801A70FFF74DFF2878431E9841C0B2FFF706
S1135890B7F802F0ABFF02F0FBFF5E4908222431A7
S11358A00BA806F0A6F9082240F2C0600BA9FFF786
S11358B039F802F083FF41F64073029A5343B3FB75
S11358C0F7F3554A136093E70AABD91C0023504DF4
S11358D022009F200B70FEF75FFF2B00E8331C7043
S11358E02B00FEB2F833039A1E704C4B39009B5CBC
S11358F01000053E0893FAF7D3FE012E07D86B4635
S1135900019A9B880C2A00D20C239BB201932B0092
S1135910089AF9331A702B00079AFA331A702B007D
S1135920FB3318702B000122B8331A702B00019A34
S1135930C4331A802B00049AC6331A702B00059ABC
S1135940C7331A702B00069AC8331A702B00099AB1
S1135950C9331A70FFF7E4FE2B00E8331878431EAE
S11359609841C0B2FFF74CF802F040FF02F090FFFC
S11359706B461B7A01936B46019A1B79F82A04D96A
S11359804DF26003C0F200031B780133DBB25B10FD
S1135990DEB21F2B2DDD0336B6083200630001335F
S11359A09A400BA90A70A0200122FEF7F5FE019B84
S11359B033B1F600A11940F20670C9B2FEF7E6FF52
S11359C0C9352B78042440F23670012B13D1FFF72C
S11359D0B5F8A043C1B240F23670FEF7D7FF029A81
S11359E0534253410E4A5B4213404FF6FF729B18D9
S11359F067E70024D1E7FFF7A1F80443E1B2EAE73F
S1135A00A45B0020605B002006400020645B002053
S1135A10DC5B002078D700005C5B002058D60000D7
S1135A200100FFFFF0B58FB0019314AB80CB02915E
S1135A301B780592069316AB1E8817AB1B780500DE
S1135A40039318AB1B7804931BAB1B780793754B1C
S1135A505B7BF3B108AB15220021D81C05F00EFEC8
S1135A60029A08AB9A701D80059B069A0993019BC4
S1135A700B970A9308AB1A74039A19001A75049ABF
S1135A805E825A750420FEF737FD674B029A47334E
S1135A901A704DB1012D57D040F68900FFF74EF82A
S1135AA004210143C9B2A1E0604C0B222300E83376
S1135AB01D702300EC331F6023000198F4331A7027
S1135AC0FAF7A8FD2300F53318702300059AF03384
S1135AD01A602300B8331D702300F600BA331E8009
S1135AE0230041F60402BC331A802300BE33220093
S1135AF01D7001230399BF3259401170049A02B1F9
S1135B00F1332200C132137023000122C233E8347E
S1135B101A70FFF705FE2078431E9841C0B2FEF7C5
S1135B206FFF02F063FE02F0B3FE41490822243104
S1135B3008A806F05EF8082240F2C06008A9FEF743
S1135B40F1FE02F03BFEA7E7384C019A2300E8334C
S1135B501D702300FDB2F8331D70364B39009B5C79
S1135B601000053D0593FAF79BFD012D04D8331C65
S1135B700C2E00D20C239EB22500059BF9352B7008
S1135B802300069AFA331A702300FB33187023009B
S1135B900122B8331A702300C4331E802300039AF1
S1135BA0C6331A702300244AC73312781A702300AC
S1135BB0049AC8331A702300079AC933E8341A7058
S1135BC0FFF7AEFD2078431E9841C0B2FEF718FFE0
S1135BD002F00CFE02F05CFE2B78062B00D05BE793
S1135BE040F68900FEF7AAFFFB21014040F6890038
S1135BF0FEF7CCFE02210298FEF7AAFF0F4B1C9A77
S1135C001A6005220E4B1968114207D0019ADF6110
S1135C101A761C9A1A62029A0533DA7700200FB0BA
S1135C20F0BDC046A45B0020085B0020DC5B0020C4
S1135C3078D7000058D6000006400020585B0020AA
S1135C40645B002073B51C4E3578082D29D10022E1
S1135C501A4B01245A701A706B462200D91D9D20DC
S1135C600C70FEF799FD164B1B78A34201D1FEF789
S1135C703DFE6B460122991D96200C70FEF78CFDAB
S1135C803470104C23685B060AD5082D0FD10E48DA
S1135C90FBF7ECFE0D48FBF7E9FE012338342370D3
S1135CA073BD002DEDD12800FFF7EEFCE9E7002DD0
S1135CB0F6D10748ECE7C04607400020095D002004
S1135CC0C85B0020645B002067CC0000E4CA0000CD
S1135CD07FCC0000002213B51100041CC020FEF785
S1135CE0EFFE60231840202802D00020FFF7CCFCF0
S1135CF0134B00210020185E03F026F86B46A20720
S1135D00D91D6307DB0FD20F52009B001343E20738
S1135D10D20F1343842001220B70FEF73DFD0421B2
S1135D200B00084A2340214202D00023137013BD04
S1135D3008211170044A1370044A1360044AF5E7F9
S1135D40B45B002007400020DC5C0020D85C00200D
S1135D50DD5C002010B504200B4CFFF7BBFF40F2C4
S1135D60E8310220FDF70EFE23685B060BD53834BC
S1135D702378022B07D00548FBF778FE0448FBF78D
S1135D8075FE0223237010BD645B002097CC0000D5
S1135D90E4CA000010B500200B4CFFF79BFF40F253
S1135DA0E8310220FDF7EEFD23685B060BD538349D
S1135DB02378032B07D00548FBF758FE0448FBF76C
S1135DC055FE0323237010BD645B0020A8CC0000A3
S1135DD0E4CA0000052213B504000B4B0B481A70EB
S1135DE0FFF772F9942140F6AC00FEF7CFFDFEF701
S1135DF061FD01A9230C0B700322230A82204B703E
S1135E008C70FEF7C9FC13BD07400020F45C002031
S1135E10F0B587B0049102920593322B00D9CFE0FC
S1135E20694C00212600F5363378080003932300DB
S1135E30F9331D7802F096FD644B1B780193012B16
S1135E4057D1634B5E683EB933006249DA00521899
S1135E501168A94249D15668FFF762FC0020FEF799
S1135E60CFFD23000025E83330001D70FAF7D2FB84
S1135E702300F533187002F0B9FC2300B8331D7009
S1135E8002F006FD0498FEF7F7FC5348FFF7A2FF63
S1135E90524BDD88ADB22800FAF774FD0028FAD021
S1135EA0FEF722FE029B05000027984232DA40F2F8
S1135EB0E837059B5F43494BDB889BB20593FEF7AC
S1135EC013FE029B0500984223DA0598FAF75AFD5F
S1135ED0BBB29842F3D3FEF707FE029B05000127ED
S1135EE0834200DC0027FFB214E001330A2BACD15B
S1135EF0B2E7FFF715FC364B586840B12300002287
S1135F00E8331A70FAF786FB307002F06FFC002653
S1135F10B8E70027FFF704FC019B012B42D1FEF7F1
S1135F205FFD2300039AF5331A702300019AE833C6
S1135F301A7002F05BFC019BB834237002F0A8FCD9
S1135F40274B1B681B072AD52648FBF78FFD002229
S1135F5003211000FBF7C6FF2348FBF787FD00224F
S1135F600A213000FBF7BEFF1F48FBF77FFD00222C
S1135F700A210498FBF7B6FF1B48FBF777FD0022C4
S1135F8005212800FBF7AEFF1748FBF76FFD38002B
S1135F9000220321FBF7A6FF1448FBF767FD380036
S1135FA007B0F0BD0A4B5B68002BC9D02300039AED
S1135FB0F5331A700023E834237002F017FCBFE7AE
S1135FC0002635003700BBE7DC5B0020DD5C0020E9
S1135FD0A45B002064D60000FFFFFF00FE260A40F9
S1135FE0645B0020B9CC0000F2CB0000E4CA0000DE
S1135FF0F0B585B0FEF7F4FC002140F6E206002778
S1136000080002F0AFFC30000397FEF797FDFE2175
S113601040F6E505014004003000FEF7B7FC280017
S1136020FEF78CFD7F21019001402800FEF7AEFCB5
S11360300B48FFF7CFFE042203A940F61900FEF730
S113604069FD3800FFF720FB21003000FEF79EFCBD
S113605028000199FEF79AFC039805B0F0BDC046EC
S1136060FFFFFF00052213B504000B4B0B481A7009
S1136070FFF72AF8962140F6AC00FEF787FCFEF7FE
S113608019FC01A9230C0B700322230A82204B70F4
S11360908C70FEF781FB13BD07400020F45C0020E8
S11360A037B540F242210400080002F05BFC44B121
S11360B00D4D2800FFF708F828002C606C60FEF7EF
S11360C051FF0A4B1B785BB16B46D91D40239320CB
S11360D001220B70FEF760FB0020FFF7C3FF37BD02
S11360E0034B18688001F8E7E05C0020605B002047
S11360F05C5B0020F0B5844B07005B7B97B04BB929
S1136100814B5B7A002B00D18FE03800FFF7C8FF8A
S1136110002033E008ABDC1D02202100FEF722FA48
S11361202578032055BB182229000BAC10A805F0D4
S1136130A5FA21000320FEF715FA05200AA9FEF7A7
S113614011FA0022A35E009313B96368039307E076
S1136150009B012B14D119006068FAF7D5FA03905B
S11361606A4B48331B7807930A9B0593684B029349
S113617010AB0193079B9D4205D1642017B0F0BD7D
S113618001235B42E2E7029B1B793BB9029B013589
S113619008330293019BEDB20233EAE72A00039924
S11361A00598FAF7CDFA019B1B881843019B84B22A
S11361B01C80002CEAD1029B564A1B682A331E78A5
S11361C0F600B35CB118009A04932300012A27D186
S11361D021000C98FAF798FA40F20C0C4D4B0D99EB
S11361E00690F618049AE3B29342CFD2634663430F
S11361F07068C218C35E012B07D15368994204D159
S11362009368069A9A4200D17AE70134EAE70C20AF
S113621058434A680133825E0098904200D16FE788
S11362200498DAB28242F2D3B0E740F24221080085
S113623002F098FB47B1384C2000FEF745FF2000E0
S113624027606760FEF78EFE344D2B78002B57D005
S1136250402310A9932001220B70FEF79DFA002021
S1136260FFF7B8FD2E4B2F4C1E782F4B1B68009365
S113627023689B0737D52D782C486B425D41FBF78B
S1136280F5FB002203213000FBF72CFE2848FBF726
S1136290EDFB002203212079FBF724FE2448FBF7C1
S11362A0E5FB00220A21A068FBF71CFE2048FBF74F
S11362B0DDFB6D4200220521A089FBF713FE2F4070
S11362C01B48FBF7D3FB00220A213800FBF70AFE28
S11362D01748FBF7CBFB009800220A21FBF702FECC
S11362E01448FBF7C3FB2368DA0702D5009A267526
S11362F022615B0600D40BE705233834237007E7DB
S11363000D4B18688001ABE7A45B0020085B0020FC
S1136310A45A002000D60000E05C0020605B00204E
S1136320DD5C0020645B0020D85C0020BFCC000052
S1136330F2CB0000E4CA00005C5B0020F0B585B03D
S113634072B6BFF34F8FBFF36F8F00229E490B7855
S11363500A70DBB262B6BFF34F8FBFF36F8F002BAF
S113636000D1F2E003AE310002321220FEF7A8FBA6
S11363700123022235885B423100100033806DBA5C
S1136380FEF70AFAADB272B6BFF34F8FBFF36F8F49
S11363908E4B2820185E02F0C9FC0400012803D1AA
S11363A0FBF736FB884B1C7062B6BFF34F8FBFF30D
S11363B06F8F40232A0001241A40854B01921A80D2
S11363C025420AD08348FEF77FFE834B1C70834B23
S11363D01B6813B11B6803B198470224254200D1FE
S11363E08AE07F4B1F78A7B97E48FEF76DFE012235
S11363F0794B390040F602101A70FEF7C7FA40F6DE
S11364004410FEF79BFB0443E1B240F64410FEF750
S1136410BDFA022231001320FEF752FB724B1F78A3
S1136420012F27D1714B1B78012B23D140F202702D
S1136430FEF784FB00901E233370FEF793F96C4C37
S11364400221009B6B4A3000FEF7EAFAFAF7ACFF30
S1136450032231001420FEF733FB27706FB1012FA4
S113646000D177E01B220021634805F007F90F23D0
S113647023701FE033780093DDE7337823715F4B9B
S113648072781B7852085BB29BB29A1A111C12B232
S1136490803201DA4FF68071218103AA9278520882
S11364A09B1A1A1C1BB2803301DA4FF68072002348
S11364B0E280E360019B13B1504B1B7A73B1474BED
S11364C01B685BB19E684EB12378002B64D108230E
S11364D00621625EE35600994648B047404B1B785C
S11364E053B13D4B1B78052B06D1444B587A0028F9
S11364F057D00020FFF7B6FD019B2BB1374B1B682B
S113650013B11B6903B198472B060AD50122324BFC
S11365101A70324B1B6823B19B6913B1280A1040CF
S11365209847AD050ED52C4C2378042B3CD1294833
S1136530FEF7CAFD01232370284B1B6813B15B6867
S113654003B198470023224A13801F4B1878C0B226
S113655005B0F0BD294B32781B7852085BB29BB270
S11365609A1A111C12B2803201DA4FF6807101229C
S1136570218203A98A5602329210A2748A785208A0
S11365809B1A1A1C1BB2803301DA4FF680721C4B23
S1136590A2821B68A3618DE712231021625EE35679
S11365A099E7FFF717FCA7E7052BCBD10C4B1B781A
S11365B023B90C48FEF788FD01232370074B1B68A1
S11365C0002BBFD0DB68BBE7085D0020DC5B00204C
S11365D0A05A0020F45C0020074000200C5D00203D
S11365E0605B0020E05C0020DD5C00207C59002022
S11365F084590020A059002085590020A45B002064
S11366008059002010B50E4C2000FEF75DFD2300DC
S1136610227EF93BFF3B1AB140F20F22012199542B
S113662040F28C229A58E0321278022A05D140F2C4
S11366308921585C1E3202435A54FAF769F910BD95
S1136640C855002010B50B4C80232200FC32916CFD
S11366500B43936440F21023E35C0BB1FFF7D2FFCA
S113666040F289212223625C9A4313436354FBF76B
S113667037F810BDD0530020F0B540F28C2540F21D
S11366802E12A74F9BB07B5913909A5C14AC0E92B8
S113669040F2B4129A5C2000109240F22D129B5CDE
S11366A00C93FEF7FFFA40F2A81340F2AC127D59A6
S11366B0149EEB58AA5AF61AA3889B1A1BB2DB0F36
S11366C0F61A40F21823FB185C681B680A930B94B3
S11366D040F28923FA5C0423110019408C461A42C3
S11366E003D00020FBF714F984462B78052B36D110
S11366F0002000210E9A073353438A4A9B185B7A81
S1136700894A5B019C18D25A109BA061E161002B5D
S113671000D0F4E040F60F6164338E4209D949F6A3
S1136720AF2342F22831B3429B410B4040F2E8319F
S11367305B18111C9A4200D2191C0C9A8BB20AB92C
S1136740624662B1180001225242D3170021801818
S113675059410A9A0B9B05F081FCA061E16140F26A
S113676090130021E85A01225242D317801859414C
S11367700A9A0B9B05F072FC2B00A1330C900D912F
S1136780FF330C990D9A19605A60B73B1B785BB2C2
S1136790109340F22D13EB5C119340F2B413EB5CB5
S11367A012932B009933FF335C681B680A930B9494
S11367B0E0352B78022B00D1A7E0FFF743FAFEF770
S11367C0AFFF40F28C23FB58E1331878FEF7ECF866
S11367D040F28C23FC5809252378052B00D0E2E1F4
S11367E01022002116A804F049FF40F280134D4AFC
S11367F0083DD15A002213002800904006000E40A4
S1136800B04201D10133DBB20132102AF4D12BB9E9
S113681007330B4371324349FF328B52FEF7F6F9CB
S11368200B000B990200994216D802D10A999142A1
S113683012D80A990B98014371B10A9D0B9E10005E
S11368401900401BB1410D9D8D4200D974E103D163
S11368500C9D854200D96FE100230022334EA13400
S1136860FF34226063603300C83B0C9301235B4216
S1136870DC170A930B94129B002B00D02FE1346891
S11368807568FEF7C3F902000B008D4240D801D1B0
S113689084423DD8121BAB4114001D00B268F3685A
S11368A00E920F93FEF7B2F90B000F990200994272
S11368B032D802D10E9991422ED80E980F99121AFD
S11368C08B41119909B9002200239D4202D803D1BA
S11368D0944201D922002B0030697169994202D88F
S11368E026D1904224D9801A99410B9B8B4203D81C
S11368F022D10A9B83421FD90A900B911CE00C9B66
S1136900002B00D12BE710001DE7FEF709FF5FE71E
S113691001246442E517C1E701225242D317D0E7AC
S1136920D0530020805600204057002048570020B4
S11369300023002433617461A34B2036B3429AD1FF
S11369400A9B013306D10B9B013303D1002300249E
S11369500A930B9440F280139C4A9D49D45A002216
S11369600E9116A9130010008C4621000125114137
S113697029421FD00C990968E1B1129919B907315C
S11369801141294216D00C99109D097A0E07360F31
S1136990AE420FDC0909A9420CDB0C990E9D497A21
S11369A0490149198E69C9690E43002E00D1BEE020
S11369B00130C0B20C9901320C310C91102AD4D19F
S11369C0002B00D1DFE08349834A0868424343F245
S11369D0390012180A608149B2FBF1F1C807411A63
S11369E0521A92FBF3F14B43D21A16AB9A5C40F263
S11369F0112300200021FA547F33FB1818605960DA
S1136A0040F28C23FC58002123002078E9335956A6
S1136A1016339B7A052804D1CB1A191C1B0600D502
S1136A2000212300F0331A786D4BC9B20093230080
S1136A30EC331B6849B2F9F7C3FE6A4B10251B7887
S1136A40012B00D00A3D40F2C413FA581121521B05
S1136A50FA5023000A92F0331A780F335956624BD6
S1136A60207800932300EC331B68F9F7A9FE40F269
S1136A70D81340F2B412FE58761BFE50A35C002BD0
S1136A8000D1B5E040F20C23FB5C0C93002B00D04A
S1136A9095E13133FF33FD5C3B00E920FF335B7D3F
S1136AA01B071B0F0E932056F9F722FF0E9BEA18C3
S1136AB003250C9B904201D205352B002200F832AD
S1136AC012680A99521840F2B0117A502200FC322E
S1136AD01268043192197A50002B64D193E0119B0F
S1136AE0F3B1B468F568FEF791F802000B008D422B
S1136AF012D801D184420FD8121BAB41306971699D
S1136B00994200D9EFE602D1904200D9EBE6002287
S1136B100023326173610FE701225242D317EDE77C
S1136B2000230024336174610A930B9404E76546DF
S1136B30591CEA54CBB23DE70A980B990C9C0D9D65
S1136B4000196941801A99410A900B910A990B9A8C
S1136B5040F290233C00FB1819605A60139BFC34EC
S1136B60A26C002B00D162E22023204D13432800A5
S1136B70A364FEF7A9FA0A9B2800A367E367FEF75C
S1136B80F1F900250FE00028E0D1072340F280123C
S1136B900E4923438B5240F29023002000210C2500
S1136BA0FB18186059603B00FC339B6C9B0708D4AE
S1136BB040F28C23FB58E0331B78022B01D0FFF703
S1136BC0E9F828001BB0F0BD0858002080560020CA
S1136BD040570020004000206D4EC641FFFFFF7F5C
S1136BE088550020C85B00209C5500204455002097
S1136BF02100FC314B680A981B1840F2B0103B503E
S1136C008B689B19BB5040F2B213E35C5BB940F252
S1136C100C23FB5C002B00D0F9E040F20E23FB5C5C
S1136C20012B00D9F3E03C00FF346379002B00D141
S1136C30C8E00325042BB6D1DD4B1B68DE6840F2A7
S1136C400C23FB5C4BB940F20E23FB5C012B04D8F4
S1136C50731C013600D3C7E01E003B00FC33DA6826
S1136C60002A00D1C0E03B00FF33597D40F23013CD
S1136C70F85C090703005C1EA3413C00090F5B1884
S1136C8008330430FF341B18617B9BB2994200D255
S1136C90AAE03D00A37BFC351370E8686969013004
S1136CA001F018FF627DEB685A713B00FE33198BCB
S1136CB0EA6891711B8BEA681B0AD371627DE868EC
S1136CC01207120FBB490830FBF784F9637D40F2C9
S1136CD030121B071B0F1C00BA5C083432B140F29F
S1136CE02812B95CEA68093311551C003D0040F2D2
S1136CF03013FC35E868FA5C0019296BFBF76AF974
S1136D0040F23013FB5CE868E418A4B20019A96BE4
S1136D1001F0E0FE3B000434FF33E4B25C7340F264
S1136D202813FA5CE868531E9A41A14B07321B688A
S1136D300A930A996B69C9688E4200D950E19E4C46
S1136D400A9B2500FC35DE60EB689C469B4B614644
S1136D505B7B043B0A936B461A8D2300FE335B8AEC
S1136D600C936B6900293FD040F200118A423BD852
S1136D70B7391691002116A881800C994681C180EB
S1136D80190C1B0E4372330C0373330E437300232D
S1136D9083730A9B0172C373894B61460093072373
S1136DA0FBF7B2FC00BB854BE8685B7BA96B043B3B
S1136DB0C01801F08FFE814B5B7B238027E0032505
S1136DC000237BE67A4B40F2A0211A687858938816
S1136DD001339BB29380012202437A503A00FE327F
S1136DE0138401F07FFE08B10E25DCE63900754BF3
S1136DF0FC31009313220223C968FBF785FC0028A9
S1136E00F2D101F06FFE0028EED1637B3B8040F2AB
S1136E101123FB5C00220A9340F28C23FC580C9251
S1136E202378052B00D087E0E925674B65570A9A3C
S1136E305B5710930C235343644A9B185B7A0633C5
S1136E405B019B182200E8329B7811781278181C99
S1136E5052B25BB2934200DA081C012143B20C9394
S1136E605B4BAA00D3585B4A0E91934205D05A4A11
S1136E709B185A4253418B400E930C9BFC34580090
S1136E8005F0D0FD011C606A05F0A0FBA16A05F0C5
S1136E909DFB041C05F05EFD6B4644220026119008
S1136EA09B180021201C9E5705F0AEF860B911987C
S1136EB005F070FD011C201C05F088FB002105F085
S1136EC07FF808B9013E76B23B880A9A11930C23E5
S1136ED053433E4A0024D058FDF7CEFC40F6A0733D
S1136EE00794089306940594072D00D088E00123A5
S1136EF004930433029340F2E833109A310053436D
S1136F002000009346F2A8120E9B03940194FEF70E
S1136F1089FD250044226B469B181C78280021001B
S1136F20FAF72AFA21002800FAF73CF940F218236C
S1136F300022FB1818605A6040F249230122FA54D7
S1136F404333FB5840F25021E9331A7840F24A2384
S1136F50FA540C9A0133FA540A9A1133FA50443B06
S1136F607918FB181A685B680A604B6040F2682164
S1136F7079180A604B6040F21023FB5C23B940F29D
S1136F800C22BB5C0133BB5440F298230020002147
S1136F90FB181860596039781048FEF7F7F8002894
S1136FA03DD13A000223FC32916C0B439364E8E533
S1136FB0A0530020E8540020D0530020CF540020D8
S1136FC004550020F0540020CCD500008056002049
S1136FD0ACD5000090D00300E05EF8FFD25300204F
S1136FE040F230117D5C043C641B0019002429002C
S1136FF001960094FCF736F8002800D19FE6F3E6EA
S1137000082301250293109B2200009331002800DD
S11370100E9B049503940195FEF704FD7AE70D2574
S1137020672800D1BFE50835662800D0BBE50B25ED
S1137030B9E5C046D0B5224C20212200FC32936C25
S11370408B43936440F29823E3181E685F6833000F
S11370503B43BBB1FDF7DAFD02000B008F420AD8B7
S113706001D1864207D8921BBB4111001BB941F6DE
S11370704073994206D940F28C230021E258FD3B2B
S1137080D154D0BD0120FFF7F7FA03000028F8D04F
S11370900120082B00D1093040F28C23E358E93356
S11370A01A7840F24A23E2543C3BE25C3F33E25418
S11370B0043BE054FAF712FC02F010FBE1E7C0468F
S11370C0D05300200023F0B585B002AA138000221B
S11370D00023026143610600F9F7D2FB20B9564B45
S11370E0DB681F7D042F03D90124200005B0F0BD07
S11370F040F28C23514D3078EA58D83BD35C2BB9FD
S1137100020004339A430724002AEED103A901F0B4
S113711055FA039B002BE7D127B9282239004848A8
S1137120FBF7EAFA40F261230122EA5440F2892291
S11371300423A95C37780B43AB54082F74D8380068
S113714004F014FF057272555F7272726E00FBF7E1
S113715051F840F28C23EB5832791978052900D084
S11371603A00E9331A700020FAF714FB2B000024CC
S1137170FF335C712B00334AFC33DA602B00FF22AF
S1137180FE33DA81304B31481900F73A0193FAF7AC
S113719021FF0199082210392D48FAF71BFF20001E
S11371A0FFF76AFA0721040050B140F28C23EB5830
S11371B032791978052900D03A000721E9331A7089
S11371C040F29023EB181A685B683261736174B300
S11371D0194BDB681B7D002B00D086E740F21022A0
S11371E00421AB547932AB5C8B43AB547DE7002272
S11371F0022002A9FBF70AF9431E98410121040168
S1137200DEE70C21B2887156B068FEF711FA2A0045
S11372100223FC32916C00240B4393640121CFE7D9
S113722000220D2002A9E5E701210224C8E722007B
S1137230380001F09BFD58E790530020D053002004
S113724030560020D253002018580020DE5400206D
S1137250E654002030B58FB0F9F7A2F9C4B224BBCC
S11372606A4602231377124B07A808930325FBF7FA
S1137270CBFB6B461D770F4B07A80893FBF7C4FBAA
S113728008236A4613770C4B07A80893FBF7BCFB4B
S11372906B4668461C701C71FFF714FF18B9074B46
S11372A01D800FB030BDFAF721FC0420F9E7C04679
S11372B0AF510020B75100209F510020F65000200C
S11372C0F0B595B0049340F28C23D04C0892E35867
S11372D000251A0006900FA805700291E232127878
S11372E00F2642701A00E4321268426040F2F4122F
S11372F0A25811921A00E832128852BA82811A00F6
S1137300FF32517A1B788173527F037408ABF618ED
S11373100EABC273310000930CAA0DABFAF7E0FF79
S113732000203056F9F7E4FAB94BFC33DB680F2B35
S113733000D9AAE0984200D2A7E0029AD218C31A50
S1137340DBB2904200D2A1E0F9F79AFA01250600D7
S1137350002800D09EE0AF4B18221B783100AE48C5
S11373600593FBF7C9F940F24923E5543B3BE55447
S1137370023BE654049B002B00D197E16D19012BCD
S113738000D087E040F28C23E358FF335D7A042376
S1137390039340F20D23E554039B5B01099340F2F0
S11373A08C23E6583300FF335A7F1D3B1B7830781B
S11373B093B969460F7D097D49B2002900DA1F1C83
S11373C008AB9A741F7405220CA9FAF771F9032506
S11373D000285FD0E936377040F29823E3181E681E
S11373E05F6833003B43B3B1FDF710FC02000B00B0
S11373F08F420AD801D1864207D8921BBB411100A3
S11374001BB941F64073994205D940F28C230021FF
S1137410E258FD3BD15440F28C23E35840F2B411BE
S11374201A00E8321288059256BA1A00E432126839
S11374300D92595C002930D1072640F21023002513
S1137440E554764B0E93764B0F930EABE85C0DA987
S113745001F0B4F80D9B53B16D4A0FABEB5C1068AF
S113746018B102799A4200D01EE101F097FC01356F
S1137470042DEAD10120FAF731FA40F289222023BF
S1137480A15C35000B43A35404E02B00082598426B
S113749000D059E7280015B0F0BD40F22C11595C1A
S11374A031B91D0000200021A135FF352860696035
S11374B01900E2310D7840F28F110FA8595C426037
S11374C040F2F41207910121A25845700170119203
S11374D01A008681FF32517A0F268173527F08A9E0
S11374E0C2730E2252180D211B7808AF037408AB27
S11374F0F6180DAB0093C9193300FAF7F1FE079B98
S113750080015B01184340F28C23ED012843E558C8
S113751007902B000D2032783856E933DA77BA7B9E
S11375201870013B1A70002340F2102123800023BD
S11375306354069B24265A1E9341029A5B421A40C6
S11375406B4602921A7A40F23813E2546B469B1946
S11375501E78039BA670022B01D0012363542700DD
S11375600423FF377B7123002E49FC33D960FF21AC
S1137570BE73089E797329316654E96C5961079981
S1137580797540F230116254069A00211A63220080
S1137590254BFE321B68DB680133138340F24C2217
S11375A0A1520C32A3501A4BFC33DE685EB3F9F7D8
S11375B09FF9029BE3B30F2E3AD89E19B6B2B0429C
S11375C036D30F20194A0EA9FAF74EFFA8B1102698
S11375D040F28C23E358059AE8331A800A2E00D02F
S11375E02BE70A2540F24823049AE25440F2892208
S11375F00123A15C0B43A3544CE70F220E9B1340C1
S1137600079A1A437A7500252FE0C046D05300200C
S113761084520020D45100201856002003080B0C7B
S1137620020D1012D2530020A0530020E854002071
S11376302A003032FF320EA9FAF716FF0028C6D10D
S113764040F228132200E0546533FF33E358FC3240
S11376503033FF33136340F230130E9AE25408338D
S1137660E25C002ACFD00A25E0540020FFF704F89A
S113767006000028ACD140F28C2340F28F12E3586C
S113768098540D9AE4331A60094B1E6816B9002DFC
S1137690A8D0A6E73079FAF7F9F8376810B93000BE
S11376A001F07CFB3E00F1E70068D9E602236FE6B7
S11376B0845200201F4B73B51A003C333D321478BA
S11376C01D78F8F76DFFC6B2012E2ED16B4601A8C6
S11376D0991CF8F789FF6B4602215B5E019A012B26
S11376E023DD0021515622291FD13100501C56564A
S11376F0222E16D10AB2013B9A4216DB6B4601399F
S113770089B2598089B12B002200C9B2FFF7D8FD94
S113771068B9094B1B689A88084B1A80084B188073
S113772076BD01310EB29E42E1DB0420F8E7FAF7A0
S1137730DDF9FAE79451002008400020F4500020BD
S1137740F6500020224BF0B51A003D32127887B073
S113775003923C331B7805A8029304AB9C1C2100C4
S1137760F8F742FF0023E55E059EABB2012B02D879
S1137770042007B0F0BD01222C0014401542F7D1BB
S1137780D3404FF6FF77019360003018F9F720F9E2
S1137790B842EDD00F4B019AE31801341870A3B22C
S11377A09342F1D3E90F49194910029B039A0948FE
S11377B0C9B2FFF785FD10B1FAF798F9D8E7064B7F
S11377C01B689A88054B1A80054B1880D1E7C04680
S11377D094510020E64E002008400020F450002080
S11377E0F650002010B586B0F8F7DAFEC0B2D8B96A
S11377F008236A4668461370FFF764FC0B4C68B9AB
S1137800030002000100FFF75BFD38B90123084AB9
S1137810138022781343237006B010BDFAF766F97B
S113782001222378934323700420F5E7E54E0020DA
S1137830F650002010B586B0F8F7B2FEC0B2E0B939
S113784003236A4668461370FFF73CFC0C4C70B97E
S1137850030002000100FFF733FD40B90122094B88
S11378601A80022322781343237006B010BDFAF75E
S11378703DF902222378934323700420F5E7C046A0
S1137880E54E0020F650002010B5154CE37A5B0756
S113789008D51B2300210320E372FDF781FA08B900
S11378A0F9F780F8E37ADB0719D51E234FF6F07257
S11378B0E372A388A08899B28342FAD19142F8D89E
S11378C0084A136810331360074B1B78012B06D941
S11378D000210220FDF764FA08B9F9F763F810BD36
S11378E000380A40F8510020105D00201F210122B9
S11378F001408A4010B54309034960339B005A5044
S1137900FCF71AFD10BDC04600E100E040F21A2366
S113791070B5114A114D8168EA5204000620F9F746
S113792007FB40F28013A522EF21EA500C4B953A55
S11379305A7059705A705B78934200D1C046032044
S1137940A168F9F7F5FA63681A781AB11120185684
S1137950FFF7CCFF70BDC04680AAFFFF00C07E4089
S1137960FFC07E40030000223C3310B51A7040F281
S11379701A23074A0400D35A0BB9FFF7C7FF0122A1
S1137980044B20009A6200229A62F9F73BFB10BD77
S113799000C07E40FCC07E4010B5FFF7E3FF00202E
S11379A010BD000030B585B0F9F77BF91C4B8000A1
S11379B0C458A06BF9F754FB142808D040F2F01314
S11379C0184A616BD2580B001340114212D02000A8
S11379D0FFF7C8FF0723200001AD2B70F9F712FB56
S11379E062685368A3B1D26828000392002202920D
S11379F098470DE022003C321278012AEBD0042A89
S1137A0008D1226B0123002AE5D02000F9F770FA8F
S1137A1005B030BD044BDB6A1B07DB0F0233DAE72A
S1137A20C04D002000C07E40FCC07E40F8B505007B
S1137A30080016001F00F9F713FB0400142804D1F2
S1137A402800FFF78FFF2000F8BD40F2F013340048
S1137A50044AD3581C401E42F5D02800FFF782FF89
S1137A603C00F0E700C07E4070B503634368C26227
S1137A701E78002533005A1E934102009B003C32BD
S1137A8081621370436904008363FFF73FFF0D4B6A
S1137A905D71236B63B99DB92000F9F7B3FA0FE068
S1137AA0182312222000A16BFFF7C0FF0500F0E7A6
S1137AB035B92000F9F71CFA002EF1D012236363C4
S1137AC0280070BDFFC07E40F7B5070000253C3795
S1137AD03D70040016000191FFF718FFFF23019A7F
S1137AE019499A431300194A26639B18A3624D71DE
S1137AF0190C8C46604632021549013AD2189BB2E1
S1137B0048824B81130C9C466046124B92B25862D9
S1137B1084234A830C4A537563681B786BB9216AC2
S1137B201122200071431933FFF780FF050010B9BB
S1137B302000F9F767FA2800FEBD01233B701033DB
S1137B406363236AA363F6E7FFC07E400000F0BDD1
S1137B50FEC07E40FCC07E40F7B5070000263C37DF
S1137B603E700400150001910093FFF7CFFE1C4BFB
S1137B70019A9C461B481C49624446716B1E160CB4
S1137B804E829B18194E92B24A811A0C9BB27262B1
S1137B904B838323437563681B784BB10523009A99
S1137BA03B70033B1370A369A36300252800FEBD4B
S1137BB0A16940F2F813694310222000FFF736FF51
S1137BC0050040B9F36A009A1B07DB0F200013700D
S1137BD0F9F718FAE9E72000FFF7C4FEE6E7C04624
S1137BE00000F0BDFFC07E40FEC07E40FCC07E4071
S1137BF070B50400FFF78AFEE3683F2040F2D81214
S1137C0009491F2B0BD9203B5B081F338D580340B8
S1137C1085432B4320008B50F9F7F4F970BD1F25E1
S1137C20013B2B408D58F3E700C07E400A7810B525
S1137C300B00040041602AB111202200097C18566F
S1137C40F9F768FA230000223C3320001A70F9F790
S1137C5077F928B92000FFF7CBFF08B9014B23605F
S1137C6010BDC0464E45504F10B50400F9F768F9F1
S1137C7010B92000FFF7BCFF10BD10B50400F9F7E0
S1137C8049FA2000FFF732FE10BD000030B5EFF3D3
S1137C901082012383F3108898400B49435A1BB187
S1137CA00B5A013B9BB20B520B5A53B940F6FE01DF
S1137CB0064C074B655A185A064B2B4383439BB219
S1137CC0635282F3108830BDB04D002000E00140C3
S1137CD00CD3000000A5FFFF70B5EFF31081012362
S1137CE083F3108898400A4A835A53B940F6FE0435
S1137CF0084D094E2B5B865B33434AF200563343EF
S1137D002B53135A01339BB2135281F3108870BD65
S1137D10B04D002000E001400CD30000030010B57A
S1137D2003240A4A0A4811680333A34308185B185A
S1137D3040F200418B4206D903F0EEFC0C230360B1
S1137D400120404210BD1360FCE7C046AC4D00204A
S1137D50804000200338052300B504280CD80C4BC0
S1137D601B6804F003F9030B0E1012001A690A6071
S1137D701A0010325A620023180000BD5B690B60C0
S1137D80F9E79B69FBE7DB69F9E71B6AF7E7C0469C
S1137D90A0530020C21E0300002170B50C2A0ED887
S1137DA00124260040F280109E40064D2A5AB24318
S1137DB02A520C225343581903F060FC2100080096
S1137DC070BDC04680560020094B0A4A1B6810B596
S1137DD0934209D840F60B03074A0120D35C03B948
S1137DE00220FBF7F3FC02E0044A9342F8D910BDE9
S1137DF0BC4D002080841E0000E0014000366E016E
S1137E00F0B595B00792002201910CA9CA710EA990
S1137E1002900A80012B04D817000492019B9F4210
S1137E2001D315B0F0BD029B7D1CD85DEDB20238C4
S1137E301128F6D804F0A4F81200300035015201DC
S1137E40BE01DA011D0246027402F5FFF5FFB40219
S1137E50F5FFF5FFF5FF2A03F5FF4103019B019CA4
S1137E605B1B012B00DC1AE10320F9F751FD80B103
S1137E7003210020F9F716FD029BCC4A595D40F21C
S1137E807023D1540299BB1CDBB2C95C40F271234C
S1137E90D1540337FCB202E13C00019B1B1B042BB1
S1137EA000DC18E30534019BE4B2A34203D9029B2E
S1137EB01B5D032BF1D0019B9D4200D194E140F264
S1137EC08C23BA4AD3581A00E23212780692002A56
S1137ED074D0049A002A00D0E1E0019AD21BD2B2F5
S1137EE009921A78052A00D0C3E06A1E0A921A0081
S1137EF00025E9325557013A1278FF3352B2059200
S1137F005B7A07240B93002340F20F0C1E000393AB
S1137F1008930493049A09998A4251D3069A002A31
S1137F2000D0DAE26B462C329B1800222E009A56BF
S1137F30059B0F2D00D18DE0002D18DB072E16DCDC
S1137F40002140F2010C03986546084128420BD0F9
S1137F500C204843964D4019007A05072D0FB54271
S1137F6002DC0009B04275DA01311029EBD102219B
S1137F708C430F2B00D0DDE2D3B206930CABDC7143
S1137F80072C15D140F28C23884A0021D3581A00BB
S1137F90E9325156B14203DA40F2BC11012058547F
S1137FA016701A000599E8321170069AFF335A7256
S1137FB00525049B0024B3FBF5F569E005228FE752
S1137FC0049A0A9902985118029A5218415C03299A
S1137FD0A4D1D17890780902014307200391117943
S1137FE056780A09024060466346084004993340C3
S1137FF00531C9B2360908900491062A16D0062420
S1138000002A87D10399002984D0241903990120D7
S11380101141014205D021005143654809180968FE
S1138020B1B10132102AF1D1072473E700220C20E8
S1138030010051435E4C0919096829B1012191409D
S1138040039C0C43A1B203910132102AF0D1EBE757
S113805006245FE70F2B00D14BE2002105918B42F0
S113806000DA46E20593072B00DC42E204239C433A
S113807082E700231E001C000493069305937DE70A
S11380800CAB01220320D91DFAF7C0F90134E4B284
S1138090AC42F5D1049BFC180123E4B204932700FD
S11380A0BCE6019CAC42FADD40F28C233F4A04203A
S11380B0D1580F22029B02375B5DFCB213401E3283
S11380C0FF328B542C3AFF3A9A40130040F290123C
S11380D08B5200220EA9FAF799F9E0E7019B019C63
S11380E05B1B032BDBDD07220CAB9B181A70029B76
S11380F040F28C205B5D2D4C1909114011AA0391AB
S113810051700F2120580B40B91C1370C9B205904F
S11381100F2B03D10300FF335B7C1370029B0322FC
S1138120591812A8F9F7A4FB6423129D05375D437F
S1138130059B11AE1B78FCB27560052B10D0002096
S11381400CABD8710EA9087001220520FAF75EF96C
S113815040F2892210231548815C0B4383549EE727
S11381600FA92800F9F758FA31780630C0B2072968
S113817001D902239843039A0CAB0733052A03D988
S1138180042290431870DDE718700728DAD140F212
S11381908C23064A039ED3581A00FC33FF3296728E
S11381A01D61517451769D61CCE7C046D0530020C7
S11381B080560020D74BFF201B6D13B11B6803B101
S11381C098470CAB18721F23079A9A4205DC0133B7
S11381D0203202DB079A1F3313400CAA5372062085
S11381E002220EA9FAF712F92C0058E7019B019C10
S11381F05B1B042B00DC52E703220CABDE1DB91C15
S1138200029BC9B2591811A85D5D3270F9F730FBB1
S113821064231199029859430023BC1D0537FAB20F
S1138220825C0CA811911293027740F28C22BA4816
S1138230E4B282581278052A15D129B92800FFF72B
S1138240A9FD78B103230EE011AB0FA80F930571BC
S1138250FAF79AF80223042805D0013B052802D036
S11382600028EFD000230EA90122072033700B70E1
S113827031E7019CAC4200DC11E740F28C23A64EAE
S11382800237F258029BFCB2595D0F2319400B1CB4
S113829001B90123D9B240F2E8334B431100F8315C
S11382A00B6040F2E831FC325B18136008200022B6
S11382B00EA9FAF7ABF840F289221023B15C0B4304
S11382C0B354ECE6019CAC4200DCE8E60120029BDE
S11382D002375B5D904D5A091909024001400E3086
S11382E0034040F28C202D58FCB22878052800D198
S11382F0D5E62800FF308277884A2E004177D05C8B
S113830004F090FBFC367062E9352B781A1C5BB2E2
S1138310002B00DA00222A70092000220EA9DAE6D6
S1138320019B019C5B1B032B00DCB8E603220CAB16
S1138330DA71029BB91C5D5D11AEC9B23570591872
S113834012A8F9F795FA64230537FCB2129F724E0E
S11383505F4340F28C23F35800201B781297052BBF
S11383600FD10FA908700F2D0BD83800F9F754F965
S11383700C236B436A4A02309A58C0B242B90223B2
S113838098430CAB0EA9D871087001220A2090E71B
S1138390032803D1624A9B185F60F2E70220F0E7EA
S11383A0019B019C5B1B042B00DC78E60820F9F799
S11383B0AFFA002868D008210020F9F773FA0822E0
S11383C0002111A803F05AF9029B0422591911A89B
S11383D0F9F74EFA029A7B1DDBB2D25C40F2E83325
S11383E053431B12119D03934E4B4F4EED18FCF754
S11383F00DFC40F2E832002303F010FEB488336829
S1138400A41840F2E7321818A3B224B2944203DD50
S1138410464A01309B181CB23F4B3F4AFC331B6C4D
S1138420ED1A40F24013D35A039AD31A99B21AB2EE
S11384301B0404D540F2E833C918013D0AB2A4185C
S113844040F2E732A3B224B22D18944203DD374A36
S113845001359B181CB2FCF7D9FB40F2E83200232B
S113846003F0DCFDA41A281AA3B222B2240404D512
S113847040F2E8329B1801381AB240F23C23B28031
S1138480012225493060CA54063703E5019B1C00CC
S11384905D1B032D00DC02E600230EA9012211203E
S11384A00B70F9F7B3FF40F2892210231A490537FC
S11384B0885CFCB203438B54F1E5019B1C005D1BFB
S11384C0022D00DCEBE5002304370EA90122132062
S11384D0FCB20B70FFE5019CE1E56A4620215218CD
S11384E0127852B20F2E00D028E52E000F2B00D0A8
S11384F0B8E5072C00D03FE502B901320C4DD3B2E8
S11385000021022228000693FAF7F6F8039B2B8039
S113851034E5C046CC540020D053002004DD0000D4
S113852080560020803DD512C053002018FCFFFF68
S113853000580020002B00DB94E5002305931BE585
S1138540002370B58360836905009A681968120A6C
S1138550FBF70EFC040018B92800FBF733FC0400F9
S113856028002100FBF79BF8200070BD10B5040023
S11385700020FFF7B1FB0A4BA400E258012313705B
S11385801378DCB2012BFBD10020FFF77FFB200026
S1138590FFF7A2FBFFF718FC2000FFF777FB10BDE5
S11385A0E0DA0000044B10B5FC331B6D1BB11B69F2
S11385B00BB16420984710BDD0530020F0B50D4A8C
S11385C00023D5682C7D9CB12E0053680022103600
S11385D01F7887420AD0B34206D12B000132D2B2AF
S11385E09442F5D1002303E00433F7E79442F9D031
S11385F00B60F0BD90530020F0B58BB00500F8F788
S113860021F804000020C4BBAB7C686843B92A7815
S11386100C335343244A9A18506808B9224A98588C
S11386200126224BAE579F57FCF726F96B7CA968AD
S1138630072E24D109930123002040F2E832059348
S1138640043301931A4B89B2029100934CF25031D6
S113865003007A4308900790069004900390FDF776
S11386607DF8144B2000995D0D31C9B2F8F784FEF2
S113867040F224230120104AD6540BB0F0BDA87850
S1138680012408220993002389B2079306930593D2
S11386900493039302910192010000933A00230092
S11386A020000894DBE7C04680560020CCD50000AB
S11386B085450100A4D50000D053002070B540F2D8
S11386C08C260F4D0C00FCF7FFFCFDF7BBFAFDF701
S11386D027F8AB591B78052B11D12000FFF78CFF2D
S11386E068B1AB59F4331868FDF704FD40F28823F0
S11386F0A27CEA5418B1F8F723F9FFF753FF70BDD1
S1138700D05300200B88038070470000F8B5244B39
S113871000209C7B002C42D1224D142221002248AF
S11387202C706C6002F0AAFF182221001F4802F08E
S1138730A5FF1F4B1B781BB12B0046331B786BB373
S113874000220023AA63EB638022002312066A64DA
S11387502A001E004FF6FF71012740F2013C483207
S11387601370144A2B64107868B939420BD00B2C5F
S113877008D81148E600325036186046B0803E00F2
S11387800134E4B249080133DBB22C320C2BEAD1B8
S11387900EB148352C700123054A13700120F8BD31
S11387A0A45B0020085B0020105B0020245B0020F9
S11387B0A05B0020F4DA0000A45A002010B50A4B94
S11387C01B7883B940F2B860FCF7B8F901218843FB
S11387D0C0B2014340F2B860FCF7D8F8FF2140F280
S11387E0B960FCF7D3F810BDDD5C002013B5254C4F
S11387F008220021684602F041FF2300E83318787C
S1138800214B1B78834201D0FCF746F82300E83360
S11388101B7813B1012B2FD013BD2300EC331A683E
S11388201A4B6946B3FBF2F31A0C0A708B701A0ADE
S113883023004A70F4331B7843F60950CB702300AD
S1138840F034F5331B7822680B71B2FBF0F10300AE
S11388504B43D31A41F684629B039B18B3FBF0F39A
S113886089035B1869461A0C4A7108225BBACB80EB
S11388708B20FBF791FFCFE7F83423680422694685
S11388800093F5E7DC5B0020DD5C00200000093D7F
S113889030B585B0304C01AD09220021280002F02A
S11388A0EDFE2300B83318782C4B1B78834201D09B
S11388B0FBF7F2FF2300B8331B781BB1012B36D032
S11388C005B030BD2300C1331B78F12B23D14FF603
S11388D0FF70FCF73BF848F20500FCF747F8022369
S11388E02200BA321288210052BA2A802200BC31F6
S11388F00988C032127869802100AA710922BE3128
S11389000988EB71A980C23423782B7229008C204A
S1138910FBF742FFD4E7F22BE2D141F60F50FCF70C
S113892015F841F22100FCF721F80623D8E72300CB
S1138930C4331B880A4A5BBA2B802300C6331B78D6
S11389401370AB702300C7331B78C834EB702388D3
S11389500622AB80DAE7C046DC5B0020DD5C002049
S11389607C59002007B56B46082240BA49BA1880E2
S113897059800023694610000193FBF70DFF07BDE2
S1138980F0B585B002AB9C1D002302AAD51D28704A
S11389901E4A1F4823701370431CDB7F53BB466879
S11389A00122337811009C4667468368B9401F0052
S11389B089B2FE37F9840191614691408C46634443
S11389C0FE33598B91430A435A83019A316ABA841C
S11389D05A8A897892B2012901D18A435A820123A1
S11389E0002242618261C218C361C5600461D37709
S11389F0FAF796FE80239B02044A127812B9013BCF
S1138A00002BF9D1207805B0F0BDC046FC51002000
S1138A10C85E002030B50B4A0221535E0424115F66
S1138A20013393FBF1F461430025545F5B1A19B2DF
S1138A308C4206D006241457012C02D0518092682F
S1138A40D05430BDE8510020F8B54368040000203C
S1138A50032B22D0261DF56F202D00D920252700B9
S1138A601F372A003800E16F03F0C3F80623A36020
S1138A7023000833D86F3900836822695B68006873
S1138A809C462B006746B84723695B192361E36F53
S1138A905B19E367F36F5B1BF367F8BD0C4B0221B3
S1138AA05A5E0020195E914210D0062159560129C0
S1138AB00CD000209968885402215A5E0420195E63
S1138AC0013A92FBF1F04143521A5A807047C04672
S1138AD0E8510020031D01700130090A9842FAD1BF
S1138AE07047000070B51D4C01202300FC33DA6888
S1138AF092B32100FF314D7B0018162D2CD9897BB0
S1138B001170D968164A0B0008331078013B013202
S1138B1058709942F9D12300FC33DB6811491A00DB
S1138B20083310320878013A013150709A42F9D171
S1138B3023002200FC33FE32D968108CFF344874C1
S1138B40128CD968120A8A74D868596A1330FFF7EC
S1138B50C1FF17230020637370BDC046D0530020AB
S1138B60DE540020E6540020F0B50500140089B05E
S1138B70F8B3F1B3EAB31022684603F03AF82600DA
S1138B80210068462700FAF7BDFC1036A037684676
S1138B90FAF706FD6846FAF74DFD694604A8FAF7A8
S1138BA00BFD01A905A8FAF707FD02A906A8FAF723
S1138BB003FD03A907A8FAF7FFFC102204A96846DD
S1138BC003F017F8310068461036FAF79BFCBE42F2
S1138BD0DDD16846FAF7E4FC6846FAF72BFD21007C
S1138BE06846A031FAF78EFC10226946280003F08B
S1138BF000F809B0F0BD0000F0B58DB001AC220062
S1138C00224BE0CBE0C2E0CBE0C2E0CBE0C260CBE1
S1138C1060C2C0B3B9B30D00020010350B784E78B2
S1138C201B0636043343CE7833438E780431360240
S1138C30334308C28D42F1D1042240F2180CFF27BD
S1138C40134E0321C3680A4216D16146CB41190E63
S1138C50755C19003940715C2D060D43190C3940BF
S1138C601B0A715C3B40F35C090429431B020B4360
S1138C709108890061584B40016801324B400361FF
S1138C8004302C2ADDD10DB0F0BDC04614DD000047
S1138C9028D3000010B50723040088B001A803708E
S1138CA04460F9F7B1FE20B9102221000248F9F717
S1138CB091F908B010BDC046BF5100200023F7B59C
S1138CC0174A184C019123701370174B5E7CDA68B5
S1138CD0760092191700FE377E8A1D78B446012665
S1138CE061460E4301997E82E9406E1C8619013962
S1138CF05E61996165B1018807209B6811801856EF
S1138D00FBF71AFB80239B0222781AB10020FEBDD8
S1138D100178F1E7013B002BF6D10120F7E7C046CB
S1138D2030520020F551002004520020030000209E
S1138D305A1C05D0034ADBB25B00985A8007C00F67
S1138D407047C04600020A4010B5431C0AD040F6E2
S1138D500073CAB2010119400F23184001430248AD
S1138D60F8F772F810BDC046A44D002070B50A4E45
S1138D70F468257D042D0ED8B3680135DA7000221D
S1138D809A702200103259701870191D257593427B
S1138D9000D12100B16070BD9053002010B5F8B12E
S1138DA0104B1A68904204D102681A60002205E050
S1138DB00A00002AFAD011688842F9D15968884219
S1138DC000D15A600AB1016811600021FC33DA68ED
S1138DD0C479013A121B0160DA600822F9F78CFCAD
S1138DE010BDC04684520020074B70B51C6804B9FE
S1138DF070BD20792568F8F749FD10B12000FFF710
S1138E00CDFF2C00F3E7C0468452002010B50400C7
S1138E100078532800D99AE003F0BCF854005B00B2
S1138E206200650067006D00730099009900990065
S1138E309900990099009900990099009900990066
S1138E409900990099009900990099009900990056
S1138E5099009900990079007F00890091009A0097
S1138E60A100B200A800BC00C400CB00D100D70010
S1138E70DE002901E500EB00F700F100FD0003012D
S1138E80090111019900990099009900990099002C
S1138E909900990099009900990099009900990006
S1138EA099001701210129012B0199003201990030
S1138EB0990038013D01400146014D0157015E0111
S1138EC06501690140F28C238B4AD358E0331B7847
S1138ED066E040F28C23884AD258D83BD35C5FE0EA
S1138EE0864B636033E0864BFBE740F28C23824A77
S1138EF0D358E233EBE740F28C237F4AD3589B6C80
S1138F00EFE740F28C237C4AD358DB6CE9E740F26C
S1138F108C23794AD358E133D9E740F28C23764A3B
S1138F20D3581A780023052ADBD1764BD9E740F2CF
S1138F308C23714A0434D3580D33FF3305E040F2D7
S1138F408C236D4A0434D358283306CB06C410BD91
S1138F5040F28C23684A0434D3581533EDE740F2C9
S1138F608C23654A0434D3583033EEE740F28C2323
S1138F70614AD3581A780023052AB2D1624BB0E76C
S1138F8040F28C235C4AD3581A780023052AA8D1CE
S1138F905E4BA6E740F28C23574AD358FF335B7AE3
S1138FA02371D4E740F28C23534AD358F4331B681B
S1138FB097E740F28C23504AD358F833F7E740F24E
S1138FC08C234D4AD358FC33F1E740F28C234A4AB0
S1138FD0D358FC335B6884E740F28C23464AD35869
S1138FE0FC339B687DE740F28C23434AD3585B797A
S1138FF0D6E740F28C23404AD358E93367E740F27E
S11390008C233D4AD3581B79CAE740F28C233A4A51
S1139010D358E8335BE740F28C23374AD358EC3318
S1139020C5E740F28C23344AD358F0334FE740F27B
S11390308C23314AD358FC339B6A636087E740F240
S11390408C232D4AD3581B6CF7E740F28C232A4A11
S1139050D3581A780023052AA2D12D4B37E740F2C2
S11390608C23254AD3581A780723052A98D000233D
S113907096E740F28C23204AD258653BFF3B2DE70C
S113908040F28C231C4AD258CF3B27E7214B1B6864
S11390909B88A3805BE71F4B1B68A2E740F28C23ED
S11390A0154AD258613BE9E740F28C23124AD3585F
S11390B0FF339B7A74E740F28C230F4AD358FC3376
S11390C0586A02F0F9FF207141E740F28C230A4A02
S11390D0D358FF339B7F63E740F28C23064AD3586F
S11390E0FF335B7F5CE70B4B1B681B69F9E6094B9D
S11390F01B68DB68F5E6C046D05300200858002002
S113910018580020805600200258002000580020E3
S113911004400020A0530020F0B50024FA4AFB4B81
S113912099B01360FA4B5360FA4B9360FA4BD360D7
S1139130FA4AFB4B54601360FA4B9360FA4BD360CA
S1139140FA4B1361FA4B1D7A09230293052D00D0C3
S113915052E20127F74EF848EB4B1422FF2133600B
S1139160F06004757060B060F9F7C6FAF368F34E06
S11391705F752100300040F2C012F9F7BDFA2100FA
S113918040F2A822EE48F9F7B7FA40F28C23EC4AF1
S11391903100D6507E3BD754013BD75440F2B01334
S11391A0E0310C70E7490AAFF15028003C713900F6
S11391B035700A94F8F778FF40F28C2340F22D12B0
S11391C01920DF4D0195EB58B97904AD9954FA791A
S11391D040191A713A7A991D5A71FE68FA691E612A
S11391E0B4463E695E6102967E699E610396BE69DD
S11391F01A62DE61C07FC8771800796A2C309962E0
S1139200196314A9097801700172412019004019E9
S11392100078383108704220401900784870F96AA3
S11392201798D963396B019D196440F2F4116850A1
S11392300120591DC8771D000A214435996004395D
S113924019732870A8350930286018000835F030E3
S11392500170290065460D601D00F8352900029D46
S1139260A9480D601D00FC352900039D8A601A0081
S11392700D604E600121FF32517240F2BD129954CB
S11392801A00E132117040F28922AD4DAC4EFC352A
S1139290B454E8641A00A148A96428650021002098
S11392A09932A133FF32FF33106051601860596066
S11392B0F8F7A0FF40F27C13A34AF4540433F250AD
S11392C00433F4500433F4500433F4509F4A043309
S11392D0F4540433F2500433F4500433F45004339C
S11392E0F4509B4A0433F4540433F2500433F450DE
S11392F04C33F4500433F450964A0433F454043396
S1139300F25040F28C220433F450AC67EC67B4584A
S113931004AEA9343000FF34FBF7C4FC0CCE0CC4FB
S11393208D4B8E486B658E4BEB658E4B6B668E4B0F
S1139330AB658E4B2B66F6F708FF0290002800D031
S113934058E18B4C01001022300002F097F902988A
S1139350631CD877200001263130067020000222D9
S113936042300270200005325330027020009219FE
S11393706430027020009219753002702000763239
S113938086300270200092199730027020009219E2
S1139390A830027020009219B9300270200092198E
S11393A0CA30027020009219DB300270200092193A
S11393B0EC30027020009219FD300270200040F25F
S11393C01F13FF309219C2739219E2541133921988
S11393D0E25411339219E25411339219E2541133C5
S11393E09219E25463487C3A06A9F8F7F3FD200089
S11393F010220299F9F780F910225F480299F9F7CF
S11394007BF95E4C5E48282202992060F9F774F9D2
S113941023684C490122196002995242D96019000B
S1139420584D9A801A615A619A61DA611A62103150
S11394300E3228005962FF320299F9F75DF940F2C1
S11394408C220299296069603D4DAB582268384CE2
S11394501100143199661000190018308C3108601D
S11394602032BC33043048629A61FCF7C1FD464B9C
S11394703B341860FCF78EFC40F28A23EE542D2313
S113948038003B70FFF7C2FC3A79404B38001A7041
S1139490432325783B703D71F9F7B6FA002800D1D3
S11394A0ADE0234B0AAC40331878F9F797FF204B13
S11394B01F4D3E331878F9F73BFF1D221C4B20004B
S11394C041331B7822702371F9F79EFA184B423509
S11394D0587AF9F7F9FE48232E78237033005A1E80
S11394E0934120002371F9F78FFA00B92E703023CD
S11394F02370263B63602000F9F786FA244D280088
S1139500FFF7C8FB297E45E00C6100208D1D00009B
S11395102D310000ED310000310C0000F860002016
S1139520330C000059420000370C0000390C0000D5
S11395309451002090530020F45E0020385F0020F6
S1139540D053002000040001B1080000C10800004D
S1139550D108000005660000C14C00002055002021
S1139560314D00004109000029090000590900009B
S1139570085800206C59002018580020A0530020DF
S11395800C5F00208452002000400020E44E0020A4
S1139590BF51002011B13E48F9F75AFF02213D4B5B
S11395A03D4D9A7A2B798B43002B48D00023394ABE
S11395B02B60967A012E25D1334209D04B23EE88B5
S11395C020002370A680F9F71FFA00B9EE80002668
S11395D002232A681A4258D0AF684A332000237005
S11395E06760F9F711FA00B9AF605EB13000FAF7BD
S11395F023FD07E014230293029819B0F0BD2570EF
S11396004FE72B600026254F2E71FC37BB6C012BD6
S1139610F2D140F28C2503332371204B21005B5996
S11396200A961878F8F740FD1C4BBE645B59E0338A
S113963018780228E0D11E70F8F7ACF8DCE7012AAC
S1139640DFD1174F174938002B60FAF767FC060083
S113965068B9BB695B691B899BB1FA6899189B5A05
S1139660052B10D906221048043102F0C2FA0C4826
S1139670FAF706F830434242504103234042034084
S113968095E72226F3E70326F1E71E43AEE7C0463B
S1139690D851002094510020E8500020D0530020DD
S11396A0484E002078D40000EE50002010B5052864
S11396B00ED1084B1A7A052A06D01A00002143322B
S11396C01170054A0231117105221A72FFF724FD47
S11396D010BDC04694510020E850002040F2892279
S11396E0104B9A5C920704D540F231229A5C012A0D
S11396F00AD940F28C229A581100E231097819B142
S1139700E432116801311160002240F20C215A54F4
S113971004315A5401395A540221FC339A6C8A4355
S11397209A647047D05300200023F0B5B1B002937F
S11397300C930D93F8F706F9E84B029A01209A600E
S1139740DA605A60E64A1A60FEF7C6FA0320FAF7AE
S11397503DF80298FEF7C0FAE24A029B13701378B0
S1139760DCB2002BFBD12000FEF790FAFEF72CFBB5
S11397700120FEF78BFA40F2E8310800FAF702F90B
S11397800120FEF7F3FE0220FEF7F0FED64B1C8606
S1139790D64B1C80D64B00215A5E013201D00922DF
S11397A01A80D44C0021625E013201D00C22228046
S11397B00020185EFFF7BAFA43425841CE4B1870A6
S11397C00023E05EFFF7B2FA43425841CB4B01302D
S11397D01870CB4B1A00A4320020115E013101D065
S11397E01321118014215A5E013201D021229A8260
S11397F028215A5E013201D028221A8500215A5E9E
S1139800013201D00E221A80BE4B00215A5E013271
S113981001D019221A800020185E0121FFF794FA62
S1139820B94CBA4B621CA360B94B6360B94B636219
S11398300023A362D377EFF31081012282F310880F
S11398404020B54D6B6883436B606B6881F310886F
S1139850A36860680393457A016A0495AE038D7822
S11398600F792E4320253543CE78ADB2AC4676032E
S11398703D032E43457B0378ED01A8483543284337
S1139880039D80B20590FE35688D049E80B2002E43
S113989000D077E166462A850D784978ED032E439A
S11398A0B5B2AC461D000835AA40490289B292B24D
S11398B0012F00D064E1904301229A40039D039E4E
S11398C0FE35AF8D92B25B00F3181743AF851F00CE
S11398D06646FE377E82059E90437E8319806885A6
S11398E00121AA841720884AFEF7C7F98C4B02226B
S11398F023608C4B0021186840F20043806801F01B
S1139900BFFD894B5D78002D00D085E00121874C97
S113991059707E4B2582E360854BA562A360854B1D
S113992025706362EFF3108281F310887A483F3127
S113993043688B434360436882F3108840F20F0C02
S113994066467D48E368017803938F00BE40637CDC
S1139950C9030493039BFE331A8DB2438678BE4039
S1139960324392B21A858AB2232105921143049A92
S1139970039E5200B2181700FE3779826F49012600
S1139980798341780498490289B211800122824086
S1139990988D92B2844690439885DF8E588D974374
S11399A01043DF865885604602439A85644B07203E
S11399B01A7816431E70049B039A0133DBB25B00D2
S11399C0D3181A00FE325081059E1C30FF303043FC
S11399D0508244F2974050831980220029001B20B2
S11399E06561A561E5612562FEF747F9A368DB7A45
S11399F05BB2213304D0220029001420FEF73DF984
S1139A000223504D0021AB841220484AFEF735F959
S1139A100123AB844C4B63604C4B4D4C012004251B
S1139A206360FEF759F940F240320221494B0120AC
S1139A309D505219995040F6600348F20001464A7D
S1139A40464ED152FEF722F9454B464A2360464B17
S1139A5046499A6100221A75454BDA601A6101324F
S1139A60336059601A72EFF3108182F3108810206A
S1139A70294CE2688243E260E26881F310883D4C3D
S1139A80A279120700D0A1E08222A272A27A442114
S1139A90D20902B9290038480278551C05700AB960
S1139AA04032A27101255A68E171127C3349500891
S1139AB02A40920002359540401801782943C9B2E2
S1139AC001705B68187803286DD80122524202F0B5
S1139AD061FA6500FB0302040604C046B85E002078
S1139AE0434743000CE8014000020A4060020A4078
S1139AF0685E0020545E0020C85B00200540002002
S1139B00DC5B0020B45B0020C85E002000200A401B
S1139B106CDA000075090000FC6F044007C0FFFF09
S1139B205355415330400020345200200452002049
S1139B3090DA0000211400000C4000209780FFFF01
S1139B4000100A40FE200A4055554153B0DA000087
S1139B507C5E00200060004000E00140B05E002018
S1139B604D504C5279500000105D002084D5000007
S1139B70885E002000380A40845E002008380A40CD
S1139B80104399E64A791A4322B903490432CD783D
S1139B902A43CA7000218FE600100A40DF4A1B7C6A
S1139BA09B18FF221A70DE4A02212120FEF765F875
S1139BB04423E371453B23801B3323736833A3722F
S1139BC0A27A423B1343A3721C23E372D54AD64BB9
S1139BD0042553600023D54F15813A60D360136187
S1139BE0EFF31080012181F31088D14BDB688B43A4
S1139BF0CF49CB60CB6880F310888023CD491D20EA
S1139C000B870B0048F20001D9820221CA4B49425A
S1139C10198049195581FEF730F8A37930689C46BC
S1139C206646027AE37A4068217B93433243C669ED
S1139C300078C9B2032805D13078012800D155E352
S1139C401020834321730121E372A271A379BB48DD
S1139C500B43A3710423A2791343A3713B68B54A50
S1139C605B899386B64BB74A136040F20022002307
S1139C704260B54A03608260B44AB548136002602A
S1139C801F20D080B34AB44813600023C3563BB9A5
S1139C90B24BB34A01701A60B24A5A60B24A9A602F
S1139CA00022B24B9A560AB901321A70B04BB14A2B
S1139CB000211A60B0483C22F8F71EFD40F2001360
S1139CC0AD4A00201360FAF7CBFAFFF725FA09280A
S1139CD000D010E3A948F7F7C9FEF7F7EFFEA84A4A
S1139CE013785BB10023954913708979984A49B276
S1139CF01268012900D02BE302331370FCF71EFB1A
S1139D0024A8F7F735FE9F490A78531CDBB20B7081
S1139D100AB9F7F732FE249B83F3108800239A4A8A
S1139D2024A814681360F7F723FE964A1378013BBE
S1139D30DBB213700BB9FAF70BFB249B83F3108887
S1139D40924F002C00D11EE2E3B2089320231C4260
S1139D5000D137E1FBF7FEFFFAF758FF40F2B013EA
S1139D60FE588B4B00241A685B68801A99412500C1
S1139D70864204D940F2B413FC58351A241A854E8D
S1139D803000FBF7A1F940F288133000FD50043392
S1139D90FD50FBF7E7F8804D2800FBF795F940F2FA
S1139DA09C132800FC500433FC50FBF7DBF840F212
S1139DB08C23FB581A00E0321278022A03D040F2B6
S1139DC01022BA5C52B31B780024052B16D1734BB6
S1139DD0734C1A68544343F23902A4181C60714B43
S1139DE0B4FBF3F3DA07D31AE41A40F2D17394FB09
S1139DF0F3F25343E41A40F2E833E41840F2B413A4
S1139E00694DFB582800E418FBF75EF940F2F8139B
S1139E102800FC500433FC50FBF7A4F8564B1B6895
S1139E20DB0750D56148F9F76BF90024524B343302
S1139E301B78A34201D900F02DFC5D48F7F716FE0C
S1139E40002201211000F8F74DF85948F7F70EFEEB
S1139E50002201211000F8F745F85548F7F706FEEF
S1139E60002201211000F8F73DF85148F7F7FEFDF4
S1139E70414B0022986A0A21F8F734F84C48F7F766
S1139E80F5FD3D4B2C331B78012B01D000F00CFC6D
S1139E90394C4848F7F7EAFDE0690022052180B211
S1139EA0F8F720F84448F7F7E1FD237E0020022B61
S1139EB002D8424A5B00985E0022052180B2F8F77E
S1139EC011F8F7F7FBFD40F28C23FA587B3BFC5C5E
S1139ED0E33BD4542E4B186859681378052B0FD1E3
S1139EE00733634340F2B414354D145D5B195B7A58
S1139EF05B01002C00D1E6E35B19D0331860596094
S1139F0040F210239932FF3210605160FB5C002B49
S1139F1058D140F24922BB5454E0C04600380A40AC
S1139F20885E00209C5E002064D50000B45E0020A2
S1139F30FC6F0440FE260A4004260A40E851002033
S1139F4000D80000485D0020E64E0020804D00202F
S1139F50084000207C4D00204E5D00203C5D002028
S1139F60645D00204F5D002014001400F4510020B3
S1139F70005200205D0C0000645B0020E0CE000075
S1139F80E4510020385D0020C8530020D053002045
S1139F9078560020585500206C55002000400020C1
S1139FA06D4EC641FFFFFF7FC85500206CCF0000F7
S1139FB0F2CB000070CF000078CF0000C4D70000BF
S1139FC0805600201022089B134200D1ACE00021EF
S1139FD0203224A801F052FB002128221AA801F003
S1139FE04DFBC94BC9480E215A5E9D8903929E6858
S1139FF01B7C02785BB2069340F28C23F95840F242
S113A0003124CB6CE031079301239A43027000237F
S113A01040F24C220398BB541E3AB85206980232BE
S113A020B8545832BA5C3A5540F22222BB52033239
S113A030BB540332BB500432BB520632BB5402320F
S113A040BB50143ABB541832BB500432BB5440F2D8
S113A05040230022F8180023026043600B780BB9F8
S113A060FBF798FE3B5D13B9A948FBF72DF8A94B04
S113A0701B68DB074CD5A848F9F742F80024A54231
S113A08000D929E3A548F7F7F1FC0022052103983C
S113A090F7F728FFA148F7F7E9FC00220321069807
S113A0A0F7F720FF9D48F7F7E1FCF6F727FB0121BE
S113A0B0800908400022F7F715FF9848F7F7D6FC07
S113A0C0944B00221C0018690A21F7F70BFF9348F0
S113A0D0F7F7CCFC237D012B00D004E39048F7F77D
S113A0E0C5FCA0680022052180B2F7F7FBFE8D486D
S113A0F0F7F7BCFC23790020022B02D88A4A5B00C4
S113A100985E0022052180B2F7F7ECFEF7F7D6FC43
S113A1100120F7F7E3FB002D00D0F2E240F2212307
S113A1200122FA54FCF78EFA089B1B071DD540F256
S113A1308C23FB58E0331B780BB9FBF72BFEF7F7A6
S113A140CFFA40F249230220F854F7F7C7FB40F254
S113A1501023FB5C1BB140F20F230122FA5440F29E
S113A16089222023B95C0B43BB54089B5B0703D5AE
S113A17006210520FAF734FA089B9B0703D504212E
S113A1800320FAF72DFA24A8F7F7F2FB67490A78B7
S113A190531CDBB20B700AB9F7F7EFFB249B83F374
S113A1A010880023624A24A814681360F7F7E0FBC0
S113A1B05E4A1378013BDBB213700BB9FAF7C8F8A7
S113A1C0249B83F31088002C4AD0E5B2E4071FD502
S113A1D040F21123FA5C593BFA54D433FA5840F252
S113A1E0BB111300FF33987A7854997F40F2C81357
S113A1F0F954002340F2C9117B5401317B54B53327
S113A200FF33D25C4B4917334B48FA54FEF756FAE6
S113A210AB0721D540F21123FA5C453BFA54C03315
S113A220FB583B481A00FC32116940F2D012B95075
S113A2301A00FF32917F40F2DC12B954002101323E
S113A240B95401320131B9542A3A9A5C40F2DF130D
S113A2503A49FA54FEF732FA6D0701D5FCF7EAFEE3
S113A26040F28923FC5C20231C4201D100F06DFEE6
S113A27040F28A230022FA543A00FC32936C190605
S113A28002D582218B43936404252C4201D100F032
S113A290E2FD0020F7F73CFB002801D100F0D4FDDB
S113A2A0274AD1680B7D3BB108005368926810308F
S113A2B09A4201D000F0B7FD3A000221FC32936CBF
S113A2C08B43936400F0C7FD1B7C1E495B085B0055
S113A2D05B181A8067E400236380228063E4DB69EF
S113A2E01B78012B00D05EE462805CE414202943D7
S113A2F083432A43A6E4142801D11348EBE403283A
S113A30000D0ECE41148E6E4A8530020C853002030
S113A3106C550020645B00206CCF0000F2CB000081
S113A32070CF000078CF0000C4D70000385D002053
S113A330A453002088550020585500209C55002027
S113A3409053002000380A4016CF00003DCF000093
S113A3500121B948817140F20141118002000020BD
S113A360115E0220125E1800914221D0B24D0021EC
S113A3706A5E02216C5E0021944210D00424295F9D
S113A380013292FBF1F46143521AA968AD798C1839
S113A3906DB2895C012D00D02070A74C2280A74AA1
S113A3A09A18127852B28A4223D10133042BDDD198
S113A3B0A34B1B685C78082C16D0DB7813B1A1483A
S113A3C0F7F754FB230034B10123042C03D00333E7
S113A3D0072C00D1023B9C4ADB009B185868F7F716
S113A3E045FB9848F7F742FB0023934A93711360A7
S113A3F084E4DBB2022B07D00022032B00D045E11A
S113A4008F4B1B681A80D3E78B4B00229F5E9A68A0
S113A410D7192B2964D18A4B1B68DA8808928B4A96
S113A420166840F201421A8000230393844B089A71
S113A4301C68039B9342BBDAB589002D00D19DE0D3
S113A4402A003900306901F0C3FB002800D088E0FD
S113A450039A7B19A2807D573D2D43D03F2D00D117
S113A460FEE0002D00D10DE10223237079E0C9B292
S113A47008003038092802D9413905290FD8013399
S113A4801EE00300413B052B0CD8373840B253681B
S113A49098478DE701204042591CF8DA1EE0092351
S113A4A05B421BE001204042F1E708320023D3560F
S113A4B0002B00D17CE7002179569942F5D13B006D
S113A4C0012159560029D2D1DB1B1BB2012BE1D14A
S113A4D078780300303BDBB2092BD2D858B2D6E7E8
S113A4E05B4AE3E701229A56DAB35D1C2B00059020
S113A4F000229A5652B9574B1B785BB20993564BBC
S113A5009C46059B93421EDD00230EE02C2A02D0BC
S113A51001229A561AB9059A013252B205920133B0
S113A520E6E75C1C2C2803D02300E8560028F8D169
S113A5301BB20493002B2BDC474B1A6800231ABB75
S113A5400BB1F7F75DF805223D4C23681A703368A8
S113A5502BB138009847002223681A705870F7F717
S113A5604FF8374B1A681378002B00D120E7052BDE
S113A57000D11DE7022B01D1013B1370039B14365C
S113A58001331BB2039351E7013312681BB2D6E7C0
S113A5900020049BE854099B002B01D100F04EFEDF
S113A5A02E490823C85E0690002801DC00F046FE10
S113A5B00C000B680A20085E0A90606807900799EF
S113A5C0411A09B20C000A99A1420ADD411C0C008F
S113A5D00021415611BB069C2049013C0C810121FC
S113A5E0017004995D6019811B49086830B10468E1
S113A5F0834216D118490C600021016000211960C2
S113A60061460868B0B1040000680028FBD12360EB
S113A610049B01320133ED1852B272E720000C336F
S113A620CDE7040000680028E8D08342F9D1196816
S113A6302160E1E70B60EBE7E8510020FCD7000064
S113A64008400020E4CA0000CCD70000485D002088
S113A650ECD700004E5D00207C4D00203C5D0020C6
S113A66001255D57002D00D07BE705232370736817
S113A670002B00D175E738009847CD4B1B681D703F
S113A68058706EE705232370B368F1E7C84B1B6865
S113A6901A708DE6C74B02211B6B185D0134F7F766
S113A6A0F1FBE4B2FFF7C2FBC348F7F7DFF94CF262
S113A6B05033C04A0020D2699A4200D1323000227D
S113A6C00221FFF7FCFBBD4C1B191C00D034206099
S113A6D06160C833FFF712FC305D02210134F7F7E3
S113A6E0D1FBE4B2CBE4B448F7F7C0F94CF25033F1
S113A6F0B04A002092689A4200D1323000220221EE
S113A70002E5337809935B09032B00D15EE1052B45
S113A71000D157E1012B00D06FE32B001022113B35
S113A72093439BB2002B00D0F8E4EBB21AAC039332
S113A730237140F28C23FA581A96D83BD35C002B31
S113A74000D0EBE4701C013D03000222A9B2F8F72B
S113A750C1F8002800D0ECE01A99002900D0A4E048
S113A76010241AAB1B7CDA43120701D100F045FD1B
S113A7701B071B0F10AA137340F28C23FB5810A95C
S113A7801A00FF32927F18784A73072213A9F6F74A
S113A7908FFF002C01D000F034FD002801D100F01F
S113A7A030FD40F28C23FC583121200010ABC91835
S113A7B003224830F7F75CF821001D9B1AADE364CF
S113A7C02B7CFF315A06520F8A72DA43120703D0E8
S113A7D01B071B0F4B744B761AAB5A7C02B9013220
S113A7E040F2E8335343220040F2E831F832136078
S113A7F05B18536023000122FF335A7240F2B213F4
S113A8000022E2542378052B2CD1032420000134A8
S113A810E4B2FDF7BFFA102CF8D1039B212B21D110
S113A820093310AA9B18DB7FE3B95022642616ABC8
S113A8301A721AAD0D3C0021EB7C2A7D1B02120416
S113A8401343AA7C17911343734316AA169323B197
S113A85014A814920471F7F797FD0134E4B2033598
S113A860082CE8D140F28C230221FA58D83B00206E
S113A870D154F7F74DF818B100210800F7F712F892
S113A88040F23123FB5C012B00D9C5E240F21023D6
S113A890FB5C002B00D0B7E240F289222023B95C94
S113A8A00B43BB54F6F71CFF3EE42E200B78032227
S113A8B0637110ABC0180131F7F78CFB31201A9982
S113A8C010ABC01803220431F7F784FB1A9D04224D
S113A8D0E91D1DA8F6F7CCFFEB7A23742B7B637478
S113A8E02379212B27D129003A2010AB0D311022D6
S113A8F0C018F7F76FFB1D211A9E042223A87118B4
S113A900F6F7B6FF00202E4D1AAC2B68987022790A
S113A910636A043A92B204935EB116AB00933100B9
S113A92002231690F7F7F0FE18B9169B049A9A4280
S113A93006D00F2415E7112B00DD11E70D21DBE70D
S113A940E279237A12021B04A1791A432B680A4381
S113A950996803248A4200D103E740F2A0219A6057
S113A96002227858043302437A50312210A9521833
S113A9702E2110A809180820F7F79CFD04000028D0
S113A98000D0EEE6312210A952182E212B6810A80F
S113A990091804330720F7F78DFD0400002800D0C0
S113A9A0DFE601222B685242D8601A61D9E6C0461C
S113A9B008400020645B00207BCF0000805600200C
S113A9C0A053002040F220230122FA5440F28C22AA
S113A9D040F22423BA5800211278FB5C052A02D1E4
S113A9E0A04A5BB2D15C2A000D3A131C120400D5B4
S113A9F000231BB28B4201DDFFF790FB0B2D01D826
S113AA00FFF78CFBFF2224AC2EAB2496200025718B
S113AA101A70F7F779FD0600002801D0FFF77EFBD6
S113AA2023891193269B049340F23823049AFA5005
S113AA30207B0F2302001A40184204D0423310A98D
S113AA405B18DB7F83B92EAB1B78002B47D0002A21
S113AA5001D0FFF763FB512310AA9B18DB7F5A1E1A
S113AA6093410233059300E00596079B049A9342B1
S113AA703FD040F28C23FB5800211D001E005435AA
S113AA80513624224A43AC58A446049C644528D138
S113AA90B45C34B39A18110052310978926EE033E1
S113AAA0079115681A780323022A00D0023340F272
S113AAB03122BB54059B032B01D0FFF72FFB6023EE
S113AAC0184201D0FFF72AFB079B042B68D8180013
S113AAD001F060FAAD03AA034D00A703B0030123FC
S113AAE0C0E701310429CCD140F221230B22FFF726
S113AAF018FB042300250793013B039324ABDC8953
S113AB000023039816A91693FDF724F9002842D1CF
S113AB10169D6B1C04D0ABB2E31A002B2ADDEC1893
S113AB200023039816A91693FDF714F9E8BB169BA6
S113AB30A34201D3013338D124A8F7F7E5FC00225E
S113AB4098BB494993005B1819780798814229D129
S113AB505A789B780B920F930499269A24AB9142CE
S113AB6025D00B2340F22122BB54FFF7DBFA012648
S113AB700623C2E743B9093340F22122BB5440F211
S113AB803423FD50FFF7CEFA80232D0C2D042C190D
S113AB905B02E418C4E701230728EDD10833EBE78F
S113ABA00123E9E70132052ACBD10C23DAE7249A01
S113ABB007921A79DB6A043A0E926A461093128F4E
S113ABC0079B0A92002BF0D0130040F2001293422C
S113ABD0EBD816AD00212800F03AF7F78DFD492394
S113ABE0169340F20013AB80119B0E9AEB80049BEA
S113ABF0EA731B0C2B72049B6C811B0E6B72230C6F
S113AC002B73230E6B730023AB73149314AB009359
S113AC1028000F9B0A9A0799F7F776FD0028C4D1FC
S113AC20149B109A9A42C0D1512310AA9B18DB7F1F
S113AC300BB907330B932EAB197801230B9A0093AE
S113AC402D98049B0194F8F70DFA002876D1039807
S113AC50064B04381B6803280AD801F087F9676992
S113AC606B6DC046A4D500000F400020A053002007
S113AC701C61002240F2212340F22520FA540133C2
S113AC80FE5424AB1B7BD906C90F395440F228214A
S113AC907A5004317A549B0608317C50DB0F023918
S113ACA07B5417317A5403317B5440F23123F95CDD
S113ACB0012903D85B33FB58E4331A60604C012E3E
S113ACC040D140F220230222E25440F24823E25CC5
S113ACD024AB1B7B012905D8012A01D19B0601D590
S113ACE0FEF782F840F23123059AE35C24AD022A90
S113ACF07ED0032A08D0297B0907090F012A51D0E5
S113AD00069A28A8FDF77CF8512310AA9B18DA7F2D
S113AD1040F22323E2546A6A0533E2502EAB1A78D8
S113AD2040F22C23E2540122013345E05C61A0E7A8
S113AD309C619EE7DC619CE71C629AE7022800D1D3
S113AD400FE732E740F28C23E2581F23099840F2C0
S113AD508F159843030040F22020A02B1ED19F3B67
S113AD605355B233FF33D35C1BB92F9DB933FF3333
S113AD70D550012323549942A7D940F2402341F6E8
S113AD804072E01800230260436040F29823E01808
S113AD902C4B1A685B680260436096E700235355A6
S113ADA0235492E7069A28A8FDF72AF8512310AAFB
S113ADB09B18DA7F40F22323E254512310AA9B18F4
S113ADC0DA7FE02A0DD140F28C23E158CF3BCB5CF3
S113ADD03BB940F2232162544932FF32A35004327A
S113ADE0A35240F289220223A15C0B43A35447E5FA
S113ADF02EAA1178686A069AD6E740F22123012226
S113AE00FA54FBF71FFC3BE540F24C23FB5C002BA0
S113AE1000D141E5FBF7F6FB40F23123FB5C022B4A
S113AE2000D13FE538E51D78002D00D110E28342C2
S113AE3002D10B00FFF73CFA0433FFF739FAC0469E
S113AE40D0530020A85300202800F6F761FD002805
S113AE5001D0FFF731FAE30727D540F24823FB5C22
S113AE60002B00D0E7E040F28C23FB5840F20C2189
S113AE701A00FF32795C527A91420BD2A40700D4B3
S113AE80F3E0E0331B782BB140F23123FB5C002B61
S113AE9000D0EAE0A24C2000FAF716F92022783C10
S113AEA0A36C9343A364FEF719FC3B0040F2892191
S113AEB0FC339B6C7A5C1BB1012B2CD153072AD534
S113AEC005207B5CD4B283437B54012340F28A2166
S113AED07B541A4205D03B00FC33DB6C91481B6861
S113AEE09847640711D500258F4CE3681B7D0393B5
S113AEF0039BAB4200D0D1E0E3681B7D2BB140F251
S113AF0089220423B95C0B43BB5440F289222021DB
S113AF10BB5C8B43BB543B00FC339B6C23B9834B1E
S113AF201C68002C00D0E3E040F2A02440F28A2305
S113AF3001223859FA5440B13B00FC331B6D13B164
S113AF409B6803B1984700233B5140F289241025A4
S113AF503B5D2B420AD0052324A803803B00FC332D
S113AF60DB6CDB6898473B5DAB433B5540F2892281
S113AF700221BB5C0B4207D08B43BB543B00FC3328
S113AF80DB6C6B485B6898473B00FC339B6C012B84
S113AF9007D040F28823FB5C023B012B01D8F6F773
S113AFA0AFFBF6F759FD002801D1FEF798FE72B603
S113AFB0BFF34F8FBFF36F8F40F28C23FB58E03306
S113AFC01B78022B30D05B4B1B786BBB5A4B1B6836
S113AFD053BB5A4B1B68DB0500D4B5E072B6BFF314
S113AFE04F8FBFF36F8FF6F737FDC0B10120F6F72F
S113AFF001FD10250226524C276862B6BFF34F8F1D
S113B000BFF36F8F23689F427AD072B6BFF34F8F1E
S113B010BFF36F8F23682B4278D00023236062B67E
S113B020BFF34F8FBFF36F8F62B6BFF34F8FBFF382
S113B0306F8FFEF754FE012B17D140F20F23FB5CF8
S113B040002B00D131E740F20E2340F20D22FB5CCD
S113B050BA5C9A4216D9A40703D540F24C22BA5CD2
S113B060C2B940F20E220133BB5440F2892220219E
S113B070BB5C8B43BB5440F20F230022FA54FBF712
S113B080D9FF12E740F24C217A5C1AB940F2102041
S113B0907A543A5440F24D22BB54FBE640F260210C
S113B0A040F2612063681A787A54597839549E784A
S113B0B0CEB1236823489B689847E268137D4BB15F
S113B0C0013B1375130060681033011D984200D1D1
S113B0D01100616026B90D9A02990C98FDF746FE9D
S113B0E00135EDB204E7DB7802910D930C92E4E7AD
S113B0F02079F6F7CBFB002800D0A2E0246810E703
S113B100F6F7AAFC002800D07CE77EE723683342E8
S113B11083D1F6F7A1FC002800D06CE77DE7C04698
S113B12044550020185600209053002084520020DB
S113B130F0550020085D0020A4530020645B00202B
S113B1407C5200203056002072B6BFF34F8FBFF3FD
S113B1506F8FF6F781FC002800D160E70120F6F735
S113B16049FC012540F660062800FCF7B5FD3D4B7F
S113B1705A681178022905D0002303290DD12832F9
S113B180127852B9384B1A6800235202D10F9A42EE
S113B19003DB364A137B1173DBB2354A925BBFF390
S113B1A04F8F30BF2F4A52681178022904D00329E7
S113B1B008D1283212782AB92B4A1268520201D4D3
S113B1C02A4A13732800FCF761FD62B6BFF34F8F60
S113B1D0BFF36F8F72B6BFF34F8FBFF36F8F254CE2
S113B1E02368DB0600D518E723689B0700D514E71E
S113B1F0F6F732FC0028B7D10FE7002C01D1FFF796
S113B200D0FA0020F6F784FB002801D1FFF738FBC1
S113B21000210820032C01D1FFF730FB0720FFF7A2
S113B2202DFB0126072368E40523079E65E4012618
S113B230042362E4059B012603935FE400231B813E
S113B240FFDE40F289221023B95C0B43BB546BE64A
S113B2505B78002B01D0FFF72FF840F20C22BB548F
S113B260FFF72AF87C5E0020FC6F04400054004085
S113B27000E001407C5200207FB5140006000D0060
S113B28010220021684600F0F9F97F2C02D1032036
S113B290022D0AD06B462A0010213000F7F71AFB62
S113B2A018B969462000F7F745FB04B070BD0000EB
S113B2B010B507490748F8F731FE08B10E2802D146
S113B2C00448FDF73DF90348F8F7DAF910BDC04624
S113B2D078D40000484E002010B506490648F8F717
S113B2E01DFE10B90448FDF72BF90348F8F7C8F917
S113B2F010BDC046E4D40000F8500020002310B56F
S113B300040003604360836081814366C2810361FA
S113B31043618361190008225C3000F0AFF90B4BE4
S113B320246263620A4BA3620A4BE3620A4B2363FF
S113B3300A4B9C4205D00A4B9C4202D0094B9C42CA
S113B34003D12000583000F0EDF910BDE5B5000040
S113B3500DB6000045B6000071B600001C61002067
S113B36084610020EC61002010B5034A03490448BD
S113B37000F06AF810BDC0462440002039BA00002D
S113B3803440002041680B4B10B50400994201D0B1
S113B39000F052FBA168084B994202D0200000F053
S113B3A04BFBE168054B994202D0200000F044FBBE
S113B3B010BDC0461C61002084610020EC610020A7
S113B3C010B5094B094A04211A6009480022FFF705
S113B3D095FF012209210748FFF790FF022212215D
S113B3E00548FFF78BFF10BD5462002069B30000CD
S113B3F01C61002084610020EC61002010B502482B
S113B40000F091F910BDC0465D62002010B50248FD
S113B41000F08AF910BDC0465D62002010B504003A
S113B420FFF7ECFF236A13B1FFF7F0FF10BD044BE5
S113B4302362044B1B68002BF6D1FFF7C1FFF3E72F
S113B44085B3000054620020F7B514000026009074
S113B4500191A5686768013F04D52468002CF8D1E0
S113B4603000FEBDAB89012B08D90E22AB5E01333F
S113B47004D029000098019B984706436835EAE701
S113B480F0B51D00554B85B01E6804000F000092F6
S113B49026B1336A13B93000FFF7C0FF009B022BBB
S113B4A005D0012B00D996E0002D00DA93E0636EFD
S113B4B0DB0705D4A3899B0502D4A06D00F033F902
S113B4C02100300000F0B8FA616B41B1230044332D
S113B4D0994202D0300000F029F90023636300236D
S113B4E0A3616360A3891B0603D53000216900F0C2
S113B4F01DF9A3893A4A1340A381009B022B60D013
S113B50003AB2100300002AA00F0BEFAA389034372
S113B510A3812DBB029D280000F050F9019507007E
S113B520002848D1029B0193AB423ED101256D42D4
S113B5300C22A35E02221A43A2810022A2602200EE
S113B5404732226022610122616E6261114204D19C
S113B5509B0502D4A06D00F0E7F8280005B0F0BD0B
S113B560002FD8D0336A13B93000FFF757FF009B80
S113B570012B03D1A389009A1A43A2810C22A35E52
S113B58008221900276027616561114013421CD00D
S113B590DA0718D500226D42A260A561626ED20757
S113B5A001D49B0513D50025D7E7019800F006F9CF
S113B5B007000028BAD08023A289019D1343A381E8
S113B5C0D0E70025B4E7A560E8E7A160E6E7A06D51
S113B5D000F0AAF8E7E701256D42BEE730400020FD
S113B5E05CF3FFFF70B50C000E25495F00F070F8A6
S113B5F0002803DB636D1B18636570BDA389024AD1
S113B6001340A381F9E7C046FFEFFFFFF8B51F0021
S113B6108B8905000C001600DB0505D50E23C95ED9
S113B6200022022300F042F8A389054A28001340AF
S113B630A38132000E23E15E3B0000F05BF8F8BD0D
S113B640FFEFFFFF70B50C000E25495F00F02EF8E8
S113B650A389421C03D1054A1340A38170BD41F262
S113B66000021343A3816065F8E7C046FFEFFFFFC4
S113B67010B50E23C95E00F009F810BD030082184E
S113B680934200D1704719700133F9E7002370B574
S113B690054D040008002B6000F0F6FB431C02D1AA
S113B6A02B6803B1236070BD5862002070B504009C
S113B6B0080011001A000023044D2B6000F0D3FB96
S113B6C0431C02D12B6803B1236070BD5862002073
S113B6D070B50400080011001A000023044D2B600B
S113B6E0F6F75EF9431C02D12B6803B1236070BDE9
S113B6F05862002070B50400080011001A000023ED
S113B700044D2B60F6F741F9431C02D12B6803B1B9
S113B710236070BD58620020014B18687047C04612
S113B72030400020704770477047000070B5050036
S113B7300C0079B1043C2368002B00DAE4182800DB
S113B74000F0E8F81C4A13682BB963601460280001
S113B75000F0E8F870BDA34208D9206821188B4294
S113B760F3D119685B6809182160EEE71A005B6879
S113B7700BB1A342FAD911685018A0420BD120682A
S113B7800918501811608342E1D118685B684118A8
S113B79011605360DBE7A04202D90C232B60D6E78B
S113B7A0206821188B4203D119685B68091821604D
S113B7B063605460CBE7C0466462002010B5034B5D
S113B7C00100186800F026F810BDC0463040002083
S113B7D070B50F4E0D003168040011B900F0DEF9A8
S113B7E030602900200000F0D9F9431C03D1012561
S113B7F06D42280070BD0323C51C9D43A842F8D0A8
S113B800291A200000F0CAF90130F2D1EFE7C0464E
S113B81060620020F7B50322CB1C93430833050074
S113B8201F000C2B34D20C27B94233D8384E2800D1
S113B83000F070F833681C00002C2FD13900280068
S113B840FFF7C6FF0400431C5FD134680094009BDB
S113B850002B4AD1002C52D023682800E318009909
S113B860019300F09BF9019B834248D1236828008F
S113B870FF1A3900FFF7ACFF013040D02368DB1911
S113B880236033685A68002A33D1009B336019E07F
S113B890002BC9DA0C232B600020FEBD2168C91BD4
S113B8A020D40B290AD9E2192760A34204D13260BB
S113B8B063681160536005E05A60F9E76268A34267
S113B8C00ED13260280000F02DF8200007220B3042
S113B8D0231D9043C21A9842DFD01B1AA350DCE701
S113B8E05A60EFE723006468A6E7009C636800934E
S113B8F0ADE71A005B68A342FBD10023DAE70C230F
S113B90028002B6000F00EF8C6E70760DAE7C046AF
S113B9106462002010B50248FFF705FF10BDC04661
S113B9205C62002010B50248FFF7FEFE10BDC04661
S113B9305C620020F7B50C228B5E05000C001A0730
S113B94053D44A68002A02DC0A6C002A4BDDE76AF9
S113B950002F48D0002241F200002E682A601A000D
S113B960216A0240034230D0626DA3895B0705D58A
S113B9706368D21A636B0BB1236CD21A00232800BC
S113B980E76A216AB847A289431C06D129681D29A0
S113B99044D8284BCB40DB0740D5002363602369A0
S113B9A02360D20404D5431C01D12B6803B960651C
S113B9B0616B2E60B9B123004433994202D0280050
S113B9C0FFF7B4FE002363630DE001232800B847AA
S113B9D00200431CC9D12B68002BC6D01D2B01D0FB
S113B9E0162B1AD12E6000201EE00E69002EFAD00C
S113B9F00F680E60BA1B019200229B0700D14A69AE
S113BA00A260019B002BEEDDA36A32001F00280018
S113BA10019B216AB847002807DCA2894023012042
S113BA2013431BB2A3814042FEBD019B36181B1A6F
S113BA300193E6E7010040200B6970B505000C0096
S113BA4013B90025280070BD18B1036A0BB9FFF7BC
S113BA50E5FC0C22A35E002BF3D0626ED20704D463
S113BA609B0502D4A06DFFF75EFE28002100FFF7BE
S113BA7061FF636E0500DB07E4D4A3899B05E1D471
S113BA80A06DFFF751FEDDE770B50E001D000E231B
S113BA90C95E140096B000290CDAB2898023110023
S113BAA019401A4214D140F2004300202960236057
S113BAB016B070BD6A4600F04FF80028EDDB4FF277
S113BAC0000301991940044BC9184B425941EAE754
S113BAD000214023E9E7C04600E0FFFFF0B502265D
S113BAE08B8905000C0085B0334207D0230047330F
S113BAF0236023610123636105B0F0BD03AB02AA97
S113BB00FFF7C2FF029F019039002800FFF782FE71
S113BB1040B90C22A35E9A05EED4032293431E433C
S113BB20A681E3E78023A28920601343A381039BBA
S113BB30206167615BB128000E23E15E00F01EF80E
S113BB4028B10323A2899A43023B1343A381A38907
S113BB50019A1343A381CFE7002370B5064D040077
S113BB60080011002B6000F0D7F9431C02D12B68A8
S113BB7003B1236070BDC04658620020002370B535
S113BB80054D040008002B6000F0D3F9431C02D1DA
S113BB902B6803B1236070BD58620020002370B588
S113BBA0054D040008002B60FCF7B8F8431C02D1D3
S113BBB02B6803B1236070BD5862002010B5034B9D
S113BBC001001868826800F01DF810BD30400020A4
S113BBD030B5050010005AB10024013A2B5D085D10
S113BBE0834204D1944202D00134002BF6D1181AB6
S113BBF030BD002310B59A4200D110BDCC5CC454B2
S113BC000133F8E770B506000D00140018B1036A9B
S113BC100BB9FFF703FC636EDB0705D4A3899B050F
S113BC2002D4A06DFFF77FFDA368013BA360002B46
S113BC3005DAA269934212DBEBB20A2B0FD0236818
S113BC405A1C22601D70EDB2636EDB0705D4A38914
S113BC509B0502D4A06DFFF767FD280070BD290085
S113BC602200300000F002F80500EDE7F8B5060008
S113BC700D00140018B1036A0BB9FFF7CFFBA369D9
S113BC80A360A3891B0701D5236943B921003000B0
S113BC9000F02AF818B101256D422800F8BD236987
S113BCA02068EFB2C01A6369EDB2834205DC21005B
S113BCB03000FFF7C1FE0028EDD1A3680130013B3D
S113BCC0A36023685A1C22601F706369834204D0F6
S113BCD0A389DB07E1D50A2DDFD121003000FFF76E
S113BCE0ABFE0028D9D0D6E72A4B70B505001868FA
S113BCF00C0018B1036A0BB9FFF790FB0C22A35E8A
S113BD001A0722D4DA0607D409222A604022012025
S113BD101343A381404237E05B0712D5616B41B105
S113BD2023004433994202D02800FFF7FFFC00238C
S113BD3063632422A3899343A3810023636023695B
S113BD4023600823A2891343A38123695BB940F2CA
S113BD50802140F20022A3890B40934203D02100AA
S113BD602800FFF7BBFE0C22A35E01211A000A4043
S113BD700B420AD00022A26062695242A261226987
S113BD8000200AB91A06C1D470BD990700D46269AB
S113BD90A260F4E730400020094B10B50400186895
S113BDA018B1036A0BB9FFF739FB0020132C06D82E
S113BDB0044BE400E358013301D0024BE01810BDFA
S113BDC03040002068620020F8B50400FFF7A4FCAE
S113BDD0132605000027301C391CABBE061C2E6040
S113BDE02000F8BD10B5431C01D1FFF7EDFF10BDD5
S113BDF0F7B50C001600FFF7CFFF050038B9FFF7C1
S113BE008BFC09230360012464422000FEBD022E42
S113BE1003D9FFF781FC1623F4E7012E12D14368FE
S113BE20E418F6D46F462B680A2600937C60301C15
S113BE30391CABBE061C3000FFF7D4FF0028E2DB40
S113BE406C60E2E70368022EECD16F4600930A3679
S113BE50301C391CABBE061C3000FFF7C3FF24188E
S113BE600130DFD1CFE710B5FFF7C2FF10BD37B502
S113BE700224019001AD201C291CABBE041C20002F
S113BE80FFF7B0FF3EBD000070B50500FFF784FF6B
S113BE90040030B9FFF740FC09230360012040424D
S113BEA070BD013D012D09D8094B9A681B699A425E
S113BEB004D101235B4203600020F1E72068FFF70F
S113BEC0D6FF0028ECD101235B422360E8E7C0469B
S113BED06862002070B50C00FFF75EFF050030B902
S113BEE0FFF71AFC092303600120404270BD42F2AF
S113BEF0000362680C261343636040F20043A364AA
S113BF00301C291CABBE051C2800FFF76BFF431C2B
S113BF10EAD020610020E9E770B50C000500582242
S113BF2000212000FFF7AAFB28002100FFF7D2FF21
S113BF3070BD70B5FFF730FF0924050020B9FFF785
S113BF40EBFB0460002070BD201C291CABBE041C4C
S113BF502000012CF7D0FFF7DFFB13250400002697
S113BF60281C311CABBE051C2560EBE702B47146EE
S113BF7049084900095C49008E4402BC7047C04628
S113BF8003B47146490840004900095E49008E44E3
S113BF9003BC704703B47146490840004900095A7C
S113BFA049008E4403BC7047844608006146FFE79D
S113BFB01FB500F0CBFA002801D40021C8421FBDF0
S113BFC010B500F059FA4042013010BD10B500F030
S113BFD0BDFA002801DB002010BD012010BDC046C1
S113BFE010B500F0B3FA002801DD002010BD0120D7
S113BFF010BDC04610B500F067FA002801DC00202F
S113C00010BD012010BDC04610B500F05DFA002837
S113C01001DA002010BD012010BDC046002B11D153
S113C020002A0FD1002900D1002802D00021C943E1
S113C030080007B4024802A14018029003BDC0469C
S113C040650A000003B4684601B5029800F04CF894
S113C050019B9E4602B00CBC7047C046F0B54FF63B
S113C060FF750400CE462C40474615400E002900BB
S113C070994680B5130C0700000C614345435843AF
S113C08063430C0C5B19E4188C46A54203D9802346
S113C0905B0298464044230C61461B184FF6FF7020
S113C0A00840494656437943240489192018C9187D
S113C0B0C0BCB946B046F0BD9E2110B5C905041CEC
S113C0C0FFF7A2FF18B9201C00F044FC10BD9E210C
S113C0D0201CC90500F07AFA00F03CFC80231B0602
S113C0E09C466044F2E7C046F8B557464546DE46EE
S113C0F04E460C00E0B5924605009B46170081466B
S113C1008846002B52D1100000F0CEFC0500A74257
S113C11000D871E060B1202349461B1A2200D9409F
S113C12082400B00134398464B4683408740994610
S113C1303C0CB8FBF4F24FF6FF7013003840434355
S113C14021009C4643465143591A4B4609041B0C93
S113C1500B439C4509D9DB19511E9F4200D967E165
S113C1609C4500D864E1023ADB1961465B1AB3FBD3
S113C170F4F14C434E461B1B4FF6FF7448431B041B
S113C18034401C43A04200D9FCE0241A10040843A4
S113C19000210A9B23B1EC401C6000230A9A5360DF
S113C1A0F0BCBB46B246A946A046F8BD8B4207D9AF
S113C1B00A9B13B10A9B1860596000210020EFE725
S113C1C0180000F071FC0100002855D1A34502D3EA
S113C1D0AA4500D94AE15346EB1A5A469D42AD415D
S113C1E0A41A6D42621B904601200A9A002AD7D0F5
S113C1F0136043465360D3E7002800D0CBE04FF6EA
S113C200FF703B0C98460121E41B3840B4FBF8F363
S113C21002005A43944642465A43A41A4A46240406
S113C220120C2243944507D9D2195C1E974202D8B6
S113C230944500D91DE123006446121BB2FBF8FCAF
S113C240644666466043444674434E46121B4FF6AA
S113C250FF74120434401443A04208D96246E4191E
S113C260013AA74202D8A04200D9F9E09446241A20
S113C2701804634618438CE720275B4652463F1A4E
S113C2808340FA401A435346944683402A009A4610
S113C290FA40230084402243854091466246FB4095
S113C2A0A846150CB3FBF5F04FF6FF7414400200DA
S113C2B0624393462A0042439A1A4B4612041B0CCB
S113C2C013439B4509D96344421E9C4500D9C5E0EC
S113C2D09B4500D8C2E0023863445A469B1AB3FB1C
S113C2E0F5F255434E465D1B4FF6FF7354432D0440
S113C2F033402B439C4209D96344551E9C4500D9C5
S113C300A8E09C4200D8A5E0023A6344000410432C
S113C3104FF6FF721B1B14000440A34654465E46AE
S113C32022405643B1465E46050C240C6A436543DD
S113C33074434E46360CB346A4185C44A24203D957
S113C3408022520293465D44220C4E4652194FF607
S113C350FF7524043540641993426FD36CD00A9D51
S113C36075B145462C1BA045AD419B1A6D425B1B24
S113C3701A00CC40BA40CB400A9922430A604B6071
S113C38000210DE7E4194B1EA74253D8A04251D90E
S113C3900239E419F9E620224946121A2300D14051
S113C3A0D3400A004946874081408946390C84407D
S113C3B08846B3FBF1F14FF6FF7022430C0038407E
S113C3C04443A44644464C431C1B2404130C2343FB
S113C3D09C4507D9DB194C1E9F423DD89C453BD94F
S113C3E00239DB1964461B1BB3FBF8FC9B4646462B
S113C3F063465E434FF6FF7A33005E466446F31AA3
S113C400564644431B04164033439C420BD96246B0
S113C410DB19013A9F421BD89C4219D9022252428D
S113C4209246DB19D4441C1B634609041943EDE608
S113C4300A009AE61900A8E6A04590D25546651B65
S113C440AC42A44164426444121B01382C0086E7C8
S113C4509446E8E72A0059E72100C3E710003CE7C7
S113C460022252429046E419C44400E700202B0003
S113C470BBE6023BD219DFE670B542004E024C0027
S113C48045026D0A120EC30F760A240EC90FFF2A45
S113C4900FD0FF2C0BD00120A24209D1B54207D105
S113C4A08B420FD022B92800431E984100E001209E
S113C4B070BD0120FF2CFBD13543002DF8D14B403A
S113C4C01800F5E70020F3E730B5420044024D02BE
S113C4D0C30F4800640A120E6D0A000EC90FFF2A2A
S113C4E012D0FF2807D0B2B938B90DB3002C2AD125
S113C4F04800013830BD1DBB0AB9002CF8D08B426E
S113C50005D158000138F5E7D4B9FF2813D001202C
S113C5105B421843EEE70028F9D08B42F7D1824200
S113C520F5DCEEDBAC42F2D80020AC42E2D2E8E724
S113C530002CDFD0EBE71DB98B42E8D10020D9E70E
S113C54002204042D6E78B42ECD0E0E730B542000F
S113C55044024D02C30F4800640A120E6D0A000E15
S113C560C90FFF2A12D0FF2806D0AAB930B915B3D3
S113C57044BB480001380EE065B90AB9002CF8D074
S113C5808B4215D001205B42184304E014B9FF2804
S113C590F8D19DB1022030BD0028F3D08B42F1D1F7
S113C5A08242EFDC04DBAC42ECD80020AC42F2D295
S113C5B058000138EFE7002CEDD0E3E700208B4270
S113C5C0E9D0DFE78B42EED0DCE7C046F0B5464663
S113C5D04F46D64643025B0AC0B59C461F00DE00A8
S113C5E04B025A0A904645004A002D0EC40F120E03
S113C5F0C90F9B09FF2A25D001204140A81A8C426B
S113C6000FD0002800DC8AE192BB002B00D19CE013
S113C610421E012800D14FE1FF2800D19BE0100009
S113C6202CE0002800DC87E1002A00D182E0FF2D05
S113C63000D190E08022D20413431B2800DCEAE0FE
S113C64001363FE02800FF388246002B54D140F2E7
S113C6500109484641408C4200D1C4E050460028BC
S113C66000D187E00C00002D4CD0FF2000273AE0D9
S113C670FF2D00D16FE08022D204134301221B2836
S113C68007DC2021091A1A008B40C240591E8B4135
S113C6901A43B61A73016AD5B601B709380000F017
S113C6A003FA05388740854200DD7EE020223B0006
S113C6B0401B0130121A3E009340C6405A1E93415B
S113C6C000251E43730704D00F233340042B00D0EE
S113C6D0043673013AD5681CFE2DC6D09B4BC0B2FC
S113C6E033409B015F0AC0053843E4072043E0BCA4
S113C6F0BA46B146A846F0BD8C4264D0D0B3002DF2
S113C70000D0A3E0FF20F6B1471E012800D1E1E0EC
S113C7100C00FF2800D1CDE001211B2F07DC2020D5
S113C720C01B31008640F940701E8641314315001C
S113C7305E1AAFE74BB1421E012800D1A0E0FF28EA
S113C74009D0100079E70C001E000500F3089C4690
S113C750FF2D00D09BE06346002B00D185E78027A6
S113C7606346FF031F437F02FF207F0ABBE7730773
S113C770AAD1EBE7FE206A1C10421AD1002D77D112
S113C780002E00D1AAE00020002BACD08022F71AA2
S113C790D204174200D1BBE001249B1B0C4013427E
S113C7A09FD06A4A013013409BE7684E2D1A3E40E1
S113C7B088E7F71A7A0157D4002F00D06EE70024D7
S113C7C0002000278FE780B1002D73D1FF20002EB9
S113C7D0BAD0411E012853D0FF286BD01B296EDD2F
S113C7E015005E1C6EE7514659BBFE216A1C1142BE
S113C7F033D1002D50D1002E00D186E00020002B33
S113C80000D170E7F318DF087F027F0A5B0100D4D0
S113C81069E7012067E72021091A1A008B40C2400A
S113C820591E8B411343F6187301A0D50135FF2D12
S113C83000D11AE70123464A3340760816401E43C6
S113C84040E7002D00D010E7FF20C0E70C00C446ED
S113C85081E7FE216A1C0A42CDD0FF2A00D104E7F9
S113C860F618150076082DE701249F1B0C4015E7E8
S113C870E6BB002B45D180270024FF20FF0332E7CD
S113C880F61802257301D5D4F3089C4601256346A6
S113C8905F027F0AE8B226E766B1002B00D15EE7AB
S113C8A08023DB039C4500D259E7984500D356E723
S113C8B0C44654E7C4464EE70125F61AEAE63000BA
S113C8C02025C840691A8E40711E8E41064315000A
S113C8D0F618A9E70C0001259E1BDBE6002B00D10E
S113C8E06DE70124474600200C40FCE6002B00D1F4
S113C8F035E78023DB039C4500D230E7984500D31D
S113C9002DE70124C4460C4029E747460020EAE607
S113C91017B1BF017F0AE6E600240027E3E60028FA
S113C92000D127E7571B3800002D00D1EBE680200B
S113C930C0040C000643EFE600288AD0511B0DB951
S113C940080044E78020C004064347E7FFFFFFFBDD
S113C950FFFFFF7D41024200C30F490A0020120E6F
S113C9607E2A03DD9D2A02DD094A9818704780203B
S113C97000040143952A07DC9620821AD1404842DC
S113C980002BF3D10800F1E7963A9140F7E7C0464F
S113C990FFFFFF7F70B598B1C317C5185D40C40F82
S113C9A0280000F081F89E2301001B1A962B0FDC4F
S113C9B0082831D008398D406D026D0AD8B202E0E2
S113C9C0002400200025C0052843E407204370BD4F
S113C9D0992B15DC421F95402A001500104805408C
S113C9E0560709D00F263240042A05D004356A01BF
S113C9F002D59F2305405B1AAD016D0AD8B2E2E768
S113CA000522121A2800D0400A001B3295402A0041
S113CA10551EAA410243E0E76D0296206D0AD2E753
S113CA20FFFFFFFB70B5040070B100F03DF8030098
S113CA309E20C01A96280CDC082B2DD0083B9C4065
S113CA406402640AC0B201E000200024C00520434F
S113CA5070BD992814DC5A1F9440220010490A40E2
S113CA60650709D00F252C40042C05D0043254014D
S113CA7002D59F200A40C01A9201540AC0B2E5E7C9
S113CA801A0021001B3291400A00511E8A410521DF
S113CA90C91ACC401443E0E764029620640AD5E73F
S113CAA0FFFFFFFB7047C0461C2101231B04984273
S113CAB001D3000C10391B0A984201D3000A08392B
S113CAC01B09984201D30009043902A2105C4018E2
S113CAD07047C04604030202010101010000000086
S113CAE0000000000D0A002000554E4B4E4F574EDB
S113CAF05F53544154555300303A554E434F4E46BC
S113CB0049524D45445F4441544100313A434F4EEC
S113CB104649524D45445F4441544100313A4F54D3
S113CB20414100303A434C4153535F4100313A4351
S113CB304C4153535F4200323A434C4153535F4399
S113CB4000303A455538363800313A4144525F4551
S113CB504E41424C454400303A4144525F444953AB
S113CB6041424C454400303A525353495F4449537F
S113CB7041424C454400313A525353495F454E417A
S113CB80424C454400313A444359434C455F454E79
S113CB9041424C454400303A444359434C455F4478
S113CBA0495341424C454400554E4B4F4E574E5FFE
S113CBB04556454E545F494E464F5F535441545574
S113CBC0530041434B5F5245434549564544004E4B
S113CBD04F5F41434B00204C6F52612053616D7095
S113CBE06C6520417070205665722E002B5243569E
S113CBF044002C002B52535349002B4A4F494E00FA
S113CC004A4F494E5F4143434550544544004A4FBF
S113CC10494E5F4E4F4E43455F4641494C454400A3
S113CC204A4F494E5F4641494C4544002B4C494EBE
S113CC304B43484B004E4F5F524553504F4E534564
S113CC40002B44455654494D45004C574656332E07
S113CC503130002A54583A002A52465057523A5317
S113CC6074616E646279002A52465057523A576191
S113CC706B6575702066726F6D20436F6C64002A5B
S113CC8052465057523A57616B6575702066726F01
S113CC906D205761726D002A52465057523A5761BF
S113CCA0726D536C656570002A52465057523A4370
S113CCB06F6C64536C656570002A4343413A002AE3
S113CCC052583A005354415455535F4F4B005458F3
S113CCD05F54494D454F5554005258315F54494DA6
S113CCE0454F5554005258315F4552524F520052ED
S113CCF058325F4552524F52004A4F494E5F4641A7
S113CD00494C004A4F494E5F4E4F4E43455F4641A2
S113CD10494C00444F574E4C494E4B5F5245504589
S113CD20415445440054585F44525F5041594C4F5C
S113CD3041445F53495A455F4552524F5200414462
S113CD4044524553535F4641494C004D49435F4665
S113CD5041494C004D554C5449434153545F46415D
S113CD60494C00424541434F4E5F4C4F434B454471
S113CD7000424541434F4E5F4C4F5354004245419E
S113CD80434F4E5F4E4F545F464F554E44004255FD
S113CD90535900534552564943455F554E4B4E4FE8
S113CDA0574E004652455155454E43595F494E56DC
S113CDB0414C49440044415441524154455F494E19
S113CDC056414C494400465245515F414E445F44EC
S113CDD0525F494E56414C4944004E4F5F4E4554B4
S113CDE0574F524B5F4A4F494E4544004C454E47BE
S113CDF054485F4552524F5200524547494F4E5F87
S113CE004E4F545F535550504F5254454400534B6A
S113CE1049505045445F4150505F4441544100449F
S113CE205554594359434C455F5245535452494311
S113CE30544544004E4F5F4348414E4E454C5F4677
S113CE404F554E44004E4F5F465245455F4348415F
S113CE504E4E454C5F464F554E4400435259505434
S113CE604F5F4552524F520046434E545F48414E25
S113CE70444C45525F4552524F52004D41435F432B
S113CE804F4D4D41445F4552524F5200434F4E4621
S113CE9049524D5F51554555455F4552524F5200D9
S113CEA04D435F47524F55505F554E444546494E9A
S113CEB04544004D41435F4552524F520052414454
S113CEC0494F5F4641494C00524144494F5F5041EC
S113CED052414D455445525F494E56414C494400D8
S113CEE0417661696C61626C6520726567696F6E19
S113CEF0206861766520746F2062652073657420F4
S113CF0077697468202B524547494F4E20636F6DF3
S113CF106D616E642E00526164696F20647269767B
S113CF20657220696E697469616C697A6174696F8C
S113CF306E206973206661696C65642E00506172AD
S113CF40616D657465727320666F72204D61632034
S113CF50496E697469616C697A6174696F6E206184
S113CF60726520696E76616C69642E002B525800DC
S113CF704C6F52617C5346004257004746534B7CEA
S113CF80004E4F20414E53574552002B52455345B6
S113CF9054002B564552002B53415645002B4C4F01
S113CFA04144002B444556455549002B434C4153BD
S113CFB053002B44455641444452002B4E4554499A
S113CFC044002B415050455549002B4150504B458E
S113CFD059002B4143544D4F4445002B53454E4477
S113CFE0002B4D54595045002B524547494F4E0094
S113CFF02B53454E44484558002B414452002B5274
S113D000583144454C4159002B4452002B46504F53
S113D0105254002B444359434C45002B4348444548
S113D020464D41534B002B4445564E4F4E4345000D
S113D0302B4150504E4F4E4345002B444F574E46C4
S113D040434E54002B555046434E54002B47454EF7
S113D0504150504B4559002B444542554700EFF78A
S113D060F8000000040000000800000000000000B8
S113D07009000000040000000A0000000400000091
S113D0800B000000000000000C0000000000000085
S113D0900D000000050000000E0000000400000068
S113D0A00F00000000030000000100000403000062
S113D0B0010100000500000002010000050000005D
S113D0C00301000000010000080100000500000049
S113D0D009010000050000000A010000050000002D
S113D0E00C010000004000000002000000000000ED
S113D0F0010200000000000006020000040000001D
S113D10007020000004000000802000000040000C4
S113D1100C020000040400000D02000000000000E6
S113D1200E020000000000000F02000000010000D9
S113D13000030000040100000704000000000000D8
S113D1400D090000000000000E0900001D00000091
S113D15064D000000000000000001040FF031040F5
S113D160000100000100000000000000FFFF0000BB
S113D170000800000400000001000000533B000010
S113D18000000000484E0020030B0000B44C0020B7
S113D19078D100009CD100008CD100002D7C0000CF
S113D1A0697A0000C97A0000597B0000C10E0000B2
S113D1B071110000910E0000AD0E0000B10E0000D0
S113D1C0B50E000099790000697C0000B90E0000DA
S113D1D0BD0E0000DD0E0000E10E0000E50E0000B3
S113D1E0E90E0000ED0E000001000000533B0000BA
S113D1F000000000F8500020030B0000184D002030
S113D200E8D100009CD10000FCD100000000000225
S113D21006000102000102DF02000000010000001C
S113D2200700000020A10700010000000800000022
S113D23020A10700010000000900000020A1070050
S113D240010000000A00000020A107000100000006
S113D2500B00000020A10700010000000C000000EA
S113D26020A10700010000000700000048E80100B9
S113D270010000000800000048E80100010000006F
S113D2800900000048E80100010000000A00000055
S113D29048E80100010000000B00000048E801001C
S113D2A0010000000C00000048E80100010000003B
S113D2B00700000090D003000100000007000000F8
S113D2C048E80100010000000800000048E80100EF
S113D2D0010000000900000048E80100010000000E
S113D2E00A00000048E80100010000000B000000F3
S113D2F048E80100010000000C00000048E80100BB
S113D3000000000050C30000A861000001000200FA
S113D31008001000200000000100000058D10000A7
S113D3200100000068D10000637C777BF26B6FC55D
S113D3303001672BFED7AB76CA82C97DFA5947F014
S113D340ADD4A2AF9CA472C0B7FD9326363FF7CCF0
S113D35034A5E5F171D8311504C723C31896059A8D
S113D360071280E2EB27B27509832C1A1B6E5AA0B0
S113D370523BD6B329E32F8453D100ED20FCB15B9B
S113D3806ACBBE394A4C58CFD0EFAAFB434D338504
S113D39045F9027F503C9FA851A3408F929D38F5D8
S113D3A0BCB6DA2110FFF3D2CD0C13EC5F9744170F
S113D3B0C4A77E3D645D197360814FDC222A908886
S113D3C046EEB814DE5E0BDBE0323A0A4906245C12
S113D3D0C2D3AC629195E479E7C8376D8DD54EA977
S113D3E06C56F4EA657AAE08BA78252E1CA6B4C643
S113D3F0E8DD741F4BBD8B8A703EB5664803F60E9C
S113D400613557B986C11D9EE1F8981169D98E948A
S113D4109B1E87E9CE5528DF8CA1890DBFE64268A3
S113D42041992D0FB054BB164C574656332E31300C
S113D43005000100000000000000000000000000E2
S113D44000000000000000000000000000000000D8
S113D45000000000000000000000000000000000C8
S113D46000000001000101000001000000000000B4
S113D4700000000000000000000210400200000054
S113D480000200000000000010000000F44C002026
S113D490750500000000000098D10000C4CC000015
S113D4A0E9CC0000CECC0000D9CC000035CC000083
S113D4B0E5CC0000EFCC0000F9CC000003CD000067
S113D4C013CD000025CD00003ECD00004BCD000063
S113D4D054CD000063CD000071CD00007DCD00006F
S113D4E0A8CB000000001040020000000002000071
S113D4F00000000010000000584D002069050000E5
S113D5000000000008D20000C4CC00008ECD000052
S113D51093CD0000CECE0000A3CD0000B5CD000019
S113D520C6CD0000DACD0000ECCD0000F9CD00003E
S113D5300ECE00001FCE000034CE000045CE000009
S113D5405BCE000068CE00007BCE00008CCE0000D5
S113D550A0CE0000B3CE0000BDCE0000C8CE0000B7
S113D560E9CA000000000000FFFF000008000000FE
S113D5700000000002021D00000000000000000086
S113D5800CD20000030000000000010003000000B2
S113D5900000000000022100000000000000000064
S113D5A018D2000033333373F2F2F2F248E8010088
S113D5B048E8010048E8010048E8010048E80100A3
S113D5C048E8010090D00300000000000C0B0A0999
S113D5D008070732581B0000983A00001879000029
S113D5E030F2000048E8010090D0030020A10700B9
S113D5F00000000010270000204E000028A00000BA
S113D60007000000B8D2000001000000ACD2000006
S113D6100600000064D20000060000001CD20000D6
S113D620090705030001020008060400841E000027
S113D630093D0000127A000024F4000048E80100CB
S113D64090D0030020A1070000000000B1280000D2
S113D65061510000C3A20000040506030A02090187
S113D660080000000400000048E801000500000074
S113D67090D00300060000003820070003000000DB
S113D68030F200000A00000028A0000002000000A0
S113D6901879000009000000204E0000010000007D
S113D6A0983A000008000000102700000000000065
S113D6B0581B0000050000000201000304000000E4
S113D6C0000000001F000000C01200001F00000046
S113D6D0A816000017000000841C00000F000000C2
S113D6E0E42500001E000000B42D00001600000018
S113D6F0083900000E0000002C4C00001D00000042
S113D700685B000015000000747200000D0000004A
S113D710589800001C00000034B7000014000000FA
S113D720E8E400000C000000783101001B00000058
S113D730686E01001300000034CA01000B000000F1
S113D740286202001A00000040DB02001200000000
S113D7503C9303000A000000C0C20400190000004A
S113D76060B3050011000000382007000900000024
S113D77020A1070000000000A027BE330000000025
S113D78050010000E034C1330000000050010000EB
S113D7902042C4330000000050010000C194C100C5
S113D7A0000000000000000000000000070400006A
S113D7B0040100000D020000040400000100000048
S113D7C00C4000207D00FA00F4010000000000007D
S113D7D0CBCC000004000000E9CC000007000000EE
S113D7E08ECD00000800000081CF0000560000002C
S113D7F08105000000000000000000004154002BDF
S113D800F91D0000000000000000000006000000F8
S113D8108BCF000000000000B11E000000000000DB
S113D8200400000092CF000000000000000000008F
S113D830F14000000500000097CF0000F142000015
S113D84000000000F1420000050000009DCF000030
S113D85099250000D9250000000000000700000001
S113D860A3CF0000F1320000B91B0000000000004B
S113D87006000000ABCF000000000000391B0000D0
S113D8800000000008000000B2CF0000000000000B
S113D890651B00000000000006000000BBCF000074
S113D8A001260000412600000000000007000000DF
S113D8B0C2CF000069260000C10A00000000000079
S113D8C007000000CACF000079150000991B000072
S113D8D00000000008000000D2CF0000B576000070
S113D8E0000000000000000005000000DBCF000085
S113D8F08D0B00000D1B000000000000060000005E
S113D900E1CF0000557200000000000055720000D5
S113D91005000000FACB000041150000F91B0000CF
S113D9200000000007000000E8CF00004577000079
S113D930000000000000000008000000F0CF00001C
S113D94099330000191C00000000000004000000CE
S113D950F9CF0000C50A0000491C000000000000C7
S113D96005000000F4CB0000052F00007D1F00001F
S113D9700000000009000000FECF00000D3400008C
S113D9809D1F0000000000000300000008D00000FC
S113D99000000000000000003578000008000000CE
S113D9A02CCC0000CD0B0000BD1F000000000000C7
S113D9B0060000000CD00000752F0000751C00004C
S113D9C0000000000700000013D000000000000069
S113D9D000000000E57700000800000041CC0000D2
S113D9E085340000A9260000000000000A000000A1
S113D9F01BD0000091410000D11C00000000000079
S113DA000900000026D00000F1410000011D0000C3
S113DA10000000000900000030D00000D12F0000F9
S113DA20331D000000000000090000003AD000008F
S113DA301B3000005F1D0000000000000700000014
S113DA4044D00000C91500000D0B000000000000C8
S113DA500A0000004CD00000110B0000AD1C0000B7
S113DA60000000000600000057D00000030000176B
S113DA7000000001000000000000000000000000A1
S113DA80000000007509000000000000A4D7000099
S113DA9000030000001B001200000014000000003E
S113DAA0000000002114000000000000BCD70000AA
S113DAB0020000000000000004000000020000005A
S113DAC00000000000000000000000000000000052
S113DAD00000000000000000000100000000000041
S113DAE008E8014009E801400AE801400BE8014068
S113DAF00CE8014000000000E44971331CE68D335A
S113DB00010000000B000000100E000000000000E7
S113DB100000000000000000000000000A000000F7
S113DB2000000000083E7233F8F18C33010000005D
S113DB300B000000100E00000000000000000000B8
S113DB4000000000000000000A00010000000000C6
S113DB5064CE8F33DCACBB33010000000B0000004B
S113DB60A08C000000000000000000000000000085
S113DB7000000000640000000000000088C2903330
S113DB80B8B8BA33010000000B000000A08C0000FC
S113DB900000000000000000000000000000000081
S113DBA064000100000000002495BD339CD4C433FC
S113DBB0010000000B000000A08C00000000000029
S113DBC000000000000000000000000064000000ED
S113DBD0000000004889BE3378E0C3330100000030
S113DBE00B000000A08C00000000000000000000FA
S113DBF000000000000000006400010000000000BC
S113DC008443C8335CFCCD33010000000B000000EA
S113DC10100E0000000000000000000000000000E2
S113DC20000000000A00000000000000A837C9330B
S113DC303808CD33010000000B000000100E000076
S113DC4000000000000000000000000000000000D0
S113DC500A00010000000000E4F1D2332CDAD433CE
S113DC600100000018000000407E050000000000D4
S113DC70000000000000000000000000E8030000B5
S113DC800000000008E6D33308E6D33301000000A7
S113DC9018000000407E05000000000000000000A5
S113DCA00000000000000000E80301000000000084
S113DCB0C485D7335C31DA33010000000B00000067
S113DCC0A08C000000000000000000000000000024
S113DCD0000000006400000000000000E879D83370
S113DCE0383DD933010000000B000000A08C000077
S113DCF00000000000000000000000000000000020
S113DD0064000100080A0C0D0E10121415181A1BD9
S113DD101D1E21240000000000000001000000027C
S113DD2000000004000000080000001000000020B3
S113DD3000000040000000800000001B00000036CE
S113DD4000000206362E322E30004275696C7420B3
S113DD50776974682052656E6573617320416476D7
S113DD60616E63656420466C657869626C652053F6
S113DD706F667477617265205061636B61676520BB
S111DD8076657273696F6E20362E322E300077
S107DD90F8B5C046D8
S107DD94F8B5C046D4
S107DD98410500003D
S107DD9C1105000069
S10BDDA048E3FF7F01000000CD
S9033815AF
