S01200004C6F526153616D706C652E7372656342
S1130000804C00206D370000FD1000008B110000B3
S11300108B1100008B1100008B1100008B1100006C
S11300200000000000000000000000008B11000030
S11300308B110000000000008B110000710900000A
S113004000000000000000006D0E00000000000031
S1130050000000006D0E0000000000000000000021
S1130060000000000000000000000000757800009F
S1130070000000000000000000000000000000007C
S11300800000000000000000250D0000000000003A
S1130090DD0D0000000000000000000095360000A7
S11300A00000000000000000000000008D0D0000B2
S11300B000000000AD0C0000000000000000000083
S10B00C0000000009171000032
S11300C810B5094C1022002120000BF037FA074B19
S11300D81B7813B91333E3722373054B1B780BB9DD
S11300E80133A37310BDC046AC5A0020D05A002077
S11300F8A85A002030B585B00400092240F29F2098
S113010801A904F0AFFC6B461D79002301A8AB429A
S113011814D1032B10D869465A1C0A716A465B002D
S1130128210A0532D1546A460632D45440F29F203B
S1130138092201A904F09EFB05B030BD01004278F4
S113014889781202521802309442F5D00133DBB296
S1130158DDE7F7B500255F4B5F4C18605F4B40F255
S1130168E8310A205D701D7003F0B4FB0023E05EE3
S1130178290008F041FD40F2E831142003F0AAFBFD
S11301880023E05E012108F037FD40F2E8310A203F
S113019803F0A0FB524C534B0122A36040F20533F9
S11301A8A380514B02210520E560DA70220000F09B
S11301B8ADFF04204D4B2360205607F0FBFA04F0F2
S11301C86DFA280005F0F2FF494B1B78012B01D189
S11301D804F034FB474B01210020185E012508F088
S11301E80BFD6B460024D91C2A009D200D7004F0D9
S11301F87BFA414B20001D70404B414F1C70414B12
S1130208414E1C70414B1C6005F0D0FF6B462A0020
S1130218991C96200D7004F067FA6B4602229C80A4
S11302288F2001A904F060FA2000042104F038FCAE
S11302384FF6FF71080008F0EDFA40F6AC00FFF73E
S113024859FF40F68900FFF755FFFFF739FF3800DB
S113025804F0E2FE300004F0DFFE2D4B0222FB60C6
S11302682C4B01A9F3602C4B17201C706B469C8007
S11302783C607C603C723C6134607460347234610C
S113028804F0C6FB6B465A79033451101300294015
S1130298A9402B400B439110294089000B43D110EE
S11302A82940C9000B431111294009010B4351117D
S11302B82940921149012A4092010B4313436A468B
S11302C812792A401202134303B91C0008F08EF96C
S11302D82000FEBD145C0020E45A0020115C0020BC
S11302E8D45A0020ED19000000600040554349002D
S11302F8D05A0020BC5A002007400020E55B0020AB
S1130308FC5B0020E45B0020E85B0020E05B00204D
S10F03181562000031620000105C00203F
S1070400FFFFFFFFF8
S1070404F7AFC1FF8A
S1130440010000000101FF01804D002000100100A7
S11304508182800184858302878886038A8B89044C
S113046008078D0000000000030000002460002045
S11304703440002000000000246000208C60002034
S1130480F4600020000000000000000000000000F4
S11304900000000000000000000000000000000058
S11304A00000000000000000000000000000000048
S11304B00000000000000000000000000000000038
S11304C044F2800044F28003C2F20000C2F200034E
S11304D010B5834205D040F20003C0F2000303B11B
S11304E0984710BD44F2800044F28003C2F2000039
S11304F0C2F200031B1A9A10D90F8918491010B5BB
S113050029B140F20003C0F2000303B1984710BDC3
S113051010B544F69844C2F20004237873B9FFF787
S1130520CFFF40F20003C0F200032BB140F20840B9
S1130530C0F2000000E000BF0123237010BDC046DC
S113054040F20003C0F2000310B54BB144F69C41E5
S113055040F20840C2F20001C0F2000000E000BF17
S1130560FFF7C0FF10BDC0460122014B1A7070474F
S1130570555C00200122014B1A707047545C002026
S1130580064B82B21B68012A03D80022D8701A8055
S1130590704740F200421A80FAE7C0460840002043
S11305A00020044B1B6803B9704701301B6800B27C
S11305B0F9E7C0467C4D002010B570B1094A0A2302
S11305C0D45E002311689C4207DD814206D1118963
S11305D00131118100215268D15410BD01331BB285
S11305E00C31F0E7445C0020002210B50260013AAF
S11305F00A80074A0300106840B104681460426826
S11306001A600822835E0B80FFF7D6FF10BDC04638
S11306107C4D002002001F205AB1012308490868BC
S1130620824207D98868824204D8054ADB009B18B5
S11306301879704701330831172BF0D11F20F8E7E0
S1130640C8D50000034B00201B78082B01D8024AB0
S1130650D05C704707400020BCD5000070B50D4B3E
S113066001005B7B01203BB10B4B0C4A48331D78E6
S11306700023AB4201D1002070BD107930B1146861
S11306806668B14202D3A468A142F5D90133DBB252
S11306900832EEE7AC5A0020105A0020045A002019
S11306A0154B00B5185C0A2823D80BF0C3FB1E16A3
S11306B01612060D22221A161200002001230B39ED
S11306C08B424041C0B203E00C394B425941C8B29D
S11306D000BD002002230A39F2E700200323093970
S11306E0EEE7002004230839EAE700200523073950
S11306F0E6E70020ECE7C04660D50000014B18880F
S11307007047C046005A00204A425141094A4942B2
S1130710114042F2107289180300C8430A2B07D80B
S1130720054AD35C054A9B009B58C81803B9C843C3
S11307307047C046F0D8FFFF60D50000DCD400004D
S113074003000D48D200125830B5546802209C4270
S113075011D895689D420ED3D2681B1BB3FBF2F4EB
S113076054431D1BA34206D12800012A03D08A4208
S113077092415242500030BD045A00200300002030
S113078082B00190D1B142F20F7291420CD840F282
S1130790E73291420AD9013242F210700192019A71
S11307A0401AB0FBF2F0584302B070476422632948
S11307B0F2D80A220929EFD80122EDE70121FBE74B
S11307C0F7B5089C0193072845D10B1C072900DDC8
S11307D0031C254F5EB2BC46244DB00063704359E0
S11307E00127634504D0224FDB195F427B415F0040
S11307F0A023A770062906DC1E4B28589E5D1E4BBD
S1130800B340B3FBF0F340F2E835019E101F5843A8
S113081075434019400018B15D1E2818B0FBF3F071
S1130820824200D20200980053430025A2600BB11B
S113083001335D08431B40F2E83001D50F4D5B19CD
S113084093FBF0F3E360062905DC3F2A04D8531C2C
S1130850FE221340A360F7BDF8210B00F72AF9D854
S1130860073213000B40F5E790D00300B4D4000026
S1130870E05EF8FFD4D4000040420F0019FCFFFFF3
S1130880094B1A78012318001A420BD1074A1100A8
S1130890FC31896C31B940F28A23D05C0138431EA3
S11308A09841C0B27047C046C8530020D0530020BE
S11308B00423024A11780B4313707047A453002099
S11308C00123024A11780B4313707047A45300208C
S11308D040F28823044AD35C23B10223034A1178EB
S11308E00B4313707047C046D0530020A45300201C
S11308F040F28C23044AD3581A780023072A01D1E2
S1130900024B1B5CD8B27047D0530020ACD400001B
S1130910044B10B5FC331B6D13B1DB6803B198476E
S113092010BDC046D0530020082310B5034A1178E7
S11309300B431370FFF7ECFF10BDC046C8530020F3
S1130940042310B5034A11780B431370FFF7E0FF3B
S113095010BDC046C8530020022310B5034A1178C5
S11309600B431370FFF7D4FF10BDC046C8530020DB
S1130970704700000379012B01D1014A13707047BD
S1130980FC510020002382B00193054BDB88C01A80
S11309901E2380B243430193019880B202B0704792
S11309A0FE260A4010B5042401210748074B82792A
S11309B01975A243827100220020197000211A6166
S11309C09860D9609A8310BD00380A40185C0020F2
S11309D00200811C002010B51378000184B21800B5
S11309E03038C0B2092805D918006138052806D85E
S11309F0573BD8B2013220439142EDD110BD1800CB
S1130A004138052801D8373BF3E74FF6FF70F5E787
S1130A10F0B500230500CC5CA446260934006746E3
S1130A2030349F2F00D907340F262C70CC5C34400F
S1130A3026003036092C01D93734260001339CB204
S1130A406E7002359442E6D30023520092B283546E
S1130A50F0BDF0B587B003900191029213B9042060
S1130A6007B0F0BD019A54009C42F8DB00252E002B
S1130A70E41A24B205AFD4B9029A6B1C525D1DB2BC
S1130A803A700024029B6A1C5B5715B238007B70D5
S1130A90FFF79EFF4FF6FF739842E0D0039B9855F3
S1130AA00136019B36B2B342E5DC0020D8E730239F
S1130AB0A4B23B70012CE4D0023C302324B2E5E71D
S1130AC00420704713B5FFF76BFDC0B2012801D0B5
S1130AD0042016BD6B469C1C210001A8FFF784FD71
S1130AE00023E25E012AF3D1019B1B785BB2302B19
S1130AF005D10022044B3F3300201A70E9E7312B63
S1130B00E6D1014B3F33F7E79451002004207047AE
S1130B1030B585B0FFF744FDC0B2042401281AD1D2
S1130B206B469D1D290002A8FFF75EFD2B8803ADCF
S1130B3021002800029AFFF78CFF040058B96B7853
S1130B402A781B0412061A43AB781B021343EA7873
S1130B501343024A1360200005B030BD6C5A0020D4
S1130B60030030B541180A2400208B4200D130BD67
S1130B7000229A566043303AD5B20133092D01D888
S1130B801018F2E701204042F1E7000013B5FFF727
S1130B9007FDC0B2012801D0042016BD6B469C1C81
S1130BA0210001A8FFF720FD0023E15E0129F3D114
S1130BB00198FFF7D5FFC0B208B10128ECD1024B70
S1130BC03C3318700020E8E79451002013B5FFF778
S1130BD0E7FCC0B2012801D0042016BD6B469C1C62
S1130BE0210001A8FFF700FD0023E15E0329F3DCE7
S1130BF0002301981AB2914212DCC9B20029EBD049
S1130C00FFF7AEFF431E9BB2DF2BE5D8C0B2431EF5
S1130C10DBB2DF2B02D8054B3D3318700020DCE734
S1130C20C25C0133303A092AE4D9D5E79451002053
S1130C30704700207047704770470000502210B57D
S1130C40034904480AF039FF0322034B1A7110BD0B
S1130C50F0D2000094510020E8500020024B187894
S1130C6043425841C0B27047E451002002001B23A4
S1130C70C0094042184052005040C0B270470A2395
S1130C8070B58360036C010001330364030008330F
S1130C90DC6FC268A36820685D6840310823A847F8
S1130CA070BDEFF30380103840B2704730B585B0A3
S1130CB0FFF7F7FF124B8000C5586A68D36959786B
S1130CC0002304391C00022905D8137C0D495B005C
S1130CD05B5A02349BB2E96879B12D6901A80471A9
S1130CE00195022C07D1127C064C90325200125B03
S1130CF0120401329B188360884705B030BDC0469A
S1130D00C04D002000260A401FB5436A4BB18468D9
S1130D102478029169460A71826A009468460392B3
S1130D2098471FBDF8B5FFF7BCFF174B8000C058AC
S1130D30437CC6685B00F6183500FE356C8A83690F
S1130D40A4B29BB18268D26882B90178426959B170
S1130D50178801315218013B3780426183610BB916
S1130D6001339C436C82F8BD1778F2E7002343619A
S1130D7001331C42F5D16B8899B2002BF2D10222C7
S1130D80FFF7C2FFEEE7C046C04D002010B5FFF7E5
S1130D9088FF114B8000C058437CC2680133DBB22A
S1130DA05B00995A036A89B223B90422C361FFF72D
S1130DB0ABFF10BD0278C36952B119800233016AD6
S1130DC0C361013901620029F3D10122C161EEE757
S1130DD01970C3690133F2E7C04D002070B5FFF705
S1130DE060FF114B8000C0580126437CC468013366
S1130DF0DBB25B00E4182188FE34628889B21300F8
S1130E0095B23340324207D102231D4209D1DB1887
S1130E1010221D4201D170BD20226381FFF774FFAF
S1130E20F9E70822F9E7C046C04D0020436882680C
S1130E301B785B009B5A02699BB20AB181695354C7
S1130E4083690133836170470123C8B28340002062
S1130E509BB20AB918001300034A090A4901891808
S1130E60088100204B81704700000A4007B5FFF756
S1130E7018FF064B8000C3583BB19A682AB15979D0
S1130E80DB68684601910093904707BDC04D002080
S1130E9040F21A23044A0020D35A812213405A1ED6
S1130EA093410B707047C04600C07E4006207047D7
S1130EB006207047062070470620704706207047BA
S1130EC00A0010B5034B11CB11C2034B11CB11C255
S1130ED0002010BDE8D10000E0D1000006207047DA
S1130EE0062070470620704706207047062070478A
S1130EF0C36A0D4A10B59A180133C362036B816A41
S1130F00013B0363094B4C1C84621800140CFE3033
S1130F1092B2448242811A000978FC3251638122E0
S1130F20FF335A7510BDC0460000F0BD00C07E40BE
S1130F304143032903D9890801390029FCD17047A9
S1130F40254A03001268254810B5254982420BD86A
S1130F508A4209D02348824206D02348824203D0E1
S1130F6040F2F610DA6010BD2048214C1218B2FB92
S1130F70F1F10800A24202D901200840081840F209
S1130F808352D86006204A43B2FBF0F21A6140F261
S1130F9076324A43B2FBF0F25A6158224A43B2FB1A
S1130FA0F0F29A61134A99604A43B2FBF0F2DA61B3
S1130FB0114A4A43B2FBF0F21A62104A4A43B2FBA6
S1130FC0F0F25A620E4B1A78012A03D001221A70E9
S1130FD0FFF7AEFF0020C6E7BC4D0020FF083D0030
S1130FE040420F0080841E00C0C62D003F420F0007
S1130FF03F8AF701B86A0500C0B0070068ED220017
S113100090C07E4044F6003313B5A522019340F20C
S11310108013F7210F4CE2500F4B9D3A5A705970D0
S11310205A705B78934200D1C04681681020FFF764
S11310307FFF40F21A22094BA352A35A98B203B974
S113104016BD019B1BB1019B013B0193F5E71420E5
S1131050F6E7C04600C07E40FFC07E4000AAFFFF06
S113106013B5104901900B6B5B0612D57F240E4B10
S11310705A7D22405A7500225A7501900B6B5B060B
S1131080D80F002B08DA019B2BB1019B013B019384
S1131090F4E7019B0BB9142016BD019B013B01939E
S11310A0E1E7C046FCC07E40FFC07E4040F623021C
S11310B00F4B995C0F4A890709D540F622015B5C06
S11310C01BB193680C4A136070471369FAE740F642
S11310D02001595C890705D540F61901595C53680C
S11310E0CB40EFE740F61801595C1368F8E7C046B7
S11310F000E00140804C0020BC4D0020044940F237
S113110040100A00FE32538C095A0B405386704734
S113111000600040F7B5FF27019283080A4A0326BE
S11311209B009B183A0040F200350640F600890106
S1131130B2403940B1405C59800094430C435C5147
S1131140019A024B1A50F7BD00E100E0C04D0020A7
S11311501F22430910401E3A8240044920339B0059
S11311605A50BFF34F8FBFF36F8F704700E100E019
S1131170002310B50360436811201856030021337F
S113118001D0FFF7E5FF002010BD00BE704700004E
S113119010B5034B1B689B780BB10AF073FC10BDB0
S11311A008400020F0B50A0085B020B1012839D0EC
S11311B0002005B0F0BD4B490B00EC331C680B005C
S11311C0BA3318880B00BF331B78C1315D1EAB41A5
S11311D00978C00801391B18481E81414900891843
S11311E0DB001833C900591840F2E8334B43621E40
S11311F09B1841F65732B3FBF4F3012094420FD805
S113120040F6B732001894420AD840F2CF72013047
S1131210944205D840F2E7320430944200D90238AF
S1131220C018C6E72F4B00201900F9310978019046
S11312300A2902D82C48415C01911900F8310E7832
S11312401900C43118000F881900FA331B78C6310D
S11312500433C830097804780393731F012B04D82E
S11312603B1C0C2F00D20C239FB2631E9C41D20066
S11312702401A4184A4251411423B50049420B40A9
S1131280641BE418B31E0293062E07D9310001989B
S11312900834FFF705FA08B1B31E9D00E343DB17DA
S11312A01C406419013C94FBF5F5039B6B43DA196C
S11312B013000E33062E00D9023B0C4A0199525CEE
S11312C00A2A0ED80A49920052589B000299013307
S11312D08B4040F2E8305843531EC018B0FBF2F084
S11312E067E7FFDEE45A002028D5000060D500003F
S11312F034D50000F7B500921A000B320192032690
S11313000269019DC468AD18B5434669B54214D855
S1131310050050352980010048310B800300141B5F
S11313204A331C8002238360009BC364686B836818
S113133000685C680423A047FEBD02224260026686
S113134002008832156886692A199446B76832689B
S1131350D719BC4500D0624644663469AD18C260F2
S11313604561A14205D8083202618AB20267426728
S1131370C5E7FFF784FCDFE710B5094B012806D168
S1131380084AC7331170197007F0DEF910BD1A004E
S1131390BF321278002AF9D1024AC0331170F2E741
S11313A0E45A00200640002010B5044B1420185EB7
S11313B007F018FC0128F8D010BDC046E45A0020FC
S11313C0010010B580B90948094A121A0AF0BAF89E
S11313D00848094A0949121A0AF06FFB0848094AE1
S11313E00949121A0AF069FB10BDC046984C002046
S11313F01062002000400020004000200000104047
S113140000400020804000204004000007B56B46E7
S1131410D87107330121180007F0ACFB07BD0000A9
S1131420030070B572B6BFF34F8FBFF36F8F0079AF
S1131430082809D888B3013807282ED80AF0FAFCFE
S1131440706E2D0D2D2D2D0B0300EF22103B13423A
S113145001D0402821D1334B53E09C68324B1B7898
S11314605BB2D3B10623314AD356012B15D00223E4
S1131470D05E0023D15E0425525F431C93FBF2F53A
S11314806A439B1A1BB2E4B28B420CD1082C04D1E0
S113149007F060FA2000FFF77BFE62B6BFF34F8FC0
S11314A0BFF36F8F70BD2300613B192B05D8203C1F
S11314B0E4B2200007F00AFA29E00A2C06D00D2C29
S11314C018D0082C1FD0202CE7D0F2E7200007F01A
S11314D0FDF92000164CFFF75BFE2378002BDCD0CF
S11314E007F038FA07F036FA0122124B1A7000237B
S11314F02370D2E7200007F0E9F92000FFF748FE47
S11315000B4B012208E0884204D007F023FA2000A4
S1131510FFF73EFE0022064B1A70BEE7064BF0E7CB
S1131520064BEEE730520020F4510020E851002031
S1131530E5510020E4510020F551002031520020F3
S113154013B5FFF72DF8C0B2012812D16B469C1CCD
S1131550210001A8FFF748F821780423019849B134
S1131560FFF7FEFAC0B20423082803D1013808F0BB
S113157001F80023180016BD13B5FFF711F8C0B227
S1131580012801D0042016BD6B469C1C210001A833
S1131590FFF72AF80022A35E012BF3D1019A1278F7
S11315A052B2312AEED1064A917A9372012901D1BD
S11315B00020E8E7034A137107F00CFDF8E7C04682
S11315C094510020E850002010B586B0FEF7E8FFE3
S11315D0C0B20424012810D16B469C1C210001A830
S11315E0FFF702F823881021019A02A8FFF731FAC5
S11315F0040010B902A807F0A9FA200006B010BD33
S113160010B5044B186820B102681A60FEF7D4FFC5
S1131610F7E710BD7C4D002010B50400FFF71EF85D
S113162030B10020034BE418034BA3424041C0B245
S113163010BDC046C02571CC80841E00002300B5B7
S113164007280CD1501F052816D80AF0F3FB0A030B
S11316500A1512120A78052191425B41DBB2180087
S113166000BD00228A560023062AF8D00721D2B2F0
S1131670F2E70A780A21EFE70023F0E740F28C232F
S1131680054AD358E0331B78022B00D0062340F2DE
S1131690882153547047C046D0530020F0B585B01C
S11316A0FEF7D0FF0138C0B201283AD940F28C26A7
S11316B01D4C1E4FA55929002A002B00FF31497EDD
S11316C0F03228781278EC33009749B21B680397FC
S11316D0FFF776F840F2F2170223E355B333FF33F2
S11316E0EA5C00253F33E254023BE55405F040F840
S11316F004F0ACFDA359E133187803F001F9A359C0
S11317001B78072B0DD1039806F0EAFE48B1280098
S113171005F086FA40F28823E25DE25408B106F04F
S1131720B5FE05B0F0BDC046D0530020B055002032
S1131730F8B540F28C2334490200CB581C00E03445
S1131740207818B102284FD00320F8BD42B91A00FE
S11317500D331532FF32FF3303CB03C20020F4E70D
S11317600220012AF1D00130022AEED122700800B1
S11317700C00E130CD34FF30FF34E0CCE0C060CC6D
S113178060C040F2F2100A541A000020503254781B
S11317902CB31478022C22D124221C0042439A1820
S11317A0106EFC34A06164321278FF335A7640F232
S11317B011228C5C313A8C54043288509A7F40F266
S11317C0F013CA5403220233CA540022013BCA5400
S11317D040F210230022CA54FFF760FFBEE7013035
S11317E024320428D3D1F3E73AB9227004F02EFD51
S11317F005F066F8FFF742FFB0E7012AA5D0032001
S1131800022AA2D1AAE7C046D0530020002330B553
S11318100360CD5CDC00A540046801332C43046004
S1131820DCB2A242F5D830BD03000020112B03D84E
S11318300248D840012318407047C04620070200E0
S113184070B50C4CE268137D2BB115006368A46875
S113185010359C4200D170BD1E788E4205D0AB423B
S113186001D11300F5E70433F3E7012258709A70AD
S1131870F1E7C0469053002070B50B49CA684B6825
S1131880147D507564B11400012589681034DE7824
S1131890587006B99D70A34203D113009942F6D142
S11318A070BD0433FAE7C046905300200B4A30B5AC
S11318B053689168D26814001034994204D100230B
S11318C05A1E9341D8B230BD1D788542F8D0A34248
S11318D001D00433F1E71300EFE7C0469053002032
S11318E0EFF31080012383F31088064B196819B9AC
S11318F0054A1170403111701A6801321A6080F380
S1131900108870478052002040030A40EFF3108390
S1131910036072B6704710B52120FFF719FC1D2033
S1131920FFF716FC10BD70B50D0014002800A1B21D
S113193007F020F90028F9D1200070BD114BF7B54C
S113194018780D0091B2C14000270F4C0F4E019141
S11319508020277080023770217859B10199DD61A8
S1131960196294B22800A1B207F004F90028F9D151
S11319702000FEBD31780029EAD101380028EBD1DE
S1131980E6E7C046045200203152002030520020C5
S1131990054B012800D118601A68D20702D51A68CD
S11319A0104318607047C0467C520020044B10B5A9
S11319B01B68DB0702D50220FFF7EAFF10BDC04613
S11319C07C52002010B572B6BFF34F8FBFF36F8FF8
S11319D0FFF7ECFF0122044B1A7062B6BFF34F8F7E
S11319E0BFF36F8F10BDC046105C002010B5FFF729
S11319F0E9FF10BD034B01201B6810B503B19847E4
S1131A0010BDC0460052002010B50400002020562E
S1131A1000B910BDFFF7FAFC0134F7E710B50A4B23
S1131A201C68E37813B10948FFF7EEFF1422A1887C
S1131A30074B4A431B689B181869FFF7E5FF0548E5
S1131A40FFF7E2FF10BDC04608400020ACC900000B
S1131A50505C002085CB000010B50248FFF7D4FF8E
S1131A6010BDC046ACC9000010B50400FFF7D6FF96
S1131A700448FFF7C9FF2000FFF7C6FFFFF7ECFF9C
S1131A8010BDC046AFC9000010B530B1152805D847
S1131A90034B8000C058FFF7E7FF10BD0148FAE789
S1131AA0D0D30000B1C9000010B5074B3C331B78FC
S1131AB023B10420012B05D1044800E00448FFF7BA
S1131AC0D3FF002010BDC04694510020D3C90000AC
S1131AD0C0C90000062310B588B001AC20002370F3
S1131AE007F0F0F8029B04221BBA69462000009319
S1131AF0FEF78EFF2000FFF7B7FF002008B010BDEF
S1131B00052310B588B001AC2000237007F0DAF883
S1131B106946029B20001A0C0A701A0A4A700322B2
S1131B208B70FEF775FF2000FFF79EFF002008B0C2
S1131B3010BD000010B5054B04209B7A012B03D186
S1131B400348FFF791FF002010BDC04694510020C8
S1131B50E4C9000000B589B000236A4601A81371E6
S1131B6007F0B0F86B461B7A2BB90748FFF77CFFE8
S1131B70002009B000BD012B01D10448F6E7042080
S1131B80022BF6D10248F1E7EBC90000F5C90000C9
S1131B90FFC9000010B5054B04201B7A072B03D1A5
S1131BA00348FFF761FF002010BDC0469451002098
S1131BB009CA000000B589B004236A4601A813715C
S1131BC007F080F86B461B7A2BB10448FFF74CFFF3
S1131BD0002009B000BD0248F8E7C04611CA000061
S1131BE01FCA000010B5074B3F331B7823B90648C2
S1131BF0FFF73AFF002010BD0420012BFBD103485E
S1131C00F6E7C046945100202ECA00003ECA0000E8
S1131C1000B589B043236A4601A8137107F052F84E
S1131C206B461B7A012B05D10548FFF71DFF0020E9
S1131C3009B000BD0420002BFAD10248F5E7C046E4
S1131C404DCA00005ECA00001FB5074B04221B6882
S1131C5069461BBA01A80093FEF7DAFE01A8FFF754
S1131C6003FF002005B000BD6C5A002000B589B008
S1131C706A464B2301A8137107F024F86B466A46A1
S1131C801B8969465BBA138001A80222FEF7C0FED5
S1131C9001A8FFF7E9FE002009B000BD4C2310B5F0
S1131CA088B001AC2000237007F00CF86946029B51
S1131CB020001A0C0A701A0A4A7003228B70FEF76D
S1131CC0A7FE2000FFF7D0FE002008B010BD52236D
S1131CD010B588B001AC2000237006F0F3FF029B1E
S1131CE004221BBA694620000093FEF791FE2000EF
S1131CF0FFF7BAFE002008B010BD532310B588B01A
S1131D0001AC2000237006F0DDFF029B04221BBA05
S1131D10694620000093FEF77BFE2000FFF7A4FE37
S1131D20002008B010BD0000124B10B51B88012B19
S1131D3008D0114B114A1B6812889A80037813B19A
S1131D40012B0ED010BD43781BB90D48FFF78CFE54
S1131D50F8E7102B03D80B4A9B009858F6E70A487B
S1131D60F4E743781BB903790BB10848EEE7084858
S1131D70ECE7C046F650002008400020F450002054
S1131D8093CB000064D3000070CA00008ACA00002C
S1131D9097CA000013B5FEF703FCC0B2012834D182
S1131DA06B469C1C210001A8FEF71EFC0023E15E8B
S1131DB001292AD10198FEF7D3FEC4B2012C1CD903
S1131DC0072C22D11248FFF71FFEFFF745FE072C10
S1131DD005D109F0E5F909F0CFF9FEF72FFF72B646
S1131DE0BFF34F8FBFF36F8FBFF34F8F094B0A4A77
S1131DF0DA60BFF34F8FC046FDE7002CE2D1074BFA
S1131E00187A07F0B7FB200016BD0424FBE7C04690
S1131E1093CB000000ED00E00400FA05945100208B
S1131E20F8B506000C000F274D1EAD003000E84049
S1131E303840092808D83030013CE4B2FFF7E6FA0C
S1131E40043D002CF2D1F8BD3730F5E710B5FFF7AB
S1131E50E5FD0948FFF7D8FD02210420FFF7E0FF64
S1131E600648FFF7D1FD90200221FFF7D9FFFFF7C5
S1131E70F3FD002010BDC0469ECA000003CE000042
S1131E80F7B505000E000192002803DA2D20FFF7B4
S1131E90BDFA6D4201230A221C00B34204D101267B
S1131EA00A27002C04DCF7BD01335443DBB2F4E70A
S1131EB0012C00D1002695FBF4F292FBF7F37B434F
S1131EC0D31A00936B461878012E0DD160B9019B8B
S1131ED013B11800FFF79AFAFF22009B13406343E3
S1131EE094FBF7F4ED1ADCE7303040B2FFF78EFADA
S1131EF00026F1E770B50D000400FFF78FFD0548DB
S1131F00FFF782FD290000222000FFF7B9FFFFF749
S1131F10A3FD70BDAFC90000272310B588B001AC84
S1131F202000237006F0CEFE0298052180B2FFF750
S1131F30E1FF002008B010BD00B589B06A462D232A
S1131F4001A8137106F0BEFE6B460221187AFFF752
S1131F50D1FF002009B000BD10B5044B03213D336F
S1131F601878FFF7C7FF002010BDC0469451002029
S1131F70002310B5934200D110BDCC5CC45401338E
S1131F80F8E70300F0B5D433040018680E00150018
S1131F9087B048B310231B1A1F000093934200D943
S1131FA017002300C133BAB2181831000193FFF7A8
S1131FB0DFFF2200D4321368FB1813600F2B1DD9E6
S1131FC0009BAB421AD22000B13003001A78197C6E
S1131FD04A401A70019A01339A42F7D12200010053
S1131FE006F01EFDF619ED1B2000C130102D07D898
S1131FF03100AAB2D434FFF7BBFF256007B0F0BDAF
S11320002700B1373B00009600991A7809784A40B6
S11320101A70009A0133013200929842F4D11022CE
S1132020390002A8FFF7A4FF02A90800220006F065
S1132030F7FC1022380002A9FFF79AFF1036103D72
S1132040D2E70000F0B58DB00C000190072855D1FF
S11320500126002702AB00221E819F7200230692F4
S11320600793089209930A920B930D79B54231D0E4
S1132070042D45D0002D41D12D4F2032380004A924
S1132080FFF776FF019B2B492B487B8406F0AEFAC1
S11320902A4BE6801E7040F6B833E36040F2E83322
S11320A0236140F2D073636141F28833A36141F24A
S11320B07073E361A3192572DD77214B63620223F8
S11320C0238523002A331D701E4BE3621E4B2363BA
S11320D01E4B63631E4B19001800E031E2300A887E
S11320E0008802430A801B4A1800110070C970C09E
S11320F0E0C9E0C01833183213CA13C30DB0F0BDE1
S113210002AB991D08200E7002F0D6F802AB591DDF
S11321100A4B06201B785A1E93410B7002F0CCF830
S113212002ABD91D09200F7002F0C6F8E6E7C046DD
S113213040570020625700206057002004400020D0
S1132140F080A6330000F0419A9909404000200035
S11321508056002080D6000040F28C23F0B5374C26
S11321600025E35840F2B4111A00E4325D541560BE
S113217040F20C22012032498FB0A150E03A9D5424
S1132180643298521A0018009988E8321180991D17
S1132190C97F17329172996AFC30016119002C31A0
S11321A009785174190015323031C0C9C0C2198F71
S11321B001261180DA6B42621A6C82621A00443280
S11321C0117840F228129954E832A554813A9D546A
S11321D02D329D546A466946167100951878FFF7AA
S11321E031FF40F21123E5547B33E2585F3B110089
S11321F0FF3BD5549E33E554FC31086940F2D011BD
S113220060501100FF31887F40F2DC11605489195D
S11322106554891966542A39515C40F2DF12A1547D
S11322202200E1321B19FF3223CB23C203CB03C2AA
S113223040F2F2130222E2540FB0F0BDD05300205A
S113224000010100F0B595B005930D230C2704920D
S11322500391C356C7570293837B1A9A9C464368DB
S11322600400136045780197BDB33A1C002F00DACF
S11322700022002552B201922089628983426D4175
S11322808618B342B6410299EDB231405600361871
S11322900291B34221D31B1AB3FBF2F042439E1ABC
S11322A093421AD1002F0ADC237833B1012306AA02
S11322B0207C11001371FFF7C5FE40F2010C237C52
S11322C0072B08D10026B74205DD0536072F02D0BB
S11322D0019E013EF6B273B20193039B019A28005A
S11322E01A70049B029A1A706246059B1A7015B004
S11322F0F0BD0000F8B5057903000620022D17D9BA
S113230003380F2D14D81F6801243B7A1A091B07C0
S11323101B0F934203D806349442A44164423868A4
S1132320FFF77AF901235840C3B214B10533D8B288
S1132330F8BD0420002BFBD10C2216006E43084B81
S11323403900F6183000FFF713FE0122AA40044BAF
S11323507472E033198820000A431A80E8E7C04603
S113236080560020F8B515002022134B1F001C00D6
S113237008372678CEB90134BC42FAD10F4C226812
S113238002B92360626802B1136000221A606360BC
S1132390AAB21871DD71581DFC34FFF7E9FDE3683A
S11323A001335B19E3603000F8BD013AD2B23B005F
S11323B0002ADBD10226F6E78C520020845200204A
S11323C0114BF7B51C68002317001E000090019103
S11323D01CB9019B00201E60FEBD009AD11AE2794F
S11323E001329142F5D322795D1CFA54EDB2E279BF
S11323F0611D7819FFF7BCFDE2790136551924688F
S1132400EBB29619E4E7C04684520020F0B504000C
S11324100F0016001D000A2085B0FBB11022002118
S1132420684609F08FF86A46A31F13706B460322AF
S1132430581C3900FFF79CFD0322310001A8FFF767
S113244097FD6B4602222900D81DFFF791FD22005B
S11324500221684608F074FE00B10F2005B0F0BDFB
S113246070B50568040002201DB126790B2E01D831
S1132470012070BD20002B7804226371691C083090
S1132480FFF7C4F96B790B3E2373AB79E381EA79E7
S113249012021343227BE3811207120F9642E7DDF7
S11324A02900200008311030FFF762FD237B200053
S11324B000221B071B0F1E00651C2830EA770270E0
S11324C022790836911B043A042907DD216809336F
S11324D08E5DEE77D51ACB180570636220002168F3
S11324E02C3089180422FFF791F90020C1E700007D
S11324F01FB5FEF755F8C0B20424012812D16B466B
S11325009C1C210001A8FEF76FF823880821019A7A
S113251002A8FEF79EFA040020B90822034802A983
S1132520FFF726FD200004B010BDC046AF510020C7
S113253000B589B001A808220649FFF719FD082251
S113254001A903A8FEF764FA03A8FFF78DFA002097
S113255009B000BDAF5100201FB5FEF721F8C0B28D
S11325600424012812D16B469C1C210001A8FEF70B
S11325703BF823880821019A02A8FEF76AFA0400AE
S113258020B90822034802A9FFF7F2FC200004B096
S113259010BDC046B751002000B589B001A808227B
S11325A00649FFF7E5FC082201A903A8FEF730FA63
S11325B003A8FFF759FA002009B000BDB751002065
S11325C010B586B0FDF7ECFFC0B20424012812D187
S11325D06B469C1C210001A8FEF706F823881021F5
S11325E0019A02A8FEF735FA040020B91022034824
S11325F002A9FFF7BDFC200006B010BD9F510020CA
S1132600242330B58BB003AC2000237006F05AFBB2
S11326100D4B68461D7A0499EA1F53425A415200F1
S1132620FFF7A6FCFFF7FAF90848FFF7EDF9072DC5
S113263004D16B4604211888FFF7F2FBFFF70CFA6C
S113264000200BB030BDC04694510020AFC900003B
S113265010B5013A92B2013208F074FF10BD0000C7
S1132660F0B5C5B006000D001F000220019200293C
S11326707DD04A9B002B7AD0E123002402A81B18AA
S1132680180010220021FFF7E3FFB02221000EA85A
S11326904394FFF7DDFF634B1A78BA4261D11121ED
S11326A06143614B2131C9180EA806F001FA002ECE
S11326B05FD106AC2900019A0EA8FFF762FC102234
S11326C000212000FFF7C4FF21000EAA200006F01D
S11326D0A7F92278230000217F2A50D918785A7844
S11326E04000D209024301311A7001330F29F5D198
S11326F07923E27B5B4252005340439ADBB2E3739B
S1132700102A49D102ABE132D21800231178E05CDF
S11327100133414011700132102BF7D1E123002520
S113272002AA9B181A78197C01354A401A700133A1
S1132730102DF7D1E12302A95B1819002A000AA879
S1132740FFF716FC0EAA0AA902A806F069F92A00E6
S113275020000021FFF77CFF029B4A9A00201360AF
S113276005E00134E4B21133142C95D1032045B0B3
S1132770F0BD102231000EA8FFF703FC99E718788A
S11327805A784000D209024301311A7001330F29EB
S1132790F5D1E37B5B00B0E7002100206156230004
S11327A0814231DA1D7859786D00C9092943013015
S11327B0197001330F28F5D17923E17B5B4249007D
S11327C04B408021DBB2E3730EAB9B18C133561C24
S11327D000251970102E01D80F35AD1A0EABC23278
S11327E0981800212A0008F0ADFEF12202ABD2189D
S11327F00023AD1943951178E05C01334140117019
S11328000132102BF7D189E71D7859786D00C90979
S113281029430130197001330F28F5D1E37B5B00A4
S1132820CFE7C0468857002068570020F0B5AFB006
S113283006000D0001A814000021B0221F00FFF7BC
S113284007FF00230F4811215943425CA2420BD1D8
S11328500D4B2131C91801A806F02AF92C00281BB8
S1132860C0B23CB9200003E00133142BEBD10320A8
S11328702FB0F0BD311801AA3818103C06F0D0F87A
S1132880A4B2ECE788570020685700207FB50023E6
S113289011220E00194914005C430D5D854227D1B5
S11328A0174B80382134C0B21022E418092819D8F3
S11328B040F24923C340DB0714D50021684608F0E1
S11328C041FE022536B16B467F2210213000FFF70E
S11328D0ADFF0500102269462000FFF749FB2800E0
S11328E004B070BD31002000FFF742FB0025F6E77D
S11328F00133142BCFD10325F1E7C04688570020BC
S11329006857002030B5050085B051B1FFF7BEFF10
S1132910040030B9012D05D1104B1B689B78012BA5
S113292003D10F24200005B030BD010010226846F9
S113293008F008FE09222900684608F001FC002876
S1132940EFD110222100684608F0FCFD7F22092106
S1132950684608F0F5FB0028E4D0E2E7A053002025
S113296070B59E4D04002B00FC339B6C01208EB08F
S11329709B075AD42078532800D965E209F06EFAEF
S1132980570064025B0065006B00720078007E00F3
S113299088008800640264026402640264026402BF
S11329A08D00920097009C00A100A600AB00B0002F
S11329B0B500BA00BF00C400C900CE006402D30051
S11329C0E700F6001E014301340150015B0162017E
S11329D067016C01730164027A018B01AE019D01F0
S11329E0BF01C901D201D901640264026402640214
S11329F064026402640264026402640264026402A3
S1132A00640264026402DF01640264020602640276
S1132A101302540054001A021F02220233023D0220
S1132A20460250025A025F0213200EB070BD207994
S1132A30FEF77EFEF9E7616809B90320F5E7102285
S1132A406748FFF795FA0020EFE761680029F4D0A2
S1132A5010226448F5E740F28C23EB58E2332279E4
S1132A601A70F0E740F28C236268EB589A64EAE744
S1132A7040F28C236268EB58DA64E4E76168002969
S1132A80DBD00120FFF73EFF0028DCD00E20CCE78E
S1132A90616802200029F5D1CFE761687F20002911
S1132AA0F0D1CAE7616880200029EBD1C5E76168ED
S1132AB081200029E6D1C0E7616882200029E1D1A4
S1132AC0BBE7616883200029DCD1B6E76168842014
S1132AD00029D7D1B1E7616885200029D2D1ACE7BC
S1132AE0616886200029CDD1A7E761688720002985
S1132AF0C8D1A2E7616888200029C3D19DE7616835
S1132B0089200029BED198E761688A200029B9D1BB
S1132B1093E761688B200029B4D18EE740F28C23BF
S1132B20EB58E1339BE76A46237A6946137040F217
S1132B308C23ED5807222878FEF780FD002800D169
S1132B407BE70D35FF35043406CC06C57BE76A46C2
S1132B50237A6946137040F28C23ED5807222878B3
S1132B60FEF76CFD28350028EDD166E76A46237A26
S1132B706946137040F28C23ED582B00FF339B7F82
S1132B80287853700722FEF759FD002800D154E736
S1132B902B001533FF33043406CC06C33C3B1B78AF
S1132BA0022B00D04FE7B333FF33EB5C002B00D193
S1132BB049E703F04BFBFEF771FD44E76A46237ACD
S1132BC06946137040F28C23ED5807222878FEF7EB
S1132BD035FD002800D130E73035B4E7D05300206C
S1132BE0685700207857002040F28C23EB58616826
S1132BF01B78072B00D020E79448002900D122E756
S1132C0005F0F4FC1FE740F28C23EB5861681B7855
S1132C10072B00D011E7002900D114E78C48EFE717
S1132C202279531E0E2B00D907E740F28C23EB5870
S1132C30FF335A7207E740F28C23EB58F43362688F
S1132C401A6000E740F28C23EB58F833F7E740F2C0
S1132C508C23EB58FC33F2E740F28C23EB58626888
S1132C60FC335A60EFE640F28C23EB58FC33626885
S1132C709A60E8E604266B46A65706221E7040F2C8
S1132C808C23EC5869462078FEF7D8FC002800D144
S1132C90D3E66671D7E604266B46A65705221E7056
S1132CA040F28C23EC5869462078FEF7C7FCE934DF
S1132CB0002800D1C1E62670C5E604266B46A65757
S1132CC00A221E7040F28C23EC5869462078FEF7E5
S1132CD0B5FC002800D1B0E62671B4E604266B46A4
S1132CE0A65709221E7040F28C23EC5869462078BE
S1132CF0FEF7A4FC002800D19FE6E834DBE740F2AD
S1132D00F41362689A4200D997E69833EB58EC338F
S1132D1096E740F28C23EB5822791900F0310A70BF
S1132D201A7390E640F28C23EB586268FC339A6283
S1132D3089E640F28C236268EB581A6483E640F219
S1132D408C26AB591B78072B08D1424923790A7882
S1132D509A4203D006200B7001F0AEFAAB59002062
S1132D601A000021A132FF3210605160694603222B
S1132D700A71002218780092FFF764F92379A9599F
S1132D805A1E934140F22D128B545CE640F28C2380
S1132D90EB582279180040F22811443002B1012284
S1132DA002705A544FE640F28C232179EA58CF3B03
S1132DB0D15448E6284BA2881B689A8043E6264BE8
S1132DC01B6854E722790F2A00D936E640F28C2397
S1132DD0E958613BFF3BCA542C3BFF3B934040F214
S1132DE090128B522FE62279072A00D925E640F269
S1132DF08C23EB58FF339A7225E640F28C2320791A
S1132E00ED5809F073FDFC3568621CE62279012A4D
S1132E1000D912E640F28C23EB58FF339A7712E67E
S1132E202279012A00D908E640F28C23EB58FF33BB
S1132E305A7708E6084B62681B681A6103E6064B7A
S1132E4062681B68DA60FEE50220EEE56257002046
S1132E506057002004400020A053002010B58AB021
S1132E60FDF79EFBC0B201282CD16B469C1D2100AE
S1132E7002A8FDF7B9FB0023E15E052922DCC9B2F3
S1132E800298F9B1FDF76CFE03004CF25C12F53BBD
S1132E90FF3B9BB2934215D827236A4684B203A80A
S1132EA013730494FFF75CFD50B928236A46137327
S1132EB040F2E83303A8E4180494FFF751FD10B17D
S1132EC0FEF7E2FD04200AB010BD000030B58BB05F
S1132ED0FDF766FBC4B2012C1AD16B469D1D290077
S1132EE002A8FDF781FB0022AB5E012B10D1029BEF
S1132EF01B785BB2302B0ED0312B09D16A464323A9
S1132F0003A813731474FFF72BFD30B1FEF7BCFD57
S1132F1004200BB030BD0024F0E7024B3B331C709F
S1132F20F7E7C0469451002010B58AB0FDF738FB8E
S1132F30C0B2012819D16B469C1C210002A8FDF7E0
S1132F4053FB23880421029A01A8FDF782FD0300A4
S1132F5060B95222019B03A81BBA43600270FFF7B9
S1132F60FFFC030010B1FEF78FFD042318000AB024
S1132F7010BD10B58AB0FDF713FBC0B2012819D1FA
S1132F806B469C1C210002A8FDF72EFB238804211C
S1132F90029A01A8FDF75DFD030060B95322019B6D
S1132FA003A81BBA43600270FFF7DAFC030010B1F8
S1132FB0FEF76AFD042318000AB010BDF0B58BB00B
S1132FC01E0010AB0C001F7800900192F1B3009B1F
S1132FD00A20E3B301251022002106A808F0B2FA62
S1132FE01022002102A808F0ADFA02AB981D3100AE
S1132FF01D705F7105F0CAFC0A2002AB1199C0185C
S113300005F0C4FCEAB21301103BDEB202ABDA7382
S113301001351021019A06AB02A8ADB2FFF706FCF8
S1133020B8B9211C102C00DD10210022009B09B22C
S11330309B1906AF1878D65D0132704018700133C1
S11330409142F7DC103C24B2002CDBDC00200BB0F6
S1133050F0BD0F20FBE7000010B5074B04001B6810
S1133060DB7813B10548FEF7CFFC2000FEF7CCFC5B
S11330700348FEF7C9FC10BD08400020ACC900009D
S113308085CB0000037837B50400022B43D845787C
S1133090002D40D1037B13B32548FFF7DDFF2548FE
S11330A0FEF7B2FC237BAB4236D82348FEF7ACFCD8
S11330B000220321E078FEF7E3FE1F48FEF7A4FC9C
S11330C000220121607CFEF7DBFE1B48FEF79CFC1E
S11330D000220A21206AFEF7D3FEFEF7BDFC174B3F
S11330E03F331B78012B16D11548FFF7B5FF114864
S11330F0FEF78AFC002203210E23E05EFEF7C0FEE9
S11331000D48FEF781FC1020002203212056FEF713
S1133110B7FEFEF7A1FC37BDA1680122491901A839
S1133120FDF776FC013501A8FEF76EFCEDB2B9E7B8
S1133130B4CA0000AFC90000BACA0000945100200C
S1133140BCCA0000F8B505780400032D16D0082D7C
S113315038D065B92748FFF77FFF2748FEF754FCAE
S113316063782BB92548FEF74FFCFEF775FCF8BDD4
S1133170082B01D12248F6E72248F4E7224B1E78B7
S1133180B307F4D52148FFF767FF1B48FEF73CFC63
S113319067789FB93A002900207CFEF771FE1C482D
S11331A0FEF732FC3A002900607CFEF769FEFEF768
S11331B053FC02239E43144B1E70D8E71548FEF7B8
S11331C023FCF4E7104E3578EB07D0D51248FFF70F
S11331D043FF0948FEF718FC637843B90F48FEF72C
S11331E013FCFEF739FC01239D433570BFE7094802
S11331F0F5E7C046C2CA0000AFC90000C8CA000053
S1133200D6CA0000E8CA0000E54E0020F4CA000057
S1133210BACA0000FDCA000009CB000093CB00002D
S113322010B5040088B00320022C09D86A46002394
S113323001A813711472FFF793FB08B9014B5C7278
S113324008B010BD9451002013B5FDF7A9F9C0B220
S1133250012815D16B469C1C210001A8FDF7C4F977
S11332600022A35E012B0BD1019B18783038C0B229
S1133270022805D8FFF7D4FF030010B1FEF704FCC1
S11332800423180016BD0000042330B589B001AC36
S113329023700500200005F015FD23799D4220D000
S11332A045B90423200023702571FFF759FB60B151
S11332B009B030BD2D2323700B4B20001B782371E4
S11332C0FFF74EFB0028ECD0F2E7084B3E331D70AD
S11332D03DB92D232000237005F0F4FC2279024B24
S11332E01A700020E4E7C046E44E00209451002008
S11332F013B5FDF755F9C0B2012816D16B469C1CD5
S113330001A82100FDF770F90023E05E01280CD12B
S1133310019B1B785BB2302B0AD0312B05D1FFF710
S1133320B3FF030010B1FEF7AFFB0423180016BD72
S11333300020F4E730B50A4C050023003E331B7827
S1133340002089B04BB96A462D3301A81371157258
S1133350FFF706FB08B94034257009B030BDC046FC
S11333609451002013B5FDF71BF9C0B2012818D100
S11333706B469C1C210001A8FDF736F90023E15E91
S113338002290EDCC9B2019859B1FDF7E9FB83B2F9
S11333900F2B06D8C0B2FFF7CDFF030010B1FEF724
S11333A073FB0423180016BD70B52423050088B0F0
S11333B001A80C0003704560FFF7D2FA0600054B24
S11333C02900054862001C70FEF7D2FD300008B0E9
S11333D070BDC046D7510020D8510020F0B589B047
S11333E005AD0C220021280008F0ACF8FDF7D8F850
S11333F0C3B20193062B2CD900260420164B1B7A4A
S1133400073B5A425341D9B29E4206D830B92800EC
S1133410FFF7CAFF10B1FEF737FB042009B0F0BD77
S113342002AB9F1D390004A8FDF7DEF83B8803AF0B
S113343002213800049AFDF70CFB0028DED13B88FA
S113344062005BBAAB520134019BE6B2B342E7D8E7
S1133450D4E700240420F7E7945100200B68027895
S11334601B0E534003700B6842781B0C534043708F
S11334700B6882781B0A534083700B68C2785340F0
S1133480C3704B6802791B0E534003714B68427939
S11334901B0C534043714B6882791B0A5340837160
S11334A04B68C2795340C3718B68027A1B0E534038
S11334B003728B68427A1B0C534043728B68827A86
S11334C01B0A534083728B68C27A5340C372CB6821
S11334D0027B1B0E53400373CB68427B1B0C53408F
S11334E04373CB68827B1B0A53408373CB68C27BD4
S11334F05340C3737047000003000449103302783B
S11335008A5C027001309842F9D17047F0D1000012
S1133510F8B50C0006000878FDF7A8FB67780500ED
S11335203800FDF7A3FBA378E2787B4053405D406D
S1133530684030706078FDF799FB27780500A07823
S11335404740FDF793FBE3785F407D40684070702F
S113355063782778A0785F40FDF788FB0500E07862
S11335604740FDF783FB7D406840B0702778380002
S1133570FDF77CFB63785F40A3785F407840C5B279
S1133580E078FDF773FB4540F570F8BDF0B5437B7B
S113359087B001938378457A0293C379877A03933A
S11335A04378C1780493C37AC67B05934379847BBB
S11335B04370019B82794372029B87708372039BE1
S11335C0C670C372049B457143738471C171827365
S11335D0059BC37307B0F0BD030070B5002504005C
S11335E00833DB6F05609A681868526990472800B1
S11335F06560A56070BD41B1436813B14368022B97
S113360003D104234360033B83607047EFF31081CD
S1133610012383F31088074B1A6812B11A68013A20
S11336201A601A681AB9044B1A7080321A7081F33E
S1133630108870478052002040030A40F8B5040007
S1133640FF25FEF74DF9002220880A4E93B29842D6
S113365002D8FFF7DBFFF8BD6168D300C9188F8873
S113366009683B0A1B012F40DB1989B25B0099539F
S11336700132EBE700020A40436810B5C4681A78C7
S1133680FF21436904B1E15C8468520001331153A2
S1133690436110BDF0B585B0FDF703FB204B8000FE
S11336A0C45863681D78A3686A009B180122FE331E
S11336B0598811420AD05A81042301A80195037143
S11336C0A36A8360636A984705B0F0BD5B8A1E00F5
S11336D09FB21640134202D06369012B02D9200025
S11336E0FDF7A4FB6269E3699A4203D22000FFF765
S11336F0C3FFE9E736B1012388359F43A3686D0012
S1133700EF52E1E7636801A81B7801930123037179
S1133710A36A8360636A01349847E677D4E7C046B6
S1133720C04D002040F20A2230B50F4B995C890944
S1133730814218D040F20B2401211D5D2943195503
S1133740022805D0995C8909022901D08021995465
S113375040F20A2240F20B218001C0B298540120A9
S11337605A5C82435A5430BD00C07E40484A494B9B
S113377070B59A600122484B484C1A7040F6FE031B
S1133780474A0025E252474B474ADD601A60474AE0
S11337905A6048F200029A601A61FDF787FC40F60D
S11337A000031A2240F62401E254635C8BB1404BBF
S11337B04048DA680240DA60DA687F263E48C27A16
S11337C03240C2728022D86812040243DA60DB6895
S11337D0655440F60C03E25C0AB10022E254032073
S11337E0FFF7A0FF002240F60803E25440F612025D
S11337F0A35CDB07FCD540F623030121E25C8A438A
S1133800E254E25C9207FCD440F621030121E25C1D
S11338108A43E254E25C9207FCD440F62002012180
S1133820A35C8B43A354A35C9B07DB0FDDB2002D89
S1133830F9D1022640F61802A6540132A3540132EB
S1133840A354FDF733FC3000FFF76CFF40F6FE0392
S11338501A4A2800E252FDF7B3FDFDF727FC184B86
S1133860184A19481A60FFF7E9FE0120FDF7A8FD80
S1133870164E174BF61AB610AE4201DC05F0B8FE30
S1133880134AAB009B181B6898470135F4E7C04600
S11338900000000000ED00E090C07E4000E0014028
S11338A003A5FFFF804C00200048E80100093D000B
S11338B0FC6F0440FFFF7FFF002C0A4000A5FFFFC0
S11338C0A44D002054524F5014D00000C0DA000020
S11338D0BCDA000001380028FCD1704740F2E8321D
S11338E00023484310B5002108F01CFB054B1A685F
S11338F0054BB3FBF2F3B0FBF3F0800808B1FFF71C
S1133900E9FF10BDBC4D002000CA9A3BF0B585B05C
S1133910019300238377030008330400D86F83687E
S11339200068DD6802AB0733A8470500E0B906006C
S1133930A37F104F33B9012101360800FFF7CEFFF2
S1133940BE42F5D1230058331A7801990A70BE4259
S11339500DD01A78022A07D01A78032A04D040F22C
S1133960F4151B7859342370280005B0F0BD1425D4
S1133970FAE7C04640420F000223F0B5060085B0C6
S113398002AAD371C268040015004BF6AD678836ED
S1133990336801919B180835436163699D421BD2CA
S11339A0019BB3B102AB0422290020000733FFF7C7
S11339B0ADFFA0B902ABDB79022B0DD0A16933684E
S11339C0CA6828880A3252009B1A834209D22120ED
S11339D003E0A36E9D42F1D10020A566256105B0E8
S11339E0F0BD0322EB1D1B1893435A88BA42EED153
S11339F01A884869E1685200691A11521A881D1D13
S1133A00E265CAE710B50400436E0021C360836910
S1133A101A6958690132520007F094FD0021200010
S1133A20FFF7AAFF10BDF8B5040003258369490018
S1133A305869626E435A26699B18E3671B88221DE6
S1133A400B33AB43D367E2689B19B71A4752210083
S1133A508831096800205218934205D92000FFF7E5
S1133A60D1FF01236560A360F8BD10B5040083692C
S1133A70616F1A690131914200D9002161675A6965
S1133A804800825A002AF3D0236F8B4207D02000CB
S1133A90FFF7C9FF10B9200004F032FF10BD2369FD
S1133AA02000A367FDF7EBF8F8E7F0B5846800237E
S1133AB0250087B00093037858352B70A3681BB991
S1133AC00133A37707B0F0BD2B78012B00D0DCE0E5
S1133AD0A0680238082800D9B3E008F0ABF9058BD8
S1133AE0359FB8B2B2B2C0002369032504330193F1
S1133AF02361230048331B88E76C1A002A40A56021
S1133B0002922B420AD1A560220039000832D06FFC
S1133B1082685568019A0068A84739E0032B0FD8DA
S1133B2026008C3604220021300007F00BFD3900FA
S1133B303000029A07F0C1FF37000423A560E3E7D1
S1133B400422AB43A260DFE7230048331E8825002C
S1133B50032733008C35BB43042200212800A760CF
S1133B60019307F0EFFC3200019BE16C3A40C91865
S1133B70280007F0A2FF2269019B29009A1823005C
S1133B800833D86F2261836800685E680423B047F5
S1133B9001002000FFF72FFDA368012B00D091E75F
S1133BA0230090331A68002A00D18BE76368002B46
S1133BB000D084E0A368013B591E8B41DBB204A909
S1133BC00B702300943498331B6820684B600028E2
S1133BD077D00378009343680393030060C960C3FC
S1133BE090472368002B00D16CE7009A1A70039A5F
S1133BF05A6067E7230048331B8821695A189B07DA
S1133C0000D00A1D0523A360230021000833D86FC8
S1133C102261836850315D6804237CE7230021001E
S1133C2050331A882369E265043323614A310888D2
S1133C30A169520049695052626822B90132A260F6
S1133C40A3660020A4E72000FFF70FFFA0E7231DD1
S1133C50DB6F2000002BF7D004F052FE98E723001E
S1133C6088331A68E368616E9B18636100232377C5
S1133C70A36F120A23610B23A36023000833D86FB8
S1133C80836800689B68984782E72B7823B9009B78
S1133C9063600123A360D4E763680098022B05D115
S1133CA0A3680B2B02D02000FFF7ACFE23002A7878
S1133CB059331A7004236360033BA36068E76368A5
S1133CC07CE708008CE70000030070B50026083389
S1133CD086770400D86F836800689B68984705005E
S1133CE048B1280070BD01210800FFF7F7FD0A4B19
S1133CF001369E420DD0A37F002BF4D0230058330D
S1133D001A78002AEDD01B78593440F2F415237048
S1133D10E7E71425E5E7C04640420F008369F0B5A4
S1133D201A690500013258695200002185B007F074
S1133D3009FC00234FF6FF72AB77EA65EB60019351
S1133D40AB6901995A68914201D300243BE02F00EA
S1133D508837019A3E681B685643F61802AB08225E
S1133D60310028000733FFF7D1FD040058BB02AB34
S1133D70DB79022B14D102AB310028003A680733F7
S1133D80FFF7C4FD0400F0B902ABDB79032B43D188
S1133D903A68120A31002800FFF796FF040011E088
S1133DA04BF6AD62F3889342F2D1E96899B33A686D
S1133DB030680B68120A9842ECD92800FFF784FF98
S1133DC00400EE6044B3EB684BBBAB6929001A688E
S1133DD09B688831D2182B0009680833521AEA60AC
S1133DE09CBB22492C64D9872900D86FAC7783689F
S1133DF040315C6800680823A047040028BBAB7FFF
S1133E0033BB01210800FFF769FD194B01349C42C3
S1133E10F5D1142426E0EE60019B01338FE7212CB9
S1133E200ED10126002301212800AB83FFF7A4FD56
S1133E300400212816D0A8B92EB90123AB6011E0E3
S1133E4084B90026EEE721240CE0212C0AD1E8E70E
S1133E502B0058331A78012AF3D040F2F4141B785B
S1133E6059352B70200005B0F0BDC046ADBEFFFF34
S1133E7040420F00F7B502000B6A08321B688161EB
S1133E800400D3670700019248688A688837B2FB48
S1133E90F0F23B483A606064606520000022394DCE
S1133EA0903025658D69C9692264A264E2648160E9
S1133EB02100943105600A609A6803CB1268904728
S1133EC00600002845D1A0602000FFF727FF050069
S1133ED0212844D102233100A06963600369266666
S1133EE09C4643694A009A5A12B901316145F9D98D
S1133EF00368E5683A688068AF181818874200D0EC
S1133F003B00D2186566E36062618C4523D30833B5
S1133F1023618BB2200023676367FFF784FD0500EC
S1133F2080B9200004F0ECFC050058B9A368012B0B
S1133F301FD001210800FFF7D1FC134B01359D422E
S1133F40F4D11425019B2E00DB6F9A68186852691E
S1133F5090473000FEBD2000FCF791FEE4E7002806
S1133F60F0D1E3681B68236400236360074B23607C
S1133F70EFE76368042BF4D140F2F415E2E7C0469E
S1133F800000ADBEFFFFADBE404B4C004545565250
S1133F9070B5274B88B09B7A012B47D103221400BC
S1133FA00440024242D025001D401C4209D06A460A
S1133FB04A33137101A804F085FE6B461A891D4B20
S1133FC0DA80022634422FD04C2301AC2370200027
S1133FD004F078FE029A174B35439A601649174845
S1133FE0FFF748FF040080B9154E04213070062302
S1133FF0144A1248FDF77EF9040001000F48FFF748
S1134000FAFA14B93378002BFCD00C48FFF7E4FA21
S11340102043424250410323064A404203401D408C
S113402013682B43136001E0002DD7D108B070BD95
S113403094510020E850002040D30000484E002056
S1134040545C0020EE500020002370B588B001AC11
S11340502000237004F036FE1E4D237920006B727D
S11340604323237004F02EFE2B0022793B331A7075
S113407004232000237004F025FE2B0022793E3314
S11340801A701D232000237004F01CFE2B002279DB
S11340901149413311481A70FFF7ECFE010078B959
S11340A00F4E502330702A000C48FDF723F904000A
S11340B001000A48FFF79FFA14B93378002BFCD0AB
S11340C00648FFF789FA0748FFF762FF002008B0A7
S11340D070BDC04694510020ACD30000F8500020BD
S11340E0555C0020FFFF030070B58AB0FCF758FA56
S11340F0C5B2012D1BD16B469C1D210002A801AE47
S1134100FCF772FA238802213000029AFCF7A1FC22
S1134110040068B96A464B23368803A876BA137339
S11341201682FEF71DFC040028B1FDF7ADFC042443
S113413020000AB070BD034B2800DE80FFF728FF83
S1134140F6E7C046E850002070B58AB0FCF728FABC
S1134150C0B201281FD16B469C1C210002A801AEED
S1134160FCF742FA238803213000029AFCF771FC21
S1134170040088B9737835781B022D041D43B37885
S113418003A81D434C2345600370FEF7E9FB0400BC
S113419028B1FDF779FC042420000AB070BD034B5C
S11341A002209D60FFF7F4FEF6E7C046E8500020C9
S11341B010B5FFF7EDFE10BD37B5040008226846C0
S11341C01B4907F07AFC002C2FD11A4D1A492800FC
S11341D0FFF750FE040068B9AB695B691B88E3B163
S11341E0EA6899189B5A4F2B19D950221348043165
S11341F007F063FC0F48FFF7EFF9204320B150228A
S11342000F490E48FDF7B4FE082269460B4807F033
S113421043FC30B90B4B187137BD2224EAE7032461
S1134220E8E706F0BDFF06F0A7FFFCF707FDF3E79C
S113423012CB0000F8500020ACD3000094510020B1
S1134240F0D20000E850002037B5FCF7A9F9C4B259
S113425094B1012C19D16B469D1C290001A8FCF7CF
S1134260C3F90022AB5E012B0FD121000198FCF7AA
S113427077FCC4B2012C08D82000FFF79DFF04F09E
S1134280A9FE030010B1FDF7FFFB042318003EBD97
S11342901F22430910401E3A824002499B005A5093
S11342A07047C04600E100E010B52120FFF7F0FFA1
S11342B01D20FFF7EDFF10BDF7B507000C0000252A
S11342C0C9B3354E01A8FDF721FB3278531CDBB28C
S11342D033700AB9FDF71FFB019B83F31088092F84
S11342E036D8380007F0A6FD050A292D31393F4399
S11342F047512278294B1A7001250FE01625042214
S1134300210001A807F0D9FB019A254B19689142B5
S11343103FD0013DADB20833002DF7D101A8FDF720
S1134320F5FA3378013BDBB233700BB9FFF7BCFF0E
S1134330019B83F310882800FEBD2278174B1A7264
S1134340DAE72278154B5A72D6E723782F2B01D956
S11343500025E3E7114AD372CEE723782F2BF7D851
S11343600E4A1373C8E722780C4B5A73C4E72278B9
S11343700A4B9A72C0E7094D2378AF7BAB7304F004
S113438039F90028B8D1AF73E2E72278034BDA7326
S1134390B2E7024B5A60AFE7405C0020AC5A002001
S11343A0C8D50000F7B507000C00002679B3254DE9
S11343B001A8FDF7ABFA2A78531CDBB22B700AB9BB
S11343C0FDF7A9FA019B83F310880026092F11D861
S11343D0380007F02FFD05091E2124272A2D30332C
S11343E0194B1B78237004E004222000174907F0BE
S11343F064FB012601A8FDF789FA2B78013BDBB2A7
S11344002B700BB9FFF750FF019B83F3108830002A
S1134410FEBD0D4B1B7AE5E70B4B5B7AE2E70A4BDB
S1134420DB7ADFE7084B1B7BDCE7074B5B7BD9E7D9
S1134430054B9B7AD6E7044B9B7BD3E7024BDB7B94
S1134440D0E7C046405C0020AC5A0020B05A00209F
S113445073B5184D060001A80C00FDF757FA2A7829
S1134460531CDBB22B700AB9FDF755FA019B83F399
S11344701088114B042E14D0052E18D0083307CC05
S113448007C306CC06C301A8FDF740FA2B78013B0D
S1134490DBB22B700BB9FFF707FF019B83F3108886
S11344A073BD1C3307CC07C307CC07C3EBE72268F3
S11344B05A60E8E7405C0020105A002073B51C4D98
S11344C0060001A80C00FDF721FA2A78531CDBB280
S11344D02B700AB9FDF71FFA019B83F31088154B63
S11344E0042E1AD0052E1FD0032E0FD01B78237054
S11344F001A8FDF70BFA2B78013BDBB22B700BB94B
S1134500FFF7D2FE019B83F3108873BD22000833AA
S113451043CB43C203CB03C2EAE722001C3343CBA1
S113452043C213CB13C2E3E75B682360E0E7C046F2
S1134530405C0020105A0020F0B5324D85B00700D1
S113454003A80191FDF7E2F92A78531CDBB22B7022
S11345500AB9FDF7E0F9039B83F3108840F288233E
S1134560294CE65C783BE35CDEB913B140F24923A5
S1134570E7543800FDF780F9244B254A1B6863B9DA
S113458040F289222023A15C0B43A35402F0F0F8EB
S113459001F05CFE02F094F922E0934216D01B690C
S11345A0EDE71BB140F24923019AE2540198FDF76B
S11345B063F940F28C23E358E0331B78022B0FD0CD
S11345C040F289222023A15C0B43A35440F28C23A4
S11345D0E358E0331B781BB9002ED9D102F050F90F
S11345E0FDF74CF803A8FDF791F92B78013BDBB2FA
S11345F02B700BB9FFF758FE039B83F3108805B0AB
S1134600F0BDC046405C0020D05300203C5C00203C
S11346106C550020F0B5214C87B0019005A81F000F
S113462003920291FDF772F92278531CDBB22370D6
S11346300AB9FDF770F9059B83F31088184D002122
S11346402B00A4330020185E04F0DAFA0026019B44
S1134650985D04F0F1F80136029AB3B29A42F6D8A2
S1134660039EF719BE4214D1A4350023E85E01214C
S113467004F0C6FA05A8FDF749F92378013BDBB23B
S113468023700BB9FFF710FE059B83F3108807B066
S1134690F0BD307804F0D0F80136E3E7405C002048
S11346A0E45A0020C02307B501A8038000231A00A0
S11346B00221FFF7AFFFFCF777FE07BD10B50A4BE9
S11346C01A78082A0DD840F241130124D34023421A
S11346D007D0FFF7E7FF054B21000020185E04F028
S11346E08FFAFCF761FE10BD07400020BC5A002081
S11346F037B56B460C001500D871FFF7DFFF68462D
S11347002B00220001210730FFF784FF6B46DB7981
S1134710842B01D0FCF748FE37BD000007B5104BD1
S113472001A9984206D90F4B0B8002229820FFF76B
S1134730DFFF07BD0C4B984201D90C4BF4E70C4B3F
S1134740984201D90B4BEFE70B4B984201D90B4B25
S1134750EAE70B4B9842E8D946F66B73E4E7C046A8
S113476000E9A435E1E9FFFF80F8A932D7DBFFFFB8
S11347708044E52DC1C5FFFF000B6B1B7581FFFF56
S113478040FC541937B5104B104D18602B780400B9
S11347901BB9FFF7C3FF01232B7043F60951B4FB88
S11347A0F1F20B0041F684605343E31A9B031B1898
S11347B0B3FBF1F392039B181BBA0422862001A9D0
S11347C00193FFF795FF37BDE05B0020E45B002019
S11347D013B5064B04005B7B23B1019001A90520AE
S11347E0FFF736FE2000FFF7CDFF13BDAC5A0020C3
S11347F007B56B46D91D044B0870187001228A2036
S1134800FFF776FF07BDC046E55B002013B50B4BF1
S11348101B788BB96B460122094CD91D80200A7084
S1134820FFF766FF40F61110E17A00F064F840F6F5
S11348301210217B00F05FF813BDC046D05A00204F
S1134840AC5A002007B50C4B0422972001A9019310
S1134850FFF74EFF00236A460720938001A9022236
S1134860FFF746FF7F236A468920137101A90122BD
S1134870FFF73EFF07BDC046020002800D2373B55B
S11348800D00160001AC2370030A6370A070FFF7DB
S113489015FF33002A0003212000FFF7BBFEFCF7BD
S11348A083FD73BD07B5064B01A91B7840BA088088
S11348B023B9022240F2BC60FFF7E0FF07BDC04607
S11348C0E55B002007B5064B01A91B7840BA0880B8
S11348D023B9022240F2BE60FFF7D0FF07BDC046F5
S11348E0E55B002007B56B46D97107330122190037
S11348F0FFF7C4FF07BD10B5FFF7F4FF10BD0000BC
S113490010B504000B4B1870587000F015F854B132
S1134910342140F24070FFF7E5FF442140F241703A
S1134920FFF7E0FF10BD142140F24070FFF7DAFFFB
S11349302421F3E7115C0020012010B5FFF758FF94
S1134940044B18785A78824202D05870FFF7D8FF87
S113495010BDC046115C002010B5012806D000200F
S1134960FFF746FF0022034B5A7010BDFFF7E4FF28
S1134970FBE7C046115C0020F0B5254D87B00190DF
S113498005A81F0003920291FCF7C0FF2A78531C6C
S1134990DBB22B700AB9FCF7BEFF059B83F31088CA
S11349A01C4E00213300A4330020185E04F028F9C3
S11349B00024019B185D03F03FFF0134029AA3B267
S11349C09A42F6D8002003F037FF039CC3B2019348
S11349D0E719BC4215D1A4360023F05E012104F08E
S11349E00FF905A8FCF792FF2B78013BDBB22B7083
S11349F00BB9FFF759FC059B83F31088019807B0A6
S1134A00F0BD002003F018FF20700134E1E7C04638
S1134A10405C0020E45A002073B56B4615000C007E
S1134A20DE1DD871FFF74AFE2B0022000121300061
S1134A30FFF7A2FF0400FCF7B7FC200076BD0000DE
S1134A4013B501AC012221001520FFF7E5FF064B49
S1134A5022781B7852085BB29B1A181C803301DA47
S1134A604FF6807000B216BDAC5A00201D2373B5FA
S1134A700D00160001AC2370030A6370A070FFF7E9
S1134A801DFE33002A0003212000FFF775FFFCF709
S1134A908BFC73BD13B56B46DC1D01222100FFF7AF
S1134AA0E5FF207816BD000037B52A4B04001B78BB
S1134AB00D00012B2CD10F280CD1274B042295205B
S1134AC001A90193FFF714FE231C5AB20E2A10DD2C
S1134AD00E230EE0214B0422952001A90193FFF738
S1134AE007FE231C1134F0DA4CF62673C0F20003DF
S1134AF01B7818215CB240F6E700FFF7F3FE6B4623
S1134B0002225D718E201C7101A9FFF7F1FD37BDF2
S1134B1040F6D800FFF7BEFF1E210143C9B240F69C
S1134B20D800FFF7DFFE0E4B0422952001A9019364
S1134B30FFF7DEFD231C093407DA4CF62773C0F2B5
S1134B4000031B7838215CB2D5E75AB2162AF9DD86
S1134B501623F7E7054000200600010104000101C7
S1134B6004070001F7B5214D01A8FCF7CFFE2A7810
S1134B70531CDBB22B700AB9FCF7CDFE019B83F307
S1134B8010881B4B1E681B4B9A88998897B28A42DF
S1134B90FAD101A8DC7AFCF7B9FE2B78E4B2013B28
S1134BA0DBB22B700BB9FFF77FFB019B83F31088FB
S1134BB047F6FE739F4202D8E40700D5103645F647
S1134BC05E737B430193019B0B4A3000B3FBF2F30A
S1134BD00193019C40F2E8320023002107F0A2F97E
S1134BE0220000238018594103B0F0BD405C00202E
S1134BF0F851002000380A40A086010010B50400D6
S1134C00FFF7B0FF40F2E832002307F06BF92060B1
S1134C10A280200010BD000010B5FFF7A3FF154BC4
S1134C2040F2E832186059600023040007F05AF992
S1134C3040F2E831104B1A689B88121848431B193C
S1134C40181A83B2013900B2884203DD0B490132DC
S1134C505B1818B20A4B1900FC310A6440F2401286
S1134C6098522023074A11780B431370FBF750FE28
S1134C7010BDC04678560020C053002018FCFFFF2A
S1134C80D0530020C8530020F8B5150007000E00CB
S1134C901C00FFF767FF084B186059609F609E81F6
S1134CA0DD811C74112305490A789A4313430B7060
S1134CB0FBF72EFEF8BDC046A8530020C8530020C1
S1134CC010B5FFF74FFF0B000A4902008868C96856
S1134CD0994202D809D1904207D9121A8B41012076
S1134CE04042C1178018594110BD121A8B4110005F
S1134CF01900F9E7185C0020F0B5644E87B0019103
S1134D00B388B1889AB28B42FAD145F65E735343A5
S1134D100593059B5E4A5F4CB3FBF2F30593059B39
S1134D20277802283ED09AB203920292032860D0D8
S1134D3000231D00012F21D12375FFF713FF019BD1
S1134D40029A236143F680639B1A019A9BB2A06086
S1134D50E160A3830AB900230FE043F67F6201995F
S1134D6091421CD80A008B4219D904230399237059
S1134D708C466B4662449B88226101252269002A85
S1134D8050D1B37904329343B37107232370237D45
S1134D90002B00D16FE001232375237068E0022308
S1134DA02370D8E7022F0BD1A28B23699B1A01250C
S1134DB02361394B22699A420ED9002323610BE007
S1134DC0032F03D12369354A9B18F0E7043F0025DC
S1134DD0022FEED82561013543F67F6223699342A1
S1134DE003D804229BB22270C8E703232370002354
S1134DF0C4E7052F11D12369039A93420AD9029A71
S1134E0001259B1A40F2D0729BB29342B6D8042279
S1134E102270B3E7002323619DE7062FFAD0002315
S1134E201D00ABE7217804291FD1B2798A43B271FE
S1134E3040F2D072934204D90523237001235B42CC
S1134E400CE0062121709342F8D06422DB03B3FB0B
S1134E50F2F35A3A0533B3FBF2F39BB273801B238C
S1134E60F372B279173B1343B3712378072B8ED0B7
S1134E70280007B0F0BDA36903B198471020FCF7E0
S1134E8087FD2378072BF3D185E7C04600380A4015
S1134E90A0860100185C00200000FFFF80C1FFFF16
S1134EA0002210B5044B04681A70FBF77BFD210047
S1134EB00120FFF721FF10BD385C0020F0B587B05A
S1134EC0040005A8FCF722FD3F490A78531CDBB215
S1134ED00B700AB9FCF71FFD059B83F310883B4E4A
S1134EE037683D00002D3AD1636825722360FFB115
S1134EF03B7A002B37D0FFF7E3FE2B003A68009291
S1134F000193A94203D1824201D9009001950098EE
S1134F100199121A8B4100920193019B256813B9E0
S1134F20009BAB4223D9009B5D1B00233D603B7279
S1134F3001232000276123723460FFF7B1FF05A825
S1134F40FCF7E4FC204A1378013BDBB213700BB985
S1134F50FFF7AAF9059B83F3108807B0F0BDAC42B4
S1134F60EDD02D69BEE73B6801950093D5E73E6916
S1134F702EB9009BED1A25603C612661DFE732689B
S1134F80019B0098019912184B410BB9954208D224
S1134F90009B009AEB1A236033689B185B1B3360F9
S1134FA0EAE7316921B9AD1A256034612161C6E7A8
S1134FB0086837000290002003900E0002980399BD
S1134FC000920193DFE7C046405C00203C5C002077
S1134FD070B5124C236843B1002201251A601A727D
S1134FE00023206858B903B1206070BDC1682B004C
S1134FF0026911B122608847F2E71000F2E7026803
S1135000002AF3D03BB9037A002BEED101230372BB
S1135010FFF746FFE9E72060F5E7C0463C5C002067
S1135020F7B52E4D040001A8FCF770FC2A78531C38
S1135030DBB22B700AB9FCF76EFC019B83F310887A
S1135040274E33686BB901A8FCF760FC2B78013B51
S1135050DBB22B700BB9FFF727F9019B83F31088A0
S1135060F7BDA3422DD1237A0BB3FFF729FE8C465B
S11350700021276821722469ACB13A0034600B0026
S11350803E000F00614502D1824200D90600921B06
S1135090BB411100236820005B18236001232372A5
S11350A0FFF7FEFECFE73460FBF77CFCCBE7236918
S11350B02BB1216833601A6852181A60C3E7336051
S11350C0C1E71A001B69002BBDD09C42F9D12369AA
S11350D021681361002BEED1B5E7C046405C002087
S11350E03C5C0020F0B540F28C2540F22E12A54F16
S11350F09DB07B5915909A5C16AC0E9240F2B41296
S11351009A5C2000119240F22D129B5C0C93FFF7E5
S113511075FD40F2A81340F2AC127D59169EEB586F
S1135120AA5AF61AA3889B1A1BB2DB0FF61A40F28E
S11351301823FB185C681B680A930B9440F28923BC
S1135140FA5C0423110019408C461A4203D0002053
S1135150FCF7ACFB84462B78072B36D100200021CA
S11351600E9A05335343884A9B185B7A874A5B013E
S11351709C18D25A119BA061E161002B00D0F0E091
S113518040F60F6164338E4209D949F6AF2342F2E7
S11351902831B3429B410B4040F2E8315B18111CAB
S11351A09A4200D2191C0C9A8BB20AB9624662B1B7
S11351B0180001225242D3170021801859410A9A3B
S11351C00B9B06F0AFFEA061E16140F29013002159
S11351D0E85A01225242D317801859410A9A0B9B6C
S11351E006F0A0FE2B00A1330E900F91FF330E9911
S11351F00F9A19605A60B73B1B785BB2129340F266
S11352002D13EE5C8733EB5C13932B009933FF3340
S11352105C681B680C930D94E0352B78022B00D14D
S1135220A5E001F0A5FA01F011F840F28C23FB5837
S1135230E1331878FFF764FB40F28C23FB58149396
S11352401B78119309230A93119B072B00D072E159
S11352501022002118A806F075F900224A4B0125F6
S1135260E033198813002800904004000C40A04249
S113527001D10133DBB20132102AF4D123B9424AFD
S113528007330B43E0321380FFF76CFC0B000D99DE
S11352900200994216D802D10C99914212D80C9965
S11352A00D98014371B10C9C0D9D10001900001B59
S11352B0A9410F9C8C4200D96FE103D10E9C84421A
S11352C000D96AE100220023149C1399A134FF340D
S11352D022606360002900D03EE12B4BC8331C6878
S11352E05D68FFF73FFC02000B008D4242D801D1FC
S11352F084423FD8121BAB4114001D00224BD03313
S11353001A685B680A920B93FFF72CFC0B000B994D
S11353100200994232D802D10A9991422ED80A98B1
S11353200B99121A8B410EB9002200239D4202D818
S113533003D1944201D922002B001349D8310C68BF
S11353404D689D4202D823D1944221D9A41A9D418B
S11353500A940B950A9B013324D10B9B01331DD076
S113536020E00C9B002B00D12FE7100021E700F078
S11353706DFF61E701246442E517BFE70122524251
S1135380D317D0E7D0530020805600204057002088
S113539000200021BB4BD83318605960002300243F
S11353A00A930B940022B74B1000E0331B8840F2A1
S11353B0010C0C931300B449B24E0E910C9964463F
S11353C0114121421CD03168D1B1139919B9073167
S11353D01141214214D0317A129D0C07240FAC42A2
S11353E00EDC0909A9420BDB717A0E9C49010919EB
S11353F08C69C9690C43002C00D1C7E00130C0B2EC
S113540001320C36102AD9D1002B00D1ECE09F498F
S11354109F4A0868424343F2390012180A609D49C2
S1135420B2FBF1F1C807411A521A92FBF3F14B4354
S1135430D21A18AB9A5C40F2112300200021FA54CE
S11354407F33FB181860596040F28C23FC5800210C
S113545023002078E933595616339B7A072800D065
S1135460D4E08D4DCA005BB25219D356002B01DB38
S1135470062900D10023D9B22300F0331A78874BD0
S113548049B200932300EC331B68FBF799F9844B72
S113549010251B78012B00D00A3D40F2C413FA58A2
S11354A01121521BFA5023000C92F0331A780F3357
S11354B059567C4B207800932300EC331B68FBF790
S11354C07FF940F2D81340F2B412FE58761BFE5016
S11354D0A35C002B00D19BE040F20C23FD5C002D6B
S11354E000D0B7E0DC3BFB5CE9200A933B00FF33D0
S11354F05B7D1B071B0F0E932056FBF7F9F90E9AE1
S11355000A9B9446032263440A92984202D20823D7
S11355101D000A932300F8331B680C9A9B1840F271
S1135520B012BB502300FC331B6804329B19BB50E0
S1135530002D00D177E03B00FC339B6C9B0708D423
S113554040F28C23FB58E0331B78022B01D001F08E
S1135550B7F90A981DB0F0BD9EB14A4BD0331C6810
S11355605D68FFF7FFFA02000B008D4205D801D1F8
S1135570844202D8121BAB41DFE601225242D31708
S1135580DBE64049D8310A604B6007E730250CACB4
S1135590591C6419E254CBB232E70C9C0D9D0E9851
S11355A00F9924184D41A41A9D410A940B950A9908
S11355B00B9A40F290233E00FB1819605A60159B29
S11355C0FC36B26C002B00D154E22023364D134339
S11355D02800B364FFF724FD0A9B2800B367F36730
S11355E0FFF76CFC00230FE00028E0D107230C9A9E
S11355F000201343234A0021E032138040F2902319
S1135600FB18186059600C230A9394E7C9B233E776
S11356102100FC314B680C981B1840F2B0103B5031
S11356208B689B19BB5040F2B213E35C4BB940F258
S11356300C23FB5C002B4CD140F20E23FB5C012BB2
S113564047D83C00FF34637943B1042B00D112E105
S11356500323D9E7032300250A935BE7134B40F2A6
S1135660A0211A687858938801339BB29380012251
S113567002437A503A00FE32138403F08FF9B8B132
S11356800E23C1E780560020405700200040002030
S11356906D4EC641FFFFFF7F6CD40000885500208B
S11356A0D05A00209C55002044550020A0530020CF
S11356B03900E14BFC31009313220223C968FCF743
S11356C0CFFF0028DCD103F069F90028D8D1637B2F
S11356D03B8040F21123FB5C00220A9340F28C23AE
S11356E0FC580C922378072B00D087E0E925D34B94
S11356F065570A9A5B5711930C235343D04A9B185E
S11357005B7A06335B019B182200E8329B781178A0
S11357101278181C52B25BB2934200DA081C0121C1
S113572043B20C93C74BAA00D358C74A0E91934275
S113573005D0C64A9B185A4253418B400E930C9B8A
S1135740FC34580007F0D2F8011C606A06F0A2FE8F
S1135750A16A06F09FFE041C07F060F86B4648221D
S1135760002612909B180021201C9E5706F0B0FBC7
S113577060B9129807F072F8011C201C06F08AFE2A
S1135780002106F081FB08B9013E76B23B880A9AF3
S113579012930C235343AA4A0024D058FFF718F855
S11357A040F6A0730794089306940594072D00D03F
S11357B032E1012304930433029340F2E833119A53
S11357C0310053432000009346F2A8120E9B039429
S11357D0019400F0BDFE250048226B469B181C78FE
S11357E028002100FBF7C8FD21002800FBF7DAFCA4
S11357F040F218230022FB1818605A6040F2492333
S11358000122FA544333FB5840F25021E9331A7809
S113581040F24A23FA540C9A0133FA540A9A113387
S1135820FA50443B7918FB181A685B680A604B60AD
S113583040F2682179180A604B6040F21023FB5C47
S113584023B940F20C22BB5C0133BB5440F29823D1
S113585000200021FB181860596039787C4800F05A
S113586051FA002800D0FBE03A000223FC32916C8C
S11358700B439364B6E6774B1B68DE6840F20C2357
S1135880FB5C4BB940F20E23FB5C012B04D8731C68
S1135890013600D3F4E61E003B00FC33DA68002A2C
S11358A000D1EDE63B00FF33597D40F23013F85C44
S11358B0090703005C1EA3413C00090F5B18083371
S11358C00430FF341B18617B9BB2994200D2D7E6A7
S11358D03D00A37BFC351370E8686969013003F06F
S11358E055F8627DEB685A713B00FE33198BEA6808
S11358F091711B8BEA681B0AD371627DE8681207F9
S1135900120F55490830FCF733FB637D40F2301227
S11359101B071B0F1C00BA5C083432B140F228127A
S1135920B95CEA68093311551C003D0040F230139C
S1135930FC35E868FA5C0019296BFCF719FB40F2A6
S11359403013FB5CE868E418A4B20019A96B03F0F7
S11359501DF83B000434FF33E4B25C7340F22813B7
S1135960FB5C0BB1082311933A4B1D683B00EA68BA
S1135970FC33D8685B6996423ED83C00EE603D003B
S1135980FC34E368FF350A936B7B0A99043B9C461D
S11359909AB23B00FE335B8A0C936369002900D101
S11359A06EE640F200118A4200D969E6B7391891CF
S11359B0002118A881800C994681C180190C1B0E06
S11359C04372330C0373330E4373002383736346B0
S11359D0C373224B017200930A990723FCF740FE1C
S11359E0002800D04CE66B7BE068043BC018A16B38
S11359F002F0CCFF6B7B6BE640F230117A5C043C26
S1135A00A41A11000022001900920196119AFDF7C0
S1135A10D5FA0028B1D033E6082301250293119B5F
S1135A2022000093310028000E9B049503940195F5
S1135A3000F08EFDD0E6C046F0540020D4D400001F
S1135A4080560020B4D4000090D00300E05EF8FF3C
S1135A50D2530020A0530020E85400200455002015
S1135A600D230A93672800D165E508330A93662855
S1135A7000D060E50B23C7E5D0B5224C20212200DD
S1135A80FC32936C8B43936440F29823E3181E68B2
S1135A905F6833003B43BBB1FFF764F802000B00BF
S1135AA08F420AD801D1864207D8921BBB4111000C
S1135AB01BB941F64073994206D940F28C23002168
S1135AC0E258FD3BD154D0BD0120FFF70BFB03008E
S1135AD00028F8D00120082B00D1093040F28C2393
S1135AE0E358E9331A7840F24A23E2543C3BE25C3F
S1135AF03F33E254043BE054FBF7BEFE03F052FD97
S1135B00E1E7C046D05300200023F0B585B002AAD7
S1135B10138000220023026143610600FAF7B0FEFD
S1135B2020B9564BDB681F7D042F03D901242000C4
S1135B3005B0F0BD40F28C23514D3078EA58D83B83
S1135B40D35C2BB9020004339A430724002AEED114
S1135B5003A902F0A7FC039B002BE7D127B9282255
S1135B6039004848FCF774FD40F261230122EA54ED
S1135B7040F289220423A95C37780B43AB54082FE5
S1135B8074D8380006F056F9057272555F72727255
S1135B906E00FCF7E1FA40F28C23EB583279197865
S1135BA0072900D03A00E9331A700020FBF7C0FD42
S1135BB02B000024FF335C712B00334AFC33DA6082
S1135BC02B00FF22FE33DA81304B31481900F73ABB
S1135BD00193FCF7CDF90199082210392D48FCF7FF
S1135BE0C7F92000FFF77EFA0721040050B140F204
S1135BF08C23EB5832791978072900D03A00072111
S1135C00E9331A7040F29023EB181A685B6832612A
S1135C10736174B3194BDB681B7D002B00D086E7DE
S1135C2040F210220421AB547932AB5C8B43AB5469
S1135C307DE70022022002A9FCF794FB431E984151
S1135C4001210401DEE70C21B2887156B06800F02E
S1135C5085FA2A000223FC32916C00240B439364DE
S1135C600121CFE700220D2002A9E5E7012102244A
S1135C70C8E72200380002F0D5FF58E7905300200F
S1135C80D053002030560020D253002078570020F3
S1135C90DE540020E654002030B58FB0FAF780FCC3
S1135CA0C4B224BB6A4602231377124B07A8089395
S1135CB00325FCF755FE6B461D770F4B07A8089389
S1135CC0FCF74EFE08236A4613770C4B07A808938B
S1135CD0FCF746FE6B4668461C701C71FFF714FF08
S1135CE018B9074B1D800FB030BDFBF7CDFE042063
S1135CF0F9E7C046AF510020B75100209F51002062
S1135D00F65000200122F0B52B4B9DB00790049172
S1135D105B7B0192002B00D123E112AB9C1D21007F
S1135D200220FEF7CBFB2378019323B103230193D5
S1135D3001981DB0F0BD16AC21000420FEF7BEFB97
S1135D40052014A9FEF7BAFB0023E65E189B08930E
S1135D50179B0993199B0A930EB3012E28D1310086
S1135D600898FAF7D1FC0590144CF3B20499F0B2F8
S1135D700D93FBF717FA23000B9048331B78104D53
S1135D800E93149B0C930023039302936B461B7B8B
S1135D900693069A0E9B934214D86523C7E742F2F2
S1135DA01071099B0A9A5B0052189B180593DBE754
S1135DB001235B42FAE7C046AC5A0020105A002087
S1135DC0045A00202B79002B00D1A3E1069A0599EF
S1135DD00C98FAF7B5FC10900998012E03D1002114
S1135DE00898FAF791FC2B68CF4A9C462A331B7813
S1135DF0CD49DB009A5C5B180F92002211930F9B34
S1135E00D1B2994200D239E1042263460B995B690D
S1135E108B429B4102995B421B0119430B00109971
S1135E2019430A4393B20293002B00D072E1236C0E
S1135E30002B00D139E1A31DDB8FBC4ADB00D35812
S1135E401D8D75B3FEF78EFEA26BE36B256C029F6E
S1135E502E00B6185F410222002392197B418B4227
S1135E6000D91FE102D1824200D91BE10222524231
S1135E70D317921BBB4112184B4116001F00A31DE0
S1135E80DB8FAA4ADB00D3582800198DFAF776FC79
S1135E9001230FB9B04200D800235B019DB2236CEB
S1135EA083B3A31DDB8FA14ADB00D3581B8B4BB3F9
S1135EB0FEF758FEA26BE36B0F0000210600206C76
S1135EC0801859410222002312184B41BB4200D9C9
S1135ED0EDE002D1B24200D9E9E002225242D317E6
S1135EE0121A8B41B6185F41A31DDB8F8F4ADB006A
S1135EF0D3581A8B01230FB9B24200D800239B0157
S1135F009BB20293029B2B431D00002B00D008E19F
S1135F10039BDE00854B9A5940F2E733D2699A42DB
S1135F2000D9C7E0FEF71EFE0B9B069A2364A31D4F
S1135F30DA877E4BA063E1639B5916A91B7C8878A2
S1135F4089781A1C49B25BB28B4200DD021C002323
S1135F504734E35650B2834203D002212270FEF745
S1135F60A3FD079B002B00D1E2E640F20121704E15
S1135F70080002F053FC32786E4B012A00D0CEE0C8
S1135F80C733049A16AC1A7002F0DEFB0E2323808A
S1135F90FEF794FB02212000049B079AFEF73AFBCC
S1135FA00025FBF701FA0422634B64481A70FFF7DB
S1135FB037F8FEF72BFC0322210083202580A570EF
S1135FC0FEF796FB5E4C5F4B20001F68FFF728F836
S1135FD0200027606760FEF771FF04225A4B5B4C78
S1135FE037781E682368134234D05948FBF70CFDF8
S1135FF02A0003213800FBF743FF5648FBF704FD52
S11360002A000321207EFBF73BFF5248FBF7FCFCF0
S11360102A000A21E069FBF733FF4E48FBF7F4FC42
S11360202A000A21206AFBF72BFF4A48FBF7ECFC05
S11360302A000A213000FBF723FF4648FBF7E4FC63
S11360401F20631D18562A000321FBF719FF42483D
S1136050FBF7DAFC2368DA0709D5079A0499226367
S113606022003432117022002C32A66217705B06B3
S113607002D5042338342370002358E6119B596851
S11360800B000C2151435F18595EB14206D1796867
S11360900A9B8B4202D1B968814201D00132AEE63B
S11360A00022B2E600260027E9E6029DF7E6002674
S11360B0002719E715A90120FEF774F91B4F12AB4D
S11360C0D91D2800FEF76EF9B95901202431FEF7D5
S11360D0F3F8711DC9192800FEF7EEF840F2E83113
S11360E0BA590D98D369B3FBF1F32021525E9BB2E8
S11360F00C9900F023FC070015A90120FEF7DCF839
S113610012AB2800D91DFEF7D7F8002F00D009E7FD
S113611067230CE6039B08350133039336E6C0334B
S11361202FE7662303E6C04608D50000045A002082
S1136130E55B0020E45A002007400020E85B0020D3
S1136140FC5B0020605A0020E05B00206C5A0020B9
S11361501BCB0000BACA0000ACC9000070B540F205
S1136160E836114B0D005C7B56430323CCB9FEF794
S113617009FB28000221FEF797FCFEF747FB2100EC
S11361802200D120FEF7B4FA0422084D084B28005F
S11361901A70FEF745FF28002E606E60FEF78EFE33
S11361A02300180070BDC046AC5A0020FC5B0020E0
S11361B0074000201FB56B46D8711348FEF730FF27
S11361C01248FEF72DFF6B460122D91D8020FEF7F1
S11361D08FFA6B46DA790E4B9AB9013269461A7016
S11361E0202393200B7303A9FEF782FA01236A4646
S11361F05B429381022203A91000FEF779FA05B0ED
S113620000BD02221A70F1E7FC5B0020E85B00206D
S113621007400020002010B5FFF7CCFF034B1B689C
S113622013B15B6803B1984710BDC046145C0020ED
S1136230002010B5FFF7BEFF034B1B6813B1DB68EA
S113624003B1984710BDC046145C002010B50A4B3A
S11362500A4C987AFFF7AEFF23685B060AD53834F8
S113626023783BB10648FBF7CFFB0648FBF7CCFB92
S11362700023237010BDC046AC5A00206C5A002085
S113628020CB0000ACC90000F0B591B0079317AB68
S11362901B881700019318AB1B880AAA029319AB39
S11362A01B78039104931AAB1B78040005931BAB72
S11362B01B78069331239B18DB7F099335239B18A6
S11362C0DE7F9A4B5B7BB3B10AAB0021981D12228F
S11362D005F038F9039B0BAD2C800C93079B0D97AD
S11362E02B73019B2900EB81049B03202B74069BD9
S11362F06B74FEF7ADF88E4B1E7073425E41029BC9
S1136300764233400293049B0BB9FF330593894BC8
S1136310059A1A7074B1012C00D16BE0864B1A688F
S1136320920704D0039A9F601A71029A9A810020FE
S113633011B0F0BD814D0AAB991C01229F200C7055
S1136340FEF7D6F92B00E8331C702B00EC331F60EA
S11363502B000B22F43303981A70FAF75BF92B0025
S1136360F53318702B00B8331C70019B0499DA00C4
S11363702B00BA331A802B0041F60402BC331A8076
S11363802B00BE332A001C700123BF325940117008
S11363902A000599C0321170069A02B1F1332A001D
S11363A0C13213702B000122C233E8351A70FFF793
S11363B04DFF2878431E9841C0B2FEF7CDFA02F093
S11363C071F902F0C1F95E49082224310BA805F0E5
S11363D074FB082240F2C0600BA9FEF74FFA02F0EA
S11363E049F941F64073029A5343B3FBF7F3554A14
S11363F0136093E70AABD91C0023504D22009F2061
S11364000B70FEF775F92B00E8331C702B00FEB2FD
S1136410F833039A1E704C4B39009B5C1000053E08
S11364200893FAF73DF9012E07D86B46019A9B8829
S11364300C2A00D20C239BB201932B00089AF93347
S11364401A702B00079AFA331A702B00FB3318705A
S11364502B000122B8331A702B00019AC4331A801E
S11364602B00049AC6331A702B00059AC7331A708E
S11364702B00069AC8331A702B00099AC9331A7074
S1136480FFF7E4FE2B00E8331878431E9841C0B2AE
S1136490FEF762FA02F006F902F056F96B461B7A2F
S11364A001936B46019A1B79F82A04D94CF6287398
S11364B0C0F200031B780133DBB25B10DEB21F2B8A
S11364C02DDD0336B6083200630001339A400BA970
S11364D00A70A0200122FEF70BF9019B33B1F600EC
S11364E0A11940F20670C9B2FEF7FCF9C9352B7840
S11364F0042440F23670012B13D1FEF7CBFAA043EB
S1136500C1B240F23670FEF7EDF9029A534253419C
S11365100E4A5B4213404FF6FF729B1867E7002454
S1136520D1E7FEF7B7FA0443E1B2EAE7AC5A002038
S1136530685A0020064000206C5A0020E45A0020CB
S113654080D60000645A002060D500000100FFFFDF
S1136550F0B58FB0019314AB80CB02911B780592F8
S1136560069316AB1E8817AB1B780500039318AB74
S11365701B7804931BAB1B780793754B5B7BF3B1C0
S113658008AB15220021D81C04F0DCFF029A08ABEA
S11365909A701D80059B069A0993019B0B970A9399
S11365A008AB1A74039A19001A75049A5E825A7514
S11365B00420FDF74DFF674B029A47331A704DB123
S11365C0012D57D040F68900FEF764FA04210143F7
S11365D0C9B2A1E0604C0B222300E8331D702300F4
S11365E0EC331F6023000198F4331A70FAF712F8A1
S11365F02300F53318702300059AF0331A60230042
S1136600B8331D702300F600BA331E80230041F610
S11366100402BC331A802300BE3322001D70012300
S11366200399BF3259401170049A02B1F133220028
S1136630C132137023000122C233E8341A70FFF709
S113664005FE2078431E9841C0B2FEF785F902F09A
S113665029F802F079F841490822243108A805F004
S11366602CFA082240F2C06008A9FEF707F902F0EC
S113667001F8A7E7384C019A2300E8331D70230082
S1136680FDB2F8331D70364B39009B5C1000053D9C
S11366900593FAF705F8012D04D8331C0C2E00D20B
S11366A00C239EB22500059BF9352B702300069A16
S11366B0FA331A702300FB33187023000122B83315
S11366C01A702300C4331E802300039AC6331A7041
S11366D02300244AC73312781A702300049AC8335B
S11366E01A702300079AC933E8341A70FFF7AEFD15
S11366F02078431E9841C0B2FEF72EF901F0D2FF74
S113670002F022F82B78062B00D05BE740F68900D4
S1136710FEF7C0F9FB21014040F68900FEF7E2F8DC
S113672002210298FEF7C0F90F4B1C9A1A60052249
S11367300E4B1968114207D0019ADF611A761C9A30
S11367401A62029A0533DA7700200FB0F0BDC04612
S1136750AC5A0020105A0020E45A002080D60000D1
S113676060D5000006400020605A00206C5A0020CA
S113677073B51C4E3578082D29D100221A4B0124FB
S11367805A701A706B462200D91D9D200C70FDF7BB
S1136790AFFF164B1B78A34201D1FEF753F86B46AB
S11367A00122991D96200C70FDF7A2FF3470104C45
S11367B023685B060AD5082D0FD10E48FBF724F990
S11367C00D48FBF721F901233834237073BD002DE4
S11367D0EDD12800FFF7EEFCE9E7002DF6D10748DC
S11367E0ECE7C04607400020115C0020D05A00208E
S11367F06C5A00202FCB0000ACC9000047CB00002E
S1136800002213B51100041CC020FEF705F9602313
S11368101840202802D00020FFF7CCFC134B0021A5
S11368200020185E02F0ECF96B46A207D91D63073D
S1136830DB0FD20F52009B001343E207D20F134326
S1136840842001220B70FDF753FF04210B00084A3A
S11368502340214202D00023137013BD082111707C
S1136860044A1370044A1360044AF5E7BC5A002032
S113687007400020E45B0020E05B0020E55B002093
S113688010B504200B4CFFF7BBFF40F2E8310220A7
S1136890FDF724F823685B060BD538342378022BE4
S11368A007D00548FBF7B0F80448FBF7ADF802231E
S11368B0237010BD6C5A00205FCB0000ACC90000EF
S11368C010B500200B4CFFF79BFF40F2E83102208B
S11368D0FDF704F823685B060BD538342378032BC3
S11368E007D00548FBF790F80448FBF78DF803231D
S11368F0237010BD6C5A002070CB0000ACC900009E
S1136900052213B504000B4B0B481A70FEF788FBE5
S1136910942140F6AC00FDF7E5FFFDF777FF01A9F0
S1136920230C0B700322230A82204B708C70FDF71A
S1136930DFFE13BD07400020FC5B0020F0B587B0EC
S1136940049102920593322B00D9CFE0694C0021C7
S11369502600F5363378080003932300F9331D78B5
S113696001F05CFF644B1B780193012B57D1634BFF
S11369705E683EB933006249DA0052181168A942D0
S113698049D15668FFF762FC0020FDF7E5FF2300BC
S11369900025E83330001D70F9F73CFE2300F53381
S11369A0187001F07FFE2300B8331D7001F0CCFE97
S11369B00498FDF70DFF5348FFF7A2FF524BDD8803
S11369C0ADB22800F9F7DEFF0028FAD0FEF738F858
S11369D0029B05000027984232DA40F2E837059B13
S11369E05F43494BDB889BB20593FEF729F8029B72
S11369F00500984223DA0598F9F7C4FFBBB2984220
S1136A00F3D3FEF71DF8029B05000127834200DC47
S1136A100027FFB214E001330A2BACD1B2E7FFF731
S1136A2015FC364B586840B123000022E8331A7035
S1136A30F9F7F0FD307001F035FE0026B8E70027C5
S1136A40FFF704FC019B012B42D1FDF775FF2300E6
S1136A50039AF5331A702300019AE8331A7001F08F
S1136A6021FE019BB834237001F06EFE274B1B6896
S1136A701B072AD52648FAF7C7FF00220321100076
S1136A80FBF7FEF92348FAF7BFFF00220A21300082
S1136A90FBF7F6F91F48FAF7B7FF00220A2104981A
S1136AA0FBF7EEF91B48FAF7AFFF00220521280097
S1136AB0FBF7E6F91748FAF7A7FF3800002203218D
S1136AC0FBF7DEF91448FAF79FFF380007B0F0BD72
S1136AD00A4B5B68002BC9D02300039AF5331A7064
S1136AE00023E834237001F0DDFDBFE70026350004
S1136AF03700BBE7E45A0020E55B0020AC5A0020D5
S1136B006CD50000FFFFFF00FE260A406C5A0020EF
S1136B1081CB0000BACA0000ACC90000F0B585B052
S1136B20FDF70AFF002140F6E2060027080001F005
S1136B3075FE30000397FDF7ADFFFE2140F6E50535
S1136B40014004003000FDF7CDFE2800FDF7A2FF50
S1136B507F21019001402800FDF7C4FE0B48FFF798
S1136B60CFFE042203A940F61900FDF77FFF380089
S1136B70FFF720FB21003000FDF7B4FE2800019947
S1136B80FDF7B0FE039805B0F0BDC046FFFFFF005F
S1136B90052213B504000B4B0B481A70FEF740FA9C
S1136BA0962140F6AC00FDF79DFEFDF72FFE01A9EE
S1136BB0230C0B700322230A82204B708C70FDF788
S1136BC097FD13BD07400020FC5B002037B540F261
S1136BD042210400080001F021FE44B10D4D2800BB
S1136BE0FEF71EFA28002C606C60FEF767F90A4B6A
S1136BF01B785BB16B46D91D4023932001220B7097
S1136C00FDF776FD0020FFF7C3FF37BD034B18687F
S1136C108001F8E7E85B0020685A0020645A0020ED
S1136C20F0B57F4B06005B7B91B053B97C4B5B7A2C
S1136C30002B00D185E03000FFF7C8FF002011B021
S1136C40F0BD08ABDC1D02202100FDF737FC2378E2
S1136C5003200093002BF2D10BAC21000320FDF79D
S1136C602DFC05200AA9FDF729FC0022A35E01934F
S1136C7013B96368029307E0019B012B12D1190039
S1136C806068F9F741FD02900025664B664F483372
S1136C901B7807930A9B0493009B079A934204D1A1
S1136CA06420CCE701235B42E4E73B791BB3009A01
S1136CB002990498F9F744FD0543ADB2DDB93B6888
S1136CC05A4A2A331C78E400A35CA118019A03935E
S1136CD02B00012A30D129000C98F9F715FD0D9BE2
S1136CE040F20C0C06932B00504A0590A41803990B
S1136CF0DAB28A4205D3009B08370133DBB2009332
S1136D00CAE762465A4360688118825E012A08D144
S1136D104A680698904204D18A680599914200D144
S1136D2084E70133E3E70C2058434A680133825E69
S1136D300198904200D179E70398DAB28242F2D303
S1136D40D9E740F24221080001F068FD46B1384C11
S1136D502000FEF765F9200026606660FEF7AEF8B5
S1136D60344D2B78002B57D040230BA993200122BC
S1136D700B70FDF7BDFC0020FFF7C2FD2E4B2F4C1E
S1136D801B7800932E4B1F6823689B0737D52D78FB
S1136D902C486B425D41FAF737FE0022032100982C
S1136DA0FBF76EF82848FAF72FFE0022032120791A
S1136DB0FBF766F82448FAF727FE00220A21A068A8
S1136DC0FBF75EF82048FAF71FFE6D42002205210A
S1136DD0A089FBF755F82E401B48FAF715FE002250
S1136DE00A213000FBF74CF81748FAF70DFE38007B
S1136DF000220A21FBF744F81448FAF705FE236839
S1136E00DA0702D5009A276122755B0600D415E7DC
S1136E1005233834237011E70D4B18688001ABE764
S1136E20AC5A0020105A0020045A002008D5000053
S1136E30E85B0020685A0020E55B00206C5A0020C3
S1136E40E05B002087CB0000BACA0000ACC9000098
S1136E50645A0020F0B585B072B6BFF34F8FBFF30C
S1136E606F8F00229E490B780A70DBB262B6BFF3C3
S1136E704F8FBFF36F8F002B00D1F2E003AE3100D0
S1136E8002321220FDF7C8FD0123022235885B423D
S1136E903100100033806DBAFDF72AFCADB272B632
S1136EA0BFF34F8FBFF36F8F8E4B2820185E01F016
S1136EB099FE0400012803D1FAF778FD884B1C7071
S1136EC062B6BFF34F8FBFF36F8F40232A000124B4
S1136ED01A40854B01921A8025420AD08348FEF756
S1136EE09FF8834B1C70834B1B6813B11B6803B161
S1136EF098470224254200D18AE07F4B1F78A7B926
S1136F007E48FEF78DF80122794B390040F60210D5
S1136F101A70FDF7E7FC40F64410FDF7BBFD04438F
S1136F20E1B240F64410FDF7DDFC022231001320EB
S1136F30FDF772FD724B1F78012F27D1714B1B781F
S1136F40012B23D140F20270FDF7A4FD00901E2313
S1136F503370FDF7B3FB6C4C0221009B6B4A30008D
S1136F60FDF70AFDFAF720FA032231001420FDF799
S1136F7053FD27706FB1012F00D177E01B22002150
S1136F80634804F0DFFA0F2323701FE03378009383
S1136F90DDE7337823715F4B72781B7852085BB25C
S1136FA09BB29A1A111C12B2803201DA4FF6807128
S1136FB0218103AA927852089B1A1A1C1BB28033AF
S1136FC001DA4FF680720023E280E360019B13B183
S1136FD0504B1B7A73B1474B1B685BB19E684EB133
S1136FE02378002B64D108230621625EE3560099BE
S1136FF04648B047404B1B7853B13D4B1B78052B9B
S113700006D1444B587A002857D00020FFF7C0FD22
S1137010019B2BB1374B1B6813B11B6903B1984714
S11370202B060AD50122324B1A70324B1B6823B14E
S11370309B6913B1280A10409847AD050ED52C4C16
S11370402378042B3CD12948FDF7EAFF0123237060
S1137050284B1B6813B15B6803B198470023224A8D
S113706013801F4B1878C0B205B0F0BD294B32789D
S11370701B7852085BB29BB29A1A111C12B280326E
S113708001DA4FF680710122218203A98A56023265
S11370909210A2748A7852089B1A1A1C1BB280336D
S11370A001DA4FF680721C4BA2821B68A3618DE744
S11370B012231021625EE35699E7FFF721FCA7E74C
S11370C0052BCBD10C4B1B7823B90C48FDF7A8FF3B
S11370D001232370074B1B68002BBFD0DB68BBE781
S11370E0105C0020E45A0020005A0020FC5B0020C1
S11370F007400020145C0020685A0020E85B002050
S1137100E55B0020DC580020E458002000590020F2
S1137110E5580020AC5A0020E058002010B50E4C71
S11371202000FDF77DFF2300227EF93BFF3B1AB1CF
S113713040F20F220121995440F28C229A58E032F5
S11371401278022A05D140F28921585C1E3202438A
S11371505A54F9F7DDFB10BDC855002010B50B4C8F
S113716080232200FC32916C0B43936440F2102381
S1137170E35C0BB1FFF7D2FF40F289212223625C6A
S11371809A4313436354FAF779FA10BDD05300209D
S113719010B5154CE37A5B0708D51B2300210320A7
S11371A0E372FDF7A9FD08B9F9F7FCFBE37ADB0705
S11371B019D51E234FF6F072E372A388A08899B202
S11371C08342FAD19142F8D8084A13681033136005
S11371D0074B1B78012B06D900210220FDF78CFDFB
S11371E008B9F9F7DFFB10BD00380A40F851002058
S11371F0185C0020F0B595B0049340F28C23D04C79
S11372000892E35800251A0006900FA80570029111
S1137210E23212780F2642701A00E4321268426099
S113722040F2F412A25811921A00E832128852BAAB
S113723082811A00FF32517A1B788173527F037462
S113724008ABF6180EABC273310000930CAA0DAB59
S1137250FAF7F8FF00203056F9F74AFBB94BFC3334
S1137260DB680F2B00D9AAE0984200D2A7E0029A6B
S1137270D218C31ADBB2904200D2A1E0F9F700FBA6
S113728001250600002800D09EE0AF4B18221B7891
S11372903100AE480593FBF7DBF940F24923E5548E
S11372A03B3BE554023BE654049B002B00D197E1A1
S11372B06D19012B00D087E040F28C23E358FF3393
S11372C05D7A0423039340F20D23E554039B5B0191
S11372D0099340F28C23E6583300FF335A7F1D3B59
S11372E01B78307893B969460F7D097D49B200292E
S11372F000DA1F1C08AB9A741F7405220CA9FAF754
S11373009DF9032500285FD0E936377040F29823B1
S1137310E3181E685F6833003B43B3B1FDF722FCFA
S113732002000B008F420AD801D1864207D8921B73
S1137330BB4111001BB941F64073994205D940F293
S11373408C230021E258FD3BD15440F28C23E358B6
S113735040F2B4111A00E8321288059256BA1A00A3
S1137360E43212680D92595C002930D1072640F2AC
S113737010230025E554764B0E93764B0F930EABFA
S1137380E85C0DA901F08EF80D9B53B16D4A0FAB6B
S1137390EB5C106818B102799A4200D01EE101F04A
S11373A059FC0135042DEAD10120FAF765FA40F2BF
S11373B089222023A15C35000B43A35404E02B0055
S11373C00825984200D059E7280015B0F0BD40F2D6
S11373D02C11595C31B91D0000200021A135FF3565
S11373E0286069601900E2310D7840F28F110FA80E
S11373F0595C426040F2F41207910121A258457091
S1137400017011921A008681FF32517A0F2681731E
S1137410527F08A9C2730E2252180D211B7808AF9F
S1137420037408ABF6180DAB0093C9193300FAF7CF
S113743009FF079B80015B01184340F28C23ED0197
S11374402843E55807902B000D2032783856E9334D
S1137450DA77BA7B1870013B1A70002340F21021CE
S1137460238000236354069B24265A1E9341029AC8
S11374705B421A406B4602921A7A40F23813E25485
S11374806B469B191E78039BA670022B01D0012327
S1137490635427000423FF377B7123002E49FC33F8
S11374A0D960FF21BE73089E797329316654E96C53
S11374B059610799797540F230116254069A002196
S11374C01A632200254BFE321B68DB6801331383E9
S11374D040F24C22A1520C32A3501A4BFC33DE680A
S11374E05EB3F9F705FA029BE3B30F2E3AD89E195F
S11374F0B6B2B04236D30F20194A0EA9FAF760FF8C
S1137500A8B1102640F28C23E358059AE8331A8078
S11375100A2E00D02BE70A2540F24823049AE254AD
S113752040F289220123A15C0B43A3544CE70F22B0
S11375300E9B1340079A1A437A7500252FE0C04624
S1137540D053002084520020D4510020185600202B
S113755003080B0C020D1012D2530020A05300207C
S1137560E85400202A003032FF320EA9FAF728FF2F
S11375700028C6D140F228132200E0546533FF33BB
S1137580E358FC323033FF33136340F230130E9A66
S1137590E2540833E25C002ACFD00A25E0540020EC
S11375A0FDF7A0FD06000028ACD140F28C2340F288
S11375B08F12E35898540D9AE4331A60094B1E68ED
S11375C016B9002DA8D0A6E73079FAF72DF9376857
S11375D010B9300001F03EFB3E00F1E70068D9E647
S11375E002236FE6845200201F4B73B51A003C330C
S11375F03D3214781D78F8F7D3FFC6B2012E2ED190
S11376006B4601A8991CF8F7EFFF6B4602215B5EFD
S1137610019A012B23DD0021515622291FD131006B
S1137620501C5656222E16D10AB2013B9A4216DB42
S11376306B46013989B2598089B12B002200C9B245
S1137640FFF7D8FD68B9094B1B689A88084B1A8064
S1137650084B188076BD01310EB29E42E1DB042056
S1137660F8E7FAF711FAFAE79451002008400020ED
S1137670F4500020F6500020224BF0B51A003D32A1
S1137680127887B003923C331B7805A8029304ABAD
S11376909C1C2100F8F7A8FF0023E55E059EABB211
S11376A0012B02D8042007B0F0BD01222C001440A5
S11376B01542F7D1D3404FF6FF770193600030189D
S11376C0F9F786F9B842EDD00F4B019AE31801346B
S11376D01870A3B29342F1D3E90F49194910029BE0
S11376E0039A0948C9B2FFF785FD10B1FAF7CCF93E
S11376F0D8E7064B1B689A88054B1A80054B1880FF
S1137700D1E7C04694510020E64E002008400020F6
S1137710F4500020F650002010B586B0F8F740FF72
S1137720C0B2D8B908236A4668461370FEF7ECF96C
S11377300B4C68B9030002000100FFF75BFD38B988
S11377400123084A138022781343237006B010BD26
S1137750FAF79AF901222378934323700420F5E77A
S1137760E54E0020F650002010B586B0F8F718FF5B
S1137770C0B2E0B903236A4668461370FEF7C4F941
S11377800C4C70B9030002000100FFF733FD40B94F
S11377900122094B1A80022322781343237006B076
S11377A010BDFAF771F90222237893432370042061
S11377B0F5E7C046E54E0020F65000201F210122C7
S11377C001408A4010B54309034960339B005A5075
S11377D0FCF75EFD10BDC04600E100E040F21A2354
S11377E070B5114A114D8168EA5204000620F9F778
S11377F09FFB40F28013A522EF21EA500C4B953AEF
S11378005A7059705A705B78934200D1C046032075
S1137810A168F9F78DFB63681A781AB1112018561C
S1137820FFF7CCFF70BDC04680AAFFFF00C07E40BA
S1137830FFC07E40030000223C3310B51A7040F2B2
S11378401A23074A0400D35A0BB9FFF7C7FF0122D2
S1137850044B20009A6200229A62F9F7D3FB10BD10
S113786000C07E40FCC07E4010B5FFF7E3FF00205F
S113787010BD000030B585B0F9F713FA1C4B800039
S1137880C458A06BF9F7ECFB142808D040F2F013AD
S1137890184A616BD2580B001340114212D02000D9
S11378A0FFF7C8FF0723200001AD2B70F9F7AAFBEF
S11378B062685368A3B1D26828000392002202923E
S11378C098470DE022003C321278012AEBD0042ABA
S11378D008D1226B0123002AE5D02000F9F708FB28
S11378E005B030BD044BDB6A1B07DB0F0233DAE75C
S11378F0C04D002000C07E40FCC07E40F8B50500AD
S1137900080016001F00F9F7ABFB0400142804D18B
S11379102800FFF78FFF2000F8BD40F2F013340079
S1137920044AD3581C401E42F5D02800FFF782FFBA
S11379303C00F0E700C07E4070B503634368C26258
S11379401E78002533005A1E934102009B003C32EE
S113795081621370436904008363FFF73FFF0D4B9B
S11379605D71236B63B99DB92000F9F74BFB0FE000
S1137970182312222000A16BFFF7C0FF0500F0E7D7
S113798035B92000F9F7B4FA002EF1D0122363635D
S1137990280070BDFFC07E40F7B5070000253C37C6
S11379A03D70040016000191FFF718FFFF23019AB0
S11379B019499A431300194A26639B18A3624D710F
S11379C0190C8C46604632021549013AD2189BB212
S11379D048824B81130C9C466046124B92B258620B
S11379E084234A830C4A537563681B786BB9216AF4
S11379F01122200071431933FFF780FF050010B9ED
S1137A002000F9F7FFFA2800FEBD01233B70103374
S1137A106363236AA363F6E7FFC07E400000F0BD02
S1137A20FEC07E40FCC07E40F7B5070000263C3710
S1137A303E700400150001910093FFF7CFFE1C4B2C
S1137A40019A9C461B481C49624446716B1E160CE5
S1137A504E829B18194E92B24A811A0C9BB27262E2
S1137A604B838323437563681B784BB10523009ACA
S1137A703B70033B1370A369A36300252800FEBD7C
S1137A80A16940F2F813694310222000FFF736FF82
S1137A90050040B9F36A009A1B07DB0F200013703E
S1137AA0F9F7B0FAE9E72000FFF7C4FEE6E7C046BD
S1137AB00000F0BDFFC07E40FEC07E40FCC07E40A2
S1137AC070B50400FFF78AFEE3683F2040F2D81245
S1137AD009491F2B0BD9203B5B081F338D580340EA
S1137AE085432B4320008B50F9F78CFA70BD1F257A
S1137AF0013B2B408D58F3E700C07E400A7810B557
S1137B000B00040041602AB111202200097C1856A0
S1137B10F9F700FB230000223C3320001A70F9F728
S1137B200FFA28B92000FFF7CBFF08B9014B2360F7
S1137B3010BDC0464E45504F10B50400F9F700FA89
S1137B4010B92000FFF7BCFF10BD10B50400F9F711
S1137B50E1FA2000FFF732FE10BD000030B5EFF36C
S1137B601082012383F3108898400B49435A1BB1B8
S1137B700B5A013B9BB20B520B5A53B940F6FE0110
S1137B80064C074B655A185A064B2B4383439BB24A
S1137B90635282F3108830BDB04D002000E00140F4
S1137BA0D4D1000000A5FFFF70B5EFF310810123CD
S1137BB083F3108898400A4A835A53B940F6FE0466
S1137BC0084D094E2B5B865B33434AF20056334320
S1137BD02B53135A01339BB2135281F3108870BD97
S1137BE0B04D002000E00140D4D10000030010B5E6
S1137BF003240A4A0A4811680333A34308185B188C
S1137C0040F200418B4206D903F0EAFC0C230360E6
S1137C100120404210BD1360FCE7C046AC4D00207B
S1137C20804000200338052300B504280CD80C4BF1
S1137C301B6804F0FFF8030B0E1012001A690A60A7
S1137C401A0010325A620023180000BD5B690B60F1
S1137C50F9E79B69FBE7DB69F9E71B6AF7E7C046CD
S1137C60A0530020C21E0300002170B50C2A0ED8B8
S1137C70012425008540074AE0321088A84310807B
S1137C800C2253430348181803F05CFC210008003D
S1137C9070BDC04680560020094B0A4A1B6810B5C7
S1137CA0934209D840F60B03074A0120D35C03B979
S1137CB00220FBF737FD02E0044A9342F8D910BDD5
S1137CC0BC4D002080841E0000E0014000366E019F
S1137CD0F0B595B00792002201910CA9CA710EA9C2
S1137CE002900A80012B04D817000392019B9F4243
S1137CF001D315B0F0BD029B7D1CD85DEDB20238F6
S1137D001128F6D804F0A0F812002F0047016501ED
S1137D10CC01E7012A0253028102F5FFF5FFBF02FD
S1137D20F5FFF5FFF5FF3503F5FF4C03019B019CBF
S1137D305B1B012B2ADD0320F9F7B8FD80B1032179
S1137D400020F9F77DFD029BD34A595D40F2702370
S1137D50D1540299BB1CDBB2C95C40F27123D154EB
S1137D600337FCB212E03C00019B1B1B042B00DC1C
S1137D7024E30534019BE4B2A34203D9029B1B5DB7
S1137D80032BF1D0019B9D4202D12C002700ADE7CB
S1137D9040F28C23C04AD3581A00E2321278089277
S1137DA0002A00D180E0039A002AEFD1019AD21B65
S1137DB0D2B21E780992072E00D0D5E06A1E0A922C
S1137DC01A00E9321278002452B294461A00E832BA
S1137DD01278FF3352B205925B7A35000B9323007D
S1137DE0039406940494049A09998A425ED3039AEC
S1137DF0062A00D1B4E0089A002A00D0E0E26B46DB
S1137E002C329B1800229A5663460F2B00D195E022
S1137E106146059B039100291DDB039907291ADCA0
S1137E20002140F20C0C20000126084130420FD002
S1137E3060464843994E8019007A060706900398D5
S1137E40360F864204DC0698039E0009B04278DAB5
S1137E5001311029E7D102218D430F2B00D0DBE241
S1137E60D3B206930CABDD71072D17D140F28C23EE
S1137E70894A0021D35803981A00E93251568142A5
S1137E8003DA40F2BC1101205854039911701A000E
S1137E900599E8321170069AFF335A720525049B3E
S1137EA00024B3FBF5F56EE0052282E7049A0A99F3
S1137EB002985118029A5218415C032997D10F2352
S1137EC00F205178D4780B4009090391917824024A
S1137ED00C4311790A090840049932400531C9B2AA
S1137EE006900491062A17D00625002A00D07AE7C6
S1137EF0002C00D177E76D192100012011410142C6
S1137F0005D029005143654809180968A1B1013217
S1137F10102AF1D1350066E700220C2001005143FC
S1137F205E4D4919096819B1012191400C43A4B26D
S1137F300132102AF2D1EDE7062554E76146059B8C
S1137F4003910F2B00D147E2002105918B4200DA07
S1137F5042E205930A2B00DC3EE204239D437FE7C3
S1137F600222059395437DE700231D0004930693A5
S1137F700593039376E70CAB01220320D91DFAF78E
S1137F80F1F90134E4B2AC42F5D1049BFC180123AD
S1137F90E4B20393FAE6019CAC4200DCF6E640F25C
S1137FA08C233D4A0420D1580F22029B02375B5D8B
S1137FB0FCB213401E32FF328B542C3AFF3A9A40E3
S1137FC0130040F290128B5200220EA9FAF7CAF95C
S1137FD0DCE6019B019C5B1B032B00DCD6E607223D
S1137FE00CAB9B181A70029B40F28C205B5D2A4CF0
S1137FF01909114011AA049151700F2120580B4006
S1138000B91C1370C9B205900F2B03D10300FF33C1
S11380105B7C1370029B0322591812A8F9F7F6FB34
S11380206423129D05375D43059B11AE1B78FCB29A
S11380307560072B10D000200CABD8710EA9087006
S113804001220520FAF78EF940F289221023124802
S1138050815C0B43835499E62800F9F7DDFA317803
S113806006300CABC0B20733072903D90222904370
S11380701870E3E718700728E0D140F28C23064A11
S1138080049ED3581A00FC33FF3296721D6151745A
S113809051769D61D2E7C046D0530020805600201F
S11380A0D54BFF201B6D13B11B6803B198470CAB74
S11380B018721F23079A9A4205DC0133203202DB2F
S11380C0079A1F3313400CAA53720EA902220620EA
S11380D0FAF748F959E6019B019C5B1B042B00DC71
S11380E054E603220CABDE1DB91C029BC9B259181D
S11380F011A85D5D3270F9F789FB64231199029828
S113810059430023BC1D0537FAB2825C0CA81191B7
S11381101293027740F28C22B848E4B28258127863
S1138120072A15D129B92800FFF79CFD78B103234C
S11381300EE011AB0FA80F930571FAF7DBF80223D9
S1138140042805D0013B052802D00028EFD00023E5
S11381500EA90122072033700B7037E7019CAC4253
S113816000DC13E640F28C23A44E0237F258029B43
S1138170FCB2595D0F2319400B1C01B90123D9B27C
S113818040F2E8334B431100F8310B6040F2E83120
S1138190FC325B181360082000220EA9FAF7E2F8FB
S11381A040F289221023B15C0B43B354EEE5019CE9
S11381B0AC4200DCEAE50120029B02375B5D8F4D97
S11381C05A091909024001400E30034040F28C2044
S11381D02D58FCB22878072800D1D7E52800FF30B5
S11381E08277874A2E004177D05C04F07FFBFC360F
S11381F07062E9352B781A1C5BB2002B00DA00227E
S11382002A70092000220EA9E0E6019B019C5B1B59
S1138210032B00DCBAE503220CABDA71029BB91C18
S11382205D5D11AEC9B23570591812A8F9F7EEFAAE
S113823064230537FCB2129F704E5F4340F28C23D7
S1138240F35800201B781297072B0DD10F2D0BD854
S11382503800F9F7E1F90C236B436A4A02309A5863
S1138260C0B242B9022398430CAB0EA9D87108706E
S113827001220A2092E7032803D1624A9B185F6017
S1138280F2E70220F0E7019B019C5B1B042B00DC5E
S11382907CE50820F9F70AFB002868D008210020B3
S11382A0F9F7CEFA0822002111A803F04BF9029B3A
S11382B00422591911A8F9F7A9FA029A7B1DDBB215
S11382C0D25C40F2E83353431B12119D04934E4B8E
S11382D04E4EED18FCF746FC40F2E832002303F062
S11382E001FEB4883368A41840F2E7321818A3B228
S11382F024B2944203DD464A01309B181CB23F4B22
S11383003E4AFC331B6CED1A40F24013D35A049AD4
S1138310D31A99B21AB21B0404D540F2E833C9182F
S1138320013D0AB2A41840F2E732A3B224B22D18D8
S1138330944203DD364A01359B181CB2FCF712FC4B
S113834040F2E832002303F0CDFDA41A281AA3B2A8
S113835022B2240404D540F2E8329B1801381AB240
S113836040F23C23B280012224493060CA540637CB
S1138370F7E4019B1C005D1B032D00DC06E50023D4
S11383800EA9012211200B70F9F7ECFF40F28922AB
S113839010231A490537885CFCB203438B54F5E477
S11383A0019B1C005D1B022D00DCEFE4002304375D
S11383B00EA901221320FCB20B7007E6019CE5E430
S11383C06A460399127E52B20F2900D025E5614610
S11383D003910F2B00D0BCE5072D00D040E502B976
S11383E001320C4ED3B20021022230000693FAF778
S11383F02FF9348036E5C046CC540020D0530020F9
S113840028DA000080560020803DD512C053002099
S113841018FCFFFF605700200593002B00DB99E553
S1138420002305931CE5C046002370B5836083696F
S113843005009A681968120AFBF746FC040018B98B
S11384402800FBF76BFC040028002100FBF7D3F89D
S1138450200070BD10B504000020FFF7A5FB0A4BF7
S1138460A400E258012313701378DCB2012BFBD172
S11384700020FFF773FB2000FFF796FBFFF70CFCCF
S11384802000FFF76BFB10BDE8D90000044B10B5CA
S1138490FC331B6D1BB11B690BB16420984710BDE5
S11384A0D0530020F0B50D4A0023D5682C7D9CB133
S11384B02E005368002210361F7887420AD0B34238
S11384C006D12B000132D2B29442F5D1002303E04D
S11384D00433F7E79442F9D00B60F0BD90530020C9
S11384E0F0B58BB00500F8F7ADF804000020C4BB6C
S11384F0AB7C686843B92A780C335343244A9A18EE
S1138500506808B9224A98580126224BAE579F5703
S1138510FCF75EF96B7CA968072E24D1099301232B
S1138520002040F2E8320593043301931A4B89B2D8
S1138530029100934CF2503103007A430890079063
S1138540069004900390FDF79FFE144B2000995D64
S11385500D31C9B2F8F710FF40F224230120104A6C
S1138560D6540BB0F0BDA878012408220993002347
S113857089B207930693059304930393029101929E
S1138580010000933A00230020000894DBE7C04672
S113859080560020D4D4000085450100ACD40000EE
S11385A0D053002070B540F28C260F4D0C00FCF720
S11385B037FDFEF7DDF8FDF749FEAB591B78072BB5
S11385C011D12000FFF78CFF68B1AB59F433186860
S11385D0FEF726FB40F28823A27CEA5418B1F8F790
S11385E0AFF9FFF753FF70BDD05300200B88038011
S11385F07047000070B50025164B28009B7B012BAB
S113860027D1154C1422290014482570656002F006
S113861099FF18222900124802F094FF114B1A788E
S113862022B1220046321278012A11D00E4A0F4993
S11386300020116040F201319180002222640C4A32
S1138640002162640122A063E163483422701A703D
S1138650012070BDAC5A0020105A0020185A002086
S11386602C5A0020A85A0020045A0020FCD90000EB
S11386700000018010B50A4B1B7883B940F2B86042
S1138680FCF708FA01218843C0B2014340F2B86004
S1138690FCF728F9FF2140F2B960FCF723F910BD7B
S11386A0E55B002013B5254C08220021684602F042
S11386B049FF2300E8331878214B1B78834201D00B
S11386C0FCF796F82300E8331B7813B1012B2FD065
S11386D013BD2300EC331A681A4B6946B3FBF2F35B
S11386E01A0C0A708B701A0A23004A70F4331B7830
S11386F043F60950CB702300F034F5331B7822681D
S11387000B71B2FBF0F103004B43D31A41F68462C0
S11387109B039B18B3FBF0F389035B1869461A0C9F
S11387204A7108225BBACB808B20FBF7E1FFCFE7CD
S1138730F8342368042269460093F5E7E45A0020DC
S1138740E55B00200000093D30B585B0304C01AD3B
S113875009220021280002F0F5FE2300B83318781E
S11387602C4B1B78834201D0FCF742F82300B8332A
S11387701B781BB1012B36D005B030BD2300C133AB
S11387801B78F12B23D14FF6FF70FCF78BF848F2DE
S11387900500FCF797F802232200BA321288210060
S11387A052BA2A802200BC310988C032127869800A
S11387B02100AA710922BE310988EB71A980C23453
S11387C023782B7229008C20FBF792FFD4E7F22B3D
S11387D0E2D141F60F50FCF765F841F22100FCF7B5
S11387E071F80623D8E72300C4331B880A4A5BBA0E
S11387F02B802300C6331B781370AB702300C73360
S11388001B78C834EB7023880622AB80DAE7C046B5
S1138810E45A0020E55B0020DC58002007B56B46D5
S1138820082240BA49BA18805980002369461000CA
S11388300193FBF75DFF07BDF0B585B002AB9C1D4E
S1138840002302AAD51D28701E4A1F4823701370E6
S1138850431CDB7F53BB46680122337811009C46DE
S113886067468368B9401F0089B2FE37F9840191D5
S1138870614691408C466344FE33598B91430A43CD
S11388805A83019A316ABA845A8A897892B2012940
S113889001D18A435A820123002242618261C218B3
S11388A0C361C5600461D377FAF7E6FE80239B02B7
S11388B0044A127812B9013B002BF9D1207805B093
S11388C0F0BDC046FC510020D05D002030B50B4AFD
S11388D00221535E0424115F013393FBF1F46143DD
S11388E00025545F5B1A19B28C4206D00624145733
S11388F0012C02D051809268D05430BDE851002040
S1138900F8B5436804000020032B22D0261DF56F20
S1138910202D00D9202527001F372A003800E16FB9
S113892003F0CBF80623A36023000833D86F390083
S1138930836822695B6800689C462B006746B847D9
S113894023695B192361E36F5B19E367F36F5B1BB7
S1138950F367F8BD0C4B02215A5E0020195E914268
S113896010D00621595601290CD00020996888544A
S113897002215A5E0420195E013A92FBF1F0414350
S1138980521A5A807047C046E8510020031D0170F6
S11389900130090A9842FAD17047000070B51D4CA5
S11389A001202300FC33DA6892B32100FF314D7BB0
S11389B00018162D2CD9897B1170D968164A0B0022
S11389C008331078013B013258709942F9D12300E1
S11389D0FC33DB6811491A00083310320878013A75
S11389E0013150709A42F9D123002200FC33FE3247
S11389F0D968108CFF344874128CD968120A8A74AE
S1138A00D868596A1330FFF7C1FF17230020637336
S1138A1070BDC046D0530020DE540020E654002030
S1138A20F0B50500140089B0F8B3F1B3EAB310222D
S1138A30684603F042F82600210068462700FAF74A
S1138A400DFD1036A0376846FAF756FD6846FAF76A
S1138A509DFD694604A8FAF75BFD01A905A8FAF78C
S1138A6057FD02A906A8FAF753FD03A907A8FAF7C8
S1138A704FFD102204A9684603F01FF83100684630
S1138A801036FAF7EBFCBE42DDD16846FAF734FD46
S1138A906846FAF77BFD21006846A031FAF7DEFC50
S1138AA010226946280003F008F809B0F0BD000060
S1138AB0F0B58DB001AC2200224BE0CBE0C2E0CB9C
S1138AC0E0C2E0CBE0C260CB60C2C0B3B9B30D007A
S1138AD0020010350B784E781B0636043343CE78EB
S1138AE033438E7804313602334308C28D42F1D1C8
S1138AF0042240F2180CFF27134E0321C3680A42D4
S1138B0016D16146CB41190E755C19003940715C70
S1138B102D060D43190C39401B0A715C3B40F35C74
S1138B20090429431B020B439108890061584B40F7
S1138B30016801324B40036104302C2ADDD10DB0B1
S1138B40F0BDC04638DA0000F0D1000010B50723AC
S1138B50040088B001A803704460F9F701FF20B94C
S1138B60102221000248F9F703FA08B010BDC046EC
S1138B70BF5100200023F7B5174A184C0191237008
S1138B801370174B5E7CDA68760092191700FE3773
S1138B907E8A1D78B446012661460E4301997E8281
S1138BA0E9406E1C861901395E61996165B10188DD
S1138BB007209B6811801856FBF76AFB80239B02F1
S1138BC022781AB10020FEBD0178F1E7013B002BA9
S1138BD0F6D10120F7E7C04630520020F5510020BD
S1138BE004520020030000205A1C05D0034ADBB2C3
S1138BF05B00985A8007C00F7047C04600020A40C5
S1138C0010B5431C0AD040F60073CAB201011940E2
S1138C100F23184001430248F8F716F910BDC04667
S1138C20A44D002070B50A4EF468257D042D0ED89D
S1138C30B3680135DA7000229A702200103259703C
S1138C401870191D2575934200D12100B16070BDC3
S1138C509053002010B5F8B1104B1A68904204D11B
S1138C6002681A60002205E00A00002AFAD011689E
S1138C708842F9D15968884200D15A600AB1016822
S1138C8011600021FC33DA68C479013A121B0160D7
S1138C90DA600822F9F7DCFC10BDC04684520020DB
S1138CA0074B70B51C6804B970BD20792568F8F7C6
S1138CB0BBFD10B12000FFF7CDFF2C00F3E7C04649
S1138CC08452002010B504000078532800D99AE09B
S1138CD003F0C4F854005B006200650067006D0097
S1138CE073009900990099009900990099009900DE
S1138CF099009900990099009900990099009900A8
S1138D0099009900990099009900990099007900B7
S1138D107F00890091009A00A100B200A800BC0065
S1138D20C400CB00D100D700DE002C01E500EB002D
S1138D30F700F100FD0003010901110199009900F8
S1138D409900990099009900990099009900990057
S1138D5099009900990099009900170121012C01AB
S1138D602E0199003501990099003B01400143010E
S1138D70490150015A01610168016C0140F28C23E0
S1138D808C4AD358E0331B7866E040F28C23894A3E
S1138D90D258D83BD35C5FE0874B636033E0874BAA
S1138DA0FBE740F28C23834AD358E233EBE740F2EB
S1138DB08C23804AD3589B6CEFE740F28C237D4A86
S1138DC0D358DB6CE9E740F28C237A4AD358E13379
S1138DD0D9E740F28C23774AD3581A780023072A1C
S1138DE0DBD1774BD9E740F28C23724A0434D35851
S1138DF00D33FF3305E040F28C236E4A0434D3581C
S1138E00283306CB06C410BD40F28C23694A0434CF
S1138E10D3581533EDE740F28C23664A0434D35813
S1138E203033EEE740F28C23624AD3581A78002399
S1138E30072AB2D1634BB0E740F28C235D4AD35882
S1138E401A780023072AA8D15F4BA6E740F28C23A7
S1138E50584AD358FF335B7A2371D4E740F28C230A
S1138E60544AD358F4331B6897E740F28C23514A91
S1138E70D358F833F7E740F28C234E4AD358FC33E7
S1138E80F1E740F28C234B4AD358FC335B6884E708
S1138E9040F28C23474AD358FC339B687DE740F269
S1138EA08C23444AD3585B79D6E740F28C23414A59
S1138EB0D358E93367E740F28C233E4AD3581B79F1
S1138EC0CAE740F28C233B4AD358E8335BE740F2CD
S1138ED08C23384AD358EC33C5E740F28C23354A07
S1138EE0D358F0334FE740F28C23324AD358FC3343
S1138EF09B6A636087E740F28C232E4AD3581B6C2D
S1138F00F7E740F28C232B4AD3581A780023072A18
S1138F10A2D12E4B37E740F28C23264AD3581A7835
S1138F20D31F59424B415B42134095E7002393E71B
S1138F3040F28C231F4AD258653BFF3B2AE740F29C
S1138F408C231C4AD258CF3B24E7214B1B689B88B7
S1138F50A38058E71E4B1B689FE740F28C23154AF9
S1138F60D258613BE9E740F28C23124AD358FF33CD
S1138F709B7A71E740F28C230E4AD358FC33586A2B
S1138F8002F0FEFF20713EE740F28C23094AD358D9
S1138F90FF339B7F60E740F28C23064AD358FF33AC
S1138FA05B7F59E70A4B1B681B69F6E6084B1B6895
S1138FB0DB68F2E6D0530020685700207857002081
S1138FC08056002062570020605700200440002093
S1138FD0A0530020F0B50024F74AF84BF84E136074
S1138FE0F84B74605360F84B9BB09360F74BD360BD
S1138FF0F74B3360F74BB360F74BF360F74B3361D8
S1139000F74B1B7A039309230293039B072B00D08E
S113901054E20127F34DF4482A60FF211422E8604A
S113902004756860A860F9F713FBEB68EF4D5F7592
S11390302100280040F2C012F9F70AFB210040F297
S1139040A822EB48F9F704FB40F28C230399E84A81
S113905029702900D5507E3BD754013BD75440F2A8
S1139060B013E0310C70E3490CAFE9503C713900A6
S113907003980C94F8F7E6FF40F28C2340F22D128B
S11390801920DB4D0195EB58B97906AD9954FA795D
S113909040191A713A7A991D5A71FA681A61029242
S11390A03A695A6104927A699A610592BA69DA61F5
S11390B09446FA691A62C07FC8771800796A2C301E
S11390C09962196316A90978017001724120190087
S11390D040190078383108704220401900784870EF
S11390E0F96A1998D963396B019D196440F2F41136
S11390F068500120591DC8771D000A214435996024
S1139100043919732870A835093028601800083507
S1139110F03001702900029DA7480D601D00F8354C
S11391202900049D0D601D00FC352900059D8A6001
S11391300D6065461A004D600121FF32517240F204
S1139140BD1299541A00E132117040F28922A84DDF
S1139150FC352E65A64EE864B4541A000020A964B8
S113916000219932A133FF32FF331060516018603F
S11391705960F8F7F1FF40F27C139F4AF45404332A
S1139180F2500433F4500433F4500433F4509B4A43
S11391900433F4540433F2500433F4500433F450DD
S11391A00433F450964A0433F4540433F250043331
S11391B0F4504C33F4500433F450924A0433F454CE
S11391C00433F25040F28C220433F450AC67EC6761
S11391D0B45806AEA9343000FF34FBF70FFD0CCEB3
S11391E00CC4894B89486B65894BEB65894B6B666D
S11391F0894BAB65894B2B66F6F7AFFF02900028CD
S113920000D059E1864C01001022300002F09AF996
S11392100298631CD87720000126313006702000A4
S113922002224230027020005330030003980632B9
S1139230187020006430027020009219753002709A
S11392402000763286300270200092199730027026
S113925020009219A830027020009219B9300270CF
S113926020009219CA30027020009219DB3002707B
S113927020009219EC30027020009219FD30027027
S1139280200040F21F13FF309219C2739219E25466
S113929011339219E25411339219E2541133921991
S11392A0E25411339219E2545E487C3A08A9F8F763
S11392B05FFE200010220299F9F7CAF910225A48D9
S11392C00299F9F7C5F9594C5948282202992060A6
S11392D0F9F7BEF9236847490122196002995242FD
S11392E0D9601900534D9A801A615A619A61DA6102
S11392F01A6210310E3228005962FF320299F9F7CE
S1139300A7F940F28C22029929606960384DAB5864
S11393102268334C1100143199661000190018307A
S11393208C3108602032BC33043048629A61FDF706
S1139330F5FB414B3B341860FDF7C2FA40F28A2337
S1139340EE542D2338003B70FFF7BCFC3A793B4BBD
S113935038001A70432325783B703D71F9F700FB00
S1139360002800D1ADE01E4B0CAC40331878F9F75F
S1139370E1FF1B4B1A4D3E331878F9F785FF1D2288
S1139380174B200041331B7822702371F9F7E8FA58
S1139390134B4235587AF9F743FF48232E7823704C
S11393A033005A1E934120002371F9F7D9FA00289B
S11393B046D12E7044E0C04614600020291D0000F0
S11393C0006000208530000045310000310C0000B1
S11393D0330C0000B1410000370C0000390C0000D0
S11393E09451002090530020FC5D0020405E00203A
S11393F0D053002000040001B1080000C10800009F
S1139400D10800001D710000194C000020550020F7
S1139410894C000041090000290900005909000095
S113942068570020CC58002078570020A053002013
S1139430145E00208452002000400020E44E0020EE
S113944030232370263B63602000F9F789FA414DED
S11394502800FFF77BFB297E11B13F48F9F7A4FFF1
S113946002213E4B3E4D9A7A2B798B43002B48D0F8
S113947000233A4A2B60967A012E25D1334209D033
S11394804B23EE8820002370A680F9F769FA00B90F
S1139490EE80002602232A681A4258D0AF684A3365
S11394A0200023706760F9F75BFA00B9AF605EB122
S11394B03000FAF76DFD07E01423029302981BB005
S11394C0F0BD25704FE72B600026264F2E71FC3728
S11394D0BB6C012BF2D140F28C2503332371214B59
S11394E021005B590C961878F8F7ACFD1D4BBE644F
S11394F05B59E03318780228E0D11E70F8F718F9A8
S1139500DCE7012ADFD1184F184938002B60FAF73D
S1139510B1FC060068B9BB695B691B899BB1FA6839
S113952099189B5A052B10D906221148043102F0D0
S1139530C4FA0D48FAF750F830434242504103232D
S11395404042034095E72226F3E70326F1E71E4352
S1139550AEE7C046BF510020D851002094510020EE
S1139560E8500020D0530020484E002040D3000093
S1139570EE50002010B507280ED1084B1A7A072A9E
S113958006D01A00002143321170054A02311171CC
S113959007221A72FFF71EFD10BDC0469451002029
S11395A0E850002040F28922104B9A5C920704D5BF
S11395B040F231229A5C012A0AD940F28C229A584C
S11395C01100E231097819B1E432116801311160F6
S11395D0002240F20C215A5404315A5401395A548D
S11395E00221FC339A6C8A439A647047D05300205A
S11395F00023F0B5B1B002930C930D93F8F770F912
S1139600E84B029A01209A60DA605A60E64A1A60CE
S1139610FEF7CAFA0320FAF785F80298FEF7C4FAAF
S1139620E24A029B13701378DCB2002BFBD12000BA
S1139630FEF794FAFEF730FB0120FEF78FFA40F2B2
S1139640E8310800FAF74AF90120FEF703FF022087
S1139650FEF700FFD64B1C86D64B1C80D64B002150
S11396605A5E013201D009221A80D44C0021625E74
S1139670013201D00C2222800020185EFFF7B2FADA
S113968043425841CE4B18700023E05EFFF7AAFA1C
S113969043425841CB4B01301870CB4B1A00A432D3
S11396A00020115E013101D01321118014215A5E72
S11396B0013201D021229A8228215A5E013201D03E
S11396C028221A8500215A5E013201D00E221A8006
S11396D0BE4B00215A5E013201D019221A800020AB
S11396E0185E0121FFF78CFAB94CBA4B621CA360D7
S11396F0B94B6360B94B63620023A362D377EFF382
S11397001081012282F310884020B54D6B68834399
S11397106B606B6881F31088A36860680393457A73
S1139720016A0495AE038D780F792E4320253543C5
S1139730CE78ADB2AC4676033D032E43457B037829
S1139740ED01A84835432843039D80B20590FE35BA
S1139750688D049E80B2002E00D077E166462A858B
S11397600D784978ED032E43B5B2AC461D0008359B
S1139770AA40490289B292B2012F00D064E1904319
S113978001229A40039D039EFE35AF8D92B25B0089
S1139790F3181743AF851F006646FE377E82059E89
S11397A090437E83198068850121AA841720884A02
S11397B0FEF7CBF98C4B022223608C4B00211868F6
S11397C040F20043806801F0BFFD894B5D78002DB5
S11397D000D085E00121874C59707E4B2582E360DF
S11397E0854BA562A360854B25706362EFF31082FD
S11397F081F310887A483F3143688B434360436860
S113980082F3108840F20F0C66467D48E3680178C5
S113981003938F00BE40637CC9030493039BFE3310
S11398201A8DB2438678BE40324392B21A858AB208
S1139830232105921143049A039E5200B218170083
S1139840FE3779826F490126798341780498490269
S113985089B2118001228240988D92B2844690434D
S11398609885DF8E588D97431043DF865885604670
S113987002439A85644B07201A7816431E70049B92
S1139880039A0133DBB25B00D3181A00FE32508115
S1139890059E1C30FF303043508244F29740508381
S11398A01980220029001B206561A561E5612562FC
S11398B0FEF74BF9A368DB7A5BB2213304D02200B4
S11398C029001420FEF741F90223504D0021AB84F6
S11398D01220484AFEF739F90123AB844C4B6360EC
S11398E04C4B4D4C012004256360FEF75DF940F2BA
S11398F040320221494B01209D505219995040F6A3
S1139900600348F20001464A464ED152FEF726F95A
S1139910454B464A2360464B46499A6100221A75D4
S1139920454BDA601A610132336059601A72EFF301
S1139930108182F310881020294CE2688243E2608F
S1139940E26881F310883D4CA279120700D0A1E0AF
S11399508222A272A27A4421D20902B9290038488B
S11399600278551C05700AB94032A27101255A6863
S1139970E171127C334950082A4092000235954027
S1139980401801782943C9B201705B68187803282C
S11399906DD80122524202F061FA6500FB03020411
S11399A00604C046C05D0020434743000CE8014064
S11399B000020A4060020A40705D00205C5D0020E5
S11399C0D05A002005400020E45A0020BC5A002050
S11399D0D05D002000200A4074D900007509000001
S11399E0FC6F044007C0FFFF535541533040002033
S11399F0345200200452002098D9000021140000A1
S1139A000C4000209780FFFF00100A40FE200A400F
S1139A1055554153B8D90000845D002000600040D2
S1139A2000E00140B85D00204D504C52D14F000081
S1139A30185C00204CD40000905D002000380A40DF
S1139A408C5D002008380A40104399E64A791A438D
S1139A5022B903490432CD782A43CA7000218FE623
S1139A6000100A40DF4A1B7C9B18FF221A70DE4A52
S1139A7002212120FEF769F84423E371453B23804A
S1139A801B3323736833A372A27A423B1343A3723A
S1139A901C23E372D54AD64B042553600023D54FCB
S1139AA015813A60D3601361EFF31080012181F3D3
S1139AB01088D14BDB688B43CF49CB60CB6880F3F4
S1139AC010888023CD491D200B870B0048F200012C
S1139AD0D9820221CA4B4942198049195581FEF79E
S1139AE034F8A37930689C466646027AE37A406883
S1139AF0217B93433243C6690078C9B2032805D158
S1139B003078012800D155E31020834321730121CB
S1139B10E372A271A379BB480B43A3710423A27916
S1139B201343A3713B68B54A5B899386B64BB74A26
S1139B30136040F2002200234260B54A0360826051
S1139B40B44AB548136002601F20D080B34AB448B9
S1139B5013600023C3563BB9B24BB34A01701A6079
S1139B60B24A5A60B24A9A600022B24B9A560AB973
S1139B7001321A70B04BB14A00211A60B0483C223D
S1139B80F8F766FD40F20013AD4A00201360FAF7BF
S1139B9013FBFFF71FFA092800D010E3A948F7F7D1
S1139BA033FFF7F759FFA84A13785BB100239549AF
S1139BB013708979984A49B21268012900D02BE3BD
S1139BC002331370FDF746F924A8F7F79FFE9F4967
S1139BD00A78531CDBB20B700AB9F7F79CFE249B7E
S1139BE083F3108800239A4A24A814681360F7F7B3
S1139BF08DFE964A1378013BDBB213700BB9FAF76A
S1139C0053FB249B83F31088924F002C00D11EE257
S1139C10E3B2089320231C4200D137E1FCF730FE65
S1139C20FAF7A0FF40F2B013FE588B4B00241A68D9
S1139C305B68801A99412500864204D940F2B41326
S1139C40FC58351A241A854E3000FBF7E9F940F226
S1139C5088133000FD500433FD50FBF72FF9804D7D
S1139C602800FBF7DDF940F29C132800FC50043374
S1139C70FC50FBF723F940F28C23FB581A00E03226
S1139C801278022A03D040F21022BA5C52B31B7835
S1139C900024072B16D1734B734C1A68544343F2B8
S1139CA03902A4181C60714BB4FBF3F3DA07D31A1E
S1139CB0E41A40F2D17394FBF3F25343E41A40F2F2
S1139CC0E833E41840F2B413694DFB582800E41853
S1139CD0FBF7A6F940F2F8132800FC500433FC50BB
S1139CE0FBF7ECF8564B1B68DB0750D56148F9F7D6
S1139CF0B3F90024524B34331B78A34201D900F04A
S1139D002DFC5D48F7F780FE002201211000F8F7D2
S1139D10B7F85948F7F778FE002201211000F8F748
S1139D20AFF85548F7F770FE002201211000F8F74C
S1139D30A7F85148F7F768FE414B0022986A0A21B8
S1139D40F8F79EF84C48F7F75FFE3D4B2C331B7831
S1139D50012B01D000F00CFC394C4848F7F754FEB5
S1139D60E0690022052180B2F8F78AF84448F7F741
S1139D704BFE237E0020022B02D8424A5B00985EF1
S1139D800022052180B2F8F77BF8F7F765FE40F270
S1139D908C23FA587B3BFC5CE33BD4542E4B186871
S1139DA059681378072B0FD10533634340F2B41479
S1139DB0354D145D5B195B7A5B01002C00D1E6E341
S1139DC05B19D0331860596040F210239932FF3286
S1139DD010605160FB5C002B58D140F24922BB5407
S1139DE054E0C04600380A40905D0020A45D002085
S1139DF02CD40000BC5D0020FC6F0440FE260A4009
S1139E0004260A40E851002008D70000505C0020D6
S1139E10E64E0020804D0020084000207C4D0020AC
S1139E20565C0020445C00206C5C0020575C0020E1
S1139E3014001400F4510020005200205D0C0000B6
S1139E406C5A0020A8CD0000E4510020405C0020A2
S1139E50C8530020D05300207856002058550020C5
S1139E606C550020004000206D4EC641FFFFFF7F6F
S1139E70C855002034CE0000BACA000038CE000015
S1139E8040CE0000CCD60000805600201022089B53
S1139E90134200D1ACE00021203224A801F052FB8F
S1139EA0002128221AA801F04DFBC94BC9480E21F4
S1139EB05A5E9D8903929E681B7C02785BB206936E
S1139EC040F28C23F95840F23124CB6CE0310793F3
S1139ED001239A430270002340F24C220398BB549E
S1139EE01E3AB85206980232B8545832BA5C3A55FF
S1139EF040F22222BB520332BB540332BB50043221
S1139F00BB520632BB540232BB50143ABB54183213
S1139F10BB500432BB5440F240230022F818002303
S1139F20026043600B780BB9FCF7CAFC3B5D13B9C4
S1139F30A948FBF775F8A94B1B68DB074CD5A84863
S1139F40F9F78AF80024A54200D929E3A548F7F7D0
S1139F505BFD002205210398F7F792FFA148F7F76C
S1139F6053FD002203210698F7F78AFF9D48F7F76F
S1139F704BFDF6F7C3FB0121800908400022F7F7E7
S1139F807FFF9848F7F740FD944B00221C001869A6
S1139F900A21F7F775FF9348F7F736FD237D012B68
S1139FA000D004E39048F7F72FFDA06800220521B4
S1139FB080B2F7F765FF8D48F7F726FD2379002077
S1139FC0022B02D88A4A5B00985E0022052180B2E7
S1139FD0F7F756FFF7F740FD0120F7F74DFC002D8A
S1139FE000D0F2E240F221230122FA54FDF7B6F840
S1139FF0089B1B071DD540F28C23FB58E0331B78CC
S113A0000BB9FCF75DFCF7F739FB40F2492302205A
S113A010F854F7F731FC40F21023FB5C1BB140F21B
S113A0200F230122FA5440F289222023B95C0B4306
S113A030BB54089B5B0703D506210520FAF77CFA7D
S113A040089B9B0703D504210320FAF775FA24A87B
S113A050F7F75CFC67490A78531CDBB20B700AB94A
S113A060F7F759FC249B83F310880023624A24A841
S113A07014681360F7F74AFC5E4A1378013BDBB2BD
S113A08013700BB9FAF710F9249B83F31088002C92
S113A0904AD0E5B2E4071FD540F21123FA5C593BDC
S113A0A0FA54D433FA5840F2BB111300FF33987AB0
S113A0B07854997F40F2C813F954002340F2C9112F
S113A0C07B5401317B54B533FF33D25C4B49173396
S113A0D04B48FA54FEF766FAAB0721D540F2112338
S113A0E0FA5C453BFA54C033FB583B481A00FC3237
S113A0F0116940F2D012B9501A00FF32917F40F238
S113A100DC12B95400210132B95401320131B9547D
S113A1102A3A9A5C40F2DF133A49FA54FEF742FABB
S113A1206D0701D5FBF7A8FC40F28923FC5C2023D2
S113A1301C4201D100F06DFE40F28A230022FA5441
S113A1403A00FC32936C190602D582218B43936446
S113A15004252C4201D100F0E2FD0020F7F7A6FB14
S113A160002801D100F0D4FD274AD1680B7D3BB112
S113A17008005368926810309A4201D000F0B7FD8D
S113A1803A000221FC32936C8B43936400F0C7FDC8
S113A1901B7C1E495B085B005B181A8067E4002384
S113A1A06380228063E4DB691B78012B00D05EE4CA
S113A1B062805CE41420294383432A43A6E41428E0
S113A1C001D11348EBE4032800D0ECE41148E6E4A1
S113A1D0A8530020C85300206C5500206C5A00205E
S113A1E034CE0000BACA000038CE000040CE0000D1
S113A1F0CCD60000405C0020A453002088550020E9
S113A200585500209C5500209053002000380A40E7
S113A210DECD000005CE00000121B948817140F275
S113A2200141118002000020115E0220125E18001C
S113A230914221D0B24D00216A5E02216C5E002160
S113A240944210D00424295F013292FBF1F461435B
S113A250521AA968AD798C186DB2895C012D00D0B1
S113A2602070A74C2280A74A9A18127852B28A42C8
S113A27023D10133042BDDD1A34B1B685C78082C5C
S113A28016D0DB7813B1A148F7F7BEFB230034B135
S113A2900123042C03D00333072C00D1023B9C4A36
S113A2A0DB009B185868F7F7AFFB9848F7F7ACFB4F
S113A2B00023934A9371136084E4DBB2022B07D02A
S113A2C00022032B00D045E18F4B1B681A80D3E793
S113A2D08B4B00229F5E9A68D7192B2964D18A4B35
S113A2E01B68DA8808928B4A166840F201421A8089
S113A2F000230393844B089A1C68039B9342BBDAA4
S113A300B589002D00D19DE02A003900306901F0A3
S113A310C3FB002800D088E0039A7B19A2807D57F4
S113A3203D2D43D03F2D00D1FEE0002D00D10DE1A5
S113A3300223237079E0C9B208003038092802D911
S113A340413905290FD801331EE00300413B052B99
S113A3500CD8373840B2536898478DE70120404203
S113A360591CF8DA1EE009235B421BE0012040423D
S113A370F1E708320023D356002B00D17CE70021FB
S113A38079569942F5D13B00012159560029D2D181
S113A390DB1B1BB2012BE1D178780300303BDBB22D
S113A3A0092BD2D858B2D6E75B4AE3E701229A5682
S113A3B0DAB35D1C2B00059000229A5652B9574B14
S113A3C01B785BB20993564B9C46059B93421EDD5A
S113A3D000230EE02C2A02D001229A561AB9059ABB
S113A3E0013252B205920133E6E75C1C2C2803D0FB
S113A3F02300E8560028F8D11BB20493002B2BDC71
S113A400474B1A6800231ABB0BB1F7F7F9F805227A
S113A4103D4C23681A7033682BB1380098470022EA
S113A42023681A705870F7F7EBF8374B1A681378EB
S113A430002B00D120E7052B00D11DE7022B01D111
S113A440013B1370039B143601331BB2039351E792
S113A450013312681BB2D6E70020049BE854099B21
S113A460002B01D100F04EFE2E490823C85E069051
S113A470002801DC00F046FE0C000B680A20085E90
S113A4800A90606807900799411A09B20C000A996A
S113A490A1420ADD411C0C000021415611BB069C5F
S113A4A02049013C0C810121017004995D601981EE
S113A4B01B49086830B10468834216D118490C60FE
S113A4C0002101600021196061460868B0B10400F0
S113A4D000680028FBD12360049B01320133ED188E
S113A4E052B272E720000C33CDE704000068002864
S113A4F0E8D08342F9D119682160E1E70B60EBE70A
S113A500E851002004D7000008400020ACC9000036
S113A510D4D60000505C0020F4D60000565C002025
S113A5207C4D0020445C002001255D57002D00D0A7
S113A5307BE7052323707368002B00D175E738008F
S113A5409847CD4B1B681D7058706EE70523237028
S113A550B368F1E7C84B1B681A708DE6C74B02213C
S113A5601B6B185D0134F7F75BFCE4B2FFF7C2FB29
S113A570C348F7F749FA4CF25033C04A0020D26975
S113A5809A4200D1323000220221FFF7FCFBBD4C7D
S113A5901B191C00D03420606160C833FFF712FC23
S113A5A0305D02210134F7F73BFCE4B2CBE4B4485C
S113A5B0F7F72AFA4CF25033B04A002092689A42D4
S113A5C000D132300022022102E5337809935B097D
S113A5D0032B00D15EE1052B00D157E1012B00D004
S113A5E06FE32B001022113B93439BB2002B00D04E
S113A5F0F8E4EBB21AAC0393237140F28C23FA58BB
S113A6001A96D83BD35C002B00D0EBE4701C013DC0
S113A61003000222A9B2F8F709F9002800D029E1C1
S113A6201A99002900D0A4E010241AAB1B7CDA4349
S113A630120701D100F045FD1B071B0F10AA13736D
S113A64040F28C23FB5810A91A00FF32927F18782D
S113A6504A73072213A9F6F7F1FF002C01D000F08A
S113A66034FD002801D100F030FD40F28C23FC5869
S113A6703121200010ABC91803224830F7F7C6F87F
S113A68021001D9B1AADE3642B7CFF315A06520F47
S113A6908A72DA43120703D01B071B0F4B744B76E5
S113A6A01AAB5A7C02B9013240F2E8335343220018
S113A6B040F2E831F83213605B1853602300012242
S113A6C0FF335A7240F2B2130022E2542378072B6C
S113A6D02CD1032420000134E4B2FDF7C3FA102C7A
S113A6E0F8D1039B212B21D1093310AA9B18DB7FBE
S113A6F0E3B95022642616AB1A721AAD0D3C002140
S113A700EB7C2A7D1B0212041343AA7C179113438A
S113A710734316AA169323B114A814920471F7F77D
S113A720E9FD0134E4B20335082CE8D140F28C236E
S113A7300221FA58D83B0020D154F7F7B7F818B1E2
S113A74000210800F7F77CF840F23123FB5C012B71
S113A75000D9C5E240F21023FB5C002B00D0B7E225
S113A76040F289222023B95C0B43BB54F6F786FFE1
S113A7703EE42E200B780322637110ABC018013124
S113A780F7F7F6FB31201A9910ABC01803220431F5
S113A790F7F7EEFB1A9D0422E91D1DA8F7F736F81A
S113A7A0EB7A23742B7B63742379212B5DD12900ED
S113A7B03A2010AB0D311022C018F7F7D9FB1D2138
S113A7C01A9E042223A87118F7F720F800202E4DB2
S113A7D01AAC2B6898702279239B043A92B20493A2
S113A7E0002E47D016AB0093310002231690F7F7E2
S113A7F037FFF8BB169B049A9A423BD1E279237A3D
S113A80012021B04A1791A432B680A439968032492
S113A8108A4200D109E740F2A0219A6002227858C6
S113A820043302437A50312210A952182E2110A861
S113A83009180820F7F7EAFD0400002800D0F4E620
S113A840312210A952182E212B6810A8091804339C
S113A8500720F7F7DBFD0400002800D0E5E601221D
S113A8602B685242D8601A61DFE6112B00DDDBE66B
S113A8700D21A5E70F24D8E6084000206C5A0020DB
S113A88043CE000080560020A053002040F2202335
S113A8900122FA5440F28C2240F22423BA580021B7
S113A8A01278FB5C072A02D1A04A5BB2D15C2A0071
S113A8B00D3A131C120400D500231BB28B4201DD98
S113A8C0FFF790FB0B2D01D8FFF78CFBFF2224AC84
S113A8D02EAB2496200025711A70F7F7C1FD0600EF
S113A8E0002801D0FFF77EFB23891193269B049354
S113A8F040F23823049AFA50207B0F2302001A40B6
S113A900184204D0423310A95B18DB7F83B92EAB05
S113A9101B78002B47D0002A01D0FFF763FB51239B
S113A92010AA9B18DB7F5A1E93410233059300E063
S113A9300596079B049A93423FD040F28C23FB5820
S113A94000211D001E005435513624224A43AC58C0
S113A950A446049C644528D1B45C34B39A1811000D
S113A96052310978926EE033079115681A780323FF
S113A970022A00D0023340F23122BB54059B032B40
S113A98001D0FFF72FFB6023184201D0FFF72AFB09
S113A990079B042B68D8180001F060FAAD03AA03E2
S113A9A04D00A703B0030123C0E701310429CCD132
S113A9B040F221230B22FFF718FB04230025079301
S113A9C0013B039324ABDC890023039816A9169357
S113A9D0FDF728F9002842D1169D6B1C04D0ABB2B8
S113A9E0E31A002B2ADDEC180023039816A916930A
S113A9F0FDF718F9E8BB169BA34201D3013338D104
S113AA0024A8F7F72DFD002298BB494993005B1851
S113AA1019780798814229D15A789B780B920F9321
S113AA200499269A24AB914225D00B2340F221228B
S113AA30BB54FFF7DBFA01260623C2E743B9093307
S113AA4040F22122BB5440F23423FD50FFF7CEFAEA
S113AA5080232D0C2D042C195B02E418C4E7012378
S113AA600728EDD10833EBE70123E9E70132052A92
S113AA70CBD10C23DAE7249A07921A79DB6A043AD9
S113AA800E926A461093128F079B0A92002BF0D005
S113AA90130040F200129342EBD816AD00212800B7
S113AAA0F03AF7F7D5FD4923169340F20013AB8033
S113AAB0119B0E9AEB80049BEA731B0C2B72049B74
S113AAC06C811B0E6B72230C2B73230E6B73002390
S113AAD0AB73149314AB009328000F9B0A9A079945
S113AAE0F7F7BEFD0028C4D1149B109A9A42C0D136
S113AAF0512310AA9B18DB7F0BB907330B932EABA2
S113AB00197801230B9A00932D98049B0194F8F76C
S113AB1055FA002876D10398064B04381B6803289D
S113AB200AD801F087F967696B6DC046ACD40000A0
S113AB300F400020A05300201C61002240F221237A
S113AB4040F22520FA540133FE5424AB1B7BD90672
S113AB50C90F395440F228217A5004317A549B06A3
S113AB6008317C50DB0F02397B5417317A5403319E
S113AB707B5440F23123F95C012903D85B33FB5841
S113AB80E4331A60604C012E40D140F220230222AB
S113AB90E25440F24823E25C24AB1B7B012905D834
S113ABA0012A01D19B0601D5FEF77AF840F2312340
S113ABB0059AE35C24AD022A7ED0032A08D0297BBF
S113ABC00907090F012A51D0069A28A8FDF780F831
S113ABD0512310AA9B18DA7F40F22323E2546A6AB5
S113ABE00533E2502EAB1A7840F22C23E2540122B2
S113ABF0013345E05C61A0E79C619EE7DC619CE772
S113AC001C629AE7022800D10FE732E740F28C2356
S113AC10E2581F23099840F28F159843030040F22D
S113AC202020A02B1ED19F3B5355B233FF33D35C5E
S113AC301BB92F9DB933FF33D550012323549942B7
S113AC40A7D940F2402341F64072E0180023026085
S113AC50436040F29823E0182C4B1A685B6802604A
S113AC60436096E700235355235492E7069A28A895
S113AC70FDF72EF8512310AA9B18DA7F40F2232304
S113AC80E254512310AA9B18DA7FE02A0DD140F236
S113AC908C23E158CF3BCB5C3BB940F22321625477
S113ACA04932FF32A3500432A35240F289220223D4
S113ACB0A15C0B43A35447E52EAA1178686A069A4F
S113ACC0D6E740F221230122FA54FCF747FA3BE588
S113ACD040F24C23FB5C002B00D141E5FCF71EFA4B
S113ACE040F23123FB5C022B00D13FE538E51D78AF
S113ACF0002D00D110E2834202D10B00FFF73CFA91
S113AD000433FFF739FAC046D0530020A85300207B
S113AD102800F6F7CBFD002801D0FFF731FAE3074E
S113AD2027D540F24823FB5C002B00D0E7E040F23B
S113AD308C23FB5840F20C211A00FF32795C527AC2
S113AD4091420BD2A40700D4F3E0E0331B782BB17B
S113AD5040F23123FB5C002B00D0EAE0A24C20003F
S113AD60FAF75EF92022783CA36C9343A364FEF7C0
S113AD7019FC3B0040F28921FC339B6C7A5C1BB1CB
S113AD80012B2CD153072AD505207B5CD4B28343F5
S113AD907B54012340F28A217B541A4205D03B00A4
S113ADA0FC33DB6C91481B689847640711D5002578
S113ADB08F4CE3681B7D0393039BAB4200D0D1E02F
S113ADC0E3681B7D2BB140F289220423B95C0B4359
S113ADD0BB5440F289222021BB5C8B43BB543B0013
S113ADE0FC339B6C23B9834B1C68002C00D0E3E03C
S113ADF040F2A02440F28A2301223859FA5440B187
S113AE003B00FC331B6D13B19B6803B198470023CF
S113AE103B5140F2892410253B5D2B420AD0052387
S113AE2024A803803B00FC33DB6CDB6898473B5D64
S113AE30AB433B5540F289220221BB5C0B4207D055
S113AE408B43BB543B00FC33DB6C6B485B6898471B
S113AE503B00FC339B6C012B07D040F28823FB5C46
S113AE60023B012B01D8F6F719FCF6F7C3FD0028C5
S113AE7001D1FEF798FE72B6BFF34F8FBFF36F8F09
S113AE8040F28C23FB58E0331B78022B30D05B4B11
S113AE901B786BBB5A4B1B6853BB5A4B1B68DB05B7
S113AEA000D4B5E072B6BFF34F8FBFF36F8FF6F7E0
S113AEB0A1FDC0B10120F6F76BFD10250226524C0E
S113AEC0276862B6BFF34F8FBFF36F8F23689F422B
S113AED07AD072B6BFF34F8FBFF36F8F23682B42C4
S113AEE078D00023236062B6BFF34F8FBFF36F8F18
S113AEF062B6BFF34F8FBFF36F8FFEF754FE012B83
S113AF0017D140F20F23FB5C002B00D131E740F254
S113AF100E2340F20D22FB5CBA5C9A4216D9A407B8
S113AF2003D540F24C22BA5CC2B940F20E2201337E
S113AF30BB5440F289222021BB5C8B43BB5440F2BA
S113AF400F230022FA54FAF797FD12E740F24C213E
S113AF507A5C1AB940F210207A543A5440F24D22E5
S113AF60BB54FBE640F2602140F2612063681A782A
S113AF707A54597839549E78CEB1236823489B6813
S113AF809847E268137D4BB1013B13751300606869
S113AF901033011D984200D11100616026B90D9A49
S113AFA002990C98FDF73EFE0135EDB204E7DB781B
S113AFB002910D930C92E4E72079F6F735FC002812
S113AFC000D0A2E0246810E7F6F714FD002800D0B2
S113AFD07CE77EE72368334283D1F6F70BFD002834
S113AFE000D06CE77DE7C046445500201856002089
S113AFF09053002084520020F0550020105C002063
S113B000A45300206C5A00207C52002030560020AB
S113B01072B6BFF34F8FBFF36F8FF6F7EBFC0028C8
S113B02000D160E70120F6F7B3FC012540F6600685
S113B0302800FCF7B9FD3D4B5A681178022905D068
S113B040002303290DD12832127852B9384B1A68DB
S113B05000235202D10F9A4203DB364A137B117349
S113B060DBB2354A925BBFF34F8F30BF2F4A526831
S113B0701178022904D0032908D1283212782AB978
S113B0802B4A1268520201D42A4A13732800FCF78F
S113B09065FD62B6BFF34F8FBFF36F8F72B6BFF318
S113B0A04F8FBFF36F8F254C2368DB0600D518E75D
S113B0B023689B0700D514E7F6F79CFC0028B7D15A
S113B0C00FE7002C01D1FFF7D0FA0020F6F7EEFBD2
S113B0D0002801D1FFF738FB00210820032C01D1FF
S113B0E0FFF730FB0720FFF72DFB0126072368E459
S113B0F00523079E65E40126042362E4059B0126DB
S113B10003935FE400231B81FFDE40F289221023B6
S113B110B95C0B43BB546BE65B78002B01D0FFF7A3
S113B1202FF840F20C22BB54FFF72AF8845D00206C
S113B130FC6F04400054004000E001407C520020B9
S113B1407FB5140006000D0010220021684600F0AF
S113B150F9F97F2C02D10320022D0AD06B462A0074
S113B16010213000F7F762FB18B969462000F7F7A1
S113B1708DFB04B070BD000010B507490748F8F70F
S113B18079FE08B10E2802D10448FDF74DF90348B1
S113B190F8F722FA10BDC04640D30000484E002004
S113B1A010B506490648F8F765FE10B90448FDF7DE
S113B1B03BF90348F8F710FA10BDC046ACD30000C1
S113B1C0F8500020002310B504000360436083603E
S113B1D081814366C281036143618361190008224E
S113B1E05C3000F0AFF90B4B246263620A4BA3623C
S113B1F00A4BE3620A4B23630A4B9C4205D00A4B79
S113B2009C4202D0094B9C4203D12000583000F0EC
S113B210EDF910BDADB40000D5B400000DB50000CB
S113B22039B50000246000208C600020F460002008
S113B23010B5034A0349044800F06AF810BDC0463B
S113B2402440002001B900003440002041680B4B29
S113B25010B50400994201D000F052FBA168084BDC
S113B260994202D0200000F04BFBE168054B994263
S113B27002D0200000F044FB10BDC0462460002032
S113B2808C600020F460002010B5094B094A0421A9
S113B2901A6009480022FFF795FF01220921074897
S113B2A0FFF790FF022212210548FFF78BFF10BD24
S113B2B05C61002031B20000246000208C6000201A
S113B2C0F460002010B5024800F091F910BDC046AA
S113B2D06561002010B5024800F08AF910BDC0462F
S113B2E06561002010B50400FFF7ECFF236A13B179
S113B2F0FFF7F0FF10BD044B2362044B1B68002BC7
S113B300F6D1FFF7C1FFF3E74DB200005C61002006
S113B310F7B51400002600900191A5686768013F05
S113B32004D52468002CF8D13000FEBDAB89012B74
S113B33008D90E22AB5E013304D029000098019B8A
S113B340984706436835EAE7F0B51D00554B85B0CC
S113B3501E6804000F00009226B1336A13B930004E
S113B360FFF7C0FF009B022B05D0012B00D996E00C
S113B370002D00DA93E0636EDB0705D4A3899B05F7
S113B38002D4A06D00F033F92100300000F0B8FAC7
S113B390616B41B123004433994202D0300000F084
S113B3A029F9002363630023A3616360A3891B0657
S113B3B003D53000216900F01DF9A3893A4A1340EE
S113B3C0A381009B022B60D003AB2100300002AAB2
S113B3D000F0BEFAA3890343A3812DBB029D28007C
S113B3E000F050F901950700002848D1029B019311
S113B3F0AB423ED101256D420C22A35E02221A43C8
S113B400A2810022A260220047322260226101222E
S113B410616E6261114204D19B0502D4A06D00F0FB
S113B420E7F8280005B0F0BD002FD8D0336A13B96F
S113B4303000FFF757FF009B012B03D1A389009A2B
S113B4401A43A2810C22A35E0822190027602761F7
S113B4506561114013421CD0DA0718D500226D42F1
S113B460A260A561626ED20701D49B0513D50025A5
S113B470D7E7019800F006F907000028BAD0802326
S113B480A289019D1343A381D0E70025B4E7A560F9
S113B490E8E7A160E6E7A06D00F0AAF8E7E7012578
S113B4A06D42BEE7304000205CF3FFFF70B50C0036
S113B4B00E25495F00F070F8002803DB636D1B184C
S113B4C0636570BDA389024A1340A381F9E7C046AE
S113B4D0FFEFFFFFF8B51F008B8905000C00160075
S113B4E0DB0505D50E23C95E0022022300F042F8D5
S113B4F0A389054A28001340A38132000E23E15E8C
S113B5003B0000F05BF8F8BDFFEFFFFF70B50C00E7
S113B5100E25495F00F02EF8A389421C03D1054A89
S113B5201340A38170BD41F200021343A3816065FF
S113B530F8E7C046FFEFFFFF10B50E23C95E00F029
S113B54009F810BD03008218934200D170471970A6
S113B5500133F9E7002370B5054D040008002B60A2
S113B56000F0F6FB431C02D12B6803B1236070BDCD
S113B5706061002070B50400080011001A00002367
S113B580044D2B6000F0D3FB431C02D12B6803B1A4
S113B590236070BD6061002070B5040008001100D4
S113B5A01A000023044D2B60F6F7C8F9431C02D19E
S113B5B02B6803B1236070BD6061002070B5040086
S113B5C0080011001A000023044D2B60F6F7ABF9B4
S113B5D0431C02D12B6803B1236070BD606100205D
S113B5E0014B18687047C0463040002070477047D0
S113B5F07047000070B505000C0079B1043C236865
S113B600002B00DAE418280000F0E8F81C4A13685C
S113B6102BB963601460280000F0E8F870BDA34201
S113B62008D9206821188B42F3D119685B6809187E
S113B6302160EEE71A005B680BB1A342FAD91168E6
S113B6405018A0420BD12068091850181160834289
S113B650E1D118685B68411811605360DBE7A042D0
S113B66002D90C232B60D6E7206821188B4203D122
S113B67019685B680918216063605460CBE7C046B1
S113B6806C61002010B5034B0100186800F026F827
S113B69010BDC0463040002070B50F4E0D0031681B
S113B6A0040011B900F0DEF930602900200000F038
S113B6B0D9F9431C03D101256D42280070BD032331
S113B6C0C51C9D43A842F8D0291A200000F0CAF9ED
S113B6D00130F2D1EFE7C04668610020F7B50322DC
S113B6E0CB1C9343083305001F000C2B34D20C27CA
S113B6F0B94233D8384E280000F070F833681C0083
S113B700002C2FD139002800FFF7C6FF0400431C8A
S113B7105FD134680094009B002B4AD1002C52D096
S113B72023682800E3180099019300F09BF9019B1A
S113B730834248D123682800FF1A3900FFF7ACFF81
S113B740013040D02368DB19236033685A68002A2B
S113B75033D1009B336019E0002BC9DA0C232B6032
S113B7600020FEBD2168C91B20D40B290AD9E21987
S113B7702760A34204D1326063681160536005E01E
S113B7805A60F9E76268A3420ED13260280000F0E3
S113B7902DF8200007220B30231D9043C21A984233
S113B7A0DFD01B1AA350DCE75A60EFE7230064687C
S113B7B0A6E7009C63680093ADE71A005B68A342A8
S113B7C0FBD10023DAE70C2328002B6000F00EF8ED
S113B7D0C6E70760DAE7C0466C61002010B502488E
S113B7E0FFF705FF10BDC0466461002010B5024894
S113B7F0FFF7FEFE10BDC04664610020F7B50C22C1
S113B8008B5E05000C001A0753D44A68002A02DC38
S113B8100A6C002A4BDDE76A002F48D0002241F26F
S113B82000002E682A601A00216A0240034230D0C8
S113B830626DA3895B0705D56368D21A636B0BB18C
S113B840236CD21A00232800E76A216AB847A28928
S113B850431C06D129681D2944D8284BCB40DB075B
S113B86040D50023636023692360D20404D5431CBC
S113B87001D12B6803B96065616B2E60B9B12300F7
S113B8804433994202D02800FFF7B4FE00236363D7
S113B8900DE001232800B8470200431CC9D12B68DE
S113B8A0002BC6D01D2B01D0162B1AD12E600020E0
S113B8B01EE00E69002EFAD00F680E60BA1B0192CA
S113B8C000229B0700D14A69A260019B002BEEDD98
S113B8D0A36A32001F002800019B216AB847002890
S113B8E007DCA2894023012013431BB2A3814042F9
S113B8F0FEBD019B36181B1A0193E6E701004020A8
S113B9000B6970B505000C0013B90025280070BD43
S113B91018B1036A0BB9FFF7E5FC0C22A35E002BF8
S113B920F3D0626ED20704D49B0502D4A06DFFF756
S113B9305EFE28002100FFF761FF636E0500DB0750
S113B940E4D4A3899B05E1D4A06DFFF751FEDDE7A4
S113B95070B50E001D000E23C95E140096B00029B8
S113B9600CDAB2898023110019401A4214D140F232
S113B970004300202960236016B070BD6A4600F0C1
S113B9804FF80028EDDB4FF2000301991940044BF6
S113B990C9184B425941EAE700214023E9E7C04670
S113B9A000E0FFFFF0B502268B8905000C0085B08E
S113B9B0334207D0230047332360236101236361AB
S113B9C005B0F0BD03AB02AAFFF7C2FF029F0190CE
S113B9D039002800FFF782FE40B90C22A35E9A05C5
S113B9E0EED4032293431E43A681E3E78023A28976
S113B9F020601343A381039B206167615BB128002E
S113BA000E23E15E00F01EF828B10323A2899A43B5
S113BA10023B1343A381A389019A1343A381CFE774
S113BA20002370B5064D0400080011002B6000F0DF
S113BA30D7F9431C02D12B6803B1236070BDC04603
S113BA4060610020002370B5054D040008002B60E0
S113BA5000F0D3F9431C02D12B6803B1236070BDFD
S113BA6060610020002370B5054D040008002B60C0
S113BA70FCF7BCF8431C02D12B6803B1236070BDF2
S113BA806061002010B5034B01001868826800F063
S113BA901DF810BD3040002030B5050010005AB12B
S113BAA00024013A2B5D085D834204D1944202D004
S113BAB00134002BF6D1181A30BD002310B59A4278
S113BAC000D110BDCC5CC4540133F8E770B5060056
S113BAD00D00140018B1036A0BB9FFF703FC636E81
S113BAE0DB0705D4A3899B0502D4A06DFFF77FFD76
S113BAF0A368013BA360002B05DAA269934212DB21
S113BB00EBB20A2B0FD023685A1C22601D70EDB2D1
S113BB10636EDB0705D4A3899B0502D4A06DFFF7F0
S113BB2067FD280070BD29002200300000F002F8F3
S113BB300500EDE7F8B506000D00140018B1036A1E
S113BB400BB9FFF7CFFBA369A360A3891B0701D53A
S113BB50236943B92100300000F02AF818B1012507
S113BB606D422800F8BD23692068EFB2C01A6369EA
S113BB70EDB2834205DC21003000FFF7C1FE00284E
S113BB80EDD1A3680130013BA36023685A1C2260F5
S113BB901F706369834204D0A389DB07E1D50A2DB2
S113BBA0DFD121003000FFF7ABFE0028D9D0D6E763
S113BBB02A4B70B5050018680C0018B1036A0BB95C
S113BBC0FFF790FB0C22A35E1A0722D4DA0607D4EF
S113BBD009222A60402201201343A381404237E016
S113BBE05B0712D5616B41B123004433994202D003
S113BBF02800FFF7FFFC002363632422A3899343F7
S113BC00A38100236360236923600823A28913436B
S113BC10A38123695BB940F2802140F20022A38909
S113BC200B40934203D021002800FFF7BBFE0C22F7
S113BC30A35E01211A000A400B420AD00022A2602E
S113BC4062695242A261226900200AB91A06C1D46B
S113BC5070BD990700D46269A260F4E73040002007
S113BC60094B10B50400186818B1036A0BB9FFF743
S113BC7039FB0020132C06D8044BE400E3580133AD
S113BC8001D0024BE01810BD30400020706100204C
S113BC90F8B50400FFF7A4FC132605000027301CA8
S113BCA0391CABBE061C2E602000F8BD10B5431C29
S113BCB001D1FFF7EDFF10BDF7B50C001600FFF73B
S113BCC0CFFF050038B9FFF78BFC0923036001247B
S113BCD064422000FEBD022E03D9FFF781FC162327
S113BCE0F4E7012E12D14368E418F6D46F462B68AA
S113BCF00A2600937C60301C391CABBE061C300045
S113BD00FFF7D4FF0028E2DB6C60E2E70368022E51
S113BD10ECD16F4600930A36301C391CABBE061CAE
S113BD203000FFF7C3FF24180130DFD1CFE710B58F
S113BD30FFF7C2FF10BD37B50224019001AD201CEE
S113BD40291CABBE041C2000FFF7B0FF3EBD000061
S113BD5070B50500FFF784FF040030B9FFF740FC1D
S113BD60092303600120404270BD013D012D09D823
S113BD70094B9A681B699A4204D101235B42036010
S113BD800020F1E72068FFF7D6FF0028ECD101235B
S113BD905B422360E8E7C0467061002070B50C0088
S113BDA0FFF75EFF050030B9FFF71AFC09230360B3
S113BDB00120404270BD42F2000362680C26134326
S113BDC0636040F20043A364301C291CABBE051C15
S113BDD02800FFF76BFF431CEAD020610020E9E74D
S113BDE070B50C000500582200212000FFF7AAFBC3
S113BDF028002100FFF7D2FF70BD70B5FFF730FFB8
S113BE000924050020B9FFF7EBFB0460002070BD96
S113BE10201C291CABBE041C2000012CF7D0FFF70A
S113BE20DFFB132504000026281C311CABBE051CB7
S113BE302560EBE702B4714649084900095C4900F2
S113BE408E4402BC7047C04603B4714649084000A2
S113BE504900095E49008E4403BC704703B471462F
S113BE60490840004900095A49008E4403BC704700
S113BE70844608006146FFE71FB500F0CBFA0028AE
S113BE8001D40021C8421FBD10B500F059FA404248
S113BE90013010BD10B500F0BDFA002801DB002010
S113BEA010BD012010BDC04610B500F0B3FA002843
S113BEB001DD002010BD012010BDC04610B500F00A
S113BEC067FA002801DC002010BD012010BDC04627
S113BED010B500F05DFA002801DA002010BD012041
S113BEE010BDC046002B11D1002A0FD1002900D16A
S113BEF0002802D00021C943080007B4024802A167
S113BF004018029003BDC046650A000003B46846A9
S113BF1001B5029800F04CF8019B9E4602B00CBC9F
S113BF207047C046F0B54FF6FF750400CE462C406E
S113BF30474615400E002900994680B5130C0700AA
S113BF40000C61434543584363430C0C5B19E418EC
S113BF508C46A54203D980235B0298464044230CB7
S113BF6061461B184FF6FF70084049465643794313
S113BF70240489192018C918C0BCB946B046F0BDBC
S113BF809E2110B5C905041CFFF7A2FF18B9201C97
S113BF9000F044FC10BD9E21201CC90500F07AFA73
S113BFA000F03CFC80231B069C466044F2E7C0463C
S113BFB0F8B557464546DE464E460C00E0B5924677
S113BFC005009B46170081468846002B52D110007D
S113BFD000F0CEFC0500A74200D871E060B1202338
S113BFE049461B1A2200D94082400B00134398464D
S113BFF04B468340874099463C0CB8FBF4F24FF61D
S113C000FF7013003840434321009C46434651438C
S113C010591A4B4609041B0C0B439C4509D9DB19DF
S113C020511E9F4200D967E19C4500D864E1023A61
S113C030DB1961465B1AB3FBF4F14C434E461B1B00
S113C0404FF6FF7448431B0434401C43A04200D9FC
S113C050FCE0241A1004084300210A9B23B1EC409D
S113C0601C6000230A9A5360F0BCBB46B246A94642
S113C070A046F8BD8B4207D90A9B13B10A9B1860EE
S113C080596000210020EFE7180000F071FC010066
S113C090002855D1A34502D3AA4500D94AE1534605
S113C0A0EB1A5A469D42AD41A41A6D42621B90465A
S113C0B001200A9A002AD7D0136043465360D3E77D
S113C0C0002800D0CBE04FF6FF703B0C98460121CE
S113C0D0E41B3840B4FBF8F302005A43944642464A
S113C0E05A43A41A4A462404120C2243944507D9FD
S113C0F0D2195C1E974202D8944500D91DE1230051
S113C1006446121BB2FBF8FC644666466043444630
S113C11074434E46121B4FF6FF741204344014430A
S113C120A04208D96246E419013AA74202D8A042C3
S113C13000D9F9E09446241A1804634618438CE79E
S113C14020275B4652463F1A8340FA401A4353461F
S113C150944683402A009A46FA40230084402243AE
S113C160854091466246FB40A846150CB3FBF5F0AA
S113C1704FF6FF7414400200624393462A00424380
S113C1809A1A4B4612041B0C13439B4509D963446A
S113C190421E9C4500D9C5E09B4500D8C2E0023848
S113C1A063445A469B1AB3FBF5F255434E465D1B56
S113C1B04FF6FF7354432D0433402B439C4209D95B
S113C1C06344551E9C4500D9A8E09C4200D8A5E0D4
S113C1D0023A6344000410434FF6FF721B1B140021
S113C1E00440A34654465E4622405643B1465E464A
S113C1F0050C240C6A43654374434E46360CB3461F
S113C200A4185C44A24203D98022520293465D449E
S113C210220C4E4652194FF6FF752404354064191A
S113C22093426FD36CD00A9D75B145462C1BA04533
S113C230AD419B1A6D425B1B1A00CC40BA40CB4007
S113C2400A9922430A604B6000210DE7E4194B1E52
S113C250A74253D8A04251D90239E419F9E6202261
S113C2604946121A2300D140D3400A004946874068
S113C27081408946390C84408846B3FBF1F14FF67E
S113C280FF7022430C0038404443A44644464C43C8
S113C2901C1B2404130C23439C4507D9DB194C1E97
S113C2A09F423DD89C453BD90239DB1964461B1B90
S113C2B0B3FBF8FC9B46464663465E434FF6FF7A63
S113C2C033005E466446F31A564644431B04164044
S113C2D033439C420BD96246DB19013A9F421BD877
S113C2E09C4219D9022252429246DB19D4441C1BA7
S113C2F0634609041943EDE60A009AE61900A8E624
S113C300A04590D25546651BAC42A44164426444A6
S113C310121B01382C0086E79446E8E72A0059E707
S113C3202100C3E710003CE7022252429046E41980
S113C330C44400E700202B00BBE6023BD219DFE631
S113C34070B542004E024C0045026D0A120EC30F36
S113C350760A240EC90FFF2A0FD0FF2C0BD0012020
S113C360A24209D1B54207D18B420FD022B928008D
S113C370431E984100E0012070BD0120FF2CFBD139
S113C3803543002DF8D14B401800F5E70020F3E7C2
S113C39030B5420044024D02C30F4800640A120E35
S113C3A06D0A000EC90FFF2A12D0FF2807D0B2B9B8
S113C3B038B90DB3002C2AD14800013830BD1DBB5B
S113C3C00AB9002CF8D08B4205D158000138F5E7A2
S113C3D0D4B9FF2813D001205B421843EEE70028AC
S113C3E0F9D08B42F7D18242F5DCEEDBAC42F2D8D5
S113C3F00020AC42E2D2E8E7002CDFD0EBE71DB925
S113C4008B42E8D10020D9E702204042D6E78B4294
S113C410ECD0E0E730B5420044024D02C30F4800BF
S113C420640A120E6D0A000EC90FFF2A12D0FF28EB
S113C43006D0AAB930B915B344BB480001380EE0A0
S113C44065B90AB9002CF8D08B4215D001205B42A3
S113C450184304E014B9FF28F8D19DB1022030BD7F
S113C4600028F3D08B42F1D18242EFDC04DBAC42F2
S113C470ECD80020AC42F2D258000138EFE7002C8F
S113C480EDD0E3E700208B42E9D0DFE78B42EED02A
S113C490DCE7C046F0B546464F46D64643025B0A43
S113C4A0C0B59C461F00DE004B025A0A9046450068
S113C4B04A002D0EC40F120EC90F9B09FF2A25D066
S113C4C001204140A81A8C420FD0002800DC8AE1E8
S113C4D092BB002B00D19CE0421E012800D14FE109
S113C4E0FF2800D19BE010002CE0002800DC87E14D
S113C4F0002A00D182E0FF2D00D190E08022D204F6
S113C50013431B2800DCEAE001363FE02800FF3833
S113C5108246002B54D140F20109484641408C42E6
S113C52000D1C4E05046002800D187E00C00002D63
S113C5304CD0FF2000273AE0FF2D00D16FE080228D
S113C540D204134301221B2807DC2021091A1A00F4
S113C5508B40C240591E8B411A43B61A73016AD5E7
S113C560B601B709380000F003FA05388740854260
S113C57000DD7EE020223B00401B0130121A3E0009
S113C5809340C6405A1E934100251E43730704D0AE
S113C5900F233340042B00D0043673013AD5681CB2
S113C5A0FE2DC6D09B4BC0B233409B015F0AC00531
S113C5B03843E4072043E0BCBA46B146A846F0BD80
S113C5C08C4264D0D0B3002D00D0A3E0FF20F6B19C
S113C5D0471E012800D1E1E00C00FF2800D1CDE086
S113C5E001211B2F07DC2020C01B31008640F940AD
S113C5F0701E8641314315005E1AAFE74BB1421EEF
S113C600012800D1A0E0FF2809D0100079E70C0030
S113C6101E000500F3089C46FF2D00D09BE06346F6
S113C620002B00D185E780276346FF031F437F0269
S113C630FF207F0ABBE77307AAD1EBE7FE206A1C41
S113C64010421AD1002D77D1002E00D1AAE000208B
S113C650002BACD08022F71AD204174200D1BBE0E1
S113C66001249B1B0C4013429FD06A4A01301340A3
S113C6709BE7684E2D1A3E4088E7F71A7A0157D493
S113C680002F00D06EE70024002000278FE780B140
S113C690002D73D1FF20002EBAD0411E012853D0A3
S113C6A0FF286BD01B296EDD15005E1C6EE751461A
S113C6B059BBFE216A1C114233D1002D50D1002EEA
S113C6C000D186E00020002B00D170E7F318DF08CA
S113C6D07F027F0A5B0100D469E7012067E720211C
S113C6E0091A1A008B40C240591E8B411343F61895
S113C6F07301A0D50135FF2D00D11AE70123464A65
S113C7003340760816401E4340E7002D00D010E762
S113C710FF20C0E70C00C44681E7FE216A1C0A42E0
S113C720CDD0FF2A00D104E7F618150076082DE7CE
S113C73001249F1B0C4015E7E6BB002B45D1802745
S113C7400024FF20FF0332E7F61802257301D5D435
S113C750F3089C46012563465F027F0AE8B226E798
S113C76066B1002B00D15EE78023DB039C4500D239
S113C77059E7984500D356E7C44654E7C4464EE704
S113C7800125F61AEAE630002025C840691A8E40D1
S113C790711E8E4106431500F618A9E70C00012509
S113C7A09E1BDBE6002B00D16DE7012447460020E9
S113C7B00C40FCE6002B00D135E78023DB039C45CD
S113C7C000D230E7984500D32DE70124C4460C403D
S113C7D029E747460020EAE617B1BF017F0AE6E6EB
S113C7E000240027E3E6002800D127E7571B380080
S113C7F0002D00D1EBE68020C0040C000643EFE6D8
S113C80000288AD0511B0DB9080044E78020C004D9
S113C810064347E7FFFFFFFBFFFFFF7D41024200A6
S113C820C30F490A0020120E7E2A03DD9D2A02DD71
S113C830094A98187047802000040143952A07DCB0
S113C8409620821AD1404842002BF3D10800F1E728
S113C850963A9140F7E7C046FFFFFF7F70B598B165
S113C860C317C5185D40C40F280000F081F89E234B
S113C87001001B1A962B0FDC082831D008398D4093
S113C8806D026D0AD8B202E0002400200025C00524
S113C8902843E407204370BD992B15DC421F9540C3
S113C8A02A00150010480540560709D00F263240CB
S113C8B0042A05D004356A0102D59F2305405B1A7A
S113C8C0AD016D0AD8B2E2E70522121A2800D04061
S113C8D00A001B3295402A00551EAA410243E0E794
S113C8E06D0296206D0AD2E7FFFFFFFB70B50400CE
S113C8F070B100F03DF803009E20C01A96280CDCAD
S113C900082B2DD0083B9C406402640AC0B201E0AD
S113C91000200024C005204370BD992814DC5A1F50
S113C9209440220010490A40650709D00F252C4085
S113C930042C05D00432540102D59F200A40C01AA9
S113C9409201540AC0B2E5E71A0021001B3291405B
S113C9500A00511E8A410521C91ACC401443E0E75C
S113C96064029620640AD5E7FFFFFFFB7047C046C8
S113C9701C2101231B04984201D3000C10391B0A0B
S113C980984201D3000A08391B09984201D30009CF
S113C990043902A2105C40187047C0460403020226
S113C9A00101010100000000000000000D0A002048
S113C9B000554E4B4E4F574E5F5354415455530000
S113C9C0303A554E434F4E4649524D45445F4441DB
S113C9D0544100313A434F4E4649524D45445F4419
S113C9E041544100313A4F54414100303A434C41A3
S113C9F053535F4100313A434C4153535F42003239
S113CA003A434C4153535F4300383A494E38363524
S113CA1000313A4144525F454E41424C4544003056
S113CA203A4144525F44495341424C454400303AF0
S113CA30525353495F44495341424C454400313AAF
S113CA40525353495F454E41424C454400313A44A8
S113CA504359434C455F454E41424C454400303AAE
S113CA60444359434C455F44495341424C45440077
S113CA70554E4B4F4E574E5F4556454E545F494EAB
S113CA80464F5F5354415455530041434B5F524505
S113CA90434549564544004E4F5F41434B00204CAB
S113CAA06F52612053616D706C6520417070205627
S113CAB065722E002B52435644002C002B525353C4
S113CAC049002B4A4F494E004A4F494E5F41434368
S113CAD04550544544004A4F494E5F4E4F4E4345DE
S113CAE05F4641494C4544004A4F494E5F464149DF
S113CAF04C4544002B4C494E4B43484B004E4F5F32
S113CB00524553504F4E5345002B44455654494DBE
S113CB1045004C574656332E3130002A54583A00BB
S113CB202A52465057523A5374616E646279002A0D
S113CB3052465057523A57616B6575702066726F52
S113CB406D20436F6C64002A52465057523A576125
S113CB506B6575702066726F6D205761726D002A67
S113CB6052465057523A5761726D536C6565700066
S113CB702A52465057523A436F6C64536C65657041
S113CB80002A4343413A002A52583A00535441542C
S113CB9055535F4F4B0054585F54494D454F5554BE
S113CBA0005258315F54494D454F55540052583145
S113CBB05F4552524F52005258325F4552524F52C3
S113CBC0004A4F494E5F4641494C004A4F494E5F27
S113CBD04E4F4E43455F4641494C00444F574E4CDF
S113CBE0494E4B5F52455045415445440054585FAB
S113CBF044525F5041594C4F41445F53495A455F39
S113CC004552524F5200414444524553535F4641AA
S113CC10494C004D49435F4641494C004D554C54E5
S113CC2049434153545F4641494C00424541434FB7
S113CC304E5F4C4F434B454400424541434F4E5F8A
S113CC404C4F535400424541434F4E5F4E4F545F47
S113CC50464F554E44004255535900534552564988
S113CC6043455F554E4B4E4F574E00465245515526
S113CC70454E43595F494E56414C49440044415442
S113CC8041524154455F494E56414C494400465235
S113CC9045515F414E445F44525F494E56414C49B1
S113CCA044004E4F5F4E4554574F524B5F4A4F49D5
S113CCB04E4544004C454E4754485F4552524F52EE
S113CCC000524547494F4E5F4E4F545F53555050A5
S113CCD04F5254454400534B49505045445F4150D2
S113CCE0505F4441544100445554594359434C45C1
S113CCF05F52455354524943544544004E4F5F4399
S113CD0048414E4E454C5F464F554E44004E4F5F92
S113CD10465245455F4348414E4E454C5F464F554C
S113CD204E440043525950544F5F4552524F5200A3
S113CD3046434E545F48414E444C45525F4552521F
S113CD404F52004D41435F434F4D4D41445F455267
S113CD50524F5200434F4E4649524D5F515545552F
S113CD60455F4552524F52004D435F47524F555015
S113CD705F554E444546494E4544004D41435F4549
S113CD8052524F5200524144494F5F4641494C0070
S113CD90524144494F5F504152414D455445525FC1
S113CDA0494E56414C494400417661696C61626C5C
S113CDB06520726567696F6E206861766520746F9F
S113CDC0206265207365742077697468202B52454E
S113CDD047494F4E20636F6D6D616E642E00526142
S113CDE064696F2064726976657220696E6974691A
S113CDF0616C697A6174696F6E2069732066616918
S113CE006C65642E00506172616D65746572732087
S113CE10666F72204D616320496E697469616C6943
S113CE207A6174696F6E2061726520696E76616CD7
S113CE3069642E002B5258004C6F52617C5346009B
S113CE404257004746534B7C004E4F20414E5357A8
S113CE504552002B5245534554002B564552002B46
S113CE6053415645002B4C4F4144002B44455645F5
S113CE705549002B434C415353002B4445564144E0
S113CE804452002B4E45544944002B4150504555C3
S113CE9049002B4150504B4559002B4143544D4FB1
S113CEA04445002B53454E44002B4D5459504500E6
S113CEB02B524547494F4E002B53454E4448455845
S113CEC0002B414452002B52583144454C415900E7
S113CED02B4452002B46504F5254002B4443594389
S113CEE04C45002B43484445464D41534B002B448D
S113CEF045564E4F4E4345002B4150504E4F4E43E6
S113CF0045002B444F574E46434E54002B55504634
S113CF10434E54002B47454E4150504B4559002B2E
S113CF20444542554700EFF7F800000004000000B4
S113CF3008000000000000000900000004000000D8
S113CF400A000000040000000B00000000000000C4
S113CF500C000000000000000D00000005000000AF
S113CF600E000000040000000F0000000003000099
S113CF70000100000403000001010000050000009E
S113CF800201000005000000030100000001000090
S113CF900801000005000000090100000500000070
S113CFA00A010000050000000C0100000040000020
S113CFB00002000000000000010200000000000068
S113CFC00602000004000000070200000040000008
S113CFD008020000000400000C0200000404000029
S113CFE00D020000000000000E020000000000001E
S113CFF00F02000000010000000300000401000013
S113D00007040000000000000D09000000000000FB
S113D0100E0900001D0000002CCF000000000000DD
S113D02000001040FF031040000100000100000058
S113D03000000000FFFF00000008000004000000E2
S113D04001000000AB3A000000000000484E002040
S113D050030B0000B44C002040D0000064D000005A
S113D06054D00000FD7A000039790000997900005D
S113D070297A0000C10E000071110000910E000019
S113D080AD0E0000B10E0000B50E0000697800007E
S113D090397B0000B90E0000BD0E0000DD0E00005B
S113D0A0E10E0000E50E0000E90E0000ED0E0000A8
S113D0B001000000AB3A000000000000F85000201E
S113D0C0030B0000184D0020B0D0000064D0000015
S113D0D0C4D000000000000206000102000102DFCB
S113D0E002000000010000000700000020A107006A
S113D0F0010000000800000020A10700010000005A
S113D1000900000020A10700010000000A0000003F
S113D11020A10700010000000B00000020A107006F
S113D120010000000C00000020A107000100000025
S113D1300700000048E801000100000008000000AA
S113D14048E80100010000000900000048E801006F
S113D150010000000A00000048E80100010000008E
S113D1600B00000048E80100010000000C00000072
S113D17048E80100010000000700000090D003000F
S113D180010000000700000048E801000100000061
S113D1900800000048E80100010000000900000048
S113D1A048E80100010000000A00000048E801000E
S113D1B0010000000B00000048E80100010000002D
S113D1C00C00000048E801000000000050C300000B
S113D1D0A861000001000200080010002000000007
S113D1E00100000020D000000100000030D0000049
S113D1F0637C777BF26B6FC53001672BFED7AB7610
S113D200CA82C97DFA5947F0ADD4A2AF9CA472C0BA
S113D210B7FD9326363FF7CC34A5E5F171D8311527
S113D22004C723C31896059A071280E2EB27B27548
S113D23009832C1A1B6E5AA0523BD6B329E32F84C0
S113D24053D100ED20FCB15B6ACBBE394A4C58CFB8
S113D250D0EFAAFB434D338545F9027F503C9FA88C
S113D26051A3408F929D38F5BCB6DA2110FFF3D25A
S113D270CD0C13EC5F974417C4A77E3D645D19730E
S113D28060814FDC222A908846EEB814DE5E0BDB08
S113D290E0323A0A4906245CC2D3AC629195E4793F
S113D2A0E7C8376D8DD54EA96C56F4EA657AAE0899
S113D2B0BA78252E1CA6B4C6E8DD741F4BBD8B8A34
S113D2C0703EB5664803F60E613557B986C11D9E9A
S113D2D0E1F8981169D98E949B1E87E9CE5528DF11
S113D2E08CA1890DBFE6426841992D0FB054BB163D
S113D2F04C574656332E3130070001000000000021
S113D3000000000000000000000000000000000019
S113D3100000000000000000000000000000000009
S113D32000000000000000000000000100010100F6
S113D33000010000000000000000000000000000E8
S113D3400002104002000000000200000000000083
S113D35010000000F44C00207505000000000000DF
S113D36060D000008CCB0000B1CB000096CB000055
S113D370A1CB0000FDCA0000ADCB0000B7CB00007C
S113D380C1CB0000CBCB0000DBCB0000EDCB000019
S113D39006CC000013CC00001CCC00002BCC0000F9
S113D3A039CC000045CC000070CA000000001040D9
S113D3B00200000000020000000000001000000055
S113D3C0584D00206905000000000000D0D0000086
S113D3D08CCB000056CC00005BCC000096CD000046
S113D3E06BCC00007DCC00008ECC0000A2CC0000F1
S113D3F0B4CC0000C1CC0000D6CC0000E7CC0000C7
S113D400FCCC00000DCD000023CD000030CD000089
S113D41043CD000054CD000068CD00007BCD00005A
S113D42085CD000090CD0000B1C9000000000000CF
S113D430FFFF0000080000000000000002021D00C1
S113D4400000000000000000D4D000000300000031
S113D45000000100030000000000000000022100A1
S113D4600000000000000000E0D000000000000008
S113D470000001020100000000000203020100009C
S113D4800000030403020100000004050403020178
S113D4900000050505040302010005070000000063
S113D4A00000000007050504030207073333337344
S113D4B0F2F2F2F248E8010048E8010048E801000D
S113D4C048E8010048E8010048E8010090D0030062
S113D4D0000000000C0B0A0908070732581B000063
S113D4E0983A00001879000030F2000048E8010082
S113D4F090D0030020A107000000000010270000C6
S113D500204E000028A000000700000080D1000089
S113D5100100000074D10000060000002CD10000BE
S113D52006000000E4D00000090705030001020022
S113D53008060400841E0000093D0000127A000061
S113D54024F4000048E8010090D0030020A1070063
S113D55000000000B128000061510000C3A20000D7
S113D560040506030A020901080000000400000083
S113D57048E801000500000090D003000600000008
S113D580382007000300000030F200000A00000009
S113D59028A0000002000000187900000900000023
S113D5A0204E000001000000983A0000080000002E
S113D5B01027000000000000581B000005000000B8
S113D5C00201000304000000000000001F0000002E
S113D5D0C01200001F000000A81600001700000081
S113D5E0841C00000F000000E42500001E00000061
S113D5F0B42D000016000000083900000E000000E1
S113D6002C4C00001D000000685B000015000000A9
S113D610747200000D000000589800001C00000007
S113D62034B7000014000000E8E400000C0000001F
S113D630783101001B000000686E01001300000037
S113D64034CA01000B000000286202001A00000026
S113D65040DB0200120000003C9303000A000000BB
S113D660C0C204001900000060B3050011000000EE
S113D670382007000900000020A107000000000076
S113D68064CE8F33000000005000000084FE943309
S113D6900000000050000000E8E19D33000000009D
S113D6A050000000C194C100000000000000000010
S113D6B00000000007040000040100000D02000047
S113D6C004040000010000000C4000207D00FA006A
S113D6D0F40100000000000093CB000004000000EF
S113D6E0B1CB00000700000056CC00000800000089
S113D6F049CE000056000000810500000000000033
S113D700000000004154002B951D000000000000A3
S113D710000000000600000053CE000000000000DE
S113D7204D1E000000000000040000005ACE00005E
S113D7300000000000000000494000000500000057
S113D7405FCE000049420000000000004942000092
S113D7500500000065CE0000F12400003125000022
S113D76000000000070000006BCE000049320000FA
S113D770551B0000000000000600000073CE0000EE
S113D78000000000D51A000000000000080000009E
S113D7907ACE000000000000011B00000000000021
S113D7A00600000083CE00005925000099250000E2
S113D7B000000000070000008ACE0000C125000020
S113D7C0C10A0000000000000700000092CE000023
S113D7D079150000351B000000000000080000005F
S113D7E09ACE0000E975000000000000000000006F
S113D7F005000000A3CE00008D0B0000A91A000054
S113D8000000000006000000A9CE0000995C0000A2
S113D81000000000995C000005000000C2CA00007E
S113D82041150000951B00000000000007000000E7
S113D830B0CE000079760000000000000000000077
S113D84008000000B8CE0000F1320000B51B000053
S113D8500000000004000000C1CE0000C50A000062
S113D860E51B00000000000005000000BCCA000029
S113D8705D2E0000191F00000000000009000000D8
S113D880C6CE000065330000391F00000000000010
S113D89003000000D0CE00000000000000000000E3
S113D8A06977000008000000F4CA0000CD0B0000F6
S113D8B0591F00000000000006000000D4CE000044
S113D8C0CD2E0000111C0000000000000700000025
S113D8D0DBCE00000000000000000000197700000B
S113D8E00800000009CB0000DD3300000126000021
S113D8F0000000000A000000E3CE0000E940000040
S113D9006D1C00000000000009000000EECE0000C5
S113D910494100009D1C00000000000009000000B7
S113D920F8CE0000292F0000CF1C000000000000EA
S113D9300900000002CF0000732F0000FB1C000050
S113D94000000000070000000CCF0000C915000013
S113D9500D0B0000000000000A00000014CF0000BE
S113D960110B0000491C000000000000060000002C
S113D9701FCF00000300001700000001000000009A
S113D9800000000000000000000000007509000015
S113D99000000000ACD6000000030000001B0012D1
S113D9A0000000140000000000000000211400002A
S113D9B000000000C4D600000200000000000000C7
S113D9C0040000000200000000000000000000004D
S113D9D00000000000000000000000000000000043
S113D9E0000100000000000008E8014009E80140CF
S113D9F00AE801400BE801400CE801400100000086
S113DA0064CE8F33DCACBB3301000000180000008F
S113DA1080EE36000000000000000000000000005E
S113DA2000000000FA000000080A0C0D0E10121489
S113DA3015181A1B1D1E21240000000000000001FF
S113DA4000000002000000040000000800000010B4
S113DA500000002000000040000000800000001BC7
S113DA600000003600000206362E322E30004275C9
S113DA70696C7420776974682052656E657361738C
S113DA8020416476616E63656420466C65786962E2
S113DA906C6520536F667477617265205061636BA7
S113DAA06167652076657273696F6E20362E322E3B
S105DAB0300040
S107DAB4F8B5C046B7
S107DAB8F8B5C046B3
S107DABC410500001C
S107DAC01105000048
S10BDAC4ECE4FF7F0100000007
S903376D58
