S01200004C6F526153616D706C652E7372656342
S1130000884C0020D9B4000075100000AD830000B6
S1130010AD830000AD830000AD830000AD8300001C
S1130020000000000000000000000000AD8300009C
S1130030AD83000000000000AD830000390900001A
S11300400000000000000000350E00000000000069
S113005000000000350E0000000000000000000059
S1130060000000000000000000000000D176000045
S1130070000000000000000000000000000000007C
S11300800000000000000000ED0C00000000000073
S1130090A50D00000000000000000000E53900008C
S11300A0000000000000000000000000550D0000EA
S11300B000000000750C00000000000000000000BB
S10B00C000000000B57500000A
S11300C810B5094C1022002120000BF0B7FC074B97
S11300D81B7813B91333E3722373054B1B780BB9DD
S11300E80233A37310BDC046D45A0020F85A002026
S11300F8D05A002030B585B00400092240F29F2070
S113010801A904F0E9FD6B461D79002301A8AB425F
S113011814D1032B10D869465A1C0A716A465B002D
S1130128210A0532D1546A460632D45440F29F203B
S1130138092201A904F0D8FC05B030BD01004278B9
S113014889781202521802309442F5D00133DBB296
S1130158DDE7F7B500255F4B5F4C18605F4B40F255
S1130168E8310A205D701D7003F0EEFC0023E05EA8
S1130178290008F025FF40F2E831142003F0E4FCDC
S11301880023E05E012108F01BFF40F2E8310A2059
S113019803F0DAFC524C534B0122A36040F20533BE
S11301A8A380514B02210520E560DA70220000F09B
S11301B869FF04204D4B2360205607F029FA04F008
S11301C8A7FB280005F042FB494B1B78012B01D102
S11301D804F06EFC474B01210020185E012508F04D
S11301E8EFFE6B460024D91C2A009D200D7004F0F4
S11301F8B5FB414B20001D70404B414F1C70414BD7
S1130208414E1C70414B1C6005F020FB6B462A00D4
S1130218991C96200D7004F0A1FB6B4602229C8069
S11302288F2001A904F09AFB2000042104F072FD38
S11302384FF6FF71080008F0D1FC40F6AC00FFF758
S113024859FF40F68900FFF755FFFFF739FF3800DB
S113025805F01CF8300005F019F82D4B0222FB605C
S11302682C4B01A9F3602C4B17201C706B469C8007
S11302783C607C603C723C6134607460347234610C
S113028804F000FD6B465A790334511013002940D9
S1130298A9402B400B439110294089000B43D110EE
S11302A82940C9000B431111294009010B4351117D
S11302B82940921149012A4092010B4313436A468B
S11302C812792A401202134303B91C0008F046FBB2
S11302D82000FEBD3C5C00200C5B0020395C002043
S11302E8FC5A0020691B0000006000405543490087
S11302F8F85A0020E45A00200F4000200D5C00202A
S1130308245C00200C5C0020105C0020085C0020A9
S10F0318B5580000D1580000385C0020EB
S1070400FFFFFFFFF8
S1070404F7AFC1FF8A
S1130440382007003C930300010000000101FF0174
S1130450884D002000100100818280018485830280
S1130460878886038A8B890408078D0000000000B2
S113047003000000646000203C40002000000000F5
S113048064600020CC600020346100200000000083
S11304900000000000000000000000000000000058
S11304A00000000000000000000000000000000048
S11304B00000000000000000000000000000000038
S10B04C0000000000000000030
S11304C844F2880044F28803C2F20000C2F2000336
S11304D810B5834205D040F20003C0F2000303B113
S11304E8984710BD44F2880044F28803C2F2000021
S11304F8C2F200031B1A9A10D90F8918491010B5B3
S113050829B140F20003C0F2000303B1984710BDBB
S113051810B544F6A044C2F20004237873B9FFF777
S1130528CFFF40F20003C0F200032BB140F20840B1
S1130538C0F2000000E000BF0123237010BDC046D4
S113054840F20003C0F2000310B54BB144F6A441D5
S113055840F20840C2F20001C0F2000000E000BF0F
S1130568FFF7C0FF10BDC0460122014B1A70704747
S11305787D5C00200122014B1A7070477C5C0020CE
S1130588064B82B21B68012A03D80022D8701A804D
S1130598704740F200421A80FAE7C0461040002033
S11305A80020044B1B6803B9704701301B6800B274
S11305B8F9E7C046844D002010B570B1094A0A23F2
S11305C8D45E002311689C4207DD814206D111895B
S11305D80131118100215268D15410BD01331BB27D
S11305E80C31F0E76C5C0020002210B50260013A7F
S11305F80A80074A0300106840B10468146042681E
S11306081A600822835E0B80FFF7D6FF10BDC04630
S1130618844D002002001F205AB1012308490868AC
S1130628824207D98868824204D8054ADB009B18AD
S11306381879704701330831172BF0D11F20F8E7D8
S1130648ACDA0000034B00201B78082B01D8024ABF
S1130658D05C70470F400020A0DA000070B50D4B45
S113066801005B7B01203BB10B4B0C4A48331D78DE
S11306780023AB4201D1002070BD107930B1146859
S11306886668B14202D3A468A142F5D90133DBB24A
S11306980832EEE7D45A0020385A0020045A0020C1
S11306A8154B00B5185C0A2823D80BF03FFE1E161C
S11306B81612060D22221A161200002001230B39E5
S11306C88B424041C0B203E00C394B425941C8B295
S11306D800BD002002230A39F2E700200323093968
S11306E8EEE7002004230839EAE700200523073948
S11306F8E6E70020ECE7C04644DA0000014B18881E
S11307087047C046005A00204A425141094A4942AA
S1130718114042F2107289180300C8430A2B07D803
S1130728054AD35C054A9B009B58C81803B9C843BB
S11307387047C046F0D8FFFF44DA0000C0D9000073
S113074803000D48D200125830B5546802209C4268
S113075811D895689D420ED3D2681B1BB3FBF2F4E3
S113076854431D1BA34206D12800012A03D08A4200
S113077892415242500030BD045A00200300002028
S113078882B00190D1B142F20F7291420CD840F27A
S1130798E73291420AD9013242F210700192019A69
S11307A8401AB0FBF2F0584302B070476422632940
S11307B8F2D80A220929EFD80122EDE70121FBE743
S11307C8F0B5059C1D00002849D1294B29481B7800
S11307D8C35C1E1C5BB28B4200DD0E1C264F70B23C
S11307E8BC466670254E830099590127614504D09B
S11307F8234FC9194F4279414F00A021A7700728F8
S113080806D02049F3580F5C1F49B940B1FBF3F1F6
S113081840F2E836131F4B4375435B195B001BB169
S11308284D1EEB18B3FBF1F39A4200D21A008B0069
S113083851430025A26009B101314D0840F2E83165
S11308485B1B01D5114D5B1993FBF1F3E36007289A
S113085805D03F2A04D8531CFE221340A360F0BDE0
S1130868F8210B00F72AF9D8073213000B40F5E7F3
S11308787056002080D9000090D0030058D9000099
S1130888E05EF8FF78D9000040420F0019FCFFFF32
S11308980423024A11780B431370704794530020C1
S11308A80123024A11780B431370704794530020B4
S11308B840F28823044AD35C23B10223034A117803
S11308C80B4313707047C046C05300209453002054
S11308D8044B10B5FC331B6D13B1DB6803B19847A7
S11308E810BDC046C0530020082310B5034A117830
S11308F80B431370FFF7ECFF10BDC046B85300203C
S1130908042310B5034A11780B431370FFF7E0FF73
S113091810BDC046B8530020022310B5034A11780D
S11309280B431370FFF7D4FF10BDC046B853002023
S1130938704700000379012B01D1014A13707047F5
S1130948EC510020002382B00193054BDB88C01AC8
S11309581E2380B243430193019880B202B07047CA
S1130968FE260A4010B5042401210748074B827962
S11309781975A243827100220020197000211A619E
S11309889860D9609A8310BD00380A40405C002002
S11309980200811C002010B51378000184B21800ED
S11309A83038C0B2092805D918006138052806D896
S11309B8573BD8B2013220439142EDD110BD180003
S11309C84138052801D8373BF3E74FF6FF70F5E7C0
S11309D8F0B500230500CC5CA4462609340067461C
S11309E830349F2F00D907340F262C70CC5C344048
S11309F826003036092C01D93734260001339CB23D
S1130A086E7002359442E6D30023520092B28354A6
S1130A18F0BDF0B587B003900191029213B9042098
S1130A2807B0F0BD019A54009C42F8DB00252E0063
S1130A38E41A24B205AFD4B9029A6B1C525D1DB2F4
S1130A483A700024029B6A1C5B5715B238007B700D
S1130A58FFF79EFF4FF6FF739842E0D0039B98552B
S1130A680136019B36B2B342E5DC0020D8E73023D7
S1130A78A4B23B70012CE4D0023C302324B2E5E755
S1130A880420704713B5FFF78BFDC0B2012801D0CD
S1130A98042016BD6B469C1C210001A8FFF7A4FD89
S1130AA80023E25E012AF3D1019B1B785BB2302B51
S1130AB805D10022044B3F3300201A70E9E7312B9B
S1130AC8E6D1014B3F33F7E78451002004207047F7
S1130AD830B585B0FFF764FDC0B2042401281AD1EB
S1130AE86B469D1D290002A8FFF77EFD2B8803ADE8
S1130AF821002800029AFFF78CFF040058B96B788C
S1130B082A781B0412061A43AB781B021343EA78AB
S1130B181343024A1360200005B030BD945A0020E4
S1130B28030030B541180A2400208B4200D130BD9F
S1130B3800229A566043303AD5B20133092D01D8C0
S1130B481018F2E701204042F1E7000013B5FFF75F
S1130B5827FDC0B2012801D0042016BD6B469C1C99
S1130B68210001A8FFF740FD0023E15E0129F3D12C
S1130B780198FFF7D5FFC0B208B10128ECD1024BA8
S1130B883C3318700020E8E78451002013B5FFF7C0
S1130B9807FDC0B2012801D0042016BD6B469C1C79
S1130BA8210001A8FFF720FD0023E15E0329F3DCFF
S1130BB8002301981AB2914212DCC9B20029EBD081
S1130BC8FFF7AEFF431E9BB2DF2BE5D8C0B2431E2E
S1130BD8DBB2DF2B02D8054B3D3318700020DCE76D
S1130BE8C25C0133303A092AE4D9D5E7845100209C
S1130BF8704700207047704770470000502210B5B6
S1130C08034904480BF0D5F90322034B1A7110BDAC
S1130C1834D7000084510020D8500020024B1878A3
S1130C2843425841C0B27047D451002002001B23EC
S1130C38C0094042184052005040C0B270470A23CD
S1130C4870B58360036C0100013303640300083347
S1130C58DC6FC268A36820685D6840310823A84730
S1130C6870BDEFF30380103840B2704730B585B0DB
S1130C78FFF7F7FF124B8000C5586A68D3695978A3
S1130C88002304391C00022905D8137C0D495B0094
S1130C985B5A02349BB2E96879B12D6901A80471E1
S1130CA80195022C07D1127C064C90325200125B3B
S1130CB8120401329B188360884705B030BDC046D2
S1130CC8B04D002000260A401FB5436A4BB1846822
S1130CD82478029169460A71826A009468460392EC
S1130CE898471FBDF8B5FFF7BCFF174B8000C058E5
S1130CF8437CC6685B00F6183500FE356C8A836948
S1130D08A4B29BB18268D26882B90178426959B1A8
S1130D18178801315218013B3780426183610BB94E
S1130D2801339C436C82F8BD1778F2E700234361D2
S1130D3801331C42F5D16B8899B2002BF2D10222FF
S1130D48FFF7C2FFEEE7C046B04D002010B5FFF72D
S1130D5888FF114B8000C058437CC2680133DBB262
S1130D685B00995A036A89B223B90422C361FFF765
S1130D78ABFF10BD0278C36952B119800233016A0E
S1130D88C361013901620029F3D10122C161EEE78F
S1130D981970C3690133F2E7B04D002070B5FFF74D
S1130DA860FF114B8000C0580126437CC46801339E
S1130DB8DBB25B00E4182188FE34628889B2130030
S1130DC895B23340324207D102231D4209D1DB18C0
S1130DD810221D4201D170BD20226381FFF774FFE8
S1130DE8F9E70822F9E7C046B04D00204368826855
S1130DF81B785B009B5A02699BB20AB18169535400
S1130E0883690133836170470123C8B2834000209A
S1130E189BB20AB918001300034A090A4901891840
S1130E28088100204B81704700000A4007B5FFF78E
S1130E3818FF064B8000C3583BB19A682AB1597908
S1130E48DB68684601910093904707BDB04D0020C8
S1130E5840F21A23044A0020D35A812213405A1E0E
S1130E6893410B707047C04600C07E40062070470F
S1130E7806207047062070470620704706207047F2
S1130E880A0010B5034B11CB11C2034B11CB11C28D
S1130E98002010BD2CD6000024D600000620704780
S1130EA806207047062070470620704706207047C2
S1130EB8C36A0D4A10B59A180133C362036B816A79
S1130EC8013B0363094B4C1C84621800140CFE306C
S1130ED892B2448242811A000978FC325163812219
S1130EE8FF335A7510BDC0460000F0BD00C07E40F7
S1130EF84143032903D9890801390029FCD17047E2
S1130F08254A03001268254810B5254982420BD8A2
S1130F188A4209D02348824206D02348824203D019
S1130F2840F2F610DA6010BD2048214C1218B2FBCA
S1130F38F1F10800A24202D901200840081840F241
S1130F488352D86006204A43B2FBF0F21A6140F299
S1130F5876324A43B2FBF0F25A6158224A43B2FB52
S1130F68F0F29A61134A99604A43B2FBF0F2DA61EB
S1130F78114A4A43B2FBF0F21A62104A4A43B2FBDE
S1130F88F0F25A620E4B1A78012A03D001221A7021
S1130F98FFF7AEFF0020C6E7AC4D0020FF083D0078
S1130FA840420F0080841E00C0C62D003F420F003F
S1130FB83F8AF701B86A0500C0B0070068ED22004F
S1130FC890C07E4044F6003313B5A522019340F245
S1130FD88013F7210F4CE2500F4B9D3A5A70597009
S1130FE85A705B78934200D1C04681681020FFF79D
S1130FF87FFF40F21A22094BA352A35A98B203B9AD
S113100816BD019B1BB1019B013B0193F5E714201D
S1131018F6E7C04600C07E40FFC07E4000AAFFFF3E
S113102813B5104901900B6B5B0612D57F240E4B48
S11310385A7D22405A7500225A7501900B6B5B0643
S1131048D80F002B08DA019B2BB1019B013B0193BC
S1131058F4E7019B0BB9142016BD019B013B0193D6
S1131068E1E7C046FCC07E40FFC07E40044940F230
S113107840100A00FE32538C095A0B4053867047BD
S113108800600040F7B5FF27019283080A4A032647
S11310989B009B183A0040F200350640F60089018F
S11310A8B2403940B1405C59800094430C435C51D0
S11310B8019A024B1A50F7BD00E100E0B04D002040
S11310C81F22430910401E3A8240044920339B00E2
S11310D85A50BFF34F8FBFF36F8F704700E100E0A2
S11310E8002310B503604368112018560300213308
S11310F801D0FFF7E5FF002010BD000010B5034B39
S11311081B689B780BB10AF039FF10BD1040002012
S1131118F0B50A0085B020B1012839D0002005B007
S1131128F0BD4B490B00EC331C680B00BA3318882C
S11311380B00BF331B78C1315D1EAB410978C00871
S113114801391B18481E814149008918DB001833EE
S1131158C900591840F2E8334B43621E9B1841F604
S11311685732B3FBF4F3012094420FD840F6B73258
S1131178001894420AD840F2CF720130944205D83C
S113118840F2E7320430944200D90238C018C6E766
S11311982F4B00201900F931097801900A2902D847
S11311A82C48415C01911900F8310E781900C431BA
S11311B818000F881900FA331B78C6310433C83075
S11311C8097804780393731F012B04D83B1C0C2F54
S11311D800D20C239FB2631E9C41D2002401A418A0
S11311E84A4251411423B50049420B40641BE41898
S11311F8B31E0293062E07D9310001980834FFF76D
S11312084FFA08B1B31E9D00E343DB171C40641971
S1131218013C94FBF5F5039B6B43DA1913000E3379
S1131228062E00D9023B0C4A0199525C0A2A0ED8B0
S11312380A49920052589B00029901338B4040F2AC
S1131248E8305843531EC018B0FBF2F067E7FFDEDE
S11312580C5B00200CDA000044DA000018DA000005
S1131268F7B500921A000B32019203260269019D18
S1131278C468AD18B5434669B54214D8050050355D
S11312882980010048310B800300141B4A331C8059
S113129802238360009BC364686B836800685C688E
S11312A80423A047FEBD022242600266020088327F
S11312B8156886692A199446B7683268D719BC45EF
S11312C800D0624644663469AD18C2604561A142E3
S11312D805D8083202618AB202674267C5E7FFF798
S11312E8AEFCDFE710B5094B012806D1084AC7331D
S11312F81170197007F008FC10BD1A00BF3212787B
S1131308002AF9D1024AC0331170F2E70C5B0020BD
S11313180E40002010B5044B1420185E07F042FE5E
S11313280128F8D010BDC0460C5B002007B56B46F9
S1131338D87107330121180007F0FCFD07BD000030
S1131348030070B572B6BFF34F8FBFF36F8F007988
S1131358082809D888B3013807282ED80AF0E6FFE8
S1131368706E2D0D2D2D2D0B0300EF22103B134213
S113137801D0402821D1334B53E09C68324B1B7871
S11313885BB2D3B10623314AD356012B15D00223BD
S1131398D05E0023D15E0425525F431C93FBF2F513
S11313A86A439B1A1BB2E4B28B420CD1082C04D1B9
S11313B807F0B0FC2000FFF7A1FE62B6BFF34F8F21
S11313C8BFF36F8F70BD2300613B192B05D8203CF8
S11313D8E4B2200007F05AFC29E00A2C06D00D2CB0
S11313E818D0082C1FD0202CE7D0F2E7200007F0F3
S11313F84DFC2000164CFFF781FE2378002BDCD02F
S113140807F088FC07F086FC0122124B1A700023AF
S11314182370D2E7200007F039FC2000FFF76EFEA6
S11314280B4B012208E0884204D007F073FC20002B
S1131438FFF764FE0022064B1A70BEE7064BF0E77E
S1131448064BEEE720520020E4510020D85100203A
S1131458D5510020D4510020E5510020215200200C
S113146813B5FFF79DF8C0B201281CD16B469C1C2C
S1131478210001A8FFF7B8F821780423019899B14D
S1131488FFF74EFBC0B206280AD0163804230828F2
S11314980AD80AF04BFF0B0D0F1313131313110083
S11314A8002008F03BFA0023180016BD0B20F8E7CB
S11314B80C20F6E70D20F4E70A20F2E70423F3E70B
S11314C813B5FFF76DF8C0B2012801D0042016BD8A
S11314D86B469C1C210001A8FFF786F80022A35E36
S11314E8012BF3D1019A127852B2312AEED1064A6D
S11314F8917A9372012901D10020E8E7034A137114
S113150807F01EFFF8E7C04684510020D850002099
S1131518272310B588B001AC2000237007F07AFDAA
S11315280298052180B206F03FFF002008B010BDE4
S113153800B589B06A462D2301A8137107F06AFD26
S11315486B460221187A06F02FFF002009B000BD6F
S113155810B5044B03213D33187806F025FF00200D
S113156810BDC0468451002010B586B0FFF718F8A6
S1131578C0B20424012810D16B469C1C210001A888
S1131588FFF732F823881021019A02A8FFF741FADD
S1131598040010B902A807F0B9FC200006B010BD79
S11315A810B5044B186820B102681A60FFF704F8F4
S11315B8F7E710BD844D0020002307B520BB009039
S11315C80878212816D8C8B10138202816D80AF076
S11315D8ADFE171D151F151A1515151515152F38D8
S11315E81515151515153B15151553555759151575
S11315F815152100382847D039284AD000980EBD3F
S1131608CB78002BFAD002230093F7E78B78F8E71E
S11316180723F9E701238A78CB561AB92BB1013B82
S1131628DAB202E01A00022BF9D152B20092E5E7CD
S113163801238A78CB5612B9174AD35CE4E7174AD0
S1131648FBE7174B1B78DFE7164A174B11684B4328
S113165843F239015B181360144AB3FBF2F2D10761
S11316688A1A9B1A40F2D17293FBF2F14A439B1AED
S113167840F2E8329B18C7E70D4BC5E70D4BC3E7AB
S11316881023C1E70C4BBFE76A460C4B1B88138039
S1131698B4E70B4B1B68B7E7B8D90000B0D9000012
S11316A80C400020084000206D4EC641FFFFFF7F1C
S11316B8585700205A570020785600205C570020BD
S11316C86057002010B50400FEF7C8FF70B1084B3E
S11316D8084A1B78DB009958002210008C4205D375
S11316E804495B185B68A3425241D0B210BDC0469E
S11316F87056002030D90000030010B50020C3B98B
S1131708501F052840D80AF011FE031E253F3B3B15
S11317181E4A1F4C12788878A45600228A5648B963
S1131728002A04DBD00FE31794425841C0B20123C6
S1131738184010BD012A04DDD30FE11794424B4130
S1131748DBB20120F4E7002005220B789A424041DD
S1131758C0B2EEE7002248788A560C490D4C097845
S1131768615630B9002AE2DBC817D30F91425841B9
S1131778DCE7012AE5DDCB17D00F91424341DFE7CF
S1131788002007220B78E1E70020D2E770560020FA
S113179880D9000080D9000040F28C23054AD35830
S11317A8E0331B78022B00D0062340F288215354DF
S11317B87047C046C0530020094B1A78012318000B
S11317C81A420BD1074A1100FC31896C31B940F235
S11317D88A23D05C0138431E9841C0B27047C04682
S11317E8B8530020C05300201FB540F28C23084A88
S11317F802A9D3581A00FF32527F48708A700D220A
S113180818780A70FFF7D8FEC0B205B000BDC0460C
S1131818C0530020F0B585B0FEF714FF0138C0B2FC
S1131828012839D940F28C261C4C1D4FA559290092
S11318382A002B00FF31497EF03228781278EC33E5
S1131848009749B21B680397FEF7BAFF40F2F217F4
S11318580223E355B333FF33EA5C3F33E2540022F7
S1131868023BE25404F0D0FA04F03CF8A359E13303
S1131878187803F07BF9A3591D786DB9039806F01D
S1131888E3FF48B1280004F017FD40F28823E25D25
S1131898E25408B106F09AFD05B0F0BDC05300202B
S11318A8A0550020F8B540F28C2334490200CB58E7
S11318B81C00E034207818B102284FD00320F8BD6A
S11318C842B91A000D331532FF32FF3303CB03C27A
S11318D80020F4E70220012AF1D00130022AEED1D7
S11318E8227008000C00E130CD34FF30FF34E0CC26
S11318F8E0C060CC60C040F2F2100A541A00002024
S1131908503254782CB31478022C22D124221C008F
S113191842439A18106EFC34A06164321278FF3383
S11319285A7640F211228C5C313A8C540432885035
S11319389A7F40F2F013CA5403220233CA54002295
S1131948013BCA5440F210230022CA54FFF762FF35
S1131958BEE7013024320428D3D1F3E73AB9227020
S113196803F0C0FF04F0F8FAFFF716FFB0E7012A06
S1131978A5D00320022AA2D1AAE7C046C05300205A
S1131988002330B50360CD5CDC00A5400468013356
S11319982C430460DCB2A242F5D830BD0300002019
S11319A8112B03D80248D840012318407047C04679
S11319B82007020070B50C4CE268137D2BB11500AA
S11319C86368A46810359C4200D170BD1E788E42AD
S11319D805D0AB4201D11300F5E70433F3E7012244
S11319E858709A70F1E7C0468053002070B50B49CF
S11319F8CA684B68147D507564B114000125896860
S1131A081034DE78587006B99D70A34203D11300D0
S1131A189942F6D170BD0433FAE7C04680530020DA
S1131A280B4A30B553689168D2681400103499424F
S1131A3804D100235A1E9341D8B230BD1D78854283
S1131A48F8D0A34201D00433F1E71300EFE7C0460E
S1131A5880530020EFF31080012383F31088064B92
S1131A68196819B9054A1170403111701A680132A0
S1131A781A6080F3108870477052002040030A40AF
S1131A88EFF31083036072B6704710B52120FFF797
S1131A9817FB1D20FFF714FB10BD70B50D001400D3
S1131AA82800A1B207F046FA0028F9D1200070BD39
S1131AB8114BF7B518780D0091B2C14000270F4CAF
S1131AC80F4E01918020277080023770217859B118
S1131AD80199DD61196294B22800A1B207F02AFACB
S1131AE80028F9D12000FEBD31780029EAD1013857
S1131AF80028EBD1E6E7C046F4510020215200202B
S1131B0820520020054B012800D118601A68D2071A
S1131B1802D51A68104318607047C0466C520020FA
S1131B28044B10B51B68DB0702D50220FFF7EAFF58
S1131B3810BDC0466C52002010B572B6BFF34F8F6B
S1131B48BFF36F8FFFF7ECFF0122044B1A7062B6E4
S1131B58BFF34F8FBFF36F8F10BDC046385C0020B2
S1131B6810B5FFF7E9FF10BD034B01201B6810B542
S1131B7803B1984710BDC046F051002010B50400C9
S1131B880020205600B910BDFFF7D0FB0134F7E759
S1131B9810B50A4B1C68E37813B10948FFF7EEFF48
S1131BA81422A188074B4A431B689B181869FFF73E
S1131BB8E5FF0548FFF7E2FF10BDC04610400020CE
S1131BC8ACCE0000785C0020CBD0000010B50248F1
S1131BD8FFF7D4FF10BDC046ACCE000010B504001A
S1131BE8FFF7D6FF0448FFF7C9FF2000FFF7C6FF39
S1131BF8FFF7ECFF10BDC046AFCE000010B530B102
S1131C08152805D8034B8000C058FFF7E7FF10BD1F
S1131C180148FAE714D80000B1CE00001F4B73B591
S1131C281A003C333D3214781D78FEF7B9FCC6B26D
S1131C38012E2ED16B4601A8991CFEF7D5FC6B46E4
S1131C4802215B5E019A012B23DD002151562229D2
S1131C581FD13100501C5656222E16D10AB2013B10
S1131C689A4216DB6B46013989B2598089B12B0037
S1131C782200C9B206F0D4FB68B9094B1B689A88DC
S1131C88084B1A80084B188076BD01310EB29E426B
S1131C98E1DB0420F8E7FFF7B1FFFAE784510020FD
S1131CA810400020E4500020E6500020224BF0B5FC
S1131CB81A003D32127887B003923C331B7805A88A
S1131CC8029304AB9C1C2100FEF78EFC0023E55E06
S1131CD8059EABB2012B02D8042007B0F0BD012247
S1131CE82C0014401542F7D1D3404FF6FF770193E7
S1131CF860003018FEF74CFEB842EDD00F4B019A45
S1131D08E31801341870A3B29342F1D3E90F4919C7
S1131D184910029B039A0948C9B206F081FB10B125
S1131D28FFF76CFFD8E7064B1B689A88054B1A80A7
S1131D38054B1880D1E7C04684510020D64E0020B8
S1131D4810400020E4500020E650002010B5074B56
S1131D583C331B7823B10420012B05D1044800E04F
S1131D680448FFF73BFF002010BDC0468451002003
S1131D78D3CE0000C0CE0000062310B588B001AC55
S1131D882000237007F046F9029B04221BBA694617
S1131D9820000093FEF71CFE2000FFF71FFF002021
S1131DA808B010BD052310B588B001AC200023701D
S1131DB807F030F96946029B20001A0C0A701A0AC7
S1131DC84A7003228B70FEF703FE2000FFF706FF1C
S1131DD8002008B010BD000010B5054B04209B7A04
S1131DE8012B03D10348FFF7F9FE002010BDC046BC
S1131DF884510020E4CE000000B589B000236A466F
S1131E0801A8137107F006F96B461B7A2BB907482A
S1131E18FFF7E4FE002009B000BD012B01D10448FE
S1131E28F6E70420022BF6D10248F1E7EBCE0000D6
S1131E38F5CE0000FFCE000010B50E4B187A0D2821
S1131E4815D80AF073FA0714141414141414141477
S1131E58120C0E100848FFF7C1FE002010BD0748F9
S1131E68F9E70748F7E70748F5E70748F3E70420E1
S1131E78F4E7C0468451002009CF000018CF0000C1
S1131E8828CF000038CF000048CF000000B589B043
S1131E9804236A4601A8137107F0BCF86B461B7A41
S1131EA82BB10448FFF79AFE002009B000BD024890
S1131EB8F8E7C04657CF000065CF000010B5074BC0
S1131EC83F331B7823B90648FFF788FE002010BD6E
S1131ED80420012BFBD10348F6E7C04684510020B7
S1131EE874CF000084CF000000B589B043236A464C
S1131EF801A8137107F08EF86B461B7A012B05D1E4
S1131F080548FFF76BFE002009B000BD0420002B34
S1131F18FAD10248F5E7C04693CF0000A4CF0000E9
S1131F281FB5074B04221B6869461BBA01A8009316
S1131F38FEF74EFD01A8FFF751FE002005B000BDD5
S1131F48945A002000B589B06A464B2301A813713E
S1131F5807F060F86B466A461B8969465BBA1380CA
S1131F6801A80222FEF734FD01A8FFF737FE00207E
S1131F7809B000BD4C2310B588B001AC2000237013
S1131F8807F048F86946029B20001A0C0A701A0ADE
S1131F984A7003228B70FEF71BFD2000FFF71EFE1C
S1131FA8002008B010BD522310B588B001AC200041
S1131FB8237007F02FF8029B04221BBA69462000FD
S1131FC80093FEF705FD2000FFF708FE002008B087
S1131FD810BD532310B588B001AC2000237007F05E
S1131FE819F8029B04221BBA694620000093FEF7E5
S1131FF8EFFC2000FFF7F2FD002008B010BD000040
S1132008124B10B51B88012B08D0114B114A1B68C1
S113201812889A80037813B1012B0ED010BD43782F
S11320281BB90D48FFF7DAFDF8E7102B03D80B4A64
S11320389B009858F6E70A48F4E743781BB90379F4
S11320480BB10848EEE70848ECE7C046E650002024
S113205810400020E4500020D9D00000A8D7000088
S1132068B6CF0000D0CF0000DDCF000013B5FEF7D7
S113207897FAC0B2012834D16B469C1C210001A8F0
S1132088FEF7B2FA0023E15E01292AD10198FEF78E
S113209847FDC4B2012C1CD9072C22D11248FFF7E2
S11320A86DFDFFF793FD072C05D109F0F5FA09F04A
S11320B8DFFAFEF7A3FD72B6BFF34F8FBFF36F8F3E
S11320C8BFF34F8F094B0A4ADA60BFF34F8FC046FC
S11320D8FDE7002CE2D1074B187A07F01FFC20001B
S11320E816BD0424FBE7C046D9D0000000ED00E08B
S11320F80400FA0584510020F8B506000C000F27E7
S11321084D1EAD003000E8403840092808D830306A
S1132118013CE4B2FFF70AF9043D002CF2D1F8BD02
S11321283730F5E710B5FFF733FD0948FFF726FD0B
S113213802210420FFF7E0FF0648FFF71FFD902067
S11321480221FFF7D9FFFFF741FD002010BDC0466B
S1132158E4CF000049D30000F7B505000E00019252
S1132168002803DA2D20FFF7E1F86D4201230A2243
S11321781C00B34204D101260A27002C04DCF7BD55
S113218801335443DBB2F4E7012C00D1002695FB5C
S1132198F4F292FBF7F37B43D31A00936B46187857
S11321A8012E0DD160B9019B13B11800FFF7BEF8D9
S11321B8FF22009B1340634394FBF7F4ED1ADCE71A
S11321C8303040B2FFF7B2F80026F1E7002310B52B
S11321D8934200D110BDCC5CC4540133F8E703002A
S11321E8F0B5D433040018680E00150087B048B35E
S11321F810231B1A1F000093934200D917002300D1
S1132208C133BAB2181831000193FFF7DFFF220077
S1132218D4321368FB1813600F2B1DD9009BAB42F3
S11322281AD22000B13003001A78197C4A401A7077
S1132238019A01339A42F7D12200010006F0D0FD39
S1132248F619ED1B2000C130102D07D83100AAB2B1
S1132258D434FFF7BBFF256007B0F0BD2700B137C2
S11322683B00009600991A7809784A401A70009A37
S11322780133013200929842F4D11022390002A8A5
S1132288FFF7A4FF02A90800220006F0A9FD102206
S1132298380002A9FFF79AFF1036103DD2E7000074
S11322A870B50C008AB030BB6A46642390721381FF
S11322B80023002204920593069207930892099337
S11322C80B79042B17D818000AF030F817561503A1
S11322D871004B4B64211A00C03211801A0000208F
S11322E80021C832106051601A00D833D03210600F
S11322F85160186059600AB070BD424D4E79424B26
S11323082022280002A91E70FFF760FF03233F491B
S11323183F486B8406F01EFB55235B42AB843D4A61
S11323285A33AB62043B13700222227240F6B8326D
S1132338E26040F2E832226140F2D072626141F216
S11323488832A26141F270720021E261E218E380EE
S1132358D177314AB600B158304A521A626240F213
S11323680212228522002A3213702D4BF358E3629D
S11323782C4B23632C4B6363214A11001000E0317A
S1132388E2300B88008803430B801100274B31CBC4
S113239831C170CB70C11C4B1F491B789B00595825
S11323A81E4B5B1A1360224B5B1AD360A3E7164AD1
S11323B810780138032820D809F0B8FF021B031D40
S11323C809236A460820911D0B7002F0ABF86B468E
S11323D8591D104B06201B785A1E93410B7002F0AE
S11323E8A1F86B46D91D002309200B7002F09AF856
S11323F881E70323E5E70523E3E70223E1E7C04692
S11324087856002038570020705600205A5700206C
S1132418585700200C4000209CD9000000EA0637D9
S113242888D900009A9909404000200064DB000024
S113243840F7093740F28C23F0B5374C0025E358B0
S113244840F2B4111A00E4325D54156040F20C22D3
S1132458012032498FB0A150E03A9D546432985219
S11324681A0018009988E8321180991DC97F17321B
S11324789172996AFC30016119002C310978517400
S1132488190015323031C0C9C0C2198F0126118014
S1132498DA6B42621A6C82621A004432117840F292
S11324A828129954E832A554813A9D542D329D54EA
S11324B86A466946167100951878FFF7F1FE40F2EE
S11324C81123E5547B33E2585F3B1100FF3BD5549D
S11324D89E33E554FC31086940F2D0116050110074
S11324E8FF31887F40F2DC116054891965548919D9
S11324F866542A39515C40F2DF12A1542200E132B9
S11325081B19FF3223CB23C203CB03C240F2F213BD
S11325180222E2540FB0F0BDC053002000010100B4
S1132528F0B59BB007930C2306920591C3564268F5
S113253801930D23C35604000393837B0493209BC8
S11325481A604578019B0093002D4BD0022308AAFA
S11325581372C37B0AA99372007CFFF72DF843B268
S113256802936B46019A02991B798A4201DA6B46F7
S11325781B7A00255BB20093278963686689BB428E
S11325886D41BA19EDB2934207D30A230AA90B7015
S1132598207CFFF711F843B2039372006368D219E1
S11325A893421FD3DB1BB3FBF6F25643B34219D154
S11325B8019B029A934209DC23782BB10123207CE6
S11325C80CA90B71FFF76CFE0123049321230AA9BC
S11325D80B70009B4B70E37B8B70207CFEF7ECFF49
S11325E843B200932800059B009A1A70069B039A2D
S11325F81A70079B049A1A701BB0F0BDF8B50579D8
S113260803000620012D1BD903380F2D18D81F6885
S113261801243B7A1A091B071B0F934207D8144B52
S113262814491B78CB569A4200DC0024E4B238687B
S1132638FFF748F801235840C3B214B10533D8B2A0
S1132648F8BD0420002BFBD10C2216006E430A4B64
S11326583900F6183000FFF7B9FD0122AA40064BED
S11326687472E033198820000A431A80E8E7C046E8
S11326787056002080D9000078560020F8B515005F
S11326882022134B1F001C0008372678CEB90134CA
S1132698BC42FAD10F4C226802B92360626802B1C5
S11326A8136000221A606360AAB21871DD71581DA4
S11326B8FC34FFF78BFDE36801335B19E3603000FA
S11326C8F8BD013AD2B23B00002ADBD10226F6E774
S11326D87C52002074520020114BF7B51C6800236B
S11326E817001E00009001911CB9019B00201E6078
S11326F8FEBD009AD11AE27901329142F5D32279CA
S11327085D1CFA54EDB2E279611D7819FFF75EFD9C
S1132718E279013655192468EBB29619E4E7C04604
S113272874520020F0B504000F0016001D000A20A2
S113273885B0FBB110220021684609F07FF96A468A
S1132748A31F13706B460322581C3900FFF73EFD84
S11327580322310001A8FFF739FD6B460222290044
S1132768D81DFFF733FD22000221684608F064FFF4
S113277800B10F2005B0F0BD70B505680400022053
S11327881DB126790B2E01D8012070BD20002B78AD
S113279804226371691C0830FFF7F2F86B790B3E69
S11327A82373AB79E381EA7912021343227BE38131
S11327B81207120F9642E7DD290020000831103075
S11327C8FFF704FD237B200000221B071B0F1E00BC
S11327D8651C2830EA77027022790836911B043A7E
S11327E8042907DD216809338E5DEE77D51ACB18E5
S11327F805706362200021682C3089180422FFF7D1
S1132808BFF80020C1E700001FB5FDF7C9FEC0B23C
S11328180424012812D16B469C1C210001A8FDF751
S1132828E3FE23880821019A02A8FEF7F2F80400BF
S113283820B90822034802A9FFF7C8FC200004B005
S113284810BDC0469F51002000B589B001A80822D8
S11328580649FFF7BBFC082201A903A8FEF7B8F84C
S113286803A8FFF7BBF9002009B000BD9F51002061
S11328781FB5FDF795FEC0B20424012812D16B469A
S11328889C1C210001A8FDF7AFFE23880821019AAA
S113289802A8FEF7BEF8040020B90822034802A9DA
S11328A8FFF794FC200004B010BDC046A7510020D7
S11328B800B589B001A808220649FFF787FC082259
S11328C801A903A8FEF784F803A8FFF787F90020F5
S11328D809B000BDA751002010B586B0FDF760FE11
S11328E8C0B20424012812D16B469C1C210001A803
S11328F8FDF77AFE23881021019A02A8FEF789F8C9
S1132908040020B91022034802A9FFF75FFC200045
S113291806B010BD8F510020242330B58BB003AD11
S113292828002B7006F076FB0F4B01241B7A33B179
S1132938002403220A3BDBB29A426441A4B26846EB
S113294869686200FFF742FCFFF722F90748FFF7BE
S113295815F924B16B4604211888FFF7CDFBFFF75E
S113296835F900200BB030BD84510020AFCE0000F3
S113297810B5013A92B2013209F060F810BD0000B6
S1132988F0B5C5B006000D001F0002200192002911
S11329987DD04A9B002B7AD0E123002402A81B187F
S11329A8180010220021FFF7E3FFB02221000EA82F
S11329B84394FFF7DDFF634B1A78BA4261D11121C2
S11329C86143614B2131C9180EA806F051FA002E53
S11329D85FD106AC2900019A0EA8FFF700FC10226B
S11329E800212000FFF7C4FF21000EAA200006F0F2
S11329F8F7F92278230000217F2A50D918785A78C9
S1132A084000D209024301311A7001330F29F5D16C
S1132A187923E27B5B4252005340439ADBB2E3736F
S1132A28102A49D102ABE132D21800231178E05CB4
S1132A380133414011700132102BF7D1E1230025F5
S1132A4802AA9B181A78197C01354A401A70013376
S1132A58102DF7D1E12302A95B1819002A000AA84E
S1132A68FFF7B4FB0EAA0AA902A806F0B9F92A00CE
S1132A7820000021FFF77CFF029B4A9A0020136084
S1132A8805E00134E4B21133142C95D1032045B088
S1132A98F0BD102231000EA8FFF7A1FB99E71878C2
S1132AA85A784000D209024301311A7001330F29C0
S1132AB8F5D1E37B5B00B0E70021002061562300D9
S1132AC8814231DA1D7859786D00C90929430130EA
S1132AD8197001330F28F5D17923E17B5B42490052
S1132AE84B408021DBB2E3730EAB9B18C133561CF9
S1132AF800251970102E01D80F35AD1A0EABC2324D
S1132B08981800212A0008F099FFF12202ABD21884
S1132B180023AD1943951178E05C013341401170ED
S1132B280132102BF7D189E71D7859786D00C9094E
S1132B3829430130197001330F28F5D1E37B5B0079
S1132B48CFE7C0468857002068570020F0B5AFB0DB
S1132B5806000D0001A814000021B0221F00FFF791
S1132B6807FF00230F4811215943425CA2420BD1AD
S1132B780D4B2131C91801A806F07AF92C00281B3D
S1132B88C0B23CB9200003E00133142BEBD103207D
S1132B982FB0F0BD311801AA3818103C06F020F9FE
S1132BA8A4B2ECE788570020685700207FB50023BB
S1132BB811220E00194914005C430D5D854227D18A
S1132BC8174B80382134C0B21022E418092819D8C8
S1132BD840F24923C340DB0714D50021684608F0B6
S1132BE82DFF022536B16B467F2210213000FFF7F6
S1132BF8ADFF0500102269462000FFF7E7FA280018
S1132C0804B070BD31002000FFF7E0FA0025F6E7B4
S1132C180133142BCFD10325F1E7C0468857002090
S1132C286857002030B5050085B051B1FFF7BEFFE5
S1132C38040030B9012D05D1104B1B689B78012B7A
S1132C4803D10F24200005B030BD010010226846CE
S1132C5808F0F4FE09222900684608F0EDFC002873
S1132C68EFD110222100684608F0E8FE7F220921EE
S1132C78684608F0E1FC0028E4D0E2E7905300201D
S1132C8870B5A34D04002B00FC339B6C01208EB05F
S1132C989B075CD42078532800D98DE209F05AFBAD
S1132CA854008C02590063006900700076007C00AF
S1132CB8860086008C028C028C028C028C028C02A8
S1132CC88B00900095009A009F00A400A900AE0014
S1132CD8B300B800BD00C200C700CC008C02D1000C
S1132CE8E900FC0024014D013E015A0165016B0114
S1132CF8700175017C018C0283019401BC01AB0154
S1132D08CD01D801E101E8018C028C028C028C020D
S1132D188C028C028C028C028C028C028C028C0237
S1132D288C028C028C02EE018C028C0214028C023E
S1132D3821027202800228022D02300241024B0253
S1132D4854025E0268026D022079FEF7ABFD0EB0F4
S1132D5870BD616809B90320F9E710226D48FFF7CF
S1132D6835FA0020F3E761680029F4D010226A4894
S1132D78F5E740F28C23EB58E23322791A70F0E736
S1132D8840F28C236268EB589A64EAE740F28C2399
S1132D986268EB58DA64E4E761680029DBD0012053
S1132DA8FFF740FF0028DCD00E20D0E7616802203E
S1132DB80029F5D1CFE761687F200029F0D1CAE75F
S1132DC8616880200029EBD1C5E76168812000296A
S1132DD8E6D1C0E7616882200029E1D1BBE76168D8
S1132DE883200029DCD1B6E7616884200029D7D183
S1132DF8B1E7616885200029D2D1ACE761688620F3
S1132E080029CDD1A7E7616887200029C8D1A2E7A6
S1132E18616888200029C3D19DE761688920002959
S1132E28BED198E761688A200029B9D193E761681F
S1132E388B200029B4D18EE740F28C23EB58E13380
S1132E489BE76A46237A6946137040F28C23ED584F
S1132E582B00FF339B7F287853700722FEF74CFC26
S1132E68002800D177E70D35FF35043406CC06C5B4
S1132E7877E76A46237A6946137040F28C23ED5843
S1132E882B00FF339B7F287853700722FEF734FC0E
S1132E9828350028E9D15EE76A46237A6946137023
S1132EA840F28C23ED582B00FF339B7F2878537016
S1132EB80722FEF721FC002800D14CE72B0015332C
S1132EC8FF33043406CC06C33C3B1B78022B00D0EA
S1132ED847E7B333FF33EB5C002B00D141E702F043
S1132EE801FDFEF797FC3CE76A46237A69461370AE
S1132EF840F28C23ED582B00FF339B7F28785370C6
S1132F080722FEF7F9FB002800D124E73035ACE7A7
S1132F18C0530020685700207857002040F28C23C3
S1132F28EB5861681B78002B00D014E7A3480029EC
S1132F3800D116E705F00EFD13E740F28C23EB5899
S1132F4861681B78002B00D005E7002900D108E749
S1132F589B48EFE72279531E0E2B00D9FBE640F27B
S1132F688C23EB58FF335A72FBE640F28C23EB5860
S1132F78F43362686AE040F28C23EB58F833F8E7DC
S1132F8840F28C23EB58FC33F3E740F28C23EB58E4
S1132F986268FC335A60E4E640F28C23EB58FC3355
S1132FA862689A60DDE604266B46A65706221E7000
S1132FB840F28C23EC5869462078FEF79DFB0028E4
S1132FC800D1C8E66671CCE604266B46A6576A4665
S1132FD81E7040F28C23EC5869462300FF335B7F54
S1132FE8207893700522FEF787FBE934002800D186
S1132FF8B1E62670B5E604266B46A6570A221E706B
S113300840F28C23EC5869462078FEF775FB0028BB
S113301800D1A0E62671A4E604266B46A657092229
S11330281E7040F28C23EC5869462078FEF764FB46
S1133038002800D18FE6E834DBE740F2F413626835
S11330489A4200D987E69833EB58EC331A6088E63D
S113305840F28C23EB5822791900F0310A701A7364
S11330687FE640F28C23EB586268FC339A6278E678
S113307840F28C236268EB581A6472E640F28C269C
S1133088AB591B7843B94F4923790A789A4203D03C
S113309806200B7001F046FAAB5900201A000021F3
S11330A8A132FF3210605160694603220A7100227E
S11330B818780092FFF7F4F82379A9595A1E934116
S11330C840F22D128B544CE640F28C23EB582279B3
S11330D8180040F22811443002B1012202705A54F7
S11330E83FE640F28C232179EA58CF3BD15438E6A5
S11330F8354BA2881B689A8033E6334B1B684FE72D
S113310822790F2A00D926E640F28C23E958613B3C
S1133118FF3BCA542C3BFF3B934040F290128B5226
S11331281FE62279072A00D915E640F28C23EB58CA
S1133138FF339A7215E640F28C232079ED5809F092
S113314851FEFC3568620CE62279012A00D902E6B0
S113315840F28C23EB58FF339A7702E62279012A4E
S113316800D9F8E540F28C23EB58FF335A77F8E599
S1133178154B62681B681A61F3E5134B62681B6898
S1133188DA60EEE540F28C23EB581B781BB90F4B41
S1133198A2881A80E5E51320062B00D0D7E5E0E5E0
S11331A840F28C23EB581B7823B11320062B00D054
S11331B8CDE5D6E5064BDCE60220C8E55A570020E3
S11331C8585700200C400020905300205C570020E2
S11331D86057002010B58AB0FDF7E2F9C0B20128A3
S11331E82CD16B469C1D210002A8FDF7FDF9002394
S11331F8E15E052922DCC9B20298F9B1FDF790FC19
S113320803004CF25C12F53BFF3B9BB2934215D88A
S113321827236A4684B203A813730494FFF730FD86
S113322850B928236A46137340F2E83303A8E41814
S11332380494FFF725FD10B1FEF7E0FC04200AB062
S113324810BD000030B58BB0FDF7AAF9C4B2012C4B
S11332581AD16B469D1D290002A8FDF7C5F9002265
S1133268AB5E012B10D1029B1B785BB2302B0ED0C6
S1133278312B09D16A46432303A813731474FFF747
S1133288FFFC30B1FEF7BAFC04200BB030BD0024BB
S1133298F0E7024B3B331C70F7E7C046845100202B
S11332A810B58AB0FDF77CF9C0B2012819D16B4674
S11332B89C1C210002A8FDF797F923880421029A8F
S11332C801A8FDF7A6FB030060B95222019B03A8DD
S11332D81BBA43600270FFF7D3FC030010B1FEF77A
S11332E88DFC042318000AB010BD10B58AB0FDF790
S11332F857F9C0B2012819D16B469C1C210002A8B9
S1133308FDF772F923880421029A01A8FDF781FBCD
S1133318030060B95322019B03A81BBA43600270DF
S1133328FFF7AEFC030010B1FEF768FC0423180095
S11333380AB010BDF0B58BB01E0010AB0C001F789E
S113334800900192F1B3009B0A20E3B301251022F7
S1133358002106A808F072FB1022002102A808F038
S11333686DFB02AB981D31001D705F7105F0EEFC1A
S11333780A2002AB1199C01805F0E8FCEAB213015F
S1133388103BDEB202ABDA7301351021019A06ABA9
S113339802A8ADB2FFF7DAFBB8B9211C102C00DD86
S11333A810210022009B09B29B1906AF1878D65D3C
S11333B801327040187001339142F7DC103C24B29A
S11333C8002CDBDC00200BB0F0BD0F20FBE7000075
S11333D810B5074B04001B68DB7813B10548FEF7EA
S11333E8CDFB2000FEF7CAFB0348FEF7C7FB10BD60
S11333F810400020ACCE0000CBD00000037837B5D5
S11334080400022B43D84578002D40D1037B13B325
S11334182548FFF7DDFF2548FEF7B0FB237BAB42C9
S113342836D82348FEF7AAFB00220321E078FEF7EA
S113343893FE1F48FEF7A2FB00220121607CFEF7E1
S11334488BFE1B48FEF79AFB00220A21206AFEF72E
S113345883FEFEF7BBFB174B3F331B78012B16D1BA
S11334681548FFF7B5FF1148FEF788FB0022032132
S11334780E23E05EFEF770FE0D48FEF77FFB10207A
S1133488002203212056FEF767FEFEF79FFB37BD97
S1133498A1680122491901A8FDF79AFA013501A882
S11334A8FEF76CFBEDB2B9E7FACF0000AFCE00002F
S11334B800D000008451002002D00000F8B505783F
S11334C80400032D16D0082D38D065B92748FFF716
S11334D87FFF2748FEF752FB63782BB92548FEF790
S11334E84DFBFEF773FBF8BD082B01D12248F6E724
S11334F82248F4E7224B1E78B307F4D52148FFF796
S113350867FF1B48FEF73AFB67789FB93A00290022
S1133518207CFEF721FE1C48FEF730FB3A00290008
S1133528607CFEF719FEFEF751FB02239E43144B01
S11335381E70D8E71548FEF721FBF4E7104E3578DE
S1133548EB07D0D51248FFF743FF0948FEF716FBEF
S1133558637843B90F48FEF711FBFEF737FB0123E5
S11335689D433570BFE70948F5E7C04608D0000019
S1133578AFCE00000ED000001CD000002ED00000FA
S1133588D54E00203AD0000000D0000043D00000FF
S11335984FD00000D9D0000010B5040088B0032033
S11335A8022C09D86A46002301A813711472FFF784
S11335B867FB08B9014B5C7208B010BD8451002048
S11335C813B5FCF7EDFFC0B2012815D16B469C1C5E
S11335D8210001A8FDF708F80022A35E012B0BD1F6
S11335E8019B18783038C0B2022805D8FFF7D4FFF9
S11335F8030010B1FEF702FB0423180016BD0000F7
S1133608042330B589B001AC23700500200005F00F
S113361801FD23799D4220D045B90423200023705D
S11336282571FFF72DFB60B109B030BD2D23237040
S11336380B4B20001B782371FFF722FB0028ECD0EA
S1133648F2E7084B3E331D703DB92D23200023704B
S113365805F0E0FC2279024B1A700020E4E7C0462A
S1133668D44E00208451002013B5FCF799FFC0B252
S1133678012816D16B469C1C01A82100FCF7B4FF55
S11336880023E05E01280CD1019B1B785BB2302B30
S11336980AD0312B05D1FFF7B3FF030010B1FEF7B1
S11336A8ADFA0423180016BD0020F4E730B50A4C1F
S11336B8050023003E331B78002089B04BB96A46C5
S11336C82D3301A813711572FFF7DAFA08B94034DB
S11336D8257009B030BDC0468451002013B5FCF7ED
S11336E85FFFC0B2012818D16B469C1C210001A8B9
S11336F8FCF77AFF0023E15E02290EDCC9B20198C7
S113370859B1FDF70DFA83B20F2B06D8C0B2FFF7F3
S1133718CDFF030010B1FEF771FA0423180016BD9B
S113372870B52423050088B001A80C000370456017
S1133738FFF7A6FA0600054B2900054862001C702D
S1133748FEF744FD300008B070BDC046C7510020E4
S1133758C8510020F0B589B005AD0C22002128001D
S113376808F06CF9FCF71CFFC3B20193062B32D99D
S113377800260420194B1A7A012332B100230321AD
S11337880A3AD2B291425B419BB2D9B29E4206D860
S113379830B92800FFF7C4FF10B1FEF72FFA042050
S11337A809B0F0BD02AB9F1D390004A8FCF71CFF4B
S11337B83B8803AF02213800049AFDF72AF9002850
S11337C8D8D13B8862005BBAAB520134019BE6B2A4
S11337D8B342E7D8CEE700240420F7E78451002059
S11337E80B6802781B0E534003700B6842781B0C5D
S11337F8534043700B6882781B0A534083700B68EC
S1133808C2785340C3704B6802791B0E534003714E
S11338184B6842791B0C534043714B6882791B0AED
S1133828534083714B68C2795340C3718B68027AE1
S11338381B0E534003728B68427A1B0C534043722D
S11338488B68827A1B0A534083728B68C27A53400E
S1133858C372CB68027B1B0E53400373CB68427B55
S11338681B0C53404373CB68827B1B0A53408373FE
S1133878CB68C27B5340C3737047000003000449FC
S1133888103302788A5C027001309842F9D170478B
S113389834D60000F8B50C0006000878FDF7C6F920
S11338A8677805003800FDF7C1F9A378E2787B4012
S11338B853405D40684030706078FDF7B7F9277869
S11338C80500A0784740FDF7B1F9E3785F407D40F3
S11338D86840707063782778A0785F40FDF7A6F990
S11338E80500E0784740FDF7A1F97D406840B070D5
S11338F827783800FDF79AF963785F40A3785F402A
S11339087840C5B2E078FDF791F94540F570F8BD07
S1133918F0B5437B87B001938378457A0293C379E2
S1133928877A03934378C1780493C37AC67B059353
S11339384379847B4370019B82794372029B87702D
S11339488372039BC670C372049B4571437384716D
S1133958C1718273059BC37307B0F0BD030070B5D2
S1133968002504000833DB6F05609A6818685269FB
S1133978904728006560A56070BD41B1436813B1E4
S11339884368022B03D104234360033B83607047DD
S1133998EFF31081012383F31088074B1A6812B1DF
S11339A81A68013A1A601A681AB9044B1A708032F4
S11339B81A7081F3108870477052002040030A403F
S11339C8436810B5C4681A78FF21436904B1E15CFF
S11339D88468520001331153436110BDF0B585B0BA
S11339E8FDF73FF9204B8000C45863681D78A3682D
S11339F86A009B180122FE33598811420AD05A8161
S1133A08042301A801950371A36A8360636A984734
S1133A1805B0F0BD5B8A1E009FB21640134202D067
S1133A286369012B02D92000FDF7E0F96269E369B3
S1133A389A4203D22000FFF7C3FFE9E736B1012316
S1133A4888359F43A3686D00EF52E1E7636801A8D6
S1133A581B78019301230371A36A8360636A0134A9
S1133A689847E677D4E7C046B04D0020F8B504007F
S1133A78FF25FDF7EFFF002220880A4E93B29842F3
S1133A8802D8FFF785FFF8BD6168D300C9188F888D
S1133A9809683B0A1B012F40DB1989B25B00995363
S1133AA80132EBE700020A4040F623020F4B995C0F
S1133AB80F4A890709D540F622015B5C1BB193685C
S1133AC80C4A136070471369FAE740F62001595C01
S1133AD8890705D540F61901595C5368CB40EFE7CF
S1133AE840F61801595C1368F8E7C04600E0014045
S1133AF8884C0020AC4D002040F20A2230B50F4B10
S1133B08995C8909814218D040F20B2401211D5D7A
S1133B1829431955022805D0995C8909022901D03D
S1133B288021995440F20A2240F20B218001C0B24C
S1133B38985401205A5C82435A5430BD00C07E40D8
S1133B4801380028FCD1704740F2E832002348438A
S1133B5810B5002108F062FC054B1A68054BB3FB4D
S1133B68F2F3B0FBF3F0800808B1FFF7E9FF10BDEA
S1133B78AC4D002000CA9A3BF0B585B001930023F0
S1133B888377030008330400D86F83680068DD680E
S1133B9802AB0733A8470500E0B90600A37F104F1E
S1133BA833B9012101360800FFF7CEFFBE42F5D133
S1133BB8230058331A7801990A70BE420DD01A7836
S1133BC8022A07D01A78032A04D040F2F4151B7885
S1133BD859342370280005B0F0BD1425FAE7C0460F
S1133BE840420F000223F0B5060085B002AAD37143
S1133BF8C268040015004BF6AD6788363368019136
S1133C089B180835436163699D421BD2019BB3B17C
S1133C1802AB0422290020000733FFF7ADFFA0B947
S1133C2802ABDB79022B0DD0A1693368CA682888F6
S1133C380A3252009B1A834209D2212003E0A36E60
S1133C489D42F1D10020A566256105B0F0BD03228F
S1133C58EB1D1B1893435A88BA42EED11A88486957
S1133C68E1685200691A11521A881D1DE265CAE7F3
S1133C7810B50400436E0021C36083691A6958694A
S1133C880132520007F0DAFE00212000FFF7AAFFF4
S1133C9810BDF8B504000325836949005869626EAC
S1133CA8435A26699B18E3671B88221D0B33AB43D1
S1133CB8D367E2689B19B71A47522100883109680B
S1133CC800205218934205D92000FFF7D1FF0123A1
S1133CD86560A360F8BD10B504008369616F1A6953
S1133CE80131914200D9002161675A694800825A1A
S1133CF8002AF3D0236F8B4207D02000FFF7C9FFB7
S1133D0810B9200004F0DCFF10BD23692000A3676C
S1133D18FCF795FFF8E7F0B584680023250087B021
S1133D280093037858352B70A3681BB90133A37724
S1133D3807B0F0BD2B78012B00D0DCE0A068023876
S1133D48082800D9B3E008F0F1FA058B359FB8B21A
S1133D58B2B2C0002369032504330193236123000D
S1133D6848331B88E76C1A002A40A56002922B424C
S1133D780AD1A560220039000832D06F82685568DC
S1133D88019A0068A84739E0032B0FD826008C361F
S1133D9804220021300007F051FE39003000029A55
S1133DA808F007F937000423A560E3E70422AB43CE
S1133DB8A260DFE7230048331E8825000327330069
S1133DC88C35BB43042200212800A760019307F027
S1133DD835FE3200019BE16C3A40C918280008F00E
S1133DE8E8F82269019B29009A1823000833D86F40
S1133DF82261836800685E680423B04701002000DC
S1133E08FFF7BBFDA368012B00D091E72300903393
S1133E181A68002A00D18BE76368002B00D084E07D
S1133E28A368013B591E8B41DBB204A90B70230024
S1133E38943498331B6820684B60002877D0037843
S1133E48009343680393030060C960C390472368E1
S1133E58002B00D16CE7009A1A70039A5A6067E73E
S1133E68230048331B8821695A189B0700D00A1D70
S1133E780523A360230021000833D86F22618368D7
S1133E8850315D6804237CE72300210050331A88ED
S1133E982369E265043323614A310888A169520021
S1133EA849695052626822B90132A260A3660020AF
S1133EB8A4E72000FFF70FFFA0E7231DDB6F200016
S1133EC8002BF7D004F0FCFE98E7230088331A6827
S1133ED8E368616E9B18636100232377A36F120A5A
S1133EE823610B23A36023000833D86F8368006819
S1133EF89B68984782E72B7823B9009B636001236A
S1133F08A360D4E763680098022B05D1A3680B2B40
S1133F1802D02000FFF7ACFE23002A7859331A7028
S1133F2804236360033BA36068E763687CE70800D5
S1133F388CE70000030070B5002608338677040078
S1133F48D86F836800689B689847050048B12800C3
S1133F5870BD01210800FFF7F7FD0A4B01369E42A8
S1133F680DD0A37F002BF4D0230058331A78002AED
S1133F78EDD01B78593440F2F4152370E7E7142583
S1133F88E5E7C04640420F008369F0B51A690500A9
S1133F98013258695200002185B007F04FFD002313
S1133FA84FF6FF72AB77EA65EB600193AB69019951
S1133FB85A68914201D300243BE02F008837019AC4
S1133FC83E681B685643F61802AB082231002800E5
S1133FD80733FFF7D1FD040058BB02ABDB79022B92
S1133FE814D102AB310028003A680733FFF7C4FD47
S1133FF80400F0B902ABDB79032B43D13A68120A07
S113400831002800FFF796FF040011E04BF6AD627B
S1134018F3889342F2D1E96899B33A6830680B6837
S1134028120A9842ECD92800FFF784FF0400EE60D6
S113403844B3EB684BBBAB6929001A689B688831A9
S1134048D2182B0009680833521AEA609CBB22492B
S11340582C64D9872900D86FAC77836840315C68B1
S113406800680823A047040028BBAB7F33BB0121A9
S11340780800FFF769FD194B01349C42F5D114245B
S113408826E0EE60019B01338FE7212C0ED1012637
S1134098002301212800AB83FFF7A4FD0400212895
S11340A816D0A8B92EB90123AB6011E084B9002653
S11340B8EEE721240CE0212C0AD1E8E72B00583341
S11340C81A78012AF3D040F2F4141B7859352B706E
S11340D8200005B0F0BDC046ADBEFFFF40420F0052
S11340E8F7B502000B6A08321B6881610400D367C4
S11340F80700019248688A688837B2FBF0F23B48A7
S11341083A606064606520000022394D903025656E
S11341188D69C9692264A264E264816021009431D2
S113412805600A609A6803CB126890470600002865
S113413845D1A0602000FFF727FF0500212844D1BE
S113414802233100A0696360036926669C464369BB
S11341584A009A5A12B901316145F9D90368E568E8
S11341683A688068AF181818874200D03B00D21804
S11341786566E36062618C4523D3083323618BB29F
S1134188200023676367FFF784FD050080B92000DA
S113419804F096FD050058B9A368012B1FD001212E
S11341A80800FFF7D1FC134B01359D42F4D11425C7
S11341B8019B2E00DB6F9A6818685269904730009B
S11341C8FEBD2000FCF73BFDE4E70028F0D1E368DE
S11341D81B68236400236360074B2360EFE763686D
S11341E8042BF4D140F2F415E2E7C0460000ADBE5A
S11341F8FFFFADBE404B4C004545565270B5274BAA
S113420888B09B7A012B47D1032214000440024250
S113421842D025001D401C4209D06A464A33137116
S113422801A804F0F7FE6B461A891D4BDA800226B2
S113423834422FD04C2301AC2370200004F0EAFE52
S1134248029A174B35439A6016491748FFF748FFF7
S1134258040080B9154E042130700623144A12480C
S1134268FCF7FEFF040001000F48FFF786FB14B9B2
S11342783378002BFCD00C48FFF770FB20434242F4
S113428850410323064A404203401D4013682B4310
S1134298136001E0002DD7D108B070BD845100200F
S11342A8D850002084D70000384E00207C5C0020C1
S11342B8DE500020002370B588B001AC20002370C4
S11342C804F0A8FE1E4D237920006B72432323704B
S11342D804F0A0FE2B0022793B331A70042320003B
S11342E8237004F097FE2B0022793E331A701D23A5
S11342F82000237004F08EFE2B00227911494133EB
S113430811481A70FFF7ECFE010078B90F4E5023DC
S113431830702A000C48FCF7A3FF040001000A4887
S1134328FFF72BFB14B93378002BFCD00648FFF7B2
S113433815FB0748FFF762FF002008B070BDC046B0
S113434884510020F0D70000E85000207D5C002054
S1134358FFFF030070B58AB0FCF722F9C5B2012D3E
S11343681BD16B469C1D210002A801AEFCF73CF949
S1134378238802213000029AFCF74BFB040068B939
S11343886A464B23368803A876BA13731682FEF757
S113439877FC040028B1FDF731FC042420000AB09E
S11343A870BD034B2800DE80FFF728FFF6E7C04600
S11343B8D850002070B58AB0FCF7F2F8C0B20128D2
S11343C81FD16B469C1C210002A801AEFCF70CF916
S11343D8238803213000029AFCF71BFB040088B9E8
S11343E8737835781B022D041D43B37803A81D4345
S11343F84C2345600370FEF743FC040028B1FDF725
S1134408FDFB042420000AB070BD034B02209D600C
S1134418FFF7F4FEF6E7C046D850002010B5FFF7C2
S1134428EDFE10BD37B50400082268461B4907F0A5
S1134438C0FD002C2FD11A4D1A492800FFF750FE51
S1134448040068B9AB695B691B88E3B1EA68991829
S11344589B5A4F2B19D950221348043107F0A9FD50
S11344680F48FFF77BFA204320B150220F490E482A
S1134478FDF7ACFE082269460B4807F089FD30B900
S11344880B4B187137BD2224EAE70324E8E707F049
S113449803F907F0EDF8FCF7B1FBF3E758D0000097
S11344A8E8500020F0D700008451002034D70000E1
S11344B8D850002037B5FCF773F8C4B294B1012C76
S11344C819D16B469D1C290001A8FCF78DF8002220
S11344D8AB5E012B0FD121000198FCF721FBC4B27C
S11344E8012C08D82000FFF79DFF04F029FF0300E2
S11344F810B1FDF783FB042318003EBD1F224309B6
S113450810401E3A824002499B005A507047C046E8
S113451800E100E010B52120FFF7F0FF1D20FFF7B0
S1134528EDFF10BDF7B507000C000025C9B3354EE3
S113453801A8FDF7A5FA3278531CDBB233700AB927
S1134548FDF7A3FA019B83F31088092F36D83800A6
S113455807F0ECFE050A292D31393F4347512278EB
S1134568294B1A7001250FE016250422210001A801
S113457807F01FFD019A254B196891423FD0013D70
S1134588ADB20833002DF7D101A8FDF779FA3378D5
S1134598013BDBB233700BB9FFF7BCFF019B83F31C
S11345A810882800FEBD2278174B1A72DAE72278A1
S11345B8154B5A72D6E723782F2B01D90025E3E748
S11345C8114AD372CEE723782F2BF7D80E4A1373E8
S11345D8C8E722780C4B5A73C4E722780A4B9A72BC
S11345E8C0E7094D2378AF7BAB7304F0B7F9002813
S11345F8B8D1AF73E2E72278034BDA73B2E7024B20
S11346085A60AFE7685C0020D45A0020ACDA000096
S1134618F7B507000C00002679B3254D01A8FDF76E
S11346282FFA2A78531CDBB22B700AB9FDF72DFA3E
S1134638019B83F310880026092F11D8380007F04E
S113464875FE05091E2124272A2D3033194B1B78A2
S1134658237004E004222000174907F0AAFC01266D
S113466801A8FDF70DFA2B78013BDBB22B700BB9CF
S1134678FFF750FF019B83F310883000FEBD0D4BFC
S11346881B7AE5E70B4B5B7AE2E70A4BDB7ADFE759
S1134698084B1B7BDCE7074B5B7BD9E7054B9B7A15
S11346A8D6E7044B9B7BD3E7024BDB7BD0E7C046C2
S11346B8685C0020D45A0020D85A002073B5184DDD
S11346C8060001A80C00FDF7DBF92A78531CDBB2BD
S11346D82B700AB9FDF7D9F9019B83F31088114BA4
S11346E8042E14D0052E18D0083307CC07C306CCE3
S11346F806C301A8FDF7C4F92B78013BDBB22B7084
S11347080BB9FFF707FF019B83F3108873BD1C33B4
S113471807CC07C307CC07C3EBE722685A60E8E76E
S1134728685C0020385A002073B51C4D060001A8A7
S11347380C00FDF7A5F92A78531CDBB22B700AB9D3
S1134748FDF7A3F9019B83F31088154B042E1AD0A7
S1134758052E1FD0032E0FD01B78237001A8FDF758
S11347688FF92B78013BDBB22B700BB9FFF7D2FE24
S1134778019B83F3108873BD2200083343CB43C2E3
S113478803CB03C2EAE722001C3343CB43C213CB57
S113479813C2E3E75B682360E0E7C046685C002077
S11347A8385A0020F0B5324D85B0070003A80191AE
S11347B8FDF766F92A78531CDBB22B700AB9FDF7AA
S11347C864F9039B83F3108840F28823294CE65C40
S11347D8783BE35CDEB913B140F24923E75438006F
S11347E8FDF704F9244B254A1B6863B940F2892272
S11347F82023A15C0B43A35401F006FB01F072F8DB
S113480801F0AAFB22E0934216D01B69EDE71BB125
S113481840F24923019AE2540198FDF7E7F840F27F
S11348288C23E358E0331B78022B0FD040F2892203
S11348382023A15C0B43A35440F28C23E358E033B8
S11348481B781BB9002ED9D101F066FBFCF7A4FF35
S113485803A8FDF715F92B78013BDBB22B700BB9D4
S1134868FFF758FE039B83F3108805B0F0BDC046DC
S1134878685C0020C0530020645C00205C55002064
S1134888F0B5214C87B0019005A81F00039202914E
S1134898FDF7F6F82278531CDBB223700AB9FDF74A
S11348A8F4F8059B83F31088184D00212B00A433DA
S11348B80020185E04F084FB0026019B985D04F038
S11348C89BF90136029AB3B29A42F6D8039EF719B5
S11348D8BE4214D1A4350023E85E012104F070FB24
S11348E805A8FDF7CDF82378013BDBB223700BB99B
S11348F8FFF710FE059B83F3108807B0F0BD3078EE
S113490804F07AF90136E3E7685C00200C5B0020C8
S1134918C02307B501A8038000231A000221FFF76A
S1134928AFFFFCF7F7FC07BD10B50A4B1A78082A45
S11349380DD840F241130124D340234207D0FFF796
S1134948E7FF054B21000020185E04F039FBFCF753
S1134958E1FC10BD0F400020E45A002037B56B4637
S11349680C001500D871FFF7DFFF68462B00220002
S113497801210730FFF784FF6B46DB79842B01D0D4
S1134988FCF7C8FC37BD000007B5104B01A99842D5
S113499806D90F4B0B8002229820FFF7DFFF07BDD3
S11349A80C4B984201D90C4BF4E70C4B984201D9B3
S11349B80B4BEFE70B4B984201D90B4BEAE70B4B38
S11349C89842E8D946F66B73E4E7C04600E9A43593
S11349D8E1E9FFFF80F8A932D7DBFFFF8044E52D2A
S11349E8C1C5FFFF000B6B1B7581FFFF40FC541909
S11349F837B5104B104D18602B7804001BB9FFF71E
S1134A08C3FF01232B7043F60951B4FBF1F20B00E9
S1134A1841F684605343E31A9B031B18B3FBF1F379
S1134A2892039B181BBA0422862001A90193FFF75D
S1134A3895FF37BD085C00200C5C002013B5064BBD
S1134A4804005B7B23B1019001A90520FFF736FE22
S1134A582000FFF7CDFF13BDD45A002007B56B46DD
S1134A68D91D044B0870187001228A20FFF776FFBD
S1134A7807BDC0460D5C002013B50B4B1B788BB9E2
S1134A886B460122094CD91D80200A70FFF766FF86
S1134A9840F61110E17A00F064F840F61210217B18
S1134AA800F05FF813BDC046F85A0020D45A00201D
S1134AB807B50C4B0422972001A90193FFF74EFF79
S1134AC800236A460720938001A90222FFF746FFC4
S1134AD87F236A468920137101A90122FFF73EFF4B
S1134AE807BDC046020002800D2373B50D001600F1
S1134AF801AC2370030A6370A070FFF715FF33003D
S1134B082A0003212000FFF7BBFEFCF703FC73BD5A
S1134B1807B5064B01A91B7840BA088023B90222BD
S1134B2840F2BC60FFF7E0FF07BDC0460D5C002003
S1134B3807B5064B01A91B7840BA088023B902229D
S1134B4840F2BE60FFF7D0FF07BDC0460D5C0020F1
S1134B5807B56B46D971073301221900FFF7C4FF63
S1134B6807BD10B5FFF7F4FF10BD000010B5040031
S1134B780B4B1870587000F015F854B1342140F2FA
S1134B884070FFF7E5FF442140F24170FFF7E0FF72
S1134B9810BD142140F24070FFF7DAFF2421F3E737
S1134BA8395C0020012010B5FFF758FF044B187832
S1134BB85A78824202D05870FFF7D8FF10BDC04619
S1134BC8395C002010B5012806D00020FFF746FF05
S1134BD80022034B5A7010BDFFF7E4FFFBE7C04601
S1134BE8395C0020F0B5254D87B0019005A81F0059
S1134BF803920291FCF744FF2A78531CDBB22B7012
S1134C080AB9FCF742FF059B83F310881C4E002168
S1134C183300A4330020185E04F0D2F90024019B69
S1134C28185D03F0E9FF0134029AA3B29A42F6D858
S1134C38002003F0E1FF039CC3B20193E719BC42CF
S1134C4815D1A4360023F05E012104F0B9F905A8B2
S1134C58FCF716FF2B78013BDBB22B700BB9FFF77F
S1134C6859FC059B83F31088019807B0F0BD002018
S1134C7803F0C2FF20700134E1E7C046685C0020FD
S1134C880C5B002073B56B4615000C00DE1DD87153
S1134C98FFF74AFE2B00220001213000FFF7A2FF94
S1134CA80400FCF737FB200076BD000013B501AC07
S1134CB8012221001520FFF7E5FF064B22781B7817
S1134CC852085BB29B1A181C803301DA4FF68070C5
S1134CD800B216BDD45A00201D2373B50D0016006A
S1134CE801AC2370030A6370A070FFF71DFE330044
S1134CF82A0003212000FFF775FFFCF70BFB73BDA7
S1134D0813B56B46DC1D01222100FFF7E5FF20786F
S1134D1816BD000037B52A4B04001B780D00012B83
S1134D282CD10F280CD1274B0422952001A90193DB
S1134D38FFF714FE231C5AB20E2A10DD0E230EE0D0
S1134D48214B0422952001A90193FFF707FE231C98
S1134D581134F0DA4DF26C43C0F200031B781821C9
S1134D685CB240F6E700FFF7F3FE6B4602225D7182
S1134D788E201C7101A9FFF7F1FD37BD40F6D8005C
S1134D88FFF7BEFF1E210143C9B240F6D800FFF762
S1134D98DFFE0E4B0422952001A90193FFF7DEFDE7
S1134DA8231C093407DA4DF26D43C0F200031B7863
S1134DB838215CB2D5E75AB2162AF9DD1623F7E78B
S1134DC80D40002006000101040001010407000150
S1134DD8F7B5214D01A8FCF753FE2A78531CDBB222
S1134DE82B700AB9FCF751FE019B83F310881B4B07
S1134DF81E681B4B9A88998897B28A42FAD101A8EF
S1134E08DC7AFCF73DFE2B78E4B2013BDBB22B7075
S1134E180BB9FFF77FFB019B83F3108847F6FE73FA
S1134E289F4202D8E40700D5103645F65E737B43EB
S1134E380193019B0B4A3000B3FBF2F30193019CED
S1134E4840F2E8320023002107F0E8FA22000023A8
S1134E588018594103B0F0BD685C0020E851002077
S1134E6800380A40A086010010B50400FFF7B0FF1F
S1134E7840F2E832002307F0B1FA2060A280200053
S1134E8810BD000010B5FFF7A3FF154B40F2E83240
S1134E98186059600023040007F0A0FA40F2E831D2
S1134EA8104B1A689B88121848431B19181A83B2A6
S1134EB8013900B2884203DD0B4901325B1818B28C
S1134EC80A4B1900FC310A6440F24012985220231C
S1134ED8074A11780B431370FBF7FAFC10BDC04660
S1134EE868560020B053002018FCFFFFC053002070
S1134EF8B8530020F8B5150007000E001C00FFF792
S1134F0867FF084B186059609F609E81DD811C749F
S1134F18112305490A789A4313430B70FBF7D8FC0D
S1134F28F8BDC04698530020B853002010B5FFF7C9
S1134F384FFF0B000A4902008868C968994202D8E1
S1134F4809D1904207D9121A8B4101204042C11756
S1134F588018594110BD121A8B4110001900F9E745
S1134F68405C0020F0B5644E87B00191B388B188E5
S1134F789AB28B42FAD145F65E7353430593059B67
S1134F885E4A5F4CB3FBF2F30593059B277802282E
S1134F983ED09AB203920292032860D000231D00E7
S1134FA8012F21D12375FFF713FF019B029A236177
S1134FB843F680639B1A019A9BB2A060E160A383C5
S1134FC80AB900230FE043F67F62019991421CD885
S1134FD80A008B4219D90423039923708C466B4623
S1134FE862449B88226101252269002A50D1B37941
S1134FF804329343B37107232370237D002B00D11C
S11350086FE001232375237068E002232370D8E737
S1135018022F0BD1A28B23699B1A01252361394BDB
S113502822699A420ED9002323610BE0032F03D18E
S11350382369354A9B18F0E7043F0025022FEED870
S11350482561013543F67F622369934203D804221C
S11350589BB22270C8E7032323700023C4E7052FFB
S113506811D12369039A93420AD9029A01259B1AFA
S113507840F2D0729BB29342B6D804222270B3E7AE
S1135088002323619DE7062FFAD000231D00ABE718
S1135098217804291FD1B2798A43B27140F2D072BF
S11350A8934204D90523237001235B420CE00621B3
S11350B821709342F8D06422DB03B3FBF2F35A3A2B
S11350C80533B3FBF2F39BB273801B23F372B279FB
S11350D8173B1343B3712378072B8ED0280007B0EE
S11350E8F0BDA36903B198471020FCF70BFD2378A2
S11350F8072BF3D185E7C04600380A40A086010093
S1135108405C00200000FFFF80C1FFFF002210B5B3
S1135118044B04681A70FBF725FC21000120FFF7F3
S113512821FF10BD605C0020F0B587B0040005A81D
S1135138FCF7A6FC3F490A78531CDBB20B700AB98A
S1135148FCF7A3FC059B83F310883B4E37683D00AE
S1135158002D3AD1636825722360FFB13B7A002B96
S113516837D0FFF7E3FE2B003A6800920193A94277
S113517803D1824201D90090019500980199121A2D
S11351888B4100920193019B256813B9009BAB42A4
S113519823D9009B5D1B00233D603B720123200043
S11351A8276123723460FFF7B1FF05A8FCF768FC98
S11351B8204A1378013BDBB213700BB9FFF7AAF945
S11351C8059B83F3108807B0F0BDAC42EDD02D6980
S11351D8BEE73B6801950093D5E73E692EB9009B6D
S11351E8ED1A25603C612661DFE73268019B00986F
S11351F8019912184B410BB9954208D2009B009AA9
S1135208EB1A236033689B185B1B3360EAE7316948
S113521821B9AD1A256034612161C6E708683700F1
S11352280290002003900E000298039900920193C3
S1135238DFE7C046685C0020645C002070B5124C4F
S1135248236843B1002201251A601A7200232068DA
S113525858B903B1206070BDC1682B00026911B14F
S113526822608847F2E71000F2E70268002AF3D0C8
S11352783BB9037A002BEED101230372FFF746FFF3
S1135288E9E72060F5E7C046645C0020F7B52E4DD9
S1135298040001A8FCF7F4FB2A78531CDBB22B703A
S11352A80AB9FCF7F2FB019B83F31088274E336895
S11352B86BB901A8FCF7E4FB2B78013BDBB22B703C
S11352C80BB9FFF727F9019B83F31088F7BDA342B5
S11352D82DD1237A0BB3FFF729FE8C4600212768CA
S11352E821722469ACB13A0034600B003E000F000F
S11352F8614502D1824200D90600921BBB411100CC
S1135308236820005B18236001232372FFF7FEFE45
S1135318CFE73460FBF726FBCBE723692BB1216881
S113532833601A6852181A60C3E73360C1E71A0079
S11353381B69002BBDD09C42F9D1236921681361F4
S1135348002BEED1B5E7C046685C0020645C002001
S11353580122F0B52E4BA1B0079003915B7B01921B
S1135368002B00D16AE114AB9C1C21000220FFF73A
S1135378DBF92378019323B103230193019821B026
S1135388F0BD0C2201991AAC17A806F057FB2100AE
S11353980420FFF7C9F9052015A9FFF7C5F900236B
S11353A8E75E1C9B08931B9B09931D9B0A9317B3E9
S11353B8012F29D139000898FBF7A6F90590154C57
S11353C8FBB20399F8B20E93FBF7A2FE23000B90ED
S11353D848331B78104E1093159B0C9317AB04930A
S11353E8002302936B461B7A0693069A109B9342FA
S11353F814D86523C1E742F21071099B5A000A9B2D
S11354085B189B180593DAE701235B42FAE7C04669
S1135418D45A0020385A0020045A00203379002B2B
S113542800D1DDE1069A05990C98FBF789F9049BEC
S113543812901B8809980F93012F03D10021089813
S1135448FBF762F93568D44A2B002A331B78D24912
S1135458DB009A5C5B18119200221393119BD1B262
S1135468994200D277E104226B690B998B429B41E4
S11354780F995B421B0119430B00129919430A4304
S1135488049B95B21D80002D00D0A9E1236C002B4C
S113549800D17BE1A31DDB8FC04ADB00D3581B8DF1
S11354A8049373B3FFF794FCA66BE76B236C1A00A1
S11354B89C462B0092197B4102260027B6185F41AF
S11354C88F4200D95FE102D1864200D95BE102260E
S11354D87642F717B61A9F4136184F41A31DDB8F42
S11354E8AE4ADB00D3586046198DFBF747F9012310
S11354F80FB9B04200D800235B019BB20493236C1C
S11355088BB3A31DDB8FA54ADB00D3581B8B53B386
S1135518FFF75EFCA26BE36B0F0000210600206C12
S1135528801859410222002312184B41BB4200D96A
S11355382EE102D1B24200D92AE102225242D31703
S1135548121A8B4192197B4110001900A31DDB8F9D
S1135558924ADB00D3581A8B012309B9824200D836
S113556800239B019DB2049B17AF2B431D00029B94
S11355785B000493DD53CDBB029BDE00874B9A5935
S113558840F2E733D2699A4230D916A90120FFF7CD
S11355983FF814AAD11C2800FFF73AF87F4B0120E2
S11355A899592431FEF7BEFF7C4B711DC918280098
S11355B8FEF7B8FF40F2E831784B0E989A59D36950
S11355C8B3FBF1F32021525E9BB20C9900F002FD6B
S11355D8060016A90120FEF7A5FF14AB2800D91C64
S11355E8FEF7A0FF16B98023049AD353029B17AA87
S11355F85B009B5A002B00D0E8E0FFF7E9FB0B9B0C
S1135608069A2364A31DDA87029B644AA063E163B4
S1135618DB00D3581AA91B7C887889781A1C49B2EC
S11356285BB28B4200DD021C00234734E35650B2C0
S1135638834203D002212270FFF76CFB079B002BE7
S113564800D19BE640F20121554E080003F0C6FA4A
S11356583278544B012A00D0CAE0C733039A1AACF3
S11356681A7003F051FA0E232380FFF75DF9022123
S11356782000039B079AFFF703F90025FBF74AFE6E
S11356880422494B49481A70FFF700FEFFF7F4F962
S11356980322210083202580A570FFF75FF9444C7D
S11356A8444B20001F68FFF7F1FD20002760676066
S11356B8FFF73AFD0422404B404C37781E682368B4
S11356C8134234D03E48FCF759FA2A000321380023
S11356D8FCF742FD3B48FCF751FA2A000321207EDF
S11356E8FCF73AFD3748FCF749FA2A000A21E06931
S11356F8FCF732FD3348FCF741FA2A000A21206AF4
S1135708FCF72AFD2F48FCF739FA2A000A21300051
S1135718FCF722FD2B48FCF731FA1F20631D1856AD
S11357282A000321FCF718FD2748FCF727FA236809
S1135738DA0709D5079A03992263220034321170D3
S113574822002C32A66217705B0602D50423383473
S11357582370002311E6139B59680D910C210D9BAE
S113576851439C468C44595EB94208D163465968F2
S11357780A9B8B4203D163469968814201D0013266
S11357886CE6002270E600260027A7E60495B6E634
S113579800200021DAE6C046ECD90000045A0020B3
S11357A80D5C00200C5B00200F400020105C0020E2
S11357B8245C0020885A0020085C0020945A0020A9
S11357C861D0000000D00000ACCE0000602213427B
S11357D801D06623D1E51B0600D40AE66723CCE58D
S11357E8029B083601330293049B02330493F9E5C0
S11357F8C03333E770B540F2E836114B0D005C7BDB
S113580856430323CCB9FFF7F3F828000221FFF726
S113581881FAFFF731F921002200D120FFF79EF821
S11358280422084D084B28001A70FFF72FFD2800A2
S11358382E606E60FFF778FC2300180070BDC04628
S1135848D45A0020245C00200F4000201FB56B466A
S1135858D8711348FFF71AFD1248FFF717FD6B4676
S11358680122D91D8020FFF779F86B46DA790E4BAF
S11358789AB9013269461A70202393200B7303A93D
S1135888FFF76CF801236A465B429381022203A95D
S11358981000FFF763F805B000BD02221A70F1E7A3
S11358A8245C0020105C00200F400020002010B56C
S11358B8FFF7CCFF034B1B6813B15B6803B1984730
S11358C810BDC0463C5C0020002010B5FFF7BEFFA9
S11358D8034B1B6813B1DB6803B1984710BDC0467E
S11358E83C5C002010B50A4B0A4C987AFFF7AEFFCF
S11358F823685B060AD5383423783BB10648FCF79D
S11359083DF90648FCF73AF90023237010BDC04658
S1135918D45A0020945A002066D00000ACCE00006F
S1135928F0B591B0079317AB1B881700019318AB18
S11359381B880AAA029319AB1B78039104931AAB28
S11359481B78040005931BAB1B78069331239B1823
S1135958DB7F099335239B18DE7F9A4B5B7BB3B1BE
S11359680AAB0021981D122206F068F8039B0BADC0
S11359782C800C93079B0D972B73019B2900EB81BB
S1135988049B03202B74069B6B74FEF797FE8E4BC7
S11359981E7073425E41029B764233400293049B1D
S11359A80BB9FF330593894B059A1A7074B1012C0E
S11359B800D16BE0864B1A68920704D0039A9F6063
S11359C81A71029A9A81002011B0F0BD814D0AAB78
S11359D8991C01229F200C70FEF7C0FF2B00E833AE
S11359E81C702B00EC331F602B000B22F43303983C
S11359F81A70FAF70FFE2B00F53318702B00B83322
S1135A081C70019B0499DA002B00BA331A802B000E
S1135A1841F60402BC331A802B00BE332A001C70E2
S1135A280123BF32594011702A000599C032117000
S1135A38069A02B1F1332A00C13213702B000122F5
S1135A48C233E8351A70FFF74DFF2878431E984192
S1135A58C0B2FFF7B7F803F005F803F055F85E494C
S1135A68082218310BA806F0A4FA082240F2C060F4
S1135A780BA9FFF739F802F0DDFF41F64073029AEB
S1135A885343B3FBF7F3554A136093E70AABD91CA6
S1135A980023504D22009F200B70FEF75FFF2B0060
S1135AA8E8331C702B00FEB2F833039A1E704C4B7B
S1135AB839009B5C1000053E0893FAF7F1FD012EAE
S1135AC807D86B46019A9B880C2A00D20C239BB2F8
S1135AD801932B00089AF9331A702B00079AFA33AA
S1135AE81A702B00FB3318702B000122B8331A707C
S1135AF82B00019AC4331A802B00049AC6331A70F7
S1135B082B00059AC7331A702B00069AC8331A70EB
S1135B182B00099AC9331A70FFF7E4FE2B00E83307
S1135B281878431E9841C0B2FFF74CF802F09AFF68
S1135B3802F0EAFF6B461B7A01936B46019A1B79C4
S1135B48F82A04D94DF26E43C0F200031B780133DE
S1135B58DBB25B10DEB21F2B2DDD0336B608320034
S1135B68630001339A400BA90A70A0200122FEF7B2
S1135B78F5FE019B33B1F600A11940F20670C9B2D3
S1135B88FEF7E6FFC9352B78042440F23670012B62
S1135B9813D1FFF7B5F8A043C1B240F23670FEF74F
S1135BA8D7FF029A534253410E4A5B4213404FF6C1
S1135BB8FF729B1867E70024D1E7FFF7A1F80443B5
S1135BC8E1B2EAE7D45A0020905A00200E4000209F
S1135BD8945A00200C5B002064DB00008C5A0020DF
S1135BE844DA00000100FFFFF0B58FB0019314AB55
S1135BF880CB02911B780592069316AB1E8817ABCF
S1135C081B780500039318AB1B7804931BAB1B7814
S1135C180793754B5B7BF3B108AB15220021D81CA5
S1135C2805F00CFF029A08AB9A701D80059B069A32
S1135C380993019B0B970A9308AB1A74039A1900EA
S1135C481A75049A5E825A750420FEF737FD674B6D
S1135C58029A47331A704DB1012D57D040F6890086
S1135C68FFF74EF804210143C9B2A1E0604C0B22AE
S1135C782300E8331D702300EC331F6023000198D0
S1135C88F4331A70FAF7C6FC2300F53318702300AE
S1135C98059AF0331A602300B8331D702300F60008
S1135CA8BA331E80230041F60402BC331A80230051
S1135CB8BE3322001D7001230399BF32594011706D
S1135CC8049A02B1F1332200C13213702300012275
S1135CD8C233E8341A70FFF705FE2078431E984152
S1135CE8C0B2FEF76FFF02F0BDFE02F00DFF41499E
S1135CF80822183108A806F05CF9082240F2C060AE
S1135D0808A9FEF7F1FE02F095FEA7E7384C019AC0
S1135D182300E8331D702300FDB2F8331D70364BA1
S1135D2839009B5C1000053D0593FAF7B9FC012D79
S1135D3804D8331C0C2E00D20C239EB22500059BDC
S1135D48F9352B702300069AFA331A702300FB33B3
S1135D58187023000122B8331A702300C4331E803C
S1135D682300039AC6331A702300244AC7331278CF
S1135D781A702300049AC8331A702300079AC93387
S1135D88E8341A70FFF7AEFD2078431E9841C0B27C
S1135D98FEF718FF02F066FE02F0B6FE2B78062B1B
S1135DA800D05BE740F68900FEF7AAFFFB2101401B
S1135DB840F68900FEF7CCFE02210298FEF7AAFFFE
S1135DC80F4B1C9A1A6005220E4B1968114207D012
S1135DD8019ADF611A761C9A1A62029A0533DA77F5
S1135DE800200FB0F0BDC046D45A0020385A002015
S1135DF80C5B002064DB000044DA00000E40002045
S1135E08885A0020945A002073B51C4E3578082D02
S1135E1829D100221A4B01245A701A706B462200A9
S1135E28D91D9D200C70FEF799FD164B1B78A342D3
S1135E3801D1FEF73DFE6B460122991D96200C7098
S1135E48FEF78CFD3470104C23685B060AD5082DC8
S1135E580FD10E48FBF792FE0D48FBF78FFE012386
S1135E683834237073BD002DEDD12800FFF7EEFC04
S1135E78E9E7002DF6D10748ECE7C0460F400020BB
S1135E88395C0020F85A0020945A002075D000008C
S1135E98ACCE00008DD00000002213B51100041C04
S1135EA8C020FEF7EFFE60231840202802D000200F
S1135EB8FFF7CCFC134B00210020185E03F080F898
S1135EC86B46A207D91D6307DB0FD20F52009B0054
S1135ED81343E207D20F1343842001220B70FEF709
S1135EE83DFD04210B00084A2340214202D000232F
S1135EF8137013BD08211170044A1370044A136007
S1135F08044AF5E7E45A00200F4000200C5C002006
S1135F18085C00200D5C002010B504200B4CFFF732
S1135F28BBFF40F2E8310220FDF70EFE23685B0652
S1135F380BD538342378022B07D00548FBF71EFE0F
S1135F480448FBF71BFE0223237010BD945A00205B
S1135F58A5D00000ACCE000010B500200B4CFFF714
S1135F689BFF40F2E8310220FDF7EEFD23685B0653
S1135F780BD538342378032B07D00548FBF7FEFDEF
S1135F880448FBF7FBFD0323237010BD945A00203B
S1135F98B6D00000ACCE0000052213B504000B4BAC
S1135FA80B481A70FFF772F9942140F6AC00FEF71B
S1135FB8CFFDFEF761FD01A9230C0B700322230A10
S1135FC882204B708C70FEF7C9FC13BD0F40002073
S1135FD8245C0020F0B587B0049102920593322B1B
S1135FE800D9CFE0694C00212600F5363378080043
S1135FF803932300F9331D7802F0F0FD644B1B78FA
S11360080193012B57D1634B5E683EB93300624953
S1136018DA0052181168A94249D15668FFF762FCA0
S11360280020FEF7CFFD23000025E83330001D7063
S1136038FAF7F0FA2300F533187002F013FD230081
S1136048B8331D7002F060FD0498FEF7F7FC53485E
S1136058FFF7A2FF524BDD88ADB22800FAF772FCB5
S11360680028FAD0FEF722FE029B0500002798427A
S113607832DA40F2E837059B5F43494BDB889BB231
S11360880593FEF713FE029B0500984223DA059850
S1136098FAF758FCBBB29842F3D3FEF707FE029B0B
S11360A805000127834200DC0027FFB214E0013316
S11360B80A2BACD1B2E7FFF715FC364B586840B150
S11360C823000022E8331A70FAF7A4FA307002F0B9
S11360D8C9FC0026B8E70027FFF704FC019B012B45
S11360E842D1FEF75FFD2300039AF5331A702300AB
S11360F8019AE8331A7002F0B5FC019BB834237096
S113610802F002FD274B1B681B072AD52648FBF71C
S113611835FD002203211000FCF71EF82348FBF785
S11361282DFD00220A213000FCF716F81F48FBF762
S113613825FD00220A210498FCF70EF81B48FBF7FA
S11361481DFD002205212800FCF706F81748FBF777
S113615815FD380000220321FBF7FEFF1448FBF766
S11361680DFD380007B0F0BD0A4B5B68002BC9D0A1
S11361782300039AF5331A700023E834237002F0DD
S113618871FCBFE7002635003700BBE70C5B002035
S11361980D5C0020D45A002050DA0000FFFFFF00F5
S11361A8FE260A40945A0020C7D0000000D0000000
S11361B8ACCE0000F0B585B0FEF7F4FC002140F643
S11361C8E2060027080002F009FD30000397FEF7F5
S11361D897FDFE2140F6E505014004003000FEF776
S11361E8B7FC2800FEF78CFD7F21019001402800B0
S11361F8FEF7AEFC0B48FFF7CFFE042203A940F6D6
S11362081900FEF769FD3800FFF720FB2100300074
S1136218FEF79EFC28000199FEF79AFC039805B046
S1136228F0BDC046FFFFFF00052213B504000B4B69
S11362380B481A70FFF72AF8962140F6AC00FEF7CF
S113624887FCFEF719FC01A9230C0B700322230A0F
S113625882204B708C70FEF781FB13BD0F40002029
S1136268245C002037B540F242210400080002F003
S1136278B5FC44B10D4D2800FFF708F828002C6040
S11362886C60FEF751FF0A4B1B785BB16B46D91D56
S11362984023932001220B70FEF760FB0020FFF7D8
S11362A8C3FF37BD034B18688001F8E7105C002072
S11362B8905A00208C5A0020F0B5844B07005B7B71
S11362C893B04BB9814B5B7A002B00D18FE0380037
S11362D8FFF7C8FF002033E008ABDC1C02202100D4
S11362E8FEF722FA2578032055BB0C2229000DACB1
S11362F80AA805F0A3FB21000320FEF715FA0520E0
S113630809A9FEF711FA0022A35E009313B9636882
S1136318039307E0009B012B14D119006068FAF776
S1136328F3F903906A4B48331B780793099B059349
S1136338684B02930AAB0193079B9D4205D16420E5
S113634813B0F0BD01235B42E2E7029B1B793BB922
S1136358029B013508330293019BEDB20233EAE74D
S11363682A0003990598FAF7EBF9019B1B8818434F
S1136378019B84B21C80002CEAD1029B564A1B68FC
S11363882A331E78F600B35CB118009A04932300EC
S1136398012A27D121000E98FAF7B6F940F20C0C1D
S11363A84D4B0F990690F618049AE3B29342CFD254
S11363B8634663437068C218C35E012B07D15368F0
S11363C8994204D19368069A9A4200D17AE7013433
S11363D8EAE70C2058434A680133825E00989042E9
S11363E800D16FE70498DAB28242F2D3B0E740F200
S11363F84221080002F0F2FB47B1384C2000FEF7B6
S113640845FF200027606760FEF78EFE344D2B7829
S1136418002B57D040230DA9932001220B70FEF7BF
S11364289DFA0020FFF7B8FD2E4B2F4C1E782F4BFA
S11364381B68009323689B0737D52D782C486B423B
S11364485D41FBF79BFB002203213000FBF784FE30
S11364582848FBF793FB002203212079FBF77CFEF5
S11364682448FBF78BFB00220A21A068FBF774FE83
S11364782048FBF783FB6D4200220521A089FBF726
S11364886BFE2F401B48FBF779FB00220A213800DA
S1136498FBF762FE1748FBF771FB009800220A21FC
S11364A8FBF75AFE1448FBF769FB2368DA0702D5A1
S11364B8009A267522615B0600D40BE7052338345D
S11364C8237007E70D4B18688001ABE7D45A002006
S11364D8385A0020045A0020ECD90000105C00202F
S11364E8905A00200D5C0020945A0020085C00207B
S11364F8CDD0000000D00000ACCE00008C5A0020A3
S1136508F0B585B072B6BFF34F8FBFF36F8F00221B
S11365189E490B780A70DBB262B6BFF34F8FBFF3A4
S11365286F8F002B00D1F2E003AE3100023212204B
S1136538FEF7A8FB0123022235885B4231001000D4
S113654833806DBAFEF70AFAADB272B6BFF34F8F55
S1136558BFF36F8F8E4B2820185E02F023FD0400D2
S1136568012803D1FBF7DCFA884B1C7062B6BFF331
S11365784F8FBFF36F8F40232A0001241A40854BA5
S113658801921A8025420AD08348FEF77FFE834B86
S11365981C70834B1B6813B11B6803B19847022412
S11365A8254200D18AE07F4B1F78A7B97E48FEF7C1
S11365B86DFE0122794B390040F602101A70FEF77D
S11365C8C7FA40F64410FEF79BFB0443E1B240F6D9
S11365D84410FEF7BDFA022231001320FEF752FBE5
S11365E8724B1F78012F27D1714B1B78012B23D1B4
S11365F840F20270FEF784FB00901E233370FEF70E
S113660893F96C4C0221009B6B4A3000FEF7EAFABE
S1136618FAF780FE032231001420FEF733FB2770BB
S11366286FB1012F00D177E01B220021634805F0E8
S113663805FA0F2323701FE033780093DDE73378DE
S113664823715F4B72781B7852085BB29BB29A1A1B
S1136658111C12B2803201DA4FF68071218103AA2B
S1136668927852089B1A1A1C1BB2803301DA4FF62F
S113667880720023E280E360019B13B1504B1B7AC4
S113668873B1474B1B685BB19E684EB12378002BEE
S113669864D108230621625EE35600994648B04750
S11366A8404B1B7853B13D4B1B78052B06D1444B0B
S11366B8587A002857D00020FFF7B6FD019B2BB16C
S11366C8374B1B6813B11B6903B198472B060AD5CE
S11366D80122324B1A70324B1B6823B19B6913B1E8
S11366E8280A10409847AD050ED52C4C2378042B66
S11366F83CD12948FEF7CAFD01232370284B1B68A7
S113670813B15B6803B198470023224A13801F4BD7
S11367181878C0B205B0F0BD294B32781B785208FE
S11367285BB29BB29A1A111C12B2803201DA4FF68C
S113673880710122218203A98A5602329210A2741E
S11367488A7852089B1A1A1C1BB2803301DA4FF656
S113675880721C4BA2821B68A3618DE7122310214F
S1136768625EE35699E7FFF717FCA7E7052BCBD141
S11367780C4B1B7823B90C48FEF788FD01232370C2
S1136788074B1B68002BBFD0DB68BBE7385C0020D5
S11367980C5B0020005A0020245C00200F400020DD
S11367A83C5C0020905A0020105C00200D5C002006
S11367B8DC580020E458002000590020E558002047
S11367C8D45A0020E058002010B50E4C2000FEF7E3
S11367D85DFD2300227EF93BFF3B1AB140F20F22F4
S11367E80121995440F28C229A58E0321278022AF4
S11367F805D140F28921585C1E3202435A54FAF7F3
S113680867F810BDB855002010B50B4C8023220042
S1136818FC32916C0B43936440F21023E35C0BB19C
S1136828FFF7D2FF40F289212223625C9A43134383
S11368386354FAF7B1FF10BDC0530020F0B540F21D
S11368488C2540F22E12BA4F9DB07B5913909A5C56
S113685816AC0F9240F2B4129A5C2000109240F2E7
S11368682D129B5C0C93FEF7FFFA40F2A8137D5996
S1136878169AEE58A388961B40F2AC12AA5A9B1A91
S11368881BB2DB0FF61A40F21823FB185C681B686E
S11368980A930B9440F28923FA5C042310001840ED
S11368A81A4202D00020FBF7BBF82B789C46ABBBFE
S11368B80F9A0C3353439F4A9F499B185B7A0022D3
S11368C85B015C18CB5A0021A161E261109A002A8D
S11368D800D071E140F60F6164328E4209D949F65D
S11368E8AF2242F22831B24292410A4040F2E831E2
S11368F85218191C934200D2111C0C9A8BB202B97B
S113690860B11800002101225242D317801859415E
S11369180A9A0B9B05F082FDA061E16140F2901395
S11369280021E85A01225242D317801859410A9A81
S11369380B9B05F073FD2B00A1330C900D91FF33D5
S11369480C990D9A19605A60B73B1B785BB20F9388
S113695840F22D13EE5C8733EB5C10932B009933D4
S1136968FF335C681B680A930B94E0352B78022B81
S113697800D128E1FFF748FAFEF7B4FF40F28C2370
S1136988FB58E1331878FEF7F1F840F28C23FB58F2
S1136998092519781193002900D0FCE01022674DCD
S11369A818A805F04BF815A8FBF76AF82A78531CC1
S11369B8DBB22B700AB9FBF768F8159B83F31088D0
S11369C840F28C23FA58653BFF3BD35C15A812931D
S11369D8FBF756F82B78013BDBB22B700BB9FDF7AC
S11369E899FD159B83F31088524B0125E0331988D0
S11369F800231A002800904004000C40A04201D152
S1136A080133DBB20132102AF4D123B9494A0333E2
S1136A180B43E0321380FEF7DBF90B000B990200FD
S1136A28994216D802D10A99914212D80A990B9818
S1136A38014371B10A9C0B9D10001900001BA94168
S1136A480D9C8C4200D9F5E003D10C9C844200D9FA
S1136A58F0E000220023119C1099A134FF34226035
S1136A686360002900D0C4E0324BC8331C685D68F9
S1136A78FEF7AEF902000B008D4200D9A6E002D160
S1136A88844200D9A2E0121BAB4114001D00294B1B
S1136A98D0331A685B680A920B93FEF799F90B00D6
S1136AA80B990200994200D994E003D10A999142C2
S1136AB800D98FE00A980B99121A8B410EB900225B
S1136AC800239D4202D803D1944201D922002B000D
S1136AD81849D8310C684D689D4204D800D07DE02F
S1136AE8944200D87AE0A41A9D410A940B950A9B13
S1136AF8013303D10B9B013300D175E000260D4B04
S1136B083100E0331B8840F2010C0C9333000A4A2D
S1136B18084811920C9A64461A41224224D0026809
S1136B2812B3109A62B903321A4122421CD007E008
S1136B38C05300207856002038570020685C002095
S1136B48027A0F9D1407240FAC420DDC1209AA42E5
S1136B580ADB427A119C520112199469D2691443CE
S1136B68002C60D00131C9B201330C30102BD1D1C3
S1136B78002E00D085E0002966D103230C9A00205A
S1136B8813439F4A0021E032138040F290230C25DE
S1136B98FB18186059603B00FC339B6C9B0708D4B6
S1136BA840F28C23FB58E0331B78022B01D0FFF70B
S1136BB8D3F928001DB0F0BD0C9A002A00D1ADE627
S1136BC8180061469FE6FEF78DFEDEE60124644266
S1136BD8E5175CE701225242D3176FE70020002132
S1136BE8874BD83318605960002300240A930B9408
S1136BF884E79EB1824BD0331C685D68FEF7E8F8E1
S1136C0802000B008D4205D801D1844202D8121B20
S1136C18AB415DE701225242D31759E77849D8318D
S1136C280A604B60E0E738250AAC721C6419A35566
S1136C38D6B299E70A9C0B9D0C980D9924184D41DE
S1136C48A41A9D410A940B950A990B9A40F2902331
S1136C583E00FB1819605A60139BFC36B26C002B7B
S1136C6800D1FDE22023674D13432800B364FEF7E7
S1136C780DFB0A9B2800B367F367FEF755FA002556
S1136C8889E76149614A0868424343F239001218A6
S1136C985F480A60B2FBF0F0C407241A141B94FB83
S1136CA8F6F07043241A18A8005D0A90129848B3A5
S1136CB81D00E4B218AB1B5D01340A9394FBF6F390
S1136CC87343E41A0F9BE4B2062B19D051490120EF
S1136CD8FDF728FC4A4A0A98E4320021525E0C2146
S1136CE84143474B4648E83341581B680120FFF7A6
S1136CF871F938B9013DEDB2002DDBD10D254AE714
S1136D084549E4E740F21123002000210A9AFA5485
S1136D187F33FB181860596040F28C23FC58230019
S1136D282200E9331B782078FF325BB2957FD9B211
S1136D38927A38B952B2DB00002D5FD137495B181B
S1136D489956C9B22300F0331A78354B49B20093E7
S1136D582300EC331B68F9F733FD324B10261B78FC
S1136D68012B00D00A3E40F2C413FD581121AD1B7B
S1136D78FD502300F0331A780F3359562A4B2078E4
S1136D8800932300EC331B68F9F71AFD40F2D8137B
S1136D9840F2B412F958891BF950A35C002B47D070
S1136DA840F20C23FB5C83B93133FF33FE5C3B00B8
S1136DB8E920FF335D7D20562D072D0FFAF714FDCA
S1136DC8761908252A00B04201D30022032523009E
S1136DD840F2C411F83379581B685B1840F2B011BB
S1136DE87B5023002831FC3379581B685B1840F228
S1136DF8B4117B50002A00D0CDE623E00B499EE76E
S1136E087856002034550020084000206D4EC641B5
S1136E18FFFFFF7F0440002000400020F0D800005E
S1136E2878550020F85A00208C550020B0D800006E
S1136E382000FC3043685B1940F2B0157B5183682D
S1136E485B18BB5040F2B213E35C5BB940F20C230D
S1136E58FB5C002B00D0F6E040F20E23FB5C012B18
S1136E6800D9F0E03C00FF346379002B00D1C5E081
S1136E780325042B00D08EE6DB4B1B68DE6840F24A
S1136E880C23FB5C4BB940F20E23FB5C012B04D8AA
S1136E98731C013600D3C3E01E003B00FC33DA68E0
S1136EA8002A00D1BCE03B00FF33597D40F2301387
S1136EB8F85C090703005C1EA3413C00090F5B183A
S1136EC808330430FF341B18617B9BB2994200D20B
S1136ED8A6E03D00A37BFC351370E86869690130BE
S1136EE801F034FF627DEB685A713B00FE33198B65
S1136EF8EA6891711B8BEA681B0AD371627DE868A2
S1136F081207120FB9490830FBF760F9637D40F2A4
S1136F1830121B071B0F1C00BA5C083432B140F254
S1136F282812B95CEA68093311551C003D0040F287
S1136F383013FC35E868FA5C0019296BFBF746F94D
S1136F4840F23013FB5CE868E418A4B20019A96B9A
S1136F5801F0FCFE3B000434FF33E4B25C7340F2FE
S1136F682813FA5CE868531E9A419F4B07321B6842
S1136F780A930A996B69C9688E4200D94CE19C4C02
S1136F880A9B2500FC35DE60EB689C46994B6146FC
S1136F985B7B043B0A936B461A8D2300FE335B8AA2
S1136FA80C936B69E1B340F200118A4238D8B739BF
S1136FB81891002118A881800C994681C180190C68
S1136FC81B0E4372330C0373330E43730023837312
S1136FD80A9B0172C373884B614600930723FBF72E
S1136FE8CFFCE8B9834BE8685B7BA96B043BC0180A
S1136FF801F0ACFE7F4B5B7B238024E07A4B1A685C
S11370089388013399B2918040F2A0220123B858A1
S11370180343BB503B00FE33198401F09FFE08B1C3
S11370280E25B8E53900754BFC3100931322022371
S1137038C968FBF7A5FC0028F2D101F08FFE0028EF
S1137048EED1637B3B8040F21123FB5C0A9340F250
S11370588C23FC58002326780F93002E00D087E059
S11370682300E9331B785BB20C930C9A644B9B5650
S11370780A9A11930C235343624A9B185B7A06338A
S11370885B019B182200E8329B7811781278181C4F
S113709852B25BB2934200DA081C012143B20F9347
S11370A80C9B10919A00584BD358584A934205D0D8
S11370B8574A9B185A4253418B4010930F9BFC34F8
S11370C8580005F08FFE011C606A05F05FFCA16A98
S11370D805F05CFC051C05F01DFE6B4648220024E7
S11370E812909B180021281C1C5705F06DF960B9F3
S11370F8129805F02FFE011C281C05F047FC0021FE
S113710805F03EF908B9013C64B20C230A9A3D889B
S113711853433C4AD058FDF791FC002040F6A07335
S11371280C9A0893079006900590072A00D083E0EC
S1137138012304930433029340F2E833119A2100A3
S1137148534346F2A8120093109B03900190EDB2AA
S1137158FEF74AFD29003000FAF7C4F82900300088
S1137168F9F7D6FF40F218230022FB1818605A607A
S113717840F249230122FA544333FB5840F2502188
S1137188E9331A7840F24A23FA540F9A0133FA542D
S11371980A9A1133FA50443B7918FB181A685B6849
S11371A80A604B6040F2682179180A604B6040F22B
S11371B81023FB5C23B940F20C22BB5C0133BB54A3
S11371C840F2982300200021FB1818605960397890
S11371D81048FEF7BDF8E0BB3A000223FC32916C7C
S11371E80B4393644BE5C04690530020D8540020C9
S11371F8C0530020BF540020F4540020E054002061
S113720878D900007856002058D9000090D003009F
S1137218E05EF8FFC253002040F230117D5C043C6C
S1137228641B00190024290001960094FCF782F8D5
S1137238002800D1A3E6F3E6082301260293119B54
S113724802000390009321003000109B04960196DD
S11372587DE7672800D151E51525662800D09AE412
S11372680B2598E4D0B5224C20212200FC32936CE3
S11372788B43936440F29823E3181E685F683300D5
S11372883B43BBB1FDF7A4FD02000B008F420AD8B3
S113729801D1864207D8921BBB4111001BB941F6A4
S11372A84073994206D940F28C230021E258FD3BF1
S11372B8D154D0BD0120FFF7C1FA03000028F8D04B
S11372C80120082B00D1093040F28C23E358E9331C
S11372D81A7840F24A23E2543C3BE25C3F33E254DE
S11372E8043BE054FAF782FB02F032FBE1E7C046C4
S11372F8C05300200023F0B585B002AA13800022F1
S11373080023026143610600FAF756FA20B9554B87
S1137318DB681F7D042F03D90124200005B0F0BDCC
S113732840F28C23504D3078EA58D83BD35C2BB9C3
S1137338020004339A430724002AEED103A901F07A
S113734851F8039B002BE7D127B928223900474875
S1137358FBF70EFB40F261230122EA5440F2892232
S11373680423A95C37780B43AB54082F72D8380030
S113737804F0DCFF057070535D7070706C00FBF7EF
S113738859F840F28C23EA5800201378E93259421C
S11373984B415B001370FAF785FA2B000024FF3386
S11373A85C712B00324AFC33DA602B00FF22FE3377
S11373B8DA81304B30481900F73A0193FAF706FF9F
S11373C8019908222D481039FAF700FF2000FFF729
S11373D835FA0400B8B9072140F29023EB181A686B
S11373E85B6832617361C4B31E4BDB681B7D002B81
S11373F800D092E740F210220421AB547932AB5CFE
S11374088B43AB5489E740F28C23EA581378E9326A
S113741859424B415B001370DDE70022022002A9A8
S1137428FBF72CF9431E984101210401D4E70C21F0
S1137438B2887156B068FEF7DDF92A000223FC32DF
S1137448916C00240B4393640121C5E700220D20AD
S113745802A9E5E701210224BEE72200380001F071
S1137468C1FD5AE780530020C05300202056002055
S1137478C253002078570020CE540020D654002050
S1137488F0B593B0F9F78CF8C4B2002C30D10623C8
S113749802A90B70174B2C27187AFAF78DF86A464D
S11374A80223D2191370144B060010000C93FBF737
S11374B8E7FB6B460325DB191D70104B0BA80C93D7
S11374C8FBF7DEFB6A460823D21913700C4B100035
S11374D80C93FBF7D5FB6B4604A81C741E75FFF7C9
S11374E809FF18B9074B1D8013B0F0BDFAF786FBE6
S11374F80420F9E7845100209F510020A75100205F
S11375088F510020E650002010B586B0F9F748F8EE
S1137518C0B2E0B903236A4668461370FFF7EAFE6F
S11375280C4C70B903000200010000F079FF40B967
S11375380122094B1A80022322781343237006B0D0
S113754810BDFAF75BFB02222378934323700420CF
S1137558F5E7C046D54E0020E650002010B586B0A9
S1137568F9F71EF8C0B2D8B908236A4668461370FA
S1137578FFF7C0FE0B4C68B903000200010000F0DD
S11375884FFF38B90123084A138022781343237024
S113759806B010BDFAF732FB012223789343237017
S11375A80420F5E7D54E0020E650002010B5154C10
S11375B8E37A5B0708D51B2300210320E372FDF758
S11375C8D1FC08B9F9F7CEF9E37ADB0719D51E23FC
S11375D84FF6F072E372A388A08899B28342FAD175
S11375E89142F8D8084A136810331360074B1B7884
S11375F8012B06D900210220FDF7B4FC08B9F9F7DC
S1137608B1F910BD00380A40E8510020405C002060
S11376181F21012201408A4010B543090349603300
S11376289B005A50FCF76AFF10BDC04600E100E019
S113763840F21A2370B5114A114D8168EA520400C8
S11376480620F9F755FC40F28013A522EF21EA50F1
S11376580C4B953A5A7059705A705B78934200D122
S1137668C0460320A168F9F743FC63681A781AB185
S113767811201856FFF7CCFF70BDC04680AAFFFF43
S113768800C07E40FFC07E40030000223C3310B59A
S11376981A7040F21A23074A0400D35A0BB9FFF7A9
S11376A8C7FF0122044B20009A6200229A62F9F76C
S11376B889FC10BD00C07E40FCC07E4010B5FFF7B9
S11376C8E3FF002010BD000030B585B0F9F7C9FA12
S11376D81C4B8000C458A06BF9F7A2FC142808D0EE
S11376E840F2F013184A616BD2580B001340114250
S11376F812D02000FFF7C8FF0723200001AD2B702C
S1137708F9F760FC62685368A3B1D2682800039251
S11377180022029298470DE022003C321278012A96
S1137728EBD0042A08D1226B0123002AE5D02000DB
S1137738F9F7BEFB05B030BD044BDB6A1B07DB0F52
S11377480233DAE7B04D002000C07E40FCC07E4022
S1137758F8B50500080016001F00F9F761FC0400DD
S1137768142804D12800FFF78FFF2000F8BD40F249
S1137778F0133400044AD3581C401E42F5D02800A4
S1137788FFF782FF3C00F0E700C07E4070B503635A
S11377984368C2621E78002533005A1E93410200D2
S11377A89B003C3281621370436904008363FFF7D2
S11377B83FFF0D4B5D71236B63B99DB92000F9F749
S11377C801FC0FE0182312222000A16BFFF7C0FF71
S11377D80500F0E735B92000F9F76AFB002EF1D06F
S11377E812236363280070BDFFC07E40F7B507000D
S11377F800253C373D70040016000191FFF718FF7F
S1137808FF23019A19499A431300194A26639B18BE
S1137818A3624D71190C8C46604632021549013A2F
S1137828D2189BB248824B81130C9C466046124B7B
S113783892B2586284234A830C4A537563681B784E
S11378486BB9216A1122200071431933FFF780FFB5
S1137858050010B92000F9F7B5FB2800FEBD012387
S11378683B7010336363236AA363F6E7FFC07E406B
S11378780000F0BDFEC07E40FCC07E40F7B50700A6
S113788800263C373E700400150001910093FFF771
S1137898CFFE1C4B019A9C461B481C496244467106
S11378A86B1E160C4E829B18194E92B24A811A0C02
S11378B89BB272624B838323437563681B784BB115
S11378C80523009A3B70033B1370A369A363002547
S11378D82800FEBDA16940F2F81369431022200074
S11378E8FFF736FF050040B9F36A009A1B07DB0F60
S11378F820001370F9F766FBE9E72000FFF7C4FEE0
S1137908E6E7C0460000F0BDFFC07E40FEC07E40F2
S1137918FCC07E4070B50400FFF78AFEE3683F2090
S113792840F2D81209491F2B0BD9203B5B081F339F
S11379388D58034085432B4320008B50F9F742FBB5
S113794870BD1F25013B2B408D58F3E700C07E40D6
S11379580A7810B50B00040041602AB111202200F6
S1137968097C1856F9F78EFB230000223C332000CB
S11379781A70F9F7C5FA28B92000FFF7CBFF08B940
S1137988014B236010BDC0464E45504F10B504004E
S1137998F9F7B6FA10B92000FFF7BCFF10BD10B50F
S11379A80400F9F76FFB2000FFF732FE10BD00005A
S11379B830B5EFF31082012383F3108898400B4904
S11379C8435A1BB10B5A013B9BB20B520B5A53B986
S11379D840F6FE01064C074B655A185A064B2B43D2
S11379E883439BB2635282F3108830BD58600020F1
S11379F800E0014070E2000000A5FFFF70B5EFF35E
S1137A081081012383F3108898400A4A835A53B992
S1137A1840F6FE04084D094E2B5B865B33434AF25D
S1137A28005633432B53135A01339BB2135281F339
S1137A38108870BD5860002000E0014070E200002A
S1137A480338052300B504280CD80C4B1B6804F034
S1137A586DFC030B0E1012001A690A601A0010322A
S1137A685A620023180000BD5B690B60F9E79B6943
S1137A78FBE7DB69F9E71B6AF7E7C0469053002088
S1137A88821E0300002170B50D2A0ED8012425009A
S1137A988540074AE0321088A84310800C225343DB
S1137AA80348181803F0CAFF2100080070BDC04637
S1137AB878560020094B0A4A1B6810B5934209D826
S1137AC840F60B03074A0120D35C03B90220FCF7F4
S1137AD813F802E0044A9342F8D910BDAC4D0020D3
S1137AE880841E0000E0014000366E0110B50400D9
S1137AF80020FFF783FF0A4BA400E2580123137008
S1137B081378DCB2012BFBD10020FFF751FF2000D2
S1137B18FFF774FFFFF7CEFF2000FFF749FF10BD02
S1137B28B8DF0000010010B580B90948094A121AE3
S1137B3803F084FF0848094A0949121A04F039FA7B
S1137B480848094A0949121A04F033FA10BDC04614
S1137B58A04C00205062002000400020004000207B
S1137B68000010400040002088400020400400002D
S1137B7810B5F8B1104B1A68904204D102681A6023
S1137B88002205E00A00002AFAD011688842F9D1D7
S1137B985968884200D15A600AB10168116000210D
S1137BA8FC33DA68C479013A121B0160DA600822EE
S1137BB8FAF7DEFE10BDC04674520020074B70B5BC
S1137BC81C6804B970BD20792568F9F7E7FE10B17F
S1137BD82000FFF7CDFF2C00F3E7C04674520020C5
S1137BE8F0B595B00692002200910CA9CA710EA9AD
S1137BF801900A80012B04D817000292009B9F422F
S1137C0801D315B0F0BD019B7D1CD85DEDB20238DF
S1137C181128F6D804F094FB1200300050016D01CD
S1137C28DF01FB01400269029E02F5FFF5FFDC0259
S1137C38F5FFF5FFF5FF6403F5FF7B03009B009C4C
S1137C485B1B012B00DC35E10320F9F7E9FE80B169
S1137C5803210020F9F7AEFE019BC64A595D40F2A4
S1137C687023D1540199BB1CDBB2C95C40F2712367
S1137C78D1540337FCB21DE13C00009B1B1B042BB1
S1137C8800DC52E30534009BE4B2A34203D9019B10
S1137C981B5D032BF1D0009B9D4200D1B5E140F25E
S1137CA88C23B44AD3581A00E23212780792002A75
S1137CB859D0029A002A00D0FCE0009AD21BD2B212
S1137CC81C780892002C00D0E0E06A1E09921A0081
S1137CD8E9202600072540F20F0CFF32517F0A9154
S1137CE81856E8331B785BB20593537A04940B93C4
S1137CF802940394089B9E4237D39F4B9F4A1B7858
S1137D08D356079A002A78D064B2039A0F2A7DD0F2
S1137D180A9A511E8A41039952008A421ADC8B42FC
S1137D2818DB002340F2010C9549049A60461A4175
S1137D3802420BD00A7A10070792039A000F904266
S1137D4804DC079A03981209824260DA01330C3181
S1137D58102BEAD102239D43029B0F2B00D0E6E2AD
S1137D68059B02935DE00522AAE7099B0199F21895
S1137D78019B9B188A5C032ABFD161465A781C79F7
S1137D88114012090392DA780291997812020A438F
S1137D980492072223091340624605361440F6B2BA
S1137DA8062B16D00625002BA4D1049A002AA1D0AC
S1137DB86D19049A01211A410A4205D02A005A432E
S1137DC86F4952181268B2B10133102BF1D107254B
S1137DD890E700230C210A005A43694D521912688E
S1137DE82AB101229A40049D1543AAB20492013390
S1137DF8102BF0D1EBE706257CE76A462C210024FA
S1137E0852181457059A039002927EE70390029B36
S1137E180F2B27D0002B37DB029B072B24DD0423F1
S1137E289D43E4B20CABDD71072D16D140F28C23CF
S1137E38504A0021D35803981A00E9325156814216
S1137E4803DA40F2BC1101205854039911701A0046
S1137E580299E832FF3311705C7205250024B6FBE1
S1137E68F5F521E0059B0293072DDAD104B9013415
S1137E78444B0222180000210593FAF779FD059B6B
S1137E88049AE4B21A80CDE70023ECE70026340014
S1137E98350002960396C5E70CAB01220320D91DD1
S1137EA8FAF7ECFB0134E4B2AC42F5D10123BC1976
S1137EB8E4B202932700A1E6009CAC42FADD40F24A
S1137EC88C232C4A0420D1580F22019B02375B5D76
S1137ED8FCB213401E32FF328B542C3AFF3A9A40BC
S1137EE8130040F290128B5200220EA9FAF7C6FB37
S1137EF8E0E7009B009C5B1B032BDBDD07220CAB3C
S1137F089B181A70019B40F28C205B5D194C19096F
S1137F18114011AA039151700F2120580B40B91C2C
S1137F281370C9B204900F2B03D10300FF335B7C99
S1137F381370019B0322591812A8F9F721FD642331
S1137F48129D05375D43049B11AE1B78FCB2756026
S1137F58D3B100200CABD8710EA9087001220520FA
S1137F68FAF78CFB40F2892210230248815C0B4308
S1137F7883549FE7C05300207056002080D9000026
S1137F8878560020585700202800F9F79BFB002357
S1137F98CA4ACB491278F356895606300CAAC0B29D
S1137FA80732002B01DB8B4203DD02239843107058
S1137FB8D2E710700728CFD140F28C22C149039E22
S1137FC88A58DBB21100FC32FF318E7215614B7492
S1137FD84B769561C0E7BC4BFF201B6D13B11B6842
S1137FE803B198470CAB18721F23069A9A4205DC12
S1137FF80133203202DB069A1F3313400CAA537252
S1138008062002220EA9FAF739FB2C0052E7009B3E
S1138018009C5B1B042B00DC4CE703220CABDE1D2D
S1138028B91C019BC9B2591811A85D5D3270F9F7E2
S1138038A7FC64230021119A01985A43BC1D0537F3
S1138048FBB2C35C0CA811921291037740F28C2303
S11380589C48E4B2C3581F78E7B92AB92800FFF747
S11380680FFD68B103270BE00FA811AB0F9305713F
S1138078FAF7C4FA042809D0052809D00028F1D051
S11380880EA90122072037700F702FE70227F7E7A0
S11380980127F5E70F00F3E7009CAC4200DC09E791
S11380A840F28C23874E0237F258019BFCB2595D8B
S11380B80F2319400B1C01B90123D9B240F2E8334C
S11380C84B431100F8310B6040F2E831FC325B1885
S11380D81360082000220EA9FAF7D0FA40F2892288
S11380E81023B15C0B43B354E4E6009CAC4200DCBF
S11380F8E0E640F28C22019B72495B5D8D580120B9
S113810829005A09FF3102408A770F221E091340B9
S11381186E4A06400237D05C4E77FCB22F0004F05A
S113812861FE02230CAAFC377862137596752878C9
S113813811A9F9F741FA00210F90E9356956031C92
S113814840B22A78884200DA131C002209202B70D6
S11381580EA9CBE6009B009C5B1B032B00DCA9E665
S113816803220CABDA71019BB91C5D5D11AEC9B277
S11381783570591812A8F9F703FC64230537FCB2C3
S1138188129F504E5F4340F28C23F358129718788D
S1138198D0B90F2D0BD83800F9F794FA0C236B4398
S11381A84B4A02309A58C0B242B9022398430CABE6
S11381B80EA9D871087001220A208DE7032805D179
S11381C8434A9B185F60F2E70020F0E70220EEE7DD
S11381D8009B009C5B1B042B00DC6BE60820F9F772
S11381E81FFC002868D008210020F9F7E3FB0822C7
S11381F8002111A803F022FC019B0422591911A89B
S1138208F9F7BEFB019A7B1DDBB2D25C40F2E8337E
S113821853431B12119D03932E4B2F4EED18FCF75D
S1138228D7FD40F2E832002304F0D8F8B488336864
S1138238A41840F2E7321818A3B224B2944203DD1A
S1138248264A01309B181CB21E4B1E4AFC331B6C79
S1138258ED1A40F24013D35A039AD31A99B21AB2B8
S11382681B0404D540F2E833C918013D0AB2A41826
S113827840F2E732A3B224B22D18944203DD174A20
S113828801359B181CB2FCF7A3FD40F2E832002329
S113829804F0A4F8A41A281AA3B222B2240404D518
S11382A840F2E8329B1801381AB240F23C23B280FB
S11382B8012204493060CA540637DBE470560020B2
S11382C880D90000C0530020BC54002060E20000A4
S11382D878560020803DD512B053002018FCFFFFCB
S11382E8009B1C005D1B032D00DCE3E500230EA9A5
S11382F8012211200B70FAF7C1F940F289221023E8
S11383080E490537885CFCB203438B54D2E5009BC5
S11383181C005D1B022D00DCCCE5002304370EA9EC
S113832801221320FCB20B70E0E5009CC2E5029B1D
S1138338002B00DB70E5002313E5C046C053002082
S1138348002370B58360836905009A681968120A66
S1138358FBF7F0FD040018B92800FBF715FE04002C
S113836828002100FBF709FB200070BD030010B5AD
S113837803240A4A0A4811680333A34308185B18FC
S113838840F200418B4206D903F0A6FB0C2303609C
S11383980120404210BD1360FCE7C0465460002031
S11383A88840002000BE704770B50D000400F9F73E
S11383B8EFFB0548F9F7E2FB290000222000F9F752
S11383C8CBFEF9F703FC70BDAFCE0000044B10B52B
S11383D8FC331B6D1BB11B690BB16420984710BD9E
S11383E8C0530020F0B50D4A0023D5682C7D9CB1FC
S11383F82E005368002210361F7887420AD0B342F1
S113840806D12B000132D2B29442F5D1002303E005
S11384180433F7E79442F9D00B60F0BD8053002091
S1138428F0B597B0049340F28C23C94C0892E358F2
S113843800251A00059011A805700291E2321278FD
S11384480CAE42701A00E4321268426040F2F41230
S1138458A25813921A00E832128852BA82811A007A
S1138468FF32517A1B788173527F03740FABC27346
S1138478310000930DAA0EABFAF752F800203056DB
S1138488F9F7B2F9B34BFC33DB680F2B00D94EE193
S1138498984200D24BE1029AD218C31ADBB2904236
S11384A800D245E1F9F788F901250600002800D033
S11384B842E1A94B18223100A8481F78FAF758FA64
S11384C840F24923E5543B3BE554023BE654049B04
S11384D8002B00D1B0E16D19012B00D02CE140F242
S11384E88C23E358FF335D7A0423039340F20D236E
S11384F8E554039B08AA5B0109930223137740F20E
S11385088C23E5580FA92B00FF335B7F93772878DA
S1138518F9F752F82B000B90E2331B78D3B9031CFC
S11385287AB240B20CAE904200DA3B1C33702B0096
S1138538FF335B7F287805223100B370F9F7DCF844
S11385480325002800D1F7E040F28C23E358327861
S1138558E9331A7040F29823E3181E685F68330001
S11385683B43B3B1FCF734FC02000B008F420AD83A
S113857801D1864207D8921BBB4111001BB941F6B1
S11385884073994205D940F28C230021E258FD3BFF
S1138598D15440F28C23E35840F2B4111A00E83263
S11385A812880726069255BA1A00E43212680D9208
S11385B8595C002900D116E140F22C11595C31B9FB
S11385C81E0000200021A136FF36306071601900BA
S11385D8E2310F7840F28F1111A8595C426040F2E1
S11385E8F41207910121A2584770017013921A00DE
S11385F88581FF32517A0B258173527F08A9C27392
S11386080A22521809211B7808AE037408ABED1826
S11386180DAB009389192B00F9F782FF079B8001A2
S11386285B011843FB01184340F28C23E758079079
S11386383B0009202A783056E933DA77B27A187081
S1138648013B1A70002340F2102123800023635455
S1138658059B24255A1E9341029A5B421A406B4695
S113866802921A7A40F23813E2546B465B191D7869
S1138678039BA570022B01D0012363542600042315
S1138688FF36737123003649FC33D960FF21B57373
S1138698089D717329316554F96C5961079971758D
S11386A840F230116254059A00211A6322002D4BBE
S11386B8FE321B68DB680133138340F24C22A1525B
S11386C80C32A350234BFC33DD680E95002D3CD0AF
S11386D8F9F78AF840F238130390E35C0293002B0D
S11386E844D00F2D42D8E9203856F9F77DF8029B7B
S11386F85D19ADB2A84239D30F201B4A0EA9F9F768
S1138708EBFFE0B1102640F28C23E358069AE833D5
S11387181A800A2E67D10A2540F24823049AE254A3
S113872840F289220123A15C0B43A35404E02B00EB
S11387380825834200D0B5E6280017B0F0BD0F2203
S11387480E9B1340079A1A43727500252CE0C04605
S1138758C053002074520020C45100200856002041
S1138768C253002090530020D85400203A003032DD
S11387780398FF320EA9F9F7AFFF0028C2D140F2DF
S113878828132200E0546533FF33E358FC323033B6
S1138798FF33136340F230130E9AE2540833E25C59
S11387A8002AD2D00A25E0540020FEF747F8060034
S11387B80028A8D140F28C2340F28F12E358985431
S11387C80D9AE4331A601D4B1E6816B9002DA3D008
S11387D8A1E73079F9F7E2F8376810B93000FFF704
S11387E8C7F93E00F1E740F210230025E554144B85
S11387F80E93144B11930EABE85C0DA9FFF7F2FD31
S11388080D9B4BB10D4A11ABEB5C106810B10279AA
S11388189A420FD1FFF7ACF90135042DEBD10120B1
S1138828F9F7E4F840F289222023A15C35000B43D0
S1138838A35481E70068E9E7022356E6745200204E
S113884803080B0C020D1012F0B58BB00500F7F7F6
S1138858F9FE04000020C4BBAB7C686843B92A78DD
S11388680C335343244A9A18506808B9224A985832
S11388780126224BAE579F57FCF7E0F86B7CA9689A
S1138888072E24D109930123002040F2E8320593EE
S1138898043301931A4B89B2029100934CF250317C
S11388A803007A4308900790069004900390FDF71C
S11388B837F8144B2000995D0D31C9B2F8F712FD51
S11388C840F224230120104AD6540BB0F0BDA878F6
S11388D8012408220993002389B207930693059378
S11388E80493039302910192010000933A00230038
S11388F820000894DBE7C0467856002078D90000A9
S113890885450100B8D90000C053002070B540F275
S11389188C260F4D0C00FCF7B9FCFDF775FAFCF733
S1138928E1FFAB591B788BB92000FFF78DFF68B1C5
S1138938AB59F4331868FDF7BFFC40F28823A27CD6
S1138948EA5418B1F7F7DCFFFFF740FD70BDC046E5
S1138958C05300200B88038070470000F8B52D4BE6
S11389689D7B052D1AD80020012D1CD900262A4CE0
S11389781422310029482670666003F05FF8182233
S11389883100274803F05AF8264B1B7863B12300BB
S113899846331B78AB4207D1012004E02B00093B86
S11389A80020012BE2D9F8BD2300463300221D70B4
S11389B80023A263E3630023A11D2200CB87802147
S11389C8473211702200483213704FF6FF701A00B4
S11389D8012740F2013C144923640E78AE420DD1BC
S11389E838420BD0052A08D8104ED30099519B1948
S11389F866469E803B000132D2B240080C4E2C31B0
S1138A08B142EAD10BB1483422700123054A1370EC
S1138A18C2E7C046D45A0020385A0020405A0020E1
S1138A28545A0020D05A0020CCDF0000045A0020F9
S1138A3860E2000010B50A4B1B7883B940F2B860B5
S1138A48FCF75EF901218843C0B2014340F2B860E3
S1138A58FCF77EF8FF2140F2B960FCF779F810BD05
S1138A680D5C002013B5254C08220021684602F04D
S1138A78E5FF2300E8331878214B1B78834201D0A3
S1138A88FBF7ECFF2300E8331B7813B1012B2FD03D
S1138A9813BD2300EC331A681A4B6946B3FBF2F38F
S1138AA81A0C0A708B701A0A23004A70F4331B7864
S1138AB843F60950CB702300F034F5331B78226851
S1138AC80B71B2FBF0F103004B43D31A41F68462F5
S1138AD89B039B18B3FBF0F389035B1869461A0CD4
S1138AE84A7108225BBACB808B20FBF737FFCFE7AC
S1138AF8F8342368042269460093F5E70C5B0020E8
S1138B080D5C00200000093D30B585B0304C01AD46
S1138B1809220021280002F091FF2300B8331878B5
S1138B282C4B1B78834201D0FBF798FF2300B83302
S1138B381B781BB1012B36D005B030BD2300C133DF
S1138B481B78F12B23D14FF6FF70FBF7E1FF48F2B6
S1138B580500FBF7EDFF02232200BA321288210038
S1138B6852BA2A802200BC310988C032127869803E
S1138B782100AA710922BE310988EB71A980C23487
S1138B8823782B7229008C20FBF7E8FED4E7F22B1C
S1138B98E2D141F60F50FBF7BBFF41F22100FBF78E
S1138BA8C7FF0623D8E72300C4331B880A4A5BBAE5
S1138BB82B802300C6331B781370AB702300C73394
S1138BC81B78C834EB7023880622AB80DAE7C046EA
S1138BD80C5B00200D5C0020DC58002007B56B46B8
S1138BE8082240BA49BA18805980002369461000FF
S1138BF80193FBF7B3FE07BDF0B585B002AB9C1D2E
S1138C08002302AAD51D28701E4A1F48237013701A
S1138C18431CDB7F53BB46680122337811009C4612
S1138C2867468368B9401F0089B2FE37F984019109
S1138C38614691408C466344FE33598B91430A4301
S1138C485A83019A316ABA845A8A897892B2012974
S1138C5801D18A435A820123002242618261C218E7
S1138C68C361C5600461D377FAF7AAFE80239B0227
S1138C78044A127812B9013B002BF9D1207805B0C7
S1138C88F0BDC046EC510020F85D002030B50B4A19
S1138C980221535E0424115F013393FBF1F4614311
S1138CA80025545F5B1A19B28C4206D00624145767
S1138CB8012C02D051809268D05430BDD851002084
S1138CC8F8B5436804000020032B22D0261DF56F55
S1138CD8202D00D9202527001F372A003800E16FEE
S1138CE803F067F90623A36023000833D86F39001B
S1138CF8836822695B6800689C462B006746B8470E
S1138D0823695B192361E36F5B19E367F36F5B1BEB
S1138D18F367F8BD0C4B02215A5E0020195E91429C
S1138D2810D00621595601290CD00020996888547E
S1138D3802215A5E0420195E013A92FBF1F0414384
S1138D48521A5A807047C046D8510020031D01703A
S1138D580130090A9842FAD17047000070B51D4CD9
S1138D6801202300FC33DA6892B32100FF314D7BE4
S1138D780018162D2CD9897B1170D968164A0B0056
S1138D8808331078013B013258709942F9D1230015
S1138D98FC33DB6811491A00083310320878013AA9
S1138DA8013150709A42F9D123002200FC33FE327B
S1138DB8D968108CFF344874128CD968120A8A74E2
S1138DC8D868596A1330FFF7C1FF1723002063736B
S1138DD870BDC046C0530020CE540020D654002095
S1138DE8F0B50500140089B0F8B3F1B3EAB3102262
S1138DF8684603F0DEF82600210068462700FAF7E3
S1138E08EFFC1036A0376846FAF738FD6846FAF7DB
S1138E187FFD694604A8FAF73DFD01A905A8FAF7FC
S1138E2839FD02A906A8FAF735FD03A907A8FAF738
S1138E3831FD102204A9684603F0BBF831006846E6
S1138E481036FAF7CDFCBE42DDD16846FAF716FDB6
S1138E586846FAF75DFD21006846A031FAF7C0FCC0
S1138E6810226946280003F0A4F809B0F0BD0000F8
S1138E78F0B58DB001AC2200224BE0CBE0C2E0CBD0
S1138E88E0C2E0CBE0C260CB60C2C0B3B9B30D00AE
S1138E98020010350B784E781B0636043343CE781F
S1138EA833438E7804313602334308C28D42F1D1FC
S1138EB8042240F2180CFF27134E0321C3680A4208
S1138EC816D16146CB41190E755C19003940715CA5
S1138ED82D060D43190C39401B0A715C3B40F35CA9
S1138EE8090429431B020B439108890061584B402C
S1138EF8016801324B40036104302C2ADDD10DB0E6
S1138F08F0BDC0467CE2000034D6000010B507234B
S1138F18040088B001A803704460F9F7B1FE20B9D1
S1138F28102221000248F9F751F908B010BDC046D3
S1138F38AF5100200023F7B5174A184C019123704C
S1138F481370174B5E7CDA68760092191700FE37A7
S1138F587E8A1D78B446012661460E4301997E82B5
S1138F68E9406E1C861901395E61996165B1018811
S1138F7807209B6811801856FBF7C0FA80239B02D0
S1138F8822781AB10020FEBD0178F1E7013B002BDD
S1138F98F6D10120F7E7C04620520020E551002011
S1138FA8F4510020030000205A1C05D0034ADBB208
S1138FB85B00985A8007C00F7047C04600020A40F9
S1138FC810B5431C0AD040F60073CAB20101194017
S1138FD80F23184001430248F7F716FF10BDC04697
S1138FE84C60002070B50A4EF468257D042D0ED817
S1138FF8B3680135DA7000229A7022001032597071
S11390081870191D2575934200D12100B16070BDF7
S1139018805300201FB504000078532863D803F058
S113902899F954005B006300660068006E007400E0
S11390386200620062006200620062006200620014
S11390486200620062006200620062006200620004
S11390586200620062006200620062007A008000BE
S11390688C0094009D00A400AE00AB00B100B800D1
S1139078BF00C500CB00D2001A01D900DF00EB0005
S1139088E500F100F700FD000501620062006200DE
S113909862006200620062006200620062006200B4
S11390A862006200620062000B0117011A012901C3
S11390B8620030016A017A0136013B013E01440134
S11390C84B0154015B016201660140F28C23984A0A
S11390D8D358E0331B7805E040F28C23944AD258E5
S11390E8D83BD35C23711FBD924B6360FBE7924B63
S11390F8FBE740F28C238E4AD358E233EAE740F286
S11391088C238B4AD3589B6CEFE740F28C23884A14
S1139118D358DB6CE9E740F28C23854AD358E13312
S1139128D8E71C2302A90B7040F28C23804AD35839
S11391381878F8F741FA6060D5E740F28C237C4A46
S11391480434D3580D33FF3305E040F28C23784AB6
S11391580434D358283306CB06C4C4E740F28C231E
S1139168734A0434D3581533EDE740F28C23704A1C
S11391780434D3583033EEE71A2302A9D3E719236A
S113918802A9D0E740F28C23694AD358FF335B7AAB
S1139198A8E740F28C23664AD358F4331B68A4E743
S11391A840F28C23624AD358F833F7E740F28C2311
S11391B85F4AD358FC33F1E740F28C235C4AD35816
S11391C8FC335B6891E740F28C23594AD358FC334B
S11391D89B688AE740F28C23554AD3585B7981E728
S11391E840F28C23524AD358E93373E740F28C2374
S11391F84F4AD3581B7975E740F28C234C4AD3580D
S1139208E83367E740F28C23494AD358EC33C5E77F
S113921840F28C23464AD358F0335BE740F28C2360
S1139228434AD358FC339B6A63605CE740F28C235F
S11392383F4AD3581B6CF7E70E2302A90B7040F280
S11392488C233B4AD3581878F8F7B6F920714AE7C3
S1139258042302A9F2E702236A46137240F28C231C
S1139268334A6946D3581A00FF32527F8A721878F3
S113927802A9E9E740F28C232D4AD258653BFF3B0B
S11392882FE740F28C232A4AD258CF3B29E72B4BAD
S11392981B689B88A38026E7284B1B6898E740F245
S11392A88C23234AD258613BE9E740F28C23204AB5
S11392B8D358FF339B7A15E740F28C231C4AD358C2
S11392C8FC33586A03F0D8F8C0E740F28C23184AF4
S11392D8D358FF339B7F05E740F28C23144AD358B5
S11392E8FF335B7FFEE6154B1B681B69FDE6134BDA
S11392F81B68DB68F9E640F28C230D4AD3581878CA
S113930810B1062800D0EEE6382302A90B70F8F74E
S113931853F9A080E7E640F28C23054AD35818781D
S113932810B1062800D0DEE6392302A90B7000E745
S1139338C05300206857002078570020905300201D
S1139348234A244BF0B51360234B244E5360244B1B
S113935899B09360234BD360234B3360002373602D
S1139368224BB360224BF360224B3361224B1B7AAE
S11393781F000A3FFAB2032A05D923B1092301932E
S1139388019819B0F0BD00241C481D4D104B14223F
S1139398FF212B60E86004756860A860F9F7E8FAB3
S11393A80122EB6821005A75C0321648FF32F9F7DA
S11393B8DFFA40F2A82221001348F9F7D9FA032F5B
S11393C825D8380002F0C6FF540222005002520287
S11393D83C600020092000000534000028600020BB
S11393E8C5340000F90B0000FB0B00002544000005
S11393F8FF0B0000010C000084510020245E0020B3
S113940880530020685E0020C0530020022440F2EC
S11394188C220120F14BF2491F0000258B507E3A23
S11394288854013A885440F2B012E0373D70ED4F49
S113943828009F500AAF3D7139000A957C711D7050
S1139448F8F72EFF40F28C221920E54C0094A3581B
S1139458B979603AFF3A9954FA7904AC1A713A7AAC
S113946800195A71F968FA691961019139695961E0
S11394780291796999610391B9691A62D961C07FC6
S11394888C46991DC8771800796A2C30996219633B
S113949814A9097801700172412019000019007893
S11394A8383108704220001900784870F96A179812
S11394B8D963396B009C196440F2F411605001209F
S11394C8591DC8771C000A2144349960043919735A
S11394D82070A834093020601800F030017004307E
S11394E80100019808601800F8300100029808602B
S11394F81800FC30010003988A60086060461A006E
S1139508486001211800FF32517240F2BD12E13067
S113951899540170B24840F28922FC300400B248E0
S11395282665E0641800AE4E9930FF30B554A16446
S1139538020000210020A133FF331060516018603D
S11395485960F8F777FF40F27C13A84AF5540433BE
S1139558F2500433F5500433F5500433F550A44A5B
S11395680433F5540433F2500433F5500433F550FE
S11395780433F5509F4A0433F5540433F25004334A
S1139588F5504C33F5500433F5509B4A0433F554E5
S11395980433F25040F28C220433F550A567E56792
S11395A8B55804AEA9353000FF35FBF75DFC0CCE89
S11395B80CC5924B92486365924BE365924B636684
S11395C8924BA365924B2366F6F7C3FD01900028DE
S11395D800D04FE18F4C01001022300002F02EFA27
S11395E80198631CD8772300012631331E702300A9
S11395F8022242331A702300053253331A702300AF
S1139608921964331A702300921975331A7023005F
S1139618763286331A702300921997331A7023000E
S11396289219A8331A7023009219B9331A702300B7
S11396389219CA331A7023009219DB331A70230063
S11396489219EC331A7023009219FD331A7023000F
S11396589219FF33DA7340F21F139219E25411334B
S11396689219E25411339219E25411339219E254C3
S113967811339219E25406AB190067487C3AF8F79B
S1139688A5FD200010220199F9F772F91022634808
S11396980199F9F76DF9624C624828220199206012
S11396A8F9F766F923684F49012219600199524272
S11396B8D96019005C4D9A801A615A619A61DA611D
S11396C81A6210310E3228005962FF320199F9F7F3
S11396D84FF940F28C22019B2B606B60404DAB58D4
S11396E82268524C11001431996610001900183080
S11396F88C3108602032BC33043048629A61FCF72C
S113970859FD4B4B3B341860FCF726FC40F28A2386
S1139718EE542D2338003B70FFF77CFC3A79454B17
S113972838001A70432325783B703D71F9F7A8FA7D
S1139738002800D1A0E03D4B0AAC40331878F9F773
S1139748B5FF3A4B394D3E331878F9F759FF1D22C6
S1139758364B200041331B7822702371F9F790FAB5
S1139768324B4235587AF9F717FF48232E7823707D
S113977833005A1E934120002371F9F781FA00B986
S11397882E7030232370263B63602000F9F778FAA3
S1139798294D2800FFF7BAFB297E11B12748F9F7AC
S11397A8BFFF0221214B264D9A7A2B798B43002B3C
S11397B800D183E000231D4A2B60967A012E5ED1E6
S11397C833423FD04B23EE8820002370A680F9F75C
S11397D857FA00B9EE80002634E0C046685E0020DF
S11397E8C0530020000400013C60002099080000D8
S11397F8A9080000B9080000D16700008D4E0000D8
S113980810550020FD4E000009090000F108000071
S11398182109000068570020CC5800207857002000
S1139828905300203C5E0020745200208451002094
S113983808400020D44E0020AF510020C851002019
S1139848D850002002232A681A425DD0AF684A33F0
S1139858200023706760F9F713FA00B9AF6076B196
S11398683000FAF7CBFC0AE00324D0E50424CEE563
S11398780124CCE5142382E525705CE72B600026DF
S1139888224F2E71FC37BB6C012B00D078E540F2D7
S11398988C25033323711D4B21005B590A961878D4
S11398A8F8F7FEFC194BBE645B59E03318780228BC
S11398B800D065E51E70F7F7F5FF61E5012ADDD1F3
S11398C8134F144938002B60FAF70AFC060068B9EC
S11398D8BB695B691B899BB1FA6899189B5A052B6C
S11398E810D906220C48043102F063FB0848FAF741
S11398F835F83043424250410323404203405AE77B
S11399082226F3E70326F1E71E43A9E7C053002004
S1139918384E002084D70000DE50002010B518B15E
S113992803000A3B032B0DD8074B1A7A824206D050
S11399381A00002143321170044A0231117118725D
S1139948FFF7FEFC10BDC04684510020D85000200B
S113995840F28922104B9A5C920704D540F23122D6
S11399689A5C012A0AD940F28C229A581100E231F1
S1139978097819B1E432116801311160002240F20A
S11399880C215A5404315A5401395A540221FC33D3
S11399989A6C8A439A647047C05300200023F0B538
S11399A8B1B0029309930D93F8F754F8E84B029A6F
S11399B801209A60DA605A60E64A1A60FEF71EF8D7
S11399C80320FAF799F80298FEF718F8E24A029B7E
S11399D813701378DCB2002BFBD12000FDF7E8FFED
S11399E8FEF768F80120FDF7E3FF40F2E8310800CC
S11399F8FAF7AAF80120FEF779F80220FEF776F8BC
S1139A08D64B1C86D64B1C80D64B00215A5E01329D
S1139A1801D009221A80D44C0021625E013201D09F
S1139A280C2222800020185EFFF7BCFA43425841FA
S1139A38CE4B18700023E05EFFF7B4FA4342584156
S1139A48CB4B01301870CB4B1A00A4320020115EA6
S1139A58013101D01321118014215A5E013201D041
S1139A6821229A8228215A5E013201D028221A859D
S1139A7800215A5E013201D00E221A80BE4B002109
S1139A885A5E013201D019221A800020185E012181
S1139A98FFF796FAB94CBA4B621CA360B94B6360E2
S1139AA8B94B63620023A362D377EFF310810122D9
S1139AB882F310884020B54D6B6883436B606B68F4
S1139AC881F31088A36860680393457A016A049552
S1139AD8AE038D780F792E4320253543CE78ADB269
S1139AE8AC4676033D032E43457B0378ED01A84835
S1139AF835432843039D80B20590FE35688D049E46
S1139B0880B2002E00D077E166462A850D78497820
S1139B18ED032E43B5B2AC461D000835AA404902F0
S1139B2889B292B2012F00D064E1904301229A4095
S1139B38039D039EFE35AF8D92B25B00F318174365
S1139B48AF851F006646FE377E82059E90437E835E
S1139B58198068850121AA841720884AFDF71FFF08
S1139B688C4B022223608C4B0021186840F200437E
S1139B78806801F065FE894B5D78002D00D085E092
S1139B880121874C59707E4B2582E360854BA56281
S1139B98A360854B25706362EFF3108281F310880C
S1139BA87A483F3143688B434360436882F31088A3
S1139BB840F20F0C66467D48E368017803938F00F2
S1139BC8BE40637CC9030493039BFE331A8DB243DE
S1139BD88678BE40324392B21A858AB2232105920E
S1139BE81143049A039E5200B2181700FE37798273
S1139BF86F490126798341780498490289B2118012
S1139C0801228240988D92B2844690439885DF8ED3
S1139C18588D97431043DF865885604602439A85DA
S1139C28644B07201A7816431E70049B039A013369
S1139C38DBB25B00D3181A00FE325081059E1C303B
S1139C48FF303043508244F29740508319802200F9
S1139C5829001B206561A561E5612562FDF79FFE6A
S1139C68A368DB7A5BB2213304D0220029001420D4
S1139C78FDF795FE0223504D0021AB841220484A7B
S1139C88FDF78DFE0123AB844C4B63604C4B4D4C6C
S1139C98012004256360FDF7B1FE40F24032022141
S1139CA8494B01209D505219995040F6600348F2DF
S1139CB80001464A464ED152FDF77AFE454B464AC4
S1139CC82360464B46499A6100221A75454BDA606F
S1139CD81A610132336059601A72EFF3108182F30A
S1139CE810881020294CE2688243E260E26881F31C
S1139CF810883D4CA279120700D0A1E08222A272FA
S1139D08A27A4421D20902B9290038480278551C9C
S1139D1805700AB94032A27101255A68E171127CB2
S1139D28334950082A40920002359540401801787A
S1139D382943C9B201705B68187803286DD80122D9
S1139D48524202F007FB6500E203E903ED03C04653
S1139D58E85D0020434743000CE8014000020A4044
S1139D6860020A40985D0020845D0020F85A0020B3
S1139D780D4000200C5B0020E45A0020F85D002010
S1139D8800200A4040DF00003D090000FC6F044049
S1139D9807C0FFFF53554153384000202452002088
S1139DA8F451002064DF000049130000144000202F
S1139DB89780FFFF00100A40FE200A405555415382
S1139DC888DF0000AC5D00200060004000E0014036
S1139DD8E05D00204D504C5245520000405C00208C
S1139DE890D80000B85D002000380A40B45D002017
S1139DF808380A40104399E64A791A4322B90349B4
S1139E080432CD782A43CA7000218FE600100A4034
S1139E18E64A1B7C9B18FF221A70E54A022121207E
S1139E28FDF7BDFD4423E371453B23801B332373B6
S1139E386833A372A27A423B1343A3721C23E372CE
S1139E48DC4ADD4B042553600023DC4F15813A605E
S1139E58D3601361EFF31080012181F31088D84B8C
S1139E68DB688B43D649CB60CB6880F310888023AA
S1139E78D4491D200B870B0048F20001D982022126
S1139E88D14B4942198049195581FDF788FDA379B9
S1139E9830689C466646027AE37A4068217B93439D
S1139EA83243C6690078C9B2032805D1307801283D
S1139EB800D13CE31020834321730121E372A27192
S1139EC8A379C2480B43A3710423A2791343A37152
S1139ED83B68BC4A5B899386BD4BBE4A136040F21B
S1139EE8002200234260BC4A03608260BB4ABC482B
S1139EF8136002601F20D080BA4ABB481360002355
S1139F08C3563BB9B94BBA4A01701A60B94A5A6088
S1139F18B94A9A600022B94B9A560AB901321A70A2
S1139F28B74BB84A00211A60B7483C22F8F720FD1D
S1139F3840F20013B44A00201360FAF773FAFFF7EB
S1139F48FFF9092800D0F7E2B048F7F717FEF7F74A
S1139F583DFEAF4A13785BB100239C49137089799D
S1139F689F4A49B21268012900D0EEE20233137005
S1139F78FCF7C6FA24A8F7F783FDA6490A78531C08
S1139F88DBB20B700AB9F7F780FD249B83F31088C2
S1139F980023A14E24A834683360F7F771FD9D4A65
S1139FA81378013BDBB213700BB9FAF7B3FA249BAD
S1139FB883F31088994F002C00D105E2E3B208938B
S1139FC820231C4200D1CEE0FBF7A6FFFAF700FFDE
S1139FD840F2B013FB5800249C46914B25001A68A4
S1139FE85B68801A9941844505D963461D1A40F275
S1139FF8B413FC58241A8B4B18000393FBF746F947
S113A00840F288130398FD500433FD50FBF78CF895
S113A018854D2800FBF73AF940F29C132800FC50C0
S113A0280433FC50FBF780F840F28C23FB581A00E9
S113A038E0321278022A03D040F21022BA5CB2B19C
S113A048152224A90A701878F7F7B6FA40F2B4135F
S113A058764DFC581A9024182800FBF717F940F29B
S113A068F8132800FC500433FC50FBF75DF8664BEA
S113A0781B68DB0750D56E48F9F7AAF90024624B30
S113A08834331B78A34201D900F016FC6948F7F76A
S113A09875FD002201211000F8F75EF86548F7F70E
S113A0A86DFD002201211000F8F756F86148F7F712
S113A0B865FD002201211000F8F74EF85D48F7F716
S113A0C85DFD514B0022986A0A21F8F745F8594872
S113A0D8F7F754FD4C4B2C331B78012B01D000F0BF
S113A0E8F5FB494C5448F7F749FDE069002205217E
S113A0F880B2F8F731F85148F7F740FD237E002085
S113A108022B02D84E4A5B00985E0022052180B2D9
S113A118F8F722F8F7F75AFD40F28C23FA587B3BFC
S113A128FC5CE33BD4543E4B1868596813787BB9FC
S113A1380C33634340F2B414424D145D5B195B7AEB
S113A1485B01002C00D1D0E35B19D033186059604F
S113A15840F210239932FF3210605160FB5C13B94E
S113A16840F24922BB541022089B134200D1FCE060
S113A1780021203224A801F061FC282200211AA819
S113A18801F05CFC304B9A6803920E229C5E9D8918
S113A1981B7C32785BB2069340F28C23F9580698FC
S113A1A8CB6CE0310793012350E0C04600380A40E5
S113A1B8B85D0020CC5D002070D80000E45D00206C
S113A1C8FC6F0440FE260A4004260A40D8510020A9
S113A1D8D4DC0000785C0020D64E0020884D002096
S113A1E810400020844D00207E5C00206C5C002020
S113A1F8945C00207F5C002014001400E4510020CB
S113A208F0510020250C0000945A0020EED20000E2
S113A218D4510020685C0020B8530020C0530020AB
S113A22868560020485500205C550020B855002089
S113A2387AD3000000D000007ED3000086D300004B
S113A24898DC000078560020985300209A43327016
S113A258002340F24C2240F23126BB541E3ABC5231
S113A2680232B8545832BA5CBA5540F22222BB5270
S113A2780332BB540332BB500432BB520632BB54C4
S113A2880232BB50143ABB541832BB500432BB548C
S113A29840F240230022F8180023026043600B7840
S113A2A80BB9FBF759FEBB5D13B9D648FAF7EEFFB5
S113A2B8D54B1B68DB074CD5D448F9F789F8002639
S113A2C8B54200D919E3D248F7F758FC0022052112
S113A2D82000F7F741FFCE48F7F750FC002203218E
S113A2E80698F7F739FFCA48F7F748FCF6F706FA6D
S113A2F80121800908400022F7F72EFFC448F7F728
S113A3083DFCC14B00221C0018690A21F7F724FF01
S113A318BF48F7F733FC237D012B00D0F5E2BD4895
S113A328F7F72CFCA0680022052180B2F7F714FF88
S113A338B948F7F723FC23790020022B02D8B74A3F
S113A3485B00985E0022052180B2F7F705FFF7F756
S113A3583DFC0120F7F74AFB002D00D0F8E240F25B
S113A36821230122FA54FCF74FFA089B1B071DD539
S113A37840F28C23FB58E0331B780BB9FBF7ECFD58
S113A388F7F70AFA40F249230220F854F7F72EFBAC
S113A39840F21023FB5C1BB140F20F230122FA5454
S113A3A840F289222023B95C0B43BB54089B5B070A
S113A3B803D506210520FAF7F5F9089B9B0703D571
S113A3C804210320FAF7EEF924A8F7F759FB944976
S113A3D80A78531CDBB20B700AB9F7F756FB249BB7
S113A3E883F3108800238F4A24A814681360F7F7AE
S113A3F847FB8B4A1378013BDBB213700BB9FAF7AE
S113A40889F8249B83F31088002C4AD0E5B2E4072A
S113A4181FD540F21123FA5C593BFA54D433FA5845
S113A42840F2BB111300FF33987A7854997F40F2B5
S113A438C813F954002340F2C9117B5401317B54E9
S113A448B533FF33D25C784917337848FA54FEF7AA
S113A4585DFAAB0721D540F21123FA5C453BFA5467
S113A468C033FB5867481A00FC32116940F2D01215
S113A478B9501A00FF32917F40F2DC12B95400211E
S113A4880132B95401320131B9542A3A9A5C40F282
S113A498DF136749FA54FEF739FA6D0701D5FCF75B
S113A4A8E1FE40F28923FC5C20231C4201D100F028
S113A4B878FE40F28A230022FA543A00FC32936C64
S113A4C8190602D582218B43936404252C4201D1B9
S113A4D800F0EDFD0020F7F7A3FA002801D100F001
S113A4E8DFFD544AD1680B7D3BB10800536892687C
S113A4F810309A4201D000F0C0FD3A000221FC322B
S113A508936C8B43936400F0D2FD1B7C4A495B082F
S113A5185B005B181A8080E40023638022807CE45B
S113A528DB691B78012B00D077E4628075E4142082
S113A538294383432A43BFE4142801D13F4804E54F
S113A548032800D005E53E48FFE401213D48817118
S113A55840F20141118002000020115E0220125EC7
S113A5681800914221D0374D00216A5E02216C5EA9
S113A5780021944210D00424295F013292FBF1F4A3
S113A5886143521AA968AD798C186DB2895C012DA2
S113A59800D020702B4C22802B4A9A18127852B281
S113A5A88A4223D10133042BDDD1284B1B685C7804
S113A5B8082C16D0DB7813B12548F7F7DFFA230007
S113A5C834B10123042C03D00333072C00D1023BFC
S113A5D8204ADB009B185868F7F7D0FA1C48F7F7AD
S113A5E8CDFA0023174A93711360C1E4DBB2022B3E
S113A5F832D00022032B00D05AE1144B1B681A8076
S113A608D3E7C0465C550020945A00207AD3000052
S113A61800D000007ED3000086D3000098DC000040
S113A628685C002094530020785500204855002089
S113A6388C5500208053002000380A4024D30000A1
S113A6484BD30000D8510020D0DC0000104000207B
S113A658ACCE0000A0DC0000B34B00229F5E9A68D9
S113A668D7192B2964D1B14B1B68DA880892B04AF0
S113A678166840F201421A8000230393AB4B089AF0
S113A6881C68039B934290DAB589002D00D19DE0A4
S113A6982A003900306901F07BFC002800D088E0EA
S113A6A8039A7B19A2807D573D2D43D03F2D00D1BD
S113A6B8EAE0002D00D1F7E00223237079E0C9B263
S113A6C808003038092802D9413905290FD801333F
S113A6D81EE00300413B052B0CD8373840B25368C1
S113A6E8984762E701204042591CF8DA1EE0092322
S113A6F85B421BE001204042F1E708320023D356B5
S113A708002B00D151E7002179569942F5D13B003D
S113A718012159560029D2D1DB1B1BB2012BE1D1EF
S113A72878780300303BDBB2092BD2D858B2D6E78D
S113A738804AE3E701229A56DAB35D1C2B000590A0
S113A74800229A5652B97C4B1B785BB20A937B4B16
S113A7589C46059B93421EDD00230EE02C2A02D062
S113A76801229A561AB9059A013252B20592013356
S113A778E6E75C1C2C2803D02300E8560028F8D10F
S113A7881BB20493002B2BDC6C4B1A6800231ABBF6
S113A7980BB1F6F705FF0522644C23681A70336879
S113A7A82BB138009847002223681A705870F6F7BE
S113A7B8F7FE5E4B1A681378002B00D1F5E6052BDB
S113A7C800D1F2E6022B01D1013B1370039B14362E
S113A7D801331BB2039351E7013312681BB2D6E766
S113A7E80020049BE8540A9B002B01D100F052FE80
S113A7F853490823C85E0690002801DC00F04AFE8D
S113A8080C000B680A20085E0B9060680790079993
S113A818411A09B20C000B99A1420ADD411C0C0033
S113A8280021415611BB069C4549013C0C8101217C
S113A838017004995D6019814049086830B1046861
S113A848834216D13D490C60002101600021196042
S113A85861460868B0B1040000680028FBD1236091
S113A868049B01320133ED1852B272E720000C3315
S113A878CDE7040000680028E8D08342F9D11968BC
S113A8882160E1E70B60EBE701255D57002D90D1CE
S113A898052323707368002B8BD038009847234B0B
S113A8A81B681D70587084E705232370B368F2E7AA
S113A8B81E4B1B681A7078E6224B02211B6B185D2D
S113A8C80134F7F719FCE4B2FFF7D9FB1E48F7F790
S113A8D855F94CF250331B4A0020D2699A4200D1F0
S113A8E8323000220221FFF713FC184C1B191C00FC
S113A8F8D03420606160C83328E4039B0221985D4A
S113A9080136F7F7F9FBF6B2DAE40F48F7F736F948
S113A9184CF250330B4A002092689A4200D13230EC
S113A9280022022111E5C046D85100201040002021
S113A938785C0020C0DC00007E5C0020844D002090
S113A9486C5C0020945A002089D3000078560020BB
S113A958039B1B780A935B09032B00D156E1052B53
S113A96800D14FE1012B00D071E32B001026113BDD
S113A978B3439BB2002B00D0F1E4039B1AAC1A93A7
S113A988EBB20493237140F28C23FA58D83BD35C7E
S113A998002B00D0E3E40398013D013003000222B8
S113A9A8A9B2F8F7D3F8002800D029E11A990029A8
S113A9B800D0A4E010241AAB1B7CDA43120701D19F
S113A9C800F047FD1B071B0F10AA137340F28C23DA
S113A9D8FB5810A91A00FF32927F18784A7307228D
S113A9E813A9F6F789FE002C01D000F036FD0028E3
S113A9F801D100F032FD40F28C23FC5831212000B3
S113AA0810ABC91803224830F6F7BAFF22001D9B81
S113AA181AADE3642B7CFF325B065B0F93722B7CCD
S113AA28D943090703D01B071B0F537453761AAB7A
S113AA385A7C02B9013240F2E8335343220040F20F
S113AA48E831F83213605B18536023000122FF33A6
S113AA585A7240F2B2130022E254237863BB0224F0
S113AA6820000134E4B2FDF70BF8102CF8D1049B54
S113AA78212B21D1093310AA9B18DB7FE3B950227B
S113AA88642616AB1A721AAD0E3C0021EB7C2A7DA3
S113AA981B0212041343AA7C17911343734316AA87
S113AAA8169323B114A814920471F7F7A7FD01347F
S113AAB8E4B20335072CE8D140F28C230221FA587A
S113AAC8D83B0020D154F6F7ABFF18B10021080099
S113AAD8F6F770FF40F23123FB5C012B00D9C5E285
S113AAE840F21023FB5C002B00D0B7E240F289222D
S113AAF82023B95C0B43BB54F6F74EFE35E42E20F5
S113AB080B780322637110ABC0180131F7F75EFBB1
S113AB1831201A9910ABC01803220431F7F756FBF9
S113AB281A9D0422E91D1DA8F6F72AFFEB7A23745F
S113AB382B7B63742379212B5DD129003A2010AB38
S113AB480D313200C018F7F741FB1D211A9E04226B
S113AB5823A87118F6F714FF0020AB4D1AAC2B6824
S113AB6898702279239B043A92B20393002E47D01B
S113AB7816AB0093310002231690F7F701FFF8BBD8
S113AB88169B039A9A423BD1E279237A12021B0458
S113AB98A1791A432B680A43996803248A4200D18D
S113ABA809E740F2A0219A6002227858043302434C
S113ABB87A50312210A952182E2110A809180820F9
S113ABC8F7F7B0FD0400002800D0F4E6312210A9FC
S113ABD852182E212B6810A8091804330720F7F7F8
S113ABE8A1FD0400002800D0E5E601222B685242AA
S113ABF8D8601A61DFE6112B00DDDBE60D21A5E73D
S113AC080F24D8E640F220230122FA5440F28C2380
S113AC18FB5818781A000300591E8B41FF32927FA3
S113AC285B421A4040F2242314A98A70FB5C4B70DF
S113AC380D230B70F6F7C0FC2A000D3A1290131C72
S113AC48120400D50023129A1BB212B2934201DDFA
S113AC58FFF785FB0B2D01D8FFF781FBFF22039B30
S113AC6824AC24932EAB257120001A70F7F784FDC9
S113AC780600002801D0FFF772FB23891193269B55
S113AC88059340F23823059AFA50207B0F230200DB
S113AC981A40184204D0423310A95B18DB7F83B9E9
S113ACA82EAB1B78002B47D0002A01D0FFF757FBA7
S113ACB8512310AA9B18DB7F5A1E93410233049335
S113ACC800E00496079B059A93423FD040F28C23F8
S113ACD8FB5800211D001E005435513624224A43D6
S113ACE8AC58A446059C644528D1B45C34B39A187E
S113ACF8110052310978926EE033079115681A7879
S113AD080323022A00D0023340F23122BB54049BAD
S113AD18032B01D0FFF723FB6023184201D0FFF770
S113AD281EFB079B042B68D8180001F013FBAC0327
S113AD38A9034D00A603AF030123C0E70131042989
S113AD48CCD140F221230B22FFF70CFB042300256E
S113AD580793013B039324ABDC890023039816A9CA
S113AD681693FCF76DFE002842D1169D6B1C04D087
S113AD78ABB2E31A002B2ADDEC180023039816A9BA
S113AD881693FCF75DFEE8BB169BA34201D301337F
S113AD9838D124A8F7F7F0FC002298BB1B4993008C
S113ADA85B1819780798814229D15A789B780C92B4
S113ADB80F930599269A24AB914229D00B2340F28C
S113ADC82122BB54FFF7CFFA01260623C2E743B971
S113ADD8093340F22122BB5440F23423FD50FFF7DB
S113ADE8C2FA80232D0C2D042C195B02E418C4E745
S113ADF801230728EDD10833EBE70123E9E7013202
S113AE08052ACBD10C23DAE7905300201740002001
S113AE18249A07921A79DB6A043A0E926A461093C6
S113AE28128F079B0B92002BECD0130040F20012F8
S113AE389342E7D816AD00212800F03AF7F798FDB9
S113AE484923169340F20013AB80119B0E9AEB80B2
S113AE58059BEA731B0C2B72059B6C811B0E6B7292
S113AE68230C2B73230E6B730023AB73139313AB55
S113AE78009328000F9B0B9A0799F7F781FD002888
S113AE88C0D1139B109A9A42BCD1512310AA9B1883
S113AE98DB7F0BB907330C932EAB197801230C9A7B
S113AEA800932D98059B0194F8F744FA00286FD174
S113AEB80398784B04381B68032803D801F036FA42
S113AEC8606264661C61002240F2212340F225205E
S113AED8FA540133FE5424AB1B7BD906C90F3954E9
S113AEE840F228217A5004317A549B0608317C5068
S113AEF8DB0F02397B5417317A5403317B5440F207
S113AF083123FB5C012B03D840317958E4310A60C2
S113AF18614C012E40D140F220220221A15440F27A
S113AF284822A15C24AA127B012B05D8012901D14E
S113AF38920601D5FCF742FE40F23123049AE35C01
S113AF4824AD022A7ED0032A08D0297B0907090FD9
S113AF58012A51D0069A28A8FCF742FE512310AAC8
S113AF689B18DA7F40F22323E2546A6A0533E250DD
S113AF782EAB1A7840F22C23E2540122013345E027
S113AF885C61A0E79C619EE7DC619CE71C629AE730
S113AF98022800D112E735E740F28C22A1581F227B
S113AFA80A9840F28F159043020040F22020A02A0C
S113AFB81ED19F3A4A55B232FF328A5C1AB92F9D84
S113AFC8B932FF328D50012222549342A7D940F25C
S113AFD8402241F640700021A2181060516040F2EE
S113AFE898222E49A218086849681060516096E7AB
S113AFF800224A55225492E7069A28A8FCF7F0FD45
S113B008512310AA9B18DA7F40F22323E2545123D8
S113B01810AA9B18DA7FE02A0DD140F28C23E1585C
S113B028CF3BCB5C3BB940F2232162544932FF3217
S113B038A3500432A35240F289220223A15C0B4399
S113B048A35447E52EAA1178686A069AD6E740F20F
S113B05821230122FA54FBF7D7FB3BE540F24C23AA
S113B068FB5C002B00D141E5FBF7AEFB40F231233A
S113B078FB5C022B00D13FE538E51D78002D00D19B
S113B08812E2834202D10B00FFF733FA0433FFF7CD
S113B09830FAC04690530020C05300209853002033
S113B0A82800F6F7BDFC002801D0FFF726FAE307CD
S113B0B827D540F24823FB5C002B00D0E7E040F2A0
S113B0C88C23FB5840F20C211A00FF32795C527A27
S113B0D891420BD2A40700D4F3E0E0331B782BB1E0
S113B0E840F23123FB5C002B00D0EAE0A24C2000A4
S113B0F8FAF7CCF82022783CA36C9343A364FEF7B8
S113B10827FC3B0040F28921FC339B6C7A5C1BB121
S113B118012B2CD153072AD505207B5CD4B2834359
S113B1287B54012340F28A217B541A4205D03B0008
S113B138FC33DB6C91481B689847640711D50025DC
S113B1488F4CE3681B7D0393039BAB4200D0D1E093
S113B158E3681B7D2BB140F289220423B95C0B43BD
S113B168BB5440F289222021BB5C8B43BB543B0077
S113B178FC339B6C23B9834B1C68002C00D0E3E0A0
S113B18840F2A02440F28A2301223859FA5440B1EB
S113B1983B00FC331B6D13B19B6803B19847002334
S113B1A83B5140F2892410253B5D2B420AD00523EC
S113B1B824A803803B00FC33DB6CDB6898473B5DC9
S113B1C8AB433B5540F289220221BB5C0B4207D0BA
S113B1D88B43BB543B00FC33DB6C6B485B68984780
S113B1E83B00FC339B6C012B07D040F28823FB5CAB
S113B1F8023B012B01D8F6F70DFBF6F7B5FC002846
S113B20801D1FEF7A6FE72B6BFF34F8FBFF36F8F5F
S113B21840F28C23FB58E0331B78022B30D05B4B75
S113B2281B786BBB5A4B1B6853BB5A4B1B68DB051B
S113B23800D4B5E072B6BFF34F8FBFF36F8FF6F744
S113B24893FCC0B10120F6F75DFC10250226524C90
S113B258276862B6BFF34F8FBFF36F8F23689F428F
S113B2687AD072B6BFF34F8FBFF36F8F23682B4228
S113B27878D00023236062B6BFF34F8FBFF36F8F7C
S113B28862B6BFF34F8FBFF36F8FFEF762FE012BD9
S113B29817D140F20F23FB5C002B00D131E740F2B9
S113B2A80E2340F20D22FB5CBA5C9A4216D9A4071D
S113B2B803D540F24C22BA5CC2B940F20E220133E3
S113B2C8BB5440F289222021BB5C8B43BB5440F21F
S113B2D80F230022FA54FBF7C5FF12E740F24C2172
S113B2E87A5C1AB940F210207A543A5440F24D224A
S113B2F8BB54FBE640F2602140F2612063681A788F
S113B3087A54597839549E78CEB1236823489B6877
S113B3189847E3681A7D4AB1013A1A751A006068B9
S113B3281032011D904200D11900616026B9029AB9
S113B3380D990998FDF756FE0135EDB204E7DB785F
S113B3480D9102930992E4E72079F6F727FB002888
S113B35800D0A2E0246810E7F6F706FC002800D025
S113B3687CE77EE72368334283D1F6F7FDFB0028A8
S113B37800D06CE77DE7C04634550020085600200D
S113B3888053002074520020E0550020385C0020CF
S113B39894530020945A00206C5200202056002018
S113B3A872B6BFF34F8FBFF36F8FF6F7DDFB00283C
S113B3B800D160E70120F6F7A5FB012540F66006F9
S113B3C82800FCF71BFB3D4B5A681178022905D06D
S113B3D8002303290DD12832127852B9384B1A6840
S113B3E800235202D10F9A4203DB364A137B1173AE
S113B3F8DBB2354A925BBFF34F8F30BF2F4A526896
S113B4081178022904D0032908D1283212782AB9DC
S113B4182B4A1268520201D42A4A13732800FCF7F3
S113B428C7FA62B6BFF34F8FBFF36F8F72B6BFF31D
S113B4384F8FBFF36F8F254C2368DB0600D518E7C1
S113B44823689B0700D514E7F6F78EFB0028B7D1CD
S113B4580FE7002C01D1FFF7CEFA0020F6F7E0FA47
S113B468002801D1FFF736FB00210820032C01D165
S113B478FFF72EFB0720FFF72BFB0126072369E4C0
S113B4880523079E66E40126042363E4049B01263E
S113B498039360E400231B81FFDE40F2892210231A
S113B4A8B95C0B43BB546BE65B78002B01D0FFF708
S113B4B824F840F20C22BB54FFF71FF8AC5D0020BF
S113B4C8FC6F04400054004000E001406C5200202E
S113B4D8484A494B70B59A600122484B484C1A7047
S113B4E840F6FE03474A0025E252474B474ADD60CF
S113B4F81A60474A5A6048F200029A601A61F8F7DB
S113B508D3FA40F600031A2240F62401E254635C9D
S113B5188BB1404B4048DA680240DA60DA687F262B
S113B5283E48C27A3240C2728022D868120402436A
S113B538DA60DB68655440F60C03E25C0AB1002269
S113B548E2540320F8F7D8FA002240F60803E2543C
S113B55840F61202A35CDB07FCD540F62303012165
S113B568E25C8A43E254E25C9207FCD440F621038D
S113B5780121E25C8A43E254E25C9207FCD440F67F
S113B58820020121A35C8B43A354A35C9B07DB0F1C
S113B598DDB2002DF9D1022640F61802A654013274
S113B5A8A3540132A354F8F77FFA3000F8F7A4FA49
S113B5B840F6FE031A4A2800E252FCF7B3FAF8F7F9
S113B5C873FA184B184A19481A60F8F74FFA012009
S113B5D8FCF7A8FA164E174BF61AB610AE4201DC61
S113B5E8FEF7DCF9134AAB009B181B689847013532
S113B5F8F4E7C0460000000000ED00E090C07E4083
S113B60800E0014003A5FFFF884C00200048E80142
S113B61800093D00FC6F0440FFFF7FFF002C0A4037
S113B62800A5FFFF4C60002054524F508CDC0000F2
S113B63804E3000000E300007FB5140006000D00D9
S113B64810220021684600F0F9F97F2C02D103206A
S113B658022D0AD06B462A0010213000F7F776FA3B
S113B66818B969462000F7F7A1FA04B070BD0000C4
S113B67810B507490748F8F733FD08B10E2802D179
S113B6880448FCF75DFE0348F8F768F910BDC046A6
S113B69884D70000384E002010B506490648F8F74C
S113B6A81FFD10B90448FCF74BFE0348F8F756F998
S113B6B810BDC046F0D70000E8500020002310B5A4
S113B6C8040003604360836081814366C28103612F
S113B6D843618361190008225C3000F0AFF90B4B19
S113B6E8246263620A4BA3620A4BE3620A4B236334
S113B6F80A4B9C4205D00A4B9C4202D0094B9C42FF
S113B70803D12000583000F0EDF910BDADB90000A8
S113B718D5B900000DBA000039BA000064600020F1
S113B728CC6000203461002010B5034A0349044862
S113B73800F06AF810BDC0462C40002001BE00008D
S113B7483C40002041680B4B10B50400994201D0DD
S113B75800F052FBA168084B994202D0200000F087
S113B7684BFBE168054B994202D0200000F044FBF2
S113B77810BDC04664600020CC6000203461002005
S113B78810B5094B094A04211A6009480022FFF739
S113B79895FF012209210748FFF790FF0222122191
S113B7A80548FFF78BFF10BD9C61002031B70000EE
S113B7B864600020CC6000203461002010B5024889
S113B7C800F091F910BDC046A561002010B50248EB
S113B7D800F08AF910BDC046A561002010B5040028
S113B7E8FFF7ECFF236A13B1FFF7F0FF10BD044B1A
S113B7F82362044B1B68002BF6D1FFF7C1FFF3E764
S113B8084DB700009C610020F7B514000026009095
S113B8180191A5686768013F04D52468002CF8D114
S113B8283000FEBDAB89012B08D90E22AB5E013373
S113B83804D029000098019B984706436835EAE735
S113B848F0B51D00554B85B01E6804000F0000922A
S113B85826B1336A13B93000FFF7C0FF009B022BEF
S113B86805D0012B00D996E0002D00DA93E0636E31
S113B878DB0705D4A3899B0502D4A06D00F033F936
S113B8882100300000F0B8FA616B41B12300443361
S113B898994202D0300000F029F9002363630023A1
S113B8A8A3616360A3891B0603D53000216900F0F6
S113B8B81DF9A3893A4A1340A381009B022B60D047
S113B8C803AB2100300002AA00F0BEFAA3890343A7
S113B8D8A3812DBB029D280000F050F901950700B3
S113B8E8002848D1029B0193AB423ED101256D4209
S113B8F80C22A35E02221A43A2810022A260220023
S113B9084732226022610122616E6261114204D1D0
S113B9189B0502D4A06D00F0E7F8280005B0F0BD3F
S113B928002FD8D0336A13B93000FFF757FF009BB4
S113B938012B03D1A389009A1A43A2810C22A35E86
S113B94808221900276027616561114013421CD041
S113B958DA0718D500226D42A260A561626ED2078B
S113B96801D49B0513D50025D7E7019800F006F903
S113B97807000028BAD08023A289019D1343A3811C
S113B988D0E70025B4E7A560E8E7A160E6E7A06D85
S113B99800F0AAF8E7E701256D42BEE73840002029
S113B9A85CF3FFFF70B50C000E25495F00F070F8DA
S113B9B8002803DB636D1B18636570BDA389024A05
S113B9C81340A381F9E7C046FFEFFFFFF8B51F0056
S113B9D88B8905000C001600DB0505D50E23C95E0E
S113B9E80022022300F042F8A389054A28001340E4
S113B9F8A38132000E23E15E3B0000F05BF8F8BD42
S113BA08FFEFFFFF70B50C000E25495F00F02EF81C
S113BA18A389421C03D1054A1340A38170BD41F296
S113BA2800021343A3816065F8E7C046FFEFFFFFF8
S113BA3810B50E23C95E00F009F810BD0300821882
S113BA48934200D1704719700133F9E7002370B5A8
S113BA58054D040008002B6000F0F6FB431C02D1DE
S113BA682B6803B1236070BDA061002070B5040089
S113BA78080011001A000023044D2B6000F0D3FBCA
S113BA88431C02D12B6803B1236070BDA061002060
S113BA9870B50400080011001A000023044D2B603F
S113BAA8F6F706F8431C02D12B6803B1236070BD76
S113BAB8A061002070B50400080011001A000023DA
S113BAC8044D2B60F5F7E9FF431C02D12B6803B141
S113BAD8236070BDA0610020014B18687047C04600
S113BAE838400020704770477047000070B5050063
S113BAF80C0079B1043C2368002B00DAE418280010
S113BB0800F0E8F81C4A13682BB963601460280035
S113BB1800F0E8F870BDA34208D9206821188B42C8
S113BB28F3D119685B6809182160EEE71A005B68AD
S113BB380BB1A342FAD911685018A0420BD120685E
S113BB480918501811608342E1D118685B684118DC
S113BB5811605360DBE7A04202D90C232B60D6E7BF
S113BB68206821188B4203D119685B680918216081
S113BB7863605460CBE7C046AC61002010B5034B4A
S113BB880100186800F026F810BDC04638400020AF
S113BB9870B50F4E0D003168040011B900F0DEF9DC
S113BBA830602900200000F0D9F9431C03D1012595
S113BBB86D42280070BD0323C51C9D43A842F8D0DC
S113BBC8291A200000F0CAF90130F2D1EFE7C04683
S113BBD8A8610020F7B50322CB1C93430833050062
S113BBE81F000C2B34D20C27B94233D8384E280006
S113BBF800F070F833681C00002C2FD1390028009D
S113BC08FFF7C6FF0400431C5FD134680094009B0F
S113BC18002B4AD1002C52D023682800E31800993D
S113BC28019300F09BF9019B834248D123682800C3
S113BC38FF1A3900FFF7ACFF013040D02368DB1945
S113BC48236033685A68002A33D1009B336019E0B3
S113BC58002BC9DA0C232B600020FEBD2168C91B08
S113BC6820D40B290AD9E2192760A34204D13260EF
S113BC7863681160536005E05A60F9E76268A3429B
S113BC880ED13260280000F02DF8200007220B3076
S113BC98231D9043C21A9842DFD01B1AA350DCE735
S113BCA85A60EFE723006468A6E7009C6368009382
S113BCB8ADE71A005B68A342FBD10023DAE70C2343
S113BCC828002B6000F00EF8C6E70760DAE7C046E4
S113BCD8AC61002010B50248FFF705FF10BDC0464F
S113BCE8A461002010B50248FFF7FEFE10BDC0464F
S113BCF8A4610020F7B50C228B5E05000C001A071E
S113BD0853D44A68002A02DC0A6C002A4BDDE76A2D
S113BD18002F48D0002241F200002E682A601A0041
S113BD28216A0240034230D0626DA3895B0705D5BE
S113BD386368D21A636B0BB1236CD21A00232800F0
S113BD48E76A216AB847A289431C06D129681D29D4
S113BD5844D8284BCB40DB0740D5002363602369D4
S113BD682360D20404D5431C01D12B6803B9606550
S113BD78616B2E60B9B123004433994202D0280084
S113BD88FFF7B4FE002363630DE001232800B847DE
S113BD980200431CC9D12B68002BC6D01D2B01D02F
S113BDA8162B1AD12E6000201EE00E69002EFAD040
S113BDB80F680E60BA1B019200229B0700D14A69E2
S113BDC8A260019B002BEEDDA36A32001F0028004D
S113BDD8019B216AB847002807DCA2894023012077
S113BDE813431BB2A3814042FEBD019B36181B1AA4
S113BDF80193E6E7010040200B6970B505000C00CB
S113BE0813B90025280070BD18B1036A0BB9FFF7F0
S113BE18E5FC0C22A35E002BF3D0626ED20704D497
S113BE289B0502D4A06DFFF75EFE28002100FFF7F2
S113BE3861FF636E0500DB07E4D4A3899B05E1D4A5
S113BE48A06DFFF751FEDDE770B50E001D000E234F
S113BE58C95E140096B000290CDAB2898023110057
S113BE6819401A4214D140F200430020296023608B
S113BE7816B070BD6A4600F04FF80028EDDB4FF2AB
S113BE88000301991940044BC9184B425941EAE788
S113BE9800214023E9E7C04600E0FFFFF0B5022691
S113BEA88B8905000C0085B0334207D02300473343
S113BEB8236023610123636105B0F0BD03AB02AACB
S113BEC8FFF7C2FF029F019039002800FFF782FEA6
S113BED840B90C22A35E9A05EED4032293431E4371
S113BEE8A681E3E78023A28920601343A381039BEF
S113BEF8206167615BB128000E23E15E00F01EF843
S113BF0828B10323A2899A43023B1343A381A3893B
S113BF18019A1343A381CFE7002370B5064D0400AB
S113BF28080011002B6000F0D7F9431C02D12B68DC
S113BF3803B1236070BDC046A0610020002370B522
S113BF48054D040008002B6000F0D3F9431C02D10E
S113BF582B6803B1236070BDA0610020002370B575
S113BF68054D040008002B60FCF700FA431C02D1BD
S113BF782B6803B1236070BDA061002010B5034B8A
S113BF8801001868826800F01DF810BD38400020D0
S113BF9830B5050010005AB10024013A2B5D085D44
S113BFA8834204D1944202D00134002BF6D1181AEA
S113BFB830BD002310B59A4200D110BDCC5CC454E6
S113BFC80133F8E770B506000D00140018B1036AD0
S113BFD80BB9FFF703FC636EDB0705D4A3899B0544
S113BFE802D4A06DFFF77FFDA368013BA360002B7B
S113BFF805DAA269934212DBEBB20A2B0FD023684D
S113C0085A1C22601D70EDB2636EDB0705D4A38948
S113C0189B0502D4A06DFFF767FD280070BD2900B9
S113C0282200300000F002F80500EDE7F8B506003C
S113C0380D00140018B1036A0BB9FFF7CFFBA3690D
S113C048A360A3891B0701D5236943B921003000E4
S113C05800F02AF818B101256D422800F8BD2369BB
S113C0682068EFB2C01A6369EDB2834205DC21008F
S113C0783000FFF7C1FE0028EDD1A3680130013B71
S113C088A36023685A1C22601F706369834204D02A
S113C098A389DB07E1D50A2DDFD121003000FFF7A2
S113C0A8ABFE0028D9D0D6E72A4B70B5050018682E
S113C0B80C0018B1036A0BB9FFF790FB0C22A35EBE
S113C0C81A0722D4DA0607D409222A60402201205A
S113C0D81343A381404237E05B0712D5616B41B13A
S113C0E823004433994202D02800FFF7FFFC0023C1
S113C0F863632422A3899343A38100236360236990
S113C10823600823A2891343A38123695BB940F2FE
S113C118802140F20022A3890B40934203D02100DE
S113C1282800FFF7BBFE0C22A35E01211A000A4077
S113C1380B420AD00022A26062695242A2612269BB
S113C14800200AB91A06C1D470BD990700D46269DF
S113C158A260F4E738400020094B10B504001868C1
S113C16818B1036A0BB9FFF739FB0020132C06D862
S113C178044BE400E358013301D0024BE01810BD2E
S113C18838400020B0610020F8B50400FFF7A4FC93
S113C198132605000027301C391CABBE061C2E6074
S113C1A82000F8BD10B5431C01D1FFF7EDFF10BD09
S113C1B8F7B50C001600FFF7CFFF050038B9FFF7F5
S113C1C88BFC09230360012464422000FEBD022E77
S113C1D803D9FFF781FC1623F4E7012E12D1436833
S113C1E8E418F6D46F462B680A2600937C60301C4A
S113C1F8391CABBE061C3000FFF7D4FF0028E2DB75
S113C2086C60E2E70368022EECD16F4600930A36AD
S113C218301C391CABBE061C3000FFF7C3FF2418C2
S113C2280130DFD1CFE710B5FFF7C2FF10BD37B536
S113C2380224019001AD201C291CABBE041C200063
S113C248FFF7B0FF3EBD000070B50500FFF784FF9F
S113C258040030B9FFF740FC092303600120404281
S113C26870BD013D012D09D8094B9A681B699A4292
S113C27804D101235B4203600020F1E72068FFF743
S113C288D6FF0028ECD101235B422360E8E7C046CF
S113C298B061002070B50C00FFF75EFF050030B9EF
S113C2A8FFF71AFC092303600120404270BD42F2E3
S113C2B8000362680C261343636040F20043A364DE
S113C2C8301C291CABBE051C2800FFF76BFF431C60
S113C2D8EAD020610020E9E770B50C000500582277
S113C2E800212000FFF7AAFB28002100FFF7D2FF56
S113C2F870BD70B5FFF730FF0924050020B9FFF7BA
S113C308EBFB0460002070BD201C291CABBE041C80
S113C3182000012CF7D0FFF7DFFB132504000026CB
S113C328281C311CABBE051C2560EBE702B4714622
S113C33849084900095C49008E4402BC7047C0465C
S113C34803B47146490840004900095E49008E4417
S113C35803BC704703B47146490840004900095AB0
S113C36849008E4403BC7047844608006146FFE7D1
S113C3781FB500F0CBFA002801D40021C8421FBD24
S113C38810B500F059FA4042013010BD10B500F064
S113C398BDFA002801DB002010BD012010BDC046F5
S113C3A810B500F0B3FA002801DD002010BD01200B
S113C3B810BDC04610B500F067FA002801DC002063
S113C3C810BD012010BDC04610B500F05DFA00286C
S113C3D801DA002010BD012010BDC046002B11D188
S113C3E8002A0FD1002900D1002802D00021C94316
S113C3F8080007B4024802A14018029003BDC046D1
S113C408650A000003B4684601B5029800F04CF8C8
S113C418019B9E4602B00CBC7047C046F0B54FF66F
S113C428FF750400CE462C40474615400E002900EF
S113C438994680B5130C0700000C614345435843E3
S113C44863430C0C5B19E4188C46A54203D980237A
S113C4585B0298464044230C61461B184FF6FF7054
S113C4680840494656437943240489192018C918B1
S113C478C0BCB946B046F0BD9E2110B5C905041C20
S113C488FFF7A2FF18B9201C00F044FC10BD9E2140
S113C498201CC90500F07AFA00F03CFC80231B0636
S113C4A89C466044F2E7C046F8B557464546DE4622
S113C4B84E460C00E0B5924605009B46170081469F
S113C4C88846002B52D1100000F0CEFC0500A7428C
S113C4D800D871E060B1202349461B1A2200D940D4
S113C4E882400B00134398464B4683408740994645
S113C4F83C0CB8FBF4F24FF6FF701300384043438A
S113C50821009C4643465143591A4B4609041B0CC7
S113C5180B439C4509D9DB19511E9F4200D967E199
S113C5289C4500D864E1023ADB1961465B1AB3FB07
S113C538F4F14C434E461B1B4FF6FF7448431B044F
S113C54834401C43A04200D9FCE0241A10040843D8
S113C55800210A9B23B1EC401C6000230A9A536013
S113C568F0BCBB46B246A946A046F8BD8B4207D9E3
S113C5780A9B13B10A9B1860596000210020EFE759
S113C588180000F071FC0100002855D1A34502D31E
S113C598AA4500D94AE15346EB1A5A469D42AD4191
S113C5A8A41A6D42621B904601200A9A002AD7D029
S113C5B8136043465360D3E7002800D0CBE04FF61E
S113C5C8FF703B0C98460121E41B3840B4FBF8F398
S113C5D802005A43944642465A43A41A4A4624043B
S113C5E8120C2243944507D9D2195C1E974202D8EB
S113C5F8944500D91DE123006446121BB2FBF8FCE4
S113C608644666466043444674434E46121B4FF6DE
S113C618FF74120434401443A04208D96246E41952
S113C628013AA74202D8A04200D9F9E09446241A54
S113C6381804634618438CE720275B4652463F1A82
S113C6488340FA401A435346944683402A009A4644
S113C658FA40230084402243854091466246FB40C9
S113C668A846150CB3FBF5F04FF6FF74144002000E
S113C678624393462A0042439A1A4B4612041B0CFF
S113C68813439B4509D96344421E9C4500D9C5E020
S113C6989B4500D8C2E0023863445A469B1AB3FB50
S113C6A8F5F255434E465D1B4FF6FF7354432D0474
S113C6B833402B439C4209D96344551E9C4500D9F9
S113C6C8A8E09C4200D8A5E0023A63440004104361
S113C6D84FF6FF721B1B14000440A34654465E46E3
S113C6E822405643B1465E46050C240C6A43654312
S113C6F874434E46360CB346A4185C44A24203D98C
S113C7088022520293465D44220C4E4652194FF63B
S113C718FF7524043540641993426FD36CD00A9D85
S113C72875B145462C1BA045AD419B1A6D425B1B58
S113C7381A00CC40BA40CB400A9922430A604B60A5
S113C74800210DE7E4194B1EA74253D8A04251D942
S113C7580239E419F9E620224946121A2300D14085
S113C768D3400A004946874081408946390C8440B1
S113C7788846B3FBF1F14FF6FF7022430C003840B2
S113C7884443A44644464C431C1B2404130C23432F
S113C7989C4507D9DB194C1E9F423DD89C453BD983
S113C7A80239DB1964461B1BB3FBF8FC9B4646465F
S113C7B863465E434FF6FF7A33005E466446F31AD7
S113C7C8564644431B04164033439C420BD96246E5
S113C7D8DB19013A9F421BD89C4219D902225242C2
S113C7E89246DB19D4441C1B634609041943EDE63D
S113C7F80A009AE61900A8E6A04590D25546651B9A
S113C808AC42A44164426444121B01382C0086E7FC
S113C8189446E8E72A0059E72100C3E710003CE7FB
S113C828022252429046E419C44400E700202B0037
S113C838BBE6023BD219DFE670B542004E024C005B
S113C84845026D0A120EC30F760A240EC90FFF2A79
S113C8580FD0FF2C0BD00120A24209D1B54207D139
S113C8688B420FD022B92800431E984100E00120D2
S113C87870BD0120FF2CFBD13543002DF8D14B406E
S113C8881800F5E70020F3E730B5420044024D02F2
S113C898C30F4800640A120E6D0A000EC90FFF2A5E
S113C8A812D0FF2807D0B2B938B90DB3002C2AD159
S113C8B84800013830BD1DBB0AB9002CF8D08B42A2
S113C8C805D158000138F5E7D4B9FF2813D0012061
S113C8D85B421843EEE70028F9D08B42F7D1824235
S113C8E8F5DCEEDBAC42F2D80020AC42E2D2E8E759
S113C8F8002CDFD0EBE71DB98B42E8D10020D9E743
S113C90802204042D6E78B42ECD0E0E730B5420043
S113C91844024D02C30F4800640A120E6D0A000E49
S113C928C90FFF2A12D0FF2806D0AAB930B915B307
S113C93844BB480001380EE065B90AB9002CF8D0A8
S113C9488B4215D001205B42184304E014B9FF2838
S113C958F8D19DB1022030BD0028F3D08B42F1D12B
S113C9688242EFDC04DBAC42ECD80020AC42F2D2C9
S113C97858000138EFE7002CEDD0E3E700208B42A4
S113C988E9D0DFE78B42EED0DCE7C046F0B5464697
S113C9984F46D64643025B0AC0B59C461F00DE00DC
S113C9A84B025A0A904645004A002D0EC40F120E37
S113C9B8C90F9B09FF2A25D001204140A81A8C429F
S113C9C80FD0002800DC8AE192BB002B00D19CE048
S113C9D8421E012800D14FE1FF2800D19BE010003E
S113C9E82CE0002800DC87E1002A00D182E0FF2D3A
S113C9F800D190E08022D20413431B2800DCEAE033
S113CA0801363FE02800FF388246002B54D140F21B
S113CA180109484641408C4200D1C4E050460028F0
S113CA2800D187E00C00002D4CD0FF2000273AE00D
S113CA38FF2D00D16FE08022D204134301221B286A
S113CA4807DC2021091A1A008B40C240591E8B4169
S113CA581A43B61A73016AD5B601B709380000F04B
S113CA6803FA05388740854200DD7EE020223B003A
S113CA78401B0130121A3E009340C6405A1E93418F
S113CA8800251E43730704D00F233340042B00D022
S113CA98043673013AD5681CFE2DC6D09B4BC0B230
S113CAA833409B015F0AC0053843E4072043E0BCD8
S113CAB8BA46B146A846F0BD8C4264D0D0B3002D26
S113CAC800D0A3E0FF20F6B1471E012800D1E1E021
S113CAD80C00FF2800D1CDE001211B2F07DC20200A
S113CAE8C01B31008640F940701E86413143150051
S113CAF85E1AAFE74BB1421E012800D1A0E0FF281F
S113CB0809D0100079E70C001E000500F3089C46C4
S113CB18FF2D00D09BE06346002B00D185E78027DA
S113CB286346FF031F437F02FF207F0ABBE77307A7
S113CB38AAD1EBE7FE206A1C10421AD1002D77D146
S113CB48002E00D1AAE00020002BACD08022F71AD6
S113CB58D204174200D1BBE001249B1B0C401342B2
S113CB689FD06A4A013013409BE7684E2D1A3E4015
S113CB7888E7F71A7A0157D4002F00D06EE700240B
S113CB88002000278FE780B1002D73D1FF20002EED
S113CB98BAD0411E012853D0FF286BD01B296EDD63
S113CBA815005E1C6EE7514659BBFE216A1C1142F2
S113CBB833D1002D50D1002E00D186E00020002B67
S113CBC800D170E7F318DF087F027F0A5B0100D405
S113CBD869E7012067E72021091A1A008B40C2403F
S113CBE8591E8B411343F6187301A0D50135FF2D47
S113CBF800D11AE70123464A3340760816401E43FB
S113CC0840E7002D00D010E7FF20C0E70C00C44621
S113CC1881E7FE216A1C0A42CDD0FF2A00D104E72D
S113CC28F618150076082DE701249F1B0C4015E71C
S113CC38E6BB002B45D180270024FF20FF0332E701
S113CC48F61802257301D5D4F3089C4601256346DA
S113CC585F027F0AE8B226E766B1002B00D15EE7DF
S113CC688023DB039C4500D259E7984500D356E757
S113CC78C44654E7C4464EE70125F61AEAE63000EE
S113CC882025C840691A8E40711E8E41064315003E
S113CC98F618A9E70C0001259E1BDBE6002B00D142
S113CCA86DE70124474600200C40FCE6002B00D128
S113CCB835E78023DB039C4500D230E7984500D351
S113CCC82DE70124C4460C4029E747460020EAE63C
S113CCD817B1BF017F0AE6E600240027E3E600282F
S113CCE800D127E7571B3800002D00D1EBE6802040
S113CCF8C0040C000643EFE600288AD0511B0DB986
S113CD08080044E78020C004064347E7FFFFFFFB11
S113CD18FFFFFF7D41024200C30F490A0020120EA3
S113CD287E2A03DD9D2A02DD094A9818704780206F
S113CD3800040143952A07DC9620821AD140484210
S113CD48002BF3D10800F1E7963A9140F7E7C04683
S113CD58FFFFFF7F70B598B1C317C5185D40C40FB6
S113CD68280000F081F89E2301001B1A962B0FDC83
S113CD78082831D008398D406D026D0AD8B202E016
S113CD88002400200025C0052843E407204370BD83
S113CD98992B15DC421F95402A00150010480540C0
S113CDA8560709D00F263240042A05D004356A01F3
S113CDB802D59F2305405B1AAD016D0AD8B2E2E79C
S113CDC80522121A2800D0400A001B3295402A0076
S113CDD8551EAA410243E0E76D0296206D0AD2E788
S113CDE8FFFFFFFB70B5040070B100F03DF80300CD
S113CDF89E20C01A96280CDC082B2DD0083B9C409A
S113CE086402640AC0B201E000200024C005204383
S113CE1870BD992814DC5A1F9440220010490A4016
S113CE28650709D00F252C40042C05D00432540181
S113CE3802D59F200A40C01A9201540AC0B2E5E7FD
S113CE481A0021001B3291400A00511E8A41052113
S113CE58C91ACC401443E0E764029620640AD5E773
S113CE68FFFFFFFB7047C0461C2101231B049842A7
S113CE7801D3000C10391B0A984201D3000A08395F
S113CE881B09984201D30009043902A2105C401816
S113CE987047C046040302020101010100000000BA
S113CEA8000000000D0A002000554E4B4E4F574E0F
S113CEB85F53544154555300303A554E434F4E46F0
S113CEC849524D45445F4441544100313A434F4E21
S113CED84649524D45445F4441544100313A4F5408
S113CEE8414100303A434C4153535F4100313A4386
S113CEF84C4153535F4200323A434C4153535F43CE
S113CF0800363A41533932332D47726F7570310008
S113CF1832323A41533932332D47726F75703200C9
S113CF2832333A41533932332D47726F75703300B7
S113CF3832343A41533932332D47726F75703400A5
S113CF4833303A41533932332D4A6170616E0031BE
S113CF583A4144525F454E41424C454400303A41BF
S113CF6844525F44495341424C454400303A525379
S113CF7853495F44495341424C454400313A525362
S113CF8853495F454E41424C454400313A44435964
S113CF98434C455F454E41424C454400303A444376
S113CFA859434C455F44495341424C454400554E0E
S113CFB84B4F4E574E5F4556454E545F494E464F6C
S113CFC85F5354415455530041434B5F52454345C5
S113CFD849564544004E4F5F41434B00204C6F5225
S113CFE8612053616D706C652041707020566572C4
S113CFF82E002B52435644002C002B525353490005
S113D0082B4A4F494E004A4F494E5F4143434550CE
S113D018544544004A4F494E5F4E4F4E43455F4680
S113D02841494C4544004A4F494E5F4641494C45A5
S113D03844002B4C494E4B43484B004E4F5F5245DE
S113D04853504F4E5345002B44455654494D4500C3
S113D0584C574656332E3130002A54583A002A5237
S113D068465057523A5374616E646279002A5246A4
S113D0785057523A57616B6575702066726F6D2010
S113D088436F6C64002A52465057523A57616B6595
S113D09875702066726F6D205761726D002A524652
S113D0A85057523A5761726D536C656570002A5235
S113D0B8465057523A436F6C64536C656570002A46
S113D0C84343413A002A52583A0053544154555361
S113D0D85F4F4B0054585F54494D454F55540052C7
S113D0E858315F54494D454F5554005258315F45A6
S113D0F852524F52005258325F4552524F52004AD0
S113D1084F494E5F4641494C004A4F494E5F4E4F86
S113D1184E43455F4641494C00444F574E4C494E97
S113D1284B5F52455045415445440054585F44525E
S113D1385F5041594C4F41445F53495A455F4552EA
S113D148524F5200414444524553535F4641494C5F
S113D158004D49435F4641494C004D554C544943A1
S113D1684153545F4641494C00424541434F4E5F49
S113D1784C4F434B454400424541434F4E5F4C4F4F
S113D188535400424541434F4E5F4E4F545F464F00
S113D198554E440042555359005345525649434548
S113D1A85F554E4B4E4F574E004652455155454ECE
S113D1B843595F494E56414C4944004441544152F5
S113D1C84154455F494E56414C49440046524551E5
S113D1D85F414E445F44525F494E56414C494400B6
S113D1E84E4F5F4E4554574F524B5F4A4F494E4539
S113D1F844004C454E4754485F4552524F520052E2
S113D2084547494F4E5F4E4F545F535550504F5208
S113D21854454400534B49505045445F4150505F76
S113D2284441544100445554594359434C455F5271
S113D238455354524943544544004E4F5F43484173
S113D2484E4E454C5F464F554E44004E4F5F465236
S113D25845455F4348414E4E454C5F464F554E4405
S113D2680043525950544F5F4552524F520046435F
S113D2784E545F48414E444C45525F4552524F52BA
S113D288004D41435F434F4D4D41445F4552524F1A
S113D2985200434F4E4649524D5F51554555455FDF
S113D2A84552524F52004D435F47524F55505F55B8
S113D2B84E444546494E4544004D41435F4552520C
S113D2C84F5200524144494F5F4641494C00524134
S113D2D844494F5F504152414D455445525F494E70
S113D2E856414C494400417661696C61626C652021
S113D2F8726567696F6E206861766520746F206255
S113D30865207365742077697468202B52454749F2
S113D3184F4E20636F6D6D616E642E0052616469B7
S113D3286F2064726976657220696E697469616CCC
S113D338697A6174696F6E206973206661696C65C6
S113D348642E00506172616D657465727320666F36
S113D35872204D616320496E697469616C697A61F0
S113D36874696F6E2061726520696E76616C696498
S113D3782E002B5258004C6F52617C534600425782
S113D388004746534B7C004E4F20414E535745525D
S113D398002B5245534554002B564552002B5341FC
S113D3A85645002B4C4F4144002B4445564555499E
S113D3B8002B434C415353002B444556414444529B
S113D3C8002B4E45544944002B41505045554900C3
S113D3D82B4150504B4559002B4143544D4F444524
S113D3E8002B53454E44002B4D54595045002B52A5
S113D3F84547494F4E002B53454E44484558002B4A
S113D408414452002B52583144454C4159002B4455
S113D41852002B46504F5254002B444359434C4519
S113D428002B43484445464D41534B002B44455635
S113D4384E4F4E4345002B4150504E4F4E434500EE
S113D4482B444F574E46434E54002B555046434E9B
S113D45854002B47454E4150504B4559002B4445E9
S113D46842554700EFF7F80000001040FF03104052
S113D478000100000100000000000000FFFF0000A0
S113D4880008000004000000010000001F3D000027
S113D49800000000384E0020030B0000BC4C0020A4
S113D4A890D40000B4D40000A4D40000597900003A
S113D4B895770000F577000085780000890E000054
S113D4C8E9100000590E0000750E0000790E0000E6
S113D4D87D0E0000C576000095790000810E0000DD
S113D4E8850E0000A50E0000A90E0000AD0E000078
S113D4F8B10E0000B50E0000010000001F3D000041
S113D50800000000E8500020030B0000204D00201C
S113D51800D50000B4D4000014D5000000000002B7
S113D52806000102000102DF020000000100000001
S113D5380700000020A10700010000000800000007
S113D54820A10700010000000900000020A1070035
S113D558010000000A00000020A1070001000000EB
S113D5680B00000020A10700010000000C000000CF
S113D57820A10700010000000700000048E801009E
S113D588010000000800000048E801000100000054
S113D5980900000048E80100010000000A0000003A
S113D5A848E80100010000000B00000048E8010001
S113D5B8010000000C00000048E801000100000020
S113D5C80700000090D003000100000007000000DD
S113D5D848E80100010000000800000048E80100D4
S113D5E8010000000900000048E8010001000000F3
S113D5F80A00000048E80100010000000B000000D8
S113D60848E80100010000000C00000048E801009F
S113D6180000000050C30000A861000001000000E1
S113D62870D400000100000080D40000637C777B84
S113D638F26B6FC53001672BFED7AB76CA82C97D02
S113D648FA5947F0ADD4A2AF9CA472C0B7FD932693
S113D658363FF7CC34A5E5F171D8311504C723C397
S113D6681896059A071280E2EB27B27509832C1ADB
S113D6781B6E5AA0523BD6B329E32F8453D100ED35
S113D68820FCB15B6ACBBE394A4C58CFD0EFAAFB19
S113D698434D338545F9027F503C9FA851A3408FE1
S113D6A8929D38F5BCB6DA2110FFF3D2CD0C13ECF9
S113D6B85F974417C4A77E3D645D197360814FDC8E
S113D6C8222A908846EEB814DE5E0BDBE0323A0A72
S113D6D84906245CC2D3AC629195E479E7C8376DF6
S113D6E88DD54EA96C56F4EA657AAE08BA78252E1B
S113D6F81CA6B4C6E8DD741F4BBD8B8A703EB566A4
S113D7084803F60E613557B986C11D9EE1F8981194
S113D71869D98E949B1E87E9CE5528DF8CA1890D83
S113D728BFE6426841992D0FB054BB164C57465674
S113D738332E31300000010000000000000000001A
S113D74800000000000000000000000000000000CD
S113D75800000000000000000000000000000000BD
S113D76800000000000000010001010000010000A9
S113D778000000000000000000000000000210404B
S113D7880200000000020000000000001000000079
S113D798FC4C00207D05000000000000B0D400000F
S113D7A8D2D00000F7D00000DCD00000E7D00000A1
S113D7B843D00000F3D00000FDD0000007D10000E2
S113D7C811D1000021D1000033D100004CD1000058
S113D7D859D1000062D1000071D100007FD100004E
S113D7E88BD10000B6CF00000000104002000000FA
S113D7F8000200000000000010000000604D00203E
S113D808710500000000000020D50000D2D00000FF
S113D8189CD10000A1D10000DCD20000B1D10000ED
S113D828C3D10000D4D10000E8D10000FAD100002F
S113D83807D200001CD200002DD2000042D2000002
S113D84853D2000069D2000076D2000089D20000C9
S113D8589AD20000AED20000C1D20000CBD20000A0
S113D868D6D20000B1CE000000000000FFFF000087
S113D878080000000000000002021D000000000073
S113D8880000000024D5000003000000000001008F
S113D8980300000000000000000221000000000056
S113D8A80000000030D50000020202020202020257
S113D8B80202020202020203020202020202030438
S113D8C8030202020202040504030202020205061C
S113D8D805040302020206070605040302020707F9
S113D8E80706050403020707000000000000010200
S113D8F8010000000000020302010000000003040C
S113D90803020100000004050403020100000506E7
S113D91805040302010006070605040302010707BC
S113D9280706050403020707C0CA893600285037CA
S113D938C03DDF3640F70937C0CA8936002850375A
S113D948C0CA893600285037C0CA893600285037DB
S113D95848E8010048E8010048E8010048E80100F7
S113D96848E8010048E8010090D0030000000000E6
S113D9780C0B0A0908070732070507070700000008
S113D9880000804100008041000080410000804187
S113D99800008041000000000000000040771B00E8
S113D9A840B56400E0065A0000000B357DF2F2F23F
S113D9B833337373F2F2F2F2581B0000983A000002
S113D9C81879000030F2000048E8010090D0030004
S113D9D820A107000000000010270000204E0000CE
S113D9E828A0000007000000D0D5000001000000B6
S113D9F8C4D50000060000007CD500000600000025
S113DA0834D50000090705030001020008060400D4
S113DA18841E0000093D0000127A000024F400006E
S113DA2848E8010090D0030020A10700000000008E
S113DA38B128000061510000C3A2000004050603D8
S113DA480A020901080000000400000048E8010077
S113DA580500000090D003000600000038200700ED
S113DA680300000030F200000A00000028A00000B3
S113DA78020000001879000009000000204E000090
S113DA8801000000983A0000080000001027000078
S113DA9800000000581B00000500000002010003FC
S113DAA804000000000000001F000000C012000075
S113DAB81F000000A816000017000000841C0000C6
S113DAC80F000000E42500001E000000B42D000033
S113DAD816000000083900000E0000002C4C00005D
S113DAE81D000000685B000015000000747200004F
S113DAF80D000000589800001C00000034B7000016
S113DB0814000000E8E400000C0000007831010073
S113DB181B000000686E01001300000034CA0100F5
S113DB280B000000286202001A00000040DB02001B
S113DB38120000003C9303000A000000C0C2040065
S113DB481900000060B30500110000003820070028
S113DB580900000020A107000000000000EA0637C1
S113DB68000000005000000040F7093700000000E2
S113DB7850000000C194C100000000000000000033
S113DB880000000007040000040100000D0200006A
S113DB9804040000010000001440002004000000F8
S113DBA80800000000000000090000000400000054
S113DBB80A000000040000000B0000000000000040
S113DBC80C000000000000000D000000050000002B
S113DBD80E000000040000000F0000000003000015
S113DBE8000100000403000001010000050000001A
S113DBF8020100000500000003010000000100000C
S113DC0808010000050000000901000005000000EB
S113DC180A010000050000000C010000004000009B
S113DC2800020000000000000102000000000000E3
S113DC380602000004000000070200000040000083
S113DC4808020000000400000C02000004040000A4
S113DC580D020000000000000E0200000000000099
S113DC680F0200000001000000030000040100008E
S113DC7807040000000000000D0900000000000077
S113DC880E0900001D000000A4DB000000000000D5
S113DC987D00FA00F401000000000000D9D0000063
S113DCA804000000F7D00000070000009CD1000029
S113DCB8080000008FD3000056000000890500000A
S113DCC800000000000000004154002B75200000F3
S113DCD800000000000000000600000099D30000C6
S113DCE8000000002D2100000000000004000000D6
S113DCF8A0D300000000000000000000BD420000A6
S113DD0805000000A5D30000BD4400000000000089
S113DD18BD44000005000000ABD30000112800003A
S113DD28512800000000000007000000B1D30000E3
S113DD38C9350000011E00000000000006000000B4
S113DD48B9D3000000000000811D0000000000009D
S113DD5808000000C0D3000000000000AD1D000052
S113DD680000000006000000C9D300007928000064
S113DD78B92800000000000007000000D0D300000C
S113DD88E1280000890A00000000000007000000E4
S113DD98D8D30000C9140000E11D000000000000F1
S113DDA808000000E0D30000251C0000000000006B
S113DDB80000000005000000E9D30000550B000036
S113DDC8551D00000000000006000000EFD300000D
S113DDD88974000000000000897400000500000038
S113DDE808D0000069140000411E00000000000073
S113DDF807000000F6D30000B51C00000000000076
S113DE080000000008000000FED300007136000086
S113DE18951E0000000000000400000007D4000064
S113DE288D0A0000C51E0000000000000500000067
S113DE3802D00000DD3100001915000000000000C8
S113DE48090000000CD40000E53600003915000074
S113DE58000000000300000016D4000000000000C9
S113DE680000000011750000080000003AD000000E
S113DE78950B000059150000000000000600000082
S113DE881AD400004D320000F11E0000000000000A
S113DE980700000021D4000000000000000000007A
S113DEA865750000080000004FD000005D370000D1
S113DEB821290000000000000A00000029D4000005
S113DEC85D4300004D1F0000000000000900000031
S113DED834D40000BD4300007D1F00000000000092
S113DEE8090000003ED40000A9320000AF1F000062
S113DEF8000000000900000048D40000F3320000CC
S113DF08DB1F0000000000000700000052D40000DE
S113DF1871150000D50A0000000000000A00000086
S113DF285AD40000D90A0000291F0000000000008C
S113DF380600000065D4000003000017000000017B
S113DF4800000000000000000000000000000000C5
S113DF583D0900000000000084DB0000000300000D
S113DF68001B001200000014000000000000000064
S113DF7849130000000000009CDB000000000000C2
S113DF88020000000000000004000000020000007D
S113DF980000000000000000000000000000000075
S113DFA80000000000000000000100000000000064
S113DFB808E8014009E801400AE801400BE801408B
S113DFC80CE8014002000000E4BE8A36DC334F3717
S113DFD8010000000D00000080EE36000000000083
S113DFE800000000000000000000000064000000C1
S113DFF80200000008B38B36B83F4E37010000001A
S113E0080D00000080EE3600000000000000000053
S113E018000000000000000064000100030000008C
S113E028240AD7369CE80237010000000D000000DE
S113E03880EE360000000000000000000000000030
S113E04800000000640000000300000048FED7360A
S113E05878F40137010000000D00000080EE36005E
S113E06800000000000000000000000000000000A4
S113E0786400010004000000E4BE8A361C64E4362F
S113E088010000000D00000080EE360000000000D2
S113E0980000000000000000000000006400000010
S113E0A80400000008B38B36F86FE3360100000063
S113E0B80D00000080EE36000000000000000000A3
S113E0C800000000000000006400010005000000DA
S113E0D86443A936DC21D536010000000D00000098
S113E0E880EE360000000000000000000000000080
S113E0F8000000006400000005000000805CAB36EE
S113E108C008D336010000000D00000080EE360080
S113E11800000000000000000000000000000000F3
S113E1286400010009000000C03DDF3640F70937EC
S113E138400D03000D000000A00F00003200000095
S113E14888130000B0FF00003C9303001027000070
S113E1580900000080040D3700285037400D0300E3
S113E1680D000000C800000002000000E8030000E1
S113E178B0FF00003C930300E8030000090000001E
S113E18860C4E036E013F336801A06000D00000080
S113E198A00F00003200000088130000B0FF000048
S113E1A8382007001027010009000000E048FF3666
S113E1B860A14E37801A06000D000000C800000058
S113E1C802000000E8030000B0FF00003820070048
S113E1D8E803010009000000A0D1E336A070083765
S113E1E8801A06000D000000A00F00003200000095
S113E1F888130000B0FF0000382007001027010032
S113E20809000000208B0E3720944B37801A060033
S113E2180D000000C800000002000000E803000030
S113E228B0FF000038200700E80301000A000000DE
S113E238C03DDF3640F70937400D03000D000000EC
S113E248A00F0000320000000000000000000000E1
S113E2580000000064000000080A0C0D0E101214DF
S113E26815181A1B1D1E21240100020008001000A5
S113E278200000000000000000000001000000026F
S113E2880000000400000008000000100000002046
S113E29800000040000000800000001B0000003661
S113E2A800000206362E322E30004275696C742046
S113E2B8776974682052656E65736173204164766A
S113E2C8616E63656420466C657869626C65205389
S113E2D86F667477617265205061636B616765204E
S111E2E876657273696F6E20362E322E30000A
S107E2F8F8B5C0466B
S107E2FCF8B5C04667
S107E30049050000C7
S107E30419050000F3
S10BE308A8E1FF7F0100000001
S903B4D96F
