S01200004C6F526153616D706C652E7372656342
S1130000804C00203D3800001D110000AB110000A1
S1130010AB110000AB110000AB110000AB110000EC
S1130020000000000000000000000000AB11000010
S1130030AB11000000000000AB11000091090000AA
S113004000000000000000008D0E00000000000011
S1130050000000008D0E0000000000000000000001
S1130060000000000000000000000000457B0000CC
S1130070000000000000000000000000000000007C
S11300800000000000000000450D0000000000001A
S1130090FD0D0000000000000000000065370000B6
S11300A0000000000000000000000000AD0D000092
S11300B000000000CD0C0000000000000000000063
S10B00C0000000004D74000073
S11300C810B5094C1022002120000BF0CBFB074B84
S11300D81B7813B91333E3722373054B1B780BB9DD
S11300E80733A37310BDC046805D0020685C002000
S11300F8505C002030B585B00400092240F29F20EE
S113010801A904F01BFD6B461D79002301A8AB422D
S113011814D1032B10D869465A1C0A716A465B002D
S1130128210A0532D1546A460632D45440F29F203B
S1130138092201A904F00AFC05B030BD0100427887
S113014889781202521802309442F5D00133DBB296
S1130158DDE7F7B50025614B614C1860614B40F24F
S1130168E8310A205D701D7003F01CFC0023E05E7A
S1130178290008F0BFFE40F2E831142003F012FC15
S11301880023E05E012108F0B5FE40F2E8310A20C0
S113019803F008FC544C554B0122A36040F205338C
S11301A8A380534B02210520E560DA70220000F099
S11301B8BDFF04204F4B2360205607F063FC04F076
S11301C8D9FA280005F082FA4B4B1B78012B01D190
S11301D804F0A0FB494B01210020185E012508F01A
S11301E889FE6B460024D91C2A009D200D7004F05A
S11301F8E7FA434B20001D70424B434F1C70434B9E
S1130208434E1C70434B1C6005F060FA6B462A0091
S1130218991C96200D7004F0D3FA6B4602229C8038
S11302288F2001A904F0CCFA2000042104F0A4FCD6
S11302384FF6FF71080008F06BFC40F6AC00FFF7BE
S113024859FF40F68900FFF755FFFFF739FF3800DB
S113025804F04EFF300004F04BFF2F4B0222FB60EA
S11302682E4B01A9F3602E4B17201C706B469C8003
S11302783C607C603C723C6134607460347234610C
S113028804F032FC6B465A790334511013002940A8
S1130298A9402B400B439110294089000B43D110EE
S11302A82940C9000B431111294009010B4351117D
S11302B82940921149012A4092010B4313436A468B
S11302C812792A401202134303B91C00154B9B7B75
S11302D8072B01D108F008FB2000FEBDBC5D0020FF
S11302E87C5C0020B95D00206C5C00202D1A0000A5
S11302F80060004055434900685C0020545C0020BD
S1130308074000207D5D0020A45D00207C5D002066
S1130318905D0020785D002035570000515700009B
S10B0328B85D0020805D002097
S1070400FFFFFFFFF8
S1070404F7AFC1FF8A
S1130440010000000101FF01804D002000100100A7
S11304508182800184858302878886038A8B89044C
S113046008078D000000000003000000CC6100209C
S11304703440002000000000CC61002034620020E1
S11304809C6200200000000000000000000000004A
S11304900000000000000000000000000000000058
S11304A00000000000000000000000000000000048
S11304B00000000000000000000000000000000038
S11304C044F2800044F28003C2F20000C2F200034E
S11304D010B5834205D040F20003C0F2000303B11B
S11304E0984710BD44F2800044F28003C2F2000039
S11304F0C2F200031B1A9A10D90F8918491010B5BB
S113050029B140F20003C0F2000303B1984710BDC3
S113051010B544F69844C2F20004237873B9FFF787
S1130520CFFF40F20003C0F200032BB140F20840B9
S1130530C0F2000000E000BF0123237010BDC046DC
S113054040F20003C0F2000310B54BB144F69C41E5
S113055040F20840C2F20001C0F2000000E000BF17
S1130560FFF7C0FF10BDC0460122014B1A7070474F
S1130570FD5D00200122014B1A707047FC5D0020D4
S1130580064B82B21B68012A03D80022D8701A8055
S1130590704740F200421A80FAE7C0460840002043
S11305A00020044B1B6803B9704701301B6800B27C
S11305B0F9E7C0467C4D002010B570B1094A0A2302
S11305C0D45E002311689C4207DD814206D1118963
S11305D00131118100215268D15410BD01331BB285
S11305E00C31F0E7EC5D0020002210B50260013A06
S11305F00A80074A0300106840B104681460426826
S11306001A600822835E0B80FFF7D6FF10BDC04638
S11306107C4D002002001F205AB1012308490868BC
S1130620824207D98868824204D8054ADB009B18B5
S11306301879704701330831172BF0D11F20F8E7E0
S113064018D90000034B00201B78082B01D8024A5C
S1130650D05C7047074000200CD90000F0B5144B63
S113066004005A7B012072B1124ADD7B110048322A
S1130670463109781278104B0639D200C9B2D21823
S1130680934201D10020F0BD012905D825B918688D
S11306902A300078022808D0187930B11E687768AB
S11306A0BC4202D3B668B442EDD90833E8E7C04689
S11306B0805D0020B85B0020A45B0020154B00B5D2
S11306C0185C0A2823D80BF049FD1E161612060DD5
S11306D022221A161200002001230B398B424041BA
S11306E0C0B203E00C394B425941C8B200BD0020EE
S11306F002230A39F2E7002003230939EEE7002038
S113070004230839EAE7002005230739E6E7002037
S1130710ECE7C046B0D80000014B18887047C046CB
S1130720A05B00204A425141094A4942114042F229
S1130730107289180300C8430A2B07D8054AD35CF2
S1130740054A9B009B58C81803B9C8437047C04664
S1130750F0D8FFFFB0D800002CD8000003000D48EB
S1130760D200125830B5546802209C4211D89568C2
S11307709D420ED3D2681B1BB3FBF2F454431D1BE2
S1130780A34206D12800012A03D08A429241524250
S1130790500030BDA45B00200300002082B0019013
S11307A0D1B142F20F7291420CD840F2E732914239
S11307B00AD9013242F210700192019A401AB0FB38
S11307C0F2F0584302B0704764226329F2D80A2237
S11307D00929EFD80122EDE70121FBE7F0B5059CDB
S11307E01D0001283FD1081C0D2900DD0D20224FDA
S11307F0224EBC4643B2607098008159012761457E
S113080004D01F4FC9194F4279414F001D49A770A9
S1130810C95C1D4B8B40315840F2E830B3FBF1F119
S1130820131F4B4368431B185B001BB1481EC318BE
S1130830B3FBF1F39A4200D21A000B005343880031
S113084000210BB101335908431A40F2E83101D5B4
S11308500E481B1893FBF1F3E3603F2A04D8531CA2
S1130860FE221340A360F0BDF8210B00F72AF9D84B
S1130870073213000B40F5E790D00300DCD70000EB
S1130880E05EF8FF1CD8000040420F0019FCFFFF97
S1130890094B1A78012318001A420BD1074A110098
S11308A0FC31896C31B940F28A23D05C0138431E93
S11308B09841C0B27047C046C8530020D0530020AE
S11308C00423024A11780B4313707047A453002089
S11308D00123024A11780B4313707047A45300207C
S11308E040F28823044AD35C23B10223034A1178DB
S11308F00B4313707047C046D0530020A45300200C
S113090040F28C23074AD25800231178012904D1DC
S1130910FF32537F1BB9044B1B5CD8B27047034BA7
S1130920FAE7C046D0530020CCD70000BED7000061
S1130930044B10B5FC331B6D13B1DB6803B198474E
S113094010BDC046D0530020082310B5034A1178C7
S11309500B431370FFF7ECFF10BDC046C8530020D3
S1130960042310B5034A11780B431370FFF7E0FF1B
S113097010BDC046C8530020022310B5034A1178A5
S11309800B431370FFF7D4FF10BDC046C8530020BB
S1130990704700000379012B01D1014A137070479D
S11309A0FC510020002382B00193054BDB88C01A60
S11309B01E2380B243430193019880B202B0704772
S11309C0FE260A4010B5042401210748074B82790A
S11309D01975A243827100220020197000211A6146
S11309E09860D9609A8310BD00380A40C05D002029
S11309F00200811C002010B51378000184B2180095
S1130A003038C0B2092805D918006138052806D83D
S1130A10573BD8B2013220439142EDD110BD1800AA
S1130A204138052801D8373BF3E74FF6FF70F5E767
S1130A30F0B500230500CC5CA446260934006746C3
S1130A4030349F2F00D907340F262C70CC5C3440EF
S1130A5026003036092C01D93734260001339CB2E4
S1130A606E7002359442E6D30023520092B283544E
S1130A70F0BDF0B587B003900191029213B9042040
S1130A8007B0F0BD019A54009C42F8DB00252E000B
S1130A90E41A24B205AFD4B9029A6B1C525D1DB29C
S1130AA03A700024029B6A1C5B5715B238007B70B5
S1130AB0FFF79EFF4FF6FF739842E0D0039B9855D3
S1130AC00136019B36B2B342E5DC0020D8E730237F
S1130AD0A4B23B70012CE4D0023C302324B2E5E7FD
S1130AE00420704713B5FFF75BFDC0B2012801D0A5
S1130AF0042016BD6B469C1C210001A8FFF774FD61
S1130B000023E25E012AF3D1019B1B785BB2302BF8
S1130B1005D10022044B3F3300201A70E9E7312B42
S1130B20E6D1014B3F33F7E794510020042070478E
S1130B3030B585B0FFF734FDC0B2042401281AD1C2
S1130B406B469D1D290002A8FFF74EFD2B8803ADBF
S1130B5021002800029AFFF78CFF040058B96B7833
S1130B602A781B0412061A43AB781B021343EA7853
S1130B701343024A1360200005B030BD145C00200A
S1130B80030030B541180A2400208B4200D130BD47
S1130B9000229A566043303AD5B20133092D01D868
S1130BA01018F2E701204042F1E7000013B5FFF707
S1130BB0F7FCC0B2012801D0042016BD6B469C1C72
S1130BC0210001A8FFF710FD0023E15E0129F3D104
S1130BD00198FFF7D5FFC0B208B10128ECD1024B50
S1130BE03C3318700020E8E79451002013B5FFF758
S1130BF0D7FCC0B2012801D0042016BD6B469C1C52
S1130C00210001A8FFF7F0FC0023E15E0329F3DCD7
S1130C10002301981AB2914212DCC9B20029EBD028
S1130C20FFF7AEFF431E9BB2DF2BE5D8C0B2431ED5
S1130C30DBB2DF2B02D8054B3D3318700020DCE714
S1130C40C25C0133303A092AE4D9D5E79451002033
S1130C50704700207047704770470000502210B55D
S1130C60034904480BF0BDF80322034B1A7110BD6D
S1130C7018D6000094510020E8500020024B187848
S1130C8043425841C0B27047E451002002001B2384
S1130C90C0094042184052005040C0B270470A2375
S1130CA070B58360036C01000133036403000833EF
S1130CB0DC6FC268A36820685D6840310823A847D8
S1130CC070BDEFF30380103840B2704730B585B083
S1130CD0FFF7F7FF124B8000C5586A68D36959784B
S1130CE0002304391C00022905D8137C0D495B003C
S1130CF05B5A02349BB2E96879B12D6901A8047189
S1130D000195022C07D1127C064C90325200125BE2
S1130D10120401329B188360884705B030BDC04679
S1130D20C04D002000260A401FB5436A4BB18468B9
S1130D302478029169460A71826A00946846039293
S1130D4098471FBDF8B5FFF7BCFF174B8000C0588C
S1130D50437CC6685B00F6183500FE356C8A8369EF
S1130D60A4B29BB18268D26882B90178426959B150
S1130D70178801315218013B3780426183610BB9F6
S1130D8001339C436C82F8BD1778F2E7002343617A
S1130D9001331C42F5D16B8899B2002BF2D10222A7
S1130DA0FFF7C2FFEEE7C046C04D002010B5FFF7C5
S1130DB088FF114B8000C058437CC2680133DBB20A
S1130DC05B00995A036A89B223B90422C361FFF70D
S1130DD0ABFF10BD0278C36952B119800233016AB6
S1130DE0C361013901620029F3D10122C161EEE737
S1130DF01970C3690133F2E7C04D002070B5FFF7E5
S1130E0060FF114B8000C0580126437CC468013345
S1130E10DBB25B00E4182188FE34628889B21300D7
S1130E2095B23340324207D102231D4209D1DB1867
S1130E3010221D4201D170BD20226381FFF774FF8F
S1130E40F9E70822F9E7C046C04D002043688268EC
S1130E501B785B009B5A02699BB20AB181695354A7
S1130E6083690133836170470123C8B28340002042
S1130E709BB20AB918001300034A090A49018918E8
S1130E80088100204B81704700000A4007B5FFF736
S1130E9018FF064B8000C3583BB19A682AB15979B0
S1130EA0DB68684601910093904707BDC04D002060
S1130EB040F21A23044A0020D35A812213405A1EB6
S1130EC093410B707047C04600C07E4006207047B7
S1130ED0062070470620704706207047062070479A
S1130EE00A0010B5034B11CB11C2034B11CB11C235
S1130EF0002010BD10D5000008D500000620704762
S1130F000620704706207047062070470620704769
S1130F10C36A0D4A10B59A180133C362036B816A20
S1130F20013B0363094B4C1C84621800140CFE3013
S1130F3092B2448242811A000978FC3251638122C0
S1130F40FF335A7510BDC0460000F0BD00C07E409E
S1130F504143032903D9890801390029FCD1704789
S1130F60254A03001268254810B5254982420BD84A
S1130F708A4209D02348824206D02348824203D0C1
S1130F8040F2F610DA6010BD2048214C1218B2FB72
S1130F90F1F10800A24202D901200840081840F2E9
S1130FA08352D86006204A43B2FBF0F21A6140F241
S1130FB076324A43B2FBF0F25A6158224A43B2FBFA
S1130FC0F0F29A61134A99604A43B2FBF0F2DA6193
S1130FD0114A4A43B2FBF0F21A62104A4A43B2FB86
S1130FE0F0F25A620E4B1A78012A03D001221A70C9
S1130FF0FFF7AEFF0020C6E7BC4D0020FF083D0010
S113100040420F0080841E00C0C62D003F420F00E6
S11310103F8AF701B86A0500C0B0070068ED2200F6
S113102090C07E4044F6003313B5A522019340F2EC
S11310308013F7210F4CE2500F4B9D3A5A705970B0
S11310405A705B78934200D1C04681681020FFF744
S11310507FFF40F21A22094BA352A35A98B203B954
S113106016BD019B1BB1019B013B0193F5E71420C5
S1131070F6E7C04600C07E40FFC07E4000AAFFFFE6
S113108013B5104901900B6B5B0612D57F240E4BF0
S11310905A7D22405A7500225A7501900B6B5B06EB
S11310A0D80F002B08DA019B2BB1019B013B019364
S11310B0F4E7019B0BB9142016BD019B013B01937E
S11310C0E1E7C046FCC07E40FFC07E4040F62302FC
S11310D00F4B995C0F4A890709D540F622015B5CE6
S11310E01BB193680C4A136070471369FAE740F622
S11310F02001595C890705D540F61901595C5368EC
S1131100CB40EFE740F61801595C1368F8E7C04696
S113111000E00140804C0020BC4D0020044940F216
S113112040100A00FE32538C095A0B405386704714
S113113000600040F7B5FF27019283080A4A03269E
S11311409B009B183A0040F200350640F6008901E6
S1131150B2403940B1405C59800094430C435C5127
S1131160019A024B1A50F7BD00E100E0C04D002087
S11311701F22430910401E3A8240044920339B0039
S11311805A50BFF34F8FBFF36F8F704700E100E0F9
S1131190002310B50360436811201856030021335F
S11311A001D0FFF7E5FF002010BD00BE704700002E
S11311B010B5034B1B689B780BB10AF0F7FD10BD0B
S11311C008400020F0B50A0085B020B1012839D0CC
S11311D0002005B0F0BD4B490B00EC331C680B003C
S11311E0BA3318880B00BF331B78C1315D1EAB4185
S11311F00978C00801391B18481E81414900891823
S1131200DB001833C900591840F2E8334B43621E1F
S11312109B1841F65732B3FBF4F3012094420FD8E4
S113122040F6B732001894420AD840F2CF72013027
S1131230944205D840F2E7320430944200D902388F
S1131240C018C6E72F4B00201900F9310978019026
S11312500A2902D82C48415C01911900F8310E7812
S11312601900C43118000F881900FA331B78C631ED
S11312700433C830097804780393731F012B04D80E
S11312803B1C0C2F00D20C239FB2631E9C41D20046
S11312902401A4184A4251411423B50049420B4089
S11312A0641BE418B31E0293062E07D9310001987B
S11312B00834FFF703FA08B1B31E9D00E343DB17BC
S11312C01C406419013C94FBF5F5039B6B43DA194C
S11312D013000E33062E00D9023B0C4A0199525CCE
S11312E00A2A0ED80A49920052589B0002990133E7
S11312F08B4040F2E8305843531EC018B0FBF2F064
S113130067E7FFDE7C5C002078D80000B0D80000DE
S113131084D80000F7B500921A000B32019203261C
S11313200269019DC468AD18B5434669B54214D835
S1131330050050352980010048310B800300141B3F
S11313404A331C8002238360009BC364686B8368F8
S113135000685C680423A047FEBD02224260026666
S113136002008832156886692A199446B76832687B
S1131370D719BC4500D0624644663469AD18C260D2
S11313804561A14205D8083202618AB20267426708
S1131390C5E7FFF784FCDFE710B5094B012806D148
S11313A0084AC7331170197007F04CFB10BD1A00BE
S11313B0BF321278002AF9D1024AC0331170F2E721
S11313C07C5C00200640002010B5044B1420185EFD
S11313D007F086FD0128F8D010BDC0467C5C0020D3
S11313E0010010B580B90948094A121A0AF03EFAF8
S11313F00848094A0949121A0AF0F3FC0848094A3C
S11314000949121A0AF0EDFC10BDC046984C0020A0
S1131410B86300200040002000400020000010407D
S113142000400020804000204004000007B56B46C7
S1131430D87107330121180007F01AFD07BD000019
S1131440030070B572B6BFF34F8FBFF36F8F00798F
S1131450082809D888B3013807282ED80AF07EFE58
S1131460706E2D0D2D2D2D0B0300EF22103B13421A
S113147001D0402821D1334B53E09C68324B1B7878
S11314805BB2D3B10623314AD356012B15D00223C4
S1131490D05E0023D15E0425525F431C93FBF2F51A
S11314A06A439B1A1BB2E4B28B420CD1082C04D1C0
S11314B007F0CEFB2000FFF77BFE62B6BFF34F8F31
S11314C0BFF36F8F70BD2300613B192B05D8203CFF
S11314D0E4B2200007F078FB29E00A2C06D00D2C9A
S11314E018D0082C1FD0202CE7D0F2E7200007F0FA
S11314F06BFB2000164CFFF75BFE2378002BDCD03F
S113150007F0A6FB07F0A4FB0122124B1A7000237C
S11315102370D2E7200007F057FB2000FFF748FEB6
S11315200B4B012208E0884204D007F091FB200015
S1131530FFF73EFE0022064B1A70BEE7064BF0E7AB
S1131540064BEEE730520020F4510020E851002011
S1131550E5510020E4510020F551002031520020D3
S113156037B5FFF71DF8C4B2012C12D16B469D1C90
S1131570290001A8FFF738F829780423019849B114
S1131580FFF7FEFA0423C0B2984203D1200008F00A
S113159077F9002318003EBD13B5FFF701F8C0B278
S11315A0012801D0042016BD6B469C1C210001A813
S11315B0FFF71AF80022A35E012BF3D1019A1278E7
S11315C052B2312AEED1064A917A9372012901D19D
S11315D00020E8E7034A137107F088FEF8E7C046E5
S11315E094510020E850002010B586B0FEF7D8FFD3
S11315F0C0B20424012810D16B469C1C210001A810
S1131600FEF7F2FF23881021019A02A8FFF731FAAE
S1131610040010B902A807F017FC200006B010BDA2
S113162010B5044B186820B102681A60FEF7C4FFB5
S1131630F7E710BD7C4D002010B50400FFF70EF84D
S113164068B1074B074AE3180020934207D8064ABB
S1131650B3FBF2F14A439B1A5A425341D8B210BD2C
S1131660608FF7C840164000C0270900030000201F
S1131670012B0CD1072A10D006D88A780B783AB1FE
S1131680023B0B22DBB204E0093A012A0AD9704773
S11316900D229A424041C0B2F9E70B780522083B7B
S11316A0DBB2F6E70E220B78F3E7002310B5520005
S11316B0CC5AC45202339342FAD110BD40F28C2367
S11316C0054AD358E0331B78022B00D0062340F29E
S11316D0882153547047C046D0530020F0B585B0DC
S11316E0FEF7B0FF0138C0B201283AD940F28C2687
S11316F01D4C1E4FA55929002A002B00FF31497E9D
S1131700F03228781278EC33009749B21B680397BB
S1131710FFF764F840F2F2170223E355B333FF33C3
S1131720EA5C00253F33E254023BE55404F0ACFA92
S113173004F01CF8A359E133187803F04DF9A359C8
S11317401B78012B0DD1039807F068F848B12800E5
S113175004F0F2FC40F28823E25DE25408B106F0A2
S113176037FC05B0F0BDC046D0530020B055002072
S1131770F8B540F28C2334490200CB581C00E03405
S1131780207818B102284FD00320F8BD42B91A00BE
S11317900D331532FF32FF3303CB03C20020F4E7CD
S11317A00220012AF1D00130022AEED12270080071
S11317B00C00E130CD34FF30FF34E0CCE0C060CC2D
S11317C060C040F2F2100A541A00002050325478DB
S11317D02CB31478022C22D124221C0042439A18E0
S11317E0106EFC34A06164321278FF335A7640F2F2
S11317F011228C5C313A8C54043288509A7F40F226
S1131800F013CA5403220233CA540022013BCA54BF
S113181040F210230022CA54FFF760FFBEE70130F4
S113182024320428D3D1F3E73AB9227003F09EFF9F
S113183004F0D2FAFFF742FFB0E7012AA5D0032053
S1131840022AA2D1AAE7C046D0530020002330B513
S11318500360CD5CDC00A540046801332C430460C4
S1131860DCB2A242F5D830BD03000020112B03D80E
S11318700248D840012318407047C04620070200A0
S113188070B50C4CE268137D2BB115006368A46835
S113189010359C4200D170BD1E788E4205D0AB42FB
S11318A001D11300F5E70433F3E7012258709A706D
S11318B0F1E7C0469053002070B50B49CA684B68E5
S11318C0147D507564B11400012589681034DE78E4
S11318D0587006B99D70A34203D113009942F6D102
S11318E070BD0433FAE7C046905300200B4A30B56C
S11318F053689168D26814001034994204D10023CB
S11319005A1E9341D8B230BD1D788542F8D0A34207
S113191001D00433F1E71300EFE7C04690530020F1
S1131920EFF31080012383F31088064B196819B96B
S1131930054A1170403111701A6801321A6080F33F
S1131940108870478052002040030A40EFF3108350
S1131950036072B6704710B52120FFF709FC1D2003
S1131960FFF706FC10BD70B50D0014002800A1B2ED
S113197007F07EFA0028F9D1200070BD114BF7B5AD
S113198018780D0091B2C14000270F4C0F4E019101
S11319908020277080023770217859B10199DD6168
S11319A0196294B22800A1B207F062FA0028F9D1B2
S11319B02000FEBD31780029EAD101380028EBD19E
S11319C0E6E7C04604520020315200203052002085
S11319D0054B012800D118601A68D20702D51A688D
S11319E0104318607047C0467C520020044B10B569
S11319F01B68DB0702D50220FFF7EAFF10BDC046D3
S1131A007C52002010B572B6BFF34F8FBFF36F8FB7
S1131A10FFF7ECFF0122044B1A7062B6BFF34F8F3D
S1131A20BFF36F8F10BDC046B85D002010B5FFF73F
S1131A30E9FF10BD034B01201B6810B503B19847A3
S1131A4010BDC0460052002010B5040000202056EE
S1131A5000B910BDFFF7EAFC0134F7E710B50A4BF3
S1131A601C68E37813B10948FFF7EEFF1422A1883C
S1131A70074B4A431B689B181869FFF7E5FF0548A5
S1131A80FFF7E2FF10BDC04608400020D4CC0000A0
S1131A90F85D0020ADCE000010B50248FFF7D4FF7A
S1131AA010BDC046D4CC000010B50400FFF7D6FF2B
S1131AB00448FFF7C9FF2000FFF7C6FFFFF7ECFF5C
S1131AC010BDC046D7CC000010B530B1152805D8DC
S1131AD0034B8000C058FFF7E7FF10BD0148FAE749
S1131AE0F8D60000D9CC000010B5074B3C331B7866
S1131AF023B10420012B05D1044800E00448FFF77A
S1131B00D3FF002010BDC04694510020FBCC000040
S1131B10E8CC0000062310B588B001AC2000237087
S1131B2007F04EFA029B04221BBA69462000009378
S1131B30FEF77EFF2000FFF7B7FF002008B010BDBE
S1131B40052310B588B001AC2000237007F038FAE3
S1131B506946029B20001A0C0A701A0A4A70032272
S1131B608B70FEF765FF2000FFF79EFF002008B092
S1131B7010BD000010B5054B04209B7A012B03D146
S1131B800348FFF791FF002010BDC0469451002088
S1131B900CCD000000B589B000236A4601A813717A
S1131BA007F00EFA6B461B7A2BB90748FFF77CFF48
S1131BB0002009B000BD012B01D10448F6E7042040
S1131BC0022BF6D10248F1E713CD00001DCD000031
S1131BD027CD000010B5054B04201B7A012B03D13F
S1131BE00348FFF761FF002010BDC0469451002058
S1131BF031CD000000B589B004236A4601A81371F1
S1131C0007F0DEF96B461B7A2BB10448FFF74CFF53
S1131C10002009B000BD0248F8E7C04639CD0000F5
S1131C2047CD000010B5074B3F331B7823B9064856
S1131C30FFF73AFF002010BD0420012BFBD103481D
S1131C40F6E7C0469451002056CD000066CD000052
S1131C5000B589B043236A4601A8137107F0B0F9AF
S1131C606B461B7A012B05D10548FFF71DFF0020A9
S1131C7009B000BD0420002BFAD10248F5E7C046A4
S1131C8075CD000086CD00001FB5074B04221B68EC
S1131C9069461BBA01A80093FEF7CAFE01A8FFF724
S1131CA003FF002005B000BD145C002000B589B01E
S1131CB06A464B2301A8137107F082F96B466A4602
S1131CC01B8969465BBA138001A80222FEF7B0FEA5
S1131CD001A8FFF7E9FE002009B000BD4C2310B5B0
S1131CE088B001AC2000237007F06AF96946029BB2
S1131CF020001A0C0A701A0A4A7003228B70FEF72D
S1131D0097FE2000FFF7D0FE002008B010BD52233C
S1131D1010B588B001AC2000237007F051F9029B84
S1131D2004221BBA694620000093FEF781FE2000BE
S1131D30FFF7BAFE002008B010BD532310B588B0D9
S1131D4001AC2000237007F03BF9029B04221BBA6C
S1131D50694620000093FEF76BFE2000FFF7A4FE07
S1131D60002008B010BD0000124B10B51B88012BD9
S1131D7008D0114B114A1B6812889A80037813B15A
S1131D80012B0ED010BD43781BB90D48FFF78CFE14
S1131D90F8E7102B03D80B4A9B009858F6E70A483B
S1131DA0F4E743781BB903790BB10848EEE7084818
S1131DB0ECE7C046F650002008400020F450002014
S1131DC0BBCE00008CD6000098CD0000B2CD000040
S1131DD0BFCD000013B5FEF7E3FBC0B2012834D138
S1131DE06B469C1C210001A8FEF7FEFB0023E15E6C
S1131DF001292AD10198FEF7C3FEC4B2012C1CD9D3
S1131E00072C22D11248FFF71FFEFFF745FE072CCF
S1131E1005D109F059FB09F043FBFEF71FFF72B629
S1131E20BFF34F8FBFF36F8FBFF34F8F094B0A4A36
S1131E30DA60BFF34F8FC046FDE7002CE2D1074BB9
S1131E40187A07F01DFD200016BD0424FBE7C046E8
S1131E50BBCE000000ED00E00400FA059451002020
S1131E60F8B506000C000F274D1EAD003000E84009
S1131E703840092808D83030013CE4B2FFF7D6FADC
S1131E80043D002CF2D1F8BD3730F5E710B5FFF76B
S1131E90E5FD0948FFF7D8FD02210420FFF7E0FF24
S1131EA00648FFF7D1FD90200221FFF7D9FFFFF785
S1131EB0F3FD002010BDC046C6CD00002BD10000AC
S1131EC0F7B505000E000192002803DA2D20FFF774
S1131ED0ADFA6D4201230A221C00B34204D101264B
S1131EE00A27002C04DCF7BD01335443DBB2F4E7CA
S1131EF0012C00D1002695FBF4F292FBF7F37B430F
S1131F00D31A00936B461878012E0DD160B9019B4A
S1131F1013B11800FFF78AFAFF22009B13406343B2
S1131F2094FBF7F4ED1ADCE7303040B2FFF77EFAA9
S1131F300026F1E770B50D000400FFF78FFD05489A
S1131F40FFF782FD290000222000FFF7B9FFFFF709
S1131F50A3FD70BDD7CC0000272310B588B001AC19
S1131F602000237007F02CF80298052180B2FFF7B7
S1131F70E1FF002008B010BD00B589B06A462D23EA
S1131F8001A8137107F01CF86B460221187AFFF7B9
S1131F90D1FF002009B000BD10B5044B03213D332F
S1131FA01878FFF7C7FF002010BDC04694510020E9
S1131FB0002310B5934200D110BDCC5CC45401334E
S1131FC0F8E70300F0B5D433040018680E001500D8
S1131FD087B048B310231B1A1F000093934200D903
S1131FE017002300C133BAB2181831000193FFF768
S1131FF0DFFF2200D4321368FB1813600F2B1DD9A6
S1132000009BAB421AD22000B13003001A78197C2D
S11320104A401A70019A01339A42F7D12200010012
S113202006F07CFEF619ED1B2000C130102D07D8F8
S11320303100AAB2D434FFF7BBFF256007B0F0BD6E
S11320402700B1373B00009600991A7809784A4076
S11320501A70009A0133013200929842F4D110228E
S1132060390002A8FFF7A4FF02A90800220006F025
S113207055FE1022380002A9FFF79AFF1036103DD2
S1132080D2E70000F0B505000C008BB0012874D134
S11320906B466A461881002393720022002304923F
S11320A0059306920793089209930E79012E66D040
S11320B0042E00D174E0002E5FD1454D203228005B
S11320C002A9FFF775FF434B434AE81840F2842303
S11320D001005025C652414B414F0360DB19057185
S11320E0467108309342F7D1662500263D4B3E4A9F
S11320F03E483F4F1A60D2191D715E710833824207
S1132100F7D1012340F278225B428B5004328B508A
S113211040F28023374D7E3AFF3ACA5028003649B0
S1132120F93AFFF7C2FA062229003448FFF7BDFA4C
S11321300123334AE3801370DB18237240F6B8336B
S1132140E36040F2E833236140F2D073636141F20B
S11321508833A36141F27073E361631CDE77294B1A
S1132160636240F20813238523002A331E70264B32
S1132170E362264B2363264B63630BB0F0BD1D481B
S113218006221D490400FFF790FA0623A18922883C
S1132190013B0A40DBB2A2810234002BF6D1ECE70A
S11321A06B46991D072308200B7002F0EDF86B466F
S11321B0591D134B06201B785A1E93410B7002F0D5
S11321C0E3F86B460920D91D0D7002F0DDF8D4E761
S11321D0C0580020C0FDFFFF0028503700D88C36BF
S11321E0400D0300805800206086973660D65A3729
S11321F0006A1800E0580020F8580020EC5800202D
S113220004400020A07008370000F0419A9909406A
S11322104000200040F28C23F0B5374C0025E358F1
S113222040F2B4111A00E4325D54156040F20C22FD
S1132230012032498FB0A150E03A9D546432985243
S11322401A0018009988E8321180991DC97F173245
S11322509172996AFC30016119002C31097851742A
S1132260190015323031C0C9C0C2198F012611803E
S1132270DA6B42621A6C82621A004432117840F2BC
S113228028129954E832A554813A9D542D329D5414
S11322906A466946167100951878FFF7F3FE40F216
S11322A01123E5547B33E2585F3B1100FF3BD554C7
S11322B09E33E554FC31086940F2D011605011009E
S11322C0FF31887F40F2DC11605489196554891903
S11322D066542A39515C40F2DF12A1542200E132E3
S11322E01B19FF3223CB23C203CB03C240F2F213E8
S11322F00222E2540FB0F0BDD053002000010100CF
S1132300F0B597B0050007930D230C2005910692B4
S1132310EB5628560193AB7B69689C461C9B0600D0
S113232019606B780293002B44D02B7CEA7B0393D7
S1132330039C0023012C03D113005A1E93415B001C
S11323405AB20492061C984201DA6B461E7C00279E
S11323502B8976B299427F41FAB202926A89019F2F
S11323609C18A142A44127405400E4180197A142BB
S113237020D3CB1AB3FBF2F14A439C1A934219D1EE
S1132380049B98420ADC2B7833B1012308AA11007C
S113239003981371FFF776FE40F2010C2B7C012B9E
S11323A007D1EC7B8CB926B10634082E01D0013E4E
S11323B0F4B266B2059B019A1E70069B02981A70CD
S11323C06246079B1A7017B0F0BD3400022E04D089
S11323D00624082E01D0013EF4B264B2E9E70000FD
S11323E0F8B515002022134B1F001C00083726786F
S11323F0CEB90134BC42FAD10F4C226802B9236031
S1132400626802B1136000221A606360AAB2187194
S1132410DD71581DFC34FFF7CBFDE36801335B1914
S1132420E3603000F8BD013AD2B23B00002ADBD1B0
S11324300226F6E78C52002084520020114BF7B597
S11324401C68002317001E00009001911CB9019B19
S113245000201E60FEBD009AD11AE2790132914239
S1132460F5D322795D1CFA54EDB2E279611D781935
S1132470FFF79EFDE279013655192468EBB29619EF
S1132480E4E7C04684520020F0B504000F001600B3
S11324901D000A2085B0FBB110220021684609F016
S11324A0E5F96A46A31F13706B460322581C3900D2
S11324B0FFF77EFD0322310001A8FFF779FD6B468B
S11324C002222900D81DFFF773FD2200022168466D
S11324D008F0CAFF00B10F2005B0F0BD70B5056863
S11324E0040002201DB126790B2E01D8012070BDF5
S11324F020002B7804226371691C0830FFF7A6F9C9
S11325006B790B3E2373AB79E381EA7912021343AF
S1132510227BE3811207120F9642E7DD2900200097
S113252008311030FFF744FD237B200000221B07F5
S11325301B0F1E00651C2830EA77027022790836CA
S1132540911B043A042907DD216809338E5DEE7777
S1132550D51ACB1805706362200021682C308918C5
S11325600422FFF773F90020C1E700001FB5FEF74E
S113257017F8C0B20424012812D16B469C1C210018
S113258001A8FEF731F823880821019A02A8FEF772
S113259070FA040020B90822034802A9FFF708FDD5
S11325A0200004B010BDC046AF51002000B589B072
S11325B001A808220649FFF7FBFC082201A903A889
S11325C0FEF736FA03A8FFF76FFA002009B000BD42
S11325D0AF5100201FB5FDF7E3FFC0B2042401286A
S11325E012D16B469C1C210001A8FDF7FDFF238836
S11325F00821019A02A8FEF73CFA040020B9082237
S1132600034802A9FFF7D4FC200004B010BDC04663
S1132610B751002000B589B001A808220649FFF788
S1132620C7FC082201A903A8FEF702FA03A8FFF7D2
S11326303BFA002009B000BDB751002010B586B0A8
S1132640FDF7AEFFC0B20424012812D16B469C1CD6
S1132650210001A8FDF7C8FF23881021019A02A8D0
S1132660FEF707FA040020B91022034802A9FFF775
S11326709FFC200006B010BD9F510020242330B5DC
S11326808BB003AC2000237006F09AFC134B00229D
S11326901B7A012B00D1063261686846D5B252001C
S11326A0FFF786FCFFF7DAF90D48FFF7CDF90024B0
S11326B0E3B2AB4204D3FFF7EFF900200BB030BD17
S11326C06A4663000421D05AFFF7CAFB052C02D0E6
S11326D00448FFF7B9F90134EAE7C04694510020F1
S11326E0D7CC0000DCCD000010B5013A92B2013223
S11326F009F0BCF810BD0000F0B5C5B006000D002F
S11327001F000220019200297DD04A9B002B7AD021
S1132710E123002402A81B18180010220021FFF74F
S1132720E3FFB02221000EA84394FFF7DDFF634BC3
S11327301A78BA4261D111216143614B2131C91820
S11327400EA806F033FB002E5FD106AC2900019AD7
S11327500EA8FFF736FC102200212000FFF7C4FF6B
S113276021000EAA200006F0D9FA227823000021C5
S11327707F2A50D918785A784000D209024301318F
S11327801A7001330F29F5D17923E27B5B425200A1
S11327905340439ADBB2E373102A49D102ABE132CE
S11327A0D21800231178E05C0133414011700132EA
S11327B0102BF7D1E123002502AA9B181A78197C63
S11327C001354A401A700133102DF7D1E12302A9D3
S11327D05B1819002A000AA8FFF7EAFB0EAA0AA947
S11327E002A806F09BFA2A0020000021FFF77CFFD4
S11327F0029B4A9A0020136005E00134E4B21133CD
S1132800142C95D1032045B0F0BD102231000EA840
S1132810FFF7D7FB99E718785A784000D2090243AA
S113282001311A7001330F29F5D1E37B5B00B0E766
S11328300021002061562300814231DA1D78597845
S11328406D00C90929430130197001330F28F5D1EE
S11328507923E17B5B4249004B408021DBB2E37387
S11328600EAB9B18C133561C00251970102E01D8CD
S11328700F35AD1A0EABC232981800212A0008F0A9
S1132880F5FFF12202ABD2180023AD19439511785C
S1132890E05C0133414011700132102BF7D189E71C
S11328A01D7859786D00C909294301301970013325
S11328B00F28F5D1E37B5B00CFE7C0462859002001
S11328C008590020F0B5AFB006000D0001A81400AF
S11328D00021B0221F00FFF707FF00230F4811213A
S11328E05943425CA2420BD10D4B2131C91801A8B6
S11328F006F05CFA2C00281BC0B23CB9200003E0AF
S11329000133142BEBD103202FB0F0BD311801AAF1
S11329103818103C06F002FAA4B2ECE7285900205B
S1132920085900207FB5002311220E001949140014
S11329305C430D5D854227D1174B80382134C0B2EA
S11329401022E418092819D840F24923C340DB07B0
S113295014D50021684608F089FF022536B16B467C
S11329607F2210213000FFF7ADFF050010226946D9
S11329702000FFF71DFB280004B070BD31002000CB
S1132980FFF716FB0025F6E70133142BCFD10325FF
S1132990F1E7C046285900200859002030B5050049
S11329A085B051B1FFF7BEFF040030B9012D05D148
S11329B0104B1B689B78012B03D10F24200005B01A
S11329C030BD01001022684608F050FF092229009A
S11329D0684608F049FD0028EFD11022210068461E
S11329E008F044FF7F220921684608F03DFD0028D5
S11329F0E4D0E2E7A053002070B59E4D04002B0004
S1132A00FC339B6C01208EB09B075AD4207853284A
S1132A1000D97FE209F0B6FB57007E025B00650037
S1132A206B00720078007E00880088007E027E02BF
S1132A307E027E027E027E028D00920097009C0040
S1132A40A100A600AB00B000B500BA00BF00C400EE
S1132A50C900CE007E02D300E700F6001E01440147
S1132A6034016501700177017C01810188017E02D6
S1132A708F01A001C801B701D901E301EC01F30101
S1132A807E027E027E027E027E027E027E027E0242
S1132A907E027E027E027E027E027E027E02F901B8
S1132AA07E027E0220027E022D0254005400340273
S1132AB039023C024D02570260026A027402790232
S1132AC013200EB070BD2079FEF752FEF9E761685D
S1132AD009B90320F5E710226748FFF769FA0020D7
S1132AE0EFE761680029F4D010226448F5E740F26A
S1132AF08C23EB58E23322791A70F0E740F28C23EE
S1132B006268EB589A64EAE740F28C236268EB58F7
S1132B10DA64E4E761680029DBD00120FFF73EFFB7
S1132B200028DCD00E20CCE7616802200029F5D112
S1132B30CFE761687F200029F0D1CAE7616880206F
S1132B400029EBD1C5E7616881200029E6D1C0E7FF
S1132B50616882200029E1D1BBE7616883200029F4
S1132B60DCD1B6E7616884200029D7D1B1E7616878
S1132B7085200029D2D1ACE7616886200029CDD117
S1132B80A7E7616887200029C8D1A2E76168882087
S1132B900029C3D19DE7616889200029BED198E747
S1132BA061688A200029B9D193E761688B200029E4
S1132BB0B4D18EE740F28C23EB58E1339BE76A46AD
S1132BC0237A6946137040F28C23ED580722287843
S1132BD0FEF74CFD002800D17BE70D35FF350434AA
S1132BE006CC06C57BE76A46237A6946137040F231
S1132BF08C23ED5807222878FEF738FD2835002865
S1132C00EDD166E76A46237A6946137040F28C2355
S1132C10ED582B00FF339B7F287853700722FEF773
S1132C2025FD002800D154E72B001533FF3304346D
S1132C3006CC06C33C3B1B78022B00D04FE7B333D2
S1132C40FF33EB5C002B00D149E702F08FFDFEF768
S1132C5045FD44E76A46237A6946137040F28C23A3
S1132C60ED5807222878FEF701FD002800D130E74F
S1132C703035B4E7D05300200859002018590020FB
S1132C8040F28C23EB5861681B78012B00D020E7BD
S1132C90002900D123E706229F48FEF706FD1EE720
S1132CA040F28C23EB5861681B78012B00D010E7AD
S1132CB09A4C19B106222000FEF7F7FC40F280235B
S1132CC0974AD15CD152002340F282215352A18908
S1132CD0228801330A40DBB2A2810234062BF6D1EA
S1132CE0FDE62279531E0E2B00D9F2E640F28C2326
S1132CF0EB58FF335A72F2E640F28C23EB58F4336C
S1132D0062681A60EBE640F28C23EB58F833F7E77D
S1132D1040F28C23EB58FC33F2E740F28C23EB585F
S1132D206268FC335A60DAE640F28C23EB58FC33D9
S1132D3062689A60D3E604266B46A65706221E7084
S1132D4040F28C23EC5869462078FEF78FFC00286B
S1132D5000D1BEE66671C2E604266B46A6576A46F3
S1132D601E7040F28C23EC5869462300FF335B7FCE
S1132D70207893700522FEF779FCE934002800D10D
S1132D80A7E62670ABE604266B46A6570A221E70F9
S1132D9040F28C23EC5869462078FEF767FC002843
S1132DA000D196E626719AE604266B46A6570922B8
S1132DB01E7040F28C23EC5869462078FEF756FCCE
S1132DC0002800D185E6E834DBE740F2F4136268BA
S1132DD09A4200D97DE69833EB58EC3391E740F200
S1132DE08C23EB5822791900F0310A701A7376E6B5
S1132DF040F28C23EB586268FC339A626FE640F22F
S1132E008C236268EB581A6469E640F28C26AB594D
S1132E101B78012B08D1434923790A789A4203D0BD
S1132E2006200B7001F0B0FAAB5900201A00002103
S1132E30A132FF3210605160694603220A710022F8
S1132E4018780092FFF71EF92379A9595A1E934165
S1132E5040F22D128B5442E640F28C23EB58227937
S1132E60180040F22811443002B1012202705A5471
S1132E7035E640F28C232179EA58CF3BD1542EE633
S1132E80294BA2881B689A8029E6274B1B684FE7C9
S1132E9022790F2A00D91CE640F28C23E958613BC1
S1132EA0FF3BCA542C3BFF3B934040F290128B52A1
S1132EB015E62279072A00D90BE640F28C23EB5859
S1132EC0FF339A720BE640F28C232079ED5809F017
S1132ED0A1FEFC35686202E62279012A00D9F8E5F0
S1132EE040F28C23EB58FF339A77F8E52279012AD4
S1132EF000D9EEE540F28C23EB58FF335A77EEE528
S1132F00094B62681B681A61E9E5074B62681B6834
S1132F10DA60E4E50220D4E5F8580020E058002007
S1132F208056002004400020A053002010B58AB031
S1132F30FDF736FBC0B201282CD16B469C1D210045
S1132F4002A8FDF751FB0023E15E052922DCC9B28A
S1132F500298F9B1FDF714FE03004CF25C12F53B44
S1132F60FF3B9BB2934215D827236A4684B203A839
S1132F7013730494FFF740FD50B928236A46137372
S1132F8040F2E83303A8E4180494FFF735FD10B1C8
S1132F90FEF79AFD04200AB010BD000030B58BB0D6
S1132FA0FDF7FEFAC4B2012C1AD16B469D1D29000F
S1132FB002A8FDF719FB0022AB5E012B10D1029B86
S1132FC01B785BB2302B0ED0312B09D16A464323D8
S1132FD003A813731474FFF70FFD30B1FEF774FDEB
S1132FE004200BB030BD0024F0E7024B3B331C70CF
S1132FF0F7E7C0469451002010B58AB0FDF7D0FA27
S1133000C0B2012819D16B469C1C210002A8FDF70F
S1133010EBFA23880421029A01A8FDF72AFD030094
S113302060B95222019B03A81BBA43600270FFF7E8
S1133030E3FC030010B1FEF747FD042318000AB0B7
S113304010BD10B58AB0FDF7ABFAC0B2012819D192
S11330506B469C1C210002A8FDF7C6FA23880421B4
S1133060029A01A8FDF705FD030060B95322019BF4
S113307003A81BBA43600270FFF7BEFC030010B143
S1133080FEF722FD042318000AB010BDF0B58BB082
S11330901E0010AB0C001F7800900192F1B3009B4E
S11330A00A20E3B301251022002106A808F0DEFB64
S11330B01022002102A808F0D9FB02AB981D3100B0
S11330C01D705F7105F0E0FD0A2002AB1199C01874
S11330D005F0DAFDEAB21301103BDEB202ABDA739B
S11330E001351021019A06AB02A8ADB2FFF7EAFB45
S11330F0B8B9211C102C00DD10210022009B09B25C
S11331009B1906AF1878D65D0132704018700133F0
S11331109142F7DC103C24B2002CDBDC00200BB025
S1133120F0BD0F20FBE7000010B5074B04001B683F
S1133130DB7813B10548FEF787FC2000FEF784FC1A
S11331400348FEF781FC10BD08400020D4CC0000E9
S1133150ADCE0000037837B50400022B43D8457880
S1133160002D40D1037B13B32548FFF7DDFF25482D
S1133170FEF76AFC237BAB4236D82348FEF764FC97
S113318000220321E078FEF79BFE1F48FEF75CFC5B
S113319000220121607CFEF793FE1B48FEF754FCDD
S11331A000220A21206AFEF78BFEFEF775FC174BFE
S11331B03F331B78012B16D11548FFF7B5FF114893
S11331C0FEF742FC002203210E23E05EFEF778FEA8
S11331D00D48FEF739FC1020002203212056FEF78B
S11331E06FFEFEF759FC37BDA1680122491901A8F9
S11331F0FDF71EFC013501A8FEF726FCEDB2B9E788
S1133200DECD0000D7CC0000DCCD000094510020BE
S1133210E4CD0000F8B505780400032D16D0082D80
S113322038D065B92748FFF77FFF2748FEF70CFC25
S113323063782BB92548FEF707FCFEF72DFCF8BD93
S1133240082B01D12248F6E72248F4E7224B1E78E6
S1133250B307F4D52148FFF767FF1B48FEF7F4FBDB
S113326067789FB93A002900207CFEF729FE1C48A4
S1133270FEF7EAFB3A002900607CFEF721FEFEF728
S11332800BFC02239E43144B1E70D8E71548FEF72F
S1133290DBFBF4E7104E3578EB07D0D51248FFF787
S11332A043FF0948FEF7D0FB637843B90F48FEF7A4
S11332B0CBFBFEF7F1FB01239D433570BFE70948C3
S11332C0F5E7C046EACD0000D7CC0000F0CD000001
S11332D0FECD000010CE0000E54E00201CCE000004
S11332E0DCCD000025CE000031CE0000BBCE0000B6
S11332F010B5040088B00320022C09D86A460023C4
S113330001A813711472FFF777FB08B9014B5C72C3
S113331008B010BD9451002013B5FDF741F9C0B2B7
S1133320012815D16B469C1C210001A8FDF75CF90E
S11333300022A35E012B0BD1019B18783038C0B258
S1133340022805D8FFF7D4FF030010B1FEF7BCFB39
S11333500423180016BD0000042330B589B001AC65
S113336023700500200005F02BFE23799D4220D018
S113337045B90423200023702571FFF73DFB60B19C
S113338009B030BD2D2323700B4B20001B78237113
S1133390FFF732FB0028ECD0F2E7084B3E331D70F8
S11333A03DB92D232000237005F00AFE2279024B3B
S11333B01A700020E4E7C046E44E00209451002037
S11333C013B5FDF7EDF8C0B2012816D16B469C1C6D
S11333D001A82100FDF708F90023E05E01280CD1C3
S11333E0019B1B785BB2302B0AD0312B05D1FFF740
S11333F0B3FF030010B1FEF767FB0423180016BDEA
S11334000020F4E730B50A4C050023003E331B7856
S1133410002089B04BB96A462D3301A81371157287
S1133420FFF7EAFA08B94034257009B030BDC04648
S11334309451002013B5FDF7B3F8C0B2012818D198
S11334406B469C1C210001A8FDF7CEF80023E15E29
S113345002290EDCC9B2019859B1FDF791FB83B280
S11334600F2B06D8C0B2FFF7CDFF030010B1FEF753
S11334702BFB0423180016BD70B52423050088B067
S113348001A80C0003704560FFF7B6FA0600054B6F
S11334902900054862001C70FEF78AFD300008B060
S11334A070BDC046D7510020D8510020F0B589B076
S11334B005AE0C220021300008F0D8F9FDF770F8B1
S11334C0C3B20193062B2AD900240420164B1B7A7D
S11334D0012B27D03CB938B921003000FFF7CCFFCD
S11334E010B1FEF7F1FA042009B0F0BD02AB9F1D44
S11334F0390004A8FDF778F83B8803AF02213800AF
S1133500049AFDF7B6FA0028E0D13B886A005BBA5A
S1133510B3520135019BECB2A342E7D8D6E70025AC
S11335200420F7E70624D6E7945100200B680278BC
S11335301B0E534003700B6842781B0C53404370BE
S11335400B6882781B0A534083700B68C27853401F
S1133550C3704B6802791B0E534003714B68427968
S11335601B0C534043714B6882791B0A534083718F
S11335704B68C2795340C3718B68027A1B0E534067
S113358003728B68427A1B0C534043728B68827AB5
S11335901B0A534083728B68C27A5340C372CB6850
S11335A0027B1B0E53400373CB68427B1B0C5340BE
S11335B04373CB68827B1B0A53408373CB68C27B03
S11335C05340C3737047000003000449103302786A
S11335D08A5C027001309842F9D1704718D5000016
S11335E0F8B50C0006000878FDF750FB6778050075
S11335F03800FDF74BFBA378E2787B4053405D40F5
S1133600684030706078FDF741FB27780500A078AA
S11336104740FDF73BFBE3785F407D4068407070B6
S113362063782778A0785F40FDF730FB0500E078E9
S11336304740FDF72BFB7D406840B0702778380089
S1133640FDF724FB63785F40A3785F407840C5B200
S1133650E078FDF71BFB4540F570F8BDF0B5437B02
S113366087B001938378457A0293C379877A039369
S11336704378C1780493C37AC67B05934379847BEA
S11336804370019B82794372029B87708372039B10
S1133690C670C372049B457143738471C171827394
S11336A0059BC37307B0F0BD030070B5002504008B
S11336B00833DB6F05609A681868526990472800E0
S11336C06560A56070BD41B1436813B14368022BC6
S11336D003D104234360033B83607047EFF31081FD
S11336E0012383F31088074B1A6812B11A68013A50
S11336F01A601A681AB9044B1A7080321A7081F36E
S1133700108870478052002040030A40F8B5040036
S1133710FF25FEF705F9002220880A4E93B298424D
S113372002D8FFF7DBFFF8BD6168D300C9188F88A2
S113373009683B0A1B012F40DB1989B25B009953CE
S11337400132EBE700020A40436810B5C4681A78F6
S1133750FF21436904B1E15C8468520001331153D1
S1133760436110BDF0B585B0FDF7ABFA204B800086
S1133770C45863681D78A3686A009B180122FE334D
S1133780598811420AD05A81042301A80195037172
S1133790A36A8360636A984705B0F0BD5B8A1E0024
S11337A09FB21640134202D06369012B02D9200054
S11337B0FDF74CFB6269E3699A4203D22000FFF7EC
S11337C0C3FFE9E736B1012388359F43A3686D0041
S11337D0EF52E1E7636801A81B78019301230371A9
S11337E0A36A8360636A01349847E677D4E7C046E6
S11337F0C04D002040F20A2230B50F4B995C890974
S1133800814218D040F20B2401211D5D2943195532
S1133810022805D0995C8909022901D08021995494
S113382040F20A2240F20B218001C0B298540120D8
S11338305A5C82435A5430BD00C07E40484A494BCA
S113384070B59A600122484B484C1A7040F6FE034A
S1133850474A0025E252474B474ADD601A60474A0F
S11338605A6048F200029A601A61FDF72FFC40F694
S113387000031A2240F62401E254635C8BB1404BEE
S11338804048DA680240DA60DA687F263E48C27A45
S11338903240C2728022D86812040243DA60DB68C4
S11338A0655440F60C03E25C0AB10022E2540320A2
S11338B0FFF7A0FF002240F60803E25440F612028C
S11338C0A35CDB07FCD540F623030121E25C8A43B9
S11338D0E254E25C9207FCD440F621030121E25C4D
S11338E08A43E254E25C9207FCD440F620020121B0
S11338F0A35C8B43A354A35C9B07DB0FDDB2002DB9
S1133900F9D1022640F61802A6540132A35401321A
S1133910A354FDF7DBFB3000FFF76CFF40F6FE031A
S11339201A4A2800E252FDF75BFDFDF7CFFB184B66
S1133930184A19481A60FFF7E9FE0120FDF750FD07
S1133940164E174BF61AB610AE4201DC05F0D6FF40
S1133950134AAB009B181B6898470135F4E7C0462F
S11339600000000000ED00E090C07E4000E0014057
S113397003A5FFFF804C00200048E80100093D003A
S1133980FC6F0440FFFF7FFF002C0A4000A5FFFFEF
S1133990A44D002054524F503CD300001CDE0000C4
S11339A018DE000001380028FCD1704740F2E832EC
S11339B00023484310B5002108F048FC054B1A6861
S11339C0054BB3FBF2F3B0FBF3F0800808B1FFF74B
S11339D0E9FF10BDBC4D002000CA9A3BF0B585B08C
S11339E0019300238377030008330400D86F8368AE
S11339F00068DD6802AB0733A8470500E0B906009C
S1133A00A37F104F33B9012101360800FFF7CEFF21
S1133A10BE42F5D1230058331A7801990A70BE4288
S1133A200DD01A78022A07D01A78032A04D040F25B
S1133A30F4151B7859342370280005B0F0BD142503
S1133A40FAE7C04640420F000223F0B5060085B0F5
S1133A5002AAD371C268040015004BF6AD6788361C
S1133A60336801919B180835436163699D421BD2F9
S1133A70019BB3B102AB0422290020000733FFF7F6
S1133A80ADFFA0B902ABDB79022B0DD0A16933687D
S1133A90CA6828880A3252009B1A834209D221201C
S1133AA003E0A36E9D42F1D10020A566256105B017
S1133AB0F0BD0322EB1D1B1893435A88BA42EED182
S1133AC01A884869E1685200691A11521A881D1D42
S1133AD0E265CAE710B50400436E0021C360836940
S1133AE01A6958690132520007F0C0FE0021200013
S1133AF0FFF7AAFF10BDF8B5040003258369490048
S1133B005869626E435A26699B18E3671B88221D15
S1133B100B33AB43D367E2689B19B71A47522100B2
S1133B208831096800205218934205D92000FFF714
S1133B30D1FF01236560A360F8BD10B5040083695B
S1133B40616F1A690131914200D9002161675A6994
S1133B504800825A002AF3D0236F8B4207D02000FA
S1133B60FFF7C9FF10B9200005F048F810BD23691C
S1133B702000A367FDF793F8F8E7F0B58468002305
S1133B80250087B00093037858352B70A3681BB9C0
S1133B900133A37707B0F0BD2B78012B00D0DCE014
S1133BA0A0680238082800D9B3E008F0D7FA058BDA
S1133BB0359FB8B2B2B2C000236903250433019320
S1133BC02361230048331B88E76C1A002A40A56050
S1133BD002922B420AD1A560220039000832D06F2C
S1133BE082685568019A0068A84739E0032B0FD80A
S1133BF026008C3604220021300007F037FE3900FD
S1133C003000029A08F0EDF837000423A560E3E7DA
S1133C100422AB43A260DFE7230048331E8825005B
S1133C20032733008C35BB43042200212800A760FE
S1133C30019307F01BFE3200019BE16C3A40C91866
S1133C40280008F0CEF82269019B29009A18230065
S1133C500833D86F2261836800685E680423B04724
S1133C6001002000FFF72FFDA368012B00D091E78E
S1133C70230090331A68002A00D18BE76368002B75
S1133C8000D084E0A368013B591E8B41DBB204A938
S1133C900B702300943498331B6820684B60002811
S1133CA077D00378009343680393030060C960C32B
S1133CB090472368002B00D16CE7009A1A70039A8E
S1133CC05A6067E7230048331B8821695A189B0709
S1133CD000D00A1D0523A360230021000833D86FF8
S1133CE02261836850315D6804237CE7230021004E
S1133CF050331A882369E265043323614A31088802
S1133D00A169520049695052626822B90132A26025
S1133D10A3660020A4E72000FFF70FFFA0E7231D00
S1133D20DB6F2000002BF7D004F068FF98E7230036
S1133D3088331A68E368616E9B18636100232377F4
S1133D40A36F120A23610B23A36023000833D86FE7
S1133D50836800689B68984782E72B7823B9009BA7
S1133D6063600123A360D4E763680098022B05D144
S1133D70A3680B2B02D02000FFF7ACFE23002A78A7
S1133D8059331A7004236360033BA36068E76368D4
S1133D907CE708008CE70000030070B500260833B8
S1133DA086770400D86F836800689B68984705008D
S1133DB048B1280070BD01210800FFF7F7FD0A4B48
S1133DC001369E420DD0A37F002BF4D0230058333C
S1133DD01A78002AEDD01B78593440F2F415237078
S1133DE0E7E71425E5E7C04640420F008369F0B5D4
S1133DF01A690500013258695200002185B007F0A4
S1133E0035FD00234FF6FF72AB77EA65EB60019353
S1133E10AB6901995A68914201D300243BE02F0019
S1133E208837019A3E681B685643F61802AB08228D
S1133E30310028000733FFF7D1FD040058BB02AB63
S1133E40DB79022B14D102AB310028003A68073326
S1133E50FFF7C4FD0400F0B902ABDB79032B43D1B7
S1133E603A68120A31002800FFF796FF040011E0B7
S1133E704BF6AD62F3889342F2D1E96899B33A689C
S1133E8030680B68120A9842ECD92800FFF784FFC7
S1133E900400EE6044B3EB684BBBAB6929001A68BD
S1133EA09B688831D2182B0009680833521AEA60DB
S1133EB09CBB22492C64D9872900D86FAC778368CE
S1133EC040315C6800680823A047040028BBAB7F2E
S1133ED033BB01210800FFF769FD194B01349C42F3
S1133EE0F5D1142426E0EE60019B01338FE7212CE9
S1133EF00ED10126002301212800AB83FFF7A4FD86
S1133F000400212816D0A8B92EB90123AB6011E012
S1133F1084B90026EEE721240CE0212C0AD1E8E73D
S1133F202B0058331A78012AF3D040F2F4141B788A
S1133F3059352B70200005B0F0BDC046ADBEFFFF63
S1133F4040420F00F7B502000B6A08321B6881611A
S1133F500400D3670700019248688A688837B2FB77
S1133F60F0F23B483A606064606520000022394DFD
S1133F70903025658D69C9692264A264E264816018
S1133F802100943105600A609A6803CB1268904757
S1133F900600002845D1A0602000FFF727FF050098
S1133FA0212844D102233100A06963600369266695
S1133FB09C4643694A009A5A12B901316145F9D9BC
S1133FC00368E5683A688068AF181818874200D01B
S1133FD03B00D2186566E36062618C4523D30833E5
S1133FE023618BB2200023676367FFF784FD05001C
S1133FF080B9200004F002FE050058B9A368012B23
S11340001FD001210800FFF7D1FC134B01359D425D
S1134010F4D11425019B2E00DB6F9A68186852694D
S113402090473000FEBD2000FCF739FEE4E700288D
S1134030F0D1E3681B68236400236360074B2360AB
S1134040EFE76368042BF4D140F2F415E2E7C046CD
S11340500000ADBEFFFFADBE404B4C00454556527F
S113406070B5274B88B09B7A012B47D103221400EB
S11340700440024242D025001D401C4209D06A4639
S11340804A33137101A804F09BFF6B461A891D4B38
S1134090DA80022634422FD04C2301AC2370200056
S11340A004F08EFF029A174B35439A60164917485D
S11340B0FFF748FF040080B9154E04213070062331
S11340C0144A1248FDF726F9040001000F48FFF7CF
S11340D0FAFA14B93378002BFCD00C48FFF7E4FA51
S11340E02043424250410323064A404203401D40BC
S11340F013682B43136001E0002DD7D108B070BDC5
S113410094510020E850002068D60000484E00205A
S1134110FC5D0020EE500020002370B588B001AC97
S11341202000237004F04CFF1E4D237920006B7295
S11341304323237004F044FF2B0022793B331A708D
S113414004232000237004F03BFF2B0022793E332C
S11341501A701D232000237004F032FF2B002279F3
S11341601149413311481A70FFF7ECFE010078B988
S11341700F4E502330702A000C48FDF7CBF8040092
S113418001000A48FFF79FFA14B93378002BFCD0DA
S11341900648FFF789FA0748FFF762FF002008B0D6
S11341A070BDC04694510020D4D60000F8500020C1
S11341B0FD5D0020FFFF030070B58AB0FCF7F0F945
S11341C0C5B2012D1BD16B469C1D210002A801AE76
S11341D0FCF70AFA238802213000029AFCF749FC12
S11341E0040068B96A464B23368803A876BA137369
S11341F01682FEF701FC040028B1FDF765FC0424D7
S113420020000AB070BD034B2800DE80FFF728FFB2
S1134210F6E7C046E850002070B58AB0FCF7C0F954
S1134220C0B201281FD16B469C1C210002A801AE1C
S1134230FCF7DAF9238803213000029AFCF719FC11
S1134240040088B9737835781B022D041D43B378B4
S113425003A81D434C2345600370FEF7CDFB040007
S113426028B1FDF731FC042420000AB070BD034BD3
S113427002209D60FFF7F4FEF6E7C046E8500020F8
S113428010B5FFF7EDFE10BD37B5040008226846EF
S11342901B4907F0A6FD002C2FD11A4D1A492800FE
S11342A0FFF750FE040068B9AB695B691B88E3B192
S11342B0EA6899189B5A4F2B19D950221348043194
S11342C007F08FFD0F48FFF7EFF9204320B150228C
S11342D00F490E48FDF76CFE082269460B4807F0AB
S11342E06FFD30B90B4B187137BD2224EAE7032464
S11342F0E8E707F0E9F807F0D3F8FCF7AFFCF3E7D9
S11343003ACE0000F8500020D4D60000945100208A
S113431018D60000E850002037B5FCF741F9C4B2C4
S113432094B1012C19D16B469D1C290001A8FCF7FE
S11343305BF90022AB5E012B0FD121000198FCF741
S11343401FFCC4B2012C08D82000FFF79DFF04F025
S1134350CDFF030010B1FDF7B7FB042318003EBDE9
S11343601F22430910401E3A824002499B005A50C2
S11343707047C04600E100E010B52120FFF7F0FFD0
S11343801D20FFF7EDFF10BDF7B507000C00002559
S1134390C9B3374E01A8FDF7D9FA3278531CDBB202
S11343A033700AB9FDF7D7FA019B83F31088092FFC
S11343B03CD8380007F0D2FE050A292D31373F4397
S11343C0475422782B4B1A7001250FE0162504223E
S11343D0210001A807F005FD019A274B19689142B5
S11343E042D0013DADB20833002DF7D101A8FDF74D
S11343F0ADFA3378013BDBB233700BB9FFF7BCFF86
S1134400019B83F310882800FEBD2278194B1A7291
S1134410DAE72278174B5A72D6E723782F2B05D880
S1134420144AD372D0E723782F2B01D90025DDE776
S1134430104A1373C8E722780E4B5A73C4E72278E4
S11344400C4B9A72C0E70B4D2378AF7BAB73072BF1
S113445001D0AF73EAE704F04BFA0028B4D1F8E7CF
S11344602278044BDA73AFE7024B5A60ACE7C046DC
S1134470E85D0020805D002018D90000F7B5070032
S11344800C00002679B3254D01A8FDF75FFA2A78C0
S1134490531CDBB22B700AB9FDF75DFA019B83F361
S11344A010880026092F11D8380007F057FE050997
S11344B01E2124272A2D3033194B1B78237004E046
S11344C004222000174907F08CFC012601A8FDF7FF
S11344D03DFA2B78013BDBB22B700BB9FFF74CFF95
S11344E0019B83F310883000FEBD0D4B1B7AE5E77A
S11344F00B4B5B7AE2E70A4BDB7ADFE7084B1B7B6B
S1134500DCE7074B5B7BD9E7054B9B7AD6E7044B8B
S11345109B7BD3E7024BDB7BD0E7C046E85D002002
S1134520805D0020845D002073B5184D060001A84D
S11345300C00FDF70BFA2A78531CDBB22B700AB976
S1134540FDF709FA019B83F31088114B042E14D054
S1134550052E18D0083307CC07C306CC06C301A820
S1134560FDF7F4F92B78013BDBB22B700BB9FFF7A5
S113457003FF019B83F3108873BD1C3307CC07C36F
S113458007CC07C3EBE722685A60E8E7E85D002040
S1134590B85B002073B51C4D060001A80C00FDF7A4
S11345A0D5F92A78531CDBB22B700AB9FDF7D3F97D
S11345B0019B83F31088154B042E1AD0052E1FD0AF
S11345C0032E0FD01B78237001A8FDF7BFF92B78B9
S11345D0013BDBB22B700BB9FFF7CEFE019B83F3DB
S11345E0108873BD2200083343CB43C203CB03C2FC
S11345F0EAE722001C3343CB43C213CB13C2E3E7E5
S11346005B682360E0E7C046E85D0020B85B0020FB
S1134610F0B5324D85B0070003A80191FDF796F976
S11346202A78531CDBB22B700AB9FDF794F9039B6B
S113463083F3108840F28823294CE65C783BE35CE2
S1134640DEB913B140F24923E7543800FDF734F9D9
S1134650244B254A1B6863B940F289222023A15CBC
S11346600B43A35401F010FB01F080F801F0B4FBFC
S113467022E0934216D01B69EDE71BB140F24923B7
S1134680019AE2540198FDF717F940F28C23E3589C
S1134690E0331B78022B0FD040F289222023A15C47
S11346A00B43A35440F28C23E358E0331B781BB92B
S11346B0002ED9D101F070FBFDF700F803A8FDF737
S11346C045F92B78013BDBB22B700BB9FFF754FE95
S11346D0039B83F3108805B0F0BDC046E85D00205D
S11346E0D0530020E45D00206C550020F0B5214C2F
S11346F087B0019005A81F0003920291FDF726F9E7
S11347002278531CDBB223700AB9FDF724F9059B08
S113471083F31088184D00212B00A4330020185E69
S113472004F0ECFB0026019B985D04F003FA0136CB
S1134730029AB3B29A42F6D8039EF719BE4214D134
S1134740A4350023E85E012104F0D8FB05A8FDF799
S1134750FDF82378013BDBB223700BB9FFF70CFEA5
S1134760059B83F3108807B0F0BD307804F0E2F9BC
S11347700136E3E7E85D00207C5C0020C02307B538
S113478001A8038000231A000221FFF7AFFFFCF702
S11347901BFE07BD10B50A4B1A78082A0DD840F243
S11347A041130124D340234207D0FFF7E7FF054B11
S11347B021000020185E04F0A1FBFCF705FE10BDEB
S11347C007400020545C002037B56B460C001500F0
S11347D0D871FFF7DFFF68462B0022000121073064
S11347E0FFF784FF6B46DB79842B01D0FCF7ECFDEB
S11347F037BD000007B5104B01A9984206D90F4BED
S11348000B8002229820FFF7DFFF07BD0C4B984274
S113481001D90C4BF4E70C4B984201D90B4BEFE751
S11348200B4B984201D90B4BEAE70B4B9842E8D962
S113483046F66B73E4E7C04600E9A435E1E9FFFFFF
S113484080F8A932D7DBFFFF8044E52DC1C5FFFF07
S1134850000B6B1B7581FFFF40FC541937B5104BDF
S1134860104D18602B7804001BB9FFF7C3FF012318
S11348702B7043F60951B4FBF1F20B0041F684604E
S11348805343E31A9B031B18B3FBF1F392039B18E6
S11348901BBA0422862001A90193FFF795FF37BDB7
S11348A0785D00207C5D002013B5064B04005B7B23
S11348B023B1019001A90520FFF736FE2000FFF780
S11348C0CDFF13BD805D002007B56B46D91D044B99
S11348D00870187001228A20FFF776FF07BDC046D2
S11348E07D5D002013B50B4B1B788BB96B46012201
S11348F0094CD91D80200A70FFF766FF40F611109D
S1134900E17A00F064F840F61210217B00F05FF8C1
S113491013BDC046685C0020805D002007B50C4BC9
S11349200422972001A90193FFF74EFF00236A4652
S11349300720938001A90222FFF746FF7F236A46DE
S11349408920137101A90122FFF73EFF07BDC0466C
S1134950020002800D2373B50D00160001AC237014
S1134960030A6370A070FFF715FF33002A000321C8
S11349702000FFF7BBFEFCF727FD73BD07B5064B10
S113498001A91B7840BA088023B9022240F2BC6016
S1134990FFF7E0FF07BDC0467D5D002007B5064B6D
S11349A001A91B7840BA088023B9022240F2BE60F4
S11349B0FFF7D0FF07BDC0467D5D002007B56B46FD
S11349C0D971073301221900FFF7C4FF07BD10B5E1
S11349D0FFF7F4FF10BD000010B504000B4B187076
S11349E0587000F015F854B1342140F24070FFF7CC
S11349F0E5FF442140F24170FFF7E0FF10BD1421B0
S1134A0040F24070FFF7DAFF2421F3E7B95D00209C
S1134A10012010B5FFF758FF044B18785A788242EA
S1134A2002D05870FFF7D8FF10BDC046B95D002012
S1134A3010B5012806D00020FFF746FF0022034BE3
S1134A405A7010BDFFF7E4FFFBE7C046B95D0020D4
S1134A50F0B5254D87B0019005A81F00039202917F
S1134A60FCF774FF2A78531CDBB22B700AB9FCF7ED
S1134A7072FF059B83F310881C4E00213300A4337E
S1134A800020185E04F03AFA0024019B185D04F03B
S1134A9051F80134029AA3B29A42F6D8002004F0E5
S1134AA049F8039CC3B20193E719BC4215D1A4365B
S1134AB00023F05E012104F021FA05A8FCF746FF6B
S1134AC02B78013BDBB22B700BB9FFF755FC059B30
S1134AD083F31088019807B0F0BD002004F02AF891
S1134AE020700134E1E7C046E85D00207C5C0020D2
S1134AF073B56B4615000C00DE1DD871FFF74AFE36
S1134B002B00220001213000FFF7A2FF0400FCF774
S1134B105BFC200076BD000013B501AC012221002E
S1134B201520FFF7E5FF064B22781B7852085BB28D
S1134B309B1A181C803301DA4FF6807000B216BD40
S1134B40805D00201D2373B50D00160001AC237099
S1134B50030A6370A070FFF71DFE33002A000321CF
S1134B602000FFF775FFFCF72FFC73BD13B56B46F0
S1134B70DC1D01222100FFF7E5FF207816BD0000AF
S1134B8037B52A4B04001B780D00012B2CD10F28BC
S1134B900CD1274B0422952001A90193FFF714FEA1
S1134BA0231C5AB20E2A10DD0E230EE0214B0422E0
S1134BB0952001A90193FFF707FE231C1134F0DAB5
S1134BC04DF24E23C0F200031B7818215CB240F66C
S1134BD0E700FFF7F3FE6B4602225D718E201C7125
S1134BE001A9FFF7F1FD37BD40F6D800FFF7BEFF7E
S1134BF01E210143C9B240F6D800FFF7DFFE0E4B79
S1134C000422952001A90193FFF7DEFD231C09343A
S1134C1007DA4DF24F23C0F200031B7838215CB24F
S1134C20D5E75AB2162AF9DD1623F7E70540002026
S1134C30060001010400010104070001F7B5214D3C
S1134C4001A8FCF783FE2A78531CDBB22B700AB947
S1134C50FCF781FE019B83F310881B4B1E681B4BE2
S1134C609A88998897B28A42FAD101A8DC7AFCF72B
S1134C706DFE2B78E4B2013BDBB22B700BB9FFF76E
S1134C807BFB019B83F3108847F6FE739F4202D897
S1134C90E40700D5103645F65E737B430193019B10
S1134CA00B4A3000B3FBF2F30193019C40F2E8326B
S1134CB00023002107F0CAFA22000023801859417A
S1134CC003B0F0BDE85D0020F851002000380A4030
S1134CD0A086010010B50400FFF7B0FF40F2E832EF
S1134CE0002307F093FA2060A280200010BD00008A
S1134CF010B5FFF7A3FF154B40F2E8321860596076
S1134D000023040007F082FA40F2E831104B1A68DD
S1134D109B88121848431B19181A83B2013900B230
S1134D20884203DD0B4901325B1818B20A4B1900A3
S1134D30FC310A6440F2401298522023074A117849
S1134D400B431370FBF7F4FD10BDC04678560020EA
S1134D50C053002018FCFFFFD0530020C85300208C
S1134D60F8B5150007000E001C00FFF767FF084B9D
S1134D70186059609F609E81DD811C741123054970
S1134D800A789A4313430B70FBF7D2FDF8BDC04673
S1134D90A8530020C853002010B5FFF74FFF0B00A5
S1134DA00A4902008868C968994202D809D1904228
S1134DB007D9121A8B4101204042C117801859416A
S1134DC010BD121A8B4110001900F9E7C05D0020D4
S1134DD0F0B5644E87B00191B388B1889AB28B4222
S1134DE0FAD145F65E7353430593059B5E4A5F4CC7
S1134DF0B3FBF2F30593059B277802283ED09AB2C1
S1134E0003920292032860D000231D00012F21D1B8
S1134E102375FFF713FF019B029A236143F6806316
S1134E209B1A019A9BB2A060E160A3830AB9002394
S1134E300FE043F67F62019991421CD80A008B422D
S1134E4019D90423039923708C466B4662449B88CA
S1134E50226101252269002A50D1B3790432934397
S1134E60B37107232370237D002B00D16FE001234E
S1134E702375237068E002232370D8E7022F0BD137
S1134E80A28B23699B1A01252361394B22699A421B
S1134E900ED9002323610BE0032F03D12369354A84
S1134EA09B18F0E7043F0025022FEED82561013559
S1134EB043F67F622369934203D804229BB2227093
S1134EC0C8E7032323700023C4E7052F11D1236906
S1134ED0039A93420AD9029A01259B1A40F2D0728E
S1134EE09BB29342B6D804222270B3E70023236115
S1134EF09DE7062FFAD000231D00ABE72178042993
S1134F001FD1B2798A43B27140F2D072934204D96C
S1134F100523237001235B420CE006212170934298
S1134F20F8D06422DB03B3FBF2F35A3A0533B3FB44
S1134F30F2F39BB273801B23F372B279173B1343D2
S1134F40B3712378072B8ED0280007B0F0BDA36976
S1134F5003B198471020FCF73BFD2378072BF3D1CE
S1134F6085E7C04600380A40A0860100C05D0020E5
S1134F700000FFFF80C1FFFF002210B5044B04684E
S1134F801A70FBF71FFD21000120FFF721FF10BD60
S1134F90E05D0020F0B587B0040005A8FCF7D6FC5E
S1134FA03F490A78531CDBB20B700AB9FCF7D3FCF7
S1134FB0059B83F310883B4E37683D00002D3AD1A2
S1134FC0636825722360FFB13B7A002B37D0FFF76B
S1134FD0E3FE2B003A6800920193A94203D1824276
S1134FE001D90090019500980199121A8B41009201
S1134FF00193019B256813B9009BAB4223D9009B05
S11350005D1B00233D603B72012320002761237256
S11350103460FFF7B1FF05A8FCF798FC204A137829
S1135020013BDBB213700BB9FFF7A6F9059B83F3C1
S1135030108807B0F0BDAC42EDD02D69BEE73B68E7
S113504001950093D5E73E692EB9009BED1A2560C2
S11350503C612661DFE73268019B009801991218D0
S11350604B410BB9954208D2009B009AEB1A23607E
S113507033689B185B1B3360EAE7316921B9AD1AC9
S1135080256034612161C6E708683700029000207A
S113509003900E000298039900920193DFE7C04643
S11350A0E85D0020E45D002070B5124C236843B134
S11350B0002201251A601A720023206858B903B12E
S11350C0206070BDC1682B00026911B1226088475D
S11350D0F2E71000F2E70268002AF3D03BB9037A42
S11350E0002BEED101230372FFF746FFE9E72060AE
S11350F0F5E7C046E45D0020F7B52E4D040001A895
S1135100FCF724FC2A78531CDBB22B700AB9FCF799
S113511022FC019B83F31088274E33686BB901A8E6
S1135120FCF714FC2B78013BDBB22B700BB9FFF7B7
S113513023F9019B83F31088F7BDA3422DD1237A71
S11351400BB3FFF729FE8C460021276821722469DE
S1135150ACB13A0034600B003E000F00614502D14F
S1135160824200D90600921BBB4111002368200033
S11351705B18236001232372FFF7FEFECFE7346040
S1135180FBF720FCCBE723692BB1216833601A6855
S113519052181A60C3E73360C1E71A001B69002B79
S11351A0BDD09C42F9D1236921681361002BEED153
S11351B0B5E7C046E85D0020E45D00200122F0B5BB
S11351C0304DA1B0079003916B7B0192002B00D16D
S11351D078E116AB9C1C21000220FFF7DBF9237851
S11351E0019323B103230193019821B0F0BD019BE6
S11351F01AAC210004201793FFF7CCF9052018A955
S1135200FFF7C8F90023E75E1C9B08931B9B0993D7
S11352101D9B0A934FB3012F30D139000898FBF737
S113522081FA0690184CFBB20399F8B20E93FBF77F
S1135230C9FF23000B9048331B78144E12932300AC
S113524046331B78063BDBB20F93EB7B1093189B22
S11352500C9317AB0493002302936B46129A1B7AA8
S11352600593934214D36523BDE742F21071099B61
S11352705A000A9B5B189B180693D3E701235B42F1
S1135280FAE7C046805D0020B85B0020A45B0020E4
S11352900F9B012B07D8109B2BB933682A331B783B
S11352A0022B00D1E0E13379002B00D1DCE1059A37
S11352B006990C98FBF752FA049B14901B880998E2
S11352C01193012F03D100210898FBF72BFA3568BD
S11352D0D34A2B002A331B78D149DB009A5C5B1834
S11352E0139200221593139BD1B2994200D276E116
S11352F004226B690B998B429B4111995B421B0100
S113530019430B00149919430A43049B95B21D8059
S1135310002D00D0A8E1236C002B00D17AE1A31D5D
S1135320DB8FC04ADB00D3581B8D049373B3FFF7A4
S113533085FCA66BE76B236C1A009C462B00921924
S11353407B4102260027B6185F418F4200D95EE1F7
S113535002D1864200D95AE102267642F717B61ADC
S11353609F4136184F41A31DDB8FAE4ADB00D35853
S11353706046198DFBF710FA01230FB9B04200D82B
S113538000235B019BB20493236C8BB3A31DDB8FBF
S1135390A44ADB00D3581B8B53B3FFF74FFCA26B1B
S11353A0E36B0F0000210600206C80185941022293
S11353B0002312184B41BB4200D92DE102D1B24265
S11353C000D929E102225242D317121A8B419219B1
S11353D07B4110001900A31DDB8F924ADB00D358D8
S11353E01A8B012309B9824200D800239B019DB284
S11353F0049B17AF1D43029B5B000493DD53CDBB9D
S1135400029BDE00874B9A5940F2E733D2699A42F5
S113541030D919A90120FFF731F816AAD11C2800A8
S1135420FFF72CF87F4B012099592431FEF7ACFF8C
S11354307C4B711DC9182800FEF7A6FF40F2E83125
S1135440784B0E989A59D369B3FBF1F32021525E3D
S11354509BB20C9900F0FEFC060019A90120FEF78E
S113546093FF16AB2800D91CFEF78EFF16B98023D4
S1135470049AD353029B17AA5B009B5A002B00D0BB
S1135480E8E0FFF7DBFB0B9B059A2364A31DDA8797
S1135490029B644AA063E163DB00D3581AA91B7C16
S11354A0887889781A1C49B25BB28B4200DD021CF1
S11354B000234734E35650B2834203D002212270C2
S11354C0FFF75EFB079B002B00D18DE640F2012124
S11354D0554E080003F020FB3278544B012A00D0CB
S11354E0CAE0C733039A1AAC1A7003F0ABFA0E235E
S11354F02380FFF74FF902212000039B079AFFF74F
S1135500F5F80025FBF760FF0422494B49481A705F
S1135510FFF7F2FDFFF7E6F903222100832025803F
S1135520A570FFF751F9444C444B20001F68FFF766
S1135530E3FD200027606760FFF72CFD0422404B49
S1135540404C37781E682368134234D03E48FCF739
S11355507BFA2A0003213800FCF7B2FC3B48FCF735
S113556073FA2A000321207EFCF7AAFC3748FCF7D3
S11355706BFA2A000A21E069FCF7A2FC3348FCF725
S113558063FA2A000A21206AFCF79AFC2F48FCF7E8
S11355905BFA2A000A213000FCF792FC2B48FCF746
S11355A053FA1F20631D18562A000321FCF788FCB8
S11355B02748FCF749FA2368DA0709D5079A0399BB
S11355C0226322003432117022002C32A66217703A
S11355D05B0602D5042338342370002303E6159BAD
S11355E059680D910C210D9B51439C468C44595E86
S11355F0B94208D1634659680A9B8B4203D163467A
S11356009968814201D001326DE6002271E60026DC
S11356100027A8E60495B7E600200021DBE6C04693
S113562058D80000A45B00207D5D00207C5C002035
S113563007400020905D0020A45D0020085C00204D
S1135640785D0020145C002043CE0000DCCD000017
S1135650D4CC00006022134201D06623C3E51B06AC
S113566000D400E66723BEE5029B083601330293AB
S1135670049B02330493F0E5C03333E770B540F282
S1135680E836114B0D005C7B56430323CCB9FFF77E
S1135690E5F828000221FFF773FAFFF723F9210048
S11356A02200D120FFF790F80422084D084B28006F
S11356B01A70FFF721FD28002E606E60FFF76AFC68
S11356C02300180070BDC046805D0020A45D00204A
S11356D0074000201FB56B46D8711348FFF70CFD37
S11356E01248FFF709FD6B460122D91D8020FFF700
S11356F06BF86B46DA790E4B9AB9013269461A7027
S1135700202393200B7303A9FFF75EF801236A4655
S11357105B429381022203A91000FFF755F805B0FC
S113572000BD02221A70F1E7A45D0020905D002004
S113573007400020002010B5FFF7CCFF034B1B6887
S113574013B15B6803B1984710BDC046BC5D00202F
S1135750002010B5FFF7BEFF034B1B6813B1DB68D5
S113576003B1984710BDC046BC5D002010B50A4B7C
S11357700A4C987AFFF7AEFF23685B060AD53834E3
S113578023783BB10648FCF75FF90648FCF75CF95F
S11357900023237010BDC046805D0020145C0020EF
S11357A048CE0000D4CC0000F0B591B0079317ABFD
S11357B01B881700019318AB1B880AAA029319AB24
S11357C01B78039104931AAB1B78040005931BAB5D
S11357D01B78069331239B18DB7F099335239B1891
S11357E0DE7F994B5B7BB3B10AAB0021981D12227B
S11357F006F03CF8039B0BAD2C800C93079B0D9794
S11358002B73019B2900EB81049B03202B74069BC3
S11358106B74FEF789FE8D4B1E7073425E41029BD2
S1135820764233400293049B0BB9FF330593884BB4
S1135830059A1A706CB1012C6AD0864B1A689207CB
S113584004D0039A9F601A71029A9A81002011B0C1
S1135850F0BD814D0AAB991C01229F200C70FEF70C
S1135860B3FF2B00E8331C702B00EC331F602B00BC
S11358700B22F43303981A70FAF7CCFE2B00F5339D
S113588018702B00B8331C70019B0499DA002B00AC
S1135890BA331A802B0041F60402BC331A802B0061
S11358A0BE332A001C700123BF32594011702A00F4
S11358B00599C0321170069A02B1F1332A00C1323F
S11358C013702B000122C233E8351A70FFF74EFF24
S11358D02878431E9841C0B2FFF7AAF803F060F895
S11358E003F0B0F808225D490BA806F07AFA082202
S11358F040F2C0600BA9FFF72DF803F039F841F628
S11359004073029A5343B3FBF7F3554A136094E789
S11359100AABD91C0023504D22009F200B70FEF7C8
S113592053FF2B00E8331C702B00FEB2F833039AAC
S11359301E704C4B39009B5C1000053E0893FAF72F
S1135940BDFE012E07D86B46019A9B880C2A00D213
S11359500C239BB201932B00089AF9331A702B0085
S1135960079AFA331A702B00FB3318702B000122AC
S1135970B8331A702B00019AC4331A802B00049A8E
S1135980C6331A702B00059AC7331A702B00069A77
S1135990C8331A702B00099AC9331A70FFF7E6FE50
S11359A02B00E8331878431E9841C0B2FFF740F843
S11359B002F0F6FF03F046F86B461B7A01936B4640
S11359C0019A1B79F82A04D94DF25023C0F200033E
S11359D01B780133DBB25B10DEB21F2B2DDD0336E7
S11359E0B6083200630001339A400BA90A70A02064
S11359F00122FEF7E9FE019B33B1F600A11940F242
S1135A000670C9B2FEF7DAFFC9352B78042440F2D8
S1135A103670012B13D1FFF7A9F8A043C1B240F2AD
S1135A203670FEF7CBFF029A534253410E4A5B4253
S1135A3013404FF6FF729B1867E70024D1E7FFF786
S1135A4095F80443E1B2EAE7805D0020105C002091
S1135A5006400020145C00207C5C0020D0D90000AB
S1135A600C5C0020B0D800000100FFFFF0B58FB03F
S1135A70019314AB80CB02911B780592069316AB6D
S1135A801E8817AB1B780500039318AB1B7804938F
S1135A901BAB1B780793744B5B7BF3B108AB1522EC
S1135AA00021D81C05F0E2FE029A08AB9A701D8012
S1135AB0059B069A0993019B0B970A9308AB1A74EA
S1135AC0039A19001A75049A5E825A750420FEF727
S1135AD02BFD664B029A47331A704DB1012D56D0F7
S1135AE040F68900FFF742F804210143C9B2A0E05F
S1135AF05F4C0B222300E8331D702300EC331F603E
S1135B0023000198F4331A70FAF784FD2300F53367
S1135B1018702300059AF0331A602300B8331D70FF
S1135B202300F600BA331E80230041F60402BC337E
S1135B301A802300BE3322001D7001230399BF3253
S1135B4059401170049A02B1F1332200C13213702A
S1135B5023000122C233E8341A70FFF707FE2078CD
S1135B60431E9841C0B2FEF763FF02F019FF02F032
S1135B7069FF08223F4908A806F033F9082240F2D9
S1135B80C06008A9FEF7E6FE02F0F2FEA8E7384C72
S1135B90019A2300E8331D702300FDB2F8331D7011
S1135BA0354B39009B5C1000053D0593FAF786FDE3
S1135BB0012D04D8331C0C2E00D20C239EB22500D8
S1135BC0059BF9352B702300069AFA331A702300CB
S1135BD0FB33187023000122B8331A702300C43336
S1135BE01E802300039AC6331A702300234AC73346
S1135BF012781A702300049AC8331A702300079A83
S1135C00C933E8341A70FFF7B1FD2078431E984178
S1135C10C0B2FEF70DFF02F0C3FE02F013FF2B78B3
S1135C20062B00D05CE740F68900FEF79FFFFB21BE
S1135C30014040F68900FEF7C1FE02210298FEF7FA
S1135C409FFF0F4B1C9A1A6005220E4B19681142D4
S1135C5007D0019ADF611A761C9A1A62029A0533F8
S1135C60DA7700200FB0F0BD805D0020B85B002023
S1135C707C5C0020D0D90000B0D800000640002091
S1135C80085C0020145C002073B51C4E3578082D88
S1135C9029D100221A4B01245A701A706B46220033
S1135CA0D91D9D200C70FEF78FFD164B1B78A34267
S1135CB001D1FEF733FE6B460122991D96200C702C
S1135CC0FEF782FD3470104C23685B060AD5082D5C
S1135CD00FD10E48FBF7B8FE0D48FBF7B5FE0123C4
S1135CE03834237073BD002DEDD12800FFF7F2FC8A
S1135CF0E9E7002DF6D10748ECE7C046074000204D
S1135D00B95D0020685C0020145C002057CE0000C0
S1135D10D4CC00006FCE0000002213B51100041C87
S1135D20C020FEF7E5FE60231840202802D00020A2
S1135D30FFF7D0FC134B00210020185E03F0DEF8BF
S1135D406B46A207D91D6307DB0FD20F52009B00DD
S1135D501343E207D20F1343842001220B70FEF792
S1135D6033FD04210B00084A2340214202D00023C2
S1135D70137013BD08211170044A1370044A136090
S1135D80044AF5E7545C0020074000207C5D0020B5
S1135D90785D00207D5D002010B504200B4CFFF7DA
S1135DA0BBFF40F2E8310220FDF700FE23685B06EA
S1135DB00BD538342378022B07D00548FBF744FE73
S1135DC00448FBF741FE0223237010BD145C00203D
S1135DD087CE0000D4CC000010B500200B4CFFF798
S1135DE09BFF40F2E8310220FDF7E0FD23685B06EB
S1135DF00BD538342378032B07D00548FBF724FE52
S1135E000448FBF721FE0323237010BD145C00201B
S1135E1098CE0000D4CC0000052213B504000B4B2F
S1135E200B481A70FFF768F9942140F6AC00FEF7AE
S1135E30C5FDFEF757FD01A9230C0B700322230AAD
S1135E4082204B708C70FEF7BFFC13BD074000200E
S1135E50A45D0020F0B587B0049102920593322B23
S1135E6000D9CFE0694C00212600F53633780800CC
S1135E7003932300F9331D7802F04EFE644B1B7824
S1135E800193012B57D1634B5E683EB933006249DD
S1135E90DA0052181168A94249D15668FFF766FC26
S1135EA00020FEF7C5FD23000025E83330001D70F7
S1135EB0FAF7B0FB2300F533187002F071FD2300EC
S1135EC0B8331D7002F0BEFD0498FEF7EDFC534894
S1135ED0FFF7A2FF524BDD88ADB22800FAF762FD4E
S1135EE00028FAD0FEF718FE029B0500002798420E
S1135EF032DA40F2E837059B5F43494BDB889BB2BB
S1135F000593FEF709FE029B0500984223DA0598E3
S1135F10FAF748FDBBB29842F3D3FEF7FDFD029BAE
S1135F2005000127834200DC0027FFB214E001339F
S1135F300A2BACD1B2E7FFF719FC364B586840B1D5
S1135F4023000022E8331A70FAF764FB307002F081
S1135F5027FD0026B8E70027FFF708FC019B012B6B
S1135F6042D1FEF755FD2300039AF5331A7023003E
S1135F70019AE8331A7002F013FD019BB8342370C0
S1135F8002F060FD274B1B681B072AD52648FBF748
S1135F905BFD002203211000FBF792FF2348FBF76F
S1135FA053FD00220A213000FBF78AFF1F48FBF74C
S1135FB04BFD00220A210498FBF782FF1B48FBF7E4
S1135FC043FD002205212800FBF77AFF1748FBF761
S1135FD03BFD380000220321FBF772FF1448FBF756
S1135FE033FD380007B0F0BD0A4B5B68002BC9D005
S1135FF02300039AF5331A700023E834237002F067
S1136000CFFCBFE7002635003700BBE77C5C0020EF
S11360107D5D0020805D0020BCD80000FFFFFF00F4
S1136020FE260A40145C0020A9CE0000DCCD00004E
S1136030D4CC0000F0B585B0FEF7EAFC002140F6B0
S1136040E2060027080002F067FD30000397FEF720
S11360508DFDFE2140F6E505014004003000FEF709
S1136060ADFC2800FEF782FD7F210190014028004D
S1136070FEF7A4FC0B48FFF7CFFE042203A940F669
S11360801900FEF75FFD3800FFF724FB2100300004
S1136090FEF794FC28000199FEF790FC039805B0E4
S11360A0F0BDC046FFFFFF00052213B504000B4BF3
S11360B00B481A70FFF720F8962140F6AC00FEF763
S11360C07DFCFEF70FFC01A9230C0B700322230AAD
S11360D082204B708C70FEF777FB13BD07400020C5
S11360E0A45D002037B540F242210400080002F00C
S11360F013FD44B10D4D2800FEF7FEFF28002C606F
S11361006C60FEF747FF0A4B1B785BB16B46D91DE9
S11361104023932001220B70FEF756FB0020FFF76B
S1136120C3FF37BD034B18688001F8E7905D00207A
S1136130105C00200C5C0020F0B58C4B07005B7BEE
S113614093B04BB9894B5B7A002B00D19FE03800A8
S1136150FFF7C8FF00203AE00AABDC1C0220210054
S1136160FEF718FA23780320009383BB009B0DAC41
S1136170210003200B93FEF70DFA05200CA9FEF76E
S113618009FA0022A35E019313B96368039307E03D
S1136190019B012B1DD119006068FAF7C3FA039023
S11361A0734B744E1A0048321278463309921B78A6
S11361B0063BDBB205936D4BDB7B06930C9B07938D
S11361C00BAB0293099A009B934205D1642013B050
S11361D0F0BD01235B42D9E7059B012B0ED8069B3A
S11361E063B933682A331B78022B07D1009B083626
S11361F00133DBB20093029B0233E2E73379002BD5
S1136200F4D0009A03990798FAF7A8FA029B1B881E
S11362101843029B84B21C80002CE7D13368564A91
S11362202A331D78ED00AB5CA918019A049323006E
S1136230012A27D121000E98FAF774FA40F20C0CC7
S11362404D4B0F990890ED18049AE3B29342CDD2C6
S1136250634663436868C218C35E012B07D1536861
S1136260994204D19368089A9A4200D16AE70134AA
S1136270EAE70C2058434A680133825E0198904251
S113628000D15FE70498DAB28242F2D3AEE740F27B
S11362904221080002F040FC47B1384C2000FEF7D0
S11362A02BFF200027606760FEF774FE344D2B78C7
S11362B0002B57D040230DA9932001220B70FEF729
S11362C083FA0020FFF7A8FD2E4B2F4C1E782F4B8E
S11362D01B68009323689B0737D52D782C486B42A5
S11362E05D41FBF7B1FB002203213000FBF7E8FD21
S11362F02848FBF7A9FB002203212079FBF7E0FDE6
S11363002448FBF7A1FB00220A21A068FBF7D8FD73
S11363102048FBF799FB6D4200220521A089FBF779
S1136320CFFD2F401B48FBF78FFB00220A213800CA
S1136330FBF7C6FD1748FBF787FB009800220A21EC
S1136340FBF7BEFD1448FBF77FFB2368DA0702D591
S1136350009A267522615B0600D4FBE605233834D7
S11363602370F7E60D4B18688001ABE7805D0020D1
S1136370B85B0020A45B002058D80000905D00208A
S1136380105C00207D5D0020145C0020785D0020FE
S1136390AFCE0000DCCD0000D4CC00000C5C0020AB
S11363A0F0B585B072B6BFF34F8FBFF36F8F002285
S11363B09E490B780A70DBB262B6BFF34F8FBFF30E
S11363C06F8F002B00D1F2E003AE310002321220B5
S11363D0FEF78EFB0123022235885B423100100058
S11363E033806DBAFEF7F0F9ADB272B6BFF34F8FDA
S11363F0BFF36F8F8E4B2820185E02F071FD0400EE
S1136400012803D1FBF7F2FA884B1C7062B6BFF384
S11364104F8FBFF36F8F40232A0001241A40854B0E
S113642001921A8025420AD08348FEF765FE834B09
S11364301C70834B1B6813B11B6803B1984702247B
S1136440254200D18AE07F4B1F78A7B97E48FEF72A
S113645053FE0122794B390040F602101A70FEF700
S1136460ADFA40F64410FEF781FB0443E1B240F676
S11364704410FEF7A3FA022231001320FEF738FB82
S1136480724B1F78012F27D1714B1B78012B23D11D
S113649040F20270FEF76AFB00901E233370FEF791
S11364A079F96C4C0221009B6B4A3000FEF7D0FA5C
S11364B0FAF78AFF032231001420FEF719FB277034
S11364C06FB1012F00D177E01B220021634805F052
S11364D0CDF90F2323701FE033780093DDE7337881
S11364E023715F4B72781B7852085BB29BB29A1A85
S11364F0111C12B2803201DA4FF68071218103AA95
S1136500927852089B1A1A1C1BB2803301DA4FF698
S113651080720023E280E360019B13B1504B1B7A2D
S113652073B1474B1B685BB19E684EB12378002B57
S113653064D108230621625EE35600994648B047B9
S1136540404B1B7853B13D4B1B78052B06D1444B74
S1136550587A002857D00020FFF7A6FD019B2BB1E5
S1136560374B1B6813B11B6903B198472B060AD537
S11365700122324B1A70324B1B6823B19B6913B151
S1136580280A10409847AD050ED52C4C2378042BCF
S11365903CD12948FEF7B0FD01232370284B1B682A
S11365A013B15B6803B198470023224A13801F4B41
S11365B01878C0B205B0F0BD294B32781B78520868
S11365C05BB29BB29A1A111C12B2803201DA4FF6F6
S11365D080710122218203A98A5602329210A27488
S11365E08A7852089B1A1A1C1BB2803301DA4FF6C0
S11365F080721C4BA2821B68A3618DE712231021B9
S1136600625EE35699E7FFF707FCA7E7052BCBD1BA
S11366100C4B1B7823B90C48FEF76EFD0123237045
S1136620074B1B68002BBFD0DB68BBE7B85D0020BD
S11366307C5C0020A05B0020A45D002007400020BB
S1136640BC5D0020105C0020905D00207D5D00207A
S11366507C5A0020845A0020A05A0020855A002029
S1136660805D0020805A002010B50E4C2000FEF7FB
S113667043FD2300227EF93BFF3B1AB140F20F2277
S11366800121995440F28C229A58E0321278022A5D
S113669005D140F28921585C1E3202435A54FAF75C
S11366A047F910BDC855002010B50B4C80232200BB
S11366B0FC32916C0B43936440F21023E35C0BB106
S11366C0FFF7D2FF40F289212223625C9A431343ED
S11366D06354FAF7F3FF10BDD0530020F0B5002344
S11366E040F28C2540F22E12A74FAFB00B937B598A
S11366F014909A5C18AC109240F2B4129A5C200088
S1136700129240F22D129B5C0E93FEF7E3FA40F2D4
S1136710A81340F2AC127D59189EEB58AA5AF61AE7
S1136720A3889B1A1BB2DB0FF61A40F21823FB183E
S11367305C681B680C930D9440F28923FA5C042373
S1136740110019408C461A4203D00B98FBF7CEF87F
S113675084462B78012B35D100200021109B8B4AD5
S1136760DB009B185B798A4A5B019C18D25A129B06
S1136770A061E161002B00D0F5E040F60F616433C5
S11367808E4209D949F6AF2342F22831B3429B41E4
S11367900B4040F2E8315B18111C9A4200D2191CDC
S11367A00E9A8BB20AB9624662B1180001225242B3
S11367B0D3170021801859410C9A0D9B05F046FD12
S11367C0A061E16140F290130021E85A0122524293
S11367D0D317801859410C9A0D9B05F037FD2B00F7
S11367E0A13310901191FF331099119A19605A60D6
S11367F0B73B1B785BB2129340F22D13EB5C1393FF
S113680040F2B413EB5C0C932B009933FF335C68B8
S11368101B680E930F94E0352B78022B00D1A8E06F
S1136820FFF732FAFEF7A2FF40F28C23FB58E13364
S11368301878FEF7D1F840F28C23FC580925237808
S1136840012B00D0F9E0482200211CA805F00EF825
S1136850504E300001F0E6FB050028B90422300058
S11368604D49FAF722FF3576129B052B08DD40F2DD
S11368707422464B995C19B940F26821595A9952CD
S1136880FEF7DCF90B000F990200994216D802D1E9
S11368900E99914212D80E990F98014371B10E9D31
S11368A00F9E10001900401BB141119D8D4200D96B
S11368B0FEE003D1109D854200D9F9E000220023B7
S11368C0A1340C99FF3422606360002900D0C5E034
S11368D040F248222D4B9B181C685D68FEF7AEF908
S11368E002000B008D4247D801D1844244D8121BC8
S11368F0AB4114001D0040F25022244B9B181A682F
S11369005B680E920F93FEF799F90B000F99020042
S1136910994235D802D10E99914231D80E980F99E7
S1136920121A8B41139909B9002200239D4202D8FF
S113693003D1944201D922002B0040F2582013497C
S113694009180C684D689D4202D827D1944225D974
S1136950A41A9D410E940F950E9B01332AD10F9BCF
S1136960013327D122E00E9B002B00D12AE710002F
S11369701CE7FEF7FBFE5EE701246442E517BAE775
S113698001225242D317CDE7D05300208056002075
S1136990C0580020EC580020E058002040F2582253
S11369A0002000216B4B9B181860596000230024C1
S11369B00E930F9400229446130067491691674979
S11369C017910026D100C9B2139116996148895ACA
S11369D0109191010918109801243041204217D0D8
S11369E00868A8B10879129D0407240FAC420FDC93
S11369F00009A8420CDB4879179C400100198469FE
S1136A00C0690443002C48D060460130C0B28446BB
S1136A1001360831102EDED102320A2AD1D1002BE0
S1136A2000D06CE06346002B4CD140F29023002050
S1136A3000210C25FB18186059603B00FC339B6C4B
S1136A409B0708D440F28C23FB58E0331B78022BBD
S1136A5001D0FFF7C1F928002FB0F0BD1399A9B1F7
S1136A6040F250223B4B9B181C685D68FEF7E6F829
S1136A7002000B008D4205D801D1844202D8121BBA
S1136A80AB415AE701225242D31756E740F258204D
S1136A90304909180A604B6088E73825139C581C54
S1136AA0A41915940EAC6419159DE554C3B2AFE74F
S1136AB00E9C0F9D1098119924184D41A41A9D41C4
S1136AC00E940F950E990F9A40F290233E00FB18F6
S1136AD019605A60149BFC36B26C002B00D147E35A
S1136AE020231F4D13432800B364FEF705FB0E9BC0
S1136AF02800B367F367FEF74DFA00259DE70C9A6B
S1136B00AAB11849184A0868424343F239001218D6
S1136B100A601649B2FBF1F1C807411A521A92FBF6
S1136B20F3F14B43D21A1CAB9B5C0B9377E0129BA3
S1136B30022B1DD040F27423064AD15C01230A00C3
S1136B400C9802411A4200D105E103004033DBB244
S1136B50EBE7C04680560020EC580020C0580020C7
S1136B6044550020004000206D4EC641FFFFFF7FCA
S1136B7008220C991AA804F079FE40F2842340F20A
S1136B80010C774A0C9DD35C0E93764B19680E9BCF
S1136B905A0835327248FF32520012189288100A8D
S1136BA00C906046034202D1FF2616400C96002248
S1136BB010000C9C66460441344205D030260EACCD
S1136BC0A419A0540132D2B201300828F1D1BAB1CB
S1136BD06548664D414343F239000918B1FBF5F5A8
S1136BE0E807401B081A90FBF2F5302655430EAC1B
S1136BF0451BA419655DD8002D18E8B265460B90B5
S1136C000133DBB2072B00D90023002A00D199E01D
S1136C100DB1544A116040F2842251498B5440F220
S1136C2011230B9AFA5411094F2A0DD8472A0BD86D
S1136C300F230B984E4A184003000120984013007C
S1136C404900525A82435A5240F2902300200021B4
S1136C50FB181860596040F28C23FC582100230073
S1136C60E93109782078FF339A7F9D7A49B2012867
S1136C700AD106234B433F496DB25B18595700298B
S1136C8002DA531E9A4151002300F0331A783A4B2A
S1136C90C9B200932300EC331B6849B2F9F79EFD97
S1136CA0364B10251B78012B00D00A3D40F2C4134B
S1136CB0FA581121521BFA5023000B92F0331A7820
S1136CC00F3359562E4B207800932300EC331B6866
S1136CD0F9F784FD40F2D81340F2B412FE58761B43
S1136CE0FE50A35C002B4DD040F20C23FB5C0C93B4
S1136CF0002B00D027E13133FF33FD5C3B00E9205A
S1136D00FF335B7D1B071B0F0E932056F9F7F8FD2D
S1136D100E9BEA1803250C9B904201D205352B00EB
S1136D202200F83212680B99521840F2B0117A50CE
S1136D302200FC321268043192197A50002B00D0E0
S1136D407BE62AE00E9A9A4200D021E70DB1054B6A
S1136D501960032571E60C9A0132D2B20C92EEE668
S1136D6080560020004000206D4EC641FFFFFF7F8B
S1136D70EC58002094D7000088550020685C00205F
S1136D809C5500202100FC314B680B981B1840F2E5
S1136D90B0103B508B689B19BB5040F2B213E35CBC
S1136DA05BB940F20C23FB5C002B00D0F3E040F213
S1136DB00E23FB5C012B00D9EDE03C00FF3463792A
S1136DC0002B00D1C2E0042BC3D1DB4B1B68DE686F
S1136DD040F20C23FB5C4BB940F20E23FB5C012B0D
S1136DE004D8731C013600D3C2E01E003B00FC3300
S1136DF0DA68002A00D1BBE03B00FF33597D40F242
S1136E003013F85C090703005C1EA3413C00090F22
S1136E105B1808330430FF341B18617B9BB2994222
S1136E2000D2A5E03D00A37BFC351370E8686969D6
S1136E30013001F029FF627DEB685A713B00FE339B
S1136E40198BEA6891711B8BEA681B0AD371627D06
S1136E50E8681207120FB9490830FBF7A9F8637DF7
S1136E6040F230121B071B0F1C00BA5C083432B10D
S1136E7040F22812B95CEA68093311551C003D0040
S1136E8040F23013FC35E868FA5C0019296BFBF713
S1136E908FF840F23013FB5CE868E418A4B20019E0
S1136EA0A96B01F0F1FE3B000434FF33E4B25C73E0
S1136EB040F22813FA5CE868531E9A419E4B07324D
S1136EC01B680B930B996B69C9688E4200D923E147
S1136ED03C003D000B9BFC34DE60E368FF350B9304
S1136EE06B7B0B99043B9C469AB23B00FE335B8A56
S1136EF00C936369E1B340F200118A4238D8B73980
S1136F001C9100211CA881800C994681C180190C18
S1136F101B0E4372330C0373330E437300238373CA
S1136F206346C373864B017200930B990723FBF7E7
S1136F30E3FBE8B96B7BE068043BC018A16B01F08C
S1136F40A3FE6B7B26E003250023E9E67A4B40F29F
S1136F50A0211A687858938801339BB29380012248
S1136F6002437A503A00FE32138401F095FE08B1D0
S1136F700E2562E53900734BFC3100931322022382
S1136F80C968FBF7B9FB0028F2D101F085FE00289F
S1136F90EED1637B3B8040F21123FB5C00220B9318
S1136FA040F28C23FC580C922378012B79D12300D6
S1136FB02000E9331B78644A5BB2D25663491292CB
S1136FC00B9AE830D20052185279057812325201E5
S1136FD0521892780078111C40B252B2824200DA00
S1136FE0291C4AB201210C92594A9B009B58594AC8
S1136FF00E91934205D0584A9B185A4253418B40F4
S11370000E930C9BFC34580005F004FE011C606ACE
S113701005F0D4FBA16A05F0D1FB041C05F092FD38
S11370200021050046B2201C05F0E6F860B92800EE
S113703005F0A8FD011C201C05F0C0FB002105F093
S1137040B7F808B9013E76B23B88404A10930B9BCF
S11370500024DB00D058FDF727FC40F6A07308930A
S1137060082301250293129B31002200009328007B
S11370700E9B079406940594049503940195FEF7DA
S1137080F5FC40226B469B181E7828003100FAF765
S113709083F931002800FAF795F840F21823FB1819
S11370A011C340F249230122FA544333FB5840F2FE
S11370B05021E9331A7840F24A23FA540C9A0133E6
S11370C0FA540B9A1133FA50443B7918FB181A6896
S11370D05B680A604B6040F2682179180A604B6073
S11370E040F21023FB5C23B940F20C22BB5C013359
S11370F0BB5440F2982300200021FB18186059600B
S113710039781648FEF75AF850BB3A000223FC328D
S1137110916C0B439364F0E440F230117D5C043CC9
S1137120641B00190024290001960094FBF7AEFFAC
S1137130002800D1CCE61BE7A0530020E85400202F
S113714004550020F05400201CD800008056002074
S1137150DCD7000090D00300E05EF8FFD25300209B
S11371600D25672800D168E40835662800D064E45A
S11371700B2562E4D0B5224C20212200FC32936C12
S11371808B43936440F29823E3181E685F683300CE
S11371903B43BBB1FDF752FD02000B008F420AD8FE
S11371A001D1864207D8921BBB4111001BB941F69D
S11371B04073994206D940F28C230021E258FD3BEA
S11371C0D154D0BD0120FFF789FA03000028F8D07C
S11371D00120082B00D1093040F28C23E358E93315
S11371E01A7840F24A23E2543C3BE25C3F33E254D7
S11371F0043BE054FAF760FB02F05AFBE1E7C046B7
S1137200D05300200023F0B585B002AA13800022D9
S11372100023026143610600F9F73AFB20B9644B8D
S1137220DB681F7D042F03D90124200005B0F0BDC5
S113723040F28C235F4D3078EA58D83BD35C2BB9AD
S1137240020004339A430724002AEED103A900F074
S1137250CBFE039B002BE7D127B9282239005648DF
S1137260FBF742FA40F261230122EA5440F28922F8
S11372700423A95C0B43AB5433780193082B00D946
S11372808EE0180004F06AFF058C8C6F798C8C8C6E
S11372908800FAF7BFFF40F28C23EA5800211378E4
S11372A0012B0DD140F285214448435C0133DBB20C
S11372B0435439214B43DBB237391C2B00D80431FA
S11372C0E93211700020FAF753FA2B000027FF333C
S11372D05F712B003A4AFC33DA602B00FF22FE3345
S11372E0DA81384B38481C001900F73AFAF760FE87
S11372F02100082210393548FAF75AFE3800FFF702
S1137300EDF907210400B8B140F28C23EA583B00A0
S1137310117801290DD140F285212848435C013BB5
S1137320DBB2435439215943C9B202231C2900D882
S113733004330721E932137040F29023EB181A68E2
S11373405B683261736174B3194BDB681B7D002B7E
S113735000D06AE740F210220421AB547932AB5CCE
S11373608B43AB5461E70022022002A9FBF738F8F3
S1137370431E984101210401DEE70C21B2887156B5
S1137380B068FEF77BF92A000223FC32916C0024DA
S11373900B4393640121CFE700220D2002A9E5E706
S11373A001210224C8E72200019801F0B9FD3CE75D
S11373B090530020D05300203056002080560020E7
S11373C0D253002018590020DE540020E654002037
S11373D070B58EB0F9F7E4F8C6B256BB164B6A46E0
S11373E01C7A07A8013C63425C4102231377134BC8
S11373F003250893FBF700FB6B461D77104B07A88A
S11374000893FBF7F9FA08236A4613770D4B07A88C
S11374100893FBF7F1FA6B46640068461E701C7112
S1137420FFF7F0FE18B9084B1D800EB070BDFAF7D7
S11374304BFB0420F9E7C04694510020AF510020D3
S1137440B75100209F510020F650002010B5154C74
S1137450E37A5B0708D51B2300210320E372FDF7C1
S1137460B7FC08B9F9F7AEFAE37ADB0719D51E239E
S11374704FF6F072E372A388A08899B28342FAD1DE
S11374809142F8D8084A136810331360074B1B78ED
S1137490012B06D900210220FDF79AFC08B9F9F75F
S11374A091FA10BD00380A40F8510020C05D002058
S11374B0F0B595B0049340F28C23D14C0892E35874
S11374C000251A0006900FA805700291E232127886
S11374D00F2642701A00E4321268426040F2F4123D
S11374E0A25811921A00E832128852BA82811A0004
S11374F0FF32517A1B788173527F037408ABF618FC
S11375000EABC273310000930CAA0DABFAF7F8FE70
S113751000203056F9F7F4F9BA4BFC33DB680F2B33
S113752000D9B3E0984200D2B0E0029AD218C31A4C
S1137530DBB2904200D2AAE0F9F7AAF901250600CD
S1137540002800D0A7E0B04B18221B783100AF48C8
S11375500593FBF7C9F840F24923E5543B3BE55456
S1137560023BE654049B002B00D1A1E16D19012BD1
S113757000D090E040F28C23E358FF335D7A04237B
S1137580039340F20D23E554039B5B01099340F2FE
S11375908C23E65833003078FF335A7F00230128C8
S11375A003D11300591E8B415B003100E23109788D
S11375B099B96946097D1F1C49B28B4201DA6B46B1
S11375C01F7D08AB9A741F7405220CA9FAF74EF8B4
S11375D0032500285FD0E936377040F29823E3187A
S11375E01E685F6833003B43B3B1FDF727FB02001D
S11375F00B008F420AD801D1864207D8921BBB41A7
S113760011001BB941F64073994205D940F28C230D
S11376100021E258FD3BD15440F28C23E35840F260
S1137620B4111A00E8321288059256BA1A00E432EC
S113763012680D92595C002930D1072640F21023BC
S11376400025E554724B0E93724B0F930EABE85C1E
S11376500DA900F0C9FC0D9B53B16A4A0FABEB5C5A
S1137660106818B102799A4200D01FE101F070FC51
S11376700135042DEAD10120FAF71EF940F28922DE
S11376802023A15C35000B43A35404E02B00082500
S1137690834200D050E7280015B0F0BD40F22C1111
S11376A0595C31B91D0000200021A135FF35286047
S11376B069601900E2310D7840F28F110FA8595C0E
S11376C0426040F2F41207910121A2584570017002
S11376D011921A008681FF32517A0F268173527FEC
S11376E008A9C2730E2252180D211B7808AF037427
S11376F008ABF6180DAB0093C9193300FAF700FE76
S1137700079B80015B01184340F28C23ED01284361
S1137710E55807902B000D2032783856E933DA7794
S1137720BA7B1870013B1A70002340F210212380A9
S113773000236354069B24265A1E9341029A5B42FB
S11377401A406B4602921A7A40F23813E2546B469E
S11377509B191E78039BA670022B01D0012363544E
S113776027000423FF377B7123002B49FC33D960A6
S1137770FF21BE73089E797329316654E96C5961FF
S11377800799797540F230116254069A00211A6300
S11377902200224BFE321B68DB680133138340F264
S11377A04C22A1520C32A350164BFC33DE68002E3F
S11377B03ED0F9F7A5F8029BE3B30F2E3AD89E19F1
S11377C0B6B2B04236D30F20154A0EA9FAF736FEE8
S11377D040B3102640F28C23E358059AE8331A800C
S11377E00A2E00D02AE70A2540F24823049AE254DC
S11377F040F289220123A15C0B43A3544BE7C0460A
S1137800D053002084520020D45100201856002068
S113781003080B0C020D1012D2530020A0530020B9
S1137820E85400200F220E9B1340079A1A437A75DE
S113783000251CE02A003032FF320EA9FAF7FEFDC3
S11378400028C6D140F228132200E0546533FF33E8
S1137850E358FC323033FF33136340F230130E9A93
S1137860E2540833E25C002AE2D00A25E054002006
S1137870FEF734FF06000028ACD140F28C2340F21E
S11378808F12E35898540D9AE4331A60094B1E681A
S113789016B9002DA8D0A6E73079F9F7E5FF3768C7
S11378A010B9300001F054FB3E00F1E70068D8E65F
S11378B0022365E6845200201F4B73B51A003C3343
S11378C03D3214781D78F8F76BFEC6B2012E2ED126
S11378D06B4601A8991CF8F787FE6B4602215B5E94
S11378E0019A012B23DD0021515622291FD1310099
S11378F0501C5656222E16D10AB2013B9A4216DB70
S11379006B46013989B2598089B12B002200C9B272
S1137910FFF7CEFD68B9094B1B689A88084B1A809B
S1137920084B188076BD01310EB29E42E1DB042083
S1137930F8E7FAF7C9F8FAE7945100200840002064
S1137940F4500020F6500020224BF0B51A003D32CE
S1137950127887B003923C331B7805A8029304ABDA
S11379609C1C2100F8F740FE0023E55E059EABB2A7
S1137970012B02D8042007B0F0BD01222C001440D2
S11379801542F7D1D3404FF6FF77019360003018CA
S1137990F9F72EF8B842EDD00F4B019AE3180134F1
S11379A01870A3B29342F1D3E90F49194910029B0D
S11379B0039A0948C9B2FFF77BFD10B1FAF784F8BE
S11379C0D8E7064B1B689A88054B1A80054B18802C
S11379D0D1E7C04694510020E64E00200840002024
S11379E0F4500020F650002010B586B0F8F7D8FD0A
S11379F0C0B2D8B908236A4668461370FFF702FC80
S1137A000B4C68B9030002000100FFF751FD38B9BF
S1137A100123084A138022781343237006B010BD53
S1137A20FAF752F801222378934323700420F5E7F0
S1137A30E54E0020F650002010B586B0F8F7B0FDF2
S1137A40C0B2E0B903236A4668461370FFF7DAFB55
S1137A500C4C70B9030002000100FFF729FD40B986
S1137A600122094B1A80022322781343237006B0A3
S1137A7010BDFAF729F802222378934323700420D7
S1137A80F5E7C046E54E0020F65000201F210122F4
S1137A9001408A4010B54309034960339B005A50A2
S1137AA0FCF75EFC10BDC04600E100E040F21A2382
S1137AB070B5114A114D8168EA5204000620F9F7A5
S1137AC047FA40F28013A522EF21EA500C4B953A75
S1137AD05A7059705A705B78934200D1C0460320A3
S1137AE0A168F9F735FA63681A781AB111201856A3
S1137AF0FFF7CCFF70BDC04680AAFFFF00C07E40E8
S1137B00FFC07E40030000223C3310B51A7040F2DF
S1137B101A23074A0400D35A0BB9FFF7C7FF0122FF
S1137B20044B20009A6200229A62F9F77BFA10BD96
S1137B3000C07E40FCC07E4010B5FFF7E3FF00208C
S1137B4010BD000030B585B0F9F7BBF81C4B8000C0
S1137B50C458A06BF9F794FA142808D040F2F01333
S1137B60184A616BD2580B001340114212D0200006
S1137B70FFF7C8FF0723200001AD2B70F9F752FA75
S1137B8062685368A3B1D26828000392002202926B
S1137B9098470DE022003C321278012AEBD0042AE7
S1137BA008D1226B0123002AE5D02000F9F7B0F9AF
S1137BB005B030BD044BDB6A1B07DB0F0233DAE789
S1137BC0C04D002000C07E40FCC07E40F8B50500DA
S1137BD0080016001F00F9F753FA0400142804D112
S1137BE02800FFF78FFF2000F8BD40F2F0133400A7
S1137BF0044AD3581C401E42F5D02800FFF782FFE8
S1137C003C00F0E700C07E4070B503634368C26285
S1137C101E78002533005A1E934102009B003C321B
S1137C2081621370436904008363FFF73FFF0D4BC8
S1137C305D71236B63B99DB92000F9F7F3F90FE087
S1137C40182312222000A16BFFF7C0FF0500F0E704
S1137C5035B92000F9F75CF9002EF1D012236363E3
S1137C60280070BDFFC07E40F7B5070000253C37F3
S1137C703D70040016000191FFF718FFFF23019ADD
S1137C8019499A431300194A26639B18A3624D713C
S1137C90190C8C46604632021549013AD2189BB23F
S1137CA048824B81130C9C466046124B92B2586238
S1137CB084234A830C4A537563681B786BB9216A21
S1137CC01122200071431933FFF780FF050010B91A
S1137CD02000F9F7A7F92800FEBD01233B701033FB
S1137CE06363236AA363F6E7FFC07E400000F0BD30
S1137CF0FEC07E40FCC07E40F7B5070000263C373E
S1137D003E700400150001910093FFF7CFFE1C4B59
S1137D10019A9C461B481C49624446716B1E160C12
S1137D204E829B18194E92B24A811A0C9BB272620F
S1137D304B838323437563681B784BB10523009AF7
S1137D403B70033B1370A369A36300252800FEBDA9
S1137D50A16940F2F813694310222000FFF736FFAF
S1137D60050040B9F36A009A1B07DB0F200013706B
S1137D70F9F758F9E9E72000FFF7C4FEE6E7C04643
S1137D800000F0BDFFC07E40FEC07E40FCC07E40CF
S1137D9070B50400FFF78AFEE3683F2040F2D81272
S1137DA009491F2B0BD9203B5B081F338D58034017
S1137DB085432B4320008B50F9F734F970BD1F2500
S1137DC0013B2B408D58F3E700C07E400A7810B584
S1137DD00B00040041602AB111202200097C1856CE
S1137DE0F9F7A8F9230000223C3320001A70F9F7B0
S1137DF0B7F828B92000FFF7CBFF08B9014B23607F
S1137E0010BDC0464E45504F10B50400F9F7A8F810
S1137E1010B92000FFF7BCFF10BD10B50400F9F73E
S1137E2089F92000FFF732FE10BD000030B5EFF3F2
S1137E301082012383F3108898400B49435A1BB1E5
S1137E400B5A013B9BB20B520B5A53B940F6FE013D
S1137E50064C074B655A185A064B2B4383439BB277
S1137E60635282F3108830BDB04D002000E0014021
S1137E70FCD4000000A5FFFF70B5EFF310810123CF
S1137E8083F3108898400A4A835A53B940F6FE0493
S1137E90084D094E2B5B865B33434AF2005633434D
S1137EA02B53135A01339BB2135281F3108870BDC4
S1137EB0B04D002000E00140FCD40000030010B5E8
S1137EC003240A4A0A4811680333A34308185B18B9
S1137ED040F200418B4206D903F016FD0C230360E7
S1137EE00120404210BD1360FCE7C046AC4D0020A9
S1137EF0804000200338052300B504280CD80C4B1F
S1137F001B6804F02BF9030B0E1012001A690A60A7
S1137F101A0010325A620023180000BD5B690B601E
S1137F20F9E79B69FBE7DB69F9E71B6AF7E7C046FA
S1137F30A0530020094B0A4A1B6810B5934209D884
S1137F4040F60B03074A0120D35C03B90220FBF778
S1137F5051FC02E0044A9342F8D910BDBC4D002004
S1137F6080841E0000E0014000366E01002370B5DD
S1137F708360836905009A681968120AFBF70CFF8D
S1137F80040018B92800FBF731FF04002800210081
S1137F90FBF799FB200070BD10B504000020FFF72B
S1137FA06BFF0A4BA400E258012313701378DCB270
S1137FB0012BFBD10020FFF739FF2000FFF75CFF06
S1137FC0FFF7B8FF2000FFF731FF10BD18DD0000F8
S1137FD0044B10B5FC331B6D1BB11B690BB1642042
S1137FE0984710BDD0530020F0B50D4A0023D56842
S1137FF02C7D9CB12E005368002210361F788742D6
S11380000AD0B34206D12B000132D2B29442F5D148
S1138010002303E00433F7E79442F9D00B60F0BD8A
S113802090530020F0B5050003000020083500211E
S11380300A001F8801248C4026003E40B44201D12E
S11380400132D2B201311029F4D110180233C0B276
S1138050AB42ECD1F0BD0000F0B599B0099200221A
S1138060019112A9CA7114A902900A80012B04D8A3
S113807017000492019B9F4201D319B0F0BD029BEB
S11380807D1CD85DEDB202381128F6D804F070F8E2
S113809012002F00BC01DA0143025E028D02B60217
S11380A0E502F5FFF5FF1E03F5FFF5FFF5FF92036B
S11380B0F5FFA903019B019C5B1B012B2ADD032017
S11380C0F9F714FC80B103210020F9F7D9FB029BD6
S11380D0C84A595D40F27023D1540299BB1CDBB2EB
S11380E0C95C40F27123D1540337FCB212E03C0066
S11380F0019B1B1B042B00DC81E30534019BE4B2D0
S1138100A34203D9029B1B5D032BF1D0019B9D422B
S113811002D12C002700ADE740F28C23B54AD35896
S11381200593E2331B780893002B00D180E0049B75
S1138130002BEFD1019BDB1BDBB20C93059B1B785F
S1138140012B00D03FE100266B1E0E93059B0021FE
S1138150FF335A7F15A80F92059AE932127852B26A
S11381600A92059AE832127852B207925B7A0C228C
S1138170109303F07BFB06229F4915A8F9F795FAA3
S113818003960B960496049B0C9A934252D3039B3A
S11381900724052B07DC15A8FFF744FF063C84429F
S11381A0A44164420634089B002B00D1AFE06B4627
S11381B02C229B181B785BB20693039B0F2B00D1D8
S11381C0AFE00F9B5A1E9341039A5B00934228DC55
S11381D00D2A26DC40F2000C884815AD2B88089047
S11381E00B9300230B9A01211A410A420DD0089ADD
S11381F0127911070A92039A090F914205DC0A9A2F
S1138200039912098A4200DB8DE0089A013308328F
S11382100892102BE6D19C44634602358030502BE3
S1138220DCD102239C430F2E00D0EAE2079E84E0B7
S1138230052382E7049B0E9A02999A18029B9B18C5
S11382408A5C032AA3D10F2607205A78997816400E
S113825012090392DA781B7912020A4319090140C0
S113826008301840049B0B900533DBB2049315AB24
S1138270062907D10739159116910131FF310A40BA
S11382801A8180E7072903D1002115911691F5E79A
S1138290052939D140F2FF0C6146002411400694AF
S11382A0119101220121A24021400D9106994D0016
S11382B0595B080011990A4216D00D9992B249B936
S11382C06146084358531989114301341981082C14
S11382D0E7D158E74A490843585319891143069886
S11382E00130C2B20692F0E7D2430D9992B229B995
S11382F061468843585319891140E6E761460840AE
S1138300585319891140EAE749005A523BE76B4632
S113831040229B181B78079E5BB206930A9B03932B
S11383204BE70A9B03930F2E27D0002E49DB0E2E1A
S113833024DD04239C43072C26D06B461B7E12AA03
S1138340D471072C13D10021059A0398E9325156B0
S1138350814204DA40F2BC110120059C6054039967
S11383601170059AE8321670059AFF32537205258A
S1138370049B0024B3FBF5F533E0079E072CDCD106
S1138380069B0BB9013306931B4D0622280015A941
S1138390F9F78BF91B4B40F26C22ED1840F2602385
S11383A0A958EB580B40AB5040F264230432A9584F
S11383B0EB580B40AB5040F26823EA580C33EA50B8
S11383C0BBE70026DAE700231E001C000493039396
S11383D0B5E712AB01220320D91DFAF701F80134E5
S11383E0E4B2AC42F5D1049BFC180123E4B204933B
S11383F090E6C046D0530020E0580020805600206C
S113840000FFFFFFA0FDFFFF019CAC4200DC81E602
S113841040F28C23AA4A0420D1580F22029B02372F
S11384205B5DFCB213401E32FF328B542C3AFF3A90
S11384309A40130040F290128B52002214A9F9F7CB
S1138440CFFF67E6019B019C5B1B032B00DC61E60D
S1138450072212AB9B181A70029B40F28C205B5DC2
S1138460974C1909114015AA039151700F212058F6
S11384700B40B91C1370C9B205900F2B03D1030034
S1138480FF335B7C1370029B0322591816A8F9F77B
S1138490DDF96423169D05375D43059B15AE1B78F6
S11384A0FCB27560012B10D0002012ABD87114A956
S11384B0087001220520F9F793FF40F28922102366
S11384C07F48815C0B43835424E62800F9F7B4F811
S11384D0317806300B00083BC0B2052B01D90223CA
S11384E09843039A12AB0733052A03D90422904315
S11384F01870DCE718700728D9D140F28C23704A31
S1138500039ED3581A00FC33FF3296721D615174D6
S113851051769D61CBE76B4BFF201B6D13B11B683C
S113852003B1984712AB18721F23099A9A4205DCCB
S11385300133203202DB099A1F33134012AA53720B
S113854014A902220620F9F74BFFE2E5019B1C0067
S11385505D1B042D00DCDDE5032212ABDA71DC1DAA
S1138560B91C029B15ADC9B259182800F9F76EF968
S11385706423159A5343029A15937B1DDBB2D35C93
S11385804F4A2B7140F28C23D3581B78013B5A423B
S113859053415B42DBB223702BB914A9012207209B
S11385A00B70F9F71DFF06379FE5019CAC4200DC18
S11385B0B0E540F28C23424E0237F258029BFCB2E3
S11385C0595D0F2319400B1C01B90123D9B240F2A4
S11385D0E8334B431100F8310B6040F2E831FC32D0
S11385E05B18136014A900220820F9F7F9FE40F281
S11385F089221023B15C0B43B3548BE5019CAC423C
S113860000DC87E540F28C222D49029B01205B5D52
S11386108D585A0929000240FF318A770F221E091A
S11386201340294A02370640FCB2D05C2F004E7733
S113863004F0F0FAFC3778622B780022012B00D189
S11386407200E9352B78191C5BB2934200DA111CD5
S113865029700022092014A9F1E6019B019C5B1BEF
S1138660032B00DC56E5032212ABDA71DE1D029BFC
S113867015AC5B5DB91C2370029BC9B2591816A8CE
S1138680F9F7E4F86423169A0D4C5343169340F219
S11386908C23E3581B78013B5A4253415B42DBB2C3
S11386A033705BB914A901220A200B70F9F798FE04
S11386B040F289221023A15C0B43A354053714E52F
S11386C0D0530020CC54002084DD0000019B019C89
S11386D05B1B042B00DC1DE50820F9F707F90028D3
S11386E000D160E740F2E83408210020F9F7C8F827
S11386F00822002115A803F0B9F8029B0422591995
S113870015A8F9F7A3F8029A7B1DDBB2D35C159D7B
S11387105C433E4B3E4EED18FCF790FA40F2E832D3
S1138720002303F073FD40F2E73133682412181874
S1138730B3889B189AB21BB28B4203DD354B0130D0
S1138740D3181BB2344A3449FC32126CAD1A40F2CD
S113875040128A5AA21A91B214B2120404D540F2F9
S1138760E8328918013D0CB240F2E7321C19A3B279
S113877024B22D18944203DD264A01359B181CB2FD
S1138780FCF75CFA40F2E832002303F03FFDA41A40
S1138790281AA3B222B2240404D540F2E8329B186A
S11387A001381AB240F23C23B28001221A493060E7
S11387B0CA54F8E6019B1C005D1B032D00DCA9E4F0
S11387C0002314A9012211200B70F9F709FE40F2CD
S11387D08922102310490537885CFCB203438B546B
S11387E098E4019B1C005D1B022D00DC92E4002335
S11387F0043714A901221320FCB20B701FE6019C5C
S113880088E4002E00DB92E5002696E5803DD51233
S1138810C053002018FCFFFFD0530020F0B58BB0EC
S11388200400F7F70FFF002580BBA37C606833B911
S113883007222378174813405843174BC0180126C2
S1138840164BA65701259F57FCF72EF8637CA17899
S113885009930023089507930693059304930393C0
S1138860A268280092B202920822009301922B007F
S11388703A00FCF799FF0A4B2800995D0D31C9B203
S1138880F8F78AFD40F22423064AD65428000BB098
S1138890F0BDC046C0270900A07008371CD80000EE
S11388A0CCD70000D053002070B540F28C260F4D79
S11388B00C00FCF721FCFDF7E7F9FCF757FFAB5977
S11388C01B78012B11D12000FFF7A8FF68B1AB5929
S11388D0F4331868FDF730FC40F28823A27CEA5494
S11388E018B1F8F73DF8FFF773FB70BDD0530020C3
S11388F070B50025164C14222900164825706560B1
S113890002F0B4FF18222900134802F0AFFF134A03
S1138910137823B1230046331B78072B15D0104B53
S113892010491148196040F2013198609980998189
S1138930002323640D4B0020002163640223A06301
S1138940E16348342370013B1370012070BDC046BD
S1138950B85B0020C05B0020D45B0020505C00208A
S1138960A45B00202CDD000058DD0000000007801F
S113897010B50A4B1B7883B940F2B860FCF7F6F8DF
S113898001218843C0B2014340F2B860FCF716F8F5
S1138990FF2140F2B960FCF711F810BD7D5D0020A5
S11389A013B5254C08220021684602F05FFF23001E
S11389B0E8331878214B1B78834201D0FBF784FFFE
S11389C02300E8331B7813B1012B2FD013BD2300F0
S11389D0EC331A681A4B6946B3FBF2F31A0C0A70AB
S11389E08B701A0A23004A70F4331B7843F609503B
S11389F0CB702300F034F5331B7822680B71B2FB83
S1138A00F0F103004B43D31A41F684629B039B1895
S1138A10B3FBF0F389035B1869461A0C4A71082208
S1138A205BBACB808B20FBF7CFFECFE7F83423680B
S1138A30042269460093F5E77C5C00207D5D0020FC
S1138A400000093D30B585B0304C01AD092200214C
S1138A50280002F00BFF2300B83318782C4B1B7846
S1138A60834201D0FBF730FF2300B8331B781BB1DE
S1138A70012B36D005B030BD2300C1331B78F12B58
S1138A8023D14FF6FF70FBF779FF48F20500FBF79F
S1138A9085FF02232200BA321288210052BA2A80AA
S1138AA02200BC310988C032127869802100AA7181
S1138AB00922BE310988EB71A980C23423782B7254
S1138AC029008C20FBF780FED4E7F22BE2D141F69B
S1138AD00F50FBF753FF41F22100FBF75FFF062322
S1138AE0D8E72300C4331B880A4A5BBA2B802300CF
S1138AF0C6331B781370AB702300C7331B78C8349C
S1138B00EB7023880622AB80DAE7C0467C5C002049
S1138B107D5D00207C5A002007B56B46082240BAD0
S1138B2049BA188059800023694610000193FBF765
S1138B304BFE07BDF0B585B002AB9C1D002302AA15
S1138B40D51D28701E4A1F4823701370431CDB7FF9
S1138B5053BB46680122337811009C4667468368FC
S1138B60B9401F0089B2FE37F984019161469140F2
S1138B708C466344FE33598B91430A435A83019ACA
S1138B80316ABA845A8A897892B2012901D18A4316
S1138B905A820123002242618261C218C361C56006
S1138BA00461D377FAF7D0FD80239B02044A12783C
S1138BB012B9013B002BF9D1207805B0F0BDC046B5
S1138BC0FC510020785F002030B50B4A0221535E2F
S1138BD00424115F013393FBF1F461430025545FD6
S1138BE05B1A19B28C4206D006241457012C02D009
S1138BF051809268D05430BDE8510020F8B54368E4
S1138C0004000020032B22D0261DF56F202D00D94F
S1138C10202527001F372A003800E16F03F0E1F810
S1138C200623A36023000833D86F390083682269C0
S1138C305B6800689C462B006746B84723695B194C
S1138C402361E36F5B19E367F36F5B1BF367F8BDA5
S1138C500C4B02215A5E0020195E914210D006216D
S1138C60595601290CD000209968885402215A5E73
S1138C700420195E013A92FBF1F04143521A5A80E2
S1138C807047C046E8510020031D01700130090AF5
S1138C909842FAD17047000070B51D4C01202300A2
S1138CA0FC33DA6892B32100FF314D7B0018162D96
S1138CB02CD9897B1170D968164A0B0008331078B7
S1138CC0013B013258709942F9D12300FC33DB682F
S1138CD011491A00083310320878013A01315070F2
S1138CE09A42F9D123002200FC33FE32D968108C59
S1138CF0FF344874128CD968120A8A74D868596A85
S1138D001330FFF7C1FF17230020637370BDC04603
S1138D10D0530020DE540020E6540020F0B50500B6
S1138D20140089B0F8B3F1B3EAB31022684603F033
S1138D3058F82600210068462700FAF7F7FB10369A
S1138D40A0376846FAF740FC6846FAF787FC69469C
S1138D5004A8FAF745FC01A905A8FAF741FC02A901
S1138D6006A8FAF73DFC03A907A8FAF739FC102274
S1138D7004A9684603F035F8310068461036FAF75E
S1138D80D5FBBE42DDD16846FAF71EFC6846FAF709
S1138D9065FC21006846A031FAF7C8FB1022694639
S1138DA0280003F01EF809B0F0BD0000F0B58DB046
S1138DB001AC2200224BE0CBE0C2E0CBE0C2E0CB2E
S1138DC0E0C260CB60C2C0B3B9B30D00020010357D
S1138DD00B784E781B0636043343CE7833438E78B3
S1138DE004313602334308C28D42F1D1042240F2E9
S1138DF0180CFF27134E0321C3680A4216D161469B
S1138E00CB41190E755C19003940715C2D060D4378
S1138E10190C39401B0A715C3B40F35C090429437B
S1138E201B020B439108890061584B4001680132D1
S1138E304B40036104302C2ADDD10DB0F0BDC04697
S1138E4094DD000018D5000010B50723040088B095
S1138E5001A803704460F9F7CFFD20B91022210066
S1138E600248F9F7A5F808B010BDC046BF5100206C
S1138E700023F7B5174A184C019123701370174B50
S1138E805E7CDA68760092191700FE377E8A1D78B8
S1138E90B446012661460E4301997E82E9406E1C68
S1138EA0861901395E61996165B1018807209B6863
S1138EB011801856FBF754FA80239B0222781AB1CA
S1138EC00020FEBD0178F1E7013B002BF6D1012023
S1138ED0F7E7C04630520020F5510020045200202C
S1138EE0030000205A1C05D0034ADBB25B00985AE9
S1138EF08007C00F7047C04600020A4010B5431CEB
S1138F000AD040F60073CAB2010119400F23184079
S1138F1001430248F7F7A8FF10BDC046A44D002046
S1138F2070B50A4EF468257D042D0ED8B36801355A
S1138F30DA7000229A702200103259701870191DCC
S1138F402575934200D12100B16070BD905300207B
S1138F5010B5F8B1104B1A68904204D102681A6037
S1138F60002205E00A00002AFAD011688842F9D1EB
S1138F705968884200D15A600AB101681160002121
S1138F80FC33DA68C479013A121B0160DA60082202
S1138F90F9F7AAFB10BDC04684520020074B70B5F8
S1138FA01C6804B970BD20792568F8F75DFC10B120
S1138FB02000FFF7CDFF2C00F3E7C04684520020C9
S1138FC010B504000078532800D99AE003F0DAF8C9
S1138FD054005B006200650067006D007300990037
S1138FE099009900990099009900990099009900B5
S1138FF099009900990099009900990099009900A5
S11390009900990099009900990079007F008900DE
S113901091009A00A100B200A800BC00C400CB00DB
S1139020D100D700DE002B01E500EB00F700F100D2
S1139030FD000301090111019900990099009900AB
S11390409900990099009900990099009900990054
S1139050990099009900170121012B013B01990006
S113906042019900990048014D01500156015D01EA
S113907067016E017501790140F28C23934AD3583C
S1139080E0331B7866E040F28C23904AD258D83BF8
S1139090D35C5FE08E4B636033E08E4BFBE740F2C2
S11390A08C238A4AD358E233EBE740F28C23874A75
S11390B0D3589B6CEFE740F28C23844AD358DB6C83
S11390C0E9E740F28C23814AD358E133D9E740F2EF
S11390D08C237E4AD3581A780023012ADBD17E4B95
S11390E0D9E740F28C23794A0434D3580D33FF3343
S11390F005E040F28C23754A0434D358283306CB58
S113910006C410BD40F28C23704A0434D35815337E
S1139110EDE740F28C236D4A0434D3583033EEE744
S113912040F28C23694AD3581A780023012AB2D119
S11391306A4BB0E740F28C23644AD3581A78002370
S1139140012AA8D1664BA6E740F28C235F4AD35884
S1139150FF335B7A2371D4E740F28C235B4AD35804
S1139160F4331B6897E740F28C23584AD358F833FA
S1139170F7E740F28C23554AD358FC33F1E740F229
S11391808C23524AD358FC335B6884E740F28C2327
S11391904E4AD358FC339B687DE740F28C234B4AFC
S11391A0D3585B79D6E740F28C23484AD358E93345
S11391B067E740F28C23454AD3581B79CAE740F24B
S11391C08C23424AD358E8335BE740F28C233F4A6E
S11391D0D358EC33C5E740F28C233C4AD358F033E0
S11391E04FE740F28C23394AD358FC339B6A6360BF
S11391F087E740F28C23354AD3581B6CF7E740F2DB
S11392008C23324AD3581A780023012AA2D1354B31
S113921037E740F28C232D4AD3581A780D23012ABC
S113922098D0002396E740F28C23284AD2581300A2
S11392301178FF3300225B7F012902D15A1E93412A
S11392405A0022715DE740F28C23204AD258653BD4
S1139250FF3B1DE740F28C231C4AD258CF3B17E753
S1139260214B1B689B88A3804BE71F4B1B6892E72D
S113927040F28C23154AD258613BE9E740F28C2333
S1139280124AD358FF339B7A64E740F28C230F4A87
S1139290D358FC33586A03F007F8207131E740F2E1
S11392A08C230A4AD358FF339B7F53E740F28C2325
S11392B0064AD358FF335B7F4CE70B4B1B681B6993
S11392C0E9E6094B1B68DB68E5E6C046D05300209D
S11392D0085900201859002080560020F858002012
S11392E0E058002004400020A0530020F0B50024E2
S11392F0F94AFA4BFA4E1360FA4B74605360FA4B16
S11393009BB09360F94BD360F94B3360F94BB36076
S1139310F94BF360F94B3361F94B1B7A0293092340
S11393200393029B012B00D051E2F64DF6482A60CC
S1139330FF211422E86004756860A860F9F7D4F985
S1139340EB68029AF14D5A752100280040F2C012D0
S1139350F9F7CAF9210040F2A822ED48F9F7C4F957
S113936040F28C23EA4A0298D5507E3BD054013B0C
S1139370D0542870280040F2B013E0300470E5485F
S11393800CAFE8503C71390002980C94F8F77AFE5F
S113939040F28C2340F22D121920DD4D0195EB583B
S11393A0B97906AD9954FA7940191A713A7A991D26
S11393B05A71FA681A6103923A695A6104927A6995
S11393C09A610592BA69DA619446FA691A62C07FB1
S11393D0C8771800796A2C309962196316A909783C
S11393E00170017241201900401900783831087069
S11393F04220401900784870F96A1998D963396B8A
S1139400019D196440F2F4116850029D591DCD77F5
S113941006211D000A2019730299443598602970A9
S1139420A835286018000621F03001701900039D4A
S1139430F4310D60049D0A614D60059D1A008D6034
S11394406546CD600299FF32517240F2BD129954C3
S11394501A00E132117040F28922AD4D9E49FC356B
S11394602E65AB4EE964B45402991A000020A96435
S113947000219932A133FF32FF331060516018602C
S11394805960F8F7C7FE40F27C13A34AF45404333E
S1139490F2500433F4500433F4500433F4509F4A2C
S11394A00433F4540433F2500433F4500433F450CA
S11394B00433F4509A4A0433F4540433F25004331A
S11394C0F4504C33F4500433F450964A0433F454B7
S11394D00433F25040F28C220433F450AC67EC674E
S11394E0B45806AEA9343000FF34FBF7F3FB0CCEBE
S11394F00CC48D4B8D486B658D4BEB658D4B6B664A
S11395008D4BAB658D4B2B66F6F727FE0100039060
S1139510002800D059E18A4C1022300002F0A6F94C
S11395200399631CD977210031310B00029902227F
S11395301970210042310A702100053253310A703A
S11395402100013264310A702100013275310A7040
S11395502100763286310A702100013297310A7077
S113956021000132A8310A7021000132B9310A7098
S113957021000132CA310A7021000132DB310A7044
S113958021000132EC310A7021000132FD310A70F0
S1139590210040F21F13FF310132CA730132E25439
S11395A011330132E25411330132E25411330132E6
S11395B0E25411330132E254310062487C3AF8F744
S11395C0F7FC200010220399F9F78EF810225E4868
S11395D00399F9F789F85D4C5D48282203992060C6
S11395E0F9F782F8236803990122D96019005242DD
S11395F0584D48489A801A615A619A61DA611A6230
S113960010310E321860596228000399FF32F9F7BD
S11396106BF840F28C220399296069603C4DAB5889
S11396202268374C11001431996610001900183063
S11396308C3108602032BC33043048629A61FCF7F4
S1139640F9FC454B3B341860FCF7C6FB40F28A2317
S1139650029A3800EA542D233B70FFF7B1FC3A79A3
S11396603E4B38001A70432325783B703D71F9F75F
S1139670C3F9002800D1ADE0214B0CAC403318787D
S1139680F9F7C0FE1E4B1E4D3E331878F9F764FE01
S11396901D221B4B200041331B7822702371F9F7E4
S11396A0ABF9174B4235587AF9F722FE48232E7846
S11396B0237033005A1E934120002371F9F79CF95B
S11396C000B92E7030232370263B63602000F9F725
S11396D093F9234D280045E0BC610020691D00007A
S11396E0A86100205531000015320000510C000023
S11396F0530C000081420000570C0000590C00007C
S11397009451002090530020A45F0020E85F0020C3
S1139710D053002000040001C1080000D10800005B
S1139720E108000069660000F14C000020550020AB
S1139730614D000061090000490900007909000039
S1139740085900206C5A002018590020A05300200A
S1139750BC5F00208452002000400020E44E002022
S1139760BF510020FFF770FB297E11B13D48F9F786
S113977083FE02213C4B3D4D9A7A2B798B43002B7F
S113978048D00023384A2B60967A012E25D13342E3
S113979009D04B23EE8820002370A680F9F72CF91A
S11397A000B9EE80002602232A681A4258D0AF6816
S11397B04A33200023706760F9F71EF900B9AF60DF
S11397C05EB13000FAF74CFC07E0142303930398CE
S11397D01BB0F0BD25704FE72B600026244F2E717F
S11397E0FC37BB6C012BF2D140F28C25033323717F
S11397F01F4B21005B590C961878F8F743FC1C4B5F
S1139800BE645B59E03318780228E0D11E70F7F784
S1139810AFFFDCE7012ADFD1164F174938002B6070
S1139820FAF790FB060068B9BB695B691B899BB1B9
S1139830FA6899189B5A052B10D906220F4804314F
S113984002F0CFFA0B48F9F72FFF30434242504160
S113985003234042034095E72226F3E70326F1E77A
S11398601E43AEE7D851002094510020E850002058
S1139870D0530020484E002068D60000EE5000204F
S113988010B501280ED1084B1A7A012A06D01A0005
S1139890002143321170054A0231117101221A72FA
S11398A0FFF724FD10BDC04694510020E85000206D
S11398B040F28922104B9A5C920704D540F231227F
S11398C09A5C012A0AD940F28C229A581100E2319A
S11398D0097819B1E432116801311160002240F2B3
S11398E00C215A5404315A5401395A540221FC337C
S11398F09A6C8A439A647047D05300200023F0B5D1
S1139900AFB002930A930D93F8F70AF8E84B029A62
S113991001209A60DA605A60E64A1A60FEF7ACFAEF
S11399200320F9F767FF0298FEF7A6FAE24A029BC2
S113993013701378DCB2002BFBD12000FEF776FA0B
S1139940FEF7F8FA0120FEF771FA40F2E831080058
S1139950FAF72CF80120FEF71FFB0220FEF71CFB90
S1139960D64B1C86D64B1C80D64B00215A5E013246
S113997001D009221A80D44C0021625E013201D048
S11399800C2222800020185EFFF7AAFA43425841B5
S1139990CE4B18700023E05EFFF7A2FA4342584111
S11399A0CB4B01301870CB4B1A00A4320020115E4F
S11399B0013101D01321118014215A5E013201D0EA
S11399C021229A8228215A5E013201D028221A8546
S11399D000215A5E013201D00E221A80BE4B0021B2
S11399E05A5E013201D019221A800020185E01212A
S11399F0FFF784FAB94CBA4B621CA360B94B63609D
S1139A00B94B63620023A362D377EFF31081012281
S1139A1082F310884020B54D6B6883436B606B689C
S1139A2081F31088A36860680393457A016A0495FA
S1139A30AE038D780F792E4320253543CE78ADB211
S1139A40AC4676033D032E43457B0378ED01A848DD
S1139A5035432843039D80B20590FE35688D049EEE
S1139A6080B2002E00D077E166462A850D784978C9
S1139A70ED032E43B5B2AC461D000835AA40490299
S1139A8089B292B2012F00D064E1904301229A403E
S1139A90039D039EFE35AF8D92B25B00F31817430E
S1139AA0AF851F006646FE377E82059E90437E8307
S1139AB0198068850121AA841720884AFEF7ADF928
S1139AC08C4B022223608C4B0021186840F2004327
S1139AD0806801F0CDFD894B5D78002D00D085E0D4
S1139AE00121874C59707E4B2582E360854BA5622A
S1139AF0A360854B25706362EFF3108281F31088B5
S1139B007A483F3143688B434360436882F310884B
S1139B1040F20F0C66467D48E368017803938F009A
S1139B20BE40637CC9030493039BFE331A8DB24386
S1139B308678BE40324392B21A858AB223210592B6
S1139B401143049A039E5200B2181700FE3779821B
S1139B506F490126798341780498490289B21180BA
S1139B6001228240988D92B2844690439885DF8E7C
S1139B70588D97431043DF865885604602439A8583
S1139B80644B07201A7816431E70049B039A013312
S1139B90DBB25B00D3181A00FE325081059E1C30E4
S1139BA0FF303043508244F29740508319802200A2
S1139BB029001B206561A561E5612562FEF72DF989
S1139BC0A368DB7A5BB2213304D02200290014207D
S1139BD0FEF723F90223504D0021AB841220484A9A
S1139BE0FEF71BF90123AB844C4B63604C4B4D4C8B
S1139BF0012004256360FEF73FF940F24032022160
S1139C00494B01209D505219995040F6600348F287
S1139C100001464A464ED152FEF708F9454B464AE2
S1139C202360464B46499A6100221A75454BDA6017
S1139C301A610132336059601A72EFF3108182F3B2
S1139C4010881020294CE2688243E260E26881F3C4
S1139C5010883D4CA279120700D0A1E08222A272A2
S1139C60A27A4421D20902B9290038480278551C45
S1139C7005700AB94032A27101255A68E171127C5B
S1139C80334950082A409200023595404018017823
S1139C902943C9B201705B68187803286DD8012282
S1139CA0524202F06FFA6500FF0306040A04C0463C
S1139CB0685F0020434743000CE8014000020A406B
S1139CC060020A40185F0020045F0020685C0020E6
S1139CD0054000207C5C0020545C0020785F00205C
S1139CE000200A40A0DC000095090000FC6F04403D
S1139CF007C0FFFF53554153304000203452002029
S1139D0004520020C4DC0000411400000C40002078
S1139D109780FFFF00100A40FE200A40555541532A
S1139D20E8DC00002C5F00200060004000E00140FF
S1139D30605F00204D504C52A9500000C05D0020CF
S1139D4074D70000385F002000380A40345F0020D8
S1139D5008380A40104399E64A791A4322B903495C
S1139D600432CD782A43CA7000218FE600100A40DD
S1139D70E14A1B7C9B18FF221A70E04A0221212031
S1139D80FEF74BF84423E371453B23801B332373D5
S1139D906833A372A27A423B1343A3721C23E37277
S1139DA0D74AD84B042553600023D74F15813A6016
S1139DB0D3601361EFF31080012181F31088D34B3A
S1139DC0DB688B43D149CB60CB6880F31088802358
S1139DD0CF491D200B870B0048F20001D9820221D4
S1139DE0CC4B4942198049195581FEF716F8A379DD
S1139DF030689C466646027AE37A4068217B934346
S1139E003243C6690078C9B2032805D130780128E5
S1139E1000D159E31020834321730121E372A2711D
S1139E20A379BD480B43A3710423A2791343A371FF
S1139E303B68B74A5B899386B84BB94A136040F2D2
S1139E40002200234260B74A03608260B64AB748E2
S1139E50136002601F20D080B54AB6481360002307
S1139E60C3563BB9B44BB54A01701A60B44A5A6040
S1139E70B44A9A600022B44B9A560AB901321A7055
S1139E80B24BB34A00211A60B2483C22F8F72CFCCA
S1139E9040F20013AF4A00201360FAF7F5F9FFF718
S1139EA025FA092800D014E3AB48F7F7CDFDF7F7FE
S1139EB0F3FDAA4A13785BB100239749137089799B
S1139EC09A4A49B21268012900D02FE30233137071
S1139ED0FCF766FA22A8F7F739FDA1490A78531C62
S1139EE0DBB20B700AB9F7F736FD229B83F31088B7
S1139EF000239C4A22A814681360F7F727FD984AA8
S1139F001378013BDBB213700BB9FAF735FA229BD5
S1139F1083F31088944E002C00D122E2E3B208931C
S1139F2020231C4200D13BE1FBF736FFFAF786FE03
S1139F3040F2B0138D4FF35800249C463A687B6876
S1139F40801A99412500844505D963461D1A40F2BB
S1139F50B413F458241A864B18000393FBF7CCF877
S1139F6040F288130398F5500433F550FBF712F8C8
S1139F70804D2800FBF7C0F840F29C132800F450F1
S1139F800433F450FBF706F840F28C23F3581A001C
S1139F90E0321278022A03D040F21022B25C52B3AB
S1139FA01B780024012B16D1734B744C1A6854434C
S1139FB043F23902A4181C60714BB4FBF3F3DA07C3
S1139FC0D31AE41A40F2D17394FBF3F25343E41A24
S1139FD040F2E833E41840F2B4136A4DF358280011
S1139FE0E418FBF789F840F2F8132800F45004331E
S1139FF0F450FAF7CFFF574B1B68DB0750D5624884
S113A000F9F792F80024534B34331B78A34201D957
S113A01000F02EFC5D48F7F717FD00220121100027
S113A020F7F74EFF5948F7F70FFD00220121100002
S113A030F7F746FF5548F7F707FD00220121100006
S113A040F7F73EFF5148F7F7FFFC424B0022986AAE
S113A0500A21F7F735FF4D48F7F7F6FC3D4B2C3353
S113A0601B78012B01D000F00DFC3A4C4848F7F75F
S113A070EBFCE0690022052180B2F7F721FF454897
S113A080F7F7E2FC237E0020022B02D8424A5B0051
S113A090985E0022052180B2F7F712FFF7F7FCFC67
S113A0A040F28C2340F22E11F2587B3BF35C535464
S113A0B0147838687968012C11D1384DDB00B43438
S113A0C05B19FF345B79145D5B01002C01D100F056
S113A0D0E8FB40F250245B191B191860596040F2E8
S113A0E010239932FF3210605160F35C002B57D17A
S113A0F040F24922B35453E000380A40385F00204C
S113A1004C5F002054D70000645F0020FC6F0440C3
S113A110FE260A4004260A40E851002034DA0000F2
S113A120F85D0020E64E0020804D0020084000200D
S113A1307C4D0020FE5D0020EC5D0020145E0020BC
S113A140FF5D002014001400F45100200052002090
S113A1507D0C0000145C0020D0D00000E4510020ED
S113A160E85D0020C8530020D0530020785600201A
S113A170585500206C550020004000206D4EC6410B
S113A180FFFFFF7FC85500205CD10000DCCD00003C
S113A19060D1000068D10000F8D90000805600208A
S113A1A01022089B134200D1ACE00021203222A8E7
S113A1B001F05CFB0021282218A801F057FBC94BD1
S113A1C0C9480E215A5E9D8903929F681B7C0278C0
S113A1D05BB2069340F28C23F15840F23124CB6CED
S113A1E0E031079301239A430270002340F24C228A
S113A1F00398B3541E3AB05206980232B0545832FF
S113A200B25C325540F22222B3520332B3540332C9
S113A210B3500432B3520632B3540232B350143A38
S113A220B3541832B3500432B35440F240230022E2
S113A230F0180023026043600B780BB9FBF7CCFDE8
S113A240335D13B9A948FAF757FFA94B1B68DB071D
S113A2504CD5A848F8F768FF0024A54200D92BE3A1
S113A260A548F7F7F1FB002205210398F7F728FE2C
S113A270A148F7F7E9FB002203210698F7F720FE2F
S113A2809D48F7F7E1FBF6F747FA012180090840FA
S113A2900022F7F715FE9848F7F7D6FB944B0022F7
S113A2A01C0018690A21F7F70BFE9348F7F7CCFB5B
S113A2B0237D012B00D006E39048F7F7C5FBA06887
S113A2C00022052180B2F7F7FBFD8D48F7F7BCFBB0
S113A2D023790020022B02D88A4A5B00985E002270
S113A2E0052180B2F7F7ECFDF7F7D6FB0120F7F76D
S113A2F0E3FA002D00D0F4E240F221230122F254CB
S113A300FCF7D2F9089B1B071DD540F28C23F358A8
S113A310E0331B780BB9FBF75FFDF7F7CFF940F299
S113A32049230220F054F7F7C7FA40F21023F35CF4
S113A3301BB140F20F230122F25440F28922202360
S113A340B15C0B43B354089B5B0703D5062105207E
S113A350FAF75EF9089B9B0703D504210320FAF75B
S113A36057F922A8F7F7F2FA67490A78531CDBB2C7
S113A3700B700AB9F7F7EFFA229B83F310880023D6
S113A380624F22A83C683B60F7F7E0FA5E4A137814
S113A390013BDBB213700BB9F9F7EEFF229B83F399
S113A3A01088002C4AD0E5B2E4071FD540F21123EF
S113A3B0F25C593BF254D433F25840F2BB1113000F
S113A3C0FF33987A7054997F40F2C813F1540023F4
S113A3D040F2C911735401317354B533FF33D25C65
S113A3E04B4917334B48F254FEF75EFAAB0721D5BD
S113A3F040F21123F25C453BF254C033F3583B481E
S113A4001A00FC32116940F2D012B1501A00FF3226
S113A410917F40F2DC12B15400210132B154013277
S113A4200131B1542A3A9A5C40F2DF133A49F254AA
S113A430FEF73AFA6D0701D5FCF79CFE40F289233A
S113A440F45C20231C4201D100F077FE40F28A2301
S113A4500022F2543200FC32936C190602D5822198
S113A4608B43936404252C4201D100F0ECFD0020C1
S113A470F7F73CFA002801D100F0DEFD274AD16845
S113A4800B7D3BB108005368926810309A4201D0AA
S113A49000F0C1FD32000221FC32936C8B439364C3
S113A4A000F0D1FD1B7C1E495B085B005B181A8021
S113A4B063E40023638022805FE4DB691B78012B63
S113A4C000D05AE4628058E41420294383432A4389
S113A4D0A2E4142801D11348E7E4032800D0E8E4F7
S113A4E01148E2E4A8530020C85300206C55002012
S113A4F0145C00205CD10000DCCD000060D10000C1
S113A50068D10000F8D90000E85D0020A4530020C1
S113A51088550020585500209C5500209053002059
S113A52000380A4006D100002DD100000121B948AD
S113A530817140F20141118002000020115E02206D
S113A540125E1800914221D0B24D00216A5E0221B0
S113A5506C5E0021944210D00424295F013292FBE6
S113A560F1F46143521AA968AD798C186DB2895C13
S113A570012D00D02070A74C2280A74A9A18127887
S113A58052B28A4223D10133042BDDD1A34B1B6881
S113A5905C78082C16D0DB7813B1A148F7F754FA8D
S113A5A0230034B10123042C03D00333072C00D13E
S113A5B0023B9C4ADB009B185868F7F745FA984819
S113A5C0F7F742FA0023934A9371136080E4DBB2F5
S113A5D0022B07D00022032B00D045E18F4B1B68D0
S113A5E01A80D3E78B4B00229F5E9A68D7192B29D8
S113A5F064D18A4B1B68DA8808928B4A166840F249
S113A60001421A8000230393844B089A1C68039B1D
S113A6109342BBDAB589002D00D19DE02A003900B0
S113A620306901F0CDFB002800D088E0039A7B1943
S113A630A2807D573D2D43D03F2D00D1FEE0002D5B
S113A64000D10DE10223237079E0C9B2080030384B
S113A650092802D9413905290FD801331EE0030026
S113A660413B052B0CD8373840B2536898478DE7E7
S113A67001204042591CF8DA1EE009235B421BE02A
S113A68001204042F1E708320023D356002B00D1C9
S113A6907CE7002179569942F5D13B0001215956B6
S113A6A00029D2D1DB1B1BB2012BE1D17878030046
S113A6B0303BDBB2092BD2D858B2D6E75B4AE3E78A
S113A6C001229A56DAB35D1C2B00059000229A569B
S113A6D052B9574B1B785BB20993564B9C46059B6A
S113A6E093421EDD00230EE02C2A02D001229A564A
S113A6F01AB9059A013252B205920133E6E75C1C9D
S113A7002C2803D02300E8560028F8D11BB2049368
S113A710002B2BDC474B1A6800231ABB0BB1F6F74E
S113A7207FFF05223D4C23681A7033682BB1380033
S113A7309847002223681A705870F6F771FF374B58
S113A7401A681378002B00D120E7052B00D11DE7F0
S113A750022B01D1013B1370039B143601331BB24E
S113A760039351E7013312681BB2D6E70020049B20
S113A770E854099B002B01D100F058FE2E49082310
S113A780C85E0690002801DC00F050FE0C000B6847
S113A7900A20085E0B90606807900799411A09B275
S113A7A00C000B99A1420ADD411C0C00002141560A
S113A7B011BB069C2049013C0C81012101700499C4
S113A7C05D6019811B49086830B10468834216D161
S113A7D018490C6000210160002119606146086875
S113A7E0B0B1040000680028FBD12360049B01324F
S113A7F00133ED1852B272E720000C33CDE70400A8
S113A80000680028E8D08342F9D119682160E1E7A3
S113A8100B60EBE7E851002030DA0000084000202C
S113A820D4CC000000DA0000F85D002020DA00003B
S113A830FE5D00207C4D0020EC5D002001255D576D
S113A840002D00D07BE7052323707368002B00D113
S113A85075E738009847CC4B1B681D7058706EE73D
S113A86005232370B368F1E7C74B1B681A708DE6A4
S113A870C64B02211B6B185D0134F7F7F1FAE4B201
S113A880FFF7C1FBC248F7F7DFF84CF25033BF4A79
S113A8900020D2699A4200D1323000220221FFF70F
S113A8A0FBFBBC4C1B1940F250241C192060616056
S113A8B040F24824FFF710FC385D02210134F7F719
S113A8C0CFFAE4B2C9E4B248F7F7BEF84CF2503319
S113A8D0AE4A002092689A4200D13230002202210E
S113A8E000E53B7809935B09032B00D15EE1052B5E
S113A8F000D157E1012B00D077E32B001022113B4C
S113A90093439BB2002B00D0F6E4EBB218AC049353
S113A910237140F28C23F2581897D83BD35C0393ED
S113A920002B00D0E8E4781C013D03000222A9B208
S113A930F7F7C8FF002800D0FAE01899002976D16B
S113A940102418AB1B7CDA43120701D100F04DFD33
S113A9501B071B0F10AA137440F28C23F35810A981
S113A9601A00FF32927F18784A74072214A9F6F766
S113A9707DFE002C01D000F03CFD002801D100F048
S113A98038FD40F28C23F4582921200010ABC9185B
S113A99003224830F6F75AFF21001B9B18ADE364ED
S113A9A02B7CFF315A06520F8A72DA43120703D006
S113A9B01B071B0F4B744B7618AB5A7C02B9013240
S113A9C040F2E8335343220040F2E831F832136096
S113A9D05B18536023000122FF335A7240F2B21312
S113A9E00022E2542378012B00D1A3E040F2B413F7
S113A9F002220020E254F6F779FF18B10021080082
S113AA00F6F73EFF40F23123F35C012B00D9FBE261
S113AA1040F21023F35C002B00D0EDE240F28922D7
S113AA202023B15C0B43B354F6F748FE6AE42620B6
S113AA300B780322637110ABC0180131F7F7B8FA31
S113AA402920189910ABC01803220431F7F7B0FA83
S113AA50189D0422E91D1BA8F6F7F8FEEB7A23746F
S113AA602B7B63742379212B5DD12900322010AB19
S113AA700D311022C018F7F79BFA1D21189F0422EC
S113AA8021A87918F6F7E2FE0020434D18AC2B6894
S113AA9098702279219B043A92B20593002F47D0F3
S113AAA014AB0093390002231490F7F725FEF8BB8A
S113AAB0149B059A9A423BD1E279237A12021B0431
S113AAC0A1791A432B680A43996803248A4200D166
S113AAD037E740F2A0219A600222705804330243FF
S113AAE07250292210A95218262110A809180820EA
S113AAF0F7F7CAFC0400002800D022E7292210A995
S113AB00521826212B6810A8091804330720F7F7D8
S113AB10BBFC0400002800D013E701222B6852423A
S113AB20D8601A610DE7112B00DD09E70D21A5E7B7
S113AB300F2406E7049B212B00D057E7013310AA0A
S113AB409B18DB7F012B00D050E7FF2540F2682CD7
S113AB50124B134A18A99818CF7C8A7C3F023A43B7
S113AB60039F1A80042F02D167462A40C2539F894B
S113AB701A8802313A409A81039A02330132D2B2DE
S113AB800392052AE8D131E708400020145C002034
S113AB906BD1000080560020A0530020E058002014
S113ABA0A0FDFFFF40F220230122F25440F28C2347
S113ABB0F2581300FF33997F40F224231078F35C9A
S113ABC00022012804D15BB2002942D1A04AD25C00
S113ABD029000D390B1C090400D500231BB2934234
S113ABE001DDFFF789FB0B2D01D8FFF785FBFF2261
S113ABF022AC2CAB2297200025711A70F7F76EFC5B
S113AC000700002801D0FFF777FB23891193249BC9
S113AC10049340F23823049AF250207B0F2302005D
S113AC201A40184204D03A3310A95B18DB7F93B959
S113AC302CAB1B78002B49D0002A01D0FFF75CFB1A
S113AC40492310AA9B18DB7F5A1E934102330593B4
S113AC5002E0804ABBE70597079B049A93423FD0E2
S113AC6040F28C23F35800211D001F005435513746
S113AC7024224A43AC58A446049C644528D1BC5CB5
S113AC8034B39A18110052310978926EE033079167
S113AC9015681A780323022A00D0023340F23122C5
S113ACA0B354059B032B01D0FFF726FB6023184206
S113ACB001D0FFF721FB079B042B68D8180001F093
S113ACC061FAAE03AB034D00A803B1030123BEE751
S113ACD001310429CCD140F221230B22FFF70FFBD1
S113ACE0042300250793013B039322ABDC89002353
S113ACF0039814A91493FDF7FDF8002842D1149D7C
S113AD006B1C04D0ABB2E31A002B2ADDEC18002331
S113AD10039814A91493FDF7EDF8E8BB149BA34220
S113AD2001D3013338D122A8F7F7D8FB002298BB0E
S113AD30494993005B1819780798814229D15A78B8
S113AD409B780C920F930499249A22AB914225D0BC
S113AD500B2340F22122B354FFF7D2FA0127062332
S113AD60C2E743B9093340F22122B35440F23423F9
S113AD70F550FFF7C5FA80232D0C2D042C195B0226
S113AD80E418C4E701230728EDD10833EBE70123D6
S113AD90E9E70132052ACBD10C23DAE7229A07929C
S113ADA01A79DB6A043A0E926A461093128F079B53
S113ADB00B92002BF0D0130040F200129342EBD818
S113ADC014AD00212800F03AF7F78EFC49231493C0
S113ADD040F20013AB80119B0E9AEB80049BEA7344
S113ADE01B0C2B72049B6C811B0E6B72230C2B733C
S113ADF0230E6B730023AB73139313AB00932800E0
S113AE000F9B0B9A0799F7F777FC0028C4D1139B83
S113AE10109A9A42C0D1492310AA9B18DB7F0BB920
S113AE2007330C932CAB197801230C9A00932B98BD
S113AE30049B0194F8F72AF9002877D10398074B6B
S113AE4004381B6803280BD801F088F9686A6C6E13
S113AE50CCD70000BED700000F400020A053002034
S113AE601C61002240F2212340F22520F2540133D8
S113AE70F75422AB1B7BD906C90F315440F2282169
S113AE807250043172549B0608317450DB0F02393E
S113AE907354173172540331735440F23123F15C0B
S113AEA0012903D85B33F358E4331A60604C012F53
S113AEB040D140F220230222E25440F24823E25CD3
S113AEC022AB1B7B012905D8012A01D19B0601D5A0
S113AED0FEF764F840F23123059AE35C22AD022ABE
S113AEE07ED0032A08D0297B0907090F012A51D0F3
S113AEF0069A26A8FDF7B0F8492310AA9B18DA7F12
S113AF0040F22323E2546A6A0533E2502CAB1A78E8
S113AF1040F22C23E2540122013345E05C61A0E7B6
S113AF209C619EE7DC619CE71C629AE7022800D1E1
S113AF300EE731E740F28C23E2581F23099840F2D0
S113AF408F159843030040F22020A02B1ED19F3B75
S113AF505355B233FF33D35C1BB92D9DB933FF3343
S113AF60D550012323549942A7D940F2402341F6F6
S113AF704072E01800230260436040F29823E01816
S113AF802C4B1A685B680260436096E700235355B4
S113AF90235492E7069A26A8FDF75EF8492310AADF
S113AFA09B18DA7F40F22323E254492310AA9B180A
S113AFB0DA7FE02A0DD140F28C23E158CF3BCB5C01
S113AFC03BB940F2232162544932FF32A350043288
S113AFD0A35240F289220223A15C0B43A35411E53E
S113AFE02CAA1178686A069AD6E740F22123012236
S113AFF0F254FBF759FB05E540F24C23F35C002BBC
S113B00000D10BE5FBF730FB40F23123F35C022B5C
S113B01000D109E502E51D78002D00D110E283423C
S113B02002D10B00FFF732FA0433FFF72FFAC046C0
S113B030D0530020A85300202800F6F757FC00281E
S113B04001D0FFF727FAE30727D540F24823F35C42
S113B050002B00D0E6E040F28C23F35840F20C21A0
S113B0601A00FF32715C527A91420BD2A40700D4C9
S113B070F2E0E0331B782BB140F23123F35C002B78
S113B08000D0E9E0A34C2000FAF736F82022783CFF
S113B090A36C9343A364FEF70BFC330040F28921B5
S113B0A0FC339B6C725C1BB1012B2CD153072AD54A
S113B0B00520735CD4B283437354012340F28A2184
S113B0C073541A4205D03300FC33DB6C92481B687E
S113B0D09847640711D50025904CE3681B7D0493C1
S113B0E0049BAB4200D0D0E0E3681B7D2BB140F25F
S113B0F089220423B15C0B43B35440F289222021FA
S113B100B35C8B43B3543300FC339B6C23B9844B43
S113B1101C68002C00D0E4E040F2A02440F28A2312
S113B12001223059F25440B13300FC331B6D13B18A
S113B1309B6803B198470023335140F289241025BA
S113B140335D2B420AD0052322A803803300FC334D
S113B150DB6CDB689847335DAB43335540F289229F
S113B1600221B35C0B4207D08B43B3543300FC334E
S113B170DB6C6C485B6898473300FC339B6C012B99
S113B18007D040F28823F35C023B012B01D8F6F789
S113B190A5FAF6F74FFC002801D1FEF78AFE72B635
S113B1A0BFF34F8FBFF36F8F40F28C23F358E0331C
S113B1B01B78022B2FD05C4B1B7863BB3B6853BBC3
S113B1C05A4B1B68DB0500D4B6E072B6BFF34F8F51
S113B1D0BFF36F8FF6F72EFCC0B10120F6F7F8FB32
S113B1E010250226524C276862B6BFF34F8FBFF377
S113B1F06F8F23689F427CD072B6BFF34F8FBFF32B
S113B2006F8F23682B427AD00023236062B6BFF38A
S113B2104F8FBFF36F8F62B6BFF34F8FBFF36F8F44
S113B220FEF747FE012B17D140F20F23F35C002BEE
S113B23000D132E740F20E2340F20D22F35CB25CFF
S113B2409A4216D9A40703D540F24C22B25CC2B983
S113B25040F20E220133B35440F289222021B35C20
S113B2608B43B35440F20F230022F254FBF782FFC6
S113B27013E740F24C21725C1AB940F21020725468
S113B280325440F24D22B354FCE640F2602140F2C5
S113B290612063681A78725459783154987803900D
S113B2A0D0B1236823489B689847E268137D4BB16B
S113B2B0013B1375130060681033011D984200D1DF
S113B2C011006160039B23B90D9A0A990298FDF756
S113B2D027FE0135EDB203E7DB780A910D93029264
S113B2E0E3E72079F6F7C0FA002800D0A1E024684B
S113B2F00FE7F6F79FFB002800D07AE77CE7236886
S113B300334200D080E7F6F795FB002800D069E7C8
S113B3107AE7C04644550020185600209053002078
S113B32084520020F0550020B85D0020145C0020F9
S113B3307C5200203056002072B6BFF34F8FBFF30B
S113B3406F8FF6F777FB002800D15FE70120F6F74F
S113B3503FFB012540F660062800FCF78DFD3D4BC0
S113B3605A681178022905D0002303290DD1283207
S113B370127852B9384B1A6800235202D10F9A42FC
S113B38003DB364A137B1173DBB2354A925BBFF39E
S113B3904F8F30BF2F4A52681178022904D00329F5
S113B3A008D1283212782AB92B4A1268520201D4E1
S113B3B02A4A13732800FCF739FD62B6BFF34F8F96
S113B3C0BFF36F8F72B6BFF34F8FBFF36F8F254CF0
S113B3D02368DB0600D517E723689B0700D513E72E
S113B3E0F6F728FB0028B7D10EE7002C01D1FFF7B0
S113B3F0C8FA0020F6F77AFA002801D1FFF702FB19
S113B40000210820032C01D1FFF7FAFA0720FFF7E7
S113B410F7FA0127072367E40523079F64E401275C
S113B420042361E4059B012703935EE400231B814D
S113B430FFDE40F289221023B15C0B43B3546BE668
S113B4405B78002B01D0FFF725F840F20C22B354AF
S113B450FFF720F82C5F0020FC6F044000540040EC
S113B46000E001407C5200207FB5140006000D006E
S113B47010220021684600F0F9F97F2C02D1032044
S113B480022D0AD06B462A0010213000F7F71AFA71
S113B49018B969462000F7F745FA04B070BD0000FA
S113B4A010B507490748F8F74DFD08B10E2802D139
S113B4B00448FCF75BFD0348F8F7F6F810BDC046F6
S113B4C068D60000484E002010B506490648F8F733
S113B4D039FD10B90448FCF749FD0348F8F7E4F8CE
S113B4E010BDC046D4D60000F8500020002310B58B
S113B4F0040003604360836081814366C281036109
S113B50043618361190008225C3000F0AFF90B4BF2
S113B510246263620A4BA3620A4BE3620A4B23630D
S113B5200A4B9C4205D00A4B9C4202D0094B9C42D8
S113B53003D12000583000F0EDF910BDD5B700005C
S113B540FDB7000035B8000061B80000CC610020F0
S113B550346200209C62002010B5034A0349044869
S113B56000F06AF810BDC0462440002029BC000049
S113B5703440002041680B4B10B50400994201D0BF
S113B58000F052FBA168084B994202D0200000F061
S113B5904BFBE168054B994202D0200000F044FBCC
S113B5A010BDC046CC610020346200209C620020A3
S113B5B010B5094B094A04211A6009480022FFF713
S113B5C095FF012209210748FFF790FF022212216B
S113B5D00548FFF78BFF10BD0463002059B5000038
S113B5E0CC610020346200209C62002010B5024827
S113B5F000F091F910BDC0460D63002010B502485B
S113B60000F08AF910BDC0460D63002010B5040097
S113B610FFF7ECFF236A13B1FFF7F0FF10BD044BF3
S113B6202362044B1B68002BF6D1FFF7C1FFF3E73D
S113B63075B5000004630020F7B5140000260090DF
S113B6400191A5686768013F04D52468002CF8D1EE
S113B6503000FEBDAB89012B08D90E22AB5E01334D
S113B66004D029000098019B984706436835EAE70F
S113B670F0B51D00554B85B01E6804000F00009204
S113B68026B1336A13B93000FFF7C0FF009B022BC9
S113B69005D0012B00D996E0002D00DA93E0636E0B
S113B6A0DB0705D4A3899B0502D4A06D00F033F910
S113B6B02100300000F0B8FA616B41B1230044333B
S113B6C0994202D0300000F029F90023636300237B
S113B6D0A3616360A3891B0603D53000216900F0D0
S113B6E01DF9A3893A4A1340A381009B022B60D021
S113B6F003AB2100300002AA00F0BEFAA389034381
S113B700A3812DBB029D280000F050F9019507008C
S113B710002848D1029B0193AB423ED101256D42E2
S113B7200C22A35E02221A43A2810022A2602200FC
S113B7304732226022610122616E6261114204D1AA
S113B7409B0502D4A06D00F0E7F8280005B0F0BD19
S113B750002FD8D0336A13B93000FFF757FF009B8E
S113B760012B03D1A389009A1A43A2810C22A35E60
S113B77008221900276027616561114013421CD01B
S113B780DA0718D500226D42A260A561626ED20765
S113B79001D49B0513D50025D7E7019800F006F9DD
S113B7A007000028BAD08023A289019D1343A381F6
S113B7B0D0E70025B4E7A560E8E7A160E6E7A06D5F
S113B7C000F0AAF8E7E701256D42BEE7304000200B
S113B7D05CF3FFFF70B50C000E25495F00F070F8B4
S113B7E0002803DB636D1B18636570BDA389024ADF
S113B7F01340A381F9E7C046FFEFFFFFF8B51F0030
S113B8008B8905000C001600DB0505D50E23C95EE7
S113B8100022022300F042F8A389054A28001340BD
S113B820A38132000E23E15E3B0000F05BF8F8BD1B
S113B830FFEFFFFF70B50C000E25495F00F02EF8F6
S113B840A389421C03D1054A1340A38170BD41F270
S113B85000021343A3816065F8E7C046FFEFFFFFD2
S113B86010B50E23C95E00F009F810BD030082185C
S113B870934200D1704719700133F9E7002370B582
S113B880054D040008002B6000F0F6FB431C02D1B8
S113B8902B6803B1236070BD0863002070B50400F9
S113B8A0080011001A000023044D2B6000F0D3FBA4
S113B8B0431C02D12B6803B1236070BD08630020D0
S113B8C070B50400080011001A000023044D2B6019
S113B8D0F6F754F8431C02D12B6803B1236070BD02
S113B8E00863002070B50400080011001A0000234A
S113B8F0044D2B60F6F737F8431C02D12B6803B1D3
S113B900236070BD08630020014B18687047C0466F
S113B91030400020704770477047000070B5050044
S113B9200C0079B1043C2368002B00DAE4182800E9
S113B93000F0E8F81C4A13682BB96360146028000F
S113B94000F0E8F870BDA34208D9206821188B42A2
S113B950F3D119685B6809182160EEE71A005B6887
S113B9600BB1A342FAD911685018A0420BD1206838
S113B9700918501811608342E1D118685B684118B6
S113B98011605360DBE7A04202D90C232B60D6E799
S113B990206821188B4203D119685B68091821605B
S113B9A063605460CBE7C0461463002010B5034BBA
S113B9B00100186800F026F810BDC0463040002091
S113B9C070B50F4E0D003168040011B900F0DEF9B6
S113B9D030602900200000F0D9F9431C03D101256F
S113B9E06D42280070BD0323C51C9D43A842F8D0B6
S113B9F0291A200000F0CAF90130F2D1EFE7C0465D
S113BA0010630020F7B50322CB1C934308330500D1
S113BA101F000C2B34D20C27B94233D8384E2800DF
S113BA2000F070F833681C00002C2FD13900280076
S113BA30FFF7C6FF0400431C5FD134680094009BE9
S113BA40002B4AD1002C52D023682800E318009917
S113BA50019300F09BF9019B834248D1236828009D
S113BA60FF1A3900FFF7ACFF013040D02368DB191F
S113BA70236033685A68002A33D1009B336019E08D
S113BA80002BC9DA0C232B600020FEBD2168C91BE2
S113BA9020D40B290AD9E2192760A34204D13260C9
S113BAA063681160536005E05A60F9E76268A34275
S113BAB00ED13260280000F02DF8200007220B3050
S113BAC0231D9043C21A9842DFD01B1AA350DCE70F
S113BAD05A60EFE723006468A6E7009C636800935C
S113BAE0ADE71A005B68A342FBD10023DAE70C231D
S113BAF028002B6000F00EF8C6E70760DAE7C046BE
S113BB001463002010B50248FFF705FF10BDC046BE
S113BB100C63002010B50248FFF7FEFE10BDC046BE
S113BB200C630020F7B50C228B5E05000C001A078D
S113BB3053D44A68002A02DC0A6C002A4BDDE76A07
S113BB40002F48D0002241F200002E682A601A001B
S113BB50216A0240034230D0626DA3895B0705D598
S113BB606368D21A636B0BB1236CD21A00232800CA
S113BB70E76A216AB847A289431C06D129681D29AE
S113BB8044D8284BCB40DB0740D5002363602369AE
S113BB902360D20404D5431C01D12B6803B960652A
S113BBA0616B2E60B9B123004433994202D028005E
S113BBB0FFF7B4FE002363630DE001232800B847B8
S113BBC00200431CC9D12B68002BC6D01D2B01D009
S113BBD0162B1AD12E6000201EE00E69002EFAD01A
S113BBE00F680E60BA1B019200229B0700D14A69BC
S113BBF0A260019B002BEEDDA36A32001F00280027
S113BC00019B216AB847002807DCA2894023012050
S113BC1013431BB2A3814042FEBD019B36181B1A7D
S113BC200193E6E7010040200B6970B505000C00A4
S113BC3013B90025280070BD18B1036A0BB9FFF7CA
S113BC40E5FC0C22A35E002BF3D0626ED20704D471
S113BC509B0502D4A06DFFF75EFE28002100FFF7CC
S113BC6061FF636E0500DB07E4D4A3899B05E1D47F
S113BC70A06DFFF751FEDDE770B50E001D000E2329
S113BC80C95E140096B000290CDAB2898023110031
S113BC9019401A4214D140F2004300202960236065
S113BCA016B070BD6A4600F04FF80028EDDB4FF285
S113BCB0000301991940044BC9184B425941EAE762
S113BCC000214023E9E7C04600E0FFFFF0B502266B
S113BCD08B8905000C0085B0334207D0230047331D
S113BCE0236023610123636105B0F0BD03AB02AAA5
S113BCF0FFF7C2FF029F019039002800FFF782FE80
S113BD0040B90C22A35E9A05EED4032293431E434A
S113BD10A681E3E78023A28920601343A381039BC8
S113BD20206167615BB128000E23E15E00F01EF81C
S113BD3028B10323A2899A43023B1343A381A38915
S113BD40019A1343A381CFE7002370B5064D040085
S113BD50080011002B6000F0D7F9431C02D12B68B6
S113BD6003B1236070BDC04608630020002370B592
S113BD70054D040008002B6000F0D3F9431C02D1E8
S113BD802B6803B1236070BD08630020002370B5E5
S113BD90054D040008002B60FCF790F8431C02D109
S113BDA02B6803B1236070BD0863002010B5034BFA
S113BDB001001868826800F01DF810BD30400020B2
S113BDC030B5050010005AB10024013A2B5D085D1E
S113BDD0834204D1944202D00134002BF6D1181AC4
S113BDE030BD002310B59A4200D110BDCC5CC454C0
S113BDF00133F8E770B506000D00140018B1036AAA
S113BE000BB9FFF703FC636EDB0705D4A3899B051D
S113BE1002D4A06DFFF77FFDA368013BA360002B54
S113BE2005DAA269934212DBEBB20A2B0FD0236826
S113BE305A1C22601D70EDB2636EDB0705D4A38922
S113BE409B0502D4A06DFFF767FD280070BD290093
S113BE502200300000F002F80500EDE7F8B5060016
S113BE600D00140018B1036A0BB9FFF7CFFBA369E7
S113BE70A360A3891B0701D5236943B921003000BE
S113BE8000F02AF818B101256D422800F8BD236995
S113BE902068EFB2C01A6369EDB2834205DC210069
S113BEA03000FFF7C1FE0028EDD1A3680130013B4B
S113BEB0A36023685A1C22601F706369834204D004
S113BEC0A389DB07E1D50A2DDFD121003000FFF77C
S113BED0ABFE0028D9D0D6E72A4B70B50500186808
S113BEE00C0018B1036A0BB9FFF790FB0C22A35E98
S113BEF01A0722D4DA0607D409222A604022012034
S113BF001343A381404237E05B0712D5616B41B113
S113BF1023004433994202D02800FFF7FFFC00239A
S113BF2063632422A3899343A38100236360236969
S113BF3023600823A2891343A38123695BB940F2D8
S113BF40802140F20022A3890B40934203D02100B8
S113BF502800FFF7BBFE0C22A35E01211A000A4051
S113BF600B420AD00022A26062695242A261226995
S113BF7000200AB91A06C1D470BD990700D46269B9
S113BF80A260F4E730400020094B10B504001868A3
S113BF9018B1036A0BB9FFF739FB0020132C06D83C
S113BFA0044BE400E358013301D0024BE01810BD08
S113BFB03040002018630020F8B50400FFF7A4FC0B
S113BFC0132605000027301C391CABBE061C2E604E
S113BFD02000F8BD10B5431C01D1FFF7EDFF10BDE3
S113BFE0F7B50C001600FFF7CFFF050038B9FFF7CF
S113BFF08BFC09230360012464422000FEBD022E51
S113C00003D9FFF781FC1623F4E7012E12D143680C
S113C010E418F6D46F462B680A2600937C60301C23
S113C020391CABBE061C3000FFF7D4FF0028E2DB4E
S113C0306C60E2E70368022EECD16F4600930A3687
S113C040301C391CABBE061C3000FFF7C3FF24189C
S113C0500130DFD1CFE710B5FFF7C2FF10BD37B510
S113C0600224019001AD201C291CABBE041C20003D
S113C070FFF7B0FF3EBD000070B50500FFF784FF79
S113C080040030B9FFF740FC09230360012040425B
S113C09070BD013D012D09D8094B9A681B699A426C
S113C0A004D101235B4203600020F1E72068FFF71D
S113C0B0D6FF0028ECD101235B422360E8E7C046A9
S113C0C01863002070B50C00FFF75EFF050030B95F
S113C0D0FFF71AFC092303600120404270BD42F2BD
S113C0E0000362680C261343636040F20043A364B8
S113C0F0301C291CABBE051C2800FFF76BFF431C3A
S113C100EAD020610020E9E770B50C000500582250
S113C11000212000FFF7AAFB28002100FFF7D2FF2F
S113C12070BD70B5FFF730FF0924050020B9FFF793
S113C130EBFB0460002070BD201C291CABBE041C5A
S113C1402000012CF7D0FFF7DFFB132504000026A5
S113C150281C311CABBE051C2560EBE702B47146FC
S113C16049084900095C49008E4402BC7047C04636
S113C17003B47146490840004900095E49008E44F1
S113C18003BC704703B47146490840004900095A8A
S113C19049008E4403BC7047844608006146FFE7AB
S113C1A01FB500F0CBFA002801D40021C8421FBDFE
S113C1B010B500F059FA4042013010BD10B500F03E
S113C1C0BDFA002801DB002010BD012010BDC046CF
S113C1D010B500F0B3FA002801DD002010BD0120E5
S113C1E010BDC04610B500F067FA002801DC00203D
S113C1F010BD012010BDC04610B500F05DFA002846
S113C20001DA002010BD012010BDC046002B11D161
S113C210002A0FD1002900D1002802D00021C943EF
S113C220080007B4024802A14018029003BDC046AA
S113C230650A000003B4684601B5029800F04CF8A2
S113C240019B9E4602B00CBC7047C046F0B54FF649
S113C250FF750400CE462C40474615400E002900C9
S113C260994680B5130C0700000C614345435843BD
S113C27063430C0C5B19E4188C46A54203D9802354
S113C2805B0298464044230C61461B184FF6FF702E
S113C2900840494656437943240489192018C9188B
S113C2A0C0BCB946B046F0BD9E2110B5C905041CFA
S113C2B0FFF7A2FF18B9201C00F044FC10BD9E211A
S113C2C0201CC90500F07AFA00F03CFC80231B0610
S113C2D09C466044F2E7C046F8B557464546DE46FC
S113C2E04E460C00E0B5924605009B461700814679
S113C2F08846002B52D1100000F0CEFC0500A74266
S113C30000D871E060B1202349461B1A2200D940AD
S113C31082400B00134398464B468340874099461E
S113C3203C0CB8FBF4F24FF6FF7013003840434363
S113C33021009C4643465143591A4B4609041B0CA1
S113C3400B439C4509D9DB19511E9F4200D967E173
S113C3509C4500D864E1023ADB1961465B1AB3FBE1
S113C360F4F14C434E461B1B4FF6FF7448431B0429
S113C37034401C43A04200D9FCE0241A10040843B2
S113C38000210A9B23B1EC401C6000230A9A5360ED
S113C390F0BCBB46B246A946A046F8BD8B4207D9BD
S113C3A00A9B13B10A9B1860596000210020EFE733
S113C3B0180000F071FC0100002855D1A34502D3F8
S113C3C0AA4500D94AE15346EB1A5A469D42AD416B
S113C3D0A41A6D42621B904601200A9A002AD7D003
S113C3E0136043465360D3E7002800D0CBE04FF6F8
S113C3F0FF703B0C98460121E41B3840B4FBF8F372
S113C40002005A43944642465A43A41A4A46240414
S113C410120C2243944507D9D2195C1E974202D8C4
S113C420944500D91DE123006446121BB2FBF8FCBD
S113C430644666466043444674434E46121B4FF6B8
S113C440FF74120434401443A04208D96246E4192C
S113C450013AA74202D8A04200D9F9E09446241A2E
S113C4601804634618438CE720275B4652463F1A5C
S113C4708340FA401A435346944683402A009A461E
S113C480FA40230084402243854091466246FB40A3
S113C490A846150CB3FBF5F04FF6FF7414400200E8
S113C4A0624393462A0042439A1A4B4612041B0CD9
S113C4B013439B4509D96344421E9C4500D9C5E0FA
S113C4C09B4500D8C2E0023863445A469B1AB3FB2A
S113C4D0F5F255434E465D1B4FF6FF7354432D044E
S113C4E033402B439C4209D96344551E9C4500D9D3
S113C4F0A8E09C4200D8A5E0023A6344000410433B
S113C5004FF6FF721B1B14000440A34654465E46BC
S113C51022405643B1465E46050C240C6A436543EB
S113C52074434E46360CB346A4185C44A24203D965
S113C5308022520293465D44220C4E4652194FF615
S113C540FF7524043540641993426FD36CD00A9D5F
S113C55075B145462C1BA045AD419B1A6D425B1B32
S113C5601A00CC40BA40CB400A9922430A604B607F
S113C57000210DE7E4194B1EA74253D8A04251D91C
S113C5800239E419F9E620224946121A2300D1405F
S113C590D3400A004946874081408946390C84408B
S113C5A08846B3FBF1F14FF6FF7022430C0038408C
S113C5B04443A44644464C431C1B2404130C234309
S113C5C09C4507D9DB194C1E9F423DD89C453BD95D
S113C5D00239DB1964461B1BB3FBF8FC9B46464639
S113C5E063465E434FF6FF7A33005E466446F31AB1
S113C5F0564644431B04164033439C420BD96246BF
S113C600DB19013A9F421BD89C4219D9022252429B
S113C6109246DB19D4441C1B634609041943EDE616
S113C6200A009AE61900A8E6A04590D25546651B73
S113C630AC42A44164426444121B01382C0086E7D6
S113C6409446E8E72A0059E72100C3E710003CE7D5
S113C650022252429046E419C44400E700202B0011
S113C660BBE6023BD219DFE670B542004E024C0035
S113C67045026D0A120EC30F760A240EC90FFF2A53
S113C6800FD0FF2C0BD00120A24209D1B54207D113
S113C6908B420FD022B92800431E984100E00120AC
S113C6A070BD0120FF2CFBD13543002DF8D14B4048
S113C6B01800F5E70020F3E730B5420044024D02CC
S113C6C0C30F4800640A120E6D0A000EC90FFF2A38
S113C6D012D0FF2807D0B2B938B90DB3002C2AD133
S113C6E04800013830BD1DBB0AB9002CF8D08B427C
S113C6F005D158000138F5E7D4B9FF2813D001203B
S113C7005B421843EEE70028F9D08B42F7D182420E
S113C710F5DCEEDBAC42F2D80020AC42E2D2E8E732
S113C720002CDFD0EBE71DB98B42E8D10020D9E71C
S113C73002204042D6E78B42ECD0E0E730B542001D
S113C74044024D02C30F4800640A120E6D0A000E23
S113C750C90FFF2A12D0FF2806D0AAB930B915B3E1
S113C76044BB480001380EE065B90AB9002CF8D082
S113C7708B4215D001205B42184304E014B9FF2812
S113C780F8D19DB1022030BD0028F3D08B42F1D105
S113C7908242EFDC04DBAC42ECD80020AC42F2D2A3
S113C7A058000138EFE7002CEDD0E3E700208B427E
S113C7B0E9D0DFE78B42EED0DCE7C046F0B5464671
S113C7C04F46D64643025B0AC0B59C461F00DE00B6
S113C7D04B025A0A904645004A002D0EC40F120E11
S113C7E0C90F9B09FF2A25D001204140A81A8C4279
S113C7F00FD0002800DC8AE192BB002B00D19CE022
S113C800421E012800D14FE1FF2800D19BE0100017
S113C8102CE0002800DC87E1002A00D182E0FF2D13
S113C82000D190E08022D20413431B2800DCEAE00C
S113C83001363FE02800FF388246002B54D140F2F5
S113C8400109484641408C4200D1C4E050460028CA
S113C85000D187E00C00002D4CD0FF2000273AE0E7
S113C860FF2D00D16FE08022D204134301221B2844
S113C87007DC2021091A1A008B40C240591E8B4143
S113C8801A43B61A73016AD5B601B709380000F025
S113C89003FA05388740854200DD7EE020223B0014
S113C8A0401B0130121A3E009340C6405A1E934169
S113C8B000251E43730704D00F233340042B00D0FC
S113C8C0043673013AD5681CFE2DC6D09B4BC0B20A
S113C8D033409B015F0AC0053843E4072043E0BCB2
S113C8E0BA46B146A846F0BD8C4264D0D0B3002D00
S113C8F000D0A3E0FF20F6B1471E012800D1E1E0FB
S113C9000C00FF2800D1CDE001211B2F07DC2020E3
S113C910C01B31008640F940701E8641314315002A
S113C9205E1AAFE74BB1421E012800D1A0E0FF28F8
S113C93009D0100079E70C001E000500F3089C469E
S113C940FF2D00D09BE06346002B00D185E78027B4
S113C9506346FF031F437F02FF207F0ABBE7730781
S113C960AAD1EBE7FE206A1C10421AD1002D77D120
S113C970002E00D1AAE00020002BACD08022F71AB0
S113C980D204174200D1BBE001249B1B0C4013428C
S113C9909FD06A4A013013409BE7684E2D1A3E40EF
S113C9A088E7F71A7A0157D4002F00D06EE70024E5
S113C9B0002000278FE780B1002D73D1FF20002EC7
S113C9C0BAD0411E012853D0FF286BD01B296EDD3D
S113C9D015005E1C6EE7514659BBFE216A1C1142CC
S113C9E033D1002D50D1002E00D186E00020002B41
S113C9F000D170E7F318DF087F027F0A5B0100D4DF
S113CA0069E7012067E72021091A1A008B40C24018
S113CA10591E8B411343F6187301A0D50135FF2D20
S113CA2000D11AE70123464A3340760816401E43D4
S113CA3040E7002D00D010E7FF20C0E70C00C446FB
S113CA4081E7FE216A1C0A42CDD0FF2A00D104E707
S113CA50F618150076082DE701249F1B0C4015E7F6
S113CA60E6BB002B45D180270024FF20FF0332E7DB
S113CA70F61802257301D5D4F3089C4601256346B4
S113CA805F027F0AE8B226E766B1002B00D15EE7B9
S113CA908023DB039C4500D259E7984500D356E731
S113CAA0C44654E7C4464EE70125F61AEAE63000C8
S113CAB02025C840691A8E40711E8E410643150018
S113CAC0F618A9E70C0001259E1BDBE6002B00D11C
S113CAD06DE70124474600200C40FCE6002B00D102
S113CAE035E78023DB039C4500D230E7984500D32B
S113CAF02DE70124C4460C4029E747460020EAE616
S113CB0017B1BF017F0AE6E600240027E3E6002808
S113CB1000D127E7571B3800002D00D1EBE6802019
S113CB20C0040C000643EFE600288AD0511B0DB95F
S113CB30080044E78020C004064347E7FFFFFFFBEB
S113CB40FFFFFF7D41024200C30F490A0020120E7D
S113CB507E2A03DD9D2A02DD094A98187047802049
S113CB6000040143952A07DC9620821AD1404842EA
S113CB70002BF3D10800F1E7963A9140F7E7C0465D
S113CB80FFFFFF7F70B598B1C317C5185D40C40F90
S113CB90280000F081F89E2301001B1A962B0FDC5D
S113CBA0082831D008398D406D026D0AD8B202E0F0
S113CBB0002400200025C0052843E407204370BD5D
S113CBC0992B15DC421F95402A001500104805409A
S113CBD0560709D00F263240042A05D004356A01CD
S113CBE002D59F2305405B1AAD016D0AD8B2E2E776
S113CBF00522121A2800D0400A001B3295402A0050
S113CC00551EAA410243E0E76D0296206D0AD2E761
S113CC10FFFFFFFB70B5040070B100F03DF80300A6
S113CC209E20C01A96280CDC082B2DD0083B9C4073
S113CC306402640AC0B201E000200024C00520435D
S113CC4070BD992814DC5A1F9440220010490A40F0
S113CC50650709D00F252C40042C05D0043254015B
S113CC6002D59F200A40C01A9201540AC0B2E5E7D7
S113CC701A0021001B3291400A00511E8A410521ED
S113CC80C91ACC401443E0E764029620640AD5E74D
S113CC90FFFFFFFB7047C0461C2101231B04984281
S113CCA001D3000C10391B0A984201D3000A083939
S113CCB01B09984201D30009043902A2105C4018F0
S113CCC07047C04604030202010101010000000094
S113CCD0000000000D0A002000554E4B4E4F574EE9
S113CCE05F53544154555300303A554E434F4E46CA
S113CCF049524D45445F4441544100313A434F4EFB
S113CD004649524D45445F4441544100313A4F54E1
S113CD10414100303A434C4153535F4100313A435F
S113CD204C4153535F4200323A434C4153535F43A7
S113CD3000343A415539313500313A4144525F4566
S113CD404E41424C454400303A4144525F444953B9
S113CD5041424C454400303A525353495F4449538D
S113CD6041424C454400313A525353495F454E4188
S113CD70424C454400313A444359434C455F454E87
S113CD8041424C454400303A444359434C455F4486
S113CD90495341424C454400554E4B4F4E574E5F0C
S113CDA04556454E545F494E464F5F535441545582
S113CDB0530041434B5F5245434549564544004E59
S113CDC04F5F41434B00204C6F52612053616D70A3
S113CDD06C6520417070205665722E002C002B5219
S113CDE0435644002B52535349002B4A4F494E009B
S113CDF04A4F494E5F4143434550544544004A4FCE
S113CE00494E5F4E4F4E43455F4641494C454400B1
S113CE104A4F494E5F4641494C4544002B4C494ECC
S113CE204B43484B004E4F5F524553504F4E534572
S113CE30002B44455654494D45004C574656332E15
S113CE403130002A54583A002A52465057523A5325
S113CE5074616E646279002A52465057523A57619F
S113CE606B6575702066726F6D20436F6C64002A69
S113CE7052465057523A57616B6575702066726F0F
S113CE806D205761726D002A52465057523A5761CD
S113CE90726D536C656570002A52465057523A437E
S113CEA06F6C64536C656570002A4343413A002AF1
S113CEB052583A005354415455535F4F4B00545801
S113CEC05F54494D454F5554005258315F54494DB4
S113CED0454F5554005258315F4552524F520052FB
S113CEE058325F4552524F52004A4F494E5F4641B5
S113CEF0494C004A4F494E5F4E4F4E43455F4641B1
S113CF00494C00444F574E4C494E4B5F5245504597
S113CF10415445440054585F44525F5041594C4F6A
S113CF2041445F53495A455F4552524F5200414470
S113CF3044524553535F4641494C004D49435F4673
S113CF4041494C004D554C5449434153545F46416B
S113CF50494C00424541434F4E5F4C4F434B45447F
S113CF6000424541434F4E5F4C4F535400424541AC
S113CF70434F4E5F4E4F545F464F554E440042550B
S113CF80535900534552564943455F554E4B4E4FF6
S113CF90574E004652455155454E43595F494E56EA
S113CFA0414C49440044415441524154455F494E27
S113CFB056414C494400465245515F414E445F44FA
S113CFC0525F494E56414C4944004E4F5F4E4554C2
S113CFD0574F524B5F4A4F494E4544004C454E47CC
S113CFE054485F4552524F5200524547494F4E5F95
S113CFF04E4F545F535550504F5254454400534B79
S113D00049505045445F4150505F444154410044AD
S113D0105554594359434C455F524553545249431F
S113D020544544004E4F5F4348414E4E454C5F4685
S113D0304F554E44004E4F5F465245455F4348416D
S113D0404E4E454C5F464F554E4400435259505442
S113D0504F5F4552524F520046434E545F48414E33
S113D060444C45525F4552524F52004D41435F4339
S113D0704F4D4D41445F4552524F5200434F4E462F
S113D08049524D5F51554555455F4552524F5200E7
S113D0904D435F47524F55505F554E444546494EA8
S113D0A04544004D41435F4552524F520052414462
S113D0B0494F5F4641494C00524144494F5F5041FA
S113D0C052414D455445525F494E56414C494400E6
S113D0D0417661696C61626C6520726567696F6E27
S113D0E0206861766520746F206265207365742002
S113D0F077697468202B524547494F4E20636F6D02
S113D1006D616E642E00526164696F206472697689
S113D110657220696E697469616C697A6174696F9A
S113D1206E206973206661696C65642E00506172BB
S113D130616D657465727320666F72204D61632042
S113D140496E697469616C697A6174696F6E206192
S113D150726520696E76616C69642E002B525800EA
S113D1604C6F52617C5346004257004746534B7CF8
S113D170004E4F20414E53574552002B52455345C4
S113D18054002B564552002B53415645002B4C4F0F
S113D1904144002B444556455549002B434C4153CB
S113D1A053002B44455641444452002B4E455449A8
S113D1B044002B415050455549002B4150504B459C
S113D1C059002B4143544D4F4445002B53454E4485
S113D1D0002B4D54595045002B524547494F4E00A2
S113D1E02B53454E44484558002B414452002B5282
S113D1F0583144454C4159002B4452002B46504F62
S113D2005254002B444359434C45002B4348444556
S113D210464D41534B002B4445564E4F4E4345001B
S113D2202B4150504E4F4E4345002B444F574E46D2
S113D230434E54002B555046434E54002B47454E05
S113D2404150504B4559002B444542554700EFF798
S113D250F8000000040000000800000000000000C6
S113D26009000000040000000A000000040000009F
S113D2700B000000000000000C0000000000000093
S113D2800D000000050000000E0000000400000076
S113D2900F00000000030000000100000403000070
S113D2A0010100000500000002010000050000006B
S113D2B00301000000010000080100000500000057
S113D2C009010000050000000A010000050000003B
S113D2D00C010000004000000002000000000000FB
S113D2E0010200000000000006020000040000002B
S113D2F007020000004000000802000000040000D3
S113D3000C020000040400000D02000000000000F4
S113D3100E020000000000000F02000000010000E7
S113D32000030000040100000704000000000000E6
S113D3300D090000000000000E0900001D0000009F
S113D34054D200000000000000001040FF03104011
S113D350000100000100000000000000FFFF0000C9
S113D3600008000004000000010000007B3B0000F6
S113D37000000000484E0020030B0000B44C0020C5
S113D38068D300008CD300007CD30000CD7D000066
S113D390097C0000697C0000F97C0000E10E0000BB
S113D3A091110000B10E0000CD0E0000D10E00005E
S113D3B0D50E0000397B0000097E0000D90E000064
S113D3C0DD0E0000FD0E0000010F0000050F00003F
S113D3D0090F00000D0F0000010000007B3B00005E
S113D3E000000000F8500020030B0000184D00203E
S113D3F0D8D300008CD30000ECD30000000000025E
S113D40006000102000102DF02000000010000002A
S113D4100700000020A10700010000000800000030
S113D42020A10700010000000900000020A107005E
S113D430010000000A00000020A107000100000014
S113D4400B00000020A10700010000000C000000F8
S113D45020A10700010000000700000048E80100C7
S113D460010000000800000048E80100010000007D
S113D4700900000048E80100010000000A00000063
S113D48048E80100010000000B00000048E801002A
S113D490010000000C00000048E801000100000049
S113D4A00700000090D00300010000000700000006
S113D4B048E80100010000000800000048E80100FD
S113D4C0010000000900000048E80100010000001C
S113D4D00A00000048E80100010000000B00000001
S113D4E048E80100010000000C00000048E80100C9
S113D4F00000000050C30000A86100000100020009
S113D50008001000200000000100000048D30000C3
S113D5100100000058D30000637C777BF26B6FC579
S113D5203001672BFED7AB76CA82C97DFA5947F022
S113D530ADD4A2AF9CA472C0B7FD9326363FF7CCFE
S113D54034A5E5F171D8311504C723C31896059A9B
S113D550071280E2EB27B27509832C1A1B6E5AA0BE
S113D560523BD6B329E32F8453D100ED20FCB15BA9
S113D5706ACBBE394A4C58CFD0EFAAFB434D338512
S113D58045F9027F503C9FA851A3408F929D38F5E6
S113D590BCB6DA2110FFF3D2CD0C13EC5F9744171D
S113D5A0C4A77E3D645D197360814FDC222A908894
S113D5B046EEB814DE5E0BDBE0323A0A4906245C20
S113D5C0C2D3AC629195E479E7C8376D8DD54EA985
S113D5D06C56F4EA657AAE08BA78252E1CA6B4C651
S113D5E0E8DD741F4BBD8B8A703EB5664803F60EAA
S113D5F0613557B986C11D9EE1F8981169D98E9499
S113D6009B1E87E9CE5528DF8CA1890DBFE64268B1
S113D61041992D0FB054BB164C574656332E31301A
S113D62001000100000000000000000000000000F4
S113D63000000000000000000000000000000000E6
S113D64000000000000000000000000000000000D6
S113D65000000001000101000001000000000000C2
S113D6600000000000000000000210400200000062
S113D670000200000000000010000000F44C002034
S113D680750500000000000088D30000B4CE00003F
S113D690D9CE0000BECE0000C9CE000025CE0000C9
S113D6A0D5CE0000DFCE0000E9CE0000F3CE0000AE
S113D6B003CF000015CF00002ECF00003BCF0000A9
S113D6C044CF000053CF000061CF00006DCF0000B5
S113D6D098CD00000000104002000000000200008D
S113D6E00000000010000000584D002069050000F3
S113D6F000000000F8D30000B4CE00007ECF00008C
S113D70083CF0000BED0000093CF0000A5CF00005F
S113D710B6CF0000CACF0000DCCF0000E9CF000084
S113D720FECF00000FD0000024D0000035D0000050
S113D7304BD0000058D000006BD000007CD000001B
S113D74090D00000A3D00000ADD00000B8D00000FD
S113D750D9CC000000000000FFFF0000080000001A
S113D7600000000002021D00000000000000000094
S113D770FCD30000030000000000010003000000CF
S113D7800000000000022100000000000000000072
S113D79008D4000008080808080809080808080848
S113D7A00A09080808080B0A090808080C0B0A09E2
S113D7B008080D0C0B0A09080D0D0C0B0A090000D2
S113D7C00B357DF2F2003581F2F2F2F2333333732A
S113D7D0F2F2F2003581F2F2F2F2000048E80100C0
S113D7E048E8010048E8010048E8010048E8010071
S113D7F048E8010020A107000000000020A1070064
S113D80020A1070020A1070020A1070020A10700F4
S113D81020A1070000000000000000000C0B0A0912
S113D820080708000C0B0A0908070000581B000031
S113D830983A00001879000030F2000048E801002E
S113D84090D0030020A10700000000001027000072
S113D850204E000028A0000007000000A8D400000B
S113D860010000009CD400000600000054D4000015
S113D870060000000CD400000907050300010200A3
S113D88008060400841E0000093D0000127A00000E
S113D89024F4000048E8010090D0030020A1070010
S113D8A000000000B128000061510000C3A2000084
S113D8B0040506030A020901080000000400000030
S113D8C048E801000500000090D0030006000000B5
S113D8D0382007000300000030F200000A000000B6
S113D8E028A00000020000001879000009000000D0
S113D8F0204E000001000000983A000008000000DB
S113D9001027000000000000581B00000500000064
S113D9100201000304000000000000001F000000DA
S113D920C01200001F000000A8160000170000002D
S113D930841C00000F000000E42500001E0000000D
S113D940B42D000016000000083900000E0000008D
S113D9502C4C00001D000000685B00001500000056
S113D960747200000D000000589800001C000000B4
S113D97034B7000014000000E8E400000C000000CC
S113D980783101001B000000686E010013000000E4
S113D99034CA01000B000000286202001A000000D3
S113D9A040DB0200120000003C9303000A00000068
S113D9B0C0C204001900000060B30500110000009B
S113D9C0382007000900000020A107000000000023
S113D9D0C194C1000000000000000000000000002D
S113D9E007040000040100000D020000040400000C
S113D9F0010000000C4000207D00FA00F40100004A
S113DA0000000000BBCE000004000000D9CE0000DE
S113DA10070000007ECF00000800000071D1000064
S113DA205600000081050000000000000000000016
S113DA304154002BD51D0000000000000000000030
S113DA40060000007BD10000000000008D1E0000D5
S113DA50000000000400000082D10000000000006B
S113DA6000000000194100000500000087D10000FB
S113DA7019430000000000001943000005000000E5
S113DA808DD100006D250000AD25000000000000D0
S113DA900700000093D1000019330000951B00001B
S113DAA000000000060000009BD100000000000000
S113DAB0151B00000000000008000000A2D10000B7
S113DAC000000000411B00000000000006000000F0
S113DAD0ABD10000D5250000152600000000000091
S113DAE007000000B2D100003D260000E10A00005A
S113DAF00000000007000000BAD1000099150000E2
S113DB00751B00000000000008000000C2D10000E6
S113DB10B9780000000000000000000005000000CB
S113DB20CBD10000AD0B0000E91A0000000000009A
S113DB3006000000D1D10000D173000000000000F5
S113DB40D173000005000000EACD0000611500005B
S113DB50D51B00000000000007000000D8D1000021
S113DB6049790000000000000000000008000000E7
S113DB70E0D10000C1330000F51B000000000000EC
S113DB8004000000E9D10000E50A0000251C0000A3
S113DB900000000005000000E4CD00002D2F00006F
S113DBA0591F00000000000009000000EED1000031
S113DBB035340000791F000000000000030000005D
S113DBC0F8D100000000000000000000397A0000D5
S113DBD0080000001CCE0000ED0B0000991F00009F
S113DBE00000000006000000FCD100009D2F000092
S113DBF0511C0000000000000700000003D20000D8
S113DC000000000000000000E979000008000000A6
S113DC1031CE0000AD3400007D260000000000007D
S113DC200A0000000BD20000B9410000AD1C000046
S113DC30000000000900000016D200001942000094
S113DC40DD1C0000000000000900000020D20000DC
S113DC50F92F00000F1D0000000000000900000063
S113DC602AD20000433000003B1D000000000000E9
S113DC700700000034D20000E91500002D0B00005D
S113DC80000000000A0000003CD20000310B00003C
S113DC90891C0000000000000600000047D20000BC
S113DCA00300001700000001000000000000000055
S113DCB000000000000000009509000000000000C2
S113DCC0D8D9000000030000001B0012000000145B
S113DCD000000000000000004114000000000000EB
S113DCE0F0D9000000000000020000000000000065
S113DCF0040000000200000000000000000000001A
S113DD00000000000000000000000000000000000F
S113DD10000100000000000008E8014009E801409B
S113DD200AE801400BE801400CE80140070000004C
S113DD30E4BE8A36DC334F37010000001B000000CC
S113DD4080EE36000000000000000000000000002B
S113DD50000000001027020007000000509B8D36D1
S113DD6070574C37010000001B00000080EE3600A5
S113DD70000000000000000000000000000000009F
S113DD8010270300080A0C0D0E10121415181A1B84
S113DD901D1E2124000000000000000100000002FC
S113DDA00000000400000008000000100000002033
S113DDB000000040000000800000001B000000364E
S113DDC000000206362E322E30004275696C742033
S113DDD0776974682052656E657361732041647657
S113DDE0616E63656420466C657869626C65205376
S113DDF06F667477617265205061636B616765203B
S111DE0076657273696F6E20362E322E3000F6
S107DE10F8B5C04657
S107DE14F8B5C04653
S107DE1841050000BC
S107DE1C11050000E8
S10BDE20B8E4FF7F01000000DB
S903383D87
