S01200004C6F526153616D706C652E7372656342
S1130000804C0020B9380000D11000005F110000BE
S11300105F1100005F1100005F1100005F1100001C
S11300200000000000000000000000005F1100005C
S11300305F110000000000005F110000450900008E
S11300400000000000000000410E0000000000005D
S113005000000000410E000000000000000000004D
S1130060000000000000000000000000717A0000A1
S1130070000000000000000000000000000000007C
S11300800000000000000000F90C00000000000067
S1130090B10D00000000000000000000E137000086
S11300A0000000000000000000000000610D0000DE
S11300B000000000810C00000000000000000000AF
S10B00C0000000005973000068
S11300C810B5094C1022002120000BF011FB074B3E
S11300D81B7813B91333E3722373054B1B780BB9DD
S11300E80833A37310BDC046E85B0020D05A002033
S11300F8B85A002030B585B00400092240F29F2088
S113010801A904F059FD6B461D79002301A8AB42EF
S113011814D1032B10D869465A1C0A716A465B002D
S1130128210A0532D1546A460632D45440F29F203B
S1130138092201A904F048FC05B030BD0100427849
S113014889781202521802309442F5D00133DBB296
S1130158DDE7F7B50025614B614C1860614B40F24F
S1130168E8310A205D701D7003F05AFC0023E05E3C
S1130178290008F01DFE40F2E831142003F050FC79
S11301880023E05E012108F013FE40F2E8310A2062
S113019803F046FC544C554B0122A36040F205334E
S11301A8A380534B02210520E560DA70220000F099
S11301B897FF04204F4B2360205607F0F9FB04F007
S11301C817FB280006F0D0F84B4B1B78012B01D104
S11301D804F0DEFB494B01210020185E012508F0DC
S11301E8E7FD6B460024D91C2A009D200D7004F0FD
S11301F825FB434B20001D70424B434F1C70434B5F
S1130208434E1C70434B1C6006F0AEF86B462A0044
S1130218991C96200D7004F011FB6B4602229C80F9
S11302288F2001A904F00AFB2000042104F0E2FC59
S11302384FF6FF71080008F0C9FB40F6AC00FFF761
S113024859FF40F68900FFF755FFFFF739FF3800DB
S113025804F08CFF300004F089FF2F4B0222FB606E
S11302682E4B01A9F3602E4B17201C706B469C8003
S11302783C607C603C723C6134607460347234610C
S113028804F070FC6B465A7903345110130029406A
S1130298A9402B400B439110294089000B43D110EE
S11302A82940C9000B431111294009010B4351117D
S11302B82940921149012A4092010B4313436A468B
S11302C812792A401202134303B91C00154B9B7B75
S11302D8082B01D108F066FA2000FEBD245C00203A
S11302E8E45A0020215C0020D45A0020C91A0000D6
S11302F80060004055434900D05A0020BC5A0020F1
S113030807400020E55B00200C5C0020E45B002033
S1130318F85B0020E05B0020D1630000ED6300007F
S10B0328205C0020E85B0020CA
S1070400FFFFFFFFF8
S1070404F7AFC1FF8A
S1130440010000000101FF01804D002000100100A7
S11304508182800184858302878886038A8B89044C
S113046008078D0000000000030000003460002035
S11304703440002000000000346000209C60002014
S113048004610020000000000000000000000000E3
S11304900000000000000000000000000000000058
S11304A00000000000000000000000000000000048
S11304B00000000000000000000000000000000038
S11304C044F2800044F28003C2F20000C2F200034E
S11304D010B5834205D040F20003C0F2000303B11B
S11304E0984710BD44F2800044F28003C2F2000039
S11304F0C2F200031B1A9A10D90F8918491010B5BB
S113050029B140F20003C0F2000303B1984710BDC3
S113051010B544F69844C2F20004237873B9FFF787
S1130520CFFF40F20003C0F200032BB140F20840B9
S1130530C0F2000000E000BF0123237010BDC046DC
S113054040F20003C0F2000310B54BB144F69C41E5
S113055040F20840C2F20001C0F2000000E000BF17
S1130560FFF7C0FF10BDC0460122014B1A7070474F
S1130570655C00200122014B1A707047645C002006
S1130580064B82B21B68012A03D80022D8701A8055
S1130590704740F200421A80FAE7C0460840002043
S11305A00020044B1B6803B9704701301B6800B27C
S11305B0F9E7C0467C4D002010B570B1094A0A2302
S11305C0D45E002311689C4207DD814206D1118963
S11305D00131118100215268D15410BD01331BB285
S11305E00C31F0E7545C0020002210B50260013A9F
S11305F00A80074A0300106840B104681460426826
S11306001A600822835E0B80FFF7D6FF10BDC04638
S11306107C4D002002001F205AB1012308490868BC
S1130620824207D98868824204D8054ADB009B18B5
S11306301879704701330831172BF0D11F20F8E7E0
S113064044D70000034B00201B78082B01D8024A32
S1130650D05C70470740002038D7000070B50D4BC0
S113066001005B7B01203BB10B4B0C4A48331D78E6
S11306700023AB4201D1002070BD107930B1146861
S11306806668B14202D3A468A142F5D90133DBB252
S11306900832EEE7E85B0020205A00200C5A0020C4
S11306A0154B00B5185C0A2823D80BF0A7FC1E16BE
S11306B01612060D22221A161200002001230B39ED
S11306C08B424041C0B203E00C394B425941C8B29D
S11306D000BD002002230A39F2E700200323093970
S11306E0EEE7002004230839EAE700200523073950
S11306F0E6E70020ECE7C046DCD60000014B188892
S11307007047C046085A00204A425141094A4942AA
S1130710114042F2107289180300C8430A2B07D80B
S1130720054AD35C054A9B009B58C81803B9C843C3
S11307307047C046F0D8FFFFDCD6000058D6000052
S113074003000D48D200125830B5546802209C4270
S113075011D895689D420ED3D2681B1BB3FBF2F4EB
S113076054431D1BA34206D12800012A03D08A4208
S113077092415242500030BD0C5A00200300002028
S113078082B00190D1B142F20F7291420CD840F282
S1130790E73291420AD9013242F210700192019A71
S11307A0401AB0FBF2F0584302B070476422632948
S11307B0F2D80A220929EFD80122EDE70121FBE74B
S11307C0F0B5059C1D0006283FD1081C052900DD55
S11307D00520224F224EBC4643B2607098008159D6
S11307E00127614504D01F4FC9194F4279414F0079
S11307F01D49A770C95C1D4B8B40315840F2E8304D
S1130800B3FBF1F1131F4B4368431B185B001BB18F
S1130810481EC318B3FBF1F39A4200D21A000B002E
S11308205343880000210BB101335908431A40F2A5
S1130830E83101D50E481B1893FBF1F3E3603F2A1E
S113084004D8531CFE221340A360F0BDF8210B0012
S1130850F72AF9D8073213000B40F5E790D00300CC
S113086034D60000E05EF8FF4CD6000040420F0092
S113087019FCFFFF094B1A78012318001A420BD107
S1130880074A1100FC31896C31B940F28A23D05CEB
S11308900138431E9841C0B27047C046C853002077
S11308A0D05300200423024A11780B43137070477D
S11308B0A45300200123024A11780B43137070479C
S11308C0A453002040F28823044AD35C23B10223BA
S11308D0034A11780B4313707047C046D05300206D
S11308E0A4530020044B10B5FC331B6D13B1DB681B
S11308F003B1984710BDC046D0530020082310B55B
S1130900034A11780B431370FFF7ECFF10BDC04688
S1130910C8530020042310B5034A11780B43137005
S1130920FFF7E0FF10BDC046C8530020022310B5F6
S1130930034A11780B431370FFF7D4FF10BDC04670
S1130940C8530020704700000379012B01D1014AEC
S113095013707047FC510020002382B00193054BB3
S1130960DB88C01A1E2380B243430193019880B2EE
S113097002B07047FE260A4010B50424012107483E
S1130980074B82791975A2438271002200201970E5
S113099000211A619860D9609A8310BD00380A401A
S11309A0285C00200200811C002010B5137800018F
S11309B084B218003038C0B2092805D9180061384B
S11309C0052806D8573BD8B2013220439142EDD1D5
S11309D010BD18004138052801D8373BF3E74FF61E
S11309E0FF70F5E7F0B500230500CC5CA4462609AA
S11309F03400674630349F2F00D907340F262C70FB
S1130A00CC5C344026003036092C01D9373426001A
S1130A1001339CB26E7002359442E6D30023520037
S1130A2092B28354F0BDF0B587B003900191029265
S1130A3013B9042007B0F0BD019A54009C42F8DBBE
S1130A4000252E00E41A24B205AFD4B9029A6B1C17
S1130A50525D1DB23A700024029B6A1C5B5715B2AA
S1130A6038007B70FFF79EFF4FF6FF739842E0D08B
S1130A70039B98550136019B36B2B342E5DC002056
S1130A80D8E73023A4B23B70012CE4D0023C3023DD
S1130A9024B2E5E70420704713B5FFF781FDC0B227
S1130AA0012801D0042016BD6B469C1C210001A81E
S1130AB0FFF79AFD0023E25E012AF3D1019B1B7824
S1130AC05BB2302B05D10022044B3F3300201A7057
S1130AD0E9E7312BE6D1014B3F33F7E7945100208E
S1130AE00420704730B585B0FFF75AFDC0B2042426
S1130AF001281AD16B469D1D290002A8FFF774FD39
S1130B002B8803AD21002800029AFFF78CFF040014
S1130B1058B96B782A781B0412061A43AB781B0267
S1130B201343EA781343024A1360200005B030BD32
S1130B307C5A0020030030B541180A2400208B425F
S1130B4000D130BD00229A566043303AD5B2013309
S1130B50092D01D81018F2E701204042F1E7000006
S1130B6013B5FFF71DFDC0B2012801D0042016BD46
S1130B706B469C1C210001A8FFF736FD0023E15EB3
S1130B800129F3D10198FFF7D5FFC0B208B10128BC
S1130B90ECD1024B3C3318700020E8E7945100205C
S1130BA013B5FFF7FDFCC0B2012801D0042016BD27
S1130BB06B469C1C210001A8FFF716FD0023E15E93
S1130BC00329F3DC002301981AB2914212DCC9B262
S1130BD00029EBD0FFF7AEFF431E9BB2DF2BE5D815
S1130BE0C0B2431EDBB2DF2B02D8054B3D33187075
S1130BF00020DCE7C25C0133303A092AE4D9D5E7A6
S1130C0094510020704700207047704770470000DF
S1130C10502210B5034904480BF029F80322034B72
S1130C201A7110BDB8D4000094510020E85000207F
S1130C30024B187843425841C0B27047E451002037
S1130C4002001B23C0094042184052005040C0B269
S1130C5070470A2370B58360036C01000133036499
S1130C6003000833DC6FC268A36820685D68403104
S1130C700823A84770BDEFF30380103840B27047D3
S1130C8030B585B0FFF7F7FF124B8000C5586A688E
S1130C90D3695978002304391C00022905D8137C30
S1130CA00D495B005B5A02349BB2E96879B12D6946
S1130CB001A804710195022C07D1127C064C9032D4
S1130CC05200125B120401329B188360884705B0FE
S1130CD030BDC046C04D002000260A401FB5436AFF
S1130CE04BB184682478029169460A71826A00943F
S1130CF06846039298471FBDF8B5FFF7BCFF174B32
S1130D008000C058437CC6685B00F6183500FE3589
S1130D106C8A8369A4B29BB18268D26882B9017873
S1130D20426959B1178801315218013B3780426139
S1130D3083610BB901339C436C82F8BD1778F2E7E9
S1130D400023436101331C42F5D16B8899B2002B17
S1130D50F2D10222FFF7C2FFEEE7C046C04D0020E9
S1130D6010B5FFF788FF114B8000C058437CC26860
S1130D700133DBB25B00995A036A89B223B90422B6
S1130D80C361FFF7ABFF10BD0278C36952B119808C
S1130D900233016AC361013901620029F3D10122DE
S1130DA0C161EEE71970C3690133F2E7C04D002059
S1130DB070B5FFF760FF114B8000C0580126437CDB
S1130DC0C4680133DBB25B00E4182188FE34628816
S1130DD089B2130095B23340324207D102231D4237
S1130DE009D1DB1810221D4201D170BD202263817C
S1130DF0FFF774FFF9E70822F9E7C046C04D002069
S1130E00436882681B785B009B5A02699BB20AB1F3
S1130E108169535483690133836170470123C8B2E4
S1130E20834000209BB20AB918001300034A090A40
S1130E3049018918088100204B81704700000A404D
S1130E4007B5FFF718FF064B8000C3583BB19A68FB
S1130E502AB15979DB68684601910093904707BD30
S1130E60C04D002040F21A23044A0020D35A8122A4
S1130E7013405A1E93410B707047C04600C07E4019
S1130E8006207047062070470620704706207047EA
S1130E90062070470A0010B5034B11CB11C2034B57
S1130EA011CB11C2002010BDB0D30000A8D30000A4
S1130EB006207047062070470620704706207047BA
S1130EC006207047C36A0D4A10B59A180133C362ED
S1130ED0036B816A013B0363094B4C1C8462180059
S1130EE0140CFE3092B2448242811A000978FC321A
S1130EF051638122FF335A7510BDC0460000F0BD16
S1130F0000C07E404143032903D9890801390029DF
S1130F10FCD17047254A03001268254810B52549BD
S1130F2082420BD88A4209D02348824206D0234801
S1130F30824203D040F2F610DA6010BD2048214C02
S1130F401218B2FBF1F10800A24202D901200840B4
S1130F50081840F28352D86006204A43B2FBF0F2EC
S1130F601A6140F276324A43B2FBF0F25A615822D7
S1130F704A43B2FBF0F29A61134A99604A43B2FBC6
S1130F80F0F2DA61114A4A43B2FBF0F21A62104AF3
S1130F904A43B2FBF0F25A620E4B1A78012A03D08C
S1130FA001221A70FFF7AEFF0020C6E7BC4D0020F7
S1130FB0FF083D0040420F0080841E00C0C62D0083
S1130FC03F420F003F8AF701B86A0500C0B007002E
S1130FD068ED220090C07E4044F6003313B5A5228C
S1130FE0019340F28013F7210F4CE2500F4B9D3ACE
S1130FF05A7059705A705B78934200D1C046816828
S11310001020FFF77FFF40F21A22094BA352A35A84
S113101098B203B916BD019B1BB1019B013B01931F
S1131020F5E71420F6E7C04600C07E40FFC07E40CE
S113103000AAFFFF13B5104901900B6B5B0612D594
S11310407F240E4B5A7D22405A7500225A75019016
S11310500B6B5B06D80F002B08DA019B2BB1019BAD
S1131060013B0193F4E7019B0BB9142016BD019BCE
S1131070013B0193E1E7C046FCC07E40FFC07E40D7
S113108040F623020F4B995C0F4A890709D540F6B5
S113109022015B5C1BB193680C4A136070471369AF
S11310A0FAE740F62001595C890705D540F6190195
S11310B0595C5368CB40EFE740F61801595C13685C
S11310C0F8E7C04600E00140804C0020BC4D002001
S11310D0044940F240100A00FE32538C095A0B4076
S11310E05386704700600040F7B5FF2701928308DC
S11310F00A4A03269B009B183A0040F2003506403A
S1131100F6008901B2403940B1405C5980009443F3
S11311100C435C51019A024B1A50F7BD00E100E008
S1131120C04D00201F22430910401E3A824004494A
S113113020339B005A50BFF34F8FBFF36F8F70471C
S113114000E100E0002310B5036043681120185645
S11311500300213301D0FFF7E5FF002010BD00BEDE
S11311607047000010B5034B1B689B780BB10AF065
S113117063FD10BD08400020F0B50A0085B020B121
S1131180012839D0002005B0F0BD4B490B00EC33E9
S11311901C680B00BA3318880B00BF331B78C131AD
S11311A05D1EAB410978C00801391B18481E8141F6
S11311B049008918DB001833C900591840F2E83394
S11311C04B43621E9B1841F65732B3FBF4F30120E4
S11311D094420FD840F6B732001894420AD840F22D
S11311E0CF720130944205D840F2E7320430944281
S11311F000D90238C018C6E72F4B00201900F93176
S1131200097801900A2902D82C48415C01911900FF
S1131210F8310E781900C43118000F881900FA3318
S11312201B78C6310433C830097804780393731FDC
S1131230012B04D83B1C0C2F00D20C239FB2631E3D
S11312409C41D2002401A4184A4251411423B50000
S113125049420B40641BE418B31E0293062E07D9BF
S1131260310001980834FFF71BFA08B1B31E9D0042
S1131270E343DB171C406419013C94FBF5F5039B25
S11312806B43DA1913000E33062E00D9023B0C4AC5
S11312900199525C0A2A0ED80A49920052589B00BE
S11312A0029901338B4040F2E8305843531EC01872
S11312B0B0FBF2F067E7FFDEE45A0020A4D600009A
S11312C0DCD60000B0D60000F7B500921A000B324D
S11312D0019203260269019DC468AD18B5434669AD
S11312E0B54214D8050050352980010048310B80DF
S11312F00300141B4A331C8002238360009BC364D5
S1131300686B836800685C680423A047FEBD022202
S11313104260026602008832156886692A1994467A
S1131320B7683268D719BC4500D062464466346950
S1131330AD18C2604561A14205D8083202618AB283
S113134002674267C5E7FFF784FCDFE710B5094B86
S1131350012806D1084AC7331170197007F0D0FA72
S113136010BD1A00BF321278002AF9D1024AC033E4
S11313701170F2E7E45A00200640002010B5044B37
S11313801420185E07F00AFD0128F8D010BDC046ED
S1131390E45A0020010010B580B90948094A121A1C
S11313A00AF0AAF90848094A0949121A0AF05FFC26
S11313B00848094A0949121A0AF059FC10BDC046E6
S11313C0984C0020206200200040002000400020B3
S11313D00000104000400020804000204004000035
S11313E007B56B46D87107330121180007F09EFC3E
S11313F007BD0000030070B572B6BFF34F8FBFF393
S11314006F8F0079082809D888B3013807282ED8A7
S11314100AF0F4FD706E2D0D2D2D2D0B0300EF221F
S1131420103B134201D0402821D1334B53E09C6838
S1131430324B1B785BB2D3B10623314AD356012B0E
S113144015D00223D05E0023D15E0425525F431CD5
S113145093FBF2F56A439B1A1BB2E4B28B420CD1A4
S1131460082C04D107F052FB2000FFF77BFE62B684
S1131470BFF34F8FBFF36F8F70BD2300613B192BF8
S113148005D8203CE4B2200007F0FCFA29E00A2C3D
S113149006D00D2C18D0082C1FD0202CE7D0F2E752
S11314A0200007F0EFFA2000164CFFF75BFE2378CC
S11314B0002BDCD007F02AFB07F028FB0122124B9B
S11314C01A7000232370D2E7200007F0DBFA200013
S11314D0FFF748FE0B4B012208E0884204D007F0D6
S11314E015FB2000FFF73EFE0022064B1A70BEE7F4
S11314F0064BF0E7064BEEE730520020F451002093
S1131500E8510020E5510020E4510020F55100206D
S11315103152002013B5FFF743F8C0B2012812D1AD
S11315206B469C1C210001A8FFF75EF82178042378
S1131530019849B1FFF7FEFAC0B20423072803D18A
S1131540013808F003F90023180016BD13B5FFF79E
S113155027F8C0B2012801D0042016BD6B469C1C9C
S1131560210001A8FFF740F80022A35E012BF3D16C
S1131570019A127852B2312AEED1064A917A9372C4
S1131580012901D10020E8E7034A137107F00CFE9A
S1131590F8E7C04694510020E850002010B586B00A
S11315A0FEF7FEFFC0B20424012810D16B469C1C38
S11315B0210001A8FFF718F823881021019A02A836
S11315C0FFF731FA040010B902A807F09BFB2000D2
S11315D006B010BD10B5044B186820B102681A603B
S11315E0FEF7EAFFF7E710BD7C4D0020002307B5A6
S11315F00093062807D10878212816D80C2804D887
S11316000523042825D000980EBD0D381428FAD8D7
S11316100AF0EAFC1B21F9F9F9F9F9F924F9F9F9C5
S11316203C3E4042F9F9F9F91200382836D03928FD
S1131630E9D11D4B1B680CE00123CB561A000BB1FA
S1131640013BDAB252B20092DDE70123174ACB56CE
S1131650D35C0093D7E7164B1B78FAE7154A164B71
S113166011684B4343F239015B181360134AB3FB0F
S1131670F2F2D1078A1A9B1A40F2D17293FBF2F16B
S11316804A439B1A40F2E8329B18E2E70C4BE0E72E
S11316900C4BDEE71023DCE70B4BDAE76A460B4B17
S11316A01B881380AFE7C0466857002052D600005D
S11316B004400020004000206D4EC641FFFFFF7F24
S11316C06057002062570020805600206457002095
S11316D01FB540F28C23084A02A9D3581A00FF32DE
S11316E0527F48708A700D2218780A70FFF77EFFC7
S11316F0C0B205B000BDC046D053002010B50400F0
S1131700FEF7ACFF68B1074B074AE3180020934289
S113171007D8064AB3FBF2F14A439B1A5A42534193
S1131720D8B210BD602E1CC9009F2400400D0300D8
S113173003000020062B04D1072A03D9093A012A01
S113174006D9704705220B789A424041C0B2F8E7A7
S113175007220B78F8E7000040F28C23054AD3589F
S1131760E0331B78022B00D0062340F28821535427
S11317707047C046D0530020F0B585B0FEF762FF35
S11317800138C0B201283AD940F28C261D4C1E4FB4
S1131790A55929002A002B00FF31497EF032287810
S11317A01278EC33009749B21B680397FFF708F8E7
S11317B040F2F2170223E355B333FF33EA5C00250A
S11317C03F33E254023BE55405F0B0F804F01CFE4C
S11317D0A359E133187803F03DF9A3591B78062B7C
S11317E00DD1039806F074FF48B1280005F0F6FA0D
S11317F040F28823E25DE25408B106F03FFF05B0F1
S1131800F0BDC046D0530020B0550020F8B540F2DA
S11318108C2334490200CB581C00E034207818B1E2
S113182002284FD00320F8BD42B91A000D331532F7
S1131830FF32FF3303CB03C20020F4E70220012A66
S1131840F1D00130022AEED1227008000C00E13000
S1131850CD34FF30FF34E0CCE0C060CC60C040F257
S1131860F2100A541A000020503254782CB3147821
S1131870022C22D124221C0042439A18106EFC34FC
S1131880A06164321278FF335A7640F211228C5CE4
S1131890313A8C54043288509A7F40F2F013CA547F
S11318A003220233CA540022013BCA5440F21023DB
S11318B00022CA54FFF760FFBEE701302432042837
S11318C0D3D1F3E73AB9227004F09EFD05F0D6F8BF
S11318D0FFF742FFB0E7012AA5D00320022AA2D1D4
S11318E0AAE7C046D0530020002330B50360CD5C86
S11318F0DC00A540046801332C430460DCB2A2423E
S1131900F5D830BD03000020112B03D80248D8407D
S1131910012318407047C0462007020070B50C4CE4
S1131920E268137D2BB115006368A46810359C42EE
S113193000D170BD1E788E4205D0AB4201D1130098
S1131940F5E70433F3E7012258709A70F1E7C046D3
S11319509053002070B50B49CA684B68147D5075CC
S113196064B11400012589681034DE78587006B912
S11319709D70A34203D113009942F6D170BD043384
S1131980FAE7C046905300200B4A30B5536891687B
S1131990D26814001034994204D100235A1E934192
S11319A0D8B230BD1D788542F8D0A34201D00433AB
S11319B0F1E71300EFE7C04690530020EFF31080E7
S11319C0012383F31088064B196819B9054A11706D
S11319D0403111701A6801321A6080F31088704720
S11319E08052002040030A40EFF31083036072B674
S11319F0704710B52120FFF795FB1D20FFF792FBE0
S1131A0010BD70B50D0014002800A1B207F08EF9C6
S1131A100028F9D1200070BD114BF7B518780D00DE
S1131A2091B2C14000270F4C0F4E019180202770C6
S1131A3080023770217859B10199DD61196294B23D
S1131A402800A1B207F072F90028F9D12000FEBDE8
S1131A5031780029EAD101380028EBD1E6E7C04605
S1131A60045200203152002030520020054B01283E
S1131A7000D118601A68D20702D51A68104318609A
S1131A807047C0467C520020044B10B51B68DB072E
S1131A9002D50220FFF7EAFF10BDC0467C520020A9
S1131AA010B572B6BFF34F8FBFF36F8FFFF7ECFF24
S1131AB00122044B1A7062B6BFF34F8FBFF36F8FCE
S1131AC010BDC046205C002010B5FFF7E9FF10BD33
S1131AD0034B01201B6810B503B1984710BDC046E5
S1131AE00052002010B504000020205600B910BD9B
S1131AF0FFF776FC0134F7E710B50A4B1C68E3786E
S1131B0013B10948FFF7EEFF1422A188074B4A439B
S1131B101B689B181869FFF7E5FF0548FFF7E2FF0C
S1131B2010BDC0460840002074CB0000605C00205B
S1131B304DCD000010B50248FFF7D4FF10BDC046DC
S1131B4074CB000010B50400FFF7D6FF0448FFF77C
S1131B50C9FF2000FFF7C6FFFFF7ECFF10BDC0462A
S1131B6077CB000010B530B1152805D8034B8000A1
S1131B70C058FFF7E7FF10BD0148FAE798D5000009
S1131B8079CB000010B5074B3C331B7823B10420FC
S1131B90012B05D1044800E00448FFF7D3FF0020DF
S1131BA010BDC046945100209BCB000088CB0000A0
S1131BB0062310B588B001AC2000237007F05EF94D
S1131BC0029B04221BBA694620000093FEF70AFF19
S1131BD02000FFF7B7FF002008B010BD052310B5A3
S1131BE088B001AC2000237007F048F96946029BD5
S1131BF020001A0C0A701A0A4A7003228B70FEF72E
S1131C00F1FE2000FFF79EFF002008B010BD000089
S1131C1010B5054B04209B7A012B03D10348FFF731
S1131C2091FF002010BDC04694510020ACCB0000B1
S1131C3000B589B000236A4601A8137107F01EF9A4
S1131C406B461B7A2BB90748FFF77CFF002009B0CD
S1131C5000BD012B01D10448F6E70420022BF6D184
S1131C600248F1E7B3CB0000BDCB0000C7CB0000B6
S1131C7010B5054B04201B7A062B03D10348FFF74C
S1131C8061FF002010BDC04694510020D1CB00005C
S1131C9000B589B004236A4601A8137107F0EEF871
S1131CA06B461B7A2BB10448FFF74CFF002009B0A8
S1131CB000BD0248F8E7C046D9CB0000E7CB0000DE
S1131CC010B5074B3F331B7823B90648FFF73AFF9B
S1131CD0002010BD0420012BFBD10348F6E7C046C9
S1131CE094510020F6CB000006CC000000B589B06A
S1131CF043236A4601A8137107F0C0F86B461B7AA8
S1131D00012B05D10548FFF71DFF002009B000BDD8
S1131D100420002BFAD10248F5E7C04615CC000098
S1131D2026CC00001FB5074B04221B6869461BBA6A
S1131D3001A80093FEF756FE01A8FFF703FF002059
S1131D4005B000BD7C5A002000B589B06A464B231B
S1131D5001A8137107F092F86B466A461B8969461D
S1131D605BBA138001A80222FEF73CFE01A8FFF72C
S1131D70E9FE002009B000BD4C2310B588B001ACC9
S1131D802000237007F07AF86946029B20001A0CA1
S1131D900A701A0A4A7003228B70FEF723FE200091
S1131DA0FFF7D0FE002008B010BD522310B588B054
S1131DB001AC2000237007F061F8029B04221BBAD7
S1131DC0694620000093FEF70DFE2000FFF7BAFEDF
S1131DD0002008B010BD532310B588B001AC20001A
S1131DE0237007F04BF8029B04221BBA69462000BB
S1131DF00093FEF7F7FD2000FFF7A4FE002008B0D3
S1131E0010BD0000124B10B51B88012B08D0114BDC
S1131E10114A1B6812889A80037813B1012B0ED0E3
S1131E2010BD43781BB90D48FFF78CFEF8E7102B63
S1131E3003D80B4A9B009858F6E70A48F4E743781E
S1131E401BB903790BB10848EEE70848ECE7C04634
S1131E50F650002008400020F45000205BCD000024
S1131E602CD5000038CC000052CC00005FCC000020
S1131E7013B5FEF795FBC0B2012834D16B469C1C08
S1131E80210001A8FEF7B0FB0023E15E01292AD15D
S1131E900198FEF74FFEC4B2012C1CD9072C22D1A5
S1131EA01248FFF71FFEFFF745FE072C05D109F086
S1131EB051FA09F03BFAFEF7ABFE72B6BFF34F8F4F
S1131EC0BFF36F8FBFF34F8F094B0A4ADA60BFF33A
S1131ED04F8FC046FDE7002CE2D1074B187A07F07C
S1131EE035FC200016BD0424FBE7C0465BCD000092
S1131EF000ED00E00400FA0594510020F8B5060056
S1131F000C000F274D1EAD003000E8403840092872
S1131F1008D83030013CE4B2FFF762FA043D002CEB
S1131F20F2D1F8BD3730F5E710B5FFF7E5FD094804
S1131F30FFF7D8FD02210420FFF7E0FF0648FFF772
S1131F40D1FD90200221FFF7D9FFFFF7F3FD002018
S1131F5010BDC04666CC0000CBCF0000F7B505002D
S1131F600E000192002803DA2D20FFF739FA6D42A2
S1131F7001230A221C00B34204D101260A27002CA3
S1131F8004DCF7BD01335443DBB2F4E7012C00D188
S1131F90002695FBF4F292FBF7F37B43D31A0093EC
S1131FA06B461878012E0DD160B9019B13B118004E
S1131FB0FFF716FAFF22009B1340634394FBF7F4E8
S1131FC0ED1ADCE7303040B2FFF70AFA0026F1E7F9
S1131FD070B50D000400FFF78FFD0548FFF782FD83
S1131FE0290000222000FFF7B9FFFFF7A3FD70BD11
S1131FF077CB0000272310B588B001AC20002370F4
S113200006F03CFF0298052180B2FFF7E1FF0020B3
S113201008B010BD00B589B06A462D2301A813711C
S113202006F02CFF6B460221187AFFF7D1FF00203F
S113203009B000BD10B5044B03213D331878FFF7F8
S1132040C7FF002010BDC04694510020002310B5E6
S1132050934200D110BDCC5CC4540133F8E70300B3
S1132060F0B5D433040018680E00150087B048B3E7
S113207010231B1A1F000093934200D9170023005A
S1132080C133BAB2181831000193FFF7DFFF220001
S1132090D4321368FB1813600F2B1DD9009BAB427D
S11320A01AD22000B13003001A78197C4A401A7001
S11320B0019A01339A42F7D12200010006F08CFD07
S11320C0F619ED1B2000C130102D07D83100AAB23B
S11320D0D434FFF7BBFF256007B0F0BD2700B1374C
S11320E03B00009600991A7809784A401A70009AC1
S11320F00133013200929842F4D11022390002A82F
S1132100FFF7A4FF02A90800220006F065FD1022D3
S1132110380002A9FFF79AFF1036103DD2E70000FD
S1132120F0B58DB00C000190062859D10127002686
S113213002AB00221F819E7200230692079308922D
S113214009930A920B930D79BD4235D0042D49D0E1
S1132150002D45D12F4E2032300004A9FFF776FF21
S113216007232D492D48738406F01CFB41235B4251
S1132170B384019BB3622A4BE7801F7040F6A073BF
S1132180E36040F2E833236140F2D073636141F2CB
S11321908833A36141F27073E361E3192572DD773B
S11321A0204B2585636223002A331D701E4BE36296
S11321B01E4B23631E4B63631E4B19001800E03152
S11321C0E2300A88008802430A801B4A1800110082
S11321D070C970C0E0C9E0C01833183213CA13C301
S11321E00DB0F0BD082002AB991D087002F00AF989
S11321F002AB591D0A4B01981B785A1E93410B7070
S113220002F000F902ABD91D09200E7002F0FAF8B1
S1132210E6E7C04640570020625700206057002080
S113222004400020E013F336000060419A9909400D
S11322304000200080560020FCD7000040F28C2390
S1132240F0B5374C0025E35840F2B4111A00E432DB
S11322505D54156040F20C22012032498FB0A15028
S1132260E03A9D54643298521A0018009988E83272
S11322701180991DC97F17329172996AFC300161EE
S113228019002C3109785174190015323031C0C944
S1132290C0C2198F01261180DA6B42621A6C826205
S11322A01A004432117840F228129954E832A554A5
S11322B0813A9D542D329D546A46694616710095A3
S11322C01878FFF72DFF40F21123E5547B33E258D1
S11322D05F3B1100FF3BD5549E33E554FC31086944
S11322E040F2D01160501100FF31887F40F2DC11C0
S11322F0605489196554891966542A39515C40F22D
S1132300DF12A1542200E1321B19FF3223CB23C276
S113231003CB03C240F2F2130222E2540FB0F0BD29
S1132320D053002000010100F0B59BB007930C23AB
S113233006920591C356426801930D23C3560400C7
S11323400393837B0493209B1A604578019B00933D
S1132350002D4BD0022308AA1372C37B0AA99372DF
S1132360007CFFF743F943B202936B46019A02994A
S11323701B798A4201DA6B461B7A00255BB2009313
S1132380278963686689BB426D41BA19EDB29342ED
S113239007D30A230AA90B70207CFFF727F943B25D
S11323A0039372006368D21993421FD3DB1BB3FB00
S11323B0F6F25643B34219D1019B029A934209DCC7
S11323C023782BB10123207C0CA90B71FFF7A8FE05
S11323D00123049321230AA90B70009B4B70E37B18
S11323E08B70207CFFF702F943B200932800059B11
S11323F0009A1A70069B039A1A70079B049A1A7023
S11324001BB0F0BDF8B5057903000620022D17D9DD
S113241003380F2D14D81F6801243B7A1A091B07AF
S11324201B0F934203D804349442A4416442386895
S1132430FFF764F901235840C3B214B10533D8B28D
S1132440F8BD0420002BFBD10C2216006E43084B70
S11324503900F6183000FFF7F9FD0122AA40044BB9
S11324607472E033198820000A431A80E8E7C046F2
S113247080560020F8B515002022134B1F001C00C5
S113248008372678CEB90134BC42FAD10F4C226801
S113249002B92360626802B1136000221A606360AB
S11324A0AAB21871DD71581DFC34FFF7CFFDE36843
S11324B001335B19E3603000F8BD013AD2B23B004E
S11324C0002ADBD10226F6E78C5200208452002039
S11324D0114BF7B51C68002317001E0000900191F2
S11324E01CB9019B00201E60FEBD009AD11AE2793E
S11324F001329142F5D322795D1CFA54EDB2E279AE
S1132500611D7819FFF7A2FDE27901365519246897
S1132510EBB29619E4E7C04684520020F0B50400FB
S11325200F0016001D000A2085B0FBB11022002107
S1132530684609F0E1F86A46A31F13706B4603224C
S1132540581C3900FFF782FD0322310001A8FFF770
S11325507DFD6B4602222900D81DFFF777FD22007E
S11325600221684608F0C6FE00B10F2005B0F0BD98
S113257070B50568040002201DB126790B2E01D820
S1132580012070BD20002B7804226371691C08307F
S1132590FFF7AAF96B790B3E2373AB79E381EA79F0
S11325A012021343227BE3811207120F9642E7DDE6
S11325B02900200008311030FFF748FD237B20005C
S11325C000221B071B0F1E00651C2830EA770270CF
S11325D022790836911B043A042907DD216809335E
S11325E08E5DEE77D51ACB180570636220002168E2
S11325F02C3089180422FFF777F90020C1E7000086
S11326001FB5FDF7CDFFC0B20424012812D16B46DB
S11326109C1C210001A8FDF7E7FF23880821019AEB
S113262002A8FEF700FA040020B90822034802A910
S1132630FFF70CFD200004B010BDC046AF510020D0
S113264000B589B001A808220649FFF7FFFC08225B
S113265001A903A8FEF7C6F903A8FFF773FA00203F
S113266009B000BDAF5100201FB5FDF799FFC0B2FE
S11326700424012812D16B469C1C210001A8FDF7FB
S1132680B3FF23880821019A02A8FEF7CCF90400BD
S113269020B90822034802A9FFF7D8FC200004B09F
S11326A010BDC046B751002000B589B001A808226A
S11326B00649FFF7CBFC082201A903A8FEF792F90B
S11326C003A8FFF73FFA002009B000BDB75100206E
S11326D010B586B0FDF764FFC0B20424012812D1FE
S11326E06B469C1C210001A8FDF77EFF2388102166
S11326F0019A02A8FEF797F9040020B910220348B2
S113270002A9FFF7A3FC200006B010BD9F510020D2
S1132710242330B58BB003AC2000237006F0AEFB4D
S11327200D4B68461D7A0499AA1F53425A41520020
S1132730FFF78CFCFFF7E0F90848FFF7D3F9062D03
S113274004D16B4604211888FFF7D8FBFFF7F2F990
S113275000200BB030BDC0469451002077CB000060
S113276010B5013A92B2013208F0C6FF10BD000064
S1132770F0B5C5B006000D001F000220019200292B
S11327807DD04A9B002B7AD0E123002402A81B1899
S1132790180010220021FFF7E3FFB02221000EA849
S11327A04394FFF7DDFF634B1A78BA4261D11121DC
S11327B06143614B2131C9180EA806F055FA002E69
S11327C05FD106AC2900019A0EA8FFF748FC10223D
S11327D000212000FFF7C4FF21000EAA200006F00C
S11327E0FBF92278230000217F2A50D918785A78DF
S11327F04000D209024301311A7001330F29F5D187
S11328007923E27B5B4252005340439ADBB2E37389
S1132810102A49D102ABE132D21800231178E05CCE
S11328200133414011700132102BF7D1E12300250F
S113283002AA9B181A78197C01354A401A70013390
S1132840102DF7D1E12302A95B1819002A000AA868
S1132850FFF7FCFB0EAA0AA902A806F0BDF92A009C
S113286020000021FFF77CFF029B4A9A002013609E
S113287005E00134E4B21133142C95D1032045B0A2
S1132880F0BD102231000EA8FFF7E9FB99E7187894
S11328905A784000D209024301311A7001330F29DA
S11328A0F5D1E37B5B00B0E70021002061562300F3
S11328B0814231DA1D7859786D00C9092943013004
S11328C0197001330F28F5D17923E17B5B4249006C
S11328D04B408021DBB2E3730EAB9B18C133561C13
S11328E000251970102E01D80F35AD1A0EABC23267
S11328F0981800212A0008F0FFFEF12202ABD2183A
S11329000023AD1943951178E05C01334140117007
S11329100132102BF7D189E71D7859786D00C90968
S113292029430130197001330F28F5D1E37B5B0093
S1132930CFE7C0469057002070570020F0B5AFB0E5
S113294006000D0001A814000021B0221F00FFF7AB
S113295007FF00230F4811215943425CA2420BD1C7
S11329600D4B2131C91801A806F07EF92C00281B53
S1132970C0B23CB9200003E00133142BEBD1032097
S11329802FB0F0BD311801AA3818103C06F024F914
S1132990A4B2ECE790570020705700207FB50023C5
S11329A011220E00194914005C430D5D854227D1A4
S11329B0174B80382134C0B21022E418092819D8E2
S11329C040F24923C340DB0714D50021684608F0D0
S11329D093FE022536B16B467F2210213000FFF7AB
S11329E0ADFF0500102269462000FFF72FFB2800E9
S11329F004B070BD31002000FFF728FB0025F6E786
S1132A000133142BCFD10325F1E7C04690570020A2
S1132A107057002030B5050085B051B1FFF7BEFFF7
S1132A20040030B9012D05D1104B1B689B78012B94
S1132A3003D10F24200005B030BD010010226846E8
S1132A4008F05AFE09222900684608F053FC0028C1
S1132A50EFD110222100684608F04EFE7F220921A2
S1132A60684608F047FC0028E4D0E2E7A0530020C1
S1132A7070B59D4D04002B00FC339B6C01208EB07F
S1132A809B075CD42078532800D97EE209F0CAFA67
S1132A9054007D02590063006900700076007C00D8
S1132AA0860086007D027D027D027D027D027D021C
S1132AB08B00900095009A009F00A400A900AE002E
S1132AC0B300B800BD00C200C700CC007D02D10035
S1132AD0E500F4001C01410132014E0159015F017E
S1132AE06401690170017D0277018801AB019A01DB
S1132AF0BC01C701D001D7017D027D027D027D02A8
S1132B007D027D027D027D027D027D027D027D02C9
S1132B107D027D027D02DD017D027D0203027D02D4
S1132B2010026102700217021C021F0230023A02F4
S1132B3043024D0257025C022079FEF767FE0EB095
S1132B4070BD616809B90320F9E710226748FFF7EF
S1132B507DFA0020F3E761680029F4D0102264486C
S1132B60F5E740F28C23EB58E23322791A70F0E750
S1132B7040F28C236268EB589A64EAE740F28C23B3
S1132B806268EB58DA64E4E761680029DBD001206D
S1132B90FFF740FF0028DCD00E20D0E76168022058
S1132BA00029F5D1CFE761687F200029F0D1CAE779
S1132BB0616880200029EBD1C5E761688120002984
S1132BC0E6D1C0E7616882200029E1D1BBE76168F2
S1132BD083200029DCD1B6E7616884200029D7D19D
S1132BE0B1E7616885200029D2D1ACE7616886200D
S1132BF00029CDD1A7E7616887200029C8D1A2E7C1
S1132C00616888200029C3D19DE761688920002973
S1132C10BED198E761688A200029B9D193E7616839
S1132C208B200029B4D18EE740F28C23EB58E1339A
S1132C309BE76A46237A6946137040F28C23ED5869
S1132C4007222878FEF774FD002800D17BE70D35B4
S1132C50FF35043406CC06C57BE76A46237A694609
S1132C60137040F28C23ED5807222878FEF760FD9C
S1132C7028350028EDD166E76A46237A6946137041
S1132C8040F28C23ED582B00FF339B7F2878537040
S1132C900722FEF74DFD002800D154E72B00153321
S1132CA0FF33043406CC06C33C3B1B78022B00D014
S1132CB04FE7B333FF33EB5C002B00D149E703F05C
S1132CC0A3FBFEF759FD44E76A46237A694613706D
S1132CD040F28C23ED5807222878FEF729FD0028BE
S1132CE000D130E73035B4E7D053002070570020CE
S1132CF08057002040F28C23EB5861681B78062B28
S1132D0000D020E7A248002900D122E705F04AFDBF
S1132D101FE740F28C23EB5861681B78062B00D028
S1132D2011E7002900D114E79A48EFE72279531EEE
S1132D300E2B00D907E740F28C23EB58FF335A726D
S1132D4007E740F28C23EB58F433626865E040F205
S1132D508C23EB58F833F8E740F28C23EB58FC3320
S1132D60F3E740F28C23EB586268FC335A60F0E6D8
S1132D7040F28C23EB58FC3362689A60E9E604263F
S1132D806B46A65706221E7040F28C23EC58694607
S1132D902078FEF7CDFC002800D1D4E66671D8E691
S1132DA004266B46A65705221E7040F28C23EC586D
S1132DB069462078FEF7BCFCE934002800D1C2E65D
S1132DC02670C6E604266B46A6570A221E7040F2F9
S1132DD08C23EC5869462078FEF7AAFC002800D121
S1132DE0B1E62671B5E604266B46A65709221E7085
S1132DF040F28C23EC5869462078FEF799FC0028B1
S1132E0000D1A0E6E834DBE740F2F41362689A42AA
S1132E1000D998E69833EB58EC331A6099E640F2FF
S1132E208C23EB5822791900F0310A701A7390E65A
S1132E3040F28C23EB586268FC339A6289E640F2D4
S1132E408C236268EB581A6483E640F28C26AB59F3
S1132E501878062807D1504923790A789A4202D073
S1132E600B7001F0CFFAAB5900201A000021A132F7
S1132E70FF3210605160694603220A7100221878FB
S1132E800092FFF74DF92379A9595A1E934140F254
S1132E902D128B545DE640F28C23EB5822791800F6
S1132EA040F22811443002B1012202705A5450E613
S1132EB040F28C232179EA58CF3BD15449E6374B71
S1132EC0A2881B689A8044E6344B1B6854E7227935
S1132ED00F2A00D937E640F28C23E958613BFF3BC7
S1132EE0CA542C3BFF3B934040F290128B5230E685
S1132EF02279072A00D926E640F28C23EB58FF33C7
S1132F009A7226E640F28C232079ED5809F0D2FD1E
S1132F10FC3568621DE62279012A00D913E640F2E5
S1132F208C23EB58FF339A7713E62279012A00D9D0
S1132F3009E640F28C23EB58FF335A7709E6174B26
S1132F4062681B681A6104E6144B62681B68DA60E5
S1132F50FFE540F28C23EB581B78002B00D1F8E5F9
S1132F601320062B00D0EAE50D4BA2881A80F0E569
S1132F7040F28C23EB581B78002B00D1E9E5132099
S1132F80062B00D0DBE5074BDFE60220D7E5C04681
S1132F90625700206057002004400020A053002006
S1132FA0645700206857002010B58AB0FDF7F8FA7E
S1132FB0C0B201282CD16B469C1D210002A8FDF74C
S1132FC013FB0023E15E052922DCC9B20298F9B1A2
S1132FD0FDF7B0FD03004CF25C12F53BFF3B9BB2E6
S1132FE0934215D827236A4684B203A81373049422
S1132FF0FFF73EFD50B928236A46137340F2E833C5
S113300003A8E4180494FFF733FD10B1FEF7AAFDFA
S113301004200AB010BD000030B58BB0FDF7C0FA33
S1133020C4B2012C1AD16B469D1D290002A8FDF7DC
S1133030DBFA0022AB5E012B10D1029B1B785BB242
S1133040302B0ED0312B09D16A46432303A81373C6
S11330501474FFF70DFD30B1FEF784FD04200BB0AE
S113306030BD0024F0E7024B3B331C70F7E7C04649
S11330709451002010B58AB0FDF792FAC0B201282D
S113308019D16B469C1C210002A8FDF7ADFA2388D8
S11330900421029A01A8FDF7C6FC030060B952227C
S11330A0019B03A81BBA43600270FFF7E1FC030015
S11330B010B1FEF757FD042318000AB010BD10B577
S11330C08AB0FDF76DFAC0B2012819D16B469C1C79
S11330D0210002A8FDF788FA23880421029A01A896
S11330E0FDF7A1FC030060B95322019B03A81BBA9E
S11330F043600270FFF7BCFC030010B1FEF732FD21
S1133100042318000AB010BDF0B58BB01E0010AB3C
S11331100C001F7800900192F1B3009B0A20E3B3E6
S113312001251022002106A808F0E6FA1022002149
S113313002A808F0E1FA02AB981D31001D705F711E
S113314005F000FD0A2002AB1199C01805F0FAFC45
S1133150EAB21301103BDEB202ABDA73013510217F
S1133160019A06AB02A8ADB2FFF7E8FBB8B9211C7F
S1133170102C00DD10210022009B09B29B1906AF20
S11331801878D65D01327040187001339142F7DC33
S1133190103C24B2002CDBDC00200BB0F0BD0F206F
S11331A0FBE7000010B5074B04001B68DB7813B184
S11331B00548FEF797FC2000FEF794FC0348FEF751
S11331C091FC10BD0840002074CB00004DCD0000E0
S11331D0037837B50400022B43D84578002D40D13D
S11331E0037B13B32548FFF7DDFF2548FEF77AFC80
S11331F0237BAB4236D82348FEF774FC002203211C
S1133200E078FEF7ABFE1F48FEF76CFC00220121BC
S1133210607CFEF7A3FE1B48FEF764FC00220A2133
S1133220206AFEF79BFEFEF785FC174B3F331B78A5
S1133230012B16D11548FFF7B5FF1148FEF752FCD4
S1133240002203210E23E05EFEF788FE0D48FEF700
S113325049FC1020002203212056FEF77FFEFEF7D2
S113326069FC37BDA1680122491901A8FDF7BAFB21
S1133270013501A8FEF736FCEDB2B9E77CCC0000BD
S113328077CB000082CC00009451002084CC000055
S1133290F8B505780400032D16D0082D38D065B98B
S11332A02748FFF77FFF2748FEF71CFC63782BB9FC
S11332B02548FEF717FCFEF73DFCF8BD082B01D1AD
S11332C02248F6E72248F4E7224B1E78B307F4D5E8
S11332D02148FFF767FF1B48FEF704FC67789FB996
S11332E03A002900207CFEF739FE1C48FEF7FAFB61
S11332F03A002900607CFEF731FEFEF71BFC022336
S11333009E43144B1E70D8E71548FEF7EBFBF4E719
S1133310104E3578EB07D0D51248FFF743FF094824
S1133320FEF7E0FB637843B90F48FEF7DBFBFEF7DB
S113333001FC01239D433570BFE70948F5E7C0460A
S11333408ACC000077CB000090CC00009ECC00001B
S1133350B0CC0000E54E0020BCCC000082CC0000C4
S1133360C5CC0000D1CC00005BCD000010B504003A
S113337088B00320022C09D86A46002301A81371DF
S11333801472FFF775FB08B9014B5C7208B010BDED
S11333909451002013B5FDF703F9C0B2012815D1EB
S11333A06B469C1C210001A8FDF71EF90022A35EB8
S11333B0012B0BD1019B18783038C0B2022805D8F4
S11333C0FFF7D4FF030010B1FEF7CCFB0423180071
S11333D016BD0000042330B589B001AC237005008C
S11333E0200005F04BFD23799D4220D045B90423EC
S11333F0200023702571FFF73BFB60B109B030BD9D
S11334002D2323700B4B20001B782371FFF730FB17
S11334100028ECD0F2E7084B3E331D703DB92D2354
S11334202000237005F02AFD2279024B1A70002037
S1133430E4E7C046E44E00209451002013B5FDF7A4
S1133440AFF8C0B2012816D16B469C1C01A821001C
S1133450FDF7CAF80023E05E01280CD1019B1B781C
S11334605BB2302B0AD0312B05D1FFF7B3FF030039
S113347010B1FEF777FB0423180016BD0020F4E713
S113348030B50A4C050023003E331B78002089B078
S11334904BB96A462D3301A813711572FFF7E8FA88
S11334A008B94034257009B030BDC046945100209D
S11334B013B5FDF775F8C0B2012818D16B469C1CF2
S11334C0210001A8FDF790F80023E15E02290EDC3B
S11334D0C9B2019859B1FDF72DFB83B20F2B06D861
S11334E0C0B2FFF7CDFF030010B1FEF73BFB04238E
S11334F0180016BD70B52423050088B001A80C007F
S113350003704560FFF7B4FA0600054B290005482F
S113351062001C70FEF79AFD300008B070BDC04612
S1133520D7510020D8510020F0B589B005AD0C2248
S11335300021280008F0E0F8FDF732F8C3B2019347
S1133540062B2CD900260420164B1B7A063B5A4224
S11335505341D9B29E4206D830B92800FFF7CAFFBA
S113356010B1FEF7FFFA042009B0F0BD02AB9F1DB5
S1133570390004A8FDF738F83B8803AF022138006E
S1133580049AFDF750FA0028DED13B8862005BBA4A
S1133590AB520134019BE6B2B342E7D8D4E700242E
S11335A00420F7E7945100200B6802781B0E534067
S11335B003700B6842781B0C534043700B6882788D
S11335C01B0A534083700B68C2785340C3704B6826
S11335D002791B0E534003714B6842791B0C534014
S11335E043714B6882791B0A534083714B68C279DB
S11335F05340C3718B68027A1B0E534003728B686D
S1133600427A1B0C534043728B68827A1B0A5340E4
S113361083728B68C27A5340C372CB68027B1B0EE1
S113362053400373CB68427B1B0C53404373CB68FA
S1133630827B1B0A53408373CB68C27B5340C373A2
S11336407047000003000449103302788A5C02705A
S113365001309842F9D17047B8D30000F8B50C0096
S113366006000878FDF7ECFA677805003800FDF7E6
S1133670E7FAA378E2787B4053405D4068403070BD
S11336806078FDF7DDFA27780500A0784740FDF75C
S1133690D7FAE3785F407D4068407070637827789C
S11336A0A0785F40FDF7CCFA0500E0784740FDF7CD
S11336B0C7FA7D406840B07027783800FDF7C0FA3B
S11336C063785F40A3785F407840C5B2E078FDF747
S11336D0B7FA4540F570F8BDF0B5437B87B0019368
S11336E08378457A0293C379877A03934378C178C0
S11336F00493C37AC67B05934379847B4370019B0F
S113370082794372029B87708372039BC670C37273
S1133710049B457143738471C1718273059BC373A8
S113372007B0F0BD030070B5002504000833DB6F5B
S113373005609A6818685269904728006560A5601A
S113374070BD41B1436813B14368022B03D1042314
S11337504360033B83607047EFF31081012383F3DD
S11337601088074B1A6812B11A68013A1A601A686D
S11337701AB9044B1A7080321A7081F3108870479A
S11337808052002040030A40F8B50400FF25FEF7EC
S113379015F9002220880A4E93B2984202D8FFF706
S11337A0DBFFF8BD6168D300C9188F8809683B0A3C
S11337B01B012F40DB1989B25B0099530132EBE7FF
S11337C000020A40436810B5C4681A78FF214369AF
S11337D004B1E15C8468520001331153436110BDAC
S11337E0F0B585B0FDF747FA204B8000C4586368F4
S11337F01D78A3686A009B180122FE335988114280
S11338000AD05A81042301A801950371A36A836035
S1133810636A984705B0F0BD5B8A1E009FB21640EC
S1133820134202D06369012B02D92000FDF7E8FAA4
S11338306269E3699A4203D22000FFF7C3FFE9E714
S113384036B1012388359F43A3686D00EF52E1E749
S1133850636801A81B78019301230371A36A836041
S1133860636A01349847E677D4E7C046C04D002028
S113387040F20A2230B50F4B995C8909814218D075
S113388040F20B2401211D5D29431955022805D05E
S1133890995C8909022901D08021995440F20A22B5
S11338A040F20B218001C0B2985401205A5C82433B
S11338B05A5430BD00C07E40484A494B70B59A60A6
S11338C00122484B484C1A7040F6FE03474A002533
S11338D0E252474B474ADD601A60474A5A6048F251
S11338E000029A601A61FDF7CBFB40F600031A222E
S11338F040F62401E254635C8BB1404B4048DA68E3
S11339000240DA60DA687F263E48C27A3240C272E8
S11339108022D86812040243DA60DB68655440F6FA
S11339200C03E25C0AB10022E2540320FFF7A0FF7B
S1133930002240F60803E25440F61202A35CDB07BF
S1133940FCD540F623030121E25C8A43E254E25CA5
S11339509207FCD440F621030121E25C8A43E2543D
S1133960E25C9207FCD440F620020121A35C8B4365
S1133970A354A35C9B07DB0FDDB2002DF9D1022613
S113398040F61802A6540132A3540132A354FDF7A1
S113399077FB3000FFF76CFF40F6FE031A4A28005D
S11339A0E252FDF7F7FCFDF76BFB184B184A194878
S11339B01A60FFF7E9FE0120FDF7ECFC164E174BE9
S11339C0F61AB610AE4201DC05F0FEFE134AAB0057
S11339D09B181B6898470135F4E7C04600000000B7
S11339E000ED00E090C07E4000E0014003A5FFFF31
S11339F0804C00200048E80100093D00FC6F0440B1
S1133A00FFFF7FFF002C0A4000A5FFFFA44D00200C
S1133A1054524F50DCD100006CDC000068DC000024
S1133A2001380028FCD1704740F2E83200234843B3
S1133A3010B5002108F05AFB054B1A68054BB3FB7F
S1133A40F2F3B0FBF3F0800808B1FFF7E9FF10BD13
S1133A50BC4D002000CA9A3BF0B585B00193002309
S1133A608377030008330400D86F83680068DD6837
S1133A7002AB0733A8470500E0B90600A37F104F47
S1133A8033B9012101360800FFF7CEFFBE42F5D15C
S1133A90230058331A7801990A70BE420DD01A785F
S1133AA0022A07D01A78032A04D040F2F4151B78AE
S1133AB059342370280005B0F0BD1425FAE7C04638
S1133AC040420F000223F0B5060085B002AAD3716C
S1133AD0C268040015004BF6AD678836336801915F
S1133AE09B180835436163699D421BD2019BB3B1A6
S1133AF002AB0422290020000733FFF7ADFFA0B971
S1133B0002ABDB79022B0DD0A1693368CA6828881F
S1133B100A3252009B1A834209D2212003E0A36E89
S1133B209D42F1D10020A566256105B0F0BD0322B8
S1133B30EB1D1B1893435A88BA42EED11A88486980
S1133B40E1685200691A11521A881D1DE265CAE71C
S1133B5010B50400436E0021C36083691A69586973
S1133B600132520007F0C8FD00212000FFF7AAFF30
S1133B7010BDF8B504000325836949005869626ED5
S1133B80435A26699B18E3671B88221D0B33AB43FA
S1133B90D367E2689B19B71A475221008831096834
S1133BA000205218934205D92000FFF7D1FF0123CA
S1133BB06560A360F8BD10B504008369616F1A697C
S1133BC00131914200D9002161675A694800825A43
S1133BD0002AF3D0236F8B4207D02000FFF7C9FFE0
S1133BE010B9200004F068FF10BD23692000A3670A
S1133BF0FDF72FF8F8E7F0B584680023250087B0B7
S1133C000093037858352B70A3681BB90133A3774D
S1133C1007B0F0BD2B78012B00D0DCE0A06802389F
S1133C20082800D9B3E008F0E9F9058B359FB8B24C
S1133C30B2B2C00023690325043301932361230036
S1133C4048331B88E76C1A002A40A56002922B4275
S1133C500AD1A560220039000832D06F8268556805
S1133C60019A0068A84739E0032B0FD826008C3648
S1133C7004220021300007F03FFD39003000029A91
S1133C8007F0F5FF37000423A560E3E70422AB4304
S1133C90A260DFE7230048331E8825000327330092
S1133CA08C35BB43042200212800A760019307F050
S1133CB023FD3200019BE16C3A40C918280007F04B
S1133CC0D6FF2269019B29009A1823000833D86F74
S1133CD02261836800685E680423B0470100200005
S1133CE0FFF72FFDA368012B00D091E72300903349
S1133CF01A68002A00D18BE76368002B00D084E0A7
S1133D00A368013B591E8B41DBB204A90B7023004D
S1133D10943498331B6820684B60002877D003786C
S1133D20009343680393030060C960C3904723680A
S1133D30002B00D16CE7009A1A70039A5A6067E767
S1133D40230048331B8821695A189B0700D00A1D99
S1133D500523A360230021000833D86F2261836800
S1133D6050315D6804237CE72300210050331A8816
S1133D702369E265043323614A310888A16952004A
S1133D8049695052626822B90132A260A3660020D8
S1133D90A4E72000FFF70FFFA0E7231DDB6F20003F
S1133DA0002BF7D004F088FE98E7230088331A68C4
S1133DB0E368616E9B18636100232377A36F120A83
S1133DC023610B23A36023000833D86F8368006842
S1133DD09B68984782E72B7823B9009B6360012393
S1133DE0A360D4E763680098022B05D1A3680B2B6A
S1133DF002D02000FFF7ACFE23002A7859331A7052
S1133E0004236360033BA36068E763687CE70800FE
S1133E108CE70000030070B50026083386770400A1
S1133E20D86F836800689B689847050048B12800EC
S1133E3070BD01210800FFF7F7FD0A4B01369E42D1
S1133E400DD0A37F002BF4D0230058331A78002A16
S1133E50EDD01B78593440F2F4152370E7E71425AC
S1133E60E5E7C04640420F008369F0B51A690500D2
S1133E70013258695200002185B007F03DFC00234F
S1133E804FF6FF72AB77EA65EB600193AB6901997A
S1133E905A68914201D300243BE02F008837019AED
S1133EA03E681B685643F61802AB0822310028000E
S1133EB00733FFF7D1FD040058BB02ABDB79022BBB
S1133EC014D102AB310028003A680733FFF7C4FD70
S1133ED00400F0B902ABDB79032B43D13A68120A30
S1133EE031002800FFF796FF040011E04BF6AD62A5
S1133EF0F3889342F2D1E96899B33A6830680B6861
S1133F00120A9842ECD92800FFF784FF0400EE60FF
S1133F1044B3EB684BBBAB6929001A689B688831D2
S1133F20D2182B0009680833521AEA609CBB224954
S1133F302C64D9872900D86FAC77836840315C68DA
S1133F4000680823A047040028BBAB7F33BB0121D2
S1133F500800FFF769FD194B01349C42F5D1142484
S1133F6026E0EE60019B01338FE7212C0ED1012660
S1133F70002301212800AB83FFF7A4FD04002128BE
S1133F8016D0A8B92EB90123AB6011E084B900267C
S1133F90EEE721240CE0212C0AD1E8E72B0058336A
S1133FA01A78012AF3D040F2F4141B7859352B7097
S1133FB0200005B0F0BDC046ADBEFFFF40420F007B
S1133FC0F7B502000B6A08321B6881610400D367ED
S1133FD00700019248688A688837B2FBF0F23B48D0
S1133FE03A606064606520000022394D9030256598
S1133FF08D69C9692264A264E264816021009431FC
S113400005600A609A6803CB12689047060000288E
S113401045D1A0602000FFF727FF0500212844D1E7
S113402002233100A0696360036926669C464369E4
S11340304A009A5A12B901316145F9D90368E56811
S11340403A688068AF181818874200D03B00D2182D
S11340506566E36062618C4523D3083323618BB2C8
S1134060200023676367FFF784FD050080B9200003
S113407004F022FD050058B9A368012B1FD00121CB
S11340800800FFF7D1FC134B01359D42F4D11425F0
S1134090019B2E00DB6F9A681868526990473000C4
S11340A0FEBD2000FCF7D5FDE4E70028F0D1E3686D
S11340B01B68236400236360074B2360EFE7636896
S11340C0042BF4D140F2F415E2E7C0460000ADBE83
S11340D0FFFFADBE404B4C004545565270B5274BD3
S11340E088B09B7A012B47D103221400044002427A
S11340F042D025001D401C4209D06A464A33137140
S113410001A804F0BBFE6B461A891D4BDA80022617
S113411034422FD04C2301AC2370200004F0AEFEB7
S1134120029A174B35439A6016491748FFF748FF20
S1134130040080B9154E042130700623144A124835
S1134140FDF7C2F8040001000F48FFF7FAFA14B9AA
S11341503378002BFCD00C48FFF7E4FA20434242AA
S113416050410323064A404203401D4013682B4339
S1134170136001E0002DD7D108B070BD9451002028
S1134180E850002008D50000484E0020645C002060
S1134190EE500020002370B588B001AC20002370DD
S11341A004F06CFE1E4D237920006B7243232370B0
S11341B004F064FE2B0022793B331A7004232000A0
S11341C0237004F05BFE2B0022793E331A701D230A
S11341D02000237004F052FE2B0022791149413350
S11341E011481A70FFF7ECFE010078B90F4E502306
S11341F030702A000C48FDF767F8040001000A48F3
S1134200FFF79FFA14B93378002BFCD00648FFF768
S113421089FA0748FFF762FF002008B070BDC04666
S11342209451002074D50000F8500020655C0020F3
S1134230FFFF030070B58AB0FCF7B2F9C5B2012DD7
S11342401BD16B469C1D210002A801AEFCF7CCF9E2
S1134250238802213000029AFCF7E5FB040068B9C8
S11342606A464B23368803A876BA13731682FEF780
S1134270FFFB040028B1FDF775FC042420000AB0FC
S113428070BD034B2800DE80FFF728FFF6E7C04629
S1134290E850002070B58AB0FCF782F9C0B201285A
S11342A01FD16B469C1C210002A801AEFCF79CF9AF
S11342B0238803213000029AFCF7B5FB040088B977
S11342C0737835781B022D041D43B37803A81D436E
S11342D04C2345600370FEF7CBFB040028B1FDF7C7
S11342E041FC042420000AB070BD034B02209D60F1
S11342F0FFF7F4FEF6E7C046E850002010B5FFF7DC
S1134300EDFE10BD37B50400082268461B4907F0CE
S1134310AEFC002C2FD11A4D1A492800FFF750FE8D
S1134320040068B9AB695B691B88E3B1EA68991852
S11343309B5A4F2B19D950221348043107F097FC8C
S11343400F48FFF7EFF9204320B150220F490E48E0
S1134350FDF77CFE082269460B4807F077FC30B96C
S11343600B4B187137BD2224EAE70324E8E706F073
S1134370F1FF06F0DBFFFCF74BFCF3E7DACC0000BF
S1134380F850002074D5000094510020B8D40000E7
S1134390E850002037B5FCF703F9C4B294B1012CFE
S11343A019D16B469D1C290001A8FCF71DF90022B8
S11343B0AB5E012B0FD121000198FCF7BBFBC4B20B
S11343C0012C08D82000FFF79DFF04F0EDFE030048
S11343D010B1FDF7C7FB042318003EBD1F2243099B
S11343E010401E3A824002499B005A507047C04612
S11343F000E100E010B52120FFF7F0FF1D20FFF7DA
S1134400EDFF10BDF7B507000C000025C9B3374E0A
S113441001A8FDF7E9FA3278531CDBB233700AB90C
S1134420FDF7E7FA019B83F31088092F3CD8380085
S113443007F0E4FD050A292D31373F43475422781C
S11344402B4B1A7001250FE016250422210001A828
S113445007F00DFC019A274B1968914242D0013DA7
S1134460ADB20833002DF7D101A8FDF7BDFA3378BA
S1134470013BDBB233700BB9FFF7BCFF019B83F345
S113448010882800FEBD2278194B1A72DAE72278C8
S1134490174B5A72D6E723782F2B05D8144AD372B8
S11344A0D0E723782F2B01D90025DDE7104A1373B9
S11344B0C8E722780E4B5A73C4E722780C4B9A72E1
S11344C0C0E70B4D2378AF7BAB73082B01D0AF73E0
S11344D0EAE704F06BF90028B4D1F8E72278044B3A
S11344E0DA73AFE7024B5A60ACE7C046505C002079
S11344F0E85B002044D70000F7B507000C00002655
S113450079B3254D01A8FDF76FFA2A78531CDBB265
S11345102B700AB9FDF76DFA019B83F3108800260E
S1134520092F11D8380007F069FD05091E21242739
S11345302A2D3033194B1B78237004E00422200009
S1134540174907F094FB012601A8FDF74DFA2B78D3
S1134550013BDBB22B700BB9FFF74CFF019B83F3DC
S113456010883000FEBD0D4B1B7AE5E70B4B5B7AE0
S1134570E2E70A4BDB7ADFE7084B1B7BDCE7074B00
S11345805B7BD9E7054B9B7AD6E7044B9B7BD3E750
S1134590024BDB7BD0E7C046505C0020E85B002088
S11345A0EC5B002073B5184D060001A80C00FDF764
S11345B01BFA2A78531CDBB22B700AB9FDF719FADF
S11345C0019B83F31088114B042E14D0052E18D0B0
S11345D0083307CC07C306CC06C301A8FDF704FAC9
S11345E02B78013BDBB22B700BB9FFF703FF019B68
S11345F083F3108873BD1C3307CC07C307CC07C3F0
S1134600EBE722685A60E8E7505C0020205A00205B
S113461073B51C4D060001A80C00FDF7E5F92A78D6
S1134620531CDBB22B700AB9FDF7E3F9019B83F34A
S11346301088154B042E1AD0052E1FD0032E0FD030
S11346401B78237001A8FDF7CFF92B78013BDBB26F
S11346502B700BB9FFF7CEFE019B83F3108873BD5B
S11346602200083343CB43C203CB03C2EAE7220050
S11346701C3343CB43C213CB13C2E3E75B68236011
S1134680E0E7C046505C0020205A0020F0B5324DCF
S113469085B0070003A80191FDF7A6F92A78531CF9
S11346A0DBB22B700AB9FDF7A4F9039B83F31088DE
S11346B040F28823294CE65C783BE35CDEB913B115
S11346C040F24923E7543800FDF744F9244B254AC6
S11346D01B6863B940F289222023A15C0B43A354D5
S11346E002F024F901F090FE02F0C8F922E09342AE
S11346F016D01B69EDE71BB140F24923019AE2543D
S11347000198FDF727F940F28C23E358E0331B7836
S1134710022B0FD040F289222023A15C0B43A35427
S113472040F28C23E358E0331B781BB9002ED9D117
S113473002F084F9FDF710F803A8FDF755F92B787A
S1134740013BDBB22B700BB9FFF754FE039B83F3E1
S1134750108805B0F0BDC046505C0020D053002046
S11347604C5C00206C550020F0B5214C87B00190C2
S113477005A81F0003920291FDF736F92278531C15
S1134780DBB223700AB9FDF734F9059B83F3108873
S1134790184D00212B00A4330020185E04F00CFBFC
S11347A00026019B985D04F023F90136029AB3B206
S11347B09A42F6D8039EF719BE4214D1A4350023B9
S11347C0E85E012104F0F8FA05A8FDF70DF9237855
S11347D0013BDBB223700BB9FFF70CFE059B83F39F
S11347E0108807B0F0BD307804F002F90136E3E731
S11347F0505C0020E45A0020C02307B501A80380C0
S113480000231A000221FFF7AFFFFCF7B7FD07BD35
S113481010B50A4B1A78082A0DD840F24113012426
S1134820D340234207D0FFF7E7FF054B21000020C8
S1134830185E04F0C1FAFCF7A1FD10BD074000208A
S1134840BC5A002037B56B460C001500D871FFF731
S1134850DFFF68462B00220001210730FFF784FFA9
S11348606B46DB79842B01D0FCF788FD37BD000053
S113487007B5104B01A9984206D90F4B0B800222B1
S11348809820FFF7DFFF07BD0C4B984201D90C4B72
S1134890F4E70C4B984201D90B4BEFE70B4B9842D2
S11348A001D90B4BEAE70B4B9842E8D946F66B73F8
S11348B0E4E7C04600E9A435E1E9FFFF80F8A93246
S11348C0D7DBFFFF8044E52DC1C5FFFF000B6B1B49
S11348D07581FFFF40FC541937B5104B104D18601B
S11348E02B7804001BB9FFF7C3FF01232B7043F699
S11348F00951B4FBF1F20B0041F684605343E31A0F
S11349009B031B18B3FBF1F392039B181BBA0422FD
S1134910862001A90193FFF795FF37BDE05B0020D6
S1134920E45B002013B5064B04005B7B23B10190CC
S113493001A90520FFF736FE2000FFF7CDFF13BDC8
S1134940E85B002007B56B46D91D044B087018704E
S113495001228A20FFF776FF07BDC046E55B0020F1
S113496013B50B4B1B788BB96B460122094CD91D2F
S113497080200A70FFF766FF40F61110E17A00F01C
S113498064F840F61210217B00F05FF813BDC046B6
S1134990D05A0020E85B002007B50C4B0422972076
S11349A001A90193FFF74EFF00236A460720938075
S11349B001A90222FFF746FF7F236A46892013716B
S11349C001A90122FFF73EFF07BDC0460200028095
S11349D00D2373B50D00160001AC2370030A637038
S11349E0A070FFF715FF33002A0003212000FFF712
S11349F0BBFEFCF7C3FC73BD07B5064B01A91B78CE
S1134A0040BA088023B9022240F2BC60FFF7E0FFFD
S1134A1007BDC046E55B002007B5064B01A91B781E
S1134A2040BA088023B9022240F2BE60FFF7D0FFEB
S1134A3007BDC046E55B002007B56B46D971073357
S1134A4001221900FFF7C4FF07BD10B5FFF7F4FFFB
S1134A5010BD000010B504000B4B1870587000F026
S1134A6015F854B1342140F24070FFF7E5FF4421BA
S1134A7040F24170FFF7E0FF10BD142140F2407096
S1134A80FFF7DAFF2421F3E7215C0020012010B5B1
S1134A90FFF758FF044B18785A78824202D05870B6
S1134AA0FFF7D8FF10BDC046215C002010B50128D7
S1134AB006D00020FFF746FF0022034B5A7010BDBA
S1134AC0FFF7E4FFFBE7C046215C0020F0B5254D6D
S1134AD087B0019005A81F0003920291FCF784FFA0
S1134AE02A78531CDBB22B700AB9FCF782FF059BB2
S1134AF083F310881C4E00213300A4330020185E79
S1134B0004F05AF90024019B185D03F071FF01348D
S1134B10029AA3B29A42F6D8002003F069FF039CDC
S1134B20C3B20193E719BC4215D1A4360023F05E49
S1134B30012104F041F905A8FCF756FF2B78013B4D
S1134B40DBB22B700BB9FFF755FC059B83F3108880
S1134B50019807B0F0BD002003F04AFF2070013433
S1134B60E1E7C046505C0020E45A002073B56B4670
S1134B7015000C00DE1DD871FFF74AFE2B00220041
S1134B8001213000FFF7A2FF0400FCF7F7FB20002F
S1134B9076BD000013B501AC012221001520FFF7FA
S1134BA0E5FF064B22781B7852085BB29B1A181C4F
S1134BB0803301DA4FF6807000B216BDE85B002046
S1134BC01D2373B50D00160001AC2370030A637036
S1134BD0A070FFF71DFE33002A0003212000FFF719
S1134BE075FFFCF7CBFB73BD13B56B46DC1D0122CF
S1134BF02100FFF7E5FF207816BD000037B52A4BEA
S1134C0004001B780D00012B2CD10F280CD1274B4D
S1134C100422952001A90193FFF714FE231C5AB224
S1134C200E2A10DD0E230EE0214B0422952001A94B
S1134C300193FFF707FE231C1134F0DA4DF2EE0363
S1134C40C0F200031B7818215CB240F6E700FFF7BE
S1134C50F3FE6B4602225D718E201C7101A9FFF7E1
S1134C60F1FD37BD40F6D800FFF7BEFF1E2101431A
S1134C70C9B240F6D800FFF7DFFE0E4B04229520A0
S1134C8001A90193FFF7DEFD231C093407DA4DF275
S1134C90EF03C0F200031B7838215CB2D5E75AB2A7
S1134CA0162AF9DD1623F7E7054000200600010166
S1134CB00400010104070001F7B5214D01A8FCF728
S1134CC093FE2A78531CDBB22B700AB9FCF791FED1
S1134CD0019B83F310881B4B1E681B4B9A88998891
S1134CE097B28A42FAD101A8DC7AFCF77DFE2B78D0
S1134CF0E4B2013BDBB22B700BB9FFF77BFB019BEA
S1134D0083F3108847F6FE739F4202D8E40700D568
S1134D10103645F65E737B430193019B0B4A3000CA
S1134D20B3FBF2F30193019C40F2E832002300212B
S1134D3007F0DCF9220000238018594103B0F0BDCC
S1134D40505C0020F851002000380A40A086010081
S1134D5010B50400FFF7B0FF40F2E832002307F07B
S1134D60A5F92060A280200010BD000010B5FFF757
S1134D70A3FF154B40F2E832186059600023040089
S1134D8007F094F940F2E831104B1A689B88121826
S1134D9048431B19181A83B2013900B2884203DD53
S1134DA00B4901325B1818B20A4B1900FC310A6432
S1134DB040F2401298522023074A11780B43137093
S1134DC0FBF790FD10BDC04678560020C05300206C
S1134DD018FCFFFFD0530020C8530020F8B515007D
S1134DE007000E001C00FFF767FF084B18605960AE
S1134DF09F609E81DD811C74112305490A789A43C2
S1134E0013430B70FBF76EFDF8BDC046A85300209A
S1134E10C853002010B5FFF74FFF0B000A490200EA
S1134E208868C968994202D809D1904207D9121AF0
S1134E308B4101204042C1178018594110BD121AFC
S1134E408B4110001900F9E7285C0020F0B5644E8E
S1134E5087B00191B388B1889AB28B42FAD145F6F2
S1134E605E7353430593059B5E4A5F4CB3FBF2F3B9
S1134E700593059B277802283ED09AB203920292AA
S1134E80032860D000231D00012F21D12375FFF7D3
S1134E9013FF019B029A236143F680639B1A019AD4
S1134EA09BB2A060E160A3830AB900230FE043F63C
S1134EB07F62019991421CD80A008B4219D90423BC
S1134EC0039923708C466B4662449B8822610125BA
S1134ED02269002A50D1B37904329343B371072372
S1134EE02370237D002B00D16FE0012323752370F1
S1134EF068E002232370D8E7022F0BD1A28B236929
S1134F009B1A01252361394B22699A420ED9002349
S1134F1023610BE0032F03D12369354A9B18F0E783
S1134F20043F0025022FEED82561013543F67F6248
S1134F302369934203D804229BB22270C8E7032357
S1134F4023700023C4E7052F11D12369039A9342E8
S1134F500AD9029A01259B1A40F2D0729BB293425D
S1134F60B6D804222270B3E7002323619DE7062FFD
S1134F70FAD000231D00ABE7217804291FD1B279B0
S1134F808A43B27140F2D072934204D9052323704C
S1134F9001235B420CE0062121709342F8D0642285
S1134FA0DB03B3FBF2F35A3A0533B3FBF2F39BB2E0
S1134FB073801B23F372B279173B1343B3712378C5
S1134FC0072B8ED0280007B0F0BDA36903B1984722
S1134FD01020FCF74BFD2378072BF3D185E7C0465F
S1134FE000380A40A0860100285C00200000FFFF72
S1134FF080C1FFFF002210B5044B04681A70FBF750
S1135000BBFC21000120FFF721FF10BD485C0020FC
S1135010F0B587B0040005A8FCF7E6FC3F490A7820
S1135020531CDBB20B700AB9FCF7E3FC059B83F35A
S113503010883B4E37683D00002D3AD163682572D5
S11350402360FFB13B7A002B37D0FFF7E3FE2B0040
S11350503A6800920193A94203D1824201D9009097
S1135060019500980199121A8B4100920193019BBA
S1135070256813B9009BAB4223D9009B5D1B002319
S11350803D603B7201232000276123723460FFF7E7
S1135090B1FF05A8FCF7A8FC204A1378013BDBB25A
S11350A013700BB9FFF7A6F9059B83F3108807B0BB
S11350B0F0BDAC42EDD02D69BEE73B68019500938D
S11350C0D5E73E692EB9009BED1A25603C61266147
S11350D0DFE73268019B0098019912184B410BB924
S11350E0954208D2009B009AEB1A236033689B1800
S11350F05B1B3360EAE7316921B9AD1A256034617D
S11351002161C6E7086837000290002003900E0072
S11351100298039900920193DFE7C046505C002097
S11351204C5C002070B5124C236843B10022012569
S11351301A601A720023206858B903B1206070BD48
S1135140C1682B00026911B122608847F2E71000A0
S1135150F2E70268002AF3D03BB9037A002BEED1C0
S113516001230372FFF746FFE9E72060F5E7C04635
S11351704C5C0020F7B52E4D040001A8FCF734FC6C
S11351802A78531CDBB22B700AB9FCF732FC019B62
S113519083F31088274E33686BB901A8FCF724FC0D
S11351A02B78013BDBB22B700BB9FFF723F9019B82
S11351B083F31088F7BDA3422DD1237A0BB3FFF7F5
S11351C029FE8C460021276821722469ACB13A007B
S11351D034600B003E000F00614502D1824200D9C9
S11351E00600921BBB411100236820005B1823605A
S11351F001232372FFF7FEFECFE73460FBF7BCFB0D
S1135200CBE723692BB1216833601A6852181A60FE
S1135210C3E73360C1E71A001B69002BBDD09C4271
S1135220F9D1236921681361002BEED1B5E7C0469B
S1135230505C00204C5C0020F0B540F28C2540F21C
S11352402E12A44F9BB07B5912909A5C14AC0F920F
S113525040F2B4129A5C2000109240F22D129B5C32
S11352600C93FFF775FD40F2A81340F2AC127D5980
S1135270149EEB58AA5AF61AA3889B1A1BB2DB0F8A
S1135280F61A40F21823FB185C681B680A930B9407
S113529040F28923FA5C0423110019408C461A4217
S11352A003D00020FCF770FB84462B78062B36D104
S11352B0002000210F9A06335343874A9B185B7AD8
S11352C0864A5B019C18D25A109BA061E161002BB5
S11352D000D0EDE040F60F6164338E4209D949F6FF
S11352E0AF2342F22831B3429B410B4040F2E831F4
S11352F05B18111C9A4200D2191C0C9A8BB20AB981
S1135300624662B1180001225242D317002180186C
S113531059410A9A0B9B06F0E9FEA061E16140F253
S113532090130021E85A01225242D31780185941A0
S11353300A9A0B9B06F0DAFE2B00A1330C900D9118
S1135340FF330C990D9A19605A60B73B1B785BB216
S11353500F9340F22D13EE5C8733EB5C10932B001C
S11353609933FF335C681B680A930B94E0352B7800
S1135370022B00D1A2E001F0D9FA01F045F840F285
S11353808C23FB58E1331878FFF764FB40F28C233D
S1135390FB58092511931B78062B00D0EAE1102253
S11353A0002116A806F0A8F900224B4B083DE03373
S11353B0198813002800904004000C40A04201D139
S11353C00133DBB20132102AF4D123B9424A073344
S11353D00B43E0321380FFF76FFC0B000B990200C4
S11353E0994216D802D10A99914212D80A990B9877
S11353F0014371B10A9C0B9D10001900001BA941C7
S11354000D9C8C4200D977E103D10C9C844200D9D5
S113541072E100220023119C1099A134FF34226010
S11354206360002900D043E12B4BC8331C685D68DE
S1135430FFF742FC02000B008D4242D801D18442A6
S11354403FD8121BAB4114001D00234BD0331A6804
S11354505B680A920B93FFF72FFC0B000B99020079
S1135460994232D802D10A9991422ED80A980B99BE
S1135470121A8B410EB9002200239D4202D803D197
S1135480944201D922002B001349D8310C684D688D
S11354909D4202D824D1944222D9A41A9D410A944F
S11354A00B950A9B013325D10B9B01331ED021E0C0
S11354B00C9B002B00D132E7100024E700F0A4FF7E
S11354C064E701246442E517BFE701225242D3177F
S11354D0D0E7C046D053002080560020405700201B
S11354E000200021AC4BD8331860596000230024FD
S11354F00A930B94A84B40F2010CE0331B88A74A93
S1135500119300231900A4480C931392119A644632
S11355101A4122421CD00268D2B1109A1AB9073239
S11355201A41224214D0027A0F9C1607360FA64263
S11355300EDC1209A2420BDB427A139C52011219AF
S11355409669D2691643002E00D1CBE00131C9B26D
S113555001330C30102BD9D10C9A002A00D1F9E078
S11355608F4A904C11681D004C4343F23901641872
S113557014608D4AB4FBF2F2D1078A1AA41A0C9A69
S11355800C9994FBF2F24A43A41AE4B216AB1E5DE2
S11355900C9B013494FBF3F30C9A7F4853437E4AEB
S11355A0E41AE4320021525E0C2171437A4B4158D3
S11355B0E83301201B68E4B201F09EFA002800D110
S11355C0C1E040F2112300200021FE547F33FB1878
S11355D01860596040F28C23FC5800212300207885
S11355E0E933595616339B7A062804D1CB1A191C71
S11355F01B0600D500212300F0331A786B4BC9B287
S113560000932300EC331B6849B2FBF7D9F8684BCD
S113561010261B78012B00D00A3E40F2C413FD581B
S11356201121AD1BFD502300F0331A780F33595666
S1135630604B207800932300EC331B68FBF7C0F821
S113564040F2D81340F2B412F958891BF950A35C04
S1135650002B00D1B2E040F20C23FB5C83B9313360
S1135660FF33FE5C3B00E920FF335D7D20562D07B0
S11356702D0FFCF72DF8761908252A00B04201D326
S113568003250022230040F2C411F83379581B6823
S11356905B1840F2B0117B5023002831FC33795859
S11356A01B685B1840F2B4117B50002A62D18FE072
S11356B09EB1394BD0331C685D68FFF7FDFA0200D8
S11356C00B008D4205D801D1844202D8121BAB4194
S11356D0DAE601225242D317D6E62F49D8310A60BE
S11356E04B6003E730260C9A0C9D01320AACA419D6
S11356F0D2B263550C922BE70A9C0B9D0C980D9922
S113570024184D41A41A9D410A940B950A990B9AA9
S113571040F290233E00FB1819605A60129BFC363D
S1135720B26C002B00D152E22023234D13432800F6
S1135730B364FFF71FFD0A9B2800B367F367FFF705
S113574067FC002516E0013DEDB2002D00D01DE7F9
S11357500D250FE00029D9D10723119A0020134306
S11357600D4A0021E032138040F290230C25FB18EF
S1135770186059603B00FC339B6C9B0708D440F2D3
S11357808C23FB58E0331B78022B01D001F076F90F
S113579028001BB0F0BDC0468056002040570020B2
S11357A0004000206D4EC641FFFFFF7F885500205A
S11357B0D05A00209C550020445500202000FC3085
S11357C043685B1940F2B0157B5183685B18BB508A
S11357D040F2B213E35C5BB940F20C23FB5C002B98
S11357E000D0F1E040F20E23FB5C012B00D9EBE08A
S11357F03C00FF346379002B00D1C0E00325042B67
S1135800B8D1DC4B1B68DE6840F20C23FB5C4BB95F
S113581040F20E23FB5C012B04D8731C013600D329
S1135820BFE01E003B00FC33DA68002A00D1B8E078
S11358303B00FF33597D40F23013F85C0907030045
S11358405C1EA3413C00090F5B1808330430FF348D
S11358501B18617B9BB2994200D2A2E03D00A37B5E
S1135860FC351370E8686969013003F06BF9627DF7
S1135870EB685A713B00FE33198BEA6891711B8BFC
S1135880EA681B0AD371627DE8681207120FBA49ED
S11358900830FCF7DBFB637D40F230121B071B0F63
S11358A01C00BA5C083432B140F22812B95CEA68D0
S11358B0093311551C003D0040F23013FC35E868F3
S11358C0FA5C0019296BFCF7C1FB40F23013FB5C56
S11358D0E868E418A4B20019A96B03F033F93B009B
S11358E00434FF33E4B25C7340F22813FA5CE868D2
S11358F0531E9A419F4B07321B680A930A996B699E
S1135900C9688E4200D94BE13C003D000A9BFC343F
S1135910DE60E368FF350A936B7B0A99043B9C467F
S11359209AB23B00FE335B8A0C936369C9B340F2BD
S113593000118A4235D8B7391691002116A8818002
S11359400C994681C180190C1B0E4372330C0373EE
S1135950330E4373002383736346C373874B01720F
S113596000930A990723FCF703FFD0B96B7BE06827
S1135970043BC018A16B03F0E5F86B7B23E07D4B7F
S113598040F2A0211A687858938801339BB293801F
S1135990012202437A503A00FE32138403F0DAF80B
S11359A008B10E25E6E63900754BFC31009313224D
S11359B00223C968FCF7DCFE0028F2D103F0CAF820
S11359C00028EED1637B3B8040F21123FB5C002274
S11359D00A9340F28C23FC580C922378062B00D0B7
S11359E08DE02300E9331B78664A5BB2D25620006F
S11359F012920C220A99E8304A43634905785218F6
S1135A00527A0078063252015218927840B2111C30
S1135A1052B2824200DA291C4AB201210C925B4A3A
S1135A209B009B585A4A1091934205D0594A9B189F
S1135A305A4253418B4010930C230A9A0E2053432D
S1135A40514AD3580F930F9A534B9A4200D80438B3
S1135A5006F0E8FFFC34666A051C011C301C06F0E5
S1135A60FDFA00B92E1C0C9B580007F023F8011C0A
S1135A70301C06F0F3FDA16A06F0F0FD041C06F0EC
S1135A80B1FF0021050046B2201C06F005FB60B9F9
S1135A90280006F0C7FF011C201C06F0DFFD0021D2
S1135AA006F0D6FA08B9013E76B23B880F981193F6
S1135AB0FEF738FF40F6A07308930823002401255D
S1135AC00293129B3100220000932800109B07943C
S1135AD00694059404950394019500F017FE44225E
S1135AE06B469B181E7828003100FBF72FFC310011
S1135AF02800FBF741FB40F21823FB1811C340F2C6
S1135B0049230122FA544333FB5840F25021E9332C
S1135B101A7840F24A23FA540C9A0133FA540A9A36
S1135B201133FA50443B7918FB181A685B680A6011
S1135B304B6040F2682179180A604B6040F21023F0
S1135B40FB5C23B940F20C22BB5C0133BB5440F232
S1135B50982300200021FB181860596039780F48F9
S1135B6000F08CF960BB3A000223FC32916C0B43C9
S1135B709364E6E5A0530020E85400200455002077
S1135B80F05400204CD600008056002034D600008B
S1135B9090D00300E05EF8FF1F21F636D2530020B8
S1135BA040F230117D5C043C641B00190024290080
S1135BB001960094FDF7A8FA002800D1A4E6F0E6C7
S1135BC0672800D1C4E51525662800D0D2E50B2549
S1135BD0D0E5C046D0B5224C20212200FC32936C83
S1135BE08B43936440F29823E3181E685F68330084
S1135BF03B43BBB1FFF760F802000B008F420AD8A9
S1135C0001D1864207D8921BBB4111001BB941F652
S1135C104073994206D940F28C230021E258FD3B9F
S1135C20D154D0BD0120FFF707FB03000028F8D0B2
S1135C300120082B00D1093040F28C23E358E933CA
S1135C401A7840F24A23E2543C3BE25C3F33E2548C
S1135C50043BE054FBF77EFE03F090FDE1E7C04611
S1135C60D05300200023F0B585B002AA138000228F
S1135C700023026143610600FAF7FCFD20B9564B8C
S1135C80DB681F7D042F03D90124200005B0F0BD7B
S1135C9040F28C23514D3078EA58D83BD35C2BB971
S1135CA0020004339A430724002AEED103A902F028
S1135CB0F1FC039B002BE7D127B92822390048487F
S1135CC0FCF74EFD40F261230122EA5440F289229E
S1135CD00423A95C37780B43AB54082F74D83800DD
S1135CE006F08CF9057272555F7272726E00FCF7E1
S1135CF0A5FA40F28C23EB5832791978062900D0A2
S1135D003A00E9331A700020FBF780FD2B000024D1
S1135D10FF335C712B00334AFC33DA602B00FF2223
S1135D20FE33DA81304B31481900F73A0193FCF71E
S1135D308DF90199082210392D48FCF787F92000C4
S1135D40FFF77AFA0721040050B140F28C23EB5894
S1135D5032791978062900D03A000721E9331A70FC
S1135D6040F29023EB181A685B683261736174B374
S1135D70194BDB681B7D002B00D086E740F2102214
S1135D800421AB547932AB5C8B43AB547DE70022E6
S1135D90022002A9FCF76EFB431E98410121040175
S1135DA0DEE70C21B2887156B06800F0B5FA2A001B
S1135DB00223FC32916C00240B4393640121CFE74E
S1135DC000220D2002A9E5E701210224C8E72200F0
S1135DD0380003F003F858E790530020D053002014
S1135DE030560020D253002080570020DE5400207B
S1135DF0E6540020F0B593B0FAF7D2FBC4B2002CFD
S1135E0030D1062302A90B70174B2C27187AFBF705
S1135E10EDFB6A460223D2191370144B06001000DE
S1135E200C93FCF725FE6B460325DB191D70104B04
S1135E300BA80C93FCF71CFE6A460823D2191370B6
S1135E400C4B10000C93FCF713FE6B4604A81C7457
S1135E501E75FFF707FF18B9074B1D8013B0F0BD7F
S1135E60FBF780FE0420F9E794510020AF51002095
S1135E70B75100209F510020F65000200122F0B5B8
S1135E802C4B9FB0079003915B7B0192002B00D1B8
S1135E9066E114AB9C1C21000220FEF7B9FB2378B9
S1135EA0019323B10323019301981FB0F0BD019B1B
S1135EB018AC210004201593FEF7AAFB052016A9AF
S1135EC0FEF7A6FB0023E75E1A9B0893199B099330
S1135ED01B9B0A9317B3012F29D139000898FAF7AD
S1135EE013FC0590144CFBB20399F8B20E93FBF724
S1135EF043F923000B9048331B78104E1093169BE4
S1135F000C9315AB0493002302936B461B7A069300
S1135F10069A109B934213D86523C4E742F210718A
S1135F20099B5A000A9B5B189B180593DAE7012327
S1135F305B42FAE7E85B0020205A00200C5A00205C
S1135F403379002B00D1DDE1069A05990C98FAF714
S1135F50F7FB049B12901B8809980F93012F03D120
S1135F6000210898FAF7D0FB3568D44A2B002A336D
S1135F701B78D249DB009A5C5B18119200221393C0
S1135F80119BD1B2994200D277E104226B690B993B
S1135F908B429B410F995B421B0119430B001299E1
S1135FA019430A43049B95B21D80002D00D0A9E13A
S1135FB0236C002B00D17BE1A31DDB8FC04ADB00E7
S1135FC0D3581B8D049373B3FEF776FEA66BE76B71
S1135FD0236C1A009C462B0092197B410226002751
S1135FE0B6185F418F4200D95FE102D1864200D9E1
S1135FF05BE102267642F717B61A9F4136184F41E5
S1136000A31DDB8FAE4ADB00D3586046198DFAF727
S1136010B5FB01230FB9B04200D800235B019BB24A
S11360200493236C8BB3A31DDB8FA54ADB00D358E9
S11360301B8B53B3FEF740FEA26BE36B0F000021F2
S11360400600206C801859410222002312184B418B
S1136050BB4200D92EE102D1B24200D92AE1022288
S11360605242D317121A8B4192197B411000190026
S1136070A31DDB8F924ADB00D3581A8B012309B985
S1136080824200D800239B019DB2049B15AF2B4391
S11360901D00029B5B000493DD53CDBB029BDE001D
S11360A0874B9A5940F2E733D2699A4230D917A9FB
S11360B00120FEF721FA14AAD11C2800FEF71CFACD
S11360C07F4B012099592431FEF79CF97C4B711DBB
S11360D0C9182800FEF796F940F2E831784B0E987B
S11360E09A59D369B3FBF1F32021525E9BB20C9908
S11360F000F002FD060017A90120FEF783F914AB96
S11361002800D91CFEF77EF916B98023049AD353CC
S1136110029B15AA5B009B5A002B00D0E8E0FEF717
S1136120CBFD0B9B069A2364A31DDA87029B644A6A
S1136130A063E163DB00D35818A91B7C88788978B5
S11361401A1C49B25BB28B4200DD021C00234734A7
S1136150E35650B2834203D002212270FEF74EFD73
S1136160079B002B00D19FE640F20121554E080009
S113617002F030FC3278544B012A00D0CAE0C73315
S1136180039A18AC1A7002F0BBFB0E232380FEF7AF
S11361903FFB02212000039B079AFEF7E5FA002546
S11361A0FBF7ECF80422494B49481A70FEF7E2FF6A
S11361B0FEF7D6FB0322210083202580A570FEF77D
S11361C041FB444C444B20001F68FEF7D3FF2000E2
S11361D027606760FEF71CFF0422404B404C377871
S11361E01E682368134234D03E48FBF77BFC2A0028
S11361F003213800FBF7B2FE3B48FBF773FC2A008F
S11362000321207EFBF7AAFE3748FBF76BFC2A002C
S11362100A21E069FBF7A2FE3348FBF763FC2A007E
S11362200A21206AFBF79AFE2F48FBF75BFC2A0041
S11362300A213000FBF792FE2B48FBF753FC1F208A
S1136240631D18562A000321FBF788FE2748FBF735
S113625049FC2368DA0709D5079A039922632200C7
S11362603432117022002C32A66217705B0602D5FC
S1136270042338342370002315E6139B59680D91C9
S11362800C210D9B51439C468C44595EB94208D164
S1136290634659680A9B8B4203D1634699688142DD
S11362A001D001326CE6002270E600260027A7E642
S11362B00495B6E600200021DAE6C04684D6000044
S11362C00C5A0020E55B0020E45A0020074000201F
S11362D0F85B00200C5C0020705A0020E05B00207A
S11362E07C5A0020E3CC000082CC000074CB000078
S11362F06022134201D06623D5E51B0600D40BE6C9
S11363006723D0E5029B083601330293049B0233D2
S11363100493FAE5C03333E770B540F2E836114B25
S11363200D005C7B56430323CCB9FEF7D5FA280055
S11363300221FEF763FCFEF713FB21002200D120AB
S1136340FEF780FA0422084D084B28001A70FEF765
S113635011FF28002E606E60FEF75AFE230018001D
S113636070BDC046E85B00200C5C002007400020A4
S11363701FB56B46D8711348FEF7FCFE1248FEF7B2
S1136380F9FE6B460122D91D8020FEF75BFA6B46AD
S1136390DA790E4B9AB9013269461A702023932098
S11363A00B7303A9FEF74EFA01236A465B429381FD
S11363B0022203A91000FEF745FA05B000BD02222F
S11363C01A70F1E70C5C0020F85B00200740002005
S11363D0002010B5FFF7CCFF034B1B6813B15B68BB
S11363E003B1984710BDC046245C0020002010B5BE
S11363F0FFF7BEFF034B1B6813B1DB6803B198477B
S113640010BDC046245C002010B50A4B0A4C987A93
S1136410FFF7AEFF23685B060AD5383423783BB117
S11364200648FBF75FFB0648FBF75CFB0023237081
S113643010BDC046E85B00207C5A0020E8CC000078
S113644074CB0000F0B591B0079317AB1B8817000D
S1136450019318AB1B880AAA029319AB1B7803910A
S113646004931AAB1B78040005931BAB1B780693AB
S113647031239B18DB7F099335239B18DE7F9A4BCE
S11364805B7BB3B10AAB0021981D122205F034F9ED
S1136490039B0BAD2C800C93079B0D972B73019BD7
S11364A02900EB81049B03202B74069B6B74FEF77D
S11364B079F88E4B1E7073425E41029B76423340E4
S11364C00293049B0BB9FF330593894B059A1A7009
S11364D074B1012C00D16BE0864B1A68920704D08A
S11364E0039A9F601A71029A9A81002011B0F0BD3C
S11364F0814D0AAB991C01229F200C70FEF7A2F972
S11365002B00E8331C702B00EC331F602B000B2294
S1136510F43303981A70FAF77DF82B00F5331870EA
S11365202B00B8331C70019B0499DA002B00BA339A
S11365301A802B0041F60402BC331A802B00BE33B0
S11365402A001C700123BF32594011702A0005999A
S1136550C0321170069A02B1F1332A00C1321370AD
S11365602B000122C233E8351A70FFF74DFF28785B
S1136570431E9841C0B2FEF799FA02F06FF902F097
S1136580BFF95E49082224310BA805F070FB0822EC
S113659040F2C0600BA9FEF71BFA02F047F941F67E
S11365A04073029A5343B3FBF7F3554A136093E7DE
S11365B00AABD91C0023504D22009F200B70FEF71C
S11365C041F92B00E8331C702B00FEB2F833039A18
S11365D01E704C4B39009B5C1000053E0893FAF783
S11365E05FF8012E07D86B46019A9B880C2A00D2CB
S11365F00C239BB201932B00089AF9331A702B00D9
S1136600079AFA331A702B00FB3318702B000122FF
S1136610B8331A702B00019AC4331A802B00049AE1
S1136620C6331A702B00059AC7331A702B00069ACA
S1136630C8331A702B00099AC9331A70FFF7E4FEA5
S11366402B00E8331878431E9841C0B2FEF72EFAA7
S113665002F004F902F054F96B461B7A01936B467D
S1136660019A1B79F82A04D94DF2F003C0F2000311
S11366701B780133DBB25B10DEB21F2B2DDD03363A
S1136680B6083200630001339A400BA90A70A020B7
S11366900122FEF7D7F8019B33B1F600A11940F2AD
S11366A00670C9B2FEF7C8F9C9352B78042440F244
S11366B03670012B13D1FEF797FAA043C1B240F212
S11366C03670FEF7B9F9029A534253410E4A5B42BF
S11366D013404FF6FF729B1867E70024D1E7FEF7DB
S11366E083FA0443E1B2EAE7E85B0020785A002029
S11366F0064000207C5A0020E45A0020FCD7000009
S1136700745A0020DCD600000100FFFFF0B58FB002
S1136710019314AB80CB02911B780592069316ABC0
S11367201E8817AB1B780500039318AB1B780493E2
S11367301BAB1B780793754B5B7BF3B108AB15223E
S11367400021D81C04F0D8FF029A08AB9A701D806F
S1136750059B069A0993019B0B970A9308AB1A743D
S1136760039A19001A75049A5E825A750420FDF77B
S113677019FF674B029A47331A704DB1012D57D058
S113678040F68900FEF730FA04210143C9B2A1E0C2
S1136790604C0B222300E8331D702300EC331F6090
S11367A023000198F4331A70F9F734FF2300F5330A
S11367B018702300059AF0331A602300B8331D7053
S11367C02300F600BA331E80230041F60402BC33D2
S11367D01A802300BE3322001D7001230399BF32A7
S11367E059401170049A02B1F1332200C13213707E
S11367F023000122C233E8341A70FFF705FE207823
S1136800431E9841C0B2FEF751F902F027F802F096
S113681077F841490822243108A805F028FA08220B
S113682040F2C06008A9FEF7D3F801F0FFFFA7E724
S1136830384C019A2300E8331D702300FDB2F8336D
S11368401D70364B39009B5C1000053D0593F9F72C
S113685027FF012D04D8331C0C2E00D20C239EB22A
S11368602500059BF9352B702300069AFA331A701C
S11368702300FB33187023000122B8331A7023005D
S1136880C4331E802300039AC6331A702300244A9B
S1136890C73312781A702300049AC8331A7023007D
S11368A0079AC933E8341A70FFF7AEFD2078431E07
S11368B09841C0B2FEF7FAF801F0D0FF02F020F8D8
S11368C02B78062B00D05BE740F68900FEF78CF9A5
S11368D0FB21014040F68900FEF7AEF80221029840
S11368E0FEF78CF90F4B1C9A1A6005220E4B19689F
S11368F0114207D0019ADF611A761C9A1A62029A31
S11369000533DA7700200FB0F0BDC046E85B002005
S1136910205A0020E45A0020FCD70000DCD60000F6
S113692006400020705A00207C5A002073B51C4E8B
S11369303578082D29D100221A4B01245A701A7077
S11369406B462200D91D9D200C70FDF77BFF164B72
S11369501B78A34201D1FEF71FF86B460122991D53
S113696096200C70FDF76EFF3470104C23685B06A4
S11369700AD5082D0FD10E48FBF7B4F80D48FBF7E4
S1136980B1F801233834237073BD002DEDD12800F4
S1136990FFF7EEFCE9E7002DF6D10748ECE7C04627
S11369A007400020215C0020D05A00207C5A00209F
S11369B0F7CC000074CB00000FCD0000002213B50B
S11369C01100041CC020FEF7D1F8602318402028D1
S11369D002D00020FFF7CCFC134B00210020185EEE
S11369E002F0EAF96B46A207D91D6307DB0FD20F49
S11369F052009B001343E207D20F13438420012269
S1136A000B70FDF71FFF04210B00084A23402142AD
S1136A1002D00023137013BD08211170044A1370AF
S1136A20044A1360044AF5E7BC5A002007400020DA
S1136A30E45B0020E05B0020E55B002010B504204F
S1136A400B4CFFF7BBFF40F2E8310220FCF7ECFFF0
S1136A5023685B060BD538342378022B07D005480E
S1136A60FBF740F80448FBF73DF80223237010BD00
S1136A707C5A002027CD000074CB000010B5002004
S1136A800B4CFFF79BFF40F2E8310220FCF7CCFFF0
S1136A9023685B060BD538342378032B07D00548CD
S1136AA0FBF720F80448FBF71DF80323237010BDFF
S1136AB07C5A002038CD000074CB0000052213B5A9
S1136AC004000B4B0B481A70FEF754FB942140F65C
S1136AD0AC00FDF7B1FFFDF743FF01A9230C0B70D8
S1136AE00322230A82204B708C70FDF7ABFE13BD8A
S1136AF0074000200C5C0020F0B587B0049102929E
S1136B000593322B00D9CFE0694C00212600F536DD
S1136B103378080003932300F9331D7801F05AFFFA
S1136B20644B1B780193012B57D1634B5E683EB9CC
S1136B3033006249DA0052181168A94249D15668F3
S1136B40FFF762FC0020FDF7B1FF23000025E833C6
S1136B5030001D70F9F75EFD2300F533187001F065
S1136B607DFE2300B8331D7001F0CAFE0498FDF7C2
S1136B70D9FE5348FFF7A2FF524BDD88ADB228007F
S1136B80F9F7EAFE0028FAD0FEF704F8029B0500A4
S1136B900027984232DA40F2E837059B5F43494BBD
S1136BA0DB889BB20593FDF7F5FF029B0500984235
S1136BB023DA0598F9F7D0FEBBB29842F3D3FDF778
S1136BC0E9FF029B05000127834200DC0027FFB296
S1136BD014E001330A2BACD1B2E7FFF715FC364BB6
S1136BE0586840B123000022E8331A70F9F712FD07
S1136BF0307001F033FE0026B8E70027FFF704FCED
S1136C00019B012B42D1FDF741FF2300039AF53389
S1136C101A702300019AE8331A7001F01FFE019BD9
S1136C20B834237001F06CFE274B1B681B072AD570
S1136C302648FAF757FF002203211000FBF78EF9CC
S1136C402348FAF74FFF00220A213000FBF786F9A8
S1136C501F48FAF747FF00220A210498FBF77EF940
S1136C601B48FAF73FFF002205212800FBF776F9BD
S1136C701748FAF737FF380000220321FBF76EF9B3
S1136C801448FAF72FFF380007B0F0BD0A4B5B68D1
S1136C90002BC9D02300039AF5331A700023E8347B
S1136CA0237001F0DBFDBFE7002635003700BBE7AA
S1136CB0E45A0020E55B0020E85B0020E8D60000F1
S1136CC0FFFFFF00FE260A407C5A002049CD000049
S1136CD082CC000074CB0000F0B585B0FDF7D6FE81
S1136CE0002140F6E2060027080001F073FE3000A0
S1136CF00397FDF779FFFE2140F6E5050140040006
S1136D003000FDF799FE2800FDF76EFF7F2101900A
S1136D1001402800FDF790FE0B48FFF7CFFE042248
S1136D2003A940F61900FDF74BFF3800FFF720FBDD
S1136D3021003000FDF780FE28000199FDF77CFE5C
S1136D40039805B0F0BDC046FFFFFF00052213B550
S1136D5004000B4B0B481A70FEF70CFA962140F610
S1136D60AC00FDF769FEFDF7FBFD01A9230C0B70D8
S1136D700322230A82204B708C70FDF763FD13BD40
S1136D80074000200C5C002037B540F2422104008B
S1136D90080001F01FFE44B10D4D2800FEF7EAF98A
S1136DA028002C606C60FEF733F90A4B1B785BB14A
S1136DB06B46D91D4023932001220B70FDF742FD41
S1136DC00020FFF7C3FF37BD034B18688001F8E7C5
S1136DD0F85B0020785A0020745A0020F0B5824BEA
S1136DE007005B7B91B04BB97F4B5B7A002B00D1E2
S1136DF08BE03800FFF7C8FF00202FE008ABDC1C55
S1136E0002202100FDF704FC2578032035BB0BACE0
S1136E10210003200995FDF7FBFB05200AA9FDF7D6
S1136E20F7FB0022A35E009313B96368039307E0A2
S1136E30009B012B14D119006068F9F765FC0390DD
S1136E406A4B48331B7807930A9B0593684B02935C
S1136E5009AB0193079B9D4205D1642011B0F0BD9D
S1136E6001235B42E2E7029B1B793BB9029B01359C
S1136E7008330293019BEDB20233EAE72A00039937
S1136E800598F9F75DFC019B1B881843019B84B2AC
S1136E901C80002CEAD1029B564A1B682A331E78B8
S1136EA0F600B35CB118009A04932300012A27D199
S1136EB021000C98F9F728FC40F20C0C4D4B0D996D
S1136EC00690F618049AE3B29342CFD26346634322
S1136ED07068C218C35E012B07D15368994204D16C
S1136EE09368069A9A4200D17EE70134EAE70C20BF
S1136EF058434A680133825E0098904200D173E798
S1136F000498DAB28242F2D3B0E740F24221080098
S1136F1001F060FD47B1384C2000FEF72BF920004A
S1136F2027606760FEF774F8344D2B78002B57D038
S1136F3040230BA9932001220B70FDF783FC002052
S1136F40FFF7BCFD2E4B2F4C1E782F4B1B68009374
S1136F5023689B0737D52D782C486B425D41FAF79F
S1136F60C1FD002203213000FAF7F8FF2848FAF7A0
S1136F70B9FD002203212079FAF7F0FF2448FAF73B
S1136F80B1FD00220A21A068FAF7E8FF2048FAF7C9
S1136F90A9FD6D4200220521A089FAF7DFFF2F40E9
S1136FA01B48FAF79FFD00220A213800FAF7D6FFA2
S1136FB01748FAF797FD009800220A21FAF7CEFF46
S1136FC01448FAF78FFD2368DA0702D5009A26756C
S1136FD022615B0600D40FE70523383423700BE7E6
S1136FE00D4B18688001ABE7E85B0020205A0020B5
S1136FF00C5A002084D60000F85B0020785A002048
S1137000E55B00207C5A0020E05B00204FCD0000AF
S113701082CC000074CB0000745A0020F0B585B017
S113702072B6BFF34F8FBFF36F8F00229E490B7868
S11370300A70DBB262B6BFF34F8FBFF36F8F002BC2
S113704000D1F2E003AE310002321220FDF78EFDD2
S11370500123022235885B423100100033806DBA6F
S1137060FDF7F0FBADB272B6BFF34F8FBFF36F8F76
S11370708E4B2820185E01F091FE0400012803D1F4
S1137080FAF702FD884B1C7062B6BFF34F8FBFF353
S11370906F8F40232A0001241A40854B01921A80E5
S11370A025420AD08348FEF765F8834B1C70834B56
S11370B01B6813B11B6803B198470224254200D111
S11370C08AE07F4B1F78A7B97E48FEF753F8012268
S11370D0794B390040F602101A70FDF7ADFC40F60A
S11370E04410FDF781FD0443E1B240F64410FDF77E
S11370F0A3FC022231001320FDF738FD724B1F78E8
S1137100012F27D1714B1B78012B23D140F2027040
S1137110FDF76AFD00901E233370FDF779FB6C4C7C
S11371200221009B6B4A3000FDF7D0FCFAF726F9E8
S1137130032231001420FDF719FD27706FB1012FD0
S113714000D177E01B220021634804F0D5FA0F2315
S113715023701FE033780093DDE7337823715F4BAE
S113716072781B7852085BB29BB29A1A111C12B245
S1137170803201DA4FF68071218103AA9278520895
S11371809B1A1A1C1BB2803301DA4FF6807200235B
S1137190E280E360019B13B1504B1B7A73B1474B00
S11371A01B685BB19E684EB12378002B64D1082321
S11371B00621625EE35600994648B047404B1B786F
S11371C053B13D4B1B78052B06D1444B587A00280C
S11371D057D00020FFF7BAFD019B2BB1374B1B683A
S11371E013B11B6903B198472B060AD50122324B10
S11371F01A70324B1B6823B19B6913B1280A1040E3
S11372009847AD050ED52C4C2378042B3CD1294846
S1137210FDF7B0FF01232370284B1B6813B15B6893
S113722003B198470023224A13801F4B1878C0B239
S113723005B0F0BD294B32781B7852085BB29BB283
S11372409A1A111C12B2803201DA4FF680710122AF
S1137250218203A98A5602329210A2748A785208B3
S11372609B1A1A1C1BB2803301DA4FF680721C4B36
S1137270A2821B68A3618DE712231021625EE3568C
S113728099E7FFF71BFCA7E7052BCBD10C4B1B7829
S113729023B90C48FDF76EFF01232370074B1B68CD
S11372A0002BBFD0DB68BBE7205C0020E45A002041
S11372B0085A00200C5C002007400020245C0020B9
S11372C0785A0020F85B0020E55B0020E458002099
S11372D0EC58002008590020ED580020E85B0020FD
S11372E0E858002010B50E4C2000FDF743FF2300A2
S11372F0227EF93BFF3B1AB140F20F22012199543F
S113730040F28C229A58E0321278022A05D140F2D7
S11373108921585C1E3202435A54F9F7E3FA10BD2E
S1137320C855002010B50B4C80232200FC32916C10
S11373300B43936440F21023E35C0BB1FFF7D2FFDD
S113734040F289212223625C9A4313436354FAF77F
S113735003FA10BDD053002010B5154CE37A5B0737
S113736008D51B2300210320E372FDF76FFD08B944
S1137370F9F702FBE37ADB0719D51E234FF6F07207
S1137380E372A388A08899B28342FAD19142F8D8D3
S1137390084A136810331360074B1B78012B06D976
S11373A000210220FDF752FD08B9F9F7E5FA10BDF6
S11373B000380A40F8510020285C0020F0B597B04E
S11373C0049340F28C23C94C0892E35800251A0018
S11373D0069011A805700291E23212780CAE427048
S11373E01A00E4321268426040F2F412A258139276
S11373F01A00E832128852BA82811A00FF32517A96
S11374001B788173527F03740FABC27331000093F6
S11374100DAA0EABFAF788FF00203056FAF758F998
S1137420B34BFC33DB680F2B00D94FE1984200D2F9
S11374304CE1029AD218C31ADBB2904200D246E160
S1137440F9F718FA01250600002800D043E1A94BFA
S113745018221B783100A8480593FBF781F940F204
S11374604923E5543B3BE554023BE654049B002B83
S113747000D1AFE16D19012B00D02CE140F28C2337
S1137480E358FF335D7A0423039340F20D23E5545C
S1137490039B08AA5B0109930223137740F28C2310
S11374A0E6580FA93300FF335B7F30789377FAF700
S11374B09DF833000B90E2331B78D3B96B461B7DE8
S11374C0071C5BB240B2984201DA6B461F7D08ABE1
S11374D01F743300FF335B7F08AA9374307805224E
S11374E00CA9FAF725F90325002800D1F3E0E936C1
S11374F0377040F29823E3181E685F6833003B43FB
S1137500B3B1FDF7D9FB02000B008F420AD801D1B9
S1137510864207D8921BBB4111001BB941F6407348
S1137520994205D940F28C230021E258FD3BD15405
S113753040F28C23E35840F2B4111A00E832128866
S11375400726059255BA1A00E43212680D92595C66
S1137550002900D115E140F22C11595C31B91E000B
S113756000200021A136FF36306071601900E2313D
S11375700F7840F28F1111A8595C426040F2F41266
S113758007910121A2584770017013921A00858156
S1137590FF32517A0B258173527F08A9C2730A22E4
S11375A0521809211B7808AE037408ABED180DAB13
S11375B0009389192B00FAF7B7FE079B80015B0142
S11375C01843FB01184340F28C23E75807903B0013
S11375D009202A783056E933DA77B27A1870013BF9
S11375E01A70002340F21021238000236354069B69
S11375F024255A1E9341029A5B421A406B4602921A
S11376001A7A40F23813E2546B465B191D78039BD7
S1137610A570022B01D00123635426000423FF36F6
S1137620737123003549FC33D960FF21B573089D7C
S1137630717329316554F96C59610799717540F278
S113764030116254069A00211A6322002C4BFE3238
S11376501B68DB680133138340F24C22A1520C32C5
S1137660A350234BFC33DD680E95002D3CD0FAF774
S11376702FF840F238130390E35C0293002B43D0BD
S11376800F2D41D8E9203856FAF722F8029B5D19EC
S1137690ADB2A84238D30F201A4A0EA9FAF718FF40
S11376A0E0B1102640F28C23E358059AE8331A809F
S11376B00A2E66D10A2540F24823049AE25440F285
S11376C089220123A15C0B43A35404E02B00082569
S11376D0834200D0B4E6280017B0F0BD0F220E9B01
S11376E01340079A1A43727500252BE0D0530020EB
S11376F084520020D451002018560020D253002078
S1137700A0530020E85400203A0030320398FF329E
S11377100EA9FAF7DDFE0028C3D140F22813220097
S1137720E0546533FF33E358FC323033FF331363E3
S113773040F230130E9AE2540833E25C002AD3D0AC
S11377400A25E0540020FDF777FD06000028A9D1A2
S113775040F28C2340F28F12E35898540D9AE4338C
S11377601A601D4B1E6816B9002DA4D0A2E730790B
S1137770FAF7C8F8376810B9300001F047FB3E004B
S1137780F1E740F210230025E554144B0E93144BFB
S113779011930EABE85C0DA900F07CFF0D9B4BB17F
S11377A00D4A11ABEB5C106810B102799A420FD10B
S11377B001F02CFB0135042DEBD10120FAF7CAF8B6
S11377C040F289222023A15C35000B43A35482E7B5
S11377D00068E9E7022357E68452002003080B0CF3
S11377E0020D10121F4B73B51A003C333D3214784E
S11377F01D78F8F7D5FEC6B2012E2ED16B4601A82E
S1137800991CF8F7F1FE6B4602215B5E019A012B8D
S113781023DD0021515622291FD13100501C565618
S1137820222E16D10AB2013B9A4216DB6B4601396D
S113783089B2598089B12B002200C9B2FFF7BEFD7D
S113784068B9094B1B689A88084B1A80084B188042
S113785076BD01310EB29E42E1DB0420F8E7FAF76F
S113786081F9FAE79451002008400020F4500020E8
S1137870F6500020224BF0B51A003D32127887B042
S113788003923C331B7805A8029304AB9C1C210093
S1137890F8F7AAFE0023E55E059EABB2012B02D8E1
S11378A0042007B0F0BD01222C0014401542F7D18A
S11378B0D3404FF6FF77019360003018F9F772F860
S11378C0B842EDD00F4B019AE31801341870A3B2FB
S11378D09342F1D3E90F49194910029B039A0948CD
S11378E0C9B2FFF76BFD10B1FAF73CF9D8E7064BC4
S11378F01B689A88054B1A80054B1880D1E7C0464F
S113790094510020E64E002008400020F45000204E
S1137910F650002010B586B0F8F742FEC0B2D8B9D0
S113792008236A4668461370FEF79CF90B4C68B945
S1137930030002000100FFF741FD38B90123084AA2
S1137940138022781343237006B010BDFAF70AF9A6
S113795001222378934323700420F5E7E54E0020A9
S1137960F650002010B586B0F8F71AFEC0B2E0B9A0
S113797003236A4668461370FEF774F90C4C70B919
S1137980030002000100FFF719FD40B90122094B71
S11379901A80022322781343237006B010BDFAF72D
S11379A0E1F802222378934323700420F5E7C046CC
S11379B0E54E0020F65000201F21012201408A409C
S11379C010B54309034960339B005A50FCF706FD88
S11379D010BDC04600E100E040F21A2370B5114A20
S11379E0114D8168EA5204000620F9F78BFA40F23F
S11379F08013A522EF21EA500C4B953A5A70597026
S1137A005A705B78934200D1C0460320A168F9F70D
S1137A1079FA63681A781AB111201856FFF7CCFF67
S1137A2070BDC04680AAFFFF00C07E40FFC07E40FC
S1137A30030000223C3310B51A7040F21A23074A9F
S1137A400400D35A0BB9FFF7C7FF0122044B2000EF
S1137A509A6200229A62F9F7BFFA10BD00C07E4014
S1137A60FCC07E4010B5FFF7E3FF002010BD00000E
S1137A7030B585B0F9F7FFF81C4B8000C458A06BF3
S1137A80F9F7D8FA142808D040F2F013184A616BB9
S1137A90D2580B001340114212D02000FFF7C8FF48
S1137AA00723200001AD2B70F9F796FA626853683A
S1137AB0A3B1D268280003920022029298470DE0F5
S1137AC022003C321278012AEBD0042A08D1226B1E
S1137AD00123002AE5D02000F9F7F4F905B030BD00
S1137AE0044BDB6A1B07DB0F0233DAE7C04D0020CF
S1137AF000C07E40FCC07E40F8B5050008001600BA
S1137B001F00F9F797FA0400142804D12800FFF79E
S1137B108FFF2000F8BD40F2F0133400044AD3581C
S1137B201C401E42F5D02800FFF782FF3C00F0E71E
S1137B3000C07E4070B503634368C2621E780025AE
S1137B4033005A1E934102009B003C328162137041
S1137B50436904008363FFF73FFF0D4B5D71236BA3
S1137B6063B99DB92000F9F737FA0FE01823122200
S1137B702000A16BFFF7C0FF0500F0E735B9200036
S1137B80F9F7A0F9002EF1D012236363280070BD29
S1137B90FFC07E40F7B5070000253C373D70040068
S1137BA016000191FFF718FFFF23019A19499A4320
S1137BB01300194A26639B18A3624D71190C8C4655
S1137BC0604632021549013AD2189BB248824B8171
S1137BD0130C9C466046124B92B2586284234A832B
S1137BE00C4A537563681B786BB9216A1122200013
S1137BF071431933FFF780FF050010B92000F9F72E
S1137C00EBF92800FEBD01233B7010336363236A44
S1137C10A363F6E7FFC07E400000F0BDFEC07E40D7
S1137C20FCC07E40F7B5070000263C373E700400D8
S1137C30150001910093FFF7CFFE1C4B019A9C465F
S1137C401B481C49624446716B1E160C4E829B18DD
S1137C50194E92B24A811A0C9BB272624B838323EF
S1137C60437563681B784BB10523009A3B70033B53
S1137C701370A369A36300252800FEBDA16940F227
S1137C80F813694310222000FFF736FF050040B9BE
S1137C90F36A009A1B07DB0F20001370F9F79CF9B5
S1137CA0E9E72000FFF7C4FEE6E7C0460000F0BDA8
S1137CB0FFC07E40FEC07E40FCC07E4070B5040024
S1137CC0FFF78AFEE3683F2040F2D81209491F2BD0
S1137CD00BD9203B5B081F338D58034085432B434E
S1137CE020008B50F9F778F970BD1F25013B2B401C
S1137CF08D58F3E700C07E400A7810B50B000400ED
S1137D0041602AB111202200097C1856F9F7ECF9D8
S1137D10230000223C3320001A70F9F7FBF828B93D
S1137D202000FFF7CBFF08B9014B236010BDC0460C
S1137D304E45504F10B50400F9F7ECF810B9200087
S1137D40FFF7BCFF10BD10B50400F9F7CDF9200012
S1137D50FFF732FE10BD000030B5EFF310820123AF
S1137D6083F3108898400B49435A1BB10B5A013BCB
S1137D709BB20B520B5A53B940F6FE01064C074B0B
S1137D80655A185A064B2B4383439BB2635282F3C2
S1137D90108830BDB04D002000E001409CD30000AD
S1137DA000A5FFFF70B5EFF31081012383F3108862
S1137DB098400A4A835A53B940F6FE04084D094EC6
S1137DC02B5B865B33434AF2005633432B53135ADF
S1137DD001339BB2135281F3108870BDB04D002063
S1137DE000E001409CD30000030010B503240A4ABC
S1137DF00A4811680333A34308185B1840F2004192
S1137E008B4206D903F0C6FC0C23036001204042D8
S1137E1010BD1360FCE7C046AC4D0020804000203C
S1137E200338052300B504280CD80C4B1B6804F058
S1137E30E5F8030B0E1012001A690A601A001032DA
S1137E405A620023180000BD5B690B60F9E79B6967
S1137E50FBE7DB69F9E71B6AF7E7C046A05300209C
S1137E60C21E0300002170B50C2A0ED8012425007F
S1137E708540074AE0321088A84310800C225343FF
S1137E800348181803F038FC2100080070BDC046F0
S1137E9080560020094B0A4A1B6810B5934209D842
S1137EA040F60B03074A0120D35C03B90220FBF719
S1137EB0DFFC02E0044A9342F8D910BDBC4D002017
S1137EC080841E0000E0014000366E01F0B595B0DC
S1137ED00792002201910CA9CA710EA902900A808E
S1137EE0012B04D817000492019B9F4201D315B0C3
S1137EF0F0BD029B7D1CD85DEDB202381128F6D886
S1137F0004F086F812002F0032015001BC01D701A1
S1137F101A0243027D02F5FFF5FFBB02F5FFF5FFF0
S1137F20F5FF3103F5FF4803019B019C5B1B012B0B
S1137F302ADD0320F9F728FD80B103210020F9F799
S1137F40EDFC029BCB4A595D40F27023D154029957
S1137F50BB1CDBB2C95C40F27123D1540337FCB2C1
S1137F6012E03C00019B1B1B042B00DC20E30534C6
S1137F70019BE4B2A34203D9029B1B5D032BF1D006
S1137F80019B9D4202D12C002700ADE740F28C23D7
S1137F90B84AD3581A00E23212780892002A71D0F3
S1137FA0049A002AF0D1019AD21BD2B294461A78CC
S1137FB00692062A00D0C0E06A1E0A921A00002522
S1137FC0E9325557013A1278FF3352B205925B7A7F
S1137FD00B9300231E000393099304930724049A2C
S1137FE0624552D3089A002A00D0F1E26B462C3243
S1137FF09B1800222E009A56059B0F2D00D18DE070
S1138000002D18DB052E16DC002140F2010C03982C
S11380106546084128420BD00C204843964D401930
S1138020007A05072D0FB54202DC0009B04275DA6B
S113803001311029EBD102218C430F2B00D0E3E254
S1138040D3B206930CABDC71072C15D140F28C2310
S1138050884A0021D3581A00E9325156B14203DA52
S113806040F2BC110120585416701A000599E832E8
S11380701170069AFF335A720525049B0024B3FB42
S1138080F5F569E040F2050C91E7049A0A99029823
S11380905118029A5218415C0329A3D1D1789078DF
S11380A00902014307200F230391117956780A0925
S11380B0024008300840049933400531C9B23609FA
S11380C009900491062A15D0069C002A87D10399A9
S11380D0002984D00C24039901201141014205D0C8
S11380E021005143644809180968A9B10132102AD2
S11380F0F1D173E700220C20010051435E4C0919B1
S1138100096829B101219140039C0C43A1B2039158
S11381100132102AF0D161E7069C60E70F2B00D1F1
S113812062E2002105918B4200DA5DE20593072BA0
S113813000DC59E204239C4382E700231E001C0058
S11381400493069305937DE70CAB01220320D91D0C
S1138150FAF790F90134E4B2AC42F5D1049BFC186F
S11381600123E4B204930FE7019CAC4200DC0BE76B
S113817040F28C233F4A0420D1580F22029B02373D
S11381805B5DFCB213401E32FF328B542C3AFF3A33
S11381909A40130040F290128B5200220EA9FAF773
S11381A069F9F1E6019B019C5B1B032B00DCEBE608
S11381B007220CAB9B181A70029B40F28C205B5D6B
S11381C02C4C1909114011AA039151700F21205808
S11381D00B40B91C1370C9B205900F2B03D10300D7
S11381E0FF335B7C1370029B0322591812A8F9F722
S11381F07BFB6423129D05375D43059B11AE1B7801
S1138200FCB27560062B10D000200CABD8710EA9FF
S1138210087001220520FAF72DF940F28922102373
S11382201448815C0B438354AEE62800F9F766FAE0
S113823031780630C0B2052901D902239843039A44
S11382400CAB0733052A03D9042290431870DEE7E8
S113825018700728DBD140F28C23064A039ED358BA
S11382601A00FC33FF3296721D61517451769D6180
S1138270CDE7C046D053002080560020CD4BFF20D0
S11382801B6D13B11B6803B198470CAB18721F2305
S1138290079A9A4205DC0133203202DB079A1F3326
S11382A013400CAA53720EA902220620FAF7E2F830
S11382B069E6019B019C5B1B042B00DC64E6032242
S11382C00CABDE1DB91C029BC9B2591811A85D5D27
S11382D03270F9F709FB642311990298594300237A
S11382E0BC1D0537FAB2825C0CA811911293027777
S11382F040F28C22B048E4B282581278062A15D192
S113830029B92800FFF7ACFD78B103230EE011ABC7
S11383100FA80F930571FAF775F80223042805D006
S1138320013B052802D00028EFD000230EA901222A
S1138330072033700B7032E7019CAC4200DC23E66B
S113834040F28C239C4E0237F258029BFCB2595DDA
S11383500F2319400B1C01B90123D9B240F2E833B1
S11383604B431100F8310B6040F2E831FC325B18EA
S11383701360082000220EA9FAF77CF840F2892243
S11383801023B15C0B43B354FEE5019CAC4200DC0A
S1138390FAE50F21029B01265B5D023718095A0991
S11383A00B4040F28C21324006408348FCB24558D1
S11383B029780391062900D1E6E52900FF318A775F
S11383C07E4A2F00D05C4E7704F074FB02230CAA83
S11383D0FC37786211A9137596750398F9F706F9B5
S11383E000210F90E9356956031C40B22A7888426F
S11383F000DA131C002209202B700EA9CFE6019B82
S1138400019C5B1B032B00DCBEE503220CABDA7181
S1138410029BB91C5D5D11AEC9B23570591812A822
S1138420F9F762FA64230537FCB2129F624E5F4388
S113843040F28C23F35800201B781297062B0DD1A1
S11384400F2D0BD83800F9F759F90C236B435C4A0C
S113845002309A58C0B242B9022398430CAB0EA919
S1138460D871087001220A2086E7032803D1544AF0
S11384709B185F60F2E70220F0E7019B019C5B1B05
S1138480042B00DC80E50820F9F77EFA002868D088
S113849008210020F9F742FA0822002111A803F06C
S11384A02BF9029B0422591911A8F9F71DFA029A13
S11384B07B1DDBB2D25C40F2E83353431B12119DA7
S11384C00393404B404EED18FCF7F6FB40F2E832C4
S11384D0002303F0EBFDB4883368A41840F2E732BC
S11384E01818A3B224B2944203DD384A01309B1811
S11384F01CB2314B304AFC331B6CED1A40F2401372
S1138500D35A039AD31A99B21AB21B0404D540F26F
S1138510E833C918013D0AB2A41840F2E732A3B205
S113852024B22D18944203DD284A01359B181CB24D
S1138530FCF7C2FB40F2E832002303F0B7FDA41AB3
S1138540281AA3B222B2240404D540F2E8329B18BC
S113855001381AB240F23C23B2800122164930603D
S1138560CA540637FBE4019B1C005D1B032D00DC91
S11385700AE500230EA9012211200B70F9F77AFFF6
S113858040F2892210230C490537885CFCB203436E
S11385908B54F9E4019B1C005D1B022D00DCF3E409
S11385A0002304370EA901221320FCB20B70F6E558
S11385B0019CE9E4CC540020D0530020D4DB00001B
S11385C080560020803DD512C053002018FCFFFFC8
S11385D06A4624215218127852B20F2E00D011E5A7
S11385E02E000F2B00D0A1E5072C00D028E502B9FE
S11385F00132084DD3B20021022228000693FAF773
S1138600AFF8039B2B801DE5002B00DB8EE50023D8
S1138610059315E560570020002370B583608369D6
S113862005009A681968120AFBF7F4FB040018B9EC
S11386302800FBF719FC040028002100FBF781F84F
S1138640200070BD10B504000020FFF7ABFB0A4BFF
S1138650A400E258012313701378DCB2012BFBD180
S11386600020FFF779FB2000FFF79CFBFFF712FCCB
S11386702000FFF771FB10BD68DB0000044B10B550
S1138680FC331B6D1BB11B690BB16420984710BDF3
S1138690D0530020F0B50D4A0023D5682C7D9CB141
S11386A02E005368002210361F7887420AD0B34246
S11386B006D12B000132D2B29442F5D1002303E05B
S11386C00433F7E79442F9D00B60F0BD90530020D7
S11386D0F0B58BB00400F7F7B5FF002590BBA37C81
S11386E0606843B922780C335343184A9A18506887
S11386F008B9164A98580126154BA65701259F57C5
S1138700FCF710F9637CA17809930023089507937B
S11387100693059304930393A268280092B20292ED
S11387200822009301922B003A00FDF78BFE094BBF
S11387302800995D0D31C9B2F8F708FE40F22423F0
S1138740054AD65428000BB0F0BDC0468056002020
S11387504CD6000052D60000D053002070B540F231
S11387608C260F4D0C00FCF705FDFEF7DFF8FDF736
S11387704BFEAB591B78062B11D12000FFF7A8FF45
S113878068B1AB59F4331868FEF728FB40F288232C
S1138790A27CEA5418B1F8F7BDF8FFF76FFF70BD7B
S11387A0D05300200B8803807047000070B500256B
S11387B0164C1422290016482570656002F09CFFAF
S11387C018222900134802F097FF134A137823B1A3
S11387D0230046331B78082B15D0104B1049114841
S11387E0196040F2013198609980998100232364D3
S11387F00D4B0020002163640223A063E16348342D
S11388002370013B1370012070BDC046205A002024
S1138810285A00203C5A0020B85A00200C5A002044
S11388207CDB0000A8DB00000000088010B50A4BC8
S11388301B7883B940F2B860FCF7D6F9012188436C
S1138840C0B2014340F2B860FCF7F6F8FF2140F2F1
S1138850B960FCF7F1F810BDE55B002013B5254CB9
S113886008220021684602F047FF2300E833187805
S1138870214B1B78834201D0FCF764F82300E833D2
S11388801B7813B1012B2FD013BD2300EC331A68CE
S11388901A4B6946B3FBF2F31A0C0A708B701A0A6E
S11388A023004A70F4331B7843F60950CB7023003D
S11388B0F034F5331B7822680B71B2FBF0F103003E
S11388C04B43D31A41F684629B039B18B3FBF0F32A
S11388D089035B1869461A0C4A7108225BBACB807B
S11388E08B20FBF7AFFFCFE7F834236804226946F7
S11388F00093F5E7E45A0020E55B00200000093D01
S113890030B585B0304C01AD09220021280002F0B9
S1138910F3FE2300B83318782C4B1B78834201D024
S1138920FCF710F82300B8331B781BB1012B36D0A9
S113893005B030BD2300C1331B78F12B23D14FF692
S1138940FF70FCF759F848F20500FCF765F80223BC
S11389502200BA321288210052BA2A802200BC3185
S11389600988C032127869802100AA710922BE31B7
S11389700988EB71A980C23423782B7229008C20DA
S1138980FBF760FFD4E7F22BE2D141F60F50FCF77E
S113899033F841F22100FCF73FF80623D8E723001F
S11389A0C4331B880A4A5BBA2B802300C6331B7866
S11389B01370AB702300C7331B78C834EB70238863
S11389C00622AB80DAE7C046E45A0020E55B0020CB
S11389D0E458002007B56B46082240BA49BA18800B
S11389E059800023694610000193FBF72BFF07BD54
S11389F0F0B585B002AB9C1D002302AAD51D2870DA
S1138A001E4A1F4823701370431CDB7F53BB466808
S1138A100122337811009C4667468368B9401F00E1
S1138A2089B2FE37F9840191614691408C466344D2
S1138A30FE33598B91430A435A83019A316ABA84AB
S1138A405A8A897892B2012901D18A435A82012330
S1138A50002242618261C218C361C5600461D37798
S1138A60FAF7B0FE80239B02044A127812B9013B44
S1138A70002BF9D1207805B0F0BDC046FC51002090
S1138A80E05D002030B50B4A0221535E0424115FDF
S1138A90013393FBF1F461430025545F5B1A19B26F
S1138AA08C4206D006241457012C02D051809268BF
S1138AB0D05430BDE8510020F8B5436804000020CC
S1138AC0032B22D0261DF56F202D00D92025270049
S1138AD01F372A003800E16F03F0C9F80623A360AA
S1138AE023000833D86F3900836822695B68006803
S1138AF09C462B006746B84723695B192361E36FE3
S1138B005B19E367F36F5B1BF367F8BD0C4B022142
S1138B105A5E0020195E914210D00621595601294F
S1138B200CD000209968885402215A5E0420195EF2
S1138B30013A92FBF1F04143521A5A807047C04601
S1138B40E8510020031D01700130090A9842FAD14E
S1138B507047000070B51D4C01202300FC33DA6817
S1138B6092B32100FF314D7B0018162D2CD9897B3F
S1138B701170D968164A0B0008331078013B013292
S1138B8058709942F9D12300FC33DB6811491A006B
S1138B90083310320878013A013150709A42F9D101
S1138BA023002200FC33FE32D968108CFF34487451
S1138BB0128CD968120A8A74D868596A1330FFF77C
S1138BC0C1FF17230020637370BDC046D05300203B
S1138BD0DE540020E6540020F0B50500140089B0EE
S1138BE0F8B3F1B3EAB31022684603F040F8260064
S1138BF0210068462700FAF7D7FC1036A0376846EC
S1138C00FAF720FD6846FAF767FD694604A8FAF703
S1138C1025FD01A905A8FAF721FD02A906A8FAF77E
S1138C201DFD03A907A8FAF719FD102204A9684637
S1138C3003F01DF8310068461036FAF7B5FCBE4261
S1138C40DDD16846FAF7FEFC6846FAF745FD2100D7
S1138C506846A031FAF7A8FC10226946280003F000
S1138C6006F809B0F0BD0000F0B58DB001AC2200EB
S1138C70224BE0CBE0C2E0CBE0C2E0CBE0C260CB71
S1138C8060C2C0B3B9B30D00020010350B784E7842
S1138C901B0636043343CE7833438E7804313602D0
S1138CA0334308C28D42F1D1042240F2180CFF274D
S1138CB0134E0321C3680A4216D16146CB41190EF3
S1138CC0755C19003940715C2D060D43190C39404F
S1138CD01B0A715C3B40F35C090429431B020B43F0
S1138CE09108890061584B40016801324B4003618F
S1138CF004302C2ADDD10DB0F0BDC046E4DB000009
S1138D00B8D3000010B50723040088B001A803708D
S1138D104460F9F7ADFE20B9102221000248F9F7AA
S1138D2095F908B010BDC046BF5100200023F7B527
S1138D30174A184C019123701370174B5E7CDA6844
S1138D40760092191700FE377E8A1D78B4460126F4
S1138D5061460E4301997E82E9406E1C86190139F1
S1138D605E61996165B1018807209B68118018567E
S1138D70FBF734FB80239B0222781AB10020FEBD4E
S1138D800178F1E7013B002BF6D10120F7E7C0465B
S1138D9030520020F551002004520020030000202E
S1138DA05A1C05D0034ADBB25B00985A8007C00FF7
S1138DB07047C04600020A4010B5431C0AD040F672
S1138DC00073CAB2010119400F231840014302483D
S1138DD0F8F724F810BDC046A44D002070B50A4E23
S1138DE0F468257D042D0ED8B3680135DA700022AD
S1138DF09A702200103259701870191D257593420B
S1138E0000D12100B16070BD9053002010B5F8B1BD
S1138E10104B1A68904204D102681A60002205E0DF
S1138E200A00002AFAD011688842F9D159688842A8
S1138E3000D15A600AB1016811600021FC33DA687C
S1138E40C479013A121B0160DA600822F9F788FC40
S1138E5010BDC04684520020074B70B51C6804B98D
S1138E6070BD20792568F8F74DFD10B12000FFF79B
S1138E70CDFF2C00F3E7C046845200201FB5040048
S1138E800078532863D803F0CDF854005B006300E6
S1138E90660068006E007400620062006200620096
S1138EA062006200620062006200620062006200AE
S1138EB0620062006200620062006200620062009E
S1138EC0620062007A0080008C0094009D00A4007F
S1138ED0AE00AB00B100B800BF00C500CB00D200AB
S1138EE01A01D900DF00EB00E500F100F700FD00F6
S1138EF005016200620062006200620062006200BA
S1138F00620062006200620062006200620062004D
S1138F100B0117011A012901620030016A017A016B
S1138F2036013B013E0144014B0154015B016201E6
S1138F30660140F28C23984AD358E0331B7805E04D
S1138F4040F28C23944AD258D83BD35C23711FBD82
S1138F50924B6360FBE7924BFBE740F28C238E4A13
S1138F60D358E233EAE740F28C238B4AD3589B6C04
S1138F70EFE740F28C23884AD358DB6CE9E740F2F0
S1138F808C23854AD358E133D8E71C2302A90B70FC
S1138F9040F28C23804AD3581878F8F727FB606096
S1138FA0D5E740F28C237C4A0434D3580D33FF3385
S1138FB005E040F28C23784A0434D358283306CB96
S1138FC006C4C4E740F28C23734A0434D3581533DF
S1138FD0EDE740F28C23704A0434D3583033EEE783
S1138FE01A2302A9D3E7192302A9D0E740F28C235C
S1138FF0694AD358FF335B7AA8E740F28C23664A68
S1139000D358F4331B68A4E740F28C23624AD35844
S1139010F833F7E740F28C235F4AD358FC33F1E787
S113902040F28C235C4AD358FC335B6891E740F2EE
S11390308C23594AD358FC339B688AE740F28C232B
S1139040554AD3585B7981E740F28C23524AD3586E
S1139050E93373E740F28C234F4AD3581B7975E701
S113906040F28C234C4AD358E83367E740F28C2310
S1139070494AD358EC33C5E740F28C23464AD358C7
S1139080F0335BE740F28C23434AD358FC339B6AAA
S113909063605CE740F28C233F4AD3581B6CF7E7CC
S11390A00E2302A90B7040F28C233B4AD358187844
S11390B0F8F79CFA20714AE7042302A9F2E7022395
S11390C06A46137240F28C23334A6946D3581A0015
S11390D0FF32527F8A72187802A9E9E740F28C23A2
S11390E02D4AD258653BFF3B2FE740F28C232A4A96
S11390F0D258CF3B29E72B4B1B689B88A38026E7DC
S1139100284B1B6898E740F28C23234AD258613BD2
S1139110E9E740F28C23204AD358FF339B7A15E7C2
S113912040F28C231C4AD358FC33586A03F00CF8E1
S1139130C0E740F28C23184AD358FF339B7F05E7DE
S113914040F28C23144AD358FF335B7FFEE6154B61
S11391501B681B69FDE6134B1B68DB68F9E640F2EC
S11391608C230D4AD358187810B1062800D0EEE6A7
S1139170382302A90B70F8F739FAA080E7E640F229
S11391808C23054AD358187810B1062800D0DEE69F
S1139190392302A90B7000E7D05300207057002038
S11391A080570020A0530020F0B50024F84AF94B62
S11391B0F94E1360F94B74605360F94B99B09360A6
S11391C0F84BD360F84B3360F84BB360F84BF36063
S11391D0F84B3361F84B1B7A019309230093019BED
S11391E0062B00D056E20127F44DF5482A60FF21F2
S11391F01422E86004756860A860F9F7B1FAEB68B6
S1139200F04D5F752100280040F2C012F9F7A8FA6A
S1139210210040F2A822EC48F9F7A2FA40F28C238C
S11392200198E94A28702800D5507E3BD754013B69
S1139230D75440F2B013E0300470E4480AAFE85069
S11392403C71390001980A94F8F76AFF40F28C23C4
S1139250DD4AB979D35840F22D129954FA7904A908
S11392601A713A7A981D5A71FD68BA691D61AC4643
S11392703D6903925D6100957D69DA619D610295A6
S11392801925FA696D181A62ED7FC5771D00786A91
S11392902C359862186314A80078287028720C354D
S11392A0280041256D182D7805701D0039352800DA
S11392B042256D182D78C4490570F86A179DD86346
S11392C0386B186440F2F4100D500121019D581DB3
S11392D0C1771D731D000A20443598602970A83594
S11392E0286004352800019D039905701D00F4359C
S11392F02800654605601D00F8352800009D0560BE
S11393001D00FC352800029D416005601D0082603F
S11393100120FF3568721D0040F2BD12E1359854FA
S11393202870A94D9A4AFC35EA6440F289222E65D8
S1139330A54E0021B4541A00A86400209932A13328
S1139340FF32FF331060516018605960F8F776FF00
S113935040F27C139E4AF4540433F2500433F45024
S11393600433F4500433F4509A4A0433F454043369
S1139370F2500433F4500433F4500433F450964A56
S11393800433F4540433F2500433F4504C33F450A3
S11393900433F450914A0433F4540433F25040F249
S11393A08C220433F450AC67EC67B45804AEA9348F
S11393B03000FF34FBF7CCFC0CCE0CC4884B89483E
S11393C06B65894BEB65894B6B66894BAB65894B48
S11393D02B66F6F7C2FE01000090002800D057E18A
S11393E0854C1022300002F087F90099631CD9776C
S11393F02100012631310E702100022242310A700F
S11394002100053253310A702100921964310A7027
S11394102100921975310A702100763286310A7062
S11394202100921997310A7021009219A8310A700B
S113943021009219B9310A7021009219CA310A70B7
S113944021009219DB310A7021009219EC310A7063
S113945021009219FD310A70210040F21F13FF31DF
S11394609219CA739219E25411339219E2541133C6
S11394709219E25411339219E25411339219E254BD
S11394805E487C3A06A9F8F7E1FD20001022009915
S1139490F9F766F910225A480099F9F761F9594C1D
S11394A05948282200992060F9F75AF9236800994D
S11394B00122D96019005242544D44489A801A61DD
S11394C05A619A61DA611A6210310E321860596277
S11394D028000099FF32F9F743F940F28C220099F1
S11394E029606960384DAB582268334C110014313F
S11394F099661000190018308C3108602032BC3392
S1139500043048629A61FDF7E7FB414B3B34186035
S1139510FDF7B4FA40F28A23EE542D2338003B7051
S1139520FFF7ACFC3A793B4B38001A70432325789B
S11395303B703D71F9F79CFA002800D1ADE01E4B59
S11395400AAC40331878F9F79BFF1B4B1A4D3E3396
S11395501878F9F73FFF1D22174B200041331B7881
S113956022702371F9F784FA134B4235587AF9F7CC
S1139570FDFE48232E78237033005A1E93412000A9
S11395802371F9F775FA002846D12E7044E0C046DD
S113959024600020051E000010600020D13100006E
S11395A091320000050C0000070C0000FD42000091
S11395B00B0C00000D0C000094510020905300206F
S11395C00C5E0020505E0020D053002000040001F7
S11395D0A5080000B5080000C5080000E5720000F9
S11395E06D4D000020550020DD4D000015090000E0
S11395F0FD0800002D09000070570020D4580020F9
S113960080570020A0530020245E002084520020B4
S113961000400020E44E002030232370263B63608A
S11396202000F9F725FA414D2800FFF76BFB297E4E
S113963011B13F48F9F75EFF02213E4B3E4D9A7A45
S11396402B798B43002B48D000233A4A2B60967A1F
S1139650012E25D1334209D04B23EE8820002370FC
S1139660A680F9F705FA00B9EE80002602232A68DD
S11396701A4258D0AF684A33200023706760F9F764
S1139680F7F900B9AF605EB13000FAF727FD07E0E3
S113969014230093009819B0F0BD25704FE72B6098
S11396A00026264F2E71FC37BB6C012BF2D140F201
S11396B08C2503332371214B21005B590A961878BA
S11396C0F8F72EFD1D4BBE645B59E0331878022871
S11396D0E0D11E70F8F79AF8DCE7012ADFD1184FC1
S11396E0184938002B60FAF76BFC060068B9BB69AF
S11396F05B691B899BB1FA6899189B5A052B10D991
S113970006221148043102F0B2FA0D48FAF70AF8B9
S113971030434242504103234042034095E722260E
S1139720F3E70326F1E71E43AEE7C046BF5100202E
S1139730D851002094510020E8500020D05300203C
S1139740484E002008D50000EE50002010B5062831
S11397500ED1084B1A7A062A06D01A000021433289
S11397601170054A0231117106221A72FFF71CFDAD
S113977010BDC04694510020E850002040F28922D8
S1139780104B9A5C920704D540F231229A5C012A6C
S11397900AD940F28C229A581100E231097819B1A1
S11397A0E432116801311160002240F20C215A5454
S11397B004315A5401395A540221FC339A6C8A43B5
S11397C09A647047D05300200023F0B5B1B00293DF
S11397D009930D93F8F7F2F8E84B029A01209A6086
S11397E0DA605A60E64A1A60FEF7DCFA0320FAF7F8
S11397F03FF80298FEF7D6FAE24A029B13701378F8
S1139800DCB2002BFBD12000FEF7A6FAFEF742FBE8
S11398100120FEF7A1FA40F2E8310800FAF704F952
S11398200120FEF70FFF0220FEF70CFFD64B1C862B
S1139830D64B1C80D64B00215A5E013201D009223E
S11398401A80D44C0021625E013201D00C222280A5
S11398500020185EFFF7A2FA43425841CE4B18701D
S11398600023E05EFFF79AFA43425841CB4B0130A4
S11398701870CB4B1A00A4320020115E013101D0C4
S11398801321118014215A5E013201D021229A82BF
S113989028215A5E013201D028221A8500215A5EFD
S11398A0013201D00E221A80BE4B00215A5E0132D1
S11398B001D019221A800020185E0121FFF77CFADA
S11398C0B94CBA4B621CA360B94B6360B94B636279
S11398D00023A362D377EFF31081012282F310886F
S11398E04020B54D6B6883436B606B6881F31088CF
S11398F0A36860680393457A016A0495AE038D7882
S11399000F792E4320253543CE78ADB2AC4676038D
S11399103D032E43457B0378ED01A8483543284396
S1139920039D80B20590FE35688D049E80B2002EA2
S113993000D077E166462A850D784978ED032E43F9
S1139940B5B2AC461D000835AA40490289B292B2AC
S1139950012F00D064E1904301229A40039D039EAD
S1139960FE35AF8D92B25B00F3181743AF851F002D
S11399706646FE377E82059E90437E831980688505
S11399800121AA841720884AFEF7DDF98C4B0222B4
S113999023608C4B0021186840F20043806801F07A
S11399A0ADFD894B5D78002D00D085E00121874C09
S11399B059707E4B2582E360854BA562A360854B7D
S11399C025706362EFF3108281F310887A483F3187
S11399D043688B434360436882F3108840F20F0C62
S11399E066467D48E368017803938F00BE40637C3C
S11399F0C9030493039BFE331A8DB2438678BE4099
S1139A00324392B21A858AB2232105921143049AF1
S1139A10039E5200B2181700FE3779826F4901265F
S1139A20798341780498490289B2118001228240E5
S1139A30988D92B2844690439885DF8E588D9743D3
S1139A401043DF865885604602439A85644B07209D
S1139A501A7816431E70049B039A0133DBB25B0031
S1139A60D3181A00FE325081059E1C30FF3030435B
S1139A70508244F2974050831980220029001B2011
S1139A806561A561E5612562FEF75DF9A368DB7A8E
S1139A905BB2213304D0220029001420FEF753F9CD
S1139AA00223504D0021AB841220484AFEF74BF9A3
S1139AB00123AB844C4B63604C4B4D4C012004257B
S1139AC06360FEF76FF940F240320221494B0120F6
S1139AD09D505219995040F6600348F20001464ADD
S1139AE0464ED152FEF738F9454B464A2360464B61
S1139AF046499A6100221A75454BDA601A610132AF
S1139B00336059601A72EFF3108182F310881020C9
S1139B10294CE2688243E260E26881F310883D4C9C
S1139B20A279120700D0A1E08222A272A27A442173
S1139B30D20902B9290038480278551C05700AB9BF
S1139B404032A27101255A68E171127C33495008F0
S1139B502A40920002359540401801782943C9B241
S1139B6001705B68187803286DD80122524202F014
S1139B7059FA6500E203E903ED03C046D05D002015
S1139B80434743000CE8014000020A4060020A40D7
S1139B90805D00206C5D0020D05A0020054000202C
S1139BA0E45A0020BC5A0020E05D002000200A4056
S1139BB0F0DA000049090000FC6F044007C0FFFF11
S1139BC053554153304000203452002004520020A9
S1139BD014DB0000F51300000C4000209780FFFF09
S1139BE000100A40FE200A405555415338DB00005E
S1139BF0945D00200060004000E00140C85D00204A
S1139C004D504C5225510000285C002014D6000011
S1139C10A05D002000380A409C5D002008380A40FE
S1139C20104399E64A791A4322B903490432CD789C
S1139C302A43CA7000218FE600100A40E64A1B7CC2
S1139C409B18FF221A70E54A02212120FEF77BF8B7
S1139C504423E371453B23801B3323736833A3728E
S1139C60A27A423B1343A3721C23E372DC4ADD4B0A
S1139C70042553600023DC4F15813A60D3601361DF
S1139C80EFF31080012181F31088D84BDB688B43FC
S1139C90D649CB60CB6880F310888023D4491D203B
S1139CA00B870B0048F20001D9820221D14B4942B3
S1139CB0198049195581FEF746F8A37930689C4606
S1139CC06646027AE37A4068217B93433243C6694D
S1139CD00078C9B2032805D13078012800D13CE3CB
S1139CE01020834321730121E372A271A379C24836
S1139CF00B43A3710423A2791343A3713B68BC4AA9
S1139D005B899386BD4BBE4A136040F20022002358
S1139D104260BC4A03608260BB4ABC481360026074
S1139D201F20D080BA4ABB4813600023C3563BB9F6
S1139D30B94BBA4A01701A60B94A5A60B94A9A6072
S1139D400022B94B9A560AB901321A70B74BB84A75
S1139D5000211A60B7483C22F8F702FD40F20013D4
S1139D60B44A00201360FAF7CDFAFFF71DFA092868
S1139D7000D0F7E2B048F7F7B5FEF7F7DBFEAF4ADD
S1139D8013785BB100239C49137089799F4A49B2C7
S1139D901268012900D0EEE202331370FDF73EF998
S1139DA024A8F7F721FEA6490A78531CDBB20B70EE
S1139DB00AB9F7F71EFE249B83F310880023A14EF3
S1139DC024A834683360F7F70FFE9D4A1378013BEB
S1139DD0DBB213700BB9FAF70DFB249B83F31088E5
S1139DE0994F002C00D105E2E3B2089320231C42D2
S1139DF000D1CFE0FCF722FEFAF75EFF40F2B01389
S1139E00FB5800249C46914B25001A685B68801A15
S1139E109941844505D963461D1A40F2B413FC5890
S1139E20241A8B4B18000393FBF7A4F940F2881310
S1139E300398FD500433FD50FBF7EAF8854D2800E4
S1139E40FBF798F940F29C132800FC500433FC50B3
S1139E50FBF7DEF840F28C23FB581A00E03212784C
S1139E60022A03D040F21022BA5CB2B1152224A90E
S1139E700A701878F7F7BAFB40F2B413764DFC5821
S1139E801A9024182800FBF775F940F2F8132800FB
S1139E90FC500433FC50FBF7BBF8664B1B68DB0734
S1139EA050D56E48F9F77EF90024624B34331B78A1
S1139EB0A34201D900F016FC6948F7F713FE00220B
S1139EC001211000F8F74AF86548F7F70BFE002265
S1139ED001211000F8F742F86148F7F703FE002269
S1139EE001211000F8F73AF85D48F7F7FBFD514BF4
S1139EF00022986A0A21F8F731F85948F7F7F2FD79
S1139F004C4B2C331B78012B01D000F0F5FB494C52
S1139F105448F7F7E7FDE0690022052180B2F8F71D
S1139F201DF85148F7F7DEFD237E0020022B02D8EE
S1139F304E4A5B00985E0022052180B2F8F70EF8C5
S1139F40F7F7F8FD40F28C23FA587B3BFC5CE33BCB
S1139F50D4543E4B186859681378062B0FD1063336
S1139F60634340F2B414424D145D5B195B7A5B01A8
S1139F70002C00D1CFE35B19D0331860596040F254
S1139F8010239932FF3210605160FB5C13B940F228
S1139F904922BB541022089B134200D1FBE000214C
S1139FA0203224A801F0A8FB282200211AA801F0DD
S1139FB0A3FB304B9A6803920E229C5E9D891B7C06
S1139FC032785BB2069340F28C23F9580698CB6C36
S1139FD0E031079301234FE000380A40A05D0020E0
S1139FE0B45D0020F4D50000CC5D0020FC6F04407B
S1139FF0FE260A4004260A40E851002084D80000C6
S113A000605C0020E64E0020804D002008400020C7
S113A0107C4D0020665C0020545C00207C5C0020A9
S113A020675C002014001400F4510020005200204A
S113A030310C00007C5A002070CF0000E451002055
S113A040505C0020C8530020D053002078560020D4
S113A050585500206C550020C8550020FCCF000046
S113A06082CC000000D0000008D0000048D80000D6
S113A07080560020A85300209A433270002340F2F7
S113A0804C2240F23126BB541E3ABC520232B85420
S113A0905832BA5CBA5540F22222BB520332BB5446
S113A0A00332BB500432BB520632BB540232BB50A3
S113A0B0143ABB541832BB500432BB5440F2402310
S113A0C00022F8180023026043600B780BB9FCF7F8
S113A0D0D5FCBB5D13B9D648FBF74CF8D54B1B68D0
S113A0E0DB074CD5D448F9F75DF80026B54200D912
S113A0F019E3D248F7F7F6FC002205212000F7F710
S113A1002DFFCE48F7F7EEFC002203210698F7F75F
S113A11025FFCA48F7F7E6FCF6F7F0FA01218009B3
S113A12008400022F7F71AFFC448F7F7DBFCC14BDD
S113A13000221C0018690A21F7F710FFBF48F7F73F
S113A140D1FC237D012B00D0F5E2BD48F7F7CAFC12
S113A150A0680022052180B2F7F700FFB948F7F79D
S113A160C1FC23790020022B02D8B74A5B00985E19
S113A1700022052180B2F7F7F1FEF7F7DBFC01209E
S113A180F7F7E8FB002D00D0F8E240F2212301228A
S113A190FA54FDF7C7F8089B1B071DD540F28C2322
S113A1A0FB58E0331B780BB9FCF768FCF7F7D4FADB
S113A1B040F249230220F854F7F7CCFB40F2102375
S113A1C0FB5C1BB140F20F230122FA5440F28922B6
S113A1D02023B95C0B43BB54089B5B0703D50621C2
S113A1E00520FAF753FA089B9B0703D504210320A3
S113A1F0FAF74CFA24A8F7F7F7FB94490A78531CAA
S113A200DBB20B700AB9F7F7F4FB249B83F31088D5
S113A21000238F4A24A814681360F7F7E5FB8B4AE0
S113A2201378013BDBB213700BB9FAF7E3F8249B04
S113A23083F31088002C4AD0E5B2E4071FD540F21E
S113A2401123FA5C593BFA54D433FA5840F2BB1147
S113A2501300FF33987A7854997F40F2C813F95465
S113A260002340F2C9117B5401317B54B533FF33D1
S113A270D25C784917337848FA54FEF76FFAAB0783
S113A28021D540F21123FA5C453BFA54C033FB5804
S113A29067481A00FC32116940F2D012B9501A0012
S113A2A0FF32917F40F2DC12B95400210132B954DB
S113A2B001320131B9542A3A9A5C40F2DF136749FA
S113A2C0FA54FEF74BFA6D0701D5FBF783FC40F215
S113A2D08923FC5C20231C4201D100F074FE40F26F
S113A2E08A230022FA543A00FC32936C190602D5F0
S113A2F082218B43936404252C4201D100F0E9FDB3
S113A3000020F7F741FB002801D100F0DBFD544A9F
S113A310D1680B7D3BB108005368926810309A42B3
S113A32001D000F0BCFD3A000221FC32936C8B4357
S113A330936400F0CEFD1B7C4A495B085B005B180C
S113A3401A8080E40023638022807CE4DB691B782C
S113A350012B00D077E4628075E414202943834301
S113A3602A43BFE4142801D13F4804E5032800D060
S113A37005E53E48FFE401213D48817140F2014179
S113A380118002000020115E0220125E180091422A
S113A39021D0374D00216A5E02216C5E0021944277
S113A3A010D00424295F013292FBF1F46143521A64
S113A3B0A968AD798C186DB2895C012D00D020702C
S113A3C02B4C22802B4A9A18127852B28A4223D1FB
S113A3D00133042BDDD1284B1B685C78082C16D084
S113A3E0DB7813B12548F7F77DFB230034B1012353
S113A3F0042C03D00333072C00D1023B204ADB009A
S113A4009B185868F7F76EFB1C48F7F76BFB0023A3
S113A410174A93711360C1E4DBB2022B32D00022DD
S113A420032B00D05AE1144B1B681A80D3E7C046B3
S113A4306C5500207C5A0020FCCF000082CC000028
S113A44000D0000008D0000048D80000505C002074
S113A450A453002088550020585500209C55002006
S113A4609053002000380A40A6CF0000CDCF000052
S113A470E851002080D800000840002074CB000080
S113A48050D80000B34B00229F5E9A68D7192B293D
S113A49064D1B14B1B68DA880892B04A166840F25E
S113A4A001421A8000230393AB4B089A1C68039B58
S113A4B0934290DAB589002D00D19DE02A0039003D
S113A4C0306901F0C3FB002800D088E0039A7B19AF
S113A4D0A2807D573D2D43D03F2D00D1EAE0002DD1
S113A4E000D1F7E00223237079E0C9B208003038C4
S113A4F0092802D9413905290FD801331EE0030088
S113A500413B052B0CD8373840B25368984762E773
S113A51001204042591CF8DA1EE009235B421BE08B
S113A52001204042F1E708320023D356002B00D12A
S113A53051E7002179569942F5D13B000121595642
S113A5400029D2D1DB1B1BB2012BE1D178780300A7
S113A550303BDBB2092BD2D858B2D6E7804AE3E7C6
S113A56001229A56DAB35D1C2B00059000229A56FC
S113A57052B97C4B1B785BB20A937B4B9C46059B80
S113A58093421EDD00230EE02C2A02D001229A56AB
S113A5901AB9059A013252B205920133E6E75C1CFE
S113A5A02C2803D02300E8560028F8D11BB20493CA
S113A5B0002B2BDC6C4B1A6800231ABB0BB1F7F78A
S113A5C009F80522644C23681A7033682BB13800EB
S113A5D09847002223681A705870F6F7FBFF5E4B09
S113A5E01A681378002B00D1F5E6052B00D1F2E6AA
S113A5F0022B01D1013B1370039B143601331BB2B0
S113A600039351E7013312681BB2D6E70020049B81
S113A610E8540A9B002B01D100F04EFE5349082355
S113A620C85E0690002801DC00F046FE0C000B68B2
S113A6300A20085E0B90606807900799411A09B2D6
S113A6400C000B99A1420ADD411C0C00002141566B
S113A65011BB069C4549013C0C8101210170049900
S113A6605D6019814049086830B10468834216D19D
S113A6703D490C60002101600021196061460868B1
S113A680B0B1040000680028FBD12360049B0132B0
S113A6900133ED1852B272E720000C33CDE7040009
S113A6A000680028E8D08342F9D119682160E1E705
S113A6B00B60EBE701255D57002D90D10523237036
S113A6C07368002B8BD038009847234B1B681D7090
S113A6D0587084E705232370B368F2E71E4B1B68A8
S113A6E01A7078E6224B02211B6B185D0134F7F7D0
S113A6F005FCE4B2FFF7D9FB1E48F7F7F3F94CF277
S113A70050331B4A0020D2699A4200D132300022D1
S113A7100221FFF713FC184C1B191C00D0342060D5
S113A7206160C83329E4039B0221985D0136F7F781
S113A730E5FBF6B2DAE40F48F7F7D4F94CF25033FC
S113A7400B4A002092689A4200D132300022022142
S113A75011E5C046E851002008400020605C00205C
S113A76070D80000665C00207C4D0020545C002002
S113A7707C5A00200BD0000080560020039B1B78DD
S113A7800A935B09032B00D157E1052B00D150E15B
S113A790012B00D06DE32B001026113BB3439BB279
S113A7A0002B00D0F1E4039B1AAC1A93EBB2049390
S113A7B0237140F28C23FA58D83BD35C002B00D091
S113A7C0E3E40398013D013003000222A9B2F8F743
S113A7D0B5F8002800D02AE11A99002900D0A5E094
S113A7E010241AAB1B7CDA43120701D100F043FD9D
S113A7F01B071B0F10AA137340F28C23FB5810A9DC
S113A8001A00FF32927F18784A73072213A9F6F7C9
S113A8108FFF002C01D000F032FD002801D100F0A0
S113A8202EFD40F28C23FC583121200010ABC918B6
S113A83003224830F7F758F822001D9B1AADE36451
S113A8402B7CFF325B065B0F93722B7CD943090789
S113A85003D01B071B0F537453761AAB5A7C02B9EF
S113A860013240F2E8335343220040F2E831F83237
S113A87013605B18536023000122FF335A7240F2C5
S113A880B2130022E2542378062B2CD10324200097
S113A8900134E4B2FDF7E4FA102CF8D1049B212B27
S113A8A021D1093310AA9B18DB7FE3B95022642617
S113A8B016AB1A721AAD0D3C0021EB7C2A7D1B02EB
S113A8C012041343AA7C17911343734316AA1693D5
S113A8D023B114A814920471F7F794FD0134E4B27F
S113A8E00335082CE8D140F28C230221FA58D83BD6
S113A8F00020D154F7F748F818B100210800F7F701
S113A9000DF840F23123FB5C012B00D9C0E240F288
S113A9101023FB5C002B00D0B2E240F289222023FA
S113A920B95C0B43BB54F6F717FF34E42E200B78C5
S113A9300322637110ABC0180131F7F787FB312094
S113A9401A9910ABC01803220431F7F77FFB1A9D44
S113A9500422E91D1DA8F6F7C7FFEB7A23742B7BAD
S113A96063742379212B5DD129003A2010AB0D317A
S113A9703200C018F7F76AFB1D211A9E042223A88F
S113A9807118F6F7B1FF0020A84D1AAC2B68987027
S113A9902279239B043A92B20393002E47D016AB3C
S113A9A00093310002231690F7F7E2FEF8BB169BE2
S113A9B0039A9A423BD1E279237A12021B04A179C9
S113A9C01A432B680A43996803248A4200D108E792
S113A9D040F2A0219A6002227858043302437A504C
S113A9E0312210A952182E2110A809180820F7F7AF
S113A9F095FD0400002800D0F3E6312210A9521876
S113AA002E212B6810A8091804330720F7F786FDB8
S113AA100400002800D0E4E601222B685242D860EA
S113AA201A61DEE6112B00DDDAE60D21A5E70F241D
S113AA30D7E640F220230122FA5440F28C23FB583B
S113AA4014A91A00FF32927F8A7040F22422BA5C61
S113AA504A700D220A701878F6F7C8FD2A000D3ADC
S113AA601290131C120400D50023129A1BB212B2C6
S113AA70934201DDFFF789FB0B2D01D8FFF785FB1E
S113AA80FF22039B24AC24932EAB257120001A7063
S113AA90F7F76EFD0600002801D0FFF776FB238947
S113AAA01193269B059340F23823059AFA50207B94
S113AAB00F2302001A40184204D0423310A95B1835
S113AAC0DB7F83B92EAB1B78002B47D0002A01D043
S113AAD0FFF75BFB512310AA9B18DB7F5A1E93419F
S113AAE00233049300E00496079B059A93423FD0F7
S113AAF040F28C23FB5800211D001E0054355136B2
S113AB0024224A43AC58A446059C644528D1B45C2D
S113AB1034B39A18110052310978926EE0330791D8
S113AB2015681A780323022A00D0023340F2312236
S113AB30BB54049B032B01D0FFF727FB602318426F
S113AB4001D0FFF722FB079B042B68D8180001F003
S113AB5069FAAC03A9034D00A603AF030123C0E7C0
S113AB6001310429CCD140F221230B22FFF710FB41
S113AB70042300250793013B039324ABDC890023C2
S113AB80039816A91693FDF74BF9002842D1169D98
S113AB906B1C04D0ABB2E31A002B2ADDEC180023A3
S113ABA0039816A91693FDF73BF9E8BB169BA3423D
S113ABB001D3013338D124A8F7F7DAFC002298BB7B
S113ABC01B4993005B1819780798814229D15A7858
S113ABD09B780C920F930599269A24AB914229D025
S113ABE00B2340F22122BB54FFF7D3FA012606239C
S113ABF0C2E743B9093340F22122BB5440F2342363
S113AC00FD50FFF7C6FA80232D0C2D042C195B028E
S113AC10E418C4E701230728EDD10833EBE7012347
S113AC20E9E70132052ACBD10C23DAE7A05300204F
S113AC300F400020249A07921A79DB6A043A0E9294
S113AC406A461093128F079B0B92002BECD01300D3
S113AC5040F200129342E7D816AD00212800F03AE2
S113AC60F7F77EFD4923169340F20013AB80119B46
S113AC700E9AEB80059BEA731B0C2B72059B6C816F
S113AC801B0E6B72230C2B73230E6B730023AB739D
S113AC90139313AB009328000F9B0B9A0799F7F7B4
S113ACA067FD0028C0D1139B109A9A42BCD151234E
S113ACB010AA9B18DB7F0BB907330C932EAB1978C2
S113ACC001230C9A00932D98059B0194F8F71CFA24
S113ACD000286FD10398784B04381B68032803D8E5
S113ACE001F08CF9606264661C61002240F2212349
S113ACF040F22520FA540133FE5424AB1B7BD906C1
S113AD00C90F395440F228217A5004317A549B06F1
S113AD1008317C50DB0F02397B5417317A540331EC
S113AD207B5440F23123FB5C012B03D8403179582A
S113AD30E4310A60614C012E40D140F2202202210C
S113AD40A15440F24822A15C24AA127B012B05D80D
S113AD50012901D1920601D5FEF77EF840F2312394
S113AD60049AE35C24AD022A7ED0032A08D0297B0E
S113AD700907090F012A51D0069A28A8FDF7A6F859
S113AD80512310AA9B18DA7F40F22323E2546A6A03
S113AD900533E2502EAB1A7840F22C23E254012200
S113ADA0013345E05C61A0E79C619EE7DC619CE7C0
S113ADB01C629AE7022800D112E735E740F28C22A0
S113ADC0A1581F220A9840F28F159043020040F2C6
S113ADD02020A02A1ED19F3A4A55B232FF328A5C03
S113ADE01AB92F9DB932FF328D5001222254934259
S113ADF0A7D940F2402241F640700021A218106009
S113AE00516040F298222E49A218086849681060DF
S113AE10516096E700224A55225492E7069A28A8E0
S113AE20FDF754F8512310AA9B18DA7F40F223232C
S113AE30E254512310AA9B18DA7FE02A0DD140F284
S113AE408C23E158CF3BCB5C3BB940F223216254C5
S113AE504932FF32A3500432A35240F28922022322
S113AE60A15C0B43A3544CE52EAA1178686A069A98
S113AE70D6E740F221230122FA54FCF753FA40E5C5
S113AE8040F24C23FB5C002B00D146E5FCF72AFA88
S113AE9040F23123FB5C022B00D144E53DE51D78F3
S113AEA0002D00D112E2834202D10B00FFF737FAE2
S113AEB00433FFF734FAC046A0530020D0530020D7
S113AEC0A85300202800F6F75FFD002801D0FFF703
S113AED02AFAE30727D540F24823FB5C002B00D075
S113AEE0E7E040F28C23FB5840F20C211A00FF32B9
S113AEF0795C527A91420BD2A40700D4F3E0E03398
S113AF001B782BB140F23123FB5C002B00D0EAE02C
S113AF10A24C2000FAF72EF92022783CA36C93432C
S113AF20A364FEF72BFC3B0040F28921FC339B6CAD
S113AF307A5C1BB1012B2CD153072AD505207B5CED
S113AF40D4B283437B54012340F28A217B541A42B6
S113AF5005D03B00FC33DB6C91481B6898476407C1
S113AF6011D500258F4CE3681B7D0393039BAB42F3
S113AF7000D0D1E0E3681B7D2BB140F28922042389
S113AF80B95C0B43BB5440F289222021BB5C8B4348
S113AF90BB543B00FC339B6C23B9834B1C68002CD3
S113AFA000D0E3E040F2A02440F28A230122385981
S113AFB0FA5440B13B00FC331B6D13B19B6803B1E1
S113AFC0984700233B5140F2892410253B5D2B42D6
S113AFD00AD0052324A803803B00FC33DB6CDB6828
S113AFE098473B5DAB433B5540F289220221BB5C51
S113AFF00B4207D08B43BB543B00FC33DB6C6B48E8
S113B0005B6898473B00FC339B6C012B07D040F2F4
S113B0108823FB5C023B012B01D8F6F7ADFBF6F766
S113B02057FD002801D1FEF7AAFE72B6BFF34F8F79
S113B030BFF36F8F40F28C23FB58E0331B78022B55
S113B04030D05B4B1B786BBB5A4B1B6853BB5A4BC2
S113B0501B68DB0500D4B5E072B6BFF34F8FBFF3B6
S113B0606F8FF6F735FDC0B10120F6F7FFFC102510
S113B0700226524C276862B6BFF34F8FBFF36F8F1F
S113B08023689F427AD072B6BFF34F8FBFF36F8F9E
S113B09023682B4278D00023236062B6BFF34F8F1E
S113B0A0BFF36F8F62B6BFF34F8FBFF36F8FFEF79F
S113B0B066FE012B17D140F20F23FB5C002B00D15D
S113B0C031E740F20E2340F20D22FB5CBA5C9A4257
S113B0D016D9A40703D540F24C22BA5CC2B940F297
S113B0E00E220133BB5440F289222021BB5C8B43E6
S113B0F0BB5440F20F230022FA54FAF76BFD12E717
S113B10040F24C217A5C1AB940F210207A543A5435
S113B11040F24D22BB54FBE640F2602140F2612034
S113B12063681A787A54597839549E78CEB1236872
S113B13023489B689847E3681A7D4AB1013A1A7517
S113B1401A0060681032011D904200D1190061603C
S113B15026B9029A0D990998FDF740FE0135EDB222
S113B16004E7DB780D9102930992E4E72079F6F77E
S113B170C9FB002800D0A2E0246810E7F6F7A8FC79
S113B180002800D07CE77EE72368334283D1F6F7BA
S113B1909FFC002800D06CE77DE7C04644550020A2
S113B1A0185600209053002084520020F0550020AF
S113B1B0205C0020A45300207C5A00207C520020F4
S113B1C03056002072B6BFF34F8FBFF36F8FF6F780
S113B1D07FFC002800D160E70120F6F747FC012539
S113B1E040F660062800FCF7DDFD3D4B5A681178F7
S113B1F0022905D0002303290DD12832127852B92F
S113B200384B1A6800235202D10F9A4203DB364AA4
S113B210137B1173DBB2354A925BBFF34F8F30BFA0
S113B2202F4A52681178022904D0032908D1283200
S113B23012782AB92B4A1268520201D42A4A13738B
S113B2402800FCF789FD62B6BFF34F8FBFF36F8F01
S113B25072B6BFF34F8FBFF36F8F254C2368DB06A5
S113B26000D518E723689B0700D514E7F6F730FCF0
S113B2700028B7D10FE7002C01D1FFF7D2FA002044
S113B280F6F782FB002801D1FFF73BFB00210820E1
S113B290032C01D1FFF733FB0720FFF730FB012616
S113B2A0072369E40523079E66E40126042363E477
S113B2B0049B0126039360E400231B81FFDE40F21C
S113B2C089221023B95C0B43BB546BE65B78002BDB
S113B2D001D0FFF728F840F20C22BB54FFF723F803
S113B2E0945D0020FC6F04400054004000E00140E5
S113B2F07C5200207FB5140006000D0010220021AE
S113B300684600F0F9F97F2C02D10320022D0AD0FF
S113B3106B462A0010213000F7F710FB18B9694674
S113B3202000F7F73BFB04B070BD000010B50749DF
S113B3300748F8F745FE08B10E2802D10448FDF786
S113B3406BF90348F8F7EEF910BDC04608D50000C4
S113B350484E002010B506490648F8F731FE10B9EA
S113B3600448FDF759F90348F8F7DCF910BDC04665
S113B37074D50000F8500020002310B504000360C9
S113B3804360836081814366C28103614361836159
S113B390190008225C3000F0AFF90B4B24626362A1
S113B3A00A4BA3620A4BE3620A4B23630A4B9C4297
S113B3B005D00A4B9C4202D0094B9C4203D1200089
S113B3C0583000F0EDF910BD61B6000089B60000F8
S113B3D0C1B60000EDB60000346000209C6000207F
S113B3E00461002010B5034A0349044800F06AF8D8
S113B3F010BDC04624400020B5BA000034400020EF
S113B40041680B4B10B50400994201D000F052FB87
S113B410A168084B994202D0200000F04BFBE16880
S113B420054B994202D0200000F044FB10BDC046F9
S113B430346000209C6000200461002010B5094B9A
S113B440094A04211A6009480022FFF795FF0122E6
S113B45009210748FFF790FF022212210548FFF750
S113B4608BFF10BD6C610020E5B300003460002048
S113B4709C6000200461002010B5024800F091F99E
S113B48010BDC0467561002010B5024800F08AF96D
S113B49010BDC0467561002010B50400FFF7ECFF35
S113B4A0236A13B1FFF7F0FF10BD044B2362044B72
S113B4B01B68002BF6D1FFF7C1FFF3E701B40000CE
S113B4C06C610020F7B51400002600900191A56876
S113B4D06768013F04D52468002CF8D13000FEBD14
S113B4E0AB89012B08D90E22AB5E013304D02900AD
S113B4F00098019B984706436835EAE7F0B51D00BC
S113B500554B85B01E6804000F00009226B1336AC3
S113B51013B93000FFF7C0FF009B022B05D0012BAD
S113B52000D996E0002D00DA93E0636EDB0705D4C2
S113B530A3899B0502D4A06D00F033F921003000EB
S113B54000F0B8FA616B41B123004433994202D050
S113B550300000F029F9002363630023A3616360D2
S113B560A3891B0603D53000216900F01DF9A389C6
S113B5703A4A1340A381009B022B60D003AB210005
S113B580300002AA00F0BEFAA3890343A3812DBBB5
S113B590029D280000F050F901950700002848D1C9
S113B5A0029B0193AB423ED101256D420C22A35E66
S113B5B002221A43A2810022A260220047322260A2
S113B5C022610122616E6261114204D19B0502D4A1
S113B5D0A06D00F0E7F8280005B0F0BD002FD8D02A
S113B5E0336A13B93000FFF757FF009B012B03D1D7
S113B5F0A389009A1A43A2810C22A35E082219008F
S113B600276027616561114013421CD0DA0718D501
S113B61000226D42A260A561626ED20701D49B052F
S113B62013D50025D7E7019800F006F90700002894
S113B630BAD08023A289019D1343A381D0E70025BA
S113B640B4E7A560E8E7A160E6E7A06D00F0AAF81A
S113B650E7E701256D42BEE7304000205CF3FFFFC1
S113B66070B50C000E25495F00F070F8002803DB6C
S113B670636D1B18636570BDA389024A1340A381DF
S113B680F9E7C046FFEFFFFFF8B51F008B890500FF
S113B6900C001600DB0505D50E23C95E002202232B
S113B6A000F042F8A389054A28001340A381320020
S113B6B00E23E15E3B0000F05BF8F8BDFFEFFFFFF7
S113B6C070B50C000E25495F00F02EF8A389421CCA
S113B6D003D1054A1340A38170BD41F20002134314
S113B6E0A3816065F8E7C046FFEFFFFF10B50E23A6
S113B6F0C95E00F009F810BD03008218934200D11E
S113B700704719700133F9E7002370B5054D040043
S113B71008002B6000F0F6FB431C02D12B6803B138
S113B720236070BD7061002070B504000800110032
S113B7301A000023044D2B6000F0D3FB431C02D1FC
S113B7402B6803B1236070BD7061002070B50400E4
S113B750080011001A000023044D2B60F6F75CF971
S113B760431C02D12B6803B1236070BD70610020BB
S113B77070B50400080011001A000023044D2B606A
S113B780F6F73FF9431C02D12B6803B1236070BD67
S113B79070610020014B18687047C046304000209B
S113B7A0704770477047000070B505000C0079B110
S113B7B0043C2368002B00DAE418280000F0E8F8C1
S113B7C01C4A13682BB963601460280000F0E8F881
S113B7D070BDA34208D9206821188B42F3D119689F
S113B7E05B6809182160EEE71A005B680BB1A3429D
S113B7F0FAD911685018A0420BD1206809185018C2
S113B80011608342E1D118685B684118116053608C
S113B810DBE7A04202D90C232B60D6E7206821186D
S113B8208B4203D119685B68091821606360546016
S113B830CBE7C0467C61002010B5034B01001868BB
S113B84000F026F810BDC0463040002070B50F4E01
S113B8500D003168040011B900F0DEF930602900F0
S113B860200000F0D9F9431C03D101256D422800C2
S113B87070BD0323C51C9D43A842F8D0291A20009B
S113B88000F0CAF90130F2D1EFE7C0467861002038
S113B890F7B50322CB1C9343083305001F000C2B80
S113B8A034D20C27B94233D8384E280000F070F84F
S113B8B033681C00002C2FD139002800FFF7C6FF85
S113B8C00400431C5FD134680094009B002B4AD1D0
S113B8D0002C52D023682800E3180099019300F04B
S113B8E09BF9019B834248D123682800FF1A390041
S113B8F0FFF7ACFF013040D02368DB1923603368C5
S113B9005A68002A33D1009B336019E0002BC9DA4E
S113B9100C232B600020FEBD2168C91B20D40B29F9
S113B9200AD9E2192760A34204D132606368116026
S113B930536005E05A60F9E76268A3420ED13260B1
S113B940280000F02DF8200007220B30231D90431F
S113B950C21A9842DFD01B1AA350DCE75A60EFE703
S113B96023006468A6E7009C63680093ADE71A00AF
S113B9705B68A342FBD10023DAE70C2328002B6089
S113B98000F00EF8C6E70760DAE7C0467C610020E5
S113B99010B50248FFF705FF10BDC04674610020D2
S113B9A010B50248FFF7FEFE10BDC04674610020CA
S113B9B0F7B50C228B5E05000C001A0753D44A68B5
S113B9C0002A02DC0A6C002A4BDDE76A002F48D00B
S113B9D0002241F200002E682A601A00216A024007
S113B9E0034230D0626DA3895B0705D56368D21A20
S113B9F0636B0BB1236CD21A00232800E76A216A17
S113BA00B847A289431C06D129681D2944D8284B6C
S113BA10CB40DB0740D50023636023692360D20455
S113BA2004D5431C01D12B6803B96065616B2E609A
S113BA30B9B123004433994202D02800FFF7B4FE81
S113BA40002363630DE001232800B8470200431C70
S113BA50C9D12B68002BC6D01D2B01D0162B1AD1AF
S113BA602E6000201EE00E69002EFAD00F680E60D2
S113BA70BA1B019200229B0700D14A69A260019B74
S113BA80002BEEDDA36A32001F002800019B216A0F
S113BA90B847002807DCA2894023012013431BB2C6
S113BAA0A3814042FEBD019B36181B1A0193E6E7B1
S113BAB0010040200B6970B505000C0013B9002586
S113BAC0280070BD18B1036A0BB9FFF7E5FC0C221E
S113BAD0A35E002BF3D0626ED20704D49B0502D47C
S113BAE0A06DFFF75EFE28002100FFF761FF636E83
S113BAF00500DB07E4D4A3899B05E1D4A06DFFF71F
S113BB0051FEDDE770B50E001D000E23C95E140062
S113BB1096B000290CDAB2898023110019401A4228
S113BB2014D140F2004300202960236016B070BD98
S113BB306A4600F04FF80028EDDB4FF2000301994C
S113BB401940044BC9184B425941EAE700214023EC
S113BB50E9E7C04600E0FFFFF0B502268B89050047
S113BB600C0085B0334207D02300473323602361A0
S113BB700123636105B0F0BD03AB02AAFFF7C2FF66
S113BB80029F019039002800FFF782FE40B90C2281
S113BB90A35E9A05EED4032293431E43A681E3E7F2
S113BBA08023A28920601343A381039B20616761E2
S113BBB05BB128000E23E15E00F01EF828B10323D8
S113BBC0A2899A43023B1343A381A389019A134395
S113BBD0A381CFE7002370B5064D040008001100CF
S113BBE02B6000F0D7F9431C02D12B6803B123600A
S113BBF070BDC04670610020002370B5054D04007F
S113BC0008002B6000F0D3F9431C02D12B6803B168
S113BC10236070BD70610020002370B5054D0400E1
S113BC2008002B60FCF7E0F8431C02D12B6803B139
S113BC30236070BD7061002010B5034B01001868CB
S113BC40826800F01DF810BD3040002030B50500BA
S113BC5010005AB10024013A2B5D085D834204D1DF
S113BC60944202D00134002BF6D1181A30BD0023BF
S113BC7010B59A4200D110BDCC5CC4540133F8E72E
S113BC8070B506000D00140018B1036A0BB9FFF774
S113BC9003FC636EDB0705D4A3899B0502D4A06D66
S113BCA0FFF77FFDA368013BA360002B05DAA269BF
S113BCB0934212DBEBB20A2B0FD023685A1C22608A
S113BCC01D70EDB2636EDB0705D4A3899B0502D416
S113BCD0A06DFFF767FD280070BD29002200300029
S113BCE000F002F80500EDE7F8B506000D001400B9
S113BCF018B1036A0BB9FFF7CFFBA369A360A3894B
S113BD001B0701D5236943B92100300000F02AF84C
S113BD1018B101256D422800F8BD23692068EFB2EF
S113BD20C01A6369EDB2834205DC21003000FFF7DD
S113BD30C1FE0028EDD1A3680130013BA360236854
S113BD405A1C22601F706369834204D0A389DB07F5
S113BD50E1D50A2DDFD121003000FFF7ABFE00282A
S113BD60D9D0D6E72A4B70B5050018680C0018B175
S113BD70036A0BB9FFF790FB0C22A35E1A0722D4C7
S113BD80DA0607D409222A60402201201343A38142
S113BD90404237E05B0712D5616B41B12300443365
S113BDA0994202D02800FFF7FFFC0023636324229A
S113BDB0A3899343A3810023636023692360082339
S113BDC0A2891343A38123695BB940F2802140F225
S113BDD00022A3890B40934203D021002800FFF7DF
S113BDE0BBFE0C22A35E01211A000A400B420AD0BA
S113BDF00022A26062695242A261226900200AB94B
S113BE001A06C1D470BD990700D46269A260F4E730
S113BE1030400020094B10B50400186818B1036ABB
S113BE200BB9FFF739FB0020132C06D8044BE400B0
S113BE30E358013301D0024BE01810BD304000201C
S113BE4080610020F8B50400FFF7A4FC1326050068
S113BE500027301C391CABBE061C2E602000F8BD28
S113BE6010B5431C01D1FFF7EDFF10BDF7B50C0071
S113BE701600FFF7CFFF050038B9FFF78BFC092345
S113BE800360012464422000FEBD022E03D9FFF7A3
S113BE9081FC1623F4E7012E12D14368E418F6D48A
S113BEA06F462B680A2600937C60301C391CABBE9D
S113BEB0061C3000FFF7D4FF0028E2DB6C60E2E7E9
S113BEC00368022EECD16F4600930A36301C391CED
S113BED0ABBE061C3000FFF7C3FF24180130DFD1CE
S113BEE0CFE710B5FFF7C2FF10BD37B502240190AC
S113BEF001AD201C291CABBE041C2000FFF7B0FFC1
S113BF003EBD000070B50500FFF784FF040030B9A2
S113BF10FFF740FC092303600120404270BD013D4E
S113BF20012D09D8094B9A681B699A4204D101234F
S113BF305B4203600020F1E72068FFF7D6FF00288A
S113BF40ECD101235B422360E8E7C0468061002016
S113BF5070B50C00FFF75EFF050030B9FFF71AFC5F
S113BF60092303600120404270BD42F2000362686D
S113BF700C261343636040F20043A364301C291C65
S113BF80ABBE051C2800FFF76BFF431CEAD0206101
S113BF900020E9E770B50C000500582200212000BC
S113BFA0FFF7AAFB28002100FFF7D2FF70BD70B590
S113BFB0FFF730FF0924050020B9FFF7EBFB04600D
S113BFC0002070BD201C291CABBE041C2000012CC9
S113BFD0F7D0FFF7DFFB132504000026281C311CD3
S113BFE0ABBE051C2560EBE702B471464908490065
S113BFF0095649008E4402BC7047C04602B47146DB
S113C00049084900095C49008E4402BC7047C04697
S113C01003B47146490840004900095E49008E4452
S113C02003BC704703B47146490840004900095AEB
S113C03049008E4403BC7047844608006146FFE70C
S113C0401FB500F0CBFA002801D40021C8421FBD5F
S113C05010B500F059FA4042013010BD10B500F09F
S113C060BDFA002801DB002010BD012010BDC04630
S113C07010B500F0B3FA002801DD002010BD012046
S113C08010BDC04610B500F067FA002801DC00209E
S113C09010BD012010BDC04610B500F05DFA0028A7
S113C0A001DA002010BD012010BDC046002B11D1C3
S113C0B0002A0FD1002900D1002802D00021C94351
S113C0C0080007B4024802A14018029003BDC0460C
S113C0D0650A000003B4684601B5029800F04CF804
S113C0E0019B9E4602B00CBC7047C046F0B54FF6AB
S113C0F0FF750400CE462C40474615400E0029002B
S113C100994680B5130C0700000C6143454358431E
S113C11063430C0C5B19E4188C46A54203D98023B5
S113C1205B0298464044230C61461B184FF6FF708F
S113C1300840494656437943240489192018C918EC
S113C140C0BCB946B046F0BD9E2110B5C905041C5B
S113C150FFF7A2FF18B9201C00F044FC10BD9E217B
S113C160201CC90500F07AFA00F03CFC80231B0671
S113C1709C466044F2E7C046F8B557464546DE465D
S113C1804E460C00E0B5924605009B4617008146DA
S113C1908846002B52D1100000F0CEFC0500A742C7
S113C1A000D871E060B1202349461B1A2200D9400F
S113C1B082400B00134398464B4683408740994680
S113C1C03C0CB8FBF4F24FF6FF70130038404343C5
S113C1D021009C4643465143591A4B4609041B0C03
S113C1E00B439C4509D9DB19511E9F4200D967E1D5
S113C1F09C4500D864E1023ADB1961465B1AB3FB43
S113C200F4F14C434E461B1B4FF6FF7448431B048A
S113C21034401C43A04200D9FCE0241A1004084313
S113C22000210A9B23B1EC401C6000230A9A53604E
S113C230F0BCBB46B246A946A046F8BD8B4207D91E
S113C2400A9B13B10A9B1860596000210020EFE794
S113C250180000F071FC0100002855D1A34502D359
S113C260AA4500D94AE15346EB1A5A469D42AD41CC
S113C270A41A6D42621B904601200A9A002AD7D064
S113C280136043465360D3E7002800D0CBE04FF659
S113C290FF703B0C98460121E41B3840B4FBF8F3D3
S113C2A002005A43944642465A43A41A4A46240476
S113C2B0120C2243944507D9D2195C1E974202D826
S113C2C0944500D91DE123006446121BB2FBF8FC1F
S113C2D0644666466043444674434E46121B4FF61A
S113C2E0FF74120434401443A04208D96246E4198E
S113C2F0013AA74202D8A04200D9F9E09446241A90
S113C3001804634618438CE720275B4652463F1ABD
S113C3108340FA401A435346944683402A009A467F
S113C320FA40230084402243854091466246FB4004
S113C330A846150CB3FBF5F04FF6FF741440020049
S113C340624393462A0042439A1A4B4612041B0C3A
S113C35013439B4509D96344421E9C4500D9C5E05B
S113C3609B4500D8C2E0023863445A469B1AB3FB8B
S113C370F5F255434E465D1B4FF6FF7354432D04AF
S113C38033402B439C4209D96344551E9C4500D934
S113C390A8E09C4200D8A5E0023A6344000410439C
S113C3A04FF6FF721B1B14000440A34654465E461E
S113C3B022405643B1465E46050C240C6A4365434D
S113C3C074434E46360CB346A4185C44A24203D9C7
S113C3D08022520293465D44220C4E4652194FF677
S113C3E0FF7524043540641993426FD36CD00A9DC1
S113C3F075B145462C1BA045AD419B1A6D425B1B94
S113C4001A00CC40BA40CB400A9922430A604B60E0
S113C41000210DE7E4194B1EA74253D8A04251D97D
S113C4200239E419F9E620224946121A2300D140C0
S113C430D3400A004946874081408946390C8440EC
S113C4408846B3FBF1F14FF6FF7022430C003840ED
S113C4504443A44644464C431C1B2404130C23436A
S113C4609C4507D9DB194C1E9F423DD89C453BD9BE
S113C4700239DB1964461B1BB3FBF8FC9B4646469A
S113C48063465E434FF6FF7A33005E466446F31A12
S113C490564644431B04164033439C420BD9624620
S113C4A0DB19013A9F421BD89C4219D902225242FD
S113C4B09246DB19D4441C1B634609041943EDE678
S113C4C00A009AE61900A8E6A04590D25546651BD5
S113C4D0AC42A44164426444121B01382C0086E738
S113C4E09446E8E72A0059E72100C3E710003CE737
S113C4F0022252429046E419C44400E700202B0073
S113C500BBE6023BD219DFE670B542004E024C0096
S113C51045026D0A120EC30F760A240EC90FFF2AB4
S113C5200FD0FF2C0BD00120A24209D1B54207D174
S113C5308B420FD022B92800431E984100E001200D
S113C54070BD0120FF2CFBD13543002DF8D14B40A9
S113C5501800F5E70020F3E730B5420044024D022D
S113C560C30F4800640A120E6D0A000EC90FFF2A99
S113C57012D0FF2807D0B2B938B90DB3002C2AD194
S113C5804800013830BD1DBB0AB9002CF8D08B42DD
S113C59005D158000138F5E7D4B9FF2813D001209C
S113C5A05B421843EEE70028F9D08B42F7D1824270
S113C5B0F5DCEEDBAC42F2D80020AC42E2D2E8E794
S113C5C0002CDFD0EBE71DB98B42E8D10020D9E77E
S113C5D002204042D6E78B42ECD0E0E730B542007F
S113C5E044024D02C30F4800640A120E6D0A000E85
S113C5F0C90FFF2A12D0FF2806D0AAB930B915B343
S113C60044BB480001380EE065B90AB9002CF8D0E3
S113C6108B4215D001205B42184304E014B9FF2873
S113C620F8D19DB1022030BD0028F3D08B42F1D166
S113C6308242EFDC04DBAC42ECD80020AC42F2D204
S113C64058000138EFE7002CEDD0E3E700208B42DF
S113C650E9D0DFE78B42EED0DCE7C046F0B54646D2
S113C6604F46D64643025B0AC0B59C461F00DE0017
S113C6704B025A0A904645004A002D0EC40F120E72
S113C680C90F9B09FF2A25D001204140A81A8C42DA
S113C6900FD0002800DC8AE192BB002B00D19CE083
S113C6A0421E012800D14FE1FF2800D19BE0100079
S113C6B02CE0002800DC87E1002A00D182E0FF2D75
S113C6C000D190E08022D20413431B2800DCEAE06E
S113C6D001363FE02800FF388246002B54D140F257
S113C6E00109484641408C4200D1C4E0504600282C
S113C6F000D187E00C00002D4CD0FF2000273AE049
S113C700FF2D00D16FE08022D204134301221B28A5
S113C71007DC2021091A1A008B40C240591E8B41A4
S113C7201A43B61A73016AD5B601B709380000F086
S113C73003FA05388740854200DD7EE020223B0075
S113C740401B0130121A3E009340C6405A1E9341CA
S113C75000251E43730704D00F233340042B00D05D
S113C760043673013AD5681CFE2DC6D09B4BC0B26B
S113C77033409B015F0AC0053843E4072043E0BC13
S113C780BA46B146A846F0BD8C4264D0D0B3002D61
S113C79000D0A3E0FF20F6B1471E012800D1E1E05C
S113C7A00C00FF2800D1CDE001211B2F07DC202045
S113C7B0C01B31008640F940701E8641314315008C
S113C7C05E1AAFE74BB1421E012800D1A0E0FF285A
S113C7D009D0100079E70C001E000500F3089C4600
S113C7E0FF2D00D09BE06346002B00D185E7802716
S113C7F06346FF031F437F02FF207F0ABBE77307E3
S113C800AAD1EBE7FE206A1C10421AD1002D77D181
S113C810002E00D1AAE00020002BACD08022F71A11
S113C820D204174200D1BBE001249B1B0C401342ED
S113C8309FD06A4A013013409BE7684E2D1A3E4050
S113C84088E7F71A7A0157D4002F00D06EE7002446
S113C850002000278FE780B1002D73D1FF20002E28
S113C860BAD0411E012853D0FF286BD01B296EDD9E
S113C87015005E1C6EE7514659BBFE216A1C11422D
S113C88033D1002D50D1002E00D186E00020002BA2
S113C89000D170E7F318DF087F027F0A5B0100D440
S113C8A069E7012067E72021091A1A008B40C2407A
S113C8B0591E8B411343F6187301A0D50135FF2D82
S113C8C000D11AE70123464A3340760816401E4336
S113C8D040E7002D00D010E7FF20C0E70C00C4465D
S113C8E081E7FE216A1C0A42CDD0FF2A00D104E769
S113C8F0F618150076082DE701249F1B0C4015E758
S113C900E6BB002B45D180270024FF20FF0332E73C
S113C910F61802257301D5D4F3089C460125634615
S113C9205F027F0AE8B226E766B1002B00D15EE71A
S113C9308023DB039C4500D259E7984500D356E792
S113C940C44654E7C4464EE70125F61AEAE6300029
S113C9502025C840691A8E40711E8E410643150079
S113C960F618A9E70C0001259E1BDBE6002B00D17D
S113C9706DE70124474600200C40FCE6002B00D163
S113C98035E78023DB039C4500D230E7984500D38C
S113C9902DE70124C4460C4029E747460020EAE677
S113C9A017B1BF017F0AE6E600240027E3E600286A
S113C9B000D127E7571B3800002D00D1EBE680207B
S113C9C0C0040C000643EFE600288AD0511B0DB9C1
S113C9D0080044E78020C004064347E7FFFFFFFB4D
S113C9E0FFFFFF7D41024200C30F490A0020120EDF
S113C9F07E2A03DD9D2A02DD094A981870478020AB
S113CA0000040143952A07DC9620821AD14048424B
S113CA10002BF3D10800F1E7963A9140F7E7C046BE
S113CA20FFFFFF7F70B598B1C317C5185D40C40FF1
S113CA30280000F081F89E2301001B1A962B0FDCBE
S113CA40082831D008398D406D026D0AD8B202E051
S113CA50002400200025C0052843E407204370BDBE
S113CA60992B15DC421F95402A00150010480540FB
S113CA70560709D00F263240042A05D004356A012E
S113CA8002D59F2305405B1AAD016D0AD8B2E2E7D7
S113CA900522121A2800D0400A001B3295402A00B1
S113CAA0551EAA410243E0E76D0296206D0AD2E7C3
S113CAB0FFFFFFFB70B5040070B100F03DF8030008
S113CAC09E20C01A96280CDC082B2DD0083B9C40D5
S113CAD06402640AC0B201E000200024C0052043BF
S113CAE070BD992814DC5A1F9440220010490A4052
S113CAF0650709D00F252C40042C05D004325401BD
S113CB0002D59F200A40C01A9201540AC0B2E5E738
S113CB101A0021001B3291400A00511E8A4105214E
S113CB20C91ACC401443E0E764029620640AD5E7AE
S113CB30FFFFFFFB7047C0461C2101231B049842E2
S113CB4001D3000C10391B0A984201D3000A08399A
S113CB501B09984201D30009043902A2105C401851
S113CB607047C046040302020101010100000000F5
S113CB70000000000D0A002000554E4B4E4F574E4A
S113CB805F53544154555300303A554E434F4E462B
S113CB9049524D45445F4441544100313A434F4E5C
S113CBA04649524D45445F4441544100313A4F5443
S113CBB0414100303A434C4153535F4100313A43C1
S113CBC04C4153535F4200323A434C4153535F4309
S113CBD000373A4B5239323000313A4144525F45C2
S113CBE04E41424C454400303A4144525F4449531B
S113CBF041424C454400303A525353495F444953EF
S113CC0041424C454400313A525353495F454E41E9
S113CC10424C454400313A444359434C455F454EE8
S113CC2041424C454400303A444359434C455F44E7
S113CC30495341424C454400554E4B4F4E574E5F6D
S113CC404556454E545F494E464F5F5354415455E3
S113CC50530041434B5F5245434549564544004EBA
S113CC604F5F41434B00204C6F52612053616D7004
S113CC706C6520417070205665722E002B5243560D
S113CC8044002C002B52535349002B4A4F494E0069
S113CC904A4F494E5F4143434550544544004A4F2F
S113CCA0494E5F4E4F4E43455F4641494C45440013
S113CCB04A4F494E5F4641494C4544002B4C494E2E
S113CCC04B43484B004E4F5F524553504F4E5345D4
S113CCD0002B44455654494D45004C574656332E77
S113CCE03130002A54583A002A52465057523A5387
S113CCF074616E646279002A52465057523A576101
S113CD006B6575702066726F6D20436F6C64002ACA
S113CD1052465057523A57616B6575702066726F70
S113CD206D205761726D002A52465057523A57612E
S113CD30726D536C656570002A52465057523A43DF
S113CD406F6C64536C656570002A4343413A002A52
S113CD5052583A005354415455535F4F4B00545862
S113CD605F54494D454F5554005258315F54494D15
S113CD70454F5554005258315F4552524F5200525C
S113CD8058325F4552524F52004A4F494E5F464116
S113CD90494C004A4F494E5F4E4F4E43455F464112
S113CDA0494C00444F574E4C494E4B5F52455045F9
S113CDB0415445440054585F44525F5041594C4FCC
S113CDC041445F53495A455F4552524F52004144D2
S113CDD044524553535F4641494C004D49435F46D5
S113CDE041494C004D554C5449434153545F4641CD
S113CDF0494C00424541434F4E5F4C4F434B4544E1
S113CE0000424541434F4E5F4C4F5354004245410D
S113CE10434F4E5F4E4F545F464F554E440042556C
S113CE20535900534552564943455F554E4B4E4F57
S113CE30574E004652455155454E43595F494E564B
S113CE40414C49440044415441524154455F494E88
S113CE5056414C494400465245515F414E445F445B
S113CE60525F494E56414C4944004E4F5F4E455423
S113CE70574F524B5F4A4F494E4544004C454E472D
S113CE8054485F4552524F5200524547494F4E5FF6
S113CE904E4F545F535550504F5254454400534BDA
S113CEA049505045445F4150505F4441544100440F
S113CEB05554594359434C455F5245535452494381
S113CEC0544544004E4F5F4348414E4E454C5F46E7
S113CED04F554E44004E4F5F465245455F434841CF
S113CEE04E4E454C5F464F554E44004352595054A4
S113CEF04F5F4552524F520046434E545F48414E95
S113CF00444C45525F4552524F52004D41435F439A
S113CF104F4D4D41445F4552524F5200434F4E4690
S113CF2049524D5F51554555455F4552524F520048
S113CF304D435F47524F55505F554E444546494E09
S113CF404544004D41435F4552524F5200524144C3
S113CF50494F5F4641494C00524144494F5F50415B
S113CF6052414D455445525F494E56414C49440047
S113CF70417661696C61626C6520726567696F6E88
S113CF80206861766520746F206265207365742063
S113CF9077697468202B524547494F4E20636F6D63
S113CFA06D616E642E00526164696F2064726976EB
S113CFB0657220696E697469616C697A6174696FFC
S113CFC06E206973206661696C65642E005061721D
S113CFD0616D657465727320666F72204D616320A4
S113CFE0496E697469616C697A6174696F6E2061F4
S113CFF0726520696E76616C69642E002B5258004C
S113D0004C6F52617C5346004257004746534B7C59
S113D010004E4F20414E53574552002B5245534525
S113D02054002B564552002B53415645002B4C4F70
S113D0304144002B444556455549002B434C41532C
S113D04053002B44455641444452002B4E45544909
S113D05044002B415050455549002B4150504B45FD
S113D06059002B4143544D4F4445002B53454E44E6
S113D070002B4D54595045002B524547494F4E0003
S113D0802B53454E44484558002B414452002B52E3
S113D090583144454C4159002B4452002B46504FC3
S113D0A05254002B444359434C45002B43484445B8
S113D0B0464D41534B002B4445564E4F4E4345007D
S113D0C02B4150504E4F4E4345002B444F574E4634
S113D0D0434E54002B555046434E54002B47454E67
S113D0E04150504B4559002B444542554700EFF7FA
S113D0F0F800000004000000080000000000000028
S113D10009000000040000000A0000000400000000
S113D1100B000000000000000C00000000000000F4
S113D1200D000000050000000E00000004000000D7
S113D1300F000000000300000001000004030000D1
S113D14001010000050000000201000005000000CC
S113D15003010000000100000801000005000000B8
S113D16009010000050000000A010000050000009C
S113D1700C0100000040000000020000000000005C
S113D180010200000000000006020000040000008C
S113D1900702000000400000080200000004000034
S113D1A00C020000040400000D0200000000000056
S113D1B00E020000000000000F0200000001000049
S113D1C00003000004010000070400000000000048
S113D1D00D090000000000000E0900001D00000001
S113D1E0F4D000000000000000001040FF031040D5
S113D1F0000100000100000000000000FFFF00002B
S113D200000800000400000001000000F73B0000DB
S113D21000000000484E0020030B0000B44C002026
S113D22008D200002CD200001CD20000F97C0000BF
S113D230357B0000957B0000257C0000950E0000E6
S113D24045110000650E0000810E0000850E0000EF
S113D250890E0000657A0000357D00008D0E000007
S113D260910E0000B10E0000B50E0000B90E0000D2
S113D270BD0E0000C10E000001000000F73B0000DD
S113D28000000000F8500020030B0000184D00209F
S113D29078D200002CD200008CD2000000000002E2
S113D2A006000102000102DF02000000010000008C
S113D2B00700000020A10700010000000800000092
S113D2C020A10700010000000900000020A10700C0
S113D2D0010000000A00000020A107000100000076
S113D2E00B00000020A10700010000000C0000005A
S113D2F020A10700010000000700000048E8010029
S113D300010000000800000048E8010001000000DE
S113D3100900000048E80100010000000A000000C4
S113D32048E80100010000000B00000048E801008B
S113D330010000000C00000048E8010001000000AA
S113D3400700000090D00300010000000700000067
S113D35048E80100010000000800000048E801005E
S113D360010000000900000048E80100010000007D
S113D3700A00000048E80100010000000B00000062
S113D38048E80100010000000C00000048E801002A
S113D3900000000050C30000A8610000010002006A
S113D3A0080010002000000001000000E8D1000087
S113D3B001000000F8D10000637C777BF26B6FC53D
S113D3C03001672BFED7AB76CA82C97DFA5947F084
S113D3D0ADD4A2AF9CA472C0B7FD9326363FF7CC60
S113D3E034A5E5F171D8311504C723C31896059AFD
S113D3F0071280E2EB27B27509832C1A1B6E5AA020
S113D400523BD6B329E32F8453D100ED20FCB15B0A
S113D4106ACBBE394A4C58CFD0EFAAFB434D338573
S113D42045F9027F503C9FA851A3408F929D38F547
S113D430BCB6DA2110FFF3D2CD0C13EC5F9744177E
S113D440C4A77E3D645D197360814FDC222A9088F5
S113D45046EEB814DE5E0BDBE0323A0A4906245C81
S113D460C2D3AC629195E479E7C8376D8DD54EA9E6
S113D4706C56F4EA657AAE08BA78252E1CA6B4C6B2
S113D480E8DD741F4BBD8B8A703EB5664803F60E0B
S113D490613557B986C11D9EE1F8981169D98E94FA
S113D4A09B1E87E9CE5528DF8CA1890DBFE6426813
S113D4B041992D0FB054BB164C574656332E31307C
S113D4C00600010000000000000000000000000051
S113D4D00000000000000000000000000000000048
S113D4E00000000000000000000000000000000038
S113D4F00000000100010100000100000000000024
S113D50000000000000000000002104002000000C3
S113D510000200000000000010000000F44C002095
S113D520750500000000000028D2000054CD000062
S113D53079CD00005ECD000069CD0000C5CC0000AF
S113D54075CD00007FCD000089CD000093CD000093
S113D550A3CD0000B5CD0000CECD0000DBCD000092
S113D560E4CD0000F3CD000001CE00000DCE00009C
S113D57038CC00000000104002000000000200004F
S113D5800000000010000000584D00206905000054
S113D5900000000098D2000054CD00001ECE000010
S113D5A023CE00005ECF000033CE000045CE000045
S113D5B056CE00006ACE00007CCE000089CE00006A
S113D5C09ECE0000AFCE0000C4CE0000D5CE000039
S113D5D0EBCE0000F8CE00000BCF00001CCF000003
S113D5E030CF000043CF00004DCF000058CF0000E3
S113D5F079CB000000000000FFFF000008000000DD
S113D6000000000002021D000000000000000000F5
S113D6109CD2000003000000000001000300000091
S113D62000000000000221000000000000000000D3
S113D630A8D2000048E8010048E8010048E80100D9
S113D64048E8010048E8010048E801000C0B0A0919
S113D650080733333373F2F2581B0000983A000082
S113D6601879000030F2000048E8010090D003006F
S113D67020A107000000000010270000204E000039
S113D68028A000000700000048D3000001000000AB
S113D6903CD3000006000000F4D2000006000000A5
S113D6A0ACD20000090705030001020008060400CB
S113D6B0841E0000093D0000127A000024F40000DA
S113D6C048E8010090D0030020A1070000000000FA
S113D6D0B128000061510000C3A200000405060344
S113D6E00A020901080000000400000048E80100E3
S113D6F00500000090D00300060000003820070059
S113D7000300000030F200000A00000028A000001E
S113D710020000001879000009000000204E0000FB
S113D72001000000983A00000800000010270000E3
S113D73000000000581B0000050000000201000367
S113D74004000000000000001F000000C0120000E0
S113D7501F000000A816000017000000841C000031
S113D7600F000000E42500001E000000B42D00009E
S113D77016000000083900000E0000002C4C0000C8
S113D7801D000000685B00001500000074720000BA
S113D7900D000000589800001C00000034B7000081
S113D7A014000000E8E400000C00000078310100DF
S113D7B01B000000686E01001300000034CA010061
S113D7C00B000000286202001A00000040DB020087
S113D7D0120000003C9303000A000000C0C20400D1
S113D7E01900000060B30500110000003820070094
S113D7F00900000020A10700000000002021F636E7
S113D8000000000050000000602EF9360000000007
S113D81050000000A03BFC36000000005000000057
S113D820C194C100000000000000000000000000DE
S113D83007040000040100000D02000004040000BD
S113D840010000000C4000207D00FA00F4010000FB
S113D850000000005BCD00000400000079CD000052
S113D860070000001ECE00000800000011D00000D8
S113D87056000000810500000000000000000000C8
S113D8804154002B711E0000000000000000000045
S113D890060000001BD0000000000000291F00004B
S113D8A0000000000400000022D00000000000007E
S113D8B000000000954100000500000027D0000092
S113D8C0954300000000000095430000050000009F
S113D8D02DD00000012600004126000000000000B9
S113D8E00700000033D0000095330000311C000015
S113D8F000000000060000003BD000000000000013
S113D900B11B0000000000000800000042D000002D
S113D91000000000DD1B0000000000000600000005
S113D9204BD0000069260000A9260000000000007A
S113D9300700000052D00000D1260000950A000024
S113D94000000000070000005AD000004D15000040
S113D950111C0000000000000800000062D000005C
S113D960E577000000000000000000000500000052
S113D9706BD00000610B0000851B0000000000005C
S113D9800600000071D00000F55D000000000000FA
S113D990F55D0000050000008ACC000015150000AC
S113D9A0711C0000000000000700000078D0000097
S113D9B0757800000000000000000000080000006E
S113D9C080D000003D340000911C000000000000E5
S113D9D00400000089D00000990A0000C11C000066
S113D9E0000000000500000084CC0000A92F000006
S113D9F0F51F000000000000090000008ED00000A8
S113DA00B1340000152000000000000003000000F5
S113DA1098D00000000000000000000065790000BC
S113DA2008000000BCCC0000A10B00003520000061
S113DA3000000000060000009CD000001930000027
S113DA40ED1C00000000000007000000A3D000004F
S113DA50000000000000000015790000080000002C
S113DA60D1CC00002935000011270000000000007F
S113DA700A000000ABD0000035420000491D000040
S113DA800000000009000000B6D00000954200002C
S113DA90791D00000000000009000000C0D0000053
S113DAA075300000AB1D00000000000009000000FC
S113DAB0CAD00000BF300000D71D000000000000E5
S113DAC007000000D4D000009D150000E10A00000A
S113DAD0000000000A000000DCD00000E50A00009D
S113DAE0251D00000000000006000000E7D0000033
S113DAF00300001700000001000000000000000007
S113DB0000000000000000004909000000000000BF
S113DB1028D8000000030000001B001200000014BD
S113DB200000000000000000F513000000000000E9
S113DB3040D80000000000000200000000000000C7
S113DB4004000000020000000000000000000000CB
S113DB5000000000000000000000000000000000C1
S113DB60000100000000000008E8014009E801404D
S113DB700AE801400BE801400CE8014008000000FD
S113DB80A0D1E336E013F336400D03000700000094
S113DB9080EE36000000000070170000BFFF000098
S113DBA03C93030010270000080000002021F636F3
S113DBB0A0700837400D03000B00000080EE360013
S113DBC00000000070170000BFFF00003C9303003A
S113DBD010270000080A0C0D0E10121415181A1B39
S113DBE01D1E2124000000000000000100000002AE
S113DBF000000004000000080000001000000020E5
S113DC0000000040000000800000001B00000036FF
S113DC1000000206362E322E30004275696C7420E4
S113DC20776974682052656E657361732041647608
S113DC30616E63656420466C657869626C65205327
S113DC406F667477617265205061636B61676520EC
S111DC5076657273696F6E20362E322E3000A8
S107DC60F8B5C04609
S107DC64F8B5C04605
S107DC68410500006E
S107DC6C110500009A
S10BDC7008E5FF7F010000003C
S90338B90B
