S01200004C6F526153616D706C652E7372656342
S1130000804C0020493800000D1100009B110000B5
S11300109B1100009B1100009B1100009B1100002C
S11300200000000000000000000000009B11000020
S11300309B110000000000009B11000081090000DA
S113004000000000000000007D0E00000000000021
S1130050000000007D0E0000000000000000000011
S1130060000000000000000000000000657B0000AC
S1130070000000000000000000000000000000007C
S11300800000000000000000350D0000000000002A
S1130090ED0D0000000000000000000071370000BA
S11300A00000000000000000000000009D0D0000A2
S11300B000000000BD0C0000000000000000000073
S10B00C000000000817400003F
S11300C810B5094C1022002120000BF0E1FB074B6E
S11300D81B7813B91333E3722373054B1B780BB9DD
S11300E80633A37310BDC046805D0020685C002001
S11300F8505C002030B585B00400092240F29F20EE
S113010801A904F021FD6B461D79002301A8AB4227
S113011814D1032B10D869465A1C0A716A465B002D
S1130128210A0532D1546A460632D45440F29F203B
S1130138092201A904F010FC05B030BD0100427881
S113014889781202521802309442F5D00133DBB296
S1130158DDE7F7B50025614B614C1860614B40F24F
S1130168E8310A205D701D7003F022FC0023E05E74
S1130178290008F0E5FE40F2E831142003F018FCE9
S11301880023E05E012108F0DBFE40F2E8310A209A
S113019803F00EFC544C554B0122A36040F2053386
S11301A8A380534B02210520E560DA70220000F099
S11301B8B5FF04204F4B2360205607F073FC04F06E
S11301C8DFFA280005F088FA4B4B1B78012B01D184
S11301D804F0A6FB494B01210020185E012508F014
S11301E8AFFE6B460024D91C2A009D200D7004F034
S11301F8EDFA434B20001D70424B434F1C70434B98
S1130208434E1C70434B1C6005F066FA6B462A008B
S1130218991C96200D7004F0D9FA6B4602229C8032
S11302288F2001A904F0D2FA2000042104F0AAFCCA
S11302384FF6FF71080008F091FC40F6AC00FFF798
S113024859FF40F68900FFF755FFFFF739FF3800DB
S113025804F054FF300004F051FF2F4B0222FB60DE
S11302682E4B01A9F3602E4B17201C706B469C8003
S11302783C607C603C723C6134607460347234610C
S113028804F038FC6B465A790334511013002940A2
S1130298A9402B400B439110294089000B43D110EE
S11302A82940C9000B431111294009010B4351117D
S11302B82940921149012A4092010B4313436A468B
S11302C812792A401202134303B91C00154B9B7B75
S11302D8062B01D108F02EFB2000FEBDBC5D0020DA
S11302E87C5C0020B95D00206C5C0020951A00003D
S11302F80060004055434900685C0020545C0020BD
S1130308074000207D5D0020A45D00207C5D002066
S1130318905D0020785D0020415700005D57000083
S10B0328B85D0020805D002097
S1070400FFFFFFFFF8
S1070404F7AFC1FF8A
S1130440010000000101FF01804D002000100100A7
S11304508182800184858302878886038A8B89044C
S113046008078D000000000003000000CC6100209C
S11304703440002000000000CC61002034620020E1
S11304809C6200200000000000000000000000004A
S11304900000000000000000000000000000000058
S11304A00000000000000000000000000000000048
S11304B00000000000000000000000000000000038
S11304C044F2800044F28003C2F20000C2F200034E
S11304D010B5834205D040F20003C0F2000303B11B
S11304E0984710BD44F2800044F28003C2F2000039
S11304F0C2F200031B1A9A10D90F8918491010B5BB
S113050029B140F20003C0F2000303B1984710BDC3
S113051010B544F69844C2F20004237873B9FFF787
S1130520CFFF40F20003C0F200032BB140F20840B9
S1130530C0F2000000E000BF0123237010BDC046DC
S113054040F20003C0F2000310B54BB144F69C41E5
S113055040F20840C2F20001C0F2000000E000BF17
S1130560FFF7C0FF10BDC0460122014B1A7070474F
S1130570FD5D00200122014B1A707047FC5D0020D4
S1130580064B82B21B68012A03D80022D8701A8055
S1130590704740F200421A80FAE7C0460840002043
S11305A00020044B1B6803B9704701301B6800B27C
S11305B0F9E7C0467C4D002010B570B1094A0A2302
S11305C0D45E002311689C4207DD814206D1118963
S11305D00131118100215268D15410BD01331BB285
S11305E00C31F0E7EC5D0020002210B50260013A06
S11305F00A80074A0300106840B104681460426826
S11306001A600822835E0B80FFF7D6FF10BDC04638
S11306107C4D002002001F205AB1012308490868BC
S1130620824207D98868824204D8054ADB009B18B5
S11306301879704701330831172BF0D11F20F8E7E0
S113064020D90000034B00201B78082B01D8024A54
S1130650D05C70470740002014D90000F0B5144B5B
S113066004005A7B012072B1124ADD7B110048322A
S1130670463109781278104B0639D200C9B2D21823
S1130680934201D10020F0BD012905D825B918688D
S11306902A300078022808D0187930B11E687768AB
S11306A0BC4202D3B668B442EDD90833E8E7C04689
S11306B0805D0020B85B0020A45B0020154B00B5D2
S11306C0185C0A2823D80BF05FFD1E161612060DBF
S11306D022221A161200002001230B398B424041BA
S11306E0C0B203E00C394B425941C8B200BD0020EE
S11306F002230A39F2E7002003230939EEE7002038
S113070004230839EAE7002005230739E6E7002037
S1130710ECE7C046B8D80000014B18887047C046C3
S1130720A05B00204A425141094A4942114042F229
S1130730107289180300C8430A2B07D8054AD35CF2
S1130740054A9B009B58C81803B9C8437047C04664
S1130750F0D8FFFFB8D8000034D8000003000D48DB
S1130760D200125830B5546802209C4211D89568C2
S11307709D420ED3D2681B1BB3FBF2F454431D1BE2
S1130780A34206D12800012A03D08A429241524250
S1130790500030BDA45B00200300002082B0019013
S11307A0D1B142F20F7291420CD840F2E732914239
S11307B00AD9013242F210700192019A401AB0FB38
S11307C0F2F0584302B0704764226329F2D80A2237
S11307D00929EFD80122EDE70121FBE7F0B5059CDB
S11307E01D0008283FD1081C0D2900DD0D20224FD3
S11307F0224EBC4643B2607098008159012761457E
S113080004D01F4FC9194F4279414F001D49A770A9
S1130810C95C1D4B8B40315840F2E830B3FBF1F119
S1130820131F4B4368431B185B001BB1481EC318BE
S1130830B3FBF1F39A4200D21A000B005343880031
S113084000210BB101335908431A40F2E83101D5B4
S11308500E481B1893FBF1F3E3603F2A04D8531CA2
S1130860FE221340A360F0BDF8210B00F72AF9D84B
S1130870073213000B40F5E790D00300E4D70000E3
S1130880E05EF8FF24D8000040420F0019FCFFFF8F
S1130890094B1A78012318001A420BD1074A110098
S11308A0FC31896C31B940F28A23D05C0138431E93
S11308B09841C0B27047C046C8530020D0530020AE
S11308C00423024A11780B4313707047A453002089
S11308D00123024A11780B4313707047A45300207C
S11308E040F28823044AD35C23B10223034A1178DB
S11308F00B4313707047C046D0530020A45300200C
S113090040F28C23044AD3581A780023082A01D1D0
S1130910024B1B5CD8B27047D0530020D4D70000E0
S1130920044B10B5FC331B6D13B1DB6803B198475E
S113093010BDC046D0530020082310B5034A1178D7
S11309400B431370FFF7ECFF10BDC046C8530020E3
S1130950042310B5034A11780B431370FFF7E0FF2B
S113096010BDC046C8530020022310B5034A1178B5
S11309700B431370FFF7D4FF10BDC046C8530020CB
S1130980704700000379012B01D1014A13707047AD
S1130990FC510020002382B00193054BDB88C01A70
S11309A01E2380B243430193019880B202B0704782
S11309B0FE260A4010B5042401210748074B82791A
S11309C01975A243827100220020197000211A6156
S11309D09860D9609A8310BD00380A40C05D002039
S11309E00200811C002010B51378000184B21800A5
S11309F03038C0B2092805D918006138052806D84E
S1130A00573BD8B2013220439142EDD110BD1800BA
S1130A104138052801D8373BF3E74FF6FF70F5E777
S1130A20F0B500230500CC5CA446260934006746D3
S1130A3030349F2F00D907340F262C70CC5C3440FF
S1130A4026003036092C01D93734260001339CB2F4
S1130A506E7002359442E6D30023520092B283545E
S1130A60F0BDF0B587B003900191029213B9042050
S1130A7007B0F0BD019A54009C42F8DB00252E001B
S1130A80E41A24B205AFD4B9029A6B1C525D1DB2AC
S1130A903A700024029B6A1C5B5715B238007B70C5
S1130AA0FFF79EFF4FF6FF739842E0D0039B9855E3
S1130AB00136019B36B2B342E5DC0020D8E730238F
S1130AC0A4B23B70012CE4D0023C302324B2E5E70D
S1130AD00420704713B5FFF763FDC0B2012801D0AD
S1130AE0042016BD6B469C1C210001A8FFF77CFD69
S1130AF00023E25E012AF3D1019B1B785BB2302B09
S1130B0005D10022044B3F3300201A70E9E7312B52
S1130B10E6D1014B3F33F7E794510020042070479E
S1130B2030B585B0FFF73CFDC0B2042401281AD1CA
S1130B306B469D1D290002A8FFF756FD2B8803ADC7
S1130B4021002800029AFFF78CFF040058B96B7843
S1130B502A781B0412061A43AB781B021343EA7863
S1130B601343024A1360200005B030BD145C00201A
S1130B70030030B541180A2400208B4200D130BD57
S1130B8000229A566043303AD5B20133092D01D878
S1130B901018F2E701204042F1E7000013B5FFF717
S1130BA0FFFCC0B2012801D0042016BD6B469C1C7A
S1130BB0210001A8FFF718FD0023E15E0129F3D10C
S1130BC00198FFF7D5FFC0B208B10128ECD1024B60
S1130BD03C3318700020E8E79451002013B5FFF768
S1130BE0DFFCC0B2012801D0042016BD6B469C1C5A
S1130BF0210001A8FFF7F8FC0023E15E0329F3DCE0
S1130C00002301981AB2914212DCC9B20029EBD038
S1130C10FFF7AEFF431E9BB2DF2BE5D8C0B2431EE5
S1130C20DBB2DF2B02D8054B3D3318700020DCE724
S1130C30C25C0133303A092AE4D9D5E79451002043
S1130C40704700207047704770470000502210B56D
S1130C50034904480BF0DBF80322034B1A7110BD5F
S1130C6044D6000094510020E8500020024B18782C
S1130C7043425841C0B27047E451002002001B2394
S1130C80C0094042184052005040C0B270470A2385
S1130C9070B58360036C01000133036403000833FF
S1130CA0DC6FC268A36820685D6840310823A847E8
S1130CB070BDEFF30380103840B2704730B585B093
S1130CC0FFF7F7FF124B8000C5586A68D36959785B
S1130CD0002304391C00022905D8137C0D495B004C
S1130CE05B5A02349BB2E96879B12D6901A8047199
S1130CF00195022C07D1127C064C90325200125BF3
S1130D00120401329B188360884705B030BDC04689
S1130D10C04D002000260A401FB5436A4BB18468C9
S1130D202478029169460A71826A009468460392A3
S1130D3098471FBDF8B5FFF7BCFF174B8000C0589C
S1130D40437CC6685B00F6183500FE356C8A8369FF
S1130D50A4B29BB18268D26882B90178426959B160
S1130D60178801315218013B3780426183610BB906
S1130D7001339C436C82F8BD1778F2E7002343618A
S1130D8001331C42F5D16B8899B2002BF2D10222B7
S1130D90FFF7C2FFEEE7C046C04D002010B5FFF7D5
S1130DA088FF114B8000C058437CC2680133DBB21A
S1130DB05B00995A036A89B223B90422C361FFF71D
S1130DC0ABFF10BD0278C36952B119800233016AC6
S1130DD0C361013901620029F3D10122C161EEE747
S1130DE01970C3690133F2E7C04D002070B5FFF7F5
S1130DF060FF114B8000C0580126437CC468013356
S1130E00DBB25B00E4182188FE34628889B21300E7
S1130E1095B23340324207D102231D4209D1DB1877
S1130E2010221D4201D170BD20226381FFF774FF9F
S1130E30F9E70822F9E7C046C04D002043688268FC
S1130E401B785B009B5A02699BB20AB181695354B7
S1130E5083690133836170470123C8B28340002052
S1130E609BB20AB918001300034A090A49018918F8
S1130E70088100204B81704700000A4007B5FFF746
S1130E8018FF064B8000C3583BB19A682AB15979C0
S1130E90DB68684601910093904707BDC04D002070
S1130EA040F21A23044A0020D35A812213405A1EC6
S1130EB093410B707047C04600C07E4006207047C7
S1130EC006207047062070470620704706207047AA
S1130ED00A0010B5034B11CB11C2034B11CB11C245
S1130EE0002010BD3CD5000034D50000062070471A
S1130EF0062070470620704706207047062070477A
S1130F00C36A0D4A10B59A180133C362036B816A30
S1130F10013B0363094B4C1C84621800140CFE3023
S1130F2092B2448242811A000978FC3251638122D0
S1130F30FF335A7510BDC0460000F0BD00C07E40AE
S1130F404143032903D9890801390029FCD1704799
S1130F50254A03001268254810B5254982420BD85A
S1130F608A4209D02348824206D02348824203D0D1
S1130F7040F2F610DA6010BD2048214C1218B2FB82
S1130F80F1F10800A24202D901200840081840F2F9
S1130F908352D86006204A43B2FBF0F21A6140F251
S1130FA076324A43B2FBF0F25A6158224A43B2FB0A
S1130FB0F0F29A61134A99604A43B2FBF0F2DA61A3
S1130FC0114A4A43B2FBF0F21A62104A4A43B2FB96
S1130FD0F0F25A620E4B1A78012A03D001221A70D9
S1130FE0FFF7AEFF0020C6E7BC4D0020FF083D0020
S1130FF040420F0080841E00C0C62D003F420F00F7
S11310003F8AF701B86A0500C0B0070068ED220006
S113101090C07E4044F6003313B5A522019340F2FC
S11310208013F7210F4CE2500F4B9D3A5A705970C0
S11310305A705B78934200D1C04681681020FFF754
S11310407FFF40F21A22094BA352A35A98B203B964
S113105016BD019B1BB1019B013B0193F5E71420D5
S1131060F6E7C04600C07E40FFC07E4000AAFFFFF6
S113107013B5104901900B6B5B0612D57F240E4B00
S11310805A7D22405A7500225A7501900B6B5B06FB
S1131090D80F002B08DA019B2BB1019B013B019374
S11310A0F4E7019B0BB9142016BD019B013B01938E
S11310B0E1E7C046FCC07E40FFC07E4040F623020C
S11310C00F4B995C0F4A890709D540F622015B5CF6
S11310D01BB193680C4A136070471369FAE740F632
S11310E02001595C890705D540F61901595C5368FC
S11310F0CB40EFE740F61801595C1368F8E7C046A7
S113110000E00140804C0020BC4D0020044940F226
S113111040100A00FE32538C095A0B405386704724
S113112000600040F7B5FF27019283080A4A0326AE
S11311309B009B183A0040F200350640F6008901F6
S1131140B2403940B1405C59800094430C435C5137
S1131150019A024B1A50F7BD00E100E0C04D002097
S11311601F22430910401E3A8240044920339B0049
S11311705A50BFF34F8FBFF36F8F704700E100E009
S1131180002310B50360436811201856030021336F
S113119001D0FFF7E5FF002010BD00BE704700003E
S11311A010B5034B1B689B780BB10AF015FE10BDFC
S11311B008400020F0B50A0085B020B1012839D0DC
S11311C0002005B0F0BD4B490B00EC331C680B004C
S11311D0BA3318880B00BF331B78C1315D1EAB4195
S11311E00978C00801391B18481E81414900891833
S11311F0DB001833C900591840F2E8334B43621E30
S11312009B1841F65732B3FBF4F3012094420FD8F4
S113121040F6B732001894420AD840F2CF72013037
S1131220944205D840F2E7320430944200D902389F
S1131230C018C6E72F4B00201900F9310978019036
S11312400A2902D82C48415C01911900F8310E7822
S11312501900C43118000F881900FA331B78C631FD
S11312600433C830097804780393731F012B04D81E
S11312703B1C0C2F00D20C239FB2631E9C41D20056
S11312802401A4184A4251411423B50049420B4099
S1131290641BE418B31E0293062E07D9310001988B
S11312A00834FFF70BFA08B1B31E9D00E343DB17C4
S11312B01C406419013C94FBF5F5039B6B43DA195C
S11312C013000E33062E00D9023B0C4A0199525CDE
S11312D00A2A0ED80A49920052589B0002990133F7
S11312E08B4040F2E8305843531EC018B0FBF2F074
S11312F067E7FFDE7C5C002080D80000B8D80000DF
S11313008CD80000F7B500921A000B320192032624
S11313100269019DC468AD18B5434669B54214D845
S1131320050050352980010048310B800300141B4F
S11313304A331C8002238360009BC364686B836808
S113134000685C680423A047FEBD02224260026676
S113135002008832156886692A199446B76832688B
S1131360D719BC4500D0624644663469AD18C260E2
S11313704561A14205D8083202618AB20267426718
S1131380C5E7FFF784FCDFE710B5094B012806D158
S1131390084AC7331170197007F07AFB10BD1A00A0
S11313A0BF321278002AF9D1024AC0331170F2E731
S11313B07C5C00200640002010B5044B1420185E0D
S11313C007F0B4FD0128F8D010BDC0467C5C0020B5
S11313D0010010B580B90948094A121A0AF05CFAEA
S11313E00848094A0949121A0AF011FD0848094A2D
S11313F00949121A0AF00BFD10BDC046984C002092
S1131400B86300200040002000400020000010408D
S113141000400020804000204004000007B56B46D7
S1131420D87107330121180007F048FD07BD0000FB
S1131430030070B572B6BFF34F8FBFF36F8F00799F
S1131440082809D888B3013807282ED80AF09CFE4A
S1131450706E2D0D2D2D2D0B0300EF22103B13422A
S113146001D0402821D1334B53E09C68324B1B7888
S11314705BB2D3B10623314AD356012B15D00223D4
S1131480D05E0023D15E0425525F431C93FBF2F52A
S11314906A439B1A1BB2E4B28B420CD1082C04D1D0
S11314A007F0FCFB2000FFF77BFE62B6BFF34F8F13
S11314B0BFF36F8F70BD2300613B192B05D8203C0F
S11314C0E4B2200007F0A6FB29E00A2C06D00D2C7C
S11314D018D0082C1FD0202CE7D0F2E7200007F00A
S11314E099FB2000164CFFF75BFE2378002BDCD021
S11314F007F0D4FB07F0D2FB0122124B1A70002331
S11315002370D2E7200007F085FB2000FFF748FE98
S11315100B4B012208E0884204D007F0BFFB2000F7
S1131520FFF73EFE0022064B1A70BEE7064BF0E7BB
S1131530064BEEE730520020F4510020E851002021
S1131540E5510020E4510020F551002031520020E3
S113155013B5FFF725F8C0B2012812D16B469C1CC5
S1131560210001A8FFF740F821780423019849B12C
S1131570FFF7FEFAC0B20423012803D1073008F0B4
S11315809DF90023180016BD13B5FFF709F8C0B282
S1131590012801D0042016BD6B469C1C210001A823
S11315A0FFF722F80022A35E012BF3D1019A1278EF
S11315B052B2312AEED1064A917A9372012901D1AD
S11315C00020E8E7034A137107F0A8FEF8E7C046D5
S11315D094510020E850002010B586B0FEF7E0FFDB
S11315E0C0B20424012810D16B469C1C210001A820
S11315F0FEF7FAFF23881021019A02A8FFF731FAB7
S1131600040010B902A807F045FC200006B010BD84
S113161010B5044B186820B102681A60FEF7CCFFBD
S1131620F7E710BD7C4D0020002310B55200CC5AC2
S1131630C45202339342FAD110BD000070B50C00BD
S1131640002608282CD10D6825B1280006F064FD79
S1131650012825D023794BB10026012B20D1F5B1E7
S1131660062229000F48FFF7DFFF18E00E4C25B1D2
S1131670062229002000FFF7D7FF40F280220B4BFF
S1131680995C99520021023299520623A189228839
S1131690013B0A40DBB2A2810234002BF6D10126C1
S11316A0300070BDF8580020E0580020805600201B
S11316B010B50400FEF7D2FF68B1074B074AE318E0
S11316C00020934207D8064AB3FBF2F14A439B1A1F
S11316D05A425341D8B210BD608FF7C8401640003B
S11316E0C0270900002300B508280CD1501F052885
S11316F016D80AF049FD030A0D1512120A780421BE
S113170091425B41DBB2180000BD0A780521F7E77E
S11317100A780023083AD2B2F8E70A780E21EFE7F4
S11317200023F0E740F28C23054AD358E0331B78BA
S1131730022B00D0062340F2882153547047C04640
S1131740D0530020F0B585B0FEF77CFF0138C0B25D
S113175001283AD940F28C261D4C1E4FA559290068
S11317602A002B00FF31497EF03228781278EC33BE
S1131770009749B21B680397FFF730F840F2F2175D
S11317800223E355B333FF33EA5C00253F33E254CD
S1131790023BE55404F07EFA03F0EEFFA359E13373
S11317A0187803F01FF9A3591B78082B0DD103985F
S11317B006F048FC48B1280004F0C4FC40F2882339
S11317C0E25DE25408B106F013FC05B0F0BDC0467A
S11317D0D0530020B0550020F8B540F28C23344992
S11317E00200CB581C00E034207818B102284FD0F6
S11317F00320F8BD42B91A000D331532FF32FF330E
S113180003CB03C20020F4E70220012AF1D0013007
S1131810022AEED1227008000C00E130CD34FF30F2
S1131820FF34E0CCE0C060CC60C040F2F2100A5457
S11318301A000020503254782CB31478022C22D190
S113184024221C0042439A18106EFC34A0616432B6
S11318501278FF335A7640F211228C5C313A8C5460
S1131860043288509A7F40F2F013CA5403220233A0
S1131870CA540022013BCA5440F210230022CA5425
S1131880FFF760FFBEE7013024320428D3D1F3E729
S11318903AB9227003F070FF04F0A4FAFFF742FF94
S11318A0B0E7012AA5D00320022AA2D1AAE7C046A4
S11318B0D0530020002330B50360CD5CDC00A5408C
S11318C0046801332C430460DCB2A242F5D830BD75
S11318D003000020112B03D80248D84001231840EC
S11318E07047C0462007020070B50C4CE268137DB7
S11318F02BB115006368A46810359C4200D170BDFB
S11319001E788E4205D0AB4201D11300F5E70433B3
S1131910F3E7012258709A70F1E7C0469053002013
S113192070B50B49CA684B68147D507564B11400D6
S1131930012589681034DE78587006B99D70A34279
S113194003D113009942F6D170BD0433FAE7C046BF
S1131950905300200B4A30B553689168D268140044
S11319601034994204D100235A1E9341D8B230BD99
S11319701D788542F8D0A34201D00433F1E7130067
S1131980EFE7C04690530020EFF31080012383F368
S11319901088064B196819B9054A11704031117045
S11319A01A6801321A6080F3108870478052002050
S11319B040030A40EFF31083036072B6704710B51A
S11319C02120FFF7CDFB1D20FFF7CAFB10BD70B52A
S11319D00D0014002800A1B207F070FA0028F9D114
S11319E0200070BD114BF7B518780D0091B2C140BD
S11319F000270F4C0F4E0191802027708002377012
S1131A00217859B10199DD61196294B22800A1B21B
S1131A1007F054FA0028F9D12000FEBD31780029DE
S1131A20EAD101380028EBD1E6E7C0460452002091
S1131A303152002030520020054B012800D118609B
S1131A401A68D20702D51A68104318607047C04656
S1131A507C520020044B10B51B68DB0702D5022022
S1131A60FFF7EAFF10BDC0467C52002010B572B6E5
S1131A70BFF34F8FBFF36F8FFFF7ECFF0122044BCF
S1131A801A7062B6BFF34F8FBFF36F8F10BDC0469D
S1131A90B85D002010B5FFF7E9FF10BD034B01202E
S1131AA01B6810B503B1984710BDC0460052002012
S1131AB010B504000020205600B910BDFFF7AEFC9D
S1131AC00134F7E710B50A4B1C68E37813B10948F1
S1131AD0FFF7EEFF1422A188074B4A431B689B18AB
S1131AE01869FFF7E5FF0548FFF7E2FF10BDC046A0
S1131AF00840002000CD0000F85D0020D9CE000091
S1131B0010B50248FFF7D4FF10BDC04600CD000059
S1131B1010B50400FFF7D6FF0448FFF7C9FF200003
S1131B20FFF7C6FFFFF7ECFF10BDC04603CD000072
S1131B3010B530B1152805D8034B8000C058FFF705
S1131B40E7FF10BD0148FAE724D7000005CD0000E7
S1131B5010B5074B3C331B7823B10420012B05D16E
S1131B60044800E00448FFF7D3FF002010BDC0463E
S1131B709451002027CD000014CD0000062310B599
S1131B8088B001AC2000237007F040FA029B0422C5
S1131B901BBA694620000093FEF742FF2000FFF7BE
S1131BA0B7FF002008B010BD052310B588B001AC04
S1131BB02000237007F02AFA6946029B20001A0CC1
S1131BC00A701A0A4A7003228B70FEF729FF20005C
S1131BD0FFF79EFF002008B010BD000010B5054BB4
S1131BE004209B7A012B03D10348FFF791FF0020C7
S1131BF010BDC0469451002038CD000000B589B016
S1131C0000236A4601A8137107F000FA6B461B7A99
S1131C102BB90748FFF77CFF002009B000BD012B5A
S1131C2001D10448F6E70420022BF6D10248F1E77B
S1131C303FCD000049CD000053CD000010B5054B49
S1131C4004201B7A082B03D10348FFF761FF00200F
S1131C5010BDC046945100205DCD000000B589B090
S1131C6004236A4601A8137107F0D0F96B461B7A66
S1131C702BB10448FFF74CFF002009B000BD024817
S1131C80F8E7C04665CD000073CD000010B5074BE2
S1131C903F331B7823B90648FFF73AFF002010BDF5
S1131CA00420012BFBD10348F6E7C04694510020E1
S1131CB082CD000092CD000000B589B043236A466E
S1131CC001A8137107F0A2F96B461B7A012B05D109
S1131CD00548FFF71DFF002009B000BD0420002BBC
S1131CE0FAD10248F5E7C046A1CD0000B2CD00000C
S1131CF01FB5074B04221B6869461BBA01A8009351
S1131D00FEF78EFE01A8FFF703FF002005B000BD1B
S1131D10145C002000B589B06A464B2301A81371F6
S1131D2007F074F96B466A461B8969465BBA1380EF
S1131D3001A80222FEF774FE01A8FFF7E9FE0020C5
S1131D4009B000BD4C2310B588B001AC200023704D
S1131D5007F05CF96946029B20001A0C0A701A0A03
S1131D604A7003228B70FEF75BFE2000FFF7D0FE63
S1131D70002008B010BD522310B588B001AC20007B
S1131D80237007F043F9029B04221BBA6946200022
S1131D900093FEF745FE2000FFF7BAFE002008B0CE
S1131DA010BD532310B588B001AC2000237007F098
S1131DB02DF9029B04221BBA694620000093FEF70A
S1131DC02FFE2000FFF7A4FE002008B010BD000085
S1131DD0124B10B51B88012B08D0114B114A1B68FC
S1131DE012889A80037813B1012B0ED010BD43786A
S1131DF01BB90D48FFF78CFEF8E7102B03D80B4AEC
S1131E009B009858F6E70A48F4E743781BB903792E
S1131E100BB10848EEE70848ECE7C046F65000204E
S1131E2008400020F4500020E7CE0000B8D600009F
S1131E30C4CD0000DECD0000EBCD000013B5FEF7ED
S1131E40AFFBC0B2012834D16B469C1C210001A811
S1131E50FEF7CAFB0023E15E01292AD10198FEF7AF
S1131E6087FEC4B2012C1CD9072C22D11248FFF7DB
S1131E701FFEFFF745FE072C05D109F03BFB09F0D7
S1131E8025FBFEF7E3FE72B6BFF34F8FBFF36F8FF0
S1131E90BFF34F8F094B0A4ADA60BFF34F8FC04636
S1131EA0FDE7002CE2D1074B187A07F007FD20006C
S1131EB016BD0424FBE7C046E7CE000000ED00E0B9
S1131EC00400FA0594510020F8B506000C000F2711
S1131ED04D1EAD003000E8403840092808D83030A5
S1131EE0013CE4B2FFF79AFA043D002CF2D1F8BDAC
S1131EF03730F5E710B5FFF7E5FD0948FFF7D8FDE2
S1131F0002210420FFF7E0FF0648FFF7D1FD9020EF
S1131F100221FFF7D9FFFFF7F3FD002010BDC046F3
S1131F20F2CD000057D10000F7B505000E00019274
S1131F30002803DA2D20FFF771FA6D4201230A22EB
S1131F401C00B34204D101260A27002C04DCF7BD8F
S1131F5001335443DBB2F4E7012C00D1002695FB96
S1131F60F4F292FBF7F37B43D31A00936B46187891
S1131F70012E0DD160B9019B13B11800FFF74EFA81
S1131F80FF22009B1340634394FBF7F4ED1ADCE754
S1131F90303040B2FFF742FA0026F1E770B50D0089
S1131FA00400FFF78FFD0548FFF782FD290000229A
S1131FB02000FFF7B9FFFFF7A3FD70BD03CD0000BC
S1131FC0272310B588B001AC2000237007F01EF859
S1131FD00298052180B2FFF7E1FF002008B010BD90
S1131FE000B589B06A462D2301A8137107F00EF8D5
S1131FF06B460221187AFFF7D1FF002009B000BD1B
S113200010B5044B03213D331878FFF7C7FF0020B8
S113201010BDC04694510020002310B5934200D156
S113202010BDCC5CC4540133F8E70300F0B5D433DD
S1132030040018680E00150087B048B310231B1A5B
S11320401F000093934200D917002300C133BAB292
S1132050181831000193FFF7DFFF2200D432136810
S1132060FB1813600F2B1DD9009BAB421AD2200022
S1132070B13003001A78197C4A401A70019A01336E
S11320809A42F7D12200010006F06EFEF619ED1B0C
S11320902000C130102D07D83100AAB2D434FFF784
S11320A0BBFF256007B0F0BD2700B1373B000096A9
S11320B000991A7809784A401A70009A013301325B
S11320C000929842F4D11022390002A8FFF7A4FF2D
S11320D002A90800220006F047FE1022380002A9D7
S11320E0FFF79AFF1036103DD2E70000F0B50C0060
S11320F08BB0082829D16A460123138100239372E7
S113210000220023049205930692079308920993F0
S11321100879042819D80AF037F81A7A18038B00BA
S113212040F2402201214F4B0020995200210832F5
S11321309A181060516040F250229A181060516051
S113214040F258229B18186059600BB0F0BD464D00
S11321502022280002A9FFF75FFF444B0022E81861
S113216040F2842301003026C252414D414B424F7C
S11321700360DB19067142710830AB42F7D1442683
S113218000253E4B3E4A3F483F4F1A60D2191E710C
S11321905D7108338242F7D1012340F278225B4219
S11321A08B5004328B5040F28023384E7E3AFF3AF3
S11321B0CA5030003649F93AFFF736FA06223100A0
S11321C03448FFF731FA0123334AE380137040F6B1
S11321D0B833E36040F2E833236140F2D0736361C3
S11321E041F28833A36141F27073E361631C257289
S11321F0DD772A4B63620823238523002A331D706D
S1132200274BE36200232363264B63639DE71F4848
S113221006221F490400FFF707FA0623A189228832
S1132220013B0A40DBB2A2810234002BF6D18CE7D9
S11322306B460624991D08200C7002F0ABF86B461F
S1132240591D154B20001B785A1E93410B7002F048
S1132250A1F86B46D91D012309200B7002F09AF8EE
S113226073E7C04680560020C0580020C0FDFFFF21
S113227060518B366001C835400D03008058002042
S1132280C0AFD235C0FF9536006A1800E058002070
S1132290F8580020EC58002004400020A0700837B3
S11322A09A9900424000200040F28C23F0B5374C4C
S11322B00025E35840F2B4111A00E4325D5415606D
S11322C040F20C22012032498FB0A150E03A9D54D3
S11322D0643298521A0018009988E8321180991DC6
S11322E0C97F17329172996AFC30016119002C314F
S11322F009785174190015323031C0C9C0C2198F20
S113230001261180DA6B42621A6C82621A0044322E
S1132310117840F228129954E832A554813A9D5418
S11323202D329D546A466946167100951878FFF758
S1132330DDFE40F21123E5547B33E2585F3B11008C
S1132340FF3BD5549E33E554FC31086940F2D0116B
S113235060501100FF31887F40F2DC11605489190C
S11323606554891966542A39515C40F2DF12A1542C
S11323702200E1321B19FF3223CB23C203CB03C259
S113238040F2F2130222E2540FB0F0BDD053002009
S113239000010100F0B595B005930D230C270492BC
S11323A00391C356C7570293837B1A9A9C4643688A
S11323B00400136045780197A5B33A1C002F00DA96
S11323C00022002552B201922089628983426D4124
S11323D08618B342B6410299EDB231405600361820
S11323E00291B3421ED31B1AB3FBF2F042439E1A6E
S11323F0934217D1002F0ADC237833B1012306AAB4
S1132400207C11001371FFF771FE40F2010C237C54
S1132410082B05D10026B74202DD019E013EF6B22B
S113242073B20193039B019A28001A70049B029AC9
S11324301A706246059B1A7015B0F0BDF8B5150008
S11324402022134B1F001C0008372678CEB9013414
S1132450BC42FAD10F4C226802B92360626802B10F
S1132460136000221A606360AAB21871DD71581DEE
S1132470FC34FFF7D1FDE36801335B19E3603000FE
S1132480F8BD013AD2B23B00002ADBD10226F6E7BE
S11324908C52002084520020114BF7B51C68002395
S11324A017001E00009001911CB9019B00201E60C2
S11324B0FEBD009AD11AE27901329142F5D3227914
S11324C05D1CFA54EDB2E279611D7819FFF7A4FDA1
S11324D0E279013655192468EBB29619E4E7C0464F
S11324E084520020F0B504000F0016001D000A20DD
S11324F085B0FBB110220021684609F0CDF96A4687
S1132500A31F13706B460322581C3900FFF784FD88
S11325100322310001A8FFF77FFD6B460222290048
S1132520D81DFFF779FD22000221684608F0B2FFAA
S113253000B10F2005B0F0BD70B50568040002209D
S11325401DB126790B2E01D8012070BD20002B78F7
S113255004226371691C0830FFF7ACF96B790B3EF8
S11325602373AB79E381EA7912021343227BE3817B
S11325701207120F9642E7DD2900200008311030BF
S1132580FFF74AFD237B200000221B071B0F1E00C0
S1132590651C2830EA77027022790836911B043AC8
S11325A0042907DD216809338E5DEE77D51ACB182F
S11325B005706362200021682C3089180422FFF71B
S11325C079F90020C1E700001FB5FDF7E9FFC0B2AB
S11325D00424012812D16B469C1C210001A8FEF79B
S11325E003F823880821019A02A8FEF73AFA0400A6
S11325F020B90822034802A9FFF70EFD200004B009
S113260010BDC046AF51002000B589B001A8082212
S11326100649FFF701FD082201A903A8FEF700FA05
S113262003A8FFF775FA002009B000BDAF510020E0
S11326301FB5FDF7B5FFC0B20424012812D16B46C3
S11326409C1C210001A8FDF7CFFF23880821019AD3
S113265002A8FEF706FA040020B90822034802A9DA
S1132660FFF7DAFC200004B010BDC046B7510020CB
S113267000B589B001A808220649FFF7CDFC08225D
S113268001A903A8FEF7CCF903A8FFF741FA00203B
S113269009B000BDB751002010B586B0FDF780FF2A
S11326A0C0B20424012812D16B469C1C210001A84D
S11326B0FDF79AFF23881021019A02A8FEF7D1F9A9
S11326C0040020B91022034802A9FFF7A5FC20004A
S11326D006B010BD9F510020242330B58BB003AC4D
S11326E02000237006F092FC134B00221B7A082B67
S11326F000D1063261686846D5B25200FFF78CFCFF
S1132700FFF7E0F90D48FFF7D3F90024E3B2AB4239
S113271004D3FFF7F5F900200BB030BD6A4663001F
S11327200421D05AFFF7D0FB052C02D00448FFF750
S1132730BFF90134EAE7C0469451002003CD0000FC
S113274008CE000010B5013A92B2013209F0A4F8A3
S113275010BD0000F0B5C5B006000D001F0002203A
S1132760019200297DD04A9B002B7AD0E1230024DA
S113277002A81B18180010220021FFF7E3FFB02263
S113278021000EA84394FFF7DDFF634B1A78BA4289
S113279061D111216143614B2131C9180EA806F0A2
S11327A02BFB002E5FD106AC2900019A0EA8FFF77F
S11327B03CFC102200212000FFF7C4FF21000EAAD8
S11327C0200006F0D1FA2278230000217F2A50D974
S11327D018785A784000D209024301311A70013343
S11327E00F29F5D17923E27B5B4252005340439A8F
S11327F0DBB2E373102A49D102ABE132D2180023D1
S11328001178E05C0133414011700132102BF7D193
S1132810E123002502AA9B181A78197C01354A4045
S11328201A700133102DF7D1E12302A95B181900A6
S11328302A000AA8FFF7F0FB0EAA0AA902A806F0CC
S113284093FA2A0020000021FFF77CFF029B4A9A9A
S11328500020136005E00134E4B21133142C95D147
S1132860032045B0F0BD102231000EA8FFF7DDFBB8
S113287099E718785A784000D209024301311A7056
S113288001330F29F5D1E37B5B00B0E70021002081
S113289061562300814231DA1D7859786D00C909E7
S11328A029430130197001330F28F5D17923E17BD5
S11328B05B4249004B408021DBB2E3730EAB9B18B3
S11328C0C133561C00251970102E01D80F35AD1ACE
S11328D00EABC232981800212A0008F0DDFFF12265
S11328E002ABD2180023AD1943951178E05C013393
S11328F0414011700132102BF7D189E71D785978C6
S11329006D00C90929430130197001330F28F5D12D
S1132910E37B5B00CFE7C04628590020085900201C
S1132920F0B5AFB006000D0001A814000021B022DC
S11329301F00FFF707FF00230F4811215943425C92
S1132940A2420BD10D4B2131C91801A806F054FA4B
S11329502C00281BC0B23CB9200003E00133142B27
S1132960EBD103202FB0F0BD311801AA3818103C68
S113297006F0FAF9A4B2ECE728590020085900201F
S11329807FB5002311220E00194914005C430D5D2C
S1132990854227D1174B80382134C0B21022E41865
S11329A0092819D840F24923C340DB0714D5002174
S11329B0684608F071FF022536B16B467F2210216C
S11329C03000FFF7ADFF0500102269462000FFF735
S11329D023FB280004B070BD31002000FFF71CFB6E
S11329E00025F6E70133142BCFD10325F1E7C046C8
S11329F0285900200859002030B5050085B051B190
S1132A00FFF7BEFF040030B9012D05D1104B1B6840
S1132A109B78012B03D10F24200005B030BD0100A9
S1132A201022684608F038FF09222900684608F099
S1132A3031FD0028EFD110222100684608F02CFF58
S1132A407F220921684608F025FD0028E4D0E2E74A
S1132A50A053002070B59E4D04002B00FC339B6CEA
S1132A6001208EB09B075AD42078532800D95DE208
S1132A7009F09EFB57005C025B0065006B0072006E
S1132A8078007E00880088005C025C025C025C02C4
S1132A905C025C028D00920097009C00A100A600DD
S1132AA0AB00B000B500BA00BF00C400C900CE003E
S1132AB05C02D300E700F6001E0144013401480122
S1132AC053015A015F0164016B015C0272018301CD
S1132AD0A6019501B701C101CA01D1015C025C02E2
S1132AE05C025C025C025C025C025C025C025C02F2
S1132AF05C025C025C025C025C02D7015C025C0268
S1132B00FE015C020B0254005400120217021A0266
S1132B102B0235023E0248025202570213200EB025
S1132B2070BD2079FEF758FEF9E7616809B9032002
S1132B30F5E710226748FFF76FFA0020EFE76168B6
S1132B400029F4D010226448F5E740F28C23EB58B6
S1132B50E23322791A70F0E740F28C236268EB5872
S1132B609A64EAE740F28C236268EB58DA64E4E79B
S1132B7061680029DBD00120FFF73EFF0028DCD08C
S1132B800E20CCE7616802200029F5D1CFE7616807
S1132B907F200029F0D1CAE7616880200029EBD1A9
S1132BA0C5E7616881200029E6D1C0E76168822019
S1132BB00029E1D1BBE7616883200029DCD1B6E7B5
S1132BC0616884200029D7D1B1E761688520002994
S1132BD0D2D1ACE7616886200029CDD1A7E761682E
S1132BE087200029C8D1A2E7616888200029C3D1C1
S1132BF09DE7616889200029BED198E761688A2031
S1132C000029B9D193E761688B200029B4D18EE7FC
S1132C1040F28C23EB58E1339BE76A46237A6946FA
S1132C20137040F28C23ED5807222878FEF75AFDE2
S1132C30002800D17BE70D35FF35043406CC06C5EA
S1132C407BE76A46237A6946137040F28C23ED5879
S1132C5007222878FEF746FD28350028EDD166E7DF
S1132C606A46237A6946137040F28C23ED582B0090
S1132C70FF339B7F287853700722FEF733FD00282B
S1132C8000D154E72B001533FF33043406CC06C3BC
S1132C903C3B1B78022B00D04FE7B333FF33EB5C94
S1132CA0002B00D149E702F067FDFEF74BFD44E736
S1132CB06A46237A6946137040F28C23ED58072242
S1132CC02878FEF70FFD002800D130E73035B4E74F
S1132CD0D05300200859002018590020636800933D
S1132CE001236A46137140F28C23EB586946187825
S1132CF0FEF7A4FC002800D01FE718E763680093E0
S1132D000023EEE72279531E0E2B00D90FE740F281
S1132D108C23EB58FF335A720FE740F28C23EB58A5
S1132D20F43362681A6008E740F28C23EB58F833F6
S1132D30F7E740F28C23EB58FC33F2E740F28C23A4
S1132D40EB586268FC335A60F7E640F28C23EB5888
S1132D50FC3362689A60F0E604266B46A6570622A6
S1132D601E7040F28C23EC5869462078FEF7BAFCBA
S1132D70002800D1DBE66671DFE604266B46A65721
S1132D8005221E7040F28C23EC5869462078FEF729
S1132D90A9FCE934002800D1C9E62670CDE6042652
S1132DA06B46A6570A221E7040F28C23EC586946E3
S1132DB02078FEF797FC002800D1B8E62671BCE61F
S1132DC004266B46A65709221E7040F28C23EC5849
S1132DD069462078FEF786FC002800D1A7E6E8348F
S1132DE0DBE740F2F41362689A4200D99FE6983315
S1132DF0EB58EC3396E740F28C23EB582279190018
S1132E00F0310A701A7398E640F28C23EB5862682A
S1132E10FC339A6291E640F28C236268EB581A64A0
S1132E208BE640F28C26AB591B78082B08D140491D
S1132E3023790A789A4203D006200B7001F0AAFA8B
S1132E40AB5900201A000021A132FF3210605160FA
S1132E50694603220A71002218780092FFF746F9A6
S1132E602379A9595A1E934140F22D128B5464E6DA
S1132E7040F28C23EB582279180040F22811443098
S1132E8002B1012202705A5457E640F28C23217990
S1132E90EA58CF3BD15450E6264BA2881B689A804F
S1132EA04BE6244B1B6854E722790F2A00D93EE6EF
S1132EB040F28C23E958613BFF3BCA542C3BFF3B57
S1132EC0934040F290128B5237E62279072A00D9B8
S1132ED02DE640F28C23EB58FF339A722DE640F234
S1132EE08C232079ED5809F0ABFEFC35686224E6AA
S1132EF02279012A00D91AE640F28C23EB58FF33D9
S1132F009A771AE62279012A00D910E640F28C2336
S1132F10EB58FF335A7710E6064B62681B681A6158
S1132F200BE6044B62681B68DA6006E60220F6E5ED
S1132F3004400020A053002010B58AB0FDF730FBF8
S1132F40C0B201282CD16B469C1D210002A8FDF7BC
S1132F504BFB0023E15E052922DCC9B20298F9B1DA
S1132F60FDF706FE03004CF25C12F53BFF3B9BB2FF
S1132F70934215D827236A4684B203A81373049492
S1132F80FFF768FD50B928236A46137340F2E8330B
S1132F9003A8E4180494FFF75DFD10B1FEF7C8FD23
S1132FA004200AB010BD000030B58BB0FDF7F8FA6C
S1132FB0C4B2012C1AD16B469D1D290002A8FDF74D
S1132FC013FB0022AB5E012B10D1029B1B785BB27A
S1132FD0302B0ED0312B09D16A46432303A8137337
S1132FE01474FFF737FD30B1FEF7A2FD04200BB0D7
S1132FF030BD0024F0E7024B3B331C70F7E7C046BA
S11330009451002010B58AB0FDF7CAFAC0B2012865
S113301019D16B469C1C210002A8FDF7E5FA238810
S11330200421029A01A8FDF71CFD030060B9522295
S1133030019B03A81BBA43600270FFF70BFD03005A
S113304010B1FEF775FD042318000AB010BD10B5C9
S11330508AB0FDF7A5FAC0B2012819D16B469C1CB1
S1133060210002A8FDF7C0FA23880421029A01A8CE
S1133070FDF7F7FC030060B95322019B03A81BBAB8
S113308043600270FFF7E6FC030010B1FEF750FD49
S1133090042318000AB010BDF0B58BB01E0010ABAD
S11330A00C001F7800900192F1B3009B0A20E3B357
S11330B001251022002106A808F0EEFB10220021B1
S11330C002A808F0E9FB02AB981D31001D705F7186
S11330D005F000FE0A2002AB1199C01805F0FAFDB4
S11330E0EAB21301103BDEB202ABDA7301351021F0
S11330F0019A06AB02A8ADB2FFF712FCB8B9211CC5
S1133100102C00DD10210022009B09B29B1906AF90
S11331101878D65D01327040187001339142F7DCA3
S1133120103C24B2002CDBDC00200BB0F0BD0F20DF
S1133130FBE7000010B5074B04001B68DB7813B1F4
S11331400548FEF7B5FC2000FEF7B2FC0348FEF785
S1133150AFFC10BD0840002000CD0000D9CE000017
S1133160037837B50400022B43D84578002D40D1AD
S1133170037B13B32548FFF7DDFF2548FEF798FCD2
S1133180237BAB4236D82348FEF792FC002203216E
S1133190E078FEF7C9FE1F48FEF78AFC00220121F1
S11331A0607CFEF7C1FE1B48FEF782FC00220A2168
S11331B0206AFEF7B9FEFEF7A3FC174B3F331B78DA
S11331C0012B16D11548FFF7B5FF1148FEF770FC27
S11331D0002203210E23E05EFEF7A6FE0D48FEF753
S11331E067FC1020002203212056FEF79DFEFEF707
S11331F087FC37BDA1680122491901A8FDF710FC1D
S1133200013501A8FEF754FCEDB2B9E70ACE00007F
S113321003CD000008CE00009451002010CE000021
S1133220F8B505780400032D16D0082D38D065B9FB
S11332302748FFF77FFF2748FEF73AFC63782BB94E
S11332402548FEF735FCFEF75BFCF8BD082B01D1E1
S11332502248F6E72248F4E7224B1E78B307F4D558
S11332602148FFF767FF1B48FEF722FC67789FB9E8
S11332703A002900207CFEF757FE1C48FEF718FC94
S11332803A002900607CFEF74FFEFEF739FC02236A
S11332909E43144B1E70D8E71548FEF709FCF4E76B
S11332A0104E3578EB07D0D51248FFF743FF094895
S11332B0FEF7FEFB637843B90F48FEF7F9FBFEF710
S11332C01FFC01239D433570BFE70948F5E7C0465D
S11332D016CE000003CD00001CCE00002ACE000054
S11332E03CCE0000E54E002048CE000008CE000091
S11332F051CE00005DCE0000E7CE000010B5040002
S113330088B00320022C09D86A46002301A813714F
S11333101472FFF79FFB08B9014B5C7208B010BD33
S11333209451002013B5FDF73BF9C0B2012815D123
S11333306B469C1C210001A8FDF756F90022A35EF0
S1133340012B0BD1019B18783038C0B2022805D864
S1133350FFF7D4FF030010B1FEF7EAFB04231800C3
S113336016BD0000042330B589B001AC23700500FC
S1133370200005F04BFE23799D4220D045B904235B
S1133380200023702571FFF765FB60B109B030BDE3
S11333902D2323700B4B20001B782371FFF75AFB5E
S11333A00028ECD0F2E7084B3E331D703DB92D23C5
S11333B02000237005F02AFE2279024B1A700020A7
S11333C0E4E7C046E44E00209451002013B5FDF715
S11333D0E7F8C0B2012816D16B469C1C01A8210055
S11333E0FDF702F90023E05E01280CD1019B1B7854
S11333F05BB2302B0AD0312B05D1FFF7B3FF0300AA
S113340010B1FEF795FB0423180016BD0020F4E765
S113341030B50A4C050023003E331B78002089B0E8
S11334204BB96A462D3301A813711572FFF712FBCD
S113343008B94034257009B030BDC046945100200D
S113344013B5FDF7ADF8C0B2012818D16B469C1C2A
S1133450210001A8FDF7C8F80023E15E02290EDC73
S1133460C9B2019859B1FDF783FB83B20F2B06D87B
S1133470C0B2FFF7CDFF030010B1FEF759FB0423E0
S1133480180016BD70B52423050088B001A80C00EF
S113349003704560FFF7DEFA0600054B2900054876
S11334A062001C70FEF7B8FD300008B070BDC04665
S11334B0D7510020D8510020F0B589B005AE0C22B8
S11334C00021300008F0E8F9FDF76AF8C3B201936F
S11334D0062B2AD900240420164B1B7A082B27D04C
S11334E03CB938B921003000FFF7CCFF10B1FEF72A
S11334F01FFB042009B0F0BD02AB9F1D390004A8D6
S1133500FDF772F83B8803AF02213800049AFDF7F7
S1133510A8FA0028E0D13B886A005BBAB3520135AF
S1133520019BECB2A342E7D8D6E700250420F7E7D5
S11335300624D6E7945100200B6802781B0E5340F2
S113354003700B6842781B0C534043700B688278FD
S11335501B0A534083700B68C2785340C3704B6896
S113356002791B0E534003714B6842791B0C534084
S113357043714B6882791B0A534083714B68C2794B
S11335805340C3718B68027A1B0E534003728B68DD
S1133590427A1B0C534043728B68827A1B0A534055
S11335A083728B68C27A5340C372CB68027B1B0E52
S11335B053400373CB68427B1B0C53404373CB686B
S11335C0827B1B0A53408373CB68C27B5340C37313
S11335D07047000003000449103302788A5C0270CB
S11335E001309842F9D1704744D50000F8B50C0079
S11335F006000878FDF742FB677805003800FDF700
S11336003DFBA378E2787B4053405D4068403070D6
S11336106078FDF733FB27780500A0784740FDF775
S11336202DFBE3785F407D406840707063782778B5
S1133630A0785F40FDF722FB0500E0784740FDF7E6
S11336401DFB7D406840B07027783800FDF716FBFD
S113365063785F40A3785F407840C5B2E078FDF7B7
S11336600DFB4540F570F8BDF0B5437B87B0019381
S11336708378457A0293C379877A03934378C17830
S11336800493C37AC67B05934379847B4370019B7F
S113369082794372029B87708372039BC670C372E4
S11336A0049B457143738471C1718273059BC37319
S11336B007B0F0BD030070B5002504000833DB6FCC
S11336C005609A6818685269904728006560A5608B
S11336D070BD41B1436813B14368022B03D1042385
S11336E04360033B83607047EFF31081012383F34E
S11336F01088074B1A6812B11A68013A1A601A68DE
S11337001AB9044B1A7080321A7081F3108870470A
S11337108052002040030A40F8B50400FF25FEF75C
S113372033F9002220880A4E93B2984202D8FFF758
S1133730DBFFF8BD6168D300C9188F8809683B0AAC
S11337401B012F40DB1989B25B0099530132EBE76F
S113375000020A40436810B5C4681A78FF2143691F
S113376004B1E15C8468520001331153436110BD1C
S1133770F0B585B0FDF79DFA204B8000C45863680E
S11337801D78A3686A009B180122FE3359881142F0
S11337900AD05A81042301A801950371A36A8360A6
S11337A0636A984705B0F0BD5B8A1E009FB216405D
S11337B0134202D06369012B02D92000FDF73EFBBE
S11337C06269E3699A4203D22000FFF7C3FFE9E785
S11337D036B1012388359F43A3686D00EF52E1E7BA
S11337E0636801A81B78019301230371A36A8360B2
S11337F0636A01349847E677D4E7C046C04D002099
S113380040F20A2230B50F4B995C8909814218D0E5
S113381040F20B2401211D5D29431955022805D0CE
S1133820995C8909022901D08021995440F20A2225
S113383040F20B218001C0B2985401205A5C8243AB
S11338405A5430BD00C07E40484A494B70B59A6016
S11338500122484B484C1A7040F6FE03474A0025A3
S1133860E252474B474ADD601A60474A5A6048F2C1
S113387000029A601A61FDF721FC40F600031A2247
S113388040F62401E254635C8BB1404B4048DA6853
S11338900240DA60DA687F263E48C27A3240C27259
S11338A08022D86812040243DA60DB68655440F66B
S11338B00C03E25C0AB10022E2540320FFF7A0FFEC
S11338C0002240F60803E25440F61202A35CDB0730
S11338D0FCD540F623030121E25C8A43E254E25C16
S11338E09207FCD440F621030121E25C8A43E254AE
S11338F0E25C9207FCD440F620020121A35C8B43D6
S1133900A354A35C9B07DB0FDDB2002DF9D1022683
S113391040F61802A6540132A3540132A354FDF711
S1133920CDFB3000FFF76CFF40F6FE031A4A280077
S1133930E252FDF74DFDFDF7C1FB184B184A19483B
S11339401A60FFF7E9FE0120FDF742FD164E174B02
S1133950F61AB610AE4201DC05F0EEFF134AAB00D6
S11339609B181B6898470135F4E7C0460000000027
S113397000ED00E090C07E4000E0014003A5FFFFA1
S1133980804C00200048E80100093D00FC6F044021
S1133990FFFF7FFF002C0A4000A5FFFFA44D00207D
S11339A054524F5068D3000024DE000020DE000093
S11339B001380028FCD1704740F2E8320023484324
S11339C010B5002108F058FC054B1A68054BB3FBF1
S11339D0F2F3B0FBF3F0800808B1FFF7E9FF10BD84
S11339E0BC4D002000CA9A3BF0B585B0019300237A
S11339F08377030008330400D86F83680068DD68A8
S1133A0002AB0733A8470500E0B90600A37F104FB7
S1133A1033B9012101360800FFF7CEFFBE42F5D1CC
S1133A20230058331A7801990A70BE420DD01A78CF
S1133A30022A07D01A78032A04D040F2F4151B781E
S1133A4059342370280005B0F0BD1425FAE7C046A8
S1133A5040420F000223F0B5060085B002AAD371DC
S1133A60C268040015004BF6AD67883633680191CF
S1133A709B180835436163699D421BD2019BB3B116
S1133A8002AB0422290020000733FFF7ADFFA0B9E1
S1133A9002ABDB79022B0DD0A1693368CA68288890
S1133AA00A3252009B1A834209D2212003E0A36EFA
S1133AB09D42F1D10020A566256105B0F0BD032229
S1133AC0EB1D1B1893435A88BA42EED11A884869F1
S1133AD0E1685200691A11521A881D1DE265CAE78D
S1133AE010B50400436E0021C36083691A695869E4
S1133AF00132520007F0D0FE00212000FFF7AAFF98
S1133B0010BDF8B504000325836949005869626E45
S1133B10435A26699B18E3671B88221D0B33AB436A
S1133B20D367E2689B19B71A4752210088310968A4
S1133B3000205218934205D92000FFF7D1FF01233A
S1133B406560A360F8BD10B504008369616F1A69EC
S1133B500131914200D9002161675A694800825AB3
S1133B60002AF3D0236F8B4207D02000FFF7C9FF50
S1133B7010B9200005F068F810BD23692000A36780
S1133B80FDF785F8F8E7F0B584680023250087B0D1
S1133B900093037858352B70A3681BB90133A377BE
S1133BA007B0F0BD2B78012B00D0DCE0A068023810
S1133BB0082800D9B3E008F0E7FA058B359FB8B2BE
S1133BC0B2B2C000236903250433019323612300A7
S1133BD048331B88E76C1A002A40A56002922B42E6
S1133BE00AD1A560220039000832D06F8268556876
S1133BF0019A0068A84739E0032B0FD826008C36B9
S1133C0004220021300007F047FE39003000029AF8
S1133C1008F0FDF837000423A560E3E70422AB4372
S1133C20A260DFE7230048331E8825000327330002
S1133C308C35BB43042200212800A760019307F0C0
S1133C402BFE3200019BE16C3A40C918280008F0B1
S1133C50DEF82269019B29009A1823000833D86FE3
S1133C602261836800685E680423B0470100200075
S1133C70FFF72FFDA368012B00D091E723009033B9
S1133C801A68002A00D18BE76368002B00D084E017
S1133C90A368013B591E8B41DBB204A90B702300BE
S1133CA0943498331B6820684B60002877D00378DD
S1133CB0009343680393030060C960C3904723687B
S1133CC0002B00D16CE7009A1A70039A5A6067E7D8
S1133CD0230048331B8821695A189B0700D00A1D0A
S1133CE00523A360230021000833D86F2261836871
S1133CF050315D6804237CE72300210050331A8887
S1133D002369E265043323614A310888A1695200BA
S1133D1049695052626822B90132A260A366002048
S1133D20A4E72000FFF70FFFA0E7231DDB6F2000AF
S1133D30002BF7D004F088FF98E7230088331A6833
S1133D40E368616E9B18636100232377A36F120AF3
S1133D5023610B23A36023000833D86F83680068B2
S1133D609B68984782E72B7823B9009B6360012303
S1133D70A360D4E763680098022B05D1A3680B2BDA
S1133D8002D02000FFF7ACFE23002A7859331A70C2
S1133D9004236360033BA36068E763687CE708006F
S1133DA08CE70000030070B5002608338677040012
S1133DB0D86F836800689B689847050048B128005D
S1133DC070BD01210800FFF7F7FD0A4B01369E4242
S1133DD00DD0A37F002BF4D0230058331A78002A87
S1133DE0EDD01B78593440F2F4152370E7E714251D
S1133DF0E5E7C04640420F008369F0B51A69050043
S1133E00013258695200002185B007F045FD0023B6
S1133E104FF6FF72AB77EA65EB600193AB690199EA
S1133E205A68914201D300243BE02F008837019A5D
S1133E303E681B685643F61802AB0822310028007E
S1133E400733FFF7D1FD040058BB02ABDB79022B2B
S1133E5014D102AB310028003A680733FFF7C4FDE0
S1133E600400F0B902ABDB79032B43D13A68120AA0
S1133E7031002800FFF796FF040011E04BF6AD6215
S1133E80F3889342F2D1E96899B33A6830680B68D1
S1133E90120A9842ECD92800FFF784FF0400EE6070
S1133EA044B3EB684BBBAB6929001A689B68883143
S1133EB0D2182B0009680833521AEA609CBB2249C5
S1133EC02C64D9872900D86FAC77836840315C684B
S1133ED000680823A047040028BBAB7F33BB012143
S1133EE00800FFF769FD194B01349C42F5D11424F5
S1133EF026E0EE60019B01338FE7212C0ED10126D1
S1133F00002301212800AB83FFF7A4FD040021282E
S1133F1016D0A8B92EB90123AB6011E084B90026EC
S1133F20EEE721240CE0212C0AD1E8E72B005833DA
S1133F301A78012AF3D040F2F4141B7859352B7007
S1133F40200005B0F0BDC046ADBEFFFF40420F00EB
S1133F50F7B502000B6A08321B6881610400D3675D
S1133F600700019248688A688837B2FBF0F23B4840
S1133F703A606064606520000022394D9030256508
S1133F808D69C9692264A264E2648160210094316C
S1133F9005600A609A6803CB1268904706000028FF
S1133FA045D1A0602000FFF727FF0500212844D158
S1133FB002233100A0696360036926669C46436955
S1133FC04A009A5A12B901316145F9D90368E56882
S1133FD03A688068AF181818874200D03B00D2189E
S1133FE06566E36062618C4523D3083323618BB239
S1133FF0200023676367FFF784FD050080B9200074
S113400004F022FE050058B9A368012B1FD001213A
S11340100800FFF7D1FC134B01359D42F4D1142560
S1134020019B2E00DB6F9A68186852699047300034
S1134030FEBD2000FCF72BFEE4E70028F0D1E36886
S11340401B68236400236360074B2360EFE7636806
S1134050042BF4D140F2F415E2E7C0460000ADBEF3
S1134060FFFFADBE404B4C004545565270B5274B43
S113407088B09B7A012B47D10322140004400242EA
S113408042D025001D401C4209D06A464A331371B0
S113409001A804F0BBFF6B461A891D4BDA80022687
S11340A034422FD04C2301AC2370200004F0AEFF27
S11340B0029A174B35439A6016491748FFF748FF91
S11340C0040080B9154E042130700623144A1248A6
S11340D0FDF718F9040001000F48FFF7FAFA14B9C4
S11340E03378002BFCD00C48FFF7E4FA204342421B
S11340F050410323064A404203401D4013682B43AA
S1134100136001E0002DD7D108B070BD9451002098
S1134110E850002094D60000484E0020FC5D0020AA
S1134120EE500020002370B588B001AC200023704D
S113413004F06CFF1E4D237920006B72432323701F
S113414004F064FF2B0022793B331A70042320000F
S1134150237004F05BFF2B0022793E331A701D2379
S11341602000237004F052FF2B00227911494133BF
S113417011481A70FFF7ECFE010078B90F4E502376
S113418030702A000C48FDF7BDF8040001000A480D
S1134190FFF79FFA14B93378002BFCD00648FFF7D9
S11341A089FA0748FFF762FF002008B070BDC046D7
S11341B09451002000D70000F8500020FD5D00203D
S11341C0FFFF030070B58AB0FCF7EAF9C5B2012D10
S11341D01BD16B469C1D210002A801AEFCF704FA1A
S11341E0238802213000029AFCF73BFC040068B9E2
S11341F06A464B23368803A876BA13731682FEF7F1
S113420029FC040028B1FDF793FC042420000AB023
S113421070BD034B2800DE80FFF728FFF6E7C04699
S1134220E850002070B58AB0FCF7BAF9C0B2012892
S11342301FD16B469C1C210002A801AEFCF7D4F9E7
S1134240238803213000029AFCF70BFC040088B990
S1134250737835781B022D041D43B37803A81D43DE
S11342604C2345600370FEF7F5FB040028B1FDF70D
S11342705FFC042420000AB070BD034B02209D6043
S1134280FFF7F4FEF6E7C046E850002010B5FFF74C
S1134290EDFE10BD37B50400082268461B4907F03F
S11342A0B6FD002C2FD11A4D1A492800FFF750FEF5
S11342B0040068B9AB695B691B88E3B1EA689918C3
S11342C09B5A4F2B19D950221348043107F09FFDF4
S11342D00F48FFF7EFF9204320B150220F490E4851
S11342E0FDF79AFE082269460B4807F07FFD30B9B6
S11342F00B4B187137BD2224EAE70324E8E707F0E3
S1134300F9F807F0E3F8FCF7A1FCF3E766CE000048
S1134310F850002000D700009451002044D600003B
S1134320E850002037B5FCF73BF9C4B294B1012C36
S113433019D16B469D1C290001A8FCF755F90022F0
S1134340AB5E012B0FD121000198FCF711FCC4B224
S1134350012C08D82000FFF79DFF04F0DFFF0300C5
S113436010B1FDF7E5FB042318003EBD1F224309ED
S113437010401E3A824002499B005A507047C04682
S113438000E100E010B52120FFF7F0FF1D20FFF74A
S1134390EDFF10BDF7B507000C000025C9B3374E7B
S11343A001A8FDF707FB3278531CDBB233700AB95E
S11343B0FDF705FB019B83F31088092F3CD83800D7
S11343C007F0E2FE050A292D31373F43475422788E
S11343D02B4B1A7001250FE016250422210001A899
S11343E007F015FD019A274B1968914242D0013D0F
S11343F0ADB20833002DF7D101A8FDF7DBFA33780D
S1134400013BDBB233700BB9FFF7BCFF019B83F3B5
S113441010882800FEBD2278194B1A72DAE7227838
S1134420174B5A72D6E723782F2B05D8144AD37228
S1134430D0E723782F2B01D90025DDE7104A137329
S1134440C8E722780E4B5A73C4E722780C4B9A7251
S1134450C0E70B4D2378AF7BAB73062B01D0AF7352
S1134460EAE704F06BFA0028B4D1F8E72278044BA9
S1134470DA73AFE7024B5A60ACE7C046E85D002050
S1134480805D002020D90000F7B507000C0000264D
S113449079B3254D01A8FDF78DFA2A78531CDBB2B8
S11344A02B700AB9FDF78BFA019B83F31088002661
S11344B0092F11D8380007F067FE05091E212427AB
S11344C02A2D3033194B1B78237004E0042220007A
S11344D0174907F09CFC012601A8FDF76BFA2B781D
S11344E0013BDBB22B700BB9FFF74CFF019B83F34D
S11344F010883000FEBD0D4B1B7AE5E70B4B5B7A51
S1134500E2E70A4BDB7ADFE7084B1B7BDCE7074B70
S11345105B7BD9E7054B9B7AD6E7044B9B7BD3E7C0
S1134520024BDB7BD0E7C046E85D0020805D0020C5
S1134530845D002073B5184D060001A80C00FDF73A
S113454039FA2A78531CDBB22B700AB9FDF737FA13
S1134550019B83F31088114B042E14D0052E18D020
S1134560083307CC07C306CC06C301A8FDF722FA1B
S11345702B78013BDBB22B700BB9FFF703FF019BD8
S113458083F3108873BD1C3307CC07C307CC07C360
S1134590EBE722685A60E8E7E85D0020B85B00209A
S11345A073B51C4D060001A80C00FDF703FA2A7828
S11345B0531CDBB22B700AB9FDF701FA019B83F39C
S11345C01088154B042E1AD0052E1FD0032E0FD0A1
S11345D01B78237001A8FDF7EDF92B78013BDBB2C2
S11345E02B700BB9FFF7CEFE019B83F3108873BDCC
S11345F02200083343CB43C203CB03C2EAE72200C1
S11346001C3343CB43C213CB13C2E3E75B68236081
S1134610E0E7C046E85D0020B85B0020F0B5324D0D
S113462085B0070003A80191FDF7C4F92A78531C4B
S1134630DBB22B700AB9FDF7C2F9039B83F3108830
S113464040F28823294CE65C783BE35CDEB913B185
S113465040F24923E7543800FDF762F9244B254A18
S11346601B6863B940F289222023A15C0B43A35445
S113467001F010FB01F080F801F0B4FB22E093425A
S113468016D01B69EDE71BB140F24923019AE254AD
S11346900198FDF745F940F28C23E358E0331B7889
S11346A0022B0FD040F289222023A15C0B43A35498
S11346B040F28C23E358E0331B781BB9002ED9D188
S11346C001F070FBFDF72EF803A8FDF773F92B78C2
S11346D0013BDBB22B700BB9FFF754FE039B83F352
S11346E0108805B0F0BDC046E85D0020D05300201E
S11346F0E45D00206C550020F0B5214C87B001909A
S113470005A81F0003920291FDF754F92278531C67
S1134710DBB223700AB9FDF752F9059B83F31088C5
S1134720184D00212B00A4330020185E04F00CFC6B
S11347300026019B985D04F023FA0136029AB3B275
S11347409A42F6D8039EF719BE4214D1A435002329
S1134750E85E012104F0F8FB05A8FDF72BF92378A6
S1134760013BDBB223700BB9FFF70CFE059B83F30F
S1134770108807B0F0BD307804F002FA0136E3E7A0
S1134780E85D00207C5C0020C02307B501A80380FD
S113479000231A000221FFF7AFFFFCF70DFE07BD4F
S11347A010B50A4B1A78082A0DD840F24113012497
S11347B0D340234207D0FFF7E7FF054B2100002039
S11347C0185E04F0C1FBFCF7F7FD10BD07400020A4
S11347D0545C002037B56B460C001500D871FFF708
S11347E0DFFF68462B00220001210730FFF784FF1A
S11347F06B46DB79842B01D0FCF7DEFD37BD00006E
S113480007B5104B01A9984206D90F4B0B80022221
S11348109820FFF7DFFF07BD0C4B984201D90C4BE2
S1134820F4E70C4B984201D90B4BEFE70B4B984242
S113483001D90B4BEAE70B4B9842E8D946F66B7368
S1134840E4E7C04600E9A435E1E9FFFF80F8A932B6
S1134850D7DBFFFF8044E52DC1C5FFFF000B6B1BB9
S11348607581FFFF40FC541937B5104B104D18608B
S11348702B7804001BB9FFF7C3FF01232B7043F609
S11348800951B4FBF1F20B0041F684605343E31A7F
S11348909B031B18B3FBF1F392039B181BBA04226E
S11348A0862001A90193FFF795FF37BD785D0020AD
S11348B07C5D002013B5064B04005B7B23B10190A3
S11348C001A90520FFF736FE2000FFF7CDFF13BD39
S11348D0805D002007B56B46D91D044B0870187025
S11348E001228A20FFF776FF07BDC0467D5D0020C8
S11348F013B50B4B1B788BB96B460122094CD91DA0
S113490080200A70FFF766FF40F61110E17A00F08C
S113491064F840F61210217B00F05FF813BDC04626
S1134920685C0020805D002007B50C4B04229720B2
S113493001A90193FFF74EFF00236A4607209380E5
S113494001A90222FFF746FF7F236A4689201371DB
S113495001A90122FFF73EFF07BDC0460200028005
S11349600D2373B50D00160001AC2370030A6370A8
S1134970A070FFF715FF33002A0003212000FFF782
S1134980BBFEFCF719FD73BD07B5064B01A91B78E7
S113499040BA088023B9022240F2BC60FFF7E0FF6E
S11349A007BDC0467D5D002007B5064B01A91B78F5
S11349B040BA088023B9022240F2BE60FFF7D0FF5C
S11349C007BDC0467D5D002007B56B46D97107332E
S11349D001221900FFF7C4FF07BD10B5FFF7F4FF6C
S11349E010BD000010B504000B4B1870587000F097
S11349F015F854B1342140F24070FFF7E5FF44212B
S1134A0040F24170FFF7E0FF10BD142140F2407006
S1134A10FFF7DAFF2421F3E7B95D0020012010B588
S1134A20FFF758FF044B18785A78824202D0587026
S1134A30FFF7D8FF10BDC046B95D002010B50128AE
S1134A4006D00020FFF746FF0022034B5A7010BD2A
S1134A50FFF7E4FFFBE7C046B95D0020F0B5254D44
S1134A6087B0019005A81F0003920291FCF7A2FFF2
S1134A702A78531CDBB22B700AB9FCF7A0FF059B04
S1134A8083F310881C4E00213300A4330020185EE9
S1134A9004F05AFA0024019B185D04F071F8013403
S1134AA0029AA3B29A42F6D8002004F069F8039C53
S1134AB0C3B20193E719BC4215D1A4360023F05EBA
S1134AC0012104F041FA05A8FCF774FF2B78013B9F
S1134AD0DBB22B700BB9FFF755FC059B83F31088F1
S1134AE0019807B0F0BD002004F04AF820700134AA
S1134AF0E1E7C046E85D00207C5C002073B56B46AE
S1134B0015000C00DE1DD871FFF74AFE2B002200B1
S1134B1001213000FFF7A2FF0400FCF74DFC200048
S1134B2076BD000013B501AC012221001520FFF76A
S1134B30E5FF064B22781B7852085BB29B1A181CBF
S1134B40803301DA4FF6807000B216BD805D00201C
S1134B501D2373B50D00160001AC2370030A6370A6
S1134B60A070FFF71DFE33002A0003212000FFF789
S1134B7075FFFCF721FC73BD13B56B46DC1D0122E8
S1134B802100FFF7E5FF207816BD000037B52A4B5A
S1134B9004001B780D00012B2CD10F280CD1274BBE
S1134BA00422952001A90193FFF714FE231C5AB295
S1134BB00E2A10DD0E230EE0214B0422952001A9BC
S1134BC00193FFF707FE231C1134F0DA4DF27A2328
S1134BD0C0F200031B7818215CB240F6E700FFF72F
S1134BE0F3FE6B4602225D718E201C7101A9FFF752
S1134BF0F1FD37BD40F6D800FFF7BEFF1E2101438B
S1134C00C9B240F6D800FFF7DFFE0E4B0422952010
S1134C1001A90193FFF7DEFD231C093407DA4DF2E5
S1134C207B23C0F200031B7838215CB2D5E75AB26B
S1134C30162AF9DD1623F7E70540002006000101D6
S1134C400400010104070001F7B5214D01A8FCF798
S1134C50B1FE2A78531CDBB22B700AB9FCF7AFFE05
S1134C60019B83F310881B4B1E681B4B9A88998801
S1134C7097B28A42FAD101A8DC7AFCF79BFE2B7822
S1134C80E4B2013BDBB22B700BB9FFF77BFB019B5A
S1134C9083F3108847F6FE739F4202D8E40700D5D9
S1134CA0103645F65E737B430193019B0B4A30003B
S1134CB0B3FBF2F30193019C40F2E832002300219C
S1134CC007F0DAFA220000238018594103B0F0BD3E
S1134CD0E85D0020F851002000380A40A086010059
S1134CE010B50400FFF7B0FF40F2E832002307F0EC
S1134CF0A3FA2060A280200010BD000010B5FFF7C9
S1134D00A3FF154B40F2E8321860596000230400F9
S1134D1007F092FA40F2E831104B1A689B88121897
S1134D2048431B19181A83B2013900B2884203DDC3
S1134D300B4901325B1818B20A4B1900FC310A64A2
S1134D4040F2401298522023074A11780B43137003
S1134D50FBF7E6FD10BDC04678560020C053002086
S1134D6018FCFFFFD0530020C8530020F8B51500ED
S1134D7007000E001C00FFF767FF084B186059601E
S1134D809F609E81DD811C74112305490A789A4332
S1134D9013430B70FBF7C4FDF8BDC046A8530020B5
S1134DA0C853002010B5FFF74FFF0B000A4902005B
S1134DB08868C968994202D809D1904207D9121A61
S1134DC08B4101204042C1178018594110BD121A6D
S1134DD08B4110001900F9E7C05D0020F0B5644E66
S1134DE087B00191B388B1889AB28B42FAD145F663
S1134DF05E7353430593059B5E4A5F4CB3FBF2F32A
S1134E000593059B277802283ED09AB2039202921A
S1134E10032860D000231D00012F21D12375FFF743
S1134E2013FF019B029A236143F680639B1A019A44
S1134E309BB2A060E160A3830AB900230FE043F6AC
S1134E407F62019991421CD80A008B4219D904232C
S1134E50039923708C466B4662449B88226101252A
S1134E602269002A50D1B37904329343B3710723E2
S1134E702370237D002B00D16FE001232375237061
S1134E8068E002232370D8E7022F0BD1A28B236999
S1134E909B1A01252361394B22699A420ED90023BA
S1134EA023610BE0032F03D12369354A9B18F0E7F4
S1134EB0043F0025022FEED82561013543F67F62B9
S1134EC02369934203D804229BB22270C8E70323C8
S1134ED023700023C4E7052F11D12369039A934259
S1134EE00AD9029A01259B1A40F2D0729BB29342CE
S1134EF0B6D804222270B3E7002323619DE7062F6E
S1134F00FAD000231D00ABE7217804291FD1B27920
S1134F108A43B27140F2D072934204D905232370BC
S1134F2001235B420CE0062121709342F8D06422F5
S1134F30DB03B3FBF2F35A3A0533B3FBF2F39BB250
S1134F4073801B23F372B279173B1343B371237835
S1134F50072B8ED0280007B0F0BDA36903B1984792
S1134F601020FCF769FD2378072BF3D185E7C046B1
S1134F7000380A40A0860100C05D00200000FFFF49
S1134F8080C1FFFF002210B5044B04681A70FBF7C0
S1134F9011FD21000120FFF721FF10BDE05D00207D
S1134FA0F0B587B0040005A8FCF704FD3F490A7872
S1134FB0531CDBB20B700AB9FCF701FD059B83F3AC
S1134FC010883B4E37683D00002D3AD16368257246
S1134FD02360FFB13B7A002B37D0FFF7E3FE2B00B1
S1134FE03A6800920193A94203D1824201D9009008
S1134FF0019500980199121A8B4100920193019B2B
S1135000256813B9009BAB4223D9009B5D1B002389
S11350103D603B7201232000276123723460FFF757
S1135020B1FF05A8FCF7C6FC204A1378013BDBB2AC
S113503013700BB9FFF7A6F9059B83F3108807B02B
S1135040F0BDAC42EDD02D69BEE73B6801950093FD
S1135050D5E73E692EB9009BED1A25603C612661B7
S1135060DFE73268019B0098019912184B410BB994
S1135070954208D2009B009AEB1A236033689B1870
S11350805B1B3360EAE7316921B9AD1A25603461ED
S11350902161C6E7086837000290002003900E00E3
S11350A00298039900920193DFE7C046E85D00206F
S11350B0E45D002070B5124C236843B10022012541
S11350C01A601A720023206858B903B1206070BDB9
S11350D0C1682B00026911B122608847F2E7100011
S11350E0F2E70268002AF3D03BB9037A002BEED131
S11350F001230372FFF746FFE9E72060F5E7C046A6
S1135100E45D0020F7B52E4D040001A8FCF752FC25
S11351102A78531CDBB22B700AB9FCF750FC019BB4
S113512083F31088274E33686BB901A8FCF742FC5F
S11351302B78013BDBB22B700BB9FFF723F9019BF2
S113514083F31088F7BDA3422DD1237A0BB3FFF765
S113515029FE8C460021276821722469ACB13A00EB
S113516034600B003E000F00614502D1824200D939
S11351700600921BBB411100236820005B182360CA
S113518001232372FFF7FEFECFE73460FBF712FC26
S1135190CBE723692BB1216833601A6852181A606F
S11351A0C3E73360C1E71A001B69002BBDD09C42E2
S11351B0F9D1236921681361002BEED1B5E7C0460C
S11351C0E85D0020E45D00200122F0B5304DA1B07F
S11351D0079003916B7B0192002B00D178E116AB11
S11351E09C1C21000220FFF7DBF92378019323B1F3
S11351F003230193019821B0F0BD019B1AAC210057
S113520004201793FFF7CCF9052018A9FFF7C8F974
S11352100023E75E1C9B08931B9B09931D9B0A9329
S11352204FB3012F30D139000898FBF77BFA069071
S1135230184CFBB20399F8B20E93FBF7BBFF2300A3
S11352400B9048331B78144E1293230046331B787B
S1135250063BDBB20F93EB7B1093189B0C9317ABBD
S11352600493002302936B46129A1B7A059393428C
S113527014D36523BDE742F21071099B5A000A9BBF
S11352805B189B180693D3E701235B42FAE7C046F9
S1135290805D0020B85B0020A45B00200F9B012BE5
S11352A007D8109B2BB933682A331B78022B00D103
S11352B0E0E13379002B00D1DCE1059A06990C98E2
S11352C0FBF74CFA049B14901B8809981193012F47
S11352D003D100210898FBF725FA3568D34A2B003F
S11352E02A331B78D149DB009A5C5B1813920022A5
S11352F01593139BD1B2994200D276E104226B69D3
S11353000B998B429B4111995B421B0119430B0082
S1135310149919430A43049B95B21D80002D00D0B3
S1135320A8E1236C002B00D17AE1A31DDB8FC04AD6
S1135330DB00D3581B8D049373B3FFF785FCA66B76
S1135340E76B236C1A009C462B0092197B410226C2
S11353500027B6185F418F4200D95EE102D1864230
S113536000D95AE102267642F717B61A9F41361839
S11353704F41A31DDB8FAE4ADB00D3586046198D25
S1135380FBF70AFA01230FB9B04200D800235B01EE
S11353909BB20493236C8BB3A31DDB8FA44ADB0065
S11353A0D3581B8B53B3FFF74FFCA26BE36B0F0077
S11353B000210600206C8018594102220023121893
S11353C04B41BB4200D92DE102D1B24200D929E1BF
S11353D002225242D317121A8B4192197B411000B8
S11353E01900A31DDB8F924ADB00D3581A8B0123CB
S11353F009B9824200D800239B019DB2049B17AFD8
S11354001D43029B5B000493DD53CDBB029BDE0076
S1135410874B9A5940F2E733D2699A4230D919A995
S11354200120FFF731F816AAD11C2800FFF72CF849
S11354307F4B012099592431FEF7ACFF7C4B711D41
S1135440C9182800FEF7A6FF40F2E831784B0E9801
S11354509A59D369B3FBF1F32021525E9BB20C99A4
S113546000F0FEFC060019A90120FEF793FF16AB1D
S11354702800D91CFEF78EFF16B98023049AD35353
S1135480029B17AA5B009B5A002B00D0E8E0FFF7B1
S1135490DBFB0B9B059A2364A31DDA87029B644AFA
S11354A0A063E163DB00D3581AA91B7C8878897850
S11354B01A1C49B25BB28B4200DD021C0023473444
S11354C0E35650B2834203D002212270FFF75EFB01
S11354D0079B002B00D18DE640F20121554E0800B8
S11354E003F040FB3278544B012A00D0CAE0C733A2
S11354F0039A1AAC1A7003F0CBFA0E232380FFF739
S11355004FF902212000039B079AFFF7F5F80025C5
S1135510FBF752FF0422494B49481A70FFF7F2FD8A
S1135520FFF7E6F90322210083202580A570FFF709
S113553051F9444C444B20001F68FFF7E3FD200061
S113554027606760FFF72CFD0422404B404C3778FE
S11355501E682368134234D03E48FCF7A9FA2A0097
S113556003213800FCF7E0FC3B48FCF7A1FA2A00D1
S11355700321207EFCF7D8FC3748FCF799FA2A006F
S11355800A21E069FCF7D0FC3348FCF791FA2A00C1
S11355900A21206AFCF7C8FC2F48FCF789FA2A0084
S11355A00A213000FCF7C0FC2B48FCF781FA1F20CD
S11355B0631D18562A000321FCF7B6FC2748FCF7A4
S11355C077FA2368DA0709D5079A03992263220038
S11355D03432117022002C32A66217705B0602D599
S11355E0042338342370002303E6159B59680D9176
S11355F00C210D9B51439C468C44595EB94208D101
S1135600634659680A9B8B4203D163469968814279
S113561001D001326DE6002271E600260027A8E6DB
S11356200495B7E600200021DBE6C04660D8000000
S1135630A45B00207D5D00207C5C002007400020EE
S1135640905D0020A45D0020085C0020785D0020AF
S1135650145C00206FCE000008CE000000CD0000D6
S11356606022134201D06623C3E51B0600D400E682
S11356706723BEE5029B083601330293049B023381
S11356800493F0E5C03333E770B540F2E836114BCC
S11356900D005C7B56430323CCB9FFF7E5F82800E3
S11356A00221FFF773FAFFF723F921002200D1202A
S11356B0FFF790F80422084D084B28001A70FFF7F2
S11356C021FD28002E606E60FFF76AFC230018009D
S11356D070BDC046805D0020A45D0020074000200E
S11356E01FB56B46D8711348FFF70CFD1248FFF73E
S11356F009FD6B460122D91D8020FFF76BF86B462C
S1135700DA790E4B9AB9013269461A702023932034
S11357100B7303A9FFF75EF801236A465B4293818A
S1135720022203A91000FFF755F805B000BD0222BC
S11357301A70F1E7A45D0020905D0020074000206E
S1135740002010B5FFF7CCFF034B1B6813B15B6857
S113575003B1984710BDC046BC5D0020002010B5C1
S1135760FFF7BEFF034B1B6813B1DB6803B1984717
S113577010BDC046BC5D002010B50A4B0A4C987A97
S1135780FFF7AEFF23685B060AD5383423783BB1B4
S11357900648FCF78DF90648FCF78AF900232370C4
S11357A010BDC046805D0020145C002074CE000053
S11357B000CD0000F0B591B0079317AB1B8817001C
S11357C0019318AB1B880AAA029319AB1B780391A7
S11357D004931AAB1B78040005931BAB1B78069348
S11357E031239B18DB7F099335239B18DE7F994B6C
S11357F05B7BB3B10AAB0021981D122206F04CF872
S1135800039B0BAD2C800C93079B0D972B73019B73
S11358102900EB81049B03202B74069B6B74FEF719
S113582089FE8D4B1E7073425E41029B764233406B
S11358300293049B0BB9FF330593884B059A1A70A6
S11358406CB1012C6AD0864B1A68920704D0039A73
S11358509F601A71029A9A81002011B0F0BD814DA7
S11358600AAB991C01229F200C70FEF7B3FF2B009A
S1135870E8331C702B00EC331F602B000B22F43335
S113588003981A70FAF7C6FE2B00F53318702B0034
S1135890B8331C70019B0499DA002B00BA331A80C8
S11358A02B0041F60402BC331A802B00BE332A00BD
S11358B01C700123BF32594011702A000599C0326F
S11358C01170069A02B1F1332A00C13213702B0011
S11358D00122C233E8351A70FFF74EFF2878431EC1
S11358E09841C0B2FFF7AAF803F080F803F0D0F8AB
S11358F008225D490BA806F08AFA082240F2C0602B
S11359000BA9FFF72DF803F059F841F64073029AFA
S11359105343B3FBF7F3554A136094E70AABD91C1E
S11359200023504D22009F200B70FEF753FF2B00E5
S1135930E8331C702B00FEB2F833039A1E704C4BF4
S113594039009B5C1000053E0893FAF7B7FE012E60
S113595007D86B46019A9B880C2A00D20C239BB271
S113596001932B00089AF9331A702B00079AFA3323
S11359701A702B00FB3318702B000122B8331A70F5
S11359802B00019AC4331A802B00049AC6331A7070
S11359902B00059AC7331A702B00069AC8331A7065
S11359A02B00099AC9331A70FFF7E6FE2B00E8337F
S11359B01878431E9841C0B2FFF740F803F016F878
S11359C003F066F86B461B7A01936B46019A1B79C8
S11359D0F82A04D94DF27C23C0F200031B7801336A
S11359E0DBB25B10DEB21F2B2DDD0336B6083200AE
S11359F0630001339A400BA90A70A0200122FEF72C
S1135A00E9FE019B33B1F600A11940F20670C9B258
S1135A10FEF7DAFFC9352B78042440F23670012BE7
S1135A2013D1FFF7A9F8A043C1B240F23670FEF7D4
S1135A30CBFF029A534253410E4A5B4213404FF646
S1135A40FF729B1867E70024D1E7FFF795F804433A
S1135A50E1B2EAE7805D0020105C002006400020EF
S1135A60145C00207C5C0020D8D900000C5C002071
S1135A70B8D800000100FFFFF0B58FB0019314AB5C
S1135A8080CB02911B780592069316AB1E8817AB48
S1135A901B780500039318AB1B7804931BAB1B788E
S1135AA00793744B5B7BF3B108AB15220021D81C20
S1135AB005F0F2FE029A08AB9A701D80059B069AC7
S1135AC00993019B0B970A9308AB1A74039A190064
S1135AD01A75049A5E825A750420FEF72BFD664BF4
S1135AE0029A47331A704DB1012D56D040F6890001
S1135AF0FFF742F804210143C9B2A0E05F4C0B2236
S1135B002300E8331D702300EC331F602300019849
S1135B10F4331A70FAF77EFD2300F533187023006E
S1135B20059AF0331A602300B8331D702300F60081
S1135B30BA331E80230041F60402BC331A802300CA
S1135B40BE3322001D7001230399BF3259401170E6
S1135B50049A02B1F1332200C132137023000122EE
S1135B60C233E8341A70FFF707FE2078431E9841C9
S1135B70C0B2FEF763FF02F039FF02F089FF08228A
S1135B803F4908A806F043F9082240F2C06008A97A
S1135B90FEF7E6FE02F012FFA8E7384C019A230054
S1135BA0E8331D702300FDB2F8331D70354B390006
S1135BB09B5C1000053D0593FAF780FD012D04D888
S1135BC0331C0C2E00D20C239EB22500059BF93504
S1135BD02B702300069AFA331A702300FB331870D3
S1135BE023000122B8331A702300C4331E8023001B
S1135BF0039AC6331A702300234AC73312781A70E3
S1135C002300049AC8331A702300079AC933E8346E
S1135C101A70FFF7B1FD2078431E9841C0B2FEF719
S1135C200DFF02F0E3FE02F033FF2B78062B00D0C9
S1135C305CE740F68900FEF79FFFFB21014040F638
S1135C408900FEF7C1FE02210298FEF79FFF0F4B69
S1135C501C9A1A6005220E4B1968114207D0019A4A
S1135C60DF611A761C9A1A62029A0533DA770020E9
S1135C700FB0F0BD805D0020B85B00207C5C00208C
S1135C80D8D90000B8D8000006400020085C0020E5
S1135C90145C002073B51C4E3578082D29D10022E0
S1135CA01A4B01245A701A706B462200D91D9D208C
S1135CB00C70FEF78FFD164B1B78A34201D1FEF743
S1135CC033FE6B460122991D96200C70FEF782FD6F
S1135CD03470104C23685B060AD5082D0FD10E488A
S1135CE0FBF7E6FE0D48FBF7E3FE0123383423708F
S1135CF073BD002DEDD12800FFF7F2FCE9E7002D7C
S1135D00F6D10748ECE7C04607400020B95D002003
S1135D10685C0020145C002083CE000000CD0000ED
S1135D209BCE0000002213B51100041CC020FEF716
S1135D30E5FE60231840202802D00020FFF7D0FCA5
S1135D40134B00210020185E03F0FEF86B46A207F7
S1135D50D91D6307DB0FD20F52009B001343E207E8
S1135D60D20F1343842001220B70FEF733FD04216C
S1135D700B00084A2340214202D00023137013BDB4
S1135D8008211170044A1370044A1360044AF5E7A9
S1135D90545C0020074000207C5D0020785D0020DA
S1135DA07D5D002010B504200B4CFFF7BBFF40F2D3
S1135DB0E8310220FDF700FE23685B060BD538347A
S1135DC02378022B07D00548FBF772FE0448FBF743
S1135DD06FFE0223237010BD145C0020B3CE0000BC
S1135DE000CD000010B500200B4CFFF79BFF40F2E4
S1135DF0E8310220FDF7E0FD23685B060BD538345B
S1135E002378032B07D00548FBF752FE0448FBF721
S1135E104FFE0323237010BD145C0020C4CE000089
S1135E2000CD0000052213B504000B4B0B481A707B
S1135E30FFF768F9942140F6AC00FEF7C5FDFEF7C4
S1135E4057FD01A9230C0B700322230A82204B70F7
S1135E508C70FEF7BFFC13BD07400020A45D00203A
S1135E60F0B587B0049102920593322B00D9CFE0AC
S1135E70694C00212600F53633780800039323008B
S1135E80F9331D7802F06EFE644B1B780193012BED
S1135E9057D1634B5E683EB933006249DA00521849
S1135EA01168A94249D15668FFF766FC0020FEF745
S1135EB0C5FD23000025E83330001D70FAF7AAFB66
S1135EC02300F533187002F091FD2300B8331D70E0
S1135ED002F0DEFD0498FEF7EDFC5348FFF7A2FF45
S1135EE0524BDD88ADB22800FAF754FD0028FAD0F1
S1135EF0FEF718FE029B05000027984232DA40F2B2
S1135F00E837059B5F43494BDB889BB20593FEF75B
S1135F1009FE029B0500984223DA0598FAF73AFD38
S1135F20BBB29842F3D3FEF7FDFD029B05000127A7
S1135F30834200DC0027FFB214E001330A2BACD10A
S1135F40B2E7FFF719FC364B586840B12300002232
S1135F50E8331A70FAF75EFB307002F047FD002652
S1135F60B8E70027FFF708FC019B012B42D1FEF79D
S1135F7055FD2300039AF5331A702300019AE83380
S1135F801A7002F033FD019BB834237002F080FDD7
S1135F90274B1B681B072AD52648FBF789FD0022DF
S1135FA003211000FBF7C0FF2348FBF781FD00220B
S1135FB00A213000FBF7B8FF1F48FBF779FD0022E8
S1135FC00A210498FBF7B0FF1B48FBF771FD002280
S1135FD005212800FBF7A8FF1748FBF769FD3800E7
S1135FE000220321FBF7A0FF1448FBF761FD3800F2
S1135FF007B0F0BD0A4B5B68002BC9D02300039A9D
S1136000F5331A700023E834237002F0EFFCBFE785
S1136010002635003700BBE77C5C00207D5D002056
S1136020805D0020C4D80000FFFFFF00FE260A4068
S1136030145C0020D5CE000008CE000000CD000086
S1136040F0B585B0FEF7EAFC002140F6E206002731
S1136050080002F087FD30000397FEF78DFDFE2156
S113606040F6E505014004003000FEF7ADFC2800D1
S1136070FEF782FD7F21019001402800FEF7A4FC79
S11360800B48FFF7CFFE042203A940F61900FEF7E0
S11360905FFD3800FFF724FB21003000FEF794FC7D
S11360A028000199FEF790FC039805B0F0BDC046A6
S11360B0FFFFFF00052213B504000B4B0B481A70B9
S11360C0FFF720F8962140F6AC00FEF77DFCFEF7C2
S11360D00FFC01A9230C0B700322230A82204B70AE
S11360E08C70FEF777FB13BD07400020A45D0020F1
S11360F037B540F242210400080002F033FD44B1F8
S11361000D4D2800FEF7FEFF28002C606C60FEF7A2
S113611047FF0A4B1B785BB16B46D91D4023932084
S113612001220B70FEF756FB0020FFF7C3FF37BDBB
S1136130034B18688001F8E7905D0020105C002094
S11361400C5C0020F0B58C4B07005B7B93B04BB923
S1136150894B5B7A002B00D19FE03800FFF7C8FF22
S113616000203AE00AABDC1C02202100FEF718FAFA
S113617023780320009383BB009B0DAC21000320F4
S11361800B93FEF70DFA05200CA9FEF709FA00227D
S1136190A35E019313B96368039307E0019B012B8A
S11361A01DD119006068FAF7BDFA0390734B744E61
S11361B01A0048321278463309921B78063BDBB248
S11361C005936D4BDB7B06930C9B07930BAB029300
S11361D0099A009B934205D1642013B0F0BD0123BA
S11361E05B42D9E7059B012B0ED8069B63B9336844
S11361F02A331B78022B07D1009B08360133DBB20C
S11362000093029B0233E2E73379002BF4D0009A27
S113621003990798FAF7A2FA029B1B881843029B7A
S113622084B21C80002CE7D13368564A2A331D7887
S1136230ED00AB5CA918019A04932300012A27D12D
S113624021000E98FAF76EFA40F20C0C4D4B0F99A0
S11362500890ED18049AE3B29342CDD263466343A7
S11362606868C218C35E012B07D15368994204D1F0
S11362709368089A9A4200D16AE70134EAE70C204D
S113628058434A680133825E0198904200D15FE727
S11362900498DAB28242F2D3AEE740F24221080017
S11362A002F060FC47B1384C2000FEF72BFF2000C1
S11362B027606760FEF774FE344D2B78002B57D0AF
S11362C040230DA9932001220B70FEF783FA0020CE
S11362D0FFF7A8FD2E4B2F4C1E782F4B1B68009305
S11362E023689B0737D52D782C486B425D41FBF71B
S11362F0DFFB002203213000FBF716FE2848FBF7E2
S1136300D7FB002203212079FBF70EFE2448FBF77C
S1136310CFFB00220A21A068FBF706FE2048FBF70A
S1136320C7FB6D4200220521A089FBF7FDFD2F402C
S11363301B48FBF7BDFB00220A213800FBF7F4FDE4
S11363401748FBF7B5FB009800220A21FBF7ECFD88
S11363501448FBF7ADFB2368DA0702D5009A2675CB
S113636022615B0600D4FBE6052338342370F7E68C
S11363700D4B18688001ABE7805D0020B85B0020FE
S1136380A45B002060D80000905D0020105C002019
S11363907D5D0020145C0020785D0020DBCE0000D1
S11363A008CE000000CD00000C5C0020F0B585B0E4
S11363B072B6BFF34F8FBFF36F8F00229E490B78E5
S11363C00A70DBB262B6BFF34F8FBFF36F8F002B3F
S11363D000D1F2E003AE310002321220FEF78EFB50
S11363E00123022235885B423100100033806DBAEC
S11363F0FEF7F0F9ADB272B6BFF34F8FBFF36F8FF4
S11364008E4B2820185E02F091FD0400012803D170
S1136410FBF720FB884B1C7062B6BFF34F8FBFF3B2
S11364206F8F40232A0001241A40854B01921A8061
S113643025420AD08348FEF765FE834B1C70834BCC
S11364401B6813B11B6803B198470224254200D18D
S11364508AE07F4B1F78A7B97E48FEF753FE0122DE
S1136460794B390040F602101A70FEF7ADFA40F687
S11364704410FEF781FB0443E1B240F64410FEF7FA
S1136480A3FA022231001320FEF738FB724B1F7867
S1136490012F27D1714B1B78012B23D140F20270BD
S11364A0FEF76AFB00901E233370FEF779F96C4CFB
S11364B00221009B6B4A3000FEF7D0FAFAF77CFF0A
S11364C0032231001420FEF719FB27706FB1012F4E
S11364D000D177E01B220021634805F0DDF90F238A
S11364E023701FE033780093DDE7337823715F4B2B
S11364F072781B7852085BB29BB29A1A111C12B2C2
S1136500803201DA4FF68071218103AA9278520811
S11365109B1A1A1C1BB2803301DA4FF680720023D7
S1136520E280E360019B13B1504B1B7A73B1474B7C
S11365301B685BB19E684EB12378002B64D108239D
S11365400621625EE35600994648B047404B1B78EB
S113655053B13D4B1B78052B06D1444B587A002888
S113656057D00020FFF7A6FD019B2BB1374B1B68CA
S113657013B11B6903B198472B060AD50122324B8C
S11365801A70324B1B6823B19B6913B1280A10405F
S11365909847AD050ED52C4C2378042B3CD12948C3
S11365A0FEF7B0FD01232370284B1B6813B15B6811
S11365B003B198470023224A13801F4B1878C0B2B6
S11365C005B0F0BD294B32781B7852085BB29BB200
S11365D09A1A111C12B2803201DA4FF6807101222C
S11365E0218203A98A5602329210A2748A78520830
S11365F09B1A1A1C1BB2803301DA4FF680721C4BB3
S1136600A2821B68A3618DE712231021625EE35608
S113661099E7FFF707FCA7E7052BCBD10C4B1B78B9
S113662023B90C48FEF76EFD01232370074B1B684A
S1136630002BBFD0DB68BBE7B85D00207C5C00208A
S1136640A05B0020A45D002007400020BC5D00206A
S1136650105C0020905D00207D5D00207C5A0020AD
S1136660845A0020A05A0020855A0020805D002012
S1136670805A002010B50E4C2000FEF743FD230085
S1136680227EF93BFF3B1AB140F20F2201219954BB
S113669040F28C229A58E0321278022A05D140F254
S11366A08921585C1E3202435A54FAF739F910BD55
S11366B0C855002010B50B4C80232200FC32916C8D
S11366C00B43936440F21023E35C0BB1FFF7D2FF5A
S11366D040F289212223625C9A4313436354FBF7FB
S11366E021F810BDD0530020F0B5002340F28C25D2
S11366F040F22E12A94FAFB010937B5915909A5CBB
S113670018AC0E9240F2B4129A5C2000119240F23E
S11367102D129B5C0C93FEF7E3FA40F2A81340F2AF
S1136720AC127D59189EEB58AA5AF61AA3889B1AE4
S11367301BB2DB0FF61A40F21823FB185C681B68C7
S11367400A930B9440F28923FA5C04231100194044
S11367508C461A4203D01098FBF7FCF884462B7839
S1136760082B35D1002000210E9B8D4ADB009B189D
S11367705B798C4A5B019C18D25A119BA061E16140
S1136780002B00D0F8E040F60F6164338E4209D943
S113679049F6AF2342F22831B3429B410B4040F209
S11367A0E8315B18111C9A4200D2191C0C9A8BB266
S11367B00AB9624662B1180001225242D31700217D
S11367C0801859410A9A0B9B05F056FDA061E161BE
S11367D040F290130021E85A01225242D317801844
S11367E059410A9A0B9B05F047FD2B00A1330E90EB
S11367F00F91FF330E990F9A19605A60B73B1B78BB
S11368005BB2119340F22D13EB5C149340F2B4137A
S1136810EB5C12932B009933FF335C681B680C9379
S11368200D94E0352B78022B00D1ABE0FFF732FA60
S1136830FEF7A2FF40F28C23FB58E1331878FEF7F1
S1136840D1F840F28C23FC582378139309230A933C
S1136850139B082B00D070E2482200211CA805F0ED
S11368601BF8514E300001F057FC050028B90422F2
S113687030004E49FAF7D8FE3576119B032B08DD1C
S113688040F27422464B995C19B940F26821595A76
S11368909952FEF7D9F90B000D990200994216D8C6
S11368A002D10C99914212D80C990D98014371B1FF
S11368B00C9D0D9E10001900401BB1410F9D8D428F
S11368C000D9F0E003D10E9D854200D9EBE000220F
S11368D00023A1341299FF3422606360002900D0A0
S11368E0B7E040F248222E4B9B181C685D68FEF707
S11368F0ABF902000B008D4247D801D1844244D841
S1136900121BAB4114001D0040F25022244B9B1873
S11369101A685B680A920B93FEF796F90B000B99C1
S11369200200994235D802D10A99914231D80A9885
S11369300B99121A8B41149909B9002200239D4224
S113694002D803D1944201D922002B0040F25820EE
S1136950134909180C684D689D4202D828D1944205
S113696026D9A41A9D410A940B950A9B01332BD175
S11369700B9B013328D123E00C9B002B00D127E78C
S1136980100019E7FEF7F8FE5BE701246442E517FF
S1136990BAE701225242D317CDE7C046D0530020B4
S11369A080560020C0580020EC580020E0580020F9
S11369B040F2582200200021634B9B181860596054
S11369C0002300240A930B940021604B8C460C9303
S11369D00B005F4A17920026CAB214920C9A5A48C6
S11369E012880E92CA0012180E98012430412042D7
S11369F016D01068A0B11079119D0407240FAC4281
S1136A000EDC0009A8420BDB5079179C40010019E9
S1136A108469C0690443DCB360460130C0B2844673
S1136A2001360832102EDFD10C9A103102320C924A
S1136A305029D0D1002B5DD16346002B3DD140F2CB
S1136A40902300200021FB18186059600C230A933E
S1136A5073E11499A9B140F250223B4B9B181C6876
S1136A605D68FEF7F1F802000B008D4205D801D1F4
S1136A70844202D8121BAB4168E701225242D31769
S1136A8064E740F25820304909180A604B6097E7E0
S1136A903825149C581CA41916940EAC6419169D20
S1136AA0E554C3B2BCE70C9C0D9D0E980F992418B5
S1136AB04D41A41A9D410A940B950A990B9A40F2F0
S1136AC090233E00FB1819605A60159BFC36B26C8B
S1136AD0002B00D16EE320231E4D13432800B36422
S1136AE0FEF710FB0A9B2800B367F367FEF758FA1A
S1136AF00023ACE7129AAAB11749184A086842431E
S1136B0043F2390012180A601549B2FBF1F1C807C3
S1136B10411A521A92FBF3F14B43D21A1CAB9B5C01
S1136B20109376E0119BEBB140F27423064AD15CDA
S1136B3001230A00129802411A4200D117E103000E
S1136B404033DBB2ECE7C04680560020EC5800200E
S1136B50C058002044550020004000206D4EC6411E
S1136B60FFFFFF7F082211991AA804F095FE40F256
S1136B70842340F2010C804AD35C119A0A937F4B20
S1136B8018680A9B590835317B4CFF3149000919B3
S1136B9089880C0A0C946446234202D1FF260E40D5
S1136BA00C9600210C000C9D66462541354205D00B
S1136BB030260EADAD196C540131C9B20134082C24
S1136BC0F1D1B9B16E4A6F4C504343F23902801887
S1136BD0B0FBF4F4E207121B821A92FBF1F43026A4
S1136BE04C430EAD141BAD192C5DDA00A418E2B2AF
S1136BF0109262460133DBB2072B00D9002300292F
S1136C0000D1ABE00AB15D4A106040F284225A49D7
S1136C108B5440F21123109AFA54130012094F2B8B
S1136C200DD8472B0BD80F23109857491840030051
S1136C30012098400B005200895A8143995240F236
S1136C40902300200021FB181860596040F28C2327
S1136C50FC58002123002078E933595616339B7AD7
S1136C6008280CD15BB2032B00DD0023474A8900BE
S1136C708918CB5C191C5BB2002B00DA00212300BD
S1136C80F0331A78424BC9B200932300EC331B68EB
S1136C9049B2F9F7A3FD3F4B10251B78012B00D017
S1136CA00A3D40F2C413FA581121521BFA50230032
S1136CB01092F0331A780F335956374B20780093DB
S1136CC02300EC331B68F9F789FD40F2D81340F236
S1136CD0B412FE58761BFE50A35C002B5ED040F22B
S1136CE00C23FD5C002D00D038E1DC3BFB5CE9208B
S1136CF00A933B00FF335B7D1B071B0F0C9320564D
S1136D00F9F7FEFD0C9A0A9B9446032263440A9207
S1136D10984202D2139B1D000A932300F8331B6888
S1136D20109A9B1840F2B012BB502300FC331B682E
S1136D3004329B19BB50002D3BD03B00FC339B6CB1
S1136D409B0708D440F28C23FB58E0331B78022BBA
S1136D5001D0FFF747F80A982FB0F0BD0A9999427D
S1136D6000D00FE70AB1054B186003236FE6129AAF
S1136D700132D2B21292DCE680560020004000209C
S1136D806D4EC641FFFFFF7FEC580020C0D70000C6
S1136D9088550020685C00209C5500202100FC31AF
S1136DA04B6810981B1840F2B0103B508B689B192D
S1136DB0BB5040F2B213E35C5BB940F20C23FB5CC2
S1136DC0002B00D0F3E040F20E23FB5C012B00D932
S1136DD0EDE03C00FF346379002B00D1C2E0042BCA
S1136DE0C3D1DA4B1B68DE6840F20C23FB5C4BB961
S1136DF040F20E23FB5C012B04D8731C013600D334
S1136E00C2E01E003B00FC33DA68002A00D1BBE07C
S1136E103B00FF33597D40F23013F85C090703004F
S1136E205C1EA3413C00090F5B1808330430FF3497
S1136E301B18617B9BB2994200D2A5E03D00A37B65
S1136E40FC351370E8686969013001F043FF627D25
S1136E50EB685A713B00FE33198BEA6891711B8B06
S1136E60EA681B0AD371627DE8681207120FB849F9
S1136E700830FBF7D1F8637D40F230121B071B0F7B
S1136E801C00BA5C083432B140F22812B95CEA68DA
S1136E90093311551C003D0040F23013FC35E868FD
S1136EA0FA5C0019296BFBF7B7F840F23013FB5C6E
S1136EB0E868E418A4B20019A96B01F00BFF3B00C9
S1136EC00434FF33E4B25C7340F22813FB5C0BB967
S1136ED0073313939D4B1D683B00EA68FC33D86865
S1136EE05B69964200D91FE13C00EE603D00FC3432
S1136EF0E368FF350A936B7B0A99043B9C469AB27C
S1136F003B00FE335B8A10936369E9B340F20011DE
S1136F108A4239D8B7391C9100211CA88180109964
S1136F204681C180190C1B0E4372330C0373330E5C
S1136F304373002383736346C373864B01720093C8
S1136F400A990723FBF706FCF0B96B7BE068043B66
S1136F50C018A16B01F0BEFE6B7B27E00323002564
S1136F600A93DAE6794B40F2A0211A68785893889C
S1136F7001339BB29380012202437A503A00FE32DD
S1136F80138401F0AFFE08B10E2360E53900724BA3
S1136F90FC31009313220223C968FBF7DBFB0028B2
S1136FA0F2D101F09FFE0028EED1637B3B8040F2DA
S1136FB01123FB5C00240A9340F28C23FB581A78BB
S1136FC0082A76D1E926E8259E575D57634B644A23
S1136FD09B5711930A9BDB009B185B7912335B016F
S1136FE09B189B785BB21093042E00D0C4E02C1C39
S1136FF0022D00DA022401215A4BB600F3585A4AF2
S113700064B20C91934205D0584A9B185A4253419A
S11370108B400C93600005F013FE011C544805F0EE
S1137020E3FB051C05F0A4FD002143B20600281C67
S1137030109305F0F7F870B9300005F0B9FD011CA4
S1137040281C05F0D1FB002105F0C8F818B9109BE5
S1137050013B5BB210933B88414A0E930A9B002587
S1137060DB00D058FDF726FC40F6A07308930823F4
S113707001260293119B2A001099009330000C9B67
S1137080079506950595049603950196FEF7F4FC7D
S113709038226B469B181B78300019001093FAF7BE
S11370A073F930001099FAF785F840F21823FB18A9
S11370B021C340F249230122FA544333FB5840F2DE
S11370C05021E9331A7840F24A23FA540A9A0133D8
S11370D0FC541133FA50443B7918FB181A685B6866
S11370E00A604B6040F2682179180A604B6040F2F4
S11370F01023FB5C23B940F20C22BB5C0133BB546C
S113710040F2982300200021FB1818605960397858
S11371101848FEF759F8002842D13A000223FC32FD
S1137120916C0B439364E3E440F230117A5C043CC9
S1137130A41A11000022001900920196139AFBF779
S1137140ABFF002800D1CFE61EE7C046A0530020C5
S1137150E854002004550020F054002024D80000F6
S113716080560020E4D7000090D00300E05EF8FFD2
S11371700000F041D25300200F4800F0CDFF2C1C3A
S1137180312808D9109B9D4200DB34E76B4640222E
S11371909B181C782FE7052D00DB2CE705242AE734
S11371A00D230A93672800D1C7E508330A9366289C
S11371B000D0C2E50B234AE4E0580020D0B5224CAD
S11371C020212200FC32936C8B43936440F2982379
S11371D0E3181E685F6833003B43BBB1FDF734FD21
S11371E002000B008F420AD801D1864207D8921BB5
S11371F0BB4111001BB941F64073994206D940F2D4
S11372008C230021E258FD3BD154D0BD0120FFF76F
S11372106BFA03000028F8D00120082B00D10930B4
S113722040F28C23E358E9331A7840F24A23E254BB
S11372303C3BE25C3F33E254043BE054FAF770FB1E
S113724002F054FBE1E7C046D05300200023F0B520
S113725085B002AA13800022002302614361070063
S1137260F9F716FB20B9634BDB681E7D042E03D9A6
S11372700124200005B0F0BD40F28C235E4D387827
S1137280EA58D83BD35C2BB9020004339A43072451
S1137290002AEED103A900F0B7FE039B002BE7D12F
S11372A026B9282231005548FBF74CFA40F26123F5
S11372B00122EA5440F289220423A95C0B43AB5413
S11372C03B780193082B00D98CE0180004F05CFF94
S11372D0058A8A6D778A8A8A8600FAF7E5FF40F282
S11372E08C23E95800230A78082A0DD140F285201E
S11372F0434C225C0132D2B22254392042431D381D
S1137300D2B290425B419B00E9310B700020FAF746
S113731063FA2B000026FF335E712B00394AFC33DD
S1137320DA602B00FF22384CFE33DA812100374823
S1137330F73AFAF771FE2100082210393448FAF7B7
S11373406BFE3000FFF7D0F907210400B0B140F222
S11373508C23EA581378082B0DD140F28521284854
S1137360435C013BDBB2435439214B431D39DBB24F
S113737099427641B6000721E932167040F2902313
S1137380EB181A685B683A617B6174B3194BDB686C
S11373901B7D002B00D06CE740F210220421AB547B
S11373A07932AB5C8B43AB5463E70022022002A921
S11373B0FBF744F8431E984101210401DEE70C2148
S11373C0BA887956B868FEF75FF92A000223FC32BE
S11373D0916C00240B4393640121CFE700220D201C
S11373E002A9E5E701210224C8E72200019801F07F
S11373F0BDFD3EE790530020D053002030560020BE
S113740080560020D253002018590020DE5400205A
S1137410E654002030B58FB0F9F7C2F8C4B224BBEB
S11374206A4602231377124B07A808930325FBF738
S113743011FB6B461D770F4B07A80893FBF70AFB5C
S113744008236A4613770C4B07A80893FBF702FB43
S11374506B4668461C701C71FFF7F8FE18B9074BA1
S11374601D800FB030BDFAF763FB0420F9E7C04676
S1137470AF510020B75100209F510020F65000204A
S113748010B5154CE37A5B0708D51B2300210320B4
S1137490E372FDF7A3FC08B9F9F78CFAE37ADB078A
S11374A019D51E234FF6F072E372A388A08899B20F
S11374B08342FAD19142F8D8084A13681033136012
S11374C0074B1B78012B06D900210220FDF786FC0F
S11374D008B9F9F76FFA10BD00380A40F8510020D6
S11374E0C05D0020F0B595B0049340F28C23D04CDD
S11374F00892E35800251A0006900FA8057002911F
S1137500E23212780F2642701A00E43212684260A6
S113751040F2F412A25811921A00E832128852BAB8
S113752082811A00FF32517A1B788173527F03746F
S113753008ABF6180EABC273310000930CAA0DAB66
S1137540FAF728FF00203056F9F7DAF9B94BFC3383
S1137550DB680F2B00D9AAE0984200D2A7E0029A78
S1137560D218C31ADBB2904200D2A1E0F9F790F925
S113757001250600002800D09EE0AF4B18221B789E
S11375803100AE480593FBF7DDF840F24923E5549A
S11375903B3BE554023BE654049B002B00D197E1AE
S11375A06D19012B00D087E040F28C23E358FF33A0
S11375B05D7A0423039340F20D23E554039B5B019E
S11375C0099340F28C23E6583300FF335A7F1D3B66
S11375D01B78307893B969460F7D097D49B200293B
S11375E000DA1F1C08AB9A741F7405220CA9FAF761
S11375F079F8032500285FD0E936377040F29823E4
S1137600E3181E685F6833003B43B3B1FDF71CFB0E
S113761002000B008F420AD801D1864207D8921B80
S1137620BB4111001BB941F64073994205D940F2A0
S11376308C230021E258FD3BD15440F28C23E358C3
S113764040F2B4111A00E8321288059256BA1A00B0
S1137650E43212680D92595C002930D1072640F2B9
S113766010230025E554764B0E93764B0F930EAB07
S1137670E85C0DA900F0C8FC0D9B53B16D4A0FAB3B
S1137680EB5C106818B102799A4200D01EE101F057
S113769085FC0135042DEAD10120FAF741F940F2C5
S11376A089222023A15C35000B43A35404E02B0062
S11376B00825984200D059E7280015B0F0BD40F2E3
S11376C02C11595C31B91D0000200021A135FF3572
S11376D0286069601900E2310D7840F28F110FA81B
S11376E0595C426040F2F41207910121A25845709E
S11376F0017011921A008681FF32517A0F2681732C
S1137700527F08A9C2730E2252180D211B7808AFAC
S1137710037408ABF6180DAB0093C9193300FAF7DC
S113772039FE079B80015B01184340F28C23ED0175
S11377302843E55807902B000D2032783856E9335A
S1137740DA77BA7B1870013B1A70002340F21021DB
S1137750238000236354069B24265A1E9341029AD5
S11377605B421A406B4602921A7A40F23813E25492
S11377706B469B191E78039BA670022B01D0012334
S1137780635427000423FF377B7123002E49FC3305
S1137790D960FF21BE73089E797329316654E96C60
S11377A059610799797540F230116254069A0021A3
S11377B01A632200254BFE321B68DB6801331383F6
S11377C040F24C22A1520C32A3501A4BFC33DE6817
S11377D05EB3F9F795F8029BE3B30F2E3AD89E19DE
S11377E0B6B2B04236D30F20194A0EA9FAF754FEA6
S11377F0A8B1102640F28C23E358059AE8331A8086
S11378000A2E00D02BE70A2540F24823049AE254BA
S113781040F289220123A15C0B43A3544CE70F22BD
S11378200E9B1340079A1A437A7500252FE0C04631
S1137830D053002084520020D45100201856002038
S113784003080B0C020D1012D2530020A053002089
S1137850E85400202A003032FF320EA9FAF71CFE49
S11378600028C6D140F228132200E0546533FF33C8
S1137870E358FC323033FF33136340F230130E9A73
S1137880E2540833E25C002ACFD00A25E0540020F9
S1137890FEF72AFF06000028ACD140F28C2340F208
S11378A08F12E35898540D9AE4331A60094B1E68FA
S11378B016B9002DA8D0A6E73079FAF709F8376889
S11378C010B9300001F06AFB3E00F1E70068D9E628
S11378D002236FE6845200201F4B73B51A003C3319
S11378E03D3214781D78F8F75BFEC6B2012E2ED116
S11378F06B4601A8991CF8F777FE6B4602215B5E84
S1137900019A012B23DD0021515622291FD1310078
S1137910501C5656222E16D10AB2013B9A4216DB4F
S11379206B46013989B2598089B12B002200C9B252
S1137930FFF7D8FD68B9094B1B689A88084B1A8071
S1137940084B188076BD01310EB29E42E1DB042063
S1137950F8E7FAF7EDF8FAE7945100200840002020
S1137960F4500020F6500020224BF0B51A003D32AE
S1137970127887B003923C331B7805A8029304ABBA
S11379809C1C2100F8F730FE0023E55E059EABB297
S1137990012B02D8042007B0F0BD01222C001440B2
S11379A01542F7D1D3404FF6FF77019360003018AA
S11379B0F9F716F8B842EDD00F4B019AE3180134E9
S11379C01870A3B29342F1D3E90F49194910029BED
S11379D0039A0948C9B2FFF785FD10B1FAF7A8F870
S11379E0D8E7064B1B689A88054B1A80054B18800C
S11379F0D1E7C04694510020E64E00200840002004
S1137A00F4500020F650002010B586B0F8F7C8FDF9
S1137A10C0B2D8B908236A4668461370FFF716FC4B
S1137A200B4C68B9030002000100FFF75BFD38B995
S1137A300123084A138022781343237006B010BD33
S1137A40FAF776F801222378934323700420F5E7AC
S1137A50E54E0020F650002010B586B0F8F7A0FDE2
S1137A60C0B2E0B903236A4668461370FFF7EEFB21
S1137A700C4C70B9030002000100FFF733FD40B95C
S1137A800122094B1A80022322781343237006B083
S1137A9010BDFAF74DF80222237893432370042093
S1137AA0F5E7C046E54E0020F65000201F210122D4
S1137AB001408A4010B54309034960339B005A5082
S1137AC0FCF754FC10BDC04600E100E040F21A236C
S1137AD070B5114A114D8168EA5204000620F9F785
S1137AE02FFA40F28013A522EF21EA500C4B953A6D
S1137AF05A7059705A705B78934200D1C046032083
S1137B00A168F9F71DFA63681A781AB1112018569A
S1137B10FFF7CCFF70BDC04680AAFFFF00C07E40C7
S1137B20FFC07E40030000223C3310B51A7040F2BF
S1137B301A23074A0400D35A0BB9FFF7C7FF0122DF
S1137B40044B20009A6200229A62F9F763FA10BD8E
S1137B5000C07E40FCC07E4010B5FFF7E3FF00206C
S1137B6010BD000030B585B0F9F7A3F81C4B8000B8
S1137B70C458A06BF9F77CFA142808D040F2F0132B
S1137B80184A616BD2580B001340114212D02000E6
S1137B90FFF7C8FF0723200001AD2B70F9F73AFA6D
S1137BA062685368A3B1D26828000392002202924B
S1137BB098470DE022003C321278012AEBD0042AC7
S1137BC008D1226B0123002AE5D02000F9F798F9A7
S1137BD005B030BD044BDB6A1B07DB0F0233DAE769
S1137BE0C04D002000C07E40FCC07E40F8B50500BA
S1137BF0080016001F00F9F73BFA0400142804D10A
S1137C002800FFF78FFF2000F8BD40F2F013340086
S1137C10044AD3581C401E42F5D02800FFF782FFC7
S1137C203C00F0E700C07E4070B503634368C26265
S1137C301E78002533005A1E934102009B003C32FB
S1137C4081621370436904008363FFF73FFF0D4BA8
S1137C505D71236B63B99DB92000F9F7DBF90FE07F
S1137C60182312222000A16BFFF7C0FF0500F0E7E4
S1137C7035B92000F9F744F9002EF1D012236363DB
S1137C80280070BDFFC07E40F7B5070000253C37D3
S1137C903D70040016000191FFF718FFFF23019ABD
S1137CA019499A431300194A26639B18A3624D711C
S1137CB0190C8C46604632021549013AD2189BB21F
S1137CC048824B81130C9C466046124B92B2586218
S1137CD084234A830C4A537563681B786BB9216A01
S1137CE01122200071431933FFF780FF050010B9FA
S1137CF02000F9F78FF92800FEBD01233B701033F3
S1137D006363236AA363F6E7FFC07E400000F0BD0F
S1137D10FEC07E40FCC07E40F7B5070000263C371D
S1137D203E700400150001910093FFF7CFFE1C4B39
S1137D30019A9C461B481C49624446716B1E160CF2
S1137D404E829B18194E92B24A811A0C9BB27262EF
S1137D504B838323437563681B784BB10523009AD7
S1137D603B70033B1370A369A36300252800FEBD89
S1137D70A16940F2F813694310222000FFF736FF8F
S1137D80050040B9F36A009A1B07DB0F200013704B
S1137D90F9F740F9E9E72000FFF7C4FEE6E7C0463B
S1137DA00000F0BDFFC07E40FEC07E40FCC07E40AF
S1137DB070B50400FFF78AFEE3683F2040F2D81252
S1137DC009491F2B0BD9203B5B081F338D580340F7
S1137DD085432B4320008B50F9F71CF970BD1F25F8
S1137DE0013B2B408D58F3E700C07E400A7810B564
S1137DF00B00040041602AB111202200097C1856AE
S1137E00F9F790F9230000223C3320001A70F9F7A7
S1137E109FF828B92000FFF7CBFF08B9014B236076
S1137E2010BDC0464E45504F10B50400F9F790F808
S1137E3010B92000FFF7BCFF10BD10B50400F9F71E
S1137E4071F92000FFF732FE10BD000030B5EFF3EA
S1137E501082012383F3108898400B49435A1BB1C5
S1137E600B5A013B9BB20B520B5A53B940F6FE011D
S1137E70064C074B655A185A064B2B4383439BB257
S1137E80635282F3108830BDB04D002000E0014001
S1137E9028D5000000A5FFFF70B5EFF31081012382
S1137EA083F3108898400A4A835A53B940F6FE0473
S1137EB0084D094E2B5B865B33434AF2005633432D
S1137EC02B53135A01339BB2135281F3108870BDA4
S1137ED0B04D002000E0014028D50000030010B59B
S1137EE003240A4A0A4811680333A34308185B1899
S1137EF040F200418B4206D903F01CFD0C230360C1
S1137F000120404210BD1360FCE7C046AC4D002088
S1137F10804000200338052300B504280CD80C4BFE
S1137F201B6804F031F9030B0E1012001A690A6081
S1137F301A0010325A620023180000BD5B690B60FE
S1137F40F9E79B69FBE7DB69F9E71B6AF7E7C046DA
S1137F50A0530020094B0A4A1B6810B5934209D864
S1137F6040F60B03074A0120D35C03B90220FBF758
S1137F7047FC02E0044A9342F8D910BDBC4D0020EE
S1137F8080841E0000E0014000366E01002370B5BD
S1137F908360836905009A681968120AFBF702FF77
S1137FA0040018B92800FBF727FF0400280021006B
S1137FB0FBF78FFB200070BD10B504000020FFF715
S1137FC06BFF0A4BA400E258012313701378DCB250
S1137FD0012BFBD10020FFF739FF2000FFF75CFFE6
S1137FE0FFF7B8FF2000FFF731FF10BD20DD0000D0
S1137FF0044B10B5FC331B6D1BB11B690BB1642022
S1138000984710BDD0530020F0B50D4A0023D56821
S11380102C7D9CB12E005368002210361F788742B5
S11380200AD0B34206D12B000132D2B29442F5D128
S1138030002303E00433F7E79442F9D00B60F0BD6A
S113804090530020F0B58BB00400F8F7FBFA00253C
S113805080BBA37C606833B9072223781748134098
S11380605843174BC0180126164BA65701259F5796
S1138070FCF720FC637CA1780993002308950793FF
S11380800693059304930393A268280092B2029284
S11380900822009301922B003A00FDF78BFB0A4B58
S11380A02800995D0D31C9B2F9F76EF940F2242325
S11380B0064AD65428000BB0F0BDC046C0270900BC
S11380C0A070083724D80000D4D70000D053002073
S11380D070B540F28C260F4D0C00FDF713F8FDF738
S11380E0D9FDFDF749FBAB591B78082B11D12000B2
S11380F0FFF7A8FF68B1AB59F4331868FEF722F80C
S113810040F28823A27CEA5418B1F8F721FCFFF767
S11381106FFF70BDD0530020F0B5050003000020B0
S1138120083500210A001F8801248C4026003E40A7
S1138130B44201D10132D2B201311029F4D1101864
S11381400233C0B2AB42ECD1F0BD0000F0B597B041
S1138150089200220F0010A9CA7112A901900A8086
S1138160012B04D803920092009BBB4201D317B0A9
S1138170F0BD009B009A5D1C019BEDB2985C023837
S11381801128F4D804F00AF812003000A301CC013D
S1138190390254028502AF02DE02F3FFF3FF120339
S11381A0F3FFF3FFF3FF9203F3FFA9033C007B1BF0
S11381B0012B29DD0320F9F7CDFB88B10321002031
S11381C0F9F792FB019BD14A595D40F27023D154D7
S11381D0009B01990233DBB2C95C40F27123D15494
S11381E0009C0334E4B20FE0009C3B1B042B00DC36
S11381F081E30534E4B2A74203D9019B1B5D032B41
S1138200F3D0BD4202D12C000094ADE740F28C23A0
S1138210BE4AD3580493E2331B780693002B00D153
S11382209DE0039B002BEFD1009BFB1ADBB20A936A
S1138230049B1B78082B00D031E100246B1E0C93A7
S1138240049B0C22E9331B7800215BB20793049B47
S113825013A8E8331B785BB20593049BFF335B7A66
S11382600D9303F019FB0622A94913A8F9F7DCF9C9
S1138270029409940394039B0A9A934271D3029B38
S11382800725032B07DC13A8FFF746FF01238342CE
S11382909B415D420635069B002B00D02DE36B46C7
S11382A034229B181B78059C5BB20693079B0F2B0B
S11382B000D1C4E00293002B2BDB029B042B28DCAF
S11382C040F2000C13AB93480793079B01001B88F3
S11382D00A9300230A9A01261A4132420CD00A79E1
S11382E016070992029A360F964205DC099A029EF5
S11382F01209B24200DBA4E001330831102BE9D1AA
S1138300079B80300233079310239C446346502B11
S1138310DBD102239D430F2C00D007E36B461B7E69
S113832010AAD571072D14D10021049A0298E932BC
S11383305156814204DA40F2BC110120049C60547D
S113834002991170049A0599E8321170049AFF3267
S113835053720525039B0024B3FBF5F5ADE005231B
S113836065E7039B0C9A01999A18019B9B188A5CF8
S1138370032A84D107200F245E7899783209029267
S1138380DA781B7912020A431909014008301840AF
S1138390039B34400533DBB20393099013AB0629E6
S11383A007D10739139114910131FF310A401A8121
S11383B061E7072903D1002113911491F5E70529F9
S11383C03AD140F2FF0C00256146280011400E917D
S11383D001220121AA4029400E9E0B9141000F91D8
S11383E0595A324216D00B9E92B256B96646314360
S11383F0460099531989114301351981082DE7D194
S113840039E7454E314346009953198911430130E8
S1138410C0B2F1E7D2430B9E92B236B96646B1437D
S11384204600995319891140E6E7664631404600F3
S1138430995319891140EAE749005A521BE7079BEF
S113844002930F2C00D167E2002305939C4200DACB
S113845062E205940E2C00DC5EE204239D43072DAA
S113846000D05BE72A4C0622200013A9F9F7DCF8B8
S11384702A4B40F26C22E41840F26023A158E358DE
S11384800B40A35040F264230432A158E3580B403C
S1138490A35040F26823E2580C33E2503EE7002335
S11384A01D000393059302933AE710AB01220320C6
S11384B0D91DF9F7C3FF0134E4B2AC42F5D1039BF3
S11384C0009C9C4601236444E4B203939CE63C0074
S11384D0AF4200DC98E640F28C230C4A0420D158C9
S11384E00F22019B009C5B5D023413401E32FF325D
S11384F08B542C3AFF3A9A40130040F290128B525C
S11385000022E4B212A9F9F799FF7DE6D0530020C6
S1138510E05800208056002000FFFFFFA0FDFFFF71
S11385203C007B1B032B00DC6EE6072310AAD21849
S11385301370019A40F28C20525DD64C02921209BB
S11385401A400492049B13AA53700F2302992058D3
S11385500B40009913700231C9B205900F2B03D15F
S11385600300FF335B7C1370019B0322591814A88A
S1138570F9F7A0F96423149D009C5D43059B053421
S11385801B7813AEE4B27560082B10D0002010AB3A
S1138590D87112A9087001220520F9F74FFF40F2A3
S11385A089221023BB48815C0B4383542CE62800AA
S11385B0F9F77EF8317806300B00083BC0B2052B82
S11385C001D902239843029A10AB0733520603D50C
S11385D0042290431870DCE718700728D9D140F2C0
S11385E08C23AC4A049ED3581A00FC33FF32967293
S11385F01D61517451769D61CBE7A74BFF201B6D24
S113860013B11B6803B1984710AB18721F23089A63
S11386109A4205DC0133203202DB089A1F331340EF
S113862010AA537212A902220620F9F707FFEAE5FD
S11386303C007D1B042D00DCE6E5032210ABDA715F
S1138640DC1D009B13AD991C019BC9B2591828006D
S1138650F9F730F96423139A53431393009B019A57
S11386600533DBB2D35C8B4A2B7140F28C23D35895
S11386701B78083B5A4253415B42DBB223702BB94F
S113868012A9012207200B70F9F7D8FE009C0634CA
S1138690A8E53C00AF4200DCB6E540F28C237D4EF9
S11386A0009CF258019B0234595D0F231940E4B237
S11386B00B1C01B90123D9B240F2E8334B4311003A
S11386C0F8310B6040F2E831FC325B18136012A9F8
S11386D000220820F9F7B2FE40F289221023B15C8F
S11386E00B43B35490E53C00AF4200DC8CE5012021
S11386F0019B009C5B5D674D5A09190902400140CA
S11387000E30034040F28C202D5802342878E4B215
S1138710082800D178E52800FF3082775F4A2E00D0
S11387204177D05C04F08CFAFC367062E9352B7822
S11387301A1C5BB2002B00DA00222A7009200022E6
S113874012A9E0E63C007B1B032B00DC5CE5032262
S113875010ABDA71DE1D019B13AC5B5D14A82370B2
S1138760009B4C4C991C019BC9B25918F9F7A2F80B
S11387706423149A5343149340F28C23E3581B78D4
S1138780083B5A4253415B42DBB233705BB912A9D6
S113879001220A200B70F9F751FE40F289221023BE
S11387A0A15C0B43A354009C05341BE53C007B1BDC
S11387B0042B00DC28E50820F9F7CCF8002800D1C8
S11387C064E740F2E83408210020F9F78DF8082224
S11387D0002113A803F060F8019B0422591913A87F
S11387E0F9F768F8009B019A0533DBB2D35C139D5B
S11387F05C432B4B2B4EED18FCF726FA40F2E83283
S1138800002303F019FD40F2E731336824121818ED
S1138810B3889B189AB21BB28B4203DD224B013002
S1138820D3181BB21B4A1B49FC32126CAD1A40F21E
S113883040128A5AA21A91B214B2120404D540F218
S1138840E8328918013D0CB240F2E7321C19A3B298
S113885024B22D18944203DD134A01359B181CB22F
S1138860FCF7F2F940F2E832002303F0E5FCA41A25
S1138870281AA3B222B2240404D540F2E8329B1889
S113888001381AB240F23C23B2800122014930601F
S1138890CA54FBE6D0530020CC5400208CDD0000E9
S11388A0803DD512C053002018FCFFFF3C007D1B07
S11388B0032D00DCA8E4002312A9012211200B706F
S11388C0009CF9F7BBFD40F2892210231A490534B4
S11388D0885CE4B203438B5496E43C007D1B022D78
S11388E000DC91E40023009C12A90434012213202B
S11388F0E4B20B7007E63C0086E46B4624229B1826
S11389001B785BB20693029B0F2B00D0D5E4079B28
S113891002930F2C00D09CE5072D00D0FEE4069BAB
S1138920002B00D09EE5013306939BE5002C00DB71
S11389308FE500230593F1E4D053002070B50025A2
S1138940164C1422290016482570656002F0A4FF15
S113895018222900134802F09FFF134A137823B109
S1138960230046331B78062B15D0104B10491148B1
S1138970196040F201319860998099810023236441
S11389800D4B0020002163640223A063E16348349B
S11389902370013B1370012070BDC046B85B0020FA
S11389A0C05B0020D45B0020505C0020A45B00204E
S11389B034DD000060DD00000000068010B50A4BC5
S11389C01B7883B940F2B860FCF7D6F801218843DC
S11389D0C0B2014340F2B860FBF7F6FFFF2140F25A
S11389E0B960FBF7F1FF10BD7D5D002013B5254C88
S11389F008220021684602F04FFF2300E83318786C
S1138A00214B1B78834201D0FBF764FF2300E8333A
S1138A101B7813B1012B2FD013BD2300EC331A683C
S1138A201A4B6946B3FBF2F31A0C0A708B701A0ADC
S1138A3023004A70F4331B7843F60950CB702300AB
S1138A40F034F5331B7822680B71B2FBF0F10300AC
S1138A504B43D31A41F684629B039B18B3FBF0F398
S1138A6089035B1869461A0C4A7108225BBACB80E9
S1138A708B20FBF7AFFECFE7F83423680422694666
S1138A800093F5E77C5C00207D5D00200000093D3B
S1138A9030B585B0304C01AD09220021280002F028
S1138AA0FBFE2300B83318782C4B1B78834201D08B
S1138AB0FBF710FF2300B8331B781BB1012B36D012
S1138AC005B030BD2300C1331B78F12B23D14FF601
S1138AD0FF70FBF759FF48F20500FBF765FF02231F
S1138AE02200BA321288210052BA2A802200BC31F4
S1138AF00988C032127869802100AA710922BE3126
S1138B000988EB71A980C23423782B7229008C2048
S1138B10FBF760FED4E7F22BE2D141F60F50FBF7EE
S1138B2033FF41F22100FBF73FFF0623D8E7230080
S1138B30C4331B880A4A5BBA2B802300C6331B78D4
S1138B401370AB702300C7331B78C834EB702388D1
S1138B500622AB80DAE7C0467C5C00207D5D002005
S1138B607C5A002007B56B46082240BA49BA1880DF
S1138B7059800023694610000193FBF72BFE07BDC3
S1138B80F0B585B002AB9C1D002302AAD51D287048
S1138B901E4A1F4823701370431CDB7F53BB466877
S1138BA00122337811009C4667468368B9401F0050
S1138BB089B2FE37F9840191614691408C46634441
S1138BC0FE33598B91430A435A83019A316ABA841A
S1138BD05A8A897892B2012901D18A435A8201239F
S1138BE0002242618261C218C361C5600461D37707
S1138BF0FAF7B0FD80239B02044A127812B9013BB4
S1138C00002BF9D1207805B0F0BDC046FC510020FE
S1138C10785F002030B50B4A0221535E0424115FB3
S1138C20013393FBF1F461430025545F5B1A19B2DD
S1138C308C4206D006241457012C02D0518092682D
S1138C40D05430BDE8510020F8B54368040000203A
S1138C50032B22D0261DF56F202D00D920252700B7
S1138C601F372A003800E16F03F0D1F80623A36010
S1138C7023000833D86F3900836822695B68006871
S1138C809C462B006746B84723695B192361E36F51
S1138C905B19E367F36F5B1BF367F8BD0C4B0221B1
S1138CA05A5E0020195E914210D0062159560129BE
S1138CB00CD000209968885402215A5E0420195E61
S1138CC0013A92FBF1F04143521A5A807047C04670
S1138CD0E8510020031D01700130090A9842FAD1BD
S1138CE07047000070B51D4C01202300FC33DA6886
S1138CF092B32100FF314D7B0018162D2CD9897BAE
S1138D001170D968164A0B0008331078013B013200
S1138D1058709942F9D12300FC33DB6811491A00D9
S1138D20083310320878013A013150709A42F9D16F
S1138D3023002200FC33FE32D968108CFF344874BF
S1138D40128CD968120A8A74D868596A1330FFF7EA
S1138D50C1FF17230020637370BDC046D0530020A9
S1138D60DE540020E6540020F0B50500140089B05C
S1138D70F8B3F1B3EAB31022684603F048F82600CA
S1138D80210068462700FAF7D7FB1036A03768465B
S1138D90FAF720FC6846FAF767FC694604A8FAF774
S1138DA025FC01A905A8FAF721FC02A906A8FAF7EF
S1138DB01DFC03A907A8FAF719FC102204A96846A8
S1138DC003F025F8310068461036FAF7B5FBBE42C9
S1138DD0DDD16846FAF7FEFB6846FAF745FC210048
S1138DE06846A031FAF7A8FB10226946280003F070
S1138DF00EF809B0F0BD0000F0B58DB001AC220052
S1138E00224BE0CBE0C2E0CBE0C2E0CBE0C260CBDF
S1138E1060C2C0B3B9B30D00020010350B784E78B0
S1138E201B0636043343CE7833438E78043136023E
S1138E30334308C28D42F1D1042240F2180CFF27BB
S1138E40134E0321C3680A4216D16146CB41190E61
S1138E50755C19003940715C2D060D43190C3940BD
S1138E601B0A715C3B40F35C090429431B020B435E
S1138E709108890061584B40016801324B400361FD
S1138E8004302C2ADDD10DB0F0BDC0469CDD0000BD
S1138E9044D5000010B50723040088B001A803706E
S1138EA04460F9F7D7FD20B9102221000248F9F7F0
S1138EB0B3F808B010BDC046BF5100200023F7B579
S1138EC0174A184C019123701370174B5E7CDA68B3
S1138ED0760092191700FE377E8A1D78B446012663
S1138EE061460E4301997E82E9406E1C8619013960
S1138EF05E61996165B1018807209B6811801856ED
S1138F00FBF734FA80239B0222781AB10020FEBDBD
S1138F100178F1E7013B002BF6D10120F7E7C046C9
S1138F2030520020F551002004520020030000209C
S1138F305A1C05D0034ADBB25B00985A8007C00F65
S1138F407047C04600020A4010B5431C0AD040F6E0
S1138F500073CAB2010119400F23184001430248AB
S1138F60F7F77AFF10BDC046A44D002070B50A4E35
S1138F70F468257D042D0ED8B3680135DA7000221B
S1138F809A702200103259701870191D2575934279
S1138F9000D12100B16070BD9053002010B5F8B12C
S1138FA0104B1A68904204D102681A60002205E04E
S1138FB00A00002AFAD011688842F9D15968884217
S1138FC000D15A600AB1016811600021FC33DA68EB
S1138FD0C479013A121B0160DA600822F9F7B2FB86
S1138FE010BDC04684520020074B70B51C6804B9FC
S1138FF070BD20792568F8F76BFC10B12000FFF7ED
S1139000CDFF2C00F3E7C0468452002010B50400C5
S11390100078532800D99AE003F0CAF854005B00A2
S11390206200650067006D00730099009900990063
S11390309900990099009900990099009900990064
S11390409900990099009900990099009900990054
S113905099009900990079007F00890091009A0095
S1139060A100B200A800BC00C400CB00D100D7000E
S1139070DE002B01E500EB00F700F100FD00030129
S1139080090111019900990099009900990099002A
S11390909900990099009900990099009900990004
S11390A09900170121012B012D0199003401990028
S11390B099003A013F01420148014F015901600101
S11390C067016B0140F28C238C4AD358E0331B7840
S11390D066E040F28C23894AD258D83BD35C5FE0E7
S11390E0874B636033E0874BFBE740F28C23834A72
S11390F0D358E233EBE740F28C23804AD3589B6C7D
S1139100EFE740F28C237D4AD358DB6CE9E740F269
S11391108C237A4AD358E133D9E740F28C23774A37
S1139120D3581A780023082ADBD1774BD9E740F2C9
S11391308C23724A0434D3580D33FF3305E040F2D4
S11391408C236E4A0434D358283306CB06C410BD8E
S113915040F28C23694A0434D3581533EDE740F2C6
S11391608C23664A0434D3583033EEE740F28C2320
S1139170624AD3581A780023082AB2D1634BB0E765
S113918040F28C235D4AD3581A780023082AA8D1C8
S11391905F4BA6E740F28C23584AD358FF335B7ADF
S11391A02371D4E740F28C23544AD358F4331B6818
S11391B097E740F28C23514AD358F833F7E740F24B
S11391C08C234E4AD358FC33F1E740F28C234B4AAC
S11391D0D358FC335B6884E740F28C23474AD35866
S11391E0FC339B687DE740F28C23444AD3585B7977
S11391F0D6E740F28C23414AD358E93367E740F27B
S11392008C233E4AD3581B79CAE740F28C233B4A4D
S1139210D358E8335BE740F28C23384AD358EC3315
S1139220C5E740F28C23354AD358F0334FE740F278
S11392308C23324AD358FC339B6A636087E740F23D
S11392408C232E4AD3581B6CF7E740F28C232B4A0D
S1139250D3581A780023082AA2D12E4B37E740F2BC
S11392608C23264AD3581B78083B5A4253419B000F
S113927096E7002394E740F28C23204AD258653BBA
S1139280FF3B2BE740F28C231C4AD258CF3B25E707
S1139290214B1B689B88A38059E71F4B1B68A0E7E1
S11392A040F28C23154AD258613BE9E740F28C2303
S11392B0124AD358FF339B7A72E740F28C230F4A49
S11392C0D358FC33586A03F005F820713FE740F2A5
S11392D08C230A4AD358FF339B7F61E740F28C23E7
S11392E0064AD358FF335B7F5AE70B4B1B681B6955
S11392F0F7E6094B1B68DB68F3E6C046D053002051
S1139300085900201859002080560020F8580020E1
S1139310E058002004400020A0530020F0B50024B1
S1139320F74AF84BF84E1360F84B74605360F84BEF
S11393309BB09360F74BD360F74B3360F74BB3604C
S1139340F74BF360F74B3361F74B1B7A0393092315
S11393500293039B082B00D054E20127F34DF448F9
S11393602A60FF211422E86004756860A860F9F798
S1139370E9F9EB68EF4D5F752100280040F2C01257
S1139380F9F7E0F9210040F2A822EB48F9F7DAF9FD
S113939040F28C230399E84A29702900D5507E3B7A
S11393A0D754013BD75440F2B013E0310C70E34979
S11393B00CAFE9503C71390003980C94F8F796FE11
S11393C040F28C2340F22D121920DB4D0195EB580D
S11393D0B97906AD9954FA7940191A713A7A991DF6
S11393E05A71FA681A6102923A695A6104927A6966
S11393F09A610592BA69DA619446FA691A62C07F81
S1139400C8771800796A2C309962196316A909780B
S11394100170017241201900401900783831087038
S11394204220401900784870F96A1998D963396B59
S1139430019D196440F2F41168500120591DC87748
S11394401D000A2144359960043919732870A83520
S11394500930286018000835F03001702900029D99
S1139460A7480D601D00F8352900049D0D601D00FE
S1139470FC352900059D8A600D6065461A004D6023
S11394800121FF32517240F2BD1299541A00E132A7
S1139490117040F28922A84DFC352E65A64EE86471
S11394A0B4541A000020A96400219932A133FF3278
S11394B0FF331060516018605960F8F7F5FE40F210
S11394C07C139F4AF4540433F2500433F4500433AD
S11394D0F4500433F4509B4A0433F4540433F250EC
S11394E00433F4500433F4500433F450964A0433F0
S11394F0F4540433F2500433F4504C33F450043332
S1139500F450924A0433F4540433F25040F28C225F
S11395100433F450AC67EC67B45806AEA934300099
S1139520FF34FBF7DDFB0CCE0CC4894B89486B651B
S1139530894BEB65894B6B66894BAB65894B2B6615
S1139540F6F70BFE0290002800D059E1864C01008A
S11395501022300002F0A0F90298631CD877200092
S113956001263130067020000222423002702000B1
S11395700532533002702000643003000398023235
S11395801870200075300270200076328630027028
S1139590200092199730027020009219A8300270AE
S11395A020009219B930027020009219CA3002705A
S11395B020009219DB30027020009219EC30027006
S11395C020009219FD300270200040F21F13FF307A
S11395D09219C2739219E25411339219E25411335D
S11395E09219E25411339219E25411339219E2544C
S11395F05E487C3A08A9F8F70FFD20001022029972
S1139600F9F7A0F810225A480299F9F79BF8594C37
S11396105948282202992060F9F794F823684749A9
S11396200122196002995242D9601900534D9A805F
S11396301A615A619A61DA611A6210310E32280095
S11396405962FF320299F9F77DF840F28C220299AF
S113965029606960384DAB582268334C11001431CD
S113966099661000190018308C3108602032BC3320
S1139670043048629A61FCF7E3FC414B3B341860C8
S1139680FCF7B0FB40F28A23EE542D2338003B70E4
S1139690FFF7BCFC3A793B4B38001A70432325781A
S11396A03B703D71F9F7D6F9002800D1ADE01E4BAF
S11396B00CAC40331878F9F7ABFE1B4B1A4D3E3314
S11396C01878F9F74FFE1D22174B200041331B7801
S11396D022702371F9F7BEF9134B4235587AF9F722
S11396E00DFE48232E78237033005A1E9341200028
S11396F02371F9F7AFF9002846D12E7044E0C04633
S1139700BC610020D11D0000A8610020613100006F
S113971021320000410C0000430C00008D42000087
S1139720470C0000490C0000945100209053002085
S1139730A45F0020E85F0020D05300200004000153
S1139740C1080000D1080000E108000075660000AF
S1139750FD4C0000205500206D4D00005109000013
S11397603909000069090000085900206C5A0020DA
S113977018590020A0530020BC5F00208452002010
S113978000400020E44E002030232370263B636019
S11397902000F9F75FF9414D2800FFF77BFB297E94
S11397A011B13F48F9F76EFE02213E4B3E4D9A7AC5
S11397B02B798B43002B48D000233A4A2B60967AAE
S11397C0012E25D1334209D04B23EE88200023708B
S11397D0A680F9F73FF900B9EE80002602232A6833
S11397E01A4258D0AF684A33200023706760F9F7F3
S11397F031F900B9AF605EB13000FAF737FC07E029
S11398001423029302981BB0F0BD25704FE72B6020
S11398100026264F2E71FC37BB6C012BF2D140F28F
S11398208C2503332371214B21005B590C96187846
S1139830F8F75CFC1D4BBE645B59E03318780228D2
S1139840E0D11E70F7F7C8FFDCE7012ADFD1184F1B
S1139850184938002B60FAF77BFB060068B9BB692E
S11398605B691B899BB1FA6899189B5A052B10D91F
S113987006221148043102F0CAFA0D48F9F71AFF1A
S113988030434242504103234042034095E722269D
S1139890F3E70326F1E71E43AEE7C046BF510020BD
S11398A0D851002094510020E8500020D0530020CB
S11398B0484E002094D60000EE50002010B5082831
S11398C00ED1084B1A7A082A06D01A000021433216
S11398D01170054A0231117108221A72FFF71EFD38
S11398E010BDC04694510020E850002040F2892267
S11398F0104B9A5C920704D540F231229A5C012AFB
S11399000AD940F28C229A581100E231097819B12F
S1139910E432116801311160002240F20C215A54E2
S113992004315A5401395A540221FC339A6C8A4343
S11399309A647047D05300200023F0B5AFB002936F
S11399400A930D93F8F720F8E84B029A01209A60E5
S1139950DA605A60E64A1A60FEF79EFA0320F9F7C5
S11399604FFF0298FEF798FAE24A029B13701378AD
S1139970DCB2002BFBD12000FEF768FAFEF7EAFA0E
S11399800120FEF763FA40F2E8310800FAF714F810
S11399900120FEF711FB0220FEF70EFBD64B1C86BE
S11399A0D64B1C80D64B00215A5E013201D00922CD
S11399B01A80D44C0021625E013201D00C22228034
S11399C00020185EFFF7B2FA43425841CE4B18709C
S11399D00023E05EFFF7AAFA43425841CB4B013023
S11399E01870CB4B1A00A4320020115E013101D053
S11399F01321118014215A5E013201D021229A824E
S1139A0028215A5E013201D028221A8500215A5E8B
S1139A10013201D00E221A80BE4B00215A5E01325F
S1139A2001D019221A800020185E0121FFF78CFA58
S1139A30B94CBA4B621CA360B94B6360B94B636207
S1139A400023A362D377EFF31081012282F31088FD
S1139A504020B54D6B6883436B606B6881F310885D
S1139A60A36860680393457A016A0495AE038D7810
S1139A700F792E4320253543CE78ADB2AC4676031C
S1139A803D032E43457B0378ED01A8483543284325
S1139A90039D80B20590FE35688D049E80B2002E31
S1139AA000D077E166462A850D784978ED032E4388
S1139AB0B5B2AC461D000835AA40490289B292B23B
S1139AC0012F00D064E1904301229A40039D039E3C
S1139AD0FE35AF8D92B25B00F3181743AF851F00BC
S1139AE06646FE377E82059E90437E831980688594
S1139AF00121AA841720884AFEF79FF98C4B022281
S1139B0023608C4B0021186840F20043806801F008
S1139B10C5FD894B5D78002D00D085E00121874C7F
S1139B2059707E4B2582E360854BA562A360854B0B
S1139B3025706362EFF3108281F310887A483F3115
S1139B4043688B434360436882F3108840F20F0CF0
S1139B5066467D48E368017803938F00BE40637CCA
S1139B60C9030493039BFE331A8DB2438678BE4027
S1139B70324392B21A858AB2232105921143049A80
S1139B80039E5200B2181700FE3779826F490126EE
S1139B90798341780498490289B211800122824074
S1139BA0988D92B2844690439885DF8E588D974362
S1139BB01043DF865885604602439A85644B07202C
S1139BC01A7816431E70049B039A0133DBB25B00C0
S1139BD0D3181A00FE325081059E1C30FF303043EA
S1139BE0508244F2974050831980220029001B20A0
S1139BF06561A561E5612562FEF71FF9A368DB7A5B
S1139C005BB2213304D0220029001420FEF715F999
S1139C100223504D0021AB841220484AFEF70DF96F
S1139C200123AB844C4B63604C4B4D4C0120042509
S1139C306360FEF731F940F240320221494B0120C2
S1139C409D505219995040F6600348F20001464A6B
S1139C50464ED152FEF7FAF8454B464A2360464B2E
S1139C6046499A6100221A75454BDA601A6101323D
S1139C70336059601A72EFF3108182F31088102058
S1139C80294CE2688243E260E26881F310883D4C2B
S1139C90A279120700D0A1E08222A272A27A442102
S1139CA0D20902B9290038480278551C05700AB94E
S1139CB04032A27101255A68E171127C334950087F
S1139CC02A40920002359540401801782943C9B2D0
S1139CD001705B68187803286DD80122524202F0A3
S1139CE067FA6500FF0306040A04C046685F0020A3
S1139CF0434743000CE8014000020A4060020A4066
S1139D00185F0020045F0020685C002005400020EC
S1139D107C5C0020545C0020785F002000200A4016
S1139D20A8DC000085090000FC6F044007C0FFFFA9
S1139D305355415330400020345200200452002037
S1139D40CCDC0000311400000C4000209780FFFFA1
S1139D5000100A40FE200A4055554153F0DC000033
S1139D602C5F00200060004000E00140605F0020A4
S1139D704D504C52B5500000C05D0020A0D70000EB
S1139D80385F002000380A40345F002008380A4059
S1139D90104399E64A791A4322B903490432CD782B
S1139DA02A43CA7000218FE600100A40E14A1B7C56
S1139DB09B18FF221A70E04A02212120FEF73DF889
S1139DC04423E371453B23801B3323736833A3721D
S1139DD0A27A423B1343A3721C23E372D74AD84BA3
S1139DE0042553600023D74F15813A60D360136173
S1139DF0EFF31080012181F31088D34BDB688B4390
S1139E00D149CB60CB6880F310888023CF491D20D3
S1139E100B870B0048F20001D9820221CC4B494246
S1139E20198049195581FEF708F8A37930689C46D2
S1139E306646027AE37A4068217B93433243C669DB
S1139E400078C9B2032805D13078012800D159E33C
S1139E501020834321730121E372A271A379BD48C9
S1139E600B43A3710423A2791343A3713B68B74A3C
S1139E705B899386B84BB94A136040F200220023F1
S1139E804260B74A03608260B64AB7481360026012
S1139E901F20D080B54AB64813600023C3563BB98F
S1139EA0B44BB54A01701A60B44A5A60B44A9A6015
S1139EB00022B44B9A560AB901321A70B24BB34A13
S1139EC000211A60B2483C22F8F73CFC40F200132F
S1139ED0AF4A00201360FAF7DDF9FFF71FFA0928EB
S1139EE000D014E3AB48F7F7E3FDF7F709FEAA4AFD
S1139EF013785BB100239749137089799A4A49B260
S1139F001268012900D02FE302331370FCF74EFAD4
S1139F1022A8F7F74FFDA1490A78531CDBB20B7056
S1139F200AB9F7F74CFD229B83F3108800239C4A5F
S1139F3022A814681360F7F73DFD984A1378013B93
S1139F40DBB213700BB9FAF71DFA229B83F3108866
S1139F50944E002C00D122E2E3B2089320231C4249
S1139F6000D13BE1FBF71EFFFAF76EFE40F2B0139F
S1139F708D4FF35800249C463A687B68801A9941B7
S1139F802500844505D963461D1A40F2B413F458DC
S1139F90241A864B18000393FBF7B4F840F2881395
S1139FA00398F5500433F550FAF7FAFF804D280072
S1139FB0FBF7A8F840F29C132800F4500433F45043
S1139FC0FAF7EEFF40F28C23F3581A00E0321278CD
S1139FD0022A03D040F21022B25C52B31B78002450
S1139FE0082B16D1734B744C1A68544343F239024C
S1139FF0A4181C60714BB4FBF3F3DA07D31AE41A08
S113A00040F2D17394FBF3F25343E41A40F2E83381
S113A010E41840F2B4136A4DF3582800E418FBF72F
S113A02071F840F2F8132800F4500433F450FAF7AE
S113A030B7FF574B1B68DB0750D56248F9F77AF82E
S113A0400024534B34331B78A34201D900F02EFC77
S113A0505D48F7F72DFD002201211000F7F764FF9A
S113A0605948F7F725FD002201211000F7F75CFF9E
S113A0705548F7F71DFD002201211000F7F754FFA2
S113A0805148F7F715FD424B0022986A0A21F7F769
S113A0904BFF4D48F7F70CFD3D4B2C331B78012B40
S113A0A001D000F00DFC3A4C4848F7F701FDE06997
S113A0B00022052180B2F7F737FF4548F7F7F8FC8F
S113A0C0237E0020022B02D8424A5B00985E0022C5
S113A0D0052180B2F7F728FFF7F712FD40F28C2331
S113A0E040F22E11F2587B3BF35C535414783868D9
S113A0F07968082C11D1384DDB00AD345B19FF347D
S113A1005B79145D5B01002C01D100F0E8FB40F2A7
S113A11050245B191B191860596040F210239932BE
S113A120FF3210605160F35C002B57D140F249229A
S113A130B35453E000380A40385F00204C5F0020DD
S113A14080D70000645F0020FC6F0440FE260A40B4
S113A15004260A40E85100203CDA0000F85D0020A3
S113A160E64E0020804D0020084000207C4D002059
S113A170FE5D0020EC5D0020145E0020FF5D0020E9
S113A18014001400F4510020005200206D0C000053
S113A190145C0020FCD00000E4510020E85D0020A5
S113A1A0C8530020D0530020785600205855002072
S113A1B06C550020004000206D4EC641FFFFFF7F1C
S113A1C0C855002088D1000008CE00008CD10000C2
S113A1D094D1000000DA0000805600201022089B71
S113A1E0134200D1ACE00021203222A801F054FB3C
S113A1F00021282218A801F04FFBC94BC9480E21A1
S113A2005A5E9D8903929F681B7C02785BB2069319
S113A21040F28C23F15840F23124CB6CE0310793A7
S113A22001239A430270002340F24C220398B35452
S113A2301E3AB05206980232B0545832B25C3255CB
S113A24040F22222B3520332B3540332B3500432E5
S113A250B3520632B3540232B350143AB3541832E0
S113A260B3500432B35440F240230022F0180023C8
S113A270026043600B780BB9FBF7B4FD335D13B98F
S113A280A948FAF73FFFA94B1B68DB074CD5A84840
S113A290F8F750FF0024A54200D92BE3A548F7F7AF
S113A2A007FC002205210398F7F73EFEA148F7F7C3
S113A2B0FFFB002203210698F7F736FE9D48F7F7C7
S113A2C0F7FBF6F729FA0121800908400022F7F785
S113A2D02BFE9848F7F7ECFB944B00221C001869FE
S113A2E00A21F7F721FE9348F7F7E2FB237D012BC0
S113A2F000D006E39048F7F7DBFBA06800220521B5
S113A30080B2F7F711FE8D48F7F7D2FB23790020CE
S113A310022B02D88A4A5B00985E0022052180B293
S113A320F7F702FEF7F7ECFB0120F7F7F9FA002D37
S113A33000D0F4E240F221230122F254FCF7BAF9EE
S113A340089B1B071DD540F28C23F358E0331B7880
S113A3500BB9FBF747FDF7F7E5F940F24923022073
S113A360F054F7F7DDFA40F21023F35C1BB140F22E
S113A3700F230122F25440F289222023B15C0B43C3
S113A380B354089B5B0703D506210520FAF746F969
S113A390089B9B0703D504210320FAF73FF922A861
S113A3A0F7F708FB67490A78531CDBB20B700AB94C
S113A3B0F7F705FB229B83F310880023624F22A842
S113A3C03C683B60F7F7F6FA5E4A1378013BDBB270
S113A3D013700BB9F9F7D6FF229B83F31088002C76
S113A3E04AD0E5B2E4071FD540F21123F25C593B91
S113A3F0F254D433F25840F2BB111300FF33987A6D
S113A4007054997F40F2C813F154002340F2C911EB
S113A410735401317354B533FF33D25C4B49173352
S113A4204B48F254FDF754FEAB0721D540F21123FB
S113A430F25C453BF254C033F3583B481A00FC32FB
S113A440116940F2D012B1501A00FF32917F40F2EC
S113A450DC12B15400210132B15401320131B15442
S113A4602A3A9A5C40F2DF133A49F254FDF730FE7F
S113A4706D0701D5FCF7A2FE40F28923F45C20238A
S113A4801C4201D100F06FFE40F28A230022F254F4
S113A4903200FC32936C190602D582218B439364FB
S113A4A004252C4201D100F0E4FD0020F7F752FA14
S113A4B0002801D100F0D6FD274AD1680B7D3BB1BD
S113A4C008005368926810309A4201D000F0B9FD38
S113A4D032000221FC32936C8B43936400F0C9FD7B
S113A4E01B7C1E495B085B005B181A8063E4002335
S113A4F0638022805FE4DB691B78012B00D05AE47F
S113A500628058E41420294383432A43A2E4142894
S113A51001D11348E7E4032800D0E8E41148E2E459
S113A520A8530020C85300206C550020145C002060
S113A53088D1000008CE00008CD1000094D1000026
S113A54000DA0000E85D0020A453002088550020B4
S113A550585500209C5500209053002000380A4094
S113A56032D1000059D100000121B948817140F273
S113A5700141118002000020115E0220125E1800C9
S113A580914221D0B24D00216A5E02216C5E00210D
S113A590944210D00424295F013292FBF1F4614308
S113A5A0521AA968AD798C186DB2895C012D00D05E
S113A5B02070A74C2280A74A9A18127852B28A4275
S113A5C023D10133042BDDD1A34B1B685C78082C09
S113A5D016D0DB7813B1A148F7F76AFA230034B137
S113A5E00123042C03D00333072C00D1023B9C4AE3
S113A5F0DB009B185868F7F75BFA9848F7F758FAA6
S113A6000023934A9371136080E4DBB2022B07D0DA
S113A6100022032B00D045E18F4B1B681A80D3E73F
S113A6208B4B00229F5E9A68D7192B2964D18A4BE1
S113A6301B68DA8808928B4A166840F201421A8035
S113A64000230393844B089A1C68039B9342BBDA50
S113A650B589002D00D19DE02A003900306901F050
S113A660C5FB002800D088E0039A7B19A2807D579F
S113A6703D2D43D03F2D00D1FEE0002D00D10DE152
S113A6800223237079E0C9B208003038092802D9BE
S113A690413905290FD801331EE00300413B052B46
S113A6A00CD8373840B2536898478DE701204042B0
S113A6B0591CF8DA1EE009235B421BE001204042EA
S113A6C0F1E708320023D356002B00D17CE70021A8
S113A6D079569942F5D13B00012159560029D2D12E
S113A6E0DB1B1BB2012BE1D178780300303BDBB2DA
S113A6F0092BD2D858B2D6E75B4AE3E701229A562F
S113A700DAB35D1C2B00059000229A5652B9574BC0
S113A7101B785BB20993564B9C46059B93421EDD06
S113A72000230EE02C2A02D001229A561AB9059A67
S113A730013252B205920133E6E75C1C2C2803D0A7
S113A7402300E8560028F8D11BB20493002B2BDC1D
S113A750474B1A6800231ABB0BB1F6F759FF0522C1
S113A7603D4C23681A7033682BB138009847002297
S113A77023681A705870F6F74BFF374B1A68137832
S113A780002B00D120E7052B00D11DE7022B01D1BE
S113A790013B1370039B143601331BB2039351E73F
S113A7A0013312681BB2D6E70020049BE854099BCE
S113A7B0002B01D100F050FE2E490823C85E0690FC
S113A7C0002801DC00F048FE0C000B680A20085E3B
S113A7D00B90606807900799411A09B20C000B9915
S113A7E0A1420ADD411C0C000021415611BB069C0C
S113A7F02049013C0C810121017004995D6019819B
S113A8001B49086830B10468834216D118490C60AA
S113A810002101600021196061460868B0B104009C
S113A82000680028FBD12360049B01320133ED183A
S113A83052B272E720000C33CDE704000068002810
S113A840E8D08342F9D119682160E1E70B60EBE7B6
S113A850E851002038DA00000840002000CD000054
S113A86008DA0000F85D002028DA0000FE5D002010
S113A8707C4D0020EC5D002001255D57002D00D0AB
S113A8807BE7052323707368002B00D175E738003C
S113A8909847CC4B1B681D7058706EE705232370D6
S113A8A0B368F1E7C74B1B681A708DE6C64B0221EB
S113A8B01B6B185D0134F7F707FBE4B2FFF7C1FB2C
S113A8C0C248F7F7F5F84CF25033BF4A0020D2697A
S113A8D09A4200D1323000220221FFF7FBFBBC4C2C
S113A8E01B1940F250241C192060616040F2482476
S113A8F0FFF710FC385D02210134F7F7E5FAE4B202
S113A900C9E4B248F7F7D4F84CF25033AE4A002009
S113A91092689A4200D132300022022100E53B784D
S113A92009935B09032B00D15EE1052B00D157E1AC
S113A930012B00D06FE32B001022113B93439BB2F9
S113A940002B00D0F6E4EBB218AC0493237140F270
S113A9508C23F2581897D83BD35C0393002B00D078
S113A960E8E4781C013D03000222A9B2F7F7D8FFFE
S113A970002800D0BDE01899002976D1102418AB26
S113A9801B7CDA43120701D100F045FD1B071B0FA6
S113A99010AA137440F28C23F35810A91A00FF3242
S113A9A0927F18784A74072214A9F6F79BFE002CAC
S113A9B001D000F034FD002801D100F030FD40F258
S113A9C08C23F4582921200010ABC91803224830E5
S113A9D0F6F770FF21001B9B18ADE3642B7CFF315D
S113A9E05A06520F8A72DA43120703D01B071B0F51
S113A9F04B744B7618AB5A7C02B9013240F2E833FF
S113AA005343220040F2E831F83213605B1853607C
S113AA1023000122FF335A7240F2B2130022E2549F
S113AA202378082B00D1A2E040F2B41302220020C4
S113AA30E254F6F78FFF18B100210800F6F754FF2F
S113AA4040F23123F35C012B00D9F3E240F21023EE
S113AA50F35C002B00D0E5E240F289222023B15CB4
S113AA600B43B354F6F75EFE6AE426200B78032208
S113AA70637110ABC0180131F7F7CEFA2920189989
S113AA8010ABC01803220431F7F7C6FA189D04224C
S113AA90E91D1BA8F6F70EFFEB7A23742B7B637476
S113AAA02379212B27D12900322010AB0D3110221C
S113AAB0C018F7F7B1FA1D21189F042221A87918AC
S113AAC0F6F7F8FE0020434D18AC2B6898702279F5
S113AAD0636A043A92B205935FB114AB00933900F0
S113AAE002231490F7F736FE18B9149B059A9A427C
S113AAF006D00F2443E7112B00DD3FE70D21DBE7F0
S113AB00E279237A12021B04A1791A432B680A43BF
S113AB10996803248A4200D131E740F2A0219A6067
S113AB2002227058043302437250292210A9521889
S113AB30262110A809180820F7F7D4FC04000028DF
S113AB4000D01CE7292210A9521826212B6810A82E
S113AB50091804330720F7F7C5FC0400002800D0C7
S113AB600DE701222B685242D8601A6107E7049B63
S113AB70212B00D058E7013310AA9B18DB7F012B4F
S113AB8000D051E7FF2540F2682C134B134A18A953
S113AB909818CF7C8A7C3F023A43039F1A80042F83
S113ABA002D167462A40C2539F891A8802313A402B
S113ABB09A81039A02330132D2B20392052AE8D170
S113ABC032E7C04608400020145C002097D1000002
S113ABD080560020A0530020E0580020A0FDFFFF75
S113ABE040F220230122F25440F28C2240F224232A
S113ABF0B25800211278F35C082A02D1A04A5BB251
S113AC00D15C2A000D3A131C120400D500231BB298
S113AC108B4201DDFFF78EFB0B2D01D8FFF78AFB7A
S113AC20FF2222AC2CAB2297200025711A70F7F773
S113AC3083FC0700002801D0FFF77CFB23891193D4
S113AC40249B049340F23823049AF250207B0F2370
S113AC5002001A40184204D03A3310A95B18DB7F73
S113AC6083B92CAB1B78002B47D0002A01D0FFF707
S113AC7061FB492310AA9B18DB7F5A1E93410233C0
S113AC80059300E00597079B049A93423FD040F256
S113AC908C23F35800211D001F0054355137242202
S113ACA04A43AC58A446049C644528D1BC5C34B3E4
S113ACB09A18110052310978926EE03307911568A1
S113ACC01A780323022A00D0023340F23122B3540B
S113ACD0059B032B01D0FFF72DFB6023184201D005
S113ACE0FFF728FB079B042B68D8180001F060FAD3
S113ACF0AD03AA034D00A703B0030123C0E701314C
S113AD000429CCD140F221230B22FFF716FB0423A4
S113AD1000250793013B039322ABDC8900230398AE
S113AD2014A91493FDF7F6F8002842D1149D6B1C66
S113AD3004D0ABB2E31A002B2ADDEC1800230398ED
S113AD4014A91493FDF7E6F8E8BB149BA34201D3BE
S113AD50013338D122A8F7F7EFFB002298BB494909
S113AD6093005B1819780798814229D15A789B7807
S113AD700C920F930499249A22AB914225D00B2371
S113AD8040F22122B354FFF7D9FA01270623C2E780
S113AD9043B9093340F22122B35440F23423F5502D
S113ADA0FFF7CCFA80232D0C2D042C195B02E41838
S113ADB0C4E701230728EDD10833EBE70123E9E7D2
S113ADC00132052ACBD10C23DAE7229A07921A79A9
S113ADD0DB6A043A0E926A461093128F079B0B9219
S113ADE0002BF0D0130040F200129342EBD814ADC4
S113ADF000212800F03AF7F7A5FC4923149340F208
S113AE000013AB80119B0E9AEB80049BEA731B0C1E
S113AE102B72049B6C811B0E6B72230C2B73230E01
S113AE206B730023AB73139313AB009328000F9B36
S113AE300B9A0799F7F78EFC0028C4D1139B109A3C
S113AE409A42C0D1492310AA9B18DB7F0BB9073360
S113AE500C932CAB197801230C9A00932B98049B28
S113AE600194F8F719F9002876D10398064B0438B1
S113AE701B6803280AD801F087F967696B6DC0461F
S113AE80D4D700000F400020A05300201C610022F2
S113AE9040F2212340F22520F2540133F75422AB2F
S113AEA01B7BD906C90F315440F22821725004315A
S113AEB072549B0608317450DB0F023973541731F6
S113AEC072540331735440F23123F15C012903D8E5
S113AED05B33F358E4331A60604C012F40D140F2E5
S113AEE020230222E25440F24823E25C22AB1B7B83
S113AEF0012905D8012A01D19B0601D5FEF774F872
S113AF0040F23123059AE35C22AD022A7ED0032A63
S113AF1008D0297B0907090F012A51D0069A26A8CF
S113AF20FDF714F9492310AA9B18DA7F40F2232372
S113AF30E2546A6A0533E2502CAB1A7840F22C23AF
S113AF40E2540122013345E05C61A0E79C619EE785
S113AF50DC619CE71C629AE7022800D10FE732E724
S113AF6040F28C23E2581F23099840F28F1598432E
S113AF70030040F22020A02B1ED19F3B5355B23337
S113AF80FF33D35C1BB92D9DB933FF33D550012357
S113AF9023549942A7D940F2402341F64072E01865
S113AFA000230260436040F29823E0182C4B1A6897
S113AFB05B680260436096E700235355235492E78D
S113AFC0069A26A8FDF7C2F8492310AA9B18DA7F2F
S113AFD040F22323E254492310AA9B18DA7FE02A83
S113AFE00DD140F28C23E158CF3BCB5C3BB940F20E
S113AFF0232162544932FF32A3500432A35240F257
S113B00089220223A15C0B43A35419E52CAA1178CD
S113B010686A069AD6E740F221230122F254FBF72C
S113B02049FB0DE540F24C23F35C002B00D113E502
S113B030FBF720FB40F23123F35C022B00D111E536
S113B0400AE51D78002D00D110E2834202D10B00E5
S113B050FFF73AFA0433FFF737FAC046D05300201B
S113B060A85300202800F6F775FC002801D0FFF74C
S113B0702FFAE30727D540F24823F35C002B00D0D6
S113B080E6E040F28C23F35840F20C211A00FF3220
S113B090715C527A91420BD2A40700D4F2E0E033FF
S113B0A01B782BB140F23123F35C002B00D0E9E094
S113B0B0A34C2000FAF726F82022783CA36C934393
S113B0C0A364FEF713FC330040F28921FC339B6C2C
S113B0D0725C1BB1012B2CD153072AD50520735C5C
S113B0E0D4B283437354012340F28A2173541A4225
S113B0F005D03300FC33DB6C92481B689847640727
S113B10011D50025904CE3681B7D0493049BAB424E
S113B11000D0D0E0E3681B7D2BB140F289220423E8
S113B120B15C0B43B35440F289222021B35C8B43BE
S113B130B3543300FC339B6C23B9844B1C68002C40
S113B14000D0E4E040F2A02440F28A2301223059E6
S113B150F25440B13300FC331B6D13B19B6803B14F
S113B16098470023335140F289241025335D2B4244
S113B1700AD0052322A803803300FC33DB6CDB6890
S113B1809847335DAB43335540F289220221B35CC7
S113B1900B4207D08B43B3543300FC33DB6C6C4855
S113B1A05B6898473300FC339B6C012B07D040F25B
S113B1B08823F35C023B012B01D8F6F7C3FAF6F7B8
S113B1C06DFC002801D1FEF792FE72B6BFF34F8FDB
S113B1D0BFF36F8F40F28C23F358E0331B78022BBC
S113B1E02FD05C4B1B7863BB3B6853BB5A4B1B682B
S113B1F0DB0500D4B6E072B6BFF34F8FBFF36F8F99
S113B200F6F74CFCC0B10120F6F716FC1025022617
S113B210524C276862B6BFF34F8FBFF36F8F23681A
S113B2209F427CD072B6BFF34F8FBFF36F8F2368FA
S113B2302B427AD00023236062B6BFF34F8FBFF353
S113B2406F8F62B6BFF34F8FBFF36F8FFEF74FFE62
S113B250012B17D140F20F23F35C002B00D132E70E
S113B26040F20E2340F20D22F35CB25C9A4216D9EE
S113B270A40703D540F24C22B25CC2B940F20E22BC
S113B2800133B35440F289222021B35C8B43B3547D
S113B29040F20F230022F254FBF790FF13E740F231
S113B2A04C21725C1AB940F210207254325440F2AC
S113B2B04D22B354FCE640F2602140F26120636801
S113B2C01A7872545978315498780390D0B123681D
S113B2D023489B689847E268137D4BB1013B137583
S113B2E0130060681033011D984200D111006160A1
S113B2F0039B23B90D9A0A990298FDF737FE01358D
S113B300EDB203E7DB780A910D930292E3E720792B
S113B310F6F7DEFA002800D0A1E024680FE7F6F77C
S113B320BDFB002800D07AE77CE72368334200D0D5
S113B33080E7F6F7B3FB002800D069E77AE7C04658
S113B34044550020185600209053002084520020B9
S113B350F0550020B85D0020145C00207C520020D1
S113B3603056002072B6BFF34F8FBFF36F8FF6F7DE
S113B37095FB002800D15FE70120F6F75DFB01256E
S113B38040F660062800FCF787FD3D4B5A681178AB
S113B390022905D0002303290DD12832127852B98D
S113B3A0384B1A6800235202D10F9A4203DB364A03
S113B3B0137B1173DBB2354A925BBFF34F8F30BFFF
S113B3C02F4A52681178022904D0032908D128325F
S113B3D012782AB92B4A1268520201D42A4A1373EA
S113B3E02800FCF733FD62B6BFF34F8FBFF36F8FB6
S113B3F072B6BFF34F8FBFF36F8F254C2368DB0604
S113B40000D517E723689B0700D513E7F6F746FB3B
S113B4100028B7D10EE7002C01D1FFF7D0FA0020A5
S113B420F6F798FA002801D1FFF70AFB002108205B
S113B430032C01D1FFF702FB0720FFF7FFFA0127D6
S113B440072368E40523079F65E40127042362E4D6
S113B450059B012703935FE400231B81FFDE40F279
S113B46089221023B15C0B43B3546BE65B78002B49
S113B47001D0FFF72DF840F20C22B354FFF728F85F
S113B4802C5F0020FC6F04400054004000E00140A9
S113B4907C5200207FB5140006000D00102200210C
S113B4A0684600F0F9F97F2C02D10320022D0AD05E
S113B4B06B462A0010213000F7F732FA18B96946B2
S113B4C02000F7F75DFA04B070BD000010B507491D
S113B4D00748F8F73DFD08B10E2802D10448FCF7EF
S113B4E055FD0348F8F7E6F810BDC04694D60000B1
S113B4F0484E002010B506490648F8F729FD10B952
S113B5000448FCF743FD0348F8F7D4F810BDC046DF
S113B51000D70000F8500020002310B50400036099
S113B5204360836081814366C281036143618361B7
S113B530190008225C3000F0AFF90B4B24626362FF
S113B5400A4BA3620A4BE3620A4B23630A4B9C42F5
S113B55005D00A4B9C4202D0094B9C4203D12000E7
S113B560583000F0EDF910BD01B8000029B8000012
S113B57061B800008DB80000CC6100203462002066
S113B5809C62002010B5034A0349044800F06AF89D
S113B59010BDC0462440002055BC000034400020AB
S113B5A041680B4B10B50400994201D000F052FBE6
S113B5B0A168084B994202D0200000F04BFBE168DF
S113B5C0054B994202D0200000F044FB10BDC04658
S113B5D0CC610020346200209C62002010B5094B2D
S113B5E0094A04211A6009480022FFF795FF012245
S113B5F009210748FFF790FF022212210548FFF7AF
S113B6008BFF10BD0463002085B50000CC610020D1
S113B610346200209C62002010B5024800F091F9C9
S113B62010BDC0460D63002010B5024800F08AF931
S113B63010BDC0460D63002010B50400FFF7ECFFF9
S113B640236A13B1FFF7F0FF10BD044B2362044BD0
S113B6501B68002BF6D1FFF7C1FFF3E7A1B500008B
S113B66004630020F7B51400002600900191A5683A
S113B6706768013F04D52468002CF8D13000FEBD72
S113B680AB89012B08D90E22AB5E013304D029000B
S113B6900098019B984706436835EAE7F0B51D001A
S113B6A0554B85B01E6804000F00009226B1336A22
S113B6B013B93000FFF7C0FF009B022B05D0012B0C
S113B6C000D996E0002D00DA93E0636EDB0705D421
S113B6D0A3899B0502D4A06D00F033F9210030004A
S113B6E000F0B8FA616B41B123004433994202D0AF
S113B6F0300000F029F9002363630023A361636031
S113B700A3891B0603D53000216900F01DF9A38924
S113B7103A4A1340A381009B022B60D003AB210063
S113B720300002AA00F0BEFAA3890343A3812DBB13
S113B730029D280000F050F901950700002848D127
S113B740029B0193AB423ED101256D420C22A35EC4
S113B75002221A43A2810022A26022004732226000
S113B76022610122616E6261114204D19B0502D4FF
S113B770A06D00F0E7F8280005B0F0BD002FD8D088
S113B780336A13B93000FFF757FF009B012B03D135
S113B790A389009A1A43A2810C22A35E08221900ED
S113B7A0276027616561114013421CD0DA0718D560
S113B7B000226D42A260A561626ED20701D49B058E
S113B7C013D50025D7E7019800F006F907000028F3
S113B7D0BAD08023A289019D1343A381D0E7002519
S113B7E0B4E7A560E8E7A160E6E7A06D00F0AAF879
S113B7F0E7E701256D42BEE7304000205CF3FFFF20
S113B80070B50C000E25495F00F070F8002803DBCA
S113B810636D1B18636570BDA389024A1340A3813D
S113B820F9E7C046FFEFFFFFF8B51F008B8905005D
S113B8300C001600DB0505D50E23C95E0022022389
S113B84000F042F8A389054A28001340A38132007E
S113B8500E23E15E3B0000F05BF8F8BDFFEFFFFF55
S113B86070B50C000E25495F00F02EF8A389421C28
S113B87003D1054A1340A38170BD41F20002134372
S113B880A3816065F8E7C046FFEFFFFF10B50E2304
S113B890C95E00F009F810BD03008218934200D17C
S113B8A0704719700133F9E7002370B5054D0400A2
S113B8B008002B6000F0F6FB431C02D12B6803B197
S113B8C0236070BD0863002070B5040008001100F7
S113B8D01A000023044D2B6000F0D3FB431C02D15B
S113B8E02B6803B1236070BD0863002070B50400A9
S113B8F0080011001A000023044D2B60F6F772F8BB
S113B900431C02D12B6803B1236070BD086300207F
S113B91070B50400080011001A000023044D2B60C8
S113B920F6F755F8431C02D12B6803B1236070BDB0
S113B93008630020014B18687047C046304000205F
S113B940704770477047000070B505000C0079B16E
S113B950043C2368002B00DAE418280000F0E8F81F
S113B9601C4A13682BB963601460280000F0E8F8DF
S113B97070BDA34208D9206821188B42F3D11968FD
S113B9805B6809182160EEE71A005B680BB1A342FB
S113B990FAD911685018A0420BD120680918501820
S113B9A011608342E1D118685B68411811605360EB
S113B9B0DBE7A04202D90C232B60D6E720682118CC
S113B9C08B4203D119685B68091821606360546075
S113B9D0CBE7C0461463002010B5034B0100186880
S113B9E000F026F810BDC0463040002070B50F4E60
S113B9F00D003168040011B900F0DEF9306029004F
S113BA00200000F0D9F9431C03D101256D42280020
S113BA1070BD0323C51C9D43A842F8D0291A2000F9
S113BA2000F0CAF90130F2D1EFE7C04610630020FC
S113BA30F7B50322CB1C9343083305001F000C2BDE
S113BA4034D20C27B94233D8384E280000F070F8AD
S113BA5033681C00002C2FD139002800FFF7C6FFE3
S113BA600400431C5FD134680094009B002B4AD12E
S113BA70002C52D023682800E3180099019300F0A9
S113BA809BF9019B834248D123682800FF1A39009F
S113BA90FFF7ACFF013040D02368DB192360336823
S113BAA05A68002A33D1009B336019E0002BC9DAAD
S113BAB00C232B600020FEBD2168C91B20D40B2958
S113BAC00AD9E2192760A34204D132606368116085
S113BAD0536005E05A60F9E76268A3420ED1326010
S113BAE0280000F02DF8200007220B30231D90437E
S113BAF0C21A9842DFD01B1AA350DCE75A60EFE762
S113BB0023006468A6E7009C63680093ADE71A000D
S113BB105B68A342FBD10023DAE70C2328002B60E7
S113BB2000F00EF8C6E70760DAE7C04614630020A9
S113BB3010B50248FFF705FF10BDC0460C63002096
S113BB4010B50248FFF7FEFE10BDC0460C6300208E
S113BB50F7B50C228B5E05000C001A0753D44A6813
S113BB60002A02DC0A6C002A4BDDE76A002F48D069
S113BB70002241F200002E682A601A00216A024065
S113BB80034230D0626DA3895B0705D56368D21A7E
S113BB90636B0BB1236CD21A00232800E76A216A75
S113BBA0B847A289431C06D129681D2944D8284BCB
S113BBB0CB40DB0740D50023636023692360D204B4
S113BBC004D5431C01D12B6803B96065616B2E60F9
S113BBD0B9B123004433994202D02800FFF7B4FEE0
S113BBE0002363630DE001232800B8470200431CCF
S113BBF0C9D12B68002BC6D01D2B01D0162B1AD10E
S113BC002E6000201EE00E69002EFAD00F680E6030
S113BC10BA1B019200229B0700D14A69A260019BD2
S113BC20002BEEDDA36A32001F002800019B216A6D
S113BC30B847002807DCA2894023012013431BB224
S113BC40A3814042FEBD019B36181B1A0193E6E70F
S113BC50010040200B6970B505000C0013B90025E4
S113BC60280070BD18B1036A0BB9FFF7E5FC0C227C
S113BC70A35E002BF3D0626ED20704D49B0502D4DA
S113BC80A06DFFF75EFE28002100FFF761FF636EE1
S113BC900500DB07E4D4A3899B05E1D4A06DFFF77D
S113BCA051FEDDE770B50E001D000E23C95E1400C1
S113BCB096B000290CDAB2898023110019401A4287
S113BCC014D140F2004300202960236016B070BDF7
S113BCD06A4600F04FF80028EDDB4FF200030199AB
S113BCE01940044BC9184B425941EAE7002140234B
S113BCF0E9E7C04600E0FFFFF0B502268B890500A6
S113BD000C0085B0334207D02300473323602361FE
S113BD100123636105B0F0BD03AB02AAFFF7C2FFC4
S113BD20029F019039002800FFF782FE40B90C22DF
S113BD30A35E9A05EED4032293431E43A681E3E750
S113BD408023A28920601343A381039B2061676140
S113BD505BB128000E23E15E00F01EF828B1032336
S113BD60A2899A43023B1343A381A389019A1343F3
S113BD70A381CFE7002370B5064D0400080011002D
S113BD802B6000F0D7F9431C02D12B6803B1236068
S113BD9070BDC04608630020002370B5054D040043
S113BDA008002B6000F0D3F9431C02D12B6803B1C7
S113BDB0236070BD08630020002370B5054D0400A6
S113BDC008002B60FCF78AF8431C02D12B6803B1EE
S113BDD0236070BD0863002010B5034B0100186890
S113BDE0826800F01DF810BD3040002030B5050019
S113BDF010005AB10024013A2B5D085D834204D13E
S113BE00944202D00134002BF6D1181A30BD00231D
S113BE1010B59A4200D110BDCC5CC4540133F8E78C
S113BE2070B506000D00140018B1036A0BB9FFF7D2
S113BE3003FC636EDB0705D4A3899B0502D4A06DC4
S113BE40FFF77FFDA368013BA360002B05DAA2691D
S113BE50934212DBEBB20A2B0FD023685A1C2260E8
S113BE601D70EDB2636EDB0705D4A3899B0502D474
S113BE70A06DFFF767FD280070BD29002200300087
S113BE8000F002F80500EDE7F8B506000D00140017
S113BE9018B1036A0BB9FFF7CFFBA369A360A389A9
S113BEA01B0701D5236943B92100300000F02AF8AB
S113BEB018B101256D422800F8BD23692068EFB24E
S113BEC0C01A6369EDB2834205DC21003000FFF73C
S113BED0C1FE0028EDD1A3680130013BA3602368B3
S113BEE05A1C22601F706369834204D0A389DB0754
S113BEF0E1D50A2DDFD121003000FFF7ABFE002889
S113BF00D9D0D6E72A4B70B5050018680C0018B1D3
S113BF10036A0BB9FFF790FB0C22A35E1A0722D425
S113BF20DA0607D409222A60402201201343A381A0
S113BF30404237E05B0712D5616B41B123004433C3
S113BF40994202D02800FFF7FFFC002363632422F8
S113BF50A3899343A3810023636023692360082397
S113BF60A2891343A38123695BB940F2802140F283
S113BF700022A3890B40934203D021002800FFF73D
S113BF80BBFE0C22A35E01211A000A400B420AD018
S113BF900022A26062695242A261226900200AB9A9
S113BFA01A06C1D470BD990700D46269A260F4E78F
S113BFB030400020094B10B50400186818B1036A1A
S113BFC00BB9FFF739FB0020132C06D8044BE4000F
S113BFD0E358013301D0024BE01810BD304000207B
S113BFE018630020F8B50400FFF7A4FC132605002D
S113BFF00027301C391CABBE061C2E602000F8BD87
S113C00010B5431C01D1FFF7EDFF10BDF7B50C00CF
S113C0101600FFF7CFFF050038B9FFF78BFC0923A3
S113C0200360012464422000FEBD022E03D9FFF701
S113C03081FC1623F4E7012E12D14368E418F6D4E8
S113C0406F462B680A2600937C60301C391CABBEFB
S113C050061C3000FFF7D4FF0028E2DB6C60E2E747
S113C0600368022EECD16F4600930A36301C391C4B
S113C070ABBE061C3000FFF7C3FF24180130DFD12C
S113C080CFE710B5FFF7C2FF10BD37B5022401900A
S113C09001AD201C291CABBE041C2000FFF7B0FF1F
S113C0A03EBD000070B50500FFF784FF040030B901
S113C0B0FFF740FC092303600120404270BD013DAD
S113C0C0012D09D8094B9A681B699A4204D10123AE
S113C0D05B4203600020F1E72068FFF7D6FF0028E9
S113C0E0ECD101235B422360E8E7C04618630020DB
S113C0F070B50C00FFF75EFF050030B9FFF71AFCBE
S113C100092303600120404270BD42F200036268CB
S113C1100C261343636040F20043A364301C291CC3
S113C120ABBE051C2800FFF76BFF431CEAD020615F
S113C1300020E9E770B50C0005005822002120001A
S113C140FFF7AAFB28002100FFF7D2FF70BD70B5EE
S113C150FFF730FF0924050020B9FFF7EBFB04606B
S113C160002070BD201C291CABBE041C2000012C27
S113C170F7D0FFF7DFFB132504000026281C311C31
S113C180ABBE051C2560EBE702B4714649084900C3
S113C190095C49008E4402BC7047C04603B4714632
S113C1A0490840004900095E49008E4403BC7047B9
S113C1B003B47146490840004900095A49008E44B5
S113C1C003BC7047844608006146FFE71FB500F0D2
S113C1D0CBFA002801D40021C8421FBD10B500F0DD
S113C1E059FA4042013010BD10B500F0BDFA0028E4
S113C1F001DB002010BD012010BDC04610B500F0C9
S113C200B3FA002801DD002010BD012010BDC04696
S113C21010B500F067FA002801DC002010BD0120F1
S113C22010BDC04610B500F05DFA002801DA002008
S113C23010BD012010BDC046002B11D1002A0FD122
S113C240002900D1002802D00021C943080007B406
S113C250024802A14018029003BDC046650A0000CE
S113C26003B4684601B5029800F04CF8019B9E4661
S113C27002B00CBC7047C046F0B54FF6FF75040021
S113C280CE462C40474615400E002900994680B5FD
S113C290130C0700000C61434543584363430C0CE3
S113C2A05B19E4188C46A54203D980235B029846A7
S113C2B04044230C61461B184FF6FF700840494662
S113C2C056437943240489192018C918C0BCB946B7
S113C2D0B046F0BD9E2110B5C905041CFFF7A2FFAE
S113C2E018B9201C00F044FC10BD9E21201CC90577
S113C2F000F07AFA00F03CFC80231B069C46604464
S113C300F2E7C046F8B557464546DE464E460C00B1
S113C310E0B5924605009B46170081468846002BEF
S113C32052D1100000F0CEFC0500A74200D871E005
S113C33060B1202349461B1A2200D94082400B00D9
S113C340134398464B468340874099463C0CB8FBC0
S113C350F4F24FF6FF7013003840434321009C462B
S113C36043465143591A4B4609041B0C0B439C4545
S113C37009D9DB19511E9F4200D967E19C4500D8B9
S113C38064E1023ADB1961465B1AB3FBF4F14C43F6
S113C3904E461B1B4FF6FF7448431B0434401C439A
S113C3A0A04200D9FCE0241A1004084300210A9B8F
S113C3B023B1EC401C6000230A9A5360F0BCBB46D6
S113C3C0B246A946A046F8BD8B4207D90A9B13B1D1
S113C3D00A9B1860596000210020EFE7180000F064
S113C3E071FC0100002855D1A34502D3AA4500D908
S113C3F04AE15346EB1A5A469D42AD41A41A6D4296
S113C400621B904601200A9A002AD7D01360434643
S113C4105360D3E7002800D0CBE04FF6FF703B0C0D
S113C42098460121E41B3840B4FBF8F302005A4358
S113C430944642465A43A41A4A462404120C224300
S113C440944507D9D2195C1E974202D8944500D965
S113C4501DE123006446121BB2FBF8FC64466646E9
S113C4606043444674434E46121B4FF6FF74120455
S113C47034401443A04208D96246E419013AA74261
S113C48002D8A04200D9F9E09446241A180463465D
S113C49018438CE720275B4652463F1A8340FA40F4
S113C4A01A435346944683402A009A46FA4023008E
S113C4B084402243854091466246FB40A846150CC1
S113C4C0B3FBF5F04FF6FF74144002006243934649
S113C4D02A0042439A1A4B4612041B0C13439B45F1
S113C4E009D96344421E9C4500D9C5E09B4500D848
S113C4F0C2E0023863445A469B1AB3FBF5F2554333
S113C5004E465D1B4FF6FF7354432D0433402B43BB
S113C5109C4209D96344551E9C4500D9A8E09C421D
S113C52000D8A5E0023A6344000410434FF6FF72BA
S113C5301B1B14000440A34654465E462240564347
S113C540B1465E46050C240C6A43654374434E466B
S113C550360CB346A4185C44A24203D9802252028A
S113C56093465D44220C4E4652194FF6FF7524043F
S113C5703540641993426FD36CD00A9D75B145461A
S113C5802C1BA045AD419B1A6D425B1B1A00CC408D
S113C590BA40CB400A9922430A604B6000210DE760
S113C5A0E4194B1EA74253D8A04251D90239E419C9
S113C5B0F9E620224946121A2300D140D3400A004A
S113C5C04946874081408946390C84408846B3FBFC
S113C5D0F1F14FF6FF7022430C0038404443A44667
S113C5E044464C431C1B2404130C23439C4507D989
S113C5F0DB194C1E9F423DD89C453BD90239DB19BF
S113C60064461B1BB3FBF8FC9B46464663465E43ED
S113C6104FF6FF7A33005E466446F31A56464443A7
S113C6201B04164033439C420BD96246DB19013A82
S113C6309F421BD89C4219D9022252429246DB19CE
S113C640D4441C1B634609041943EDE60A009AE628
S113C6501900A8E6A04590D25546651BAC42A441FA
S113C66064426444121B01382C0086E79446E8E7D0
S113C6702A0059E72100C3E710003CE70222524296
S113C6809046E419C44400E700202B00BBE6023BBB
S113C690D219DFE670B542004E024C0045026D0A25
S113C6A0120EC30F760A240EC90FFF2A0FD0FF2CD7
S113C6B00BD00120A24209D1B54207D18B420FD041
S113C6C022B92800431E984100E0012070BD0120DA
S113C6D0FF2CFBD13543002DF8D14B401800F5E772
S113C6E00020F3E730B5420044024D02C30F480076
S113C6F0640A120E6D0A000EC90FFF2A12D0FF2819
S113C70007D0B2B938B90DB3002C2AD1480001388A
S113C71030BD1DBB0AB9002CF8D08B4205D158009E
S113C7200138F5E7D4B9FF2813D001205B42184340
S113C730EEE70028F9D08B42F7D18242F5DCEEDB3C
S113C740AC42F2D80020AC42E2D2E8E7002CDFD0C1
S113C750EBE71DB98B42E8D10020D9E70220404223
S113C760D6E78B42ECD0E0E730B5420044024D02FC
S113C770C30F4800640A120E6D0A000EC90FFF2A87
S113C78012D0FF2806D0AAB930B915B344BB48006B
S113C79001380EE065B90AB9002CF8D08B4215D0E7
S113C7A001205B42184304E014B9FF28F8D19DB17D
S113C7B0022030BD0028F3D08B42F1D18242EFDC5D
S113C7C004DBAC42ECD80020AC42F2D25800013871
S113C7D0EFE7002CEDD0E3E700208B42E9D0DFE760
S113C7E08B42EED0DCE7C046F0B546464F46D6460F
S113C7F043025B0AC0B59C461F00DE004B025A0A86
S113C800904645004A002D0EC40F120EC90F9B0915
S113C810FF2A25D001204140A81A8C420FD00028BD
S113C82000DC8AE192BB002B00D19CE0421E01286F
S113C83000D14FE1FF2800D19BE010002CE000283C
S113C84000DC87E1002A00D182E0FF2D00D190E0D6
S113C8508022D20413431B2800DCEAE001363FE0C7
S113C8602800FF388246002B54D140F20109484683
S113C87041408C4200D1C4E05046002800D187E0FA
S113C8800C00002D4CD0FF2000273AE0FF2D00D1F2
S113C8906FE08022D204134301221B2807DC2021ED
S113C8A0091A1A008B40C240591E8B411A43B61A0A
S113C8B073016AD5B601B709380000F003FA0538E8
S113C8C08740854200DD7EE020223B00401B013092
S113C8D0121A3E009340C6405A1E934100251E433F
S113C8E0730704D00F233340042B00D004367301A4
S113C8F03AD5681CFE2DC6D09B4BC0B233409B0179
S113C9005F0AC0053843E4072043E0BCBA46B14699
S113C910A846F0BD8C4264D0D0B3002D00D0A3E073
S113C920FF20F6B1471E012800D1E1E00C00FF28EA
S113C93000D1CDE001211B2F07DC2020C01B3100DA
S113C9408640F940701E8641314315005E1AAFE7F8
S113C9504BB1421E012800D1A0E0FF2809D01000ED
S113C96079E70C001E000500F3089C46FF2D00D05B
S113C9709BE06346002B00D185E780276346FF03D5
S113C9801F437F02FF207F0ABBE77307AAD1EBE7AF
S113C990FE206A1C10421AD1002D77D1002E00D13E
S113C9A0AAE00020002BACD08022F71AD204174250
S113C9B000D1BBE001249B1B0C4013429FD06A4A68
S113C9C0013013409BE7684E2D1A3E4088E7F71A62
S113C9D07A0157D4002F00D06EE7002400200027EE
S113C9E08FE780B1002D73D1FF20002EBAD0411EF5
S113C9F0012853D0FF286BD01B296EDD15005E1C67
S113CA006EE7514659BBFE216A1C114233D1002DF9
S113CA1050D1002E00D186E00020002B00D170E719
S113CA20F318DF087F027F0A5B0100D469E7012065
S113CA3067E72021091A1A008B40C240591E8B4116
S113CA401343F6187301A0D50135FF2D00D11AE761
S113CA500123464A3340760816401E4340E7002D22
S113CA6000D010E7FF20C0E70C00C44681E7FE2198
S113CA706A1C0A42CDD0FF2A00D104E7F61815003B
S113CA8076082DE701249F1B0C4015E7E6BB002B1D
S113CA9045D180270024FF20FF0332E7F618022542
S113CAA07301D5D4F3089C46012563465F027F0ACF
S113CAB0E8B226E766B1002B00D15EE78023DB03F2
S113CAC09C4500D259E7984500D356E7C44654E73D
S113CAD0C4464EE70125F61AEAE630002025C84090
S113CAE0691A8E40711E8E4106431500F618A9E797
S113CAF00C0001259E1BDBE6002B00D16DE7012411
S113CB00474600200C40FCE6002B00D135E780238B
S113CB10DB039C4500D230E7984500D32DE7012480
S113CB20C4460C4029E747460020EAE617B1BF0196
S113CB307F0AE6E600240027E3E6002800D127E781
S113CB40571B3800002D00D1EBE68020C0040C00F8
S113CB500643EFE600288AD0511B0DB9080044E7CC
S113CB608020C004064347E7FFFFFFFBFFFFFF7D74
S113CB7041024200C30F490A0020120E7E2A03DD3F
S113CB809D2A02DD094A9818704780200004014359
S113CB90952A07DC9620821AD1404842002BF3D113
S113CBA00800F1E7963A9140F7E7C046FFFFFF7FA0
S113CBB070B598B1C317C5185D40C40F280000F0C4
S113CBC081F89E2301001B1A962B0FDC082831D014
S113CBD008398D406D026D0AD8B202E000240020AD
S113CBE00025C0052843E407204370BD992B15DCBC
S113CBF0421F95402A00150010480540560709D0E9
S113CC000F263240042A05D004356A0102D59F2339
S113CC1005405B1AAD016D0AD8B2E2E70522121A8B
S113CC202800D0400A001B3295402A00551EAA4114
S113CC300243E0E76D0296206D0AD2E7FFFFFFFB97
S113CC4070B5040070B100F03DF803009E20C01AD6
S113CC5096280CDC082B2DD0083B9C406402640A07
S113CC60C0B201E000200024C005204370BD992813
S113CC7014DC5A1F9440220010490A40650709D069
S113CC800F252C40042C05D00432540102D59F20DA
S113CC900A40C01A9201540AC0B2E5E71A00210002
S113CCA01B3291400A00511E8A410521C91ACC4009
S113CCB01443E0E764029620640AD5E7FFFFFFFB14
S113CCC07047C0461C2101231B04984201D3000C69
S113CCD010391B0A984201D3000A08391B099842EB
S113CCE001D30009043902A2105C40187047C04601
S113CCF00403020201010101000000000000000021
S113CD000D0A002000554E4B4E4F574E5F53544171
S113CD1054555300303A554E434F4E4649524D45B3
S113CD20445F4441544100313A434F4E4649524DC9
S113CD3045445F4441544100313A4F54414100302D
S113CD403A434C4153535F4100313A434C415353AE
S113CD505F4200323A434C4153535F4300313A55EA
S113CD605339313500313A4144525F454E41424CCA
S113CD70454400303A4144525F44495341424C4592
S113CD804400303A525353495F44495341424C455D
S113CD904400313A525353495F454E41424C454455
S113CDA000313A444359434C455F454E41424C455A
S113CDB04400303A444359434C455F44495341424B
S113CDC04C454400554E4B4F4E574E5F4556454ECD
S113CDD0545F494E464F5F535441545553004143A9
S113CDE04B5F5245434549564544004E4F5F4143CE
S113CDF04B00204C6F52612053616D706C65204173
S113CE007070205665722E002C002B52435644003D
S113CE102B52535349002B4A4F494E004A4F494E17
S113CE205F4143434550544544004A4F494E5F4E89
S113CE304F4E43455F4641494C4544004A4F494E95
S113CE405F4641494C4544002B4C494E4B43484BAB
S113CE50004E4F5F524553504F4E5345002B4445AF
S113CE605654494D45004C574656332E3130002A0E
S113CE7054583A002A52465057523A5374616E64D9
S113CE806279002A52465057523A57616B65757061
S113CE902066726F6D20436F6C64002A52465057AF
S113CEA0523A57616B6575702066726F6D205761D9
S113CEB0726D002A52465057523A5761726D536C44
S113CEC0656570002A52465057523A436F6C64535A
S113CED06C656570002A4343413A002A52583A006F
S113CEE05354415455535F4F4B0054585F54494D6C
S113CEF0454F5554005258315F54494D454F555490
S113CF00005258315F4552524F52005258325F45D9
S113CF1052524F52004A4F494E5F4641494C004AD3
S113CF204F494E5F4E4F4E43455F4641494C004486
S113CF304F574E4C494E4B5F524550454154454422
S113CF400054585F44525F5041594C4F41445F5321
S113CF50495A455F4552524F520041444452455349
S113CF60535F4641494C004D49435F4641494C009B
S113CF704D554C5449434153545F4641494C00423A
S113CF804541434F4E5F4C4F434B4544004245415E
S113CF90434F4E5F4C4F535400424541434F4E5F05
S113CFA04E4F545F464F554E44004255535900531B
S113CFB04552564943455F554E4B4E4F574E0046DA
S113CFC052455155454E43595F494E56414C49448B
S113CFD00044415441524154455F494E56414C49E5
S113CFE04400465245515F414E445F44525F494EAE
S113CFF056414C4944004E4F5F4E4554574F524B97
S113D0005F4A4F494E4544004C454E4754485F459E
S113D01052524F5200524547494F4E5F4E4F545F54
S113D020535550504F5254454400534B495050456A
S113D030445F4150505F4441544100445554594366
S113D04059434C455F524553545249435445440057
S113D0504E4F5F4348414E4E454C5F464F554E44FC
S113D060004E4F5F465245455F4348414E4E454C46
S113D0705F464F554E440043525950544F5F4552FA
S113D080524F520046434E545F48414E444C455221
S113D0905F4552524F52004D41435F434F4D4D4106
S113D0A0445F4552524F5200434F4E4649524D5FE2
S113D0B051554555455F4552524F52004D435F47C8
S113D0C0524F55505F554E444546494E4544004DD8
S113D0D041435F4552524F5200524144494F5F46CB
S113D0E041494C00524144494F5F504152414D45E2
S113D0F05445525F494E56414C494400417661695A
S113D1006C61626C6520726567696F6E2068617618
S113D1106520746F20626520736574207769746874
S113D120202B524547494F4E20636F6D6D616E64ED
S113D1302E00526164696F20647269766572206999
S113D1406E697469616C697A6174696F6E20697360
S113D150206661696C65642E00506172616D65744E
S113D16065727320666F72204D616320496E697425
S113D17069616C697A6174696F6E20617265206996
S113D1806E76616C69642E002B5258004C6F5261AC
S113D1907C5346004257004746534B7C004E4F2079
S113D1A0414E53574552002B5245534554002B567C
S113D1B04552002B53415645002B4C4F4144002B04
S113D1C0444556455549002B434C415353002B4489
S113D1D0455641444452002B4E45544944002B418A
S113D1E05050455549002B4150504B4559002B4157
S113D1F043544D4F4445002B53454E44002B4D544E
S113D200595045002B524547494F4E002B53454E2C
S113D21044484558002B414452002B525831444550
S113D2204C4159002B4452002B46504F5254002B72
S113D230444359434C45002B43484445464D4153D0
S113D2404B002B4445564E4F4E4345002B41505006
S113D2504E4F4E4345002B444F574E46434E5400C9
S113D2602B555046434E54002B47454E4150504B8E
S113D2704559002B444542554700EFF7F80000009C
S113D2800400000008000000000000000900000085
S113D290040000000A000000040000000B0000006D
S113D2A0000000000C000000000000000D00000061
S113D2B0050000000E000000040000000F00000044
S113D2C0000300000001000004030000010100004D
S113D2D00500000002010000050000000301000039
S113D2E00001000008010000050000000901000021
S113D2F0050000000A010000050000000C01000008
S113D30000400000000200000000000001020000D4
S113D31000000000060200000400000007020000F4
S113D3200040000008020000000400000C0200009D
S113D330040400000D020000000000000E020000C2
S113D340000000000F0200000001000000030000C4
S113D3500401000007040000000000000D090000A3
S113D360000000000E0900001D00000080D2000033
S113D3700000000000001040FF0310400001000006
S113D3800100000000000000FFFF00000008000092
S113D3900400000001000000873B000000000000C2
S113D3A0484E0020030B0000B44C002094D300002E
S113D3B0B8D30000A8D30000ED7D0000297C000054
S113D3C0897C0000197D0000D10E0000811100004D
S113D3D0A10E0000BD0E0000C10E0000C50E00002D
S113D3E0597B0000297E0000C90E0000CD0E00000C
S113D3F0ED0E0000F10E0000F50E0000F90E000025
S113D400FD0E000001000000873B0000000000004A
S113D410F8500020030B0000184D002004D4000035
S113D420B8D3000018D40000000000020600010276
S113D430000102DF020000000100000007000000FC
S113D44020A10700010000000800000020A107003F
S113D450010000000900000020A1070001000000F5
S113D4600A00000020A10700010000000B000000DA
S113D47020A10700010000000C00000020A107000B
S113D480010000000700000048E80100010000005E
S113D4900800000048E80100010000000900000045
S113D4A048E80100010000000A00000048E801000B
S113D4B0010000000B00000048E80100010000002A
S113D4C00C00000048E80100010000000700000013
S113D4D090D00300010000000700000048E80100AC
S113D4E0010000000800000048E8010001000000FD
S113D4F00900000048E80100010000000A000000E3
S113D50048E80100010000000B00000048E80100A9
S113D510010000000C00000048E8010000000000C9
S113D52050C30000A86100000100020008001000C0
S113D530200000000100000074D30000010000007E
S113D54084D30000637C777BF26B6FC53001672B5B
S113D550FED7AB76CA82C97DFA5947F0ADD4A2AFE3
S113D5609CA472C0B7FD9326363FF7CC34A5E5F1F1
S113D57071D8311504C723C31896059A071280E29F
S113D580EB27B27509832C1A1B6E5AA0523BD6B3F3
S113D59029E32F8453D100ED20FCB15B6ACBBE3963
S113D5A04A4C58CFD0EFAAFB434D338545F9027F4F
S113D5B0503C9FA851A3408F929D38F5BCB6DA2108
S113D5C010FFF3D2CD0C13EC5F974417C4A77E3D34
S113D5D0645D197360814FDC222A908846EEB8148A
S113D5E0DE5E0BDBE0323A0A4906245CC2D3AC624D
S113D5F09195E479E7C8376D8DD54EA96C56F4EA58
S113D600657AAE08BA78252E1CA6B4C6E8DD741F68
S113D6104BBD8B8A703EB5664803F60E613557B92B
S113D62086C11D9EE1F8981169D98E949B1E87E9E5
S113D630CE5528DF8CA1890DBFE6426841992D0F94
S113D640B054BB164C574656332E313008000100F7
S113D65000000000000000000000000000000000C6
S113D66000000000000000000000000000000000B6
S113D67000000000000000000000000000000001A5
S113D6800001010000010000000000000000000093
S113D6900000000000021040020000000002000030
S113D6A00000000010000000F44C0020750500008C
S113D6B000000000B4D30000E0CE000005CF00005D
S113D6C0EACE0000F5CE000051CE000001CF0000EC
S113D6D00BCF000015CF00001FCF00002FCF00009C
S113D6E041CF00005ACF000067CF000070CF000088
S113D6F07FCF00008DCF000099CF0000C4CD000083
S113D70000001040020000000002000000000000C1
S113D71010000000584D00206905000000000000C2
S113D72024D40000E0CE0000AACF0000AFCF000058
S113D730EAD00000BFCF0000D1CF0000E2CF00004C
S113D740F6CF000008D0000015D000002AD0000059
S113D7503BD0000050D0000061D0000077D0000022
S113D76084D0000097D00000A8D00000BCD00000F6
S113D770CFD00000D9D00000E4D0000005CD0000D7
S113D78000000000FFFF000008000000000000008F
S113D79002021D00000000000000000028D4000068
S113D7A0030000000000010003000000000000006E
S113D7B000022100000000000000000034D400003A
S113D7C00A0908080B0A09080C0B0A090D0C0B0AB4
S113D7D00D0D0C0B0B357DF2F20000003581F2F2D9
S113D7E0F2F2000048E8010048E8010048E80100BE
S113D7F048E8010020A1070000000000000000002C
S113D8000000000020A1070020A1070020A10700BC
S113D81020A1070020A1070020A1070000000000AC
S113D820000000000A090807080000000C0B0A09A0
S113D83008070000581B0000983A000018790000FF
S113D84030F2000048E8010090D0030020A1070056
S113D8500000000010270000204E000028A0000057
S113D86007000000D4D4000001000000C8D4000068
S113D8700600000080D400000600000038D4000038
S113D880090705030001020008060400841E0000C5
S113D890093D0000127A000024F4000048E8010069
S113D8A090D0030020A1070000000000B128000070
S113D8B061510000C3A20000040506030A02090125
S113D8C0080000000400000048E801000500000012
S113D8D090D0030006000000382007000300000079
S113D8E030F200000A00000028A00000020000003E
S113D8F01879000009000000204E0000010000001B
S113D900983A000008000000102700000000000002
S113D910581B000005000000020100030400000081
S113D920000000001F000000C01200001F000000E3
S113D930A816000017000000841C00000F0000005F
S113D940E42500001E000000B42D000016000000B5
S113D950083900000E0000002C4C00001D000000DF
S113D960685B000015000000747200000D000000E8
S113D970589800001C00000034B700001400000098
S113D980E8E400000C000000783101001B000000F6
S113D990686E01001300000034CA01000B0000008F
S113D9A0286202001A00000040DB0200120000009E
S113D9B03C9303000A000000C0C2040019000000E8
S113D9C060B30500110000003820070009000000C2
S113D9D020A1070000000000C194C1000000000065
S113D9E00000000000000000070400000401000023
S113D9F00D02000004040000010000000C4000209F
S113DA007D00FA00F401000000000000E7CE0000F1
S113DA100400000005CF000007000000AACF0000AA
S113DA20080000009DD100005600000081050000A0
S113DA3000000000000000004154002B3D1E0000C7
S113DA40000000000000000006000000A7D1000054
S113DA5000000000F51E00000000000004000000AB
S113DA60AED10000000000000000000025410000CD
S113DA7005000000B3D100002543000000000000B1
S113DA802543000005000000B9D10000C9250000AD
S113DA90092600000000000007000000BFD10000BC
S113DAA025330000FD1B00000000000006000000FC
S113DAB0C7D10000000000007D1B00000000000032
S113DAC008000000CED1000000000000A91B0000E7
S113DAD00000000006000000D7D10000312600003D
S113DAE0712600000000000007000000DED10000E5
S113DAF099260000D10A0000000000000700000081
S113DB00E6D1000089150000DD1B000000000000C4
S113DB1008000000EED10000D978000000000000E9
S113DB200000000005000000F7D100009D0B00007C
S113DB30511B00000000000006000000FDD10000A1
S113DB4015740000000000001574000005000000BA
S113DB5016CE0000511500003D1C0000000000001E
S113DB600700000004D200006979000000000000F2
S113DB7000000000080000000CD20000CD330000BB
S113DB805D1C0000000000000400000015D200002D
S113DB90D50A00008D1C00000000000005000000F4
S113DBA010CE0000392F0000C11F0000000000004B
S113DBB0090000001AD2000041340000E11F0000F7
S113DBC0000000000300000024D200000000000058
S113DBD000000000597A00000800000048CE000050
S113DBE0DD0B000001200000000000000600000022
S113DBF028D20000A92F0000B91C0000000000007A
S113DC00070000002FD20000000000000000000008
S113DC10097A0000080000005DCE0000B93400005D
S113DC20D9260000000000000A00000037D20000DE
S113DC30C5410000151D000000000000090000009F
S113DC4042D2000025420000451D000000000000F3
S113DC50090000004CD2000005300000771D0000D0
S113DC60000000000900000056D200004F30000000
S113DC70A31D0000000000000700000060D20000A7
S113DC80D91500001D0B0000000000000A00000070
S113DC9068D20000210B0000F11C0000000000000D
S113DCA00600000073D2000003000017000000010A
S113DCB00000000000000000000000000000000060
S113DCC08509000000000000E0D900000003000006
S113DCD0001B0012000000140000000000000000FF
S113DCE03114000000000000F8D90000000000001A
S113DCF00200000000000000040000000200000018
S113DD00000000000000000000000000000000000F
S113DD1000000000000000000001000000000000FE
S113DD2008E8014009E801400AE801400BE8014025
S113DD300CE8014006000000A461C435DC334F3711
S113DD40010000001E00000080EE3600000000000C
S113DD500000000000000000000000001027020086
S113DD6006000000103EC73570574C370100000014
S113DD701E00000080EE36000000000000000000DD
S113DD80000000000000000010270300080A0C0D2A
S113DD900E10121415181A1B1D1E21240000000059
S113DDA00000000100000002000000040000000860
S113DDB0000000100000002000000040000000806F
S113DDC00000001B0000003600000206362E322E32
S113DDD030004275696C7420776974682052656EEE
S113DDE06573617320416476616E63656420466C7B
S113DDF0657869626C6520536F667477617265201B
S113DE005061636B6167652076657273696F6E201C
S109DE10362E322E300014
S107DE18F8B5C0464F
S107DE1CF8B5C0464B
S107DE2041050000B4
S107DE2411050000E0
S10BDE28DCE4FF7F01000000AF
S90338497B
