S02500004C6F726157616E507269766174654C6F5261436F6D626F53616D706C652E73726563B0
S214000000A84C0020C5000000117601001178010000
S21400001011780100117801001178010011780100B3
S2140000200000000000000000000000001178010041
S2140000301178010000000000117801006509010038
S214000040D573010071610100F1610100D5730100F3
S214000050695E0100F55D0100D95E0100095F0100DF
S214000060A9610100B96A0100497001001D62010022
S21400007000000000B96A0100000000000000000057
S20C000080000000004917010012
S21400008801000000B8000000020000009800000010
S214000098004000200040002000001040000002033E
S2140000A800400020A4400020400400000000010397
S2140000B8C04C0020947000200000000310B500F02B
S2140000C82FF815F0E9F8FEE7F8B5060000240C2727
S2140000D8124D2B68A34204D80024AB68A3420ED85E
S2140000E8F8BD3A0062436B689B185A7AB24204D14C
S2140000F805CB0021121A18F029FB0134E8E7EB6853
S21400010822019B185A7BB24205D118685A6899682A
S214000118121A18F084FB0134DFE7C0468800000096
S21400012873B5344A344B00209A6015F0A1F817F0DE
S214000138DDF96B460024DE1D34700120337817F095
S21400014825FBEFF31081012585F310882B4B2C48EF
S2140001589A6802409A609A6881F3108829490A6862
S214000168D207D20F32700A68D207D20F32700A68E6
S214000178D207D20F3270EFF3108185F310888022F1
S2140001889868520502439A609B6881F31088280095
S21400019817F0D6FA280015F06BF841F200011A4B52
S2140001A81A4A9C801A801A4A20009A60194ADA600D
S2140001B8194A51849D80FFF787FF17F083F917F0D7
S2140001C8E3F9022015F054F82800FFF77DFF134DD9
S2140001D8134BED1AAD10AC4205DB17F09FFA002062
S2140001E817F014FB73BD0E4AA3009B181B689847AC
S2140001F80134F0E70000000000ED00E0FC6F04406A
S214000208FFFFFFEF00080440000D004000A5FFFFB9
S214000218A8440020A84C0020FE60004084B60100D8
S20800022880B6010096
S208000400FFFFFFFFF7
S208000404DFAFFFFF63
S214000440E84C0020204E0020FF0100000B000000BA
S2140004500000000000000000010000003820070037
S2140004603C9303000101008182800184858302871A
S2140004708886038A8B890408078D01000100000026
S214000480FFFF440003EB0000000000000300000034
S214000490A86E00205840002000000000A86E002033
S2140004A0106F0020786F00200000000000000000A1
S2140004B00000000000000000000000000000000037
S2140004C00000000000000000000000000000000027
S2140004D00000000000000000000000000000000017
S2080004E00000000013
S2140004E844F2A40044F2A403C2F20000C2F20003DD
S2140004F810B5834205D040F20003C0F2000303B1F2
S214000508984710BD44F2A40044F2A403C2F20000C7
S214000518C2F200031B1A9A10D90F8918491010B591
S21400052829B140F20003C0F2000303B1984710BD9A
S21400053810B544F6C044C2F20004237873B9FFF736
S214000548CFFF40F20003C0F200032BB140F2084090
S214000558C0F2000000E000BF0123237010BDC046B3
S21400056840F20003C0F2000310B54BB144F6C44194
S21400057840F20840C2F20001C0F2000000E000BFEE
S214000588FFF7C0FF10BDC046F7B505000E000E48C1
S2140005980E49019215F01AF9040060B90C4F3200A2
S2140005A838702900019B084815F043F8040010B974
S2140005B83B78002BFCD0044814F084FE04436342C6
S2140005C85C41E0B2FEBDC046386B0020F8B20100C0
S2140005D8DD4C0020F7B507000E001048104915003E
S2140005E815F0F4F8040078B96B4639000B4801AAF0
S2140005F814F057FE040038B9009BAB420CD32A000F
S2140006083000019918F00BF9044814F05BFE044317
S21400061863425C41E0B2FEBD0324F5E7386B002078
S214000628F8B2010010B50949094815F0CFF80400DA
S21400063820B90100064815F0B3F80400044814F081
S21400064841FE204343425841C0B210BDF8B20100F3
S214000658386B00200122014B1A707047DD4C0020D1
S214000668F7B505000E000E480E49019215F0AEF8D3
S214000678040060B90C4F320038702900019B084806
S21400068814F0D7FF040010B93B78002BFCD00448C0
S21400069814F018FE044363425C41E0B2FEBDC04657
S2140006A8386C002040B30100DC4C0020F7B507008A
S2140006B80E0010481049150015F088F8040078B99F
S2140006C86B4639000B4801AA14F0EBFD040038B954
S2140006D8009BAB420CD32A003000019918F09FF813
S2140006E8044814F0EFFD044363425C41E0B2FEBDEB
S2140006F80324F5E7386C002040B3010010B50A491A
S2140007080A4815F063F8040008B10E2804D1002141
S214000718064815F045F80400044814F0D3FD2043B5
S21400072843425841C0B210BD40B30100386C0020A7
S2140007380122014B1A707047DC4C00200022034B44
S2140007489A560AB901321A707047C046E44C00201F
S2140007580022014B1A707047E44C0020034B00201F
S2140007681A780AB1187001307047C046184D002034
S214000778024B1878431E9841C0B27047184D0020A7
S21400078810B5034B1B689B780BB117F0C9FE10BD5C
S2140007980040002070B52C4B04001B785BB283B178
S2140007A82A4800F0C3FA60B9284800F01BFB050089
S2140007B840B1082C05D1254800F0DFFA2000FFF7E5
S2140007C8DFFF70BD2300613B192B06D8203CE4B23E
S2140007D821001E4800F017FB30E00A2C06D00D2C2E
S2140007E81AD0082C23D0202CEBD0F1E7210017488C
S2140007F800F009FB2000164CFFF7C2FF2378002BF9
S214000808DFD0124800F0B9FA104800F0B6FA012214
S214000818104B25701A70D4E721000C4800F0F3FA44
S2140008282000FFF7ADFF0122094B1A70C9E70748F9
S21400083800F0CFFA28B9054800F09FFA2000FFF725
S2140008489FFF0022024BF0E7E44C00200C4D0020EE
S214000858DE4C0020184D00200320024B1B6818565B
S2140008687047C0460040002010B50A4C2368DB7865
S21400087813B1094811F00BF8142223689988074B1E
S2140008884A431B689B18186911F001F8044810F0D1
S214000898FEFF10BD0040002040900100E04C002004
S2140008A85D92010010B50E4B1B685C78082C16D0BC
S2140008B8DB7813B10B4810F0EAFF230034B10123AC
S2140008C8042C03D00333072C00D1023B064ADB0076
S2140008D89B18586810F0DBFF024810F0D8FF10BDD0
S2140008E800400020409001007C9C010010B50248A2
S2140008F810F0CDFF10BDC0464090010010B51C009A
S214000908094B1A6070B100290CDD0A00010007487F
S21400091800F001FA064A074BD4801A6000231360D9
S21400092800F0A6F810BDC046E04C00200C4D002094
S214000938E84C0020004000200022024B1B681A806A
S2140009487047C0460040002083B270B50400064DCC
S214000958012B04D8FFF7F0FF2B68DC7070BD40F25F
S21400096800422B681A80F9E70040002040F2014256
S214000978014B1B681A8070470040002070B5284855
S21400098800F0D4F920B10220264B1B68187070BD01
S214000998234800F016FAFFF7E9FF214800F019FA95
S2140009A8040058B91E4800F0CBF91F4BE3181B7813
S2140009B85BB283420FD10134042CF3D1FFF772FFE8
S2140009C8174800F002FA164800F0ACF90020154B5C
S2140009D81B681856DBE7E4B2124B022C04D0032C33
S2140009E819D1FFF7A9FFE9E72B2807D00C4800F034
S2140009F8E2F901000D4800F07CF9DFE71B680848BB
S214000A08DD880B4B1C6800F0D6F929000200200090
S214000A1800F0C0F8D2E700221B681A70CEE7C0467E
S214000A280C4D002000400020AC9C01009C9C01005E
S214000A38E04C0020014B1B681870704700400020EF
S214000A48014B1B681878704700400020014B1B6854
S214000A585870704700400020014B1B68988070470C
S214000A6800400020014B1B68988870470040002013
S214000A7810B5054B186800F0DEF91422034904483F
S214000A8800F052FA10BDC04604400020194D002060
S214000A98304D002010B5024B186800F0FEF910BD66
S214000AA804400020002370B50360013B0B80074B11
S214000AB8050018680C0000F0C9F930B143682B60CF
S214000AC80822835E238000F017FA70BD04400020D9
S214000AD810B5044B186800F0B9F900B910BD00F05D
S214000AE80BFAF6E704400020C0B20300303BDBB246
S214000AF8092B01D858B270470300413B052B02D892
S214000B08373840B2F7E701204042F4E7002310B533
S214000B18C2560AB918B210BD5C1C8A42FAD0230025
S214000B28F6E70000F7B500220400030001910092E2
S214000B3800269E578EB9009B9E420CDA200001992B
S214000B48FFF7E4FF124F051E13DC386800F0A5F91E
S214000B5808B1FFF7BDFF0020FEBD019A964202D0FD
S214000B6801229A561AB9009A013252B200920133FB
S214000B78DEE70023235400F099F901360581446026
S214000B8801000135386800F079F9641976B2D2E7C1
S214000B9804400020F0B5050085B00120160003913A
S214000BA8FFF748FF0420FFF751FF00230193019B3E
S214000BB8039A934201DB05B0F0BDAC89002C3DD00A
S214000BC822003100286917F0C9FD029038BB6B4631
S214000BD8002798883419FFF73FFFE7573D2F07D0BF
S214000BE83F2F31D0002F43D00220FFF723FF16E017
S214000BF80123E3569BB12C21601CFFF793FF0520C9
S214000C08FFF718FF2B6843B1300098470400029896
S214000C18FFF710FF2000FFF719FFFFF759FFFFF750
S214000C280FFF0028C7D0FFF70BFF0528C3D0FFF734
S214000C3807FF022802D10138FFF7FCFE019B143596
S214000C4801331BB20193B2E7647864B2002CE6D194
S214000C580520FFF7EFFE6B68002BE0D030009847C2
S214000C6807002000FFF7E6FE3800FFF7EFFED6E79E
S214000C780520FFF7DFFEAB68002BD0D03000984782
S214000C8804003800FFF7D6FE2000EEE7C3B21A00CD
S214000C98303A0120092A06D900200522413BDBB25A
S214000CA89A424041C0B2704770B505000E00002455
S214000CB82B5720B203B970BDB342FCD01800FFF71B
S214000CC8E5FF01340028F3D109204042F3E710B5C8
S214000CD80400FFF7E9FF012804D100202056FFF79B
S214000CE803FF10BD431C01DA40B2FAE70120404278
S214000CF8F7E710B504000023E3564BB100228A56E6
S214000D089A4206D1481C0021FFF7E1FF636898471E
S214000D1810BD0834EFE720B1002382800360C3804B
S214000D288160704708B10023036070470300002005
S214000D382BB106201856013843425841C0B27047B6
S214000D4870B50500C0B10023C45E0222835E002091
S214000D58A34211D02800FFF7E9FF04216B5E013497
S214000D6894FBF3F102004B43A968E31AC85CCC185D
S214000D781BB202B922702B8070BD70B50400C8B1D2
S214000D880223C55E0022835E0020AB4212D02000FC
S214000D98FFF7CCFF0300002063B9A268505D5355E7
S214000DA80222A35E0421625E013B93FBF2F14A43F2
S214000DB89B1A638070BD18B10022835E8068C018D5
S214000DC8704708B101238371704708B10023837107
S214000DD870470022835E0222805E181A43425841FA
S214000DE8C0B270470222835E0421425E013393FB41
S214000DF8F2F14A439B1A0022805E1BB2C01A434295
S214000E085841C0B2704770B504000D0090B1FFF7A6
S214000E18E9FF78B92000FFF789FF58B90222A35ED8
S214000E280421625E013393FBF2F14A439B1AA268DF
S214000E386380D55470BD002303607047006820B1F6
S214000E48030000680028FBD11800704703000068FC
S214000E5808B102681A60704703682BB18B4204D148
S214000E680B68036000230B6070471A001B68002B92
S214000E78FAD09942F9D10B681360F3E770B505000C
S214000E880C00FFF7E9FF002328002360FFF7D6FFD2
S214000E9808B92C6070BD0460FCE70368002003B93D
S214000EA8704701301B6800B2F9E70000F0B5104B38
S214000EB81B785BB21800B3B100200E4A0823D15E37
S214000EC8814210DD55680A23D65E2B0010685C1B2D
S214000ED824B2A64207DD0027DF575C1C27B9013974
S214000EE8118101221A70F0BD23000C30EFE7C046CE
S214000EF8304E0020244E002010B570B1094A0A234F
S214000F08D45E002311689C4207DD814206D1118910
S214000F180131118100215268D15410BD01331BB232
S214000F280C31F0E7244E0020002310B5074CE3569A
S214000F3853B9002A08DD38B131B1054B186059603D
S214000F481A815A810123237010BDC046304E0020F6
S214000F58244E002010B50FF059FE10BD37B506AC6C
S214000F682478079D009401950FF056FE37BD10B5FE
S214000F780FF05AFE10BD10B50FF06CFE10BD000045
S214000F8882B013B5C918059305AB9C88A21840F221
S214000F98E73493B212B2A24203DD054A01319B1828
S214000FA81AB20160828016BC08BC02B01847C04658
S214000FB818FCFFFF82B013B5C91A059305AB9B88CA
S214000FC8D21A93B214B2120404D540F2E8329B182F
S214000FD801391CB20160848016BC08BC02B01847F0
S214000FE81FB50023009002AC03A801910293A380CA
S214000FF810F086FB009BA288181A6B469B889B1AE3
S2140010089AB219B21B0404D540F2E833D218013854
S21400101811B2024B186099801FBDC046344E00209E
S21400102813B500236A46040001A89380009310F0C5
S21400103867FB0A4B40F2E7311A689B8880186A46B5
S21400104892889B189AB21BB28B4203DD044B013080
S214001058D3181BB22060A380200016BD344E002093
S21400106818FCFFFF37B500236D46040001A800935F
S214001078AB8010F045FB2300009006CD06C3200089
S2140010883EBD00000C4B13B51A689B88801AC91A17
S2140010988BB20CB2090404D540F2E8329B1801382A
S2140010A81CB240F2E8320023002116F033FC22007E
S2140010B8E317801859411CBD344E002070B5150042
S2140010C8190040F2E83200230400280016F002FC5B
S2140010D840F2E8310A4A4143136892881B1840F2E6
S2140010E8E7305219521A91B212B2824203DD054A0B
S2140010F801338A1812B220002360A28070BDC04651
S214001108344E002018FCFFFF020010B5014B12CB2E
S21400111812C210BD344E00200022054B10B5040044
S21400112800681A7010F0EBFA206010F095FA10BDFF
S214001138404E00200023036043600372C1600361D1
S2140011487047000070B5124C236843B10022012591
S2140011581A601A720023206858B903B1206070BD5F
S214001168C1682B00026911B122608847F2E71000B7
S214001178F2E70268002AF3D03BB9037A002BEED1D7
S21400118801230372FFF7C8FFE9E72060F5E7C046CA
S2140011983C4E0020F7B52F4D040001A80FF0C2FB07
S2140011A82A78531CDBB22B700AB90FF0DFFB2A4EE5
S2140011B801A80FF0BCFB336803B16CB901A80FF0A7
S2140011C8B1FB2B78013BDBB22B700BB90FF0E2FBBF
S2140011D801A80FF0ACFBF7BDA3422ED1237A13B3B8
S2140011E810F05CFA2768002433688C4619691C726C
S2140011F8A9B13A00316023003E002700644502D1B9
S214001208824200D90600921BBB4116000B680800F4
S2140012189B190B6001230B72FFF77EFFCEE7316048
S21400122810F054F8CAE723692BB1216833601A68AE
S21400123852181A60C2E73360C0E71A001B69002B11
S214001248BCD09C42F9D1236921681361002BEED1EA
S214001258B4E7C046806600203C4E0020054B1B685D
S2140012680BB918007047834201D01B69F8E70120C4
S214001278F8E7C0463C4E0020F0B587B0040005A845
S2140012880FF050FB40490A78531CDBB20B700AB9C2
S2140012980FF06CFB05A80FF04AFB24B12000FFF7FF
S2140012A8DDFF009078B105A80FF03CFB364A1378AE
S2140012B8013BDBB213700BB90FF06CFB05A80FF0FF
S2140012C836FB07B0F0BD6368304D23602968009B85
S2140012D8237239B921610123200023722C60FFF79D
S2140012E81BFFE0E7087AF0B110F0D8F92B68009FEA
S2140012F81E683B003200B94202D1864200D902007D
S214001308B61A9F4100960197019B26682F6813B965
S214001318009BB3420BD927B1009B9E1B00233E605F
S2140013283B722761D7E70B6801900093ECE73D69AD
S2140013382DB9009BF61A26603C612561B3E728683C
S2140013480199009A019B8018594109B9864208D22A
S214001358009B009AF31A23602B689B189B1B2B6034
S214001368EAE72B6923B9361A26602C6123619AE7C7
S2140013781A682F000292002203921D00029A039B0D
S21400138800900191DFE7C046806600203C4E0020B2
S21400139870B50D000400FFF7FDFE2560656070BDA2
S2140013A810B510F07BF810BD10B510F093F910BD0D
S2140013B870470000F7B50D0000240190CAB10F4F22
S2140013C8260097FBF2F78C4215D801D1874212D82F
S2140013D83A0033002900019816F07CFA04003A0017
S2140013E833002900019816F075FA1A43531E9A41DD
S2140013F8A4182000FEBD0024F1E7C04640420F00B6
S21400140810B544781CB90134447010F0B9F910BD11
S21400141810B510F0BFF910BD10B510F0D9F910BD11
S214001428154B00B5185C0A2823D816F0FBF91E16CB
S2140014381612060D22221A161200002001230B3956
S2140014488B424041C0B203E00C394B425941C8B206
S21400145800BD002002230A39F2E7002003230939D9
S214001468EEE7002004230839EAE7002005230739B9
S214001478E6E70020ECE7C0466C9D0100014B1888A3
S2140014887047C0466E4F0020002010B501F090FC53
S214001498034B1B6813B15B6803B1984710BDC04681
S2140014A8684F0020002010B501F082FC034B1B6833
S2140014B813B1DB6803B1984710BDC046684F0020DB
S2140014C810B501F011F903000020082B01D8014AD5
S2140014D8D05C10BDBB9C010010B5054B04005B7BBF
S2140014E80BB102F011F8200001F048FA10BDC04612
S2140014F8704F002010B50FF0D9FD10BD10B50FF0D5
S21400150879FD10BD10B5044B5A7B012312B101F0CA
S21400151889FF0300180010BD704F002010B5042086
S21400152801F092FC0220FFF715FD0EF0A7FE10BD95
S21400153810B5034B987A01F03BFC0EF0D7FE10BDB1
S214001548704F002010B501F065FD10BD012310B5E1
S21400155811B10FF059FD0023180010BD012310B576
S21400156811B10FF0F9FC0023180010BD40F28010EE
S214001578002310B51A00010001F0CDF901F064FD52
S21400158810BD000070B540F2E8360E4B05005B7BD8
S2140015980C00564383B9280001F0F0F920000FF03C
S2140015A825FE01F05FFD31000748FFF7F1FE06480B
S2140015B8FFF762FE002070BDC0B202F011FA0028E4
S2140015C8E9D0F8E7704F0020584E002010B501F01B
S2140015D80FFB10BD10B50FF015FE0D23012800D027
S2140015E80A3B180010BD000010B572B6BFF34F8F47
S2140015F8BFF36F8F0FF0A8FA0122044B1A7062B679
S214001608BFF34F8FBFF36F8F10BDC046804F0020CB
S214001618F0B585B072B6BFF34F8FBFF36F8F002259
S214001628654E33783270DBB262B6BFF34F8FBFF3C6
S2140016386F8F002B00D19FE001F07DF904004FF674
S214001648FF7001F0ACFB72B6BFF34F8FBFF36F8F1E
S2140016580FF026FE0500012802D10FF075FA357046
S21400166862B6BFF34F8FBFF36F8F40230125234029
S2140016780193019A514B1A802C420BD05048FFF721
S21400168889FD280001F036F84E4B1B6813B11B681D
S21400169803B1984702252C4244D04B4B1F78A7B974
S2140016A84A48FFF777FD012001F024F8390040F694
S2140016B802100FF09FFC40F644100FF0F7FC0543AD
S2140016C8E9B240F644100FF095FC02ABDF1DFF228E
S2140016D839003F4801F0C2FA3E4801F0D3FA019BB0
S2140016E813B13D4B1B7A7BB1364B1B6863B19D68C3
S2140016F855B1384A39781378002B41D10823D35688
S2140017080620125E3248A8472F4B1B7853B100F0CC
S214001718EBFF052806D1304B587A002835D0002034
S21400172801F05AFC019B2BB1264B1B6813B11B69B1
S21400173803B1984723060AD5012000F0DBFF214BAA
S2140017481B6823B19B6913B1E005C00F9847A40531
S2140017580FD500F0C9FF04281AD11948FFF71AFD5B
S214001768012000F0C7FF174B1B6813B15B6803B175
S21400177898470023114A13803078C0B205B0F0BDF0
S2140017881223D3561020125EBCE701F0D3FBC9E73C
S21400179800F0AAFF0528ECD10B4B1B782BB90B4899
S2140017A8FFF7F8FC012000F0A5FF064B1B68002B8E
S2140017B8DFD0DB68DBE7C046804F00206E4F002096
S2140017C8584E0020684F00209C500020444E0020B1
S2140017D8814F002080500020704F002010B5002058
S2140017E801F032FB0220FFF7B5FB0EF063FD10BDDB
S2140017F870B50F4B06005B7B0C00150093B93000E4
S21400180801F0BCF820000FF0F1FC01F039FC40F2C2
S214001818E83108486943FFF7BBFD0648FFF72CFD8B
S214001828002070BDC0B202F0D9F80028E7D0F8E76B
S214001838704F0020584E002010B500F055FF0400E9
S214001848082809D10022074B5A701A7001F026FCA6
S21400185820000EF065FD10BD0028F9D101F0A8FAA9
S214001868F6E7C0466C4F002010B501F00BF810BD27
S21400187802001F205AB1012308490868824207D986
S2140018888868824204D8054ADB009B181879704796
S21400189801330831172BF0D11F20F8E7789D010097
S2140018A810B50A4B012807D1094AC73311700948F1
S2140018B8197001F031F910BD1A00BF321278002AEB
S2140018C8F9D1034AC0331170F1E7C0466C4E0020C8
S2140018D808400020244F002070B51C4B05005B7B99
S2140018E80C0001201BB1280001F0BAFF50BB4DB315
S2140018F8002340F201211A00080001F00CF801F05C
S21400190871F8134B01281ED1C7331C70114801F01B
S21400191803F900222100280001F004FB0E4B0F48B3
S2140019281968FFF735FD0D48FFF7A6FC01F05AF8D1
S214001938060001F0C3FB230001002A0030000EF069
S214001948E9FB002070BDC033DFE7C046704F0020BB
S2140019586C4E0020244F0020A4500020584E002033
S214001968002340F2422110B504001A00080000F0D7
S214001978D2FF34B10A482100FFF70AFD0848FFF7EE
S2140019887BFC084B1B7833B1402000F0BBFF0020DF
S21400199801F022FB10BD044B18688001F8E7C0462A
S2140019A8444E00209C500020A050002070B51B4DCF
S2140019B804006B7B33B96A7A4AB12000FFF7D0FF80
S2140019C8002003E001F0FCFF0028F4D070BD40F2D0
S2140019D842211300080000F09EFF34B11048210091
S2140019E8FFF7D6FC0E48FFF747FC0E4E33788BB150
S2140019F8402000F087FF002001F09CFA00F0F2FF7C
S214001A08050001F05BFB22000100337828000EF089
S214001A18DDFBD5E7044B18688001EDE7704F002022
S214001A28444E00209C500020A0500020F7B5070028
S214001A380C000025C9B3364E01A80EF073FF3278A5
S214001A48531CDBB233700AB90EF090FF01A80EF0F3
S214001A586EFF092F36D8380015F0E4FE050A292D42
S214001A6831393F43475322782A4B1A7001250FE035
S214001A7816250422210001A816F0D1FE019A264B4D
S214001A881968914241D0013DADB20833002DF7D117
S214001A9801A80EF047FF3378013BDBB233700BB971
S214001AA80EF078FF01A80EF042FF2800FEBD22784F
S214001AB8184B1A72DAE72278164B5A72D6E723784A
S214001AC82F2B01D90025E3E7124AD372CEE72378F5
S214001AD82F2BF7D80F4A1373C8E722780D4B5A7383
S214001AE8C4E722780B4B9A72C0E70A4D23784FF664
S214001AF8FF70AF7BAB7301F0FBFA0028B6D1AF736B
S214001B08E0E72278034BDA73B0E7024B5A60ADE79A
S214001B1880660020704F0020789D0100F7B507000A
S214001B280C00002679B3254D01A80EF0FBFE2A7896
S214001B38531CDBB22B700AB90EF018FF01A80EF082
S214001B48F6FE0026092F11D8380015F06BFE050999
S214001B581E2124272A2D3033194B1B78237004E0C6
S214001B6804222000174916F05AFE012601A80EF096
S214001B78D9FE2B78013BDBB22B700BB90EF00AFFAF
S214001B8801A80EF0D4FE3000FEBD0D4B1B7AE5E72B
S214001B980B4B5B7AE2E70A4BDB7ADFE7084B1B7BEB
S214001BA8DCE7074B5B7BD9E7054B9B7AD6E7044B0C
S214001BB89B7BD3E7024BDB7BD0E7C04680660020E2
S214001BC8704F0020744F002010B504000B4B18709F
S214001BD8587000F015F854B1342140F240700FF0F8
S214001BE809FA442140F241700FF004FA10BD14219E
S214001BF840F240700FF0FEF92421F3E76C4F002006
S214001C08012010B500F0E0FE044B18785A7882429E
S214001C1802D05870FFF7D8FF10BDC0466C4F0020A2
S214001C2810B5012806D0002000F0CEFE0022034B97
S214001C385A7010BDFFF7E4FFFBE7C0466C4F002064
S214001C48F0B59BB0119320AB0B9204CB0D911B887B
S214001C5814920C9322AB1F8823AB1B780EAA0E9304
S214001C6824AB1B780500129325AB1B780F9326AB85
S214001C781B78159327AB1B78169349239B18DB7F95
S214001C8813934D239B18DB7F10938B4B5B7BBBB169
S214001C98109B0B9A0993139B00B20893169B029706
S214001CA80793159B06930F9B0593129B04930E9B15
S214001CB803930C9B0193149B0093119B01F02CFC3F
S214001CC8109A7E4B1A70534253410E9A5B421F403D
S214001CD8FF2302B1129B7A4A1370F5B1012D00D189
S214001CE879E0109B28000993139B0B9A0893169B80
S214001CF80D990793159B029706930F9B0593129BC6
S214001D0804930E9B03930C9B0193149B0093119BC7
S214001D180EF0D8F900201BB0F0BD6A4C280000F081
S214001D284FFD2300E8331D7023000B9AEC331A602E
S214001D3823000B22F4330D981A70FFF799FD230041
S214001D48F533187023002200B8331D700C9BBA3286
S214001D58DB001380230041F60402BC331A802300FC
S214001D68BE3322001D7001230E99BF3259401170F0
S214001D7822005349C032097811700F9A02B1F13324
S214001D882200C132137023000122C233E8341A70CD
S214001D98FFF7CEFB2078431E9841C0B2FFF740FFFE
S214001DA8200000F075FE484800F0B6FE08224749B5
S214001DB818A816F034FD18A800F0BDFC40F2FF1075
S214001DC800F0E2FC41F640737B430B9AB3FBF2F358
S214001DD83F4A136085E73B4C002000F0F1FC2300E7
S214001DE8E8331D702C226B469B181E782300F833A8
S214001DF80D9A1E70374B10009B5C0B99053E179387
S214001E08FFF70EFB0C9B012E06D86B460C9A1B8E12
S214001E180C2A00D20C239BB222001799F9321170B3
S214001E2822001199FA3211702200FB32107001223A
S214001E38254926000A702200C432138023000E9A11
S214001E48C6331A7023001E4AC7331278C9361A706A
S214001E5823000F9AC8331A70139BE8343370FFF7C1
S214001E6867FB2078431E9841C0B2FFF7D9FE2000D2
S214001E7800F00EFE144800F04FFEF8B200F0A9FC81
S214001E883378042440F23670012B10D10FF00EF987
S214001E98A043C1B240F236700FF0ACF87B427B41EB
S214001EA80D4A5B4213404FF6FF729B1890E70FF0FF
S214001EB8FDF80443E1B2EDE7704F00209C50002087
S214001EC8084000206C4E0020244F0020C09E0100D1
S214001ED8A05000206C9D01000100FFFFF0B599B0EE
S214001EE80B931EAB109204CB0F911B780C92119398
S214001EF820AB1F8821AB1B7805000D9322AB1B78FF
S214001F080E9323AB1B78139324AB1B78149325AB43
S214001F181B781293764B5B7BA3B1269B00920893A3
S214001F28129B109A0793149B00B20693139B029772
S214001F3805930E9B04930D9B0393119B01930B9B98
S214001F4801F012FB4DB1012D58D040F689000FF074
S214001F58ADF804210143C9B2A6E0664C0C9A2300EA
S214001F68E8331D702300EC331A6023000B22F43389
S214001F780B981A70FFF77CFC2300F53318702300C3
S214001F88109AF0331A6023002200B8331D70BA3254
S214001F98FB001380230041F60402BC331A8023009A
S214001FA8BE3322001D7001230D99BF3259401170AF
S214001FB80E9A02B1F1332200C132137023000122B7
S214001FC8C233E8341A70FFF7B3FA2078431E9841F4
S214001FD8C0B2FFF725FE200000F05AFD464800F084
S214001FE89BFD0822454916A816F019FC16A800F00D
S214001FF8A2FB40F2FF1000F0C7FBA6E73D4C3022DC
S2140020082300E8331D706B469B181E782300F833B0
S2140020180B9A1E703A4B10009B5C0C99053E159364
S214002028FFF7FEF93B00012E03D80C2F00D20C2335
S2140020389BB22600159AF936327022001199FA32A8
S21400204811702200FB32107001222B490A70220000
S214002058C432138023000D9AC6331A702300294A07
S214002068C73312781A7023000E9AC8331A702300E2
S214002078129AC933E8341A70FFF75AFA2078431EC2
S2140020889841C0B2FFF7CCFD200000F001FD1A48C9
S21400209800F042FD3378062B00D056E740F689005C
S2140020A80FF004F8FB21014040F689000EF0A2FF6D
S2140020B80F980FF09BF8269A134B28001A60129B6D
S2140020C808920793149B109A0693139B0F990593EF
S2140020D80E9B029704930D9B0393119B01930C9BF5
S2140020E800930B9B0EF000F8002019B0F0BDC04618
S2140020F8704F00206C4E0020244F0020C09E010028
S2140021086C9D010008400020A450002010B5FFF781
S21400211877FD00231A001900180000F0FCFB00F0F9
S21400212827FF10BDF0B58BB0099106920593322BA8
S21400213800D9B2E05B4C2600F536337808932300C6
S214002148F9331D7800231A001900180000F0E3FB85
S21400215800F048FC0790012859D1534B5E683EB9F9
S21400216833005249DA0052181168A9424BD1566812
S21400217827000025FFF7DCF90020FFF751FDE837B8
S21400218830003D70FFF774FB2300F53318703800F5
S21400219800F07EFC2000B830057000F0BDFC40F270
S2140021A8E833059A09985A430592FFF795F9404887
S2140021B800F0C0FE0FF0AFFA050028000FF0AFFAE7
S2140021C80028FAD000F014FD069B05000027984268
S2140021D82FDA0FF0A0FA070000F00AFD069B0500AC
S2140021E8984225DA38000FF09AFA6B469B8A98428E
S2140021F8F2D300F0FDFC069B05000127834200DCB5
S2140022080027FFB215E001330A2BAAD1B0E7FFF783
S2140022188FF9254B586848B125000023E8352B7000
S214002228FFF726FB3070280000F032FC0026B6E7E1
S2140022380027FFF77DF9079B012B1FD1FFF7E0FC6E
S21400224823002000089AF5331A70079BE8300370BD
S21400225800F01EFC2000079BB830037000F05CFC02
S214002268059B32000193069B0020009309992B00DA
S21400227802970DF0E3FE38000BB0F0BD0A4B5B6822
S214002288002BEDD02300089A2000F5331A7000239F
S214002298E830037000F0FCFBE2E700263500370064
S2140022A8DEE7C0466C4E0020704F00201C9D0100E3
S2140022B8FFFFFF00F0B5514C87B02600059003914C
S2140022C8F536337802932300F9331B7804933229C2
S2140022D800D991E000231A001900180000F01BFB33
S2140022E800F080FB464F0190012864D17D6845B90F
S2140022F82B004449DA00521811680498814256D1D6
S21400230855680026FFF714F90020FFF789FC3E4BB6
S21400231828001E70FFF7ACFA2300F53318703A4809
S21400232800F0B6FB2000B830067000F0F5FB059804
S214002338FFF7D2F87B7A3548002B4CD000F04CFEDD
S21400234840F2E836039B5E430FF0E5F905002800E7
S2140023580FF0E5F90028FAD00FF0DDF92C4D0390C0
S21400236800F046FC2B1C854200DA031C03981DB2BD
S2140023780FF0D5F9B3B29842F2D3FFF7D9F8019B1C
S214002388012B2BD1FFF73CFC23002000029AF533E3
S2140023981A70019BE830037000F07AFB2000019B5E
S2140023A8B830037000F0B8FB280007B0F0BD013362
S2140023B80A2B9ED1A5E7FFF7BBF878680028B6D0A9
S2140023C825000023E8352B70FFF752FA30702800F6
S2140023D800F05EFBABE700F0ADFDB1E77B68002BD5
S2140023E8E2D02300029A2000F5331A700023E83062
S2140023F8037000F04DFBD7E7054DD5E76C4E00207F
S214002408704F00201C9D0100544F0020FFFFFF0066
S2140024180080FFFFF0B585B015000AAA17880BAA3A
S214002428019111780CAA14780DAA127848B10128DF
S21400243814D00125002040190138B0FBF5F005B08E
S214002448F0BD012340F2E8304B40FB185200DB0099
S21400245812191833D2009B185843ECE7043302933A
S2140024686B1F012B04D83B1C0C2F00D20C239FB2E9
S2140024781201E400A4184A4251411423AE0049420E
S2140024880B40A41BE418AB1E0393062D07D929009E
S21400249801980834FEF7C4FF08B1AB1E9E00E3435C
S2140024A8DB171C40A419013C94FBF6F6029B734309
S2140024B8DA1913000E33062D00D9023B084A019993
S2140024C8525C0A2A0AD803999B0001338B4040F2D3
S2140024D8E8305843034B9200D558ACE7FFDEC046B9
S2140024E86C9D0100C49C010030B585B0040009222B
S2140024F840F29F2001A90EF087FD6B461D79002348
S21400250801A8AB4214D1032B10D869465A1C0A718D
S2140025186A465B00210A0532D1546A460632D4540C
S21400252840F29F20092201A90EF016FD05B030BD25
S2140025380100427889781202521802309442F5D087
S2140025480133DBB2DDE70000030000200A2B01D8C8
S214002558014AD05C7047C046B09C0100F0B5040044
S2140025680E0085B018B30020012C51D1294D2B0040
S214002578F9331878FFF7E8FF01002800C83000781C
S2140025882B002A00471EB841FA33F8321B78127817
S214002598039028000296C6300078C435461EB0411F
S2140025A80190288800902000FFF734FF30E0194B90
S2140025B81A00EC3215681A00C13212780296013AEF
S2140025C8511E8A4103921A00BF321278BA3351421A
S2140025D84A4101921B882A00DB0800930100030089
S2140025E8FFF718FF41F65732012395420FD840F6F9
S2140025F8B732DB1895420AD840F2CF7201339542BB
S21400260805D840F2E7320433954200D9023B181841
S21400261805B0F0BD6C4E002010B5074C1022002106
S214002628200016F093F80EF0EDFD10B91323E372B0
S214002638237300F049FD10BD704F002010B500242C
S214002648214B1860214B22485C701C7000F0D6FBAA
S214002658200000F0ADFB012000F0E7F82100200084
S21400266800F0ACFA2000042100F0C2F94FF6FF7122
S21400267823002200080000F04EF940F6AC00FFF7F1
S21400268833FF40F68900FFF72FFFFFF7C5FF114815
S214002698FEF780FD1048FEF77DFD10490D48FEF751
S2140026A849FD0F490C48FEF745FD0E4B1C7000F01F
S2140026B843FB80B2033400B904004FF6FF7000F005
S2140026C817FD200010BDC046684F00206C4F002044
S2140026D8F1150000584E0020444E002091140000CA
S2140026E8AD140000804F0020014B18787047C04694
S2140026F809400020014B18707047C046094000206A
S21400270810B5084B1A78082A08D840F24113D34067
S214002718DB0703D50EF054FB0EF07AFD0EF046FBF1
S21400272810BDC0460940002010B50A000100002070
S2140027380EF0C6FC10BD10B5010040F2C0600822BD
S2140027480EF00AFC002010BD07B5064B01A91B7841
S21400275840BA088023B9022240F2BC600EF0FCFBA7
S21400276807BDC046B550002007B5064B01A91B7823
S21400277840BA088023B9022240F2BE600EF0ECFB95
S21400278807BDC046B550002010B50C4B04001B789A
S2140027989BB940F2B8600EF089FC01220100230ABA
S2140027A891431340C9B240F2B86019430EF022FCB8
S2140027B840F2B960E1B20EF01DFC10BDB550002025
S2140027C807B56B46D91D087001229F200EF030FB16
S2140027D807BD73B5031C0400F82804D949F6C86376
S2140027E8C0F201031B780133DBB25B100025DEB2B2
S2140027F81F2B02DD0336B608013532006B000133A5
S2140028089A4013006A46D3716B460122A020D91D50
S2140028180EF00EFB44B16B46F600A919C9B240F299
S2140028280670D9710EF0E6FB73BD07B56B46D91D69
S2140028380870012296200EF0FBFA07BD07B56A4617
S214002848031CD11D58069A06C00FD20F52018001EC
S2140028581043DA07D20F1043DA06D20F12011043DC
S2140028681A07D20FD20010435A07D20F9B079200BE
S214002878DB0F10435B0018430870012289200EF016
S214002888D7FA07BD07B5104B01A9984206D90F4BD2
S2140028980B80022298200EF0CBFA07BD0C4B98420C
S2140028A801D90C4BF4E70C4B984201D90B4BEFE7D8
S2140028B80B4B984201D90B4BEAE70B4B9842E8D9E9
S2140028C846F66B73E4E7C04600E9A435E1E9FFFF86
S2140028D880F8A932D7DBFFFF8044E52DC1C5FFFF8E
S2140028E8000B6B1B7581FFFF40FC541913B501AC38
S2140028F820706170A270210004229520E3700EF00B
S21400290897FA13BD07B56B46D91D087001229320A8
S2140029180EF08EFA07BD13B56C4652BAA28008228E
S21400292840BA49BA208061805BBA69461000E380E5
S2140029380EF07EFA13BD13B501AC02222100122058
S2140029480EF0BEFA208840BA80B216BD07B56B46B0
S214002958D91D087001229D200EF06AFA07BD07B53A
S2140029680B00072201A910401A0C08704A705BBABF
S214002978042297204B800EF05BFA07BD37B5104B44
S214002988104D18602B7804001BB9FFF77BFF012356
S2140029982B7043F60951B4FBF1F20B0041F6846044
S2140029A85343E31A9B031B18B3FBF1F392039B18DC
S2140029B81BBA0422862001A901930EF039FA37BD06
S2140029C8AC500020A850002007B56B46D91D044B14
S2140029D80870187001228A200EF02AFA07BDC04631
S2140029E8B5500020014B18787047C046B5500020F7
S2140029F837B504000D000EF0FFFB0200012826D1B3
S214002A08030000210F2C08D10620FFF76FFF231CB8
S214002A185AB20E2A0CDD0E230AE00420FFF766FFE2
S214002A28231C1134F4DA49F6C963C0F201031B7893
S214002A3818215CB240F6E7000EF0DCFA6B4602227C
S214002A488E2001A95D711C710EF0F2F937BD40F6B3
S214002A58D8000EF02BFB1E210143C9B240F6D80061
S214002A680EF0C8FA0123002207210420FFF73EFFD4
S214002A78231C093407DA49F6CA63C0F201031B7837
S214002A8838215CB2D6E75AB2162AF9DD1623F7E7DC
S214002A9813B5040008220021684615F057FE1C4BA3
S214002AA820781B78834201D0FFF78EFF237813B176
S214002AB8012B28D013BD6268164B6946B3FBF2F3A8
S214002AC843F609501A0C0A701A0A4A708B70237B50
S214002AD8A268CB70637B0B71B2FBF0F103004B432B
S214002AE8D31A41F684629B039B18B3FBF0F3890361
S214002AF85B1869461A0C4A7108225BBACB808B2091
S214002B080EF096F9D6E72369042269460093F6E79D
S214002B18B55000200000093D30B5040085B001AD71
S214002B2809220021280015F011FE224B20781B7878
S214002B38834201D0FFF748FF23781BB1012B2BD027
S214002B4805B030BD637AF12B1AD14FF6FF70FFF748
S214002B58FBFD48F20500FFF707FE02236288A188FE
S214002B6852BA2A80227A6980AA710922E188EB7112
S214002B78A980A37A2B7229008C200EF059F9DFE77A
S214002B88F22BEBD141F60F50FFF7DEFD41F22100A4
S214002B98FFF7EAFD0623E1E7A389074A5BBA2B801D
S214002BA8A37B1370AB70E37B0622EB70238AAB80A3
S214002BB8E1E7C046B5500020B450002007B56B4684
S214002BC81871597102228F2001A90EF031F907BD3C
S214002BD8002110B50A00C0200EF072F90721021174
S214002BE843100A400B4012015800104310BD000065
S214002BF813B501AC0122210015200EF061F9064B31
S214002C0822781B7852085BB29B1A181C803301DAAC
S214002C184FF6807000B216BD704F002037B505001D
S214002C280C000222132001A90EF04AF9094B1B7862
S214002C38012B0CD1084B1B78012B08D140F20270EF
S214002C480EF034FA6B4628705B79237037BD6B46F6
S214002C581879F7E7B5500020B4500020F7B56B4652
S214002C680C00DF1D0500390020001600FFF7D6FF10
S214002C7822780120B24204D8387829000EF068FA83
S214002C880020FEBD37B5040001AD0322290014203C
S214002C980EF016F9254B1B7823704BB1012B24D068
S214002CA81B220021601C15F051FD0F2323701BE02A
S214002CB800222B7823711E4B9A566B7892B25B08CB
S214002CC8D31A191C1BB2803301DA4FF680712181A2
S214002CD8AB785B08D31A1A1C1BB2803301DA4FF69E
S214002CE880720023E280E36037BD0022104B9A56BC
S214002CF82B7892B25B08D31A191C1BB2803301DA00
S214002D084FF6807101232182EB5602339B10A37481
S214002D18AB785B08D31A1A1C1BB2803301DA4FF65D
S214002D288072044BA2821B68A361DDE7B5500020C1
S214002D38704F0020B0500020002313B501AC2100CE
S214002D480222172023800EF0BBF801236278511068
S214002D5810001940994018400843911019408900FE
S214002D680843D1101940C900084311111940090138
S214002D78084351111940921149011A40084392011B
S214002D881043227813401B02184316BD002307B5CC
S214002D98022201A907200B800EF04AF807BD07B5E6
S214002DA8022201A940BA088010000EF041F807BDBB
S214002DB807B56B46D8710E48FEF7ECF90D48FEF7D6
S214002DC8E9F96B460122D91D80200EF031F86B46D2
S214002DD8DA79094B4AB9013220201A70FFF792FDBA
S214002DE84FF6FF70FFF7DBFF07BD02221A70F7E702
S214002DF8584E0020444E00200940002010B504001C
S214002E080DF0BEFF20000DF09BFF0DF0D9FF00204F
S214002E18FFF7CEFF0DF0A2FF0EF0FAF90120FFF73C
S214002E2895FD0122044B1A700023044A1370044AC5
S214002E381370044A136010BD09400020B5500020E6
S214002E48A8500020AC50002013B5041CFFF7C0FEA5
S214002E5860230340202B02D00020FFF7A9FF0EF0C6
S214002E6817FA6B46A207D91D6307DB0FD20F52006D
S214002E789B001343E207D20F1343842001220B70F2
S214002E880DF0D6FF04210B00074A2340214202D04A
S214002E980023137013BD08211170044A1370044AE6
S214002EA81360044AF5E7C04609400020A8500020F1
S214002EB8AC500020B550002037B50EF0A3F988B9FD
S214002EC86B460122D91D80300A70074D0DF0B0FF01
S214002ED8064B40F61110E97A5C6CA04740F61210D3
S214002EE8297BA04737BDC046704F0020309E0100A2
S214002EF813B504220400094B09481A70FEF74AF96C
S214002F08FFF7DAFF01A9230C0B700322230A83209C
S214002F184B708C700DF08CFF13BDC0460940002026
S214002F28444E002010B51400FFF7FEFB2000FFF704
S214002F38DFFF10BD052213B504000B4B0B481A70B3
S214002F48FEF728F9942140F6AC000EF053F8FFF788
S214002F58B3FF01A9230C0B700322230A82204B70AF
S214002F688C700DF065FF13BD09400020584E0020F8
S214002F78F0B540F6E206002785B0300003970EF05D
S214002F8895F8FE2140F6E5050140040030000EF0F5
S214002F9831F828000EF08AF87F21019001402800B9
S214002FA80EF028F80B48FFF7C5FF042203A940F6E1
S214002FB819000EF029F83800FFF7FAFE2100300055
S214002FC80EF018F8280001990EF014F8039805B0CA
S214002FD8F0BDC046FFFFFF00052213B504000B4BEB
S214002FE80B481A70FEF7D6F8962140F6AC000EF09D
S214002FF801F8FFF761FF01A9230C0B700322230ACF
S21400300882204B708C700DF013FF13BD0940002012
S214003018584E002037B505000C00FFF74DFF6A46EE
S2140030282B0C13702B0A5370230C64BA9570D3704C
S21400303894806946062294200DF0FAFE0622014B7B
S2140030481A7037BD0940002010B5FFF735FF00227B
S214003058C52011000DF0ECFE0722014B1A7010BDBA
S2140030680940002010B5FFF727FF0022D1201100E5
S2140030780DF0DEFE0422014B1A7010BD0940002038
S21400308810B5FFF719FF0022D22011000DF0D0FE70
S2140030980422014B1A7010BD0940002010B501200B
S2140030A8FFF754FC0DF05AFE0120FFF7BEFB012285
S2140030B8014B1A7010BDC04609400020014B186825
S2140030C87047C046AC500020024B1B780BB9024A2A
S2140030D8D3817047B6500020704F002003000020B0
S2140030E80A2B04D840F27D60D84001231840704768
S2140030F8F7B5294B05009E7B3000FFF7EFFF0190E0
S214003108002846D00027254C14223900244827706A
S214003118676015F01BFB18223900224815F016FBCD
S2140031282148037823B1230046331B78B34230D0B6
S2140031382300463300221E700023A263E3630023A5
S214003148A11D2200CB878021473211702200483209
S214003158137040F2013C1A00144923640F78B742F2
S2140031680ED101273D420BD00B2A08D8104FD300AA
S214003178D951DB19674601329F80019BD2B26D0890
S2140031880C4F2C31B942E9D10BB1483422700123D7
S21400319803700198FEBDC046704F0020B85000204E
S2140031A8C0500020D4500020B6500020CC9E01000D
S2140031B808510020C8A301004A425141094A494221
S2140031C8114042F2107289180300C8430A2B07D828
S2140031D8054AD35C054A9B009B58C81803B9C843E0
S2140031E87047C046F0D8FFFF6C9D0100F09C0100B8
S2140031F810B5040008002CB1012C09D12100FFF7F6
S214003208DBFF10BD500042F210729B18C018F8E79A
S21400321801204042F5E70000F7B51B4ACE00B21879
S214003228127903000120D2B100229C5EDD68844238
S21400323816D100219868FFF7BFFF134B134A9B5916
S21400324840F20C0C2A331B781049DB009A5C5B189A
S21400325801920022019ED1B28E4203D80420FEBD00
S2140032685868EAE7614651435F687E18795EA1426E
S21400327805D17168A94202D1B168814201D00132F4
S214003288E8E70020EBE7C04608510020C8A3010085
S21400329803000D48D200125830B5546802209C42EC
S2140032A811D895689D420ED3D2681B1BB3FBF2F467
S2140032B854431D1BA34206D12800012A03D08A4284
S2140032C892415242500030BD08510020044BC900BC
S2140032D8CB585B6983428041404200017047C04634
S2140032E808510020F8B51A4C0020236C63B3A31DC0
S2140032F8DB8F184DDB005B59188B28B3FEF750F8A8
S2140033080023226C06000F00A06BE16B8018594161
S2140033180222002312184B41BB4216D801D1B242F2
S21400332813D802225242D317121A8B4192197B41A4
S2140033380634E18F0120C9006958098B0BB9914200
S21400334800D80020800180B2F8BD00220023EFE7F5
S214003358B8500020085100200300002082B00190D9
S214003368D1B142F20F7291420CD840F2E732914244
S2140033780AD9013242F210700192019A401AB0FB43
S214003388F2F0584302B0704764226329F2D80A2242
S2140033980929EFD80122EDE70121FBE7F8B51F4C14
S2140033A80020236CABB3A31DDB8F1D4DDB005B59E0
S2140033B8188D70B3FDF7F4FFA66BE76B0B000200E1
S2140033C81900236C10009C461A000023B6185F41AB
S2140033D80222002392197B418B421BD801D18242DC
S2140033E818D802225242D317921BBB4112184B41DF
S2140033F816001F000634E38F6046DB00EB58198D75
S214003408FFF7AAFF01230FB9B04200D800235801DE
S21400341880B2F8BD00260027ECE7C046B85000206A
S21400342808510020124AF0B51300040046331978F4
S2140034384832104B1278DD7B0F4B0639D200C9B2E2
S214003448D218934201D10020F0BD012905D825B92C
S21400345818682A300078022808D0187930B11E6813
S2140034687768A74202D8B668A642EDD20833E8E7DE
S214003478B8500020704F00200851002073B5204D2A
S214003488060001A80C000DF04DFA2A78531CDBB292
S2140034982B700AB90DF06AFA01A80DF048FA701EEA
S2140034A8042809D814F0BEF903161A212800502259
S2140034B82100144815F0B3F901A80DF033FA2B785B
S2140034C8013BDBB22B700BB90DF064FA01A80DF0C6
S2140034D82EFA73BD22780B4B1A70EDE7094B0833AA
S2140034E807CC07C306CC06C3E6E7064B1C3307CC57
S2140034F807C307CC07C3DFE72268024B5A60DBE73F
S21400350880660020B850002007B5019001A9052064
S214003518FFF7B4FF00200EBDF0B506000D008BB017
S214003528019311AB1B880092029313AB1B781222EF
S214003538039315AB1F7804AB0021981D15F006F908
S214003548009B05AC0793019B21002373029B032075
S214003558E381039B2680069523746774FFF78EFF26
S21400356800200BB0F0BD0000F0B50C0006001500FA
S2140035788DB0019312AB04CB00211B780292039303
S21400358814AB1B881522049315AB1B78059316AB52
S2140035981F7806ABD81C15F0D9F806AB1E809C70B1
S2140035A8019B039A0893029B0420099306AB1A749E
S2140035B8049A19005A82059A5F751A750795FFF7D7
S2140035C85DFF0020024B47331C700DB0F0BDC046AF
S2140035D8B850002073B5214D060001A80C000DF068
S2140035E8A1F92A78531CDBB22B700AB90DF0BEF984
S2140035F801A80DF09CF9701E042809D814F012F9D9
S21400360803161A222A0050222000154915F007F939
S21400361801A80DF087F92B78013BDBB22B700BB9AC
S2140036280DF0B8F901A80DF082F973BD0C4B1B78A4
S2140036382370EDE722000A4B083343CB43C203CB83
S21400364803C2E5E72200064B1C3343CB43C213CB29
S21400365813C2DDE7024B5B682360D9E7806600206B
S214003668B8500020F0B59BB014AD18220400002115
S2140036780EA815F06BF829000420FFF7ABFF05200D
S2140036880CA9FFF7A7FF0023EE5EA968EB683000D9
S2140036986A68FFF7ADFDF3B202936D4B08905B6A5C
S2140036A82100029898476B4B049048331B786A4E63
S2140036B80793684B46331B78063BDBB20593674B8C
S2140036C8DB7B06930C9B03930EAB019300230093BE
S2140036D86B461F78079BBB4200D8A2E0059B012BD0
S2140036E807D8069B2BB933682A331B78022B00D1E0
S2140036F8A0E03379002B00D19CE03A0008990398A3
S214003708FFF7C6FD019B3900099028001C88FFF7C3
S21400371883FD099B3900034304981C43FFF7D6FD35
S214003728A4B2019B0443A4B21C80002C00D081E004
S214003738FFF734FE0400FFF7D5FD009B04435B004B
S2140037481800019310230AA9A4B2C9180C52DCBBAE
S2140037580099414BCE009A5940F2E733D2699A4213
S21400376832D93B4A0DA9D56F0120A8470AA90331CB
S2140037782000A847384B364A9959956F24310120BE
S214003788A847354B711DC9182000A84740F2E831F4
S214003798314B9A59D3692020125EB3FBF1F32C49BA
S2140037A89BB20E6902980399B04706000DA901203E
S2140037B8A8470AA920000331A8472EB9102280235B
S2140037C801980AA98A181352009B0EAA5B009B5AF6
S2140037D813BBFDF7E5FD1F4B049A9863D9631A647B
S2140037E80633DF87009B1C4ADB00D35814A91B7CD2
S2140037F8887889781A1C49B25BB28B4200DD021CB5
S2140038080021144B50B247335956814202D01A70E1
S2140038180DF0ECFC002006E06022134212D11B06D5
S21400382813D4FF276520FF2318403B401B0218438C
S2140038381BB0F0BD009B083601330093019B023392
S214003848019345E7FF276620EDE7FF276720EAE7AD
S214003858309E0100B850002008510020704F00200C
S21400386837B56B46DD1C02200C002900FFF7B2FEB8
S2140038782B7803201BB92000FFF7F4FEC0B23EBD2C
S214003888F0B599B0182200210DAC12A814F05EFF0E
S21400389821000320FFF79EFE05200CA9FFF79AFEDD
S2140038A80022A35E019303BB63680393404B002783
S2140038B81A0048321278463309921B783D4D063B6B
S2140038C8DBB205933C4BDB7B06930C9B079312AB52
S2140038D80293099BBB4210D1FF276420FF231840A0
S2140038E83B401B02184319B0F0BD002361681A005C
S2140038F80198FFF77DFC0390D8E7059B012B0DD8B0
S214003908069B5BB92B682A331B78022B06D1029BD1
S21400391801370233FFB208350293DAE72B79002B1A
S214003928F5D03A0003990798FFF7B2FC029B1B886C
S2140039381843029B84B21C80002CE8D12B681F4ACF
S2140039482A331E78F600B35CB118019A0493230054
S214003958012A25D121000E98FFF72EFC40F20C0C08
S2140039680F9B0893154BF3180499E2B28A42CED2FD
S214003978624662435E68B118B25E012A06D14A689A
S214003988089E964202D18A6882420ED00134EBE73E
S2140039980C2058434A680133825E0198904204D04E
S2140039A80498DAB29042F3D8B1E7002096E7C0460A
S2140039B8B850002008510020704F0020C8A301000E
S2140039C813B56B46DC1C02202100FFF703FE2378A4
S2140039D8032013B9FFF754FFC0B216BD0320704783
S2140039E803207047F8B52E4C0125230022004633E5
S2140039F8197848322B4B1278DE7B2B4B0639D200CF
S214003A08C9B2D218934205D1002D46D1236C83B98A
S214003A180020F8BD012905D826B918682A3000788C
S214003A28022804D0187947427841404205400833B6
S214003A38E8E7FDF7B5FC0222002306000F00A06B9E
S214003A48E16B12184B419F4202D823D1964221D9E6
S214003A5802225242D317121A8B41B6185F41256CC0
S214003A680634E38F104ADB00D4582800218DFFF770
S214003A7873FC218B0200814200D90A00002328002B
S214003A88002180185941B94202D8C1D1B042BFD9E5
S214003A98801BBEE700260027E1E701204042B8E782
S214003AA8B8500020704F002008510020034B10B576
S214003AB81B6D13B11B6803B1984710BD8C510020CD
S214003AC810B5034C246D14B1A46804B1A04710BD0A
S214003AD88C510020034B10B51B6D13B15B6803B106
S214003AE8984710BD8C510020034B10B51B6D13B1C1
S214003AF81B6903B1984710BD8C510020034B10B5C5
S214003B081B6D13B1DB6803B1984710BD8C510020BC
S214003B1802000220012A0AD8110012318140044B03
S214003B280130C95819B10020196554331A70704706
S214003B388C510020F8B505000F000224012821D872
S214003B4801B31148114B0360114B8360114B03619D
S214003B58114B4360114BC360114B1B689847040018
S214003B6880B924220F4B6E421640F61830003900F2
S214003B780DF00FFF2B000B4A12339B0028009E50B7
S214003B88FFF7C6FF2000F8BD68510020B53A0000D0
S214003B98C93A0000F13A0000DD3A0000053B000093
S214003BA8309E01008C510020F0B50B27002491B000
S214003BB8039302ABFF1805001000160002913C7034
S214003BC814F036FE039B01300693169B0596099360
S214003BD80123089007970A93189B9C422CD2189B9F
S214003BE81F1B08AB132F16D9179A009312190192A8
S214003BF828000322029905AB00F0F6F818B1012058
S214003C08404211B0F0BD0B2202ABD2181378143420
S214003C1801331370E0E70BAE0093032228000299E5
S214003C28019605AB00F0E0F80028E8D1179B3A00AB
S214003C383100181914F0F3FD0020E2E770B50024EF
S214003C489C4200D170BD0D5D165D7540055501346A
S214003C58F6E710B50C22002114F078FD10BD000020
S214003C6810B540B1036833B11B78052B03D1406803
S214003C7800F08EF910BD0148FCE7C04600AFFFFF14
S214003C8810B540B1036833B11B78052B03D14068E3
S214003C9800F00CFF10BD0148FCE7C04600AFFFFF70
S214003CA810B540B1036833B11B78052B03D14068C3
S214003CB800F037FF10BD0148FCE7C04600AFFFFF25
S214003CC810B530B1036823B1836813B1FFF7D8FF86
S214003CD810BD0148FCE7C04600AFFFFFF0B5040082
S214003CE80E0087B000B30368F3B18568E5B101A993
S214003CF89F78FFF7D5FFA8B92000FFF7B1FF88B96E
S214003D08236820009A78E919FFF7BAFF50B92368A4
S214003D1820005A7801A9FFF7B3FF18B93100200030
S214003D28FFF7BEFF07B0F0BD0048FBE700AFFFFF98
S214003D3810B50A00002114F009FD10BDF0B589B0D1
S214003D4805001600019100284AD00368002B47D0CA
S214003D588268002A44D09B78B34214D2FFF780FFCB
S214003D680400B0BB320028000199FFF789FF040061
S214003D7878BB280003A9FFF793FF040048BB2B680D
S214003D885E7803AB01932B68AF689A7836213800C3
S214003D98BC1814F0DBFC2B685C219A78200014F021
S214003DA8D5FC330039003800019AFFF747FF210099
S214003DB820003300019AFFF741FF2800FFF750FF65
S214003DC8040030B92B68390028009A78FFF758FFA6
S214003DD80400142103A8FFF7ABFF200009B0F0BDCC
S214003DE8004CFAE700AFFFFFF0B50D000400BDB0C9
S214003DF802A800920193FFF72CFF194B2A00210016
S214003E0805AF1CAE02A8039704960293FFF796FF29
S214003E1804000500D0B138005C21FFF789FF3000A8
S214003E288021FFF785FF02A80C21FFF781FF2000FD
S214003E383DB0F0BD429A0199AB00D258C95802A8C5
S214003E48FFF73EFF04000028E5D10135009BAB4292
S214003E58F0D1439902A8FFF741FF0400DBE7C0460C
S214003E68D8A401000200405C5118CB78000618431D
S214003E784B781B0418438B781B0218437047030EB5
S214003E888B548918030C4B70030A8B70C8707047E4
S214003E9870B51D001B23D841084E059B049C9B1932
S214003EA8C01823686A40C0180B68134002226B408B
S214003EB8C01820600B68D3410B6070BD9979825A90
S214003EC85A400B6830B55A401B23D841064D049B10
S214003ED8039C5B19C018236812189B1802222360DB
S214003EE80B68D3410B6030BDA1EBD96EF0B51B262D
S214003EF8F0410A4F069E059CF6190D68801926683B
S214003F0880192E00164333402A4013430222C01855
S214003F1820600B68D3410B60F0BDC046DCBC1B8F2D
S214003F285A400B6830B55A401B23D841064D049BAF
S214003F38039C5B19C018236812189B18022223607A
S214003F480B68D3410B6030BDD6C162CA030070B59A
S214003F580F260500C41E083B344033403540A400F5
S214003F689B005B586458AD004D195C402B680E38B2
S214003F785C401F2330408000405860401060D841A5
S214003F88286070BD10B510B15C21FFF7D1FE10BDDA
S214003F9803000020064A18609A60064A5860DA60ED
S214003FA8054A1A61054A5A61054A9A617047C04629
S214003FB80123456789ABCDEFFEDCBA9876543210FC
S214003FC8F0E1D2C3F0B50D00ADB003900021280093
S214003FD8FFF748FF0421070017902800FFF742FF65
S214003FE80821060018902800FFF73CFF0C21040063
S214003FF819902800FFF736FF102107901A9028001E
S214004008FFF730FF142108901B902800FFF72AFFBF
S214004018182109901C902800FFF724FF1C210A90FD
S2140040281D902800FFF71EFF20210B901E902800E9
S214004038FFF718FF24210C901F902800FFF712FFA7
S21400404828210D9020902800FFF70CFF2C210E90B9
S21400405821902800FFF706FF30210F9022902800B5
S214004068FFF700FF3421109023902800FFF7FAFE90
S2140040783821119024902800FFF7F4FE3C21129076
S21400408825902800FFF7EEFE039B13909B6826906A
S21400409805932793039B28A9DB6814932893039B0F
S2140040A81B6904932993039B5B6906932A93039BD6
S2140040B8049A9B69059815932B932BAB019700934D
S2140040C8069BFFF7E5FE289D2AAB2A002B9801964B
S2140040D8009327A9049BFFF7DBFE279E019429ACD3
S2140040E82B0032002A982BA90094FFF7D1FE079BD5
S2140040F82B9D019328AB2A00299800932AA9330000
S214004108FFF7C6FE089B2A9E019327AB32002100C4
S214004118289800932B00FFF7BBFE099B299D019367
S2140041282BAB2A002798009328A93300FFF7B0FE88
S2140041380A9B289E01932AAB32002B98009327A946
S2140041482B00FFF7A5FE279D0B9B2A002A980193B4
S2140041582BA933000094FFF79BFE0C9B2B9E019324
S21400416828AB3200299800932AA92B00FFF790FE67
S2140041780D9B2A9D019327AB2A00210028980093BF
S2140041883300FFF785FE0E9B299E01932BAB32006A
S2140041982798009328A92B00FFF77AFE0F9B289DE7
S2140041A801932AAB2A002B98009327A93300FFF720
S2140041B86FFE279E109B32002A9801932BA92B008E
S2140041C80094FFF765FE119B2B9D019328AB2A00F0
S2140041D8299800932AA93300FFF75AFE129B2A9EB5
S2140041E8019327AB32002100289800932B00FFF795
S2140041F84FFE139B299D01932BAB2A00279800930B
S21400420828A93300FFF744FE16AA17A910202B9EEC
S214004218289FFFF79BFE2AAB3A00019000933000D8
S2140042282B0027A9FFF734FE16AA17A911202A9DE6
S214004238279E289FFFF78AFE3B00320001902BA995
S21400424828000094FFF724FE16AA17A91220299D15
S2140042582B9E279FFFF77AFE28AB3200019000932B
S21400426828003B002AA9FFF713FE16AA17A9132051
S214004278289D2A9E2B9FFFF769FE27AB3200210058
S2140042880190009328003B00FFF702FE16AA17A924
S2140042981420279D299E2A9FFFF758FE2BAB320035
S2140042A80190009328003B0028A9FFF709FE16AAEC
S2140042B817A915202B9D289E299FFFF747FE2AAB96
S2140042C832000190009328003B0027A9FFF7F8FD6D
S2140042D816AA17A916202A9D279E289FFFF736FE9E
S2140042E83B00320001902BA928000094FFF7E8FD58
S2140042F816AA17A91720299D2B9E279FFFF726FE8B
S21400430828AB32000190009328003B002AA9FFF74B
S214004318D7FD16AA17A91820289D2A9E2B9FFFF7B7
S21400432815FE27AB320021000190009328003B00C1
S214004338FFF7C6FD16AA17A91920279D299E2A9FAA
S214004348FFF704FE2BAB32000190009328003B00D9
S21400435828A9FFF7B5FD16AA17A91A202B9D289E8F
S214004368299FFFF7F3FD2AAB32000190009328003F
S2140043783B0027A9FFF7A4FD16AA17A91B202A9D0C
S214004388279E289FFFF7E2FD3B00320001902BA9ED
S21400439828000094FFF794FD16AA17A91C20299D4B
S2140043A82B9E279FFFF7D2FD28AB32000190009383
S2140043B828003B002AA9FFF783FD16AA17A91D2087
S2140043C8289D2A9E2B9FFFF7C1FD27AB32002100B0
S2140043D80190009328003B00FFF772FD16AA17A964
S2140043E81E20279D299E2A9FFFF7B0FD2BAB320083
S2140043F80190009328003B0028A9FFF761FD16AA44
S21400440817A91F202B9D289E299FFFF79FFD2AABE3
S21400441832000190009328003B0027A9FFF750FDC3
S21400442816AA17A920202A9D279E289FFFF78EFDEB
S2140044383B00320001902BA928000094FFF740FDAE
S21400444816AA17A92120299D2B9E279FFFF77EFDD8
S21400445828AB32000190009328003B002AA9FFF7FA
S2140044682FFD16AA17A92220289D2A9E2B9FFFF704
S2140044786DFD27AB320021000190009328003B0019
S214004488FFF71EFD16AA17A92320279D299E2A9FF7
S214004498FFF75CFD2BAB32000190009328003B0031
S2140044A828A9FFF70DFD16AA17A924202B9D289EDC
S2140044B8299FFFF74BFD2AAB320001900093280096
S2140044C83B0027A9FFF7FCFC16AA17A925202A9D5A
S2140044D8279E289FFFF73AFD3B00320001902BA944
S2140044E828000094FFF7ECFC16AA17A92620299D99
S2140044F82B9E279FFFF72AFD28AB320001900093DA
S21400450828003B002AA9FFF7DBFC16AA17A92720D4
S214004518289D2A9E2B9FFFF719FD27AB3200210006
S2140045280190009328003B00FFF7CAFC16AA17A9BB
S2140045382820279D299E2A9FFFF708FD2BAB3200CF
S2140045480190009328003B0028A9FFF7CFFC16AA85
S21400455817A929202B9D289E299FFFF7F7FC2AAB31
S21400456832000190009328003B0027A9FFF7BEFC05
S21400457816AA17A92A202A9D279E289FFFF7E6FC39
S2140045883B00320001902BA928000094FFF7AEFCF0
S21400459816AA17A92B20299D2B9E279FFFF7D6FC26
S2140045A828AB32000190009328003B002AA9FFF7A9
S2140045B89DFC16AA17A92C20289D2A9E2B9FFFF73C
S2140045C8C5FC27AB320021000190009328003B0071
S2140045D8FFF78CFC16AA17A92D20279D299E2A9F2F
S2140045E8FFF7B4FC2BAB32000190009328003B0089
S2140045F828A9FFF77BFC16AA17A92E202B9D289E14
S214004608299FFFF7A3FC2AAB3200019000932800ED
S2140046183B0027A9FFF76AFC16AA17A92F202A9D90
S214004628279E289FFFF792FC3B00320001902BA99B
S21400463828000094FFF75AFC16AA17A93020299DCF
S2140046482B9E279FFFF782FC28AB32000190009331
S21400465828003B002AA9FFF749FC16AA17A931200B
S214004668289D2A9E2B9FFFF771FC27AB320021005E
S2140046780190009328003B00FFF738FC16AA17A9FC
S2140046883220279D299E2A9FFFF760FC2BAB32001D
S2140046980190009328003B0028A9FFF727FC16AADC
S2140046A817A933202B9D289E299FFFF74FFC2AAB7E
S2140046B832000190009328003B0027A9FFF716FC5C
S2140046C816AA17A934202A9D279E289FFFF73EFC86
S2140046D83B00320001902BA928000094FFF706FC47
S2140046E816AA17A93520299D2B9E279FFFF72EFC73
S2140046F828AB32000190009328003B002AA9FFF758
S214004708F5FB16AA17A93620289D2A9E2B9FFFF789
S2140047181DFC27AB320021000190009328003B00C7
S214004728FFF7E4FB16AA17A93720279D299E2A9F7C
S214004738FFF70CFC2BAB32000190009328003B00DF
S21400474828A9FFF7D3FB16AA17A938202B9D289E61
S214004758299FFFF7FBFB2AAB320001900093280045
S2140047683B0027A9FFF7C2FB16AA17A939202A9DDE
S214004778279E289FFFF7EAFB3B00320001902BA9F3
S21400478828000094FFF7B2FB16AA17A93A20299D1D
S2140047982B9E279FFFF7DAFB28AB32000190009389
S2140047A828003B002AA9FFF7A1FB16AA17A93B2059
S2140047B8289D2A9E2B9FFFF7C9FB27AB32002100B6
S2140047C80190009328003B00FFF790FB16AA17A954
S2140047D83C20279D299E2A9FFFF7B8FB2BAB32006B
S2140047E80190009328003B0028A9FFF799FB16AA1A
S2140047F817A93D202B9D289E299FFFF7A7FB2AABCC
S21400480832000190009328003B0027A9FFF788FB99
S21400481816AA17A93E202A9D279E289FFFF796FBD3
S2140048283B00320001902BA928000094FFF778FB84
S21400483816AA17A93F20299D2B9E279FFFF786FBC0
S21400484828AB32000190009328003B002AA9FFF706
S21400485867FB16AA17A94020289D2A9E2B9FFFF7BC
S21400486875FB27AB320021000190009328003B001F
S214004878FFF756FB16AA17A94120279D299E2A9FAF
S214004888FFF764FB2BAB32000190009328003B0037
S21400489828A9FFF745FB16AA17A942202B9D289E94
S2140048A8299FFFF753FB2AAB32000190009328009C
S2140048B83B0027A9FFF734FB16AA17A943202A9D11
S2140048C8279E289FFFF742FB3B00320001902BA94A
S2140048D828000094FFF724FB16AA17A94420299D50
S2140048E82B9E279FFFF732FB28AB320001900093E0
S2140048F828003B002AA9FFF713FB16AA17A945208C
S214004908289D2A9E2B9FFFF721FB27AB320021000C
S2140049180190009328003B00FFF702FB16AA17A990
S2140049284620279D299E2A9FFFF710FB2BAB3200B7
S2140049380190009328003B0028A9FFF7F1FA16AA71
S21400494817A947202B9D289E299FFFF7FFFA2AAB19
S21400495832000190009328003B0027A9FFF7E0FAF1
S21400496816AA17A948202A9D279E289FFFF7EEFA21
S2140049783B00320001902BA928000094FFF7D0FADC
S21400498816AA17A94920299D2B9E279FFFF7DEFA0E
S21400499828AB32000190009328003B002AA9FFF7B5
S2140049A8BFFA16AA17A94A20289D2A9E2B9FFFF70A
S2140049B8CDFA27AB320021000190009328003B0077
S2140049C8FFF7AEFA16AA17A94B20279D299E2A9FFD
S2140049D8FFF7BCFA2BAB32000190009328003B008F
S2140049E828A9FFF79DFA16AA17A94C202B9D289EE2
S2140049F8299FFFF7ABFA2AAB3200019000932800F4
S214004A083B0027A9FFF78CFA16AA17A94D202A9D5E
S214004A18279E289FFFF79AFA3B00320001902BA9A1
S214004A2828000094FFF77CFA16AA17A94E20299D9D
S214004A382B9E279FFFF78AFA28AB32000190009337
S214004A4828003B002AA9FFF76BFA16AA17A94F20D9
S214004A58289D2A9E2B9FFFF779FA27AB3200210064
S214004A680190009328003B00FFF75AFA059A279B07
S214004A7816A89B18039A58219360149A289B9B188B
S214004A88039AD360049A299B9B18039A1361069A83
S214004A982A9B9B18039A5361159A2B9B9B18039A7B
S214004AA89361FFF745F900202DB0F0BDF7B5040077
S214004AB8160000919AB33F2503681D409B180360B3
S214004AC8934202D2436801334360B5B140277F1B47
S214004AD8BE4212D323001C3300993A00581901939A
S214004AE813F09DFE20000199FFF76CFAC0B97619FD
S214004AF80500009B403EDB190093370004E02000C9
S214004B08FFF760FA60B9403F009B9919C91B3F2F11
S214004B18F5D827B11C343A00601913F080FE00203F
S214004B28FEBDF8B504003F22270003680E001340B8
S214004B38581C4132E3181A771C37382837D8002112
S214004B48483A121A381813F001FE256860686B0F89
S214004B58C000184338223900FFF791F9E8003C22D4
S214004B683900FFF78CF939002000FFF72BFA05000B
S214004B78C0B902003100A068FFF781F904223100AD
S214004B88E068FFF77CF9082231002069FFF777F91B
S214004B980C2231006069FFF772F910223100A06913
S214004BA8FFF76DF92000FFF7EDF92800F8BD402261
S214004BB80021121A381813F0C9FD39002000FFF733
S214004BC801FA05000028EDD1010038223800BAE7BE
S214004BD840F2E41201230249885C03438B54704771
S214004BE8E451002040F2E41202230249885C0343A1
S214004BF88B547047E451002010B5204C23006A33CC
S214004C081A7823004433187852070138520F0828B8
S214004C1812D812F007FE1C1C05121416181A2B00C0
S214004C280023012A15D0032A20D000214434142258
S214004C38134821700CF0C2FE10BD0223F1E70323CF
S214004C48EFE70523EDE70623EBE70723E9E7042369
S214004C58E7E70C49A26E0A400B498A42E5D040F2C3
S214004C6870120A48A35463689847DEE740F26C134C
S214004C78E35C002BD9D00548E368F5E7E45100204B
S214004C8850530020FF00800011008000545300207D
S214004C98F0B585B06B466A46164C9F1DA61C3900B3
S214004CA8F07F03AB073202F01BFA0D25E8B9631C48
S214004CB8F17FD87F02AA02F029FA0500C0B92300BE
S214004CC83A7848331A706A462300D27950331A70F5
S214004CD8039B094A6365029B0849E364E31CDB7F80
S214004CE858342370F07F02F02FFA280005B0F0BD84
S214004CF80E25FAE7E4510020405200203D520020DD
S214004D08F0B50E270F221A4D87B06F44AE1C390037
S214004D18F07F05AB6A4402F0E3F90D2418BB6B1C60
S214004D28F17FD87F04AA02F0F1F90400F0B940F246
S214004D3880133A780621EA546B46DA7B40F28813E9
S214004D48EA54059A0433EA50049A083BEA50094A9A
S214004D58F07F0092AA6A084B02F014FA220007496C
S214004D68F07F02F0F1F9200007B0F0BD0E24FAE754
S214004D78E4510020845300208053002088530020EC
S214004D8810B5074C02F0FAF8230068331A7805497C
S214004D98054801F0A7FF10B902234434237010BD5C
S214004DA8E45100204E5200202C52002070B50B4DC6
S214004DB82B1DDC7F6CB102F0E1F80121084801F0F8
S214004DC8FFFF040008B102F0B5F8042320002B709A
S214004DD870BD02F0AFF80323F8E7C046E4510020A0
S214004DE864530020094B1A78092A04D0042A02D0F2
S214004DF80E221A7070470B221A701A006A3212783E
S214004E089206F7D505224433F3E7C046E45100205E
S214004E18F0B587B0060004240391002800D18CE082
S214004E280368002B00D188E04368002B00D184E09B
S214004E388368002B00D180E0C368002B7DD003690F
S214004E48002B7AD00A2978D83D4D023C2B78042BC3
S214004E5873D840F21022002128000CF0AFFD01F0B4
S214004E68D5FE0400002868D105AF3900039802F083
S214004E78B1F80400002860D100F04CFF02F044FAB4
S214004E882B00039A40331A70310014222D480CF078
S214004E9880FD2D4E282230002C490CF07AFD3B88E8
S214004EA838785BBA2B840223FB56EA1C284FD37744
S214004EB84036284A33703900274BAE1C039202F05E
S214004EC80FF96B1CD87F254AF17F02F01FF9244999
S214004ED8244AF07F02F038F940F280133A782248E4
S214004EE8EA54EA6C0433EA50039B1A7840F28813B3
S214004EF8EA546A6D0433EA5002F036F91B4AF07F2A
S214004F0800921B4B0621AA6A02F03CF900221949B6
S214004F18F07F02F019F940F2E41300221648174908
S214004F28EA54FCF707F916481649FCF703F901F0A6
S214004F382DF801F0FFFF01232B70200007B0F0BD0D
S214004F48E4510020E8510020FC510020DCA40100B8
S214004F582C520020345200203852002030520020B4
S214004F683D520020405200207453002084530020F5
S214004F788053002088530020CC530020D94B0000D3
S214004F88E0530020ED4B000070B501240A4D2E7842
S214004F98A6420DD101F06AFE2B003C33187802F0C9
S214004FA87FF8FFF703FF040020B9300001F00CF883
S214004FB8200070BD2E70FBE7E451002010B50B4CA6
S214004FC82078042804D812F02DFC0E0703070500E5
S214004FD8022010BD01F0AEFF01230020237000F070
S214004FE8F3FF0020F5E70120F3E7C046E451002070
S214004FF8F0B5BA4E9FB03378022B7AD910AD01F0CF
S21400500851FF280001F056FF2B784BB3DB0605D579
S2140050183378062B00D16EE00E23337004222B78EB
S214005028134205D03178062900D189E00A32327059
S2140050381B0708D53378092B00D187E0042B00D14D
S21400504884E00E23337010AD2C78A30701D5FFF744
S214005058C9FEE40701D5FFF7C5FE280001F074F87D
S2140050689F4F10AC20000BF05DFC3A78531CDBB267
S2140050783B700AB90BF07AFC20000BF058FC40F2A3
S214005088E41300222000F55CF2540BF04BFC3B784E
S214005098013BDBB23B700BB90BF07CFC20000BF03D
S2140050A846FC002D00D1FBE2EB0705D53378082B2C
S2140050B800D1C9E20E2333703278AD0700D4EFE290
S2140050C80E230C2A00D0D4E2FFF75AFE0623002847
S2140050D800D0C4E2337073695BB13378033B012BAD
S2140050E807D811A802F0EEF918B9207073692000E5
S2140050F898471FB0F0BD3300032244331A7001F0FE
S2140051082BFF40F2A013F7580CF07CF840F2D4338B
S214005118FC18012801D00A33FC18FCF741F9AA68E4
S214005128EB68801A9941211ACB436E4CDB1719405D
S2140051382000FCF72DF92000FCF79EF808236CE702
S21400514807213170310044310A7071E740F2A81324
S21400515812AAF25040F2AC1240F2B0172B690021A6
S214005168B350AB8AAC3AF3555F4BFF3A1800059339
S2140051780CF024FC40F2C4122B690024B35040F211
S214005188C813B13A2100F45458480433FF3AF4508F
S2140051980CF014FC01F0CEFE0A231725337002AB80
S2140051A8ED18B31C22002900D87F01F0CDFF0400BB
S2140051B8F0BB4F4BF25D2878039340F2C41340F2DD
S2140051C8AC11F3584B4F4C4D029301970095059B35
S2140051D8715801F0B6FA040050BB40F2C813F35CED
S2140051E82900009340F2C4133A000598F35800F0DB
S2140051F8F1FE424D08222900380013F099FAB0B99A
S21400520840F2B1130722F35C1340032B18D140F287
S214005218C413F15808780238052800D98DE012F032
S21400522815FB71009000BE00C400ED0006011324B3
S21400523840F2B1125F21B35C0B40B3540B233370BA
S214005248330044331A78032A0DD1AF32FF32B25CEA
S2140052587F2A06D832006A321278920601D50522CD
S2140052681A70FFF7C9FC002C00D06EE140F2B113AB
S214005278F25CAB3BFF3B1340032B00D005E1CA337F
S214005288FF33F358002B00D1FFE01B78042B00D126
S214005298D3E0062B00D15EE1022B00D0F5E0164DD8
S2140052A80CA9280002F0E9F8002800D0EDE0290053
S2140052B8124A13480CAB01F094F9002800D0E4E039
S2140052C82100280002F07EF801212800494202F059
S2140052D89CF83300012244331A70D6E0E4510020CB
S2140052E880660020CC53002095530020B45300203D
S2140052F8AC5300209E53002096530020FC510020FB
S2140053084C52002033002C331B78B3B140F2C8133C
S214005318F35C102B11D91022013108A80CF039FBC8
S21400532810210CA800F01AFE002329000093D2488A
S21400533808AB0CAA00F0C4FD58B340F2CC13002208
S2140053482BE040F2C813F35C102BF6D9013108A8FD
S21400535810220CF01EFBC84F0CA9380002F069F8A2
S2140053680028EAD101232900009338000CAB08AACC
S21400537800F0A6FD05000028DFD10100380002F085
S21400538821F801213800494202F03FF840F2741330
S214005398F55440F2C413F2580833F25050E740F27E
S2140053A8C813F35C002BF4D1C7E740F2C813F35CCC
S2140053B8052BC2D90CAD0522013128000CF0E9FAFC
S2140053C840F275122B789B069B16B35440F2761360
S2140053D86A78F254E9782A79AB78090212040B4302
S2140053E813433200FC32D3671BB1A44A0A3B9342EC
S2140053F8A3D840F274130022F254CAE740F2C81346
S214005408F35C032B99D90CAD0322280001310CF06C
S214005418C0FA6B78AA781B02120413432A7813433F
S214005428002BB6D0954A0A3B9342B2D985E740F29C
S214005438C813F35C002BDCD17FE70CAD2C70130788
S21400544801D502232B70920604D580232A785B4266
S21400545813432B7008228A49874813F069F90024F9
S21400546800B9B46B40F2A813F358864A1B7C019423
S2140054780295F41CE47F804964B283485BB20094CA
S21400548801F0EBF8002800D123E740F2B114335DB1
S21400549810AD5A07520F012A76D0032A00D196E09B
S2140054A83400443423780BBB734B1800059301F083
S2140054B80BFB2378D3B940F2B112B25C920615D52D
S2140054C803AA13700122704F029301936D4B1100CB
S2140054D800933800059B00F07BFF38B9330059333A
S2140054E83A781B789A4201D8012323703300443354
S2140054F81B78012B29D101F02FFD330040F2402400
S21400550868331B785C4343F2D473E41842F2107392
S21400551894FBF3F40BF076FE012800D191E040F2FC
S214005528DD331C1BFBF73CFFAA68EB68801A994121
S214005538211ACB43554CDB1719402000FBF728FFF0
S2140055482000FBF799FE0C233370012200215048F7
S2140055580CF034FA77E50CAB1C70110701D5022164
S2140055681970920604D58022197852420A431A7096
S214005578444C41492200444801F0C9F8002884D127
S21400558801232C34237080E740F2D0110020705499
S2140055983949D530FF30315040F2C41170581431B3
S2140055A870501039705C14317054E88A02317052A9
S2140055B8287E02317054D809DB08134040F2E21204
S2140055C801317054B3543348B368984768E740F2DB
S2140055D8CC13F358002B00D162E740F2C413F158FD
S2140055E80B78022B21D0062B00D059E70CAF3800D9
S2140055F801310CF0CEF97B78BA781B023F7812049A
S21400560813431F43022240F2D0131B49F254224888
S21400561806320CF0BEF940F2DC1340F2E012F75006
S214005628335D1B07DB0FB35408E0002240F2D013AB
S2140056381149F254184808320CF0ABF9154833698A
S214005648C3E740F2D3336CE701F098FC0021134817
S21400565801F0B6FB002800D02CE509232BE510281E
S21400566803D01138431E9841C31D320044321370CC
S214005678072333701EE0C04696530020F5FF01004E
S21400568814520020FC5100204C520020E053002009
S21400569895530020B4530020B853002064530020CC
S2140056A832780E2A00D916E546F68043D340DB0743
S2140056B800D410E5330044331B780BB1FFF79CFA8F
S2140056C840F2CC130022F250FFF770FB03E5C04609
S2140056D873B504230D0091B11A4C033B227872B1BE
S2140056E8073307280BD812F09DF8040C101214166E
S2140056F8191C0822144928000CF04BF9002318003E
S21400570876BD0134E37F2B70F8E70234FAE70334FA
S214005718F8E70434F6E72C342378F4E70C220B4930
S214005728E9E701AE3100012001F0A8FA03000028DD
S214005738E5D123003C3332781978914200D01A70AC
S2140057483C34E9E7E4510020FC51002014520020C4
S214005758F7B504000E0000295AD0304D2B78002BE0
S21400576858D0042B03D9062842D0022412E0072872
S21400577852D812F057F8040A111A1C393D4008226C
S214005788274831000CF005F90DE02B1DDB7F0224BD
S214005798013533B12000FEBD2B1DDB7F002BF9D170
S2140057A802353378EB770024F4E70335F9E70B780E
S2140057B87BB933782F1DFB772B78022BF3D9FFF7AD
S2140057C8F5FA04000028E5D00023FB77FFF7EEFA89
S2140057D8E0E7FFF795FA04000028DBD1FFF758FA50
S2140057E804000028E5D0D5E70B782C352B70DAE7CF
S2140057F80C220C48C5E7337801A901200B7001F08C
S21400580857FA04000028C5D133783C352B70C1E719
S2140058180424BFE70124BDE70824BBE7E4510020C1
S214005828FC5100201452002037B505000424A8B106
S2140058380B48033C007888B1013404280ED8069833
S2140058480090280001F0FAFC040038B9280001F09E
S21400585887F8040010B1280001F03AFD20003EBD8C
S214005868E45100200B4B10B51B780400012053B1FF
S2140058780018042B07D83CB1200001F029FD2000B1
S21400588801F08EF8002010BD01F034FD01F056F846
S214005898F8E7C046E4510020F0B50500042487B0B8
S2140058A8002800D180E04A4E013C3378022B7BD991
S2140058B8042B02D9013C0A2B76D1330044331B78DB
S2140058C80224002B70D1FFF7E3F90400B8B9FFF7FC
S2140058D817FA040098B933780A2B4ED10822280004
S2140058E83C4912F025FF023448B917276F443800A0
S2140058F8297B2A7C00F05CFD0400002844D02B7C21
S2140059085B075ED43378002C51D122000A2B04D1D1
S214005918A833FF33F45CA406E20F78212B7C03AC93
S2140059288B43287BA9682B742B4F23702B4B029034
S2140059380191009301212B00380000F049FD040076
S214005948002834D13A000F3A39781278337804347C
S21400595891422CD80122243F3A70E9897232FF32EC
S214005968B1520A2B19D0FFF70BFA0400F8B93378AE
S2140059780A2B18D00623337015E0280001F0C8FC5F
S21400598804000028B1D0BAE7330059331C783B78B6
S2140059989C42A4416442A400B1E740F2E413022406
S2140059A8F35C234203D10024200007B0F0BD330087
S2140059B8002244331A7033780A2BF5D0FFF7F6F92D
S2140059C8F2E7002CF0D1280000F0FAFF0400EBE71D
S2140059D8E4510020965300204C520020FC51002031
S2140059E8F0B50700042489B0002879D0994D013C09
S2140059F82B78022B74D9FFF74BF9040000286FD1D7
S214005A08FFF77EF9040000286AD13C78012C00D103
S214005A186BE0022C00D1B6E0002C00D017E12B7802
S214005A28042B02D902340A2B5AD12B0044331B7894
S214005A380224002B54D13E1D300001F069FC3B7B4C
S214005A4804005B0700D5FAE02B78D8B90A2B04D1F6
S214005A58A833FF33EC5CA406E40F102104A800F07A
S214005A687DFA7D4F00943A0031007C4804AB00F084
S214005A787FFD040030B92B780A2B10D0FFF780F989
S214005A88B8B10400002340F26C12AB542A0044322A
S214005A9813702B780A2B23D0FFF788F920E040F202
S214005AA8E413EA5CE33BFF3B1A421CD12C37013B6C
S214005AB83B7004A9300001F0CEFC40F26C130122C2
S214005AC8EA5400220433EA543100043308326448A6
S214005AD8EA540BF05EFF2B780A2B01D006232B70B6
S214005AE8200009B0F0BD1C00CCE72B78042B02D9A7
S214005AF802240A2BF4D12B0044331B780224002BF3
S214005B08EED13B1D1800029301F002FC3B7B04001B
S214005B185B0700D593E02A780028B3D103000A2A49
S214005B2804D1B233FF33EB5C9B06DB0F4A4E0C37CF
S214005B3832004A480299009700F073FD04000028D6
S214005B48A0D12B780A2B13D0FFF71AF904000028E7
S214005B5898D1012340F26C12AB540432AB54043291
S214005B68AB542B780A2B01D006232B700024B7E7FA
S214005B7840F2E4130224EB5C234200D082E70123C0
S214005B882C363370E5E72B78042B01D90A2BA7D1DE
S214005B982B0044331B78002BA2D13B1D180003931F
S214005BA801F0B6FB060038B93B692BB12D4E0A3B0F
S214005BB89E42B6417642B6003B7B5B073ED42B78C6
S214005BC876BB0A2B04D1A833FF33EE5CB606F60F75
S214005BD8214B009602933B000C3301931F483B6908
S214005BE8029A039900F072FD0600C8B92B780A2BB2
S214005BF80BD0FFF7C5F8060090B940F26C120123E7
S214005C080221AB540432A954A9E740F2E413EB5C32
S214005C189B0704D40122029B2C331A70EDE726005A
S214005C28002340F26C12AB542A00443213702B78CF
S214005C380A2B01D0FFF7BAF8340051E73400002CDD
S214005C4800D04DE7380000F0F5FE040048E70824C9
S214005C5846E7C046E4510020FC5100204C52002084
S214005C6859530020F5FF010070B50F4D02242B781C
S214005C78032B14D872B6BFF34F8FBFF36F8F01F0A4
S214005C884DF940F2E413EC5C40000443E4B244B936
S214005C980AF070FF62B6BFF34F8FBFF36F8F200016
S214005CA870BD0224F6E7C046E4510020030010B594
S214005CB8080011001BB1012B04D0142010BD01F000
S214005CC830FBFBE701F03FFBF8E7F0B506000C00F9
S214005CD815001F00BBB009B91420CAB904A801F002
S214005CE833FC390004A801F03FFC26B1102231002D
S214005CF804A801F03DFC2A00210004A801F038FCA5
S214005D08684604A901F0AEFC0020009A409B1A6081
S214005D183BB0F0BD00207047F0B5BDB01C0042ABEC
S214005D281E78019204230AB11EB9002318003DB05C
S214005D38F0BD0423002CF9D003AAFFF7B7FF05002F
S214005D4803000028F2D10123152007AF3B7002ABF1
S214005D58C018082201990BF025FE1D2002ABC018BA
S214005D68042243A90BF015FE01237D73BD7301932E
S214005D78232202AB9B18019A0BAF1A70002110223F
S214005D883800244D0BF01AFEB02200210FA80BF0A5
S214005D9815FE03A90FA80FF08DFEAB681E4A07A9CB
S214005DA81340AB60AB680FAA5B005B08AB603800BB
S214005DB80FF08EFE0821194A013E9378F6B28B43FF
S214005DC893708023AA685B051343AB608023AA6898
S214005DD81B061343AB6023783A7853402370621C43
S214005DE8AEB1210014001031A14209D0227878788B
S214005DF8013E4240F6B2227001370134002EF3D13C
S214005E08019B0133DBB20193002EB1D18DE714005C
S214005E18F6E7C046FC6F0440FFFFFFEF00100D409A
S214005E2837B506AC2478079D00940195FFF774FFF4
S214005E383EBDF0B58FB00393160014AB06AA1F78C4
S214005E48FFF734FF040010BB492321200AAD2B704E
S214005E5802ABC018082231000BF0A4FD292002ABC3
S214005E68C018042215A90BF094FD05AB6C73AC732F
S214005E78EF733A0000932800039906ABFFF725FF57
S214005E88040020B9169B13B1059B169A13602000D0
S214005E980FB0F0BD70B588B0140004AA1E000C9DA3
S214005EA8FFF704FF50B903AB00933200210004ABA0
S214005EB8FFF70BFF10B90DB1039B2B6008B070BD40
S214005EC8F0B5A5B005932AAB1B7804000E001700A2
S214005ED804250793E0B3DAB3059BCBB309A901F011
S214005EE820FA0500A0BB079B06940BB10696260071
S214005EF81922194911A812F092FC3100082218A894
S214005F080BF047FD082206991AA80BF042FD10224E
S214005F1839001CA80BF03DFD1022059920A80BF0AF
S214005F2838FD102130230DAE11AA02910093019678
S214005F3818AB09A8FDF738FE0599200001F08BFA82
S214005F483900200001F0ABFA3100200001F00DFA0C
S214005F58280025B0F0BDC0464D90010070B505007C
S214005F680C0084B1084B013C5B699847E4B2287082
S214005F784CB12B1D0135000A9D42F2D0013CE4B21B
S214005F882870002CF6D170BD309E010070B5064C06
S214005F9825783DB90822290020000BF00FFD0123C3
S214005FA86560237070BDC046F4530020CC231B06E2
S214005FB81840014B58607047F4530020014B58684E
S214005FC87047C046F4530020014B58707047C046CF
S214005FD8F4530020F0B585B001930AAB1E784B4BFE
S214005FE800925A7805000C00002A00D186E05B680B
S214005FF8002B00DB82E002ABDF1D01220100380027
S2140060080BF0C7FC42480BF042FC42480BF03FFC42
S21400601841480BF03CFC022138780BF042FC3F4824
S2140060280BF035FC3E480BF032FC2878012140077F
S214006038400F0BF036FC3B480BF029FC3A480BF0B7
S21400604826FC287800220121C0090BF03EFC3548C2
S2140060580BF01DFC35480BF01AFC28780022800649
S2140060680121C00F0BF031FC2E480BF010FC304815
S2140060780BF00DFC2878002200070121C00F0BF05A
S21400608824FC24480BF003FC25002A480BF0FFFBF1
S21400609808352078022101340BF003FCAC42F8D115
S2140060A81C480BF0F4FB24480BF0F1FB009C250081
S2140060B808352078022101340BF0F3FBAC42F8D106
S2140060C814480BF0E4FB1D480BF0E1FB002203210B
S2140060D830000BF0FAFB1A480BF0D9FB0D480BF012
S2140060E8D6FB18480BF0D3FB019CA619B44207D17F
S2140060F808480BF0CCFB07480BF0C9FB05B0F0BD11
S214006108207802210BF0CDFB0134EFE7F453002092
S2140061186690010040900100709001008490010094
S2140061288890010095900100989001009D900100CC
S214006138A1900100A6900100B8900100CA90010045
S214006148DC900100E290010010B51E4B04005A785E
S214006158BAB35B685B0034D5037893B31A480BF080
S21400616896FB2378DB0605D518480BF090FB1848F5
S2140061780BF08DFB23785B0705D516480BF087FBDD
S21400618813480BF084FB23781B0705D512480BF041
S2140061987EFB0F480BF07BFB23789B0705D50F4843
S2140061A80BF075FB0A480BF072FB2378DB0705D566
S2140061B80B480BF06CFB06480BF069FB04480BF029
S2140061C866FB10BDF4530020F49001000491010012
S2140061D8409001000F9101001D91010028910100D7
S2140061E83491010010B52C4B04005A78002A4CD084
S2140061F85B685B0149D529480BF049FB28480BF03A
S21400620846FB28480BF043FB2378012B3ED1264853
S2140062180BF03DFB22480BF03AFB24480BF037FB0B
S21400622800220A2160680BF050FB1D480BF02FFB7C
S2140062381F480BF02CFB00220A21207A0BF045FBA6
S21400624817480BF024FB1B480BF021FB00220A2101
S214006258E0680BF03AFB12480BF019FB16480BF0F7
S21400626816FB00220A21607C0BF02FFB0C480BF073
S2140062780EFB12480BF00BFB1020002220560A21BA
S2140062880BF023FB06480BF002FB10BD022B01D1D6
S2140062980B48BDE70B48BBE7F453002042910100CA
S2140062A84090010051910100A89401006C910100F2
S2140062B87F91010092910100A5910100B89101001B
S2140062C8649101006891010070B52D4B04005A785E
S2140062D80D00002A4CD05B681B0149D529480BF0F5
S2140062E8D6FA29480BF0D3FA28480BF0D0FA2378C8
S2140062F8012B3ED126480BF0CAFA23480BF0C7FA02
S21400630824480BF0C4FA00220A2160680BF0DDFA74
S2140063181D480BF0BCFA20480BF0B9FA00220A21F7
S214006328207A0BF0D2FA18480BF0B1FA1B480BF09B
S214006338AEFA00220A21E0680BF0C7FA12480BF002
S214006348A6FA053416480BF0A2FA00220A21E07FC6
S2140063580BF0BBFA0C480BF09AFA12480BF097FAB7
S214006368280000220A210BF0B0FA07480BF08FFA33
S21400637870BD022B01D10C48BDE70C48BBE7C046F0
S214006388F4530020CB910100409001005191010088
S214006398A89401006C9101007F9101009291010080
S2140063A8A5910100DA91010064910100689101004D
S2140063B8030010B5042053B10C001134920701D520
S2140063C819310C000420FF2C01D800201C7010BDC9
S2140063D8F0B505008FB0069316AB1B780F00059333
S2140063E817AB1B7816000120079345B1069B33B1FF
S2140063F8149B23B1159B23B9059B13B104200FB03A
S214006408F0BD00230C936B4616201A7F06AB059941
S214006418C018FFF7CDFF0400002800D0A6E0012F23
S21400642805D0032FEAD1059B002B00D19DE0FF2263
S2140064380021A81C0BF0C2FA0722079B3A409B07CC
S214006448DB0FDB001343079AF601D207920E1343BD
S21400645850221E43AB78069913401E43AE70E81CC4
S214006468483A0BF09FFA2800082214990B300BF0D4
S21400647899FA0223079E079A1E401A4217D00698D2
S2140064880CA900F090FF040000286FD12800042211
S2140064980CA913300BF07DFA2B0017330993012F44
S2140064A80CD1099B3C00059E0027089315E02B009D
S2140064B8133309933700012408960EE02B0018338F
S2140064C80893059B5E1E159BF6B21B78022B3FD0E1
S2140064D80127032B01D027000124059B9BB11A0036
S2140064E8159909980BF055FA089B63B15EB10C9B99
S2140064F820000193149A089B06990096FFF70CFC57
S214006508002800D07BE7162306AA9B181E78079B50
S2140065189B071AD5331FDBB2AA1C0DA9D7B1009169
S21400652820000699FFF7B6FC002800D067E7059B11
S21400653809989C460DA9604404220BF02AFA0C9987
S214006548069801310C9100F03DFF00202E7056E7AA
S2140065582600AFE702910C990093019113002000E2
S214006568149A0699FFF765FCDEE70424200046E740
S214006578F0B50E0019008DB012AB1B780500170099
S2140065880124059351B30223152007AC237002ABF0
S214006598C01810220BF0FDF9002203AB1A70112365
S2140065A801940293032133002800059A0097FFF709
S2140065B80FFF040090B906AF2B783100AA1C00978D
S2140065C8FFF768FC040048B928780422023039002E
S2140065D828180BF0DEF92B7804332B7020000DB04A
S2140065E8F0BDF0B58DB00D0005901400190001201F
S2140065F8ABB1032602AB1430C018102207AF3E70AA
S2140066080BF0C7F9022203AB1A701123002202937B
S21400661831002B00059801970094FFF7D9FE0DB0BE
S214006628F0BDF0B58BB0109C0500160001201A00CE
S2140066388CB1247805AB033018706408033804401E
S214006648844003AF3C700290019328000B0000962C
S2140066580321FFF7BDFE0BB0F0BDF0B58BB01700F9
S21400666810AA1278060052B29446129A012032B343
S2140066780524157805A80470EA091C1C203320DABE
S21400668849F6CB63C0F201031C783F231C404470D4
S214006698604605AB98701198D870000A1871119862
S2140066A8000C58710220054003A8057006200193C7
S2140066B802900B00300003210097FFF789FE0BB00D
S2140066C8F0BD63B21F2BE0DD1F24DEE7F0B58BB00C
S2140066D8119F160010AA050012780120AFB105AC6C
S2140066E805302070180AA070022063701B0CE37037
S2140066F83B78034003A80370042328000293019400
S2140067080B0000960321FFF763FE0BB0F0BD70B5D3
S21400671805008AB0012093B1072405A804701C78E8
S214006728012364081C409C4003AE34700293019019
S2140067380B000092032100222800FFF749FE0AB04A
S21400674870BDF0B5050014001E000120CBB000296E
S21400675800D180E00930002A7DD0AA427BD80638CE
S214006768002B78D0509B002B75D0519B002B72D0F5
S214006778529B002B6FD0539B002B6CD0002302A893
S21400678806931E331B18180009AD2A700BF001F982
S2140067980522AB781A400592012A00D0ACE01B0708
S2140067A845D51925332702AB0A20FF18A54252D82B
S2140067B81E2302A95B181900012230000BF0E9F825
S2140067C8272102ABC918082250980BF0EBF81F21B6
S2140067D802AB51980822C9180BF0E4F8509800F05C
S2140067E897FDC0BB09AB9B781B0723D409AB9B78E6
S2140067F808221E00651BEDB2164013422DD1072253
S21400680804961340032B51D13B78022B4ED1043DFE
S214006818EDB208AA00921E2202A9043CE3B252185E
S21400682800205099FFF736FB0023059333E0112527
S2140068382F27B8E72F2102ABC91806A804220BF0A9
S214006848A8F8509807A900F0D1FD20B9069A079B2A
S21400685814309A42CADC4BB0F0BD5B075B0F012BC5
S2140068683BD0032B36D13B78022B45D07A1C6E1EC4
S2140068780492F6B2032BCCD008AB0293069B02AA6E
S21400688801931E23043C9B18509AE4B21100012081
S2140068980094FFF7CEFA0028DDD10422791908A85B
S2140068A811F046FF03001420002BD4D109ACA378BE
S2140068B81B0715D42A00390052980BF06AF8539B28
S2140068C81D70A3781B0703D50699509800F09DFD08
S2140068D80020C0E700260496CEE72E000497CBE7F4
S2140068E8069B509A01931100049B05980096FFF7A3
S2140068F897FA0028AFD1DDE70420ACE770B5074D5E
S2140069080C002B7806223BB10232054911F010FF25
S214006918062208B902002560100070BDFC5300204E
S214006928FD53002010B500B910BD0300F8331C68ED
S214006938FC2200210BF042F82000F4E710B5FC22F8
S214006948002105480BF03AF80448102200210BF005
S21400695835F8002010BDC0460C540020FC5300201B
S21400696870B504230400A0B10B4D0C4E2B782BB148
S2140069780822310011F0DCFE012350B9082221005C
S21400698830000BF006F8E868FFF7CCFF01232B7001
S2140069980023180070BDC046FC530020FD5300209D
S2140069A837B5042448B101A9FFF7A8FF040020B9A9
S2140069B8019DE868FFF7B6FF2C7020003EBD00007A
S2140069C873B50500042428B3002301A90193FFF733
S2140069D895FF0400F0B9154E34782CBB2A7BA968BD
S2140069E813480AF0D6FF33002A7BF2331A703300B6
S2140069F8EA89F4331A80FB2132002B7CF6320B40EE
S214006A0813703300F8331C60019BDA6822B9DE6025
S214006A1801233370200076BD1300F8321268002A6E
S214006A28FAD1F8331E60F3E70C24F3E70C54002081
S214006A381054002073B50400042004B30023214D2D
S214006A4801932E780830D6B92378012B18D0022B5C
S214006A5822D007384BB9201D01A9FFF74FFF20B9F0
S214006A68FB22237B023613402B712B000022F833BF
S214006A781A6020B9019BDA68E2B9DD602E7076BD2F
S214006A88201D01A9FFF73AFF0028EED1FB22237B41
S214006A98032613402B71E8E7201D01A9FFF72EFFF8
S214006AA80028E2D10426237BDBB2B3432B7123698B
S214006AB8AB60DAE71300F8321268002AFAD1F83326
S214006AC81D60DBE70C540020F0B5070004248FB0E7
S214006AD8002840D000241422210004A809AE0394FC
S214006AE80AF06CFF2100142230000AF067FF380015
S214006AF803A9FFF703FF040068BB039BDD68019347
S214006B084DB328780134013803281AD810F08AFEC5
S214006B1802263335082204A839000AF03AFF2B1D4E
S214006B280693EE331B7802AA13752B00F4331B88E2
S214006B3804A8D3822B00F6331B781376FEF7ACFE38
S214006B4804002B00F833019A1B680021D360280044
S214006B58FC220AF033FF20000FB0F0BD0023082205
S214006B6839000AA833700AF014FF2B793373300003
S214006B78FEF736FFE4E70123F1E70223082239008F
S214006B880AA8337011F04BFE2B793373AB68336168
S214006B98EDE700000423024A11780B431370704790
S214006BA8085500200223024A11780B4313707047D9
S214006BB8085500200123024A11780B4313707047CA
S214006BC808550020F8B5150007000E001C00FAF757
S214006BD8E7FB0822054B9860D96019781F610A43BD
S214006BE89E82DD821C761A70F8BDC04608550020C5
S214006BF810B5FAF7D5FB1022034B9860D9601978C0
S214006C080A431A7010BDC046085500200F49104B9D
S214006C1810B50B600F4B01208B600F4B0B610F4BB1
S214006C284B600F4BCB60FCF785FF040058B90D4B43
S214006C385B6998470AF09AFE202221000A480AF063
S214006C48BDFE200010BD0F24FBE7C04628550020D7
S214006C58F96B0000CD6B0000AD6B00009D6B00006B
S214006C68BD6B0000309E01000855002010B50120BD
S214006C78FCF74EFF00B10F2010BD0000030010B552
S214006C88042049B1012B08D0022B0AD000181BB9E2
S214006C98064BDB6F9847002010BD044B0620DB6FC1
S214006CA8F8E7024B0920DB6FF4E7C046309E010088
S214006CB8030010B5042049B1012B08D0022B0AD0D6
S214006CC800181BB9064B9B6F9847002010BD044B55
S214006CD806209B6FF8E7024B09209B6FF4E7C04637
S214006CE8309E0100F0B58DB005000F240B910A9276
S214006CF868B161B15AB12F4F0D3C7B6898470600C2
S214006D0828B92C78012C05D0022C34D00424200075
S214006D180DB0F0BDEA68284923008A4204D0274B04
S214006D28D21853425A41530010216A696956012005
S214006D38089208260022049007920692059203926B
S214006D48029601902E7A0096FE69B0472600FB68E8
S214006D586868984730007B6D0A999847BB6A0A9915
S214006D680B9898470400F0B1672820D0663C631E4D
S214006D789C411134CBE710216B69695608930123AF
S214006D8804930433029340F2E83307900690059084
S214006D98039001902A7AFC695343009346F2A8129E
S214006DA8EB68A047D3E72800FFF71CFAAFE71024E4
S214006DB8ADE7C046309E010090D00300E05EF8FFC5
S214006DC8F0B58DB004000B9118B90F2630000DB041
S214006DD8F0BD304F02267B68984705000028F5D19D
S214006DE82678012E03D0022E35D00426EEE7E36877
S214006DF8294A3100934204D0284A9B185A425341E4
S214006E085900002501200B9B227A089507950695C0
S214006E180495039509930590E36900959BB2029340
S214006E280823BD6901930300A8473500FB6860681E
S214006E389847631D2800D97F7B6D98470B9B0025D4
S214006E4803B9256928007B6B98470600E8B16428D3
S214006E58BBD11226BAE740F2E832237A08905A43A2
S214006E680B9B0790099301230690059304900390C3
S214006E78E3694CF250319BB2029305230193084B09
S214006E88BE6900930300B047D0E729002000FFF74B
S214006E981BFA9BE7309E010090D00300E05EF8FFE7
S214006EA885450100024B10B51B6E03B1984710BD0F
S214006EB8309E010030B5174D8BB0040002A809F0CB
S214006EC831FD2A78531CDBB22B700AB909F04EFD47
S214006ED802A809F02CFD20220F4902A80AF059FD45
S214006EE8202200210C480AF069FD01A809F01AFDC5
S214006EF82B78013BDBB22B700BB909F04BFD01A8D0
S214006F0809F015FD24B12022200002A90AF041FD4F
S214006F180BB030BD8066002008550020034B18785B
S214006F28034BC0B21B7803B101207047804F002086
S214006F380855002010B5074C63689847042808D001
S214006F48052802D1231DDB6F9847236B9847E36E0D
S214006F58984710BD309E010010B5074C63689847E7
S214006F68052808D0042802D1231DDB6F9847236B19
S214006F789847E36A984710BD309E010010B5084C44
S214006F886368984758B10438C0B2012802D8231D50
S214006F98DB6F9847236B98470020A36D984710BD72
S214006FA8309E01000A4A10B51478030001200B2C05
S214006FB80CD0147A03309C4208D9103058435368D2
S214006FC81A181B5C04200BB100200A6010BDC046CE
S214006FD80C400020030010B50120F1B10A2B4AD856
S214006FE8180010F01FFC3348060606063D484821E0
S214006FF82B00022B12D0032B12D0042B12D0052004
S2140070081E4C1F4A13700823546013725072063BB6
S2140070180B70002300204B708B7010BD194CF0E7E6
S214007028194CEEE7194CECE70922154B1A70184A6A
S2140070385A6040F60A121A810223E9E70A22104B20
S2140070481A70144A5A6040F60722F4E70C4A1248A7
S2140070580023506008201370108102220A70D9E7B6
S2140070680622074B1A700D4A5A6040F201621A81CE
S21400707800230B70CEE70720CFE7C0460CA7010019
S2140070880C400020ECA801004CA80100ACA70100A9
S21400709844A60100B8A5010018A5010004A5010032
S2140070A80E4B13B51A78040001200B2A14D06A4632
S2140070B85B7A01A900201371FFF7FAFD6B4601A958
S2140070C801201C71FFF7F4FD00246B46022001A97D
S2140070D81C71FFF7EDFD200016BDC0460C400020D1
S2140070E8F7B507000E0015001C0001206AB163B151
S2140070F859B1380001A9FFF755FF30B9019B1A7836
S21400710832705A782A705B682360FEBD0D4B37B51F
S21400711814001A780500012308000B2A0ED06CB15B
S21400712801A9FFF73FFF030040B9019A117CA94265
S21400713806D9D068916868434018206018003EBD9C
S2140071480423FBE70C400020064B01201B780B2B82
S21400715807D031B1FF230B7012B142F210731360DF
S214007168002070470C400020054A030012780120D2
S2140071780B2A04D01BB140F6B83200201A607047BC
S2140071880C400020F7B51E000D00170001235EB165
S21400719801A9FFF707FF030030B9019A1178012902
S2140071A804D0022929D004331800FEBD5178154CA6
S2140071B852688C40B4FBF2F440F2E8312A1F62436E
S2140071C87943521852001AB1611E8A18B2FBF4F2BB
S2140071D8954200D21500A2006C43002135600CB120
S2140071E801346108521A40F2E83101D506481218EF
S2140071F892FBF1F208990A60D6E741F64074527895
S214007208D8E7C04640420F0019FCFFFF10B5084BF0
S2140072180C001B79062243B10232064911F088FA9F
S214007228062210B9044A22600200100010BDC046AB
S2140072384C5500205455002050550020F0B585B018
S214007248039306000D000423019270B31A4C1B4FDB
S214007258237933B108221A4911F06AFA012320BBB0
S214007268184F184B54220021180002930AF0A6FB68
S2140072780822310012480AF08CFB25B1102229009A
S21400728811480AF086FB019B102219000F4803B923
S21400729829000AF07EFB039B23630A9B6363012392
S2140072A82371029B9F4203D10023180005B0F0BD4E
S2140072B8237801332370F7E74C550020A4550020A7
S2140072C854550020505500205C5500206C55002071
S2140072D8042307B550B101A9FFF798FF030028B9A2
S2140072E8019A034910700A78013A0A7018000EBD10
S2140072F84C55002010B55822002102480AF05EFBC3
S21400730810BDC0464C55002010B5FFF7F3FF10BD62
S214007318042307B518B101A9FFF778FF0300180082
S2140073280EBD37B50D00042458B151B101A9FFF7B9
S2140073386DFF040028B90199102228000C310AF0C4
S21400734828FB20003EBD37B50D00042458B151B1C6
S21400735801A9FFF75BFF040028B90199102228004D
S2140073681C310AF016FB20003EBDF7B50D000424BC
S214007378B8B1B1B101A9FFF749FF040088B9019E69
S214007388102237001C372900380011F0D1F940B117
S2140073981022290038000AF0FCFA012372881343E9
S2140073A873802000FEBD13B504230C0040B139B12C
S2140073B801A9FFF72BFF030010B9019AD26A2260D1
S2140073C8180016BD13B504230C0068B101A9FFF711
S2140073D81DFF030040B9019AD16AA14204D00221D8
S2140073E85088D46201435180180016BD13B5042393
S2140073F80C0040B139B101A9FFF708FF030010B926
S214007408019A126B2260180016BD13B504230C00EF
S21400741868B101A9FFF7FAFE030040B9019A116B9B
S214007428A14204D0042150881463014351801800F7
S21400743816BD37B50D00042458B151B101A9FFF7A0
S214007448E5FE040028B901991022280034310AF014
S214007458A0FA20003EBD37B50D00042458B151B13E
S21400746801A9FFF7D3FE040028B9019810222900C5
S21400747834300AF08EFA20003EBD37B50D000424DD
S21400748858B151B101A9FFF7C1FE040028B9019906
S2140074981022280044310AF07CFA20003EBD37B599
S2140074A80D00042458B151B101A9FFF7AFFE04003E
S2140074B828B901981022290044300AF06AFA2000F8
S2140074C83EBD000070B504000420F4B10F4D023034
S2140074D82B79D3B1EB88C3B108220D49A01C0AF05A
S2140074E858FA200010220B490A300AF052FA2000F7
S2140074F810221A3008490AF04CFA00202B6BE36277
S2140075086B6B2363EB882380E88070BD4C550020A6
S214007518545500205C5500206C5500200821084A68
S21400752893788B4393708022064B520599680A43DA
S2140075389A608022996812060A439A607047C04685
S21400754800100D40FC6F044010B504001022002106
S214007558B1300AF033FA23000021D433B0222000D9
S21400756819600AF02BFA10BD10B50EF0A3FA10BD7C
S2140075780300F0B5D433040018680E00150087B071
S214007588A0B310231B1A1F000093934200D91700BC
S2140075982300C133BAB21818310001930AF0F9F97A
S2140075A82200D4321368FB1813600F2B28D9009BCF
S2140075B8AB4225D22000B13003001A78197C4A4025
S2140075C81A70019A01339A42F7D1244A24499368DB
S2140075D8F6190B409360936801005B005B089360A4
S2140075E822000EF075FAFFF799FFED1B2000C13058
S2140075F8102D07D83100AAB2D4340AF0CAF925608B
S21400760807B0F0BD2700B1373B00009600991A78FE
S21400761809784A401A70009A01330132009298425B
S214007628F4D11022390002A80AF0B3F90B4A0C4923
S214007638936810360B409360936802A95B005B085A
S2140076489360080022000EF043FAFFF767FF102247
S214007658380002A90AF09DF9103DC7E7FC6F044000
S214007668FFFFFFEFF0B50C008BB05E4D1022002137
S214007678019002A80AF0A2F9AB685B4A02A9134077
S214007688AB60AB6822005B005B080800AB600EF0DE
S2140076981FFAFFF743FF02AB1A7800217F2A49D961
S2140076A818785A784000D209024301311A7001331B
S2140076B80F29F5D102ABDA7B792352005B4253409F
S2140076C82700D4373868DBB202AAD37310283FD114
S2140076D823002000C133D130197816780132714062
S2140076E8197001339842F7D121002000B1310B0000
S2140076F8C1301A781E7C72401A7001338342F8D162
S21400770806A810220AF045F9AB68374A06A91340BE
S214007718AB60AB6822005B005B08AB6001980EF0BC
S214007728D7F9FFF7FBFE1022002102A80AF046F957
S2140077380BB0F0BD18785A784000D20902430131E0
S2140077481A7001330F29F5D102ABDB7B5B00B7E774
S2140077580022002102AB9A568A4234DA1E785A78FA
S2140077687600D209324301311A7001330F29F5D158
S21400777802ABDA7B792352005B425340DBB202AAA3
S214007788D37380222318C1331A70431C0026009333
S214007798102B01D80F36361AC230320000212018B6
S2140077A810F0D4FF009B2000F61823003E60C1337B
S2140077B802AAD1301978167801327140197001334F
S2140077C88342F7D190E71E785A787600D20932437A
S2140077D801311A7001330F29F5D102ABDB7B5B0050
S2140077E8CCE7C046FC6F0440FFFFFFEF7047000081
S2140077F870B500221124084D23005343EE5C8642E0
S21400780805D10020054A20339B180B6070BD013255
S214007818142AF1D10320F9E7C8550020A8550020FE
S214007828F0B5BFB006000D0017000224019309B397
S214007838449BFBB108A8FFF787FE019803A9FFF74A
S214007848D7FF0400B0B9039908A80131FFF78CFEEA
S21400785826B11022310008A8FFF78AFE3A00290050
S21400786808A8FFF785FE08A904A8FFF7FBFE049BF7
S214007878449A136020003FB0F0BD00007FB5002694
S214007888334C050010220021684610F05FFF631C89
S214007898DE772300012231331A7023009218423310
S2140078A81A702300053253331A70230001326433EA
S2140078B81A702300013275331A7023007632863325
S2140078C81A702300013297331A7023000132A83346
S2140078D81A7023000132B9331A7023000132CA33F2
S2140078E81A7023000132DB331A7023000132EC339E
S2140078F81A7023000132FD331A7023000132FF3359
S214007908DA7340F21F130132E25411330132E254A3
S21400791811330132E25411330132E2541133013289
S214007928E25469460B487C3A0AF033F810223100D4
S21400793820000AF043F81022310007480AF03EF803
S21400794805B9064D0020064B1D6004B070BDC04644
S214007958A85500200C570020B8550020F5770000E1
S214007968A4550020010010B5022029B1034840F2B2
S21400797874120AF00EF8002010BDC046A855002064
S21400798840F27413036001487047C046A8550020AB
S21400799813B5040003207E2B04D80498009020001A
S2140079A8FFF73EFF16BD30B585B01C0008AB0500D6
S2140079B81B78022061B10020039003A800902800DD
S2140079C8FFF72EFF20B90398001B431E9841C0B24C
S2140079D805B030BDF0B5B1B00F0014000225009018
S2140079E80193C8B1019BBBB10F23033519401F4251
S2140079F812D1B02203A809F0E1FF200002A9FFF780
S214007A08F7FE050040B9029903A801310EF052F8B6
S214007A183E00B81BC0B216B9280031B0F0BD114CF4
S214007A28114AA368103E1340A360A36803AA5B002C
S214007A385B08A360009BB6B21918019B18180EF0D5
S214007A4847F80821094A93788B4393708022A368E5
S214007A5852051343A3608023A2681B061343A36042
S214007A68D7E7C046FC6F0440FFFFFFEF00100D404D
S214007A787FB5002311220D001A4914005C430E5DE1
S214007A8886422AD1184B80382134C0B21022174EAD
S214007A98E418092819D840F24923C340DB0714D54F
S214007AA80021684610F052FE6B467F2210212800FF
S214007AB8FFF790FF102205006946200009F069FFCD
S214007AC833689847280004B070BD2900200009F0E4
S214007AD860FF336898470025F4E70133142BCCD1B0
S214007AE80325EFE7C8550020A8550020A455002018
S214007AF8022310B511B1FFF7BBFF0300180010BD35
S214007B087FB50D0016001C000220B1B1102200211E
S214007B18684610F01BFE7F2C04D1022332009A43DD
S214007B28032052B16B46320010212800FFF752FF9F
S214007B3818B969462000FFF79BFF04B070BD000027
S214007B48010010B5022039B10448102209F021FFBF
S214007B58034B1B689847002010BDC046A855002058
S214007B68A455002000487047A8550020010010B50D
S214007B78022039B10448102209F00BFF034B1B689A
S214007B889847002010BDC046B8550020A4550020D0
S214007B9800487047B855002003000020082B04D87A
S214007BA82230FF30D840012318407047030007B53D
S214007BB80800052B07D0082B08D053B900F0B8F9F1
S214007BC8019001980EBD01F057FAF9E701F09AFF07
S214007BD8F6E700230193F4E7030010B50800052B29
S214007BE805D0082B06D00BB900F02CFA10BD01F012
S214007BF8A9FAFBE701F0F6FFF8E7030010B508005E
S214007C08052B05D0082B06D00BB900F03FFA10BD9F
S214007C1801F0ACFAFBE701F0F9FFF8E7030010B54E
S214007C280800052B05D0082B06D00BB900F040FA43
S214007C3810BD01F0ADFAFBE701F0FAFFF8E7020025
S214007C4810B50800052A08D0082A09D0002312B95A
S214007C5800F002FB0300180010BD01F049FBF9E72D
S214007C6802F0CCF8F6E710B5040008001100052C61
S214007C7808D0082C09D0002314B900F0F3FA030042
S214007C88180010BD01F03CFBF9E702F0BFF8F6E774
S214007C98030010B50800052B05D0082B06D00BB935
S214007CA800F0C2FE10BD01F09BFEFBE702F0E0F814
S214007CB8F8E7020010B50800052A08D0082A09D0F7
S214007CC8002312B900F010FB0300180010BD01F0E5
S214007CD841FBF9E702F0F4F8F6E710B504000800EF
S214007CE811001A00029B052C05D0082C06D00CB9EA
S214007CF800F00EFB10BD01F041FBFBE702F016F9A1
S214007D08F8E710B5040008001100052C08D0082C68
S214007D1809D0002314B900F04BFB0300180010BD6F
S214007D2801F074FBF9E702F03DF9F6E770B50500D7
S214007D38080011001A00052D08D0082D09D00024C7
S214007D4815B900F09FFB0400200070BD01F0C8FBC9
S214007D58F9E702F06FF9F6E773B5079E0500080025
S214007D6811001A00069B052D09D0082D0BD00024FB
S214007D781DB9009600F00EFC0400200076BD0096A3
S214007D8801F036FCF8E7009602F0DAF9F4E70200AC
S214007D9810B50800052A08D0082A09D0002312B909
S214007DA800F0A2FC0300180010BD01F0B9FCF9E7CA
S214007DB802F09EFAF6E7020010B50800052A08D079
S214007DC8082A09D0002312B900F062FE0300180042
S214007DD810BD01F039FEF9E702F0B3FAF6E7020043
S214007DE810B50800052A08D0082A09D0002312B9B9
S214007DF800F09CFC0300180010BD01F0AEFCF9E78B
S214007E0802F0A1FAF6E7020010B50800052A08D025
S214007E18082A09D0002312B900F08AFC03001800CB
S214007E2810BD01F09DFCF9E702F090FAF6E710B5F0
S214007E38040008001100052C08D0082C09D00023DF
S214007E4814B900F095FC0300180010BD01F0AAFC58
S214007E58F9E702F07DFAF6E7030010B50800052BEF
S214007E6805D0082B06D00BB900F084FC10BD01F035
S214007E789BFCFBE702F082FAF8E770B505000800FD
S214007E8811001A00049B052D08D0082D09D00924D6
S214007E9815B900F08DFC0400200070BD01F0A2FCAE
S214007EA8F9E702F089FAF6E770B505000800110050
S214007EB81A00052D08D0082D09D0CCB215B900F047
S214007EC805FE0400200070BD01F0DCFDF9E702F0B5
S214007ED87FFBF6E7030010B508001100052B05D058
S214007EE8082B06D00BB900F0FFFD10BD01F0D2FD3F
S214007EF8FBE702F07DFBF8E70A4B10B51B6A0400A7
S214007F08984770B1084B094A1B78DB00995800223D
S214007F1810008C4205D305495B185B68A3425241A2
S214007F28D0B210BD309E01001C570020ACA901003D
S214007F3807B500220300007800920138382834D8A4
S214007F480FF070FC1D223324331F3333333333339F
S214007F58353E333333333333413333334B4D4F515D
S214007F6833333333263333333333333333333333E1
S214007F7833335A53583333335A5833626500DB78F1
S214007F889BB10223009310E09B78F9E70723F9E7F3
S214007F989A785B785BB21AB92BB1013BDAB202E089
S214007FA81A00022BF9D152B2009200980EBD012297
S214007FB89A569B7813B9174B9B5CE3E7164BFBE77F
S214007FC8164B1B78DEE740F2E831154809F0D4FC7A
S214007FD840F2D073C0180090E7E7124BD2E7124B76
S214007FE8D0E71023CEE7114BCCE740F211136A46D0
S214007FF81380DAE70323C5E70D4B0E4A1B789B0070
S2140080089A580D4B9B1ABDE70C4B1B88EFE70C4B99
S2140080181B68B7E770AA010068AA0100184000208C
S21400802818FCFFFF005800200258002020570020A8
S2140080381C570020D4A9010040F70937045800202F
S21400804808580020037810B5382B0ED0392B11D0DD
S2140080580E2B09D10A4903790A789A4204D00B7084
S214008068084B06209B6F984710BD074B8288E43361
S2140080781A80F9E7044B4268E8331A60F4E7C0460A
S21400808818400020309E0100205700200C218268EE
S214008098C36810B5047840786143044C0919497AD6
S2140080A806314901091900F0B2FD10BD205700201D
S2140080B870B58AB06A46642313810023937200233E
S2140080C8002204920593069207930892099303796F
S2140080D80400042B17D818000FF0A4FB17587303D6
S2140080E87B004F4B64211A00C03211801A00002012
S2140080F80021C832106051601A00D833D0321060A0
S2140081085160186059600AB070BD464D6379464E96
S2140081182022280002A9337009F03BFC0323012221
S214008128424943486B8400F066FD552301225B42B2
S214008138AB845A33AB623F4B00211A70022323727A
S21400814840F6B833E36040F2E833236140F2D07378
S214008158636141F28833A36141F27073E361A31847
S214008168E280D977337834499B0058583349091A3E
S214008178616240F20211218521002A310A70304AD4
S2140081889B58E3622F4B23632F4B6363244A1100EB
S2140081981000E031E2300B88008803430B801100A2
S2140081A82A4B31CB31C170CB70C11F4B22491B788B
S2140081B89B005958214B5B1A1360254B5B1AD360FA
S2140081C8A1E7216800299ED0F022154809F0E1FBB6
S2140081D899E7154A1078013803281FD80FF022FBB4
S2140081E8021A031C09236A4693711A4B911D9C6F49
S2140081F80820A0476B46591D0E4B06201B785A1EB2
S21400820893410B70A0476B46D91D002309200B70BD
S214008218A04778E70323E6E70523E4E70223E2E737
S21400822820570020E05700201C5700200258002046
S2140082380058002018400020D4A9010000EA06379C
S2140082488CA901009A99094040002000A0AA0100C4
S21400825840F70937309E0100F02303600048704756
S21400826820570020030010B508000E2931D80FF05B
S214008278D9FA08303030300C1A1F302929303030FF
S2140082882D001868FFF738FE10BD0020124A134963
S214008298127818568A56997891B900F070FC431EE1
S2140082A89841C0B2F0E70020052218560021F4E7EE
S2140082B80020094A0A49127818568A565978EBE770
S2140082C80221EAE7002007221856EFE7054B187840
S2140082D8E5E70020D8E7C0461C570020A5A90100FE
S2140082E8A0A901001840002010B50279030022B1A9
S2140082F80020012A07D1044801E001220348196832
S21400830800F079FC012010BD02580020005800201B
S214008318F7B51C00204B16001B78204A0D00D35CCE
S214008328191C5BB2834200DD011C1D481D4F8446A4
S2140083384AB261709100CB590120634504D01A48AF
S2140083481B18584243415800A070072A19D13220FA
S21400835800F030FD22002300A17C0C320833019285
S214008368009332000023072911D1290000F050FDA0
S2140083780123E356072B03D0A06800F01FFEA06079
S214008388F7BD0A4B7958985C00F00CFDE2E7290027
S21400839800F016FDECE7C0461C570020A0A9010017
S2140083A890D0030078AA0100E05EF8FF98AA0100C2
S2140083B8F0B501272E4D8FB06B680D910400C75796
S2140083C8466898470B900B9B0020C3BBA37C43B919
S2140083D822780C335343274A9A1856680EB9254A0A
S2140083E89E58254B3000DB570C93EB689847AB69D3
S2140083F89C46637C072F24D100200993012308900C
S21400840807900690059304900390A36840F2E8321C
S2140084189BB2029305230C990193184B4A43009389
S2140084284CF2503103006446A047154B0B98D95DB3
S2140084386B6D0D31C9B2984701200D9B1F700FB0A8
S214008448F0BDA178012609930023089607930693A2
S214008458059304930393A268300092B2029208220E
S21400846800930192330064460C9AA0470B96DCE70B
S214008478309E01002057002098AA0100854501007B
S21400848870AA0100F0B591B00D9201220F918256A4
S2140084983A4B04009B5602250B930C23017865572C
S2140084A84B4337495B185B7A06335B015B189B784E
S2140084B88178181C5BB2AB4200DA081C012143B273
S2140084C80C93304B9200D3582F4A0A91934205D00A
S2140084D82E4A9B185A4253418B400A93A2686168F9
S2140084E80C9800F0BFFC0C232278294F53432449EC
S2140084F8FA680E9058589047FB69012200259C465A
S21400850840F6A073A2560893079506950595072A80
S21400851825D1012304930433029340F2E8330B9ADF
S214008528664653432800009346F2A8120A9B0E9903
S21400853803950195B0472E003000217B7B6D984748
S2140085487B6A3000217B98470D9B0D9A18600023A4
S214008558012053600F9B0C9A1A7011B0F0BD0823C7
S214008568012602930B9B2A0003950093300065466C
S2140085780A9B0E9904960196A847DDE798AA01007B
S2140085882057002078AA010090D00300E05EF8FF8C
S214008598309E0100F0B5002693B0019102920400C7
S2140085A80622002108A8039310F0D0F804AB5E80DA
S2140085B80725237AB34206D9606808A9801900F00F
S2140085C885FB00284FD1022704AB1F72637A04AAE2
S2140085D806A89372FFF7ACFC03000AA80571A27AF6
S2140085E808AD42716A7804A98271AA78C2712A789D
S2140085F80272E27A4272227B8272627B0375C272D0
S2140086081022354B027304AAD2191B780261334A2A
S214008618D35C12224375324B52188361072311210B
S2140086288383236804AC0A9309192B0000F069FBBE
S2140086380400072809D12B4B3A001F001800002118
S21400864809F0BCF904AB5B883B8020006B78019A84
S2140086581370AB78029A13702B78039A1370189BD2
S2140086681E7013B0F0BD04AB04AA9B8A361853805C
S214008678901CD27CF6B2062A15D00625002A98D178
S214008688002B00D195E701206D1919001141014210
S21400869805D029005143124FC9190968D1B10132D2
S2140086A8102AF2D184E7002240F2010C15000C21B2
S2140086B851430B4FC919096821B161469140654677
S2140086C80B439BB20132102AF1D1002D00D16FE77F
S2140086D803806DE706256CE71C570020A5A9010056
S2140086E8205700200058002070B505004068FFF7A6
S2140086F803FC0630C4B200200A4B0B4A1B78002144
S214008708D256285600F03BFA08B902239C430120AB
S21400871807220021285600F032FA08B904239C43A1
S214008728200070BD1C570020A0A90100002070473B
S214008738037810B5040000200F2B0CD86068FFF7EC
S214008748DBFB0C23227802305343084AC0B29A58FF
S21400875812B90223984310BD032804D1034A9B1874
S21400876862685A60F7E70220F5E7C04620570020FF
S2140087780220704710B588B06A460B4B00930B4B27
S214008788019343781372037853724388538103AB7B
S214008798021D12CA12C30269436968460692079305
S2140087A800F086FB08B010BD20570020E0570020D8
S2140087B8F0B58FB0079104920021102205000AA890
S2140087C81C000FF0C3FF08AB4620D91D03F058F86D
S2140087D8614E01220021300000F0EFF918B903239A
S2140087E8328813433380A868E968F8F7DDFDAB687C
S2140087F8EA68060013430F0033B12A686B688B4299
S21400880859D801D1824256D80022002322606360DC
S214008818524C01232200A97C687C00F0FFF90090E6
S21400882801916B7CC03C0593102326000024012789
S214008838EB56029406930394494BE0331B88234176
S2140088483B421BD03368CBB1059B1BB9033323418E
S2140088583B4213D0317A06980A090907090F00F037
S2140088688EF958B1737A3D4A5B019B189A69DB69A1
S2140088781A43C2B1039B0133DBB2039301340C36AF
S214008888102CD9D1029B0BBB039BC3B90322344BD4
S2140088980C20E03319880A431A8000220023049922
S2140088A80A604B6045E0029B029901330AAADBB2D4
S2140088B854540293E2E7921BBB4100920193009B3B
S2140088C8019C049A0B201360546032E0029B591EE8
S2140088D808ABD879002830D0002009F04DF8C6B289
S2140088E80AAB9B5D01360093029B029A96FBF3F354
S2140088F8534310221B4FAA56F61AF6B2BB6F062A27
S21400890819D0194901209847154A0098E4320021E1
S214008918525E0C214143124B1148E83341583F69D7
S21400892801201B68B84768B9013CE4B2002CD7D1CF
S2140089380D300FB0F0BD0D49E4E709F01DF80AAB9D
S2140089481B5C0093079B009A04991A700022002368
S21400895800200A604B60ECE700580020E057002033
S21400896820570020309E0100204000201C40002098
S214008978F8B5067905000620012E1BD903380F2EF8
S21400898818D82A680124137A19091B071B0F8B426B
S21400899807D8144B14481B78C356994200DC0024A9
S2140089A8E4B21068FFF7A8FA01235840C3B214B11E
S2140089B80533D8B2F8BD0420002BFBD10C221700D3
S2140089C877430A4B2968FF18380008F0E2FF0122AF
S2140089D8B240064B7C72E033198820000A431A809E
S2140089E8E8E7C0461C570020A5A90100205700202C
S2140089F870B50478012C02D80025280070BD102216
S214008A082100074800F0C5F805000028F4D00C221D
S214008A185443044B0021E0180FF098FEEDE7C046DB
S214008A280058002020570020F0B50600022487B022
S214008A386B461C7001346846E4B2FFF7D9FF102C69
S214008A48F6D1337A102B21D17368DC7BF4B9502326
S214008A58642703AD2B72032262437368995C9B18E4
S214008A6829605A7812020A432A609B781B0413432B
S214008A7800227B436A602B602BB101A8A31C0195DA
S214008A880371FFF775FF0134052CE4D107B0F0BD7C
S214008A9807B502680379116839B96A4668461370DB
S214008AA8FFF7A6FF80B103200EBD00926A4668460F
S214008AB81371FFF75DFF03000220042BF4D0013882
S214008AC8052BF1D0002BEED00020EDE7C90020B929
S214008AD8034BC9188856C0B27047024BF9E7C04620
S214008AE828AA0100E8A90100030010B50A4A86B0C2
S214008AF801929A6801A8426040F21132028100226F
S214008B0882725A681B880C000382C26000F016FA4C
S214008B180323237006B010BD98AA0100F7B501918B
S214008B2808A90978009049B200209A4224DB8A42B4
S214008B3822DC0C26012719E0019C4100095B7343DF
S214008B488C460999CC18002361461941394207D04A
S214008B58217A0D072D0F954202DC090991420CDA9D
S214008B6801330C34102BEFD10130C0B20301009949
S214008B78DBB29942E0D80020FEBD0120FCE70300E6
S214008B8800208B4204DBD80FD1179A424841C0B266
S214008B98704730B50B090400150900209D420BD319
S214008BA8914209D20F220130114002008A4011007A
S214008BB85B00E25A8A43E25230BDF7B5019228B10B
S214008BC84A0083180020019A914200D3FEBD002473
S214008BD822001F880125A5402E003E40B54201D13F
S214008BE80132D2B20134102CF4D180180131C0B24F
S214008BF8C9B20233E7E710B520B119B10023520015
S214008C08934200D110BDCC5AC4520233F8E70A6129
S214008C184B6100B170478A60CB60FBE7F0B5012670
S214008C2876420F00140035005B0185B0D318039018
S214008C380293029BA34209D1731C03D16B1C01D17A
S214008C48002635003000290005B0F0BD039B5BBB4D
S214008C58A068E168F8F7A8FB0190009120696169AF
S214008C68F8F7A2FB02000B000FB900221300190048
S214008C78009B10008B4203D804D1019B934201D974
S214008C8801980099A269E3698B4202D812D1824200
S214008C9810D9121A8B419D4202D803D1964201D9A7
S214008CA816001D002034C4E74FB120696169F8F743
S214008CB87BFBE7E700220023A261E361F2E70022DC
S214008CC800233E003D00A261E361EBE710B50278A1
S214008CD803000020032A13D15A780F301400120913
S214008CE804408C704A709A788A80DC782402224382
S214008CF88A801B795A06520F0340CA700B700A38CE
S214008D0810BDF0B50627072687B003910492059391
S214008D18437904000579C7578657E3B10823C35635
S214008D280293002D3AD00F2F1DD10927E7570F2E93
S214008D382AD10A23E356072D03D1029A0AB901322B
S214008D4802922800039A1770049A1370059B029AD9
S214008D581A7007B0F0BD0B2309270A26C3560293DC
S214008D68C7578657DDE71423A269E356207B01928E
S214008D781522A256009221693A00FFF7CFFE002876
S214008D88D5D102239D43D2E71D23E356B342D2DC56
S214008D981C23E356B34203DA04239D433300D0E78B
S214008DA83300C8E7024B8340B3FBF1F07047C04678
S214008DB840420F0041F64073B3FBF0F070470000E6
S214008DC830B540F2E8350C1F44436A43A2185200F7
S214008DD81AB1441EA218B2FBF0F2914200D211005A
S214008DE8039A116082004843002108B10130410807
S214008DF8521A40F2E8314B43D31A01D5034A9B185E
S214008E0893FBF1F1049B196030BDC04619FCFFFFC7
S214008E1830B51D0040F2E8334C1F44435A43A218AD
S214008E2852001AB1431E9A18B2FBF0F2914200D2D1
S214008E381100039B0022196005234343484308B1E9
S214008E48013042089B1A40F2E83255435B1B01D5B5
S214008E5803495B1893FBF2F2049B1A6030BDC046C8
S214008E6819FCFFFF70B54000141C0D1C0FF036FAF5
S214008E78011C281C0FF006F8211C0FF003F8051C2F
S214008E880FF0C4F90021060044B2281C0EF018FDA5
S214008E9860B930000FF0DAF9011C281C0EF0F2FF5A
S214008EA800210EF0E9FC08B9013C64B2200070BD50
S214008EB80C220100F8B5C07A0B6842439B185B7A0F
S214008EC84A685B01D05AD41800220023A261E361E5
S214008ED84B7A8A7A33BB40F60F66CD686433B54260
S214008EE809D949F6AF23AB429B4142F228352B40BD
S214008EF840F2E8355B190AB90A7A92B1051C98421D
S214008F0800D21D1C002301267642F717AAB2B6180F
S214008F185F418A69CB69300039000EF0FBFCA0611E
S214008F28E161F8BD002AFCD002008869C9690023FF
S214008F3801267642F71792197B41EEE770B52F2681
S214008F4804008CB01C4D6E4431001D2002F098FCC5
S214008F582B1DDB6F98472B6B98473078AB6D98477F
S214008F68EB68606898470120217A6B6D9847637AAA
S214008F7822680026D25CE368A17A58424341012061
S214008F8808960796069605960993237A03900493FF
S214008F98238A009602930A23AE6901930300B0471A
S214008FA86B6BE068984720B101F078FB642002F00C
S214008FB8D1FC0CB070BDC046309E010003003F28AF
S214008FC803D8FE20013318407047F8221000F72B0C
S214008FD8FAD8073313401800F6E70000194B70B5A7
S214008FE81B6A04000D00984730B1174B174AE31860
S214008FF8934202D802232B7070BD154B154AE3180E
S214009008934201D80023F6E7134B144AE318934219
S21400901801D80123EFE7124B124AE318934201D80E
S2140090280523E8E7104B114AE318934201D80323B7
S214009038E1E70F4BE4180F4B9C4201D80423DAE70C
S2140090480020D9E7309E010040AA8FCC7F841E00FE
S214009058C02571CCC0C62D00FF5E43CCBF270900D3
S214009068A0B038CC20A1070040022ECC90D0030038
S214009078606E29CCE093040007B500220300007850
S2140090880092212816D80C2804D8072304282AD0AA
S21400909800980EBD0D381428FAD80EF0B9FB202615
S2140090A8F9F9F9F9F9F929F9F9F933353739F9F9FF
S2140090B8F9F917002F38C3B2072BE9D80728E7D8DD
S2140090C80EF0A6FB282A2FE6E6E6282F5B785BB28A
S2140090D81A000BB1013BDAB252B20092D8E75B78BD
S2140090E8114A5BB2D35C0093D2E7104B1B78FAE7C1
S2140090F840F2E8310E4808F03FFC40F2D073C01842
S2140091080090C5E70B4BEEE70B4BECE71023EAE7BE
S2140091180A4BE8E70A4BE6E740F211136A46138063
S214009128B6E70323DFE7C046B8AA010024400020BC
S21400913818FCFFFF90590020925900201058002074
S21400914808E6D333037810B50E2B09D10549037901
S2140091580A789A4204D00B70034B06209B6F9847F8
S21400916810BDC04624400020309E01000C218268B5
S214009178C36810B5047840786143044C0919497AE5
S214009188063149010919FFF742FD10BD10580020A5
S214009198F0B5B3B002AE0400C022002130000FF0D4
S2140091A8D5FA0A2140F2E8320A2064236944CA87BD
S2140091B81AA9088022A9338033840B802AAB1A8028
S2140091C8207904284CD80EF02DFB03374D5667003F
S2140091D83D4DC0222800310008F0DBFB40F2821328
S2140091E80722C03DEA523949063A3948FFF703FDD7
S2140091F80123384AE380137040F6B832E26040F242
S214009208E832226140F2D072626141F28832A2618D
S21400921841F270720023E261621C2372D3772E4AF1
S2140092282385626222002A3213708323DB05E362F9
S2140092382A4B23632A4B636340F2801140F2821064
S214009248284B5A5A185A02435A52274A18001100ED
S21400925870C970C0E0C9E0C01833183213CA13C307
S21400926833B0F0BD21680029FAD040F288121D48B4
S21400927808F08FFBF4E7002200200021124BB45AB6
S21400928820329860D960186159619861D9611C804C
S2140092982033C02AF3D1E3E76B460025991D134B0C
S2140092A808209C6F0D70A0476B46591D094B062079
S2140092B81B785A1E93410B70A0476B460920D91D90
S2140092C80D70A047CCE7C046D05800209259002021
S2140092D8905900202440002008E6D3339A99094084
S2140092E84000200010580020E8AA0100309E010027
S2140092F840F28813036001487047C04610580020A3
S214009308030007B508000E2920D80EF08BFA081FB0
S2140093181F1F1F180E181F18181F1F1F1C006A462D
S2140093281868D11DFFF75AFE0EBD002005221856F4
S2140093380021FFF724FC431E9841C0B2F4E7002042
S21400934807221856F4E7024B1878F4E70020EBE7F4
S2140093582440002010B50279030022B10020012A1B
S21400936807D1044801E0012203481968FFF743FCC7
S214009378012010BD9259002090590020F0B585B004
S2140093881C000D000392031C072800DD07231B4F53
S2140093985EB2BC461A49B20063705358012763454B
S2140093A804D0184FDB195F427B415F00A770062880
S2140093B81ADD3220FFF7FEFC22002300A17C0C32C7
S2140093C8083301920093039A0023072912D1290033
S2140093D8FFF71EFD0123E356072B03D0A068FFF70F
S2140093E8EDFDA06005B0F0BD074B8958985DFFF706
S2140093F8D9FCE1E72900FFF7E3FCEBE790D0030090
S214009408C0AA0100E05EF8FFE0AA0100F0B5012757
S2140094182E4D8FB06B680D910400C7574668984765
S2140094280B900B9B0020C3BBA37C43B922780C335C
S2140094385343274A9A1856680EB9254A9E58254B0C
S2140094483000DB570C93EB689847AB699C46637C07
S214009458072F24D10020099301230890079006902F
S214009468059304900390A36840F2E8329BB20293F7
S21400947805230C990193184B4A4300934CF250313C
S21400948803006446A047154B0B98D95D6B6D0D31EC
S214009498C9B2984701200D9B1F700FB0F0BDA17888
S2140094A801260993002308960793069305930493C9
S2140094B80393A268300092B20292082200930192A7
S2140094C8330064460C9AA0470B96DCE7309E0100F2
S2140094D810580020E0AA010085450100B8AA01003E
S2140094E8F0B591B00D9201220F9182563A4B0400C6
S2140094F89B5602250B930C23017865574B43374937
S2140095085B185B7A06335B015B189B788178181CBE
S2140095185BB2AB4200DA081C012143B20C93304B15
S2140095289200D3582F4A0A91934205D02E4A9B1888
S2140095385A4253418B400A93A26861680C98FFF719
S21400954891FC0C232278294F53432449FA680E903D
S21400955858589047FB69012200259C4640F6A073A0
S214009568A2560893079506950595072A25D101233F
S21400957804930433029340F2E8330B9A6646534347
S2140095882800009346F2A8120A9B0E9903950195A7
S214009598B0472E003000217B7B6D98477B6A3000F1
S2140095A8217B98470D9B0D9A186000230120536075
S2140095B80F9B0C9A1A7011B0F0BD0823012602936F
S2140095C80B9B2A0003950093300065460A9B0E996C
S2140095D804960196A847DDE7E0AA01001058002087
S2140095E8C0AA010090D00300E05EF8FF309E01009C
S2140095F8F0B5002691B001910292040006220021DF
S21400960806A803930FF0A2F804ABDE800725237A9A
S214009618B34206D9606806A98019FFF757FB0028E9
S21400962842D108A80571A37A06AD43716B780A2261
S2140096388371AB7804A9C3712B7852180372E37A46
S21400964809214372237B8372637BC37210230373DF
S21400965804AB9F1D40F2007383822F4B0761836122
S21400966807238383236804AC089309192B00FFF7A4
S21400967848FB0400072809D102220021274808F0E1
S2140096889DF940F280133A882349CA5220006B7825
S214009698019A1370AB78029A13702B78039A13709A
S2140096A8169B1E7011B0F0BD04AB04AA9B89361831
S2140096B8D380901DD27AF6B2062A14D00625002A40
S2140096C8A5D1002BA3D001206D1919001141014224
S2140096D805D029005143104FC9190968D1B1013284
S2140096E8102AF2D192E7002240F2010C15000C2154
S2140096F85143094FC919096821B161469140654629
S2140097080B439BB20132102AF1D1002D00D17DE720
S21400971803807BE706257AE710580020905900203A
S21400972837B56B460500D91D4068FFF757FC06306D
S214009738C4B20020072200212856FFF720FA08B9ED
S21400974802239C430120052200212856FFF717FA1A
S21400975808B904239C4320003EBD012040427047C0
S21400976813B504006B460020D91D237808700F2B0C
S2140097780CD86068FFF732FC0C232278023053437B
S214009788074AC0B29A5812B90223984316BD03284E
S21400979804D1034A9B1862685A60F7E70220F5E787
S2140097A8105800207047000010B588B06A460B4B6A
S2140097B800930B4B019343781372037853724388D4
S2140097C8538103AB021D12CA12C302694369684675
S2140097D806920793FFF76CFB08B010BD10580020E0
S2140097E8D0580020F0B58BB00491059200211022C5
S2140097F8040006A81D000EF0A9FF474E012200210E
S2140098083000FFF7DAF938B940F280120723813EB4
S214009818FF3EB15A0B43B352A068E168F7F7C4FDA0
S214009828A368E268060013430F0033B12268636832
S2140098388B425DD801D182425AD8002200232A6082
S2140098486B60364D06232A00A17C607CFFF7E6F99C
S214009858637C060002931023E3562C0000250F00B5
S2140098680393C03C0095019540F280122C4B9B5AFE
S214009878803A2B41FF3A13421BD02368CBB1029B98
S2140098881BB907332B41134213D0217A03980A09D0
S2140098980907090FFFF773F958B1637A1F4A5B0186
S2140098A89B189A69DB691A43D2B1019B0133DBB274
S2140098B8019301350C34102DD6D1009BF3B10099D5
S2140098C80020013908F058F806AB1B5C0026002774
S2140098D80020049A1370059B1E605F600BB0F0BDF5
S2140098E8009B0099013306AADBB255540093E0E7C3
S2140098F8921BBB4116001F000B20ECE7019B002BB8
S214009908FAD140F28012072305480026815A00271C
S2140099180B4383520C20DEE790590020D0580020D5
S214009928105800200023F0B585B002AAD371077935
S21400993805000620022F19D903380F2F16D82A68D3
S2140099480124137A19091B071B0F8B4203D8063408
S2140099588C42A441644202ABD91D1068FFF73EFB57
S21400996801267040C3B21CB10533D8B205B0F0BDAD
S2140099780420002BFAD10C2213007B430949BE4071
S2140099885B1818002968019308F003F802ABDB7926
S214009998019A0449537240F280128B5A20003343CE
S2140099A88B52E3E71058002070B50478022C02D8D2
S2140099B80025280070BD102221000748FFF7E9F8A7
S2140099C805000028F4D00C225443044B0021E0186C
S2140099D80EF0BCFEEDE7C046905900201058002057
S2140099E8F0B50600032487B06B461C700134684641
S2140099F8E4B2FFF7D9FF102CF6D1337A102B21D119
S214009A087368DC7BF4B95023642703AD2B720322FA
S214009A1862437368995C9B1829605A7812020A4355
S214009A282A609B781B04134300227B436A602B60E2
S214009A382BB101A8E31C01950371FFF773FF0134EE
S214009A48052CE4D107B0F0BD07B5026803791168A4
S214009A5839B96A4668461370FFF7A6FF80B1032037
S214009A680EBD00926A4668461371FFF75BFF030057
S214009A780220042BF4D00138052BF1D0002BEED0B1
S214009A880020EDE7891A081C090600D50020C0B298
S214009A9870470000030010B50A4A86B001929A681B
S214009AA801A8426040F211320281002282725A688E
S214009AB81B880C000382C260FFF740FA032323705A
S214009AC806B010BDE0AA01000A4B10B51B6A0400D8
S214009AD8984768B1084B094AE3180020934207D80C
S214009AE8074AB3FBF2F14A439B1A5A425341D8B28B
S214009AF810BDC046309E0100608FF7C84016400073
S214009B08C027090007B5002203000078009237280E
S214009B1805D80C2805D801281ED0042838D0009867
S214009B280EBD0D382A28FAD80DF072FE2227F9F94C
S214009B38F9F9F9F92AF9F9F93436383AF9F9F9F95F
S214009B4819F9F9F9F9F9F9F9F9F9F9F9F9F93C42CC
S214009B58164916F93C16160008230093DFE75B78CB
S214009B685BB21A000BB1013BDAB252B20092D6E7EA
S214009B785B78144A5BB2D35CEFE7134B1B78ECE7D1
S214009B8840F2E831114807F0F7FE40F2D073C018EB
S214009B980090C4E70E4BE0E70E4BDEE74823DCE711
S214009BA80D4BDAE71A790D4B53430D4A9B18D4E749
S214009BB840F217436A46138003239370AFE7074BB8
S214009BC8CBE7C0460CAB01002540002018FCFFFF81
S214009BD8185D0020305D002098590020C027090035
S214009BE8A0700837037810B50E2B09D105490379FC
S214009BF80A789A4204D00B70034B06209B6F98474E
S214009C0810BDC04625400020309E01000C21826809
S214009C18C36810B5047840786143044C0919497A3A
S214009C281B3149010919FEF7F2FF10BD98590020AB
S214009C38F0B58BB06A460123138100239372002285
S214009C48002304920593069207930892099304004A
S214009C580079042819D80DF0E5FD1A798A039400CE
S214009C6840F260320121534B0020995200210832FD
S214009C789A181060516040F270329A18106051605D
S214009C8840F278329B18186059600BB0F0BD4A4D08
S214009C982022280002A907F07CFE484B0022E8187C
S214009CA840F2A43301003026C252454D454B464F7C
S214009CB80360DB19067242720C30AB42F7D14426B9
S214009CC80025424B424A4348434F1A60D2191E7237
S214009CD85D720C338242F7D1012340F298325B4220
S214009CE88B5004328B5040F2A033FF223B4ECA50B2
S214009CF830003B49F93AFEF77EFF06223100394824
S214009D08FEF779FF0123384AE380137040F6B8332C
S214009D18E36040F2E833236140F2D073636141F2B6
S214009D288833A36141F27073E361631C2572DD77A3
S214009D382E4B63620823238523002A331D702C4B81
S214009D48E362002323632B4B63639EE723480622C4
S214009D5823490400FEF74FFF0023A1892288013318
S214009D680A40DBB2A2810234062BF6D18DE72168C1
S214009D78002900D189E740F2A8320E4807F009FE0C
S214009D8883E76B460625991D1B4B08209C6F0D70B4
S214009D98A0476B46591D144B28001B785A1E934142
S214009DA80B70A0476B46D91D012309200B70A047EE
S214009DB86BE7C04698590020F85C0020A0FCFFFF1F
S214009DC860518B366001C835400D0300985C002052
S214009DD8C0AFD235C0FF9536006A1800185D00205F
S214009DE8305D0020245D002025400020A070083744
S214009DF89A99004240002000309E010040F2A833A5
S214009E08036001487047C04698590020030010B503
S214009E1808000E2927D80DF005FD08262626260C4C
S214009E281115261F1F26262623001868FFF74CFE46
S214009E3810BD002004221856002107E00020052245
S214009E481856F9E700200D2208211856FEF797FE47
S214009E58431E9841C0B2EBE700200E221856EBE7E7
S214009E68024B1878F4E70020E2E7C04625400020B9
S214009E78F0B5037A102B1ED14268D37B012B1AD17A
S214009E880020FF2540F288360B4B0C495C181178E9
S214009E98198057783F0239431980042801D1294090
S214009EA8A1539F89198801303940C0B2998102327E
S214009EB802330528EBD1F0BD185D002080FCFFFFBB
S214009EC870B50422050000210068FEF776FE002320
S214009ED8012803D02E791EB1012E1BD0180070BDA4
S214009EE80F48062204002968FEF785FE40F2A032D5
S214009EF80C4BE318995C995202329E520623A189AC
S214009F082288013B0A40DBB2A2810234002BF6D13C
S214009F180123E3E7062204482968FEF76CFEF7E704
S214009F28185D002080FCFFFF305D0020F7B51C00A0
S214009F380D001600031C0D2800DD0D23154859B228
S214009F488446154F8A006370D3590120634504D0B0
S214009F5812481B18584243415800114BA070585CD1
S214009F68B958FEF71FFF22002300A17C0C320833E5
S214009F780192009332000023072907D12900FEF733
S214009F8847FFA068FFF71AF8A060F7BD2900FEF79C
S214009F9817FFF6E790D0030030AB0100E05EF8FF4D
S214009FA870AB0100F0B501271D4E8DB073680B919C
S214009FB80400C757456898470300002073BBA37C76
S214009FC833B907222378174D13405D43164BED1817
S214009FD8164B2800DB5701250A93F3689847637CDD
S214009FE8A17809930023089507930693059304938D
S214009FF80393A268280092B2029208220093019264
S21400A0082B000A9AB469A047094B2800D95D736DDE
S21400A0180D31C9B2984728000B9B1F700DB0F0BDD4
S21400A028309E0100C0270900A070083770AB0100F9
S21400A0380CAB01000123F0B5022491B00C920E91EE
S21400A048C356374A0700D2560D920457042B4CD1F4
S21400A058231C022C00DA02235BB20B930123012196
S21400A068FB56304A9B009B582F4A0E00934205D059
S21400A0782E4A9B185A4253418B401E0000222C49F8
S21400A0880B98FEF7EFFE0C233A782A4953432A4AE0
S21400A0980F90D2685858904740F6A0730893082344
S21400A0A802930D9B00250093234B0124DB692A00AD
S21400A0B89C460F9933002000664607950695059539
S21400A0C8049403950194B0471B4E2000397B736DAA
S21400A0D89847736A2000397B98470C9B0B9A21C3D4
S21400A0E820000E9B1A7011B0F0BD0C2302250278D2
S21400A0F8002153430F4A11489B185B7A1B335B01B8
S21400A1089B1804225D57FEF758FD231C312803D9F7
S21400A118AC42A1DA2B1C9FE7052C9DDA05239BE7AA
S21400A12870AB010030AB010090D00300E05EF8FF92
S21400A1380000F04198590020309E0100185D00206C
S21400A148F0B595B00391049200210622040007A8F2
S21400A15805930EF0FBFA0C22002109A80EF0F6FA79
S21400A1680622604909A8FEF746FD0027237A07ADB0
S21400A178BB4205D960682900C019FEF7A7FD60B97B
S21400A1880123EB56032B5CDC0422002109A8FEF70A
S21400A19814FD012855D8062354E0E9783F18AA8804
S21400A1A8FFB209AB062907D1073909910A9101318F
S21400A1B8FF310A401A81D9E7072903D100210991FE
S21400A1C80A91F5E7052939D140F2FF0C61460025CA
S21400A1D811400291009501210122A9402A400192CE
S21400A1E8009A56009A5B1000029A114216D0019AFD
S21400A1F889B24AB96246104398531A890A43013508
S21400A2081A81082DE7D1B1E7374A104398531A89BF
S21400A2180A4300980130C1B20091F0E7C943019A99
S21400A22889B22AB96246904398531A890A40E6E7E3
S21400A2386246104098531A890A40EAE749005A527B
S21400A24894E707230CA80371A37A284D437107AB3C
S21400A2585A7806A982719A7809AEC2711A780531B9
S21400A2680272E27A4272227B8272627B0661C27254
S21400A2784822027340F2004282820E2282832268BB
S21400A28885610C9206AA0632FEF73BFD04000728F5
S21400A29818D1062231001348FEF7ADFC40F28C3286
S21400A2A840F28033A958EB580B40AB5040F2843349
S21400A2B80432A958EB580B40AB5040F28833EA58A2
S21400A2C80C33EA50200007AB5A7803990A709A783C
S21400A2D804991B780A70059A13701A9B1F7015B09C
S21400A2E8F0BDC046185D002000FFFFFF985900200B
S21400A2F870B505004068FFF7E7FB0630C4B20020DB
S21400A3080D2208212856FEF73AFC08B902239C437A
S21400A3180020072205212856FEF731FC012803D025
S21400A3280023EB560D2B01DD02239C43012003225C
S21400A33800212856FEF723FC08B904239C43200076
S21400A34870BDFF207047012040427047FF207047CD
S21400A35840F2A53010B5084C235C5A1ED2B209B993
S21400A3680133DAB239232254534300201C22DBB2CD
S21400A3789A424041800010BD9859002010B588B018
S21400A3886A460B4B00930B4B019343781372037882
S21400A39853724388538103AB021D12CA12C3026963
S21400A3A84369684606920793FEF782FD08B010BD1B
S21400A3B898590020F85C0020F0B51C0000239FB0D8
S21400A3C8099106921900482205000CA801930EF080
S21400A3D8BDF97A4E042230000199FEF7EEFB50B91B
S21400A3E8042230007649FEF706FC764B019AF618EA
S21400A3F840F2A433F2541023EB56032B08DD40F248
S21400A4089432714B995C19B940F28831595A99526D
S21400A418A868E968F6F7C8FF02000B00E868A968AC
S21400A428014331B128686968994254D801D19042ED
S21400A43851D800220023226063600123634AA97C66
S21400A448687CFEF7EBFB1023002402900391EB5682
S21400A458059407930494602600276643E300DBB25E
S21400A4680893594BF618554B01221B5B3B41134288
S21400A47815D033689BB1317A07980A090907090F7E
S21400A488FEF77DFB58B1737A504A5B019B189A69B0
S21400A498DB691A43AAB1059B0133DBB20593013782
S21400A4A80C36102FDFD102340A2CD4D1049BEBB91A
S21400A4B8059BA3B90022002306990C200A604B606E
S21400A4C866E0049B04985A1C089B0CA9DB190B54DD
S21400A4D8D3B20493E3E7801A994102900391029B52
S21400A4E8039C069A0B201360546051E06B7C43B1C2
S21400A4F804990020013907F03FFA0CAB1B5C019366
S21400A50849E010216956304E51B140F29432B05CA1
S21400A51801220100194111424CD04033DBB2EEE76C
S21400A52808220AA80EF012F940F2A4330127F45CB8
S21400A5386308C533244AFF335B009B189B881A0AB6
S21400A5483C4201D1FF221A4000231D001100194188
S21400A558394203D00AA94B550135EDB20133082B11
S21400A568F4D14DB10020691E07F006FA0AAA125C5B
S21400A578E3009B18DBB201930134E4B2072C00D940
S21400A588002440F2A4332DB9F35CA342D0D10320B3
S21400A5981FB0F0BDF454099B019A01991A70074838
S21400A5A84822FEF7F6FA00220023069900200A60E1
S21400A5B84B60EDE70133DBB2ABE7C046245D002015
S21400A5C8185D002074FCFFFF98590020F85C0020F6
S21400A5D8032A00DD0022054B8900C9188B5C181C6D
S21400A5E85BB2002B00DA0020C0B270471CAB01003B
S21400A5F8030010B50A4A86B001929A6801A842601C
S21400A60840F617020281022282725A681B880C00E2
S21400A6180382C260FEF792FC0823237006B010BDC2
S21400A62870AB010040F2A433054AD358E0331B78D8
S21400A638022B00D0062340F2A03153547047C04680
S21400A648605F00200423024A11780B43137070479A
S21400A658605D00200123024A11780B43137070478F
S21400A668605D002040F2A033044AD35C23B1022385
S21400A678034A11780B4313707047C046605F00208A
S21400A688605D002040F24823034A10B5D35813B142
S21400A698DB6803B1984710BD605F0020042310B53F
S21400A6A8034A11780B431370FFF7ECFF10BDC04642
S21400A6B8645D0020022310B5034A11780B4313701B
S21400A6C8FFF7E0FF10BDC046645D0020082310B504
S21400A6D8034A11780B431370FFF7D4FF10BDC0462A
S21400A6E8645D0020F8B5150007000E001C00F6F79C
S21400A6F857FE084B186059609F609E81DD811C7468
S21400A708112305490A789A4313430B70FFF7BAFFDB
S21400A718F8BDC046405D0020645D00201FB540F2CD
S21400A728A433084A02A9D3581A00FF32527F487049
S21400A7388A700D220A701878FDF738FAC0B205B08C
S21400A74800BDC046605F002010B50E4C2000F6F72E
S21400A75821FD0D4B227EE3181AB140F20B3201217F
S21400A768995440F2A4329A58E0321278022A05D157
S21400A77840F2A131585C1E3202435A54FFF782FF5A
S21400A78810BDC046546200200CFDFFFF40F2402278
S21400A798802310B5094CA1580B43A35040F20C3344
S21400A7A8E35C0BB1FFF7D0FF40F2A1312223625CD5
S21400A7B89A4313436354FFF735FF10BD605F0020CC
S21400A7C8F0B585B00700019103F000FD050020B143
S21400A7D8022003F025FD03F0B1FA40F2A433414C01
S21400A7E8E358E0331B78012B13D103F0FDFC060079
S21400A7F828B1002003F0DEFC350003F0EBF903F087
S21400A808FDFC060028B1002003F0DAFC350003F052
S21400A818EDF9354E03A806F085F83278531CDBB2FE
S21400A82833700AB906F0A2F803A806F080F8E5BB6C
S21400A83840F2A03240F20C33A25CE35CC2B913B11A
S21400A84840F24133E754380005F038F82748F6F761
S21400A85805FD50BB40F2A1322023A15C0B43A35454
S21400A868234C231DDB6F9847236B9847E36E1AE04B
S21400A8781BB140F24133019AE254019805F01EF8E4
S21400A88840F2A433E358E0331B78022B14D040F28E
S21400A898A1322023A15C0B43A35440F2A033E35C0F
S21400A8A8134CD3B9E36A984706E040F2A433E3585A
S21400A8B8E0331B78022BF0D1FFF7B4FE03A806F0AE
S21400A8C831F83378013BDBB233700BB906F062F827
S21400A8D803A806F02CF805B0F0BD04F02FFE0028FB
S21400A8E8C2D0DFE7605F002080660020F8610020A5
S21400A8F8309E010013B5F6F753FD6C4602000B00B8
S21400A908094920000CC1F6F7D9FB40F23822074B5C
S21400A9189B1806CC06C32023054A11780B431370F0
S21400A928FFF7B0FE13BDC046585D0020605F0020EC
S21400A938645D002040F2A132104B9A5C920704D561
S21400A94840F229329A5C012A0AD940F2A4329A586F
S21400A9581100E231097819B1E43211680131116049
S21400A968002240F2083102205A5404315A54013960
S21400A9785A54CB395A5882435A507047605F002061
S21400A988094B1A78012318001A420BD140F24021CD
S21400A998064A515831B940F2A233D05C0138431EFA
S21400A9A89841C0B27047C046645D0020605F0020D2
S21400A9B8F0B5002540F20C374F4C87B02580E5559A
S21400A9C8049505951D006E1EB54100910CA90988D1
S21400A9D86D42294040F23815C9B261550578A57010
S21400A9E806787609022E04D00225042E30D1013DC1
S21400A9F8E55526000425FF36757125003F4FFC35C2
S21400AA08EF60FF277773007840F2A437B07340F200
S21400AA1828102254E25904A8D26C6A61009A127867
S21400AA282B63727540F23012A15405F0B5F8132561
S21400AA3870B92200049BFE32138340F24432A052BF
S21400AA480C3205A8A35004F05BFE050018B11425C7
S21400AA58280007B0F0BD059B002BF9D0E920E35984
S21400AA681856FFF75BFE40F238130390E35C019339
S21400AA7813B3059B0293029AE3590F2A1CD8E920C0
S21400AA881856FFF74BFE029A019B944663449BB206
S21400AA98984211D30F201A4A05A904F03DFE002853
S21400AAA8D5D10F21009B059A1B780A408B43134388
S21400AAB8009A13707375CBE740F2A436A259039830
S21400AAC83032FF3205A904F027FE0028BFD140F235
S21400AAD828132200E054A359FC323033FF331363A3
S21400AAE840F23013059AE2540833E25C002AAFD0ED
S21400AAF80A25E054ACE7C046605F0020625F00208D
S21400AB0878600020F0B587B000236A4640F2A43784
S21400AB183D4CD371E35902A91A000870E93212783D
S21400AB2805004A701A00E8321278384E8A701A0001
S21400AB38FC32506A926A48608A60228818788A814D
S21400AB486A4633000732FDF7F1F840F24133012236
S21400AB58E254E35940F24831E9331A7840F2423376
S21400AB68E2546B46DA7940F243336118E254113303
S21400AB78E550326873680A604B6040F260316118CD
S21400AB880A604B6003F092FC40BB40F2A433E358E3
S21400AB98E0331B78012B01D103F002FF03F07CFFA2
S21400ABA840F20C33E35C23B940F20832A35C01336D
S21400ABB8A35440F2B03300200021E318186059600F
S21400ABC8134B217813489B6A9847050088B940F2CA
S21400ABD840220223A1580B43A35007E0306871684F
S21400ABE803F09EFE084310250028CED0280007B0A4
S21400ABF8F0BD672806D01925662800D10E3D03F05B
S21400AC0863FDF3E70D25FAE7605F00207062002019
S21400AC18309E0100625F0020F0B591B0039003F00B
S21400AC28D5FA0E26002800D010E140F2A437CC4C06
S21400AC38E359E0331B78012B00D103E140F22E12D2
S21400AC48E3590AAD995C86329A5C04AE501E82417E
S21400AC582A7040F22D129B5C08A8AB70E970F6F7D4
S21400AC6801FAE35930001A00AD32FF32126808992B
S21400AC78009240F2A8129B58099AF6F79BF90BAB7C
S21400AC8806CE06C340F210330020E3181A685B6845
S21400AC982A616B6140F2A1336870E35C5B0704D5F8
S21400ACA804F026FE08B101236B7040F2A437E3597E
S21400ACB829001878FDF7D0F840F29011E6590023DD
S21400ACC8725A01204042C1178018594140F2103389
S21400ACD8E3181A685B680CF01DFE3300A133FF33D7
S21400ACE8186059600A900B91B73B1B782B7440F29A
S21400ACF82D13F35CAB7440F2B413F35C5A1E934105
S21400AD086B7433009933FF331A685B68AA60EB608C
S21400AD18944DE0362B6B02933378022B00D19EE0DD
S21400AD282B1DDB6F9847029B9847E359E133187849
S21400AD38AB6D984740F2A437E3598B4A1878A1338D
S21400AD480292FF330093894A029B0AA9FDF795F8F9
S21400AD580600002800D085E0E2590A23110016787C
S21400AD68E9321278FF31CB5652B2897F3000FDF7B0
S21400AD789BF8E35941B21F00F0331A787C4BEC3746
S21400AD88009330003B68FCF7A8FF06F03BFA132157
S21400AD98012800D00A3940F2C02240F2A436A3584F
S21400ADA85B1AA350A35919001A001F001878FF3120
S21400ADB8704B497CF0321278EC3700933B6849B206
S21400ADC8FCF78BFF06F01EFA1322012800D00A3A79
S21400ADD840F2D423E158891A40F2B412E150A3593C
S21400ADE89A5C002A61D040F20832A25C82B93132FD
S21400ADF8FF32A75C2200E920FF32567D1856360738
S21400AE08360FFFF78BFCBF1908263100B84201D36E
S21400AE180021032640F2A433E35840F2C0201A006B
S21400AE28F83212682058FC33121840F2AC20225030
S21400AE3840F2D4221B68A2589B1840F2B022A350B6
S21400AE4821BB40E003F0D0F918B10F26300011B04E
S21400AE58F0BD03F0D3F9002800D1EFE6F5E7029B32
S21400AE68984767E70B2811D1039B7BB140F2402235
S21400AE782023A158404E0B43A350029B300019686C
S21400AE88F6F786FA3000F6F7F7F9002640F2402380
S21400AE98E3589B07DAD440F2A433E358E0331B7830
S21400AEA8022BD3D0EB6E9847D0E740F2C020FC3395
S21400AEB85A6820589B68121840F2AC20225040F27C
S21400AEC8B0225B18A35040F2A43340F2B212E35803
S21400AED89A5C42B940F20832A25CE2B940F20A3201
S21400AEE8A25C012A17D8E927DF5740F20D33E35C46
S21400AEF8260002930023FF36079373791BB1042BB1
S21400AF0810D00326C2E71D4804F08AFE08B11226B0
S21400AF18BCE7737B238040F20D33E05CFFF7F2FD5D
S21400AF280600B3E707A804F037FE13260028ADD1BD
S21400AF3840F20833E35C23B940F20A33E35C012BA2
S21400AF4802D9079B013B07930C4E029A33000798D9
S21400AF58F9B204F0E7FE0028D9D13379DAE7C0461B
S21400AF68605F0020309E0100086300206D620020AC
S21400AF781462002028620020D0610020686000204B
S21400AF8840F24022202110B51B4CA3588B43A350F7
S21400AF9840F2B033E31803CB03000B4373B1F6F764
S21400AFA803FA19B941F64073984207D940F2A43318
S21400AFB80021E25840F28F13D15410BD0120FFF74C
S21400AFC82BFE03000028F8D00120082B00D10930FA
S21400AFD840F2A433E358E9331A7840F24233E25495
S21400AFE8383BE25C3B33E254043BE05404F066FC36
S21400AFF8FFF7A0FCE1E7C046605F0020F0B591B01F
S21400B008079340F2A4334A4F0692FB5805911A005C
S21400B018E832128840F2B411039256BA1A00E432A3
S21400B028126804900A92595C0725002970D040F2ED
S21400B0382C11595C31B91C0000200021A134FF34C2
S21400B04820606160002009A908701800E2300578C1
S21400B058E80108701800E0300078012803D10C7861
S21400B0680F302043087040F28F11595C21B120211F
S21400B07809A80478214301700C9240F2F022BA58CD
S21400B08801210D921A000BA8868145700170FF32C7
S21400B098517A0F260E2581730D21527F06ACC27396
S21400B0A81B780919037406ABED18F6180AAB2A00C4
S21400B0B80093330002F00BFD012340221840830161
S21400B0C8207B06A990431843207340F2A4343B59CA
S21400B0D8497B1A00E93211703178E833D1772A783B
S21400B0E804981A70079B059A009309A9069BFFF710
S21400B0F85FFC050010B102000A2804D10020FFF703
S21400B1088BFD020038B115003B590399E8331980C6
S21400B118280011B0F0BD40F28F123B5998540A9A95
S21400B128E4331A6004F0C4FA0028F1D01425EFE7D7
S21400B138605F0020030008001100074A10B5D46BB2
S21400B1481A00A04740F240220223044988580343C5
S21400B1588B50002010BDC046309E0100605F002066
S21400B16813B5144B144C1548236040F2C0136360A3
S21400B17804F00CFD0023019340F2A433104A01A901
S21400B188D35820611878FCF75AFD019BA0600D483B
S21400B198E360FCF7F5FBA0610B4804F017FA2062A1
S21400B1A80A4802F025FFA062094804F017FB20634E
S21400B1B8200016BDA05D0020685D00207C5D002094
S21400B1C8605F0020845D00208C5D0020945D002078
S21400B1D89C5D0020F0B5040003258FB0A0B340F2B4
S21400B1E84023274E023DF358AB422DD1016821B1CA
S21400B1F84268244892B206F0CCFB02256B4640F221
S21400B208A4371D71A36869460093F3591878FCF7AC
S21400B21805FD40F20D33F25C313BF254F3591A0047
S21400B228FC32916940F2E022FF33B1509A7F40F237
S21400B238EC23F25401220133F2549B18F554A0690A
S21400B248FCF790FB18B1122528000FB0F0BD206956
S21400B25804F090FC0028F6D1206A04F0A9F905004D
S21400B26850B9A06A02F0B8FE40B1206B04F0AAFA02
S21400B2780028E9D11525E7E71425E5E71125E3E7D2
S21400B288605F0020A05D0020030010B5032063B1B6
S21400B29859B1187B0F2204001440104206D05A1CDD
S21400B2A8D27F1AB1002300200B7010BD1A00283276
S21400B2B812780AB90123F6E71720002CF5D10133D6
S21400B2C8DB7F0BB90233EEE70323ECE7002270B509
S21400B2D88AB005000C0003230492002940D040F2EF
S21400B2E8A43305A80270224A0926D3586E441900CA
S21400B2F8E231097841701900E4310968416040F28A
S21400B308F021525807921A00E832128852BA8281FF
S21400B3181A00FF32517A8173527F3100C2731B784C
S21400B3280A22037403AB00930B236A446B4402F0AF
S21400B338CEFB00203056FFF7F1F9607004A804F041
S21400B348DFF9142360B9049A0F2A0CD863789A4256
S21400B35809D8AD18991AAB429B415B422170DB00B5
S21400B36818000AB070BD002323700833F8E7C046FB
S21400B378605F00201FB504000323002861D0007812
S21400B388532800D990E10CF061FA54005F0066007B
S21400B3986A006D0073007A008F018F018F018F019C
S21400B3A88F018F018F018F018F018F018F018F0110
S21400B3B88F018F018F018F018F018F018F018F0100
S21400B3C88F018F018000860091009900A200A900D5
S21400B3D8B300B000B600BD00C400CA00D000D70055
S21400B3E82201DE00E400F000EA00F600FC0002019C
S21400B3F80D010A018F018F018F018F018F018F01C7
S21400B4088F018F018F018F018F018F018F018F01AF
S21400B41813011F01220131018F01390171018101D8
S21400B4283F01430146014D0154015D0164016B0172
S21400B4386E0140F2A4339F4AD358E0331B78237139
S21400B4480023180004B010BD40F2A433994AD2581D
S21400B458F13BFF3BD0E0FCF785FB6060F0E7FCF7CC
S21400B46897FBFAE740F2A433924AD358E233E5E76B
S21400B47840F2A4338F4AD3589B6C6360E0E740F2EF
S21400B488A4338C4AD358DB6CF7E740F2A433894AD6
S21400B498D358E133D2E71C2302A90B7040F2A43339
S21400B4A8844AD3581878FCF781FBD6E740F2A433D1
S21400B4B8804A0434D3580D33FF3305E040F2A433F2
S21400B4C87C4A0434D358283306CB06C4B8E740F27F
S21400B4D8A433784A0434D3581533EDE740F2A4333E
S21400B4E8744A0434D3583033EEE71A2302A9D4E753
S21400B4F8192302A9D1E740F2A4336E4AD358FF3382
S21400B5085B7A9CE740F2A4336A4AD358F4331B6844
S21400B518B3E740F2A433674AD358F833F7E740F264
S21400B528A433644AD358FC33F1E740F2A433614AA3
S21400B538D358FC335B68A0E740F2A4335D4AD3587F
S21400B548FC339B6899E740F2A4335A4AD3585B7990
S21400B55875E740F2A433574AD358E9336EE740F20A
S21400B568A433544AD3581B7969E740F2A433514AA6
S21400B578D358E83362E740F2A4334E4AD358EC3344
S21400B588C5E740F2A4334B4AD358F03356E740F2A7
S21400B598A433484AD358FC339B6A636050E7FFF7E6
S21400B5A8DFFD5AE740F2A433424AD3581B6CF4E74F
S21400B5B80E2302A90B7040F2A4333E4AD3581878DB
S21400B5C8FCF7F4FA20713BE7042302A9F2E702230A
S21400B5D86A46137240F2A433364A6946D3581A00AC
S21400B5E8FF32527F8A72187802A9E9E740F2A4333C
S21400B5F8304AD25840F22813D35C20E740F2A433EE
S21400B6082C4AD258E83B24E704F0CEFCA08017E783
S21400B61804F0D6FC21E740F2A433264AD25840F27A
S21400B6282C13E9E740F2A433224AD358FF339B7A17
S21400B63805E740F2A4331F4AD358FC33586A0CF087
S21400B64897F9BFE740F2A4331A4AD358FF339B7FD3
S21400B658F5E640F2A433174AD358FF335B7FEEE68D
S21400B66804F0BAFCF9E604F0C3FCF6E640F2A433AC
S21400B678104AD358187818B11723062800D0E0E6E1
S21400B688382302A90B70FCF791FABFE740F2A433FF
S21400B698084AD358187818B11723062800D0D0E6D9
S21400B6A8392302A90B70FEE6200003F02BF80300EE
S21400B6B8C7E6C046605F0020F0B507008FB018B92F
S21400B6C8032420000FB0F0BD00220023026143616E
S21400B6D8FFF756F9012401900028F2D15F4B05AD1B
S21400B6E81822010028701800029306F067F9029BDA
S21400B6F85B4A5C709E1840F20A33019AF454023B87
S21400B708F2543B7853B1A34275D0241940F2A833BB
S21400B718F618326873683A617B61D2E740F20933FB
S21400B728F4541F232A781A40213313432B703B798D
S21400B73820210393BB6840F2A4340293BB890E25EC
S21400B7480193022304AA52187D57137033592220F6
S21400B7581A00FF32527F04A909180A7018780CA933
S21400B768FCF724FA335906901A00E2321278C2B966
S21400B778021C40B207ACA84200DA2A1C22701A0043
S21400B788FF32527F2100A27018780522FCF76BFA68
S21400B798002800D194E740F2A433F3582278E9331E
S21400B7A81A7040F2B033F31803CB03000B436BB1A7
S21400B7B8F5F7FAFD19B941F64073984206D940F2F2
S21400B7C8A4330021F25840F28F13D154019B029AF9
S21400B7D8039905A8FFF712FC040008B10A2817D138
S21400B7E840F240333A78F25440F2A1320123B15C79
S21400B7F80B43B3548AE740F2A433F358FF335A7A1C
S21400B80840F20933F2541F232A781A409F3B8CE7EC
S21400B81840F20C330025F554124B0A93124B0B9347
S21400B828002308930AABE85C08A904F0B5F8089B5F
S21400B8384BB1002309930BABE85C09A903F02AFF78
S21400B848099803F0FDFE0135042DE9D1012004F026
S21400B85835F840F2A1322023B15CC9E7A062002087
S21400B868C0FCFFFF03080B0C020D101240F2A433B5
S21400B878024AD358E03318787047C046605F002005
S21400B88873B5184C060001A80D0005F04BF8227891
S21400B898531CDBB223700AB905F068F801A805F056
S21400B8A846F81D2E17D0462E07D140F2A4330E4A6E
S21400B8B8D25840F22813D35C2B7001A805F032F852
S21400B8C82378013BDBB223700BB905F063F801A8B7
S21400B8D805F02DF873BD40F2A433034AD358E1337C
S21400B8E81B78E9E780660020605F002040F240236E
S21400B8F8034AD0580138431E9841C0B27047C04624
S21400B908605F002010B572B6BFF34F8FBFF36F8F1E
S21400B91840F2A4330C4A0124D358E0331B78022B98
S21400B9280BD00A4B1B7843B9094B1B682BB903F09D
S21400B93887FD040008B905F01DF962B6BFF34F8FFE
S21400B948BFF36F8F200010BD605F0020804F00207F
S21400B958605D002040F24823034A10B5D35813B15F
S21400B9681B6903B1984710BD605F0020F8B540F228
S21400B978A4370C00104EF5F70DFC331DDB6F984707
S21400B988336B98470D4B0E4A2100D518EB5918789B
S21400B998FCF7B7F970B1EB59726BF4331868904737
S21400B9A840F2A033A27CEA5420B1FEF777FE64206A
S21400B9B8FFF7D0FFF8BDC046309E0100E4FCFFFF4D
S21400B9C87C620020F0B5244D85B06B689847013836
S21400B9D8C0B201283DD940F2A436204CA35919001C
S21400B9E81A001F001878FF311D4B497EF032127876
S21400B9F8EC37009349B203933B68FCF76EF940F2C4
S21400BA08EE270223A259E355B333FF33D25C3C3307
S21400BA18FF33E2540122023BE2542B1DDB6F9847AA
S21400BA282B6B9847A359E1331878AB6D9847A35901
S21400BA380C4A18780399FCF764F950B16B6B002030
S21400BA48984740F2A033E25DE25410B16420FFF755
S21400BA5881FF05B0F0BDC046309E0100605F002043
S21400BA683C6200207C620020F8B540F2A436484CC0
S21400BA780500A3591A00E0321078012869D0022878
S21400BA8800D172E0002800D07FE035B90D3334329B
S21400BA98FF3303CB03C2002008E0012D07D128009E
S21400BAA803F076F810B9A359E0331D70F8BD0320EB
S21400BAB8022DFBD102F0A4FF0A2003F019FF28B1DB
S21400BAC840F2A1322023A15C0B43A35440F2A433D6
S21400BAD8E15802200B00E033187040F2C82240F20A
S21400BAE8DC23A218E318E0CAE0C360CA60C340F2C9
S21400BAF8EE23E0540B0000225033587820B3187811
S21400BB08022821D1242308005343CB181A6EFC3090
S21400BB18826164331B78FF314B7640F20D33E05C6C
S21400BB28313BE0540433E2508A7F0C33E25403225C
S21400BB380233E254013B023AE25440F20C3300224C
S21400BB48E254FFF73FFFA6E701322433042AD4D194
S21400BB58F3E7012D03D1A359E0331D709BE72800B6
S21400BB6803F016F80028F6D0A0E745B9094C15707A
S21400BB78236B9847E36E9847FEF754FD8BE7012D35
S21400BB8800D193E7022D00D185E703208EE7C04653
S21400BB98605F0020309E010010B50020FFF764FFAC
S21400BBA80F4B00241A00FF3254711A000D49FC325C
S21400BBB8D160FF22FE33DA81FBF7EAFF0A4B010069
S21400BBC80822180005F0E5FEFBF7CCFF074B01003E
S21400BBD80822180005F0DDFE2000FFF71DF810BD4E
S21400BBE8605F0020625F00206E60002076600020A4
S21400BBF8F0B540F240260120144D8FB0AB59834271
S21400BC0819D16A46042340F2A43700241371EB596D
S21400BC18694618780094FCF701F82000AC51F7F74D
S21400BC2877FFEB59E033187838B902F03FFC08B1D3
S21400BC3802F04AFD00200FB0F0BD0128F8D0022817
S21400BC48F8D11C70FFF710FFF4E7C046605F0020CD
S21400BC5870B5FEF795FE1F4C002832D140F2A43688
S21400BC68A359E0331D780DBB02F014FCB8B102F0FE
S21400BC78C7FE0A2003F03CFE28B140F2A13220237A
S21400BC88A15C0B43A3541121134A13788B431370FA
S21400BC9840F240230122E2500023180070BD02F053
S21400BCA805FC0028EFD002F0F7FEECE7012DFAD0ED
S21400BCB802239D42F1D1FFF7D7FEA359E0331D704A
S21400BCC8E1E740F24023E358013B5A1E9341DBB2BA
S21400BCD8E3E7C046605F0020645D002070B504009E
S21400BCE890B018B90323180010B070BD40F2402376
S21400BCF8AE4DEA5801239207F5D40078532800D9A8
S21400BD08A0E20BF0A3FD54009F02590061006500F5
S21400BD186C0072007800830083009F029F029F02D7
S21400BD289F029F029F0288008D00920097009C0049
S21400BD38A100A600AB00B000B500BA00BF00C40062
S21400BD48C9009F02CE00E800FE0029014E013F010F
S21400BD585701620169016E0173017A019F02810130
S21400BD689401BD01AA01D001E001E901F001F60144
S21400BD789F029F029F029F029F029F029F029F02AE
S21400BD889F029F029F029F029F029F02FD019F0241
S21400BD989F0221029F022E027E02900236023A027B
S21400BDA83E024F02590262026C0276027A0220793B
S21400BDB8FFF75AFE030096E76068FBF7C1FE002807
S21400BDC800D08FE700238EE76068FBF7CFFEF6E724
S21400BDD840F2A433EB58E23322791A70F2E740F2C5
S21400BDE8A4336268EB589A64ECE740F2A4336268BE
S21400BDF8EB58DA64E6E76168002900D172E70120AB
S21400BE0804F0BCF812230028DCD06CE76168022036
S21400BE180029F5D166E761687F200029F0D161E73F
S21400BE28616880200029EBD15CE7616881200029E1
S21400BE38E6D157E7616882200029E1D152E76168B8
S21400BE4883200029DCD14DE7616884200029D7D1FA
S21400BE5848E7616885200029D2D143E761688620D3
S21400BE680029CDD13EE7616887200029C8D139E787
S21400BE78616888200029C3D134E7616889200029D1
S21400BE88BED12FE761688A200029B9D12AE7616800
S21400BE988B200029B4D125E740F2A433EB58E133D0
S21400BEA89AE76A4640F2A436237A69461372AB5973
S21400BEB81A00FF32927F18784A72072202A9FBF707
S21400BEC8D2FE002800D10DE7AB590D33FF330434FA
S21400BED806CC06C376E76A4640F2A436237A694655
S21400BEE81372AB591A00FF32927F18784A720722EB
S21400BEF802A9FBF7B8FE002800D1F3E6AB592833B1
S21400BF08E5E76A4640F2A436237A69461372AB59C7
S21400BF181A00FF32927F18784A72072202A9FBF7A6
S21400BF28A2FE002800D1DDE6AA5904341300153312
S21400BF38FF3303CC03C33C3B1B78022B00D041E7FE
S21400BF48B333FF33D35C002B00D13BE7184B1B6B96
S21400BF589847FFF737FD35E76A4640F2A436237A56
S21400BF6869461372AB591A00FF32927F18784A72E4
S21400BF78072202A9FBF777FE002800D1B2E6AB59E4
S21400BF883033A4E7636802A9029301230B7140F2D9
S21400BF98A433EB581878FBF78CFE002800D011E77E
S21400BFA8A0E6636802A902930023EFE7605F00201B
S21400BFB8309E01002279531E0E2B00D992E640F2DD
S21400BFC8A433EB58FF335A72FCE640F2A433EB581E
S21400BFD8F43362681A60F5E640F2A433EB58F83397
S21400BFE8F7E740F2A433EB58FC33F2E740F2A43309
S21400BFF8EB586268FC335A60E4E640F2A433EB5828
S21400C0086268FC339A60DDE623796A4640F2A43417
S21400C01813722B590622187802A9FBF724FE00286B
S21400C02800D15FE66A462B59127A5A71CAE6237916
S21400C03840F2A43402AE33702B5931001A00FF3296
S21400C048527F1878B2700522FBF70DFE002800D143
S21400C05848E62B593278E933BFE623796A4640F238
S21400C068A43413722B590A22187802A9FBF7FBFD91
S21400C078002800D136E66A462B59127A1A71A1E6CC
S21400C08823796A4640F2A43413722B590922187889
S21400C09802A9FBF7E8FD002800D123E66A462B59DB
S21400C0A8127AE83399E640F2F41362689A4200D9A5
S21400C0B818E6B133FF33EB58EC331A6002F00EF88B
S21400C0C802F044F87EE640F2A433EB5822791900D1
S21400C0D8F0310A701A73F1E740F2A433EB5862683D
S21400C0E8FC339A626EE640F2A4336268EB581A6430
S21400C0F868E66068002800D1F4E5FFF76BF859E6B3
S21400C1086A460E2340F2A4361370237969461371E3
S21400C118AB591878FBF760FDAB5900201A000021D0
S21400C128A132FF3210605160032202A90A71002270
S21400C13818780292FBF772FD2379A9595A1E934183
S21400C14840F22D128B543DE640F2A433EB58227988
S21400C158180040F22811443002B1012202705A54E5
S21400C16830E640F2A4332179EA58E83BFF3BD15445
S21400C17828E6A08803F01EFF24E6606803F026FF82
S21400C18820E622790F2A00D9ACE540F2A433E95814
S21400C19840F22C13CA542C3BFF3B934040F29012BB
S21400C1A88B520FE62279072A00D99BE540F2A43382
S21400C1B8EB58FF339A7205E640F2A4332079ED581F
S21400C1C80CF08CF8FC356862FCE52279012A00D967
S21400C1D888E540F2A433EB58FF339A77F2E52279E4
S21400C1E8012A00D97EE540F2A433EB58FF335A778C
S21400C1F8E8E5606803F0F6FEE4E5606803F0FEFE36
S21400C208E0E540F2A433EB58187818B1172306284F
S21400C21800D068E538236A461370A3889380694679
S21400C228FBF7DAFCCEE540F2A433EB58187818B1E1
S21400C2381723062800D056E539236A461370636824
S21400C2480193ECE7200002F073FAB3E540F2B83247
S21400C25802498B5803438B507047C046605F0020E6
S21400C26840F2A4330020F0B53E4D3F4AEC58F13B6F
S21400C278FF3BE0542300E433186040F20833EA50EA
S21400C2880122DD3BFF3BE0546433E25223002100E9
S21400C298A288E8331A80A21DD27F17339A72A26A40
S21400C2A8FC310A6122002C3212788FB05A742200B0
S21400C2B815333032C0CAC0C3228F1A80E36B4B6274
S21400C2C8236C8B62230044331A7840F22813E25416
S21400C2D81933FF33EB58012B01D0FFF7B7FF0027C0
S21400C2E840F20C33EF547E3BFF3BE7542D330126D8
S21400C2F8E7546B461E71207869460097FBF78EFC5C
S21400C30840F20D33EF549733EA5840F22E131100DB
S21400C318D7549B33FF33EF54FC31086940F2CC21E5
S21400C32868501100FF31887F40F2D8216854891977
S21400C3386F5489196E542739FF39515C40F2DB2255
S21400C348A954084992195B18AA1813CB13C203CB31
S21400C35803C240F2ED230222EE549B19EA540FB0B2
S21400C368F0BDC046605F002000010100F0B5A1B036
S21400C378070003250191002800D106E1002900D115
S21400C38803E10368002B00D1FFE04368002B00D1CF
S21400C398FBE08368002B00D1F7E0C368002B00D1D0
S21400C3A8F3E013000A3B02936B461B7A0026AB4267
S21400C3B800D916003000FBF7EFFB0925002800D14E
S21400C3C8E3E0964D964C0021380003F0E5F9280086
S21400C3D840F2C012002105F0F1FA40F2C032002106
S21400C3E8200005F0EBFA40F2A43340F20A32E5509A
S21400C3F80123A354013AA3542A000023E032137001
S21400C40840F2B01287492E70A95012AD2B711293C4
S21400C41856B9029B032B00D9C0E018000BF002FAAD
S21400C42802B8BABC01236B7129003000FBF7F6FB93
S21400C43840F2A43340F22D123920E358A9799954D2
S21400C448EA791A712A7A5A712969EA6859618C4612
S21400C4586969EE6999610291A9691A61009204AA4C
S21400C468D9611E6203918018C07F991DC87718008D
S21400C478696A2C30996219631CA9097801700172DF
S21400C48861201900801800783831087062208018FA
S21400C49800784870E96A1F98D963296B1D001964EB
S21400C4A840F2F02160500120591DC8770A21443512
S21400C4B89960043919732870A83509302860009ADD
S21400C4C8043529706A601A00043565460121F83279
S21400C4D81560029DD6605560039D1174956040F204
S21400C4E8BD1299541A00E132117040F244220199A3
S21400C4F8A75000270432A15001215A32FF32A75410
S21400C508623AFF3AA1501A00002000219932A1335E
S21400C518FF32FF331060516018605960FFF7A0FEC5
S21400C52841484249F4F706FE41484249F4F702FEFC
S21400C53841484249F4F7FEFD41494248F4F7FAFDFE
S21400C54840F2A433E55804AEA9353000FF35F4F7B9
S21400C55889FD0CCE0CC540F24C233B4A3800E2500D
S21400C5683A4A0833E2503A4A0833E250394A0C3B12
S21400C578E250394A08333949E250F7F7DBFA18250A
S21400C58818B9FBF77BF958B11225280021B0F0BD81
S21400C598022348E7032346E7042344E76E7143E78C
S21400C5A803F0C8FA0028EFD102F0EEFF14250028A1
S21400C5B8EBD140F2A437E059503003F01DFB0500DC
S21400C5C80028E1D1264E7369984705F0CFF9F36E37
S21400C5D89847019B07A95B6809A80793019BDB6836
S21400C5E80893204B0993204B0A93204B0B93204B20
S21400C5F80C93E3591A004C320D929C320E930F920C
S21400C608B533983AFF3310922A00119301F0DAFFF7
S21400C61840F2A2330122E254B7E7C046A05D0020EC
S21400C628605F002000040001D06100204DA60000D5
S21400C638E46100205DA60000F86100206DA60000F9
S21400C64851A7000054620020FDA80000EDA60000D7
S21400C658A5A60000D5A60000BDA60000AC61002077
S21400C668309E0100E062002078620020B862002058
S21400C678016300200023F0B585B002AA0600032453
S21400C688138000B30022002302614361FEF778F9A5
S21400C698C0B903F077F9A8B940F2A433714D3078E1
S21400C6A8EA58F13BFF3BD35C23B9020004339A43B4
S21400C6B8043442B9002303AF3900039303F06CF93E
S21400C6C8039B1BB10124200005B0F0BD03F054F90C
S21400C6D8010018B92822644805F070F9012240F2D2
S21400C6E8593340F2A131EA540423685C7A70034354
S21400C6F86B5400233078FB7038700C2808D80BF081
S21400C70891F82007074D560707075E07916A8300CA
S21400C718022440F2A833EB181A685B68326173612A
S21400C728002C00D199E003F027F90028CBD140F27D
S21400C7380C3340F2A1320421E854AB5C8B43AB5473
S21400C748C1E740F2A433EB580224E0331B78012BF0
S21400C758B9D0FFF785FD02F053F940F2A43304215F
S21400C768EC58002271562078FBF761FB0723E93462
S21400C7782070FF207B70FFF70FFA04000028C8D04F
S21400C78840F2A4330421EB5801220193187871561D
S21400C798FBF74DFB019BE9331870BAE7002202202D
S21400C7A802A902F01BFF002855D01424B1E70C227A
S21400C7B8B088B256B168FEF7BDFC0400A9E701F0E0
S21400C7C869FE0028A4D101F071FE020000289FD15E
S21400C7D80D2002A9E5E740F2A433EB58E0331B78B6
S21400C7E8002B95D10724307904404007400F01F00C
S21400C7F86DFE02AB0122190010201C7002F0EEFE3E
S21400C8080400002885D0D0E701F044FE002800D0B8
S21400C8187EE701F04BFE0200002800D078E71220E1
S21400C82802A9BEE740F2A433EB58E0331B78022B8C
S21400C83800D16DE70124FC7001F02CFE0190002861
S21400C84800D066E702F0ACF801F0D8FB019801F0DA
S21400C858E7FC01F073FA00245BE7380002F0C4FF37
S21400C86831E7C046605F0020B8620020002370B53C
S21400C8781C00DDB20460AA4200D870BDCD5CDE00A4
S21400C888B54001332C43F4E7F0B50F0097B0092103
S21400C89807920022039008A809180A700BA90A80B4
S21400C8A8012B03D814000692BC4201D317B0F0BD82
S21400C8B8039B651C185DEDB202381128F6D80AF0FD
S21400C8C8BBFF12002E00BA00D80032014F018701C4
S21400C8D8B1010202F5FFF5FF3302F5FFF5FF880206
S21400C8E89D02C702EF027B1B012B00DCF3E203204C
S21400C8F802F0FEFF80B10321002002F0A7FF039B91
S21400C908C74A595D40F26833D1540399A31CDBB279
S21400C918C95C40F26933D1540334E5B227E02300FA
S21400C928FA1A042A00DC84E00533DBB29F4203D9F6
S21400C938039AD25C032AF3D0BD427AD00A21002299
S21400C94808A809180A700B2109180A700CA90A7099
S21400C9580EA90A7040F2A432B1498A581100E23191
S21400C968087830B106993C1BE4B219B11D002C00BA
S21400C9789AE70524039E6B1E12A9F3184B60130052
S21400C9880C728872FF33587F0A2448721000E93008
S21400C9980078C8721000E830007808735B7A4B732A
S21400C9A840F2B013D3581078129308ABE4180EABC5
S21400C9B801930CAB00930B2308AA9B182200FBF7E5
S21400C9C8CBF908AB5872C043400719D140F2A433DC
S21400C9D8934A0021D35800201A00E93261561056AF
S21400C9E8884203DA40F2BC1001241C5411701A0065
S21400C9F808A9C97AE83211700CAA1278FF335A725D
S21400CA080024052609E0092308A95B180122190055
S21400CA18032002F0E3FD0134E4B20EAB1B78B3FB4F
S21400CA28F6F29442EFD30122013BEB18DBB20692F2
S21400CA389CE73B009AE7AF4200DC4CE240F2A433A6
S21400CA48774A0234D1580F22039B04205B5DE4B278
S21400CA5813401E32FF328B542C3AFF3A9A4013008A
S21400CA6840F290128B5200220BA902F0B7FD250067
S21400CA787DE77B1B032B00DC2DE20923072008AA91
S21400CA889B181870039B12AA5B5D654E1909014036
S21400CA9840F2A43051700F2130580B40A11C13707F
S21400CAA8C9B204900F2B03D10300FF335B7C1370CD
S21400CAB8039B0322591813A8FFF7D8FE6423139A7A
S21400CAC812A953431393049B05341878FBF75FF9B0
S21400CAD8092308AA9B181870C343E5B25B0715D14B
S21400CAE840F2A4332924F35808A91A00091909782A
S21400CAF8FF3291721399FC3319619C46282308ACBF
S21400CB08E418634624785474547699610BA908701F
S21400CB180122052002F062FD40F2A1321023B15C2A
S21400CB280B43B35423E740F248233D4AFF20D3582B
S21400CB3813B11B6803B1984708AB18731F23079AED
S21400CB489A4205DC0133203202DB079A1F33134072
S21400CB5808AA5373062002220BA902F03FFD06E737
S21400CB687B1B042B00DCB6E10926032208ABF6186B
S21400CB78039B08A95B5D12A80B7712AB0E93A11C4A
S21400CB88039BC9B259183270FFF770FE6423129AD5
S21400CB983021534312930023039A1393631DDBB289
S21400CBA8D35C08AA5218137040F2A4331C4A0EA984
S21400CBB8D3581878FBF7FFF843B23070002B05DB24
S21400CBC80BA908700122072002F008FD0634A4E627
S21400CBD8AF4200DC7FE140F2A433114E0234F25833
S21400CBE8039BE4B2595D0F2319400B1C01B90123BE
S21400CBF8D9B240F2E8334B431100F8310B6040F2EB
S21400CC08E831FC325B1813600BA90022082002F0FA
S21400CC18E5FC40F2A1321023B15C0B43B35426E77F
S21400CC28605F0020AF4200DC55E10121039B40F223
S21400CC38A4365B5D0CAD5A090A406A701A090A40A8
S21400CC482A700F221340AB70A44B29009B59187802
S21400CC58FBF7C5F8013034D0A04B9A5904922A78CD
S21400CC680892049AFE3213002A88DA83049AFC3261
S21400CC780992AB789A4A0025D05C0BF02FFB282146
S21400CC880223099A506208AA52181370C91808AAEB
S21400CC98521808991170049A12A91078FAF786FFA4
S21400CCA88E4B0E909B59021CE9335D5740B219789B
S21400CCB8A84200DA0A1C1A70092000220BA902F002
S21400CCC88DFC023429E67B1B032B00DC03E10322E0
S21400CCD808AB5A72039B12AE5B5DA11C3370039BB4
S21400CCE8C9B2591813A8FFF7C1FD6423139A7B4DE0
S21400CCF85343139340F2A433EB5831001878FBF7EC
S21400CD0882F808AB587243B2002B0BDB0BA90870ED
S21400CD1801220A2002F062FC40F2A1321023A95C2C
S21400CD280B43AB540534F8E57B1B042B00DCD2E040
S21400CD38082002F0DDFD002800D147E70821002082
S21400CD4802F084FD162308AA9B1800221A80039B6B
S21400CD580CAE591930000432FFF788FD039A631D9C
S21400CD68DBB2D25C40F2E83353431B123100082290
S21400CD78B3800EA80BF053FD5A4B0C9D12A8ED1865
S21400CD88F4F74EF940F23C23544E2900F3181B687A
S21400CD980F9A009340F2382310A8F3580E95F4F72C
S21400CDA809F9119B139A129900930EA8109BF4F791
S21400CDB8E7F80E980F99F4F713F94B4B186859686B
S21400CDC802F034FB01F048FD40F234330122F254FD
S21400CDD8FCE60B2002F08CFD002800D1C7E50B21ED
S21400CDE8002002F033FD40F2A0333C4AD35C043BFB
S21400CDF8012B00D8BBE501F0BDFCB8E57B1B032B77
S21400CE0869DD039B039A595DA31CDBB2D35C0398C8
S21400CE18E21CD2B2825C1B02120413430B43642149
S21400CE2859430F23651D0434E4B2005DEDB2184083
S21400CE3801F0A4FC0BA908700122112002F0CEFB19
S21400CE4840F2A13210232549885C03438B548EE5B3
S21400CE587B1B022B3FDD0C2002F04AFDF0B10C21B3
S21400CE68002002F0F3FC204E0398E11CC9B2326899
S21400CE787368415C04920593A01C039BC0B2185CBF
S21400CE8803029C46039B585D63461843049A059B19
S21400CE9801F0BAFC3068716802F0C8FA04343CE560
S21400CEA87B1B022B17DD6420039B039A595D251D07
S21400CEB8A31C0334DBB2E4B2D35C125D1B0212047B
S21400CEC813430B43584301F009FD0BA908700122D0
S21400CED81320EDB241E63D0049E5C046605F0020FC
S21400CEE880AB0100803DD512405D0020F0B57C4B3C
S21400CEF8A9B01B6E03B198471CA803F013FD794927
S21400CF080A78531CDBB20B700AB903F02FFD1CA875
S21400CF1803F00DFD0023744A1CA81468136003F080
S21400CF2801FD704A1378013BDBB213700BB903F0AE
S21400CF3831FD1CA803F0FBFC6C4D002C00D155E11C
S21400CF48E3B20593A40674D5654B694CDB6A98472B
S21400CF58F4F726FA40F2AC230026EF5822686368F6
S21400CF68801A99413300874204D940F2B022AE585D
S21400CF783B1A361A5F4F19003800F4F709FA3800DA
S21400CF88F4F77AF95C4B31001E001800F4F700FA43
S21400CF983000F4F771F940F2A433EB581A00E03287
S21400CFA81278022A03D040F20C32AA5C8AB1152203
S21400CFB812A90A701878FAF7F9FD40F2B0234F4E16
S21400CFC8E9580F9009183000F4F7E2F93000F4F742
S21400CFD853F92068616803F0C5F940F2A43640F2B8
S21400CFE80D3240F22E115820AA5CAB595A5406A9A5
S21400CFF809180A7040F2B4129A5C0130511E8A4130
S21400D00806A909180A70206861681E901F9118788A
S21400D0181CA9FAF7F2FD20686168AB599933FF330B
S21400D0281860596040F20C33EB5C13B940F2413299
S21400D038AB54059BDB0600D4A1E0302200211CA8D7
S21400D0480BF084FB2822002112A80BF07FFB2C4B48
S21400D05801200E229E5E40F2A432AA589F89D16C07
S21400D0689C681B7C099120495BB20978049381432C
S21400D0781D480023017040F2443104986B541E3951
S21400D0886E52023168540C937831685C773968546C
S21400D0980F396B5203316B5403316B5004316B52AA
S21400D0A806316B5402316B5014396B5418316B507F
S21400D0B804316B5440F2383300200021EB18186016
S21400D0C85960E0321378022B21D001F0A1F8C8B9D4
S21400D0D802F034FA002800D0D4E1014BDB6ED3E12D
S21400D0E8309E010080660020645D0020605F00209E
S21400D0F8585D0020E4610020F8610020546200209A
S21400D108405D0020D24B5B6898470128E0D140F28A
S21400D1182933EB5C13B9CF48F4F73CF8CE4B39000B
S21400D1281A685B680292039340F2A033EB5C320005
S21400D13820000093049B03F08DF9132306AA9B187E
S21400D1481A003900200001F081F80690002800D166
S21400D1589CE106ABDB7C93B101F05AF848B1BC4BB6
S21400D1685B689847012804D1B94C236B9847E36E4F
S21400D178984740F29233049AEE520233EA54059BDB
S21400D1881B0725D540F2A433EB58E0331B78022B57
S21400D19808D002F0D3F9AE4B002801D100F0FCFB12
S21400D1A8DB6A9847FDF73EFA40F241330220E8541E
S21400D1B802F084FB40F20C33EB5C1BB140F20B33FD
S21400D1C80122EA5440F2A1322023A95C0B43AB5457
S21400D1D8059B5B0703D506210520FDF7F1FA059B9D
S21400D1E89B0703D504210320FDF7EAFA01F06EFD3C
S21400D1F81CA803F097FB99490A78531CDBB20B70FE
S21400D2080AB903F0B3FB1CA803F091FB0022944B69
S21400D2181CA81C681A6003F085FB904A1378013B2B
S21400D228DBB213700BB903F0B5FB1CA803F07FFB49
S21400D238002C4CD0E6B2E40720D540F20D33EA5C69
S21400D248593BEA54F033EB5840F2B7211A00FF3244
S21400D258907A6854917F40F2C422A954002240F282
S21400D268C5216A5401316A54B532FF329A5C40F2DD
S21400D278C7237C497C48EA54FEF778FBB30722D5D7
S21400D28840F20D33EA5C453BEA54DC33EB58714810
S21400D2981A00FC32116940F2CC22A9501A00FF325B
S21400D2A8917F40F2D822A95400210132A9540132B4
S21400D2B80131A954273AFF3A9A5C40F2DB236B49BE
S21400D2C8EA54FEF753FB760701D5FDF759FE40F200
S21400D2D8A133EA5C93067CD540F2A2330021E954D8
S21400D2E840F240216B58180602D5822083436B50C3
S21400D2F805231A4200D152E30A2002F0F9FA002860
S21400D30800D14CE340F2A133EB5CDA0700D546E3E4
S21400D3185B0700D460E340F240220221AB588B43FF
S21400D328AB5040F2402140F2A1326958AB5C19B1CB
S21400D338012928D1590726D50520A95CDEB28143E4
S21400D348A954012240F2A2316A54134205D040F291
S21400D3584423EB5846481B689847042426420AD0BC
S21400D368444802F0DFFA02F007FB20B140F2A1338E
S21400D378EA5C1443EC5401F0A7F940F2A1322021EC
S21400D388AB5C8B43AB5440F24023EB5883B958242C
S21400D39806AA121913701CA802F0E8F906AB1B19A6
S21400D3A81B782BB140F2A1321023A95C0B43AB5477
S21400D3B840F2B83440F2A23301222859EA5440B168
S21400D3C85B3BFF3BEB5813B19B6803B198470023C0
S21400D3D82B5140F2A1320821AB5C0B4207D08B439D
S21400D3E8AB5440F24423EB582348DB68984740F296
S21400D3F8A13410262B5D33420DD05821052306AAEA
S21400D4085218138040F24423EB581CA8DB68984750
S21400D4182B5DB3432B5540F2A1320221AB5C0B4285
S21400D42807D08B43AB5440F24423EB5813485B6851
S21400D438984740F24023EB58012B21D040F2A03306
S21400D448EB5C023B012B1BD8FEF7BCFA18E0C04683
S21400D458309E0100F8610020405D002080660020B4
S21400D468605D002014620020E4610020286200202D
S21400D478A0620020B8620020E062002078620020E7
S21400D48829B0F0BDCC4BDB6A984740E640F2A4339F
S21400D498EB58E0331B78012B0ED100F0A5FE0600F2
S21400D4A8A8B1069800F086FE00F094FB042340F22C
S21400D4B82932AB5401230693012002F0FFF98FB9F5
S21400D4C840F219330122EA54FDF760F957E600F0F6
S21400D4D895FE0028F0D0300000F072FE00F086FBC3
S21400D4E80523E4E7237808935B09032B00D1AAE019
S21400D4F8052B00D1A3E0012B00D037E23B004FF606
S21400D508EF72113B1342DBD13422FEB206AB40F277
S21400D518A4379B1812941E7040F2B413EA59D35CD1
S21400D528002BCDD1FAF734FB12AA0100FF2002F037
S21400D538A1FB402206AB9B181B780400DA431207AF
S21400D54800D1A6E21B071B0F06AA1377EB5906A9FC
S21400D5581A00FF32927F18784A7707220DA9FAF741
S21400D56882FB002C00D097E2002800D194E240F21B
S21400D578A433EC583921200006ABC91803224830DA
S21400D588FFF774F92200159B12AFE3643B7CFF3269
S21400D5985B065B0F93723B7CD943090703D01B07D6
S21400D5A81B0F53745376797C01B9013140F2E83386
S21400D5B84B43210040F2E830F8310B601B184B60F3
S21400D5C8012300275372B233FF33E754713B06AA90
S21400D5D8FF3B9B18109313002C22113E9B181E70BD
S21400D5E840F20D332421EB5C06AA521813702078FB
S21400D5F80FA9FAF74DFB40F2A4330221EA58F13B93
S21400D608FF3B3800D15402F073F918B139003800DE
S21400D61802F01CF940F22933EB5C012B00D9B4E187
S21400D62840F20C33EB5C002B00D0A6E140F2A132AE
S21400D6382023A95C0B43AB54FCF7F4FF9FE540F2AC
S21400D64818330122EA5440F2A433EA58107813003B
S21400D6580200511E8A41FF339B7F524213400DA998
S21400D6688B7040F21C33EB5C4B700D230B70FAF793
S21400D6789DFA3A000D3A07900B90131C120400D539
S21400D68800236A461C21525E1BB2934200DD17E750
S21400D6980B2F00D814E75C2206AB9B181C941F704F
S21400D6A8464BA332259326AB1A701CA803F064F8E1
S21400D6B8002800D004E7069B43B1642206AB9B18FB
S21400D6C819781E98C906C90F01F0E4FA1E9B0FA91F
S21400D6D8069340F23033069A1CA8EA50FDF7D4FDAC
S21400D6E80700002800D0EBE6099B069A0C909342A8
S21400D6F841D040F2A433EB5801001C001E0040F253
S21400D708240C5434513662464A430698A758B84201
S21400D7182AD1B75C47B39A181100926EE0331268A4
S21400D72852310C921A780E780323022A00D002335C
S21400D73840F22932AB540FAB1B78032B00D0BFE660
S21400D7481CAB1A7B602301271A4200D0B8E60FAB41
S21400D7581B7809936B46998B042E1BD830000AF069
S21400D76861F8282224260C0001310429CBD140F286
S21400D77819330B22A7E60426E9E70324662206AB3C
S21400D7889B181A8820000CAB02F012FAC0B10923C5
S21400D798072800D0012340F21932AB5440F22C334C
S21400D7A80C9AEA5090E60524E8E70624E6E70724FC
S21400D7B8E4E70424E2E7C046309E010099600020B2
S21400D7C81CAB009322000C9B3000069902F016FB57
S21400D7D840F2193328B10238421E90410B30E85403
S21400D7E872E6E85440F21A33642240F21D31EF54D0
S21400D7F806AB9B181B78DA06D20F6A5440F2203222
S21400D8080C99A8500432A8549B060832A950DB0F7E
S21400D818023AAB541732A8540332AB5440F22933B9
S21400D828EA5C012A03D87B33EB58E4331860012FEF
S21400D8381BD140F218330221E95440F240331CACA5
S21400D848E95C237B012A05D8012901D19B0601D56D
S21400D85801F042FF099B032B00D980E0180040F234
S21400D868293309F0DFFF314B76391F2140F2A43304
S21400D878089840F28F148843EB5840F21831A028D5
S21400D8881ED19F381855B230FF30185C18B9279C3F
S21400D898B930FF301C5001236B549A42CDD940F260
S21400D8A8383341F640700021EB181860596040F292
S21400D8B8B0338049EB180868496818605960BCE7B7
S21400D8C8002018556854B8E7217BEB5C0907049AD2
S21400D8D8090F20A8FEF7D8FF592306AA9B18DA7F57
S21400D8E840F21B33EA54626A0533EA5026AB1A78CC
S21400D8F840F22433EA54012201330DE0217BEB5C2D
S21400D9080907049A090F20A8FEF7BEFF592306AA9E
S21400D9189B18DA7F40F21B33EA54592306AA9B1851
S21400D928DA7FE02A0ED140F2A433E958E83BFF3B01
S21400D938CB5C3BB940F21B316A5440F22032AB5004
S21400D9480432AB5240F2A1320223A95C0B43AB541B
S21400D95860E626AA1178EB5C049A606AD4E740F27F
S21400D96819330122EA54FCF711FFD6E740F21933BF
S21400D9780122EA54FCF70AFF4CE640F24433EB5C1B
S21400D988002B00D152E6FCF7DFFE40F22933EB5CB1
S21400D998022B00D150E649E6DB6EFFF702FC40F2A8
S21400D9A8A1330426EB5C334216D0002001F0A0FF1A
S21400D9B840F2402458B1002001F064FF10B940F24C
S21400D9C80833E85402222B5993432B5104E03000C5
S21400D9D801F08EFF0028F5D140F2A133EA5CD307A8
S21400D9E800D49EE440F24033EB5CFBB940F2A4332B
S21400D9F8EB5840F208301900FF31285C497A884213
S21400DA0808D292072CD5E0331B781BB140F2293395
S21400DA18EB5C2BBB2848F3F7BDFB40F240222021E5
S21400DA28AB588B43AB50FCF785FF7AE4012B17D134
S21400DA3840F20B33EB5C002B00D172E440F20A3361
S21400DA4840F20931EB5C695C994216D9920703D516
S21400DA5840F24432AA5CC2B940F20A320133AB54EF
S21400DA6840F2A1322021AB5C8B43AB5440F20B331F
S21400DA780022EA54FDF784FA53E440F244316A5C23
S21400DA881AB940F20C306A542A5440F24532AB5464
S21400DA98C0E7002800D16AE5002001F029FF002829
S21400DAA800D1B7E500210820032C00D1B0E50720F7
S21400DAB8AEE5C046405D0020D06100200B688218A5
S21400DAC8904200D1704703701B0A0130F8E7F0B5A2
S21400DAD899B005930D230C2704920391C356C75794
S21400DAE80293837B426801931E9B04001A60467863
S21400DAF83D00002E45D0022306AA1372C37B08A950
S21400DB089372007CFAF752F843B200939F4201DA08
S21400DB186B461D7800262189626863898A427641A9
S21400DB285B186DB2F6B29A4207D30A2308A90B709F
S21400DB38207CFAF73BF843B20293638920895900A0
S21400DB48626809188A421CD3121AB2FBF3F14B43D7
S21400DB589A4216D1009B9F4209DC23782BB10123F9
S21400DB68207C0AA90B71FAF759F80123019321239F
S21400DB7808A94D700B70E37B8B70207CFAF716F8BB
S21400DB8845B23000039B029A1D70049B1A70059BD1
S21400DB98019A1A7019B0F0BD034B10B5A0331B6874
S21400DBA803B1984710BDC046586300200022034BB7
S21400DBB85A641A649A60DA607047C0465863002050
S21400DBC8034B10B5C8331B6803B1984710BDC04651
S21400DBD858630020022310B5034A11780B431370CC
S21400DBE8FFF7DAFF10BDC04694640020042310B582
S21400DBF8034A11780B431370FFF7CEFF10BDC046DB
S21400DC08946400201FB5352301B1063B6A4613729B
S21400DC18044B1073B8331B6802A91878F9F7C6FFC7
S21400DC2805B000BD5863002010B50A24022800D0AD
S21400DC38053403F0E7FA012800D10A34200010BDA5
S21400DC48F0B58FB028230290039102B13C33FA2036
S21400DC580021394C4002A66DE76D801BB941029D34
S21400DC68039E1A0040197141F3F7A4FB2300BC3346
S21400DC781A682300EC331B68216C56685B188619F3
S21400DC88FE2B23D8072304ADAB742300E521B83355
S21400DC981B68127A1878615633000095FAF71DF853
S21400DCA8AB68FE2B01D9FF23AB600120FFF7BCFF52
S21400DCB82200EB68EC32181A1268AB68E8609B1A08
S21400DCC823642300F0331B68C01A60642300FC3307
S21400DCD85B68E2689B18FE2B2BD82300BC331B68B6
S21400DCE808211A7A2300CC331B6809AD595623003D
S21400DCF8B8331B68187833000095F9F7EEFFAB6861
S21400DD08FE2B01D9FF23AB602300CC331B6803200E
S21400DD185B7A032B00D80220FFF786FF2200EB6809
S21400DD28FC32181A5168AB685B1AE3609368C01A2D
S21400DD38A0600FB0F0BDC0465863002010B5054877
S21400DD48F3F728FA0123044A11780B431370FFF7F8
S21400DD5823FF10BDCC63002094640020F0B587B084
S21400DD680492059306000D00F3F71AFB334C009057
S21400DD780191A06AE16AF3F785F9009A019B121AE5
S21400DD888B411000FA2219005202002309F0A2FD66
S21400DD9840F21E0C1900634640F648075E4300230F
S21400DDA81000F219009E019F92197B411F00160071
S21400DDB8361A8F4102920393019BBB4203D81ED1A9
S21400DDC8009BB3421BD963466B431D00029A039B14
S21400DDD8801A9941009A019B801859412A0000230D
S21400DDE809F078FD0130C0B2454300232A00B61872
S21400DDF85F41049B984204D3002007B0F0BD002082
S21400DE08F7E7206B616BF3F73DF901230C4A5B4299
S21400DE18801859418F42EFD801D18642ECD8009A33
S21400DE28019B30003900801A9941E269F3F7C0FA7D
S21400DE38059B186059600120DFE7C046586300203C
S21400DE482AF4FFFF70B50600150088B06846102251
S21400DE5800211C0003F0B2FD04A81022002103F0E4
S21400DE68ADFD04AB8C221021684600960195F9F7A3
S21400DE78B1FD6B465A7C1B7C1202D218B2FBF4F337
S21400DE885C430C9B121B1A8008B070BDF0B50400EA
S21400DE98B0B100220827100041F221063D00A35C1D
S21400DEA81B02584003B2002B0BDA5B00734098B293
S21400DEB8013DADB2002DF5D1013293B29942EDD8AD
S21400DEC8F0BD400080B2F3E7F0B587B01D000CAB9C
S21400DED81F7800903723019207B1043B154E02AA1B
S21400DEE8B8361372336804A91878F9F75FFEC3B218
S21400DEF8040003900020012B15D9342302AA1372BC
S21400DF08336804A91878F9F751FE019B009A6D0644
S21400DF18DB092B43D318FF221440B3FBF4F14C4320
S21400DF2810401B1BC0183900C0B2FFF76BFE07B0C5
S21400DF38F0BDC04658630020F0B506000F0010007C
S21400DF48244C87B0002A37D001210020FFF75AFE5C
S21400DF582300CC331B6805001A7BD20700D51D6941
S21400DF680822237E134208D093432376230048339F
S21400DF7801211878FFF746FE0500237EDB0623D529
S21400DF8837430FB32300D8331B6803A99BB20B8013
S21400DF984E6023002600B833A83632681B688D60AA
S21400DFA818780432F9F796FFA43423683268DD60DF
S21400DFB812791A7407B0F0BD0123226A00938032E2
S21400DFC80300FFF781FFC3E72300EC331B68226CCE
S21400DFD89B18DAE758630020010010B5002021B12D
S21400DFE80248142203F0D5FC012010BD80640020EE
S21400DFF8142303600048704780640020F0B587B09B
S21400E008F3F7CEF9324C06000F00A06DE16D030061
S21400E0180B43002B4DD000232E4A12184B419F422B
S21400E02847D801D1964244D832003B00121A8B4199
S21400E038100019006422F3F7BDF9230060331A783C
S21400E048050004235AB1227E1343206B616B2376A6
S21400E058F3F718F8801BB9412065616503E0227E56
S21400E06864351A42F0D02600BC36336827005B6851
S21400E07804A9ED183123B8370B703B681878F9F700
S21400E08895FD23000722E2331A70336803901A7A44
S21400E0983B6841B21878104BDC3400932B00F9F734
S21400E0A81CFE0020FFF7C0FD23681B1A236007B07C
S21400E0B8F0BD0022002321000025A265E365226545
S21400E0C86365237E0C32603193430D702376CAE76E
S21400E0D85863002000DD6D0028640020FA20F0B5A3
S21400E0E8184C87B02700282200214002F3F762F96F
S21400E0F82200BC373B6868320025555F5B682600FF
S21400E108ED18312304A9B8360B7033682D18187823
S21400E118F9F74CFD23000722F6331A703B68039084
S21400E1281A7A336841B21878074BF03400932B00FC
S21400E138F9F7D3FD0120FFF777FD23681B1A236044
S21400E14807B0F0BD586300203C64002073B5FA2081
S21400E158164C002128224002F3F72CF92300BC3382
S21400E1681A682300683300215B5E516825005B1837
S21400E1781B182000CC352968B830097A00680C4E80
S21400E1880078127A49B20096F9F7A7FD2B682500A1
S21400E1985B7A0320FC35032B00D80220FFF744FDEA
S21400E1A8AB68FC34181AA06073BDC04658630020DC
S21400E1B850640020014B7133187070475863002074
S21400E1C8014BFF339873704758630020054B0120B6
S21400E1D81A7ED20605D4703318780B384342584155
S21400E1E8C0B2704758630020034B71331878033861
S21400E1F843425841C0B2704758630020034BFF3370
S21400E208987B033843425841C0B270475863002091
S21400E218024B187EC006C00F7047C04658630020E1
S21400E22810B5094C50B9237E70345B0703D5FFF749
S21400E238EFFF012300B10023237010BD703423784C
S21400E248012BFAD92070F8E7586300203023F0B580
S21400E258884F95B007910AA90B703B000024B83385
S21400E2681B681470050018780492F9F79FFC3B00A9
S21400E278099070331B780B2B04D03B7E2000DB06FE
S21400E28800D4DEE009AC2378079A934200D0CEE0AB
S21400E29863782800591D0393FFF7F8FD039BEA18D7
S21400E2A89179537909020B43834200D0BFE0724B41
S21400E2B872481E68039BA178EB5C7375C35C069373
S21400E2C853783B629078000218433862D3781B0470
S21400E2D803433B621279120613433B620023664AE5
S21400E2E8BB84843A331D11CA11C3039B0E335B18D3
S21400E2F80593039B0731DC1D2C192000FFF7C6FD8C
S21400E308059BEB185A78059B1202EB5C1343834275
S21400E31800D098E030000399237808310622F37578
S21400E3286918183003F035FB0122534B1B689A75A1
S21400E3386B46197F524B01205B6A984740F2E832D9
S21400E34800230021040009F0C5FA40F2E83305006E
S21400E358434339003800E41A08220EAE203128302C
S21400E368B4800AF05CFAB96A464B10A8C9180F9B25
S21400E378B9620093FA6A2B00F2F702FE1199109818
S21400E388F2F72EFE12A8F2F74BFE12981399F2F740
S21400E39879FE3B0001220CAD6033B865F9652800AC
S21400E3A81A70F2F7B1FE3B0070331B780024364E25
S21400E3B80B2B12D10C986968F2F764FE716804009A
S21400E3C83068F2F75FFE314B241A1B68013394FB62
S21400E3D8F3F4631D40DA052464422D4B1C600023C9
S21400E3E806CD06C6294A13603B00683300215A5EEC
S21400E3F80699914204D01980FFF770FEFFF7A6FE33
S21400E40803233A7E9A4313433B76FFF7CFFB3B0042
S21400E418052270331A70FFF791FC0122049B1A70CC
S21400E4283B7EDB0603D5B86DF96DFFF709FC3B00AC
S21400E43870331B78052B03D0012B11D00B2B0FD074
S21400E448012015B0F0BD0023300007221900B3756F
S21400E458173003F0B3FA6BE7052CBEDD0524BCE7DE
S21400E4680123049A02201370FFF7DAFEFFF766FC12
S21400E478E6E7C04658630020FC63002090AB010026
S21400E488309E0100803DD51250630020486300206E
S21400E4984C63002010B5044B70331B781800012B12
S21400E4A801D0FFF7B5FE10BD586300200122064BC9
S21400E4B81000197E114205D170331878013843428E
S21400E4C85841C0B27047C0465863002070B5194D11
S21400E4D841F200012B00CC331A68802303415370A5
S21400E4E891FBF3F35380537A0400032B15D90328C2
S21400E4F80DD82E000320FFF797FBFC36B3681B18D1
S21400E5080220B360FFF790FBB3681B1AB360CC35E4
S21400E5182B685C72FFF754FB70BD0328F7D92E00F2
S21400E5280220FFF781FBFC36B3681B18B360032094
S21400E538E8E7C0465863002030B500251C4B1D4C44
S21400E54885B0142229001C481D6003F037FA1422EF
S21400E5582900200003F032FA58222900174803F051
S21400E5682DFA174BE36123009C331B680BB19847C1
S21400E578E061362302A90B702300B8331B681878AD
S21400E588F9F714FB2300CC331B6818720720FFF733
S21400E5989DFFFFF733FDFFF7A1FDFFF7D7FD22002C
S21400E5A800237032FF341380A37305B030BDC04615
S21400E5B89464002058630020806400207063002064
S21400E5C80000C841F8B5114C23009C33C0C9C0C32D
S21400E5D82100A4310B00E0C8E0C362C862C362C869
S21400E5E862C323000A49CC3319600A480A49C8346A
S21400E5F82260F2F79FFD09480949F2F79BFD094892
S21400E6080949F2F797FDFFF797FFF8BD5863002012
S21400E61880640020CC63002045DD0000E063002015
S21400E628DDDB000068640020F5DB0000F0B5254C53
S21400E638A3B02600CC36336809AD1A7BD207D20FB2
S21400E64800921A6901922A0083CB83C22100270010
S21400E658183158220CA80AF0E2F8237E60375B07C8
S21400E668DB0F0693226D636D02920393A26DE36D32
S21400E678049205933B780793FFF75EFF0121336802
S21400E688019A1A611A7B8A4300990A431A7343CD82
S21400E69843C304212000069B30309A00237E8B4318
S21400E6A81343237612A9029A039B22656365082200
S21400E6B80AF0B5F8049A059BA265E365079B3B70CC
S21400E6C823B0F0BD586300200D4A10B51300703310
S21400E6D819788B1F022B11D82023107E034313763C
S21400E6E80223072906D00A33082903D0137E9B077E
S21400E6F8DB0F043370321370FFF720FB10BDC046E3
S21400E708586300200378422B03D0472B08D00220FA
S21400E7187047064BCC331B681B7A03710020F7E75B
S21400E728024BCC331B685B7AF7E7C0465863002079
S21400E738037810B50400422B04D0472B0DD00223D3
S21400E748180010BD0A4B0279CC331B681A72FFF703
S21400E758FDFCFFF735FA0023F2E7FDF787F80028F7
S21400E768EDD1207903230728EAD8FFF7AFFEF2E7B2
S21400E7785863002010B5FFF723FA10BDF0B585B032
S21400E7880D000F0003241F4E019059B13300B83313
S21400E7981B6803910022187803A9F9F764FA012781
S21400E7A80230C4B26B461B7903A95BB20193019A87
S21400E7B802AB1A713300BC331B6802AA35331B78C8
S21400E7C853713300B8331B6807221878F9F74BFAE9
S21400E7D8022118B98C43200005B0F0BD032C0ED1D9
S21400E7E8CC3632687B421D407B00177855608F43D5
S21400E7F81F43019B17701372FFF7A8FCEBE70C008A
S21400E808E9E7C04658630020F7B51E2444432600AF
S21400E818104C00272500483529700C21207E9219B7
S21400E8287B41884301436846266567652176F2F78B
S21400E83845FC23006A46303303CA03C32300206D11
S21400E848616DAC331B689861D9612A780133DA7731
S21400E858F7BDC04658630020F0B58BB006AE300052
S21400E868F2F7DEFB069D07992800F2F70BFC7F23DC
S21400E878184C9D4302902B002000002703918033FC
S21400E8883100082230300693B78009F0C8FF08AB7D
S21400E8989F80099B04AE0093216B626B3000802337
S21400E8A8F2F788FB2300283306CE06C30423227E0D
S21400E8B8206B1343616B2376F2F7E4FB029A039B03
S21400E8C8801A9941044B20656165ED182562A78476
S21400E8D80BB0F0BD5863002080C22AED37B505009E
S21400E8E80E4CA0B12300B8331B680190002218789C
S21400E8F801A9F9F7B8F948B10122CC342368197B85
S21400E9081D610A431A73FFF75BF901203EBD01211A
S21400E918CC342268137B8B431373F4E758630020C8
S21400E9287FB502900391F2F73BFD1B4E05000C00E5
S21400E938306B716BF2F7A6FB019100210B00BC3619
S21400E9483668009072693069801859410123134A65
S21400E9585B42121A8B4102980399121A8B4100984F
S21400E968019912184B41A3420ED801D1AA420BD8DE
S21400E9780098019940F64802002380185941A142A0
S21400E98806D801D1A84203D80020002104B070BDE3
S21400E99840F64800F9E7C0465863002048F4FFFFF1
S21400E9A813B51348F2F7F6FB124C1348F2F7F2FBCE
S21400E9B801A801F0B7FF2278531CDBB223700AB90E
S21400E9C801F0D4FF01A801F0B2FF06210B4A01A806
S21400E9D813788B43137001F0A5FF2378013BDBB255
S21400E9E823700BB901F0D6FF01A801F0A0FF13BDF4
S21400E9F8E06300208066002068640020946400209D
S21400EA08204B13B51B681B785B0707D50A2000F058
S21400EA186FFF18B10A21102000F018FF1A481B4C87
S21400EA28F2F7B8FB01A801F07DFF2278531CDBB291
S21400EA3823700AB901F09AFF01A801F078FF0121B6
S21400EA48134A01A813788B43137001F06BFF2378E1
S21400EA58013BDBB223700BB901F09CFF0D4C01A8FB
S21400EA6801F065FFFFF79CFFFFF7E0FD6368984736
S21400EA78042806D0231DDB6F9847236B9847E36E60
S21400EA88984713BD08640020CC63002080660020E9
S21400EA9894640020309E010037B51B4C237EDB07AC
S21400EAA82AD51A481A4DF2F775FB01A801F03AFF65
S21400EAB82A78531CDBB22B700AB901F057FF01A85D
S21400EAC801F035FF0121134A01A813788B43137010
S21400EAD801F028FF2B78013BDBB22B700BB901F055
S21400EAE859FF01A8703401F022FFFFF759FF22787A
S21400EAF8022A02D10532227037BD0C2A01D1043A07
S21400EB08F9E70622F7E7C04658630020CC630020E2
S21400EB1880660020946400200F4A40F2011013001B
S21400EB28C0331B6810B5190090311C8884420FD179
S21400EB3813000021FF330120997340F22413074C79
S21400EB48D0542000F2F724FC2000F2F795FB10BD05
S21400EB5824339942E9D1FAE7586300206864002014
S21400EB68094B00211A00713210B511700122074CAA
S21400EB78FF3320005A73F2F70BFC2000F2F77CFBF9
S21400EB88FFF7CAFF10BDC04658630020E0630020A8
S21400EB98030010B5012808D1074A0220127E1A423F
S21400EBA802D0FFF7DDFF002010BD0220002BFBD1AE
S21400EBB8FFF726FFF7E7C04658630020F0B5324C4B
S21400EBC887B002900391A06AE16A00920193F2F777
S21400EBD859FA009A019B121A8B411000FA22190062
S21400EBE8FA260023520208F075FE00277602B61AA7
S21400EBF89F41009A019B04AD92197B412800F2F7C9
S21400EC085DFA2300303306CD06C33000E2693900CA
S21400EC18F2F7CEFB1D4B039A1B68D31A1B18002B62
S21400EC2800DD1800009A019B0600002792197B4118
S21400EC38A263E363FCF71AFE012801D1FFF790FFF1
S21400EC48237E9B060ED423000922A4331B681A7061
S21400EC58029A5A702300B033196828230A789A4310
S21400EC6813430B702022237E934323761FB940F666
S21400EC78B8339E4204D90123054A5B42B6185F4161
S21400EC883000390007B0F0BD586300204C63002000
S21400EC9848F4FFFF0C4B10B51A00B432126812681D
S21400ECA8824203D1CC331B68997210BDC0331A68F0
S21400ECB8131D9432042B03D01C68844200D1997724
S21400ECC824339342F6D1F0E758630020F0B5B24DEE
S21400ECD88DB00AA801F026FE2A78531CDBB22B70EA
S21400ECE80AB901F043FE0AA801F021FE0023AB4F43
S21400ECF80AA83C683B6001F015FE2B78013BDBB2A6
S21400ED082B700BB901F046FE0AA801F010FE002C85
S21400ED1800D13EE1E3B20793E40740D5A04CF2F7F2
S21400ED283FFB230004900591703318780C2800D90F
S21400ED3858E208F08BFD94010D00A8015702B901AE
S21400ED48D901570257025702FC012202570228022D
S21400ED58267E102335001D401E4206D0914D2B6B93
S21400ED689847EB6E98470C2374E1FEF71FFF0422C2
S21400ED7833001340164200D166E1236D626D1343DB
S21400ED88002B00D01AE11423227E9A43043B134337
S21400ED982376002240F648000021FFF7CDF802222D
S21400EDA8079B13425CD03B78002100207C4C9343A1
S21400EDB83B7023000A900B917133197801291BD0F8
S21400EDC8914200D114E2002900D091E22200FF32DD
S21400EDD8537B6BB12300CC331B68734D5B88517330
S21400EDE82200B4321268206A00951268FFF72AF8E3
S21400EDF82300012271331A702300CC331B68A088C5
S21400EE085A7859880AABFEF7A9FF48B322002100B2
S21400EE18FA321278654BFC31E0689A704A688D6859
S21400EE2812189A60A2680A980B99AD18DD60854298
S21400EE3805DA2A00EB1712184B410A920B930223A5
S21400EE4871340A9D23705A4C290020000B9EF2F755
S21400EE589FFA2000F2F710FA2800310001F0E6FBCE
S21400EE680420079B034200D193E0002300224C4C69
S21400EE780A920B932300C0331D68002D00D188E04A
S21400EE882200FF32937B032B00D182E0397881433E
S21400EE983970012B23D0022B00D12FE2002B00D093
S21400EEA8BBE240F22411605C002800D123E22E0069
S21400EEB840F20117635490362B88BB420CD12A00C7
S21400EEC82032EB8B206A00926A680021FEF7BAFFB0
S21400EED823000122FF339A732435B542ECD1230070
S21400EEE8C0331D68002323612B00002600279033BB
S21400EEF8049340F201122B88934213D12A7FE98BA0
S21400EF08288C0AABFEF72AFF60B1310039430A9A0B
S21400EF180B9B21B19F4202D804D1964202D9160013
S21400EF281F002561049B24359D42E2D1236983B3E3
S21400EF38237E204D9B0716D5210023002000CC31C8
S21400EF480968BC33B8301B680068097A1A7A0078F2
S21400EF5800955B6849B2F8F7C0FE124BDB6D984720
S21400EF68EB681B1AEB60E968B14203DA0A00CB17B4
S21400EF78B6185F410223FF34A3730F4C31002000FC
S21400EF88F2F706FA2000F2F777F93000390001F0B8
S21400EF9869FB0DB0F0BDC046806600209464002072
S21400EFA858630020309E01005C6300203463002014
S21400EFB8E06300202063002068640020206B616BFB
S21400EFC8F2F760F82300DC331E683200F317801867
S21400EFD859410126059B994203D82ED1049B984295
S21400EFE82BD91DB10822237E93432376049A059BCA
S21400EFF8801A9941E269F2F7DBF9002300222265BC
S21400F008636503000B4306000D00002B00D1BAE62B
S21400F018D04C31002000F2F7BBF92000F2F72CF9AB
S21400F028049B059C02930394CB4B32001B68CB4889
S21400F03800932B0001F08AFAB1E6FA220023520266
S21400F048801859413500C5E7002000212065616514
S21400F0582363A3860026703435002370D8E7237E02
S21400F06810261D003540334200D077E6FEF79EFD99
S21400F078237E01221E432676FA2600200021FEF76C
S21400F0885BFF7602C4E7002204980599236AA284E7
S21400F09880332362FEF7D4FDB14A13680133136048
S21400F0A82300042270331A700222237EA06A934338
S21400F0B8E16A2376F1F7E6FF049A059B121A8B415C
S21400F0C81100002B00D04EE6A64B994200D94AE61E
S21400F0D8049A059B0F20616CFFF770FD06000D0073
S21400F0E809237034237093E71022237E0E2093435F
S21400F0F82376616C049A059BFFF760FD2300B03306
S21400F1081B6806001B780D005B07E9D50A2000F08F
S21400F118EFFB0028E4D00A21002000F097FB23002C
S21400F12800200021AC331B689860D960D8E723001C
S21400F1389C331B680BB19847E0612300F0331B68CB
S21400F1481800D917A26BE36B12184B4105998B422E
S21400F15803D84BD104998A4248D921000A20703135
S21400F168087004980599121A8B4110001900E26974
S21400F178F2F71EF906000D004AE70B2370342370D9
S21400F188FFF70EFC05E62300B0331B681A78520713
S21400F1981ED50A2000F0ACFB18B10A21102000F09A
S21400F1A855FB714DFFF7FCFBFFF740FA6B68984775
S21400F1B8042806D02B1DDB6F98472B6B9847EB6E01
S21400F1C898472023B034226811780B431370E6E57D
S21400F1D822000D21A43212681180082219780A43E9
S21400F1E81A70DEE7002370342370D8E5042331E76D
S21400F1F82300CC331B681A785E6813000B400A425B
S21400F20808D12100B4310968226A00930868FEF71D
S21400F2185BFE0600226913004AB12300CC331B6844
S21400F2280332997A0023D27F8A425B41DBB22500FB
S21400F238FF35AA7B032A0ED1002B4ED04A4B1B6BF8
S21400F24898470023AB73494D1E212800F2F7A0F813
S21400F2582800F2F711F82300032271331A702300EE
S21400F268CC331B68424D1B7A04AA6B70414B1D2099
S21400F2781B6835331B786E602B7400236B7404335D
S21400F288AB742300C4331B68374E1B78EB74172304
S21400F2989B181900FCF7F4FA331DDB6F9847336B9D
S21400F2A8984704ABD87DB36D98472300B834A83385
S21400F2B81A682368043218782900F8F722FD2D4BBF
S21400F2C81A68736BD0689847002800D1C8E5FBF722
S21400F2D8E5F96420FCF73EFBC2E571342370264C42
S21400F2E81E212000F2F754F82000F1F7C5FFB7E515
S21400F2F800221A70B4E501239373F0E5216909B179
S21400F3084B7853B90021FF34A173184C2000F2F74C
S21400F3183FF82000F1F7B0FF3BE60B692BB9226AED
S21400F32800934868FEF7D0FD030022692500D11C2B
S21400F338C87F21007135CC3109682D78897A032D6C
S21400F3481CD188421AD30023FF34A3731E21074C0E
S21400F358DCE7C046CC6300204C63002070630020C6
S21400F3684863002000DD6D00309E010068640020C0
S21400F3783463002014640020E0630020210003208A
S21400F388FF318873127D264D00276A702200BC3232
S21400F3981268244E353212786B600523AB7423004E
S21400F3A8C4331B682A746F741B7804AAEB7417237B
S21400F3B89B1819001A30FCF763FA331DDB6F984761
S21400F3C8336B984704ABD87DB36D98472300A833B2
S21400F3D81A682300B8331B68043218782900F8F72F
S21400F3E890FC230071331A78032A08D10E4D1E218B
S21400F3F828001F70F1F7CCFF2800F1F73DFFBC345A
S21400F4082268736BD0689847002800D1C1E5FBF7DF
S21400F41845F96420FCF79EFABBE500239373B8E52C
S21400F42820630020309E0100E06300200022034B8A
S21400F4389865D96560331A707047C04658630020CF
S21400F448F7B5354D01272B781C003C403B421BD1B5
S21400F458324E3000F1F702FFB8B1043E32780B2A7C
S21400F46813D840F66403D3403B420ED02C4802F033
S21400F4780EFA22000321307802F027FA294802F013
S21400F48806FA294802F003FA01242B7802261A0005
S21400F49832400192334217D1244F3800F1F7DEFE8E
S21400F4A8A0B1173F3B78B343012B0FD1204802F099
S21400F4B8EEF903213878019A02F007FA194802F0A3
S21400F4C8E6F9194802F0E3F901230193019B2A782B
S21400F4D823431C00160004231E401A4218D1154D5B
S21400F4E82800F1F7BBFEA0B10222113DAB7B934387
S21400F4F8012B0ED1104802F0CAF932000321A87B6E
S21400F50802F0E3F9074802F0C2F9074802F0BFF92B
S21400F518012620003043FEBD94640020CC63002002
S21400F528ED910100CF98010040900100E0630020B3
S21400F5380E920100686400203192010010B5FCF7B5
S21400F54895F903000020012B07D10322034BCC3387
S21400F5581B685B7A9A424041C0B210BD58630020CF
S21400F56803000020112B03D80248D8400123184076
S21400F5787047C04620070200024B10B51B6803B14F
S21400F588984710BDA465002070B5074D04002800F4
S21400F59840F20C12002102F011FA0020034B2860FA
S21400F5A868601C6070BDC04698640020A465002092
S21400F5B8010010B5012029B1034840F20C1202F0F0
S21400F5C8E8F9002010BDC0469864002040F20C13ED
S21400F5D8036001487047C04698640020F8B51500D7
S21400F5E8012601B32022144B1F001C00083726787A
S21400F5F8DEB90134BC42FAD1104C226802B9236045
S21400F608626802B1136000221A606360AAB21871B9
S21400F618DD71581DFC3402F0BCF9E36801335B1950
S21400F628E360FFF7A9FF3000F8BD013AD2B23B000D
S21400F638002AD9D10226F6E7A064002098640020A4
S21400F64810B5012410B3124B1A68904204D1026810
S21400F6581A60002205E00A00002AFAD011688842DB
S21400F668F9D15968884200D15A600AB10168116018
S21400F6780024FC33DA68C179013A521A0460210082
S21400F688DA60082202F09AF9FFF776FF200010BD2C
S21400F69898640020054B1B682BB11A798242FAD170
S21400F6A800200B6070470320FBE7C04698640020E4
S21400F6B8084B70B51C681CB9FFF75EFF200070BDCC
S21400F6C82079FFF74DFF256810B92000FFF7B8FF2F
S21400F6D82C00F0E798640020084B70B51C681CB92D
S21400F6E8FFF74AFF200070BD20792568FFF738FF2E
S21400F6F810B12000FFF7A4FF2C00F0E79864002064
S21400F7080300012023B10020024AFC32D2681A60A6
S21400F7187047C04698640020F7B50F0001901600A1
S21400F72801206AB161B1104B1C6800231D002CB182
S21400F738019AD11AE2790132914202D200203D6044
S21400F748FEBD5A1CD2B200922279611DF254009B6B
S21400F758E279F01802F01DF9E279009B0135D3181A
S21400F7682468DBB25519E2E79864002070B50400F7
S21400F77801205CB1074B1D68002323702DB1287942
S21400F788FFF7EEFE18B101232370002070BD2D6828
S21400F798F4E7C04698640020002310B5074C1422EE
S21400F7A820600748FF210375E0606060A06002F0F3
S21400F7B805F90122E3685A7510BDC046A865002001
S21400F7C8B8650020010010B5002021B102481622B5
S21400F7D802F0DFF8012010BDB8650020162303608C
S21400F7E800487047B865002030B50D4D0200E9683E
S21400F7F800200C7D042C12D81078AB6801341870E1
S21400F80850785870D278181DDA7000229A700A005C
S21400F81810320C75934200D10800A860012030BD54
S21400F828A865002010B50849CA68137D180053B1AA
S21400F838013B137513004C681033201D9C4200D101
S21400F84810004860012010BDA865002070B50C4C5B
S21400F858E268137D2BB115006368A46810359C42D6
S21400F86800D170BD1E788E4205D0AB4201D1130080
S21400F878F5E70433F3E7012258709A70F1E7C046BB
S21400F888A865002030B50C4C0100E2680120137D05
S21400F89833B16368A06814001034984201D101207F
S21400F8A830BD1D788D4205D0A34201D11300F4E780
S21400F8B80433F2E75878F3E7A865002070B50B49DB
S21400F8C8CA684B68147D507564B1140001258968B0
S21400F8D81034DE78587006B99D70A34203D1130021
S21400F8E89942F6D170BD0433FAE7C046A8650020F1
S21400F8F80B4A30B553689168D268140010349942A0
S21400F90804D100235A1E9341D8B230BD1D788542D3
S21400F918F8D0A34201D00433F1E71300EFE7C0465E
S21400F928A8650020F0B505000024124F85B0FB68D6
S21400F9381B7D0193019B9C4201D105B0F0BD7B68FD
S21400F948197829705A786A70987840B13B68280008
S21400F9589B689847FFF766FF0134E4B2EAE703AE10
S21400F96831707270DB78F370FFF75CFF3000FFF7DA
S21400F9783BFFF1E7A8650020014BDB68187D704760
S21400F988A86500200420034BDB681B7D9842804155
S21400F99840427047A8650020F0B50D4A0023D56898
S21400F9A82C7D9CB12E005368002210361F788742A3
S21400F9B80AD0B34206D12B000132D2B29442F5D116
S21400F9C8002303E00433F7E79442F9D00B60F0BD58
S21400F9D8A8650020F0B585B004000F0016000021C9
S21400F9E8102268461D0008F0B1FE6A46A31F137071
S21400F9F86B460322581C390001F0CBFF0322310066
S21400FA0801A801F0C6FF6B460222D81D290001F0A6
S21400FA18C0FF064B02221868694623000068F8F7FC
S21400FA286FF800B10F2005B0F0BDC046F86500209D
S21400FA38F0B58BB0019310AB06000C001F7800924F
S21400FA48F9B30A20F6B31022002102A808F07EFEB9
S21400FA581022002106A808F079FE1E206B46012514
S21400FA68042201A968441D765F77FEF727F822204E
S21400FA78042211A96844FEF721F8EAB21301103BE4
S21400FA8806A8DFB2C27301351021009A02ABADB2E8
S21400FA98F7F7A0FFC0B9221C102C00DD102202A820
S21400FAA80021844612B2F31967461878CF5D0131F3
S21400FAB87840187001339142F6DB103C24B2002CD3
S21400FAC8DBDC00200BB0F0BD0F20FBE71FB51022D3
S21400FAD80021684608F03AFE054B09221868694670
S21400FAE87F230068F8F70CF800B10F2005B000BDBA
S21400FAF8F86500200338052300B504280CD80C4BFD
S21400FB081B6807F08FFE030B0E1012001A690A60B6
S21400FB181A0010325A620023180000BD5B690B6099
S21400FB28F9E79B69FBE7DB69F9E71B6AF7E7C04675
S21400FB38F865002010B50C480C4C282200212060DF
S21400FB4801F03CFF23680A4A19001A6001220020C7
S21400FB58524210319A80D8601A6159625A619A6185
S21400FB68DA611A6210BDC046D0650020F86500202C
S21400FB7800040001010010B50A2021B1024828221D
S21400FB8801F007FF002010BDD06500202823036081
S21400FB9800487047D065002003000A202BB10020DB
S21400FBA8024A1268D26801321A607047F865002067
S21400FBB837B51C000023150001930A3344B101A988
S21400FBC8FFF798FF030018B901994A1C02D125606F
S21400FBD818003EBD8AB2AA1A002A02DD89182160DA
S21400FBE8F6E712B907232160F2E78022090C090418
S21400FBF8520289184919F2E703000A2063B1074A36
S21400FC080020126808331100143119610431596351
S21400FC18043120329965DA677047C046F8650020D7
S21400FC2837B504000A207CB1114D09382A68938834
S21400FC3801339380FCF70AFB2B6820009B88E3823D
S21400FC4800F0E8FD08B111203EBD230018330093EC
S21400FC58132202232168F7F79BFE03000F20002BD0
S21400FC68F2D1200000F0D6FD0028EDD0EBE7C04624
S21400FC78F865002073B50A23140072B169B103331E
S21400FC88FF280AD1106811790130013903000222D1
S21400FC9889B2F7F79FFE10B10F23180076BD200033
S21400FCA800F032FD10230028F7D102261C4D2B68E1
S21400FCB8987022790096043A636A216892B2F7F738
S21400FCC872FE0028E8D1E279237AA1791B04120291
S21400FCD81A430A432968032388689042DDD0300017
S21400FCE88A60FCF7B3FA2B68A61D09340433220091
S21400FCF831000820FFF76EFE03000028CDD12B68E0
S21400FD082200043331000720FFF764FE03000028B2
S21400FD18C3D101212A684942D0601161BDE7C046B7
S21400FD28F8650020F0B506001C0089B01BB90A2546
S21400FD38280009B0F0BD304F06253B68DB688342D3
S21400FD48F6D8200000F098FD0B3503000028EFD108
S21400FD58621CD27F511E8A41216807320391A1682E
S21400FD6825798C463968C968B1422CD33B68216826
S21400FD78DE6023792089043B8446A7689AB2002966
S21400FD88D5D040F200100E258242D1D80025B738CB
S21400FD98049004A885806546C373C58023003D0C7F
S21400FDA8057200253F0E47724681370C2C33360EF7
S21400FDB885730773467300930723F7F7E9FD050075
S21400FDC890B10F25B4E7210028310878043D0100DA
S21400FDD8281A039D0093281863460196FFF728FE05
S21400FDE805000028C2D0A3E723792068043BE16A0F
S21400FDF8C01800F03AFD9BE7F8650020F0B58FB014
S21400FE08149E05000F001C000692002E00D18CE000
S21400FE18002310000AA90A93FFF76CFE18B1062300
S21400FE2818000FB0F0BD0A9B9C4201D80133F6D1EA
S21400FE38300000F0A1FC10230028F1D13C4B8200D2
S21400FE48D2181378AB4241D1B1680223B942E7D140
S21400FE585378059393780993336803933379043B6F
S21400FE6807936B469B8B0493F36A0893039B002BBC
S21400FE785BD040F20011049A0E238A42D0D80AAD0D
S21400FE8810220021280001F099FD49230A9340F228
S21400FE980013AB803B0C2B723B0E6B72230C2B7340
S21400FEA8230E6B730023AB73079BEF80EB73099BE2
S21400FEB86C8128000093049A089B0399F7F773FD52
S21400FEC8030040B10128ABD00F23A9E7013005286D
S21400FED8B4D10C23A4E7731CDB7F0BB90733059357
S21400FEE8330028331978012301940093059A3B00C0
S21400FEF8706AFFF79DFD0300002800D090E706987B
S21400FF080338042800D98BE70A4A126807F08AFCE7
S21400FF18030507090B00146182E7546180E79461C2
S21400FF287EE7D4617CE714627AE70A2378E7C0465E
S21400FF3826400020F865002030B50F4B04001D68E9
S21400FF4885B020B9AB780B203BB905B030BD012889
S21400FF5803D1AB780B20012BF7D01022002168467E
S21400FF6808F0F4FB0923220069462868F7F7C8FD5D
S21400FF780028EAD00F20E8E7F865002070B50500ED
S21400FF88F7F7B6FD040010B10F24200070BD012D50
S21400FF98FBD12800FFF7D0FF0028F5D1FFF796FD24
S21400FFA80028F2D0F0E70000014B1B6898887047DD
S21400FFB8F8650020014B1B6898807047F86500209C
S21400FFC8014B1B6898687047F8650020014B1B6852
S21400FFD898607047F8650020014B1B6818697047E1
S21400FFE8F8650020014B1B6818617047F86500200B
S21400FFF8014B1B68D8687047F8650020014B1B68E2
S214010008D8607047F865002010B5054C3C220021E1
S214010018200001F0D3FC40F20013236010BDC04657
S214010028FC650020014B18607047C046FC6500203F
S214010038014B18687047C046FC650020F7B51C00E0
S2140100480AAB1B7807000D0016000193FBF74EFC60
S21401005870B3184B1B681B072AD5174801F017FC05
S21401006800220321380001F030FC144801F00FFC8F
S21401007800220A21300001F028FC104801F007FC94
S21401008800220A21280001F020FC0C4801F0FFFBA1
S21401009800220521200001F018FC084801F0F7FBB2
S2140100A801980022032101F010FC054801F0EFFB3E
S2140100B8F7BDC046FC650020599201004E93010029
S2140100C84090010070B506AB0D0014001E88FBF7C2
S2140100D80DFC30B1034B1A68920702D01D719C6063
S2140100E89E8170BDFC65002070B50C001D00FBF7F5
S2140100F8FDFB58B10523064A1168194206D0049B30
S2140101081576D3610C9B13620532D47770BDC04651
S214010118FC650020F7B505000E0017000193FBF7F4
S214010128E5FB002849D0254C23685B0734D52448CD
S21401013801F0ADFB00220321280001F0C6FB21488F
S21401014801F0A5FB00220321207E01F0BEFB1D481D
S21401015801F09DFB00220A21E06901F0B6FB19486F
S21401016801F095FB00220A21206A01F0AEFB154832
S21401017801F08DFB00220A21300001F0A6FB114890
S21401018801F085FB1F20631D18560022032101F08C
S2140101989CFB0D4801F07BFB2368DA0708D5220093
S2140101A801993432117022002C322763A662157029
S2140101B85B0602D5042338342370F7BDFC6500209E
S2140101C85F9201004E93010040900100F7B50600CA
S2140101D80F0015000193FBF789FB002845D0234C37
S2140101E823689B0737D5224801F051FB00220321DB
S2140101F8300001F06AFB1F4801F049FB0022032189
S214010208207901F062FB1B4801F041FB00220A211C
S214010218A06801F05AFB174801F039FB00220521B6
S214010228A08901F052FB134801F031FB019B0A211A
S2140102385A4253415B421D400022280001F045FB0B
S2140102480C4801F024FB380000220A2101F03DFB8E
S214010258094801F01CFB2368DA0701D527612675D2
S2140102685B0602D5052338342370F7BDFC650020EC
S214010278649201004E9301004090010010B5FBF70F
S21401028835FB78B1084C23685B060BD538342378E0
S214010298022B07D0054801F0FAFA054801F0F7FAEB
S2140102A80223237010BDC046FC6500206992010038
S2140102B84090010010B5FBF719FB78B1084C23688C
S2140102C85B060BD538342378032B07D0054801F095
S2140102D8DEFA054801F0DBFA0323237010BDC04699
S2140102E8FC6500207A9201004090010010B5FBF7EA
S2140102F8FDFA70B1074C23685B060AD538342378B3
S2140103083BB1054801F0C3FA044801F0C0FA0023DE
S214010318237010BDFC6500208B92010040900100FF
S21401032870B50500FBF7E2FA70B10A4C23685B0664
S2140103380AD5082D09D1084801F0A9FA074801F09D
S214010348A6FA01233834237070BD002DFCD1044869
S214010358F2E7C046FC6500209A9201004090010031
S214010368B292010070B5FBF7C1FA00284DD0324CA5
S2140103782368DB0749D5314801F0F8FD002523003D
S21401038834331B78AB4241D82D4801F080FA00225D
S2140103980121100001F099FA294801F078FA0022A3
S2140103A80121100001F091FA254801F070FA0022A7
S2140103B80121100001F089FA214801F068FA0022AB
S2140103C80A21A06A01F081FA1D4801F060FA2300AB
S2140103D82C331B78012B21D11A4801F058FAE06911
S2140103E80022052180B201F070FA174801F04FFA91
S2140103F8237E0020022B02D8144A5B00985E002256
S214010408052101F062FAF0F771FA70BD236B02213B
S214010418585D013501F045FAEDB2B0E70C4801F038
S21401042836FA4CF25033E26900209A4200D1323053
S21401043800220221E5E7C046FC650020CA920100B9
S2140104484E930100CE920100D692010094AB0100B2
S214010458D9920100F7B507000E0000920193FBF749
S21401046845FA00284DD0314C2368DB0749D530487A
S21401047801F07CFD0025B54244D32E4801F007FA69
S21401048800220521009801F020FA2A4801F0FFF918
S21401049800220321019801F018FA264801F0F7F91D
S2140104A8254B88331B68984701218009084000229C
S2140104B801F00BFA1F4801F0EAF900220A21206927
S2140104C801F003FA1B4801F0E2F9237D012B20D144
S2140104D81A4801F0DCF9A0680022052180B201F073
S2140104E8F4F9174801F0D3F923790020022B02D832
S2140104F8144A5B00985E0022052101F0E6F9F0F740
S214010508F5F9F7BD785D0221013501F0CAF9EDB2BA
S214010518B1E70D4801F0BBF94CF25033A268002050
S2140105289A4200D1323000220221E6E7FC6500201B
S214010538CA9201004E930100309E0100CE9201003E
S214010548D692010094AB0100D992010070B5069EBF
S21401055804001500FBF7CAF9002853D02A4B1B687C
S2140105689B054FD5294801F092F900220A2130004F
S21401057801F0ABF9264801F08AF9264801F087F917
S21401058800220A21280001F0A0F9214801F07FF98C
S214010598214801F07CF900220A21E06A01F095F968
S2140105A81B4801F074F91D4801F071F900220A216F
S2140105B8049801F08AF9164801F069F9184801F01B
S2140105C866F920696169F0F75DFD00220A2101F0EC
S2140105D87CF90F4801F05BF9124801F058F900223E
S2140105E80A21206C01F071F9094801F050F90E480A
S2140105F801F04DF9206A00220A2101F066F9044843
S21401060801F045F970BDC046FC650020DF92010087
S21401061840900100E9920100F7920100049301005D
S214010628129301001F9301003093010010B50400D6
S214010638FBF75CF970B1084B1B68DB060AD507485F
S21401064801F025F9200000220A2101F03EF90448AC
S21401065801F01DF910BDC046FC650020409301005D
S2140106684090010010B50400FBF740F970B1084B43
S2140106781B689B060AD5074801F009F920000022E5
S2140106880A2101F022F9044801F001F910BDC0461B
S214010698FC6500204893010040900100F8B572B649
S2140106A8BFF34F8FBFF36F8F00F05AFA18B30120CC
S2140106B800F03CFA10250226124C276862B6BFF3F2
S2140106C84F8FBFF36F8F2368BB4203D100F048FA00
S2140106D80028F8D172B6BFF34F8FBFF36F8F236828
S2140106E82B4206D12368334203D100F039FA002899
S2140106F8E2D100F015FA62B6BFF34F8FBFF36F8FE2
S2140107080120F8BD8866002010B5040002206CB3ED
S214010718216859B30B78032263710131A01D01F0DA
S21401072838F92000216803220431093001F031F933
S21401073820002168042207310C30FCF797F821685D
S214010748CB7A23740B7B63742379212B0FD120007A
S21401075810220D31123001F01CF91D2320002168EA
S21401076824300422C918FCF781F8002010BD0120A6
S214010778112BFBDC0D23F1E770B5040002202CB128
S214010788216819B123790B2B01D8012070BD2000EF
S2140107980B780422637101310830FCF767F8216889
S2140107A84B7923738B79E381CA7912021343E38168
S2140107B8227B237912070B3B120F9342E5DD2000BB
S2140107C80831103001F0E5F8237B200000221B07D2
S2140107D81B0F1E00651C2830EA770270227908363E
S2140107E8911B04290BDD21680933043A8E5DD21A60
S2140107F8D2B2EE770270606AC91801F0CAF8200012
S21401080823792168043B2C300422C918FCF72EF8FA
S2140108180020BBE710B5040001202CB323681BB3E6
S21401082822790018162A1FD96279A11D1A70206824
S2140108380822013001F0B6F82100206808220E319E
S214010848093001F0AFF821002368E28A18315A749A
S214010858E38A22681B0A9374206804221330FDF782
S2140108682DF917230020237110BD07B50422019125
S21401087801A9FDF723F907BD70B504000120002C76
S2140108884FD02168012000294BD026002836307821
S214010898227B03005D1EAB411207120F9B18043022
S2140108A808331B1822799BB202209A4239D36379FE
S2140108B804220B702100206808310130FDF7FEF88C
S2140108C821002368227B10315A712368E2899A71C4
S2140108D8E38922681B0AD371227B20681207120F4C
S2140108E8083001F056F8237B32781B071B0F1D00D2
S2140108F808352AB1621CD17F2268093351551D007B
S214010908206832784019616A01F043F83378206824
S214010918ED18ADB24019E16AFFF7A7FF00200435CC
S214010928257170BDEFF31083036072B670470368D4
S21401093883F310887047000072B6BFF34F8FBFF37A
S2140109486F8FBFF34F8F034B034ADA60BFF34F8FA6
S214010958C046FDE700ED00E00400FA0570470020F8
S214010968704710B5F0F740FE10BD00001220074B87
S21401097810B5185606F0BAFE1220054B185606F0A2
S214010988B5FE112006F0B2FE10BDC04680B20100C9
S214010998A8B201001220074B10B5185606F092FEB1
S2140109A81220054B185606F08DFE112006F08AFE19
S2140109B810BDC04680B20100A8B2010070B50D0096
S2140109C8140029000348A2B2F0F722FD0028F8D146
S2140109D8200070BD38660020002337B50C001500CE
S2140109E8019321000848AAB201ABF0F715FD0028CB
S2140109F8F7D1019A2100044892B2F0F709FD0028C0
S214010A08F7D101983EBDC0463866002010B50249A8
S214010A18024805F0B9FE10BD60B20100A06A0020C8
S214010A2837B5EFF31080012383F310882D4B19682F
S214010A3819B92D4AD1704031D1701A6801321A603D
S214010A4880F31088002501242849294806F042FB2E
S214010A5800220421264806F0C9FB40F2E83140F29C
S214010A68DC5006F09BFD0121214806F08BFB022194
S214010A781F4806F087FB1F4B64421D661E4B1D6010
S214010A8800F034F900F0CCFB2900230022001B48B3
S214010A980194009400F0F6F8194B29001868022210
S214010AA840F20043806807F045FD29002300220034
S214010AB81448F0F7A5FCFFF7A9FF00F041FC04F085
S214010AC8F5FF0821104A93788B43937080220F4BC9
S214010AD8520599680A439A608022996812060A4361
S214010AE89A6037BD486E0020000D04401CB2010014
S214010AF8606A002000080440C0080440D04E002068
S214010B08544000203866002000100D40FC6F044059
S214010B1810B5024805F044FE10BDC046A06A002084
S214010B280022014B1A60704788660020054B012891
S214010B3800D118601A68D20702D51A6810431860DF
S214010B487047C04688660020044B10B51B68DB0753
S214010B5802D50220FFF7EAFF10BDC04688660020CE
S214010B68034B01201B6810B503B1984710BDC0465A
S214010B788466002070B502F07BFB30B91E4B1B68FB
S214010B88DB050BD5FFF78AFD70BD012806D103F0FA
S214010B9811FBC00502D503F019FBF5E772B6BFF3E2
S214010BA84F8FBFF36F8FFFF7DBFFE8B10120FFF729
S214010BB8BDFF10250226FFF7ABFF62B6BFF34F8FC6
S214010BC8BFF36F8F72B6BFF34F8FBFF36F8F0B4CA8
S214010BD823682B4206D12368334203D1FFF7C0FFAF
S214010BE80028E8D10023236062B6BFF34F8FBFF316
S214010BF86F8F0020C8E7C046FC6500208866002085
S214010C08014B18607047C0468466002010B540F254
S214010C18E83106F0C3FC10BD20B10022835E013323
S214010C2800D00180704700000022835E10B55A1C70
S214010C380CD04A1E914140F60070CAB21901014013
S214010C480F2003401943024805F044FE10BDC04674
S214010C58486A00200022835E13B500205A1C0DD076
S214010C686A46D41D40F60072190111400F2213403E
S214010C7803482200194305F007FE207816BDC04632
S214010C88486A002010B50249024805F0D3F910BD9C
S214010C98D0B20100E86A00201FB50A0000236946A1
S214010CA88B730F2169440A700E220A4C0A48237076
S214010CB8073300936A44063B05F0B8F980239B0284
S214010CC8227812B9013B002BFAD16B46987B04B007
S214010CD810BDC0468C660020E86A00200379012B07
S214010CE801D1014A137070478C66002013B50024A1
S214010CF82300220003210E4801940094F0F72EF9F0
S214010D082300220002210B4801940094F0F726F9EB
S214010D180748F0F730F943425841074B1870054821
S214010D28F0F729F943425841044B0130187013BDB6
S214010D3890660020A4660020CC6600203A40002079
S214010D4810B5044C0449200005F078FE200005F093
S214010D58A7FE10BD506A002004B2010010B5074B6B
S214010D681B78012B09D1022040F28021F1F7F7FD0B
S214010D78F2F70CF87F20F1F761FD10BDCC66002074
S214010D8810B5094C0A20F0F7E5F800212000F0F725
S214010D98EEF81420F0F7DEF801212000F0F7E7F866
S214010DA80A20F0F7D7F810BD6C4E002010B503489E
S214010DB8F0F7E1F80128FAD010BDC046804E0020B1
S214010DC873B5184C01A8FFF7ADFD2278531CDBB2AA
S214010DD823700AB9FFF7CAFD01A8FFF7A8FD124D4F
S214010DE800212800F0F7C3F8104EC0213000FFF7A5
S214010DF853FF00213000FFF74FFF01212800F0F7CD
S214010E08B6F8FFF7D3FF01A8FFF78CFD2378013B5F
S214010E18DBB223700BB9FFF7BDFD01A8FFF787FD0D
S214010E2873BDC04680660020104F0020D04E0020BB
S214010E38F0B5204D85B0160007000C00F1F760FCF0
S214010E4803A8FFF76FFD2A78531CDBB22B700AB98B
S214010E58FFF78CFD03A8FFF76AFD174B0021180062
S214010E680093F0F784F8154B390018000193FFF743
S214010E7813FFA619B44216D101210098F0F777F8A6
S214010E8803A8FFF74FFD2B78013BDBB22B700BB99C
S214010E98FFF780FD03A8FFF74AFD842F01D0FFF76F
S214010EA885FF05B0F0BD21780198FFF7F5FE0134FE
S214010EB8E0E7C04680660020104F0020D04E002094
S214010EC8F0B5224D85B016000C000190F1F718FC1C
S214010ED803A8FFF727FD2A78531CDBB22B700AB943
S214010EE8FFF744FD03A8FFF722FD194B0021180060
S214010EF80093F0F73CF8174F01993800FFF7CCFE3E
S214010F0800213800FFF7C8FEC3B20193A619B44200
S214010F1815D101210098F0F72AF803A8FFF702FD7A
S214010F282B78013BDBB22B700BB9FFF733FD03A817
S214010F38FFF7FDFCFFF73AFF019805B0F0BD002169
S214010F483800FFF7A9FE20700134E0E7806600202C
S214010F58104F0020D04E0020F0B5234D85B0170065
S214010F6804000191F1F7CCFB03A8FFF7DBFC2A7814
S214010F78531CDBB22B700AB9FFF7F8FC03A8FFF77E
S214010F88D6FC1A4B002118000093EFF7F0FF184E15
S214010F980D213000FFF780FE210A3000FFF77CFEA6
S214010FA8E1B23000FFF778FE019CE719BC4214D184
S214010FB801210098EFF7DBFF03A8FFF7B3FC2B78B6
S214010FC8013BDBB22B700BB9FFF7E4FC03A8FFF774
S214010FD8AEFCFFF7EBFE05B0F0BD21783000FFF759
S214010FE85BFE0134E2E7C04680660020104F002011
S214010FF8D04E002007B56B46D97107330122190078
S214011008FFF7AAFF07BD0000F0B5254E85B017000B
S21401101804000191F1F774FB03A8FFF783FC32780B
S214011028531CDBB233700AB9FFF7A0FC03A8FFF71D
S2140110387EFC1C4B002118000093EFF798FF1A4D11
S2140110481D212800FFF728FE210A2800FFF724FEA5
S214011058E1B22800FFF720FE00212800FFF71CFE5A
S214011068019CE719BC4214D101210098EFF77FFFD4
S21401107803A8FFF757FC3378013BDBB233700BB993
S214011088FFF788FC03A8FFF752FCFFF78FFE05B0B1
S214011098F0BD00212800FFF7FFFD20700134E1E7CD
S2140110A880660020104F0020D04E002013B56B46F6
S2140110B8DC1D01222100FFF7A7FF207816BD0000DE
S2140110C8F0B5204D85B016000C000190F1F718FB1D
S2140110D803A8FFF727FC2A78531CDBB22B700AB942
S2140110E8FFF744FC03A8FFF722FC174B0021180062
S2140110F80093EFF73CFF154F0E213800FFF7CCFDA4
S21401110838000199FFF7C8FDA619B44214D1012188
S2140111180098EFF72CFF03A8FFF704FC2B78013B98
S214011128DBB22B700BB9FFF735FC03A8FFF7FFFB03
S214011138FFF73CFE05B0F0BD21783800FFF7ACFD9F
S2140111480134E2E780660020104F0020D04E0020D0
S214011158F0B5234D85B017000C000190F1F7D0FAD1
S21401116803A8FFF7DFFB2A78531CDBB22B700AB9FA
S214011178FFF7FCFB03A8FFF7DAFB1A4B0021180060
S2140111880093EFF7F4FE184E1E213000FFF784FD9A
S21401119801993000FFF780FD00213000FFF77CFD44
S2140111A8E719BC4214D101210098EFF7E0FE03A825
S2140111B8FFF7B8FB2B78013BDBB22B700BB9FFF7B7
S2140111C8E9FB03A8FFF7B3FBFFF7F0FD05B0F0BD99
S2140111D800213000FFF760FD20700134E1E7C046CA
S2140111E880660020104F0020D04E002010B5022146
S2140111F8F1F7FEFB10BD0000014B18787047C0469A
S2140112083A400020014B18787047C046CC6600204B
S21401121810B501210148EFF7AAFE10BDB8660020F7
S21401122873B501250024164E2A0030000195009555
S21401123800231D21EFF792FE2300220014211148F6
S21401124801940094EFF78AFE2300220032210E480B
S21401125801940094EFF782FE30002A002300210053
S214011268A43801940094EFF779FE2A00230043215D
S214011278064801950094EFF771FEFFF7C9FF73BDA5
S214011288104F0020804E0020944E0020B8660020A3
S21401129810B500210148EFF76AFE10BDB8660020B8
S2140112A810B50248EFF767FE10BDC046944E002001
S2140112B80122054B002000211A751A700022986039
S2140112C8D9601A619A837047D066002010B5FFF777
S2140112D8EFFF10BD0120034B1B7898428041404226
S2140112E87047C046D066002010B5064B1C7D2CB949
S2140112F89B6903B198471020FFF718FC012060404E
S21401130810BDC046D06600200A4B10B5186806F016
S21401131843F8094B094C1B682268597C112006F0D2
S214011328F5F9012320688268917B0B43937306F0D5
S21401133833F810BD00670020F4660020FC66002024
S21401134870B50F4B0F4D10492B60104B104C1148C0
S214011358114E1960114B2060336005F075FF70B9A6
S2140113683168286805F070FF10B1206805F0E2FFC3
S2140113780B4B0C4A9A6100221A75FFF7C5FF70BD20
S214011388C86A0020FC66002080B20100F8660020CA
S21401139800670020A86A0020F4660020A8B20100B1
S2140113A8D06600204D110000034B1B689B68188807
S2140113B8C04380B27047C04600670020034B04480C
S2140113C81B689B681B88C01A80B27047FC660020A1
S2140113D8FFEFFFFF054B1B689B681B7A9B0603D52F
S2140113E8034A1368103313607047C046006700202D
S2140113F8F066002045F65E73434382B00193019B75
S214011408034AB3FBF2F30193019802B07047C04652
S214011418A0860100F7B51E4E01A8FFF783FA3278B9
S214011428531CDBB233700AB9FFF7A0FA01A8FFF71D
S2140114387EFA184B1F68FFF7B7FF174B05001B68A6
S21401144801A89B681C7AFFF76DFA3378A406013B5E
S214011458DBB2E40F33700BB9FFF79CFA01A8FFF76C
S21401146866FA47F6FE739D4201D804B11037280084
S214011478FFF7C0FF040040F2E832002338000021DD
S21401148806F048FA220000238018594103B0F0BD3F
S21401149880660020F06600200067002010B5FFF780
S2140114A8B9FF10BDF7B50F00514C022839D00023FB
S2140114B803285ED01D001E00012820D12278019243
S2140114C8012A1CD1FFF77AFFFFF794FF257506005E
S2140114D8FFF7A0FF43F698239B1B9BB2A060E16031
S2140114E82761A3830FB9002508E043F697229742A0
S2140114F814D8BB4212D90423BDB22370012623692E
S214011508002B3DD106332370FFF7EEFE2378062B1A
S21401151802D1053B237523703000FEBD02232370DC
S214011528E1E72378022B0BD1A28B23699B1A0126AC
S2140115382361304B22699A420ED9002323610BE0BE
S214011548032B03D123692C4A9B18F0E7043B00269A
S214011558012BEED82661013643F6972325699D426D
S21401156803D80423ADB22370C9E7032300252370EB
S214011578C5E722781D001E00052AC0D12361B2E7FF
S2140115882378042BC8D11D4F2D03386883681B8820
S2140115989BB2019305F0C0FE40F2E833B5FBF3F5C4
S2140115A8019B019A5D1BADB2EB1C9BB29A4202D21B
S2140115B8134BED18ABB23A6891680A7A9207FCD4D5
S2140115C80888019D82B2854205D3101C9A4200D92B
S2140115D8181C82B202E001989842F6D90523112018
S2140115E84A80237006F030F8386805F0D5FE93E790
S2140115F8D06600200000FFFF68C5FFFFFC660020DC
S21401160803F0FFFF70B504000D0003280FD801286A
S2140116181AD811D0002100200E4B00229860D960FC
S21401162801211A701A6119759A619A830AE00428C9
S214011638F0D1FFF73DFE05E0FFF73AFE290020004E
S214011648FFF730FF002004E00021FFF72BFF0028FA
S214011658EFD070BDD066002010B501000120FFF75D
S214011668D1FF10BD20210B4B10B51B689A68107A64
S214011678C3B2084205D08B431372074A1368103366
S2140116881360FFF727FE18B100210220FFF7BAFF03
S21401169810BDC04600670020F066002010B5FFF7B1
S2140116A8B9FE0B000A4902008868C968994202D83F
S2140116B809D1904207D9121A8B4101204042C1171D
S2140116C88018594110BD121A8B4110001900F9E70C
S2140116D8D066002070B504000D00FFF79BFE0200DF
S2140116E80B008D4207D801D1844204D8121BAB41A6
S2140116F81000190070BD01204042C117FAE7704773
S21401170810B50400FFF786FE40F2E832002306F023
S214011718E1F8228010BD10B5FFF746FE10BD002384
S21401172813B504000193FFF73FFE001B80B20128A2
S21401173803D9F423013843430193019880B216BDB7
S21401174870B5EFF30384103C64B2200005F07CFF0B
S214011758094BA400E558AB681C7A084BE4B21B7821
S214011768052B03D100210320FFF74CFF4022AB686D
S21401177894431C7270BDC0464C6E0020D066002093
S21401178810B50249024804F067FA10BD28B20100F4
S214011798706A0020002310B50A480B4C23700370AA
S2140117A80A4804F004FA012320B980239B02227810
S2140117B812B10023180010BD013B002BF7D10123FD
S2140117C8F8E7C0460467002006670020706A002014
S2140117D8F8B51D0000230C4E0C4F0D48337014004D
S2140117E83B7004F0E0F9012328B980239B02327884
S2140117F81AB100232C801800F8BD3A7812B9013BBB
S214011808002BF4D10123F6E70567002004670020C2
S214011818706A0020030010B572B6BFF34F8FBFF38E
S2140118286F8F0079082809D8A8B10138072812D877
S21401183805F0F8FF1B17110D1111110B0300EF220C
S214011848103B134201D0402805D1094B0AE098689D
S214011858C0B2EEF79FFF62B6BFF34F8FBFF36F8F2D
S21401186810BD044B01221A70F5E7034BFAE7C04690
S21401187804670020066700200567002007B56B4649
S214011888D91D087001220020FFF784FF07BD10B597
S21401189804000020205600B910BDFFF7EFFF013401
S2140118A8F7E770B505000F2601398C00231D00D116
S2140118B870BD2800E0403040092804D83030FFF7D2
S2140118C8DDFF043CF2E73730F9E7F7B505000E000F
S2140118D80192002803DA2D20FFF7D0FF6D4201237D
S2140118E80A221C00B34204D301260A27002C04DC72
S2140118F8F7BD01335443DBB2F4E7012C00D10026CF
S21401190895FBF4F292FBF7F37B43D31A00936B46ED
S2140119181878012E0DD160B9019B13B11800FFF795
S214011928ADFFFF22009B1340634394FBF7F4ED1AC7
S214011938DCE7303040B2FFF7A1FF0026F1E70000F0
S214011948074B08481A68504343F239028018186052
S214011958054BB0FBF3F3DA07D31AC01A7047C04633
S2140119683C4000206D4EC641FFFFFF7F014B1860CB
S2140119787047C0463C40002070B505000C00FFF7D4
S214011988DFFF611B013190FBF1F35943401A4019FF
S21401199870BD002310B5934200D110BDCC5CC45471
S2140119A80133F8E7531EC018002330B59A4200D118
S2140119B830BDCD5C5C4205550133F7E710B506F03E
S2140119C8C5FE10BD10B5EEF771FE0138C0B210BDE8
S2140119D810B5EEF745FE0138C0B210BD04207047B9
S2140119E810B50A4CEEF740FF0948FFF750FF0221F1
S2140119F8E078FFF756FF0748FFF749FFA07802216E
S214011A08FFF74FFFEEF772FF002010BDB0AF0100E1
S214011A18509301000F99010010B501F01DFD00203B
S214011A2810BD13B5EFF736F8C0B2012801D004206F
S214011A3816BD6B469C1C01A82100EFF733F800235E
S214011A48E05E0128F3D1019B1B785BB2312BEED106
S214011A5801F0C6FB0020EBE713B5EFF71BF8C0B2A1
S214011A68012801D0042016BD6B469C1C01A8210044
S214011A78EFF718F80023E05E0128F3D1019B1B78E5
S214011A885BB2302B04D1002001F012F90020EAE7FE
S214011A98312BE7D1F8E700007FB56B460024DD1C43
S214011AA801AE300029002C7001F0D0F9EEF7DCFE0B
S214011AB80C48FFF7ECFE2B78A34204D8EEF716FF86
S214011AC8002004B070BD6300F05A0421FFF7E9FE58
S214011AD82B78013B9C4202D00348FFF7D8FE01341D
S214011AE8E4B2E8E7969001004E930100030030B592
S214011AF841180A2400208B4200D130BD00229A5694
S214011B086043303AD5B20133092D01D81018F2E7EF
S214011B1801204042F1E704207047000013B5EEF7B4
S214011B28B9FFC0B2012801D0042016BD6B469C1C23
S214011B38210001A8EEF7B6FF0023E15E0129F3D1E3
S214011B480198FFF7D3FFC4B2012C10D9072CEBD1AB
S214011B580B48FFF79CFEEEF7C9FE072C04D101F0EF
S214011B68AFFC012002F010FEFEF7E6FE05E0002CB1
S214011B78EED100F0F3FF01F013FB0020D5E7C046D5
S214011B88BD94010013B5EEF785FFC0B2012810D148
S214011B986B469C1C210001A8EEF784FF0023E15E3A
S214011BA8012906D10198FFF7A1FFC0B218B1012893
S214011BB801D0042002E001F037F8002016BD00002D
S214011BC810B5EEF7C5FD01F053FB20B101280AD088
S214011BD8EEF7B4FD10BD242340F20021054A06485D
S214011BE8EEF78CFEF4E740F20021034801F0D2FE3E
S214011BF8EEE7C0468CAC01000C6700200023CA5EE5
S214011C0830B504000020012A0FDD0023E356222BFD
S214011C180BD1213BE056222808D11DB2013A0020FB
S214011C28954202DB013B601C0B8030BD013318B2C4
S214011C388242EFDC0020F8E70200811C002010B584
S214011C481378000184B218003038C0B2092805D9C3
S214011C5818006138052806D8573BD8B20132204308
S214011C689142EDD110BD18004138052801D8373BFF
S214011C78F3E74FF6FF70F5E70023F0B59DB26C0069
S214011C88A4B2AA4204D80023520092B28354F0BDEB
S214011C98CD5CAC462D092F00664630379F2E01D9FC
S214011CA837352F000F260755651CCC5CADB234407E
S214011CB827003037092C01D9373427004755013317
S214011CC8DCE7F0B587B003900191029213B90420BE
S214011CD807B0F0BD019A54009C42F8DB00252E009F
S214011CE8E41A24B205AF019BB34220DDB4B9029AC7
S214011CF86B1C525D1DB23A700024029B6A1C5B572E
S214011D0815B238007B70FFF797FF4FF6FF739842BE
S214011D18DDD0039B9855013636B2E4E73023A4B2EA
S214011D283B70012CE8D0023C302324B2E9E70020BE
S214011D38CEE71FB5EEF7AEFEC0B20424012810D1D7
S214011D486B469C1C210001A8EEF7ACFE23880821EF
S214011D58019A02A8FFF7B5FF040010B902A800F01F
S214011D6895FE200004B010BD1FB5EEF793FEC0B275
S214011D780424012810D16B469C1C210001A8EEF70B
S214011D8891FE23880821019A02A8FFF79AFF04000A
S214011D9810B902A800F08CFE200004B010BD10B5E2
S214011DA886B0EEF777FEC0B20424012810D16B4640
S214011DB89C1C210001A8EEF775FE23881021019AC4
S214011DC802A8FFF77EFF040010B902A800F054FE2F
S214011DD8200006B010BD10B586B0EEF75BFEC0B2A7
S214011DE80424012810D16B469C1C210001A8EEF79B
S214011DF859FE23881021019A02A8FFF762FF040002
S214011E0810B902A800F066FE200006B010BD30B575
S214011E1885B0EEF73FFEC0B2042401281AD16B46FE
S214011E289D1D290002A8EEF73DFE2B8803AD210073
S214011E382800029AFFF745FF040058B92A786B78FC
S214011E4812061B041A43AB78E8781B02134318439F
S214011E58FEF7E8F8200005B030BDF7B505000E001E
S214011E68012A16D9012314001C401A4211D14FF633
S214011E78FF775308019360003018FFF7DDFEB8427C
S214011E8807D02855019A0134A3B29A42F3D8002004
S214011E98FEBD0420FCE710B511B1FFF727FE10BD03
S214011EA801204042FBE713B5EEF7F4FDC0B2012866
S214011EB823D16B469C1C210001A8EEF7F3FD21787F
S214011EC80198FFF7E8FFC3B204201E2B06DC152B8A
S214011ED805DC012B13D0062B13D05BB116BD163BC0
S214011EE81800082B17D805F09DFC0E1012161616AA
S214011EF816161400052001F053F90020EEE7082015
S214011F08F9E70020F7E70B20F5E70C20F3E70D20AB
S214011F18F1E70A20EFE70420E0E713B5EEF7BAFD8C
S214011F28C0B2012801D0042016BD6B469C1C2100B6
S214011F3801A8EEF7B7FD0023E15E0329F3DC0023D1
S214011F4801981AB291420BDCC9B2FFF7A4FF431EEF
S214011F589BB2DF2BE7D8C0B200F078FE0020E3E79B
S214011F68C25C0133303A092AEBD9DCE710B5040024
S214011F78EEF772FC10B10548FFF789FC2000FFF761
S214011F8886FC0348FFF783FC10BDC046409001005D
S214011F985D92010010B50400EEF766FC0448FFF7F1
S214011FA876FC2000FFF773FCEEF7A0FC10BDC046D8
S214011FB89690010010B530B1102805D8034B800063
S214011FC8C058FFF7E7FF10BD0148FAE744AC010027
S214011FD86693010010B530B1192805D8034B800067
S214011FE8C058FFF7D7FF10BD0148FAE7D8AB010084
S214011FF88093010037B5EEF74DFDC4B294B1012CBC
S2140120081BD16B469D1C290001A8EEF74BFD00224B
S214012018AB5E012B11D121000198FFF767FDC4B211
S214012028012C0AD8200001F05BFA0021080001F013
S21401203831F8030010B1FFF7CDFF042318003EBDA9
S21401204810B5EEF727FDC0B240B901F017F918B977
S2140120580322034B1A8010BDFFF7BCFF0420FAE7E2
S214012068086700207FB500F0FFFD040000F0E8FDDA
S2140120780500EEF70FFDC0B2012821D10A266E44ED
S214012088310003A8EEF70EFD31000398FFF7B6FD01
S214012098B0B10023F15E99B1002322000093C9B2C2
S2140120A82B0000F083FC040040B9EEF7DBFC054B7F
S2140120B81880054B1C80200004B070BDFFF78AFF0E
S2140120C80424F8E70A6700200867002013B5EEF72E
S2140120D8E1FCC0B2012815D16B469C1C210001A861
S2140120E8EEF7E0FC0022A35E012B0BD1019B1878CA
S2140120F83038C0B2022805D800F09EFC030010B1A3
S214012108FFF768FF0423180016BD0000F0B585B078
S21401211800F0AAFD0A24050000F092FD6C44210097
S214012128060003A8EEF7BEFC0023E75E03990F48F6
S214012138BAB2FFF792FE040088B9F90FC919491017
S214012148009033002A000948C9B200F02FFC0400A9
S21401215840B9EEF787FC064B1880064B1C8020001A
S21401216805B0F0BDFFF736FF0424F8E70C6700203A
S2140121780A6700200867002013B5EEF78BFCC0B28B
S214012188012816D16B469C1C01A82100EEF78AFC93
S2140121980023E05E01280CD1019B1B785BB2302B33
S2140121A80AD0312B05D100F0F1FC030010B1FFF77E
S2140121B811FF0423180016BD0020F4E713B5EEF747
S2140121C869FCC0B201281CD16B469C1C210001A8E1
S2140121D8EEF768FC0023E15E052912DC0198C9B216
S2140121E8FFF759FE80B203004CF25C12F53BFF3B49
S2140121F89BB2934205D800F067FD030010B1FFF7C4
S214012208E9FE0423180016BD13B5EEF743FCC0B269
S214012218012817D16B469C1C210001A8EEF742FC49
S2140122280023E15E02290DDC0198C9B2FFF733FEEF
S21401223883B20F2B06D8C0B200F06AFD030010B1B6
S214012248FFF7C8FE0423180016BD000010B5EEF708
S21401225821FCC0B288B900F0DFFB094C38B901226D
S214012268084B1A80022322781343237010BDFFF708
S214012278B1FE02222378934323700420F6E7C04672
S214012288076700200867002037B5EEF703FCC4B2DD
S214012298012C17D16B469D1C290001A8EEF702FCFC
S2140122A80022AB5E012B0DD1019B1B785BB2302B54
S2140122B80BD0312B06D1200000F0DCFC030010B156
S2140122C8FFF788FE042318003EBD0024F3E700004C
S2140122D810B5EEF7DFFBC0B280B900F03DFD084C43
S2140122E830B90123074A138022781343237010BD9F
S2140122F8FFF770FE01222378934323700420F6E744
S214012308076700200867002010B5EEF7C3FBC0B2C8
S21401231828B900F031FD030010B1FFF75BFE042376
S214012328180010BD10B5EEF7B5FBC0B298B900F0AD
S2140123386FFC00F02AFD094C38B90122084B1A80B7
S214012348042322781343237010BDFFF743FE0422AB
S2140123582378934323700420F6E7C04607670020D6
S2140123680867002010B5EEF795FBC0B288B900F0F3
S21401237820FD094C38B90122084B1A800823227817
S2140123881343237010BDFFF725FE082223789343D5
S21401239823700420F6E7C046076700200867002078
S2140123A813B5EEF777FBC0B2012802D00423180054
S2140123B816BD6B469C1C210001A8EEF773FB002393
S2140123C8E15E0129F2DC019803D10378303B072B43
S2140123D8ECD8C9B2FFF75FFDC0B20728E6D800F00F
S2140123E805FC03000028E2D0FFF7F4FDDEE7F0B5B0
S2140123F889B005AE0C220021300006F0A7F9EEF7E9
S21401240849FBC3B20193062B24D90027042400F004
S21401241805FD0100874220D90424200009B0F0BD3B
S21401242802AB9C1D210004A8EEF73CFB2388022181
S214012438049A03A8FFF745FC04000028E7D102AB7D
S2140124489B886A005BBAB3520135019BEFB2BB4267
S214012458E6D8DCE700250424F7E7002CDDD13000B8
S21401246800F0C2FC04000028D7D0FFF7B3FDD3E77D
S21401247837B5EEF70FFBC5B2012D1CD16B469C1C78
S214012488210001A8EEF70EFB238802216846019A6F
S214012498FFF717FC040050B96B46188840BA80B29B
S2140124A800F000FD040020B9280000F093FD20008C
S2140124B83EBDFFF78FFD0424F9E730B585B0EEF78A
S2140124C8E9FAC0B2012821D16B469C1D210003A858
S2140124D802ADEEF7E7FA238803212800039AFFF7EF
S2140124E8F0FB040068B928786B7800041B021843CF
S2140124F8AB78184300F0F4FC040028B9022000F079
S21401250869FD200005B030BDFFF764FD0424F8E737
S2140125181FB5EEF7BFFAC0B2012815D16B469C1D50
S214012528210002A8EEF7BEFA23880421029A03A81E
S214012538FFF7C7FB030040B9039800BA00F0EBFCAD
S214012548030010B1FFF746FD0423180004B010BDC0
S2140125581FB5EEF79FFAC0B2012815D16B469C1D30
S214012568210002A8EEF79EFA23880421029A03A8FE
S214012578FFF7A7FB030040B9039800BA00F0E1FC97
S214012588030010B1FFF726FD0423180004B010BDA0
S21401259810B500F055FB18B1012806D0042010BD6F
S2140125A80348FFF7F7FC0020F9E70248F9E7C046B9
S2140125B88F930100A293010000B589B001A800F02D
S2140125C86FFA082201A903A8FFF756FB03A8FFF72D
S2140125D8E1FC002009B000BD1FB500F091FA00BA71
S2140125E804226946009001A8FFF746FB01A8FFF7F9
S2140125F8D1FC002005B000BD1FB500F08CFA01A97A
S214012608030C0B708870030A032202A84B70FFF7AD
S21401261833FB02A8FFF7BEFC002005B000BD00B5DD
S21401262889B001A800F04EFA082201A903A8FFF70D
S21401263823FB03A8FFF7AEFC002009B000BD00008D
S21401264810B500F091FA0423012803D10248FFF7D8
S214012658A1FC0023180010BDB393010010B500F0CB
S214012668FFF9030020B90748FFF794FC002010BDC6
S214012678012801D10448F7E70420022BF7D10348C3
S214012688F2E7C046BA930100C4930100CE93010055
S21401269810B500F063FA0D2819D805F0C3F80E181E
S2140126A81818180718180C18161012140948FFF7E6
S2140126B871FC002010BD0848F9E70848F7E7084804
S2140126C8F5E70848F3E70848F1E70848EFE7042084
S2140126D8F0E7C046D8930100E0930100E8930100B3
S2140126E8F79301000794010017940100279401004D
S2140126F810B500F03FFA20B10348FFF74BFC002065
S21401270810BD0248F9E7C04636940100449401001A
S21401271810B500F0D3FA030020B90548FFF73AFCD4
S214012728002010BD0420012BFBD10248F6E7C04665
S214012738539401006394010010B500F0ADFA03004C
S214012748012804D10448FFF725FC002010BD042009
S214012758002BFBD10148F6E772940100839401002F
S2140127681FB5FDF765FC00BA04226946009001A86A
S214012778FFF782FA01A8FFF70DFC002005B000BD9F
S2140127881FB500F0A1FB01A940BA0880022202A8E1
S214012798FFF772FA02A8FFF7FDFB002005B000BD9F
S2140127A81FB500F0ADFB01A9030C0B708870030A76
S2140127B8032202A84B70FFF75FFA02A8FFF7EAFBAD
S2140127C8002005B000BD1FB500F0B0FB00BA04221A
S2140127D86946009001A8FFF74FFA01A8FFF7DAFB50
S2140127E8002005B000BD1FB500F0B6FB00BA0422F4
S2140127F86946009001A8FFF73FFA01A8FFF7CAFB50
S214012808002005B000BD000013B5EEF743F9C0B2CD
S214012818012804D00B48FFF7BDFB042016BD6B4604
S2140128289C1C210001A8EEF73DF921780198FFF7D5
S21401283832FBC0B20128EDD800F0FAFC0128E9D134
S2140128480020EBE77896010010B500F011FD18B1ED
S214012858012806D0044800E00448FFF79BFB002047
S21401286810BD0348F9E7C046AD94010095940100F0
S2140128789F94010070B505000E001400EDF7F4FFF3
S2140128880548FFF704F83100280062B2FFF71DF883
S214012898EEF72CF870BDC0469690010010B500F012
S2140128A82AFA00220521FFF7E5FF002010BD10B522
S2140128B800F046FA00220221FFF7DCFF002010BDD7
S2140128C810B500F0D1F900220321FFF7D3FF00204D
S2140128D810BD10B500F09CF900220121FFF7CAFFD0
S2140128E8002010BD7047704710B500F0E9FC10BD18
S2140128F810B500F001FD10BD10B500F0EDFE10BDDD
S21401290810B500F077FF10BD10B5FEF728F810BD1A
S21401291810B5F9F76DF910BD10B5F9F799F9040076
S214012928FAF7E4FA200010BD062370B592B002A9A2
S2140129380B701A4B0400187AF5F738F92C266A46F4
S214012948022392191370164B050010000C93F9F721
S214012958C5F96A46032392191370124B10000C939B
S214012968F9F7BCF96A460823921913700E4B100042
S2140129780C93F9F7B3F96A46002304A8137415757E
S214012988F9F778FE2CB10B2805D1089A099B226025
S214012998636012B070BD00220023F8E7406900208A
S2140129A85B690020636900204B690020F0B50D00C3
S2140129B88BB01F00019200230022009003A9280073
S2140129C804AC109E22616361F8F780FC082808D1E0
S2140129D802AB5A791B799A4204D1C6B10022002368
S2140129E813E068B90B4B019A277040331B782271A4
S2140129F8009A5BB22000A260A581A373F8F75CFE7B
S214012A082EB10B28EAD122696369326073600BB074
S214012A18F0BDC04640690020032300B589B002A86E
S214012A280370F9F727FE28B9030002000100009099
S214012A38FFF7BCFF09B000BD10B5040088B003203D
S214012A48022C09D86A46002301A813711472F9F7F3
S214012A5845F908B9014B5C7208B010BD4069002001
S214012A6800B589B000236A4601A81371F8F782FCFD
S214012A786B46187A09B000BD10B5034B0100102249
S214012A881800FEF786FF10BD4B69002010B5034BF2
S214012A98010008221800FEF77CFF10BD5B690020C4
S214012AA810B508220149FEF774FF10BD5B690020C6
S214012AB810B5034B010008221800FEF76AFF10BD87
S214012AC86369002010B508220149FEF762FF10BDB0
S214012AD86369002030B50723050089B001A8037093
S214012AE84560F9F7FBF8040020B9102229000348CD
S214012AF8FEF74FFF200009B030BDC0466B690020C5
S214012B08062310B588B001AC20002370F8F732FC14
S214012B18029808B010BD052310B588B001AC200096
S214012B282370F8F727FC029808B010BD00B589B0E5
S214012B386A461D23107201A81371F9F7CFF809B078
S214012B4800BD00B589B01D236A4601A81371F8F7C0
S214012B5811FC6B46187A09B000BD0000014B187AC3
S214012B687047C04640690020014B987A7047C046B6
S214012B784069002000B589B004236A4601A813718C
S214012B88F8F7F8FB6B46187A09B000BD30B589B07E
S214012B980500FFF7EFFFA84221D001AC45B9042391
S214012BA8200023702571F9F799F860B109B030BD96
S214012BB82D2323700B4B20001B782371F9F78EF811
S214012BC80028ECD0F2E7084B3E331D703DB92D23A3
S214012BD820002370F8F7CEFB2279024B1A700020EA
S214012BE8E4E7C046306900204069002010B588B087
S214012BF86A4647230400107201A81371F9F76EF8A4
S214012C0810B9024B42331C7008B010BD4069002051
S214012C1800B589B047236A4601A81371F8F7AAFBDD
S214012C286B46187A09B000BD03000320012B03D8B0
S214012C380020024A3C3213707047C04640690020A3
S214012C48014B3C331878704740690020421ED2B2C7
S214012C5803000320DF2A03D80020024A3D321370FE
S214012C687047C04640690020014B3D3318787047CD
S214012C784069002010B588B06A46432304001072E4
S214012C8801A81371F9F72AF810B9024B3B331C70E7
S214012C9808B010BD4069002000B589B043236A46D4
S214012CA801A81371F8F766FB6B46187A09B000BDE0
S214012CB8014B3F331870704740690020014B3F3382
S214012CC8187870474069002010B588B027236A46EF
S214012CD80400029001A81371F9F700F848B92823EF
S214012CE86A46137140F2E83301A8E4180294F8F72B
S214012CF8F5FF08B010BD272310B588B001AC200039
S214012D082370F8F737FB029880B208B010BD0000B0
S214012D1830B50A4C050023003E331B78002089B0E5
S214012D284BB96A462D3301A813711572F8F7D6FF09
S214012D3808B94034257009B030BDC0464069002046
S214012D4800B589B02D236A4601A81371F8F712FB5E
S214012D586B46187A09B000BD082300B589B002A8E9
S214012D680370F9F787FC28B90300020001000090F8
S214012D78FFF71CFE09B000BD7FB50A236A46684600
S214012D881370F9F777FC07B000BD00B589B00B23BF
S214012D986A461372043B1840107302A8F9F76AFCD6
S214012DA828B90300020001000090FFF7FFFD09B0F3
S214012DB800BD0C2300B589B002A80370F9F75AFCC8
S214012DC828B90300020001000090FFF7EFFD09B0E3
S214012DD800BD302200B589B001AB029018001A7008
S214012DE8F8F77CFF09B000BD70B52423050088B04C
S214012DF801A80C0003704560F8F770FF0600054B44
S214012E082900054862001C70FEF7C3FD300008B0B3
S214012E1870BDC046846900208669002000B50A4B4B
S214012E28187A0D280BD804F0FDFC070A0A0A0A07C7
S214012E380A0A0C0A070707070120C0B200BD0020CE
S214012E48FBE70620F9E7C046406900202423F0B5D1
S214012E5889B001AF060038000D003B70F8F78AFA12
S214012E68FFF7DCFF420004000299300092B2FEF739
S214012E7890FD2C7009B0F0BD10B588B06A4648239D
S214012E88137103005A1E93416A46040001A813727F
S214012E98F8F724FF10B9024B43331C7008B010BD75
S214012EA84069002010B588B06A464B23040010819B
S214012EB801A81371F8F712FF08B9024BDC8008B0B5
S214012EC810BDC0463469002000B589B04B236A4658
S214012ED801A81371F8F74EFA6B46188909B000BDB8
S214012EE810B54C23040088B001A803704460F8F7B5
S214012EF8F5FE08B9014B9C6008B010BD3469002086
S214012F084C2310B588B001AC20002370F8F732FACC
S214012F18029808B010BD522200B589B001AB0290E4
S214012F2818001A70F8F7DAFE09B000BD522310B57A
S214012F3888B001AC20002370F8F71CFA029808B094
S214012F4810BD532200B589B001AB029018001A7063
S214012F58F8F7C4FE09B000BD532310B588B001AC1C
S214012F6820002370F8F706FA029808B010BD000092
S214012F78014B18717047C04634690020094B70B57B
S214012F881E6804000D00304204D100260DB13440FD
S214012F982C6070BD1A7A587A5968FEF713FD002816
S214012FA8F3D1F3E79CAB0100094B70B51E6804002A
S214012FB80D00304204D100260DB134402C6070BD9E
S214012FC81A7A587A5968FEF703FD0028F3D1F3E711
S214012FD89CAB010037B5134B9C7A012C21D10323F6
S214012FE81D00054003421CD000230193254204D04E
S214012FF8FFF76AFF0C4B0194D8800224254206D0BD
S214013008019DFFF77DFF084B2C43986001940198BA
S21401301838B101A9FFF7C8FF034A019913680B43A2
S214013028136037BD406900203469002010B5FFF7EA
S214013038D1FF10BD37B50222144C154D23799343A1
S214013048ABB100232360AD7A012D0DD12B4203D0FD
S214013058E088FFF727FF0025022322681A4210D0CE
S214013068A068FFF73DFF6DB90023237137BDAA7A23
S214013078012AE7D1032001A92360FFF77FFF019BFF
S214013088E0E71D432800FFF7A5FFEDE734690020B8
S2140130984069002070B5344B002852D1334A1A6073
S2140130A8334A5A60334A9A60334ADA60334B002906
S2140130B84FD1334A59601A60324A9A60324ADA6006
S2140130C8324A334C1A61227A2C492748F9F74EF9C5
S2140130D80500A0BBFFF734FE2E4B187023003B33C8
S2140130E81878FFF7C7FD230040331878FFF710FE5E
S2140130F823003E331878FFF749FD2300413318783B
S214013108FFF714FD607AFFF797FC2300433318781E
S214013118FFF7B2FE0A20FFF75CFE23004233187859
S214013128FFF764FD44341C48FFF7D4FC217811B13D
S2140131381A48FFF759FEFFF77DFFF8F759FD2800F3
S21401314870BD02681A6042685A6082689A60C268EE
S214013158ABE70A681A6000225A608A689A60CA68E9
S214013168DA600A69ADE7C04620690020F128010047
S214013178F928010001290100092901000C6900202C
S2140131881129010035300100ED280100EF28010062
S21401319840690020306900206B690020866900209C
S2140131A8030010B509200D2B14D843F62152DA4036
S2140131B8D2070FD5084A117A994206D01100002085
S2140131C8443108700549023008710021080013725D
S2140131D8FFF760FF10BDC046406900203469002033
S2140131E8030010B50320012B0AD1064A0020917A64
S2140131F89372012904D0044A01001371FFF74AFFAC
S21401320810BDC046406900203469002010B5074B40
S2140132181B782BB10120012B07D101F05CFA04E0E1
S214013228EDF7A6FA01235840C0B210BD4140002070
S21401323810B5040018B101280FD000200CE001F0E9
S21401324871FA0028F9D1FFF767FBFFF761FB002841
S214013258F3D10120054B1C7010BDFFF75DFB00285C
S214013268EBD101F05FFA01F04BFAF0E7404000209D
S214013278014B18787047C0464140002010B5002021
S214013288FFF752FB10BD000010B5407818B9034887
S214013298FEF780FE10BDFEF78DFEFBE7BD9401002C
S2140132A810B543782BB903791BB10348FEF772FEB4
S2140132B810BD0248FAE7C046429801004F9801003F
S2140132C80B4B10B51B880400012B07D0094B188837
S2140132D8EDF7C2FB237813B1012B04D010BD2000F3
S2140132E8FFF7D2FFFAE72000FFF7DAFFF6E7C04656
S2140132F8086700200A670020037837B50400022B08
S21401330843D84578002D40D1037B13B32548FEF7F3
S2140133182DFE2548FEF7BBFA237BAB4236D8234859
S214013328FEF7B5FA00220321E078FEF7CEFA1F4829
S214013338FEF7ADFA00220121607CFEF7C6FA1B48AB
S214013348FEF7A5FA00220A21206AFEF7BEFAEDF773
S214013358CDFA174B3F331B78012B16D11548FEF7CC
S21401336805FE1148FEF793FA002203210E23E05EBC
S214013378FEF7ABFA0D48FEF78AFA10200022032161
S2140133882056FEF7A2FAEDF7B1FA37BDA168012279
S214013398491901A8FEF770FC013501A8FEF777FA6E
S2140133A8EDB2B9E756980100969001004E930100D8
S2140133B8406900209697010010B504000948FEF7F9
S2140133C8D5FD0948FEF763FA63782BB90748FEF777
S2140133D85EFAEDF78BFA10BD082B01D10448F6E723
S2140133E80448F4E77A970100969001005C9801007A
S2140133F86A9801007C98010070B5124D04002B787C
S2140134089B071AD51048FEF7B1FD1048FEF73FFA9C
S21401341866789EB932000321207CFEF756FA0C48DE
S214013428FEF735FA32000321607CFEF74EFAEDF717
S2140134385DFA02222B7893432B7070BD0548FEF780
S21401344826FAF4E707670020AA970100969001007C
S2140134584E9301006896010010B5FFF701FB0F4C6B
S2140134686072FFF719FC23003B331870FFF782FBE5
S21401347823003E331870FFF764FB230041331870AE
S214013488FFF7C6FB230042331870522221000020A2
S214013498EDF77AF80248FFF79DFD10BD4069002058
S2140134A8FFFF030010B552220349044805F0B7F997
S2140134B80320FFF75DFD10BD5CAF010040690020E9
S2140134C810B5EDF7AFF8EDF719F9FFF7EBFF522254
S2140134D800200249EDF758F810BDC04640690020A3
S2140134E813B5040008226846104905F098F9CCB9C6
S2140134F8522220000E49EDF76DF820B952220D49E7
S2140135080B48FEF746FA08226946094805F026F9E7
S21401351810B9FFF72DFD13BDFFF7D2FF012001F00B
S21401352833F9F8E7FFF7BEFFF5E7C04688980100CC
S214013538406900205CAF010010B5FEF741FB1B484F
S214013548FDF75EFBFCF760FD0020FFF7C9FF0021D1
S2140135580800FFF79FFD030009281FD10021052257
S214013568134B08001A72FFF795FD030090B911482E
S214013578FEF78DF9EDF7BAF901F01AF90020FFF711
S21401358857FE012805D10C4B1A780C4B1A70FEF71A
S21401359817FB10BD092801D10948E9E7182B01D105
S2140135A80848E5E7032BE7D10748E1E715320100AC
S2140135B840690020919801004040002041400020C9
S2140135C8D1980100EA9801001199010070B50C4CD8
S2140135D805002378DB0710D50A48FEF7C7FC0A481A
S2140135E8FEF755F96B784BB90848FEF750F9EDF731
S2140135F87DF9012223789343237070BD0448F4E7CC
S21401360807670020C297010096900100BD9401004B
S2140136186896010070B50C4C050023785B0710D539
S2140136280A48FEF7A3FC0A48FEF731F96B784BB94E
S2140136380848FEF72CF9EDF759F904222378934345
S214013648237070BD0448F4E7076700200598010059
S21401365896900100BD9401006896010010B504001B
S2140136680748FEF783FC0748FEF711F963782BB97C
S2140136780548FEF70CF9EDF739F910BD0348F8E7E8
S214013688FC97010096900100BD9401000C9701007B
S21401369870B50C4C050023781B0710D50A48FEF7B1
S2140136A865FC0A48FEF7F3F86B784BB90848FEF74D
S2140136B8EEF8EDF71BF9082223789343237070BDC3
S2140136C80448F4E707670020109801009690010067
S2140136D8BD940100689601000300007810B50C2817
S2140136E80BD804F09FF8070A0A0B0A0A0A0A0F0AF7
S2140136F817131B001800FFF75FFE10BD1800FFF731
S2140137087BFEFAE71800FFF761FFF6E71800FFF7F8
S21401371881FFF2E71800FFF7A1FFEEE71800FFF7B1
S214013728B7FFEAE7F8B5437804000E2B02D00F2B53
S21401373847D0F8BDFFF7C2FA06002448FEF716FC84
S2140137482348FEF7A4F800220A216068FEF7BDF8B0
S2140137580823E05E30220321FEF7B7F8A37DA3B164
S2140137681C48FEF794F80221E07DFEF79AF825003A
S21401377827001848FEF78BF818351E3728780221D7
S2140137880135FEF78EF8BD42F8D1EDF7AFF8012EF8
S214013798CFD11148FEF7EAFB0D48FEF778F800226C
S2140137A805211223E05EFEF790F80A48FEF76FF847
S2140137B81420002203212056FEF787F8EDF796F825
S2140137C8B7E70648FEF7D2FBF8E7C046409901007E
S2140137D8969001004E930100969701004A990100C0
S2140137E810B50348FEF7C2FBEDF780F810BDC046DA
S2140137F856990100037810B5092B04D00D2B01D179
S214013808FFF7EEFF10BDFFF78DFFFBE710B5FDF7DD
S21401381807F9FFF791FEECF7A1FF124C48B1EDF757
S214013828ADF8114B22781B789A4202D02370FEF726
S214013838C7F9237863B1012B0DD0FDF791F900285C
S214013848E9D0237853B1012BE5D100F0EBFFE2E78D
S214013858F9F74CFBF1E700F0D9FFEEE7F8F752F875
S214013868D9E7C046414000204040002013B5EDF797
S21401387811F9C0B2012828D16B469C1C210001A869
S214013888EDF710F90023E45E012C1ED1019B1B788D
S2140138985BB2312B12D0372B0BD0302B15D16B46A0
S2140138A85C1C200001F044F8207801F021FC00207F
S2140138B816BDFFF705FE200000F066FF0448FDF779
S2140138C8E6FFEDF713F801F0ADF90420F0E7C0467E
S2140138D8BD94010010B50A4CECF7C6FF0948FDF780
S2140138E8D6FF0221E078FDF7DCFF0748FDF7CFFF9A
S2140138F8A0780221FDF7D5FFECF7F8FF002010BDF0
S214013908ECB10100609901000F99010010B5012082
S21401391801F084FC002010BD00B589B001A801F0B3
S2140139283DF8082201A903A8FEF7A6F903A8FEF7A1
S21401393831FB002009B000BD1FB500F03BFC00BA02
S21401394804226946009001A8FEF796F901A8FEF739
S21401395821FB002005B000BD30B585B0EDF79AF81B
S214013968C0B20424012811D16B469D1D290002A866
S214013978EDF798F821002B88029A03A8FEF7A1F91B
S214013988040018B9039800BA00F0FCFB200005B043
S21401399830BD000010B5044B044A1860044B19806A
S2140139A81523ECF7ABFF10BDA069002034B0010069
S2140139B89C69002010B530B1142805D8034B800047
S2140139C8C058FEF7E7FA10BD0148FAE7DCAF010078
S2140139D88093010013B5EDF75DF8C0B2A8B10128D0
S2140139E80DD16B469C1C210001A8EDF75BF82178E8
S2140139F80198FEF750FAC0B238B1012817D004244E
S214013A082000FFF7D7FF04240FE001F0DDFB20B10B
S214013A18FFF756FD012000F0B7FE01F00BFB04008E
S214013A280028EDD10120FFF703FC200016BD03484E
S214013A3811220349083004F0F2FEEEE7C0690020BF
S214013A48D8B1010037B5EDF725F8C4B2012C24D159
S214013A586B469D1C290001A8EDF724F829780198E2
S214013A68FEF719FAC0B21F2817D803F0DBFE102B91
S214013A7816162916271B11161616161616161616B4
S214013A881616161625232116161616161F1D002499
S214013A98200001F02DFB08B93EBD0420FFF78AFF80
S214013AA80420F9E70824F3E70A24F1E70924EFE7F5
S214013AB80524EDE70424EBE70324E9E70224E7E716
S214013AC80724E5E70624E3E737B56B46DD1D28003E
S214013AD800F02EFF040010BB28780A281AD803F035
S214013AE8A1FE06190D0F11130B19191517000D480C
S214013AF8FEF750FA20003EBD0B48F9E70B48F7E7FA
S214013B080B48F5E70B48F3E70B48F1E70B48EFE7F7
S214013B180B48EDE70B48FEF73DFA0424EAE7FFF702
S214013B2849FFFAE77D99010082990100879901000A
S214013B388D990100949901009B990100A2990100B1
S214013B48A8990100B29901001FB5ECF7A3FFC0B20E
S214013B58012804D00420FFF72DFF042012E06B464D
S214013B689C1C210001A8ECF79DFF08212388019AD7
S214013B7802A8FEF7A6F80028ECD102A800F0EEFE8F
S214013B880028E8D104B010BD13B5ECF783FFC0B226
S214013B98012804D00420FFF70DFF042012E06B462D
S214013BA89C1C210001A8ECF77DFF0023E15E022999
S214013BB8F0DC0198C9B2FEF76EF9C0B200F00EFF4C
S214013BC80028E8D116BD37B56B46DD1D280000F084
S214013BD813FF040030B9220002212878FEF74AFEB6
S214013BE820003EBDFFF7E6FE0424F9E713B5ECF71F
S214013BF851FFC0B2012804D00420FFF7DBFE0420E1
S214013C0812E06B469C1C210001A8ECF74BFF002331
S214013C18E15E0229F0DC0198C9B2FEF73CF9C0B2B0
S214013C2800F0FAFE0028E8D116BD37B56B46DD1D53
S214013C38280000F0FFFE040030B92200022128788F
S214013C48FEF718FE20003EBDFFF7B4FE0424F9E790
S214013C58F7B5ECF71FFFC4B2012C04D00420FFF718
S214013C68A9FE04202AE06B469D1C290001A8ECF752
S214013C7819FF0023E95E0429F0DC00230127200050
S214013C881A00019DC9B27F42DCB2A1420BD9EC569B
S214013C98E6B2B4460BB92D2E17D030267642B44478
S214013CA86646092E0BD95043030080339BB2FF2B7F
S214013CB8D4D840B200F0CEFE0028D0D1FEBD0A26E8
S214013CC87243303CA2180133DEE73800FBE737B50C
S214013CD86B46DD1D280000F0CFFE040038B9002031
S214013CE8220004212856FEF7C5FD20003EBDFFF739
S214013CF861FE0424F9E713B5ECF7CCFEC0B201283F
S214013D0804D00420FFF756FE042014E06B469C1CE2
S214013D1801A82100ECF7C6FE0023E05E0128F0D1D9
S214013D28019B1B785BB2302B06D0312BE9D100F012
S214013D38BBFE0028E6D116BD0020F8E737B56B466E
S214013D48DD1D280000F0C2FE040040B92B7823B917
S214013D580548FEF71FF920003EBD0448F9E7FFF7BE
S214013D6829FE0424F7E7C046C6990100DE9901003A
S214013D7830B589B0ECF78EFEC5B26B1E012B04D99F
S214013D880420FFF717FE04202CE06B4601A8991CB7
S214013D98ECF788FE6B4602AC5B8808212000019A86
S214013DA8FDF78FFF03000028EAD1E25CFF2A03D162
S214013DB80133082BF9D10024022D15D16B4601A831
S214013DC8991CECF76FFE6B4610215B88019A04A8D4
S214013DD8FDF777FF0028D3D1200004A900F0A8FF3B
S214013DE80028CED109B030BD200001F071F8F7E700
S214013DF81FB5ECF74FFEC0B2012818D16B469C1CC4
S214013E08210001A8ECF74EFE08212388019A02A892
S214013E18FDF757FF58B902A800F0BAFE040038B9F2
S214013E28ECF720FE054B9880200004B010BD042452
S214013E382000FFF7BFFD0424F6E7C046926900207C
S214013E4813B5ECF727FEC0B2012804D00420FFF70B
S214013E58B1FD042014E06B469C1C01A82100ECF778
S214013E6821FE0023E05E0128F0D1019B1B785BB29E
S214013E78302B06D0312BE9D100F03EFE0028E6D1E2
S214013E8816BD0020F8E7000037B56B46DD1D280093
S214013E9800F044FE040040B92B7823B90548FEF724
S214013EA879F820003EBD0448F9E7FFF783FD0424AE
S214013EB8F7E7C046F59901000D9A010007B5ECF73A
S214013EC8E9FDC0B2012804D00420FFF773FD0420E1
S214013ED811E06B4601A8991CECF7E4FD022268463E
S214013EE80199FDF7BAFF0028EED16B46187800F065
S214013EF839FE0028E9D10EBD13B50322002101A819
S214013F08FDF75CFD684600F039FE040048B901A8D3
S214013F1801226946FDF7B0FE01A8FEF73BF820002E
S214013F2816BDFFF747FD0424F9E700001FB5ECF7B7
S214013F38B1FDC4B2631E012B30D86B4601A8991C8B
S214013F48ECF7B0FD6B46019A08215B8802A8FDF7DD
S214013F58B8FE020010BB0100022C11D16B4601A865
S214013F68991CECF79FFD6B460198991CFDF746FED8
S214013F78010098B16B4602229A5EFF2A0EDCD2B285
S214013F8844F2000302A800F0F5FF040038B9ECF784
S214013F9869FD054B1880200004B010BD04242000DC
S214013FA8FFF708FD0424F6E79269002030B585B0CE
S214013FB8ECF770FDC5B26B1E012B30D86B469C1C06
S214013FC8210001A8ECF76EFD019A0821238802A8B2
S214013FD8FDF777FE020010BB0100022D11D1134D2B
S214013FE8210001A8ECF75EFD228801992868FDF7F3
S214013FF834FFA0B90022A35E2968DA0FD21852103E
S214014008D2B248F2000302A800F0B4FF040038B99F
S214014018ECF728FD064B5880200005B030BD042477
S2140140282000FFF7C7FC0424F6E7C046A069002075
S214014038926900201FB5ECF72DFDC0B2012818D1F2
S2140140486B469C1C210001A8ECF72CFD082123884F
S214014058019A02A8FDF735FE58B902A800F0B2FD8C
S214014068040038B9ECF7FEFC054BD880200004B0F4
S21401407810BD04242000FFF79DFC0424F6E7C04683
S214014088926900201FB5ECF705FDC0B2022823D1BE
S2140140986B4601A8991CECF705FD6B4608215B8861
S2140140A8019A02A8FDF70DFEB0B96B4601A8991C46
S2140140B8ECF7F8FC6B4601989978FDF7ECFE0100E1
S2140140C802A800F095FD040038B9ECF7CBFC054BC7
S2140140D81881200004B010BD04242000FFF76AFCF4
S2140140E80424F6E79269002013B5ECF7D3FCC0B2B6
S2140140F8012804D00420FFF75DFC042014E06B4679
S2140141089C1C01A82100ECF7CDFC0023E05E0128E9
S214014118F0D1019B1B785BB2302B06D0312BE9D14D
S21401412800F084FD0028E6D116BD0020F8E700005F
S21401413837B56B46DD1D280000F07EFD040040B94A
S2140141482B7823B90548FDF725FF20003EBD044816
S214014158F9E7FFF72FFC0424F7E7C046539401005C
S2140141686394010010B530B1082805D8034B8000C8
S214014178C058FDF70FFF10BD0148FAE7B4AF0100BC
S2140141886693010043F2001310B5034A0340136017
S214014198F1F70CFF10BDC046A4690020002210B537
S2140141A8034B40F200101A60FFF7ECFF10BDC04643
S2140141B8A4690020034B10B51C68F1F7FFFE2043E5
S2140141C810BDC046A469002001207047F8B572B634
S2140141D8BFF34F8FBFF36F8FFCF7C2FC18B30120F4
S2140141E8FCF7A4FC10250226124C276862B6BFF31A
S2140141F84F8FBFF36F8F2368BB4203D1FCF7B0FC28
S2140142080028F8D172B6BFF34F8FBFF36F8F2368BC
S2140142182B4206D12368334203D1FCF7A1FC0028C0
S214014228E2D1FCF77DFC62B6BFF34F8FBFF36F8F09
S2140142380120F8BD8866002070B50400FFF7BAFFB4
S214014248C00446D52848FDF722FB2848FDF71FFB82
S2140142582748FDF71CFB002203212000FDF735FB4C
S214014268244D2248FDF713FB2348FDF710FB0022D7
S2140142780A21E869FDF729FB1C48FDF708FB1F48DA
S214014288FDF705FB00261E4C0221A05D0136FDF751
S21401429808FB082EF7D11548FDF7F9FA3034194806
S2140142A8FDF7F5FA002203212078FDF70EFB1648E4
S2140142B8FDF7EDFA0D48FDF7EAFA1448FDF7E7FAB7
S2140142C800242B0050331B78A34203D80748FDF778
S2140142D8DEFA70BD2B194033022118780134FDF738
S2140142E8E0FAE4B2EDE7C046779B01004090010092
S2140142F8869B0100C0690020959B0100A49B0100D4
S214014308E0690020B39B0100DC900100C29B01001C
S2140143187FB505000A22364901A804F080FAFFF79E
S21401432849FF800462D53348FDF7B1FA3248FDF7F4
S214014338AEFA2E003148FDF7AAFAAC1C0A362078E8
S21401434802210134FDF7ADFAB442F8D12A48FDF747
S2140143589EFA2E002A48FDF79AFA1A362078022184
S2140143680134FDF79EFAB442F8D12348FDF78FFAD7
S2140143782E002448FDF78BFA2A36207802210134CC
S214014388FDF78FFAB442F8D12B88DB0705D51E480E
S214014398FDF77DFA01A8FDF77AFA1748FDF777FACF
S2140143A81A48FDF774FA0821E86AFDF77AFA2B88A5
S2140143B89B0705D51448FDF76AFA01A8FDF767FAC1
S2140143C80D48FDF764FA1248FDF761FA0821286BD3
S2140143D8FDF767FA2B885B0705D50B48FDF757FAF3
S2140143E801A8FDF754FA0448FDF751FA7FBDC04607
S2140143F8439C0100D19B010040900100EA9B01000B
S214014408FB9B01000C9C0100969001001D9C01007D
S214014418309C010043F6FF7210B5438804009342AE
S2140144280AD95A0409D5094B1888ECF715FB2078E0
S21401443848B90748FDF7AEFD10BD1BB2002BF6DAEA
S214014448024B5888F1E7FFF78DFEF5E792690020E1
S214014458BD94010037B504002E48FDF787FD2E48A8
S214014468FDF715FA002561680122491901A8FDF72B
S21401447803FC013501A8FDF70AFA082DF3D12748F0
S214014488FDF705FA00220121A07CFDF71EFA234854
S214014498FDF7FDF900220121607CFDF716FA1F4899
S2140144A8FDF7F5F900220321207BFDF70EFA237BA1
S2140144B8E3B9ECF71BFA1A4B1B7EB3B11948FDF7A3
S2140144C855FD1548FDF7E3F9002203210E23E05EAA
S2140144D8FDF7FBF91148FDF7DAF910200022032150
S2140144E82056FDF7F2F9ECF701FA37BD0B48FDF750
S2140144F8CEF90025237BAB42DBD9A16801224919F5
S21401450801A8FDF7B9FB013501A8FDF7C0F9EDB221
S214014518F0E7C04656980100969001004E930100B8
S214014528C069002096970100037870B50400012B36
S21401453816D0022B3AD083B9244B9888ECF78CFA1C
S2140145482348FDF713FD2348FDF7A1F923792BB975
S2140145582148FDF79CF9ECF7C9F970BD1F48F8E743
S2140145681A4BD888ECF778FA1D48FDF7FFFC19486E
S214014578FDF78DF92579BDB906202A0003212056B5
S214014588FDF7A3F91748FDF782F905202A0003214C
S2140145982056FDF79AF91348FDF779F92A000821FC
S2140145A8A068FDF792F9D6E70F48D2E7074B1889B6
S2140145B8ECF752FA0D48FDF7D9FC0648FDF767F9FE
S2140145C82379002BF0D10A48C3E7C0469269002038
S2140145D84E9B0100969001004D9C01006F9A0100C8
S2140145E8659B01004E930100789601006E9B0100C1
S2140145F8BD9401000378F7B5040013B1022B16D059
S214014608F7BD2148FDF7B2FC2048FDF740F9251D06
S2140146180C342900012201A8FDF72EFB013501A85B
S214014628FDF735F9A542F4D1ECF760F9E8E7184843
S214014638FDF79CFC27001548261DFDF728F93500CF
S2140146480C372900012201A8FDF716FB013501A840
S214014658FDF71DF9BD42F4D10E48FDF718F9002201
S2140146680121207CFDF731F90A48FDF710F9E068C9
S21401467800220621FDF729F9ECF738F93000E16840
S21401468800F04EFDBCE7C0465C9C01009690010018
S214014698649C01004E930100037870B50400CBB901
S2140146A88388051DDB0704D5210006301E3100F07E
S2140146B857FBA3889B0703D5216BA01D00F072FB4F
S2140146C8A3885B0703D5616BA01D00F084FB280057
S2140146D8FFF71EFE70BD10B5FFF776FD0400ECF778
S2140146E847F84342584140420440200010BD0000AC
S2140146F80122024B29331A707047C046C069002050
S21401470870B5074C23783BB900F01CF901252B003E
S21401471818B900F015FC25700023180070BDC046B6
S214014728A869002070B5064D2C78012C05D100F03B
S2140147386BFB00F00BF908B928700024200070BD47
S214014748A869002010B511220749084804F067F83F
S21401475834220021064803F0F9FF382200210548D3
S21401476803F0F4FF10BDC046D8B10100C8690020A7
S214014778146A0020DC69002010B5024800F04EFDDE
S21401478810BDC046070000F810B518B9EBF74AFF88
S214014798EBF7B4FFFFF7D6FFFFF7EEFF10BD10B536
S2140147A800F012FD10B10020FFF7EEFF10BD00006B
S2140147B810B5FFF7F3FCFFF7F2FF00F03BFC030030
S2140147C8072810D102220C4B1A7200F033FC0300A2
S2140147D828B90A48FDF75BF8ECF788F810BD0728F2
S2140147E801D10748F6E70F2B01D10648F2E7042B5B
S2140147F8F4D10548EEE7C046C0690020919801004B
S214014808D1980100EA9801001199010010B5044BEE
S2140148181B78012B03D100F0B1FCF0F7E9FB10BDC2
S214014828A8690020012010B5034B1B78834202D1EA
S214014838F1F71AFA002010BDA869002070B50A4AD7
S214014848030012780C00100052B1084D1900082216
S214014858280003F06DFF030000200BB90CB92800EF
S21401486870BD2370FBE7C046446A0020146A002026
S21401487813B5040008220021684603F067FF0822E2
S2140148886946200003F054FF002360B10822FF2187
S214014898684603F05BFF08226946200003F048FFDC
S2140148A8431E9841C3B2180016BD0000F7B50500AF
S2140148B8170000260F4C019123682B4211D063681C
S2140148C82BB18021019A09065218934209D1227BFD
S2140148D8607BA168FDF77CF8236800B91E439D43F9
S2140148E81DB1054B10349C42E6D10FB12E403E60F7
S2140148F8F7BDC046A8AB0100D8AB010070B50500EE
S214014908094C23682B420AD063685B003BB9227BBB
S214014918607BA168FDF756F823689D431DB1034BDC
S21401492810349C42EDD170BDA8AB0100D8AB010094
S214014938030001201BB10020014A127A1A70704741
S214014948C069002010B5F0F71FFB10BD10B5F0F7D1
S21401495835FB0400F0F74CFB200010BD30B5010014
S214014968042485B0A8B1082201A803F058FF002046
S21401497801A9F0F7EDFE040058B9074D08222800F2
S21401498801A903F0D5FE20B10822280001A903F0E9
S21401499846FF200005B030BDCA6900207FB5050076
S2140149A80424B0B1002001A9F0F792FE040080B9F2
S2140149B8094E0822300001A903F0BAFE20B10822E8
S2140149C8300001A903F02BFF0822280001A903F0F3
S2140149D826FF200004B070BDCA6900201FB501A9D2
S2140149E8040008700120F0F7B3FE08B9014B9C7467
S2140149F804B010BDC069002030B5040085B004209D
S214014A083CB101AD29000338F0F762FE08B92B78EE
S214014A18237005B030BD00001FB501A90400087059
S214014A280220F0F795FE08B9014BDC7404B010BDFE
S214014A38C069002030B5040085B004203CB101AD42
S214014A4829000238F0F744FE08B92B78237005B020
S214014A5830BD00001FB501A9040008700320F0F757
S214014A6877FE28B91422034B9A56A24200D01C7529
S214014A7804B010BDC069002030B5040085B004201C
S214014A8874B101AD29000138F0F722FE40B90023C0
S214014A981421044AEB565156994200D013752370D7
S214014AA805B030BDC06900201FB501A90400087013
S214014AB80420F0F74DFE20B9034B5A7DA24200D0E0
S214014AC85C7504B010BDC046C069002030B504004E
S214014AD885B004205CB101AD2900F0F7F9FD30B9C5
S214014AE8044A2B78517D994200D05375237005B03E
S214014AF830BDC046C06900201FB501A90400087072
S214014B080520F0F725FE20B9034B9A7DA24200D076
S214014B189C7504B010BDC046C069002030B50400BD
S214014B2885B0042064B101AD29000130F0F7D0FD4D
S214014B3830B9044A2B78917D994200D09375237039
S214014B4805B030BDC06900201FB50C000822010061
S214014B5801A803F064FE01A906200394F0F7F8FD06
S214014B6804B010BD87231840034BDA7D824200D07B
S214014B78D87500207047C046C0690020030004208D
S214014B881BB10020014AD27D1A707047C069002007
S214014B9830B5040087B001AD14220021280003F0C7
S214014BA8D5FD24B10822210002A803F038FE044BE3
S214014BB82800DB7D2B73F0F713FF07B030BDC04626
S214014BC8C06900207FB50100042069B101236A4647
S214014BD802A81371082203F022FE6A46034B01A8B5
S214014BE8DB7D1374F0F7FCFE07B000BDC06900203A
S214014BF8030010B504200C0086B07BB1022269467A
S214014C0802A80A711900063203F009FE6A46044B27
S214014C1801A8DB7D05941374F0F7E2FE06B010BD1B
S214014C28C069002010B5FBF787FE10BD014B18764A
S214014C3800207047C0690020030004201BB1002033
S214014C48014A127E1A707047C0690020F0B5060046
S214014C5889B01700042000910193002E62D010221B
S214014C68002104A803F072FD009B0BB904AB009366
S214014C7807B904AF02ABDD1D29003000FFF7DEFDE2
S214014C88040030B9284B01201B78002B4AD12C7020
S214014C98264C230030331B78002533B9082231000F
S214014CA82000802503F0BBFD2D06260008361022BD
S214014CB83000009903F03CFD38B11022300000990D
S214014CC803F0ADFD8023DB051D43260018361022B0
S214014CD83900300003F02CFD38B1102239003000BD
S214014CE803F09DFD80239B051D43A36A019A934209
S214014CF803D080235B05A2621D43E36A0E9A9342A2
S214014D080AD080231B05E2621D4302AB002228005D
S214014D18D979FFF7CBFD01E0002DF6D1012300205C
S214014D283034237009B0F0BD446A0020146A0020AC
S214014D38F7B505000E00042480B179B101270023D8
S214014D487F421A000097F0F76FFD040030B90300A0
S214014D580200310028000097FFF778FF2000FEBD0B
S214014D6873B504230D0078B16B46DE1D3100FFF7DD
S214014D7865FD0123040038B11834102229002000EB
S214014D8803F0D6FC10B90023180076BD29001022BE
S214014D98200003F044FD8020002231788005FFF7CB
S214014DA885FDF0E737B50C00042250B16B46DD1DD2
S214014DB82900FFF743FD012218B1826AA24202D1F7
S214014DC8002210003EBD846280200022297840051A
S214014DD8FFF76CFDF4E737B50C00042250B16B46BB
S214014DE8DD1D2900FFF72AFD012218B1C26AA24279
S214014DF802D1002210003EBDC4628020002229781C
S214014E080005FFF753FDF4E710B5044C2000ECF756
S214014E18C1F90023033C237010BDC046EC6900208D
S214014E28F8B50D4E350028352B78A3B10B4F08225F
S214014E38390003F07DFC040068B9FFF7E5FF082296
S214014E482100380003F082FC220021000620F461CC
S214014E582C70FFF72BFDF8BDC0690020E069002023
S214014E68F7B5040000282CD06B46D91DFFF7E6FCE1
S214014E78050008B90120FEBD2000FFF7D1FF342246
S214014E880021280003F062FC6B46F8200022000689
S214014E98D979FFF70BFD0020EDE72800FFF7C0FFE3
S214014EA821003422280003F051FC220021003000A2
S214014EB8FFF7FCFC3C0034356B46DC71002CECD06B
S214014EC8D8E7F8260127014D3606F5E7146A0020CB
S214014ED870B50500F0F7C6FC040010B92800FFF706
S214014EE8BFFF200070BD000013B50020F0F7BAFC24
S214014EF80F4C2000FFF7BCFC23003033187000234A
S214014F080C491A0090B1C85C00B10A000133102B95
S214014F18F9D1094B0949181DC06F0090DB6F2000B5
S214014F28F0F782FC10B12000FFF79AFF13BDC046C8
S214014F38146A00202C6A0020C06900201C6A002020
S214014F4810B50A4C230028331B786BB1FFF75CFFBA
S214014F58E3694BB140F2E831054C59432000ECF7C0
S214014F6817FA2000ECF788F910BDC046C069002082
S214014F78EC690020F0B50E0015001F00042487B068
S214014F8808B119B92AB1200007B0F0BD0424EE2AE9
S214014F98F9D801AC01000822200003F040FC064BBA
S214014FA82573E7810396DB7D20002374F0F774FCF4
S214014FB80400FFF7C5FFE6E7C069002070B58EB0AC
S214014FC838220021684603F0C1FB154E382269468F
S214014FD8300003F0ADFB134D38B100212800FFF770
S214014FE82DFC040088B1012333730F4C2800E169B6
S214014FF8FFF7AAFD28340D480D49ECF79BF82378EE
S2140150080BB1FFF79DFF0EB070BD010038223000CE
S21401501803F09CFB220021000620FFF747FCE4E78B
S214015028DC690020E0690020C0690020EC690020E6
S214015038F94601002148224B70B50360214B224CEA
S2140150484360224B8360224BC360224B0361217A63
S214015058EFF7DEFE050078BB1F4E3000FFF77EFC3B
S21401506810B13000FFF79AFCA07CFFF7B7FC10B12F
S2140150781A48FFF7C1FCE07CFFF7CEFC10B11848D0
S214015088FFF7D8FC14202056FFF7E4FC10B11548AA
S214015098FFF7F2FC607DFFF707FD10B11248FFF736
S2140150A815FDA07DFFF728FD10B11048FFF736FD66
S2140150B8FFF71AFFFFF782FF280070BDAC690020D2
S2140150C81D4401005D440100C0690020314501000E
S2140150D8FD450100A1460100CA690020D2690020E9
S2140150E8D3690020D4690020D5690020D66900203C
S2140150F870B507240A280ED840F27D630125C340FF
S2140151082B4208D0054B1872FFF794FF040010B91C
S2140151182800FEF78DF8200070BDC046C069002043
S214015128F8B504000E0018B3124F01000822380023
S21401513803F0FEFA002528B108222100380003F002
S2140151486EFB04350C4CE369B34202D00223E661D8
S2140151581D433800E169FFF7F7FC25B10022280056
S2140151681100FFF7A3FB012328342370FFF7E8FE9D
S214015178F8BDC046E0690020C069002070B50F4D33
S21401518803242B0028331B78B3B12B0029331A7854
S21401519800248AB11C70EE7D032332009A432B004B
S2140151A8EA7550331A78064923000648FFF7E2FEE7
S2140151B8EE750400FFF740F8200070BDC0690020B6
S2140151C8006A0020E069002070B5114C0822002111
S2140151D8200003F0BBFA0120FFF790FB082220000D
S2140151E80C4903F0A5FA050001207DB9637A8342CC
S2140151F80CD10530FFF782FBF8200006FFF77EFB8F
S2140152080548FFF735FB84342070280070BDC0467A
S214015218C0690020F0B10100146A002037B50125E5
S2140152280400284209D008220D490E4803F0F7FA6F
S2140152380021280001AAFFF739FB062320001840A1
S2140152481C4203D0002101AAFFF730FBE40EE0065A
S2140152581CB1002101AAFFF729FB00203EBDC0466C
S214015268709C0100C069002010B5FEF7CFFA10BD8A
S21401527810B518B90122054B1A7010BD0228FCD1C9
S214015288034B0448596801F0BBFBF6E790C07E4023
S214015298F8B10100486A002010B5FFF7E5FF0020C5
S2140152A810BD30B51D00836949005B690400C95A01
S2140152B8222031B1E0680B18095A0020043329600E
S2140152C8136030BD030070B5002504000833DB6F9A
S2140152D805609A6818685269904728006560A56055
S2140152E870BD0A2370B58360036C01000133036443
S2140152F803000833DC6FC268A36820685D68403124
S2140153080823A84770BD41B1436813B14368022B0F
S21401531803D104234360033B83607047F0B585B02F
S214015328019300238377030008330400D86F83684A
S2140153380068DD6802AB0733A8470500E0B9060038
S214015348A37F104F33B901210136080002F026F970
S214015358BE42F5D1230058331A7801990A70BE4225
S2140153680DD01A78022A07D01A78032A04D040F2F8
S214015378F4151B7859342370280005B0F0BD1425A0
S214015388FAE7C04640420F000223F0B5060085B092
S21401539802AAD371C268040015004BF6AD678836B9
S2140153A8336801919B180835436163699D421BD296
S2140153B8019BB3B102AB0422290020000733FFF793
S2140153C8ADFFA0B902ABDB79022B0DD0A16933681A
S2140153D8CA6828880A3252009B1A834209D22120B9
S2140153E803E0A36E9D42F1D10020A566256105B0B4
S2140153F8F0BD0322EB1D1B1893435A88BA42EED11F
S2140154081A884869E1685200691A11521A881D1DDE
S214015418E265CAE710B50400436E0021C3608369DC
S2140154281A6958690132520003F090F900212000E8
S214015438FFF7AAFF10BDF8B50400032583694900E4
S2140154485869626E435A26699B18E3671B88221DB2
S2140154580B33AB43D367E2689B19B71A475221004F
S2140154688831096800205218934205D92000FFF7B1
S214015478D1FF01236560A360F8BD0000030070B585
S2140154880026083386770400D86F836800689B680F
S2140154989847050048B1280070BD0121080002F0B0
S2140154A87DF80A4B01369E420DD0A37F002BF4D01F
S2140154B8230058331A78002AEDD01B78593440F265
S2140154C8F4152370E7E71425E5E7C04640420F00C8
S2140154D8F8B5436804000020032B22D0261DF56F7B
S2140154E8202D00D9202527001F372A003800E16F14
S2140154F803F095F90623A36023000833D86F390013
S214015508836822695B6800689C462B006746B84733
S21401551823695B192361E36F5B19E367F36F5B1B11
S214015528F367F8BD10B504008369616F1A69013124
S214015538914200D9002161675A694800825A002AB7
S214015548F3D0236F8B4207D02000FFF774FF10B902
S2140155582000FFF7BDFF10BD23692000A367FFF7F2
S214015568C0FEF8E7F7B50400019308000223A56911
S21401557811002E6963602066984207D000216B6986
S2140155884A009A5A12B901318E42F9D22300883359
S214015598E7681A68BB189C462B68AD685D196545AF
S2140155A800D06346D2186766E36062618E4215D3FF
S2140155B8083323618BB223676367022805D120006D
S2140155C8089B019A00F00EF8FEBD2000FFF733FF96
S2140155D80028F9D12000FFF77BFFF5E72000FFF749
S2140155E880FEF1E773B51C000326150002690B342B
S2140155F8A418B4434669B44214D804005034218030
S2140156080100060048310B80C3684A36D31A338036
S2140156180223C5648360606B836800685C68042342
S214015628A04776BD0A00009302212B00FFF79AFFD8
S214015638F7E770B50500FFF7D5FF0400010028005D
S214015648FFF761FE200070BD8369F0B51A69050091
S214015658013258695200002185B003F077F800231B
S2140156684FF6FF72AB77EA65EB600193AB69019978
S2140156785A68914201D300243BE02F008837019AEB
S2140156883E681B685643F61802AB0822310028000C
S2140156980733FFF743FE040058BB02ABDB79022B46
S2140156A814D102AB310028003A680733FFF736FEFB
S2140156B80400F0B902ABDB79032B43D13A68920AAE
S2140156C831002800FFF7DAFE040011E04BF6AD6260
S2140156D8F3889342F2D1E96899B33A6830680B685F
S2140156E8920A9842ECD92800FFF7C8FE0400EE603B
S2140156F844B3EB684BBBAB6929001A689B688831D1
S214015708D2182B0009680833521AEA609CBB224952
S2140157182C64D9872900D86FAC77836840315C68D8
S21401572800680823A047040028BBAB7F33BB0121D0
S214015738080001F033FF194B01349C42F5D11424BB
S21401574826E0EE60019B01338FE7212C0ED101265E
S214015758002301212800AB83FFF716FE0400212849
S21401576816D0A8B92EB90123AB6011E084B900267A
S214015778EEE721240CE0212C0AD1E8E72B00583368
S2140157881A78012AF3D040F2F4141B7859352B7095
S214015798200005B0F0BDC046ADBEFFFF40420F0079
S2140157A8002370B58360836905009A681968920AB0
S2140157B8FFF764FE040018B92800FFF745FF040048
S2140157C828002100FFF79FFD200070BDF7B54D6842
S2140157D88A680700B2FBF5F204000B6A81611B6850
S2140157E888300837FB6702602548002260646065D8
S2140157F82000244D903025658D69C9692264A2640C
S214015808E26481602100943105600A609A6803CBDE
S21401581812689047060008BBA0602000FFF714FF37
S214015828050021281CD133003200310020000096E3
S214015838FFF798FE050058B9A368012B1AD0012175
S214015848080001F0ABFE104B01359D42F4D114253A
S214015858FB6F2E009A681868526990473000FEBDA3
S2140158680028F5D1E3681B68236400236360074BAF
S2140158782360F3E76368042BF4D140F2F415E7E7F5
S2140158880000ADBEFFFFADBE404B4C00454556522D
S214015898F0B584680023250087B00093037858354F
S2140158A82B70A3681BB90133A37707B0F0BD2B781B
S2140158B8012B00D0DCE0A0680238082800D9B3E044
S2140158C801F0B0FF058B359FB8B2B2B2C0002369AC
S2140158D80325043301932361230048331B88E76CAF
S2140158E81A002A40A56002922B420AD1A56022001E
S2140158F839000832D06F82685568019A0068A8474F
S21401590839E0032B0FD826008C36042200213000FC
S21401591802F01CFF39003000029A02F080FF3700BF
S2140159280423A560E3E70422AB43A260DFE7230074
S21401593848331E882500032733008C35BB430422D1
S21401594800212800A760019302F000FF3200019BA6
S214015958E16C3A40C918280002F061FF2269019BF0
S21401596829009A1823000833D86F226183680068D3
S2140159785E680423B04701002000FFF7C4FCA36853
S214015988012B00D091E7230090331A68002A00D132
S2140159988BE76368002B00D084E0A368013B591E9F
S2140159A88B41DBB204A90B702300943498331B682F
S2140159B820684B60002877D00378009343680393E8
S2140159C8030060C960C390472368002B00D16CE7C9
S2140159D8009A1A70039A5A6067E7230048331B88AF
S2140159E821695A189B0700D00A1D0523A3602300C6
S2140159F821000833D86F2261836850315D6804231B
S214015A087CE72300210050331A882369E2650433B2
S214015A1823614A310888A16952004969505262686F
S214015A2822B90132A260A3660020A4E72000FFF78E
S214015A3879FDA0E7231DDB6F2000002BF7D0FFF7C9
S214015A4847FD98E7230088331A68E368616E9B1858
S214015A58636100232377A36F920A23610B23A36054
S214015A6823000833D86F836800689B68984782E7E5
S214015A782B7823B9009B63600123A360D4E763688E
S214015A880098022B05D1A3680B2B02D02000FFF744
S214015A98C1FC23002A7859331A7004236360033B38
S214015AA8A36068E763687CE708008CE710B500F038
S214015AB8C9FB10BD70B5040048B1002039B11025E6
S214015AC820002A0002F0ABFE0120B034256070BD2C
S214015AD8F0B58FB007000C0016000021102202A8AE
S214015AE802F034FE1022002106A802F02FFE102232
S214015AF800210AA802F02AFE002000F0B3FB0023CA
S214015B0800900193A30705D02100102206A802F0F1
S214015B1886FE06AC3D00BB0700D002AD3300B033AD
S214015B281B68182B1AD1310068460AAA00F09CFB9C
S214015B3820B904222900200000F098FB00F097FB0A
S214015B480300002043B902AB9D4204D1102229006C
S214015B58380002F064FE01200FB0F0BD202B0ED1F4
S214015B68320069460AAB01A800F0F0FB20B904220E
S214015B782900200000F008FC00F042FCE0E73200B3
S214015B8869460AAB01A800F075FB20B90422290072
S214015B98200000F08DFB00F0C7FBD1E7EFF3038090
S214015BA8103840B27047416182610020704730B5B5
S214015BB87B25046AA3782B40A37083789B079B0FE9
S214015BC8D21A02618022CB18C360A3781343A3704C
S214015BD883787D3A1340022B06D14FF600620B8874
S214015BE81343E381002030BD0B78E370FAE7F0B584
S214015BF80500806A87B08C46019202ACC8B12300C2
S214015C080200C2CAC2C312681A60EB691B78036035
S214015C1863468360019B0371EB6AC3606B6A9847AE
S214015C28AB6A23B123CC23C31A002368136007B0D9
S214015C38F0BD2000E9E770B514000D00060010005D
S214015C4801F054FD200001F0FFFC3200290020007D
S214015C5801F01AFD70BD0000F8B500260B785F4A02
S214015C6806709B185B0103624B69C16143628B69CD
S214015C788662C3624A780D0053425A4103218378EB
S214015C8801328B4313430B228370AA56A97A040068
S214015C98FFF7D1FF05222000AA562979FFF7CBFF87
S214015CA807222000AA56A979FFF7C5FF0922200076
S214015CB8AA56297AFFF7BFFFEFF31087012383F36C
S214015CC810882878464B8446802062460006D040D5
S214015CD85968814359605B6887F3108801222978DF
S214015CE840F207208A40236A9E701E715E729E7279
S214015CF8DE725E83024201D04022DA7406221A77E7
S214015D0809B9384A9A82AA78E97868781201C900E6
S214015D180A43032847D140210A43B231D2B2C9B255
S214015D281A70997102212026FF20ED692A7B5200FC
S214015D380A405A736A78A978D2014901314002406B
S214015D480A4300212E781972B11E012930D85870DD
S214015D58022E01D110210A43D2B200270520DA719A
S214015D68E369E76027616761A761185601F0B6FC29
S214015D780B20E369185601F0B1FC0720E3691856B1
S214015D8801F0ACFC0920E369185601F0A7FC0323CF
S214015D98226A1E406D33334393706B893800238122
S214015DA8114B6360F8BDE2210028B7D01031B5E782
S214015DB803276968D2B2DA718A7848785A701A78ED
S214015DC83840BA4302431A70CA789A740A785C2132
S214015DD8D8790A4088430243BFE7C0460038000224
S214015DE8FC6F044000F8FFFF5549435370B5FFF7B1
S214015DF8D5FE040001F028FC184BA400E058C3693E
S214015E081B69FBB90169056A59B97F23016A8A7852
S214015E181A407B3B13438B700021436AC160C3B9A8
S214015E2870BD03248378C2681C40022C0ED14FF63D
S214015E38006614883443EC819B079B0FC91AD21855
S214015E480161C2600369002BEAD1DEE71478EC70C1
S214015E58F2E78022FFF7CBFEE2E7C0464C6E002051
S214015E6813B5FFF79BFE040001F0EEFB174BA400E9
S214015E78E4580323A278216A1340022B09D1098A20
S214015E88C905C90DA369019133B9636A0422C3B967
S214015E9813BD4979C9B2F5E79207920F01A960695E
S214015EA802F0BDFCA3786269A1699B079B0FD21813
S214015EB8C91A6261A1610029EAD1636A002BE7D099
S214015EC801222000FFF793FEE2E7C0464C6E002051
S214015ED810B5FFF763FE7B21084B82000400D058FB
S214015EE8026A93780B409370436A1BB10222002121
S214015EF8FFF77DFE200001F0A7FB10BD4C6E0020C9
S214015F0870B5FFF74BFE134B82000400D0580323ED
S214015F1882781A40036A022A18D1198AC905C90D56
S214015F2838221D792A40ED0604D51D7FED0701D4D8
S214015F3840252A4338261D79B5431D71436A0BB19E
S214015F48FFF755FE200001F07FFB70BD5979C9B2F5
S214015F58E6E7C0464C6E0020EFF30380103840B2E7
S214015F6870474369C269934206D2C268816802B122
S214015F78D25C0133CA7043617047F0B50500406AC8
S214015F8885B08C4601AC90B123000200C2CAC2C3D8
S214015F986B681B78036063460371AB6A83602B6A80
S214015FA898476B6A0BB123CC23C305B0F0BD20001C
S214015FB8EEE7F7B5856801930400A878302784468C
S214015FC80600634608203E403B422ED1019BE16015
S214015FD861686661A661E3610E692261983032B133
S214015FE8030016B9486900B9803B50201843AB78BE
S214015FF80343DBB2AB70BEB94B69ABB9A2B10120A2
S214016008085601F073FB2000FFF7ABFF65686B7A53
S214016018012B05D1E369012B02D92000FFF7A1FF67
S2140160280120285601F04EFB0020FEBD10B5FFF7F3
S214016038C0FF10BD0B78484AF0B59B185B0183601A
S2140160488B69416003620C00CB690021836241625F
S21401605805008020226A87B053789B079B0F184358
S21401606804900220105693780391FF31029100287C
S21401607802DA029304230393637A012B62D0002386
S2140160880193A07AE17A012860D109B940310B431E
S214016098617B40F2EA0C09B140F2E20CEFF310879B
S2140160A8012181F310882D4926784868059030002B
S2140160B880263606C6400598B0434860496887F387
S2140160C810880026A96812788E70087984200871CD
S2140160D82348DBB288826846007C087068460079E7
S2140160E888706046C0B288714A706A46127A012082
S2140160F88A746A46127BCA714B7340230E724E72BB
S2140161088E72CE724E83CB743E3B0B772A00617932
S214016118205601F0FBFA02202A00A179205601F048
S214016128F5FA03202A00E179205601F0EFFA042057
S2140161382A002056217A01F0E9FA3000094B2B6033
S21401614807B0F0BD0221052301919AE7012901D084
S21401615880219CE7C0219AE700380002FC6F0440C2
S21401616800F8FFFF5349435310B5FFF7F5FE040047
S21401617801F06AFA094BA400E4582000FFF7F1FE83
S2140161886269E3699A4208D1236933B9A1687B3306
S2140161988A781A40773B13438B7010BD4C6E0020EB
S2140161A810B5FFF7D9FE040001F04EFA0D4BA40016
S2140161B8E4582000FFF7D5FEA369E269934205D2A9
S2140161C8A168581CA06122694979D154A269E3697A
S2140161D89A4206D13B23A1688A781A40373B134373
S2140161E88B7010BD4C6E002010B5FFF7B5FE03216D
S2140161F80400074B8200D058826893780B4093704E
S2140162080239FFF7BAFE200001F01EFA10BDC0469B
S2140162184C6E002010B5FFF79FFE0321084B820045
S2140162280400D05883689A780A409A701A798422AA
S21401623801311A71FFF7A1FE200001F005FA10BD21
S2140162484C6E0020054A0649936800200B4093606F
S21401625893685B005B0893607047C046FC6F044018
S214016268FFFFFFEF00BA7047062070477047062009
S2140162787047000070B504680E001D0011006CB967
S2140162883268074B07481A60402202F0C8FA4022D3
S2140162982900054802F0C3FA200070BD034CFBE74D
S2140162A8046E0020546D0020146D002002000100C9
S2140162B837B51400194A050010680B0000BA0428FF
S2140162C809D801F0AFFA03090F1821002A002100A6
S2140162D8134800F099F837BD2A002100104800F04D
S2140162E8A4F8F8E70F49009322002B0001910C4807
S2140162F800F0AEF8EFE70B49009322002B0001915E
S214016308074800F0BAF8E6E70649009322002B0092
S2140163180191034800F0C6F8DDE7C046046E002088
S214016328546D0020146D002010B5B02200210548D8
S21401633802F00CFA40220021034802F007FA002076
S21401634810BDC046546D0020146D002070B5046859
S2140163580E001D0011006CB93268074B07481A6019
S214016368802202F05CFA40222900054802F057FA1A
S214016378200070BD034CFBE7046E0020546D00201E
S214016388146D00200200010037B51400194A0500F3
S21401639810680B0000BA042809D801F043FA03096B
S2140163A80F1821002A002100134800F090F837BD85
S2140163B82A002100104800F09CF8F8E70F490093DE
S2140163C822002B0001910C4800F0A5F8EFE70B49D5
S2140163D8009322002B000191074800F0B1F8E6E788
S2140163E80649009322002B000191034800F0BEF8ED
S2140163F8DDE7C046046E0020546D0020146D0020B1
S21401640810B5FFF791FF10BD30B587B014006D4683
S2140164180022AA82AA75019302920B000094010039
S21401642805A800F0C1F807B030BD70B586B01400F5
S2140164386D4600226E46AA820125B5750193029221
S2140164480B000094010005A800F0AEF806B070BD78
S21401645830B587B06D4640F20014AC820024AC75A6
S2140164680B9C009302940A9C130001940A000100F5
S21401647805A800F099F807B030BD30B587B06D466D
S21401648840F20014AC82FF3CAC750B9C009302945E
S2140164980A9C130001940A00010005A800F084F87C
S2140164A807B030BD30B587B06D4640F20024AC82E7
S2140164B80024AC750B9C009302940A9C130001946B
S2140164C80A00010005A800F06FF807B030BD30B526
S2140164D887B014006D460122AA820022AA7501938C
S2140164E802920B000094010005A800F05DF807B0C1
S2140164F830BD30B587B0150001246A46948294757C
S2140165080022019302920B000095010005A800F0F5
S2140165184BF807B030BD30B587B06D4640F2011470
S214016528AC820024AC750B9C009302940A9C130061
S21401653801940A00010005A800F036F807B030BD3E
S21401654830B587B06D4640F20114AC82013CFF3C81
S214016558AC750B9C009302940A9C130001940A00E4
S214016568010005A800F020F807B030BD30B587B0A7
S2140165786D4640F20124AC820024AC750B9C009356
S21401658802940A9C130001940A00010005A800F071
S2140165980BF807B030BD0023CA5812BAC2500433EC
S2140165A8102BF9D170470000F0B589B006001D0020
S2140165B802910392002B00D19BE003232A001A4084
S2140165C801921D4200D094E04B4C023B22881343B3
S2140165D82380077863685B01FCD501220221636882
S2140165E83A4052008B431343636063689B00FCD5B3
S2140165F8029904A8FFF7CFFF049B2361059B23613B
S214016608069B2361079B23617FB163685B00FCD50A
S214016618029904A81031FFF7BEFF049B6361059B2E
S2140166286361069B6361079B6361727863685B01BC
S214016638FCD5032163680A402D3112018B431343AD
S2140166486360039B73B163681B01FCD5039904A8B7
S214016658FFF7A1FF049BE360059BE360069BE360ED
S214016668079BE360B27863685B01FCD501210026CD
S21401667863680A408B43134363600E9BB700D919BE
S2140166886368DB01FCD504A8FFF785FF049BA360BC
S214016698059BA360069BA360079BA3600F9BD81965
S2140166A863689B01FCD5A36804A90493A368043610
S2140166B80593A3680693A3680793FFF76CFFB54293
S2140166C8DBD8109B73B16368DB00FCD5E3681098D0
S2140166D80493E36804A90593E3680693E3680793BC
S2140166E8FFF759FF0122238893432380019809B0B5
S2140166F8F0BD024B0193F9E700000D400D000100C3
S21401670870B50400012001F041F8194A1378DB0638
S214016718DD0F002BFADB207802000300E0B12B0026
S2140167281449032812D12269134B1A605042424178
S21401673840F20020E37DA57D5B0013430A5A520A06
S21401674852022A430A52207D0C4A107040F2A012C7
S214016758A068885048F20002094992B28A81094A1B
S214016768DBB20120137000F0EBFF002070BDC046BD
S214016778AAE001400060004098E0014094E0014032
S21401678800E0014092E0014010B504000800616095
S214016798FFF7B6FF08B9014B236010BD4D504C52A8
S2140167A870B50500194A1378DB06FCD4012000F001
S2140167B8EDFF174B9A89174BD20B012A0FD1164AB0
S2140167C8D27F1978D2B2C90709D50524C2B9134AA6
S2140167D81278012A14D1124A1278012A10D16A684D
S2140167E81278032A04D11978833A0A431A701A7858
S2140167F8BFF34F8F30BF7F2100241A780A401A70E2
S214016808012000F09DFF200070BDC046AAE00140AF
S21401681800E0014092E0014007E0014038E0014015
S21401682832E00140EFF31080012383F31088064B12
S214016838196819B9054AD1704031D1701A68013200
S2140168481A6080F310887047486E0020000D0440D7
S214016858EFF31081012383F31088074B1A6812B1EE
S2140168681A68013A1A601A681AB9044BDA70803243
S214016878DA7081F310887047486E0020000D0440D6
S21401688803000020186070470B0A1B01C9B25B1889
S21401689803499B005B5800209B07DB0F137070476A
S2140168A800080440034B090A4901C9184B6800202F
S2140168B813807047000004400548090A4901091871
S2140168C8180090430004134003438B600020704770
S2140168D8000004400123C8B2834000209BB20AB9D5
S2140168E818001300044A090A4901000418438918C4
S2140168F8886000207047C046000004400648090A20
S21401690849010918180010B50C6810402043934334
S21401691898430860002010BD00000440044B090A93
S2140169284901C9184B6800201B0C13807047C046E4
S2140169380000044008480B0A5B011B18586801232D
S214016948C9B28B40000C99B203405B1A59424B41BD
S214016958002013707047C046000004400548090A25
S2140169684901091818009043000413400343CB60FB
S214016978002070470000044010B501240B0AC9B274
S2140169888C4007485B011B18D9682004012A04D1EA
S214016998814321430020D96010BDA1430143F9E793
S2140169A800000440030A70B5C0B2084D1B01CA03B3
S2140169B807D51A189200AE58054C26400C40AE5022
S2140169C8AC501B189B00E95070BDC0460008044037
S2140169D8FFFFFEFF70B505000024FFF723FF2B8895
S2140169E8A34202D8FFF734FF70BD6B68E2009B181C
S2140169F8988819680134FFF7D5FFA4B2EFE70000BD
S214016A0810B5034B03600800FFF7E4FF002010BD34
S214016A1854524F5010B50800FFF7DCFF002010BD98
S214016A2870B515000C00FFF7FDFE29002000FFF7E2
S214016A38B9FFFFF70DFF002070BD0000F7B5040091
S214016A48022040F200350856134B82002071D218F6
S214016A585359114F01930023BC468E685351A660C3
S214016A68CE68E6600E786671BB550B79CF781B0148
S214016A783B434F79FF013B436746DBB2BB55019B5E
S214016A885351002803DB2200497800F0FDFD034B33
S214016A9800202360FEBDC046006000405543490003
S214016AA810B5007940B200F019FE002010BD0000B4
S214016AB873B5EFF30384103C0E4B64B2A200D558AD
S214016AC80D4A6B790126D35C9B079B0F032B03D0DA
S214016AD8200000F0B9FD0026AB682BB16A7968463C
S214016AE80192EA680092984716B1200000F0ACFDC2
S214016AF873BDC0464C6E00200060004043F6B0737C
S214016B08044A0020D35A812213405A1E93410B701F
S214016B187047C04600C07E40062070470620704772
S214016B2806207047062070470A0010B5034B11CBA4
S214016B3811C2034B11CB11C2002010BDA4B5010030
S214016B488CB501000620704706207047062070475E
S214016B5806207047C36A0D4A10B59A180133C362F6
S214016B68036B816A013B0363094B4C1C8462180062
S214016B78140CFE3092B2448242811A000978FC3223
S214016B8851638122FF335A7510BDC0460000F0BD1F
S214016B9800C07E404143032903D9890801390029E9
S214016BA8FCD1704744F6003313B5A522019340F291
S214016BB88013F7210F4CE2500F4B9D3A5A705970CB
S214016BC85A705B78934200D1C04681681020FFF75F
S214016BD8E1FF43F6B072094BA352A35A98B203B920
S214016BE816BD019B1BB1019B013B0193F5E71420E0
S214016BF8F6E7C04600C07E40FFC07E4000AAFFFF01
S214016C0813B5104901900B6B5B0612D57F240E4B0A
S214016C185A7D22405A7500225A7501900B6B5B0605
S214016C28D80F002B08DA019B2BB1019B013B01937E
S214016C38F4E7019B0BB9142016BD019B013B019398
S214016C48E1E7C046FCC07E40FFC07E40002310B589
S214016C5803604368112018560300213301D000F061
S214016C6845FD002010BD062070470620704700002D
S214016C782D4B70B519682D4D0B000200286A2C4C57
S214016C884001400F8340C3402A48D360834207D857
S214016C98A34205D02848834202D02848834240D1DF
S214016CA8286A274D4001400F8140C14025481B18DE
S214016CB8B3FBF4F0AB4202D901230340C018214BC1
S214016CC8D060C918B1FBF4F140F2835306204B4358
S214016CD8B3FBF0F3136140F276334B43B3FBF0F3A7
S214016CE8536158234B43B3FBF0F39361164B916002
S214016CF84B43B3FBF0F3D361144B4B43B3FBF0F3B5
S214016D081362134B4B43B3FBF0F35362114B1A78E0
S214016D18012A01D1002070BD01221A70FFF73AFF3F
S214016D28F8E740F2F610F6E7A46E002000E001400E
S214016D3840420F00FF083D0080841E00C0C62D009B
S214016D483F8AF7013F420F00B86A0500C0B0070046
S214016D5868ED220090C07E4043F6B07370B5114AC4
S214016D68114D8168EA5204000620FFF713FF40F22E
S214016D788013A522EF21EA500C4B953A5A705970A8
S214016D885A705B78934200D1C0460320A168FFF78A
S214016D9801FF63681A781AB11120185600F09EFC94
S214016DA870BDC04680AAFFFF00C07E40FFC07E407F
S214016DB870B50400FFF7D0FFE3683F2040F2D81211
S214016DC809491F2B0BD9203B5B081F338D580340FD
S214016DD885432B4320008B50FFF7E4FE70BD1F252B
S214016DE8013B2B408D58F3E700C07E400A7810B56A
S214016DF80B00040041602AB111202200097C1856B4
S214016E0800F042FC230000223C3320001A70FFF7F2
S214016E182FFF28B92000FFF7CBFF08B9014B2360E5
S214016E2810BDC0464E45504F10B50400FFF720FF71
S214016E3810B92000FFF7BCFF10BD000003000022B8
S214016E483C3310B51A7043F6B073074A0400D35A98
S214016E580BB9FFF781FF0122044B20009A6200223A
S214016E689A62FFF79FFE10BD00C07E40FCC07E40C0
S214016E78F8B50500080016001F00FFF7C1FE04005C
S214016E88142804D12800FFF7D9FF2000F8BD40F2E6
S214016E98F0133400044AD3581C401E42F5D028008B
S214016EA8FFF7CCFF3C00F0E700C07E4010B5FFF7C7
S214016EB8C5FF002010BD0000F7B5070000263C37C7
S214016EC83E700400150001910093FFF745FF1C4B27
S214016ED8019A9C461B481C49624446716B1E160C57
S214016EE84E829B18194E92B24A811A0C9BB2726254
S214016EF84B838323437563681B784BB10523009A3C
S214016F083B70033B1370A369A36300252800FEBDED
S214016F18A16940F2F813694310222000FFF7A8FF81
S214016F28050040B9F36A009A1B07DB0F20001370AF
S214016F38FFF738FEE9E72000FFF780FFE6E7C046DF
S214016F480000F0BDFFC07E40FEC07E40FCC07E4013
S214016F5870B503634368C2621E78002533005A1E63
S214016F68934102009B003C3281621370436904001E
S214016F788363FFF7F1FE0D4B5D71236B63B99DB912
S214016F882000FFF70FFE0FE0182312222000A16B46
S214016F98FFF76EFF0500F0E735B92000FFF7DAFDC9
S214016FA8002EF1D012236363280070BDFFC07E4017
S214016FB8F7B507000025040016003C373D7001911F
S214016FC8FFF7CAFE019B1A4A9B0A1A499B029B189D
S214016FD8A36226634D71190C8C466046B2021649A7
S214016FE8013AD2189BB248824B81130C9C466046E4
S214016FF8124B92B2586284234A830E4A53756368C9
S2140170081B786BB9216A1122200071431933FFF7E7
S2140170182FFF050010B92000FFF7C4FD2800FEBDAC
S21401702801233B7010336363236AA363F6E7C04604
S2140170380000F0BDFFC07E40FEC07E40FCC07E4022
S21401704830B585B0EFF30384103C64B2200000F03D
S214017058FBFA1D4BA400E458A06BFFF7D1FD1428DA
S21401706808D040F2F013194A616BD2580B0013404E
S214017078114212D02000FFF7E1FE0723200001ADE0
S2140170882B70FFF78FFD62685368A3B1D26828009A
S21401709803920022029298470DE022003C321278B1
S2140170A8012AEBD0042A08D1226B0123002AE5D055
S2140170B82000FFF74FFD05B030BD054BDB6A1B0707
S2140170C8DB0F0233DAE7C0464C6E002000C07E4074
S2140170D8FCC07E40054A030010600A6882604A6860
S2140170E8C2600020024A58601A607047086E002085
S2140170F843474300034B8000C35819701A788A42E5
S214017108FCD1704708B6010048F2000110B5154BCE
S214017118154A1B781268DBB28A4210D113490978DE
S214017128E1B113490978C9B112490978B1B1EE211B
S214017138C905084212D1042000F0A8F910BD1BB1F8
S2140171480D4B1840984204D10C4B9A4201D80320A3
S214017158F2E70B4B9A42F1D80120EDE7002BEFD16D
S214017168F5E7C04640E00140A46E002036E0014045
S21401717838E0014032E001400404000480841E0027
S21401718800366E0110B50C00002000F0FFFA012150
S2140171982000FFF7AFFF002000F0D2FA012000F030
S2140171A8F5FA044B186AFFF7AFFF012000F0C8FA9A
S2140171B8002010BD00E0014010B5012000F0E6FAFD
S2140171C8002000F063F9002000F0E0FA10BD00008E
S2140171D810B5002000F0B4FA034B186AFFF794FFC5
S2140171E8012000F0ADFA10BD00E0014010B50C001A
S2140171F8FFF7E2FF20000021FFF77CFFFFF7E8FF1B
S214017208002010BD8368027B180008300AB10C33D1
S2140172181800012103785A080A400B409342F9D115
S21401722800207047436801611B7C064A9B00995001
S214017238027B836801390AB11960704789B21980DF
S214017248FBE7C0460C6E0020F7B5002641600673C2
S2140172580B7C2E4A1B029B1804000D008360EFF37B
S2140172681087012282F310882949C8680190287C72
S214017278844603206246801A012282400198904380
S214017288C860CA6887F310881E721A7A9207D10FE7
S214017298002AFADB9972A368227B180008300AB123
S2140172A80C331800EB69DA781F791E7807231A4021
S2140172B8019226BB2B7A19001BB102234B403100E1
S2140172C81B010026019AC9B21A43D2B20771867108
S2140172D84270817020006968FFF7A4FF12202856C3
S2140172E8B04203DB2200697C00F010FA00206B69CB
S2140172F86361AB69A061E361064B2360FEBD0021B3
S2140173083300502EDDD0297ADBE7C046004008401E
S214017318FC6F04405447410010B50400FFF772FFA4
S21401732838B9A268217B1300083301B10433F0226F
S2140173381A7010BD10B50400FFF764FF30BBA268D1
S214017348217B1300083301B10433F4221A7000229A
S2140173581A7163689B7C5BB21A00213214D0002B29
S2140173680CDB1F215A090B401E3999402032930025
S214017378074A9950BFF34F8FBFF36F8F6368054A6B
S2140173889B7C5BB29B009C500023236010BDC046CB
S21401739800E100E04C6E002070B50400FFF732FFF4
S2140173A8050080B9A368227B1E0008360AB10C3393
S2140173B81E0063681B78012B03D120002169FFF7A3
S2140173C831FFF1233370280070BD0000F0B587B097
S2140173D8EFF30384103C64B2200000F035F91D4B2E
S2140173E8A400E458A368227B1D0008350AB10C33B3
S2140173F81D0062682B781278DBB29C46012A05D1FB
S214017408F4222A70E53A93439C462B7063690193EC
S214017418BBB1A069D8B103AB19000200C8CAC8C17C
S21401742863469B0601D500230371E3690360019B4C
S2140174389847A36913B103AA51CA51C32B78DBB283
S2140174489C460F22634613402B7007B0F0BD03A875
S214017458E6E7C0464C6E0020094B1A7882420DD0EA
S214017468084A12781AB908490A78D207FCD51A7850
S214017478D206FCD418701A78D206FCD47047C046D7
S214017488A0E0014036E001403CE0014010B50C4B5D
S214017498042808D11A78D206FCD401221A701A7860
S2140174A8D206FCD410BD1A78D206D10F002AFADB10
S2140174B819701A78002AFCD1FFF7CEFFF2E7C0460A
S2140174C8AAE00140064B0749DA1DD27F1B6A9200E3
S2140174D852585B015B0FDA401300034A136070478A
S2140174E800E00140A84C0020A46E002040F2FE33C4
S2140174F870B5194A194C0126E25243F6C873184A60
S2140175080025D654174B184ADD601A60174A1D61C4
S2140175185A6048F200029A60FFF7D4FF40F28043AF
S2140175280322E654124B28001A70FFF795FF114BF9
S214017538114A1D701378DB07FCD500220F4B236216
S2140175480F4BDA77FFF7BEFF0120FFF79FFF40F2E8
S214017558FE330C4AE25270BD03A5FFFF00E001406E
S21401756800C07E40A84C00200048E80100127A00BE
S214017578A5E0014036E001403CE00140020200027D
S21401758807E0014000A5FFFF0022014B1A70704773
S2140175982840044001380028FCD170474143174B66
S2140175A870B540F2E83208001E680C00002300217E
S2140175B800F0B0F9124D134AB5FBF6F559B9B0FB10
S2140175C8F5F00423964200D90233B0FBF3F008B174
S2140175D8FFF7E0FF70BD0423964200D902335D43EE
S2140175E840F2E832B4FBF5F00023002100F092F9EE
S2140175F80029ECD001204042EAE7C046A46E0020EC
S21401760800CA9A3B0048E801F8B540F24013002446
S21401761801270A4E0A4A758CD35A1D402B00E340AF
S2140176283B4206D0074AA3009B181B680BB1E0B281
S214017638984701340D2CF1D17586F8BDFE600040DF
S21401764800600040146E0020044BC0308000C25811
S21401765803490A40C250C3587047C04600600040FC
S214017668FFFFFEFF10B50400FFF7EEFFBFF35F8FC5
S2140176781F22630914401E3AA240024960339B0048
S2140176885A5010BD00E100E0F7B5FF2701928308C4
S2140176980A4A03269B009B183A0040F2003506402A
S2140176A8F6008901B2403940B1405C5980009443E4
S2140176B80C435C51019A024B1A50F7BD00E100E0F9
S2140176C84C6E00201F22430910401E3A8240024990
S2140176D89B005A507047C04600E100E010B5040010
S2140176E8FFF7C0FF2000FFF7EDFF10BD1F2243097B
S2140176F810401E3A8240044920339B005A50BFF37B
S2140177084F8FBFF36F8F704700E100E010B504009C
S214017718FFF7BAFF2000FFF7E1FF10BD0023064878
S214017728064A9A18117819B11A00C03292001150F7
S2140177380133122BF4D170470060004044B50100B4
S21401774830B5EFF31082012383F3108898400B4974
S214017758435A1BB10B5A013B9BB20B520B5A53B9F6
S21401776840F2FE31064C074B655A185A064B2B4316
S21401777883439BB2635282F3108830BD946E002017
S21401778800E001401CB6010000A5FFFF70B5EFF34D
S2140177981081012383F3108898400A4A835A53B903
S2140177A840F2FE34084D094E2B5B865B33434AF2A2
S2140177B8005633432B53135A01339BB2135281F3AA
S2140177C8108870BD946E002000E001401CB60100D0
S2140177D8030010B503240A4A0A4811680333A34371
S2140177E808185B1840F200418B4206D901F00EF8E2
S2140177F80C2303600120404210BD1360FCE7C0461D
S214017808A06E0020A840002000BE70477047000008
S21401781802B4714649084900095649008E4402BC1B
S2140178287047C04602B4714649084900095C4900D8
S2140178388E4402BC7047C04603B4714649084000EE
S2140178484900095E49008E4403BC704703B471467B
S214017858490840004900095A49008E4403BC70474C
S214017868844608006146FFE71FB500F0CBFA0028FA
S21401787801D40021C8421FBD10B500F059FA404294
S214017888013010BD10B500F0BDFA002801DB00205C
S21401789810BD012010BDC04610B500F0B3FA00288F
S2140178A801DD002010BD012010BDC04610B500F056
S2140178B867FA002801DC002010BD012010BDC04673
S2140178C810B500F05DFA002801DA002010BD01208D
S2140178D810BDC046002B11D1002A0FD1002900D1B6
S2140178E8002802D00021C943080007B4024802A1B3
S2140178F84018029003BDC046650A000003B46846F6
S21401790801B5029800F04CF8019B9E4602B00CBCEB
S2140179187047C046F0B54FF6FF750400CE462C40BA
S214017928474615400E002900994680B5130C0700F6
S214017938000C61434543584363430C0C5B19E41838
S2140179488C46A54203D980235B0298464044230C03
S21401795861461B184FF6FF7008404946564379435F
S214017968240489192018C918C0BCB946B046F0BD08
S2140179789E2110B5C905041CFFF7A2FF18B9201CE3
S21401798800F044FC10BD9E21201CC90500F07AFABF
S21401799800F03CFC80231B069C466044F2E7C04688
S2140179A8F8B557464546DE464E460C00E0B59246C3
S2140179B805009B46170081468846002B52D11000C9
S2140179C800F0CEFC0500A74200D871E060B1202384
S2140179D849461B1A2200D94082400B001343984699
S2140179E84B468340874099463C0CB8FBF4F24FF669
S2140179F8FF7013003840434321009C4643465143D9
S214017A08591A4B4609041B0C0B439C4509D9DB192B
S214017A18511E9F4200D967E19C4500D864E1023AAD
S214017A28DB1961465B1AB3FBF4F14C434E461B1B4C
S214017A384FF6FF7448431B0434401C43A04200D948
S214017A48FCE0241A1004084300210A9B23B1EC40E9
S214017A581C6000230A9A5360F0BCBB46B246A9468E
S214017A68A046F8BD8B4207D90A9B13B10A9B18603A
S214017A78596000210020EFE7180000F071FC0100B2
S214017A88002855D1A34502D3AA4500D94AE1534651
S214017A98EB1A5A469D42AD41A41A6D42621B9046A6
S214017AA801200A9A002AD7D0136043465360D3E7C9
S214017AB8002800D0CBE04FF6FF703B0C984601211A
S214017AC8E41B3840B4FBF8F302005A439446424696
S214017AD85A43A41A4A462404120C2243944507D949
S214017AE8D2195C1E974202D8944500D91DE123009D
S214017AF86446121BB2FBF8FC64466646604344467D
S214017B0874434E46121B4FF6FF7412043440144356
S214017B18A04208D96246E419013AA74202D8A0420F
S214017B2800D9F9E09446241A1804634618438CE7EA
S214017B3820275B4652463F1A8340FA401A4353466B
S214017B48944683402A009A46FA40230084402243FA
S214017B58854091466246FB40A846150CB3FBF5F0F6
S214017B684FF6FF7414400200624393462A004243CC
S214017B789A1A4B4612041B0C13439B4509D96344B6
S214017B88421E9C4500D9C5E09B4500D8C2E0023894
S214017B9863445A469B1AB3FBF5F255434E465D1BA2
S214017BA84FF6FF7354432D0433402B439C4209D9A7
S214017BB86344551E9C4500D9A8E09C4200D8A5E020
S214017BC8023A6344000410434FF6FF721B1B14006D
S214017BD80440A34654465E4622405643B1465E4696
S214017BE8050C240C6A43654374434E46360CB3466B
S214017BF8A4185C44A24203D98022520293465D44EB
S214017C08220C4E4652194FF6FF7524043540641966
S214017C1893426FD36CD00A9D75B145462C1BA0457F
S214017C28AD419B1A6D425B1B1A00CC40BA40CB4053
S214017C380A9922430A604B6000210DE7E4194B1E9E
S214017C48A74253D8A04251D90239E419F9E62022AD
S214017C584946121A2300D140D3400A0049468740B4
S214017C6881408946390C84408846B3FBF1F14FF6CA
S214017C78FF7022430C0038404443A44644464C4314
S214017C881C1B2404130C23439C4507D9DB194C1EE3
S214017C989F423DD89C453BD90239DB1964461B1BDC
S214017CA8B3FBF8FC9B46464663465E434FF6FF7AAF
S214017CB833005E466446F31A564644431B04164090
S214017CC833439C420BD96246DB19013A9F421BD8C3
S214017CD89C4219D9022252429246DB19D4441C1BF3
S214017CE8634609041943EDE60A009AE61900A8E670
S214017CF8A04590D25546651BAC42A44164426444F3
S214017D08121B01382C0086E79446E8E72A0059E753
S214017D182100C3E710003CE7022252429046E419CC
S214017D28C44400E700202B00BBE6023BD219DFE67D
S214017D3870B542004E024C0045026D0A120EC30F82
S214017D48760A240EC90FFF2A0FD0FF2C0BD001206C
S214017D58A24209D1B54207D18B420FD022B92800D9
S214017D68431E984100E0012070BD0120FF2CFBD185
S214017D783543002DF8D14B401800F5E70020F3E70E
S214017D8830B5420044024D02C30F4800640A120E81
S214017D986D0A000EC90FFF2A12D0FF2807D0B2B904
S214017DA838B90DB3002C2AD14800013830BD1DBBA7
S214017DB80AB9002CF8D08B4205D158000138F5E7EE
S214017DC8D4B9FF2813D001205B421843EEE70028F8
S214017DD8F9D08B42F7D18242F5DCEEDBAC42F2D821
S214017DE80020AC42E2D2E8E7002CDFD0EBE71DB971
S214017DF88B42E8D10020D9E702204042D6E78B42E1
S214017E08ECD0E0E730B5420044024D02C30F48000B
S214017E18640A120E6D0A000EC90FFF2A12D0FF2837
S214017E2806D0AAB930B915B344BB480001380EE0EC
S214017E3865B90AB9002CF8D08B4215D001205B42EF
S214017E48184304E014B9FF28F8D19DB1022030BDCB
S214017E580028F3D08B42F1D18242EFDC04DBAC423E
S214017E68ECD80020AC42F2D258000138EFE7002CDB
S214017E78EDD0E3E700208B42E9D0DFE78B42EED076
S214017E88DCE7C046F0B546464F46D64643025B0A8F
S214017E98C0B59C461F00DE004B025A0A90464500B4
S214017EA84A002D0EC40F120EC90F9B09FF2A25D0B2
S214017EB801204140A81A8C420FD0002800DC8AE134
S214017EC892BB002B00D19CE0421E012800D14FE155
S214017ED8FF2800D19BE010002CE0002800DC87E199
S214017EE8002A00D182E0FF2D00D190E08022D20442
S214017EF813431B2800DCEAE001363FE02800FF3880
S214017F088246002B54D140F20109484641408C4232
S214017F1800D1C4E05046002800D187E00C00002DAF
S214017F284CD0FF2000273AE0FF2D00D16FE08022D9
S214017F38D204134301221B2807DC2021091A1A0040
S214017F488B40C240591E8B411A43B61A73016AD533
S214017F58B601B709380000F003FA053887408542AC
S214017F6800DD7EE020223B00401B0130121A3E0055
S214017F789340C6405A1E934100251E43730704D0FA
S214017F880F233340042B00D0043673013AD5681CFE
S214017F98FE2DC6D09B4BC0B233409B015F0AC0057D
S214017FA83843E4072043E0BCBA46B146A846F0BDCC
S214017FB88C4264D0D0B3002D00D0A3E0FF20F6B1E8
S214017FC8471E012800D1E1E00C00FF2800D1CDE0D2
S214017FD801211B2F07DC2020C01B31008640F940F9
S214017FE8701E8641314315005E1AAFE74BB1421E3B
S214017FF8012800D1A0E0FF2809D0100079E70C007D
S2140180081E000500F3089C46FF2D00D09BE0634642
S214018018002B00D185E780276346FF031F437F02B5
S214018028FF207F0ABBE77307AAD1EBE7FE206A1C8D
S21401803810421AD1002D77D1002E00D1AAE00020D7
S214018048002BACD08022F71AD204174200D1BBE02D
S21401805801249B1B0C4013429FD06A4A01301340EF
S2140180689BE7684E2D1A3E4088E7F71A7A0157D4DF
S214018078002F00D06EE70024002000278FE780B18C
S214018088002D73D1FF20002EBAD0411E012853D0EF
S214018098FF286BD01B296EDD15005E1C6EE7514666
S2140180A859BBFE216A1C114233D1002D50D1002E36
S2140180B800D186E00020002B00D170E7F318DF0816
S2140180C87F027F0A5B0100D469E7012067E7202168
S2140180D8091A1A008B40C240591E8B411343F618E1
S2140180E87301A0D50135FF2D00D11AE70123464AB1
S2140180F83340760816401E4340E7002D00D010E7AF
S214018108FF20C0E70C00C44681E7FE216A1C0A422C
S214018118CDD0FF2A00D104E7F618150076082DE71A
S21401812801249F1B0C4015E7E6BB002B45D1802791
S2140181380024FF20FF0332E7F61802257301D5D481
S214018148F3089C46012563465F027F0AE8B226E7E4
S21401815866B1002B00D15EE78023DB039C4500D285
S21401816859E7984500D356E7C44654E7C4464EE750
S2140181780125F61AEAE630002025C840691A8E401D
S214018188711E8E4106431500F618A9E70C00012555
S2140181989E1BDBE6002B00D16DE701244746002035
S2140181A80C40FCE6002B00D135E78023DB039C4519
S2140181B800D230E7984500D32DE70124C4460C4089
S2140181C829E747460020EAE617B1BF017F0AE6E637
S2140181D800240027E3E6002800D127E7571B3800CC
S2140181E8002D00D1EBE68020C0040C000643EFE624
S2140181F800288AD0511B0DB9080044E78020C00426
S214018208064347E7FFFFFFFBFFFFFF7D41024200F2
S214018218C30F490A0020120E7E2A03DD9D2A02DDBD
S214018228094A98187047802000040143952A07DCFC
S2140182389620821AD1404842002BF3D10800F1E774
S214018248963A9140F7E7C046FFFFFF7F70B598B1B1
S214018258C317C5185D40C40F280000F081F89E2397
S21401826801001B1A962B0FDC082831D008398D40DF
S2140182786D026D0AD8B202E0002400200025C00570
S2140182882843E407204370BD992B15DC421F95400F
S2140182982A00150010480540560709D00F26324017
S2140182A8042A05D004356A0102D59F2305405B1AC6
S2140182B8AD016D0AD8B2E2E70522121A2800D040AD
S2140182C80A001B3295402A00551EAA410243E0E7E0
S2140182D86D0296206D0AD2E7FFFFFFFB70B504001A
S2140182E870B100F03DF803009E20C01A96280CDCF9
S2140182F8082B2DD0083B9C406402640AC0B201E0FA
S21401830800200024C005204370BD992814DC5A1F9C
S2140183189440220010490A40650709D00F252C40D1
S214018328042C05D00432540102D59F200A40C01AF5
S2140183389201540AC0B2E5E71A0021001B329140A7
S2140183480A00511E8A410521C91ACC401443E0E7A8
S21401835864029620640AD5E7FFFFFFFB7047C04614
S2140183681C2101231B04984201D3000C10391B0A57
S214018378984201D3000A08391B09984201D300091B
S214018388043902A2105C40187047C0460403020272
S214018398010101010000000000000000002310B5E3
S2140183A8040003604360836081814366C281036180
S2140183B843618361190008225C3000F0C7F90B4B52
S2140183C8246263620A4BA3620A4BE3620A4B236385
S2140183D80A4B9C4205D00A4B9C4202D0094B9C4250
S2140183E803D12000583000F017FA10BDA18601000D
S2140183F8C9860100018701002D870100A86E0020AB
S214018408106F0020786F002010B5034A034904480E
S21401841800F06AF810BDC04648400020558B0100A0
S2140184285840002041680B4B10B50400994201D012
S21401843800F08CFBA168084B994202D0200000F09E
S21401844885FBE168054B994202D0200000F07EFBCF
S21401845810BDC046A86E0020106F0020786F00205F
S21401846810B5094B094A04211A6009480022FFF78A
S21401847895FF012209210748FFF790FF02221221E2
S2140184880548FFF78BFF10BDE06F0020118401003F
S214018498A86E0020106F0020786F002010B50248E3
S2140184A800F0BBF910BDC046E96F002010B50248C0
S2140184B800F0B4F910BDC046E96F002010B50400FD
S2140184C8FFF7ECFF236A13B1FFF7F0FF10BD044B6B
S2140184D82362044B1B68002BF6D1FFF7C1FFF3E7B5
S2140184E82D840100E06F0020F7B5140000260090E7
S2140184F80191A5686768013F04D52468002CF8D166
S2140185083000FEBDAB89012B08D90E22AB5E0133C4
S21401851804D029000098019B984706436835EAE786
S21401852810B5034B01001868826800F09FFB10BD68
S21401853854400020F0B51D00554B85B01E68040058
S2140185480F00009226B1336A13B93000FFF7B6FF61
S214018558009B022B05D0012B00D996E0002D00DAEE
S21401856893E0636EDB0705D4A3899B0502D4A06D4F
S21401857800F053F92100300000F0E8FA616B41B1D0
S21401858823004433994202D0300000F059F9002301
S21401859863630023A3616360A3891B0603D53000C8
S2140185A8216900F04DF9A3893A4A1340A381009B3B
S2140185B8022B60D003AB2100300002AA00F0EEFACD
S2140185C8A3890343A3812DBB029D280000F080F9EF
S2140185D801950700002848D1029B0193AB423ED182
S2140185E801256D420C22A35E02221A43A2810022B3
S2140185F8A26022004732226022610122616E626116
S214018608114204D19B0502D4A06D00F007F9280099
S21401861805B0F0BD002FD8D0336A13B93000FFF784
S2140186284DFF009B012B03D1A389009A1A43A2810F
S2140186380C22A35E08221900276027616561114094
S21401864813421CD0DA0718D500226D42A260A56134
S214018658626ED20701D49B0513D50025D7E701988A
S21401866800F036F907000028BAD08023A289019DB8
S2140186781343A381D0E70025B4E7A560E8E7A16026
S214018688E6E7A06D00F0CAF8E7E701256D42BEE708
S214018698544000205CF3FFFF70B50C000E25495FBF
S2140186A800F090F8002803DB636D1B18636570BD46
S2140186B8A389024A1340A381F9E7C046FFEFFFFFEB
S2140186C8F8B51F008B8905000C001600DB0505D5DB
S2140186D80E23C95E0022022300F062F8A389054A28
S2140186E828001340A38132000E23E15E3B0000F010
S2140186F87BF8F8BDFFEFFFFF70B50C000E25495F4C
S21401870800F04EF8A389421C03D1054A1340A38101
S21401871870BD41F200021343A3816065F8E7C046C5
S214018728FFEFFFFF10B50E23C95E00F029F810BD54
S21401873830B500240139A24201D1002005E0035DCD
S21401874801340D5DAB42F6D0581B30BD03008218CC
S214018758934200D1704719700133F9E730B5050027
S21401876810005AB10024013A2B5D085D834204D1FA
S214018778944202D00134002BF6D1181A30BD0000FD
S214018788002370B5054D040008002B6000F0E2FBDD
S214018798431C02D12B6803B1236070BDE46F00202F
S2140187A870B50400080011001A000023044D2B6060
S2140187B800F0BFFB431C02D12B6803B1236070BDD8
S2140187C8E46F002070B50400080011001A000023A9
S2140187D8044D2B60F8F700F9431C02D12B6803B14E
S2140187E8236070BDE46F002070B504000800110016
S2140187F81A000023044D2B60F8F7E0F8431C02D159
S2140188082B6803B1236070BDE46F0020014B186824
S2140188187047C04654400020704770477047002391
S21401882810B59A4200D110BDCC5CC4540133F8E7A8
S2140188380023C25C0133002AFBD1581E7047000092
S21401884870B505000C0079B1043C2368002B00DAEA
S214018858E418280000F0E8F81C4A13682BB963608E
S2140188681460280000F0E8F870BDA34208D9206813
S21401887821188B42F3D119685B6809182160EEE765
S2140188881A005B680BB1A342FAD911685018A042C6
S2140188980BD120680918501811608342E1D1186875
S2140188A85B68411811605360DBE7A04202D90C23CC
S2140188B82B60D6E7206821188B4203D119685B68BC
S2140188C80918216063605460CBE7C046F06F00204A
S2140188D810B5034B0100186800F026F810BDC04615
S2140188E85440002070B50F4E0D003168040011B9D0
S2140188F800F0A8FA30602900200000F0A3FA431C13
S21401890803D101256D42280070BD0323C51C9D4374
S214018918A842F8D0291A200000F094FA0130F2D1C2
S214018928EFE7C046EC6F0020F7B50322CB1C934354
S214018938083305001F000C2B34D20C27B94233D854
S214018948384E280000F070F833681C00002C2FD130
S21401895839002800FFF7C6FF0400431C5FD13468BE
S2140189680094009B002B4AD1002C52D02368280083
S214018978E3180099019300F065FA019B834248D1F8
S21401898823682800FF1A3900FFF7ACFF013040D0F2
S2140189982368DB19236033685A68002A33D1009BA1
S2140189A8336019E0002BC9DA0C232B600020FEBDCA
S2140189B82168C91B20D40B290AD9E2192760A342CA
S2140189C804D1326063681160536005E05A60F9E7C4
S2140189D86268A3420ED13260280000F02DF820000C
S2140189E807220B30231D9043C21A9842DFD01B1A68
S2140189F8A350DCE75A60EFE723006468A6E7009C0B
S214018A0863680093ADE71A005B68A342FBD10023B5
S214018A18DAE70C2328002B6000F00EF8C6E707609B
S214018A28DAE7C046F06F002010B50248FFF7F5FEFA
S214018A3810BDC046E86F002010B50248FFF7EEFEED
S214018A4810BDC046E86F0020F7B50C228B5E050006
S214018A580C001A0753D44A68002A02DC0A6C002A5A
S214018A684BDDE76A002F48D0002241F200002E684D
S214018A782A601A00216A0240034230D0626DA38937
S214018A885B0705D56368D21A636B0BB1236CD21AE0
S214018A9800232800E76A216AB847A289431C06D141
S214018AA829681D2944D8284BCB40DB0740D500232D
S214018AB8636023692360D20404D5431C01D12B6863
S214018AC803B96065616B2E60B9B1230044339942DE
S214018AD802D02800FFF7B4FE002363630DE00123EC
S214018AE82800B8470200431CC9D12B68002BC6D002
S214018AF81D2B01D0162B1AD12E6000201EE00E6900
S214018B08002EFAD00F680E60BA1B019200229B074E
S214018B1800D14A69A260019B002BEEDDA36A3200F0
S214018B281F002800019B216AB847002807DCA28994
S214018B384023012013431BB2A3814042FEBD019B83
S214018B4836181B1A0193E6E7010040200B6970B539
S214018B5805000C0013B90025280070BD18B1036A7A
S214018B680BB9FFF7ABFC0C22A35E002BF3D0626EA9
S214018B78D20704D49B0502D4A06DFFF74EFE280049
S214018B882100FFF761FF636E0500DB07E4D4A389C4
S214018B989B05E1D4A06DFFF741FEDDE770B50E0039
S214018BA81D000E23C95E140096B000290CDAB2899E
S214018BB88023110019401A4214D140F200430020C4
S214018BC82960236016B070BD6A4600F019F90028BE
S214018BD8EDDB4FF2000301991940044BC9184B42CB
S214018BE85941EAE700214023E9E7C04600E0FFFFD4
S214018BF8F0B502268B8905000C0085B0334207D0F4
S214018C0823004733236023610123636105B0F0BD68
S214018C1803AB02AAFFF7C2FF029F019039002800A2
S214018C28FFF782FE40B90C22A35E9A05EED4032212
S214018C3893431E43A681E3E78023A289206013435A
S214018C48A381039B206167615BB128000E23E15E67
S214018C5800F0E8F828B10323A2899A43023B13439C
S214018C68A381A389019A1343A381CFE770B50600B0
S214018C780D00140018B1036A0BB9FFF71FFC636EE9
S214018C88DB0705D4A3899B0502D4A06DFFF7C5FDB4
S214018C98A368013BA360002B05DAA269934212DBA5
S214018CA8EBB20A2B0FD023685A1C22601D70EDB256
S214018CB8636EDB0705D4A3899B0502D4A06DFFF775
S214018CC8ADFD280070BD29002200300000F002F832
S214018CD80500EDE7F8B506000D00140018B1036AA3
S214018CE80BB9FFF7EBFBA369A360A3891B0701D5A3
S214018CF8236943B92100300000F02AF818B101258C
S214018D086D422800F8BD23692068EFB2C01A63696E
S214018D18EDB2834205DC21003000FFF717FF00287B
S214018D28EDD1A3680130013BA36023685A1C226079
S214018D381F706369834204D0A389DB07E1D50A2D36
S214018D48DFD121003000FFF701FF0028D9D0D6E790
S214018D582A4B70B5050018680C0018B1036A0BB9E0
S214018D68FFF7ACFB0C22A35E1A0722D4DA0607D457
S214018D7809222A60402201201343A381404237E09A
S214018D885B0712D5616B41B123004433994202D087
S214018D982800FFF755FD002363632422A389934324
S214018DA8A38100236360236923600823A2891343F0
S214018DB8A38123695BB940F2802140F20022A3898E
S214018DC80B40934203D021002800FFF711FF0C2225
S214018DD8A35E01211A000A400B420AD00022A260B3
S214018DE862695242A261226900200AB91A06C1D4F0
S214018DF870BD990700D46269A260F4E75440002068
S214018E08002370B5064D0400080011002B6000F021
S214018E18E9F8431C02D12B6803B1236070BDC04634
S214018E28E46F0020002370B5054D040008002B6090
S214018E3800F0E5F8431C02D12B6803B1236070BD2E
S214018E48E46F0020002370B5054D040008002B6070
S214018E58FEF7BEFC431C02D12B6803B1236070BD2C
S214018E68E46F0020094B10B50400186818B1036AAE
S214018E780BB9FFF723FB0020132C06D8044BE4009C
S214018E88E358013301D0024BE01810BD54400020CE
S214018E98F46F0020F8B50400FFF7B8FC13260500A8
S214018EA80027301C391CABBE061C2E602000F8BDFE
S214018EB810B5431C01D1FFF7EDFF10BDF7B50C0047
S214018EC81600FFF7CFFF050038B9FFF79FFC092307
S214018ED80360012464422000FEBD022E03D9FFF779
S214018EE895FC1623F4E7012E12D14368E418F6D44C
S214018EF86F462B680A2600937C60301C391CABBE73
S214018F08061C3000FFF7D4FF0028E2DB6C60E2E7BE
S214018F180368022EECD16F4600930A36301C391CC2
S214018F28ABBE061C3000FFF7C3FF24180130DFD1A3
S214018F38CFE710B5FFF7C2FF10BD37B50224019081
S214018F4801AD201C291CABBE041C2000FFF7B0FF96
S214018F583EBD000070B50500FFF784FF040030B978
S214018F68FFF754FC092303600120404270BD013D10
S214018F78012D09D8094B9A681B699A4204D1012325
S214018F885B4203600020F1E72068FFF7D6FF002860
S214018F98ECD101235B422360E8E7C046F46F00206A
S214018FA870B50C00FFF75EFF050030B9FFF72EFC21
S214018FB8092303600120404270BD42F20003626843
S214018FC80C261343636040F20043A364301C291C3B
S214018FD8ABBE051C2800FFF76BFF431CEAD02061D7
S214018FE80020E9E770B50C00050058220021200092
S214018FF8FFF7ACFB28002100FFF7D2FF70BD70B564
S214019008FFF730FF0924050020B9FFF7FFFB0460CE
S214019018002070BD201C291CABBE041C2000012C9E
S214019028F7D0FFF7F3FB132504000026281C311C94
S214019038ABBE051C2560EBE70D0A004E4F20414EDE
S214019048535745520050726976617465204C6F52C9
S214019058612053657373696F6E204B6579005B44B5
S21401906842475D5B52585D00202D204672616D6552
S2140190784374726C2020203D20307800203A20006E
S2140190884672616D65547970653D3078002C200014
S21401909841636B3D0041523D005365633D00202D01
S2140190A8205372634164647220202020203D2000F2
S2140190B8202D204473744164647220202020203DB2
S2140190C82000202D205061796C6F616453697A65A0
S2140190D8203D2000204279746500202D20506179BA
S2140190E86C6F616420202020203D20005B444247AD
S2140190F85D5B526164696F4576745D00202D20546E
S21401910878446F6E652000202D20547854696D656B
S2140191186F75742000202D205278446F6E652000EC
S214019128202D2052784572726F722000202D205211
S2140191387854696D656F757420005B4442475D5BC2
S214019148526164696F54785D00202D204D6F646507
S2140191586D20202020202020203D200046534B0053
S2140191683F3F3F00202D204672657175656E637915
S214019178202020203D2000202D204461746152616A
S214019188746520202020203D2000202D2042616E7D
S214019198645769647468202020203D2000202D2013
S2140191A84D61784672616D6553697A65203D200088
S2140191B8202D207478506F7765722020202020207B
S2140191C83D20005B4442475D5B526164696F52789B
S2140191D85D00202D204D6178527857696E646F774F
S2140191E820203D20002A4D43555057523A556E656A
S2140191F87870656374656420626561636F6E206369
S2140192086173652028002A4D43555057523A556ECA
S21401921865787065637465642070696E67736C6FD2
S2140192287420636173652028002A4D4355505752B0
S2140192383A556E6578706563746564206D756C74EF
S2140192486963617374736C6F742063617365202836
S214019258002A4343413A002A54583A002A52583AB7
S214019268002A52465057523A5761726D536C6565DB
S21401927870002A52465057523A436F6C64536C65D5
S2140192886570002A52465057523A5374616E6462AA
S21401929879002A52465057523A57616B65757020C5
S2140192A866726F6D20436F6C64002A52465057529F
S2140192B83A57616B6575702066726F6D20576172DB
S2140192C86D002B5258004C6F52617C534600425732
S2140192D8004746534B7C002A43757254696D653ABC
S2140192E8002A42434E5F45767454696D653A002AF2
S2140192F842434E5F456E6C4F66663A002A42434EBD
S2140193085F5354696D4572723A002A42434E5F4C68
S21401931861737452783A002A42434E5F4C61737403
S21401932853797354696D3A002A42434E5F4E657805
S21401933874527841646A3A002A504E473A552C00CE
S2140193482A504E473A4D2C00204C6F5261205361EB
S2140193586D706C6520417070205665722E00554EF2
S2140193684B4F4E574E5F4556454E545F494E464FF6
S2140193785F53544154555300554E4B4E4F574E5F0D
S21401938853544154555300303A554E434F4E46496F
S214019398524D45445F4441544100313A434F4E468D
S2140193A849524D45445F4441544100313A4F544176
S2140193B84100303A434C4153535F4100313A434CE4
S2140193C84153535F4200323A434C4153535F430083
S2140193D8303A455538363800313A55533931350023
S2140193E8363A41533932332D47726F757031003230
S2140193F8323A41533932332D47726F757032003223
S214019408333A41533932332D47726F757033003210
S214019418343A41533932332D47726F7570340033FD
S214019428303A41533932332D4A6170616E00313A10
S2140194384144525F454E41424C454400303A41440E
S214019448525F44495341424C454400303A525353C3
S214019458495F44495341424C454400313A525353BB
S214019468495F454E41424C454400313A44435943CD
S2140194784C455F454E41424C454400303A444359B9
S214019488434C455F44495341424C454400303A4CAD
S2140194986F526157414E00313A5072697661746570
S2140194A84C6F5261003F3A286E6F6E65290053541F
S2140194B8415455535F4F4B00534552564943455FF8
S2140194C8554E4B4E4F574E004652455155454E4305
S2140194D8595F494E56414C49440044415441524112
S2140194E854455F494E56414C494400465245515FE2
S2140194F8414E445F44525F494E56414C4944004EE2
S2140195084F5F4E4554574F524B5F4A4F494E45445D
S214019518004C454E4754485F4552524F52005245FB
S21401952847494F4E5F4E4F545F535550504F525414
S214019538454400534B49505045445F4150505F44A1
S214019548415441004E4F5F4348414E4E454C5F469D
S2140195584F554E44004E4F5F465245455F4348417E
S2140195684E4E454C5F464F554E4400425553595F43
S214019578424541434F4E5F52455345525645445F17
S21401958854494D4500425553595F50494E475F531C
S2140195984C4F545F57494E444F575F54494D450009
S2140195A8425553595F55504C494E4B5F434F4C4CAF
S2140195B84953494F4E00434C4153535F425F45520E
S2140195C8524F520043525950544F5F4552524F52D0
S2140195D80046434E545F48414E444C45525F4552FF
S2140195E8524F52004D41435F434F4D4D41445F45F5
S2140195F852524F5200434F4E4649524D5F515545C0
S21401960855455F4552524F52004D435F47524F559D
S214019618505F554E444546494E4544004D41435FCB
S2140196284552524F5200524144494F5F4641494CB8
S21401963800524144494F5F504152414D45544552AD
S2140196485F494E56414C49440054585F54494D456C
S2140196584F5554005258315F54494D454F555400A3
S2140196684E4F5F524553504F4E5345005258315F47
S2140196784552524F52005258325F4552524F52008D
S2140196884A4F494E5F4641494C004A4F494E5F4E44
S2140196984F4E43455F4641494C00444F574E4C494F
S2140196A84E4B5F52455045415445440054585F441B
S2140196B8525F5041594C4F41445F53495A455F45A3
S2140196C852524F5200414444524553535F46414912
S2140196D84C004D49435F4641494C004D554C544951
S2140196E8434153545F4641494C00424541434F4E1E
S2140196F85F4C4F434B454400424541434F4E5F4CF8
S2140197084F535400424541434F4E5F4E4F545F46B8
S2140197184F554E44002B5245534554002B5645523F
S214019728002B53415645002B4C4F4144002B4445D2
S21401973856455549002B434C415353002B44455637
S21401974841444452002B4E45544944002B41505045
S214019758455549002B4150504B4559002B41435420
S2140197684D4F4445002B53454E44002B4D545950FC
S21401977845002B4A4F494E002B524547494F4E004C
S2140197882B53454E44484558002B414452002B5212
S214019798535349002B52583144454C4159002B44E8
S2140197A852002B4C494E4B43484B002B46504F52C8
S2140197B854002B444359434C45002B4445565449C1
S2140197C84D45002B43484445464D41534B002B44D9
S2140197D845564E4F4E4345002B4150504E4F4E4333
S2140197E845002B444F574E46434E54002B55504682
S2140197F8434E54002B42434F4E414351002B504E8B
S21401980847534C494E464F002B42434F4E54494D01
S214019818002B504E47534C504552494F44002B4756
S214019828454E4150504B4559002B4445425547003B
S2140198382B4C4F52414D4F44450041434B5F5245D7
S214019848434549564544004E4F5F41434B002B5212
S214019858435644004A4F494E5F4143434550544599
S21401986844004A4F494E5F4E4F4E43455F46414975
S2140198784C4544004A4F494E5F4641494C454400D1
S2140198884C574656332E3130004368616E6765641F
S21401989820726567696F6E2073657474696E672ECA
S2140198A82028627574206E6F742073617665642053
S2140198B8746F206E6F6E2D766F6C6174696C65209F
S2140198C86D656D6F72792E2900526567696F6E2016
S2140198D86973206E6F7420617661696C61626C656C
S2140198E82E00526164696F20647269766572206918
S2140198F86E697469616C697A6174696F6E206973DF
S214019908206661696C65642E00506172616D6574CC
S21401991865727320666F72204D616320496E6974A3
S21401992869616C697A6174696F6E20617265206914
S2140199386E76616C69642E002B42434F4E52435635
S21401994844002B42434F4E4E4F52435644002B423F
S214019958434F4E4C4F5354002050726976617465DC
S2140199684C6F52612053616D706C65204170702098
S2140199785665722E00303A455500313A5553003631
S2140199883A4153310032323A4153320032333A4186
S21401999853330032343A4153340033303A4A500094
S2140199A833313A4A505F4C4443003F3F3A28756E7C
S2140199B86B6E6F776E20726567696F6E2900303A35
S2140199C852584F4E5748454E49444C455F444953B3
S2140199D841424C454400313A52584F4E5748454E3D
S2140199E849444C455F454E41424C454400303A4B4C
S2140199F845595245515045524D49545F4449534182
S214019A08424C454400313A4B45595245515045520E
S214019A184D49545F454E41424C45440054585F4EAB
S214019A284F41434B0054585F43414E43454C4544D0
S214019A380054585F4348414E4E454C4255535900D1
S214019A4854585F445554594359434C455F524553FE
S214019A58545249435445440054585F524144494F6F
S214019A685F4552524F52004B45595245515F464148
S214019A78494C454400494E414354495645005245D0
S214019A8851555345545F494E56414C4944004E4F33
S214019A985F52454D4F54455F4445564943455F45DA
S214019AA84E5452590049425F415454524942555402
S214019AB8455F494E56414C494400434F4D4D414E32
S214019AC8445F4552524F5200494E53554646494304
S214019AD849454E545F4D454D4F5259004348414EF6
S214019AE84E454C5F494E56414C4944005241444903
S214019AF84F5F4348414E4E454C5F425553590052BD
S214019B084144494F5F445554594359434C455F5264
S214019B1845535452494354454400554E4B4E4F57AE
S214019B284E5F444556494345002B43484944002B5C
S214019B385458504F574552002B52584F4E002B52EF
S214019B484D54444556002B4B4559524551002B4B15
S214019B584559524553002B54584F5054002B4445F1
S214019B6856494E464F002B54584359434C45005BC3
S214019B784442475D5B54784379636C655D00202DEC
S214019B88205374617475732020203D2000202D20F9
S214019B98506572696F642020203D2000202D2044E6
S214019BA873744164647220203D2000202D20446196
S214019BB8746153697A65203D2000202D2044617424
S214019BC86120202020203D20005B4442475D5B4DFC
S214019BD861634E6F746972795D5B526D7444657624
S214019BE85D00202D20446576416464726573732098
S214019BF83D2000202D2050534B20202020202020BF
S214019C08203D2000202D2053657373696F6E4B65C8
S214019C1879203D2000202D2066436F756E74547898
S214019C282020203D20307800202D2066436F756E59
S214019C387452782020203D203078003C757064618D
S214019C487465643E004B45595245515F535543432D
S214019C58455353002B4B4559494E44002B54584302
S214019C6859434C45494E4400504C4656342E3430E0
S214019C780000000000000000BD9401000400000080
S214019C887896010007000000439A010008000000CA
S214019C984390010056000000510900000000000032
S214019CA8000000004154002B0907050300010200CB
S214019CB8080604050000000201000304841E0000D3
S214019CC8093D0000127A000024F4000048E801006B
S214019CD890D0030020A1070000000000B128000072
S214019CE861510000C3A20000581B0000983A00000A
S214019CF81879000030F2000048E8010090D003000F
S214019D0820A107000000000010270000204E0000D8
S214019D1828A000000400000048E801000500000033
S214019D2890D003000600000038200700030000005A
S214019D3830F200000A00000028A00000020000001F
S214019D481879000009000000204E000001000000FC
S214019D58983A0000080000001027000000000000E4
S214019D68581B0000040506030A0209010800000042
S214019D78000000001F000000C01200001F000000C5
S214019D88A816000017000000841C00000F00000041
S214019D98E42500001E000000B42D00001600000097
S214019DA8083900000E0000002C4C00001D000000C1
S214019DB8685B000015000000747200000D000000CA
S214019DC8589800001C00000034B70000140000007A
S214019DD8E8E400000C000000783101001B000000D8
S214019DE8686E01001300000034CA01000B00000071
S214019DF8286202001A00000040DB02001200000080
S214019E083C9303000A000000C0C2040019000000C9
S214019E1860B30500110000003820070009000000A3
S214019E2820A107000000000045260000C914000014
S214019E38291C0000E11400002D2100001521000056
S214019E48491C0000E51E00000D15000065250000F0
S214019E58E11800002515000039150000B5190000A5
S214019E68751500008D150000D515000005150000B4
S214019E78FD1400006515000055150000A91800001E
S214019E88D11B0000DD150000191600006919000035
S214019E984D150000E5170000F9170000BD22000067
S214019EA8351A0000251B0000411800007118000033
S214019EB885140000ED390000C194C10000000000BF
S214019EC8F8EFF7E000000000E44971331CE68D3333
S214019ED8010000000B000000100E0000000000004A
S214019EE80000000000000000000000000A0000005A
S214019EF800000000083E7233F8F18C3301000000C0
S214019F080B000000100E000000000000000000001A
S214019F1800000000000000000A0001000000000028
S214019F2864CE8F33DCACBB33010000000B000000AD
S214019F38A08C0000000000000000000000000000E7
S214019F4800000000640000000000000088C2903392
S214019F58B8B8BA33010000000B000000A08C00005E
S214019F6800000000000000000000000000000000E3
S214019F7864000100000000002495BD339CD4C4335E
S214019F88010000000B000000A08C0000000000008B
S214019F98000000000000000000000000640000004F
S214019FA8000000004889BE3378E0C3330100000092
S214019FB80B000000A08C000000000000000000005C
S214019FC8000000000000000064000100000000001E
S214019FD88443C8335CFCCD33010000000B0000004D
S214019FE8100E000000000000000000000000000045
S214019FF8000000000A00000000000000A837C9336E
S21401A0083808CD33010000000B000000100E0000D8
S21401A0180000000000000000000000000000000032
S21401A0280A00010000000000E4F1D2332CDAD43330
S21401A0380100000018000000407E05000000000036
S21401A048000000000000000000000000E803000017
S21401A0580000000008E6D33308E6D3330100000009
S21401A06818000000407E0500000000000000000007
S21401A0780000000000000000E803010000000000E6
S21401A088C485D7335C31DA33010000000B000000C9
S21401A098A08C000000000000000000000000000086
S21401A0A8000000006400000000000000E879D833D2
S21401A0B8383DD933010000000B000000A08C0000D9
S21401A0C80000000000000000000000000000000082
S21401A0D86400010002000000E4BE8A36DC334F3714
S21401A0E8010000000D00000080EE360000000000B0
S21401A0F800000000000000000000000064000000EE
S21401A1080200000008B38B36B83F4E370100000046
S21401A1180D00000080EE3600000000000000000080
S21401A12800000000000000006400010003000000B9
S21401A138240AD7369CE80237010000000D0000000B
S21401A14880EE36000000000000000000000000005D
S21401A15800000000640000000300000048FED73637
S21401A16878F40137010000000D00000080EE36008B
S21401A17800000000000000000000000000000000D1
S21401A1886400010004000000E4BE8A361C64E4365C
S21401A198010000000D00000080EE360000000000FF
S21401A1A8000000000000000000000000640000003D
S21401A1B80400000008B38B36F86FE3360100000090
S21401A1C80D00000080EE36000000000000000000D0
S21401A1D80000000000000000640001000500000007
S21401A1E86443A936DC21D536010000000D000000C5
S21401A1F880EE3600000000000000000000000000AD
S21401A208000000006400000005000000805CAB361A
S21401A218C008D336010000000D00000080EE3600AD
S21401A2280000000000000000000000000000000020
S21401A2386400010006000000A461C435DC334F3712
S21401A248010000001E00000080EE3600000000003D
S21401A25800000000000000000000000010270200B7
S21401A26806000000103EC73570574C370100000045
S21401A2781E00000080EE360000000000000000000E
S21401A288000000000000000010270300090000007D
S21401A298C03DDF3640F70937400D03000D000000CA
S21401A2A8A00F00003200000088130000B0FF000075
S21401A2B83C930300102700000900000080040D37B6
S21401A2C800285037400D03000D000000C8000000AC
S21401A2D802000000E8030000B0FF00003C93030002
S21401A2E8E80300000900000060C4E036E013F33616
S21401A2F8801A06000D000000A00F000032000000C2
S21401A30888130000B0FF000038200700102701005E
S21401A31809000000E048FF3660A14E37801A0600A3
S21401A3280D000000C800000002000000E80300005D
S21401A338B0FF000038200700E8030100090000000C
S21401A348A0D1E336A0700837801A06000D00000079
S21401A358A00F00003200000088130000B0FF0000C4
S21401A368382007001027010009000000208B0E374F
S21401A37820944B37801A06000D000000C800000024
S21401A38802000000E8030000B0FF000038200700C4
S21401A398E80301000A000000C03DDF3640F7093730
S21401A3A8400D03000D000000A00F00003200000061
S21401A3B8000000000000000000000000640000002B
S21401A3C80700000084A401000100000078A4010031
S21401A3D80600000030A4010006000000E8A3010002
S21401A3E8010000000700000020A10700010000008E
S21401A3F80800000020A10700010000000900000075
S21401A40820A10700010000000A00000020A10700A3
S21401A418010000000B00000020A107000100000059
S21401A4280C00000020A10700010000000700000042
S21401A43848E80100010000000800000048E80100A3
S21401A448010000000900000048E8010001000000C2
S21401A4580A00000048E80100010000000B000000A7
S21401A46848E80100010000000C00000048E801006F
S21401A478010000000700000090D003000100000062
S21401A4880700000048E8010001000000080000007D
S21401A49848E80100010000000900000048E8010042
S21401A4A8010000000A00000048E801000100000061
S21401A4B80B00000048E80100010000000C00000045
S21401A4C848E801000000000050C30000A861000031
S21401A4D80514400000000000000000000000000015
S21401A4E8000080412300000000000000000000007A
S21401A4F80000000000000000010000000108000044
S21401A50820A107002029D135C02709002A0000000C
S21401A518010C000048E8010060DC7133400D0300BF
S21401A5281C000000010B000048E8010060DC7133E4
S21401A538400D03001C000000010A000048E8010065
S21401A54860DC7133400D03001C00000001090000A7
S21401A55848E8010060DC7133400D03001C00000070
S21401A5680108000048E8010060DC7133400D030073
S21401A5781C0000000107000048E8010060DC713398
S21401A588400D03001C0000000107000090D00300E6
S21401A59800637333801A06000C00000002320000C4
S21401A5A850C3000060DC7133400D03001C0000003E
S21401A5B8010C000048E80100C03DDF36400D0300ED
S21401A5C80F000000010B000048E80100C03DDF361F
S21401A5D8400D03000F000000010A000048E80100D2
S21401A5E8C03DDF36400D03000F00000001090000E2
S21401A5F848E80100C03DDF36400D03000F000000AB
S21401A6080108000048E80100C03DDF36400D0300A0
S21401A6180F0000000107000048E80100C03DDF36D2
S21401A628400D03000F0000000232000050C3000076
S21401A638C03DDF36400D03000F000000010C00008E
S21401A64848E80100C03DDF36400D03000F0000005A
S21401A658010B000048E80100C03DDF36400D03004D
S21401A6680F000000010A000048E80100C03DDF367F
S21401A678400D03000F0000000109000048E8010032
S21401A688C03DDF36400D03000F0000000108000042
S21401A69848E80100C03DDF36400D030026000000F3
S21401A6A80107000048E80100C03DDF36400D030001
S21401A6B8260000000107000090D0030060C4E036C1
S21401A6C8801A0600040000000107000090D003006D
S21401A6D8E048FF36801A06000E0000000107000059
S21401A6E890D00300A0D1E336801A060012000000BD
S21401A6F80232000050C30000C03DDF36400D0300A3
S21401A70826000000010C000048E80100E0D5A93643
S21401A718400D03000F000000010B000048E801008F
S21401A728E0D5A936400D03000F000000010A00001D
S21401A73848E80100E0D5A936400D03000F000000E7
S21401A7480109000048E80100E0D5A936400D0300DC
S21401A7580F0000000108000048E80100E0D5A9360E
S21401A768400D03000F0000000107000048E8010043
S21401A778E0D5A936400D03000F00000001070000D0
S21401A78890D0030020E3AC36801A060007000000CC
S21401A7980232000050C30000E0D5A936400D030080
S21401A7A80F000000010C000048E8010000D88C36B4
S21401A7B8400D03001D000000010B000048E80100E1
S21401A7C800D88C36400D03001D000000010A000069
S21401A7D848E8010000D88C36400D03001D00000033
S21401A7E80109000048E8010000D88C36400D030036
S21401A7F81D0000000108000048E8010000D88C365A
S21401A808400D03001D0000000107000048E8010094
S21401A81800D88C36400D03001D000000010700001B
S21401A82890D00300A05E8E36801A06000E00000047
S21401A8380232000050C3000000D88C36400D0300D9
S21401A8481D000000010C000048E801004023D9362D
S21401A858400D03000E000000010B000048E801004F
S21401A8684023D936400D03000E000000010A0000FF
S21401A87848E801004023D936400D03000E000000C9
S21401A8880109000048E801004023D936400D0300BD
S21401A8980E0000000108000048E801004023D936F0
S21401A8A8400D03000E0000000107000048E8010003
S21401A8B84023D936400D03000E00000001070000B2
S21401A8C890D0030020B7DD36801A06000600000087
S21401A8D80232000050C300004023D936400D030061
S21401A8E80E000000010C000048E8010000D88C3674
S21401A8F8400D030040000000010B000048E801007D
S21401A90800D88C36400D030040000000010A000004
S21401A91848E8010000D88C36400D030040000000CE
S21401A9280109000048E8010000D88C36400D0300F4
S21401A938400000000108000048E8010000D88C36F5
S21401A948400D0300400000000107000048E8010030
S21401A95800D88C36400D03004000000001070000B7
S21401A96890D00300A05E8E36801A060020000000F4
S21401A9780232000050C3000000D88C36400D030098
S21401A9884000000000008041000080410000804136
S21401A99800008041000080410705070707070507F3
S21401A9A807070000C0CA893600285037C03DDF3681
S21401A9B840F70937C0CA893600285037C0CA8936D1
S21401A9C800285037C0CA89360028503700000000D2
S21401A9D80000000040771B0040B56400E0065A00FE
S21401A9E80202020202020202020202020202020338
S21401A9F80202020202020304030202020202040520
S21401AA0804030202020205060504030202020607FF
S21401AA1806050403020207070706050403020707DB
S21401AA28000000000000010201000000000002030F
S21401AA3802010000000003040302010000000405EF
S21401AA4804030201000005060504030201000607C7
S21401AA58060504030201070707060504030207079C
S21401AA6800000B357DF2F2F233337373F2F2F2F231
S21401AA7848E8010048E8010048E8010048E8010004
S21401AA8848E8010048E8010090D0030000000000F3
S21401AA980C0B0A090807073200EA0637000000000F
S21401AAA85000000040F70937000000005000000081
S21401AAB833333373F2F2F2F248E8010048E8010052
S21401AAC848E8010048E8010048E8010048E80100B4
S21401AAD890D00300000000000C0B0A090807073293
S21401AAE8A027BE330000000050010000E034C13347
S21401AAF800000000500100002042C433000000009E
S21401AB08500100000B357DF2F20000003581F2F2AB
S21401AB18F2F200000A0908080B0A09080C0B0A09D0
S21401AB280D0C0B0A0D0D0C0B48E8010048E8010056
S21401AB3848E8010048E8010020A1070000000000DD
S21401AB48000000000000000020A1070020A1070067
S21401AB5820A1070020A1070020A1070020A10700C7
S21401AB6800000000000000000A09080708000000AD
S21401AB780C0B0A0908070000080A0C0D0E1012141F
S21401AB8815181A1B1D1E2124000101017D00FA005B
S21401AB98F4010000030000003A69002006040000E2
S21401ABA80100000000000000C0690020190600002E
S21401ABB80600000000000000DC6900200C08000008
S21401ABC8000000F800000080146A0020300A000027
S21401ABD8B6940100439A0100C09401003F96010013
S21401ABE8D0940100E2940100F39401000795010056
S21401ABF819950100269501003B9501000D9B010062
S21401AC084C9501005D950100739501008D95010035
S21401AC18A8950100BE950100CC950100D9950100C3
S21401AC28EC950100FD95010011960100249601009E
S21401AC382E9601003996010080930100B694010012
S21401AC4878960100519601005C960100689601000D
S21401AC58749601007E96010088960100929601007E
S21401AC68A2960100B4960100CD960100DA9601007D
S21401AC78E3960100F2960100009701000C97010087
S21401AC8866930100251B010000000000000000007B
S21401AC98060000001D97010000000000E9190100E8
S21401ACA800000000040000002497010000000000D6
S21401ACB800000000211A0100050000002997010084
S21401ACC8FD1F010000000000FD1F01000500000037
S21401ACD82F9701003B1D0100C1250100000000005F
S21401ACE80700000035970100D52001006526010000
S21401ACF800000000060000003D970100000000006B
S21401AD08E12501000000000008000000449701004A
S21401AD1800000000012601000000000006000000F7
S21401AD284D970100711D0100272601000000000053
S21401AD380700000054970100A71D0100E51901004E
S21401AD4800000000070000005C9701002B1A0100B4
S21401AD584926010000000000080000006497010071
S21401AD686D20010000000000000000000500000042
S21401AD786D9701008D1B0100992501000000000058
S21401AD88060000007397010049200100000000003A
S21401AD9849200100050000007A970100AF1E010056
S21401ADA899260100000000000700000080970100B6
S21401ADB81521010000000000000000000800000046
S21401ADC88897010081210100F92601000000000092
S21401ADD80400000091970100611A0100192701007B
S21401ADE8000000000500000096970100C52101003B
S21401ADF8A528010000000000090000009C9701003A
S21401AE0811220100B728010000000000030000001D
S21401AE18A69701000000000000000000552201006E
S21401AE2808000000AA970100231F0100C928010095
S21401AE380000000006000000B397010091220100FF
S21401AE48412701000000000007000000BA97010032
S21401AE580000000000000000D922010008000000E0
S21401AE68C2970100F7230100A11A010000000000A3
S21401AE780A000000CB970100792401008927010008
S21401AE880000000009000000D6970100C324010055
S21401AE98A92701000000000009000000E097010052
S21401AEA819250100CF270100000000000900000055
S21401AEB8EA97010059250100EF270100000000006C
S21401AEC807000000F49701000000000000000000E1
S21401AED81123010008000000FC9701000000000093
S21401AEE8000000002D2301000A000000059801005B
S21401AEF800000000000000006D23010008000000AB
S21401AF0810980100A9230100DB28010000000000B9
S21401AF180C00000019980100DF1D01001F1B01002D
S21401AF28000000000A00000026980100171E010014
S21401AF3869270100000000000600000031980100A2
S21401AF481128010051280100000000000900000036
S21401AF58389801004C574656332E3130050001000B
S21401AF6800000000000000000000000000000000D3
S21401AF7800000000000000000000000000000000C3
S21401AF8800000000000000000000000000000001B2
S21401AF980001010000010700000000000000000099
S21401AFA8000000000000000000009004B6940100B4
S21401AFB87896010051960100249A01002D9A010005
S21401AFC8399A0100489A0100609A01006F9A0100B7
S21401AFD866930100B694010024960100439A010085
S21401AFE87D9A01003F960100869A0100969A010013
S21401AFF82D950100C0940100AD9A01001995010034
S21401B008C29A0100D09A0100E2940100E49A010074
S21401B018639A0100F49A0100079B01003996010022
S21401B028229B0100CC950100809301007538010030
S21401B0380000000000000000060000001D97010047
S21401B04800000000DD3801000000000004000000D8
S21401B05824970100000000000000000015390100D7
S21401B0680500000029970100DD39010000000000F5
S21401B078DD390100050000002F9701004D3A010057
S21401B088D13A010000000000070000008097010087
S21401B098513B0100213901000000000007000000B3
S21401B0A835970100913B0100CF3B010000000000ED
S21401B0B805000000319B0100F53B0100333C01000F
S21401B0C80000000003000000A6970100593C01009B
S21401B0D8D73C01000000000008000000379B010073
S21401B0E8FF3C0100453D010000000000050000008E
S21401B0F8409B0100793D01000000000000000000AF
S21401B10807000000469B0100F93D01000000000011
S21401B11800000000070000004E9B0100493E0100A8
S21401B128913E01000000000007000000569B010048
S21401B138C53E0100013F01000000000006000000B6
S21401B1485E9B0100353F0100000000000000000082
S21401B158050000006D970100B53F010000000000E2
S21401B1680000000008000000889701003D4001002B
S21401B178000000000000000008000000659B0100B8
S21401B1888D400100000000000000000008000000DB
S21401B1986E9B0100F14001003941010000000000EA
S21401B1A80500000096970100613901004139010048
S21401B1B80000000006000000319801001128010077
S21401B1C8512801000000000009000000389801001D
S21401B1D802010123456789ABCDEF0002000000009C
S21401B1E80000000000009004504C4656342E3430BF
S21401B1F8486A002088B3010058B5010005020D0110
S21401B208030000006B0901000000000018B20100ED
S21401B2180000000000000000000000000000000020
S21401B22809020000000400050006000700000000EF
S21401B238000000001D1801000000000048B20100CF
S21401B24800010000424000200F00FFFF0000000040
S21401B258FFFF0000000000000200000000000000E0
S21401B268220000300000000000000000000000007E
S21401B27800000000000000000000000000000100BF
S21401B288030000000080000000020300DD13010037
S21401B29800000000A0B201006000000100000001EB
S21401B2A80000000000F00000030000000078000025
S21401B2B8010200006D16010000000000C8B201007E
S21401B2C86000000100000001000801020B010101F5
S21401B2D8010000000100000000000000000000005E
S21401B2E8E50C010000000000F4B2010000000000B7
S21401B2F800001040020000000008000000000000E6
S21401B30810000000146B00205D060000000000001D
S21401B3181CB3010020B30100D46B00202CB301003C
S21401B328BCB50100010000009958010000000000AA
S21401B338386B0020030A00000008104002000000D5
S21401B348000800000000000010000000146C002037
S21401B358390700000000000064B3010068B301006B
S21401B368D46C002074B30100BCB5010001000000D4
S21401B3789958010000000000386C0020030A0000FC
S21401B3883600000094B3010000000000050000002C
S21401B398000000000000000001000000000000009E
S21401B3A80200000000000000030000000400000086
S21401B3B804000000040000000A0000000400000069
S21401B3C80B000000040000000C0000000400000050
S21401B3D80D000000040000000E000000040000003C
S21401B3E80F00000000000104000100000000010435
S21401B3F80101000000000104020100000400000031
S21401B4080301000000000000040100000400000021
S21401B4180501000004000000060100000400000009
S21401B42807010000000001000801000000000105F6
S21401B43809010000000001050A01000004000000DF
S21401B4480B010000040000000C01000005000000CC
S21401B4580D010000000000000002000000000000CE
S21401B4680102000005000000040200000040000080
S21401B47805020000040000000602000004000000A7
S21401B4880702000004000000080200000400000093
S21401B4980C020000040000000D020000000001007C
S21401B4A80003000000000000010300000040000047
S21401B4B8020300000400000003030000040000006B
S21401B4C80403000005000000000400000500000059
S21401B4D8010400000400000002040000050000004A
S21401B4E80304000004000000070400000400000034
S21401B4F8080400000400000009040000040000001D
S21401B5080A040000040000000B0400000400000008
S21401B518000500000400000001050000040000000A
S21401B52802050000040000000D09000004000000E8
S21401B5380E090000040000000F09000005100F1195
S21401B5481E1C1E1A1201020F001300000003000041
S21401B558096A0100896801001D6A0100296A01005B
S21401B5683D6901008169010091680100DD680100FB
S21401B578056901002569010065690100AD680100DA
S21401B588C16801000100000094B5010000001040E8
S21401B598FF0F104000040000010000000100000039
S21401B5A8ACB5010000000000FFFF01000008000024
S21401B5B804000000F56D0100596F0100B96F010024
S21401B5C8C16E0100316B0100556C0100056B01006D
S21401B5D8216B0100256B0100296B0100B56E010086
S21401B5E8316E01002D6B0100736C01004D6B01007B
S21401B5F8516B01006F6C0100556B0100596B01001E
S21401B60836E0014038E0014090E4014032E0014074
S21401B61880E401400100020008001000200000003C
S21401B6284275696C7420776974682052656E657313
S21401B638617320416476616E63656420466C657843
S21401B64869626C6520536F66747761726520506114
S21401B658636B6167652076657273696F6E20362E37
S21401B668322E3000362E322E300000000000020640
S20801B678F8B5C04615
S20801B67CF8B5C04611
S20801B6806905000052
S20801B684390500007E
S20C01B68820C3FF7F0100000052
S8040000C536
