S0140000526164696F4576616C4170702E7372656378
S1130000804C0020F5780000B11100004F12000070
S11300104F1200004F1200004F1200004F12000058
S11300200000000000000000000000004F1200006B
S11300304F120000000000004F1200001B080000D7
S113004000000000000000000000000000000000AC
S113005000000000D90E00000000000000000000B5
S11300600000000000000000000000004D610000DE
S1130070BD3E000000000000000000000000000081
S11300800000000000000000010D0000000000005E
S1130090B90D000000000000000000009D330000C6
S11300A0000000000000000000000000690D0000D6
S11300B000000000890C00000000000000000000A7
S10B00C00000000031600000A3
S11300C810B5064C10220021200008F0F1FA044B68
S11300D81B7813B91333E372237310BD6C590020D2
S11300E89059002030B585B00400092240F29F20C1
S11300F801A904F0D3FA6B461D79002301A8AB4289
S113010814D1032B10D869465A1C0A716A465B003D
S1130118210A0532D1546A460632D45440F29F204B
S1130128092201A904F0BEF905B030BD01004278E6
S113013889781202521802309442F5D00133DBB2A6
S1130148DDE7F7B500255C4B5C4C18605C4B0A2076
S11301585D701D7003F082F90023E05E290008F049
S1130168D5F8142003F07AF90023E05E012108F0A1
S1130178CDF80A2003F072F9524C534B0122A360C4
S113018840F20533A380514B02210520E560DA7063
S1130198220001F015F804204D4B2360205605F089
S11301A875FF04F093F8280004F0B4FF494B1B785A
S11301B8012B01D104F05AF9474B01210020185EA4
S11301C8012508F0A3F86B460024D91C2A009D20B9
S11301D80D7004F0A1F8414B20001D70404B414FB5
S11301E81C70414B414E1C70414B1C6004F092FF43
S11301F86B462A00991C96200D7004F08DF86B4606
S113020802229C808F2001A904F086F82000042192
S113021804F066FA4FF6FF71080007F07BFD40F61C
S1130228AC00FFF75FFF40F68900FFF75BFFFFF7BD
S113023847FF380004F0AEFC300004F0ABFC2D4B53
S11302480222FB602C4B01A9F3602C4B17201C7075
S11302586B469C803C607C603C723C61346074609A
S11302683472346104F0ECF96B465A790334511052
S113027813002940A9402B400B43911029408900C1
S11302880B43D1102940C9000B431111294009011E
S11302980B4351112940921149012A4092010B4301
S11302A813436A4612792A401202134303B91C0005
S11302B801F09AF82000FEBDD45A0020A459002069
S11302C8D15A0020945900207908000000600040A9
S11302D855434900905900207C5900201B400020B8
S11302E8A55A0020BC5A0020A45A0020A85A00206D
S11302F8A05A00207D51000099510000D05A0020D6
S1070400FFFFFFFFF8
S1070404F7AFC1FF8A
S113044000100100FFFFFFFF00000000F89F000004
S113045000000000000000000101FF01C85100205D
S11304600000000003000000345E00203040002043
S113047000000000345E00209C5E0020045F002029
S11304800000000000000000000000000000000068
S11304900000000000000000000000000000000058
S11304A00000000000000000000000000000000048
S10F04B00000000000000000000000003C
S11304C044F27C0044F27C03C2F20000C2F2000356
S11304D010B5834205D040F20003C0F2000303B11B
S11304E0984710BD44F27C0044F27C03C2F2000041
S11304F0C2F200031B1A9A10D90F8918491010B5BB
S113050029B140F20003C0F2000303B1984710BDC3
S113051010B544F69844C2F20004237873B9FFF787
S1130520CFFF40F20003C0F200032BB140F20840B9
S1130530C0F2000000E000BF0123237010BDC046DC
S113054040F20003C0F2000310B54BB144F69C41E5
S113055040F20840C2F20001C0F2000000E000BF17
S1130560FFF7C0FF10BDC0460122014B1A7070474F
S1130570305E0020064B82B21B68012A03D8002299
S1130580D8701A80704740F200421A80FAE7C046D9
S11305901C4000200020044B1B6803B97047013045
S11305A01B6800B2F9E7C0468C4F002010B570B14B
S11305B0094A0A23D45E002311689C4207DD814264
S11305C006D111890131118100215268D15410BD25
S11305D001331BB20C31F0E7045B0020002210B59C
S11305E00260013A0A80074A0300106840B10468B7
S11305F0146042681A600822835E0B80FFF7D6FFFE
S113060010BDC0468C4F002010B5044B186820B1B3
S113061002681A60FFF7CAFFF7E710BD8C4F00208D
S113062002001F205AB1012308490868824207D9F1
S11306308868824204D8054ADB009B181879704701
S113064001330831172BF0D11F20F8E7C0AB0000AD
S1130650F0B5144B04005A7B012072B1124ADD7BC1
S113066011004832463109781278104B0639D2000D
S1130670C9B2D218934201D10020F0BD012905D896
S113068025B918682A300078022808D0187930B1C2
S11306901E687768BC4202D3B668B442EDD9083309
S11306A0E8E7C0466C59002010590020B0580020DB
S11306B0154B00B5185C0A2823D808F07DFC1E16DB
S11306C01612060D22221A161200002001230B39DD
S11306D08B424041C0B203E00C394B425941C8B28D
S11306E000BD002002230A39F2E700200323093960
S11306F0EEE7002004230839EAE700200523073940
S1130700E6E70020ECE7C04664AB0000014B188824
S11307107047C046AC5800204A425141094A4942F8
S1130720114042F2107289180300C8430A2B07D8FB
S1130730054AD35C054A9B009B58C81803B9C843B3
S11307407047C046F0D8FFFF64AB0000E0AA000089
S113075003000D48D200125830B5546802209C4260
S113076011D895689D420ED3D2681B1BB3FBF2F4DB
S113077054431D1BA34206D12800012A03D08A42F8
S113078092415242500030BDB05800200300002076
S113079082B00190D1B142F20F7291420CD840F272
S11307A0E73291420AD9013242F210700192019A61
S11307B0401AB0FBF2F0584302B070476422632938
S11307C0F2D80A220929EFD80122EDE70121FBE73B
S11307D003795A1E9341024ADBB213707047C04634
S11307E088570020EFF31080012383F31088064B11
S11307F0196819B9054A1170403111701A6801322B
S11308001A6080F3108870478457002040030A4020
S1130810EFF31083036072B670477047054B0128ED
S113082000D118601A68D20702D51A6810431860FC
S11308307047C04680570020044B10B51B68DB0787
S113084002D50220FFF7EAFF10BDC0468057002002
S113085010B572B6BFF34F8FBFF36F8FFFF7ECFF86
S11308600122044B1A7062B6BFF34F8FBFF36F8F30
S113087010BDC046D05A002010B5FFF7E9FF10BDE7
S11308800379012B01D1014A1370704704570020EA
S1130890002382B00193054BDB88C01A1E2380B26B
S11308A043430193019880B202B07047FE260A4088
S11308B010B5042401210748074B82791975A24316
S11308C0827100220020197000211A619860D96099
S11308D09A8310BD00380A40D85A00201B4B0022CE
S11308E019000831CA67190088310A6019008C316F
S11308F00A60190090310A60190094310A601900E5
S113090098310A6019009C310A601900A0310A600C
S11309101900A4310A601900A8310A601900AC3129
S11309200A601900B0310A6019000948B43108603E
S11309301900B8310A601900BC310A601900054871
S1130940C031C43308601A607047C046085500209F
S1130950000080FF7F0080FF30B521498BB00B0081
S11309604C7D01281DD046331B78002009930B00D1
S11309700A0008900790069045331B78443205938B
S1130980049412780B1D0392DB8F02938B1CDB8F74
S11309900090019303004A6B896B04F013FC0BB0C5
S11309A030BD0A00303212782C331B7809920A00C9
S11309B02F3212780D00089200222E3507920692EB
S11309C02D7804940C0005952D34247803944C8DD3
S11309D002940C8D009201940A6A496ADDE7C046CC
S11309E008550020142110B51B4C8AB0A369615628
S11309F00893012817D00020230007900690059043
S1130A0045331B780493230044331B780393A31CBE
S1130A10DB8F01900293636B00930300E26B04F09D
S1130A2021FD0AB010BD23002F331B780022079349
S1130A302300069205922E331B78049323002D3352
S1130A401B780393238D029323002C331B7801938B
S1130A50236A0093636AE2E7085500204A6810B5E8
S1130A600B68C260CA6804008261002202749A683A
S1130A7041608360126803CB904708B9014B23603F
S1130A8010BDC04632443E430022010010B58368C5
S1130A90027598681431C4681868A04710BD10B571
S1130AA083689A68186894680422A04710BD0000FF
S1130AB0087830B53F2826D84B7843F6FF741B02DC
S1130AC0034342F210705BBA9BB24343642093FB2E
S1130AD0F4F393FBF0F5158045435B1B53808B784F
S1130AE0C9781B02194344F2740389084B4393FBEE
S1130AF0F4F306495B1893FBF0F148431B1A0020FA
S1130B009180D38030BDC0208002FBE760F0FFFFFE
S1130B1007B50268D3680093037A591E8B4169466E
S1130B20DBB20B71517C19B101219174D37407BDEF
S1130B309369002BFBD068469847F8E74A6803009E
S1130B4042608A68016082600A69C261CA6802629E
S1130B500020024A1876DA607047C04621332C32EE
S1130B604268030000205060D8607047F0B5046804
S1130B7085B0636800259E68236A01930379023B6C
S1130B80012B04D9B3683068DB68984703356B469A
S1130B9061691D7361B15DB9B36822695F683068CA
S1130BA02B00B8476561256130B103236A4613738E
S1130BB0E3690BB101A8984705B0F0BDF8B54368E7
S1130BC004005A680020A24211D09D68A668AB6850
S1130BD0327B1B69B1682868984740B96368220072
S1130BE05C60AB68F1695F6903002868B847F8BDC9
S1130BF0F8B5436804000D0016009F68FFF7DEFF98
S1130C0068B9227E03000AB12B0030006361BB681F
S1130C10206132005C68290000233868A047F8BDD1
S1130C20F8B5436804000D0016009F68FFF7C6FF7F
S1130C3040B9BB686061206132009C6829000300F0
S1130C403868A047F8BDF0B587B016000492059344
S1130C501A0ADBB20193436804009F68029103916E
S1130C60D5B2FFF7ABFF40B9BB6866612561019A55
S1130C709C68029901233868A04707B0F0BDEFF3E0
S1130C800380103840B2704730B585B0FFF7F7FFE6
S1130C90124B8000C5586A68D36959780023043917
S1130CA01C00022905D8137C0D495B005B5A0234F1
S1130CB09BB2E96879B12D6901A804710195022CF0
S1130CC007D1127C064C90325200125B120401329E
S1130CD09B188360884705B030BDC046AC4F0020E8
S1130CE000260A401FB5436A4BB1846824780291F8
S1130CF069460A71826A00946846039298471FBD48
S1130D00F8B5FFF7BCFF174B8000C058437CC6689A
S1130D105B00F6183500FE356C8A8369A4B29BB17A
S1130D208268D26882B90178426959B11788013161
S1130D305218013B3780426183610BB901339C43F4
S1130D406C82F8BD1778F2E70023436101331C423B
S1130D50F5D16B8899B2002BF2D10222FFF7C2FFC2
S1130D60EEE7C046AC4F002010B5FFF788FF114BEB
S1130D708000C058437CC2680133DBB25B00995ADF
S1130D80036A89B223B90422C361FFF7ABFF10BD24
S1130D900278C36952B119800233016AC36101390F
S1130DA001620029F3D10122C161EEE71970C36920
S1130DB00133F2E7AC4F002070B5FFF760FF114B31
S1130DC08000C0580126437CC4680133DBB25B0059
S1130DD0E4182188FE34628889B2130095B2334046
S1130DE0324207D102231D4209D1DB1810221D42D1
S1130DF001D170BD20226381FFF774FFF9E7082257
S1130E00F9E7C046AC4F0020EFF31081012383F3D0
S1130E101088074B1A6812B11A68013A1A601A68E6
S1130E201AB9044B1A7080321A7081F31088704713
S1130E308457002040030A40436882681B785B00A3
S1130E409B5A02699BB20AB1816953548369013385
S1130E50836170474177002070470162426200203D
S1130E60704700004368034A00209B185A425341CC
S1130E700B707047BDCDB6AC0123C8B283400020CF
S1130E809BB20AB918001300034A090A49018918D8
S1130E90088100204B81704700000A40F8B5040027
S1130EA0FF25FFF79FFC002220880A4E93B2984248
S1130EB002D8FFF7A9FFF8BD6168D300C9188F886D
S1130EC009683B0A1B012F40DB1989B25B00995367
S1130ED00132EBE700020A4007B5FFF7D0FE064BEC
S1130EE08000C3583BB19A682AB15979DB686846D7
S1130EF001910093904707BDAC4F002040F21A23A4
S1130F00044A0020D35A812213405A1E93410B7085
S1130F107047C04600C07E400620704706207047D8
S1130F200620704706207047062070470A0010B557
S1130F30034B11CB11C2034B11CB11C2002010BDC6
S1130F40F4A60000ECA600000620704706207047B7
S1130F50062070470620704706207047C36A0D4A72
S1130F6010B59A180133C362036B816A013B0363B2
S1130F70094B4C1C84621800140CFE3092B244825B
S1130F8042811A000978FC3251638122FF335A7579
S1130F9010BDC0460000F0BD00C07E40414303299F
S1130FA003D9890801390029FCD17047254A030077
S1130FB01268254810B5254982420BD88A4209D0C7
S1130FC02348824206D02348824203D040F2F610DE
S1130FD0DA6010BD2048214C1218B2FBF1F1080070
S1130FE0A24202D901200840081840F28352D86076
S1130FF006204A43B2FBF0F21A6140F276324A43C9
S1131000B2FBF0F25A6158224A43B2FBF0F29A6101
S1131010134A99604A43B2FBF0F2DA61114A4A4337
S1131020B2FBF0F21A62104A4A43B2FBF0F25A627F
S11310300E4B1A78012A03D001221A70FFF7AEFF73
S11310400020C6E7A84F0020FF083D0040420F00E3
S113105080841E00C0C62D003F420F003F8AF70166
S1131060B86A0500C0B0070068ED220090C07E4059
S113107044F6003313B5A522019340F28013F721FF
S11310800F4CE2500F4B9D3A5A7059705A705B786E
S1131090934200D1C04681681020FFF77FFF40F2E1
S11310A01A22094BA352A35A98B203B916BD019B45
S11310B01BB1019B013B0193F5E71420F6E7C04601
S11310C000C07E40FFC07E4000AAFFFF13B5104958
S11310D001900B6B5B0612D57F240E4B5A7D224088
S11310E05A7500225A7501900B6B5B06D80F002BC2
S11310F008DA019B2BB1019B013B0193F4E7019BAF
S11311000BB9142016BD019B013B0193E1E7C046D6
S1131110FCC07E40FFC07E4040F623020F4B995C2A
S11311200F4A890709D540F622015B5C1BB193681D
S11311300C4A136070471369FAE740F62001595CC2
S1131140890705D540F61901595C5368CB40EFE790
S113115040F61801595C1368F8E7C04600E0014006
S1131160804C0020A84F002040F20A2230B50F4BDB
S1131170995C8909814218D040F20B2401211D5D3C
S113118029431955022805D0995C8909022901D0FF
S11311908021995440F20A2240F20B218001C0B20E
S11311A0985401205A5C82435A5430BD00C07E409A
S11311B0044940F240100A00FE32538C095A0B4095
S11311C05386704700600040F7B5FF2701928308FB
S11311D00A4A03269B009B183A0040F20035064059
S11311E0F6008901B2403940B1405C598000944313
S11311F00C435C51019A024B1A50F7BD00E100E028
S1131200AC4F00201F22430910401E3A824004497B
S113121020339B005A50BFF34F8FBFF36F8F70473B
S113122000E100E010B52120FFF7ECFF1D20FFF7DF
S1131230E9FF10BD002310B5036043681120185660
S11312400300213301D0FFF7DDFF002010BD00BEF5
S11312507047000010B5034B1B689B780BB107F077
S1131260CBFC10BD1C400020F8B507000A480668F6
S11312700320F588272D0ED814246C430748013524
S11312802150241838006260A36007F08DFEA0810D
S113129000202761F580F8BD1C400020105B002071
S11312A0F0B50A0085B020B1012839D0002005B07E
S11312B0F0BD4B490B00EC331C680B00BA331888A3
S11312C00B00BF331B78C1315D1EAB410978C008E8
S11312D001391B18481E814149008918DB00183365
S11312E0C900591840F2E8334B43621E9B1841F67B
S11312F05732B3FBF4F3012094420FD840F6B732CF
S1131300001894420AD840F2CF720130944205D8B2
S113131040F2E7320430944200D90238C018C6E7DC
S11313202F4B00201900F931097801900A2902D8BD
S11313302C48415C01911900F8310E781900C43130
S113134018000F881900FA331B78C6310433C830EB
S1131350097804780393731F012B04D83B1C0C2FCA
S113136000D20C239FB2631E9C41D2002401A41816
S11313704A4251411423B50049420B40641BE4180E
S1131380B31E0293062E07D9310001980834FFF7E3
S11313908FF908B1B31E9D00E343DB171C406419A9
S11313A0013C94FBF5F5039B6B43DA1913000E33F0
S11313B0062E00D9023B0C4A0199525C0A2A0ED827
S11313C00A49920052589B00029901338B4040F223
S11313D0E8305843531EC018B0FBF2F067E7FFDE55
S11313E0A45900202CAB000064AB000038AB000013
S11313F0F8B50026274B30009D7B0A2D49D8264C92
S11314001422310025482670666007F055F9182229
S11314103100234807F050F9224B1B7823B12300F5
S113142046331B78AB4233D02300463300221D7071
S11314300023A263E3630023A11D2200CB87802144
S1131440473211702200483213704FF6FF701A00B1
S1131450012740F2013C144923640E78AE420DD1B9
S113146038420BD00B2A08D8104ED30099519B193F
S113147066469E803B000132D2B240080C4E2C31AD
S1131480B142EAD10BB1483422700123054A1370EA
S11314900120F8BD6C590020105900201859002073
S11314A02C5900206959002008A10000B0580020E0
S11314B0E0A6000010B5044B1420185E06F01CFFD3
S11314C00128F8D010BDC046A4590020010010B571
S11314D080B90948094A121A07F0EEF80848094A7F
S11314E00949121A07F0A3FB0848094A0949121AC4
S11314F007F09DFB10BDC046984C002020600020E2
S11315000040002000400020000010400040002067
S11315107C4000204004000007B56B46D8710733B7
S11315200121180006F0B0FE07BD10B5040000202C
S1131530205600B910BDFFF7EFFF0134F7E70000B4
S113154010B5094B1C68E37813B10848FFF7EDFFA9
S11315501423A2885343064A9B181869FFF7E5FF32
S11315600448FFF7E2FF10BD1C40002087930000F1
S1131570105B0020EB9B000010B50E4B1B685C78E1
S1131580082C16D0DB7813B10B48FFF7CEFF2300ED
S113159034B10123042C03D00333072C00D1023BC4
S11315A0064ADB009B185868FFF7BFFF0248FFF7A5
S11315B0BCFF10BD1C4000208793000078AC0000E5
S11315C010B50248FFF7B1FF10BDC0468793000075
S11315D010B5FFF7B5FF064B1B7B33B90548FFF782
S11315E0A4FFFFF7EDFF002010BD0348F7E7C04656
S11315F008550020029A00000B9A000070B54F486D
S1131600FFF793FF4E48FFF790FF4E48FFF78DFF1B
S11316104D48FFF78AFF4D48FFF787FF4C48FFF717
S113162084FF4C48FFF781FF4B48FFF77EFF4B4890
S1131630FFF77BFF4A48FFF778FF4A48FFF775FF3B
S11316404948FFF772FF4948FFF76FFF4848FFF723
S11316506CFF4848FFF769FF4748FFF766FF4748B4
S1131660FFF763FF4648FFF760FF4648FFF75DFF5B
S11316704548FFF75AFF4548FFF757FF4448FFF72F
S113168054FF4448FFF751FF4348FFF74EFF4348D8
S1131690FFF74BFF4248FFF748FF4248FFF745FF7B
S11316A04148FFF742FF4148FFF73FFF4048FFF73B
S11316B03CFF4048404CFFF738FF4048FFF735FFF8
S11316C03F48FFF732FF2000FFF72FFF3D48FFF7A9
S11316D02CFF3D48FFF729FF3C48FFF726FF200079
S11316E0FFF723FF3A48FFF720FF2000394EFFF7AA
S11316F01CFF3948394DFFF718FF3948FFF715FF2C
S11317003000FFF712FF2800FFF70FFF3548FFF7FF
S11317100CFF3548FFF709FF2000FFF706FF3348A9
S1131720FFF703FF3248FFF700FF3000FFF7FDFE2D
S11317302800FFF7FAFE002070BDC046509000005C
S113174078900000B1900000E09000000691000045
S1131750369100006291000091910000BC9100005C
S1131760DD910000089200002A92000048920000D7
S11317706992000087920000A7920000CE920000B8
S113178000930000309300005E9300008A930000F1
S1131790C4930000FC93000037940000659400009B
S11317A08F940000BA940000DA94000015950000AC
S11317B0449500006695000087930000849500001E
S11317C0AA950000DB950000FF9500003F960000FD
S11317D05E96000001970000A19600004297000069
S11317E0E0960000609700008C970000CD97000001
S11317F0F3970000F8B505000C000F260127280018
S1131800631E9B00D8403040092807D83030FFF7CA
S113181083FE012C00D1F8BD3C00F0E73730F6E739
S113182010B50A4CFFF78CFE2300503318780221C0
S1131830FFF7E0FF51342C2007F0DEF92078022175
S1131840FFF7D8FFFFF7BCFE002010BD08550020AD
S113185010B5FFF775FE0024054B0221185D013415
S1131860FFF7C8FF082CF7D1FFF7AAFE002010BD30
S1131870E4560020F8B506000C00002803DA2D20F9
S1131880FFF74AFE764201230A221D000133DBB230
S11318905543A342FAD101230A27002D00DCF8BDE9
S11318A0012D00D1002396FBF5F494FBF7F27A4363
S11318B0A41AE0B2012B00D120B1303040B2FFF7BE
S11318C02BFE0023FF2214406C4395FBF7F5361BD7
S11318D0E3E7000010B5184CFFF732FE607A1728D2
S11318E028D807F069FB0C27271E1E1E1E1E1E107B
S11318F010101010272710102727272727250F48F7
S1131900FFF713FE09E00E48FFF70FFE0A21E06E11
S1131910236F0130C01AFFF7ADFFFFF751FE00201F
S113192010BD08489034FFF700FE0A212068F2E752
S11319300548E5E70548E3E708550020119800004D
S1131940169800001A9800001E98000021980000C4
S113195010B5FFF7F5FD02210420FFF78BFF2E20C1
S113196007F04AF902215A20FFF784FF202007F0EC
S113197043F90D48FFF7D9FD202007F03DF90B4B43
S11319801B78012B0CD10A48FFF7CFFD094B1B78BC
S113199043B90948FFF7C9FDFFF712FE002010BD47
S11319A00648F1E70648F5E72698000019400020AC
S11319B02F980000905900203F98000037980000AD
S11319C04498000010B5FFF7BBFD044B0A211869C9
S11319D0FFF750FFFFF7F4FD002010BD085500206D
S11319E010B5FFF7ADFD1420044B0A211856FFF77C
S11319F041FFFFF7E5FD002010BDC046085500205B
S1131A0010B50D4CFFF79CFD0921E06EFFF732FF86
S1131A102C2007F0F1F80721A06FFFF72BFF833488
S1131A202C2007F0E9F820780221FFF723FFFFF7C5
S1131A30C7FD002010BDC0460855002010B50E4C4F
S1131A40FFF77EFD237B012093B9230046331B78E7
S1131A5002215840FFF70EFFC8342C2007F0CCF8C1
S1131A6020780221FFF706FFFFF7AAFD002010BD32
S1131A7023003033EBE7C0460855002037B56B46EA
S1131A80DD1D2900002002F013FB042448B1FFF7F8
S1131A9057FD002021002856FFF7ECFE0024FFF735
S1131AA08FFD20003EBD000010B5124CFFF748FD2D
S1131AB02300823318780221FFF7DCFE2C2007F084
S1131AC09BF8230080330020185E0421FFF7D2FE28
S1131AD02C2007F091F80421E06FFFF7CBFE2C20B7
S1131AE007F08AF8E06C0A21FFF7C4FEFFF768FDEF
S1131AF0002010BD0855002070B5144C667A1EBB3A
S1131B00237B300003B10120FEF726FFE16F20693B
S1131B1004F078F980340022A35EC217DC0F9842E7
S1131B2054410500E4B2FFF70BFD01212000FFF74B
S1131B3061FE2C2007F060F804212800FFF79AFECC
S1131B40FFF73EFD300070BD0726FBE70855002077
S1131B5010B5FFF7F5FC054B022153331878FFF756
S1131B6089FEFFF72DFD002010BDC046085500205A
S1131B7010B5FFF7E5FC40F2D813094C0121E05CF5
S1131B80FFF738FE2C2007F037F840F2D413042175
S1131B90E058FFF76FFEFFF713FD002010BDC046AD
S1131BA00855002010B5FFF7CBFC044B0A219869B7
S1131BB0FFF760FEFFF704FD002010BD085500206C
S1131BC010B50B4CFFF7BCFC0A21E069FFF752FE8D
S1131BD02C2007F011F8237B43B90434E08F06214D
S1131BE0FFF748FEFFF7ECFC002010BD608DF6E720
S1131BF00855002070B5124B1E7A5D7DFFF7A0FCDE
S1131C0002213000FFF736FE2C2006F0F5FF0421F8
S1131C102800FFF72FFE2C2006F0EEFF094C032EC0
S1131C2000D1094C6519AC4203D1FFF7C9FC00206F
S1131C3070BD20780221FFF7DDFD0134F3E7C046D3
S1131C4008550020844D0020DA55002010B50C4CB6
S1131C50FFF776FC0A21606BFFF70CFE2C2006F0E0
S1131C60CBFF0A21A06BFFF705FE2C2006F0C4FF72
S1131C70E06B0A21FFF7FEFDFFF7A2FC002010BD78
S1131C800855002010B50E4CFFF75AFCA31CD88F42
S1131C900721FFF7EFFD2C2006F0AEFF23004433AD
S1131CA018780221FFF7E6FD45342C2006F0A4FF46
S1131CB020780221FFF7DEFDFFF782FC002010BD33
S1131CC00855002010B50D4CFFF73AFC0221206A9C
S1131CD0FFF7D0FD2C2006F08FFF0221606AFFF78A
S1131CE0C9FD2C342C2006F087FF20780221FFF751
S1131CF0C1FDFFF765FC002010BDC046085500205B
S1131D0010B5174CFFF71CFC0621208DFFF7B2FD20
S1131D102C2006F071FF23002D3318780221FFF7E1
S1131D20A9FD2C2006F068FF23002E331878022129
S1131D30FFF7A0FD2C2006F05FFF23002F33187857
S1131D400221FFF797FD31342C2006F055FF20784F
S1131D500221FFF78FFDFFF733FC002010BDC046C2
S1131D600855002010B5FFF7EBFB054B0221543357
S1131D701878FFF77FFDFFF723FC002010BDC04655
S1131D800855002010B5FFF7DBFB054B0221553346
S1131D901878FFF76FFDFFF713FC002010BDC04655
S1131DA00855002070B50F4C657ACDB9237B8BB9EB
S1131DB02800FEF717FE2800617DFFF771FA040082
S1131DC0FFF7BEFB0A212000FFF754FDFFF7F8FBE5
S1131DD0280070BD0120FEF705FE0120617DECE7BF
S1131DE00725F5E70855002010B5B748B74CFFF7AD
S1131DF09CFBB748FFF799FB0A212069FFF73AFDDE
S1131E00B448FFF792FBB448FFF78FFB237B002B0A
S1131E1046D1B248FFF789FBB148FFF786FB2300A0
S1131E2053331B78002B3DD0AE48FFF77EFBAE4802
S1131E30FFF77BFB14200A212056FFF71BFDAB485C
S1131E40FFF773FBAA48FFF770FB0621607DFFF7DD
S1131E5011FDA848FFF769FBA748FFF766FB2300BD
S1131E6082331B7803B3A548FFF75FFBA448FFF751
S1131E705CFB230054331B78C3B1A048FFF755FB28
S1131E80A048FFF752FB2300553318780A2840D89E
S1131E9007F092F80E2B2D2F31333537393B3D00A7
S1131EA09948B7E79948C0E79948DDE79848E5E7D6
S1131EB09848FFF73AFB9848FFF737FB9748FFF736
S1131EC034FB0221206AFFF7D5FC9548FFF72DFB70
S1131ED09448FFF72AFB606A092842D807F06CF897
S1131EE01B2F31333537393B3D3F8F48E1E78F486E
S1131EF0DFE78F48DDE78F48DBE78F48D9E78F4876
S1131F00D7E78F48D5E78F48D3E78F48D1E78F4885
S1131F10CFE78F48CDE78F48FFF707FB8E48FFF7E1
S1131F2004FB8E48FFF701FB23002C33187801389B
S1131F30032800D9B5E007F03FF816AEB0B28848E0
S1131F40EAE78848E8E78848E6E78848E4E7884815
S1131F50E2E78848E0E78848DEE78848DCE7884825
S1131F60DAE77B48D8E78748FFF7DFFA6C48FFF7E2
S1131F70DCFA8548FFF7D9FA0621208DFFF77AFCB1
S1131F808248FFF7D2FA8248FFF7CFFA23002D33B5
S1131F901B78002B00D186E07E48FFF7C6FA7E4806
S1131FA0FFF7C3FA23002E331B78002B00D17CE00B
S1131FB07A48FFF7BAFA7A48FFF7B7FA23002F33C3
S1131FC01B78002B00D172E07648FFF7AEFA764812
S1131FD0FFF7ABFA230031331B78002B69D0734829
S1131FE0FFF7A3FA7248FFF7A0FA7248FFF79DFAC9
S1131FF00A21606BFFF73EFC6F48FFF796FA4948E9
S1132000FFF793FA0A21A06BFFF734FC3148FFF77E
S11320108CFA6A48FFF789FA0A21E06BFFF72AFC79
S11320202C48FFF782FA5848FFF77FFAA31CD88F91
S11320300721FFF71FFC2F48FFF777FA5448FFF7F3
S113204074FA230044331B78002B34D05148FFF733
S11320506CFA45345048FFF768FA2378002B2CD0EB
S11320604E48FFF762FA5648FFF75FFA5548FFF704
S11320705CFA554B1B78012B21D15448FFF755FAD4
S11320805348FFF752FA534B1B78D3B95248FFF722
S11320904CFA002010BD514866E7514864E75148A6
S11320A062E72B4860E7504877E7504881E750489B
S11320B08BE7504894E74C48C9E74C48D1E74E4871
S11320C0DCE74E48E3E7C046499800000855002085
S11320D073980000879800008E980000A298000072
S11320E0B0980000C4980000E4980000F89800003C
S11320F000990000149900001E9900003299000014
S1132100479900005B990000A9980000D29800004C
S11321103C99000076990000A4990000CE99000033
S113212087930000E4990000989C000079990000CE
S11321307D9900008199000085990000899900002B
S11321408C9900008F9900009299000095990000E5
S11321509C990000F899000037960000169A000038
S1132160FC990000009A0000049A0000079A0000FD
S11321700A9A00000D9A0000109A0000139A0000B9
S1132180349A00002A9A00003A9A00004E9A0000FD
S11321905A9A00006E9A0000959A0000A99A0000CD
S11321A0BC9A0000D09A0000EC9A0000009B00004A
S11321B01C9B0000469B00005A9B0000629B000091
S11321C0769B0000A09B000019400020B49B0000F7
S11321D0C69B000090590020DA9B00002E9A000054
S11321E0329A0000369A0000809A0000B29A0000E9
S11321F0DE9A0000129B0000BD9B0000E19B0000E2
S113220010B5154CFFF79CF90A21A06DFFF732FBBE
S11322102C2006F0F1FC0A21E06DFFF72BFB2C20AB
S113222006F0EAFC0A21206EFFF724FB2C2006F0BE
S1132230E3FC2300663318880321FFF71BFB683493
S11322402C2006F0D9FC20780321FFF713FBFFF7BD
S1132250B7F9002010BDC04608550020030070B532
S113226072B6BFF34F8FBFF36F8F0079082809D878
S113227088B3013807282ED806F09EFE706E2D0D07
S11322802D2D2D0B0300EF22103B134201D04028CB
S113229021D1334B53E09C68324B1B785BB2D3B1F2
S11322A00623314AD356012B15D00223D05E0023D6
S11322B0D15E0425525F431C93FBF2F56A439B1ADB
S11322C01BB2E4B28B420CD1082C04D105F094FF6C
S11322D02000FEF7BFFF62B6BFF34F8FBFF36F8FCF
S11322E070BD2300613B192B05D8203CE4B22000CB
S11322F005F0D8FD29E00A2C06D00D2C18D0082CA6
S11323001FD0202CE7D0F2E7200005F0CBFD200001
S1132310164CFEF79FFF2378002BDCD005F06CFFF2
S113232005F06AFF0122124B1A7000232370D2E7D2
S1132330200005F0B7FD2000FEF78CFF0B4B0122B7
S113234008E0884204D005F057FF2000FEF782FF22
S11323500022064B1A70BEE7064BF0E7064BEEE789
S113236034570020FC560020F0560020ED56002083
S1132370EC560020FD5600203557002010B50448C7
S1132380447A1CB905F00CFF200010BD0724FBE7BC
S11323900855002010B5054C40F2E4122100044811
S11323A006F045FC200005F0FBFE10BDFCA7000074
S11323B00855002010B5064C0720637A33B9FFF79F
S11323C0E9FF2000022105F04FFF082010BDC046A0
S11323D00855002010B50348022105F045FF0820E8
S11323E010BDC04608550020074810B503005433FB
S11323F01B78042423B9447A24B90E2105F034FF50
S1132400200010BD0724FBE708550020074810B53D
S1132410030054331B78042423B9447A24B90F21CC
S113242005F022FF200010BD0724FBE7085500201B
S113243010B50548447A24B9032105F015FF20009E
S113244010BD0724FBE7C0460855002010B50D4811
S1132450437A072B05D8022B0ED85A1E93419800B5
S113246010BD0F2B03D8082B03D10420F8E7172B3A
S1132470FBD11121034800E0082105F0F5FE0820F6
S1132480EEE7C04608550020F0B5904C89B017001F
S1132490029101930500FEF739F923000790C83330
S11324A01A788B490023002A6CD08A48FFF73DF83C
S11324B0029B874EEB180393039B9D4256D12C201D
S11324C006F09AFB844B029A1A8123000833DA6FD0
S11324D094460132DA6722009032136801331360A4
S11324E0237A9A1E012A7ED87C4A0492022B01D1B7
S11324F07B4B049323000022A4331A60029B200028
S1132500DB00039323000399A830AC330260196005
S11325102500A4352B680695029D059393B20168A6
S11325209D4234D82200A032136803981B1813600C
S113253022009432136805981B1813602200983205
S113254013685B181360237BFBBB230045331B78A4
S11325504BB941B1230062460833DA67220088325E
S1132560136801331360002F5EDC3EE02B780221F8
S113257033702878FFF73EF9013501369CE7EA5CB1
S1132580CA54013302989AB29042F8D89AE7049D4B
S11325904F4BAE5C55259B5C01325E4073B27608AE
S11325A02E402B40F3183326223D1E409B082B401F
S11325B0F3180F261E401B09F318591801600599DA
S11325C00831C91A069B1960A2E723002E331B7831
S11325D04BB941B1230062460833DA6722008832DE
S11325E0136801331360002F1BDC2200B032136820
S11325F0013313602200B8321368DB191360220020
S1132600B4321388191C1BB2BB4200DD391C118083
S11326102200B6321388191C1BB2BB4200DA391CE3
S11326201180237B012B2AD0002301932300C8337C
S11326301B78ABB104213800FFF71CF92C2006F0FD
S1132640DBFA04210198FFF715F92C2006F0D4FADF
S1132650079B04215806C00FFFF70CF9FEF7B0FFE3
S1132660637A082B09D0217B00292AD146342378A8
S113267003B10731154805F0F7FD09B0F0BD22009C
S1132680BC3213680199013313602200C432136809
S113269001985B1813602200C0321388191C1BB206
S11326A0834201DD6B46998811802200C23213886F
S11326B00198191C1BB2834201DA6B469988118078
S11326C0B4E7303400212378D2E7C046085500200F
S11326D08A4E0020E89B00007C4E0020DA55002042
S11326E0844D0020054810B5FEF71FFF0448437AC7
S11326F0112B02D00B2105F0B7FD10BDED9B00009E
S11327000855002010B5104C1048FEF70EFF2300AA
S1132710C8331B7813B10E48FEF707FF22008C3232
S1132720136801331360637A082B09D0237B43B900
S113273046342378052103B10231034805F094FDA2
S113274010BD3034F5E7C04608550020009C000059
S1132750139C00000D4B10B519000831CA6F013AE3
S1132760CA67190088310A6801320A605A7A082A4D
S113277009D01A7B42B946331B78042103B10331D3
S1132780024805F071FD10BD3033F5E7085500200F
S113279073B5124C657AF5B9FDF7FCFE012818D122
S11327A06B469E1C01A83100FDF718FF019880B10B
S11327B00023F65E012E0CD105F053FB012808D846
S11327C02100304053310870032001F0FBFB280046
S11327D076BD0425FBE70725F9E7C0460855002028
S11327E073B51E4C657A002D36D1FDF7D3FE022851
S11327F030D16B4601A8991CFDF7F0FE019848B34F
S11328006B4602229B5E002B24DD05F02AFB83B27B
S113281006002F2B1ED86B4601A8991CFDF7DEFE7F
S11328200198B8B16B4602229B5E002B12DD05F0C5
S113283018FB83B22F2B0DD8210051345031207056
S113284004200E7001F0BEFB2100052001F0BAFB4C
S1132850280076BD0425FBE70725F9E70855002085
S1132860F0B585B00822002102A805F025FFFDF788
S113287091FE0400012802DC042005B0F0BD6B4683
S113288001A8991CFDF7AAFE01980028F4D06B4614
S113289002229B5E002BEFDD05F0CBFA4FF6FF73AF
S11328A006009842E8D8092CE6DC00252F00013CFC
S11328B06B4601A8991CFDF791FE019830B36B4655
S11328C002229B5E002B21DD05F0CBFA00281DDBE4
S11328D06B46082201359B182DB2D8552F00A5420E
S11328E0E6DB00254FF6FF772B00A819B84206D87F
S11328F008216A465218D15C80B201F014FE0135F9
S11329002DB22B00A542F0DB0020B6E7BC42E8DD87
S1132910B2E7F0B587B00822002104A805F0CCFE88
S1132920FDF738FE022802D0042007B0F0BD02AB48
S113293003A8991CFDF752FE03980028F4D002ABBB
S113294002229B5E002BEFDD05F073FA4FF6FF7752
S11329500500B842E8D802AB03A8991CFDF73EFE77
S113296003980028E0D002AB02229B5E002BDBDD43
S113297005F02CFA0300013B0090072BD4D8002467
S11329802600ABB201933B1BAB4209D3019BA6B219
S1132990F01880B201F0A3FE082202AB9B18185570
S11329A0009B0134A342EED1FEF7CAFD00240822A5
S11329B002AB9B18185D02210134FEF71BFFA3B282
S11329C0B342F4D9FEF7FCFD0020AEE7F7B5144F8F
S11329D07C7A14BBFDF7DEFD01281CD16B469D1CDF
S11329E001A82900FDF7FAFD0198A0B10023EE5ECD
S11329F0012E10D105F0EAF9050001280BD802F0E8
S1132A00D9FB2DB920003C7301F0BEFD2000FEBDB2
S1132A1030003E73F8E70424F8E70724F6E7C046DD
S1132A200855002073B5124E757AFDB9FDF7B2FD55
S1132A30012802D00425280076BD6B4601A8991C04
S1132A40FDF7CCFD01980028F4D005F0BFF9094B3F
S1132A500400C218084B9A42ECD8FDF7F9FD00288F
S1132A60E8D02000346101F0CBFCE4E70725E2E77D
S1132A700855002080C19BE680E9EB1D73B51E4D0F
S1132A806C7A002C36D1FDF785FD012802D0042490
S1132A90200076BD6B4601A8991CFDF79FFD0198A7
S1132AA00028F4D00026865733002D3B5A42534168
S1132AB0C01805F08BF90028E9DB2D2E00D1404227
S1132AC00E4B00B21B78012B0AD1030011339BB2C9
S1132AD0202BDCD82875287B50B9FDF783FFD7E776
S1132AE0022BD4D1030009339BB21F2BF2D9CEE7BA
S1132AF00120F2E70724CBE7085500201940002005
S1132B00F7B5234C657A002D3FD1FDF743FD431EF5
S1132B109BB20700012B36D86B4601A8991CFDF720
S1132B205DFD019800282ED005F050F901282AD81F
S1132B3001268643012F0BD1237B3BB94634032165
S1132B401348267005F090FB2800FEBD3034F6E7EC
S1132B506B4601A8991CFDF741FD019898B105F059
S1132B6035F901280FD801231840237B43B92300EA
S1132B7046331E702300C833187003212000E1E798
S1132B8023003033F5E70425DEE70725DCE7C046FC
S1132B9008550020F7B5194B5C7A002C2CD16B46F4
S1132BA05D1C2C70FDF7F6FC0600012822D16B4653
S1132BB001A8991CFDF712FD019BDBB100229A5676
S1132BC027002D2A02D1370001330193019805F023
S1132BD0FDF814280ED807B1404240B228702900ED
S1132BE0002001F0EFF928B1044B2A7848331A7019
S1132BF02000FEBD0424FBE70724F9E70855002064
S1132C00F0B5364C87B0667A002E65D1FDF7C2FC6C
S1132C100500012805D0042803D00426300007B09D
S1132C20F0BD02AB04A8991DFDF7D8FC0498002858
S1132C30F3D005F0CBF80128EFD8012738400190F4
S1132C40BD4202D182342070E8E702AB991D04A88A
S1132C50FDF7C4FC049B002BDFD000229A5600250C
S1132C602D2A02D13D0001330493049805F0AEF8F7
S1132C707F28D2D875B345422DB202AB04A8991D62
S1132C80FDF7ACFC04980028C7D005F09FF8431E5C
S1132C900700312BC1D802AB04A8991DFDF79EFC97
S1132CA004980028B9D005F091F80D4B9842B4D897
S1132CB0059005A9012001F085F90028ADD0230075
S1132CC0019A82331A70230080331D80059BE767C5
S1132CD0E364A3E705B2D0E707269FE70855002081
S1132CE03820070037B5174C0720637A33BBFDF74C
S1132CF051FC022823D16B4601A8991CFDF76EFCF8
S1132D000198E0B105F062F80500012817D86B4678
S1132D1001A8991CFDF762FC019880B105F056F8F2
S1132D2040F2E83398420AD840F2D813E554043B01
S1132D30E0501421200005F097FA08203EBD04203D
S1132D40FCE7C0460855002037B50E4D6C7AB4B97F
S1132D50FDF720FC012810D16B4601A8991CFDF752
S1132D603DFC019848B105F031F84FF6FE73421E60
S1132D709A4202D8A86120003EBD0424FBE7072440
S1132D80F9E7C04608550020F7B5204C667A002EB6
S1132D9039D1FDF7FFFB431E9BB20700012B30D84E
S1132DA06B4601A8991CFDF719FC019848B305F07E
S1132DB00DF84FF6FE73421E05009A4221D8012FEA
S1132DC002D1E0613000FEBD6B4601A8991CFDF7FD
S1132DD005FC0198A8B104F0F9FF002811DD237B5C
S1132DE03BB94FF6FF7398420BDCE5610434E0878E
S1132DF0E8E7012B03D080B2E5616085E2E7FF28B4
S1132E00F9DD0426DEE70726DCE7C0460855002086
S1132E10F7B51C4D6C7A002C32D1FDF7BBFB0328AF
S1132E202CD16B4601A8991CFDF7D8FB019828B357
S1132E3004F0CCFF144B0700C218144B9A421DD85F
S1132E406B4601A8991CFDF7C9FB0198B0B104F0C9
S1132E50BDFF0F4B421E06009A420FD86B4601A8D5
S1132E60991CFDF7BBFB019840B104F0AFFF0028AB
S1132E7004DD6F63AE63E8632000FEBD0424FBE75A
S1132E800724F9E708550020A8FDFFFF88910400F6
S1132E9037200700F7B51F4C667A002E37D1FDF7AF
S1132EA079FB032831D16B4601A8991CFDF796FBE9
S1132EB0019850B304F08AFF41F6FE73421E0700E6
S1132EC09A4222D86B4601A8991CFDF787FB01980A
S1132ED0D8B104F07BFF0500012816D86B4601A881
S1132EE0991CFDF77BFB019878B104F06FFF012872
S1132EF00BD8A31C2200DF87012344321D40184055
S1132F004534157020703000FEBD0426FBE707260B
S1132F10F9E7C04608550020F7B51B4C657A002D2B
S1132F2030D1FDF737FB03282AD16B4601A8991C41
S1132F30FDF754FB019818B304F048FF431F070042
S1132F40072B1DD86B4601A8991CFDF747FB019878
S1132F50B0B104F03BFF0600092811D86B4601A864
S1132F60991CFDF73BFB019850B104F02FFF431E61
S1132F70032B05D8276266622C3420702800FEBD1E
S1132F800425FBE70725F9E708550020F0B5334C85
S1132F9085B0667A002E5FD1FDF7FCFA052859D179
S1132FA002AB03A8991CFDF719FB0398002851D024
S1132FB004F00CFF4FF6FE73421E07009A4249D8F4
S1132FC002AB03A8991CFDF709FB0398002841D024
S1132FD004F0FCFE050001283CD802AB03A8991CB0
S1132FE0FDF7FCFA0398002834D004F0EFFE0090BB
S1132FF001282FD802AB03A8991CFDF7EFFA039818
S113300040B304F0E3FE0190012823D802AB03A8E7
S1133010991CFDF7E3FA0398E0B104F0D7FE012808
S113302018D80123220021001D402D321570009A6A
S11330302E311A400A70019A18401A4013002200D7
S113304027852F3231341370207001F071FA30006B
S113305005B0F0BD0426FAE70726F8E70855002076
S113306073B5134D6C7A0CBBFDF794FA0600012876
S113307002D00424200076BD6B4601A8991CFDF7FC
S1133080ADFA01980028F4D004F0A0FE0128F0D88D
S11330906B4630405870591C062000F093FF0028FE
S11330A0E7D06B465B7854352B70E3E70724E1E700
S11330B00855002073B5254D6C7A002C44D1FDF7DA
S11330C069FA012829D16B4601A8991CFDF786FAF3
S11330D0019810B304F07AFE060040B21F281CD8F1
S11330E005F06AFF30101E1B1B1B2420221B1B1B18
S11330F01B1B1B1B1B1B1B1B1B1B26282A1B1B1BF5
S11331001B1B2C2E06236A460820511C0B7000F052
S113311059FF10B155352E7000E00424200076BD0F
S11331200723F0E70823EEE70123ECE70223EAE7AD
S11331300323E8E70423E6E70523E4E70923E2E7BA
S11331400A23E0E70023DEE70724E7E70855002029
S11331500722F0B53B4C87B0637A0292FBBB043381
S11331600293FDF717FA052839D104AB05A8991C79
S1133170FDF734FA059890B304F028FE324B334F30
S1133180C3180600BB422AD804AA05A8911CFDF75F
S113319025FA059818B304F019FE2B4B0500C31843
S11331A0BB421CD886421AD804AB05A8991CFDF76B
S11331B015FA059898B104F009FE254B0700C218CA
S11331C0244B9A420BD8AE420CD0AB1B984206D883
S11331D0B3FBF0F301339BB20193C82B04D90298DB
S11331E007B0F0BD0123019304AB05A8991CFDF7BA
S11331F0F5F905980028F2D004F0E8FD4FF6FE72C8
S1133200431E9342EBD883B2039304AB05A8991CE5
S1133210FDF7E4F905980028E1D004F0D7FD64280F
S1133220DDD82300019A64331A702300039A6633AD
S11332301A80230068331870A6650023E5652766A5
S11332408EE7C0460855002080C19BE680E9EB1D4F
S113325018FCFFFF583E0F00C0B20300303BDBB246
S1133260092B01D858B270470300413B052B02D803
S1133270373840B2F7E701204042F4E7F0B51A4B83
S113328085B05E7A002E2CD1FDF784F9002803DC8A
S11332900426300005B0F0BD02AB9D1C290003A834
S11332A0FDF79CF9039C002CF2D00022AB5E102B9E
S11332B0EED123000D4F1033019300202056FFF769
S11332C0CBFF050001202056FFF7C6FF0F232D0179
S11332D01840019B054302343D700137A342ECD1F1
S11332E0D7E70726D5E7C04608550020E456002056
S11332F070B50D0014002800A1B204F0C5FF002829
S1133300F9D1200070BD0000114BF7B518780D00FD
S113331091B2C14000270F4C0F4E019180202770BD
S113332080023770217859B10199DD61196294B234
S11333302800A1B204F0A8FF0028F9D12000FEBDA6
S113334031780029EAD101380028EBD1E6E7C046FC
S11333500857002035570020345700200A2370B541
S11333608360036C01000133036403000833DC6FE2
S1133370C268A36820685D6840310823A84770BD0F
S1133380436810B5C4681A78FF21436904B1E15C4D
S11333908468520001331153436110BDF0B585B008
S11333A0FDF76DFC204B8000C45863681D78A3684A
S11333B06A009B180122FE33598811420AD05A81AF
S11333C0042301A801950371A36A8360636A984783
S11333D005B0F0BD5B8A1E009FB21640134202D0B6
S11333E06369012B02D92000FDF726FD6269E369B8
S11333F09A4203D22000FFF7C3FFE9E736B1012365
S113340088359F43A3686D00EF52E1E7636801A824
S11334101B78019301230371A36A8360636A0134F7
S11334209847E677D4E7C046AC4F0020013800281F
S1133430FCD1704740F2E8320023484310B5002124
S113344005F0D8FD054B1A68054BB3FBF2F3B0FB4E
S1133450F3F0800808B1FFF7E9FF10BDA84F002082
S113346000CA9A3B10B540F2E831FFF7E3FF10BD04
S113347070B5154D6C7A1CBB2B7B012B22D001F04F
S113348099FE200001F080F8286900F0B9FF2000BF
S1133490FDF762FA0D4802F075FA6420FFF7E2FFC7
S11334A0200001F0FBF8050001F084FEFEF748F867
S11334B0042168B2FEF7DEF9FEF782F8200070BD41
S11334C00724FBE70424F9E708550020FFFFFF0069
S11334D0F0B52C4C0725637AB5B09BB9257B002D3C
S11334E04ED101F067FE280001F04EF8A06D00F007
S11334F087FF2800FDF730FA2F00230066331B886E
S11335009F4230DB01F056FE280035B0F0BD206E3E
S1133510A36D7043C01800F073FF1B4802F032FA29
S11335200120FFF79FFF002001F0B8F801AB985588
S1133530013636B2230064331B789E42E7DB01F088
S113354039FE0026FDF7FCFF230064331B789E42FE
S11335500BDBFEF735F82300683318780137FFF7E3
S113356081FF3FB2C9E70026E4E701AB985D1F2362
S1133570801018403030013605F03EFB36B2E3E7E8
S11335800425BFE708550020FFFFFF000023F0B526
S1133590364C374E23800533050085B063713548BA
S11335A0043B3370FDF770FA002845D13378002BC3
S11335B0FCD140F6A070FFF755FF01232D4801A967
S11335C03370FDF76CFAB8BB3378002BFCD102AE34
S11335D03200284801A9FDF76BFA68BB0A230220D0
S11335E0325E318892FBF3F259438918B28806207F
S11335F0305E5A4390FBF3F340F2E3161B4FD218AC
S1133600238809B2D8191C4F12B2BE5D174F8671B8
S1133610581C80B2C0190E128671981C80B2C01951
S11336208171D91C89B2C91910128871591D0433CA
S11336309BB2DB1921809A7185B1002023880B4A43
S113364007009E181A0061880136914208D828B1F3
S11336500022994200D3CA1A9B18238005B0F0BDFA
S113366001322800777192B2EEE7C0467E4D002009
S113367088570020404D0020085500200138F8B537
S1133680042826D805F098FC0332254F7D0044F227
S113369050523E4B0120596F3D4B3E4FDA8052222F
S11336A01A720A0E5A720A02120E9A7219730A04D4
S11336B00021120EDA7207220D001E005C88587178
S11336C01A80944206D821B1231C072C00D2072368
S11336D03380F8BDFF2D00D10025691C7D5D0132CA
S11336E05D7392B2CDB201330100EAE700220221F8
S11336F0274B100059711D00110001275C88254ECD
S11337001A80844203D1002AE3D02C80E1E7FF2908
S113371000D100214A1C715C0130997180B2D1B290
S113372001333A00EDE7042319491B4A4B7145F272
S11337304553CB8049230B720023184CE05CD054D2
S11337400133082BFAD100220127100003334C88DF
S11337500F4D104E0B809C4207D8002AB9D0231C71
S11337600B2C00D20B230B80B3E7FF2800D10020E1
S1133770421C305C013368749BB2D0B201353A000C
S1133780E9E70120FFF702FFA3E7C0460855002040
S11337907E4D0020FCA60000874D0020E45600204A
S11337A0F0B52C4C85B0677A002F51D1FCF7F2FEAE
S11337B0431E9BB20600022B48D802AB03A8991CF7
S11337C0FCF70CFF0398002840D004F0FFFA224BCA
S11337D0421E05009A4239D8012E10D1E066207AA3
S11337E0042302009A43012A02D16267FFF746FFCD
S11337F00921184804F038FD380005B0F0BD02ABCB
S113380003A8991CFCF7EAFE0398F8B104F0DEFA69
S1133810124B421E01909A4218D8022E02D1E5663C
S1133820A067DCE702AB03A8991CFCF7D7FE03985A
S113383060B104F0CBFA012808D8019BE566A367C0
S113384001231840230083331870C8E70427D3E703
S11338500727D1E708550020FF83D7177FEE3600EE
S113386010B50A4B5C7A74B9187A042201009143AA
S1133870012902D15967FFF701FF0921034804F028
S1133880F3FC200010BD0724FBE7C04608550020C8
S1133890F0B5454C85B0637A0093002B00D080E0EE
S11338A0FCF778FE022800D078E002AB03A8991C4C
S11338B0FCF794FE0398002800D16FE002AB0222CB
S11338C09B5E002B00DC69E004F080FA431E0600D6
S11338D0042B63D802AB991C03A8FCF77FFE039D5D
S11338E0002D5BD040F2FD1102AB02229B5E5A1EFA
S11338F092B28A4252D836220127F2403A4223D168
S11339001E003E403B4249D1280004F080FA0028C2
S113391044DB2300FF22CE331A80002321001A0047
S11339202248CC310B80FE2B1DD923002700D03335
S11339300A801A80CC3700202856D0B903231C4AA9
S11339406675537123720BE0280004F03FFA0300FC
S1133950FF2823D8F0B2637520726767FFF78EFEE5
S1133960009805B0F0BD1B181A700B8801339BB288
S1133970D8E7FFF771FC019001202856FFF76CFC93
S1133980094B0235F218019BD2321B011B1813702C
S11339903B880136013336B23B80CCE704230093E5
S11339A0DEE70723FBE7C04608550020DA55002070
S11339B07E4D0020F0B585B001930023837703008A
S11339C008330400D86F83680068DD6802AB0733EE
S11339D0A8470500E0B90600A37F104F33B90121C1
S11339E001360800FFF726FDBE42F5D12300583307
S11339F01A7801990A70BE420DD01A78022A07D0AB
S1133A001A78032A04D040F2F4151B785934237031
S1133A10280005B0F0BD1425FAE7C04640420F0067
S1133A200223F0B5060085B002AAD371C26804006F
S1133A3015004BF6AD678836336801919B1808353D
S1133A40436163699D421BD2019BB3B102AB042263
S1133A50290020000733FFF7ADFFA0B902ABDB79E3
S1133A60022B0DD0A1693368CA6828880A32520033
S1133A709B1A834209D2212003E0A36E9D42F1D117
S1133A800020A566256105B0F0BD0322EB1D1B18BF
S1133A9093435A88BA42EED11A884869E1685200C1
S1133AA0691A11521A881D1DE265CAE710B504008F
S1133AB0436E0021C36083691A6958690132520058
S1133AC004F0FAFD00212000FFF7AAFF10BDF8B5AD
S1133AD004000325836949005869626E435A2669C4
S1133AE09B18E3671B88221D0B33AB43D367E26843
S1133AF09B19B71A475221008831096800205218CF
S1133B00934205D92000FFF7D1FF01236560A3602C
S1133B10F8BD10B504008369616F1A6901319142DF
S1133B2000D9002161675A694800825A002AF3D0FB
S1133B30236F8B4207D02000FFF7C9FF10B9200084
S1133B4004F0CAF910BD23692000A367FFF706FC3F
S1133B50F8E7F0B584680023250087B00093037864
S1133B6058352B70A3681BB90133A37707B0F0BD98
S1133B702B78012B00D0DFE0A0680238082800D998
S1133B808BE005F019FA05633577BB8A8A8AC3008E
S1133B9023690325043301932361230048331B88DD
S1133BA0E76C1A002A40A56002922B420AD1A56054
S1133BB0220039000832D06F82685568019A006883
S1133BC0A84739E0032B0FD826008C3604220021A5
S1133BD0300004F071FD39003000029A05F027F836
S1133BE037000423A560E3E70422AB43A260DFE7C8
S1133BF0230048331E882500032733008C35BB433C
S1133C00042200212800A760019304F055FD32002E
S1133C10019BE16C3A40C918280005F008F82269B4
S1133C20019B29009A1823000833D86F2261836806
S1133C3000685E680423B04778B3636813B16368AF
S1133C40022B2AD104236360033B7AE02300483328
S1133C501B8821695A189B0700D00A1D0523A360FD
S1133C60230021000833D86F2261836850315D68D6
S1133C700423A4E72300210050331A882369E26552
S1133C80043323614A310888A169520049695052BA
S1133C9062687ABB0132A260A366A368012B00D0DC
S1133CA064E7230090331A68002A00D15EE7636852
S1133CB0002B5BD1A368013B591E8B41DBB204A9E5
S1133CC00B702300943498331B6820684B600028E1
S1133CD04ED00378009343680393030060C960C324
S1133CE090472368002B00D140E7009A1A70039A8A
S1133CF05A603BE72000FFF70CFF9DE7231DDB6FB5
S1133D002000002BF7D004F0E7F895E72300883370
S1133D101A68E368616E9B18636100232377A36FBD
S1133D20120A23610B23A36023000833D86F83682E
S1133D3000689B6898477FE72B7823B9009B6360F2
S1133D400123A360A9E763680098022B05D1A36847
S1133D500B2B02D02000FFF7A9FE23002A78593349
S1133D601A7004236360033BA36065E76368A5E7F7
S1133D700800B5E740F2000CF7B501250261624680
S1133D802B404376C1600377426187680400006872
S1133D9048F2000601784B000193FA180723FE321B
S1133DA05381538B8D409B049B0C334340F200168C
S1133DB0ADB28E405383EB43E27EB1B29BB200912D
S1133DC05AB13A00FE32D584918D009E19409185F6
S1133DD0518D314351856246E2763E00FE36728D46
S1133DE0012113407385436A9878FFF723FB738D91
S1133DF0009A002093437385B38D2B43B385B38C12
S1133E001D43B584627F637E52001A43019BD2B284
S1133E10FB5A5B0A5B021343019ABB52FEBD10B509
S1133E2083760123FFF7A6FF10BD10B58376002328
S1133E30FFF7A0FF10BD70B501252A0083680400B8
S1133E400068FE330678B24092B2DA84998D9143C9
S1133E509985598D9143598540F20011B1405A8D8D
S1133E600A4392B25A85436A29009878FFF7E2FA26
S1133E702268A3681278FE339540598D294389B28C
S1133E80598570BD70B504000025FFF7D4FF1020DC
S1133E902369E57663612368A5761856FDF7B2F9C0
S1133EA02800656070BD10B50400FFF7C4FF002052
S1133EB02369E0766361A07610BD0000F0B585B09B
S1133EC0FCF7DDFE344B8000C45802212368A2684D
S1133ED01F7878001318FE335D882E000E4001967B
S1133EE00D4216D001252E005A8905318A435A8184
S1133EF023696361A37E002B49D0002E47D101239F
S1133F00E376636A02A8029302AB1D71236A9847A1
S1133F1014E0617EE5688C46CEB261696D18009547
S1133F2065466DB9236999422FD2009B01311D78F2
S1133F306161135A5B0A5B022B43135205B0F0BD57
S1133F40217FB1B144F2000501992177598B89048D
S1133F50890C29435983616923694D1C9D420FD102
S1133F6001211400B940FE34A38D8B43A385FF25A2
S1133F70DFE7835A00990B70636901336361EAE7F1
S1133F809942F4D102250026B4E70325B2E72000C4
S1133F90FFF751FFB5E7C046AC4F00201F2243098D
S1133FA010401E3A824002499B005A507047C04656
S1133FB000E100E010B52120FFF7F0FF1D20FFF71E
S1133FC0EDFF10BDF7B507000C000025C9B3354E51
S1133FD001A8FCF71DFC3278531CDBB233700AB91C
S1133FE0FDF720F9019B83F31088092F36D8380098
S1133FF004F0E2FF050A292D31393F434751227865
S1134000294B1A7001250FE016250422210001A86E
S113401004F00DFE019A254B196891423FD0013DF1
S1134020ADB20833002DF7D101A8FCF7F1FB3378CA
S1134030013BDBB233700BB9FFF7BCFF019B83F389
S113404010882800FEBD2278174B1A72DAE722780E
S1134050154B5A72D6E723782F2B01D90025E3E7B5
S1134060114AD372CEE723782F2BF7D80E4A137355
S1134070C8E722780C4B5A73C4E722780A4B9A7229
S1134080C0E7094D2378AF7BAB73FDF7B1F9002886
S1134090B8D1AF73E2E72278034BDA73B2E7024B8D
S11340A05A60AFE7005B00206C590020C0AB0000F1
S11340B0F7B507000C00002679B3254D01A8FCF7DD
S11340C0A7FB2A78531CDBB22B700AB9FDF7AAF8B8
S11340D0019B83F310880026092F11D8380004F0BF
S11340E06BFF05091E2124272A2D3033194B1B7819
S11340F0237004E004222000174904F098FD0126EF
S113410001A8FCF785FB2B78013BDBB22B700BB9C4
S1134110FFF750FF019B83F310883000FEBD0D4B69
S11341201B7AE5E70B4B5B7AE2E70A4BDB7ADFE7C6
S1134130084B1B7BDCE7074B5B7BD9E7054B9B7A82
S1134140D6E7044B9B7BD3E7024BDB7BD0E7C0462F
S1134150005B00206C5900207059002073B5184D85
S1134160060001A80C00FCF753FB2A78531CDBB2B1
S11341702B700AB9FDF756F8019B83F31088114B95
S1134180042E14D0052E18D0083307CC07C306CC50
S113419006C301A8FCF73CFB2B78013BDBB22B7078
S11341A00BB9FFF707FF019B83F3108873BD1C3322
S11341B007CC07C307CC07C3EBE722685A60E8E7DC
S11341C0005B00201059002073B51C4D060001A8A7
S11341D00C00FCF71DFB2A78531CDBB22B700AB9C8
S11341E0FDF720F8019B83F31088154B042E1AD099
S11341F0052E1FD0032E0FD01B78237001A8FCF7C7
S113420007FB2B78013BDBB22B700BB9FFF7D2FE17
S1134210019B83F3108873BD2200083343CB43C250
S113422003CB03C2EAE722001C3343CB43C213CBC4
S113423013C2E3E75B682360E0E7C046005B00204D
S113424010590020F0B5214C87B0019005A81F003B
S113425003920291FCF7DCFA2278531CDBB2237040
S11342600AB9FCF7DFFF059B83F31088184D002182
S11342702B00A4330020185E04F04CF80026019BA8
S1134280985D03F059FD0136029AB3B29A42F6D80A
S1134290039EF719BE4214D1A4350023E85E012120
S11342A004F038F805A8FCF7B3FA2378013BDBB235
S11342B023700BB9FFF77EFE059B83F3108807B0CC
S11342C0F0BD307803F038FD0136E3E7005B0020F1
S11342D0A4590020C02307B501A8038000231A00B5
S11342E00221FFF7AFFFFDF7E5F807BD10B50A4B54
S11342F01A78082A0DD840F241130124D3402342EE
S113430007D0FFF7E7FF054B21000020185E04F0FB
S113431001F8FDF7CFF810BD1B4000207C590020A8
S113432037B56B460C001500D871FFF7DFFF684600
S11343302B00220001210730FFF784FF6B46DB7955
S1134340842B01D0FDF7B6F837BD000007B5104B3C
S113435001A9984206D90F4B0B8002229820FFF73F
S1134360DFFF07BD0C4B984201D90C4BF4E70C4B13
S1134370984201D90B4BEFE70B4B984201D90B4BF9
S1134380EAE70B4B9842E8D946F66B73E4E7C0467C
S113439000E9A435E1E9FFFF80F8A932D7DBFFFF8C
S11343A08044E52DC1C5FFFF000B6B1B7581FFFF2A
S11343B040FC541937B5104B104D18602B7804008D
S11343C01BB9FFF7C3FF01232B7043F60951B4FB5C
S11343D0F1F20B0041F684605343E31A9B031B186C
S11343E0B3FBF1F392039B181BBA0422862001A9A4
S11343F00193FFF795FF37BDA05A0020A45A00206F
S113440013B5064B04005B7B23B1019001A9052081
S1134410FFF7A4FE2000FFF7CDFF13BD6C59002069
S113442007B56B46D91D044B0870187001228A2009
S1134430FFF776FF07BDC046A55A002013B50B4B06
S11344401B788BB96B460122094CD91D80200A7058
S1134450FFF766FF40F61110E17A00F064F840F6C9
S11344601210217B00F05FF813BDC0469059002064
S11344706C59002007B50C4B0422972001A9019325
S1134480FFF74EFF00236A460720938001A902220A
S1134490FFF746FF7F236A468920137101A9012291
S11344A0FFF73EFF07BDC046020002800D2373B52F
S11344B00D00160001AC2370030A6370A070FFF7AF
S11344C015FF33002A0003212000FFF7BBFEFCF791
S11344D0F1FF73BD07B5064B01A91B7840BA0880EC
S11344E023B9022240F2BC60FFF7E0FF07BDC046DB
S11344F0A55A002007B5064B01A91B7840BA0880CD
S113450023B9022240F2BE60FFF7D0FF07BDC046C8
S1134510A55A002007B56B46D9710733012219004B
S1134520FFF7C4FF07BD10B5FFF7F4FF10BD00008F
S113453010B504000B4B1870587000F015F854B106
S1134540342140F24070FFF7E5FF442140F241700E
S1134550FFF7E0FF10BD142140F24070FFF7DAFFCF
S11345602421F3E7D15A0020012010B5FFF758FFAA
S1134570044B18785A78824202D05870FFF7D8FF5B
S113458010BDC046D15A002010B5012806D0002025
S1134590FFF746FF0022034B5A7010BDFFF7E4FFFC
S11345A0FBE7C046D15A0020F0B5254D87B00190F5
S11345B005A81F0003920291FCF72AF92A78531CDC
S11345C0DBB22B700AB9FCF72DFE059B83F3108830
S11345D01C4E00213300A4330020185E03F09AFE21
S11345E00024019B185D03F0A7FB0134029AA3B2D7
S11345F09A42F6D8002003F09FFB039CC3B20193B8
S1134600E719BC4215D1A4360023F05E012103F062
S113461081FE05A8FCF7FCF82B78013BDBB22B707C
S11346200BB9FFF7C7FC059B83F31088019807B00B
S1134630F0BD002003F080FB20700134E1E7C046A8
S1134640005B0020A459002073B56B4615000C00D4
S1134650DE1DD871FFF74AFE2B0022000121300035
S1134660FFF7A2FF0400FCF725FF200076BD000041
S113467013B501AC012221001520FFF7E5FF064B1D
S113468022781B7852085BB29B1A181C803301DA1B
S11346904FF6807000B216BD6C59002010B5FFF7BC
S11346A0E7FF10BD1D2373B50D00160001AC237088
S11346B0030A6370A070FFF719FE33002A00032178
S11346C02000FFF771FFFCF7F5FE73BD13B56B46D1
S11346D0DC1D01222100FFF7E5FF207816BD10B58F
S11346E0FFF7F4FF10BD000037B52A4B04001B7818
S11346F00D00012B2CD10F280CD1274B042295201F
S113470001A90193FFF70CFE231C5AB20E2A10DDF7
S11347100E230EE0214B0422952001A90193FFF7FB
S1134720FFFD231C1134F0DA49F69953C0F200035B
S11347301B7818215CB240F6E700FFF7EBFE6B46EE
S113474002225D718E201C7101A9FFF7E9FD37BDBE
S113475040F6D800FFF7BAFF1E210143C9B240F664
S1134760D800FFF7D7FE0E4B0422952001A9019330
S1134770FFF7D6FD231C093407DA49F69A53C0F231
S113478000031B7838215CB2D5E75AB2162AF9DD4A
S11347901623F7E719400020060001010400010177
S11347A004070001F7B5214D01A8FCF731F82A7878
S11347B0531CDBB22B700AB9FCF734FD019B83F365
S11347C010881B4B1E681B4B9A88998897B28A42A3
S11347D0FAD101A8DC7AFCF71BF82B78E4B2013B90
S11347E0DBB22B700BB9FFF7E5FB019B83F3108859
S11347F047F6FE739F4202D8E40700D5103645F60B
S11348005E737B430193019B0B4A3000B3FBF2F3CD
S11348100193019C40F2E8320023002104F0EAFBFA
S1134820220000238018594103B0F0BD005B002032
S11348300057002000380A40A086010010B5FFF799
S1134840B1FF0B000A4902008868C968994202D87E
S113485009D1904207D9121A8B4101204042C11755
S11348608018594110BD121A8B4110001900F9E744
S1134870D85A0020F0B5644E87B00191B388B1884E
S11348809AB28B42FAD145F65E7353430593059B66
S11348905E4A5F4CB3FBF2F30593059B277802282D
S11348A03ED09AB203920292032860D000231D00E6
S11348B0012F21D12375FFF775FF019B029A236114
S11348C043F680639B1A019A9BB2A060E160A383C4
S11348D00AB900230FE043F67F62019991421CD884
S11348E00A008B4219D90423039923708C466B4622
S11348F062449B88226101252269002A50D1B37940
S113490004329343B37107232370237D002B00D11A
S11349106FE001232375237068E002232370D8E736
S1134920022F0BD1A28B23699B1A01252361394BDA
S113493022699A420ED9002323610BE0032F03D18D
S11349402369354A9B18F0E7043F0025022FEED86F
S11349502561013543F67F622369934203D804221B
S11349609BB22270C8E7032323700023C4E7052FFA
S113497011D12369039A93420AD9029A01259B1AF9
S113498040F2D0729BB29342B6D804222270B3E7AD
S1134990002323619DE7062FFAD000231D00ABE717
S11349A0217804291FD1B2798A43B27140F2D072BE
S11349B0934204D90523237001235B420CE00621B2
S11349C021709342F8D06422DB03B3FBF2F35A3A2A
S11349D00533B3FBF2F39BB273801B23F372B279FA
S11349E0173B1343B3712378072B8ED0280007B0ED
S11349F0F0BDA36903B198471020FBF70FFF23789C
S1134A00072BF3D185E7C04600380A40A086010091
S1134A10D85A00200000FFFF80C1FFFF002210B51C
S1134A20044B04681A70FBF743FF21000120FFF7D1
S1134A3021FF10BDF85A0020F0B587B0040005A886
S1134A40FBF7E6FE3F490A78531CDBB20B700AB948
S1134A50FCF7E8FB059B83F310883B4E37683D0069
S1134A60002D3AD1636825722360FFB13B7A002B95
S1134A7037D0FFF7E3FE2B003A6800920193A94276
S1134A8003D1824201D90090019500980199121A2C
S1134A908B4100920193019B256813B9009BAB42A3
S1134AA023D9009B5D1B00233D603B720123200042
S1134AB0276123723460FFF7B1FF05A8FBF7A8FE56
S1134AC0204A1378013BDBB213700BB9FFF772FA7B
S1134AD0059B83F3108807B0F0BDAC42EDD02D697F
S1134AE0BEE73B6801950093D5E73E692EB9009B6C
S1134AF0ED1A25603C612661DFE73268019B00986E
S1134B00019912184B410BB9954208D2009B009AA7
S1134B10EB1A236033689B185B1B3360EAE7316947
S1134B2021B9AD1A256034612161C6E708683700F0
S1134B300290002003900E000298039900920193C2
S1134B40DFE7C046005B0020FC5A002070B5124C21
S1134B50236843B1002201251A601A7200232068D9
S1134B6058B903B1206070BDC1682B00026911B14E
S1134B7022608847F2E71000F2E70268002AF3D0C7
S1134B803BB9037A002BEED101230372FFF746FFF2
S1134B90E9E72060F5E7C046FC5A0020F7B52E4D42
S1134BA0040001A8FBF734FE2A78531CDBB22B70F7
S1134BB00AB9FCF737FB019B83F31088274E33684F
S1134BC06BB901A8FBF724FE2B78013BDBB22B70F9
S1134BD00BB9FFF7EFF9019B83F31088F7BDA342EC
S1134BE02DD1237A0BB3FFF729FE8C4600212768C9
S1134BF021722469ACB13A0034600B003E000F000E
S1134C00614502D1824200D90600921BBB411100CA
S1134C10236820005B18236001232372FFF7FEFE44
S1134C20CFE73460FBF744FECBE723692BB121685F
S1134C3033601A6852181A60C3E73360C1E71A0078
S1134C401B69002BBDD09C42F9D1236921681361F3
S1134C50002BEED1B5E7C046005B0020FC5A0020D3
S1134C600122F0B5314DA7B00C9004916B7B0192F9
S1134C70002B00D179E116AB9C1D21000220FFF727
S1134C80A3FA2378019323B103230193019827B056
S1134C90F0BD1822019920AC1AA803F00DFD2100E3
S1134CA00420FFF791FA052018A9FFF78DFA0023D5
S1134CB0E75E229B0793219B0893239B09934FB3A1
S1134CC0012F30D139000798FBF726FD0690184CC8
S1134CD0FBB20499F8B20E93FCF7E2FA23000A90AF
S1134CE048331B78134E1293230046331B78063B3C
S1134CF0DBB20F93EB7B1093189B0B931AAB0393CC
S1134D00002302936B46129A1B7A0593934213D3A2
S1134D106523BAE742F21071089B5A00099B5B189D
S1134D209B180693D3E701235B42FAE76C590020F2
S1134D3010590020B05800200F9B012B07D8109B5E
S1134D402BB933682A331B78022B00D174E13379F1
S1134D50002B00D170E1059A06990B98FBF7F8FC3B
S1134D60039B14901B8808981193012F03D10021F1
S1134D700798FBF7D1FC3568B44A2B002A331B781B
S1134D80B249DB009A5C5B18139200221593139BC3
S1134D90D1B2994200D225E104226B690A998B426F
S1134DA09B4111995B421B0119430B001499194350
S1134DB00A43039B95B21D80002D00D03CE1236C77
S1134DC0002B00D129E1A31DDB8FA14ADB00D358BE
S1134DD01B8D039373B3FFF7E5FCA66BE76B236CA2
S1134DE01A009C462B0092197B4102260027B61814
S1134DF05F418F4200D90DE102D1864200D909E119
S1134E0002267642F717B61A9F4136184F41A31D62
S1134E10DB8F8F4ADB00D3586046198DFBF7B6FC55
S1134E2001230FB9B04200D800235B019BB2039366
S1134E30236C8BB3A31DDB8F854ADB00D3581B8BFC
S1134E4053B3FFF7AFFCA26BE36B0F000021060026
S1134E50206C801859410222002312184B41BB4296
S1134E6000D9DCE002D1B24200D9D8E00222524299
S1134E70D317121A8B4192197B4110001900A31DFC
S1134E80DB8F734ADB00D3581A8B012309B98242A2
S1134E9000D800239B019DB2039B1AAF1D43029BC4
S1134EA05B000393DD53CDBB029BDE00684B9A5934
S1134EB040F2E733D2699A4230D919A90120FFF7A9
S1134EC0F7F816AAD11D2800FFF7F2F8604B01206D
S1134ED099592431FFF776F85D4B711DC9182800E4
S1134EE0FFF770F840F2E831594B0E989A59D3699C
S1134EF0B3FBF1F32021525E9BB20B9900F04CFC02
S1134F00060019A90120FFF75DF816AB2800D91D8A
S1134F10FFF758F816B98023039AD353029B1AAAB1
S1134F205B009B5A002B7DD1FFF73CFC0A9B059A42
S1134F302364A31DDA87029B454AA063E163DB0077
S1134F40D35820A91B7C887889781A1C49B25BB293
S1134F508B4200DD021C00234734E35650B28342E7
S1134F6003D002212270FFF7BFFB0C9B002B00D162
S1134F708CE640F20121080002F0D0FE354B1A788D
S1134F80354B012A60D1C733049A20AC1A7002F061
S1134F905BFE0E232380FFF7A9F902212000049B66
S1134FA00C9AFFF74FF90025FCF784FA04222B4BE7
S1134FB02B481A70FFF7F2FDFFF740FA2100032295
S1134FC083202580A570FFF7ABF9264C264B2000E3
S1134FD01E68FFF7E3FD200026606660FFF72CFDE6
S1134FE0019553E6159B59680D910C210D9B514376
S1134FF09C468C44595EB94208D163465968099B62
S11350008B4203D163469968814201D00132BEE6E6
S11350100022C2E600260027F9E6039508E70020EF
S113502000212CE76022134201D066232DE61B06E3
S113503000D46DE6672328E6029B08360133029309
S1135040039B023303935DE6C0339DE70CAB000082
S1135050B0580020A55A0020A45900201B4000206D
S1135060A85A0020BC5A00206059002070B540F2B4
S1135070E836114B0D005C7B56430323CCB9FFF794
S113508099F928000221FFF72FFBFFF7D7F9210038
S11350902200D120FFF744F90422084D084B2800D0
S11350A01A70FFF77BFD28002E606E60FFF7C4FCCA
S11350B02300180070BDC0466C590020BC5A002063
S11350C01B40002070B5124B0E005C7B15000323BF
S11350D0E4B9FFF76FF9300040F2E8360221FFF738
S11350E003FBFFF7ABF921002200D220FFF718F9E8
S11350F004226E43074D084B28001A70FFF74EFD3B
S113510028002E606E60FFF797FC2300180070BD26
S11351106C590020BC5A00201B4000201FB56B4670
S1135120D8711348FFF73AFD1248FFF737FD6B4675
S11351300122D91D8020FFF7F3F86B46DA790E4B74
S11351409AB9013269461A70202393200B7303A97C
S1135150FFF7E6F801236A465B429381022203A922
S11351601000FFF7DDF805B000BD02221A70F1E768
S1135170BC5A0020A85A00201B400020002010B573
S1135180FFF7CCFF034B1B6813B15B6803B198476F
S113519010BDC046D45A0020002010B5FFF7BEFF52
S11351A0034B1B6813B1DB6803B1984710BDC046BD
S11351B0D45A002010B5024B987AFFF7AFFF10BD08
S11351C06C590020F0B591B0079317AB1E8818AB4B
S11351D01B880192029319AB1B780AAA04931AAB99
S11351E01B78039105931BAB1B78040006933123B2
S11351F09B18DB7F099335239B18DF7F914B5B7BE7
S1135200B3B10AAB0021981D122203F055FA039B97
S11352100BAD2C800C93019B29000D93079B03205D
S11352202B73049BEE812B74069B6B74FEF796FF25
S1135230854B1F707B425F41029B7F423B40029340
S1135240049B0BB9FF330593804B059A1A7024B164
S1135250012C62D0002011B0F0BD7D4D0AAB991C29
S113526001229F200C70FFF75BF82B00E8331C70C1
S11352702B00019AEC331A602B000B22F4330398B1
S11352801A70FBF7CDF92B00F53318702B00B833E7
S11352901C702B00F600BA331E802B0041F604026A
S11352A0BC331A802B00BE332A001C7001230499DE
S11352B0BF32594011702A000599C0321170069A04
S11352C002B1F1332A00C13213702B000122C23320
S11352D0E8351A70FFF76EFF2878431E9841C0B274
S11352E0FFF752F902F05EFC02F0AEFC08225949C5
S11352F00BA803F09CFC082240F2C0600BA9FFF746
S1135300D5F802F037FC41F64073029A5343019AF0
S1135310B3FBF2F3504A13609CE70AABD91C002399
S11353204B4D22009F200B70FEF7FAFF2B00E83351
S11353301C706B461F792B00F833039A1F70474B80
S113534010009B5C0199053F0893FBF7B1F9012F0D
S113535004D8331C0C2E00D20C239EB22B00089AC6
S1135360F9331A702B00079AFA331A702B00FB33A7
S113537018702B000122B8331A702B00C4331E801E
S11353802B00049AC6331A702B00059AC7331A707F
S11353902B00069AC8331A702B00099AC9331A7065
S11353A0FFF708FF2B00E8331878431E9841C0B27A
S11353B0FFF7EAF802F0F6FB02F046FC6B461F7AB0
S11353C03B1CF82F04D949F69B53C0F200031B7809
S11353D00133DBB25B10DEB21F2B2CDD0336B608C3
S11353E03200630001339A400BA90A70A020012205
S11353F0FEF796FF37B1F600A11940F20670C9B264
S1135400FFF788F8C9352B78042440F23670012B55
S113541013D1FFF75BF9A043C1B240F23670FFF736
S113542079F8029B5A4253410D4A5B4213404FF6AE
S1135430FF729B186EE70024D2E7FFF747F9044395
S1135440E1B2EAE76C590020685900201A400020B4
S1135450A459002098AC00006459002064AB0000FB
S11354600100FFFFF0B58FB0019314AB20CB029184
S11354701B780592069316AB1F8817AB1B780600A2
S1135480039318AB1B7804931BAB1B7807936E4BE9
S11354905B7BF3B108AB15220021D81C03F00CF997
S11354A0029A08AB9A701E80059B069A0993019B89
S11354B00B950A9308AB1A74039A19001A75049A87
S11354C05F825A750420FEF749FE604B029A473307
S11354D01A704EB1012E56D040F68900FFF7F6F847
S11354E004210143C9B2A0E0594C0B222300E83344
S11354F01E702300EC331D6023000198F4331A70EE
S1135500FBF78EF82300F53318702300059AF03367
S11355101A602300B8331E702300FF00BA331F80C3
S1135520230041F60402BC331A802300BE33220058
S11355301E7001230399BF3259401170049A02B1BD
S1135540F1332200C132137023000122C233E83444
S11355501A70FFF72FFE2078431E9841C0B2FFF760
S113556013F802F01FFB02F06FFB0822394908A868
S113557003F05DFB082240F2C06008A9FEF796FF25
S113558002F0F8FAA8E7324C019A2300E8331E70BF
S11355902300EEB2F8331E702F4B29009B5C1000E1
S11355A0053E0593FBF784F8012E04D83B1C0C2F11
S11355B000D20C239FB22500059BF9352B702300E4
S11355C0069AFA331A702300FB3318702300012261
S11355D0B8331A702300C4331F802300039AC633E0
S11355E01A7023001D4AC73312781A702300049AD4
S11355F0C8331A702300079AC933E8341A70FFF7C6
S1135600D9FD2078431E9841C0B2FEF7BDFF02F0D9
S1135610C9FA02F019FB2B78062B00D05CE740F6A0
S11356208900FFF753F8FB21014040F68900FEF79B
S113563071FF02980221FFF757F80020084B1C9ACB
S11356401A600FB0F0BDC0466C59002010590020FC
S1135650A459002098AC000064AB00001A4000205C
S11356606059002037B5124D287808281AD1002235
S1135670104B01245A701A706B462200D91D9530C4
S11356800C70FEF74DFE0C4B1B78A34201D1FEF7C4
S1135690F1FE6B460122991D96200C70FEF740FE28
S11356A02C7037BD0028FCD1FFF738FDF9E7C04660
S11356B01B400020D15A002090590020002213B52D
S11356C01100041CC020FEF7BFFF602318402028EF
S11356D002D00020FFF722FD134B00210020185EAA
S11356E002F018FE6B46A207D91D6307DB0FD20F29
S11356F052009B001343E207D20F1343842001227C
S11357000B70FEF70DFE04210B00084A23402142D2
S113571002D00023137013BD08211170044A1370C2
S1135720044A1360044AF5E77C5900201B4000201A
S1135730A45A0020A05A0020A55A002010B5042025
S1135740FFF7BCFF0220FDF78DFE10BD10B5002051
S1135750FFF7B4FF0220FDF785FE10BD052213B547
S113576004000B4B0B481A70FFF718FA942140F60B
S1135770AC00FEF7CFFEFEF761FE01A9230C0B700F
S11357800322230A82204B708C70FEF7C9FD13BDDF
S11357901B400020BC5A0020F0B587B000250591BD
S11357A001920393322B5DD84C4C29002700F53726
S11357B03B78280002932300F9331B78484E049366
S11357C002F0ACFA474B1B780093012B51D175685A
S11357D045B92B004449DA005218116804988142F3
S11357E043D15568FFF7E6FC0020FEF7CDFE230009
S11357F00027E83328001F70FAF712FF2300F5335F
S1135800187002F0CFF92300B8331F7002F01CFAAD
S11358100598364FFEF7F4FD3548FFF79FFFFD88E6
S1135820ADB22800FBF734F80028FAD0FEF720FFC9
S1135830019B98422BDB0025FFF7BCFC009B012B4E
S11358403FD1FEF791FE2300029AF5331A7023002C
S1135850009AE8331A7002F0A5F9009BB83423705B
S113586002F0F2F9280007B0F0BD01330A2BB1D1E0
S1135870B8E7FFF79FFC70680028C9D02300E8331D
S11358801D70FAF7CDFE387002F08CF9C0E740F2D3
S1135890E835039BFF885D43BFB2FEF7E9FE019B39
S11358A09842C8DA3800FAF7F3FFABB29842F4D35F
S11358B0FEF7DEFE019B0125834200DC0025EDB2EC
S11358C0BAE77368002BCDD02300029AF5331A701F
S11358D00023E834237002F065F9C3E7A4590020DB
S11358E06C590020A55A002070AB0000FE260A4027
S11358F0FFFFFF00052213B504000B4B0B481A7081
S1135900FFF74CF9962140F6AC00FEF703FEFEF7D4
S113591095FD01A9230C0B700322230A82204B70EE
S11359208C70FEF7FDFC13BD1B400020BC5A002008
S113593037B540F242210400080002F0EFF944B107
S11359400D4D2800FFF72AF928002C606C60FFF742
S113595073F80A4B1B785BB16B46D91D4023932027
S113596001220B70FEF7DCFC0020FFF7C3FF37BDFC
S1135970034B18688001F8E7A85A002068590020F2
S113598064590020F0B5664B99B002905B7B4BB92B
S1135990634B5B7A002B00D19EE00298FFF7C8FFAF
S11359A000203BE00AABDC1D02202100FEF70CFCCA
S11359B02778032097BB182239000DAC12A802F0F7
S11359C07BFE21000320FEF7FFFB05200CA9FEF758
S11359D0FBFB0022A35E009313B96368039307E003
S11359E0009B012B1CD119006068FAF795FE039007
S11359F04C4B4D4D1A0048321278463309921B78AD
S1135A00063BDBB20593464BDB7B06930C9B07936B
S1135A1012AB0193099B9F4205D1642019B0F0BDDC
S1135A2001235B42DAE7059B012B0CD8069B53B993
S1135A302B682A331B78022B05D1019B0137FFB257
S1135A4008350233E5E72B79002BF6D03A000399A9
S1135A500798FAF77DFE019B1B881843019B84B2CB
S1135A601C80002CE9D12B68304A2A331E78F600BA
S1135A70B35CB118009A04932300012A27D12100B2
S1135A800E98FAF749FE40F20C0C0F9B0893274B33
S1135A90F3180499E2B28A42CFD2624662435E6846
S1135AA0B118B25E012A07D14A68089E964203D112
S1135AB08A68904200D16BE70134EAE70C2058432E
S1135AC04A680133825E0098904200D160E70498EE
S1135AD0DAB28242F2D3B0E740F24221080002F087
S1135AE01DF9029B4BB1124C2000FFF757F8029BA3
S1135AF0200023606360FEF79FFF0E4B1B7853B1B9
S1135B00402312A9932001220B70FEF709FC002008
S1135B10FFF724FE44E7084B18688001F8E7C04605
S1135B206C59002010590020B05800200CAB000024
S1135B30A85A00206859002064590020F0B585B0A7
S1135B4072B6BFF34F8FBFF36F8F00229E490B785D
S1135B500A70DBB262B6BFF34F8FBFF36F8F002BB7
S1135B6000D1F2E003AE310002321220FEF76CFDE8
S1135B700123022235885B423100100033806DBA64
S1135B80FEF7CEFBADB272B6BFF34F8FBFF36F8F8C
S1135B908E4B2820185E02F0AFFB0400012803D1CD
S1135BA0FAF74AFE884B1C7062B6BFF34F8FBFF3FF
S1135BB06F8F40232A0001241A40854B01921A80DA
S1135BC025420AD08348FEF7E9FF834B1C70834BC0
S1135BD01B6813B11B6803B198470224254200D106
S1135BE08AE07F4B1F78A7B97E48FEF7D7FF0122D2
S1135BF0794B390040F602101A70FEF78BFC40F620
S1135C004410FEF763FD0443E1B240F64410FEF78E
S1135C1081FC022231001320FEF716FD724B1F781F
S1135C20012F27D1714B1B78012B23D140F2027035
S1135C30FEF74CFD00901E233370FEF757FB6C4CAF
S1135C400221009B6B4A3000FEF7AEFCFBF732FCEE
S1135C50032231001420FEF7F7FC27706FB1012FE7
S1135C6000D177E01B220021634802F025FD0F23B9
S1135C7023701FE033780093DDE7337823715F4BA3
S1135C8072781B7852085BB29BB29A1A111C12B23A
S1135C90803201DA4FF68071218103AA927852088A
S1135CA09B1A1A1C1BB2803301DA4FF68072002350
S1135CB0E280E360019B13B1504B1B7A73B1474BF5
S1135CC01B685BB19E684EB12378002B64D1082316
S1135CD00621625EE35600994648B047404B1B7864
S1135CE053B13D4B1B78052B06D1444B587A002801
S1135CF057D00020FFF7FEFD019B2BB1374B1B68EB
S1135D0013B11B6903B198472B060AD50122324B04
S1135D101A70324B1B6823B19B6913B1280A1040D7
S1135D209847AD050ED52C4C2378042B3CD129483B
S1135D30FEF734FF01232370284B1B6813B15B6803
S1135D4003B198470023224A13801F4B1878C0B22E
S1135D5005B0F0BD294B32781B7852085BB29BB278
S1135D609A1A111C12B2803201DA4FF680710122A4
S1135D70218203A98A5602329210A2748A785208A8
S1135D809B1A1A1C1BB2803301DA4FF680721C4B2B
S1135D90A2821B68A3618DE712231021625EE35681
S1135DA099E7FFF7DBFCA7E7052BCBD10C4B1B785E
S1135DB023B90C48FEF7F2FE01232370074B1B683E
S1135DC0002BBFD0DB68BBE7D05A0020A4590020C9
S1135DD0AC580020BC5A00201B400020D45A00209C
S1135DE068590020A85A0020A55A0020895700208D
S1135DF090570020AC570020915700206C59002088
S1135E008C570020F0B54E4C85B025000390F53535
S1135E102B780F0002932300F9331E78322900D91E
S1135E208CE00021080001F079FF464B1B780193B8
S1135E30012B62D1444B5D683DB92B004349DA0024
S1135E4052181168B14254D15568FFF7B3F90020D4
S1135E50FEF79AFB23000026E83328001E70FAF7A9
S1135E60DFFB2300F533187001F09CFE2300B833E8
S1135E701E7001F0E9FE0398FEF7C2FA324B344873
S1135E805B7A002B49D0FFF735FD40F2E8367E43BC
S1135E90304FFD88ADB22800FAF7FAFC0028FAD09A
S1135EA0FF882D4DBFB2FEF7E3FB2B1C854200DAC1
S1135EB0031C38001DB2FAF7EBFCB3B29842F2D3DC
S1135EC0FFF778F9019B012B2AD1FEF74DFB230044
S1135ED0029AF5331A702300019AE8331A7001F01C
S1135EE061FE019BB834237001F0AEFE280005B0BA
S1135EF0F0BD01330A2BA1D1A7E7FFF75BF9124BE1
S1135F0058680028B7D023000022E8331A70FAF743
S1135F1087FB287001F046FEADE7FFF71FFCB4E7EE
S1135F20094B5B68002BE1D02300029AF5331A7009
S1135F300023E834237001F035FED7E7064DD5E79A
S1135F40A4590020A55A00206C59002070AB000011
S1135F50FFFFFF00FE260A400080FFFF054810B542
S1135F60FEF71CFE0448437A112B02D00A2102F0EA
S1135F707BF910BDF45400200855002010B50448E6
S1135F80FEF70CFE1621034802F06EF910BDC04660
S1135F90E05400200855002010B5204C2300833322
S1135FA01B7863B11E48FBF7C0FAE06E236F013023
S1135FB0C01A0A21FBF75EFC1A48FBF7B6FA637AAB
S1135FC0112B03D11848FEF7E9FD10BD236FE26ED3
S1135FD0013B2367002AF8D0DBB1144A5379012B23
S1135FE006D0052B11D00D210C4802F03DF9ECE749
S1135FF0636F0133190E51721902090E917219045B
S1136000090E6367D1721373EDE70020FDF7BEFA42
S1136010E9E70548FEF7C2FD1021E5E70855002031
S1136020229C000087930000F45400207E4D002041
S113603010B5154CE37A5B0708D51B230021032018
S1136040E372FEF717FC08B9FAF732FCE37ADB07D0
S113605019D51E234FF6F072E372A388A08899B273
S11360608342FAD19142F8D8084A13681033136076
S1136070074B1B78012B06D900210220FEF7FAFBFF
S113608008B9FAF715FC10BD00380A400057002083
S1136090D85A00201F21012201408A4010B543092B
S11360A0034960339B005A50FDF778FF10BDC0468A
S11360B000E100E040F21A2370B5114A114D8168E5
S11360C0EA5204000620FAF769FF40F28013A52281
S11360D0EF21EA500C4B953A5A7059705A705B781C
S11360E0934200D1C0460320A168FAF757FF6368C2
S11360F01A781AB111201856FFF7CCFF70BDC046AC
S113610080AAFFFF00C07E40FFC07E400300002243
S11361103C3310B51A7040F21A23074A0400D35ACC
S11361200BB9FFF7C7FF0122044B20009A6200223B
S11361309A62FAF79DFF10BD00C07E40FCC07E400D
S113614010B5FFF7E3FF002010BD000030B585B0A7
S1136150FAF795FD1C4B8000C458A06BFAF7B6FF04
S1136160142808D040F2F013184A616BD2580B007F
S11361701340114212D02000FFF7C8FF072320006C
S113618001AD2B70FAF774FF62685368A3B1D2684B
S1136190280003920022029298470DE022003C322C
S11361A01278012AEBD0042A08D1226B0123002A99
S11361B0E5D02000FAF7D2FE05B030BD044BDB6A0F
S11361C01B07DB0F0233DAE7AC4F002000C07E4030
S11361D0FCC07E40F8B50500080016001F00FAF761
S11361E075FF0400142804D12800FFF78FFF200056
S11361F0F8BD40F2F0133400044AD3581C401E4248
S1136200F5D02800FFF782FF3C00F0E700C07E4095
S113621070B503634368C2621E78002533005A1EBA
S1136220934102009B003C32816213704369040075
S11362308363FFF73FFF0D4B5D71236B63B99DB91A
S11362402000FAF715FF0FE0182312222000A16B9B
S1136250FFF7C0FF0500F0E735B92000FAF77EFE2E
S1136260002EF1D012236363280070BDFFC07E406E
S1136270F7B5070000253C373D7004001600019176
S1136280FFF718FFFF23019A19499A431300194A8B
S113629026639B18A3624D71190C8C46604632022A
S11362A01549013AD2189BB248824B81130C9C4683
S11362B06046124B92B2586284234A830C4A537547
S11362C063681B786BB9216A11222000714319336A
S11362D0FFF780FF050010B92000FAF7C9FE280077
S11362E0FEBD01233B7010336363236AA363F6E7A7
S11362F0FFC07E400000F0BDFEC07E40FCC07E407A
S1136300F7B5070000263C373E70040015000191E4
S11363100093FFF7CFFE1C4B019A9C461B481C4977
S1136320624446716B1E160C4E829B18194E92B233
S11363304A811A0C9BB272624B8383234375636850
S11363401B784BB10523009A3B70033B1370A36980
S1136350A36300252800FEBDA16940F2F813694338
S113636010222000FFF736FF050040B9F36A009AB7
S11363701B07DB0F20001370FAF77AFEE9E7200011
S1136380FFF7C4FEE6E7C0460000F0BDFFC07E4054
S1136390FEC07E40FCC07E4070B50400FFF78AFE5C
S11363A0E3683F2040F2D81209491F2B0BD9203B48
S11363B05B081F338D58034085432B4320008B50CB
S11363C0FAF756FE70BD1F25013B2B408D58F3E7AD
S11363D000C07E400A7810B50B00040041602AB169
S11363E011202200097C1856FAF7EEFE2300002241
S11363F03C3320001A70FAF7D9FD28B92000FFF7C2
S1136400CBFF08B9014B236010BDC0464E45504F29
S113641010B50400FAF7CAFD10B92000FFF7BCFF5D
S113642010BD10B50400FAF7CFFE2000FFF732FECE
S113643010BD0000F8B50B004D6A2449EA78040049
S11364405218520282609A6803604277DA690262E3
S11364501A6A4262EFF31086012181F310880F005B
S1136460ED781B4A0635AF405068B8435060526817
S113647086F31088A2685E6A1000FE3001852168E8
S113648077780D782421FF0339436F00D219170060
S113649089B2FE3779820F4979833178490289B20A
S11364A0118040F20111A940428D0A4392B2428503
S11364B01020597B18562200FFF7B3FF00202369F0
S11364C0E0766361044BA0766360F8BD100520009C
S11364D0FC6F04401780FFFF4332495330B5EFF39C
S11364E01082012383F3108898400B49435A1BB14F
S11364F00B5A013B9BB20B520B5A53B940F6FE01A7
S1136500064C074B655A185A064B2B4383439BB2E0
S1136510635282F3108830BD9C4F002000E001409C
S1136520E0A6000000A5FFFF70B5EFF31081012382
S113653083F3108898400A4A835A53B940F6FE04FC
S1136540084D094E2B5B865B33434AF200563343B6
S11365502B53135A01339BB2135281F3108870BD2D
S11365609C4F002000E00140E0A60000030010B5AD
S113657003240A4A0A4811680333A34308185B1822
S113658040F200418B4206D902F0E4F80C23036088
S11365900120404210BD1360FCE7C046984F002024
S11365A080400020094B0A4A1B6810B5934209D861
S11365B040F60B03074A0120D35C03B90220FAF723
S11365C0D3FD02E0044A9342F8D910BDA84F00203D
S11365D080841E0000E0014000366E01F0B5002406
S11365E095B0FAF7FFF8E84BE84A01201A609C607E
S11365F0DC605C60FFF798FF0320FAF7B5FD20002C
S1136600FFF792FFE24A14701378DCB2002BFBD13F
S11366102000FFF763FFFFF7C5FF0120FFF75EFFD0
S113662040F2E8310800FCF705FF012001F000FE0C
S1136630022001F0FDFDD74B1C86D74B1C80D74BA5
S113664000215A5E013201D009221A80D44C002163
S1136650625E013201D00C2222800020185E01F01B
S11366604BFE43425841CF4B18700023E05E01F0CB
S113667043FE43425841CC4B01301870CB4B1A00B7
S1136680A4320020115E013101D0132111801421A4
S11366905A5E013201D021229A8228215A5E0132A7
S11366A001D028221A8500215A5E013201D00E221F
S11366B01A80BF4B00215A5E013201D019221A8080
S11366C00020185E012101F025FEBA4CBA4B621C71
S11366D0A360BA4B6360BA4B63620023A362D377AF
S11366E0EFF31081012282F310884020B54D6B68CE
S11366F083436B606B6881F31088A36860680193BF
S1136700457A016A0295AE038D780F792E432025D0
S11367103543CE78ADB2AC4676033D032E43457B7C
S11367200378ED01A84835432843019D80B20390C6
S1136730FE35688D029E80B2002E00D078E1664658
S11367402A850D784978ED032E43B5B2AC461D0079
S11367500835AA40490289B292B2012F00D010E153
S1136760904301229A40019D019EFE35AF8D92B265
S11367705B00F3181743AF851F006646FE377E8221
S1136780039E90437E83198068850121AA84172083
S1136790884AFFF746FE8D4B022223608C4B002172
S11367A0186840F20043806801F088FE894B5D78E8
S11367B0002D00D085E00121874C59707E4B258245
S11367C0E360864BA562A360854B25706362EFF39B
S11367D0108281F310887B483F3143688B434360C8
S11367E0436882F3108840F20F0C66467D49E368E3
S11367F0087801938700BE40637CC0030293019B29
S1136800FE331A8DB2438E78BE40324392B21A855B
S113681082B2232003921043029A019E5200B218BE
S11368201700FE37788270480126788349780298E9
S1136830490289B2118001228240988D92B2844625
S113684090439885DF8E588D97431043DF86588593
S1136850604602439A85654B07201A7816431E70DA
S1136860029B019A0133DBB25B00D3181A00FE329B
S11368705081039E1C30FF303043508244F29740D5
S113688050831980220029001B206561A561E56100
S11368902562FFF7C6FDA368DB7A5BB2213304D01F
S11368A0220029001420FFF7BCFD0223504D0021D3
S11368B0AB841220484AFFF7B4FD0123AB844D4B4F
S11368C063604D4B4D4E012004247360FFF72CFE92
S11368D040F2403202214A4B4A4D9C5012199950C1
S11368E040F66003484A0120D552FFF7F7FD474BB5
S11368F0474A3360474B48499A6100221A75474B0F
S11369000B604749DA601A61013259601A72EFF379
S1136910108182F3108810202A4EF2688243F260BC
S1136920F26881F310883F4FBA79120700D0A1E0D2
S11369308222BA72BA7A4421D20902B921003A48B1
S11369400278541C04700AB94032BA7101245A689E
S1136950F971127C35495008224092000234944067
S1136960401801782143C9B201705B681878032884
S11369706DD80122524202F033FB6500D301DA01E3
S1136980DE011043EDE6C046345000204347430087
S11369900CE8014000020A4060020A4058500020FE
S11369A0445000209059002019400020A459002090
S11369B07C5900206C50002000200A40F4A90000FB
S11369C081080000FC6F044007C0FFFF535541538A
S11369D02C400020385700200857002018AA000037
S11369E05D220000004000209780FFFF00100A4055
S11369F0FE200A405555415338AA0000D8540020BF
S1136A00006000400080FFFF00E001404D504C5208
S1136A104D4B0000D85A0020D05400209C50002038
S1136A20C0AA000000380A409850002008380A40E4
S1136A304A791A4322B9C6490432CD782A43CA7026
S1136A4000218EE6C34A1B7C9B18FF221A70C24A9F
S1136A5002212120FFF7E5FC4423FB71453B3B80E9
S1136A601B333B736833BB72BA7A423B1343BB722A
S1136A701C23FB72B94ABA4B04241A60B94B148123
S1136A8053600023D3601361EFF31080012181F37D
S1136A901088B54EF3688B43F360F36880F3108875
S1136AA08023B2491D200B87CD820221B04B49427D
S1136AB0198009195481FFF7B4FCAE4BBA791868F0
S1136AC0FB7A057A4068397BAB432A43C569007871
S1136AD0C9B2032805D12878012800D132E1102059
S1136AE083433973FB720123BA71BA79282513439E
S1136AF0BB710423BA791343BB71994B9B4A1B683E
S1136B005B8993869C4B9B689A6803CB1268904779
S1136B109A499B48F9F7A2FF00239A499A4A0B60C5
S1136B204B600B72CA600B61984A9949CA6040F283
S1136B3020220B604B600B720B6196494A60964AA7
S1136B400B608A609549964A0A609649013DADB248
S1136B508B811431002DF9D1934B94491D6000238E
S1136B60D5801560CB5643B9914B924A1A60924A2C
S1136B705A60924A9A6001230B700022904B1100D4
S1136B809048FAF771FB00228F4B11008F48FAF7F7
S1136B906BFB00238E4A8F498F48FAF765FB00236D
S1136BA08E4A8F498F48FAF75FFB00238E4A8F493C
S1136BB08F48FAF759FB8F4B8F4A90499048FAF760
S1136BC053FB904B904A91499148FAF74DFB0022B0
S1136BD0904B11009048FAF747FB00228F4B1100AD
S1136BE08F48FAF741FB00228E4B11008E48FAF7CA
S1136BF03BFB00238D4A8E498E48FAF735FB002370
S1136C008D4A8E498E48FAF72FFB00238D4A8E4910
S1136C108E48FAF729FB00238D4A8E498E48FAF7ED
S1136C2023FB00238D4A8E498E48FAF71DFB00236F
S1136C308D4A8E498E48FAF717FB00238D4A8E49F8
S1136C408E48FAF711FB00238D4A8E498E48FAF7D5
S1136C500BFB8E4B8E4A8F498F48FAF705FB8F4BFF
S1136C608F4A90499048FAF7FFFA00238F4A9049D7
S1136C709048FAF7F9FA00228F4B11008F48FAF77F
S1136C80F3FA00228E4B11008E48FAF7EDFA002336
S1136C908D491A008D48FAF7E7FA00238C491A0047
S1136CA08C48FAF7E1FA00238B4A8C498C48FAF7AE
S1136CB0DBFA00238B4A8C498C48FAF7D5FA002377
S1136CC08B4A8C498C48FAF7CFFA00238B4A8C49BB
S1136CD08C48FAF7C9FA00228B4B11008B48FAF75B
S1136CE0C3FA00228A4B11008A48FAF7BDFA00223F
S1136CF0894B11008948FAF7B7FA894B894A8A49BE
S1136D008A48FAF7B1FA0023894A19008948FAF740
S1136D10ABFA002800D111E18748FAF706FCFEE738
S1136D201B7C0C495B085B005B181A808FE6002310
S1136D307B803A808BE6DB691B78012B00D086E6EA
S1136D407A8084E61420214383432243C9E6C04663
S1136D5000100A4000380A409C500020B050002027
S1136D60D4540020A0AA0000FC6F0440FE260A4070
S1136D7004260A40D054002004400020E89F00006C
S1136D80404D0020F45400205D5F00007D5F000052
S1136D90E0540020F0560020EC5100201C4000205C
S1136DA0C8510020105B00208C4F0020CC540020E0
S1136DB0045B0020D8500020C450002014001400AC
S1136DC0D5180000279C0000D52300002D9C00004E
S1136DD0D1150000CD290000349C0000C519000025
S1136DE0252A00003B9C0000E11900007D2A0000D8
S1136DF0419C000061380000011A0000A137000026
S1136E00489C0000312400003D1A0000012B0000C2
S1136E104E9C0000E9230000549C00000D24000057
S1136E205A9C00004D240000609C0000C51C00001A
S1136E30192F0000669C0000011D00008D2F00002A
S1136E406D9C00004D1C0000112E0000749C00007D
S1136E50851C0000952E00007B9C0000F51B0000A3
S1136E6091380000829C0000A51B0000492D000001
S1136E70879C0000C11B0000892D00008D9C000030
S1136E80511B000091270000939C00007134000006
S1136E907D1A0000952B00009B9C0000F91A00004D
S1136EA0A91A0000012C0000A19C00002118000078
S1136EB0E1270000A69C00007D230000AD9C00009B
S1136EC0B5230000B39C000061280000BA9C0000B8
S1136ED013290000C09C0000511800007D320000FE
S1136EE0C69C0000711B0000E52C0000CE9C000035
S1136EF0651D000061300000D59C0000851D000068
S1136F00B5300000DB9C0000A51D0000E39C0000E0
S1136F10FD150000E89C0000E91D0000EE9C000047
S1136F20D13400000122000051310000F49C000023
S1136F3051190000F89C0000FD9C000000F0F6FFD1
S1136F40B94C80B9A3695B691B8863B1E268E4301A
S1136F5099189B5AFF30834205D940F2E412B34892
S1136F60043101F064FE230000260833DB6F266041
S1136F709A6818685269904740F2EA136660A660FE
S1136F80AA4C22689A4201D0FBF704FA012326672F
S1136F906367F9F7A3FCFF23A54AA648FE32538191
S1136FA0002319001381FE2B00D893E0FF23002651
S1136FB0118191819E4A53809F4B9D4A1580FE2DDD
S1136FC000D88DE016809680207AFCF757FB9B480A
S1136FD09B4B466103609B4B866183609A4B436085
S1136FE09A4BC3609A4B0361F9F7AFF80120F9F7A4
S1136FF0F9FC0120F9F7B0FC964D00202900FCF7BC
S1137000E1FF95490120FCF7DDFF94490420FCF7DA
S1137010D9FF93490520FCF7D5FF92490220FCF7DC
S1137020D1FF91490320FCF7CDFF90490620FCF7DE
S1137030C9FF8F490820FCF7C5FF28000121483803
S1137040666001F011F9002304930D930C930693E9
S113705001330193874A137853B100231370864A8E
S11370601168864A927952B2012A40D102330B70D8
S113707072B6BFF34F8FBFF36F8F616804220B00AA
S11370809343607A63607E4B187062B6BFF34F8F90
S1137090BFF36F8F114201D100F000FC1878013862
S11370A01528D7D801F092FFE803DA03CF01E401F1
S11370B0F0010102D6FF0E02A802CA022E03D6FF77
S11370C00803150315032E032E03D6FFD6FF410331
S11370D0D6FFD7031B181970138901339BB261E7DC
S11370E0ED18534A2E7015880135ADB265E70122BB
S11370F06248827140F201420A8002000025405F2A
S11371000225525F904225D05C480025425F02254B
S1137110465F0020964214D0584801320425405F4F
S113712092FBF0F67043121A54480500AD7980685A
S11371306DB28618805C012D01D0002535704F4D4D
S11371402A80504A9A18127852B2824209D10133E5
S1137150042BD9D1FAF710FA0023484A937113602B
S113716086E7DBB2022B05D00022032B00D068E1B6
S11371700A80EFE7414A0025535F9268D3180293CF
S11371802B284ED1CB880F9340F201430B80002370
S113719009933D4B03930F9A099B9342DADA039BBD
S11371A09D89002D00D1D5E018692A00029901F0CB
S11371B02DFD314B1B680793002800D0BDE0079AD2
S11371C00999029B9180029A5B1955573D2D5FD016
S11371D03F2D00D11DE1002D00D12CE10223079A9F
S11371E01370AAE0431C01DA40B217E001204042C8
S11371F014E008350023EB56002BABD0029A12782A
S113720052B29A42F5D1029B581C00F000FE0128AC
S1137210E8D10120029B1856FCF71EF86B689847CA
S113722098E71A4DE6E7C0460C54002008550020A4
S11372307E4D00208A4E0020844D0020A85400205A
S1137240995F000089240000E5260000052700005E
S11372505527000050550020545500205855002053
S1137260595500205A5500205B5500205C550020DC
S11372705D550020EC5600201C400020F0560020F4
S1137280184000209CAA0000105B00208CAA00007B
S113729001229A56002A50D001339C461A000B90C2
S11372A00023D3560593BBB9814A824D127852B25A
S11372B010922A680823E95E11920A23EA5E059B6C
S11372C012926A6808930E920B9B059A934248DCCB
S11372D0089B1BB3298121E0059B2C2B02D00123A1
S11372E0D3561BB90B9B01335BB20B930132D7E727
S11372F0561C2C2804D03200604680560028F7D152
S113730012B20A92002A32DC089B03B129816A4B2B
S11373101A6800233ABB0BB1F9F776F90523079AEB
S11373201370039B1B6833B1029898470022634B88
S11373301B681A705870F9F767F9604B1A6813786C
S1137340002B00D106E7052B00D103E7022B01D166
S1137350013B1370099B01331BB20993039B143344
S113736018E70022C8E7013312681BB2D2E762466D
S113737000260A981654109A32B9089B03B1298141
S1137380002300221A81FFDE0029F6DD0E98119AEF
S11373900E9BC61A129B36B29E4208DA0023C356CD
S11373A0461C23BB0133013909B2037008930A9BBD
S11373B0138163465360404B186830B103688242BE
S11373C018D13D4E336000230360002313603A4B11
S11373D01868D8B1060000680028FBD13260059B0C
S11373E00A9A013301325BB2944405936CE730008E
S11373F00C32CDE7060000680028E6D08242F9D1BD
S1137400136813933300139E1E60DCE72A4B1A6043
S1137410E5E701255D57002D8FD10523079A1370E9
S1137420039B5B68002B88D002989847234B1B680A
S11374301D70587081E70523079A1370039B9B689E
S1137440F0E70A7086E62069FCF7DAFF237B0193F4
S1137450F3B9230046331B78019A06920BB9E3690A
S113746006930198F9F778FAF9F738FA0423637266
S11374700698FEF787FA0723002800D13BE1642829
S113748002D10F48FAF751F8FDF794FE002332E1D8
S1137490230030331B7823B9E36906930123019356
S11374A0DFE7002306930133F9E7FDF783FED1E517
S11374B0CC540020045B00208C4F00201C40002092
S11374C0269D0000FDF776FEFAF73AF82300903384
S11374D0186858B92300B43318602300B83318600F
S11374E02300C03318602300C4331860237B2BB9F6
S11374F02200C03213602200C43213600A21FAF75A
S1137500B9F92C2001F078FB23000833D86F0A2145
S1137510FAF7B0F92C2001F06FFB230088331868C8
S11375200A21FAF7A7F92C2001F066FB2300A03307
S113753018680A21FAF79EF92C2001F05DFB23005C
S1137540943318680A21FAF795F92C2001F054FBBA
S11375502300983318680A21FAF78CF92C2001F0DB
S11375604BFB22002300B832B03310681B680A2199
S113757090FBF3F0FAF77EF92C2001F03DFB230099
S1137580B4330020185E0A21FAF774F92C2001F0B4
S113759033FB2300B6330020185E0A21FAF76AF998
S11375A02C2001F029FB22002300C432BC331068D4
S11375B01B680A2190FBF3F0FAF75CF92C2001F028
S11375C01BFB2300C0330020185E0A21FAF752F98E
S11375D02C2001F011FB2300C2330A210020185E85
S11375E0FAF748F9F9F7ECFF0025AE4B1B685D701C
S11375F0F9F7C2FF65722DE52069FCF701FF237BD3
S11376000193B3BB1800F9F7EDF9237A032B38D0B3
S113761035D8013B012B04D8A34B1B780493A34B0F
S11376200C93627D0499131C8A4201D96B461B7C1E
S1137630DBB20D93E36E23670A2363722500823560
S11376402B7823B3230054331B7803BB0198F9F739
S113765083F92300803300229A5E2169E36F019845
S1137660FEF79AF898B928000D21823800F0FCFD45
S1137670F0E40120F9F7B6F901230193C5E7043BCF
S1137680C8E72300CC331B780493894BC8E70D99D2
S11376900C98FDF7E5FA66280CD006D80C2350B3F5
S11376A0652800D0F0E68348ECE6672800D0EBE6D6
S11376B08148E7E68148E5E6FDF77CFD8048A56F53
S11376C0FDF76CFA7E4B18001D605D60FDF7B4F9A0
S11376D0C0E42069FCF794FE207B70B9F9F782F9C5
S11376E01421A269637A2069615692B20E2B06D1E5
S11376F0FDF7BCFC17236372ACE40120EEE7FDF751
S1137700E1FCF7E76E48FDF749FAFDF753FD637AAC
S1137710102B00D1BAE60B2B00D1B7E60022614B47
S11377201B685A70F9F728FFB0E640F2D413E35807
S1137730002B00D07FE06248FDF730FA6148FDF786
S11377402DFA0122BB799343BB71BB790332934376
S1137750BB715D4B1968BB79087A49688343C86972
S11377600978032903D10178012900D19343BB711E
S1137770564B574A1B685B89D38615236372C433FF
S1137780FF33E35C012B63D1FDF7D8FF72B6BFF37F
S11377904F8FBFF36F8F0120F9F740F840F6600573
S11377A00120FEF7C1FE4B4B5A681178022905D01F
S11377B0002303290DD12832127852B9464B1A6896
S11377C000235202D10F9A4203DB444A137B117304
S11377D0DBB2434A525BBFF34F8F30BF3D4A52681E
S11377E01178022904D0032908D1283212782AB941
S11377F0394A1268520201D4384A13730120FEF741
S11378006DFE62B6BFF34F8FBFF36F8F72B6BFF3D7
S11378104F8FBFF36F8F334B1A68D20602D41A68A6
S11378209207BDD500221A6062B6BFF34F8FBFF333
S11378306F8FFFF70FFC40F2E83522485D43FDF7F8
S1137840ADF9204B18001D605D60FDF7F5F894E775
S1137850FDF77CFF9AE7FDF705FFC5E672B6BFF3B7
S11378604F8FBFF36F8FBFF34F8F1F4B1F4ADA60E9
S1137870BFF34F8FC046FDE700250A4B1B685D70C0
S1137880F9F77AFE00221A4B65729A56002A01D043
S1137890FFF7E0FB01321A70FFF7DCFBFEF74EF94D
S11378A0FFF7D8FB1C4000207E4D0020844D0020B3
S11378B0DA5500203A9D0000699D00004E9D0000AD
S11378C0F4540020E0540020D0540020D45400206C
S11378D0FE260A40D8540020FC6F044000540040A7
S11378E000E001408057002000ED00E00400FA05AC
S11378F0FC560020484A494B70B59A600122484B17
S1137900484C1A7040F6FE03474A0025E252474BA2
S1137910474ADD601A60474A5A6048F200029A609A
S11379201A61F9F7F9FB40F600031A2240F6240124
S1137930E254635C8BB1404B4048DA680240DA6041
S1137940DA687F263E48C27A3240C2728022D86802
S113795012040243DA60DB68655440F60C03E25C0F
S11379600AB10022E2540320F9F7FEFB002240F69C
S11379700803E25440F61202A35CDB07FCD540F690
S113798023030121E25C8A43E254E25C9207FCD4C3
S113799040F621030121E25C8A43E254E25C92074F
S11379A0FCD440F620020121A35C8B43A354A35CC6
S11379B09B07DB0FDDB2002DF9D1022640F6180239
S11379C0A6540132A3540132A354F9F7A5FB3000A5
S11379D0F9F7CAFB40F6FE031A4A2800E252F9F707
S11379E075FDF9F799FB184B184A19481A60F9F70D
S11379F055FA0120F9F76AFD164E174BF61AB61020
S1137A00AE4201DCFEF7EAFD134AAB009B181B688B
S1137A1098470135F4E7C0460000000000ED00E09F
S1137A2090C07E4000E0014003A5FFFF804C002091
S1137A300048E80100093D00FC6F0440FFFF7FFFA0
S1137A40002C0A4000A5FFFF904F002054524F50D5
S1137A50849E0000FCAC0000F8AC000070B5144C2F
S1137A60002623000833DD6F0A00AB6801009B6821
S1137A702868A6779847050048B1280070BD012101
S1137A800800FBF7D7FC0B4B01369E420DD0A37FB9
S1137A90002BF4D0230058331A78002AEDD01B7839
S1137AA0593440F2F4152370E7E71425E5E7C0469E
S1137AB00C54002040420F00F0B50024250085B08E
S1137AC001922B4B019E844602910B361A69596927
S1137AD0D86803960327039EB618BE438E421ED869
S1137AE004B1D8600DB159611A611900644650316E
S1137AF00C801900019D48310D801D00101A4A3573
S1137B00288002201C00986002980834D864E06F32
S1137B10836800685C680423A04705B0F0BD0221B7
S1137B20596019661900883109689E690C18B7688C
S1137B30009121003468E719B94200D00C00009983
S1137B40586630690919844509D860462200012520
S1137B5080B218675867083220002C00BAE7DC604E
S1137B60596105B11A610248FBF7F8FBD5E7C04635
S1137B700C54002010B50A4B1B7883B940F2B8604E
S1137B80FCF7A4FD01218843C0B2014340F2B86070
S1137B90FCF7C0FCFF2140F2B960FCF7BBFC10BD50
S1137BA0A55A002013B5254C08220021684600F090
S1137BB083FD2300E8331878214B1B78834201D0DE
S1137BC0FCF72EFC2300E8331B7813B1012B2FD0D4
S1137BD013BD2300EC331A681A4B6946B3FBF2F366
S1137BE01A0C0A708B701A0A23004A70F4331B783B
S1137BF043F60950CB702300F034F5331B78226828
S1137C000B71B2FBF0F103004B43D31A41F68462CB
S1137C109B039B18B3FBF0F389035B1869461A0CAA
S1137C204A7108225BBACB808B20FCF779FBCFE743
S1137C30F8342368042269460093F5E7A459002028
S1137C40A55A00200000093D30B585B0304C01AD87
S1137C5009220021280000F02FFD2300B8331878F2
S1137C602C4B1B78834201D0FCF7DAFB2300B8339A
S1137C701B781BB1012B36D005B030BD2300C133B6
S1137C801B78F12B23D14FF6FF70FCF723FC48F24D
S1137C900500FCF72FFC02232200BA3212882100CF
S1137CA052BA2A802200BC310988C0321278698015
S1137CB02100AA710922BE310988EB71A980C2345E
S1137CC023782B7229008C20FCF72AFBD4E7F22BB3
S1137CD0E2D141F60F50FCF7FDFB41F22100FCF725
S1137CE009FC0623D8E72300C4331B880A4A5BBA7D
S1137CF02B802300C6331B781370AB702300C7336B
S1137D001B78C834EB7023880622AB80DAE7C046C0
S1137D10A4590020A55A00208957002007B56B46B6
S1137D20082240BA49BA18805980002369461000D5
S1137D300193FCF7F5FA07BDF0B585B002AB9C1DC5
S1137D40002302AAD51D28701E4A1F4823701370F1
S1137D50431CDB7F53BB46680122337811009C46E9
S1137D6067468368B9401F0089B2FE37F9840191E0
S1137D70614691408C466344FE33598B91430A43D8
S1137D805A83019A316ABA845A8A897892B201294B
S1137D9001D18A435A820123002242618261C218BE
S1137DA0C361C5600461D377FBF7EAFA80239B02C1
S1137DB0044A127812B9013B002BF9D1207805B09E
S1137DC0F0BDC046045700206C500020002170B55F
S1137DD0435653B90CB209040CD4621E821801250F
S1137DE018000A26A34208D170BD303BDBB2013132
S1137DF0092BEDD901204042F6E700215156013309
S1137E00303969431BB275434018013AEAE700234D
S1137E10C2560AB918B27047D2B2110030390929D2
S1137E2002D9413A052A01D80133F1E70920404239
S1137E30F1E7F8B50500FFF7EAFF2E00070000247C
S1137E40731B1BB29F420ADD00203056FBF704FA75
S1137E5000230136F35624010419002BF0D120002D
S1137E60F8BD70B50500FFF7D2FF02280CD1002041
S1137E702856FBF7F1F9040001202856FBF7ECF92A
S1137E802401201800B270BD012804D10020285616
S1137E90FBF7E2F9F7E7031C002801DB4FF6FF7359
S1137EA018B2F0E730B50B4A0221535E0424115F87
S1137EB0013393FBF1F461430025545F5B1A19B25B
S1137EC08C4206D006241457012C02D051809268AB
S1137ED0D05430BDF0560020F8B5436804000020AB
S1137EE0032B22D0261DF56F202D00D92025270035
S1137EF01F372A003800E16F00F099FE0623A360C3
S1137F0023000833D86F3900836822695B680068EE
S1137F109C462B006746B84723695B192361E36FCE
S1137F205B19E367F36F5B1BF367F8BDF0B58F4B29
S1137F308F4D904AAB612B000833DA672B0040F277
S1137F40002288331A608C4A8C496A646A652A0064
S1137F5029658B49903211602A00002398321360FE
S1137F602A0085B09432874987482B64AB64EB645C
S1137F701360FEF72FFA0090002800D0F3E0AB69FD
S1137F80A8601A69586901320099520000F094FB04
S1137F90009BAB774FF6FF73EB65009BEB6001939F
S1137FA0AB6901995A68914201D300243AE02F0049
S1137FB08837019A3E681B685643F61802AB0822BC
S1137FC0310028000733FBF7F5FC040050BB02AB7B
S1137FD0DB79022B14D1380002AB31003A68073345
S1137FE08838FBF7E7FC0400E0B902ABDB79032B2C
S1137FF043D13968090A3000FFF730FD040010E06E
S11380004BF6AD62F3889342F3D1E868A0B33968C4
S113801032680368090A9A42EDD9FFF71FFD04008C
S1138020EE6054B3EB685BBBAB6929001A689B68CC
S11380308831D2182B0009680833521AEA60002CE0
S113804078D1D86F51492C64D9878368AC7750496B
S11380505C6800680823A047040000286AD1AB7F4D
S1138060002B6ED101210800FBF7E4F9494B0134E0
S11380709C42F4D114246FE0EE60019B01338EE73F
S1138080212C16D10126002301213948AB83FBF7AB
S1138090C7FC0400212810D000285DD16EB901234B
S11380A0AB60EB681B682B6400236B603A4B2B605E
S11380B059E0002C50D10026E5E702230021A869ED
S11380C06B600469436929664A009A5A12B90131FE
S11380D0A142F9D92B0088331A68EE6803688068D6
S11380E0B7181818874200D03B00D2186E66EB60B0
S11380F06A618C421AD308332B611D488BB22B67FB
S11381006B67FBF7E4FC040030BB1948FFF7E4FE9F
S1138110040008BBAB68012B0FD001210800FBF75A
S113812089F91E4B01349C42F4D1A3E71048FBF7B4
S113813015F9EDE7212C0FD1A4E76B68042BB0D11E
S113814008E02B0058331A78012AB4D01A782B008F
S113815059331A7040F2F4140835EB6F9A681868B2
S1138160526990470094009805B0F0BD68AA0000D9
S11381700C540020BC9F00000000ADBEFFFFADBE4C
S113818069050000549F0000D84C0020ADBEFFFFDD
S11381904C54002040420F0045455652404B4C0081
S11381A070B50400FFF7C2FE88B9114D40F2E41225
S11381B021002870FFF780FCB0B10E4B5A6812B151
S11381C05A68022A03D104225A60033A9A60094C7D
S11381D0002523000833DB6F25609A68186852690C
S11381E090476560A56070BD2B78002BFCD0EEE74E
S11381F0305E00200C5400200C4B02215A5E0020FB
S1138200195E914210D00621595601290CD0002044
S11382109968885402215A5E0420195E013A92FB3F
S1138220F1F04143521A5A807047C046F05600207C
S113823010B504000020FEF777F90A4BA400E258B9
S1138240012313701378DCB2012BFBD10020FEF75D
S113825045F92000FEF768F9FEF7A4F92000FEF7BF
S11382603DF910BDE0A9000072B6BFF34F8FBFF314
S11382706F8F0423426841721343436062B6BFF3B5
S11382804F8FBFF36F8F70470023F7B5174A184C11
S1138290019123701370174B5E7CDA687600921993
S11382A01700FE377E8A1D78B446012661460E43C8
S11382B001997E82E9406E1C861901395E619961DB
S11382C065B1018807209B6811801856FBF766FE8C
S11382D080239B0222781AB10020FEBD0178F1E7C9
S11382E0013B002BF6D10120F7E7C04634570020AC
S11382F0FD56002008570020030000205A1C05D01A
S1138300034ADBB25B00985A8007C00F7047C0462F
S113831000020A4010B5431C0AD040F60073CAB2EA
S1138320010119400F23184001430248F8F7A4FD46
S113833010BDC046904F0020002310B50400036018
S11383404360836081814366C281036143618361C9
S1138350190008225C3000F0AFF90B4B2462636211
S11383600A4BA3620A4BE3620A4B23630A4B9C4207
S113837005D00A4B9C4202D0094B9C4203D12000F9
S1138380583000F0EDF910BD218600004986000048
S113839081860000AD860000345E00209C5E0020D3
S11383A0045F002010B5034A0349044800F06AF84A
S11383B010BDC04620400020758A000030400020D7
S11383C041680B4B10B50400994201D000F052FBF8
S11383D0A168084B994202D0200000F04BFBE168F1
S11383E0054B994202D0200000F044FB10BDC0466A
S11383F0345E00209C5E0020045F002010B5094B11
S1138400094A04211A6009480022FFF795FF012256
S113841009210748FFF790FF022212210548FFF7C0
S11384208BFF10BD6C5F0020A5830000345E00202C
S11384309C5E0020045F002010B5024800F091F912
S113844010BDC046755F002010B5024800F08AF9DF
S113845010BDC046755F002010B50400FFF7ECFFA7
S1138460236A13B1FFF7F0FF10BD044B2362044BE2
S11384701B68002BF6D1FFF7C1FFF3E7C1830000AF
S11384806C5F0020F7B51400002600900191A568E8
S11384906768013F04D52468002CF8D13000FEBD84
S11384A0AB89012B08D90E22AB5E013304D029001D
S11384B00098019B984706436835EAE7F0B51D002C
S11384C0554B85B01E6804000F00009226B1336A34
S11384D013B93000FFF7C0FF009B022B05D0012B1E
S11384E000D996E0002D00DA93E0636EDB0705D433
S11384F0A3899B0502D4A06D00F033F9210030005C
S113850000F0B8FA616B41B123004433994202D0C0
S1138510300000F029F9002363630023A361636042
S1138520A3891B0603D53000216900F01DF9A38936
S11385303A4A1340A381009B022B60D003AB210075
S1138540300002AA00F0BEFAA3890343A3812DBB25
S1138550029D280000F050F901950700002848D139
S1138560029B0193AB423ED101256D420C22A35ED6
S113857002221A43A2810022A26022004732226012
S113858022610122616E6261114204D19B0502D411
S1138590A06D00F0E7F8280005B0F0BD002FD8D09A
S11385A0336A13B93000FFF757FF009B012B03D147
S11385B0A389009A1A43A2810C22A35E08221900FF
S11385C0276027616561114013421CD0DA0718D572
S11385D000226D42A260A561626ED20701D49B05A0
S11385E013D50025D7E7019800F006F90700002805
S11385F0BAD08023A289019D1343A381D0E700252B
S1138600B4E7A560E8E7A160E6E7A06D00F0AAF88A
S1138610E7E701256D42BEE72C4000205CF3FFFF35
S113862070B50C000E25495F00F070F8002803DBDC
S1138630636D1B18636570BDA389024A1340A3814F
S1138640F9E7C046FFEFFFFFF8B51F008B8905006F
S11386500C001600DB0505D50E23C95E002202239B
S113866000F042F8A389054A28001340A381320090
S11386700E23E15E3B0000F05BF8F8BDFFEFFFFF67
S113868070B50C000E25495F00F02EF8A389421C3A
S113869003D1054A1340A38170BD41F20002134384
S11386A0A3816065F8E7C046FFEFFFFF10B50E2316
S11386B0C95E00F009F810BD03008218934200D18E
S11386C0704719700133F9E7002370B5054D0400B4
S11386D008002B6000F0F6FB431C02D12B6803B1A9
S11386E0236070BD705F002070B5040008001100A5
S11386F01A000023044D2B6000F0D3FB431C02D16D
S11387002B6803B1236070BD705F002070B5040056
S1138710080011001A000023044D2B60FAF7F4FD41
S1138720431C02D12B6803B1236070BD705F00202D
S113873070B50400080011001A000023044D2B60DA
S1138740FAF7D6FD431C02D12B6803B1236070BD38
S1138750705F0020014B18687047C0462C40002011
S1138760704770477047000070B505000C0079B180
S1138770043C2368002B00DAE418280000F0E8F831
S11387801C4A13682BB963601460280000F0E8F8F1
S113879070BDA34208D9206821188B42F3D119680F
S11387A05B6809182160EEE71A005B680BB1A3420D
S11387B0FAD911685018A0420BD120680918501832
S11387C011608342E1D118685B68411811605360FD
S11387D0DBE7A04202D90C232B60D6E720682118DE
S11387E08B4203D119685B68091821606360546087
S11387F0CBE7C0467C5F002010B5034B010018682E
S113880000F026F810BDC0462C40002070B50F4E75
S11388100D003168040011B900F0DEF93060290060
S1138820200000F0D9F9431C03D101256D42280032
S113883070BD0323C51C9D43A842F8D0291A20000B
S113884000F0CAF90130F2D1EFE7C046785F0020AA
S1138850F7B50322CB1C9343083305001F000C2BF0
S113886034D20C27B94233D8384E280000F070F8BF
S113887033681C00002C2FD139002800FFF7C6FFF5
S11388800400431C5FD134680094009B002B4AD140
S1138890002C52D023682800E3180099019300F0BB
S11388A09BF9019B834248D123682800FF1A3900B1
S11388B0FFF7ACFF013040D02368DB192360336835
S11388C05A68002A33D1009B336019E0002BC9DABF
S11388D00C232B600020FEBD2168C91B20D40B296A
S11388E00AD9E2192760A34204D132606368116097
S11388F0536005E05A60F9E76268A3420ED1326022
S1138900280000F02DF8200007220B30231D90438F
S1138910C21A9842DFD01B1AA350DCE75A60EFE773
S113892023006468A6E7009C63680093ADE71A001F
S11389305B68A342FBD10023DAE70C2328002B60F9
S113894000F00EF8C6E70760DAE7C0467C5F002057
S113895010B50248FFF705FF10BDC046745F002044
S113896010B50248FFF7FEFE10BDC046745F00203C
S1138970F7B50C228B5E05000C001A0753D44A6825
S1138980002A02DC0A6C002A4BDDE76A002F48D07B
S1138990002241F200002E682A601A00216A024077
S11389A0034230D0626DA3895B0705D56368D21A90
S11389B0636B0BB1236CD21A00232800E76A216A87
S11389C0B847A289431C06D129681D2944D8284BDD
S11389D0CB40DB0740D50023636023692360D204C6
S11389E004D5431C01D12B6803B96065616B2E600B
S11389F0B9B123004433994202D02800FFF7B4FEF2
S1138A00002363630DE001232800B8470200431CE0
S1138A10C9D12B68002BC6D01D2B01D0162B1AD11F
S1138A202E6000201EE00E69002EFAD00F680E6042
S1138A30BA1B019200229B0700D14A69A260019BE4
S1138A40002BEEDDA36A32001F002800019B216A7F
S1138A50B847002807DCA2894023012013431BB236
S1138A60A3814042FEBD019B36181B1A0193E6E721
S1138A70010040200B6970B505000C0013B90025F6
S1138A80280070BD18B1036A0BB9FFF7E5FC0C228E
S1138A90A35E002BF3D0626ED20704D49B0502D4EC
S1138AA0A06DFFF75EFE28002100FFF761FF636EF3
S1138AB00500DB07E4D4A3899B05E1D4A06DFFF78F
S1138AC051FEDDE770B50E001D000E23C95E1400D3
S1138AD096B000290CDAB2898023110019401A4299
S1138AE014D140F2004300202960236016B070BD09
S1138AF06A4600F04FF80028EDDB4FF200030199BD
S1138B001940044BC9184B425941EAE7002140235C
S1138B10E9E7C04600E0FFFFF0B502268B890500B7
S1138B200C0085B0334207D0230047332360236110
S1138B300123636105B0F0BD03AB02AAFFF7C2FFD6
S1138B40029F019039002800FFF782FE40B90C22F1
S1138B50A35E9A05EED4032293431E43A681E3E762
S1138B608023A28920601343A381039B2061676152
S1138B705BB128000E23E15E00F01EF828B1032348
S1138B80A2899A43023B1343A381A389019A134305
S1138B90A381CFE7002370B5064D0400080011003F
S1138BA02B6000F0D7F9431C02D12B6803B123607A
S1138BB070BDC046705F0020002370B5054D0400F1
S1138BC008002B6000F0D3F9431C02D12B6803B1D9
S1138BD0236070BD705F0020002370B5054D040054
S1138BE008002B60FDF7C2FC431C02D12B6803B1C3
S1138BF0236070BD705F002010B5034B010018683E
S1138C00826800F01DF810BD2C40002030B505002E
S1138C1010005AB10024013A2B5D085D834204D14F
S1138C20944202D00134002BF6D1181A30BD00232F
S1138C3010B59A4200D110BDCC5CC4540133F8E79E
S1138C4070B506000D00140018B1036A0BB9FFF7E4
S1138C5003FC636EDB0705D4A3899B0502D4A06DD6
S1138C60FFF77FFDA368013BA360002B05DAA2692F
S1138C70934212DBEBB20A2B0FD023685A1C2260FA
S1138C801D70EDB2636EDB0705D4A3899B0502D486
S1138C90A06DFFF767FD280070BD29002200300099
S1138CA000F002F80500EDE7F8B506000D00140029
S1138CB018B1036A0BB9FFF7CFFBA369A360A389BB
S1138CC01B0701D5236943B92100300000F02AF8BD
S1138CD018B101256D422800F8BD23692068EFB260
S1138CE0C01A6369EDB2834205DC21003000FFF74E
S1138CF0C1FE0028EDD1A3680130013BA3602368C5
S1138D005A1C22601F706369834204D0A389DB0765
S1138D10E1D50A2DDFD121003000FFF7ABFE00289A
S1138D20D9D0D6E72A4B70B5050018680C0018B1E5
S1138D30036A0BB9FFF790FB0C22A35E1A0722D437
S1138D40DA0607D409222A60402201201343A381B2
S1138D50404237E05B0712D5616B41B123004433D5
S1138D60994202D02800FFF7FFFC0023636324220A
S1138D70A3899343A38100236360236923600823A9
S1138D80A2891343A38123695BB940F2802140F295
S1138D900022A3890B40934203D021002800FFF74F
S1138DA0BBFE0C22A35E01211A000A400B420AD02A
S1138DB00022A26062695242A261226900200AB9BB
S1138DC01A06C1D470BD990700D46269A260F4E7A1
S1138DD02C400020094B10B50400186818B1036A30
S1138DE00BB9FFF739FB0020132C06D8044BE40021
S1138DF0E358013301D0024BE01810BD2C40002091
S1138E00805F0020F8B50400FFF7A4FC13260500DA
S1138E100027301C391CABBE061C2E602000F8BD98
S1138E2010B5431C01D1FFF7EDFF10BDF7B50C00E1
S1138E301600FFF7CFFF050038B9FFF78BFC0923B5
S1138E400360012464422000FEBD022E03D9FFF713
S1138E5081FC1623F4E7012E12D14368E418F6D4FA
S1138E606F462B680A2600937C60301C391CABBE0D
S1138E70061C3000FFF7D4FF0028E2DB6C60E2E759
S1138E800368022EECD16F4600930A36301C391C5D
S1138E90ABBE061C3000FFF7C3FF24180130DFD13E
S1138EA0CFE710B5FFF7C2FF10BD37B5022401901C
S1138EB001AD201C291CABBE041C2000FFF7B0FF31
S1138EC03EBD000070B50500FFF784FF040030B913
S1138ED0FFF740FC092303600120404270BD013DBF
S1138EE0012D09D8094B9A681B699A4204D10123C0
S1138EF05B4203600020F1E72068FFF7D6FF0028FB
S1138F00ECD101235B422360E8E7C046805F002088
S1138F1070B50C00FFF75EFF050030B9FFF71AFCCF
S1138F20092303600120404270BD42F200036268DD
S1138F300C261343636040F20043A364301C291CD5
S1138F40ABBE051C2800FFF76BFF431CEAD0206171
S1138F500020E9E770B50C0005005822002120002C
S1138F60FFF7AAFB28002100FFF7D2FF70BD70B500
S1138F70FFF730FF0924050020B9FFF7EBFB04607D
S1138F80002070BD201C291CABBE041C2000012C39
S1138F90F7D0FFF7DFFB132504000026281C311C43
S1138FA0ABBE051C2560EBE70023C25C0133002A3D
S1138FB0FBD1581E7047000002B4714649084900AD
S1138FC0095C49008E4402BC7047C04603B4714634
S1138FD0490840004900095E49008E4403BC7047BB
S1138FE003B47146490840004900095A49008E44B7
S1138FF003BC7047F0B54FF6FF750400CE462C4015
S1139000474615400E002900994680B5130C070009
S1139010000C61434543584363430C0C5B19E4184B
S11390208C46A54203D980235B0298464044230C16
S113903061461B184FF6FF70084049465643794372
S1139040240489192018C918C0BCB946B046F0BD1B
S113905041542B535441542020202020203A207383
S1139060686F77206170706C69636174696F6E20DA
S113907073746174650D0A0041542B524553455471
S113908020202020203A20726573657420616E646C
S1139090206C6F61642073657474696E67732066F5
S11390A0726F6D206461746120666C6173680D0A6F
S11390B00041542B4D4F44454D20202020203A2080
S11390C0736574206D6F64656D20747970652028F4
S11390D0303A46534B2C313A4C6F5261290D0A00F9
S11390E041542B465245512020202020203A207301
S11390F065742063656E746572206672657175654A
S11391006E63790D0A0041542B4C4D434647202091
S11391102020203A20736574204C6F5261206D6FBB
S113912064756C6174696F6E20706172616D6574D1
S11391306572730D0A0041542B4C5043464720205E
S11391402020203A20736574204C6F526120706196
S1139150636B657420706172616D65746572730D03
S11391600A0041542B464D43464720202020203AF4
S1139170207365742046534B206D6F64756C617465
S1139180696F6E20706172616D65746572730D0A2A
S11391900041542B465043464720202020203A20AB
S11391A07365742046534B207061636B6574207043
S11391B06172616D65746572730D0A0041542B52BE
S11391C04543562020202020203A2072656365699B
S11391D07665207061636B6574730D0A0041542BCE
S11391E05258544F2020202020203A2073657420A8
S11391F052782074696D656F757420706172616D49
S113920065746572730D0A0041542B5258474149E5
S11392104E202020203A2073657420527820676104
S1139220696E206D6F64650D0A0041542B53454EE1
S1139230442020202020203A2073656E6420706131
S1139240636B6574730D0A0041542B504B542020FA
S113925020202020203A20736574207061636B65A0
S11392607420646174610D0A0041542B54585057A2
S11392705220202020203A207365742054782070D6
S11392806F7765720D0A0041542B5458544F2020B7
S1139290202020203A207365742054782074696D4E
S11392A0656F75740D0A0041542B53544F502020A0
S11392B0202020203A2073746F702052782F547825
S11392C02070726F63657373696E670D0A00415491
S11392D02B545843572020202020203A2073656EB9
S11392E06420756E6D6F64756C6174656420636F62
S11392F06E74696E756F757320776176650D0A00FB
S113930041542B545843502020202020203A2073CD
S1139310656E64206D6F64756C6174656420636F41
S11393206E74696E756F757320776176650D0A00CA
S113933041542B4C4254202020202020203A2073DA
S11393406574204C425420284C697374656E204225
S113935065666F72652054616C6B290D0A00415477
S11393602B525353492020202020203A2067657433
S113937020525353492C207365742052535349206F
S11393806F6666736574200D0A0041542B5854525D
S1139390494D20202020203A2073657420585441E0
S11393A04C207472696D20746F2061646A757374E3
S11393B02063656E746572206672657175656E638F
S11393C0790D0A0041542B5341564520202020207A
S11393D0203A207361766520616C6C207365747427
S11393E0696E677320746F206461746120666C61B8
S11393F07368206D656D6F72790D0A0041542B45B9
S11394005241534520202020203A20696E69746916
S1139410616C697A65206461746120666C6173684B
S113942020776974682073797374656D2064656648
S113943061756C740D0A0041542B444556455549D9
S1139440202020203A207365742044657669636582
S11394502045554920284D41432041646472657379
S113946073290D0A0041542B5245475220202020D5
S113947020203A2072656164205246206465766932
S11394806365207265676973746572730D0A0041C0
S1139490542B524547572020202020203A20777211
S11394A06974652052462064657669636520726537
S11394B0676973746572730D0A0041542B534C45EC
S11394C0455020202020203A2073657420736C6559
S11394D06570206D6F64650D0A0041542B5341463D
S11394E0452020202020203A207365742073616673
S11394F065206D6F646520746F20737570706F7272
S11395007420726164696F20726567756C61746937
S11395106F6E0D0A0041542B524547494F4E20208F
S113952020203A2073657420726567696F6E207518
S113953073656420666F722073616665206D6F6465
S1139540650D0A0041542B544F4120202020202037
S1139550203A2073686F772074696D65206F6E20E0
S11395606169720D0A0041542B5645522020202077
S11395702020203A2073686F772076657273696FB4
S11395806E0D0A0041542B48454C502020202020C9
S1139590203A2073686F7720616C6C2041542063FB
S11395A06F6D6D616E64730D0A0041542B4C495309
S11395B0542020202020203A2073686F7720637580
S11395C07272656E7420706172616D65746572206B
S11395D073657474696E67730D0A0041542B4C4DA6
S11395E04346473D534628352D3132292C425728CE
S11395F0302D39292C435228312D34290D0A0020CD
S11396002042573D303A3132352C313A3235302C04
S1139610323A3530302C333A36322C343A34312C19
S1139620353A33312C363A32302C373A31352C38FE
S11396303A31302C393A375B6B487A5D0D0A002099
S11396402043523D313A342F352C323A342F362CC4
S1139650333A342F372C343A342F380D0A0041541E
S11396602B464D4346473D4452283630302D333047
S1139670303030305B6270735D292C425728312DB5
S11396803436373030305B487A5D292C4664657651
S113969028312D36353533355B487A5D292C0D0A52
S11396A00041542B4C504346473D707265616D62D6
S11396B06C654C656E2C66697865644C656E2C63CC
S11396C072634F6E2C6971496E7665727465642C91
S11396D07075626C69634E6574776F726B0D0A0006
S11396E02020707265616D626C654C656E28312D49
S11396F03635353335295B73796D626F6C5D0D0AD0
S113970000202066697865644C656E28303A76617D
S1139710726961626C652F6578706C696369742025
S11397206865616465722C313A66697865642F698D
S11397306D706C6963697420686561646572290D74
S11397400A0020206372634F6E28303A435243204C
S11397504F46462C313A435243204F4E290D0A00BE
S113976020206971496E76657274656428303A53B5
S113977074616E646172642049512C313A496E7689
S11397806572746564204951290D0A0020207075A2
S1139790626C69634E6574776F726B28303A5072ED
S11397A069766174652053796E63576F72642C31E6
S11397B03A5075626C6963284C6F526157414E2967
S11397C02053796E63576F7264290D0A0041542B3C
S11397D046504346473D707265616D626C654C65E9
S11397E06E2C66697865644C656E2C6372634F6E8B
S11397F00D0A002020707265616D626C654C656EA7
S113980028312D38313931295B627974655D0D0A4F
S11398100049444C450054582C0052582C004358DD
S11398200042555359003230323531313238005309
S113983058313236312F005358313236322F0058D6
S113984054414C005443584F000D0A5B20434F4D84
S11398504D4F4E205D2D2D2D2D2D2D2D2D2D2D2DAE
S11398602D2D2D2D2D2D2D2D2D2D2D2D2D2D2D2D24
S11398700D0A004672657175656E6379202020209B
S1139880202020203A20005B487A5D0D0A004D6FAD
S113989064756C6174696F6E202020202020203A4A
S11398A020004746534B0D0A004C6F52610D0A00CD
S11398B052784761696E4D6F646520202020202016
S11398C0203A2000426F6F737465644761696E0DBE
S11398D00A00506F776572536176696E67476169F4
S11398E06E0D0A005478506F776572202020202076
S11398F020202020203A20005B64426D5D0D0A0088
S11399005061796C6F61644C656E202020202020AA
S1139910203A20005B62797465735D0D0A004C4245
S11399205420202020202020202020202020203AE5
S11399302000456E61626C65640D0A0044697361C0
S1139940626C65640D0A00536166654D6F64652041
S113995020202020202020203A2000526567696FB3
S11399606E207573656420666F7220536166654D61
S11399706F64653A2000455500415331004153322C
S11399800041533300415334005553004155004BBB
S113999052004A50004A505F4C444300556E6B6E6F
S11399A06F776E000D0A5B204C4F5241205D2D2DC8
S11399B02D2D2D2D2D2D2D2D2D2D2D2D2D2D2D2DD3
S11399C02D2D2D2D2D2D2D2D2D2D2D0D0A005370CA
S11399D072656164466163746F7220202020203AAE
S11399E02053460042616E645769647468202020E5
S11399F020202020203A200031323500323530003A
S1139A00353030003632003431003331003230002A
S1139A10313500313000436F64696E67526174659B
S1139A20202020202020203A2000342F3500342FFD
S1139A303600342F3700342F3800507265616D6260
S1139A406C654C656E2020202020203A20005B733A
S1139A50796D626F6C735D0D0A00486561646572AF
S1139A6054797065202020202020203A2000466967
S1139A7078656428496D706C69636974290D0A00FE
S1139A805661726961626C65284578706C696369B6
S1139A9074290D0A004372635479706520202020D4
S1139AA02020202020203A2000435243204F4E0DF6
S1139AB00A00435243204F46460D0A00496E76651C
S1139AC0727449512020202020202020203A200098
S1139AD0496E7665727465642049510D0A005374A9
S1139AE0616E646172642049510D0A0053796E639A
S1139AF0576F72642020202020202020203A20004C
S1139B005075626C6963284C6F526157414E290D40
S1139B100A00507269766174650D0A000D0A5B20B3
S1139B204746534B205D2D2D2D2D2D2D2D2D2D2DC7
S1139B302D2D2D2D2D2D2D2D2D2D2D2D2D2D2D2D51
S1139B402D2D2D0D0A00446174615261746520202D
S1139B50202020202020203A20005B6270735D0DBD
S1139B600A0046726571446576696174696F6E2096
S1139B702020203A20000D0A5B20424F415244200D
S1139B805D2D2D2D2D2D2D2D2D2D2D2D2D2D2D2DD1
S1139B902D2D2D2D2D2D2D2D2D2D2D2D2D0D0A0061
S1139BA04465766963652020202020202020202021
S1139BB0203A20005358313236310D0A00535831BF
S1139BC03236320D0A00436C6F636B202020202054
S1139BD0202020202020203A20005854414C0D0AF7
S1139BE0005443584F0D0A002B52583A002B494E4B
S1139BF0464F3A54585F54494D454F55540D0A0049
S1139C002B494E464F3A52585F54494D454F55548F
S1139C100D0A002B52583A30302C302C302C320D97
S1139C200A002B54583A002B53544154002B5245EC
S1139C30534554002B4D4F44454D002B465245513E
S1139C40002B5458505752002B53454E44002B526E
S1139C50454356002B54584357002B545843500047
S1139C602B53544F50002B4C4D434647002B4C5024
S1139C70434647002B464D434647002B4650434638
S1139C8047002B504B54002B5458544F002B525820
S1139C90544F002B52584741494E002B52535349BD
S1139CA0002B4C4254002B585452494D002B534125
S1139CB05645002B4552415345002B52454757000A
S1139CC02B52454752002B444556455549002B53CA
S1139CD04C454550002B53414645002B52454749BE
S1139CE04F4E002B544F41002B48454C50002B4CF9
S1139CF0495354002B5341002B56455200464154BE
S1139D00414C3A2061742D636F6D6D616E647320F4
S1139D10726567697374726174696F6E20657272BB
S1139D206F722E0D0A002B534146453A4641494C69
S1139D305F52585F4346470D0A002B534146453A4C
S1139D404641494C5F54585F4346470D0A002B5324
S1139D504146453A4641494C5F54585F445554592D
S1139D605F4359434C450D0A002B534146453A463F
S1139D7041494C5F54585F4348414E4E454C5F4205
S1139D805553590D0A004F4B004552524F52004E45
S1139D904F20414E5357455200EFF7F8040000009E
S1139DA0080000000000000009000000040000009A
S1139DB00A000000040000000B0000000000000086
S1139DC00C000000000000000D0000000500000071
S1139DD00E000000040000000F000000000300005B
S1139DE00001000004030000010100000500000060
S1139DF00201000005000000030100000001000052
S1139E0008010000050000000901000044020000F0
S1139E100A010000040200000C0100000000000020
S1139E200002000000000000010200000000000029
S1139E3006020000040000000702000000400000C9
S1139E4008020000100400000C02000004040000DA
S1139E500D020000000000000E02000000000000DF
S1139E600F020000000100000003000004010000D4
S1139E7007040000000000000D09000000000000BD
S1139E800E0900001D0000009C9D00000000000061
S1139E9000001040FF03104000010000010000001A
S1139EA000000000FFFF00000008000004000000A4
S1139EB00000000000000000440000000100000059
S1139EC00000000000000000000000006D0B000016
S1139ED000000000000000003D0B0000610B0000CA
S1139EE0F10B0000210C0000470C000000000000F2
S1139EF0FFFFFFFF04400020B09E0000404D002003
S1139F00110B000013000501D5630000116200006D
S1139F1071620000016300002D0F00003512000083
S1139F20FD0E0000190F00001D0F0000210F00009E
S1139F304161000011640000250F0000290F00009A
S1139F40490F00004D0F0000510F0000550F000095
S1139F50590F000001000000533B00000000000006
S1139F600C540020030B0000B44C0020F09E0000B1
S1139F70D89E0000356400001F3E00002B3E000008
S1139F80A73E0000550E00005B0E0000650E0000A9
S1139F90853E000000000000A086010000000000D3
S1139FA0000300000C00000000000000000000009E
S1139FB06D0B000000000000049F0000D84C00203E
S1139FC0549F0000089F00000000000000000000F3
S1139FD007040000040100000D0200000404000056
S1139FE00100000000400020689F00000000000005
S1139FF000000000D1070000184D0020949F0000CD
S113A000749F0000BC9F00000000000206000102D3
S113A010000102DF02000000010000000700000050
S113A02020A10700010000000800000020A1070093
S113A030010000000900000020A107000100000049
S113A0400A00000020A10700010000000B0000002E
S113A05020A10700010000000C00000020A107005F
S113A060010000000700000048E8010001000000B2
S113A0700800000048E80100010000000900000099
S113A08048E80100010000000A00000048E801005F
S113A090010000000B00000048E80100010000007E
S113A0A00C00000048E80100010000000700000067
S113A0B090D00300010000000700000048E8010000
S113A0C0010000000800000048E801000100000051
S113A0D00900000048E80100010000000A00000037
S113A0E048E80100010000000B00000048E80100FE
S113A0F0010000000C00000048E80100000000001E
S113A10050C30000A861000000000000E44971335E
S113A1101CE68D33010000000B000000100E00004F
S113A120000000000000000000000000000000002B
S113A1300A00000000000000083E7233F8F18C337E
S113A140010000000B000000100E000000000000E1
S113A1500000000000000000000000000A000100F0
S113A1600000000064CE8F33DCACBB330100000080
S113A1700B000000A08C00000000000000000000A4
S113A1800000000000000000640000000000000067
S113A19088C29033B8B8BA33010000000B00000045
S113A1A0A08C00000000000000000000000000007F
S113A1B00000000064000100000000002495BD338D
S113A1C09CD4C433010000000B000000A08C0000EC
S113A1D0000000000000000000000000000000007B
S113A1E064000000000000004889BE3378E0C333F7
S113A1F0010000000B000000A08C00000000000023
S113A20000000000000000000000000064000100E5
S113A210000000008443C8335CFCCD33010000001F
S113A2200B000000100E0000000000000000000001
S113A23000000000000000000A0000000000000010
S113A240A837C9333808CD33010000000B000000E3
S113A250100E0000000000000000000000000000DC
S113A260000000000A00010000000000E4F1D23305
S113A2702CDAD4330100000018000000407E0500F1
S113A28000000000000000000000000000000000CA
S113A290E80300000000000008E6D33308E6D333E7
S113A2A00100000018000000407E050000000000CE
S113A2B0000000000000000000000000E8030100AE
S113A2C000000000C485D7335C31DA33010000009C
S113A2D00B000000A08C0000000000000000000043
S113A2E00000000000000000640000000000000006
S113A2F0E879D833383DD933010000000B00000061
S113A300A08C00000000000000000000000000001D
S113A31000000000640001000100000064CE8F33DF
S113A320DCACBB33010000001800000080EE3600F6
S113A3300000000000000000000000000000000019
S113A340FA00000002000000E4BE8A36DC334F3716
S113A350010000000D00000080EE36000000000047
S113A3600000000000000000000000006400000085
S113A3700200000008B38B36B83F4E3701000000DE
S113A3800D00000080EE3600000000000000000018
S113A3900000000000000000640001000300000051
S113A3A0240AD7369CE80237010000000D000000A3
S113A3B080EE3600000000000000000000000000F5
S113A3C000000000640000000300000048FED736CF
S113A3D078F40137010000000D00000080EE360023
S113A3E00000000000000000000000000000000069
S113A3F06400010004000000E4BE8A361C64E436F4
S113A400010000000D00000080EE36000000000096
S113A41000000000000000000000000064000000D4
S113A4200400000008B38B36F86FE3360100000027
S113A4300D00000080EE3600000000000000000067
S113A440000000000000000064000100050000009E
S113A4506443A936DC21D536010000000D0000005C
S113A46080EE360000000000000000000000000044
S113A470000000006400000005000000805CAB36B2
S113A480C008D336010000000D00000080EE360045
S113A49000000000000000000000000000000000B8
S113A4A06400010006000000A461C435DC334F37AA
S113A4B0010000001E00000080EE360000000000D5
S113A4C0000000000000000000000000102702004F
S113A4D006000000103EC73570574C3701000000DD
S113A4E01E00000080EE36000000000000000000A6
S113A4F00000000000000000102703000700000017
S113A500E4BE8A36DC334F37010000001B00000034
S113A51080EE360000000000000000000000000093
S113A520000000001027020007000000509B8D3639
S113A53070574C37010000001B00000080EE36000D
S113A5400000000000000000000000000000000007
S113A5501027030008000000A0D1E336E013F3360F
S113A560400D03000700000080EE360000000000EC
S113A57070170000BFFF00003C9303001027000089
S113A580080000002021F636A0700837400D0300B3
S113A5900B00000080EE3600000000007017000081
S113A5A0BFFF00003C9303001027000009000000D7
S113A5B0C03DDF3640F70937400D03000D000000B1
S113A5C0A00F00003200000088130000B0FF00005C
S113A5D03C930300102700000900000080040D379D
S113A5E000285037400D03000D000000C800000093
S113A5F002000000E8030000B0FF00003C930300E9
S113A600E80300000900000060C4E036E013F336FC
S113A610801A06000D000000A00F000032000000A8
S113A62088130000B0FF0000382007001027010045
S113A63009000000E048FF3660A14E37801A06008A
S113A6400D000000C800000002000000E803000044
S113A650B0FF000038200700E803010009000000F3
S113A660A0D1E336A0700837801A06000D00000060
S113A670A00F00003200000088130000B0FF0000AB
S113A680382007001027010009000000208B0E3736
S113A69020944B37801A06000D000000C80000000B
S113A6A002000000E8030000B0FF000038200700AB
S113A6B0E80301000A000000C03DDF3640F7093717
S113A6C0400D03000D000000A00F00003200000048
S113A6D00000000000000000000000006400000012
S113A6E0010002000800100020000000010000002A
S113A6F0909E000001000000A09E0000FF83DF1771
S113A70032094ED1E7CD8A91C6D5C4C44021184E32
S113A7105586F4DC8A15A7EC92DF93533018CA34BB
S113A720BFA2C759678FBA0D6DD82D7D540A5797AC
S113A7307039D27AEA243385ED9A1DE1FF07BE2EE3
S113A74064129DA3CF9B15238DAB89888042309CD6
S113A750AB0DE9B9142B4FD925BF26A660319469F6
S113A7607F458EB2CF1F741ADBB05AFAA814AF2EED
S113A770E073A4F5D448670BDB343BC3FE0F7C5C69
S113A780C8253B479F362A471B571311008461395C
S113A790561BD37228569FB24B7E4D4CC06328D2B1
S113A7A0FE8B1D659E3EE835B760B5F550295E5DAC
S113A7B0C0E749EBA890CE17B6687787FC1EF8B9B6
S113A7C0904A768F3E6C548E36AE26220108C272B1
S113A7D0AC37A6E450AD3F6496FC9A9980C651A567
S113A7E0FD163ACB3C7DD06B6EC16BEAA052BCBB6C
S113A7F081CE93D751219C2F6CD0EF00EA01000049
S113A800000000000100000001000000C0DC03376C
S113A81000100000E8030000E80300000700000047
S113A8200000000008000500010001000100000014
S113A83050C3000050C30000A861000005000500DB
S113A84000010100000000000000000013130100DB
S113A85000000000C0DC033760630537E803000034
S113A860640001000000000001000000000000007E
S113A87001000000B80B000005000000B0FF00015B
S113A88000000000000000000000000000000000C4
S113A89000000000000000000000000000000000B4
S113A8A000000000000000000000000000000000A4
S113A8B0000080FF00000000000000007F0080FF17
S113A8C000000000010000000000FF000000000084
S113A8D00000000000000000000000000000000074
S113A8E00000000000000000000000000000000064
S113A8F00000000000000000000000000000000054
S113A9000000000000000000000000000000000043
S113A9100000000000000000000000000000000033
S113A9200000000000000000000000000000000023
S113A9300000000000000000000000000000000013
S113A9400000000000000000000000000000000003
S113A95000000000000000000000000000000000F3
S113A96000000000000000000000000000000000E3
S113A97000000000000000000000000000000000D3
S113A98000000000000000000000000000000000C3
S113A99000000000000000000000000000000000B3
S113A9A000000000000000000000000000000000A3
S113A9B00000000000000000000000000000000093
S113A9C00000000000000000000000000000000083
S113A9D00A000000010000000123456789ABCDEFA8
S113A9E008E8014009E801400AE801400BE8014099
S113A9F00CE8014003000017000000010000000003
S113AA0000000000000000000000000081080000B9
S113AA1000000000C89F000000030000001B00129B
S113AA200000001400000000000000005D2200008F
S113AA3000000000E09F0000020000000000000091
S113AA4004000000020000000000000000000000FC
S113AA5000000000000000000000000000000000F2
S113AA60000100000000000000001040020000008F
S113AA700004000000000000100000005C4D0020F5
S113AA80690500000000000004A00000560000005A
S113AA907505000000000000000000004154002B78
S113AAA000000000FFFF000008000000000000009C
S113AAB002021D00000000000000000008A00000C9
S113AAC0030000000000010003000000000000007B
S113AAD000022100000000000000000014A000009B
S113AAE0581B0000983A00001879000030F200006A
S113AAF048E8010090D0030020A1070000000000F6
S113AB0010270000204E000028A0000007000000CD
S113AB10B4A0000001000000A8A00000060000008E
S113AB2060A000000600000018A00000090705034B
S113AB300001020008060400841E0000093D000014
S113AB40127A000024F4000048E8010090D00300C9
S113AB5020A1070000000000B1280000615100009E
S113AB60C3A20000040506030A020901080000004C
S113AB700400000048E801000500000090D0030034
S113AB8006000000382007000300000030F2000037
S113AB900A00000028A0000002000000187900004C
S113ABA009000000204E000001000000983A000057
S113ABB0080000001027000000000000581B0000DF
S113ABC0000000001F000000C01200001F00000071
S113ABD0A816000017000000841C00000F000000ED
S113ABE0E42500001E000000B42D00001600000043
S113ABF0083900000E0000002C4C00001D0000006D
S113AC00685B000015000000747200000D00000075
S113AC10589800001C00000034B700001400000025
S113AC20E8E400000C000000783101001B00000083
S113AC30686E01001300000034CA01000B0000001C
S113AC40286202001A00000040DB0200120000002B
S113AC503C9303000A000000C0C204001900000075
S113AC6060B305001100000038200700090000004F
S113AC7020A107000000000000000000869D0000E5
S113AC8004000000899D00000700000021980000D6
S113AC90080000008F9D0000C194C1000000000066
S113ACA000000206362E322E30004275696C742084
S113ACB0776974682052656E6573617320416476A8
S113ACC0616E63656420466C657869626C652053C7
S113ACD06F667477617265205061636B616765208C
S111ACE076657273696F6E20362E322E300048
S107ACF0F8B5C046A9
S107ACF4F8B5C046A5
S107ACF8410500000E
S107ACFC110500003A
S90378F58F
