S0140000526164696F4576616C4170702E7372656378
S1130000A04C00205902000091950000499700007F
S1130010499700004997000049970000499700005C
S113002000000000000000000000000049970000EC
S11300304997000000000000499700004D37000078
S113004000000000000000000000000000000000AC
S1130050000000000000000000000000858C00008B
S1130060000000000000000000000000D19100002A
S1130070000000000000000000000000000000007C
S113008000000000000000000986000000000000DD
S1130090000000000000000000000000000000005C
S11300A0000000000000000000000000000000004C
S11300B00000000095830000000000000000000024
S11300C000000000C9420000000000000000000021
S11300D00000000000000000000000008980000013
S10F00E0F17F000035800000718B0000EF
S11300EC010000001C01000002000000FC000000E4
S11300FC00400020004000200000104000000203DB
S113010C004000209C40002040040000000001033B
S113011CB84C0020B86000200000000330B585B056
S113012C0400092240F29F2001A903F0E6FD6B466E
S113013C1D79002301A8AB4214D1032B10D86946B6
S113014C5A1C0A716A465B00210A0532D1546A466C
S113015C0632D45440F29F20092201A903F0B0FDC9
S113016C05B030BD01004278897812025218023071
S113017C9442F5D00133DBB2DDE710B5074C102205
S113018C0021200009F0EAFC03F004FE10B913234B
S113019CE372237302F06AFD10BDC0467C5200204A
S11301AC10B50024214B1860214B22485C701C7044
S11301BC02F0FCFB200002F0D3FB012002F00DF94D
S11301CC2100200002F0D2FA2000042102F0E8F908
S11301DC4FF6FF7123002200080002F074F940F678
S11301ECAC00FFF79BFF40F68900FFF797FFFFF782
S11301FCC4FF114800F0E0FE104800F0DDFE104989
S113020C0D4800F0A9FE0F490C4800F0A5FE0E4B5A
S113021C1C7002F069FB80B2033400B904004FF681
S113022CFF7002F02DFD200010BDC046745200205A
S113023C78520020C9130000645100205051002052
S113024C711200008D1200008C52002010B500F0C9
S113025C2FF807F0EDF8FEE7F8B5060000240C279C
S113026C124D2B68A34204D80024AB68A3420ED8C9
S113027CF8BD3A0062436B689B185A7AB24204D1B7
S113028C05CB0021121A09F069FC0134E8E7EB688C
S113029C22019B185A7BB24205D118685A68996896
S11302AC121A09F0C4FC0134DFE7C046EC0000006C
S11302BC70B50025154B164A00209A6007F0A4F877
S11302CC09F0CCF8012007F09FF80020FFF7C4FFD9
S11302DC09F050F809F026F9022007F095F80120EE
S11302ECFFF7BAFF0B4C0C4BE41AA410A54205DB28
S11302FC09F0BEF9002009F023FA70BD064AAB00E0
S113030C9B181B6898470135F0E7C04600ED00E0E8
S10F031C0000000014C3000010C3000027
S1070400FFFFFFFFF8
S1070404F7AFC1FF8A
S1130440FC4F002034510020FF010100BC57002064
S1130450945A0020345A00204C5A0020D4590020C9
S1130460C859002001000000FFFFFFFF000000004A
S1130470E0BD00000000000000000000208B01002F
S11304800000000003000000CC5E0020504000206B
S113049000000000CC5E0020345F00209C5F002040
S11304A00000000000000000000000000000000048
S11304B00000000000000000000000000000000038
S11304C00000000000000000000000000000000028
S10F04D00000000000000000000000001C
S11304E044F29C0044F29C03C2F20000C2F20003F6
S11304F010B5834205D040F20003C0F2000303B1FB
S1130500984710BD44F29C0044F29C03C2F20000E0
S1130510C2F200031B1A9A10D90F8918491010B59A
S113052029B140F20003C0F2000303B1984710BDA3
S113053010B544F6B844C2F20004237873B9FFF747
S1130540CFFF40F20003C0F200032BB140F2084099
S1130550C0F2000000E000BF0123237010BDC046BC
S113056040F20003C0F2000310B54BB144F6BC41A5
S113057040F20840C2F20001C0F2000000E000BFF7
S1130580FFF7C0FF10BDC046F7B505000E000E48CA
S11305900E49019207F0D6F9040060B90C4F3200FD
S11305A038702900019B084807F015F9040010B9B8
S11305B03B78002BFCD0044806F056FF044363420A
S11305C05C41E0B2FEBDC046B45C00200CBF00003C
S11305D0D44C0020F7B507000E0010481049150050
S11305E007F0B0F9040078B96B4639000B4801AA4A
S11305F006F029FF040038B9009BAB420CD32A0053
S11306003000019909F019FB044806F02DFF04435A
S113061063425C41E0B2FEBD0324F5E7B45C002014
S11306200CBF00000122014B1A707047D44C00200B
S11306300022034B9A560AB901321A707047C04619
S1130640F84F0020034B00201A780AB118700130CB
S11306507047C0462C50002010B5034B1B689B7894
S11306600BB109F079F910BD0040002070B52C4B96
S113067004001B785BB283B12A4800F03BFB60B9ED
S1130680284800F093FB050040B1082C05D125480B
S113069000F057FB2000FFF7DFFF70BD2300613B34
S11306A0192B06D8203CE4B221001E4800F08FFB31
S11306B030E00A2C06D00D2C1AD0082C23D0202C84
S11306C0EBD0F1E72100174800F081FB2000164C25
S11306D0FFF7C2FF2378002BDFD0124800F031FB74
S11306E0104800F02EFB0122104B25701A70D4E73D
S11306F021000C4800F06BFB2000FFF7ADFF012246
S1130700094B1A70C9E7074800F047FB28B90548A8
S113071000F017FB2000FFF79FFF0022024BF0E7D9
S1130720F84F002020500020D54C00202C500020F1
S113073010B50A4C2368DB7813B1094803F071FE45
S113074023689A8814235343064A9B18186903F0B4
S113075068FE054803F065FE10BDC0460040002059
S1130760A3A70000D84C002019B1000010B50E4B0F
S11307701B685C78082C16D0DB7813B10B4803F0A7
S113078050FE230034B10123042C03D00333072C7F
S113079000D1023B064ADB009B18586803F041FE77
S11307A0024803F03EFE10BD00400020A3A7000055
S11307B0A0B1000010B5024803F033FE10BDC046DE
S11307C0A3A700000A0010B5A8B1002913DD010099
S11307D0094800F084FA094B094A00201A602823CA
S11307E00849013B9BB288811431002BF9D1D38095
S11307F0136000F0B9F810BD205000200040002024
S1130800FC4F0020D84C0020F8B507000A480668C1
S11308100320F588272D0ED814246C43074801358E
S11308202150241838006260A36009F00FFAA081F7
S113083000202761F580F8BD00400020D84C00203E
S11308400022024B1B681A807047C04600400020FB
S113085083B270B50400064D012B04D8FFF7F0FFF6
S11308602B68DC7070BD40F200422B681A80F9E7F7
S11308700040002040F20142014B1B681A8070477F
S11308800040002010B5274800F034FA20B10220BF
S1130890254B1B68187010BD224800F076FAFFF74C
S11308A0E9FF204800F079FA040058B91D4800F027
S11308B02BFA1E4BE3181B785BB283420FD1013431
S11308C0042CF3D1FFF752FF164800F062FA1548E2
S11308D000F00CFA0020144B1B681856DBE7E4B256
S11308E0114B022C04D0032C17D1FFF7A9FFE9E721
S11308F02B2807D00B4800F042FA01000C4800F006
S1130900C2F9DFE71B680748DC8800F038FA2100E9
S11309100200084800F0BAF8D4E700221B681A70F5
S1130920D0E7C0462050002000400020D0B1000095
S1130930C0B10000D84C0020014B1B6818707047F0
S113094000400020014B1B681878704700400020CD
S1130950014B1B685870704700400020014B1B6816
S1130960988070470040002010B5054B186800F0CF
S113097046FA14220349044800F0BAFA10BDC046EE
S1130980044000202D5000204450002010B5024B9C
S1130990186800F066FA10BD04400020002370B50A
S11309A00360013B0B80074B050018680C0000F046
S11309B031FA30B143682B600822835E238000F053
S11309C07FFA70BD0440002010B5044B186800F095
S11309D021FA00B910BD00F073FAF6E704400020D4
S11309E0C0B20300303BDBB2092B01D858B27047C8
S11309F00300413B052B02D8373840B2F7E701200A
S1130A004042F4E7002310B5C2560AB918B210BD2B
S1130A105C1C8A42FAD02300F6E70000F7B50022F6
S1130A20040003000191009200269E578EB9009B9A
S1130A309E420CDA20000199FFF7E4FF124F051ED5
S1130A4013DC386800F00DFA08B1FFF7BDFF002091
S1130A50FEBD019A964202D001229A561AB9009A12
S1130A60013252B200920133DEE70023235400F036
S1130A7001FA01360581446001000135386800F04F
S1130A80E1F9641976B2D2E704400020F0B505001C
S1130A9085B0012016000391FFF74EFF0420FFF7F5
S1130AA057FF00230193019B039A934201DB05B096
S1130AB0F0BDAC89002C3DD022003100286909F03A
S1130AC05BF8029038BB6B46002798883419FFF70F
S1130AD045FFE7573D2F07D03F2F31D0002F43D09C
S1130AE00220FFF729FF16E00123E3569BB12C21D6
S1130AF0601CFFF793FF0520FFF71EFF2B6843B12F
S1130B003000984704000298FFF716FF2000FFF713
S1130B101FFFFFF759FFFFF715FF0028C7D0FFF7A6
S1130B2011FF0528C3D0FFF70DFF022802D10138B9
S1130B30FFF702FF019B143501331BB20193B2E7A7
S1130B40647864B2002CE6D10520FFF7F5FE6B68EB
S1130B50002BE0D03000984707002000FFF7ECFEA0
S1130B603800FFF7F5FED6E70520FFF7E5FEAB6892
S1130B70002BD0D03000984704003800FFF7DCFE8B
S1130B802000EEE710B500220400A35610B203B90A
S1130B9010BD8B42FCD0303BDBB20132092BF4D9BF
S1130BA009204042F4E770B50400FFF7EBFF011E93
S1130BB012DB0022431E012510000A26E3188A4294
S1130BC000D170BD00241C570132303C6C4312B27A
S1130BD075430019013BF2E701204042F1E7C3B23B
S1130BE01A00303A0120092A06D900200522413B87
S1130BF0DBB29A424041C0B2704770B505000E00A6
S1130C0000242B5720B203B970BDB342FCD01800A6
S1130C10FFF7E5FF01340028F3D109204042F3E750
S1130C2070B50500FFF7E9FF02280CD10020285613
S1130C30FFF7D6FE040001202856FFF7D1FE240159
S1130C40201800B270BD012804D100202856FFF7F7
S1130C50C7FEF7E7031C002801DB4FF6FF7318B249
S1130C60F0E710B50400FFF7C8FF012804D1002005
S1130C702056FFF7B5FE10BD431C01DA40B2FAE777
S1130C8001204042F7E710B504000023E3564BB1BE
S1130C9000228A569A4206D1481C0021FFF7E1FF40
S1130CA06368984710BD0834EFE7F7B505000F00F7
S1130CB0FFF7A3FF2E0000240190731B019A1BB2BF
S1130CC09A420ADD00203056FFF78AFE00230136DF
S1130CD0F35624010419BB42EFD12000FEBD20B11C
S1130CE0002382800360C3808160704708B10023C1
S1130CF003607047030000202BB10620185601380A
S1130D0043425841C0B2704770B50500C0B10023DA
S1130D10C45E0222835E0020A34211D02800FFF7A4
S1130D20E9FF04216B5E013494FBF3F102004B43B1
S1130D30A968E31AC85CCC181BB202B922702B80D4
S1130D4070BD70B50400C8B10223C55E0022835E85
S1130D500020AB4212D02000FFF7CCFF030000209C
S1130D6063B9A268505D53550222A35E0421625EFA
S1130D70013B93FBF2F14A439B1A638070BD18B1A7
S1130D800022835E8068C018704708B10123837114
S1130D90704708B10023837170470022835E0222EA
S1130DA0805E181A43425841C0B270470222835EE3
S1130DB00421425E013393FBF2F14A439B1A002261
S1130DC0805E1BB2C01A43425841C0B2704770B52E
S1130DD004000D0090B1FFF7E9FF78B92000FFF798
S1130DE089FF58B90222A35E0421625E013393FB9A
S1130DF0F2F14A439B1AA2686380D55470BD002364
S1130E0003607047006820B1030000680028FBD12C
S1130E10180070470300006808B102681A60704740
S1130E2003682BB18B4204D10B68036000230B6071
S1130E3070471A001B68002BFAD09942F9D10B684D
S1130E401360F3E770B505000C00FFF7E9FF00231A
S1130E5028002360FFF7D6FF08B92C6070BD04603A
S1130E60FCE70368002003B9704701301B6800B237
S1130E70F9E70000F0B5104B1B785BB21800B3B172
S1130E8000200E4A0823D15E814210DD55680A23F2
S1130E90D65E2B0010685C1B24B2A64207DD002737
S1130EA0DF575C1C27B90139118101221A70F0BD8A
S1130EB023000C30EFE7C046445100203851002095
S1130EC010B570B1094A0A23D45E002311689C420C
S1130ED007DD814206D11189013111810021526857
S1130EE0D15410BD01331BB20C31F0E7385100204E
S1130EF0002310B5074CE35653B9002A08DD38B176
S1130F0031B1054B186059601A815A81012323704D
S1130F1010BDC046445100203851002010B502F0E5
S1130F202DFD10BD37B506AC2478079D00940195BE
S1130F3002F02AFD37BD10B502F02EFD10BD10B52C
S1130F4002F040FD10BD00000022054B10B5040066
S1130F5000681A7002F07AFF206003F02BF910BDCC
S1130F604C5100200023036043600372C16003619D
S1130F707047000070B5124C236843B1002201256C
S1130F801A601A720023206858B903B1206070BD3A
S1130F90C1682B00026911B122608847F2E7100092
S1130FA0F2E70268002AF3D03BB9037A002BEED1B2
S1130FB001230372FFF7C8FFE9E72060F5E7C046A5
S1130FC048510020F7B52F4D040001A802F0A2FB00
S1130FD02A78531CDBB22B700AB902F0BDFB2A4EEF
S1130FE001A802F09CFB336803B16CB901A802F0BC
S1130FF091FB2B78013BDBB22B700BB902F0BCFBED
S113100001A802F08CFBF7BDA3422ED1237A13B3BF
S113101002F0C8FF2768002433688C4619691C72E3
S1131020A9B13A00316023003E002700644502D193
S1131030824200D90600921BBB4116000B680800CF
S11310409B190B6001230B72FFF77EFFCEE7316023
S113105002F02AFFCAE723692BB1216833601A68BA
S113106052181A60C2E73360C0E71A001B69002BEC
S1131070BCD09C42F9D1236921681361002BEED1C5
S1131080B4E7C046C454002048510020054B1B68F7
S11310900BB918007047834201D01B69F8E701209F
S11310A0F8E7C04648510020F0B587B0040005A811
S11310B002F030FB40490A78531CDBB20B700AB9CA
S11310C002F04AFB05A802F02AFB24B12000FFF736
S11310D0DDFF009078B105A802F01CFB364A1378B6
S11310E0013BDBB213700BB902F046FB05A802F01A
S11310F016FB07B0F0BD6368304D23602968009B80
S1131100237239B921610123200023722C60FFF777
S11311101BFFE0E7087AF0B102F044FF2B68009F60
S11311201E683B003200B94202D1864200D9020057
S1131130B61A9F4100960197019B26682F6813B940
S1131140009BB3420BD927B1009B9E1B00233E603A
S11311503B722761D7E70B6801900093ECE73D6988
S11311602DB9009BF61A26603C612561B3E7286817
S11311700199009A019B8018594109B9864208D205
S1131180009B009AF31A23602B689B189B1B2B600F
S1131190EAE72B6923B9361A26602C6123619AE7A2
S11311A01A682F000292002203921D00029A039BE8
S11311B000900191DFE7C046C4540020485100204C
S11311C070B50D000400FFF7FDFE2560656070BD7D
S11311D010B502F0E3FE10BD10B544781CB901341B
S11311E0447003F097F810BD10B503F09DF810BDDE
S11311F010B503F0B7F810BD154B00B5185C0A28FC
S113120023D808F0A5FA1E161612060D22221A1665
S11312101200002001230B398B424041C0B203E08D
S11312200C394B425941C8B200BD002002230A398F
S1131230F2E7002003230939EEE7002004230839EC
S1131240EAE7002005230739E6E70020ECE7C0467B
S113125090B20000014B18887047C0467A520020B3
S113126010B5024B987A01F081FB10BD7C5200202E
S1131270002010B501F07AFB034B1B6813B15B68C7
S113128003B1984710BDC04674520020002010B529
S113129001F06CFB034B1B6813B1DB6803B1984787
S11312A010BDC04674520020012310B511B102F0E4
S11312B02AFD0023180010BD012310B511B102F05E
S11312C005FD0023180010BD10B502F069FD0D23C3
S11312D0012800D00A3B180010BD000010B500F032
S11312E0E1FF03000020082B01D8014AD05C10BDA7
S11312F0DFB1000010B5054B04005B7B0BB101F0BE
S1131300CFFE200001F018F910BDC0467C52002029
S113131010B502F00CFD10BD10B502F0EBFC10BDD1
S113132010B5044B5A7B012312B101F047FE0300B0
S1131330180010BD7C52002010B5042001F062FB9F
S11313400220FFF7EBFD10BD10B5002001F05AFBA1
S11313500220FFF7E3FD10BD10B501F039FC10BD0C
S113136040F28010002310B51A00010001F0B1F81A
S113137001F048FC10BD000070B540F2E8360E4B99
S113138005005B7B0C00564383B9280001F0D4F8B8
S1131390200002F0F9FC01F043FC31000748FFF79C
S11313A00FFF0648FFF780FE002070BDC0B202F0B8
S11313B0E3F80028E9D0F8E77C52002064510020CB
S11313C010B501F0F3F910BD10B572B6BFF34F8F2D
S11313D0BFF36F8F02F08CFA0122044B1A7062B6CD
S11313E0BFF34F8FBFF36F8F10BDC0468C520020E8
S11313F0F0B585B072B6BFF34F8FBFF36F8F002285
S1131400654E33783270DBB262B6BFF34F8FBFF3F1
S11314106F8F002B00D19FE001F06BF804004FF6B2
S1131420FF7001F09AFA72B6BFF34F8FBFF36F8F5C
S113143002F004FD0500012802D102F059FA3570CA
S113144062B6BFF34F8FBFF36F8F40230125234054
S11314500193019A514B1A802C420BD05048FFF74C
S1131460B1FD280000F024FF4E4B1B6813B11B682C
S113147003B1984702252C4244D04B4B1F78A7B99F
S11314804A48FFF79FFD012000F012FF390040F6A3
S1131490021002F02FFC40F6441002F048FC054311
S11314A0E9B240F6441002F025FC02ABDF1DFF2236
S11314B039003F4801F0B0F93E4801F0C1F9019B01
S11314C013B13D4B1B7A7BB1364B1B6863B19D68EE
S11314D055B1384A39781378002B41D10823D356B3
S11314E00620125E3248A8472F4B1B7853B100F0F8
S11314F0D9FE052806D1304B587A002835D0002073
S113150001F048FB019B2BB1264B1B6813B11B69EF
S113151003B1984723060AD5012000F0C9FE214BE8
S11315201B6823B19B6913B1E005C00F9847A4055C
S11315300FD500F0B7FE04281AD11948FFF742FD71
S1131540012000F0B5FE174B1B6813B15B6803B1B3
S113155098470023114A13803078C0B205B0F0BD1B
S11315601223D3561020125EBCE701F0C1FAC9E77A
S113157000F098FE0528ECD10B4B1B782BB90B48D7
S1131580FFF720FD012000F093FE064B1B68002BA3
S1131590DFD0DB68DBE7C0468C5200207A520020A3
S11315A06451002074520020A853002050510020A0
S11315B08D5200208C5300207C52002070B50F4BBC
S11315C006005B7B0C00150093B9300000F0B4FFFB
S11315D0200002F0D9FB01F031FB40F2E831084869
S11315E06943FFF7EDFD0648FFF75EFD002070BD7F
S11315F0C0B201F0BFFF0028E7D0F8E77C5200201A
S11316006451002010B500F01BFF10BD02001F2024
S11316105AB1012308490868824207D9886882427E
S113162004D8054ADB009B18187970470133083148
S1131630172BF0D11F20F8E79CB2000010B50A4B1D
S1131640012807D1094AC73311700948197001F0FC
S113165041F810BD1A00BF321278002AF9D1034AAA
S1131660C0331170F1E7C0467851002008400020D3
S11316703052002070B5164B05005B7B0C00012036
S11316801BB1280001F0B8FEF8B9F5B1002340F20F
S113169001211A00080000F01CFF00F081FF0D4B2F
S11316A0012813D1C7331C700B4801F013F8002232
S11316B02100280001F014FA084B09481968FFF7C3
S11316C07FFD0748FFF7F0FC002070BDC033EAE758
S11316D07C5200207851002030520020B05300206A
S11316E064510020002340F2422110B504001A0086
S11316F0080000F0EEFE34B10A482100FFF760FD57
S11317000848FFF7D1FC084B1B7833B1402000F0A8
S1131710D7FE002001F03EFA10BD044B186880018A
S1131720F8E7C04650510020A8530020AC530020D5
S113173070B5164D04006B7B33B96A7A4AB1200048
S1131740FFF7D0FF002003E001F006FF0028F4D0EB
S113175070BD40F242211300080000F0BAFE34B11B
S11317600B482100FFF72CFD0948FFF79DFC094BAE
S11317701B7833B1402000F0A3FE002001F0B8F93B
S1131780E0E7054B18688001F8E7C0467C5200206A
S113179050510020A8530020AC530020F7B5070097
S11317A00C000025C9B3364E01A801F0B3FF32780E
S11317B0531CDBB233700AB901F0CEFF01A801F06B
S11317C0AEFF092F36D8380007F0C2FF050A292DCD
S11317D031393F43475322782A4B1A7001250FE0D1
S11317E016250422210001A808F027FA019A264BA5
S11317F01968914241D0013DADB20833002DF7D1B3
S113180001A801F087FF3378013BDBB233700BB9D9
S113181001F0B2FF01A801F082FF2800FEBD22788A
S1131820184B1A72DAE72278164B5A72D6E72378E5
S11318302F2B01D90025E3E7124AD372CEE7237890
S11318402F2BF7D80F4A1373C8E722780D4B5A731E
S1131850C4E722780B4B9A72C0E70A4D23784FF6FF
S1131860FF70AF7BAB7301F011FA0028B6D1AF73F0
S1131870E0E72278034BDA73B0E7024B5A60ADE736
S1131880C45400207C5200209CB20000F7B507002D
S11318900C00002679B3254D01A801F03BFF2A78FE
S11318A0531CDBB22B700AB901F056FF01A801F0FA
S11318B036FF0026092F11D8380007F049FF050923
S11318C01E2124272A2D3033194B1B78237004E062
S11318D004222000174908F0B0F9012601A801F0FC
S11318E019FF2B78013BDBB22B700BB901F044FFDD
S11318F001A801F014FF3000FEBD0D4B1B7AE5E793
S11319000B4B5B7AE2E70A4BDB7ADFE7084B1B7B86
S1131910DCE7074B5B7BD9E7054B9B7AD6E7044BA7
S11319209B7BD3E7024BDB7BD0E7C046C45400204B
S11319307C5200208052002010B500F0B3FC08282F
S113194006D10022054B5A701A7001F085F910BDBA
S11319500028FCD101F00AF8F9E7C04678520020CB
S113196010B504000B4B1870587000F015F854B102
S1131970342140F2407002F0BDF9442140F241703C
S113198002F0B8F910BD142140F2407002F0B2F92F
S11319902421F3E778520020012010B500F0F2FD75
S11319A0044B18785A78824202D05870FFF7D8FF57
S11319B010BDC0467852002010B5012806D0002082
S11319C000F0E0FD0022034B5A7010BDFFF7E4FF66
S11319D0FBE7C04678520020F0B50600492095B0D8
S11319E010931AAB150004CB0C911B8821A90B93FF
S11319F01CAB1F881DAB1B7809780D931EAB1B789D
S1131A000E931FAB1B780F9320AB1B789C4608AB3F
S1131A10C018C07F11904D20C018C47F7B48407B04
S1131A20A8B1119B07910893634606930F9B0092FC
S1131A3005930E9B2A0004930D9B0C9903930B9B17
S1131A4030B201930994109B029701F031FB704B63
S1131A501C7063425C410D9B644227400BB9FF3309
S1131A600E936C4B0E9A1A7026B1012E5ED0002094
S1131A7015B0F0BD684C300000F080FC2300E83362
S1131A801E702300EC331D6023000B22F4330C98EA
S1131A901A70FFF7BBFD2300F53318702300B83329
S1131AA01E700B9B0D99DA002300BA331A802300B1
S1131AB041F60402BC331A802300BE3322001E7098
S1131AC00123BF325940117022005249C0320978B3
S1131AD011700F9A02B1F1332200C1321370230046
S1131AE00122C233E8341A70FFF7BAFB2078431E90
S1131AF09841C0B2FFF760FF200000F0A7FD4748FF
S1131B0000F0E8FD0822464912A808F096F812A849
S1131B1000F0EFFB40F2FF1000F014FC41F64073BC
S1131B207B43B3FBF5F33F4A1360A0E73A4C002034
S1131B3000F024FC2300E8331E702300EEB2F833D7
S1131B400C9A1E70384B29009B5C1000053E0E93C6
S1131B50FFF752FB012E07D86B460B9A9B8D0C2A7C
S1131B6000D20C239BB20B9323000E9AF9331A7004
S1131B702300109AFA331A7023002500FB331870DF
S1131B800123B8352B7023000B9AC4331A80230029
S1131B900D9AC6331A7023001E4AC73312782600E2
S1131BA01A7023000F9AC8331A70119BE834C9368F
S1131BB03370FFF755FB2078431E9841C0B2FFF7FE
S1131BC0FBFE200000F042FD280000F083FDF8B287
S1131BD000F0DDFB3378042440F23670012B10D181
S1131BE002F0A5F8A043C1B240F2367002F082F8C8
S1131BF07B427B410D4A5B4213404FF6FF729B18B8
S1131C0091E702F094F80443E1B2EDE77C5200203E
S1131C10A8530020084000207851002030520020B2
S1131C20E4B30000AC53002090B200000100FFFFB9
S1131C30F0B595B00B931AAB20CB0E911B7821A96C
S1131C4010931CAB1F881DAB1B7809780C931EAB3B
S1131C501B7811916C490F920D93497B1FAB20AAFD
S1131C6006001B78127899B105930D9B2299049371
S1131C700C9B089103931199109B07910692019371
S1131C800F9A0B9B0E9900B20297009501F038FA57
S1131C904EB1012E57D040F6890002F048F80421D5
S1131CA00143C9B2A3E0594C0B222300E8331E7050
S1131CB02300EC331D6023000B98F4331A70FFF7F4
S1131CC0A5FC2300F533187023000F9AF0331A6033
S1131CD02300B8331E702300FF00BA331F80230093
S1131CE041F60402BC331A802300BE3322001E7066
S1131CF001230C99BF32594011700D9A02B1F1338E
S1131D002200C132137023000122C233E8341A7056
S1131D10FFF7A6FA2078431E9841C0B2FFF74CFEA5
S1131D20200000F093FC3A4800F0D4FC0822394922
S1131D3012A807F082FF12A800F0DBFA40F2FF10AD
S1131D4000F000FBA7E7314C0B9A2300E8331E7028
S1131D502300EEB2F8331E702F4B29009B5C100059
S1131D60053E0F93FFF748FA012E04D83B1C0C2FB5
S1131D7000D20C239FB225000F9BF9352B70230052
S1131D80109AFA331A7023002600FB3318700123CB
S1131D90B83633702300C4331F8023000C9AC63333
S1131DA01A7023001D4AC73312781A7023000D9A43
S1131DB0C8331A702300119AC933E8341A70FFF734
S1131DC04FFA2078431E9841C0B2FFF7F5FD20007A
S1131DD000F03CFC300000F07DFC2B78062B00D09A
S1131DE059E740F6890001F0A2FFFB21014040F6CB
S1131DF0890001F07FFF0E9801F0C6FF0020084B18
S1131E00229A1A6015B0F0BD7C520020785100204F
S1131E1030520020E4B3000090B2000008400020DB
S1131E20B053002010B5FFF7B7FD00231A001900C6
S1131E30180000F04EFB00F079FE10BDF0B587B03D
S1131E400025059102920493322B5DD84E4B4F4CE2
S1131E501B782A0003932300F933290028001E78F5
S1131E602B0000F036FB00F09BFB494F019001284A
S1131E7051D17D683DB92B004649DA0052181168EA
S1131E80B14244D155680026FFF7EAF90020FFF774
S1131E9093FD414B28001E70FFF7B8FB2300F53378
S1131EA018703D4800F0D2FB2000B830067000F0F6
S1131EB011FC0598FFF71EFA384800F019FE01F0EE
S1131EC0C7FF0500280001F0C9FF0028FAD000F080
S1131ED06DFC029B98422EDB0025FFF7C1F9019BA4
S1131EE0012B43D1FFF758FD23002000039AF5335B
S1131EF01A70019BE830037000F0A8FB2000019BDE
S1131F00B830037000F0E6FB280007B0F0BD0133E1
S1131F100A2BB1D1B7E7FFF7A3F978680028C8D036
S1131F202600E8363570FFF771FB174B1870300048
S1131F3000F08CFBBDE740F2E835049B5D4301F003
S1131F4087FF060000F032FC029B9842C4DA30009E
S1131F5001F084FFABB29842F4D300F027FC029B5B
S1131F600125834200DC0025EDB2B6E77B68002B37
S1131F70CAD02300039A2000F5331A700023E830F6
S1131F80037000F063FBBFE76D520020785100201E
S1131F907C52002040B2000060520020FFFFFF008E
S1131FA0F0B5514C87B0260005900391F53633788F
S1131FB002932300F9331B780493322900D991E06A
S1131FC000231A001900180000F083FA00F0E8FA60
S1131FD0464F0190012864D17D6845B92B004449DE
S1131FE0DA00521811680498814256D155680026C7
S1131FF0FFF736F90020FFF7DFFC3E4B28001E7088
S1132000FFF704FB2300F53318703A4800F01EFB79
S11320102000B830067000F05DFB0598FFF76AF900
S11320207B7A3548002B4CD000F0B4FD40F2E83602
S1132030039B5E4301F00CFF0500280001F00EFF36
S11320400028FAD001F004FF2C4D039000F0AEFB01
S11320502B1C854200DA031C03981DB201F0FEFE1E
S1132060B3B29842F2D3FFF7FBF8019B012B2BD1BB
S1132070FFF792FC23002000029AF5331A70019BAB
S1132080E830037000F0E2FA2000019BB8300370DE
S113209000F020FB280007B0F0BD01330A2B9ED1CD
S11320A0A5E7FFF7DDF878680028B6D025000023FF
S11320B0E8352B70FFF7AAFA3070280000F0C6FA52
S11320C0ABE700F015FDB1E77B68002BE2D02300FD
S11320D0029A2000F5331A700023E830037000F0F0
S11320E0B5FAD7E7054DD5E7785100207C5200209A
S11320F040B2000060520020FFFFFF000080FFFF9D
S1132100F0B585B015000AAA17880BAA01911178B9
S11321100CAA14780DAA127848B1012814D001250C
S1132120002040190138B0FBF5F005B0F0BD0123E3
S113213040F2E8304B40FB185200DB001219183310
S1132140D2009B185843ECE7043302936B1F012B16
S113215004D83B1C0C2F00D20C239FB21201E400C4
S1132160A4184A4251411423AE0049420B40A41B17
S1132170E418AB1E0393062D07D9290001980834EF
S1132180FFF73AF808B1AB1E9E00E343DB171C408F
S1132190A419013C94FBF6F6029B7343DA1913006D
S11321A00E33062D00D9023B084A0199525C0A2AD3
S11321B00AD803999B0001338B4040F2E83058431E
S11321C0034B9200D558ACE7FFDEC04690B2000046
S11321D0E8B10000030000200A2B01D8014AD05CBA
S11321E07047C046D4B10000F0B504000E0085B0BD
S11321F018B30020012C51D1294D2B00F933187844
S1132200FFF7E8FF01002800C83000782B002A00FF
S1132210471EB841FA33F8321B781278039028002D
S11322200296C6300078C435461EB0410190288815
S113223000902000FFF764FF30E0194B1A00EC32E5
S113224015681A00C13212780296013A511E8A4169
S113225003921A00BF321278BA3351424A410192B2
S11322601B882A00DB08009301000300FFF748FFE6
S113227041F65732012395420FD840F6B732DB18A6
S113228095420AD840F2CF720133954205D840F204
S1132290E7320433954200D9023B181805B0F0BD6B
S11322A078510020014B18787047C046094000203F
S11322B0014B18707047C0460940002010B5084B08
S11322C01A78082A08D840F24113D340DB0703D513
S11322D001F0C8FC01F06AFD01F0BAFC10BDC04673
S11322E00940002010B50A000100002001F028FD7B
S11322F010BD10B5010040F2C060082201F0E6FCF8
S1132300002010BD07B5064B01A91B7840BA088010
S113231023B9022240F2BC6001F0D8FC07BDC046DC
S1132320C153002007B5064B01A91B7840BA0880A9
S113233023B9022240F2BE6001F0C8FC07BDC046CA
S1132340C153002010B50C4B04001B789BB940F21C
S1132350B86001F0ECFC01220100230A9143134010
S1132360C9B240F2B860194301F0C4FC40F2B9604C
S1132370E1B201F0BFFC10BDC153002007B56B46AC
S1132380D91D087001229F2001F078FC07BD73B5A8
S1132390031C0400F82804D94BF2EC33C0F2000308
S11323A01B780133DBB25B100025DEB21F2B02DD8C
S11323B00336B608013532006B0001339A4013002E
S11323C06A46D3716B460122A020D91D01F056FC48
S11323D044B16B46F600A919C9B240F20670D9712E
S11323E001F088FC73BD07B56B46D91D0870012246
S11323F0962001F043FC07BD07B56A46031CD11DB6
S113240058069A06C00FD20F520180011043DA0712
S1132410D20F1043DA06D20F120110431A07D20F5B
S1132420D20010435A07D20F9B079200DB0F1043D0
S11324305B00184308700122892001F01FFC07BDCE
S113244007B5104B01A9984206D90F4B0B80022205
S1132450982001F013FC07BD0C4B984201D90C4B9A
S1132460F4E70C4B984201D90B4BEFE70B4B984226
S113247001D90B4BEAE70B4B9842E8D946F66B734C
S1132480E4E7C04600E9A435E1E9FFFF80F8A9329A
S1132490D7DBFFFF8044E52DC1C5FFFF000B6B1B9D
S11324A07581FFFF40FC541913B501AC20706170B5
S11324B0A270210004229520E37001F0DFFB13BD1C
S11324C007B56B46D91D08700122932001F0D6FB95
S11324D007BD13B56C4652BAA280082240BA49BA65
S11324E0208061805BBA69461000E38001F0C6FB7E
S11324F013BD13B501AC02222100122001F0D3FB5D
S1132500208840BA80B216BD07B56B46D91D087045
S113251001229D2001F0B2FB07BD07B50B00072285
S113252001A910401A0C08704A705BBA0422972063
S11325304B8001F0A3FB07BD37B5104B104D18605D
S11325402B7804001BB9FFF77BFF01232B7043F6A4
S11325500951B4FBF1F20B0041F684605343E31AD2
S11325609B031B18B3FBF1F392039B181BBA0422C1
S1132570862001A9019301F081FB37BDB8530020E7
S1132580B453002007B56B46D91D044B087018706E
S113259001228A2001F072FB07BDC046C15300200E
S11325A0014B18787047C046C153002037B504006A
S11325B00D0001F0EFFB0200012826D103000021E9
S11325C00F2C08D10620FFF76FFF231C5AB20E2AE6
S11325D00CDD0E230AE00420FFF766FF231C1134F0
S11325E0F4DA4BF2ED33C0F200031B7818215CB22D
S11325F040F6E70001F07EFB6B4602228E2001A923
S11326005D711C7101F03AFB37BD40F6D80001F052
S11326108EFB1E210143C9B240F6D80001F06AFBCB
S11326200123002207210420FFF73EFF231C093465
S113263007DA4BF2EE33C0F200031B7838215CB2A8
S1132640D6E75AB2162AF9DD1623F7E713B50400C4
S113265008220021684607F087FA1C4B20781B7873
S1132660834201D0FFF78EFF237813B1012B28D0CA
S113267013BD6268164B6946B3FBF2F343F6095087
S11326801A0C0A701A0A4A708B70237BA268CB70EA
S1132690637B0B71B2FBF0F103004B43D31A41F699
S11326A084629B039B18B3FBF0F389035B186946B0
S11326B01A0C4A7108225BBACB808B2001F0DEFA37
S11326C0D6E72369042269460093F6E7C153002044
S11326D00000093D30B5040085B001AD0922002198
S11326E0280007F041FA224B20781B78834201D05E
S11326F0FFF748FF23781BB1012B2BD005B030BD69
S1132700637AF12B1AD14FF6FF70FFF7FBFD48F205
S11327100500FFF707FE02236288A18852BA2A80C7
S1132720227A6980AA710922E188EB71A980A37ACF
S11327302B7229008C2001F0A1FADFE7F22BEBD1F8
S113274041F60F50FFF7DEFD41F22100FFF7EAFDED
S11327500623E1E7A389074A5BBA2B80A37B1370A6
S1132760AB70E37B0622EB70238AAB80E1E7C046C3
S1132770C1530020C053002007B56B46187159712E
S113278002228F2001A901F079FA07BD002110B5BA
S11327900A00C02001F087FA0721021143100A4001
S11327A00B4012015800104310BD000013B501ACDA
S11327B001222100152001F076FA064B22781B78BD
S11327C052085BB29B1A181C803301DA4FF68070F2
S11327D000B216BD7C52002037B505000C00022261
S11327E0132001A901F05FFA094B1B78012B0CD1CE
S11327F0084B1B78012B08D140F2027001F097FAC4
S11328006B4628705B79237037BD6B461879F7E700
S1132810C1530020C0530020F7B56B460C00DF1DE8
S11328200500390020001600FFF7D6FF22780120AA
S1132830B24204D83878290001F094FA0020FEBD91
S113284037B5040001AD03222900142001F02BFA4E
S1132850254B1B7823704BB1012B24D01B22002164
S1132860601C07F081F90F2323701BE000222B78F2
S113287023711E4B9A566B7892B25B08D31A191CBB
S11328801BB2803301DA4FF680712181AB785B088B
S1132890D31A1A1C1BB2803301DA4FF6807200235C
S11328A0E280E36037BD0022104B9A562B7892B237
S11328B05B08D31A191C1BB2803301DA4FF68071FE
S11328C001232182EB5602339B10A374AB785B087F
S11328D0D31A1A1C1BB2803301DA4FF68072044BF0
S11328E0A2821B68A361DDE7C15300207C52002053
S11328F0BC530020002313B501AC21000222172091
S1132900238001F0D0F9012362785110100019409E
S11329109940184008439110194089000843D11088
S11329201940C90008431111194009010843511104
S11329301940921149011A40084392011043227828
S113294013401B02184316BD002307B5022201A938
S113295007200B8001F092F907BD07B5022201A9F7
S113296040BA0880100001F089F907BD07B56B462D
S1132970D8710E48FEF726FB0D48FEF723FB6B4685
S11329800122D91D802001F079F96B46DA79094BCF
S11329904AB9013220201A70FFF792FD4FF6FF70FA
S11329A0FFF7DBFF07BD02221A70F7E7645100202E
S11329B0505100200940002010B5040001F032F904
S11329C0200001F00FF901F04DF90020FFF7CEFFD0
S11329D001F016F901F0EAF90120FFF795FD012253
S11329E0044B1A700023044A1370044A1370044AF7
S11329F0136010BD09400020C1530020B4530020CF
S1132A00B853002013B5041CFFF7C0FE6023034035
S1132A10202B02D00020FFF7A9FF01F007FA6B4634
S1132A20A207D91D6307DB0FD20F52009B0013438B
S1132A30E207D20F1343842001220B7001F01EF928
S1132A4004210B00074A2340214202D000231370C3
S1132A5013BD08211170044A1370044A1360044A18
S1132A60F5E7C04609400020B4530020B8530020C5
S1132A70C153002037B501F093F988B96B460122A0
S1132A80D91D80300A70074D01F0F8F8064B40F666
S1132A901110E97A5C6CA04740F61210297BA0471C
S1132AA037BDC0467C52002054B3000013B5042245
S1132AB00400094B09481A70FEF784FAFFF7DAFF9D
S1132AC001A9230C0B700322230A83204B708C7002
S1132AD001F0D4F813BDC046094000205051002035
S1132AE010B51400FFF7FEFB2000FFF7DFFF10BD59
S1132AF0052213B504000B4B0B481A70FEF762FA5B
S1132B00942140F6AC0001F0F5F8FFF7B3FF01A9FA
S1132B10230C0B700322230A82204B708C7001F06B
S1132B20ADF813BD0940002064510020F0B540F613
S1132B30E206002785B03000039701F0F8F8FE2183
S1132B4040F6E50501400400300001F0D3F8280008
S1132B5001F0EDF87F2101900140280001F0CAF84E
S1132B600B48FFF7C5FF042203A940F6190001F042
S1132B70CAF83800FFF7FAFE2100300001F0BAF875
S1132B802800019901F0B6F8039805B0F0BDC046DD
S1132B90FFFFFF00052213B504000B4B0B481A700E
S1132BA0FEF710FA962140F6AC0001F0A3F8FFF707
S1132BB061FF01A9230C0B700322230A82204B70AE
S1132BC08C7001F05BF813BD0940002064510020B3
S1132BD037B505000C00FFF74DFF6A462B0C137048
S1132BE02B0A5370230C64BA9570D3709480694691
S1132BF00622942001F042F80622014B1A7037BDD8
S1132C000940002010B5FFF735FF0022C520110050
S1132C1001F034F80722014B1A7010BD094000205E
S1132C2010B5FFF727FF0022D120110001F026F88C
S1132C300422014B1A7010BD0940002010B5FFF7A3
S1132C4019FF0022D220110001F018F80422014BD0
S1132C501A7010BD0940002010B50120FFF754FC84
S1132C6000F0CEFF0120FFF7BEFB0122014B1A70DA
S1132C7010BDC04609400020024B1B780BB9024A24
S1132C80D3817047C25300207C520020F8B500273E
S1132C90274B05009E7B38000A2E47D8254C14226A
S1132CA0390025482770676006F05EFF1822390056
S1132CB0224806F059FF224B1B7823B123004633E8
S1132CC01B78B34231D02300463300221E70002308
S1132CD0A263E3630023A11D2200CB878021473236
S1132CE0117022004832137001271A0040F2013C8F
S1132CF0144923640878B0420DD13D420BD00B2A0D
S1132D0008D81148D30019501B18604698803B001E
S1132D100132D2B26D080D482C318142EAD10BB197
S1132D20483422700123064A13700120F8BDC046BE
S1132D307C520020C8530020D0530020E4530020CC
S1132D40C2530020F0B3000018540020C8B900009A
S1132D504A425141094A4942114042F210728918CB
S1132D600300C8430A2B07D8054AD35C054A9B00D5
S1132D709B58C81803B9C8437047C046F0D8FFFF32
S1132D8090B2000014B2000010B5040008002CB189
S1132D90012C09D12100FFF7DBFF10BD500042F2E6
S1132DA010729B18C018F8E701204042F5E70000B4
S1132DB0F7B51B4ACE00B218127903000120D2B134
S1132DC000229C5EDD68844216D100219868FFF7DA
S1132DD0BFFF134B134A9B5940F20C0C2A331B7848
S1132DE01049DB009A5C5B1801920022019ED1B26B
S1132DF08E4203D80420FEBD5868EAE76146514379
S1132E005F687E18795EA14205D17168A94202D13A
S1132E10B168814201D00132E8E70020EBE7C04607
S1132E2018540020C8B9000003000D48D2001258FD
S1132E3030B5546802209C4211D895689D420ED347
S1132E40D2681B1BB3FBF2F454431D1BA34206D1EF
S1132E502800012A03D08A4292415242500030BDD8
S1132E6018540020044BC900CB585B69834280414D
S1132E70404200017047C04618540020F8B51A4C6F
S1132E800020236C63B3A31DDB8F184DDB005B595B
S1132E90188B28B3FEF79CF90023226C06000F0060
S1132EA0A06BE16B801859410222002312184B4198
S1132EB0BB4216D801D1B24213D802225242D317D0
S1132EC0121A8B4192197B410634E18F0120C9000B
S1132ED06958098B0BB9914200D80020800180B257
S1132EE0F8BD00220023EFE7C85300201854002047
S1132EF00300002082B00190D1B142F20F729142DE
S1132F000CD840F2E73291420AD9013242F21070F1
S1132F100192019A401AB0FBF2F0584302B0704794
S1132F2064226329F2D80A220929EFD80122EDE7A5
S1132F300121FBE7F8B51F4C0020236CABB3A31DA4
S1132F40DB8F1D4DDB005B59188D70B3FEF740F924
S1132F50A66BE76B0B0002001900236C10009C4663
S1132F601A000023B6185F410222002392197B4104
S1132F708B421BD801D1824218D802225242D31765
S1132F80921BBB4112184B4116001F000634E38FFD
S1132F906046DB00EB58198DFFF7AAFF01230FB938
S1132FA0B04200D80023580180B2F8BD00260027A3
S1132FB0ECE7C046C853002018540020124AF0B56C
S1132FC013000400463319784832104B1278DD7B25
S1132FD00F4B0639D200C9B2D218934201D1002056
S1132FE0F0BD012905D825B918682A3000780228CF
S1132FF008D0187930B11E687768A74202D8B6683D
S1133000A642EDD20833E8E7C85300207C520020E2
S11330101854002073B5204D060001A80C0000F0E0
S113302079FB2A78531CDBB22B700AB900F094FBAD
S113303001A800F074FB701E042809D806F088FB70
S113304003161A21280050222100144806F0F5FD29
S113305001A800F05FFB2B78013BDBB22B700BB9AE
S113306000F08AFB01A800F05AFB73BD22780B4BD9
S11330701A70EDE7094B083307CC07C306CC06C327
S1133080E6E7064B1C3307CC07C307CC07C3DFE7CF
S11330902268024B5A60DBE7C4540020C853002066
S11330A007B5019001A90520FFF7B4FF00200EBD6C
S11330B0F0B506000D008BB0019311AB1B88009294
S11330C0029313AB1B781222039315AB1F7804AB46
S11330D00021981D06F048FD009B05AC0793019B59
S11330E021002373029B0320E381039B2680069522
S11330F023746774FFF78EFF00200BB0F0BD00004F
S1133100F0B50C00060015008DB0019312AB04CB92
S113311000211B780292039314AB1B88152204939D
S113312015AB1B78059316AB1F7806ABD81C06F0BD
S11331301BFD06AB1E809C70019B039A0893029BA7
S11331400420099306AB1A74049A19005A82059A4A
S11331505F751A750795FFF75DFF0020024B473333
S11331601C700DB0F0BDC046C853002073B5214D8E
S1133170060001A80C0000F0CDFA2A78531CDBB23B
S11331802B700AB900F0E8FA01A800F0C8FA701E22
S1133190042809D806F0DCFA03161A222A00502261
S11331A02000154906F049FD01A800F0B3FA2B7878
S11331B0013BDBB22B700BB900F0DEFA01A800F082
S11331C0AEFA73BD0C4B1B782370EDE722000A4B5B
S11331D0083343CB43C203CB03C2E5E72200064BCB
S11331E01C3343CB43C213CB13C2DDE7024B5B68F2
S11331F02360D9E7C4540020C8530020F0B59BB025
S113320014AD1822040000210EA806F0ADFC29001C
S11332100420FFF7ABFF05200CA9FFF7A7FF00234D
S1133220EE5EA968EB6830006A68FFF7ADFDF3B2A3
S113323002936D4B08905B6A2100029898476B4B90
S1133240049048331B786A4E0793684B46331B78C7
S1133250063BDBB20593674BDB7B06930C9B039326
S11332600EAB0193002300936B461F78079BBB4270
S113327000D8A2E0059B012B07D8069B2BB9336825
S11332802A331B78022B00D1A0E03379002B00D124
S11332909CE03A0008990398FFF7C6FD019B3900AA
S11332A0099028001C88FFF783FD099B390003431C
S11332B004981C43FFF7D6FDA4B2019B0443A4B2B7
S11332C01C80002C00D081E0FFF734FE0400FFF7DF
S11332D0D5FD009B04435B001800019310230AA949
S11332E0A4B2C9180C52DCBB0099414BCE009A59C8
S11332F040F2E733D2699A4232D93B4A0DA9D56FDD
S11333000120A8470AA903312000A847384B364AB0
S11333109959956F24310120A847354B711DC9185F
S11333202000A84740F2E831314B9A59D369202054
S1133330125EB3FBF1F32C499BB20E690298039918
S1133340B04706000DA90120A8470AA920000331AF
S1133350A8472EB91022802301980AA98A1813526B
S1133360009B0EAA5B009B5A13BBFDF731FF1F4B5A
S1133370049A9863D9631A640633DF87009B1C4A56
S1133380DB00D35814A91B7C887889781A1C49B2AD
S11333905BB28B4200DD021C0021144B50B2473358
S11333A05956814202D01A7000F0EEFC002006E06B
S11333B06022134212D11B0613D4FF276520FF237A
S11333C018403B401B0218431BB0F0BD009B08365D
S11333D001330093019B0233019345E7FF276620E5
S11333E0EDE7FF276720EAE754B30000C853002045
S11333F0185400207C52002037B56B46DD1C022097
S11334000C002900FFF7B2FE2B7803201BB9200023
S1133410FFF7F4FEC0B23EBDF0B599B0182200210A
S11334200DAC12A806F0A0FB21000320FFF79EFEBE
S113343005200CA9FFF79AFE0022A35E019303BBAB
S113344063680393404B00271A00483212784633CE
S113345009921B783D4D063BDBB205933C4BDB7B6D
S113346006930C9B079312AB0293099BBB4210D1AA
S1133470FF276420FF2318403B401B02184319B068
S1133480F0BD002361681A000198FFF77DFC0390EA
S1133490D8E7059B012B0DD8069B5BB92B682A3313
S11334A01B78022B06D1029B01370233FFB2083589
S11334B00293DAE72B79002BF5D03A0003990798A9
S11334C0FFF7B2FC029B1B881843029B84B21C804A
S11334D0002CE8D12B681F4A2A331E78F600B35C0F
S11334E0B118019A04932300012A25D121000E98D2
S11334F0FFF72EFC40F20C0C0F9B0893154BF318AE
S11335000499E2B28A42CED2624662435E68B1183E
S1133510B25E012A06D14A68089E964202D18A68A0
S113352082420ED00134EBE70C2058434A68013341
S1133530825E0198904204D00498DAB29042F3D8A3
S1133540B1E7002096E7C046C85300201854002075
S11335507C520020C8B9000013B56B46DC1C022065
S11335602100FFF703FE2378032013B9FFF754FF6C
S1133570C0B216BD0320704703207047F8B52E4C27
S11335800125230022004633197848322B4B127848
S1133590DE7B2B4B0639D200C9B2D218934205D137
S11335A0002D46D1236C83B90020F8BD012905D82C
S11335B026B918682A300078022804D018794742BE
S11335C07841404205400833E8E7FDF701FE022256
S11335D0002306000F00A06BE16B12184B419F42C1
S11335E002D823D1964221D902225242D317121A69
S11335F08B41B6185F41256C0634E38F104ADB001B
S1133600D4582800218DFFF773FC218B02008142DE
S113361000D90A0000232800002180185941B9422A
S113362002D8C1D1B042BFD9801BBEE70026002713
S1133630E1E701204042B8E7C85300207C52002053
S11336401854002003795A1E9341024ADBB21370C6
S11336507047C04678540020054B10B59B689A68A3
S113366003CB12689047034B03CB04F0DBFA10BD85
S11336702840002054BF0000012310B5064C2370DD
S1133680064B186804F0EEFA002318B92378002BCF
S1133690FCD10133180010BD7854002054BF000041
S11336A07FB50123194D04002B70194B01A91E6825
S11336B0300004F0E2FA50B100231A00190020008F
S11336C02380002362802371617104B070BD2B7864
S11336D0002BFCD102AD2A00300001A904F0D6FA77
S11336E00028E9D10A2102202A5E2B8892FBF1F2FC
S11336F04B439B18AA880620285E4A4390FBF1F1AD
S113370052181BB2012112B2D9E7C04678540020E6
S113371054BF0000EFF31083036072B67047036870
S113372083F310887047000072B6BFF34F8FBFF366
S11337306F8FBFF34F8F034B034ADA60BFF34F8F92
S1133740C046FDE700ED00E00400FA05704710B53F
S1133750FDF73AFE10BD00001220054B10B51856B7
S113376005F074FF1220034B185605F06FFF10BDCF
S1133770BCBE0000E0BE00001220054B10B5185678
S113378005F050FF1220034B185605F04BFF10BDF7
S1133790BCBE0000E0BE000070B50D00140029009E
S11337A00348A2B2FDF720FD0028F8D1200070BD27
S11337B07C540020002337B50C0015000193210030
S11337C00848AAB201ABFDF713FD0028F7D1019A0E
S11337D02100044892B2FDF707FD0028F7D10198B3
S11337E03EBDC0467C54002010B50249024804F096
S11337F09DFF10BD28BE0000085C002037B5EFF324
S11338001080012383F31088254B196819B9254AC0
S11338101170403111701A6801321A6080F31088F7
S1133820002501242049214805F018FD0022042127
S11338301E4805F05BFD40F2E83140F2406005F0BF
S11338407DFE0121194805F05DFD0221174805F0B0
S113385059FD174B64421D86164B1D8000F098F9E4
S113386000F0ACFA290023002200134801940094CC
S113387000F0C0F8114B29001868022240F20043FE
S1133880806806F073F82900230022000C48FDF735
S1133890A3FCFFF7A9FF00F0E9FCFFF7DDFE37BD4D
S11338A0085E002040030A40D4BD0000C45B002031
S11338B000020A4060020A40DC5100204C40002013
S11338C07C54002010B5024804F03CFF10BDC046F3
S11338D0085C0020054B012800D118601A68D20743
S11338E002D51A68104318607047C046CC540020B3
S11338F0044B10B51B68DB0702D50220FFF7EAFF73
S113390010BDC046CC540020034B01201B6810B5E9
S113391003B1984710BDC046C854002070B572B6B4
S1133920BFF34F8FBFF36F8FFFF7EEFFE8B10120B6
S1133930FFF7D0FF10250226FFF7C4FF62B6BFF3DE
S11339404F8FBFF36F8F72B6BFF34F8FBFF36F8F7D
S1133950094C23682B4206D12368334203D1FFF775
S1133960D3FF0028E8D10023236062B6BFF34F8F52
S1133970BFF36F8F002070BDCC54002010B540F20F
S1133980E83105F0DBFD10BD20B10022835E013378
S113399000D00180704700000022835E10B55A1CDD
S11339A00CD04A1E914140F60070CAB21901014080
S11339B00F2003401943024804F03CFF10BDC046E9
S11339C0AC5B00200022835E13B500205A1C0DD08E
S11339D06A46D41D40F60072190111400F221340AB
S11339E003482200194304F017FF207816BDC0468F
S11339F0AC5B002010B50249024804F0EDFC10BD98
S1133A0080BE00003C5C00201FB50A00002369460C
S1133A108B730F2169440A700E220A4C0A482370E2
S1133A20073300936A44063B04F0E6FD80239B02BF
S1133A30227812B9013B002BFAD16B46987B04B073
S1133A4010BDC046D05400203C5C00200379012BFB
S1133A5001D1014A13707047D0540020F0B5214DB4
S1133A6087B0019005A81E0003920291FFF752FE51
S1133A702A78531CDBB22B700AB9FFF76DFE05A838
S1133A80FFF74DFE184F00213800FDF754FA0024CB
S1133A90019B195D154B013418000093FFF7B4FF27
S1133AA0029AA3B29A42F3D8039CA619B44212D143
S1133AB001213800FDF73FFA05A8FFF72BFE2B780C
S1133AC0013BDBB22B700BB9FFF756FE05A8FFF7DD
S1133AD026FE07B0F0BD21780098FFF795FF01346A
S1133AE0E4E7C046C45400201C520020DC510020EE
S1133AF0F0B5244D87B0060005A81F00039202917B
S1133B00FFF708FE2A78531CDBB22B700AB9FFF7C3
S1133B1023FE05A8FFF703FE1B4B002118000193A9
S1133B200024FDF708FA194B315D180000930134A5
S1133B30FFF76AFF029AA3B29A42F4D800210098D0
S1133B40FFF762FF039CC6B2E719BC4213D10121FF
S1133B500198FDF7F0F905A8FFF7DCFD2B78013B90
S1133B60DBB22B700BB9FFF707FE05A8FFF7D7FDF3
S1133B70300007B0F0BD00210098FFF745FF20702A
S1133B800134E2E7C45400201C520020DC51002020
S1133B9013B50024230022000C210E480194009444
S1133BA0FDF7C0F9230022000D210B480194009475
S1133BB0FDF7B8F90748FDF7C2F943425841074BEE
S1133BC018700548FDF7BBF943425841044B0130D6
S1133BD0187013BDD4540020E85400201055002060
S1133BE00A40002010B5044C0449200005F026F8D2
S1133BF0200005F03FF810BDB45B0020BCBD000000
S1133C0010B5074B1B78012B09D1022040F280210B
S1133C10FEF783FCFEF798FE7F20FEF7EDFB10BD58
S1133C201055002010B5094C0A20FDF777F9002142
S1133C302000FDF780F91420FDF770F90121200020
S1133C40FDF779F90A20FDF769F910BD78510020D4
S1133C5010B50348FDF773F90128FAD010BDC0462A
S1133C608C510020C02307B501A8038000231A004B
S1133C700221FFF7F3FEFFF7EBFF07BD37B56B46F5
S1133C800C001500D871FEF719FB68462B002200C2
S1133C9001210730FFF7E2FE6B46DB79842B01D06C
S1133CA0FFF7D6FF37BD73B56B4615000C00DE1D5C
S1133CB0D871FEF703FB2B00220001213000FFF72F
S1133CC017FF0400FFF7C4FF200076BD0D2373B572
S1133CD00D00160001AC2370030A6370A070FEF798
S1133CE0EDFA33002A0003212000FFF7B7FEFFF7A7
S1133CF0AFFF73BD07B56B46D971073301221900B5
S1133D00FFF7E4FF07BD1D2373B50D00160001ACDA
S1133D102370030A6370A070FEF7D0FA33002A0000
S1133D2003212000FFF7E4FEFFF792FF73BD13B5F4
S1133D306B46DC1D01222100FFF7E5FF207816BD4C
S1133D4037B50E230C0015006A4613715071FEF747
S1133D50B5FA2B002200022101A8FFF77FFEFFF72E
S1133D6077FF37BD37B51E230C0015006A46137163
S1133D705071FEF7A3FA2B002200022101A8FFF7DD
S1133D80B7FEFFF765FF37BD10B50221FEF70EFC45
S1133D9010BD0000014B18787047C0460A4000204F
S1133DA0014B18787047C0461055002010B501210A
S1133DB00148FDF7C0F810BDFC54002073B501257F
S1133DC00024164E2A0030000195009500231F217F
S1133DD0FDF7A8F82300220049211148019400941A
S1133DE0FDF7A0F82300220021210E48019400943D
S1133DF0FDF798F830002A0023000F21A43801941D
S1133E000094FDF78FF82A00230016210648019537
S1133E100094FDF787F8FFF7C9FF73BD1C5200201B
S1133E208C510020A0510020FC54002010B500212A
S1133E300148FDF780F810BDFC54002010B502487D
S1133E40FDF77DF810BDC046A0510020704700006A
S1133E50014BD88880B27047FE260A40002382B006
S1133E600193054BDB88C01A1E2380B243430193A0
S1133E70019880B202B07047FE260A4010B50424AF
S1133E8001210748074B82791975A24382710022E8
S1133E900020197000211A619860D9609A8310BDBE
S1133EA000380A401855002010B5FFF7E7FF10BD91
S1133EB00120034B1B789842804140427047C04622
S1133EC01855002010B5064B1C7D2CB99B6903B115
S1133ED098471020FFF7FEFC0120604010BDC0464B
S1133EE01855002045F65E73434382B00193019B4D
S1133EF0034AB3FBF2F30193019802B07047C04642
S1133F00A0860100034A9188938898B28B42FAD123
S1133F107047C04600380A40F7B51D4E01A8FFF7A8
S1133F20F9FB3278531CDBB233700AB9FFF714FC87
S1133F3001A8FFF7F4FB174B1F68FFF7E3FF164BCD
S1133F40040001A8DD7AFFF7E5FB3378EDB2013B0D
S1133F50DBB233700BB9FFF70FFC01A8FFF7DFFBEF
S1133F6047F6FE739C4202D8ED0700D510372000B7
S1133F70FFF7B8FF040040F2E832002338000021C4
S1133F8005F0FAFB220000238018594103B0F0BD6C
S1133F90C45400203855002000380A4010B5FFF7FB
S1133FA0BBFF10BD10B5FFF7B7FF0B000A490200B5
S1133FB08868C968994202D809D1904207D9121A6F
S1133FC08B4101204042C1178018594110BD121A7B
S1133FD08B4110001900F9E718550020F0B585B0A1
S1133FE00E000190FFF78EFFFFF77CFF83B203936F
S1133FF00293019B564C022B3DD0032B63D000232C
S1134000019A1D001F00012A1DD122780192012A64
S113401019D12575FFF780FF43F68063029AA060EB
S1134020E1609B1A9BB2019F2661A3835EB143F6B4
S11340307F6296421AD8B34218D904232370039B93
S1134040B5B2F61826612369002B56D10421414AE2
S113405093798B43937107232370FFF733FF2378FE
S1134060072B72D1063B237523706EE00223237065
S113407000250127E7E72378022B13D1A28B2369BC
S11340809B1A23610127344B22699A4201D90023E8
S1134090236143F67F6325699D4210D80423ADB2A2
S11340A02370D0E7032B03D123692C4A9B18E8E73C
S11340B00022043B1700022BE5D82261E2E7032328
S11340C000252370BFE72378052B11D12569039BB5
S11340D09D420AD9029B0127ED1A40F2D073ADB27A
S11340E09D42B0D804232370ADE700232361BFE7CA
S11340F0062BFAD000252F00A5E72178042921D129
S1134100144B9A798A439A7140F2D072954205D938
S113411005222270012252425A800DE006212170AC
S11341209542F7D06422ED03B5FBF2F55A3A053512
S1134130B5FBF2F5ADB25D801B22DA729979173ABC
S11341400A439A712378072B87D0380005B0F0BD55
S11341501855002000380A400000FFFF80C1FFFF0F
S113416070B504000D0003280FD801281AD811D007
S1134170002100200E4B00229860D96001211A70A2
S11341801A6119759A619A830AE00428F0D1FFF73D
S113419075FE05E0FFF772FE29002000FFF71EFF01
S11341A0002004E00021FFF719FF0028EFD070BDC4
S11341B01855002010B501000120FFF7D1FF10BDF4
S11341C010B50448044B05491860054B196004F008
S11341D083F810BD7C5C002040550020E0BE000048
S11341E03C5500200D4B0E4810B50E4918600E4B7F
S11341F0196003F0A5FF70B944220C4BDA71453AFB
S11342001A801B321A7368329A72997A423A0A43B4
S11342109A721C22DA72FFF7D3FF10BD48550020B2
S1134220685C0020BCBE00004455002000380A40F1
S113423010B5024B186803F0FBFF10BD4055002079
S1134240084B10B5186803F035FF0122064B997925
S11342500A439A71042299790A439A71FFF7E8FF95
S113426010BDC0464855002000380A40054B064A98
S113427010B59A6100221A75FFF7B4FFFFF7E0FF4B
S113428010BDC04618550020750F000010B5024B34
S1134290186803F0C5FF10BD405500200121084BEC
S11342A010B59A798A439A719A7903318A439A713B
S11342B0044B186803F0EAFEFFF7E8FF10BDC046A0
S11342C000380A404855002010B5104CE37A5B07CB
S11342D005D51B2300210320E372FFF741FFE37A96
S11342E0DB0712D51E23E3724FF6F074FFF70AFEC4
S11342F0A042FBD8064A136810331360FFF7D8FDB9
S113430018B100210220FFF72BFF10BD00380A402E
S11343103855002010B50249024803F0DFFD10BDF6
S113432058BE0000105C0020002310B50A480B4C56
S1134330237003700A4803F03FFE012320B9802351
S11343409B02227812B10023180010BD013B002B00
S1134350F7D10123F8E7C0464C5500204E55002004
S1134360105C0020F8B51D0000230C4E0C4F0D48C6
S1134370337014003B7003F087FD012328B98023B8
S11343809B0232781AB100232C801800F8BD3A78C9
S113439012B9013B002BF4D10123F6E74D5500205F
S11343A04C550020105C0020030010B572B6BFF31A
S11343B04F8FBFF36F8F0079082809D8A8B101384F
S11343C0072812D805F0C4F91B17110D1111110B90
S11343D00300EF22103B134201D0402805D1094BC2
S11343E00AE09868C0B2FCF741F962B6BFF34F8F98
S11343F0BFF36F8F10BD044B01221A70F5E7034B16
S1134400FAE7C0464C5500204E5500204D5500207B
S113441007B56B46D91D087001220020FFF784FF01
S113442007BD10B504000020205600B910BDFFF7E9
S1134430EFFF0134F7E770B505000F2601398C0052
S1134440231D00D170BD2800E0403040092804D865
S11344503030FFF7DDFF043CF2E73730F9E7F7B51A
S113446005000E000192002803DA2D20FFF7D0FF8B
S11344706D4201230A221C00B34204D301260A27F9
S1134480002C04DCF7BD01335443DBB2F4E7012C08
S113449000D1002695FBF4F292FBF7F37B43D31A89
S11344A000936B461878012E0DD160B9019B13B1AE
S11344B01800FFF7ADFFFF22009B1340634394FBFA
S11344C0F7F4ED1ADCE7303040B2FFF7A1FF002625
S11344D0F1E7000070B54F48FFF7A3FF4E48FFF720
S11344E0A0FF4E48FFF79DFF4D48FFF79AFF4D4848
S11344F0FFF797FF4C48FFF794FF4C48FFF791FFF5
S11345004B48FFF78EFF4B48FFF78BFF4A48FFF7F6
S113451088FF4A48FFF785FF4948FFF782FF49486B
S1134520FFF77FFF4848FFF77CFF4848FFF779FF14
S11345304748FFF776FF4748FFF773FF4648FFF702
S113454070FF4648FFF76DFF4548FFF76AFF45488F
S1134550FFF767FF4448FFF764FF4448FFF761FF34
S11345604348FFF75EFF4348FFF75BFF4248FFF70E
S113457058FF4248FFF755FF4148FFF752FF4148B3
S1134580FFF74FFF4048FFF74CFF4048404CFFF710
S113459048FF4048FFF745FF3F48FFF742FF200030
S11345A0FFF73FFF3D48FFF73CFF3D48FFF739FF6A
S11345B03C48FFF736FF2000FFF733FF3A48FFF788
S11345C030FF2000394EFFF72CFF3948394DFFF7F3
S11345D028FF3948FFF725FF3000FFF722FF2800A6
S11345E0FFF71FFF3548FFF71CFF3548FFF719FF9A
S11345F02000FFF716FF3348FFF713FF3248FFF799
S113460010FF3000FFF70DFF2800FFF70AFF00201E
S113461070BDC0466CA4000094A40000CDA40000AA
S1134620FCA4000022A5000052A500007EA5000005
S1134630ADA50000D8A50000F9A5000024A600003F
S113464046A6000064A6000085A60000A3A60000FC
S1134650C3A60000EAA600001CA700004CA70000A7
S11346607AA70000A6A70000E0A7000018A8000091
S113467053A8000081A80000ABA80000D6A8000041
S1134680F6A8000031A9000060A9000082A900007A
S1134690A3A70000A0A90000C6A90000F7A9000074
S11346A01BAA00005BAA00007AAA00001DAB000050
S11346B0BDAA00005EAB0000FCAA00007CAB0000B9
S11346C0A8AB0000E9AB00000FAC000010B5FCF78C
S11346D02FF81B4B186802F00BFA17282DD805F099
S11346E037F80C2C2C21212121212110101010101D
S11346F02C2C10102C2C2C2C2C2A1248FFF791FE59
S11347000CE01148FFF78DFE00220A210F4B1B68B5
S113471018685B680130C01AFFF7A1FEFCF74AF87D
S1134720002010BD0A48FFF77CFE0A4B00221B68DC
S11347300A21D868F0E70848E0E70848DEE7C04601
S1134740204000202DAC000032AC000014400020BA
S113475036AC0000184000203AAC00005DA4000014
S113476010B5FBF7E5FF054B00221B680A215868CA
S1134770FFF775FEFCF71EF8002010BD1C4000205A
S113478010B5FBF7D5FF0820054B00221B680A2152
S11347901856FFF764FEFCF70DF8002010BDC04664
S11347A01C40002037B56B46DD1D0A4B2900002054
S11347B0DB6F9847042450B1FBF7BAFF00202100B7
S11347C000222856FFF74BFE0024FBF7F3FF2000DE
S11347D03EBDC04654B3000010B5FBF7A9FF064B1D
S11347E000221B68022147331878FFF738FEFBF7D5
S11347F0E1FF002010BDC0461C40002010B5FBF7AF
S113480097FF054B00221B680A21D868FFF727FE93
S1134810FBF7D0FF002010BD1C40002010B5FBF7B3
S113482087FF064B00221B68022148331878FFF7E4
S113483016FEFBF7BFFF002010BDC0461C40002041
S113484010B5FBF775FF064B00221B6802214933A4
S11348501878FFF704FEFBF7ADFF002010BDC0463B
S11348601C400020064B10B5186802F041F9040002
S113487018B901F07DFF200010BD0724FBE7C046F6
S11348802040002010B5034B0221186802F047F9BC
S1134890082010BD2040002010B50F4C206802F005
S11348A027F9072805D802280DD8431E984180000F
S11348B010BD0F2803D808280BD10438F8E71728AF
S11348C007D00420F4E70821206802F028F9082022
S11348D0EEE71121F8E7C0462040002010B50F4C48
S11348E0FBF726FF2368002218680921FFF7B7FDAC
S11348F02C2005F031F823680022D8680721FFF73F
S1134900AEFD2C2005F028F823680022D87D022172
S1134910FFF7A5FDFBF74EFF002010BD144000205B
S113492010B5154CFBF704FF23680022987D022183
S1134930FFF795FD2C2005F00FF8236800221420C2
S1134940185E0421FFF78BFD2C2005F005F8236881
S1134950002218690421FFF782FD2C2004F0FCFFDB
S1134960064B00221B680A21186CFFF778FDFBF741
S113497021FF002010BDC046144000201C40002030
S113498010B50F4CFBF7D4FE23680022986A0A2165
S1134990FFF765FD2C2004F0DFFF23680022D86AAE
S11349A00A21FFF75CFD2C2004F0D6FF23680022C7
S11349B0186B0A21FFF753FDFBF7FCFE002010BD26
S11349C01C40002010B5104CFBF7B2FE23680022F7
S11349D0988E0721FFF743FD2C2004F0BDFF2368C8
S11349E00022383318780221FFF739FD2C2004F017
S11349F0B3FF23680022393318780221FFF72FFD13
S1134A00FBF7D8FE002010BD1C40002010B5104C50
S1134A10FBF78EFE2368002258690221FFF71FFD71
S1134A202C2004F099FF2368002298690221FFF7E3
S1134A3016FD2C2004F090FF236800220133D87F58
S1134A400221FFF70CFDFBF7B5FE002010BDC046A8
S1134A501C40002010B51A4CFBF76AFE23680022A4
S1134A60988B0621FFF7FBFC2C2004F075FF2368CC
S1134A7000220233D87F0221FFF7F1FC2C2004F03E
S1134A806BFF236800220333D87F0221FFF7E7FC82
S1134A902C2004F061FF236800220433D87F022114
S1134AA0FFF7DDFC2C2004F057FF236800220633B7
S1134AB0D87F0221FFF7D3FCFBF77CFE002010BD5A
S1134AC01C40002010B5194CFBF732FE236800226D
S1134AD0D86C0A21FFF7C3FC2C2004F03DFF2368A7
S1134AE00022186D0A21FFF7BAFC2C2004F034FFD1
S1134AF023680022586D0A21FFF7B1FC2C2004F032
S1134B002BFF236800225A3318880321FFF7A7FCE0
S1134B102C2004F021FF236800225C331878032141
S1134B20FFF79DFCFBF746FE002010BD1C40002053
S1134B3010B5FBF7FDFD002202210420FFF78FFCD6
S1134B402E2004F009FF002202215A20FFF787FCDF
S1134B50202004F001FF0D48FFF763FC202004F03F
S1134B60FBFEFFF717F901280CD10948FFF759FCA0
S1134B70FFF716F940B90748FFF753FCFBF71AFE95
S1134B80002010BD0448F1E70448F5E73DAC0000FF
S1134B9046AC000056AC00004EAC00005BAC00001C
S1134BA0F0B585B00822002102A804F0DDFFFBF770
S1134BB0EDFE0400012802DC042005B0F0BD6B46C4
S1134BC001A8991CFBF7EAFE01980028F4D06B4673
S1134BD002229B5E002BEFDD0021FCF766F84FF606
S1134BE0FF7306009842E7D8092CE5DC00252F0066
S1134BF0013C6B4601A8991CFBF7D0FE019840B319
S1134C006B4602229B5E002B23DD0021FCF708F893
S1134C1000281EDB6B46082201359B182DB2D8559F
S1134C202F00A542E5DB00254FF6FF772B00A819DE
S1134C30B84207D808216A465218D15C064B80B2A4
S1134C405B6C984701352DB22B00A542EFDB0020A9
S1134C50B3E7BC42E7DDAFE754B30000F0B587B07B
S1134C600822002104A804F07FFFFBF78FFE02282E
S1134C7002D0042007B0F0BD02AB03A8991CFBF7D7
S1134C808DFE03980028F4D002AB02229B5E002B19
S1134C90EFDD0021FCF709F84FF6FF770500B84275
S1134CA0E7D802AB03A8991CFBF778FE0398002809
S1134CB0DFD002AB02229B5E002BDADD0021FBF782
S1134CC072FF0300013B0090072BD2D8002426007A
S1134CD0ABB201933B1BAB420AD3019BA6B2F018C3
S1134CE00E4B80B29B6C9847082202AB9B18185558
S1134CF0009B0134A342EDD1FBF71AFD00240822E6
S1134D0002AB9B18185D02210134FFF794FBA3B298
S1134D10B342F4D9FBF74EFD0020ABE754B30000D7
S1134D2010B5FBF705FD40F2D8130A4C01212268A7
S1134D30D05CFFF780FB2C2004F00EFE40F2D4136D
S1134D4020680022C0580421FFF789FBFBF732FDDD
S1134D50002010BD2040002010B50B4CFBF7E8FCF0
S1134D602368022144331878FFF765FB2C2004F0F4
S1134D70F3FD2368022145331878FFF75CFBFBF74A
S1134D8019FD002010BDC0461C40002070B5164C13
S1134D9023681E7A154B1B685D7AFBF7C9FC002259
S1134DA002213000FFF75BFB2C2004F0D5FD280026
S1134DB000220421FFF753FB2C2004F0CDFD032E29
S1134DC008D12468D2346519AC4207D1FBF7F2FC50
S1134DD0002070BD064B1C680634F4E720780221DD
S1134DE0FFF729FB0134EFE7204000201C4000209E
S1134DF00C40002010B5FBF79BFC0024074B02215C
S1134E001B681B19DD33FF3318780134FFF713FBDC
S1134E10082CF3D1FBF7CEFC002010BD204000206D
S1134E2010B5FBF785FC002001F082FC30B104488A
S1134E30FFF7F7FAFBF7BEFC002010BD0148F7E7C7
S1134E4019AE000022AE000010B5FBF771FC002083
S1134E5001F06EFC0F4B02001B68B0B10120002270
S1134E603A331B7858400221FFF7F9FA2C2004F05A
S1134E7073FD094B00221B68022144331878FFF7A5
S1134E80EEFAFBF797FC002010BD01200533DB7F11
S1134E905840E8E71C4000201840002010B50E4C94
S1134EA0FBF746FC2368002218690A21FFF7D7FAAA
S1134EB02C2004F051FD002001F03AFC236840B19D
S1134EC0D88E00220621FFF7CAFAFBF773FC0020F4
S1134ED010BDD88BF5E7C0461C40002010B5C04873
S1134EE0C04CFFF79EFAC048FFF79BFA23680022E4
S1134EF058680A21FFF7B3FABC48FFF792FABC4896
S1134F00FFF78FFA002001F013FC00284AD0B948BB
S1134F10FFF787FAB848FFF784FA236847331B780A
S1134F20002B41D0B548FFF77CFAB548FFF779FA72
S1134F3008202368002218560A21FFF790FAB14886
S1134F40FFF76FFAB048FFF76CFA23680022587A2B
S1134F500621FFF784FAAD48FFF763FAAC48FFF780
S1134F6060FAAC4B1B689B7D03B3AB48FFF759FA5F
S1134F70AA48FFF756FA236848331B78C3B1A648FA
S1134F80FFF74FFAA648FFF74CFA2368493318781D
S1134F900A2843D804F0DCFB0E2E30323436383A7B
S1134FA03C3E40009F48B3E79F48BCE79F48DDE78D
S1134FB09E48E5E79E48FFF734FA9E48FFF731FA2A
S1134FC09D48FFF72EFA2368002258690221FFF753
S1134FD046FA9A48FFF725FA9948FFF722FA236818
S1134FE09869092842D804F0B3FB1B2F31333537B5
S1134FF0393B3D3F9348DEE79348DCE79348DAE7E3
S11350009348D8E79348D6E79348D4E79348D2E740
S11350109348D0E79348CEE79348CCE79348CAE750
S11350209348FFF7FEF99348FFF7FBF99248FFF71F
S1135030F8F923680133D87F0138032800D9C5E083
S113504004F086FB16BEC0C28C48EAE78C48E8E749
S11350508C48E6E78C48E4E78C48E2E78C48E0E7D4
S11350608C48DEE78C48DCE78C48DAE77F48D8E7F1
S11350708B48FFF7D6F97148FFF7D3F98948FFF752
S1135080D0F923680022988B0621FFF7E8F98648B7
S1135090FFF7C7F98548FFF7C4F923680233DB7FBC
S11350A0002B00D194E08248FFF7BBF98148FFF759
S11350B0B8F923680333DB7F002B00D18AE07E48F4
S11350C0FFF7AFF97D48FFF7ACF923680433DB7FC2
S11350D0002B00D180E07A48FFF7A3F97948FFF765
S11350E0A0F923680633DB7F002B00D176E07648F5
S11350F0FFF797F97548FFF794F97548FFF791F9A9
S113510023680022986A0A21FFF7A9F97148FFF77A
S113511088F94B48FFF785F923680022D86A0A21E9
S1135120FFF79DF93148FFF77CF96B48FFF779F9F0
S113513023680022186B0A21FFF791F92B48FFF727
S113514070F95848FFF76DF923680022988E0721FB
S1135150FFF785F92D48FFF764F95448FFF761F923
S1135160236838331B78002B00D1CFE05048FFF779
S113517058F95048FFF755F9236839331B78002B49
S113518000D1C5E04C48FFF74CF95448FFF749F902
S11351905348FFF746F9FEF7FDFD012800D0B9E0BA
S11351A05048FFF73EF95048FFF73BF9FEF7F8FD8A
S11351B0002800D0B0E04D48FFF733F9002010BDBF
S11351C04B4856E74B4854E74B4852E7274850E7CB
S11351D04A4869E74A4873E74A487DE74A4887E707
S11351E060AC00001C4000208AAC00009EAC0000B3
S11351F0A5AC0000B9AC0000C7AC0000DBAC0000FB
S1135200FBAC00000FAD000017AD00002BAD00009B
S113521035AD00001440002049AD00005EAD000033
S113522072AD0000C0AC0000E9AC000053AD00005A
S11352308DAD0000BBAD0000E5AD0000A3A70000EC
S1135240FBAD000070B0000090AD000094AD000014
S113525098AD00009CAD0000A0AD0000A3AD00001F
S1135260A6AD0000A9AD0000ACAD0000B3AD0000D8
S11352700FAE000053AA00002DAE000013AE0000D4
S113528017AE00001BAE00001EAE000021AE0000F1
S113529024AE000027AE00002AAE00004BAE000092
S11352A041AE000051AE000065AE000071AE0000DA
S11352B085AE0000ACAE0000C0AE0000D3AE00006E
S11352C0E7AE000003AF000017AF000033AF0000EB
S11352D05DAF000071AF000079AF00008DAF00003A
S11352E0B7AF0000CBAF0000DDAF0000F1AF0000AE
S11352F045AE000049AE00004DAE000097AE000080
S1135300C9AE0000F5AE000029AF000003482EE747
S1135310034838E7034844E703484DE797AE0000E5
S1135320C9AE0000D4AF0000F8AF000070B50D4D59
S1135330286801F0DDFB040090B92B68187A042377
S113534002009A431300012A04D1074A12689360A9
S113535001F0BEFA0921286801F0E1FB200070BDCC
S11353600724FBE72040002014400020F0B5354B13
S1135370B9B0186801F0BCFB334F04003B6B0293D7
S113538000285AD101F0D4F9002858D0029B98473C
S11353902000BB6898472D4EFB6803933368D86C94
S11353A0039B9847200001F0B7FD01943368019AEC
S11353B05A331B889A4233DB029B9847200039B04A
S11353C0F0BD586DDB6C6843C018039B98477B6B3A
S11353D01F4898470120FBF7A1FD3B6C002098472C
S11353E005AB585501352DB233681A00583212787E
S11353F09542E6DB029B98470025FBF799F9336851
S113540058331B789D420DDBFBF7D4F933685C33CA
S11354101878FBF783FD019B01331BB20193C5E7A9
S11354200025E1E705AB585D1F238010184030309C
S1135430013504F091FA2DB2E1E70724BCE7042416
S1135440BAE7C0462040002054B300001C400020AE
S1135450FFFFFF0010B5074C206801F049FB07234C
S113546030B901F08FF90221206801F058FB0823BC
S1135470180010BD2040002070B50A4B04241B689E
S113548048331B784BB9084D286801F031FB040000
S113549028B90E21286801F042FB200070BD0724C2
S11354A0FBE7C0461C4000202040002070B50A4B9A
S11354B004241B6848331B784BB9084D286801F055
S11354C017FB040028B90F21286801F028FB2000ED
S11354D070BD0724FBE7C0461C400020204000208C
S11354E070B5074D286801F003FB040028B90321B7
S11354F0286801F014FB200070BD0724FBE7C046B8
S113550020400020154B37B5186801F0F1FA04006B
S113551008BBFBF73BFA01281BD16B469D1C01A875
S11355202900FBF73BFA019898B10023ED5E012DA9
S11355300FD12100FBF774FB01280AD8084B28403F
S11355401968084B473108709B6F03209847200067
S11355503EBD0424FBE70724F9E7C04620400020B1
S11355601C40002054B30000234B73B5186801F0AD
S1135570BFFA040000283CD1FBF708FA022836D110
S11355806B4601A8991CFBF709FA019800282ED054
S11355906B4602229B5E002B29DD2100FBF740FBBA
S11355A083B206002F2B22D86B4601A8991CFBF767
S11355B0F5F90198D8B16B4602229B5E002B16DDEB
S11355C02100FBF72DFB83B22F2B10D80B4D2B683A
S11355D01900453344310E701870094B04209E6F36
S11355E0B047296805204531B047200076BD042422
S11355F0FBE70724F9E7C046204000201C400020B8
S113560054B30000174BF7B5186801F071FA0400A1
S113561030BBFBF7BBF9012820D16B469D1C01A8C8
S11356202900FBF7BBF90198C0B10023EE5E012EFF
S113563014D12100FBF7B7FA050001280ED80A4F50
S11356403B6B9847094ABB68126825B9200014705F
S113565098472000FEBD30001670F9E70424F8E7EF
S11356600724F6E72040002054B300001C4000202B
S1135670164B73B5186801F03BFA040018BBFBF72E
S113568085F9012802D00424200076BD6B4601A8C8
S1135690991CFBF783F901980028F4D02100FBF74B
S11356A082FA0B4B0500C2180A4B9A42EBD80A4EF9
S11356B0336A98470028E6D0084B28001B685D60D1
S11356C0F3689847E0E70724DEE7C046204000205F
S11356D080C19BE680E9EB1D54B300001C40002010
S11356E01C4BF7B5186801F003FA040000282FD109
S11356F06B465D1C2870FBF749F90700012825D18A
S11357006B4601A8991CFBF749F9019BF3B10022F0
S11357109A5626002D2A02D13E000133019300211E
S11357200198FBF740FA142810D806B140420A4BFE
S113573040B22870290000209B6F984730B1074B76
S11357402A781B683C331A702000FEBD0424FBE752
S11357500724F9E72040002054B300001C40002037
S1135760F0B5394B85B0186801F0C2F9060000287D
S113577068D1FBF70BF90400012805D0042803D0F5
S11357800426300005B0F0BD6B4602A8991DFBF756
S113579005F902980028F3D00021FBF704FA05006C
S11357A00128EDD801273D40BC4203D1274B1B689B
S11357B09D75E6E76B4602A8991DFBF7EFF8029B7F
S11357C0002BDDD000229A5600242D2A02D13C0061
S11357D00133029300210298FBF7E5F97F28CFD823
S11357E004B140426B4604B2991D02A8FBF7D6F8F7
S11357F002980028C4D00021FBF7D5F9431E070006
S1135800312BBDD86B4602A8991DFBF7C7F8029847
S11358100028B5D00021FBF7C6F90D4B9842AFD84C
S11358200C4B03909B6F012003A998470028A7D035
S1135830064B039A1B689D759C821F61064B1B686F
S11358401A649EE707269CE72040002014400020AD
S11358503820070054B300001C40002073B51A4ED2
S1135860306801F045F9040007204CBBFBF78EF8C3
S1135870022826D16B4601A8991CFBF78FF80198E2
S1135880F8B12100FBF78FF90500012819D86B4600
S113589001A8991CFBF782F8019890B12100FBF74D
S11358A082F940F2E832030090420AD840F2D8125A
S11358B0306814218554043A835001F030F90820EB
S11358C076BD0420FCE7C04620400020114B13B5F0
S11358D0186801F00DF90400C8B9FBF757F801285E
S11358E013D16B4601A8991CFBF758F8019860B1D5
S11358F02100FBF758F94FF6FE73421E9A4204D872
S1135900054B1B68D860200016BD0424FBE7072460
S1135910F9E7C046204000201C400020204B73B50E
S1135920186801F0E5F80400002837D1FBF72EF8D9
S1135930032831D16B4601A8991CFBF72FF8019875
S113594050B32100FBF72FF9164B0600C218164B73
S11359509A4221D86B4601A8991CFBF71FF80198BD
S1135960D0B12100FBF71FF9104B421E05009A42EB
S113597012D86B4601A8991CFBF710F8019858B18E
S11359802100FBF710F9002806DD094B1B689E6215
S1135990DD621863200076BD0424FBE70724F9E7E1
S11359A020400020A8FDFFFF889104003720070055
S11359B01C400020234B73B5186801F099F80400CB
S11359C000283CD1FAF7E2FF032836D16B4601A840
S11359D0991CFAF7E3FF019800282ED02100FBF769
S11359E0E2F841F6FE73421E06009A4225D86B4641
S11359F001A8991CFAF7D2FF0198F0B12100FBF736
S1135A00D2F80500012818D86B4601A8991CFAF7AA
S1135A10C5FF019888B12100FBF7C5F801280CD80F
S1135A20094B01221B68154019009E86383110402D
S1135A3039330D701870200076BD0424FBE7072469
S1135A40F9E7C046204000201C4000201F4B73B5DE
S1135A50186801F04DF80400002835D1FAF796FFD4
S1135A6003282FD16B4601A8991CFAF797FF0198D8
S1135A7040B32100FBF797F8431F0600072B21D8FA
S1135A806B4601A8991CFAF789FF0198D0B121004F
S1135A90FBF789F80500092814D86B4601A8991C5E
S1135AA0FAF77CFF019868B12100FBF77CF8431EEC
S1135AB0032B07D8064B1B685E619D610133D877C1
S1135AC0200076BD0424FBE70724F9E720400020EA
S1135AD01C400020F0B5374B85B0186801F008F879
S1135AE00400002863D1FAF751FF05285DD102AB09
S1135AF003A8991CFAF752FF0398002855D02100F7
S1135B00FBF751F84FF6FE73421E07009A424CD839
S1135B1002AB03A8991CFAF741FF0398002844D06C
S1135B202100FBF740F8060001283ED802AB03A889
S1135B30991CFAF733FF0398002836D02100FBF7AD
S1135B4032F80500012830D802AB03A8991CFAF7F3
S1135B5025FF039848B32100FBF725F8019001289D
S1135B6023D802AB03A8991CFAF718FF0398E0B1F5
S1135B700021FBF718F8012817D801220E4B164014
S1135B801B681540991C9F83CE77D91CCD7701994A
S1135B90104011400A00191D0633CA77D877074B05
S1135BA09B6D9847200005B0F0BD0424FAE7072454
S1135BB0F8E7C046204000201C40002054B30000F9
S1135BC0174B37B5186800F093FF040030BBFAF7A1
S1135BD0DDFE0500012802D0042420003EBD6B46F2
S1135BE001A8991CFAF7DAFE01980028F4D02100E4
S1135BF0FAF7D9FF0128EFD86B466A462840587057
S1135C00084B06209B6F511C98470028E4D06A4635
S1135C10054B52781B6848331A70DEE70724DCE72B
S1135C202040002054B300001C400020294B37B50D
S1135C30186800F05DFF0400002848D1FAF7A6FEBA
S1135C4001282DD16B4601A8991CFAF7A7FE0198EB
S1135C5030B32100FAF7A7FF050040B21F281FD870
S1135C6003F076FD3310211E1E1E2723251E1E1E43
S1135C701E1E1E1E1E1E1E1E1E1E292B2D1E1E1E19
S1135C801E1E2F3106236A465370134B511C0820E5
S1135C909B6F984720B1114B1B6849331D7000E07E
S1135CA0042420003EBD0723EDE70823EBE701238E
S1135CB0E9E70223E7E70323E5E70423E3E7052312
S1135CC0E1E70923DFE70A23DDE70023DBE7072415
S1135CD0E7E7C0462040002054B300001C400020E9
S1135CE0F0B53D4B85B0186800F002FF0723009320
S1135CF0002840D1033B0093FAF748FE05283AD127
S1135D0002AB03A8991CFAF749FE039898B3002143
S1135D10FAF749FF314F324EC3190500B3422AD86E
S1135D2002AB03A8991CFAF739FE039818B30021B3
S1135D30FAF739FFC3190400B3421CD885421AD8B4
S1135D4002AB03A8991CFAF729FE039898B1002125
S1135D50FAF729FF234B0600C218234B9A420AD8AC
S1135D60A5420BD0631B984205D8B3FBF0F3013373
S1135D709FB2C82F03D9009805B0F0BD012702AB2C
S1135D8003A8991CFAF70AFE03980028F3D000210F
S1135D90FAF709FF4FF6FE72431E9342EBD883B223
S1135DA0019302AB03A8991CFAF7F8FD03980028A5
S1135DB0E1D00021FAF7F7FE6428DCD80B4B0199F7
S1135DC01B681A00DD641C655E6558325C3317700D
S1135DD05180187000238EE72040002080C19BE68C
S1135DE080E9EB1D18FCFFFF583E0F001C4000200B
S1135DF0F0B52B4F85B0386800F07AFE0400002817
S1135E004BD1FAF7C3FD0300013B9BB20190012B78
S1135E1041D802AB03A8991CFAF7C0FD03980028E7
S1135E2039D02100FAF7BFFE012834D80126350005
S1135E30019B8543B34211D1200000F079FC194B3A
S1135E401B6840B13A331D700321386800F067FEC7
S1135E50200005B0F0BD0533DD77F5E702AB03A8FC
S1135E60991CFAF79BFD0398A8B12100FAF79BFE51
S1135E70012810D80640200000F05AFC094B1B688A
S1135E8030B13A331D70084B1B6844331E70DBE796
S1135E900533DD77F7E70424DAE70724D8E7C046BB
S1135EA0204000201C40002018400020284BF7B55B
S1135EB0186800F01DFE0400002847D1FAF766FDBB
S1135EC0431E9BB20500012B3ED86B4601A8991CCA
S1135ED0FAF764FD0198002836D02100FAF763FE32
S1135EE04FF6FE73421E06009A422DD8012D04D1AE
S1135EF0184B1B6818612000FEBD6B4601A8991C55
S1135F00FAF74CFD0198F8B12100FAF74CFE051E92
S1135F101ADD200000F00CFC18B14FF6FF739D420F
S1135F2012DC012000F004FC08B1FF2D0CDC094F49
S1135F3000203B68ADB21E6100F0FAFB3B6808B17B
S1135F40DD86D8E7DD83D6E70424D4E70724D2E747
S1135F50204000201C400020264B37B5186800F074
S1135F60C7FD0500002842D1FAF710FD012802D030
S1135F70042528003EBD6B4601A8991CFAF70EFDC6
S1135F8001980028F4D00023C35629002D3B5A421F
S1135F905341C018FAF707FE0028E9DB019B1B7880
S1135FA05BB22D2B13D1444224B2FDF7F3FE01283A
S1135FB00FD1230011339BB2202B0AD80E4B0020A3
S1135FC01B681C7200F0B4FB68B901200CE004B239
S1135FD0EBE7FDF7DFFE0228CAD1230009339BB2A9
S1135FE01F2BEBD9C4E7002000F0E0FFC1E7072531
S1135FF0BFE7C046204000201C400020144B70B571
S1136000186800F075FD0400F8B900F091FB114B1D
S1136010114E5D6A90B1200000F0C8FF2000336883
S1136020597AA8470500FAF783FB00220A212800C1
S1136030FEF715FAFAF7BEFB200070BD012000F050
S1136040B5FF33680120597AEBE70724F4E7C0462B
S11360502040002054B300001C400020F0B5324D15
S113606085B0286800F044FD0400002859D1FAF7EF
S11360708DFC431E9BB20700022B50D802AB03A831
S1136080991CFAF78BFC0398002848D02100FAF7F2
S11360908AFD264B421E06009A4240D8012F13D196
S11360A0234B1B6818602A68107A0422010091436C
S11360B0012902D1996000F00BFC0921286800F045
S11360C02EFD200005B0F0BD02AB03A8991CFAF721
S11360D065FC039818B32100FAF765FD154B421EC1
S11360E001909A421BD8022F04D1114B1B681E60E9
S11360F0D860D8E702AB03A8991CFAF74FFC0398C1
S113610068B12100FAF74FFD012808D8084B019A1D
S11361101B68DA60012210401E60D875C3E70424AE
S1136120CFE70724CDE7C04620400020FF83D717E0
S1136130144000207FEE36001A4B70B5186800F04A
S1136140D7FC040000282BD100F0F2FA30B3200071
S113615000F0E2FE144E154B31681A68144B0969BD
S113616050685B6F98473368050014229B5EC21722
S1136170DE0F98425641F6B2FAF7DAFA01213000FE
S1136180FEF759F92C2003F0E7FB00220421280034
S1136190FEF765F9FAF70EFB200070BD0120D7E782
S11361A00724F9E720400020144000201C40002070
S11361B054B30000194B70B5186800F099FC040042
S11361C038BB012000F0B4FA28BB154D2E6BB04744
S11361D0AB6820009847134B1A68EB6850689847DF
S11361E0200000F099FE6B6B0F4898476420FAF783
S11361F095FE2B6C200098470500B047FAF798FAF3
S11362002200042168B2FEF72AF9FAF7D3FA200033
S113621070BD0724FBE70424F9E7C04620400020B2
S113622054B300001C400020FFFFFF00F7B5464EAA
S1136230306800F05DFC0400002800D081E0FAF72B
S1136240A5FB022800D07AE06B4601A8991CFAF756
S1136250A5FB0198002800D171E06B4602229B5EE9
S1136260002B00DC6BE02100FAF79DFC431E0500C7
S1136270042B64D86B4601A8991CFAF78FFB01988C
S113628000285CD06B4640F2FD1102229B5E5A1E30
S113629092B28A4253D836220127EA403A4221D1A7
S11362A01D003D403B424AD12900FAF7A6FC0028D4
S11362B045DB3068FF220100CC30D23100F088FA8F
S11362C000223368CC331A800022019B9A56E2B92B
S11362D01E4B1B685D721E4B1A6803235371326890
S11362E0137210E02100FAF75EFC0300FF2826D8A1
S11362F0164AE8B21268537233681872154B1B6859
S11363009F6000F0E5FA2000FEBD00205A1C0192B7
S11363101856FAF765FB07000020019B3F015A1C41
S113632001921856FAF75CFB33683F185A19D232B7
S11363301770CC331A8801352DB20132C3E7042417
S1136340E1E70724DFE7C046204000201C4000208E
S11363500C40002014400020F7B51C4F386800F0B2
S1136360C7FB040000282FD1FAF710FB002829DD11
S11363706B469D1C290001A8FAF710FB019B0BB387
S11363800022AB5E102B1DD126000020019B5A1C5D
S113639001921856FAF724FB05000020019B2D01F9
S11363A05A1C01921856FAF71BFB0F223B68104047
S11363B09B19DD33FF33054301361D70082EE4D1EC
S11363C02000FEBD0424FBE70724F9E72040002059
S11363D0002210B51100654B6548FAF715FA002242
S11363E0644B11006448FAF70FFA0023634A6449C6
S11363F06448FAF709FA0023634A64496448FAF7DF
S113640003FA0023634A64496448FAF7FDF9644BCC
S1136410644A65496548FAF7F7F9654B654A664980
S11364206648FAF7F1F90022654B11006548FAF75E
S1136430EBF90022644B11006448FAF7E5F90022F5
S1136440634B11006348FAF7DFF90023624A63499A
S11364506348FAF7D9F90023624A63496348FAF7B3
S1136460D3F90023624A63496348FAF7CDF900235C
S1136470624A63496348FAF7C7F90023624A6349E9
S11364806348FAF7C1F90023624A63496348FAF79B
S1136490BBF90023624A63496348FAF7B5F900235C
S11364A0624A63496348FAF7AFF9634B634A644944
S11364B06448FAF7A9F9644B644A65496548FAF7F0
S11364C0A3F90023644A65496548FAF79DF9002257
S11364D0644B11006448FAF797F90022634B1100EA
S11364E06348FAF791F9002362491A006248FAF7FF
S11364F08BF9002361491A006148FAF785F90023F2
S1136500604A61496148FAF77FF90023604A6149AA
S11365106148FAF779F90023604A61496148FAF75A
S113652073F90023604A61496148FAF76DF9002262
S1136530604B11006048FAF767F900225F4B1100C5
S11365405F48FAF761F900225E4B11005E48FAF7E2
S11365505BF95E4B5E4A5F495F48FAF755F90023E1
S11365605E4A19005E48FAF74FF910BDCD460000A7
S1136570FFAF00008548000005B00000214E000078
S1136580055600000CB00000614700007156000081
S113659013B0000081470000595F000019B00000EB
S11365A02D530000DD4800005D60000020B00000B5
S11365B0E1540000494E0000F15D000026B00000E7
S11365C0795400002CB00000AD54000032B000003B
S11365D09948000038B000000D4A00004D5A0000F0
S11365E03EB00000554A0000D55A000045B00000F6
S11365F0814900001D5900004CB00000C54900004D
S1136600B559000053B000008D4D00002D6200000C
S11366105AB00000FD470000CD5800005FB00000F4
S11366209D4E0000AD5E000065B00000D94700003B
S1136630055500006BB00000B5610000A5470000DF
S1136640E156000073B000003961000021490000E8
S11366506157000079B00000594D000069550000F1
S11366607EB000006548000085B00000555400006D
S11366708BB00000A14B000092B000005D4C000004
S113668098B00000F54D0000596300009EB0000072
S1136690214D00005D580000A6B000001D48000018
S11366A0C15B0000ADB00000414800002D5C00005B
S11366B0B3B00000FD5F0000BBB00000D544000093
S11366C0C0B00000DD4E0000C6B000006D530000F5
S11366D0C54A0000E15C0000CCB00000314B000072
S11366E0D0B0000010B540F220210548FAF76AF84E
S11366F0FFF76EFE18B10348FDF793FEFEE710BDE9
S11367004F550020D5B0000010B5FAF7BBF810BD06
S1136710552243081340104018180300223A8008F9
S1136720104013401B180F2018401B09C018704755
S1136730034B1B681B78181A42425041C0B2704781
S11367401C40002003280DD00AD80138012806D89F
S1136750054B1868008808701B680633136070477F
S11367600438F3E7014BF4E70C400020104000200C
S113677010B540F2E41200200149F9F705FF10BDFD
S1136780C859002070B540F2E415064C2A002100D7
S1136790054803F052FA2A0021000020F9F7F4FE1C
S11367A070BDC046D8BB0000C859002010B5074CC6
S11367B040F2E41221000020F9F70CFF40F2EA1342
S11367C022689A4201D0FFF7DDFF10BDC8590020AE
S11367D0002310B51C00428003809A4202D8048032
S11367E0848010BDCC54038801339BB2F4E70000CD
S11367F00022034B1B685A6001329A607047C046FE
S11368001440002000220B4B0B491B6819630B49F1
S11368101A605A609A60DA601A615A619A61DA61A0
S11368201A625A629A62DA625A639A63D9631A6480
S11368307047C04618400020000080FF7F0080FFA2
S1136840214BF7B51C6800232380053363710500D1
S1136850FCF712FF58B340F6A070FAF75FFB6846E6
S1136860FCF71EFF6B465B790BB36B46174E00209B
S1136870185E6B46376840F2E3160221595E23889E
S1136880BE5DE21896715A1C92B2A2180612967155
S11368909A1C92B2A2189071DA1C92B2A218081231
S11368A090715A1D04339BB2E3182280997125B16B
S11368B0002162882388934200D3F7BDE018013396
S11368C081712380F6E7C0460C4000202040002060
S11368D03E4B013870B51B68042822D802F038FFFB
S11368E0032E214471000121394A072012685D8872
S11368F09268597144F25051D98052211972110E83
S113690059721102090E99721104090ED9721A737F
S1136910190000222F4E1880C01A4418A4B2A542B0
S113692000D870BDFF2A00D10022541CB25C013192
S11369300A731A8801321A80E2B2EEE702210022B9
S1136940597119005888234C1A80C0188142E8D024
S1136950FF2A00D10022551CA25C01314A711A8819
S113696001321A80EAB2F1E704225A7145F2455223
S1136970DA8049221A72184A180012680930110084
S1136980E532DD31FF31FF320C7801310470013022
S11369909142F9D10B20190000225D880D4E188018
S11369A0C01A4418A4B2A542BBD9FF2A00D10022C0
S11369B0541CB25C01310A741A8801321A80E2B2A2
S11369C0EFE70120FFF73CFFABE7C0460C40002097
S11369D014400020D8BA00002040002010B5424CDA
S11369E0F9F7A6FE2368D86818B918635863D86302
S11369F018643E4A126812780AB9DA631A640022EB
S1136A000A21FDF72CFD2C2002F0A6FF23680022AA
S1136A1018680A21FDF723FD2C2002F09DFF23684E
S1136A20002258680A21FDF71AFD2C2002F094FF79
S1136A3023680022D8690A21FDF711FD2C2002F0F9
S1136A408BFF2368002218690A21FDF708FD2C201A
S1136A5002F082FF2368002258690A21FDF7FFFC37
S1136A602C2002F079FF23680022586BDB6A0A218C
S1136A7090FBF3F0FDF7F3FC2C2002F06DFF23688C
S1136A8000223020185E0A21FDF7E9FC2C2002F0D8
S1136A9063FF236800223220185E0A21FDF7DFFC21
S1136AA02C2002F059FF23680022186C9B6B0A21EA
S1136AB090FBF3F0FDF7D3FC2C2002F04DFF23688C
S1136AC000223C20185E0A21FDF7C9FC2C2002F0AC
S1136AD043FF236800220A213E20185EFDF7BFFC15
S1136AE0F9F768FE10BDC046184000201C40002085
S1136AF0407A704710B5030072B6BFF34F8FBFF3EF
S1136B006F8F40680422040094435C605B7A0B70CE
S1136B1062B6BFF34F8FBFF36F8F104010BD0300F9
S1136B2072B6BFF34F8FBFF36F8F426804201043D8
S1136B305860597262B6BFF34F8FBFF36F8F7047BF
S1136B4070B5234B234E1C683368DB7D73B1224838
S1136B50FDF767FC3368002218685B680130C01ACF
S1136B600A21FDF77CFC1D48FDF75BFC1C4D2B68DE
S1136B705B7A112B03D11B48FAF724FA70BD3268F3
S1136B8053681168013B53600029F7D0D3B163798E
S1136B90012B06D0052B11D00D212868FFF7BFFF6C
S1136BA0ECE79368013393601A0E62721A02120EB4
S1136BB0A2721A04120EE2722373EDE70020FFF7AB
S1136BC03FFEE9E70748FAF7FDF91021E5E7C0467B
S1136BD00C40002014400020FEB00000A3A70000D9
S1136BE02040002084570020064810B5FDF719FC0A
S1136BF0054B1868437A112B02D00B21FFF78FFF46
S1136C0010BDC04603B1000020400020064810B566
S1136C10FAF7D8F9054B1868437A112B02D00A21E8
S1136C20FFF77DFF10BDC0468457002020400020A0
S1136C3010B50448FAF7C6F9034B16211868FFF794
S1136C406EFF10BD7057002020400020F0B5824D2B
S1136C5089B002932B680E000393804B0192883312
S1136C601B68040098477E4F03993B6807904433A0
S1136C701A780D310023FF31002A5FD07948FDF7DF
S1136C80D0FB039B0D33FF330493A3190593059B9A
S1136C90A34244D12C2002F05FFE40F206133C686C
S1136CA0039AD6522368049301332360E3680133C3
S1136CB0E3606D4B1B681B7A9A1E012A5ED8022B77
S1136CC040D12D68002363622362F3000593A3621D
S1136CD0039B06350D33FF330393AB190693069BD1
S1136CE0666A276AAB4230D1E369059A9B18E3616F
S1136CF02369DB19236163699B1963615B4B1B681F
S1136D001A7892BB39331B782BB926B1049B2360C4
S1136D10636801336360019B002B50DC31E023780E
S1136D20049A022113702078FDF785FB049B01343B
S1136D3001330493ABE7E25CCA5401339AB296423E
S1136D40F9D8AAE74A4B1D68BCE7039B08371878B3
S1136D502B7801355840FFF7DBFC039B86193F1A5B
S1136D600133666227620393B9E70333DB7F2BB9F0
S1136D7026B1049B2360636801336360019B002B8D
S1136D8018DCE36A019A0133E362636B01999B188F
S1136D906363238E1A1C1BB28B4201DD6B469A88F7
S1136DA0638E019922861A1C1BB28B4201DA6B4650
S1136DB09A8862862D4B1B681B78012B2ED00023EA
S1136DC0029344342378C3B1002204210198FDF7CF
S1136DD046FB2C2002F0C0FD002204210298FDF79E
S1136DE03EFB2C2002F0B8FD079B0022580604212C
S1136DF0C00FFDF734FBF9F7DDFC1B4B1868437A31
S1136E00082B09D0194B1B68197809BB3A331B7836
S1136E1003B10731FFF783FE09B0F0BDA36B029AFB
S1136E200133A363236C02999B182364A38F1A1C58
S1136E301BB28B4201DD6B461A89E38F0299A2874C
S1136E401A1C1BB28B4201DA6B461A89E287B8E737
S1136E5005330021DB7FDBE70C40002054B3000046
S1136E601840002016B10000204000201C400020E3
S1136E701040002010B5114C1148FDF7D2FA2368D8
S1136E8044331B7813B10F48FDF7CBFA226893689B
S1136E90013393600C4B1868437A082B0AD00B4BD0
S1136EA01B681A783AB93A331B78052103B10231C9
S1136EB0FFF735FE10BD0533DB7FF6E718400020F1
S1136EC01BB100002EB10000204000201C40002017
S1136ED00E4B10B51B681A68013A1A605A680132E1
S1136EE05A600B4B1868437A082B0AD0094B1B686D
S1136EF01A783AB93A331B78042103B10331FFF706
S1136F000EFE10BD0533DB7FF6E7C04618400020B7
S1136F10204000201C40002010B58AB018B1012880
S1136F2020D00AB010BD1F4B19680B003A331B78F0
S1136F30089009930B000790069039331B7805934A
S1136F404B7A04930B0038331B780393CB8E029354
S1136F508B8E00900193144B8A6A9C690300C96A62
S1136F60A047DEE70F4B19684A1DD27F4B1CDB7F1D
S1136F7009920A1DD27FCC1C089200220792069225
S1136F80E47F05944C7A04948C1CE47F0394CC8BAA
S1136F9002948C8B0092044A019494694A69896929
S1136FA0DEE7C0461C40002054B3000010B58AB090
S1136FB018B101281DD00AB010BD08211B4B1A6856
S1136FC0D3685156089313000790069005903933FF
S1136FD01B780493130038331B780393938E01902A
S1136FE00293936A0093124B126BDC690300A0476F
S1136FF0E1E708210D4B1B68DA68595608921A1DFF
S1137000D27FDC1C0792002206920592E47F04944E
S11370109C1CE47F03949C8B02945C1CE47F01948D
S11370205C690094024C9B69E469E0E71C40002021
S113703054B3000070B500261C481D4B1D4C036062
S11370401D4B466183601D4B866143601C4B1D4D87
S1137050C3601D4B0361236898470120FFF7A6FF17
S11370600120FFF759FF2968A46F30003C31A04785
S1137070296801204031A047296804204431A047F1
S1137080296805204531A047296802204631A047D8
S1137090296803204731A047296806204831A047C2
S11370A0296808204931A04770BDC0469857002080
S11370B0416B000054B300004D6C0000E96B00000C
S11370C0756E00001C400020D16E000010B51649FA
S11370D0164C1748F9F746FF16491748F9F742FFC7
S11370E0FFF700FBFFF762FBFFF782FBFFF78AFB6A
S11370F02068FF22010007300D31FF31FF30FFF718
S113710067FB20680D4CFF22811DFFF761FB23689C
S1137110187AFFF7DDFBFFF78DFF002320680121BC
S11371204360FFF7FCFC10BD0D6C00000C40002018
S113713084570020316C000070570020204000204C
S1137140F0B585B0FCF75AFBFFF7C0FF0023012719
S113715002AAD370039301930093F9F773FA08B169
S1137160FFF7D2FA9E4D9F4C29002068FFF7C2FC1E
S1137170002800D130E1287801381528EDD802F034
S1137180F1FA20011D0116002E004B004E00ECFF09
S113719052005D008000E200ECFFB700C400C400B0
S11371A0E200E200ECFFECFFF100ECFF18018E4D71
S11371B08E4B2A68DB68506898472B681F78D7B9CC
S11371C01A003A32127800970AB91B690093380002
S11371D0FFF7A2FEFFF716FB042223685A72834DC1
S11371E000986B6B984778B1642811D02B6B984743
S11371F0002223680AE05A1DD27F1AB91B690127AD
S11372000093E4E70023FAE7072223685A72A4E70D
S11372107748FDF706F9E9E7744B1B6BE7E7734B17
S11372201B6B984799E7714B1B6B9847FFF7D6FB8D
S11372300020F9F78DFBF9F799FAD9E76A4D6B4B02
S11372402A68DB68506898472B681F78B7BB3800FA
S1137250FFF7ACFE266802ABD91C03AA307AFFF70D
S113726071FA2B6802AA597AD2780B1C914200D980
S1137270131CDBB201935F4B1B681A685A600A2324
S113728073725C4B594D1B689B7DE3B1564E33685A
S113729048331B78BBB93800FFF73EFE554B380026
S11372A01B6814215A5E31681B692E694968B0470E
S11372B048B90D212068FFF732FC4EE70120FFF7A3
S11372C075FE0127C6E7AB6A0199039898476628BB
S11372D00CD004D838B1652888D1474899E7672885
S11372E084D1464895E70C2223688FE7444890E709
S11372F03E4B1B6B98473F4B42481B68D968F9F7D4
S11373005FFF4048F9F7D0FE27E7374E374D326824
S1137310EB68506898473368187880B9FFF746FEE1
S113732008213368DA6858685956236892B25B7A40
S11373300E2B06D1EB6B98471722236866E70120D2
S1137340ECE72B6FF7E72F48F9F73CFE274B1B6B55
S1137350984723685B7A102B00D149E70B2B00D1A7
S113736046E765E740F2D4132268D358ABB9254801
S1137370F9F728FE2448F9F725FEFCF78FFF1522BC
S113738023685A72C432FF329A5C184B012A0ED118
S1137390DB6A9847FCF7C2FADFE640F2E8311A48A4
S11373A05943F9F70DFF1848F9F77EFEE7E7DB6E5E
S11373B0EFE70E4B0433DB6F984739E7FCF7B4F97A
S11373C0CBE60020F9F7C4FAF9F7D0F900222368D4
S11373D05A72F9F72DF9C0E6044B1B6E9847BCE6C8
S11373E024400020204000201C40002054B3000012
S11373F03DB100001440002051B1000080B10000F4
S113740065B10000845700207057002010B5FFF7C5
S113741097FE10BD10B518B90122054B1A7010BDA6
S11374200228FCD10349044801F034FAF7E7C046C6
S113743090C07E40B8BF0000AC5B002010B5FFF7E1
S1137440E5FF002010BD30B51D00836949005B696C
S11374500400C95A222031B1E0680B18095A0020EF
S113746004332960136030BD030070B500250400A7
S11374700833DB6F05609A681868526990472800E2
S11374806560A56070BD0A2370B58360036C01005C
S11374900133036403000833DC6FC268A368206807
S11374A05D6840310823A84770BD41B1436813B1FA
S11374B04368022B03D104234360033B836070477A
S11374C0F0B585B0019300238377030008330400EB
S11374D0D86F83680068DD6802AB0733A8470500EE
S11374E0E0B90600A37F104F33B90121013608002B
S11374F002F024F8BE42F5D1230058331A780199DA
S11375000A70BE420DD01A78022A07D01A78032ACC
S113751004D040F2F4151B7859342370280005B0C8
S1137520F0BD1425FAE7C04640420F000223F0B52F
S1137530060085B002AAD371C268040015004BF698
S1137540AD678836336801919B18083543616369D8
S11375509D421BD2019BB3B102AB0422290020003F
S11375600733FFF7ADFFA0B902ABDB79022B0DD0D7
S1137570A1693368CA6828880A3252009B1A834278
S113758009D2212003E0A36E9D42F1D10020A5661B
S1137590256105B0F0BD0322EB1D1B1893435A88E7
S11375A0BA42EED11A884869E1685200691A115248
S11375B01A881D1DE265CAE710B50400436E002158
S11375C0C36083691A6958690132520002F0CCFA27
S11375D000212000FFF7AAFF10BDF8B50400032521
S11375E0836949005869626E435A26699B18E367A8
S11375F01B88221D0B33AB43D367E2689B19B71A70
S1137600475221008831096800205218934205D955
S11376102000FFF7D1FF01236560A360F8BD0000DF
S1137620030070B50026083386770400D86F83689A
S113763000689B689847050048B1280070BD012187
S1137640080001F07BFF0A4B01369E420DD0A37F58
S1137650002BF4D0230058331A78002AEDD01B787D
S1137660593440F2F4152370E7E71425E5E7C046E2
S113767040420F00F8B5436804000020032B22D0D9
S1137680261DF56F202D00D9202527001F372A003D
S11376903800E16F02F0D1FA0623A3602300083317
S11376A0D86F3900836822695B6800689C462B00A8
S11376B06746B84723695B192361E36F5B19E36786
S11376C0F36F5B1BF367F8BD10B504008369616F4A
S11376D01A690131914200D9002161675A69480051
S11376E0825A002AF3D0236F8B4207D02000FFF781
S11376F074FF10B92000FFF7BDFF10BD23692000FF
S1137700A367FFF7C0FEF8E7F7B50400019308008C
S11377100223A56911002E6963602066984207D090
S113772000216B694A009A5A12B901318E42F9D28A
S113773023008833E7681A68BB189C462B68AD6839
S11377405D19654500D06346D2186766E3606261DF
S11377508E4215D3083323618BB2236763670228F3
S113776005D12000089B019A00F00EF8FEBD200010
S1137770FFF733FF0028F9D12000FFF77BFFF5E77F
S11377802000FFF780FEF1E773B51C000326150007
S113779002690B34A418B4434669B44214D80400F3
S11377A0503421800100060048310B80C3684A36FA
S11377B0D31A33800223C5648360606B83680068D6
S11377C05C680423A04776BD0A00009302212B00C5
S11377D0FFF79AFFF7E770B50500FFF7D5FF040040
S11377E001002800FFF761FE200070BD8369F0B539
S11377F01A690500013258695200002185B002F06F
S1137800B3F900234FF6FF72AB77EA65EB6001939F
S1137810AB6901995A68914201D300243BE02F00DF
S11378208837019A3E681B685643F61802AB082253
S1137830310028000733FFF743FE040058BB02ABB6
S1137840DB79022B14D102AB310028003A680733EC
S1137850FFF736FE0400F0B902ABDB79032B43D10A
S11378603A68120A31002800FFF7DAFE040011E03A
S11378704BF6AD62F3889342F2D1E96899B33A6862
S113788030680B68120A9842ECD92800FFF7C8FE4A
S11378900400EE6044B3EB684BBBAB6929001A6883
S11378A09B688831D2182B0009680833521AEA60A1
S11378B09CBB22492C64D9872900D86FAC77836894
S11378C040315C6800680823A047040028BBAB7FF4
S11378D033BB0121080001F031FE194B01349C42F5
S11378E0F5D1142426E0EE60019B01338FE7212CAF
S11378F00ED10126002301212800AB83FFF716FED9
S11379000400212816D0A8B92EB90123AB6011E0D8
S113791084B90026EEE721240CE0212C0AD1E8E703
S11379202B0058331A78012AF3D040F2F4141B7850
S113793059352B70200005B0F0BDC046ADBEFFFF29
S113794040420F00F7B54D688A680700B2FBF5F2B4
S113795004000B6A81611B6888300837FB6702608A
S113796025480022606460652000244D9030256520
S11379708D69C9692264A264E26481602100943142
S113798005600A609A6803CB12689047060008BB3A
S1137990A0602000FFF72AFF050021281CD1330036
S11379A03200310020000096FFF7AEFE050058B902
S11379B0A368012B1AD00121080001F0BFFD104B70
S11379C001359D42F4D11425FB6F2E009A68186886
S11379D0526990473000FEBD0028F5D1E3681B686A
S11379E0236400236360074B2360F3E76368042B7D
S11379F0F4D140F2F415E7E70000ADBEFFFFADBEE1
S1137A00404B4C0045455652F0B584680023250090
S1137A1087B00093037858352B70A3681BB90133E2
S1137A20A37707B0F0BD2B78012B00D0DCE0A06871
S1137A300238082800D9B3E001F08AFE058B359F8F
S1137A40B8B2B2B2C00023690325043301932361A1
S1137A50230048331B88E76C1A002A40A560029271
S1137A602B420AD1A560220039000832D06F826807
S1137A705568019A0068A84739E0032B0FD82600FF
S1137A808C3604220021300002F06EF839003000F8
S1137A90029A02F0D2F837000423A560E3E7042237
S1137AA0AB43A260DFE7230048331E882500032789
S1137AB033008C35BB43042200212800A7600193C6
S1137AC002F052F83200019BE16C3A40C9182800D8
S1137AD002F0B3F82269019B29009A1823000833A5
S1137AE0D86F2261836800685E680423B047010090
S1137AF02000FFF7DAFCA368012B00D091E72300F4
S1137B0090331A68002A00D18BE76368002B00D0F9
S1137B1084E0A368013B591E8B41DBB204A90B70BE
S1137B202300943498331B6820684B60002877D076
S1137B300378009343680393030060C960C39047CC
S1137B402368002B00D16CE7009A1A70039A5A60DC
S1137B5067E7230048331B8821695A189B0700D024
S1137B600A1D0523A360230021000833D86F226176
S1137B70836850315D6804237CE72300210050337F
S1137B801A882369E265043323614A310888A169AC
S1137B90520049695052626822B90132A260A36658
S1137BA00020A4E72000FFF78FFDA0E7231DDB6F73
S1137BB02000002BF7D0FFF75DFD98E72300883302
S1137BC01A68E368616E9B18636100232377A36FCF
S1137BD0120A23610B23A36023000833D86F836840
S1137BE000689B68984782E72B7823B9009B636001
S1137BF00123A360D4E763680098022B05D1A3682E
S1137C000B2B02D02000FFF7D7FC23002A7859332E
S1137C101A7004236360033BA36068E763687CE72E
S1137C2008008CE74A6810B50B68C260CA68040093
S1137C308261002202749A6841608360126803CBF7
S1137C40904708B9014B236010BDC04632443E43FF
S1137C50836810B59A680400526818689047002039
S1137C60206010BD0022010010B583680275986879
S1137C701431C4681868A04710BD10B583689A68A9
S1137C80186894680422A04710BD0000087830B535
S1137C903F2826D84B7843F6FF741B02034342F275
S1137CA010705BBA9BB24343642093FBF4F393FBE1
S1137CB0F0F5158045435B1B53808B78C9781B0214
S1137CC0194344F2740389084B4393FBF4F30649C4
S1137CD05B1893FBF0F148431B1A00209180D3807A
S1137CE030BDC0208002FBE760F0FFFF0620704734
S1137CF006207047062070470620704707B50268C3
S1137D00D3680093037A591E8B416946DBB20B7129
S1137D10517C19B101219174D37407BD9369002B6F
S1137D20FBD068469847F8E74A68030042608A68CF
S1137D30016082600A69C261CA6802620020024A64
S1137D401876DA607047C04621332C32426803004B
S1137D5000205060D860704710B500F024F810BDC2
S1137D6010B500F038F810BD1FB500F047F805B0A5
S1137D7000BDF8B5436804005A680020A24211D03F
S1137D809D68A668AB68327B1B69B1682868984710
S1137D9040B9636822005C60AB68F1695F69030005
S1137DA02868B847F8BDF8B5436804000D0016000C
S1137DB09F68FFF7DEFF68B9227E03000AB12B003B
S1137DC030006361BB68206132005C6829000023D5
S1137DD03868A047F8BDF8B5436804000D001600E4
S1137DE09F68FFF7C6FF40B9BB686061206132003D
S1137DF09C68290003003868A047F8BD7FB5039349
S1137E00436804009E6801AD01910292FFF7B1FF3F
S1137E1050B9029B019963616B7A30682361B3683E
S1137E202A7A9C680123A04704B070BDC36910B5C9
S1137E300BB10800984710BDF0B5046885B06368BD
S1137E4000259E68236A01930379023B012B04D920
S1137E50B3683068DB68984703356B4661691D7306
S1137E6061B15DB9B36822695F6830682B00B847B7
S1137E706561256130B103236A461373200001A9AB
S1137E80FFF7D4FF05B0F0BD0161426100207047E7
S1137E90F0B5036A87B005009C4600910192CBB10E
S1137EA0406A02ACC0B122000100C8C9C8C2096856
S1137EB01160EA69009B12788360019B0260037180
S1137EC0AA6AC260E0476B6A23B123CC23C31A00B9
S1137ED02368136007B0F0BD2000EAE7F8B54B69EA
S1137EE02F4A03628B6904008362002343620B7888
S1137EF00D00DB009B18C1618361EFF31081012346
S1137F0083F31088274B28485A6802405A605B68FC
S1137F1081F31088E169A269CF697B685878107190
S1137F20097818788C466646204940F2300C88550A
S1137F3003261B7808781B09334066461B01B043AF
S1137F4003430B706B78E978DB00890018480B4316
S1137F50A978415C05200B4379780B4339784900B3
S1137F600B43DBB2D37003239370803393700023ED
S1137F706361E360E333937029792200285601F0AA
S1137F8075FB7B680121588801F0D8FA0720A9798C
S1137F902856220001F06AFB064B00206360F8BDFE
S1137FA000340A40FC6F0440FF7FFFFF00350A40A5
S1137FB0E8C100005452415570B5C369040007205C
S1137FC00E001856150001F041FB731CA360022338
S1137FD00720A269013D9178E5600B439370E36942
S1137FE0185601F02BFB3278A36900201A7070BD7B
S1137FF010B5EFF30383103B0D4A5BB29B00985816
S1138000C168836939B182680139147801321C70FE
S1138010C160826010BD9C7802222100114014428C
S113802003D0997891439970F4E7FFF731FFF1E7B2
S11380300C5E002010B5EFF303830724103B104AB5
S11380405BB29B00985882695178537994710D4AB8
S11380502340D25CC9B212B1FFF71AFF10BD4369C5
S11380600422002BF8D003691970036941690133B4
S11380700139036141610029F0D10122ECE7C046D6
S11380800C5E0020E0C1000070470000084A017A3D
S113809093798B434168C8690978032904D101782D
S11380A0012901D103318B43002093717047C046ED
S11380B000380A4030B50E4A017A95794068D37A7F
S11380C0147B8B432943C5690078E4B2032804D1A7
S11380D02878012806D01020834314730020D3721B
S11380E0917130BD042014250443AB430143F4E7EC
S11380F000380A400300007800B5032808D801F0CE
S113810027FB020810141B7C0C4AC9B29B18197077
S113811000BD1B7C094A5B085B009B1889B219806F
S1138120F6E7064B0A0C5A80F8E7DB691B78012B4B
S1138130EED1024B89B25980EAE7C04600380A40C2
S11381404B69F7B5C3608B694160036101230A7C05
S11381500C001900914005000172EFF3108183F3C4
S113816010881020294BDA688243DA60DB6881F3D7
S113817010880F23264926788A791A40B301DBB286
S11381800193032E0ED10838CABBE0690378407806
S11381903340C000053630400343802003438B72D4
S11381A040230193887A4426C00900B9403E194B04
S11381B01878471C1F7010B9019B1A438A7101205B
S11381C06B68CE711B7C267A5908034006309B00ED
S11381D0304098400300104A89180A781343DBB2F0
S11381E00B70616868680139FFF784FF122020561C
S11381F0002803DB2A00617C01F038FA00206B6858
S1138200064A1B7C9B009D50FEBDC046FC6F04408B
S113821000380A40D05D002008380A40D45D0020B0
S11382204289024B0020DA867047C046FE260A4087
S11382304289024B00209A867047C046FE260A40B7
S113824030B5020085B0EFF30383103B12495BB2F3
S11382509B005D586C68E36959780023043902294E
S113826005D8237C0D4A5B009B5A02229BB2E96825
S113827079B12D6901A802710195022A07D1227CE6
S1138280064C90325200125B120401329B18836038
S1138290884705B030BDC0460C5E002000260A4069
S11382A030B5C5694C1E6B78032B04D1AB79022B16
S11382B001D04C08013C037C022006495B005B189A
S11382C0A9788143012902D1013AD2B25A70A4B2E9
S11382D01C8030BD00260A40F8B50C000E7C01213C
S11382E00B00B340038163690500C360A369446064
S11382F00361EFF3108081F31088224BDA688A431C
S1138300DA60DB6880F31088E2691178D379C907F1
S1138310C90F9B030B439178481E8141C9020B434B
S1138320517819484900095A80200B4317499BB2D8
S11383300887217C1648883149000B521289200095
S11383406168FFF7ADFF40F20011E7691220BA78C7
S11383501302013A0B40511E8A411343B3406B810F
S11383602056002803DB2A00617C01F07FF90B20F2
S11383703856002803DB2A00B97A01F077F9002087
S1138380F8BDC046FC6F0440ECC10000FE260A4064
S113839000260A4010B50020FFF752FF10BD4368C5
S11383A010B5C4681A78FF21436904B1E15C84689C
S11383B0520001331153436110BD436882681B7836
S11383C05B009B5A02699BB20AB181695354836969
S11383D00133836170470000F0B50B6A87B00193E5
S11383E05B795D4A41609B1800225B0283608B6964
S11383F004004362CB690D008362431CDA77EFF318
S11384001087012383F310881E000198534A407992
S1138410516806308640B1435160526887F3108832
S11384206168A0680A6A029008788446487A8703DB
S11384300600907807432020384380B203901079D7
S11384400490D77800037F030743487B4449C00165
S113845038430143029889B20591FE30418D89B2B7
S1138460002E00D06DE003851078039EC003064300
S1138470B0B20390604608308340527804985202A8
S113848092B29BB201285AD1994363460120984085
S1138490029F80B281430491FE37BB8D029E034349
S11384A0BB85634640F2FE0C5B00F3189C446646B1
S11384B0039971826146059E4E831A80049B2200B3
S11384C07B85B8840320E979285601F0CFF8254B41
S11384D023606B7A012B2FD1EFF3108083F3108884
S11384E0214B196819B9214A1170403111701A6869
S11384F001321A6080F310884FF6FB74019A0198D8
S11385001189C0680A0A1201C9B2521818492040D8
S113851052005052EFF31081012282F310881A683E
S113852012B11A68013A1A601A681AB90F4B1A7014
S113853080321A7081F31088002007B0F0BD19430F
S1138540A3E753796246134323B90A4A0433D07824
S11385500343D370002298E710052000FC6F044009
S113856007C0FFFF53554153085E002040030A40F3
S113857000020A4000100A40F0B585B003920AAA2E
S1138580029101931178421CD27F08248ABB0127EF
S11385903C00456882682B7816009C40BB409C4692
S11385A0A4B2FE366244F484FE32538B0739BB43D3
S11385B01F000B005942594139435183B4842C6A3A
S11385C0518AA47889B2012C05D1019BA143022BC5
S11385D000D92143518200240122019B4461C361DB
S11385E0029B8461C360039B0361431CDA77FFF73A
S11385F0D6FE200005B0F0BD13B504AC2478009479
S1138600FFF7BAFF16BD0000F0B585B0EFF30383A2
S1138610103B214A5BB29B009C5863681D78A36899
S11386206A009B180122FE33598811420AD05A81EC
S1138630042301A801950371A36A8360636A9847C0
S113864005B0F0BD5B8A1E009FB21640134202D0F3
S11386506369012B02D92000FFF7AFFE6269E36969
S11386609A4203D22000FFF79AFEE9E736B10123CC
S113867088359F43A3686D00EF52E1E7636801A862
S11386801B78019301230371A36A8360636A013435
S11386909847E677D4E7C0460C5E002070B5040026
S11386A0012001F013F82278002A35D0032A28D1BA
S11386B023002A33197801331B7809025B02206AEC
S11386C0656A194348F200030B43032A1DD12200B3
S11386D029321278D2011343A168E26801432A4384
S11386E040F240340F489BB2015140F244314250B1
S11386F040F660020C4901208B5200F0C1FF0020BB
S113870070BD00210D000800DCE7022AE4D122003C
S11387102B3212785202DEE7293423781100DB0170
S1138720DEE7C0460060004000E0014010B50400F0
S113873008006160FFF7B2FF08B9014B236010BD68
S11387404D504C5210B50400012000F0BFFF626888
S11387501178022905D0002303290DD1283212787B
S113876052B9134B1A6800235202D10F9A4203DB09
S1138770104A137B1173DBB240F660020E498A5A29
S1138780BFF34F8F30BF62681178022904D00329E8
S113879008D1283212782AB9054A1268520201D443
S11387A0044A1373012000F06BFF002010BDC04683
S11387B0FC6F04400054004000E00140EFF31080DF
S11387C0012383F31088064B196819B9054A1170FF
S11387D0403111701A6801321A6080F310887047B2
S11387E0085E002040030A40EFF31081012383F365
S11387F01088074B1A6812B11A68013A1A601A688D
S11388001AB9044B1A7080321A7081F310887047B9
S1138810085E002040030A400B0A1B01C9B25B1822
S113882003495B005B5A00209B07DB0F1370704702
S113883000020A400123C8B2834000209BB20AB957
S113884018001300034A090A490189180881002005
S11388504B81704700000A40F8B50400FF25FFF77C
S1138860ADFF002220880A4E93B2984202D8FFF747
S1138870BBFFF8BD6168D300C9188F8809683B0A3B
S11388801B012F40DB1989B25B0099530132EBE7DE
S113889000020A4010B5034B03600800FFF7DCFF39
S11388A0002010BD54524F50EFF31080012383F386
S11388B01088064B196819B9054A117040311170B6
S11388C01A6801321A6080F310887047085E00202D
S11388D040030A40EFF31081012383F31088074B10
S11388E01A6812B11A68013A1A601A681AB9044B64
S11388F01A7080321A7081F310887047085E002065
S113890040030A404160027200207047C162026362
S113891000207047C368034A00209B185A42534101
S11389200B707047BDB6B6AD012307B521B9431D21
S1138930DA7F03239B1ADBB2026B00926A4613713F
S1138940C36A6846984707BD0200002370B5083221
S1138950011DCB77D37720321370C51DEE7F821CA7
S1138960D47F026956B91000FF30457802332B4397
S1138970437001230020CB77147070BDEB77F8E7C8
S113898010B5841DE37700238261027A4161C361DB
S1138990012A05D14368811C5B00CB77C31CDA77BD
S11389A00022431DDA77FFF7CFFF10BD03000069F3
S11389B010B502007F24FF3251782140517002210A
S11389C081709C205178014300205170DA1DD077CA
S11389D0986110BD10B5841DE37700238261027A8B
S11389E04161C361012A06D14368811C5B001343C2
S11389F0CB77C31CDA770122431DDA77FFF7A4FF94
S1138A0010BD0000F8B58A68016042600A7B04006A
S1138A100272CA690B00C2620A6A0263EFF310862B
S1138A20012282F310881D782D490A35AA4048682E
S1138A30904348604A6886F3108810201A782949C0
S1138A4026685218D20022611856597B1300756AA1
S1138A50FF33AF78DF706A78234F1A7172682E780B
S1138A609446EA7892003243BC4536D1D2B29A7029
S1138A70220000F0FBFD21697F200B00FF335A78B0
S1138A8002405A7002228A709C215A780A435A7012
S1138A90FFF70AFFFF21AE892869330A1B010E4044
S1138AA0124A9B1980B25B009852A888030A1B01E2
S1138AB00840A9681B1889B25B009952FFF70AFFA6
S1138AC00020631D6061A061E06103331877D877EB
S1138AD0E31DD877064BE360F8BD08263243C5E7AB
S1138AE0FC6F044000460108A086010000020A4011
S1138AF0434949527F21036870B55E6A03690400E3
S1138B00FF335A7800250A405A70FFF7CDFEFF2143
S1138B10B089154A030A1B0108401B185B009D52CB
S1138B20B088030A1B0108401B185B009D52FFF725
S1138B30D1FE1020E31DDD772368A561185600F0EF
S1138B4085FDEFF31080012383F310882168074A21
S1138B50097856680A318B4033435360536880F375
S1138B6010882800E56070BD00020A40FC6F0440D4
S1138B7010B5EFF30383103B2F4A5BB29B00985868
S1138B8003695978CAB2C90706D503000833D97FE7
S1138B90C9B2FFF7C9FE1EE0510703D40100283112
S1138BA0097821B151B2002901DA520607D5012210
S1138BB00830C277FF3359780A435A700BE0C26910
S1138BC081698A4228D2411DC97F29B94169895CDA
S1138BD001321970C26110BD010028310C7844B90A
S1138BE01A780122FF330A7059782B329143083ADC
S1138BF0E2E7197843699954C269036981690132CA
S1138C00C261FF338A4204D12C2259789143043A39
S1138C10D2E720225978CFE7821DD27FFF335978DB
S1138C200AB90132C8E702220A435A700122C31D5D
S1138C30DA779B18ABE7C0460C5E002070B50400E1
S1138C4002200856094A20718B68A360CB68E36050
S1138C500B786371CD78D554002803DB2200497862
S1138C6000F0C2FC024B0020236070BD0060004095
S1138C705543490010B5007940B200F0DFFC0020F4
S1138C8010BD000007B5EFF30383103B064A5BB247
S1138C909B009B583BB19A682AB15979DB686846B6
S1138CA001910093904707BD0C5E002040F21A2307
S1138CB0044A0020D35A812213405A1E93410B7058
S1138CC07047C04600C07E400620704706207047AB
S1138CD006207047062070470A0010B5034B11CBDD
S1138CE011C2034B11CB11C2002010BD34C20000CD
S1138CF01CC20000062070470620704706207047FB
S1138D0006207047C36A0D4A10B59A180133C3622E
S1138D10036B816A013B0363094B4C1C846218009A
S1138D20140CFE3092B2448242811A000978FC325B
S1138D3051638122FF335A7510BDC0460000F0BD57
S1138D4000C07E404143032903D989080139002921
S1138D50FCD17047264A03001268264810B52649FC
S1138D6082420BD88A4209D02448824206D0244841
S1138D70824203D040F2F610DA6010BD2148224C42
S1138D801218B2FBF1F10800A24202D901200840F6
S1138D90081840F28352D86006204A43B2FBF0F22E
S1138DA01A6140F276324A43B2FBF0F25A61582219
S1138DB04A43B2FBF0F29A61144A99604A43B2FB07
S1138DC0F0F2DA61124A4A43B2FBF0F21A62114A33
S1138DD04A43B2FBF0F25A620F4B1A78012A01D1CE
S1138DE00020CAE701221A70FFF7ACFFF8E7C0467B
S1138DF0C85E0020FF083D0040420F0080841E0032
S1138E00C0C62D003F420F003F8AF701B86A050033
S1138E10C0B0070068ED220090C07E4044F60033E5
S1138E2013B5A522019340F28013F7210F4CE250B1
S1138E300F4B9D3A5A7059705A705B78934200D127
S1138E40C04681681020FFF77DFF40F21A22094BCB
S1138E50A352A35A98B203B916BD019B1BB1019B3F
S1138E60013B0193F5E71420F6E7C04600C07E40BD
S1138E70FFC07E4000AAFFFF13B5104901900B6BA1
S1138E805B0612D57F240E4B5A7D22405A75002270
S1138E905A7501900B6B5B06D80F002B08DA019B07
S1138EA02BB1019B013B0193F4E7019B0BB9142007
S1138EB016BD019B013B0193E1E7C046FCC07E4027
S1138EC0FFC07E40002310B503604368112018568C
S1138ED00300213301D000F0B9FB002010BD0620AF
S1138EE0704706207047000040F21A2370B5114AFB
S1138EF0114D8168EA5204000620FFF723FF40F277
S1138F008013A522EF21EA500C4B953A5A70597000
S1138F105A705B78934200D1C0460320A168FFF7E2
S1138F2011FF63681A781AB11120185600F086FBF5
S1138F3070BDC04680AAFFFF00C07E40FFC07E40D7
S1138F4070B50400FFF7D0FFE3683F2040F2D81269
S1138F5009491F2B0BD9203B5B081F338D58034055
S1138F6085432B4320008B50FFF758FF70BD1F250E
S1138F70013B2B408D58F3E700C07E400A7810B5C2
S1138F800B00040041602AB111202200097C18560C
S1138F9000F02AFB230000223C3320001A70FFF764
S1138FA0D9FE28B92000FFF7CBFF08B9014B236095
S1138FB010BDC0464E45504F10B50400FFF7CAFE21
S1138FC010B92000FFF7BCFF10BD00000300002211
S1138FD03C3310B51A7040F21A23074A0400D35ADE
S1138FE00BB9FFF781FF0122044B20009A62002293
S1138FF09A62FFF713FF10BD00C07E40FCC07E40A4
S1139000F8B50500080016001F00FFF735FF04003F
S1139010142804D12800FFF7D9FF2000F8BD40F23E
S1139020F0133400044AD3581C401E42F5D02800E3
S1139030FFF7CCFF3C00F0E700C07E4010B5FFF71F
S1139040C5FF002010BD0000F7B5070000263C371F
S11390503E700400150001910093FFF745FF1C4B7F
S1139060019A9C461B481C49624446716B1E160CAF
S11390704E829B18194E92B24A811A0C9BB27262AC
S11390804B838323437563681B784BB10523009A94
S11390903B70033B1370A369A36300252800FEBD46
S11390A0A16940F2F813694310222000FFF7A8FFDA
S11390B0050040B9F36A009A1B07DB0F2000137008
S11390C0FFF7ACFEE9E72000FFF780FFE6E7C046C4
S11390D00000F0BDFFC07E40FEC07E40FCC07E406C
S11390E070B503634368C2621E78002533005A1EBC
S11390F0934102009B003C32816213704369040077
S11391008363FFF7F1FE0D4B5D71236B63B99DB96A
S11391102000FFF783FE0FE0182312222000A16B2A
S1139120FFF76EFF0500F0E735B92000FFF7EAFD11
S1139130002EF1D012236363280070BDFFC07E406F
S1139140F7B5070000253C373D7004001600019177
S1139150FFF7CAFEFF23019A19499A431300194ADB
S113916026639B18A3624D71190C8C46604632022B
S11391701549013AD2189BB248824B81130C9C4684
S11391806046124B92B2586284234A830C4A537548
S113919063681B786BB9216A11222000714319336B
S11391A0FFF72EFF050010B92000FFF737FE280057
S11391B0FEBD01233B7010336363236AA363F6E7A8
S11391C0FFC07E400000F0BDFEC07E40FCC07E407B
S11391D030B585B0EFF30383103B1D4A5BB29B00AF
S11391E09C58A06BFFF748FE142808D040F2F013F7
S11391F0184A616BD2580B001340114212D0200060
S1139200FFF7E4FE0723200001AD2B70FFF706FEF5
S113921062685368A3B1D2682800039200220292C4
S113922098470DE022003C321278012AEBD0042A40
S113923008D1226B0123002AE5D02000FFF762FD4C
S113924005B030BD044BDB6A1B07DB0F0233DAE7E2
S11392500C5E002000C07E40FCC07E400A68030013
S113926082604A68C2600020014A58601A607047F0
S113927043474300034B8000C35819701A788A424D
S1139280FCD1704798C2000010B5012000F01EFA0E
S1139290032000F071F8002000F018FA10BD00005F
S11392A0094B0A4A1B6810B5934209D840F60B03D0
S11392B0074A0120D35C03B9022000F05DF802E004
S11392C0044A9342F8D910BDC85E002080841E0071
S11392D000E0014000366E0110B5002000F0D0F926
S11392E0FFF7DEFF012000F0CBF910BD10B50C0034
S11392F0FFF7CAFF20000021FFF7BCFFFFF7ECFFD8
S1139300002010BD10B50C00002000F0DFF9012191
S11393102000FFF7AFFF002000F0B2F9012000F0B9
S1139320D5F9FFF7BDFF012000F0AAF9002010BD18
S113933040F20A2230B50F4B995C8909814218D05A
S113934040F20B2401211D5D29431955022805D043
S1139350995C8909022901D08021995440F20A229A
S113936040F20B218001C0B2985401205A5C824320
S11393705A5430BD00C07E4010B5FFF7D9FF10BD70
S113938040F623020F4B995C0F4A890709D540F632
S113939022015B5C1BB193680C4A1360704713692C
S11393A0FAE740F62001595C890705D540F6190112
S11393B0595C5368CB40EFE740F61801595C1368D9
S11393C0F8E7C04600E00140A04C0020C85E002041
S11393D0F8B540F623050127214C665DBE4366556A
S11393E0665DB607F70FBC46002EF9DB0127B842CD
S11393F024D840F62105665DBE436655665DB60712
S1139400FCD4012640F6200588B9605DB043605560
S1139410605D8007FCD440F61800215440F6190121
S1139420625440F61A02A354FFF7AAFFF8BD615D27
S11394300E436655615D8907FCD5EFE740F62201CE
S113944002280AD167540121605D014340F62300DC
S11394506155215C8907FCD5E0E760466054F2E77A
S113946000E001407047000040F6FE0370B5274A53
S1139470274C0025E252274B274ADD601A60274A11
S11394805A6048F200029A601A61FFF779FF40F6C9
S11394900003182240F62401E254635C8BB1204B94
S11394A02048DA680240DA60DA687F261E48C27A09
S11394B03240C2728022D86812040243DA60DB6848
S11394C0655440F60C03E25CDAB10022E254032056
S11394D0FFF72EFF002240F60803E25440F6120282
S11394E0A35CDB07FCD5002302211A001800FFF758
S11394F06FFF0220FFF71CFF40F6FE030B4AE25207
S113950070BD40F24060FFF7ADFFE0E703A5FFFF49
S113951000E00140A04C00200048E80100093D00A3
S1139520FC6F0440FFFF7FFF002C0A4000A5FFFFF3
S1139530704701380028FCD1704700004143124BAA
S113954070B51B68114D0C00B5FBF3F5080040F233
S1139550E8320023002100F00FF931B9B0FBF5F037
S1139560800808B1FFF7E5FF70BDAD00B4FBF5F06E
S113957040F2E8320023002100F0FEF80029F0D088
S113958001204042EEE7C046C85E002000CA9A3B74
S1139590F8B540F24013002401270A4E0A4A758C9C
S11395A0D35A1D402B00E3403B4206D0074AA30098
S11395B09B181B680BB1E0B298470134092CF1D118
S11395C07586F8BDFE60004000600040E45D002048
S11395D01F22430910401E3A8240024960339B0017
S11395E05A50704700E100E0F7B5FF270192830865
S11395F00A4A03269B009B183A0040F200350640B5
S1139600F6008901B2403940B1405C59800094436E
S11396100C435C51019A024B1A50F7BD00E100E083
S11396200C5E00201F22430910401E3A824002496A
S11396309B005A507047C04600E100E010B504009A
S1139640FFF7C6FF2000FFF7EDFF10BD1F224309FF
S113965010401E3A8240044920339B005A50BFF305
S11396604F8FBFF36F8F704700E100E010B5040027
S1139670FFF7BAFF2000FFF7E1FF10BD70470000BD
S113968030B5EFF31082012383F3108898400B491F
S1139690435A1BB10B5A013B9BB20B520B5A53B9A1
S11396A040F6FE01064C074B655A185A064B2B43ED
S11396B083439BB2635282F3108830BDB85E0020AE
S11396C000E00140ACC2000000A5FFFF70B5EFF35D
S11396D01081012383F3108898400A4A835A53B9AE
S11396E040F6FE04084D094E2B5B865B33434AF279
S11396F0005633432B53135A01339BB2135281F355
S1139700108870BDB85E002000E00140ACC20000CB
S1139710030010B503240A4A0A4811680333A3431B
S113972008185B1840F200418B4206D900F07CFA1D
S11397300C2303600120404210BD1360FCE7C046C7
S1139740C45E0020A040002000BE704770470000A7
S113975002B4714649084900095C49008E4402BCC0
S11397607047C04603B47146490840004900095E89
S113977049008E4403BC7047F0B54FF6FF750400F2
S1139780CE462C40474615400E002900994680B528
S1139790130C0700000C61434543584363430C0C0E
S11397A05B19E4188C46A54203D980235B029846D2
S11397B04044230C61461B184FF6FF70084049468D
S11397C056437943240489192018C918C0BCB946E2
S11397D0B046F0BD002310B504000360436083600D
S11397E081814366C2810361436183611900082258
S11397F05C3000F0B9F90B4B246263620A4BA3623C
S11398000A4BE3620A4B23630A4B9C4205D00A4B82
S11398109C4202D0094B9C4203D12000583000F0F6
S113982009FA10BDD19A0000F99A0000319B00009A
S11398305D9B0000CC5E0020345F00209C5F002014
S113984010B5034A0349044800F06AF810BDC04645
S113985040400020699F00005040002041680B4BAD
S113986010B50400994201D000F07EFBA168084BBA
S1139870994202D0200000F077FBE168054B994241
S113988002D0200000F070FB10BDC046CC5E00206A
S1139890345F00209C5F002010B5094B094A042165
S11398A01A6009480022FFF795FF012209210748A1
S11398B0FFF790FF022212210548FFF78BFF10BD2E
S11398C00460002041980000CC5E0020345F00203A
S11398D09C5F002010B5024800F0ADF910BDC046F1
S11398E00D60002010B5024800F0A6F910BDC04676
S11398F00D60002010B50400FFF7ECFF236A13B1DC
S1139900FFF7F0FF10BD044B2362044B1B68002BD0
S1139910F6D1FFF7C1FFF3E75D9800000460002073
S1139920F7B51400002600900191A5686768013F0F
S113993004D52468002CF8D13000FEBDAB89012B7E
S113994008D90E22AB5E013304D029000098019B94
S1139950984706436835EAE710B5034B01001868D9
S1139960826800F091FB10BD4C400020F0B51D0052
S1139970554B85B01E6804000F00009226B1336A6F
S113998013B93000FFF7B6FF009B022B05D0012B63
S113999000D996E0002D00DA93E0636EDB0705D46E
S11399A0A3899B0502D4A06D00F045F92100300085
S11399B000F0DAFA616B41B123004433994202D0DA
S11399C0300000F04BF9002363630023A36163605C
S11399D0A3891B0603D53000216900F03FF9A38950
S11399E03A4A1340A381009B022B60D003AB2100B1
S11399F0300002AA00F0E0FAA3890343A3812DBB3F
S1139A00029D280000F072F901950700002848D152
S1139A10029B0193AB423ED101256D420C22A35E11
S1139A2002221A43A2810022A2602200473222604D
S1139A3022610122616E6261114204D19B0502D44C
S1139A40A06D00F0F9F8280005B0F0BD002FD8D0C3
S1139A50336A13B93000FFF74DFF009B012B03D18C
S1139A60A389009A1A43A2810C22A35E082219003A
S1139A70276027616561114013421CD0DA0718D5AD
S1139A8000226D42A260A561626ED20701D49B05DB
S1139A9013D50025D7E7019800F028F9070000281E
S1139AA0BAD08023A289019D1343A381D0E7002566
S1139AB0B4E7A560E8E7A160E6E7A06D00F0BCF8B4
S1139AC0E7E701256D42BEE74C4000205CF3FFFF51
S1139AD070B50C000E25495F00F082F8002803DB06
S1139AE0636D1B18636570BDA389024A1340A3818B
S1139AF0F9E7C046FFEFFFFFF8B51F008B890500AB
S1139B000C001600DB0505D50E23C95E00220223D6
S1139B1000F054F8A389054A28001340A3813200B9
S1139B200E23E15E3B0000F06DF8F8BDFFEFFFFF90
S1139B3070B50C000E25495F00F040F8A389421C63
S1139B4003D1054A1340A38170BD41F200021343BF
S1139B50A3816065F8E7C046FFEFFFFF10B50E2351
S1139B60C95E00F01BF810BD03008218934200D1B7
S1139B70704719700133F9E730B5050010005AB188
S1139B800024013A2B5D085D834204D1944202D043
S1139B900134002BF6D1181A30BD0000002370B533
S1139BA0054D040008002B6000F0E2FB431C02D1C9
S1139BB02B6803B1236070BD0860002070B50400F9
S1139BC0080011001A000023044D2B6000F0BFFBB5
S1139BD0431C02D12B6803B1236070BD08600020D0
S1139BE070B50400080011001A000023044D2B6016
S1139BF0F9F7E0FD431C02D12B6803B1236070BD6B
S1139C000860002070B50400080011001A00002349
S1139C10044D2B60F9F7C0FD431C02D12B6803B13E
S1139C20236070BD08600020014B18687047C0466F
S1139C304C400020704770477047002310B59A428B
S1139C4000D110BDCC5CC4540133F8E70023C25CDE
S1139C500133002AFBD1581E7047000070B505007F
S1139C600C0079B1043C2368002B00DAE4182800C6
S1139C7000F0E8F81C4A13682BB9636014602800EC
S1139C8000F0E8F870BDA34208D9206821188B427F
S1139C90F3D119685B6809182160EEE71A005B6864
S1139CA00BB1A342FAD911685018A0420BD1206815
S1139CB00918501811608342E1D118685B68411893
S1139CC011605360DBE7A04202D90C232B60D6E776
S1139CD0206821188B4203D119685B680918216038
S1139CE063605460CBE7C0461460002010B5034B9A
S1139CF00100186800F026F810BDC0464C40002052
S1139D0070B50F4E0D003168040011B900F0A8FAC7
S1139D1030602900200000F0A3FA431C03D1012580
S1139D206D42280070BD0323C51C9D43A842F8D092
S1139D30291A200000F094FA0130F2D1EFE7C0466E
S1139D4010600020F7B50322CB1C934308330500B1
S1139D501F000C2B34D20C27B94233D8384E2800BC
S1139D6000F070F833681C00002C2FD13900280053
S1139D70FFF7C6FF0400431C5FD134680094009BC6
S1139D80002B4AD1002C52D023682800E3180099F4
S1139D90019300F065FA019B834248D123682800AF
S1139DA0FF1A3900FFF7ACFF013040D02368DB19FC
S1139DB0236033685A68002A33D1009B336019E06A
S1139DC0002BC9DA0C232B600020FEBD2168C91BBF
S1139DD020D40B290AD9E2192760A34204D13260A6
S1139DE063681160536005E05A60F9E76268A34252
S1139DF00ED13260280000F02DF8200007220B302D
S1139E00231D9043C21A9842DFD01B1AA350DCE7EB
S1139E105A60EFE723006468A6E7009C6368009338
S1139E20ADE71A005B68A342FBD10023DAE70C23F9
S1139E3028002B6000F00EF8C6E70760DAE7C0469A
S1139E401460002010B50248FFF7F5FE10BDC046AF
S1139E500C60002010B50248FFF7EEFE10BDC046AE
S1139E600C600020F7B50C228B5E05000C001A076D
S1139E7053D44A68002A02DC0A6C002A4BDDE76AE4
S1139E80002F48D0002241F200002E682A601A00F8
S1139E90216A0240034230D0626DA3895B0705D575
S1139EA06368D21A636B0BB1236CD21A00232800A7
S1139EB0E76A216AB847A289431C06D129681D298B
S1139EC044D8284BCB40DB0740D50023636023698B
S1139ED02360D20404D5431C01D12B6803B9606507
S1139EE0616B2E60B9B123004433994202D028003B
S1139EF0FFF7B4FE002363630DE001232800B84795
S1139F000200431CC9D12B68002BC6D01D2B01D0E5
S1139F10162B1AD12E6000201EE00E69002EFAD0F6
S1139F200F680E60BA1B019200229B0700D14A6998
S1139F30A260019B002BEEDDA36A32001F00280003
S1139F40019B216AB847002807DCA289402301202D
S1139F5013431BB2A3814042FEBD019B36181B1A5A
S1139F600193E6E7010040200B6970B505000C0081
S1139F7013B90025280070BD18B1036A0BB9FFF7A7
S1139F80B9FC0C22A35E002BF3D0626ED20704D47A
S1139F909B0502D4A06DFFF74EFE28002100FFF7B9
S1139FA061FF636E0500DB07E4D4A3899B05E1D45C
S1139FB0A06DFFF741FEDDE770B50E001D000E2316
S1139FC0C95E140096B000290CDAB289802311000E
S1139FD019401A4214D140F2004300202960236042
S1139FE016B070BD6A4600F019F90028EDDB4FF297
S1139FF0000301991940044BC9184B425941EAE73F
S113A00000214023E9E7C04600E0FFFFF0B5022647
S113A0108B8905000C0085B0334207D023004733F9
S113A020236023610123636105B0F0BD03AB02AA81
S113A030FFF7C2FF029F019039002800FFF782FE5C
S113A04040B90C22A35E9A05EED4032293431E4327
S113A050A681E3E78023A28920601343A381039BA5
S113A060206167615BB128000E23E15E00F0E8F82F
S113A07028B10323A2899A43023B1343A381A389F2
S113A080019A1343A381CFE770B506000D001400B5
S113A09018B1036A0BB9FFF72DFC636EDB0705D417
S113A0A0A3899B0502D4A06DFFF7C5FDA368013BFE
S113A0B0A360002B05DAA269934212DBEBB20A2BF0
S113A0C00FD023685A1C22601D70EDB2636EDB074B
S113A0D005D4A3899B0502D4A06DFFF7ADFD28002C
S113A0E070BD29002200300000F002F80500EDE701
S113A0F0F8B506000D00140018B1036A0BB9FFF798
S113A100F9FBA369A360A3891B0701D5236943B99C
S113A1102100300000F02AF818B101256D42280012
S113A120F8BD23692068EFB2C01A6369EDB28342B7
S113A13005DC21003000FFF717FF0028EDD1A368EC
S113A1400130013BA36023685A1C22601F706369BD
S113A150834204D0A389DB07E1D50A2DDFD1210096
S113A1603000FFF701FF0028D9D0D6E72A4B70B59D
S113A170050018680C0018B1036A0BB9FFF7BAFBA5
S113A1800C22A35E1A0722D4DA0607D409222A6015
S113A190402201201343A381404237E05B0712D5DC
S113A1A0616B41B123004433994202D02800FFF788
S113A1B055FD002363632422A3899343A3810023D1
S113A1C06360236923600823A2891343A38123695D
S113A1D05BB940F2802140F20022A3890B409342F4
S113A1E003D021002800FFF711FF0C22A35E0121F8
S113A1F01A000A400B420AD00022A260626952424D
S113A200A261226900200AB91A06C1D470BD990757
S113A21000D46269A260F4E74C400020002370B5CA
S113A220064D0400080011002B6000F0E9F8431CFF
S113A23002D12B6803B1236070BDC04608600020C2
S113A240002370B5054D040008002B6000F0E5F80C
S113A250431C02D12B6803B1236070BD0860002049
S113A260002370B5054D040008002B60FFF750FA79
S113A270431C02D12B6803B1236070BD0860002029
S113A280094B10B50400186818B1036A0BB9FFF73D
S113A29031FB0020132C06D8044BE400E3580133AF
S113A2A001D0024BE01810BD4C4000201860002083
S113A2B0F8B50400FFF7B8FC132605000027301C8E
S113A2C0391CABBE061C2E602000F8BD10B5431C23
S113A2D001D1FFF7EDFF10BDF7B50C001600FFF735
S113A2E0CFFF050038B9FFF79FFC09230360012461
S113A2F064422000FEBD022E03D9FFF795FC16230D
S113A300F4E7012E12D14368E418F6D46F462B68A3
S113A3100A2600937C60301C391CABBE061C30003E
S113A320FFF7D4FF0028E2DB6C60E2E70368022E4B
S113A330ECD16F4600930A36301C391CABBE061CA8
S113A3403000FFF7C3FF24180130DFD1CFE710B589
S113A350FFF7C2FF10BD37B50224019001AD201CE8
S113A360291CABBE041C2000FFF7B0FF3EBD00005B
S113A37070B50500FFF784FF040030B9FFF754FC03
S113A380092303600120404270BD013D012D09D81D
S113A390094B9A681B699A4204D101235B4203600A
S113A3A00020F1E72068FFF7D6FF0028ECD1012355
S113A3B05B422360E8E7C0461860002070B50C00DB
S113A3C0FFF75EFF050030B9FFF72EFC0923036099
S113A3D00120404270BD42F2000362680C26134320
S113A3E0636040F20043A364301C291CABBE051C0F
S113A3F02800FFF76BFF431CEAD020610020E9E747
S113A40070B50C000500582200212000FFF7ACFBBA
S113A41028002100FFF7D2FF70BD70B5FFF730FFB1
S113A4200924050020B9FFF7FFFB0460002070BD7C
S113A430201C291CABBE041C2000012CF7D0FFF704
S113A440F3FB132504000026281C311CABBE051C9D
S113A4502560EBE74F4B004552524F520042555393
S113A46059004E4F20414E535745520041542B53EF
S113A4705441542020202020203A2073686F7720F4
S113A4806170706C69636174696F6E207374617458
S113A490650D0A0041542B52455345542020202079
S113A4A0203A20726573657420616E64206C6F615C
S113A4B0642073657474696E67732066726F6D20AF
S113A4C06461746120666C6173680D0A0041542BE9
S113A4D04D4F44454D20202020203A2073657420A0
S113A4E06D6F64656D20747970652028303A465329
S113A4F04B2C313A4C6F5261290D0A0041542B46C2
S113A5005245512020202020203A20736574206376
S113A510656E746572206672657175656E63790D1A
S113A5200A0041542B4C4D43464720202020203A1A
S113A53020736574204C6F5261206D6F64756C617B
S113A54074696F6E20706172616D65746572730DEC
S113A5500A0041542B4C5043464720202020203AE7
S113A56020736574204C6F5261207061636B657455
S113A57020706172616D65746572730D0A004154D7
S113A5802B464D43464720202020203A20736574F3
S113A5902046534B206D6F64756C6174696F6E2037
S113A5A0706172616D65746572730D0A0041542B9C
S113A5B0465043464720202020203A2073657420CB
S113A5C046534B207061636B657420706172616DDA
S113A5D065746572730D0A0041542B52454356202D
S113A5E020202020203A20726563656976652070FA
S113A5F061636B6574730D0A0041542B5258544FB8
S113A6002020202020203A20736574205278207462
S113A610696D656F757420706172616D65746572C2
S113A620730D0A0041542B52584741494E202020B3
S113A630203A20736574205278206761696E206D1A
S113A6406F64650D0A0041542B53454E442020206D
S113A6502020203A2073656E64207061636B6574FA
S113A660730D0A0041542B504B54202020202020ED
S113A670203A20736574207061636B657420646193
S113A68074610D0A0041542B545850575220202015
S113A69020203A2073657420547820706F77657297
S113A6A00D0A0041542B5458544F202020202020C0
S113A6B03A207365742054782074696D656F7574DD
S113A6C00D0A0041542B53544F50202020202020A9
S113A6D03A2073746F702052782F54782070726F00
S113A6E063657373696E670D0A0041542B545843B4
S113A6F0572020202020203A2073656E6420756E38
S113A7006D6F64756C6174656420636F6E74696EDB
S113A710756F757320776176650D0A0041542B546B
S113A7205843502020202020203A2073656E642056
S113A7306D6F64756C6174656420636F6E74696EAB
S113A740756F757320776176650D0A0041542B4C43
S113A7504254202020202020203A20736574204C6D
S113A760425420284C697374656E204265666F728A
S113A770652054616C6B290D0A0041542B525353CC
S113A780492020202020203A20676574205253530A
S113A790492C207365742052535349206F666673A5
S113A7A06574200D0A0041542B585452494D202001
S113A7B02020203A20736574205854414C20747230
S113A7C0696D20746F2061646A7573742063656EAB
S113A7D0746572206672657175656E63790D0A0021
S113A7E041542B534156452020202020203A2073E9
S113A7F061766520616C6C2073657474696E67732F
S113A80020746F206461746120666C617368206DCC
S113A810656D6F72790D0A0041542B4552415345C1
S113A82020202020203A20696E697469616C697A5D
S113A83065206461746120666C6173682077697453
S113A840682073797374656D2064656661756C74D2
S113A8500D0A0041542B44455645554920202020DB
S113A8603A207365742044657669636520455549CB
S113A87020284D41432041646472657373290D0A95
S113A8800041542B524547522020202020203A20BA
S113A890726561642052462064657669636520723E
S113A8A065676973746572730D0A0041542B5245D0
S113A8B047572020202020203A2077726974652091
S113A8C052462064657669636520726567697374AE
S113A8D06572730D0A0041542B534C45455020209A
S113A8E02020203A2073657420736C656570206D98
S113A8F06F64650D0A0041542B53414645202020C6
S113A9002020203A207365742073616665206D6F82
S113A910646520746F20737570706F727420726137
S113A92064696F20726567756C6174696F6E0D0A76
S113A9300041542B524547494F4E202020203A20B5
S113A94073657420726567696F6E20757365642022
S113A950666F722073616665206D6F64650D0A0011
S113A96041542B544F41202020202020203A207392
S113A970686F772074696D65206F6E206169720D50
S113A9800A0041542B564552202020202020203AF2
S113A9902073686F772076657273696F6E0D0A0095
S113A9A041542B48454C502020202020203A20732D
S113A9B0686F7720616C6C20415420636F6D6D610A
S113A9C06E64730D0A0041542B4C495354202020CB
S113A9D02020203A2073686F772063757272656E49
S113A9E07420706172616D6574657220736574742E
S113A9F0696E67730D0A0041542B4C4D4346473D25
S113AA00534628352D3132292C425728302D3929E7
S113AA102C435228312D34290D0A00202042573D61
S113AA20303A3132352C313A3235302C323A3530F5
S113AA30302C333A36322C343A34312C353A3331E3
S113AA402C363A32302C373A31352C383A31302CD6
S113AA50393A375B6B487A5D0D0A00202043523D3A
S113AA60313A342F352C323A342F362C333A342FB2
S113AA70372C343A342F380D0A0041542B464D43B9
S113AA8046473D4452283630302D33303030303054
S113AA905B6270735D292C425728312D3436373070
S113AAA030305B487A5D292C4664657628312D3632
S113AAB0353533355B487A5D292C0D0A0041542B1A
S113AAC04C504346473D707265616D626C654C65E0
S113AAD06E2C66697865644C656E2C6372634F6E88
S113AAE02C6971496E7665727465642C7075626C3C
S113AAF069634E6574776F726B0D0A002020707263
S113AB0065616D626C654C656E28312D3635353363
S113AB1035295B73796D626F6C5D0D0A00202066C8
S113AB20697865644C656E28303A76617269616251
S113AB306C652F6578706C696369742068656164FD
S113AB4065722C313A66697865642F696D706C6939
S113AB5063697420686561646572290D0A002020A8
S113AB606372634F6E28303A435243204F46462C5B
S113AB70313A435243204F4E290D0A002020697177
S113AB80496E76657274656428303A5374616E64F4
S113AB906172642049512C313A496E76657274654C
S113ABA064204951290D0A0020207075626C696384
S113ABB04E6574776F726B28303A5072697661749F
S113ABC0652053796E63576F72642C313A50756205
S113ABD06C6963284C6F526157414E292053796E3A
S113ABE063576F7264290D0A0041542B4650434643
S113ABF0473D707265616D626C654C656E2C66696B
S113AC007865644C656E2C6372634F6E0D0A002088
S113AC1020707265616D626C654C656E28312D38EB
S113AC20313931295B627974655D0D0A0049444C00
S113AC30450054582C0052582C00435800323032EE
S113AC403531313238005358313236312F005358B0
S113AC50313236322F005854414C005443584F007F
S113AC600D0A5B20434F4D4D4F4E205D2D2D2D2D54
S113AC702D2D2D2D2D2D2D2D2D2D2D2D2D2D2D2D00
S113AC802D2D2D2D2D2D2D0D0A0046726571756506
S113AC906E637920202020202020203A20005B4869
S113ACA07A5D0D0A004D6F64756C6174696F6E2076
S113ACB02020202020203A20004746534B0D0A0034
S113ACC04C6F52610D0A0052784761696E4D6F6492
S113ACD065202020202020203A2000426F6F7374CA
S113ACE065644761696E0D0A00506F776572536140
S113ACF076696E674761696E0D0A005478506F7704
S113AD006572202020202020202020203A20005B73
S113AD1064426D5D0D0A005061796C6F61644C652D
S113AD206E202020202020203A20005B6279746568
S113AD30735D0D0A004C4254202020202020202046
S113AD402020202020203A2000456E61626C65643A
S113AD500D0A0044697361626C65640D0A005361F5
S113AD6066654D6F64652020202020202020203A35
S113AD702000526567696F6E207573656420666F85
S113AD807220536166654D6F64653A200045550035
S113AD904153310041533200415333004153340095
S113ADA05553004155004B52004A50004A505F4CE5
S113ADB0444300556E6B6E6F776E000D0A5B204C3A
S113ADC04F5241205D2D2D2D2D2D2D2D2D2D2D2D31
S113ADD02D2D2D2D2D2D2D2D2D2D2D2D2D2D2D2D9F
S113ADE02D2D0D0A00537072656164466163746FA2
S113ADF07220202020203A2053460042616E64577E
S113AE006964746820202020202020203A2000310A
S113AE1032350032353000353030003632003431CE
S113AE2000333100323000313500313000436F647B
S113AE30696E6752617465202020202020203A200A
S113AE4000342F3500342F3600342F3700342F3898
S113AE5000507265616D626C654C656E2020202027
S113AE6020203A20005B73796D626F6C735D0D0A6C
S113AE700048656164657254797065202020202043
S113AE8020203A2000466978656428496D706C6911
S113AE90636974290D0A005661726961626C6528E0
S113AEA04578706C69636974290D0A0043726354B0
S113AEB0797065202020202020202020203A2000A6
S113AEC0435243204F4E0D0A00435243204F4646FF
S113AED00D0A00496E7665727449512020202020A5
S113AEE0202020203A2000496E7665727465642023
S113AEF049510D0A005374616E64617264204951B2
S113AF000D0A0053796E63576F726420202020204D
S113AF10202020203A20005075626C6963284C6F11
S113AF20526157414E290D0A005072697661746569
S113AF300D0A000D0A5B204746534B205D2D2D2D35
S113AF402D2D2D2D2D2D2D2D2D2D2D2D2D2D2D2D2D
S113AF502D2D2D2D2D2D2D2D2D2D0D0A00446174FB
S113AF6061526174652020202020202020203A2076
S113AF70005B6270735D0D0A00467265714465760C
S113AF80696174696F6E202020203A20000D0A5BED
S113AF9020424F415244205D2D2D2D2D2D2D2D2D40
S113AFA02D2D2D2D2D2D2D2D2D2D2D2D2D2D2D2DCD
S113AFB02D2D2D2D0D0A0044657669636520202012
S113AFC020202020202020203A20005358313236DF
S113AFD0310D0A005358313236320D0A00436C6F7A
S113AFE0636B2020202020202020202020203A20B5
S113AFF0005854414C0D0A005443584F0D0A002B7D
S113B00053544154002B5245534554002B4D4F4447
S113B010454D002B46524551002B54585057520071
S113B0202B53454E44002B52454356002B54584352
S113B03057002B54584350002B53544F50002B4C63
S113B0404D434647002B4C50434647002B464D4347
S113B0504647002B4650434647002B504B54002B89
S113B0605458544F002B5258544F002B52584741B8
S113B070494E002B52535349002B4C4254002B5839
S113B0805452494D002B53415645002B45524153D0
S113B09045002B52454757002B52454752002B443D
S113B0A04556455549002B534C454550002B5341BB
S113B0B04645002B524547494F4E002B544F410003
S113B0C02B48454C50002B4C495354002B53410002
S113B0D02B56455200464154414C3A2061742D632D
S113B0E06F6D6D616E6473207265676973747261EC
S113B0F074696F6E206572726F722E0D0A002B5484
S113B100583A002B494E464F3A54585F54494D45DE
S113B1104F55540D0A002B52583A002B494E464FB6
S113B1203A52585F54494D454F55540D0A002B521D
S113B130583A30302C302C302C320D0A002B53412D
S113B14046453A4641494C5F52585F4346470D0ACB
S113B150002B534146453A4641494C5F54585F439E
S113B16046470D0A002B534146453A4641494C5F38
S113B17054585F445554595F4359434C450D0A0094
S113B1802B534146453A4641494C5F54585F434826
S113B190414E4E454C5F425553590D0A0000000084
S113B1A00000000054A400000400000057A40000A4
S113B1B0070000005DA400000800000062A4000075
S113B1C056000000510800000000000000000000CC
S113B1D04154002B09070503000102000806040579
S113B1E00000000201000304841E0000093D000069
S113B1F0127A000024F4000048E8010090D0030013
S113B20020A1070000000000B128000061510000E7
S113B210C3A20000581B0000983A000018790000EF
S113B22030F2000048E8010090D0030020A107009C
S113B2300000000010270000204E000028A000009D
S113B2400400000048E801000500000090D003005D
S113B25006000000382007000300000030F2000060
S113B2600A00000028A00000020000001879000075
S113B27009000000204E000001000000983A000080
S113B280080000001027000000000000581B000008
S113B290040506030A02090108000000000000007A
S113B2A01F000000C01200001F000000A8160000CC
S113B2B017000000841C00000F000000E4250000BB
S113B2C01E000000B42D0000160000000839000024
S113B2D00E0000002C4C00001D000000685B000004
S113B2E015000000747200000D0000005898000062
S113B2F01C00000034B7000014000000E8E4000063
S113B3000C000000783101001B000000686E010091
S113B3101300000034CA01000B0000002862020080
S113B3201A00000040DB0200120000003C930300FE
S113B3300A000000C0C204001900000060B3050048
S113B34011000000382007000900000020A10700B8
S113B35000000000AD010000DD120000B91900007A
S113B360F51200003D1E0000251E0000D919000042
S113B370311C000021130000E921000075160000B3
S113B380391300006112000031170000611300003E
S113B39079130000C11300001913000011130000F9
S113B3A0B9120000A91200003D1600006119000046
S113B3B0C9120000F1130000E51600005913000043
S113B3C049130000BD150000A11F00009D170000D7
S113B3D08D180000391900000516000055120000F0
S113B3E07D350000C194C10000000000F8EFF700B3
S113B3F000000000E44971331CE68D3301000000B5
S113B4000B000000100E000000000000000000000F
S113B41000000000000000000A000000000000001E
S113B420083E7233F8F18C33010000000B00000079
S113B430100E0000000000000000000000000000EA
S113B440000000000A0001000000000064CE8F33F9
S113B450DCACBB33010000000B000000A08C00003A
S113B46000000000000000000000000000000000D8
S113B470640000000000000088C29033B8B8BA33FA
S113B480010000000B000000A08C00000000000080
S113B4900000000000000000000000006400010043
S113B4A0000000002495BD339CD4C4330100000087
S113B4B00B000000A08C0000000000000000000051
S113B4C00000000000000000640000000000000014
S113B4D04889BE3378E0C333010000000B0000004C
S113B4E0A08C00000000000000000000000000002C
S113B4F00000000064000100000000008443C83321
S113B5005CFCCD33010000000B000000100E0000B5
S113B5100000000000000000000000000000000027
S113B5200A00000000000000A837C9333808CD33F2
S113B530010000000B000000100E000000000000DD
S113B5400000000000000000000000000A000100EC
S113B55000000000E4F1D2332CDAD43301000000FF
S113B56018000000407E05000000000000000000FC
S113B5700000000000000000E803000000000000DC
S113B58008E6D33308E6D3330100000018000000B6
S113B590407E0500000000000000000000000000E4
S113B5A000000000E803010000000000C485D73358
S113B5B05C31DA33010000000B000000A08C0000B5
S113B5C00000000000000000000000000000000077
S113B5D06400000000000000E879D833383DD93316
S113B5E0010000000B000000A08C0000000000001F
S113B5F000000000000000000000000064000100E2
S113B6000100000064CE8F33DCACBB3301000000CA
S113B6101800000080EE360000000000000000006A
S113B6200000000000000000FA000000020000001A
S113B630E4BE8A36DC334F37010000000D00000001
S113B64080EE360000000000000000000000000052
S113B65000000000640000000200000008B38B3604
S113B660B83F4E37010000000D00000080EE3600A8
S113B67000000000000000000000000000000000C6
S113B6806400010003000000240AD7369CE8023756
S113B690010000000D00000080EE360000000000F4
S113B6A00000000000000000000000006400000032
S113B6B00300000048FED73678F40137010000008B
S113B6C00D00000080EE36000000000000000000C5
S113B6D000000000000000006400010004000000FD
S113B6E0E4BE8A361C64E436010000000D0000004C
S113B6F080EE3600000000000000000000000000A2
S113B70000000000640000000400000008B38B3651
S113B710F86FE336010000000D00000080EE3600F3
S113B7200000000000000000000000000000000015
S113B73064000100050000006443A936DC21D5360D
S113B740010000000D00000080EE36000000000043
S113B7500000000000000000000000006400000081
S113B76005000000805CAB36C008D3360100000041
S113B7700D00000080EE3600000000000000000014
S113B780000000000000000064000100060000004A
S113B790A461C435DC334F37010000001E000000F3
S113B7A080EE3600000000000000000000000000F1
S113B7B0000000001027020006000000103EC735FC
S113B7C070574C37010000001E00000080EE360068
S113B7D00000000000000000000000000000000065
S113B7E01027030007000000E4BE8A36DC334F371D
S113B7F0010000001B00000080EE36000000000085
S113B80000000000000000000000000010270200FB
S113B81007000000509B8D3670574C370100000024
S113B8201B00000080EE3600000000000000000055
S113B83000000000000000001027030008000000C2
S113B840A0D1E336E013F336400D030007000000F7
S113B85080EE36000000000070170000BFFF0000FB
S113B8603C93030010270000080000002021F63656
S113B870A0700837400D03000B00000080EE360076
S113B8800000000070170000BFFF00003C9303009D
S113B8901027000009000000C03DDF3640F70937DB
S113B8A0400D03000D000000A00F00003200000056
S113B8B088130000B0FF00003C9303001027000031
S113B8C00900000080040D3700285037400D0300A4
S113B8D00D000000C800000002000000E8030000A2
S113B8E0B0FF00003C930300E803000009000000DF
S113B8F060C4E036E013F336801A06000D00000041
S113B900A00F00003200000088130000B0FF000008
S113B910382007001027010009000000E048FF3626
S113B92060A14E37801A06000D000000C800000018
S113B93002000000E8030000B0FF00003820070008
S113B940E803010009000000A0D1E336A070083725
S113B950801A06000D000000A00F00003200000055
S113B96088130000B0FF00003820070010270100F2
S113B97009000000208B0E3720944B37801A0600F4
S113B9800D000000C800000002000000E8030000F1
S113B990B0FF000038200700E80301000A0000009F
S113B9A0C03DDF3640F70937400D03000D000000AD
S113B9B0A00F0000320000000000000000000000A2
S113B9C000000000640000000700000084BA0000CA
S113B9D00100000078BA00000600000030BA000040
S113B9E006000000E8B900000100000007000000A4
S113B9F020A10700010000000800000020A10700AA
S113BA00010000000900000020A10700010000005F
S113BA100A00000020A10700010000000B00000044
S113BA2020A10700010000000C00000020A1070075
S113BA30010000000700000048E8010001000000C8
S113BA400800000048E801000100000009000000AF
S113BA5048E80100010000000A00000048E8010075
S113BA60010000000B00000048E801000100000094
S113BA700C00000048E8010001000000070000007D
S113BA8090D00300010000000700000048E8010016
S113BA90010000000800000048E801000100000067
S113BAA00900000048E80100010000000A0000004D
S113BAB048E80100010000000B00000048E8010014
S113BAC0010000000C00000048E801000000000034
S113BAD050C30000A8610000FF83DF1732094ED174
S113BAE0E7CD8A91C6D5C4C44021184E5586F4DCEE
S113BAF08A15A7EC92DF93533018CA34BFA2C759F2
S113BB00678FBA0D6DD82D7D540A57977039D27A44
S113BB10EA243385ED9A1DE1FF07BE2E64129DA32E
S113BB20CF9B15238DAB89888042309CAB0DE9B93E
S113BB30142B4FD925BF26A6603194697F458EB258
S113BB40CF1F741ADBB05AFAA814AF2EE073A4F511
S113BB50D448670BDB343BC3FE0F7C5CC8253B47F2
S113BB609F362A471B57131100846139561BD37221
S113BB7028569FB24B7E4D4CC06328D2FE8B1D6568
S113BB809E3EE835B760B5F550295E5DC0E749EBE8
S113BB90A890CE17B6687787FC1EF8B9904A768FBE
S113BBA03E6C548E36AE26220108C272AC37A6E42F
S113BBB050AD3F6496FC9A9980C651A5FD163ACBC8
S113BBC03C7DD06B6EC16BEAA052BCBB81CE93D7D7
S113BBD051219C2F6CD0EF00EA010000000000000E
S113BBE00100000001000000C0DC03370010000069
S113BBF0E8030000E8030000070000000000000064
S113BC0008000500010001000100000050C300000D
S113BC1050C30000A86100000500050000010100F8
S113BC2000000000000000001313010000000000E9
S113BC30C0DC033760630537E803000064000100DB
S113BC4000000000010000000000000001000000EE
S113BC50B80B000005000000B0FF00010000000068
S113BC6000000000000000000000000000000000D0
S113BC7000000000000000000000000000000000C0
S113BC80000000000000000000000000000080FF31
S113BC9000000000000000007F0080FF00000000A2
S113BCA0010000000000FF00000000000000000090
S113BCB00000000000000000000000000000000080
S113BCC00000000000000000000000000000000070
S113BCD00000000000000000000000000000000060
S113BCE00000000000000000000000000000000050
S113BCF00000000000000000000000000000000040
S113BD00000000000000000000000000000000002F
S113BD10000000000000000000000000000000001F
S113BD20000000000000000000000000000000000F
S113BD3000000000000000000000000000000000FF
S113BD4000000000000000000000000000000000EF
S113BD5000000000000000000000000000000000DF
S113BD6000000000000000000000000000000000CF
S113BD7000000000000000000000000000000000BF
S113BD8000000000000000000000000000000000AF
S113BD90000000000000000000000000000000009F
S113BDA00000000000000000000000000A00000085
S113BDB0010000000123456789ABCDEF05020701AF
S113BDC0000000004F37000000000000D0BD00005C
S113BDD0000000000000000000000000000000005F
S113BDE0D45B0020ECBD0000FCC100000100000099
S113BDF0A086010000000000010300002A000000EA
S113BE000000000000000000397E00000000000077
S113BE1014BE0000002B26000104000044010000B1
S113BE2000040000440100000200000000000000C3
S113BE3004000000020000000000000000000000F8
S113BE4000000000000000000000000000000000EE
S113BE500001000000000000000300000029002889
S113BE60000000270000000000000000A9430000BB
S113BE700000000078BE0000010000003C400020EB
S113BE80000000120000000100000000000000009B
S113BE9000000000000000004D3A00000000000017
S113BEA0A4BE000000000000000000000005000027
S113BEB00402000001050000040200000300000069
S113BEC00000010003000000000000000002210047
S113BED00000000000000000DCBE000002000000C2
S113BEE000000000FFFF0000080000000000000048
S113BEF002021D00000000000000000000BF00005E
S113BF000000000206000102000102DF00001040F0
S113BF100200000000080000000000001000000003
S113BF20905C0020250600000000000030BF0000E7
S113BF3034BF0000505D002040BF00004CC2000030
S113BF4001000000097A000000000000B45C002039
S113BF50030B0000905D002060BF0000A4C100003E
S113BF6070BF000000000000000000004536000023
S113BF70AC5D00207CBF0000C8C10000FFFFFFFFD4
S113BF802840002090BF0000905D0020FD7C000050
S113BF900000000000000000440000000100000058
S113BFA0000000000000000000000000397E0000D6
S113BFB000000000000000003C000000C4BF0000BE
S113BFC00000000004000000000000000400000065
S113BFD00100000004000000020000000400000052
S113BFE0030000000400000004000000040000003E
S113BFF00800000004000000090000000400000024
S113C0000A000000040000000B0000000000000013
S113C0100C000000000000000D0000000000000003
S113C0200E000000050000000F00000000050000E5
S113C03000010000040500000101000005000000EB
S113C04002010000050000000301000004000000DC
S113C05004010000040000000501000005000000C8
S113C06006010000040000000701000000010000B8
S113C07008010000040000000901000004000000A1
S113C0800A010000040000000B010000040000008D
S113C0900C010000040000000D0100000400000079
S113C0A00E010000050000000F0100000000000068
S113C0B00002000000400000010200000400000033
S113C0C00402000004000000050200000400000057
S113C0D00602000004000000070200000400000043
S113C0E008020000040000000C020000040000002C
S113C0F00D020000000000000E020000000000001D
S113C1000F02000000010000000300000400000012
S113C110010300000400000002030000040000000A
S113C12003030000040000000403000000010000F9
S113C13000040000000100000104000004000000ED
S113C14002040000040000000304000004000000D6
S113C15007040000040000000804000000000000C0
S113C16009040000040000000A04000004000000A8
S113C1700B0400000402000000050000040200009B
S113C180010500000002000002050000000000009C
S113C1900D090000000000000E090000040000006A
S113C1A00F090000257C0000657C00007B7C0000FA
S113C1B08D7C0000ED7C0000F17C0000F57C00002B
S113C1C0F97C0000517C0000297D00004D7D0000B9
S113C1D0597D0000617D0000697D000000000000C1
S113C1E000201030082818380020604000000000AB
S113C1F00610001004010C020C020801058A00005C
S113C200D589000081890000AD89000005890000FE
S113C2100D89000015890000F58A00000100000066
S113C22024C2000000001040FF071040000100007D
S113C23001000000010000003CC2000000000000FA
S113C240FFFF010000080000040000007D8F0000D3
S113C250E19000004191000049900000D98C000059
S113C260C58E0000AD8C0000C98C0000CD8C000090
S113C270D18C00003D900000B98F0000D58C0000E7
S113C280E38E0000F58C0000F98C0000DF8E0000C6
S113C290FD8C0000018D000008E8014009E8014020
S113C2A00AE801400BE801400CE8014001000200EB
S113C2B008001000200000004275696C7420776942
S113C2C074682052656E6573617320416476616E93
S113C2D063656420466C657869626C6520536F669B
S113C2E07477617265205061636B61676520766560
S113C2F07273696F6E20362E322E3000362E322E37
S10BC3003000000000000206F9
S107C308F8B5C0467A
S107C30CF8B5C04676
S107C31061050000BF
S107C31431050000EB
S9030259A1
