S01200004C6F526153616D706C652E7372656342
S214000000904C00205502000035230100ED2401002D
S214000010ED240100ED240100ED240100ED24010093
S214000020000000000000000000000000ED240100B9
S214000030ED24010000000000ED24010041CF000087
S2140000400000000000000000291A01000000000067
S214000050000000000000000000000000291A010057
S214000060000000000000000000000000751F0100F6
S214000070000000000000000000000000000000007B
S2140000800000000000000000411701000000000012
S214000090000000000000000000000000000000005B
S2140000A0000000000000000000000000000000004B
S2140000B000000000CD140100000000000000000059
S2140000C000000000EDDA0000000000000000000064
S2140000D0000000000000000000000000F911010010
S20C0000E061110100A5110100E9
S2140000E8010000001801000002000000F8000000EF
S2140000F800400020004000200000104000000203DE
S214000108004000209040002040040000000001034A
S214000118A84C0020E46B00200000000330B585B032
S2140001280400092240F29F2001A90DF0F8F96B4659
S2140001381D79002301A8AB4214D1032B10D86946B9
S2140001485A1C0A716A465B00210A0532D1546A466F
S2140001580632D45440F29F20092201A90DF0C2F9B4
S21400016805B030BD01004278897812025218023074
S2140001789442F5D00133DBB2DDE710B5074C102208
S2140001880021200013F042F90DF016FA10B91323D7
S214000198E372237302F0EEFE10BDC046584F0020EF
S2140001A810B50024214B1860214B22485C701C7047
S2140001B802F07AFD200002F051FD012002F08BFAD1
S2140001C82100200002F050FC2000042102F066FB0B
S2140001D84FF6FF7123002200080002F0F2FA40F6FC
S2140001E8AC00FFF79BFF40F68900FFF797FFFFF785
S2140001F8C4FF114800F0BCFF104800F0B9FF1049D2
S2140002080D4800F085FF0F490C4800F081FF0E4BA3
S2140002181C7002F0E7FC80B2033400B904004FF605
S214000228FF7002F0BBFE200010BDC046504F0020F5
S214000238544F0020CD150000404E00202C4E0020C4
S2140002486D14000089140000684F002010B500F0F7
S2140002582FF810F03DF9FEE7F8B5060000240C2745
S214000268124D2B68A34204D80024AB68A3420ED8CC
S214000278F8BD3A0062436B689B185A7AB24204D1BA
S21400028805CB0021121A13F0C1F80134E8E7EB6831
S21400029822019B185A7BB24205D118685A68996899
S2140002A8121A13F01CF90134DFE7C046E800000014
S2140002B870B50025154B164A00209A6010F0F4F821
S2140002C811F0A0FF012010F0EFF80020FFF7C4FFA0
S2140002D811F024FF11F0FAFF022010F0E5F80120D3
S2140002E8FFF7BAFF0B4C0C4BE41AA410A54205DB2B
S2140002F812F092F8002012F0F7F870BD064AAB002C
S2140003089B181B6898470135F0E7C04600ED00E0EB
S21000031800000000E0580100DC58010066
S208000400FFFFFFFFF7
S208000404F7AFC1FF89
S214000440D04C0020084E0020FF0101003820070095
S2140004503C9303000101008182800184858302872A
S2140004608886038A8B890408078D01000100000036
S214000470208B01000000000003000000F869002047
S2140004804440002000000000F8690020606A002058
S214000490C86A002000000000000000000000000005
S2140004A00000000000000000000000000000000047
S2140004B00000000000000000000000000000000037
S2140004C00000000000000000000000000000000027
S2140004D044F2900044F29003C2F20000C2F200031D
S2140004E010B5834205D040F20003C0F2000303B10A
S2140004F0984710BD44F2900044F29003C2F2000008
S214000500C2F200031B1A9A10D90F8918491010B5A9
S21400051029B140F20003C0F2000303B1984710BDB2
S21400052010B544F6A844C2F20004237873B9FFF766
S214000530CFFF40F20003C0F200032BB140F20840A8
S214000540C0F2000000E000BF0123237010BDC046CB
S21400055040F20003C0F2000310B54BB144F6AC41C4
S21400056040F20840C2F20001C0F2000000E000BF06
S214000570FFF7C0FF10BDC046F7B505000E000E48D9
S2140005800E49019210F0C8FB040060B90C4F32000F
S21400059038702900019B084810F0F1FA040010B9E1
S2140005A03B78002BFCD0044810F032F90443634239
S2140005B05C41E0B2FEBDC046246700202454010022
S2140005C0C54C0020F7B507000E001048104915006E
S2140005D010F0A2FB040078B96B4639000B4801AA5C
S2140005E010F005F9040038B9009BAB420CD32A0082
S2140005F03000019912F077FF044810F009F904431F
S21400060063425C41E0B2FEBD0324F5E724670020A8
S2140006102454010010B50949094810F07DFB040078
S21400062020B90100064810F061FB0400044810F0F1
S214000630EFF8204343425841C0B210BD2454010095
S214000640246700200122014B1A707047C54C002019
S214000650F7B505000E000E480E49019210F05CFB3F
S214000660040060B90C4F320038702900019B08481E
S21400067010F085FA040010B93B78002BFCD0044833
S21400068010F0C6F8044363425C41E0B2FEBDC046CB
S214000690246800206C540100C44C0020F7B5070005
S2140006A00E0010481049150010F036FB040078B90B
S2140006B06B4639000B4801AA10F099F8040038B9C7
S2140006C0009BAB420CD32A003000019912F00BFFBE
S2140006D0044810F09DF8044363425C41E0B2FEBD5E
S2140006E00324F5E7246800206C54010010B50A497D
S2140006F00A4810F011FB040008B10E2804D10021AE
S214000700064810F0F3FA0400044810F081F820437D
S21400071043425841C0B210BD6C540100246800200A
S2140007200122014B1A707047C44C00200022034B74
S2140007309A560AB901321A707047C046CC4C00204F
S214000740034B00201A780AB1187001307047C04673
S214000750004D0020024B1878431E9841C0B27047E7
S214000760004D002010B5034B1B689B780BB112F0B0
S21400077049FD10BD0040002070B52C4B04001B78CE
S2140007805BB283B12A4800F0C3FA60B9284800F08B
S2140007901BFB050040B1082C05D1254800F0DFFA08
S2140007A02000FFF7DFFF70BD2300613B192B06D842
S2140007B0203CE4B221001E4800F017FB30E00A2C73
S2140007C006D00D2C1AD0082C23D0202CEBD0F1E725
S2140007D02100174800F009FB2000164CFFF7C2FF67
S2140007E02378002BDFD0124800F0B9FA104800F04A
S2140007F0B6FA0122104B25701A70D4E721000C4877
S21400080000F0F3FA2000FFF7ADFF0122094B1A7043
S214000810C9E7074800F0CFFA28B9054800F09FFA64
S2140008202000FFF79FFF0022024BF0E7CC4C002091
S214000830F44C0020C64C0020004D00200320024B44
S2140008401B6818567047C0460040002010B50A4C7A
S2140008502368DB7813B109480DF0F5F914222368F4
S2140008609988074B4A431B689B1818690DF0EBF9EB
S21400087004480DF0E8F910BD00400020F03C0100EF
S214000880C84C0020743D010010B50E4B1B685C7808
S214000890082C16D0DB7813B10B480DF0D4F92300E2
S2140008A034B10123042C03D00333072C00D1023BC0
S2140008B0064ADB009B1858680DF0C5F902480DF093
S2140008C0C2F910BD00400020F03C01005844010071
S2140008D010B502480DF0B7F910BDC046F03C010057
S2140008E010B51C00094B1A6070B100290CDD0A0017
S2140008F00100074800F001FA064A074BD4801A6048
S2140009000023136000F0A6F810BDC046C84C0020B7
S214000910F44C0020D04C0020004000200022024B67
S2140009201B681A807047C0460040002083B270B52E
S2140009300400064D012B04D8FFF7F0FF2B68DC708F
S21400094070BD40F200422B681A80F9E70040002094
S21400095040F20142014B1B681A807047004000209D
S21400096070B5284800F0D4F920B10220264B1B6849
S214000970187070BD234800F016FAFFF7E9FF21480B
S21400098000F019FA040058B91E4800F0CBF91F4BC6
S214000990E3181B785BB283420FD10134042CF3D1E9
S2140009A0FFF772FF174800F002FA164800F0ACF99D
S2140009B00020154B1B681856DBE7E4B2124B022CDE
S2140009C004D0032C19D1FFF7A9FFE9E72B2807D09D
S2140009D00C4800F0E2F901000D4800F07CF9DFE772
S2140009E01B680848DD880B4B1C6800F0D6F9290008
S2140009F00200200000F0C0F8D2E700221B681A7040
S214000A00CEE7C046F44C0020004000208844010099
S214000A1078440100C84C0020014B1B6818707047D2
S214000A2000400020014B1B681878704700400020EB
S214000A30014B1B685870704700400020014B1B6834
S214000A409880704700400020014B1B6898887047CC
S214000A500040002010B5054B186800F0DEF914229F
S214000A600349044800F052FA10BDC0460440002076
S214000A70014D0020184D002010B5024B186800F0FC
S214000A80FEF910BD04400020002370B50360013B52
S214000A900B80074B050018680C0000F0C9F930B150
S214000AA043682B600822835E238000F017FA70BD2F
S214000AB00440002010B5044B186800F0B9F900B9DE
S214000AC010BD00F00BFAF6E704400020C0B20300A9
S214000AD0303BDBB2092B01D858B270470300413BCC
S214000AE0052B02D8373840B2F7E701204042F4E73A
S214000AF0002310B5C2560AB918B210BD5C1C8A4253
S214000B00FAD02300F6E70000F7B500220400030041
S214000B100191009200269E578EB9009B9E420CDAE9
S214000B2020000199FFF7E4FF124F051E13DC38681A
S214000B3000F0A5F908B1FFF7BDFF0020FEBD019A41
S214000B40964202D001229A561AB9009A013252B23F
S214000B5000920133DEE70023235400F099F90136B2
S214000B600581446001000135386800F079F96419A0
S214000B7076B2D2E704400020F0B5050085B001202B
S214000B8016000391FFF748FF0420FFF751FF0023EC
S214000B900193019B039A934201DB05B0F0BDAC893B
S214000BA0002C3DD022003100286912F03BFC029058
S214000BB038BB6B46002798883419FFF73FFFE75786
S214000BC03D2F07D03F2F31D0002F43D00220FFF714
S214000BD023FF16E00123E3569BB12C21601CFFF790
S214000BE093FF0520FFF718FF2B6843B130009847A6
S214000BF004000298FFF710FF2000FFF719FFFFF729
S214000C0059FFFFF70FFF0028C7D0FFF70BFF052897
S214000C10C3D0FFF707FF022802D10138FFF7FCFE1A
S214000C20019B143501331BB20193B2E7647864B2BA
S214000C30002CE6D10520FFF7EFFE6B68002BE0D016
S214000C403000984707002000FFF7E6FE3800FFF761
S214000C50EFFED6E70520FFF7DFFEAB68002BD0D00F
S214000C603000984704003800FFF7D6FE2000EEE775
S214000C70C3B21A00303A0120092A06D900200522FC
S214000C80413BDBB29A424041C0B2704770B50500A6
S214000C900E0000242B5720B203B970BDB342FCD01F
S214000CA01800FFF7E5FF01340028F3D10920404281
S214000CB0F3E710B50400FFF7E9FF012804D1002090
S214000CC02056FFF703FF10BD431C01DA40B2FAE7D7
S214000CD001204042F7E710B504000023E3564BB16D
S214000CE000228A569A4206D1481C0021FFF7E1FFEF
S214000CF06368984710BD0834EFE720B10023828070
S214000D000360C3808160704708B1002303607047AA
S214000D10030000202BB106201856013843425841E4
S214000D20C0B2704770B50500C0B10023C45E022291
S214000D30835E0020A34211D02800FFF7E9FF0421BC
S214000D406B5E013494FBF3F102004B43A968E31A8F
S214000D50C85CCC181BB202B922702B8070BD70B56F
S214000D600400C8B10223C55E0022835E0020AB42A9
S214000D7012D02000FFF7CCFF0300002063B9A26862
S214000D80505D53550222A35E0421625E013B93FB35
S214000D90F2F14A439B1A638070BD18B10022835E4D
S214000DA08068C018704708B101238371704708B186
S214000DB00023837170470022835E0222805E181A29
S214000DC043425841C0B270470222835E0421425E0D
S214000DD0013393FBF2F14A439B1A0022805E1BB25A
S214000DE0C01A43425841C0B2704770B504000D00A7
S214000DF090B1FFF7E9FF78B92000FFF789FF58B9EF
S214000E000222A35E0421625E013393FBF2F14A43A1
S214000E109B1AA2686380D55470BD00230360704798
S214000E20006820B1030000680028FBD11800704756
S214000E300300006808B102681A60704703682BB1A7
S214000E408B4204D10B68036000230B6070471A00C6
S214000E501B68002BFAD09942F9D10B681360F3E7B0
S214000E6070B505000C00FFF7E9FF0023280023609B
S214000E70FFF7D6FF08B92C6070BD0460FCE7036876
S214000E80002003B9704701301B6800B2F9E7000084
S214000E90F0B5104B1B785BB21800B3B100200E4AB9
S214000EA00823D15E814210DD55680A23D65E2B00EA
S214000EB010685C1B24B2A64207DD0027DF575C1CC7
S214000EC027B90139118101221A70F0BD23000C30B8
S214000ED0EFE7C046184E00200C4E002010B570B14B
S214000EE0094A0A23D45E002311689C4207DD81422A
S214000EF006D111890131118100215268D15410BDEB
S214000F0001331BB20C31F0E70C4E0020002310B565
S214000F10074CE35653B9002A08DD38B131B1054B0A
S214000F20186059601A815A810123237010BDC0468B
S214000F30184E00200C4E002010B50CF02FF910BDF6
S214000F4037B506AC2478079D009401950CF02CF973
S214000F5037BD10B50CF030F910BD10B50CF042F9E5
S214000F6010BD000082B013B5C918059305AB9C8868
S214000F70A21840F2E73493B212B2A24203DD054A49
S214000F8001319B181AB20160828016BC08BC02B000
S214000F901847C04618FCFFFF82B013B5C91A059360
S214000FA005AB9B88D21A93B214B2120404D540F251
S214000FB0E8329B1801391CB20160848016BC08BC5C
S214000FC002B018471FB50023009002AC03A8019199
S214000FD00293A3800CF0F6FB009BA288181A6B46BF
S214000FE09B889B1A9AB219B21B0404D540F2E833C8
S214000FF0D218013811B2024B186099801FBDC04646
S2140010001C4E002013B500236A46040001A89380F6
S21400101000930CF0D7FB0A4B40F2E7311A689B8826
S21400102080186A4692889B189AB21BB28B4203DDE0
S214001030044B0130D3181BB22060A380200016BDDD
S2140010401C4E002018FCFFFF37B500236D46040039
S21400105001A80093AB800CF0B5FB2300009006CDF2
S21400106006C320003EBD00000C4B13B51A689B88D3
S214001070801AC91A8BB20CB2090404D540F2E832C1
S2140010809B1801381CB240F2E8320023002111F010
S214001090B3FA2200E317801859411CBD1C4E0020ED
S2140010A070B51500190040F2E8320023040028004D
S2140010B011F082FA40F2E8310A4A414313689288F6
S2140010C01B1840F2E7305219521A91B212B28242FD
S2140010D003DD054A01338A1812B220002360A2807D
S2140010E070BDC0461C4E002018FCFFFF020010B565
S2140010F0014B12CB12C210BD1C4E00200022054B25
S21400110010B5040000681A700CF0B0FA20600CF0FD
S21400111081FC10BD284E002000230360436003724C
S214001120C16003617047000070B5124C236843B17C
S214001130002201251A601A720023206858B903B1EC
S214001140206070BDC1682B00026911B1226088471B
S214001150F2E71000F2E70268002AF3D03BB9037A00
S214001160002BEED101230372FFF7C8FFE9E72060EA
S214001170F5E7C046244E0020F7B52F4D040001A821
S2140011800BF0C2FE2A78531CDBB22B700AB90BF0A8
S214001190DFFE2A4E01A80BF0BCFE336803B16CB923
S2140011A001A80BF0B1FE2B78013BDBB22B700BB91C
S2140011B00BF0DEFE01A80BF0ACFEF7BDA3422ED16D
S2140011C0237A13B30CF01EFB2768002433688C4682
S2140011D019691C72A9B13A00316023003E0027004D
S2140011E0644502D1824200D90600921BBB4116001C
S2140011F00B6808009B190B6001230B72FFF77EFF3C
S214001200CEE731600CF060FACAE723692BB121689B
S21400121033601A6852181A60C2E73360C0E71A00D3
S2140012201B69002BBCD09C42F9D12369216813614D
S214001230002BEED1B4E7C04630620020244E0020DA
S214001240054B1B680BB918007047834201D01B6919
S214001250F8E70120F8E7C046244E0020F0B587B036
S214001260040005A80BF050FE40490A78531CDBB278
S2140012700B700AB90BF06CFE05A80BF04AFE24B101
S2140012802000FFF7DDFF009078B105A80BF03CFECC
S214001290364A1378013BDBB213700BB90BF068FECD
S2140012A005A80BF036FE07B0F0BD6368304D23602E
S2140012B02968009B237239B921610123200023721B
S2140012C02C60FFF71BFFE0E7087AF0B10CF09AFA03
S2140012D02B68009F1E683B003200B94202D186424E
S2140012E000D90200B61A9F4100960197019B266816
S2140012F02F6813B9009BB3420BD927B1009B9E1BE6
S21400130000233E603B722761D7E70B68019000938D
S214001310ECE73D692DB9009BF61A26603C61256115
S214001320B3E728680199009A019B8018594109B9CA
S214001330864208D2009B009AF31A23602B689B18FB
S2140013409B1B2B60EAE72B6923B9361A26602C61B3
S21400135023619AE71A682F000292002203921D006A
S214001360029A039B00900191DFE7C046306200209E
S214001370244E002070B50D000400FFF7FDFE25602A
S214001380656070BD10B50CF019FA10BD10B50CF004
S21400139024FA10BD70470000F7B50D000024019038
S2140013A0CAB10F4F260097FBF2F78C4215D801D131
S2140013B0874212D83A0033002900019811F0FCF851
S2140013C004003A0033002900019811F0F5F81A439A
S2140013D0531E9A41A4182000FEBD0024F1E7C04623
S2140013E040420F0010B544781CB9013444700CF02C
S2140013F0A3FB10BD10B50CF0A9FB10BD10B50CF08A
S214001400C3FB10BD154B00B5185C0A2823D811F095
S2140014107BF81E161612060D22221A16120000203F
S21400142001230B398B424041C0B203E00C394B42DA
S2140014305941C8B200BD002002230A39F2E7002055
S21400144003230939EEE7002004230839EAE70020E1
S21400145005230739E6E70020ECE7C04648450100CB
S214001460014B18887047C046564F0020002010B524
S21400147001F0F8FB034B1B6813B15B6803B1984798
S21400148010BDC046504F0020002010B501F0EAFB0A
S214001490034B1B6813B1DB6803B1984710BDC04609
S2140014A0504F0020012310B511B10CF03CF800237A
S2140014B0180010BD012310B511B10CF017F8002369
S2140014C0180010BD10B50CF07BF80D23012800D0D5
S2140014D00A3B180010BD000010B501F05FF80300CD
S2140014E00020082B01D8014AD05C10BD97440100AB
S2140014F010B5054B04005B7B0BB101F05FFF2000CD
S21400150001F096F910BDC046584F002010B50CF0FB
S2140015101EF810BD10B50BF0FDFF10BD10B5044B46
S2140015205A7B012312B101F0D7FE0300180010BD4C
S214001530584F002010B5042001F0E0FB0220FFF712
S214001540FBFC0BF0AFF910BD10B5034B987A01F019
S21400155089FB0BF0D7F910BD584F002010B501F0ED
S214001560B3FC10BD40F28010002310B51A00010035
S21400157001F02BF901F0C2FC10BD000070B540F27E
S214001580E8360E4B05005B7B0C00564383B92800FB
S21400159001F04EF920000CF007F801F0BDFC310018
S2140015A00748FFF7E7FE0648FFF758FE002070BD25
S2140015B0C0B202F06FF90028E9D0F8E7584F0020D3
S2140015C0404E002010B501F06DFA10BD10B572B691
S2140015D0BFF34F8FBFF36F8F0BF08AFD0122044BD2
S2140015E01A7062B6BFF34F8FBFF36F8F10BDC04641
S2140015F0684F0020F0B585B072B6BFF34F8FBFF3CB
S2140016006F8F0022654E33783270DBB262B6BFF35E
S2140016104F8FBFF36F8F002B00D19FE001F0E5F8EE
S21400162004004FF6FF7001F014FB72B6BFF34F8F45
S214001630BFF36F8F0CF012F80500012802D10BF0F3
S21400164057FD357062B6BFF34F8FBFF36F8F4023E1
S214001650012523400193019A514B1A802C420BD04E
S2140016605048FFF789FD280000F09EFF4E4B1B6890
S21400167013B11B6803B1984702252C4244D04B4B4C
S2140016801F78A7B94A48FFF777FD012000F08CFFC6
S214001690390040F602100BF03DFF40F644100BF008
S2140016A056FF0543E9B240F644100BF033FF02AB99
S2140016B0DF1DFF2239003F4801F02AFA3E4801F0BC
S2140016C03BFA019B13B13D4B1B7A7BB1364B1B6833
S2140016D063B19D6855B1384A39781378002B41D1EB
S2140016E00823D3560620125E3248A8472F4B1B7895
S2140016F053B100F053FF052806D1304B587A002826
S21400170035D0002001F0C2FB019B2BB1264B1B6895
S21400171013B11B6903B1984723060AD5012000F0D0
S21400172043FF214B1B6823B19B6913B1E005C00F33
S2140017309847A4050FD500F031FF04281AD11948A0
S214001740FFF71AFD012000F02FFF174B1B6813B19F
S2140017505B6803B198470023114A13803078C0B203
S21400176005B0F0BD1223D3561020125EBCE701F080
S2140017703BFBC9E700F012FF0528ECD10B4B1B78AA
S2140017802BB90B48FFF7F8FC012000F00DFF064BC5
S2140017901B68002BDFD0DB68DBE7C046684F002005
S2140017A0564F0020404E0020504F0020845000200E
S2140017B02C4E0020694F002068500020584F002013
S2140017C010B5002001F09AFA0220FFF7B5FB0BF0E7
S2140017D081F810BD70B50F4B06005B7B0C00150042
S2140017E093B9300001F024F820000BF0DDFE01F084
S2140017F0A1FB40F2E83108486943FFF7BBFD064805
S214001800FFF72CFD002070BDC0B202F041F80028A2
S214001810E7D0F8E7584F0020404E002010B500F003
S214001820BDFE0400082809D10022074B5A701A7022
S21400183001F08EFB20000BF07DF810BD0028F9D1DA
S21400184001F010FAF6E7C046544F002010B500F03D
S21400185073FF10BD02001F205AB101230849086813
S214001860824207D98868824204D8054ADB009B1862
S2140018701879704701330831172BF0D11F20F8E78D
S2140018805445010010B50A4B012807D1094AC73351
S21400189011700948197001F099F810BD1A00BF328E
S2140018A01278002AF9D1034AC0331170F1E7C04616
S2140018B0544E0020084000200C4F002070B51C4BF2
S2140018C005005B7B0C0001201BB1280001F022FF05
S2140018D050BB4DB3002340F201211A00080000F06F
S2140018E074FF00F0D9FF134B01281ED1C7331C70BC
S2140018F0114801F06BF800222100280001F06CFA74
S2140019000E4B0F481968FFF735FD0D48FFF7A6FC8C
S21400191000F0C2FF060001F02BFB230001002A00A6
S21400192030000AF013FF002070BDC033DFE7C0466A
S214001930584F0020544E00200C4F00208C500020A2
S214001940404E0020002340F2422110B504001A0049
S214001950080000F03AFF34B10A482100FFF70AFDFC
S2140019600848FFF77BFC084B1B7833B1402000F09B
S21400197023FF002001F08AFA10BD044B186880018E
S214001980F8E7C0462C4E00208450002088500020E7
S21400199070B51B4D04006B7B33B96A7A4AB12000E0
S2140019A0FFF7D0FF002003E001F064FF0028F4D02A
S2140019B070BD40F242211300080000F006FF34B16B
S2140019C010482100FFF7D6FC0E48FFF747FC0E4EE6
S2140019D033788BB1402000F0EFFE002001F004FACF
S2140019E000F05AFF050001F0C3FA22000100337828
S2140019F028000AF003FFD5E7044B18688001EDE7DE
S214001A00584F00202C4E0020845000208850002084
S214001A10F7B507000C000025C9B3364E01A80BF039
S214001A2073FA3278531CDBB233700AB90BF090FAB3
S214001A3001A80BF06EFA092F36D8380010F064FDB6
S214001A40050A292D31393F43475322782A4B1A700D
S214001A5001250FE016250422210001A811F043FD00
S214001A60019A264B1968914241D0013DADB2083328
S214001A70002DF7D101A80BF047FA3378013BDBB213
S214001A8033700BB90BF074FA01A80BF042FA280079
S214001A90FEBD2278184B1A72DAE72278164B5A7275
S214001AA0D6E723782F2B01D90025E3E7124AD37215
S214001AB0CEE723782F2BF7D80F4A1373C8E7227880
S214001AC00D4B5A73C4E722780B4B9A72C0E70A4D47
S214001AD023784FF6FF70AF7BAB7301F063FA0028F4
S214001AE0B6D1AF73E0E72278034BDA73B0E7024B68
S214001AF05A60ADE730620020584F00205445010080
S214001B00F7B507000C00002679B3254D01A80BF0A9
S214001B10FBF92A78531CDBB22B700AB90BF018FAC3
S214001B2001A80BF0F6F90026092F11D8380010F09E
S214001B30EBFC05091E2124272A2D3033194B1B7870
S214001B40237004E004222000174911F0CCFC012683
S214001B5001A80BF0D9F92B78013BDBB22B700BB93F
S214001B600BF006FA01A80BF0D4F93000FEBD0D4BC1
S214001B701B7AE5E70B4B5B7AE2E70A4BDB7ADFE79B
S214001B80084B1B7BDCE7074B5B7BD9E7054B9B7A57
S214001B90D6E7044B9B7BD3E7024BDB7BD0E7C04604
S214001BA030620020584F00205C4F002010B5040023
S214001BB00B4B1870587000F015F854B1342140F2F1
S214001BC040700BF0A7FC442140F241700BF0A2FCE1
S214001BD010BD142140F240700BF09CFC2421F3E76A
S214001BE0544F0020012010B500F048FE044B187832
S214001BF05A78824202D05870FFF7D8FF10BDC04610
S214001C00544F002010B5012806D0002000F036FE04
S214001C100022034B5A7010BDFFF7E4FFFBE7C046F7
S214001C20544F0020F0B59BB0119320AB0B9204CB21
S214001C300D911B8814920C9322AB1F8823AB1B7844
S214001C400EAA0E9324AB1B780500129325AB1B78C7
S214001C500F9326AB1B78159327AB1B781693492357
S214001C609B18DB7F13934D239B18DB7F10938B4BC6
S214001C705B7BBBB1109B0B9A0993139B00B2089336
S214001C80169B02970793159B06930F9B0593129B33
S214001C9004930E9B03930C9B0193149B0093119B40
S214001CA001F094FB109A7E4B1A70534253410E9AE1
S214001CB05B421F40FF2302B1129B7A4A1370F5B1B4
S214001CC0012D00D179E0109B28000993139B0B9AF5
S214001CD00893169B0D990793159B029706930F9BE7
S214001CE00593129B04930E9B03930C9B0193149BEA
S214001CF00093119B0AF00CFD00201BB0F0BD6A4C4F
S214001D00280000F0B7FC2300E8331D7023000B9A70
S214001D10EC331A6023000B22F4330D981A70FFF789
S214001D2099FD2300F533187023002200B8331D7088
S214001D300C9BBA32DB001380230041F60402BC334E
S214001D401A802300BE3322001D7001230E99BF3275
S214001D505940117022005349C032097811700F9A09
S214001D6002B1F1332200C132137023000122C233C4
S214001D70E8341A70FFF7E8FB2078431E9841C0B29B
S214001D80FFF740FF200000F0DDFD484800F01EFE93
S214001D900822474918A811F0A6FB18A800F025FC51
S214001DA040F2FF1000F04AFC41F640737B430B9A6A
S214001DB0B3FBF2F33F4A136085E73B4C002000F08C
S214001DC059FC2300E8331D702C226B469B181E78A6
S214001DD02300F8330D9A1E70374B10009B5C0B994E
S214001DE0053E1793FFF70EFB0C9B012E06D86B469D
S214001DF00C9A1B8E0C2A00D20C239BB22200179939
S214001E00F932117022001199FA3211702200FB3259
S214001E1010700122254926000A702200C432138061
S214001E2023000E9AC6331A7023001E4AC733127850
S214001E30C9361A7023000F9AC8331A70139BE834F9
S214001E403370FFF781FB2078431E9841C0B2FFF73E
S214001E50D9FE200000F076FD144800F0B7FDF8B279
S214001E6000F011FC3378042440F23670012B10D1B8
S214001E700BF06DFBA043C1B240F236700BF04AFB8C
S214001E807B427B410D4A5B4213404FF6FF729B1824
S214001E9090E70BF05CFB0443E1B2EDE7584F0020FF
S214001EA08450002008400020544E00200C4F002094
S214001EB09C46010088500020484501000100FFFFB5
S214001EC0F0B599B00B931EAB109204CB0F911B7814
S214001ED00C92119320AB1F8821AB1B7805000D9345
S214001EE022AB1B780E9323AB1B78139324AB1B7883
S214001EF0149325AB1B781293764B5B7BA3B1269B82
S214001F0000920893129B109A0793149B00B20693B4
S214001F10139B029705930E9B04930D9B0393119BB3
S214001F2001930B9B01F07AFA4DB1012D58D040F683
S214001F3089000BF00CFB04210143C9B2A6E0664CF5
S214001F400C9A2300E8331D702300EC331A6023003C
S214001F500B22F4330B981A70FFF77CFC2300F53342
S214001F6018702300109AF0331A6023002200B8334A
S214001F701D70BA32FB001380230041F60402BC3306
S214001F801A802300BE3322001D7001230D99BF3234
S214001F90594011700E9A02B1F1332200C13213700B
S214001FA023000122C233E8341A70FFF7CDFA2078F6
S214001FB0431E9841C0B2FFF725FE200000F0C2FC89
S214001FC0464800F003FD0822454916A811F08BFA92
S214001FD016A800F00AFB40F2FF1000F02FFBA6E761
S214001FE03D4C30222300E8331D706B469B181E784C
S214001FF02300F8330B9A1E703A4B10009B5C0C992A
S214002000053E1593FFF7FEF93B00012E03D80C2F73
S21400201000D20C239BB22600159AF93632702200A5
S2140020201199FA3211702200FB32107001222B49EE
S2140020300A702200C432138023000D9AC6331A7029
S2140020402300294AC73312781A7023000E9AC83321
S2140020501A702300129AC933E8341A70FFF774FA1C
S2140020602078431E9841C0B2FFF7CCFD200000F058
S21400207069FC1A4800F0AAFC3378062B00D056E715
S21400208040F689000BF063FAFB21014040F6890018
S2140020900BF040FA0F980BF087FA269A134B28009D
S2140020A01A60129B08920793149B109A0693139B30
S2140020B00F9905930E9B029704930D9B0393119B18
S2140020C001930C9B00930B9B0AF030FB002019B089
S2140020D0F0BDC046584F0020544E00200C4F002044
S2140020E09C46010048450100084000208C50002016
S2140020F010B5FFF777FD00231A001900180000F04E
S21400210064FB00F08FFE10BDF0B58BB0099106920F
S2140021100593322B00D9B2E05B4C2600F5363378B7
S21400212008932300F9331D7800231A0019001800BD
S21400213000F04BFB00F0B0FB0790012859D1534B41
S2140021405E683EB933005249DA0052181168A94257
S2140021504BD1566827000025FFF7F6F90020FFF759
S21400216051FDE83730003D70FFF774FB2300F53370
S2140021701870380000F0E6FB2000B830057000F05C
S21400218025FC40F2E833059A09985A430592FFF772
S214002190AFF9404800F028FE0BF06AFA0500280068
S2140021A00BF06CFA0028FAD000F07CFC069B0500C9
S2140021B0002798422FDA0BF05BFA070000F072FC5B
S2140021C0069B0500984225DA38000BF057FA6B4656
S2140021D09B8A9842F2D300F065FC069B0500012717
S2140021E0834200DC0027FFB215E001330A2BAAD198
S2140021F0B0E7FFF7A9F9254B586848B1250000233A
S214002200E8352B70FFF726FB3070280000F09AFBAD
S2140022100026B6E70027FFF797F9079B012B1FD18B
S214002220FFF7E0FC23002000089AF5331A70079B9E
S214002230E830037000F086FB2000079BB830037080
S21400224000F0C4FB059B32000193069B0020009320
S21400225009992B0002970AF01BFA38000BB0F0BD64
S2140022600A4B5B68002BEDD02300089A2000F5335C
S2140022701A700023E830037000F064FBE2E70026E3
S21400228035003700DEE7C046544E0020584F002089
S214002290F8440100FFFFFF00F0B5514C87B0260060
S2140022A005900391F536337802932300F9331B78B3
S2140022B00493322900D991E000231A00190018006F
S2140022C000F083FA00F0E8FA464F0190012864D146
S2140022D07D6845B92B004449DA0052181168049805
S2140022E0814256D155680026FFF72EF90020FFF7E9
S2140022F089FC3E4B28001E70FFF7ACFA2300F5332E
S21400230018703A4800F01EFB2000B830067000F047
S2140023105DFB0598FFF7ECF87B7A3548002B4CD030
S21400232000F0B4FD40F2E836039B5E430BF0A0F9E4
S214002330050028000BF0A2F90028FAD00BF098F957
S2140023402C4D039000F0AEFB2B1C854200DA031CDC
S21400235003981DB20BF092F9B3B29842F2D3FFF78E
S214002360F3F8019B012B2BD1FFF73CFC2300200048
S214002370029AF5331A70019BE830037000F0E2FA17
S2140023802000019BB830037000F020FB280007B047
S214002390F0BD01330A2B9ED1A5E7FFF7D5F8786884
S2140023A00028B6D025000023E8352B70FFF752FA38
S2140023B03070280000F0C6FAABE700F015FDB1E774
S2140023C07B68002BE2D02300029A2000F5331A70B7
S2140023D00023E830037000F0B5FAD7E7054DD5E7DF
S2140023E0544E0020584F0020F84401003C4F002077
S2140023F0FFFFFF000080FFFFF0B585B015000AAABA
S21400240017880BAA019111780CAA14780DAA1278D5
S21400241048B1012814D00125002040190138B0FB2E
S214002420F5F005B0F0BD012340F2E8304B40FB1854
S2140024305200DB0012191833D2009B185843ECE701
S214002440043302936B1F012B04D83B1C0C2F00D2C5
S2140024500C239FB21201E400A4184A4251411423EF
S214002460AE0049420B40A41BE418AB1E0393062D96
S21400247007D9290001980834FEF7C4FF08B1AB1E3F
S2140024809E00E343DB171C40A419013C94FBF6F6C0
S214002490029B7343DA1913000E33062D00D9023B54
S2140024A0084A0199525C0A2A0AD803999B0001330C
S2140024B08B4040F2E8305843034B9200D558ACE7C7
S2140024C0FFDEC04648450100A0440100030000208E
S2140024D00A2B01D8014AD05C7047C0468C440100E4
S2140024E0F0B504000E0085B018B30020012C51D1C1
S2140024F0294D2B00F9331878FFF7E8FF0100280074
S214002500C83000782B002A00471EB841FA33F8324C
S2140025101B781278039028000296C6300078C435DF
S214002520461EB0410190288800902000FFF764FF07
S21400253030E0194B1A00EC3215681A00C1321278D6
S2140025400296013A511E8A4103921A00BF3212784F
S214002550BA3351424A4101921B882A00DB08009395
S21400256001000300FFF748FF41F65732012395426A
S2140025700FD840F6B732DB1895420AD840F2CF7231
S2140025800133954205D840F2E7320433954200D92C
S214002590023B181805B0F0BD544E0020014B1878C9
S2140025A07047C04609400020014B18707047C0466F
S2140025B00940002010B5084B1A78082A08D840F2BF
S2140025C04113D340DB0703D50AF05CFF0AF0FEFF99
S2140025D00AF04EFF10BDC0460940002010B50A00A4
S2140025E0010000200AF0BCFF10BD10B5010040F24B
S2140025F0C06008220AF07AFF002010BD07B5064B1F
S21400260001A91B7840BA088023B9022240F2BC60B8
S2140026100AF06CFF07BDC0469D50002007B5064B6C
S21400262001A91B7840BA088023B9022240F2BE6096
S2140026300AF05CFF07BDC0469D50002010B50C4B4D
S21400264004001B789BB940F2B8600AF080FF0122B4
S2140026500100230A91431340C9B240F2B8601943FF
S2140026600AF058FF40F2B960E1B20AF053FF10BD1D
S2140026709D50002007B56B46D91D087001229F208B
S2140026800AF00CFF07BD73B5031C0400F82804D934
S21400269044F2A463C0F201031B780133DBB25B1083
S2140026A00025DEB21F2B02DD0336B60801353200E8
S2140026B06B0001339A4013006A46D3716B460122C1
S2140026C0A020D91D0AF0EAFE44B16B46F600A9190F
S2140026D0C9B240F20670D9710AF01CFF73BD07B587
S2140026E06B46D91D0870012296200AF0D7FE07BD5A
S2140026F007B56A46031CD11D58069A06C00FD20FAE
S214002700520180011043DA07D20F1043DA06D20FC7
S214002710120110431A07D20FD20010435A07D20FE5
S2140027209B079200DB0F10435B00184308700122E2
S21400273089200AF0B3FE07BD07B5104B01A99842E1
S21400274006D90F4B0B80022298200AF0A7FE07BD81
S2140027500C4B984201D90C4BF4E70C4B984201D92C
S2140027600B4BEFE70B4B984201D90B4BEAE70B4BB1
S2140027709842E8D946F66B73E4E7C04600E9A4350C
S214002780E1E9FFFF80F8A932D7DBFFFF8044E52DA3
S214002790C1C5FFFF000B6B1B7581FFFF40FC541982
S2140027A013B501AC20706170A27021000422952040
S2140027B0E3700AF073FE13BD07B56B46D91D0870AB
S2140027C0012293200AF06AFE07BD13B56C4652BA82
S2140027D0A280082240BA49BA208061805BBA694666
S2140027E01000E3800AF05AFE13BD13B501AC0222B6
S2140027F0210012200AF067FE208840BA80B216BD7B
S21400280007B56B46D91D087001229D200AF046FECA
S21400281007BD07B50B00072201A910401A0C087067
S2140028204A705BBA042297204B800AF037FE07BD39
S21400283037B5104B104D18602B7804001BB9FFF706
S2140028407BFF01232B7043F60951B4FBF1F20B001A
S21400285041F684605343E31A9B031B18B3FBF1F362
S21400286092039B181BBA0422862001A901930AF042
S21400287015FE37BD945000209050002007B56B46DB
S214002880D91D044B0870187001228A200AF006FE33
S21400289007BDC0469D500020014B18787047C046C3
S2140028A09D50002037B504000D000AF083FE02009C
S2140028B0012826D1030000210F2C08D10620FFF79F
S2140028C06FFF231C5AB20E2A0CDD0E230AE00420EA
S2140028D0FFF766FF231C1134F4DA44F2A563C0F256
S2140028E001031B7818215CB240F6E7000AF012FEDE
S2140028F06B4602228E2001A95D711C710AF0CEFD86
S21400290037BD40F6D8000AF022FE1E210143C9B2A8
S21400291040F6D8000AF0FEFD01230022072104201D
S214002920FFF73EFF231C093407DA44F2A663C0F221
S21400293001031B7838215CB2D6E75AB2162AF9DDB5
S2140029401623F7E713B5040008220021684610F0A6
S21400295061FD1C4B20781B78834201D0FFF78EFF69
S214002960237813B1012B28D013BD6268164B694635
S214002970B3FBF2F343F609501A0C0A701A0A4A70AF
S2140029808B70237BA268CB70637B0B71B2FBF0F17C
S21400299003004B43D31A41F684629B039B18B3FB98
S2140029A0F0F389035B1869461A0C4A7108225BBA71
S2140029B0CB808B200AF072FDD6E723690422694695
S2140029C00093F6E79D5000200000093D30B5040056
S2140029D085B001AD09220021280010F01BFD224B16
S2140029E020781B78834201D0FFF748FF23781BB17D
S2140029F0012B2BD005B030BD637AF12B1AD14FF6E0
S214002A00FF70FFF7FBFD48F20500FFF707FE022305
S214002A106288A18852BA2A80227A6980AA7109221D
S214002A20E188EB71A980A37A2B7229008C200AF02A
S214002A3035FDDFE7F22BEBD141F60F50FFF7DEFD59
S214002A4041F22100FFF7EAFD0623E1E7A389074AE2
S214002A505BBA2B80A37B1370AB70E37B0622EB7014
S214002A60238AAB80E1E7C0469D5000209C500020A2
S214002A7007B56B461871597102228F2001A90AF01A
S214002A800DFD07BD002110B50A00C0200AF01BFD91
S214002A900721021143100A400B4012015800104350
S214002AA010BD000013B501AC0122210015200AF06C
S214002AB00AFD064B22781B7852085BB29B1A181C3C
S214002AC0803301DA4FF6807000B216BD584F0020F2
S214002AD037B505000C000222132001A90AF0F3FC0A
S214002AE0094B1B78012B0CD1084B1B78012B08D106
S214002AF040F202700AF02BFD6B4628705B7923705B
S214002B0037BD6B461879F7E79D5000209C50002093
S214002B10F7B56B460C00DF1D0500390020001600D7
S214002B20FFF7D6FF22780120B24204D83878290071
S214002B300AF028FD0020FEBD37B5040001AD0322D3
S214002B40290014200AF0BFFC254B1B7823704BB1DC
S214002B50012B24D01B220021601C10F05BFC0F23ED
S214002B6023701BE000222B7823711E4B9A566B783D
S214002B7092B25B08D31A191C1BB2803301DA4FF6E7
S214002B8080712181AB785B08D31A1A1C1BB2803384
S214002B9001DA4FF680720023E280E36037BD002240
S214002BA0104B9A562B7892B25B08D31A191C1BB29C
S214002BB0803301DA4FF6807101232182EB5602330F
S214002BC09B10A374AB785B08D31A1A1C1BB2803315
S214002BD001DA4FF68072044BA2821B68A361DDE720
S214002BE09D500020584F002098500020002313B519
S214002BF001AC21000222172023800AF064FC012386
S214002C0062785110100019409940184008439110FE
S214002C10194089000843D1101940C9000843111112
S214002C2019400901084351111940921149011A40EF
S214002C30084392011043227813401B02184316BD26
S214002C40002307B5022201A907200B800AF026FC04
S214002C5007BD07B5022201A940BA088010000AF095
S214002C601DFC07BD07B56B46D8710E48FEF784FA03
S214002C700D48FEF781FA6B460122D91D80200AF026
S214002C800DFC6B46DA79094B4AB9013220201A70DE
S214002C90FFF792FD4FF6FF70FFF7DBFF07BD02223E
S214002CA01A70F7E7404E00202C4E00200940002006
S214002CB010B504000AF0C6FB20000AF0A3FB0AF0D9
S214002CC0E1FB0020FFF7CEFF0AF0AAFB0AF07EFC2D
S214002CD00120FFF795FD0122044B1A700023044AD9
S214002CE01370044A1370044A136010BD0940002094
S214002CF09D500020905000209450002013B5041CD6
S214002D00FFF7C0FE60230340202B02D00020FFF711
S214002D10A9FF0AF09BFC6B46A207D91D6307DB0FD1
S214002D20D20F52009B001343E207D20F13438420B6
S214002D3001220B700AF0B2FB04210B00074A234065
S214002D40214202D00023137013BD08211170044ADB
S214002D501370044A1360044AF5E7C0460940002091
S214002D6090500020945000209D50002037B50AF067
S214002D7027FC88B96B460122D91D80300A70074DA2
S214002D800AF08CFB064B40F61110E97A5C6CA04703
S214002D9040F61210297BA04737BDC046584F00208A
S214002DA00C46010013B504220400094B09481A70AA
S214002DB0FEF7E2F9FFF7DAFF01A9230C0B700322F6
S214002DC0230A83204B708C700AF068FB13BDC04644
S214002DD0094000202C4E002010B51400FFF7FEFB23
S214002DE02000FFF7DFFF10BD052213B504000B4BD4
S214002DF00B481A70FEF7C0F9942140F6AC000AF0B2
S214002E0089FBFFF7B3FF01A9230C0B700322230AEB
S214002E1082204B708C700AF041FB13BD09400020E5
S214002E20404E0020F0B540F6E206002785B03000A0
S214002E3003970AF08CFBFE2140F6E50501400400EE
S214002E4030000AF067FB28000AF081FB7F21019022
S214002E50014028000AF05EFB0B48FFF7C5FF04227E
S214002E6003A940F619000AF05EFB3800FFF7FAFEE9
S214002E70210030000AF04EFB280001990AF04AFBB8
S214002E80039805B0F0BDC046FFFFFF00052213B54E
S214002E9004000B4B0B481A70FEF76EF9962140F6AD
S214002EA0AC000AF037FBFFF761FF01A9230C0B709B
S214002EB00322230A82204B708C700AF0EFFA13BDAF
S214002EC009400020404E002037B505000C00FFF7F3
S214002ED04DFF6A462B0C13702B0A5370230C64BAF2
S214002EE09570D37094806946062294200AF0D6FA2C
S214002EF00622014B1A7037BD0940002010B5FFF7B7
S214002F0035FF0022C52011000AF0C8FA0722014B3F
S214002F101A7010BD0940002010B5FFF727FF0022E9
S214002F20D12011000AF0BAFA0422014B1A7010BD23
S214002F300940002010B5FFF719FF0022D22011002B
S214002F400AF0ACFA0422014B1A7010BD09400020AA
S214002F5010B50120FFF754FC0AF062FA0120FFF7D3
S214002F60BEFB0122014B1A7010BDC046094000206E
S214002F70014B18687047C04694500020024B1B78DF
S214002F800BB9024AD38170479E500020584F00204C
S214002F90030000200A2B04D840F27D60D8400123AD
S214002FA018407047F7B5294B05009E7B3000FFF7A9
S214002FB0EFFF0190002846D00027254C1422390048
S214002FC024482770676010F025FA18223900224836
S214002FD010F020FA2148037823B1230046331B78EB
S214002FE0B34230D02300463300221E700023A26373
S214002FF0E3630023A11D2200CB8780214732117096
S21400300022004832137040F2013C1A00144923642F
S2140030100F78B7420ED101273D420BD00B2A08D8B5
S214003020104FD300D951DB19674601329F80019BB0
S214003030D2B26D080C4F2C31B942E9D10BB14834ED
S2140030402270012303700198FEBDC046584F002031
S214003050A0500020A8500020BC5000209E50002009
S214003060A8460100F0500020A44B01004A425141FE
S214003070094A4942114042F2107289180300C843B7
S2140030800A2B07D8054AD35C054A9B009B58C818EC
S21400309003B9C8437047C046F0D8FFFF4845010053
S2140030A0CC44010010B5040008002CB1012C09D155
S2140030B02100FFF7DBFF10BD500042F210729B1894
S2140030C0C018F8E701204042F5E70000F7B51B4AB4
S2140030D0CE00B218127903000120D2B100229C5E05
S2140030E0DD68844216D100219868FFF7BFFF134BB6
S2140030F0134A9B5940F20C0C2A331B781049DB000C
S2140031009A5C5B1801920022019ED1B28E4203D8CF
S2140031100420FEBD5868EAE7614651435F687E18A2
S214003120795EA14205D17168A94202D1B168814297
S21400313001D00132E8E70020EBE7C046F05000205F
S214003140A44B010003000D48D200125830B5546855
S21400315002209C4211D895689D420ED3D2681B1B54
S214003160B3FBF2F454431D1BA34206D12800012AE8
S21400317003D08A4292415242500030BDF0500020A7
S214003180044BC900CB585B69834280414042000132
S2140031907047C046F0500020F8B51A4C0020236C4B
S2140031A063B3A31DDB8F184DDB005B59188B28B368
S2140031B0FEF7E8F80023226C06000F00A06BE16B18
S2140031C0801859410222002312184B41BB4216D8E0
S2140031D001D1B24213D802225242D317121A8B419F
S2140031E092197B410634E18F0120C9006958098B8A
S2140031F00BB9914200D80020800180B2F8BD0022B1
S2140032000023EFE7A0500020F0500020030000202D
S21400321082B00190D1B142F20F7291420CD840F2C6
S214003220E73291420AD9013242F210700192019AB5
S214003230401AB0FBF2F0584302B07047642263298C
S214003240F2D80A220929EFD80122EDE70121FBE78F
S214003250F8B51F4C0020236CABB3A31DDB8F1D4DB0
S214003260DB005B59188D70B3FEF78CF8A66BE76B26
S2140032700B0002001900236C10009C461A00002365
S214003280B6185F410222002392197B418B421BD85D
S21400329001D1824218D802225242D317921BBB4158
S2140032A012184B4116001F000634E38F6046DB0001
S2140032B0EB58198DFFF7AAFF01230FB9B04200D8CB
S2140032C00023580180B2F8BD00260027ECE7C04670
S2140032D0A0500020F0500020124AF0B51300040061
S2140032E0463319784832104B1278DD7B0F4B06397F
S2140032F0D200C9B2D218934201D10020F0BD0129F4
S21400330005D825B918682A300078022808D0187918
S21400331030B11E687768A74202D8B668A642EDD2DA
S2140033200833E8E7A0500020584F0020F050002057
S21400333073B5204D060001A80C0009F0E5FD2A78BB
S214003340531CDBB22B700AB909F002FE01A809F083
S214003350E0FD701E042809D80FF0D6F803161A21CF
S214003360280050222100144810F0BDF801A809F0EA
S214003370CBFD2B78013BDBB22B700BB909F0F8FDC7
S21400338001A809F0C6FD73BD22780B4B1A70EDE755
S214003390094B083307CC07C306CC06C3E6E7064B43
S2140033A01C3307CC07C307CC07C3DFE72268024BF2
S2140033B05A60DBE730620020A050002007B501907D
S2140033C001A90520FFF7B4FF00200EBDF0B50600EA
S2140033D00D008BB0019311AB1B880092029313ABC8
S2140033E01B781222039315AB1F7804AB0021981D9F
S2140033F010F010F8009B05AC0793019B2100237387
S214003400029B0320E381039B268006952374677442
S214003410FFF78EFF00200BB0F0BD0000F0B50C00EB
S214003420060015008DB0019312AB04CB00211B786B
S2140034300292039314AB1B881522049315AB1B78DA
S214003440059316AB1F7806ABD81C0FF0E3FF06AB50
S2140034501E809C70019B039A0893029B042009938C
S21400346006AB1A74049A19005A82059A5F751A7583
S2140034700795FFF75DFF0020024B47331C700DB029
S214003480F0BDC046A050002073B5214D060001A82F
S2140034900C0009F039FD2A78531CDBB22B700AB9F0
S2140034A009F056FD01A809F034FD701E042809D85D
S2140034B00FF02AF803161A222A0050222000154977
S2140034C010F011F801A809F01FFD2B78013BDBB2C4
S2140034D02B700BB909F04CFD01A809F01AFD73BD5D
S2140034E00C4B1B782370EDE722000A4B083343CBC6
S2140034F043C203CB03C2E5E72200064B1C3343CB93
S21400350043C213CB13C2DDE7024B5B682360D9E7E7
S21400351030620020A0500020F0B59BB014AD1822F9
S214003520040000210EA80FF075FF29000420FFF705
S214003530ABFF05200CA9FFF7A7FF0023EE5EA968E6
S214003540EB6830006A68FFF7ADFDF3B202936D4B8F
S21400355008905B6A2100029898476B4B04904833AA
S2140035601B786A4E0793684B46331B78063BDBB2E4
S2140035700593674BDB7B06930C9B03930EAB019383
S214003580002300936B461F78079BBB4200D8A2E03F
S214003590059B012B07D8069B2BB933682A331B786B
S2140035A0022B00D1A0E03379002B00D19CE03A003A
S2140035B008990398FFF7C6FD019B3900099028007B
S2140035C01C88FFF783FD099B3900034304981C43BE
S2140035D0FFF7D6FDA4B2019B0443A4B21C80002CC6
S2140035E000D081E0FFF734FE0400FFF7D5FD009B16
S2140035F004435B001800019310230AA9A4B2C9185B
S2140036000C52DCBB0099414BCE009A5940F2E7338E
S214003610D2699A4232D93B4A0DA9D56F0120A847F4
S2140036200AA903312000A847384B364A9959956FA6
S21400363024310120A847354B711DC9182000A84722
S21400364040F2E831314B9A59D3692020125EB3FB21
S214003650F1F32C499BB20E6902980399B047060015
S2140036600DA90120A8470AA920000331A8472EB9B2
S2140036701022802301980AA98A181352009B0EAACA
S2140036805B009B5A13BBFDF77DFE1F4B049A9863A5
S214003690D9631A640633DF87009B1C4ADB00D358C5
S2140036A014A91B7C887889781A1C49B25BB28B42B5
S2140036B000DD021C0021144B50B24733595681429C
S2140036C002D01A7009F070FF002006E06022134254
S2140036D012D11B0613D4FF276520FF2318403B405A
S2140036E01B0218431BB0F0BD009B08360133009345
S2140036F0019B0233019345E7FF276620EDE7FF278E
S2140037006720EAE70C460100A0500020F050002099
S214003710584F002037B56B46DD1C02200C002900F0
S214003720FFF7B2FE2B7803201BB92000FFF7F4FE4C
S214003730C0B23EBDF0B599B0182200210DAC12A85B
S2140037400FF068FE21000320FFF79EFE05200CA95F
S214003750FFF79AFE0022A35E019303BB6368039300
S214003760404B00271A0048321278463309921B78DD
S2140037703D4D063BDBB205933C4BDB7B06930C9B37
S214003780079312AB0293099BBB4210D1FF2764201C
S214003790FF2318403B401B02184319B0F0BD00231E
S2140037A061681A000198FFF77DFC0390D8E7059B37
S2140037B0012B0DD8069B5BB92B682A331B78022B8E
S2140037C006D1029B01370233FFB208350293DAE7CF
S2140037D02B79002BF5D03A0003990798FFF7B2FC37
S2140037E0029B1B881843029B84B21C80002CE8D1E5
S2140037F02B681F4A2A331E78F600B35CB118019A6C
S21400380004932300012A25D121000E98FFF72EFCF1
S21400381040F20C0C0F9B0893154BF3180499E2B278
S2140038208A42CED2624662435E68B118B25E012A10
S21400383006D14A68089E964202D18A6882420ED015
S2140038400134EBE70C2058434A680133825E019846
S214003850904204D00498DAB29042F3D8B1E7002040
S21400386096E7C046A0500020F0500020584F002099
S214003870A44B010013B56B46DC1C02202100FFF7A9
S21400388003FE2378032013B9FFF754FFC0B216BD1A
S2140038900320704703207047F8B52E4C01252300FF
S2140038A022004633197848322B4B1278DE7B2B4B9E
S2140038B00639D200C9B2D218934205D1002D46D19E
S2140038C0236C83B90020F8BD012905D826B91868ED
S2140038D02A300078022804D01879474278414042BE
S2140038E005400833E8E7FDF74DFD022200230600F9
S2140038F00F00A06BE16B12184B419F4202D823D1F8
S214003900964221D902225242D317121A8B41B61878
S2140039105F41256C0634E38F104ADB00D45828003C
S214003920218DFFF773FC218B0200814200D90A002B
S21400393000232800002180185941B94202D8C1D17D
S214003940B042BFD9801BBEE700260027E1E7012072
S2140039504042B8E7A0500020584F0020F05000200A
S21400396010B5040010220021B1300AF003FA23003B
S2140039700021D433B022200019600AF0FBF910BDF4
S21400398010B50CF06FFE10BD0300F0B5D433040084
S21400399018680E00150087B048B310231B1A1F00C6
S2140039A00093934200D917002300C133BAB2181807
S2140039B0310001930AF0C9F92200D4321368FB18CB
S2140039C013600F2B1DD9009BAB421AD22000B130DA
S2140039D003001A78197C4A401A70019A01339A42F9
S2140039E0F7D1220001000CF08FFEF619ED1B200027
S2140039F0C130102D07D83100AAB2D4340AF0A5F988
S214003A00256007B0F0BD2700B1373B00009600994F
S214003A101A7809784A401A70009A013301320092E7
S214003A209842F4D11022390002A80AF08EF902A9B1
S214003A30220008000CF068FE1022380002A90AF0E6
S214003A4084F91036103DD2E7F0B50C008BB010228A
S214003A500021019002A80AF08DF902A922000800B0
S214003A600CF052FE02AB1A7800217F2A3FD9187854
S214003A705A784000D209024301311A7001330F29E7
S214003A80F5D102ABDA7B792352005B425340260025
S214003A90D4363068DBB202AAD373102835D123009F
S214003AA02000C133D1301978157801326940197079
S214003AB001339842F7D121002000B1310B00C1300C
S214003AC01A781D7C6A401A7001338342F8D106A822
S214003AD010220AF03AF9220006A901980CF014FE0A
S214003AE01022002102A80AF045F90BB0F0BD1878A4
S214003AF05A784000D209024301311A7001330F2967
S214003B00F5D102ABDB7B5B00C1E70022002102ABF4
S214003B109A568A4232DA1D785A786D00D2092A43BC
S214003B2001311A7001330F29F5D102ABDA7B792304
S214003B3052005B425340DBB202AAD37380222318A2
S214003B40C133471C00251A70102F01D80F352D1AC7
S214003B50C2302A00002120180FF05CFC2300200051
S214003B60ED193560C13302AAD130197815780132C3
S214003B706940197001338342F7D19CE71D785A7863
S214003B806D00D2092A4301311A7001330F29F5D18D
S214003B9002ABDB7B5B00CEE77047000070B500220F
S214003BA01124084D23005343EE5C864205D10020C5
S214003BB0054A20339B180B6070BD0132142AF1D1E0
S214003BC00320F9E77451002054510020F0B5BFB02F
S214003BD006000D0017000224019309B3449BFBB1B5
S214003BE008A8FFF7BDFE019803A9FFF7D7FF04005A
S214003BF0B0B9039908A80131FFF7C2FE26B110221A
S214003C00310008A8FFF7C0FE3A00290008A8FFF711
S214003C10BBFE08A904A8FFF717FF049B449A13608D
S214003C2020003FB0F0BD00007FB50026334C0500F5
S214003C301022002168460FF0EDFB631CDE772300A0
S214003C40012231331A702300921842331A7023006F
S214003C50053253331A702300013264331A7023007E
S214003C60013275331A702300763286331A702300B9
S214003C70013297331A7023000132A8331A702300DA
S214003C800132B9331A7023000132CA331A70230086
S214003C900132DB331A7023000132EC331A70230032
S214003CA00132FD331A7023000132FF33DA7340F21B
S214003CB01F130132E25411330132E2541133013240
S214003CC0E25411330132E25411330132E2546946B0
S214003CD00B487C3A0AF039F81022310020000AF02E
S214003CE049F81022310007480AF044F805B9064D95
S214003CF00020064B1D6004B070BDC0465451002025
S214003D00B852002064510020993B0000505100201A
S214003D10010010B5022029B1034840F274120AF0DF
S214003D2014F8002010BDC0465451002040F2741311
S214003D30036001487047C0465451002013B5040084
S214003D4003207E2B04D8049800902000FFF73EFF47
S214003D5016BD30B585B01C0008AB05001B780220E8
S214003D6061B10020039003A800902800FFF72EFF03
S214003D7020B90398001B431E9841C0B205B030BD61
S214003D80F0B5B1B00E0015001F0002240190C0B1BE
S214003D90BFB10F23033419401E4212D1B02203A82C
S214003DA009F0E8FF280002A9FFF7F8FE040040B972
S214003DB0029903A801310CF055FC3500701BC0B207
S214003DC015B9200031B0F0BD019B03AA1918103DAB
S214003DD038180CF099FCADB2F0E700007FB5002370
S214003DE011220D001A4914005C430E5D86422AD14A
S214003DF0184B80382134C0B21022174EE418092818
S214003E0019D840F24923C340DB0714D50021684681
S214003E100FF000FB6B467F2210212800FFF7B0FF53
S214003E20102205006946200009F08FFF3368984786
S214003E30280004B070BD2900200009F086FF336812
S214003E4098470025F4E70133142BCCD10325EFE780
S214003E50745100205451002050510020022310B508
S214003E6011B1FFF7BBFF0300180010BD7FB50D00B2
S214003E7016001C000220B1B11022002168460FF087
S214003E80C9FA7F2C04D1022332009A43032052B190
S214003E906B46320010212800FFF772FF18B96946FA
S214003EA02000FFF79BFF04B070BD0000010010B5B6
S214003EB0022039B10448102209F047FF034B1B6863
S214003EC09847002010BDC046545100205051002095
S214003ED00048704754510020010010B5022039B147
S214003EE00448102209F031FF034B1B689847002056
S214003EF010BDC04664510020505100200048704755
S214003F006451002003000020082B04D82230FF3024
S214003F10D840012318407047030007B50800052B5A
S214003F2007D0082B08D053B900F0E0F901900198AB
S214003F300EBD01F07FFAF9E701F0C2FFF6E70023B5
S214003F400193F4E7030010B50800052B05D0082BF5
S214003F5006D00BB900F054FA10BD01F0D1FAFBE719
S214003F6002F01EF8F8E7030010B50800052B05D090
S214003F70082B06D00BB900F067FA10BD01F0D4FA92
S214003F80FBE702F021F8F8E7030010B50800052B60
S214003F9005D0082B06D00BB900F068FA10BD01F06A
S214003FA0D5FAFBE702F022F8F8E7020010B50800A1
S214003FB0052A08D0082A09D0002312B900F02AFBE7
S214003FC00300180010BD01F071FBF9E702F0F4F8E9
S214003FD0F6E710B5040008001100052C08D0082CE0
S214003FE009D0002314B900F01BFB0300180010BD15
S214003FF001F064FBF9E702F0E7F8F6E7030010B516
S2140040000800052B05D0082B06D00BB900F0EAFEF9
S21400401010BD01F0C3FEFBE702F008F9F8E7020066
S21400402010B50800052A08D0082A09D0002312B9BE
S21400403000F038FB0300180010BD01F069FBF9E73B
S21400404002F01CF9F6E710B50400080011001A008B
S214004050029B052C05D0082C06D00CB900F036FBC8
S21400406010BD01F069FBFBE702F03EF9F8E710B57A
S214004070040008001100052C08D0082C09D00023E5
S21400408014B900F073FB0300180010BD01F09CFB90
S214004090F9E702F065F9F6E770B5050008001100CB
S2140040A01A00052D08D0082D09D0002415B900F0F7
S2140040B0C7FB0400200070BD01F0F0FBF9E702F03A
S2140040C097F9F6E773B5079E0500080011001A0079
S2140040D0069B052D09D0082D0BD000241DB900968F
S2140040E000F036FC0400200076BD009601F05EFC71
S2140040F0F8E7009602F002FAF4E7020010B50800AE
S214004100052A08D0082A09D0002312B900F0CAFCF4
S2140041100300180010BD01F0E1FCF9E702F0C6FA52
S214004120F6E7020010B50800052A08D0082A09D0CC
S214004130002312B900F08AFE0300180010BD01F03B
S21400414061FEF9E702F0DBFAF6E7020010B50800B8
S214004150052A08D0082A09D0002312B900F0C4FCAA
S2140041600300180010BD01F0D6FCF9E702F0C9FA0A
S214004170F6E7020010B50800052A08D0082A09D07C
S214004180002312B900F0B2FC0300180010BD01F0C5
S214004190C5FCF9E702F0B8FAF6E710B50400080027
S2140041A01100052C08D0082C09D0002314B900F003
S2140041B0BDFC0300180010BD01F0D2FCF9E702F0C8
S2140041C0A5FAF6E7030010B50800052B05D0082B66
S2140041D006D00BB900F0ACFC10BD01F0C3FCFBE749
S2140041E002F0AAFAF8E770B50500080011001A00F8
S2140041F0049B052D08D0082D09D0092415B900F018
S214004200B5FC0400200070BD01F0CAFCF9E702F01E
S214004210B1FAF6E7020010B50800052A08D0082A09
S21400422009D0032312B900F081FD0300180010BD69
S21400423001F056FDF9E702F0A9FBF6E7020010B51B
S2140042400800052A08D0082A09D0002312B900F071
S214004250ADFD0300180010BD01F084FDF9E702F083
S21400426097FBF6E770B50500080011001A00052D4B
S21400427008D0082D09D0CCB215B900F005FE040010
S214004280200070BD01F0DCFDF9E702F083FBF6E7E5
S214004290030010B508001100052B05D0082B06D02A
S2140042A00BB900F0FFFD10BD01F0D2FDFBE702F0F8
S2140042B081FBF8E70A4B10B51B6A0400984770B1FB
S2140042C0084B094A1B78DB009958002210008C42E4
S2140042D005D305495B185B68A3425241D0B210BDB6
S2140042E00C460100C8520020D44C010007B500223D
S2140042F00300007800920138382834D80EF004F90C
S2140043001D223324331F333333333333353E3333B5
S21400431033333333413333334B4D4F5133333333EE
S21400432026333333333333333333333333335A531E
S214004330583333335A5833626500DB789BB1022317
S214004340009310E09B78F9E70723F9E79A785B7803
S2140043505BB21AB92BB1013BDAB202E01A00022BAB
S214004360F9D152B2009200980EBD01229A569B785F
S21400437013B9174B9B5CE3E7164BFBE7164B1B7812
S214004380DEE740F2E831154809F0D2FC40F2D0737F
S214004390C0180090E7E7124BD2E7124BD0E7102385
S2140043A0CEE7114BCCE740F211136A461380DAE7EA
S2140043B00323C5E70D4B0E4A1B789B009A580D4BFE
S2140043C09B1ABDE70C4B1B88EFE70C4B1B68B7E747
S2140043D0984D0100904D01000A40002018FCFFFF98
S2140043E0B0530020B2530020D0520020C852002004
S2140043F0FC4C010040F70937B4530020B8530020A6
S214004400037810B5382B0ED0392B11D00E2B09D1CE
S2140044100A4903790A789A4204D00B70084B0620A2
S2140044209B6F984710BD074B8288E4331A80F9E7E4
S214004430044B4268E8331A60F4E7C0460A4000209E
S2140044400C460100D05200200C218268C36810B5CB
S214004450047840786143044C0919497A06314901C9
S214004460091900F0B2FD10BDD052002070B58AB018
S2140044706A46642313810023937200230022049269
S2140044800593069207930892099303790400042B78
S21400449017D818000EF038F8175873037B004F4BE8
S2140044A064211A00C03211801A0000200021C83290
S2140044B0106051601A00D833D03210605160186016
S2140044C059600AB070BD464D6379464E20222800DA
S2140044D002A9337009F039FC0323012242494348FC
S2140044E06B8400F066FD552301225B42AB845A3391
S2140044F0AB623F4B00211A700223237240F6B8339A
S214004500E36040F2E833236140F2D073636141F226
S2140045108833A36141F27073E361A318E280D97710
S214004520337834499B0058583349091A616240F27F
S2140045300211218521002A310A70304A9B58E36215
S2140045402F4B23632F4B6363244A11001000E03186
S214004550E2300B88008803430B8011002A4B31CBD6
S21400456031C170CB70C11F4B22491B789B00595834
S214004570214B5B1A1360254B5B1AD360A1E72168B9
S21400458000299ED0F022154809F0DFFB99E7154A6E
S2140045901078013803281FD80DF0B6FF021A031C46
S2140045A009236A4693711A4B911D9C6F0820A047F9
S2140045B06B46591D0E4B06201B785A1E93410B70F6
S2140045C0A0476B46D91D002309200B70A04778E74B
S2140045D00323E6E70523E4E70223E2E7D0520020C0
S2140045E090530020C8520020B2530020B053002041
S2140045F00A400020FC4C010000EA0637B44C0100DB
S2140046009A99094040002000C84D010040F709373C
S2140046100C460100F023036000487047D05200208B
S214004620030010B508000E2931D80DF06DFF0830D4
S2140046303030300C1A1F3029293030302D001868E1
S214004640FFF738FE10BD0020124A1349127818569C
S2140046508A56997891B900F070FC431E9841C0B212
S214004660F0E70020052218560021F4E70020094A4A
S2140046700A49127818568A565978EBE70221EAE773
S214004680002007221856EFE7054B1878E5E70020CC
S214004690D8E7C046C8520020CD4C0100C84C0100E7
S2140046A00A40002010B50279030022B10020012A3A
S2140046B007D1044801E001220348196800F079FC9C
S2140046C0012010BDB2530020B0530020F7B51C00E7
S2140046D0204B16001B78204A0D00D35C191C5BB2D9
S2140046E0834200DD011C1D481D4F84464AB261709E
S2140046F09100CB590120634504D01A481B18584234
S21400470043415800A070072A19D1322000F030FD2E
S21400471022002300A17C0C32083301920093320061
S2140047200023072911D1290000F050FD0123E3568C
S214004730072B03D0A06800F01FFEA060F7BD0A4B51
S2140047407958985C00F00CFDE2E7290000F016FDB1
S214004750ECE7C046C8520020C84C010090D00300C9
S214004760A04D0100E05EF8FFC04D0100F0B5012746
S2140047702E4D8FB06B680D910400C757466898475A
S2140047800B900B9B0020C3BBA37C43B922780C3351
S2140047905343274A9A1856680EB9254A9E58254B01
S2140047A03000DB570C93EB689847AB699C46637CFC
S2140047B0072F24D100200993012308900790069024
S2140047C0059304900390A36840F2E8329BB20293EC
S2140047D005230C990193184B4A4300934CF2503131
S2140047E003006446A047154B0B98D95D6B6D0D31E1
S2140047F0C9B2984701200D9B1F700FB0F0BDA1787D
S21400480001260993002308960793069305930493BD
S2140048100393A268300092B202920822009301929B
S214004820330064460C9AA0470B96DCE70C46010062
S214004830D0520020C04D010085450100984D010072
S214004840F0B591B00D9201220F9182563A4B0400BA
S2140048509B5602250B930C23017865574B4337492B
S2140048605B185B7A06335B015B189B788178181CB3
S2140048705BB2AB4200DA081C012143B20C93304B0A
S2140048809200D3582F4A0A91934205D02E4A9B187D
S2140048905A4253418B400A93A26861680C9800F014
S2140048A0BFFC0C232278294F53432449FA680E9004
S2140048B058589047FB69012200259C4640F6A07395
S2140048C0A2560893079506950595072A25D1012334
S2140048D004930433029340F2E8330B9A664653433C
S2140048E02800009346F2A8120A9B0E99039501959C
S2140048F0B0472E003000217B7B6D98477B6A3000E6
S214004900217B98470D9B0D9A186000230120536069
S2140049100F9B0C9A1A7011B0F0BD08230126029363
S2140049200B9B2A0003950093300065460A9B0E9960
S21400493004960196A847DDE7C04D0100D05200203E
S214004940A04D010090D00300E05EF8FF0C46010089
S214004950F0B5002693B001910292040006220021D1
S21400496008A803930EF056FD04AB5E800725237A55
S214004970B34206D9606808A9801900F085FB0028B4
S2140049804FD1022704AB1F72637A04AA06A893725B
S214004990FFF7ACFC03000AA80571A27A08AD4271C5
S2140049A06A7804A98271AA78C2712A780272E27AB9
S2140049B04272227B8272627B0375C2721022354B72
S2140049C0027304AAD2191B780261334AD35C1222FE
S2140049D04375324B52188361072311218383236862
S2140049E004AC0A9309192B0000F069FB04000728A1
S2140049F009D12B4B3A001F001800002109F0BAF924
S214004A0004AB5B883B8020006B78019A1370AB7810
S214004A10029A13702B78039A1370189B1E7013B0AB
S214004A20F0BD04AB04AA9B8A36185380901CD27C37
S214004A30F6B2062A15D00625002A98D1002B00D1FA
S214004A4095E701206D1919001141014205D0290092
S214004A505143124FC9190968D1B10132102AF2D157
S214004A6084E7002240F2010C15000C2151430B4F45
S214004A70C919096821B16146914065460B439BB24E
S214004A800132102AF1D1002D00D16FE703806DE7C7
S214004A9006256CE7C8520020CD4C0100D0520020FD
S214004AA0B053002070B505004068FFF703FC0630E1
S214004AB0C4B200200A4B0B4A1B780021D256285657
S214004AC000F03BFA08B902239C430120072200218C
S214004AD0285600F032FA08B904239C43200070BD23
S214004AE0C8520020C84C010000207047037810B55B
S214004AF0040000200F2B0CD86068FFF7DBFB0C23AC
S214004B00227802305343084AC0B29A5812B9022398
S214004B10984310BD032804D1034A9B1862685A6064
S214004B20F7E70220F5E7C046D05200200220704783
S214004B3010B588B06A460B4B00930B4B0193437835
S214004B401372037853724388538103AB021D12CA53
S214004B5012C30269436968460692079300F086FB13
S214004B6008B010BDD052002090530020F0B58FB092
S214004B70079104920021102205000AA81C000EF0DE
S214004B8049FC08AB4620D91D02F02AFD614E0122E1
S214004B900021300000F0EFF918B9032332881343E0
S214004BA03380A868E968FCF7F1FBAB68EA680600A2
S214004BB013430F0033B12A686B688B4259D801D172
S214004BC0824256D80022002322606360524C0123A2
S214004BD02200A97C687C00F0FFF9009001916B7CB4
S214004BE0C03C05931023260000240127EB560294B0
S214004BF006930394494BE0331B8823413B421BD06A
S214004C003368CBB1059B1BB9033323413B4213D01A
S214004C10317A06980A090907090F00F08EF958B18B
S214004C20737A3D4A5B019B189A69DB691A43C2B1E5
S214004C30039B0133DBB2039301340C36102CD9D11D
S214004C40029B0BBB039BC3B90322344B0C20E033FF
S214004C5019880A431A800022002304990A604B60D0
S214004C6045E0029B029901330AAADBB25454029330
S214004C70E2E7921BBB4100920193009B019C049AC1
S214004C800B201360546032E0029B591E08ABD879A3
S214004C90002830D0002009F04BF8C6B20AAB9B5D66
S214004CA001360093029B029A96FBF3F353431022BD
S214004CB01B4FAA56F61AF6B2BB6F062A19D0194928
S214004CC001209847154A0098E4320021525E0C21D4
S214004CD04143124B1148E83341583F6901201B6895
S214004CE0B84768B9013CE4B2002CD7D10D300FB0FC
S214004CF0F0BD0D49E4E709F01BF80AAB1B5C009316
S214004D00079B009A04991A700022002300200A606C
S214004D104B60ECE7B053002090530020D0520020A8
S214004D200C460100104000200C400020F8B5067923
S214004D3005000620012E1BD903380F2E18D82A6826
S214004D400124137A19091B071B0F8B4207D8144B33
S214004D5014481B78C356994200DC0024E4B210685D
S214004D60FFF7A8FA01235840C3B214B10533D8B2EE
S214004D70F8BD0420002BFBD10C22170077430A4B0A
S214004D802968FF18380008F0E0FF0122B240064B01
S214004D907C72E033198820000A431A80E8E7C04690
S214004DA0C8520020CD4C0100D052002070B50478C7
S214004DB0012C02D80025280070BD102221000748CB
S214004DC000F0C5F805000028F4D00C225443044B2C
S214004DD00021E0180EF01EFBEDE7C046B0530020A1
S214004DE0D0520020F0B50600022487B06B461C7037
S214004DF001346846E4B2FFF7D9FF102CF6D1337AB7
S214004E00102B21D17368DC7BF4B95023642703ADE3
S214004E102B72032262437368995C9B1829605A7848
S214004E2012020A432A609B781B04134300227B432A
S214004E306A602B602BB101A8A31C01950371FFF7D4
S214004E4075FF0134052CE4D107B0F0BD07B5026844
S214004E500379116839B96A4668461370FFF7A6FFEA
S214004E6080B103200EBD00926A4668461371FFF7B4
S214004E705DFF03000220042BF4D00138052BF1D08F
S214004E80002BEED00020EDE7C90020B9034BC9186F
S214004E908856C0B27047024BF9E7C046504D010035
S214004EA0104D0100030010B50A4A86B001929A68B8
S214004EB001A8426040F211320281002282725A68D2
S214004EC01B880C000382C26000F016FA03232370CE
S214004ED006B010BDC04D0100F7B5019108A90978CC
S214004EE0009049B200209A4224DB8A4222DC0C263B
S214004EF0012719E0019C4100095B73438C46099920
S214004F00CC18002361461941394207D0217A0D0793
S214004F102D0F954202DC090991420CDA01330C345C
S214004F20102BEFD10130C0B203010099DBB29942D9
S214004F30E0D80020FEBD0120FCE7030000208B42E5
S214004F4004DBD80FD1179A424841C0B2704730B53B
S214004F500B090400150900209D420BD3914209D28B
S214004F600F220130114002008A4011005B00E25A15
S214004F708A43E25230BDF7B5019228B14A00831841
S214004F800020019A914200D3FEBD002422001F8813
S214004F900125A5402E003E40B54201D10132D2B2D5
S214004FA00134102CF4D180180131C0B2C9B20233DA
S214004FB0E7E710B520B119B100235200934200D1A3
S214004FC010BDCC5AC4520233F8E70A614B6100B1F7
S214004FD070478A60CB60FBE7F0B5012676420F008B
S214004FE0140035005B0185B0D31803900293029B32
S214004FF0A34209D1731C03D16B1C01D100263500D6
S2140050003000290005B0F0BD039B5BBBA068E168DB
S214005010FCF7BCF90190009120696169FCF7B6F9CC
S21400502002000B000FB9002213001900009B1000AD
S2140050308B4203D804D1019B934201D90198009971
S214005040A269E3698B4202D812D1824210D9121AA1
S2140050508B419D4202D803D1964201D916001D000D
S2140050602034C4E74FB120696169FCF78FF9E7E7A0
S21400507000220023A261E361F2E7002200233E0043
S2140050803D00A261E361EBE710B502780300002063
S214005090032A13D15A780F301400120904408C707A
S2140050A04A709A788A80DC78240222438A801B79A8
S2140050B05A06520F0340CA700B700A3810BDF0B57E
S2140050C00627072687B003910492059343790400C8
S2140050D00579C7578657E3B10823C3560293002DB8
S2140050E03AD00F2F1DD10927E7570F2E2AD10A23B2
S2140050F0E356072D03D1029A0AB90132029228001C
S214005100039A1770049A1370059B029A1A7007B0D8
S214005110F0BD0B2309270A26C3560293C7578657A6
S214005120DDE71423A269E356207B01921522A256DE
S214005130009221693A00FFF7CFFE0028D5D102235E
S2140051409D43D2E71D23E356B342D2DC1C23E3562D
S214005150B34203DA04239D433300D0E73300C8E7A5
S214005160024B8340B3FBF1F07047C04640420F004D
S21400517041F64073B3FBF0F07047000030B540F2E4
S214005180E8350C1F44436A43A21852001AB1441E65
S214005190A218B2FBF0F2914200D21100039A1160FD
S2140051A082004843002108B101304108521A40F2FB
S2140051B0E8314B43D31A01D5034A9B1893FBF1F110
S2140051C0049B196030BDC04619FCFFFF30B51D00BA
S2140051D040F2E8334C1F44435A43A21852001AB117
S2140051E0431E9A18B2FBF0F2914200D21100039BC4
S2140051F00022196005234343484308B101304208A2
S2140052009B1A40F2E83255435B1B01D503495B18F5
S21400521093FBF2F2049B1A6030BDC04619FCFFFFF8
S21400522070B54000141C0D1C0DF0CAFE011C281C95
S2140052300DF09AFC211C0DF097FC051C0DF058FE95
S2140052400021060044B2281C0DF0ACF960B930000D
S2140052500DF06EFE011C281C0DF086FC00210DF0E2
S2140052607DF908B9013C64B2200070BD0C22010033
S214005270F8B5C07A0B6842439B185B7A4A685B01B4
S214005280D05AD41800220023A261E3614B7A8A7AAE
S21400529033BB40F60F66CD686433B54209D949F68C
S2140052A0AF23AB429B4142F228352B4040F2E83513
S2140052B05B190AB90A7A92B1051C984200D21D1CE5
S2140052C0002301267642F717AAB2B6185F418A690C
S2140052D0CB69300039000DF08FF9A061E161F8BDAF
S2140052E0002AFCD002008869C9690023012676429C
S2140052F0F71792197B41EEE770B52F2604008CB0A5
S2140053001C4D6E4431001D2002F06AF92B1DDB6F28
S21400531098472B6B98473078AB6D9847EB6860687A
S21400532098470120217A6B6D9847637A2268002699
S214005330D25CE368A17A584243410120089607965A
S214005340069605960993237A03900493238A00967B
S21400535002930A23AE6901930300B0476B6BE068C3
S214005360984720B101F07CFB642002F097F90CB05E
S21400537070BDC0460C46010003003F2803D8FE203F
S214005380013318407047F8221000F72BFAD807337D
S21400539013401800F6E70000194B70B51B6A0400AE
S2140053A00D00984730B1174B174AE318934202D8BE
S2140053B002232B7070BD154B154AE318934201D893
S2140053C00023F6E7134B144AE318934201D801234F
S2140053D0EFE7124B124AE318934201D80523E8E799
S2140053E0104B114AE318934201D80323E1E70F4B11
S2140053F0E4180F4B9C4201D80423DAE70020D9E7D3
S2140054000C46010040AA8FCC7F841E00C02571CCBC
S214005410C0C62D00FF5E43CCBF270900A0B038CC25
S21400542020A1070040022ECC90D00300606E29CC4D
S214005430E093040007B500220300007800922128BC
S21400544016D80C2804D8072304282AD000980EBDA6
S2140054500D381428FAD80DF04DF82026F9F9F9F988
S214005460F9F929F9F9F933353739F9F9F9F917005E
S2140054702F38C3B2072BE9D80728E7D80DF03AF83B
S214005480282A2FE6E6E6282F5B785BB21A000BB1D7
S214005490013BDAB252B20092D8E75B78114A5BB2AF
S2140054A0D35C0093D2E7104B1B78FAE740F2E83162
S2140054B00E4808F03DFC40F2D073C0180090C5E7D7
S2140054C00B4BEEE70B4BECE71023EAE70A4BE8E75B
S2140054D00A4BE6E740F211136A461380B6E7032349
S2140054E0DFE7C046E04D01001440002018FCFFFF37
S2140054F04055002042550020C053002008E6D33314
S214005500037810B50E2B09D1054903790A789A421B
S21400551004D00B70034B06209B6F984710BDC04607
S214005520144000200C4601000C218268C36810B5A8
S214005530047840786143044C0919497A06314901D8
S2140055400919FFF742FD10BDC0530020F0B5B3B0F7
S21400555002AE0400C022002130000DF05BFF0A21DD
S21400556040F2E8320A2064236944CA871AA90880F0
S21400557022A9338033840B802AAB1A802079042832
S2140055804CD80CF0C1FF03374D5667003D4DC02286
S2140055902800310008F0D9FB40F282130722C03DF4
S2140055A0EA523949063A3948FFF703FD0123384ADB
S2140055B0E380137040F6B832E26040F2E8322261CF
S2140055C040F2D072626141F28832A26141F270729A
S2140055D00023E261621C2372D3772E4A238562621F
S2140055E022002A3213708323DB05E3622A4B2363EF
S2140055F02A4B636340F2801140F28210284B5A5ABD
S214005600185A02435A52274A1800110070C970C02F
S214005610E0C9E0C01833183213CA13C333B0F0BD64
S21400562021680029FAD040F288121D4808F08DFB48
S214005630F4E7002200200021124BB45A2032986072
S214005640D960186159619861D9611C802033C02ADD
S214005650F3D1E3E76B460025991D134B08209C6F9A
S2140056600D70A0476B46591D094B06201B785A1E25
S21400567093410B70A0476B460920D91D0D70A047BB
S214005680CCE7C046805400204255002040550020FC
S2140056901440002008E6D3339A99094040002000C1
S2140056A0C0530020104E01000C46010040F2881343
S2140056B0036001487047C046C0530020030007B58A
S2140056C008000E2920D80CF01FFF081F1F1F1F18E8
S2140056D00E181F18181F1F1F1C006A461868D11DB9
S2140056E0FFF75AFE0EBD0020052218560021FFF7D0
S2140056F024FC431E9841C0B2F4E700200722185647
S214005700F4E7024B1878F4E70020EBE7144000209B
S21400571010B50279030022B10020012A07D10448FF
S21400572001E0012203481968FFF743FC012010BD81
S2140057304255002040550020F0B585B01C000D00F5
S2140057400392031C072800DD07231B4F5EB2BC46EE
S2140057501A49B200637053580127634504D0184FA6
S214005760DB195F427B415F00A77006281ADD3220F6
S214005770FFF7FEFC22002300A17C0C3208330192C6
S2140057800093039A0023072912D12900FFF71EFD74
S2140057900123E356072B03D0A068FFF7EDFDA060BA
S2140057A005B0F0BD074B8958985DFFF7D9FCE1E7D7
S2140057B02900FFF7E3FCEBE790D00300E84D01007B
S2140057C0E05EF8FF084E0100F0B501272E4D8FB0C1
S2140057D06B680D910400C757466898470B900B9B63
S2140057E00020C3BBA37C43B922780C335343274A1B
S2140057F09A1856680EB9254A9E58254B3000DB5736
S2140058000C93EB689847AB699C46637C072F24D1C2
S21400581000200993012308900790069005930490B2
S2140058200390A36840F2E8329BB2029305230C99DA
S2140058300193184B4A4300934CF2503103006446E0
S214005840A047154B0B98D95D6B6D0D31C9B29847C3
S21400585001200D9B1F700FB0F0BDA17801260993A3
S2140058600023089607930693059304930393A26870
S214005870300092B2029208220093019233006446EE
S2140058800C9AA0470B96DCE70C460100C05300209C
S214005890084E010085450100E04D0100F0B591B0CD
S2140058A00D9201220F9182563A4B04009B56022518
S2140058B00B930C23017865574B4337495B185B7A8B
S2140058C006335B015B189B788178181C5BB2AB4291
S2140058D000DA081C012143B20C93304B9200D358D7
S2140058E02F4A0A91934205D02E4A9B185A4253419A
S2140058F08B400A93A26861680C98FFF791FC0C2312
S2140059002278294F53432449FA680E9058589047F6
S214005910FB69012200259C4640F6A073A256089318
S214005920079506950595072A25D101230493043388
S214005930029340F2E8330B9A6646534328000093DE
S21400594046F2A8120A9B0E9903950195B0472E00C1
S2140059503000217B7B6D98477B6A3000217B98471F
S2140059600D9B0D9A18600023012053600F9B0C9A24
S2140059701A7011B0F0BD0823012602930B9B2A0073
S21400598003950093300065460A9B0E99049601968F
S214005990A847DDE7084E0100C0530020E84D01008F
S2140059A090D00300E05EF8FF0C460100F0B500263C
S2140059B091B00191029204000622002106A80393EA
S2140059C00DF028FD04ABDE800725237AB34206D906
S2140059D0606806A98019FFF757FB002842D108A87F
S2140059E00571A37A06AD43716B780A228371AB7892
S2140059F004A9C3712B7852180372E37A0921437203
S214005A00237B8372637BC3721023037304AB9F1DD7
S214005A1040F2007383822F4B0761836107238383E1
S214005A20236804AC089309192B00FFF748FB040011
S214005A30072809D102220021274808F09BF940F2E6
S214005A4080133A882349CA5220006B78019A137053
S214005A50AB78029A13702B78039A1370169B1E70FD
S214005A6011B0F0BD04AB04AA9B893618D380901DF4
S214005A70D27AF6B2062A14D00625002AA5D1002B23
S214005A80A3D001206D1919001141014205D029004B
S214005A905143104FC9190968D1B10132102AF2D109
S214005AA092E7002240F2010C15000C215143094FE9
S214005AB0C919096821B16146914065460B439BB2FE
S214005AC00132102AF1D1002D00D17DE703807BE75B
S214005AD006257AE7C05300204055002037B56B46B0
S214005AE00500D91D4068FFF757FC0630C4B20020F9
S214005AF0072200212856FFF720FA08B902239C4304
S214005B000120052200212856FFF717FA08B90423BA
S214005B109C4320003EBD01204042704713B5040060
S214005B206B460020D91D237808700F2B0CD86068B0
S214005B30FFF732FC0C23227802305343074AC0B2E8
S214005B409A5812B90223984316BD032804D1034A73
S214005B509B1862685A60F7E70220F5E7C0530020FA
S214005B607047000010B588B06A460B4B00930B4B8D
S214005B70019343781372037853724388538103ABBF
S214005B80021D12CA12C30269436968460692079349
S214005B90FFF76CFB08B010BDC053002080540020F7
S214005BA0F0B58BB00491059200211022040006A8DF
S214005BB01D000DF02FFC474E012200213000FFF79C
S214005BC0DAF938B940F280120723813EFF3EB15A17
S214005BD00B43B352A068E168FBF7D8FBA368E26802
S214005BE0060013430F0033B1226863688B425DD80A
S214005BF001D182425AD8002200232A606B60364DBB
S214005C0006232A00A17C607CFFF7E6F9637C060089
S214005C1002931023E3562C0000250F000393C03C8C
S214005C200095019540F280122C4B9B5A803A2B41EE
S214005C30FF3A13421BD02368CBB1029B1BB9073334
S214005C402B41134213D0217A03980A090907090F3A
S214005C50FFF773F958B1637A1F4A5B019B189A697C
S214005C60DB691A43D2B1019B0133DBB201930135E4
S214005C700C34102DD6D1009BF3B1009900200139C9
S214005C8008F056F806AB1B5C002600270020049A96
S214005C901370059B1E605F600BB0F0BD009B009903
S214005CA0013306AADBB255540093E0E7921BBB41D2
S214005CB016001F000B20ECE7019B002BFAD140F2E8
S214005CC08012072305480026815A00270B4383527B
S214005CD00C20DEE74055002080540020C0530020F2
S214005CE00023F0B585B002AAD37107790500062017
S214005CF0022F19D903380F2F16D82A680124137AD1
S214005D0019091B071B0F8B4203D806348C42A4418B
S214005D10644202ABD91D1068FFF73EFB01267040B7
S214005D20C3B21CB10533D8B205B0F0BD0420002BB9
S214005D30FAD10C2213007B430949BE405B181800B9
S214005D402968019308F001F802ABDB79019A04494F
S214005D50537240F280128B5A200033438B52E3E793
S214005D60C053002070B50478022C02D80025280005
S214005D7070BD102221000748FFF7E9F8050000284B
S214005D80F4D00C225443044B0021E0180DF042FBE3
S214005D90EDE7C04640550020C0530020F0B5060091
S214005DA0032487B06B461C7001346846E4B2FFF7E4
S214005DB0D9FF102CF6D1337A102B21D17368DC7BF7
S214005DC0F4B95023642703AD2B7203226243736831
S214005DD0995C9B1829605A7812020A432A609B78BD
S214005DE01B04134300227B436A602B602BB101A87F
S214005DF0E31C01950371FFF773FF0134052CE4D112
S214005E0007B0F0BD07B502680379116839B96A466C
S214005E1068461370FFF7A6FF80B103200EBD009200
S214005E206A4668461371FFF75BFF03000220042BE7
S214005E30F4D00138052BF1D0002BEED00020EDE792
S214005E40891A081C090600D50020C0B27047000059
S214005E50030010B50A4A86B001929A6801A842600B
S214005E6040F211320281002282725A681B880C00AE
S214005E700382C260FFF740FA0323237006B010BD0A
S214005E80084E01000A4B10B51B6A0400984768B11B
S214005E90084B094AE3180020934207D8074AB3FB89
S214005EA0F2F14A439B1A5A425341D8B210BDC0463B
S214005EB00C460100608FF7C840164000C027090056
S214005EC007B50022030000780092372805D80C2872
S214005ED005D801281ED0042838D000980EBD0D38ED
S214005EE02A28FAD80CF006FB2227F9F9F9F9F9F96D
S214005EF02AF9F9F93436383AF9F9F9F919F9F9F9C4
S214005F00F9F9F9F9F9F9F9F9F9F93C42164916F9E6
S214005F103C16160008230093DFE75B785BB21A0096
S214005F200BB1013BDAB252B20092D6E75B78144A64
S214005F305BB2D35CEFE7134B1B78ECE740F2E8313B
S214005F40114807F0F5FE40F2D073C0180090C4E781
S214005F500E4BE0E70E4BDEE74823DCE70D4BDAE7B7
S214005F601A790D4B53430D4A9B18D4E740F217435A
S214005F706A46138003239370AFE7074BCBE7C04610
S214005F80344E01001540002018FCFFFFC8580020C2
S214005F90E058002048550020C0270900A0700837A8
S214005FA0037810B50E2B09D1054903790A789A4271
S214005FB004D00B70034B06209B6F984710BDC0465D
S214005FC0154000200C4601000C218268C36810B5FD
S214005FD0047840786143044C0919497A1B31490119
S214005FE00919FEF7F2FF10BD48550020F0B58BB03A
S214005FF06A46012313810023937200220023049231
S21400600005930692079308920993040000790428E2
S21400601019D80CF079FA1A798A03940040F26032A3
S2140060200121534B00209952002108329A18106023
S214006030516040F270329A181060516040F2783227
S2140060409B18186059600BB0F0BD4A4D20222800FE
S21400605002A907F07AFE484B0022E81840F2A43363
S21400606001003026C252454D454B464F0360DB19B2
S214006070067242720C30AB42F7D144260025424BE2
S214006080424A4348434F1A60D2191E725D720C335F
S2140060908242F7D1012340F298325B428B500432A1
S2140060A08B5040F2A033FF223B4ECA5030003B4993
S2140060B0F93AFEF77EFF062231003948FEF779FFEF
S2140060C00123384AE380137040F6B833E36040F2A9
S2140060D0E833236140F2D073636141F28833A361F1
S2140060E041F27073E361631C2572DD772E4B6362A9
S2140060F00823238523002A331D702C4BE3620023DC
S21400610023632B4B63639EE7234806222349040040
S214006110FEF74FFF0023A189228801330A40DBB235
S214006120A2810234062BF6D18DE72168002900D122
S21400613089E740F2A8320E4807F007FE83E76B4671
S2140061400625991D1B4B08209C6F0D70A0476B46BB
S214006150591D144B28001B785A1E93410B70A047FC
S2140061606B46D91D012309200B70A0476BE7C0467C
S21400617048550020A8580020A0FCFFFF60518B3631
S2140061806001C835400D030048580020C0AFD23526
S214006190C0FF9536006A1800C8580020E058002056
S2140061A0D458002015400020A07008379A99004265
S2140061B0400020000C46010040F2A833036001486E
S2140061C07047C04648550020030010B508000E2949
S2140061D027D80CF099F908262626260C1115261F16
S2140061E01F26262623001868FFF74CFE10BD002049
S2140061F004221856002107E0002005221856F9E769
S21400620000200D2208211856FEF797FE431E9841DF
S214006210C0B2EBE700200E221856EBE7024B1878C8
S214006220F4E70020E2E7C04615400020F0B5037A08
S214006230102B1ED14268D37B012B1AD10020FF25DC
S21400624040F288360B4B0C495C1811781980577849
S2140062503F0239431980042801D12940A1539F8960
S214006260198801303940C0B29981023202330528BC
S214006270EBD1F0BDC858002080FCFFFF70B50422AB
S214006280050000210068FEF776FE0023012803D0F3
S2140062902E791EB1012E1BD0180070BD0F480622A5
S2140062A004002968FEF785FE40F2A0320C4BE31886
S2140062B0995C995202329E520623A1892288013B9C
S2140062C00A40DBB2A2810234002BF6D10123E3E7B9
S2140062D0062204482968FEF76CFEF7E7C858002037
S2140062E080FCFFFFE0580020F7B51C000D001600EC
S2140062F0031C0D2800DD0D23154859B28446154FA2
S2140063008A006370D3590120634504D012481B18D5
S214006310584243415800114BA070585CB958FEF7DC
S2140063201FFF22002300A17C0C3208330192009349
S21400633032000023072907D12900FEF747FFA0688F
S214006340FFF71AF8A060F7BD2900FEF717FFF6E77B
S21400635090D00300584E0100E05EF8FF984E010012
S214006360F0B501271D4E8DB073680B910400C7571A
S214006370456898470300002073BBA37C33B9072207
S2140063802378174D13405D43164BED18164B280027
S214006390DB5701250A93F3689847637CA178099335
S2140063A00023089507930693059304930393A26826
S2140063B0280092B202920822009301922B000A9AB9
S2140063C0B469A047094B2800D95D736D0D31C9B279
S2140063D0984728000B9B1F700DB0F0BD0C460100BF
S2140063E0C0270900A0700837984E0100344E0100FF
S2140063F00123F0B5022491B00C920E91C356374A91
S2140064000700D2560D920457042B4CD1231C022CA5
S21400641000DA02235BB20B9301230121FB56304ABC
S2140064209B009B582F4A0E00934205D02E4A9B187D
S2140064305A4253418B401E0000222C490B98FEF70F
S214006440EFFE0C233A782A4953432A4A0F90D26823
S2140064505858904740F6A0730893082302930D9B64
S21400646000250093234B0124DB692A009C460F99E4
S2140064703300200066460795069505950494039517
S2140064800194B0471B4E2000397B736D9847736AA2
S2140064902000397B98470C9B0B9A21C320000E9B4B
S2140064A01A7011B0F0BD0C23022502780021534368
S2140064B00F4A11489B185B7A1B335B019B1804221A
S2140064C05D57FEF758FD231C312803D9AC42A1DAEC
S2140064D02B1C9FE7052C9DDA05239BE7984E0100B1
S2140064E0584E010090D00300E05EF8FF0000F04137
S2140064F0485500200C460100C8580020F0B595B05D
S2140065000391049200210622040007A805930CF0CC
S21400651081FF0C22002109A80CF07CFF06226049AE
S21400652009A8FEF746FD0027237A07ADBB4205D92A
S21400653060682900C019FEF7A7FD60B90123EB5675
S214006540032B5CDC0422002109A8FEF714FD0128B9
S21400655055D8062354E0E9783F18AA88FFB209AB5D
S214006560062907D1073909910A910131FF310A40FE
S2140065701A81D9E7072903D1002109910A91F5E785
S214006580052939D140F2FF0C6146002511400291E1
S214006590009501210122A9402A400192009A560046
S2140065A09A5B1000029A114216D0019A89B24AB933
S2140065B06246104398531A890A4301351A81082DFA
S2140065C0E7D1B1E7374A104398531A890A4300982F
S2140065D00130C1B20091F0E7C943019A89B22AB9E5
S2140065E06246904398531A890A40E6E7624610408E
S2140065F098531A890A40EAE749005A5294E7072353
S2140066000CA80371A37A284D437107AB5A7806A9E4
S21400661082719A7809AEC2711A7805310272E27AEE
S2140066204272227B8272627B0661C27248220273C9
S21400663040F2004282820E228283226885610C929A
S21400664006AA0632FEF73BFD0400072818D10622EC
S21400665031001348FEF7ADFC40F28C3240F2803336
S214006660A958EB580B40AB5040F284330432A9587B
S214006670EB580B40AB5040F28833EA580C33EA50E4
S214006680200007AB5A7803990A709A7804991B7809
S2140066900A70059A13701A9B1F7015B0F0BDC0469D
S2140066A0C858002000FFFFFF4855002070B50500C1
S2140066B04068FFF7E7FB0630C4B200200D22082131
S2140066C02856FEF73AFC08B902239C43002007220E
S2140066D005212856FEF731FC012803D00023EB568F
S2140066E00D2B01DD02239C430120032200212856A6
S2140066F0FEF723FC08B904239C43200070BDFF204E
S2140067007047012040427047FF20704740F2A53096
S21400671010B5084C235C5A1ED2B209B90133DAB25E
S21400672039232254534300201C22DBB29A424041B4
S214006730800010BD4855002010B588B06A460B4B47
S21400674000930B4B0193437813720378537243887C
S214006750538103AB021D12CA12C30269436968461D
S21400676006920793FEF782FD08B010BD485500203C
S214006770A8580020F0B51C0000239FB0099106928F
S2140067801900482205000CA801930CF043FE7A4E2F
S214006790042230000199FEF7EEFB50B904223000C7
S2140067A07649FEF706FC764B019AF61840F2A433BB
S2140067B0F2541023EB56032B08DD40F29432714B53
S2140067C0995C19B940F28831595A9952A868E96813
S2140067D0FAF7DCFD02000B00E868A968014331B156
S2140067E028686968994254D801D1904251D800224D
S2140067F00023226063600123634AA97C687CFEF75D
S214006800EBFB1023002402900391EB5605940793AC
S2140068100494602600276643E300DBB20893594BD6
S214006820F618554B01221B5B3B41134215D03368CB
S2140068309BB1317A07980A090907090FFEF77DFB15
S21400684058B1737A504A5B019B189A69DB691A4300
S214006850AAB1059B0133DBB2059301370C36102F26
S214006860DFD102340A2CD4D1049BEBB9059BA3B923
S2140068700022002306990C200A604B6066E0049B09
S21400688004985A1C089B0CA9DB190B54D3B204932A
S214006890E3E7801A994102900391029B039C069AB3
S2140068A00B201360546051E06B7C43B104990020C8
S2140068B0013907F03DFA0CAB1B5C019349E010214F
S2140068C06956304E51B140F29432B05C012201005C
S2140068D0194111424CD04033DBB2EEE708220AA839
S2140068E00CF098FD40F2A4330127F45C6308C5332E
S2140068F0244AFF335B009B189B881A0A3C4201D14E
S214006900FF221A4000231D0011001941394203D00E
S2140069100AA94B550135EDB20133082BF4D14DB120
S2140069200020691E07F004FA0AAA125CE3009B180E
S214006930DBB201930134E4B2072C00D9002440F204
S214006940A4332DB9F35CA342D0D103201FB0F0BD11
S214006950F454099B019A01991A7007484822FEF7D9
S214006960F6FA00220023069900200A604B60EDE745
S2140069700133DBB2ABE7C046D4580020C85800202D
S21400698074FCFFFF48550020A858002003207047DD
S21400699000207047032A00DD0022054B8900C91835
S2140069A08B5C181C5BB2002B00DA0020C0B270476C
S2140069B0444E0100030010B50A4A86B001929A6858
S2140069C001A8426040F617020281022282725A68CB
S2140069D01B880C000382C260FEF78EFC082323701F
S2140069E006B010BD984E010040F2A433054AD358B5
S2140069F0E0331B78022B00D0062340F2A03153541C
S214006A007047C046105B00200423024A11780B43EF
S214006A1013707047105900200123024A11780B4367
S214006A20137070471059002040F2A033044AD35C1C
S214006A3023B10223034A11780B4313707047C046F4
S214006A40105B00201059002040F24823034A10B57E
S214006A50D35813B1DB6803B1984710BD105B002014
S214006A60042310B5034A11780B431370FFF7ECFFAD
S214006A7010BDC04614590020022310B5034A1178F1
S214006A800B431370FFF7E0FF10BDC04614590020FB
S214006A90082310B5034A11780B431370FFF7D4FF91
S214006AA010BDC04614590020F8B5150007000E00AA
S214006AB01C00FAF767FC084B186059609F609E81BF
S214006AC0DD811C74112305490A789A4313430B7021
S214006AD0FFF7BAFFF8BDC046F05800201459002052
S214006AE01FB540F2A433084A02A9D3581A00FF3251
S214006AF0527F48708A700D220A701878FDF70CFADB
S214006B00C0B205B000BDC046105B002010B50E4CEC
S214006B102000FAF731FB0D4B227EE3181AB140F243
S214006B200B320121995440F2A4329A58E03212787E
S214006B30022A05D140F2A131585C1E3202435A5453
S214006B40FFF782FF10BDC046045E00200CFDFFFF6D
S214006B5040F24022802310B5094CA1580B43A350A5
S214006B6040F20C33E35C0BB1FFF7D0FF40F2A131EB
S214006B702223625C9A4313436354FFF735FF10BD2C
S214006B80105B0020F0B585B00700019103F02EFEE3
S214006B90050020B1022003F053FE03F0DFFB40F2B5
S214006BA0A433414CE358E0331B78012B13D103F098
S214006BB02BFE060028B1002003F00CFE350003F083
S214006BC019FB03F02BFE060028B1002003F008FE98
S214006BD0350003F01BFB354E03A806F095F9327816
S214006BE0531CDBB233700AB906F0B2F903A806F0FC
S214006BF090F9E5BB40F2A03240F20C33A25CE35CB5
S214006C00C2B913B140F24133E754380005F06EF9CB
S214006C102748FAF715FB50BB40F2A1322023A15CAF
S214006C200B43A354234C231DDB6F9847236B9847D5
S214006C30E36E1AE01BB140F24133019AE254019828
S214006C4005F054F940F2A433E358E0331B78022BE6
S214006C5014D040F2A1322023A15C0B43A35440F28F
S214006C60A033E35C134CD3B9E36A984706E040F2DE
S214006C70A433E358E0331B78022BF0D1FFF7B4FEC1
S214006C8003A806F041F93378013BDBB233700BB949
S214006C9006F06EF903A806F03CF905B0F0BD04F066
S214006CA065FF0028C2D0DFE7105B002030620020BE
S214006CB0A85D00200C46010013B5FAF763FB6C468E
S214006CC002000B00094920000CC1FAF7E9F940F26E
S214006CD03822074B9B1806CC06C32023054A11789A
S214006CE00B431370FFF7B0FE13BDC04608590020D3
S214006CF0105B00201459002040F2A132104B9A5C21
S214006D00920704D540F229329A5C012A0AD940F249
S214006D10A4329A581100E231097819B1E4321168A8
S214006D2001311160002240F2083102205A54043129
S214006D305A5401395A54CB395A5882435A507047DC
S214006D40105B0020094B1A78012318001A420BD159
S214006D5040F24021064A515831B940F2A233D05C85
S214006D600138431E9841C0B27047C04614590020EF
S214006D70105B0020F0B5002540F20C374F4C87B072
S214006D802580E555049505951D006E1EB5410091BC
S214006D900CA909886D42294040F23815C9B26155E0
S214006DA00578A57006787609022E04D00225042EF2
S214006DB030D1013DE55526000425FF3675712500C6
S214006DC03F4FFC35EF60FF277773007840F2A4371B
S214006DD0B07340F228102254E25904A8D26C6A61BB
S214006DE0009A12782B63727540F23012A15405F0A7
S214006DF0F3F9132570B92200049BFE32138340F288
S214006E004432A0520C3205A8A35004F091FF0500AE
S214006E1018B11425280007B0F0BD059B002BF9D04B
S214006E20E920E3591856FFF75BFE40F2381303904B
S214006E30E35C019313B3059B0293029AE3590F2A6E
S214006E401CD8E9201856FFF74BFE029A019B944681
S214006E5063449BB2984211D30F201A4A05A904F046
S214006E6073FF0028D5D10F21009B059A1B780A4096
S214006E708B431343009A13707375CBE740F2A43626
S214006E80A25903983032FF3205A904F05DFF0028AE
S214006E90BFD140F228132200E054A359FC3230330D
S214006EA0FF33136340F23013059AE2540833E25C72
S214006EB0002AAFD00A25E054ACE7C046105B00209D
S214006EC0125B0020285C0020F0B587B000236A46DD
S214006ED040F2A4373D4CD371E35902A91A0008705A
S214006EE0E932127805004A701A00E8321278384EF5
S214006EF08A701A00FC32506A926A48608A60228859
S214006F0018788A816A4633000732FDF7C5F840F2E2
S214006F1041330122E254E35940F24831E9331A780A
S214006F2040F24233E2546B46DA7940F2433361185A
S214006F30E2541133E550326873680A604B6040F2E1
S214006F40603161180A604B6003F0C0FD40BB40F240
S214006F50A433E358E0331B78012B01D104F038F852
S214006F6004F0B2F840F20C33E35C23B940F2083286
S214006F70A35C0133A35440F2B03300200021E31891
S214006F8018605960134B217813489B6A9847050090
S214006F9088B940F240220223A1580B43A35007E0D1
S214006FA03068716803F0D4FF084310250028CED05F
S214006FB0280007B0F0BD672806D01925662800D13E
S214006FC00E3D03F091FEF3E70D25FAE7105B002077
S214006FD0205E00200C460100125B00200300080023
S214006FE01100074A10B5D46B1A00A04740F24022A1
S214006FF002230449885803438B50002010BDC04626
S2140070000C460100105B002013B5144B144C1548B9
S214007010236040F2C013636005F0D8F800230193A4
S21400702040F2A433104A01A9D35820611878FCF71F
S214007030BCFF019BA0600D48E360FCF777FEA061F3
S2140070400B4804F0DBFD20620A4803F0E1FAA06278
S214007050094804F0DBFE2063200016BD50590020CE
S214007060185900202C590020105B002034590020AD
S2140070703C590020445900204C590020F0B504002B
S21400708003258FB0A0B340F24023274E023DF358AD
S214007090AB422DD1016821B14268244892B206F075
S2140070A054FE02256B4640F2A4371D71A36869465C
S2140070B00093F3591878FCF767FF40F20D33F25C43
S2140070C0313BF254F3591A00FC32916940F2E02247
S2140070D0FF33B1509A7F40F2EC23F2540122013381
S2140070E0F2549B18F554A069FCF712FE18B112254D
S2140070F028000FB0F0BD206905F05CF80028F6D136
S214007100206A04F06DFD050050B9A06A03F074FA19
S21400711040B1206B04F06EFE0028E9D11525E7E7A4
S2140071201425E5E71125E3E7105B00205059002001
S214007130030010B5032063B159B1187B0F22040079
S2140071401440104206D05A1CD27F1AB100230020E9
S2140071500B7010BD1A00283212780AB90123F6E720
S2140071601720002CF5D10133DB7F0BB90233EEE795
S2140071700323ECE7002270B58AB005000C00032359
S2140071800492002940D040F2A43305A80270224A97
S2140071900926D3586E441900E23109784170190067
S2140071A0E4310968416040F2F021525807921A0013
S2140071B0E832128852BA82811A00FF32517A8173FD
S2140071C0527F3100C2731B780A22037403AB00930C
S2140071D00B236A446B4402F086FF00203056FFF70C
S2140071E07FFC607004A804F0A3FD142360B9049A21
S2140071F00F2A0CD863789A4209D8AD18991AAB4270
S2140072009B415B422170DB0018000AB070BD002372
S21400721023700833F8E7C046105B00201FB5040053
S2140072200323002861D00078532800D990E10BF0A2
S2140072307FF954005F0066006A006D0073007A00F4
S2140072408F018F018F018F018F018F018F018F01B9
S2140072508F018F018F018F018F018F018F018F01A9
S2140072608F018F018F018F018F018F0180008600B3
S21400727091009900A200A900B300B000B600BD00BE
S214007280C400CA00D000D7002201DE00E400F000EF
S214007290EA00F600FC0002010D010A018F018F01D1
S2140072A08F018F018F018F018F018F018F018F0159
S2140072B08F018F018F018F0113011F012201310100
S2140072C08F013901710181013F01430146014D01E2
S2140072D054015D0164016B016E0140F2A4339F4AC4
S2140072E0D358E0331B7823710023180004B010BD78
S2140072F040F2A433994AD258F13BFF3BD0E0FCF76A
S214007300E7FD6060F0E7FCF7F9FDFAE740F2A4332A
S214007310924AD358E233E5E740F2A4338F4AD35873
S2140073209B6C6360E0E740F2A4338C4AD358DB6C76
S214007330F7E740F2A433894AD358E133D2E71C2357
S21400734002A90B7040F2A433844AD3581878FCF78D
S214007350E3FDD6E740F2A433804A0434D3580D3315
S214007360FF3305E040F2A4337C4A0434D358283374
S21400737006CB06C4B8E740F2A433784A0434D358A0
S2140073801533EDE740F2A433744A0434D35830334F
S214007390EEE71A2302A9D4E7192302A9D1E740F29F
S2140073A0A4336E4AD358FF335B7A9CE740F2A4338B
S2140073B06A4AD358F4331B68B3E740F2A433674AEB
S2140073C0D358F833F7E740F2A433644AD358FC3373
S2140073D0F1E740F2A433614AD358FC335B68A0E778
S2140073E040F2A4335D4AD358FC339B6899E740F2D9
S2140073F0A4335A4AD3585B7975E740F2A433574A08
S214007400D358E9336EE740F2A433544AD3581B7975
S21400741069E740F2A433514AD358E83362E740F2B2
S214007420A4334E4AD358EC33C5E740F2A4334B4A54
S214007430D358F03356E740F2A433484AD358FC33C7
S2140074409B6A636050E7FFF7DFFD5AE740F2A4331C
S214007450424AD3581B6CF4E70E2302A90B7040F285
S214007460A4333E4AD3581878FCF756FD20713BE704
S214007470042302A9F2E702236A46137240F2A433F9
S214007480364A6946D3581A00FF32527F8A721878F5
S21400749002A9E9E740F2A433304AD25840F2281352
S2140074A0D35C20E740F2A4332C4AD258E83B24E7CA
S2140074B005F0A4F8A08017E705F0ACF821E740F245
S2140074C0A433264AD25840F22C13E9E740F2A433FC
S2140074D0224AD358FF339B7A05E740F2A4331F4A6B
S2140074E0D358FC33586A0BF0B5F8BFE740F2A43324
S2140074F01A4AD358FF339B7FF5E640F2A433174A67
S214007500D358FF335B7FEEE605F090F8F9E605F01A
S21400751099F8F6E640F2A433104AD358187818B112
S2140075201723062800D0E0E6382302A90B70FCF7E4
S214007530F3FCBFE740F2A433084AD358187818B1D2
S2140075401723062800D0D0E6392302A90B70FEE6E2
S214007550200003F0E7FB0300C7E6C046105B0020F0
S21400756030B587B0029240F240220393094B0400E4
S2140075709A58012001AD0191920708D440F2A43236
S21400758004A99B580C7118780495FCF743FE07B0C5
S21400759030BDC046105B002040F2402337B50A4A93
S2140075A00221D55801232C000C400D420AD140F28E
S2140075B0A43301A9D35808701878FCF73FFE0323BC
S2140075C000B1230018003EBD105B002040F2A4333B
S2140075D0024AD358E03318787047C046105B002044
S2140075E073B5184C060001A80D0005F08DFC227836
S2140075F0531CDBB223700AB905F0AAFC01A805F0FB
S21400760088FC1D2E17D0462E07D140F2A4330E4A12
S214007610D25840F22813D35C2B7001A805F074FCF6
S2140076202378013BDBB223700BB905F0A1FC01A85F
S21400763005F06FFC73BD40F2A433034AD358E13320
S2140076401B78E9E730620020105B002010B572B6A8
S214007650BFF34F8FBFF36F8F40F2A4330C4A012461
S214007660D358E0331B78022B0BD00A4B1B7843B958
S214007670094B1B682BB904F0FBF9040008B905F0A8
S2140076804DFD62B6BFF34F8FBFF36F8F200010BD66
S214007690105B0020684F00201059002040F248235D
S2140076A0034A10B5D35813B11B6903B1984710BDF0
S2140076B0105B0020F8B540F2A4370C00104EF9F726
S2140076C05BFD331DDB6F9847336B98470D4B0E4AB7
S2140076D02100D518EB591878FCF7C9FC70B1EB59A6
S2140076E0726BF4331868904740F2A033A27CEA54D9
S2140076F020B1FFF7B5F96420FFF7D0FFF8BDC0460C
S2140077000C460100E4FCFFFF2C5E0020F0B5244D83
S21400771085B06B6898470138C0B201283DD940F261
S214007720A436204CA35919001A001F001878FF3100
S2140077301D4B497EF0321278EC37009349B2039322
S2140077403B68FCF780FC40F2EE270223A259E35583
S214007750B333FF33D25C3C33FF33E2540122023BA7
S214007760E2542B1DDB6F98472B6B9847A359E133E8
S2140077701878AB6D9847A3590C4A18780399FCF70C
S21400778076FC50B16B6B0020984740F2A033E25D68
S214007790E25410B16420FFF781FF05B0F0BDC0468B
S2140077A00C460100105B0020EC5D00202C5E0020E3
S2140077B0F8B540F2A436484C0500A3591A00E0324A
S2140077C01078012869D0022800D172E0002800D085
S2140077D07FE035B90D333432FF3303CB03C20020CC
S2140077E008E0012D07D1280003F0EAFC10B9A359E0
S2140077F0E0331D70F8BD0320022DFBD103F018FC0A
S2140078000A2004F08DFB28B140F2A1322023A15CAF
S2140078100B43A35440F2A433E15802200B00E0339C
S214007820187040F2C82240F2DC23A218E318E0CA1F
S214007830E0C360CA60C340F2EE23E0540B000022AF
S2140078405033587820B31878022821D12423080012
S2140078505343CB181A6EFC30826164331B78FF31B9
S2140078604B7640F20D33E05C313BE0540433E2509B
S2140078708A7F0C33E25403220233E254013B023A7D
S214007880E25440F20C330022E254FFF73FFFA6E733
S21400789001322433042AD4D1F3E7012D03D1A359AE
S2140078A0E0331D709BE7280003F08AFC0028F6D022
S2140078B0A0E745B9094C1570236B9847E36E9847C7
S2140078C0FFF792F88BE7012D00D193E7022D00D148
S2140078D085E703208EE7C046105B00200C460100BB
S2140078E0F0B540F240260120124D8FB0AB598342CE
S2140078F016D104236A4640F2A43700241371EB59CC
S214007900694618780094FCF73FFBEB59AC51E0331E
S214007910187838B903F0DAF808B103F0E5F9002072
S2140079200FB0F0BD0128F8D00228F8D11C70FFF780
S2140079303FFFF4E7105B002070B5040090B018B964
S2140079400323180010B070BD40F24023A44DEA583F
S21400795001239207F5D40078532800D9C4E20AF030
S214007960E7FD5400590064006C00700077007D004D
S21400797083008E008E00C302C302C302C3029300BC
S21400798098009D00A200A700AC00B100B600BB00A6
S214007990C000C500CA00CF00D400D900DE00C30274
S2140079A0E300FD0013014301680159016D017801F0
S2140079B07F01840189019001C3029701AA01D301C6
S2140079C0C001E601F601FF0106020C021302C30223
S2140079D0C302C302C302C302C302C302C302C3027A
S2140079E0C302C302C302C3022202C302C302450289
S2140079F0C3025202A202B4025A025E02620273027A
S214007A007D02860290029A029E022079FFF7D0FE3F
S214007A10030096E72379022B00D191E740F2A432C7
S214007A20A958F13AFF3A8B5405E06068FCF73EFA35
S214007A30002800D084E7002383E76068FCF74CFA50
S214007A40F6E740F2A433EB58E23322791A70F2E7F5
S214007A5040F2A4336268EB589A64ECE740F2A43331
S214007A606268EB58DA64E6E76168002900D167E7E8
S214007A70012004F0ADFD12230028DCD061E7616828
S214007A8002200029F5D15BE7616807200029F0D1C4
S214007A9056E7616808200029EBD151E761687F202E
S214007AA00029E6D14CE7616880200029E1D147E74C
S214007AB0616881200029DCD142E7616882200029C4
S214007AC0D7D13DE7616883200029D2D138E76168C5
S214007AD084200029CDD133E7616885200029C8D1EC
S214007AE02EE7616886200029C3D129E761688720D0
S214007AF00029BED124E7616888200029B9D11FE794
S214007B00616889200029B4D11AE761688A200029B3
S214007B10AFD115E761688B200029AAD110E740F2A3
S214007B20A433EB58E13390E76A4640F2A436237A52
S214007B3069461372AB591A00FF32927F18784A7260
S214007B40072202A9FCF745FA002800D1F8E6AB594F
S214007B500D33FF33043406CC06C36CE76A4640F2A6
S214007B60A436237A69461372AB591A00FF32927F05
S214007B7018784A72072202A9FCF72BFA002800D1CF
S214007B80DEE6AB592833E5E76A4640F2A436237AA8
S214007B9069461372AB591A00FF32927F18784A7200
S214007BA0072202A9FCF715FA002800D1C8E6AA5950
S214007BB0043413001533FF3303CC03C33C3B1B785C
S214007BC0022B00D037E7B333FF33D35C002B00D152
S214007BD031E7044B1B6B9847FFF798FD2BE7C04631
S214007BE0105B00200C4601006A4640F2A436237A59
S214007BF069461372AB591A00FF32927F18784A72A0
S214007C00072202A9FCF7E5F9002800D198E6AB594F
S214007C1030339FE7636802A9029301230B7140F299
S214007C20A433EB581878FCF7FAF9002800D002E7DE
S214007C3086E6636802A902930023EFE72279531EC3
S214007C400E2B00D97CE640F2A433EB58FF335A7271
S214007C50F1E640F2A433EB58F43362681A60EAE6C1
S214007C6040F2A433EB58F833F7E740F2A433EB586E
S214007C70FC33F2E740F2A433EB586268FC335A60F8
S214007C80D9E640F2A433EB586268FC339A60D2E639
S214007C9023796A4640F2A43413722B5906221878C8
S214007CA002A9FCF796F9002800D149E66A462B5946
S214007CB0127A5A71BFE6237940F2A43402AE3370CA
S214007CC02B5931001A00FF32527F1878B270052205
S214007CD0FCF77FF9002800D132E62B593278E933D9
S214007CE0B4E623796A4640F2A43413722B590A226A
S214007CF0187802A9FCF76DF9002800D120E66A463C
S214007D002B59127A1A7196E623796A4640F2A43401
S214007D1013722B590922187802A9FCF75AF9002881
S214007D2000D10DE66A462B59127AE8338EE640F209
S214007D30F41362689A4200D902E6B133FF33EB5877
S214007D40EC331A6002F0DAFC02F010FD73E640F243
S214007D50A433EB5822791900F0310A701A73F1E750
S214007D6040F2A433EB586268FC339A6263E640F252
S214007D70A4336268EB581A645DE66068002800D198
S214007D80DEE5FFF77BF943E6A379012B00D9D7E5BB
S214007D9040F2A4336168EA58F53BFF3B6068D15077
S214007DA004F000FA67E66A460E2340F2A436137023
S214007DB0237969461371AB591878FCF7C3F8AB59A9
S214007DC000201A000021A132FF3210605160032209
S214007DD002A90A71002218780292FCF7D5F82379D6
S214007DE0A9595A1E934140F22D121CE640F2A433C4
S214007DF0EB582279180040F22811443002B10122D3
S214007E0002705A5417E640F2A4332179EA58E83B48
S214007E10FF3BD1540FE6A08804F0F6FB0BE6606843
S214007E2004F0FEFB07E622790F2A00D988E540F227
S214007E30A433E95840F22C13CA542C3BFF3B934022
S214007E4040F290128B52F6E52279072A00D977E5A0
S214007E5040F2A433EB58FF339A72ECE540F2A433B9
S214007E602079ED580BF0ACF8FC356862E3E5227932
S214007E70012A00D964E540F2A433EB58FF339A7721
S214007E80D9E52279012A00D95AE540F2A433EB5805
S214007E90FF335A77CFE5606804F0CEFBCBE5606829
S214007EA004F0D6FBC7E540F2A433EB58187818B1B7
S214007EB01723062800D044E538236A461370A388A3
S214007EC093806946FCF73EF8B5E540F2A433EB58DC
S214007ED0187818B11723062800D032E539236A46E9
S214007EE0137063680193ECE7200002F031FF8FE522
S214007EF040F2B83202498B5803438B507047C04655
S214007F00105B0020F0B591B0039002F06FFC0E27D6
S214007F10002800D016E140F2A437C34CE359E03302
S214007F201B78012B00D109E140F22E12E3590AAD6D
S214007F30995C86329A5C04AE501E82412A7040F2EA
S214007F402D129B5C08A8AB70E970F9F77DF8E35931
S214007F5030001A00AD32FF3212680899009240F2E3
S214007F60A8129B58099AF9F717F80BAB06CE06C36A
S214007F7040F210330020E3181A685B682A616B61D0
S214007F8040F2A1336870E35C5B0704D503F0C8FFDA
S214007F9008B101236B7040F2A437E3592900187822
S214007FA0FCF710F940F29011E6590023725A0120AE
S214007FB04042C1178018594140F21033E3181A683E
S214007FC05B680AF019FB3300A133FF331860596071
S214007FD00A900B91B73B1B782B7440F22D13F35C81
S214007FE0AB7440F2B413F35C5A1E93416B743300C7
S214007FF09933FF331A685B68AA60EB608B4DE036F6
S2140080002B6B02933378022B00D1A4E02B1DDB6F81
S2140080109847029B9847E359E1331878AB6D984729
S21400802040F2A433E358824F1878A133FF3300930D
S214008030804A3B000AA9FCF7D6F80600002800D0C4
S2140080408CE040F2A433E2580A2311001778E93294
S2140080501278FF31CB5652B2897F3800FCF702F90E
S21400806040F2A433E35801001800F0331A78724B3C
S214008070EC300093036849B23800FBF7E4FF05F0E4
S2140080809FFA1221012800D00A3940F2C02240F29D
S214008090A437A35840F2EC0C5B1AA350E3591A001D
S2140080A0190018789C44654BF032FF311278497CF1
S2140080B00093634649B21B68FBF7C5FF05F080FADC
S2140080C01221012800D00A3940F2D423E258521A6D
S2140080D040F2B411E250E359595C002964D040F2F2
S2140080E00832A25C8AB93132FF32A75C2200E9204E
S2140080F0FF32527D1207120F02921856FEF7F0FC5E
S214008100029BFF18B84200D27CE0032740F2A4335B
S214008110E35840F2C0211A00F83212686158FC3366
S214008120521840F2AC21625040F2D4221B68A2588A
S2140081309B1840F2B022A3503EBB43E002F064FB23
S21400814018B10F27380011B0F0BD02F067FB002809
S21400815000D1E9E6F5E7029B984761E70B2810D1C6
S214008160039B73B140F240222023A158344E0B43A8
S21400817030003968A350F9F7FDF83000F9F76EF8CB
S21400818000262020FFF7B4FE370040F24023E358D5
S2140081909B07D7D440F2A433E358E0331B78022B76
S2140081A0D0D0EB6E9847CDE740F2C020FC3359683C
S2140081B020589B6809189B1840F2AC2040F2B02269
S2140081C02150A35040F2A43340F2B212E3589A5C16
S2140081D042B940F20832A25CFAB940F20A32A25C16
S2140081E0012A1AD8E9269E5740F20D33E35C270091
S2140081F002930023FF3707937B7933B1042B23D0F8
S2140082000327C2E70826370080E70E4804F028F860
S21400821008B11227B9E77B7B238040F20D33E05C80
S214008220FEF752FE0700B0E7105B00200C46010088
S214008230B85E00201D5E0020C45D0020D85D0020D2
S214008240805D0020185C002007A803F0C5FF1327F8
S21400825000289AD140F20833E35C23B940F20A338F
S214008260E35C012B02D9079B013B0793054F029A5B
S2140082703B000798F1B204F077F80028C9D13B79A3
S214008280CAE7C046185C002040F24022202110B504
S2140082901B4CA3588B43A35040F2B033E31803CBD8
S2140082A003000B4373B1F9F771F819B941F640733F
S2140082B0984207D940F2A4330021E25840F28F13C7
S2140082C0D15410BD0120FFF71DFE03000028F8D092
S2140082D00120082B00D1093040F2A433E358E933DB
S2140082E01A7840F24233E254383BE25C3B33E254C5
S2140082F0043BE05403F0FAFDFEF7FEFCE1E7C0465F
S214008300105B002010B50020FFF752FA0F4B002438
S2140083101A00FF3254711A000D49FC32D160FF2258
S214008320FE33DA81FBF7EAFD0A4B0100082218004B
S21400833005F00BFDFBF7CCFD074B010008221800EB
S21400834005F003FD2000FFF7DDFD10BD105B0020EB
S214008350125B00201E5C0020265C002040F2A43346
S214008360F0B50025634E644AF458F13BFF3BE554F4
S2140083702300E4331D6040F20833F250DD3BFF3B40
S214008380E25C91B012B1E55440F2002540F2901341
S2140083900122E252230004220021E833A256595655
S2140083A0914203D01A7040F200131D4323000522A9
S2140083B00021E933A2565956914202D01A70402342
S2140083C01D43A31DDA7FF933997A914203D09A723E
S2140083D040F2004215432700FC37A26A396901972C
S2140083E0914203D03A6140F60002154322002C3237
S2140083F01278597C914203D05A7441F20002154318
S214008400220021001532FF32303181C981C2E43AA0
S2140084101278597F914203D05A7780225202154330
S214008420220039321278997F914203D09A7748F227
S21400843000031D43E36B1F1C191C019B586A0AF0BE
S2140084408DF820B944F20003019A1D435762236C4D
S214008450019A9362230044331A7840F22813E254B8
S2140084601933FF33F358012B02D02800FFF740FDE5
S214008470002740F20C330125F7547E3BFF3BE754C0
S2140084802D33E75402AB1D71207819000297FBF7D5
S2140084907BFD40F20D33F7549733F25840F22E131B
S2140084A01100D7549B33FF33F754FC31086940F270
S2140084B0CC2170501100FF31887F40F2D8217054D3
S2140084C049197754491975542739FF39515C40F2D8
S2140084D0DB22B154074952195B18B21813CB13C2EA
S2140084E003CB03C240F2ED230222F5545B19F2548B
S2140084F011B0F0BD105B002000010100F0B5A1B086
S214008500070003250091002800D105E1002900D1CD
S21400851002E10368002B00D1FEE04368002B00D187
S214008520FAE08368002B00D1F6E0C368002B00D188
S214008530F2E013000A3B01936B461B790026AB4220
S21400854000D916003000FBF7DDFC0925002800D115
S214008550E2E0954D954C0021380003F035FC2800EC
S21400856040F2C012002105F005FC40F2C0320021A6
S214008570200005F0FFFB40F2A43340F20A32E5503B
S2140085800123A354013AA3542A000023E0321370B7
S21400859040F2B01286492E70A95012AD2B7112937C
S2140085A056B9019B032B00D9BFE0180009F0ACFFB9
S2140085B002B7B9BB01236B7129003000FBF7E4FC5E
S2140085C040F2A43340F22D123920E358A97904AEC4
S2140085D09954EA7980191A712A7A5A712969EA68CF
S2140085E059618C4669691A6199610191A969D961D5
S2140085F00291E96919620391C07F991DC877180036
S214008600696A2C30996219631CA909780170017295
S21400861061201900801900783831087062208019AE
S214008620007801264870E96A1F98D963296B1D00F7
S214008630196440F2F0216050591DCE770A200621B9
S2140086404435986019732E70A83528601800F030ED
S21400865001701900F4310A601A006146F8321160A0
S2140086600199167451600299002091600399D160B7
S21400867040F2BD129E541A00E132167040F24422B7
S2140086800099A7500432A15000215A32FF32A1545B
S214008690623AFF3AA6501A0000219932A133FF32FF
S2140086A0FF331060516018605960FFF757FE41486D
S2140086B04149F8F731FD41484149F8F72DFD414859
S2140086C04149F8F729FD41494148F8F725FD40F2B0
S2140086D0A433E55804AFA9353800FF35F8F7B4FCE5
S2140086E00CCF0CC540F24C233A4A3B4FE2503B4A73
S2140086F00833E2503A4A0833E2503A4A0C3BE2501A
S214008700394A0833E25039483B689847182518B963
S214008710FBF78AFA58B11225280021B0F0BD0223D3
S21400872049E7032347E7042345E76E7144E703F070
S21400873019FD0028EFD103F03FFA14250028EBD1ED
S21400874040F2A433E058503003F076FD05000028D0
S214008750E1D17B69984705F0E5FAFB6E9847009AE9
S21400876007A9536809A80793D3680893204B099371
S214008770204B0A93204B0B93204B0C9340F2A433D0
S214008780E3581A004C320D929C320E930F92B5337A
S214008790983AFF3310922A00119302F023FA40F21F
S2140087A0A233E654B8E7C04650590020105B0020BC
S2140087B000040001805D0020096A0000945D00202E
S2140087C0196A0000A85D0020296A00000D6B0000F1
S2140087D0045E0020B96C00000C460100A96A000087
S2140087E0616A0000916A0000796A00005C5D002002
S2140087F0905E0020285E0020685E0020B15E0020AB
S2140088000023F0B585B002AA06000324138000B347
S2140088100022002302614361FEF794FAC0B903F018
S214008820C9FBA8B940F2A433714D3078EA58F13B41
S214008830FF3BD35C23B9020004339A43043442B9A5
S214008840002303AF3900039303F0BEFB039B1BB169
S2140088500124200005B0F0BD03F0A6FB010018B906
S2140088602822644805F086FA012240F2593340F285
S214008870A131EA540423685C7A7003436B540023E6
S2140088803078FB7038700C2808D809F03DFE2007B9
S214008890074D560707075E07916A8300022440F2D9
S2140088A0A833EB181A685B6832617361002C00D13C
S2140088B099E003F079FB0028CBD140F20C3340F26C
S2140088C0A1320421E854AB5C8B43AB54C1E740F2C1
S2140088D0A433EB580224E0331B78012BB9D0FFF702
S2140088E03DFD02F0A5FB40F2A4330421EC58002223
S2140088F071562078FBF751FC0723E9342070FF20DF
S2140089007B70FFF7FFFC04000028C8D040F2A433B9
S2140089100421EB580122019318787156FBF73DFCB1
S214008920019BE9331870BAE70022022002A903F07F
S2140089306DF9002855D01424B1E70C22B088B25641
S214008940B168FEF74BFB0400A9E702F0B3F8002875
S214008950A4D102F0BBF8020000289FD10D2002A986
S214008960E5E740F2A433EB58E0331B78002B95D1B3
S2140089700724307904404007400F02F0B7F802ABF6
S2140089800122190010201C7003F040F90400002892
S21400899085D0D0E702F08EF8002800D07EE702F0FF
S2140089A095F80200002800D078E7122002A9BEE75A
S2140089B040F2A433EB58E0331B78022B00D16DE76E
S2140089C00124FC7002F076F80190002800D066E7DB
S2140089D002F0FEFA01F022FE019801F031FF01F0EC
S2140089E0BDFC00245BE7380003F016FA31E7C0460A
S2140089F0105B0020685E002040F2B83202498B58B7
S214008A0083438B507047C046105B0020F0B591B092
S214008A10079340F2A4335D4C0692E35805911A0082
S214008A20E832128840F2B411039256BA1A00E432C1
S214008A30126804900A92595C0725002900D194E038
S214008A4040F22C11595C31B91D0000200021A135DF
S214008A50FF3528606960002009A908701800E23018
S214008A600578E80108701800E0300078012803D186
S214008A700F780F303843087040F28F11595C21B1DF
S214008A80202109A80778394301700C9240F2F022A1
S214008A90A25801270D921A000BA886810770457010
S214008AA0FF32517A0F258173527F0D26C2730E2234
S214008AB01B7806A9037406ABF618ED180AAB521815
S214008AC0009331002B0001F00EFB3840820140205D
S214008AD006AB1B7B00218343134306AA137340F2A5
S214008AE0A433E75800223B00E933B2565956914268
S214008AF002D01A70FFF7FCF93B00FF332A78597A48
S214008B00914203D080205A72FFF7F2F90E2306AA8C
S214008B109B1800221B78E837BA565BB29A4204D0FC
S214008B2040F200103B70FFF7E3F9079B059A0093AD
S214008B300498069B09A9FEF71DF940F2A436050025
S214008B4010B107000A2804D10020FFF7DBF9070060
S214008B5070B1A359039AE83340201A80FFF74CFF00
S214008B6040F20010FFF748FF3D00280011B0F0BDAE
S214008B7040F28F12A35998540A9AE4331A6003F00D
S214008B80AFF80028F1D01425EFE7C046105B0020B0
S214008B90F0B507008FB018B9032420000FB0F0BD61
S214008BA00022002302614361FEF7CCF80124019005
S214008BB00028F2D1654B05AD182201002870180078
S214008BC0029305F0D7F8029B614A5C709E1840F24B
S214008BD00A33019AF454023BF2543B7853B1A34251
S214008BE051D0241940F2A833F618326873683A61F7
S214008BF07B61D2E740F20933F4541F232A781A40E7
S214008C00213313432B703B7920210293BB6840F23B
S214008C10A4340193BB890E250393022304AA521899
S214008C207D571370335922201A00FF32527F04A951
S214008C3009180A7018780CA9FBF76EF940F2B412FE
S214008C40335906909C5C0832995C1A00E23212781E
S214008C5040B22ABB07AC021CA84200DA2A1C2270CB
S214008C601A00FF32527F2100A27018780522FBF707
S214008C70B0F9002800D18FE740F2A433F3582278E9
S214008C80E9331A7011E040F2A433F358FF335A7AEE
S214008C9040F20933F2541F232A781A409F3BB0E76C
S214008CA0012C02D109B9E933187040F2B033F31839
S214008CB003CB03000B436BB1F8F768FB19B941F619
S214008CC04073984206D940F2A4330021F25840F28D
S214008CD08F13D154039B019A029905A8FFF796FEBD
S214008CE0040008B10A280AD140F240333A78F25418
S214008CF040F2A1320123B15C0B43B35472E740F259
S214008D000C330025F554134B0A93134B0B93002397
S214008D1008930AABE85C08A903F056F9089B4BB128
S214008D20002309930BABE85C09A902F0CBFF099876
S214008D3002F09EFF0135042DE9D1012003F0D6F89C
S214008D4040F2A1322023B15CD6E7C046505E002038
S214008D50C0FCFFFF03080B0C020D1012002370B5B9
S214008D601C00DDB20460AA4200D870BDCD5CDE00F7
S214008D70B54001332C43F4E7F0B50F0095B0092158
S214008D8005920022039006A809180A7009A90A800D
S214008D90012B03D814000492BC4201D315B0F0BDD9
S214008DA0039B651C185DEDB202381128F6D809F051
S214008DB0B5FB12002E00D400F80069018401C5013D
S214008DC0F5016502F5FFF5FF9D02F5FFF5FFF202DE
S214008DD00703310359037B1B012B00DC5DE30320F3
S214008DE003F09EF880B10321002003F047F8039BB0
S214008DF0D14A595D40F26833D1540399A31CDBB2C3
S214008E00C95C40F26933D1540334E5B228E023004C
S214008E10FA1A042A00DC9EE00533DBB29F4203D92F
S214008E20039AD25C032AF3D0BD4200D193E00A2114
S214008E30002206A809180A700B2109180A700AA948
S214008E400A700CA90A7040F2A432BB498A58110075
S214008E50E231087830B104993C1BE4B219B11D0028
S214008E602C0099E70524039E6B1E10A9F3184B608F
S214008E7013000C728872FF33587F06AC48721000DD
S214008E80E9300078C8721000E830007808735B7A22
S214008E904B7340F2B013D358107810930CAB019379
S214008EA00AAB00930B2306AA9B180A221219FBF79B
S214008EB009F96072C043400734D140F2A4339E4A99
S214008EC00021D45806AB22009B7AE93251565BB299
S214008ED0994208DA40F2BC11012060544020137019
S214008EE0FFF706F801E09942F8D10B2306AA9B1873
S214008EF000229A5623000021E8335956914204D0A6
S214008F0040F200101A70FEF7F3FF0AABFF341B782E
S214008F10627A9A4203D080206372FEF7E9FF20202F
S214008F20FEF7E6FF0024052609E0092306A95B18DC
S214008F3001221900032002F069FE0134E4B20CABF2
S214008F401B78B3FBF6F29442EFD30122013BEB18F9
S214008F50DBB2049283E73B0081E7AF4200DC9CE291
S214008F6040F2A4330F21744AD258039B5B5D0B403A
S214008F701E31FF31505C98420DD053542C39FF39C6
S214008F8099400B0040F29011023440F200205352F8
S214008F90E5B2FEF7ADFF0022042009A902F036FE76
S214008FA05EE77B1B032B00DC77E20923072006AA7B
S214008FB09B181870039B10AA5B5D5F4D1909014052
S214008FC040F2A43051700F2128580B40A11C13709A
S214008FD0C9B206900F2B03D10300FF335B7C1370DE
S214008FE0039B0322591811A8FFF7B8FE6423119AB1
S214008FF010AE53431193069B31001878FBF77DF8AB
S214009000092306AA9B181870C0430534E5B240072A
S21400901026D140F2A433484AD45801222300FF3315
S214009020B256997A914204D040F200409A72FEF706
S2140090305FFF2300FC331969119A10AE914204D0E9
S21400904040F600001A61FEF753FF0023FF34F35684
S214009050627C9A4204D041F200006374FEF748FF37
S214009060092306AA9B181B7809A9012205200B7064
S21400907002F0CCFD40F2A13210232F48815C0B4356
S2140090808354EDE640F248232B4AFF20D35813B111
S2140090901B6803B1984706AB18731F23059A9A42BC
S2140090A005DC0133203202DB059A1F33134006AA83
S2140090B053730620022209A970E77B1B042B00DCF1
S2140090C0EBE10926032206ABF618039B06A95B5DB7
S2140090D010A80B7710AB0C93A11C039BC9B25918B0
S2140090E03270FFF73BFE6423109A302153431093EF
S2140090F00023039A1193631DDBB2D35C06AA5218B1
S214009100137040F2A4330C4A0CA9D3581878FBF716
S21400911008F843B23070002B08DB09A9087001225A
S214009120072002F073FD3378032B01D006346CE67B
S2140091303020FEF7DDFEF9E7105B0020AF4200DCD2
S214009140ABE140F2A433D64E0234F258039BE4B2AD
S214009150595D0F2319400B1C01B90123D9B240F207
S214009160E8334B431100F8310868984209D00B6089
S21400917040F2E831FC325B1842F200001360FEF762
S214009180B7FE002209A9082002F040FD40F2A132F5
S2140091901023B15C25000B43B35461E6AF4200DCFC
S2140091A07BE10121039B0AAE5B5D40F2A4355A09C0
S2140091B00A4072701A090A4032700F221340B370C8
S2140091C0B74B31005B591878FAF7BFFF013053D020
S2140091D0B34B32785D592B00FF33597F914204D050
S2140091E080205A774002FEF783FE0AAB5A782B009F
S2140091F0FF33997F914204D048F200009A77FEF739
S21400920077FE0AAB9B78A74A2E00D35CFC36180084
S214009210069309F08DFE011C706A09F09FF938B9B3
S214009220069809F0CDFE706244F20000FEF760FE7C
S2140092302821022306AA521813702B00FF335B7FE7
S214009240023106AA52181370287810A9FAF764FE9D
S21400925040F2A433924A0C90D3580022E9339A562F
S21400926040B2904203DD18704020FEF741FE002217
S214009270092009A902F0CAFC0234C6E57B1B032BB1
S21400928000DC0AE1032206AB5A72039B10AE5B5D5C
S214009290A11C3370039BC9B2591811A8FFF75EFDD5
S2140092A06423119A7E4D5343119340F2A433EB5836
S2140092B031001878FAF75DFF06AB587243B2002B00
S2140092C00FDB09A9012208700A2002F09FFC40F279
S2140092D0A1321020AB5C0343AB5406AB5B7A032B86
S2140092E001D0053491E5FEF703FEFAE77B1B042B5D
S2140092F000DCD2E0082002F013FE002800D115E7BB
S2140093000821002002F0BAFD162306AA9B180022A8
S2140093101A80039B0AAE591930000432FFF71EFD6F
S214009320039A631DDBB2D25C40F2E83353431B1250
S21400933031000822B3800CA80AF0D5F85A4B0A9DD3
S21400934010A8ED18F7F75EFE40F23C23544E2900B5
S214009350F3181B680D9A009340F238230EA8F358B2
S2140093600C95F7F719FE0F9B119A109900930CA80D
S2140093700E9BF7F7F7FD0C980D99F7F723FE4B4B6E
S2140093801868596802F06AFB01F07EFD40F234333B
S2140093900122F254CAE60B2002F0C2FD002800D1DA
S2140093A05EE50B21002002F069FD40F2A0333C4A46
S2140093B0D35C043B012B00D852E501F0EBFC4FE5F3
S2140093C07B1B032B69DD039B039A595DA31CDBB251
S2140093D0D35C0398E21CD2B2825C1B0212041343D5
S2140093E00B43642159430F23651D0434E4B2005D2A
S2140093F0EDB2184001F0D2FC09A908700122112034
S21400940002F004FC40F2A13210232549885C034395
S2140094108B5425E57B1B022B3FDD0C2002F080FDE4
S214009420F0B10C21002002F029FD204E0398E11C2B
S214009430C9B232687368415C06920793A01C039B0E
S214009440C0B2185C03029C46039B585D63461843F3
S214009450069A079B01F0F0FC3068716802F0FEFA8D
S2140094600434D2E47B1B022B17DD6420039B039A93
S214009470595D251DA31C0334DBB2E4B2D35C125D38
S2140094801B02120413430B43584301F03FFD09A986
S214009490087001221320EDB280E53D00E0E4C046EE
S2140094A0105B0020A84E0100803DD512F058002029
S2140094B0F0B57C4BA9B01B6E03B198471CA803F00F
S2140094C023FD79490A78531CDBB20B700AB903F006
S2140094D03FFD1CA803F01DFD0023744A1CA8146859
S2140094E0136003F011FD704A1378013BDBB2137072
S2140094F00BB903F03DFD1CA803F00BFD6C4F002CD0
S21400950000D155E1E3B20593A40674D5654B694CCA
S214009510DB6A9847F7F736FF40F2AC230025FE5883
S21400952022686368801A99412B00864204D940F26B
S214009530B022BD58331A2D1A5F4E19003000F7F7C7
S21400954019FF3000F7F78AFE5C4B29001D00180053
S214009550F7F710FF2800F7F781FE40F2A433FB5818
S2140095601A00E0321278022A03D040F20C32BA5CBB
S2140095708AB1152212A90A701878FAF7CDFC40F2C3
S214009580B0234F4DF9580F9009182800F7F7F2FE50
S2140095902800F7F763FE2068616803F0E9F940F2F7
S2140095A0A43540F20D3240F22E115820BA5C7B5999
S2140095B05A5406A909180A7040F2B4129A5C01308F
S2140095C0511E8A4106A909180A70206861681E9013
S2140095D01F9118781CA9FAF7C6FC206861687B59A9
S2140095E09933FF331860596040F20C33FB5C13B9B3
S2140095F040F24132BB54059BDB0600D4A1E030228A
S21400960000211CA809F006FF2822002112A809F054
S21400961001FF2C4B01200E229D5E40F2A432BA5868
S2140096209E89D16C9C681B7C099120495BB20978A5
S214009630049381431D480023017040F2443104988E
S2140096407B541E397D52023178540C937831785C05
S214009650773978540F397B5203317B5403317B5072
S21400966004317B5206317B5402317B5014397B54D3
S21400967018317B5004317B5440F2383300200021EF
S214009680FB1818605960E0321378022B21D001F0E5
S214009690CFF8C8B902F06AFA002800D0D4E1014B2E
S2140096A0DB6ED3E10C460100306200201459002026
S2140096B0105B002008590020945D0020A85D002063
S2140096C0045E0020F0580020D24B5B6898470128C3
S2140096D0E0D140F22933FB5C13B9CF48F7F74CFDD5
S2140096E0CE4B31001A685B680292039340F2A033B7
S2140096F0FB5C2A0020000093049B03F0ADF91323C3
S21400970006AA9B181A003100200001F0AFF8069058
S214009710002800D19CE106ABDB7C93B101F088F811
S21400972048B1BC4B5B689847012804D1B94C236B01
S2140097309847E36E984740F29233049AFD520233FC
S214009740FA54059B1B0725D540F2A433FB58E0339B
S2140097501B78022B08D002F009FAAE4B002801D184
S21400976000F026FCDB6A9847FDF73EF940F24133ED
S2140097700220F85402F0BAFB40F20C33FB5C1BB13B
S21400978040F20B330122FA5440F2A1322023B95C96
S2140097900B43BB54059B5B0703D506210520FDF74D
S2140097A0F1F9059B9B0703D504210320FDF7EAF991
S2140097B001F0A4FD1CA803F0A7FB99490A78531CE6
S2140097C0DBB20B700AB903F0C3FB1CA803F0A1FBC5
S2140097D00022944B1CA81C681A6003F095FB904A64
S2140097E01378013BDBB213700BB903F0C1FB1CA866
S2140097F003F08FFB002C4CD0E5B2E40720D540F2F6
S2140098000D33FA5C593BFA54F033FB5840F2B7215B
S2140098101A00FF32907A7854917F40F2C422B954ED
S214009820002240F2C5217A5401317A54B532FF3213
S2140098309A5C40F2C7237C497C48FA54FDF73AFF0D
S214009840AB0722D540F20D33FA5C453BFA54DC33C5
S214009850FB5871481A00FC32116940F2CC22B9500C
S2140098601A00FF32917F40F2D822B954002101320B
S214009870B95401320131B954273AFF3A9A5C40F2A2
S214009880DB236B49FA54FDF715FF6D0701D5FEF78C
S214009890FBFC40F2A133FA5C93067CD540F2A2337F
S2140098A00021F95440F240217B58180602D5822048
S2140098B083437B5005231A4200D17CE30A2002F042
S2140098C02FFB002800D176E340F2A133FB5CDA07D9
S2140098D000D570E35B0700D48AE340F24022022101
S2140098E0BB588B43BB5040F2402140F2A13279581E
S2140098F0BB5C19B1012928D1590726D50520B95CCA
S214009900DDB28143B954012240F2A2317A541342A7
S21400991005D040F24423FB5846481B689847042469
S21400992025420AD0444802F015FB02F03DFB20B168
S21400993040F2A133FA5C1443FC5401F0D5F940F22E
S214009940A1322021BB5C8B43BB5440F24023FB5822
S21400995083B9582406AA121913701CA802F01EFA1E
S21400996006AB1B191B782BB140F2A1321023B95C51
S2140099700B43BB5440F2B83440F2A23301223859AC
S214009980FA5440B15B3BFF3BFB5813B19B6803B1F5
S214009990984700233B5140F2A1320821BB5C0B42A2
S2140099A007D08B43BB5440F24423FB582348DB6864
S2140099B0984740F2A13410253B5D2B420DD058212C
S2140099C0052306AA5218138040F24423FB581CA80D
S2140099D0DB6898473B5DAB433B5540F2A132022122
S2140099E0BB5C0B4207D08B43BB5440F24423FB586E
S2140099F013485B68984740F24023FB58012B21D060
S214009A0040F2A033FB5C023B012B1BD8FDF77EFE29
S214009A1018E0C0460C460100A85D0020F058002063
S214009A203062002010590020C45D0020945D0020A4
S214009A30D85D0020505E0020685E0020905E00200A
S214009A40285E002029B0F0BDD24BDB6A984740E67E
S214009A5040F2A433FB58E0331B78012B0ED100F004
S214009A60D3FE0500A8B1069800F0B4FE00F0C2FBD5
S214009A70042340F22932BB5401230693012002F04E
S214009A8035FA8EB940F219330122FA54FDF760F820
S214009A9057E600F0C3FE0028F0D0280000F0A0FE35
S214009AA000F0B4FB0523E4E7237808935B09032B57
S214009AB000D1D5E0052B00D1CEE0012B00D061E22D
S214009AC033004FF6EF72113B1342DBD13422F3B270
S214009AD0079306AB9B1840F2A435079A12941A70A7
S214009AE040F2B4137A59D35C002BCBD1FAF706FABE
S214009AF012AA0100FF2002F0DDFB402206AB9B18F5
S214009B001B780400DA43120700D1CEE21B071B0FB6
S214009B1006AA13777B5906A91A00FF32927F187897
S214009B204A7707220DA9FAF754FA002C00D0BFE2B4
S214009B30002800D1BCE240F2A433FC5839212000B2
S214009B4006ABC91803224830FFF708F92100159B19
S214009B5012AEE364337CFF315B0604915B0F897AB7
S214009B60DAB2914205D0049A40F200409372FEF7B2
S214009B70BFF9357CEB431B0710D02200FF322D07C0
S214009B8006922D0F527CEBB29A4205D0069B41F20C
S214009B9000005D74FEF7ACF9069B5D76727C02B938
S214009BA0013240F2E83353432200F83211688B4208
S214009BB008D040F2E83113605B1842F200005360B0
S214009BC0FEF796F90123049A2C2153720022B23331
S214009BD0FF33E254713B06AAFF3B9B181093079B8A
S214009BE05218113B137040F20D330839FB5C06AA7D
S214009BF05218137020780FA9FAF700FA40F2A4332F
S214009C00FC5823780BB1052B02D11020FEF770F913
S214009C102020FEF76DF940F2B41302220020E25431
S214009C2002F07EF918B10021080002F027F940F290
S214009C302933FB5C012B00D9B3E140F20C33FB5C0B
S214009C40002B00D0A5E140F2A1322023B95C0B43E3
S214009C50BB54FCF7C9FE74E540F218330122FA54EF
S214009C6040F2A433FA58107813000200511E8A41BD
S214009C70FF339B7F524213400DA98B7040F21C337A
S214009C80FB5C4B700D230B70FAF746F932000D3A69
S214009C9007900B90131C120400D500236A461C2163
S214009CA0525E1BB2934200DDECE60B2E00D8E9E6CE
S214009CB05C2206AB9B181C941E70374BA332259370
S214009CC026AB1A701CA803F049F8002800D0D9E685
S214009CD0069B43B1642206AB9B1819781E98C906EA
S214009CE0C90F01F0EFFA1E9B0FA9069340F230331E
S214009CF0069A1CA8FA50FDF71BFA0600002800D0AA
S214009D00C0E6099B069A0C90934241D040F2A433D9
S214009D10FB5801001C001D0040F2240C5434513541
S214009D2062464A430698A658B0422AD1AE5C46B36D
S214009D309A181100926EE033126852310C921A781B
S214009D400D780323022A00D0023340F22932BB5496
S214009D500FAB1B78032B00D094E61CAB1A7B60235A
S214009D6001261A4200D08DE60FAB1B7809936B468E
S214009D70998B042D1FD8280008F0C6FB2C26282A0D
S214009D80100001310429CBD140F219330B227CE6B6
S214009D900425E9E70C460100495C002003246622FE
S214009DA006AB9B181A8820000CAB02F021FA98B17B
S214009DB00923072800D0012340F21932BB5440F291
S214009DC02C330C9AFA5061E60524E8E70624E6E709
S214009DD00724E4E70424E2E71CAB009322000C9B74
S214009DE02800069902F030FB40F2193328B10238F9
S214009DF0421E90410B30F85448E6F85440F21A33AD
S214009E00642240F21D31FE5406AB9B181B78DA061E
S214009E10D20F7A5440F220320C99B8500432B8541B
S214009E209B060832B950DB0F023ABB541732B854BF
S214009E300332BB5440F22933FA5C012A03D87B3341
S214009E40FB58E4331860012E1BD140F21833022170
S214009E50F95440F240331CACF95C237B012A05D848
S214009E60012901D19B0601D501F04EFF099B032B6A
S214009E7000D980E0180040F2293308F045FB314B4A
S214009E8076391F2140F2A433089840F28F14884395
S214009E90FB5840F21831A0281ED19F381855B23012
S214009EA0FF30185C18B9279CB930FF301C500123CE
S214009EB07B549A42CDD940F2383341F640700021A7
S214009EC0FB181860596040F2B0338049FB180868E8
S214009ED0496818605960BCE7002018557854B8E700
S214009EE0217BFB5C0907049A090F20A8FEF744FFB4
S214009EF0592306AA9B18DA7F40F21B33FA54626A8B
S214009F000533FA5026AB1A7840F22433FA5401226D
S214009F1001330DE0217BFB5C0907049A090F20A89A
S214009F20FEF72AFF592306AA9B18DA7F40F21B3356
S214009F30FA54592306AA9B18DA7FE02A0ED140F27B
S214009F40A433F958E83BFF3BCB5C3BB940F21B31EE
S214009F507A5440F22032BB500432BB5240F2A13257
S214009F600223B95C0B43BB5461E626AA1178FB5C5E
S214009F70049A606AD4E740F219330122FA54FCF7D7
S214009F80E7FDD6E740F219330122FA54FCF7E0FD6C
S214009F904DE640F24433FB5C002B00D153E6FCF761
S214009FA0B5FD40F22933FB5C022B00D151E64AE6B0
S214009FB0DB6EFFF7D8FB40F2A1330425FB5C2B4297
S214009FC016D0002001F0ACFF40F2402458B100202B
S214009FD001F070FF10B940F20833F85402223B59E2
S214009FE093433B5104E0280001F09AFF0028F5D186
S214009FF040F2A133FA5CD30700D474E440F2403355
S21400A000FB5CFBB940F2A433FB5840F20830190061
S21400A010FF31385C497A884208D292072CD5E03363
S21400A0201B781BB140F22933FB5C2BBB2848F7F7A3
S21400A030A3F840F240222021BB588B43BB50FCF7CC
S21400A0405BFE50E4012B17D140F20B33FB5C002B78
S21400A05000D148E440F20A3340F20931FB5C795CF7
S21400A060994216D9920703D540F24432BA5CC2B977
S21400A07040F20A320133BB5440F2A1322021BB5CCD
S21400A0808B43BB5440F20B330022FA54FEF7FCF825
S21400A09029E440F244317A5C1AB940F20C307A5422
S21400A0A03A5440F24532BB54C0E7002800D142E59E
S21400A0B0002001F035FF002800D1B8E50021082077
S21400A0C0032C00D1B1E50720AFE5C046F0580020CC
S21400A0D0805D00200B688218904200D170470370A4
S21400A0E01B0A0130F8E7F0B599B005930D230C274D
S21400A0F004920391C356C7570293837B4268019329
S21400A1001E9B04001A6046783D00002E48D00223AD
S21400A11006AA1372C37B08A99372007CF9F7FCFEAB
S21400A12043B200939F4201DA6B461D7800262189D0
S21400A130626863898A4276415B186DB2F6B29A42CB
S21400A14007D30A2308A90B70207CF9F7E5FE43B273
S21400A1500293638920895900626809188A421FD3CE
S21400A160121AB2FBF3F14B439A4219D1009B9F425D
S21400A1700CDC237843B10123207C0AA90B71F9F784
S21400A18003FF2020FDF7B4FE01230193212308A935
S21400A1904D700B70E37B8B70207CF9F7BDFE45B2EB
S21400A1A03000039B029A1D70049B1A70059B019A4F
S21400A1B01A7019B0F0BD0000034B10B5A0331B6831
S21400A1C003B1984710BDC046085F00200022034B2D
S21400A1D05A641A649A60DA607047C046085F0020C6
S21400A1E0034B10B5C8331B6803B1984710BDC04673
S21400A1F0085F0020022310B5034A11780B43137042
S21400A200FFF7DAFF10BDC04644600020042310B5F7
S21400A210034A11780B431370FFF7CEFF10BDC046FC
S21400A220446000201FB5352301B1063B6A46137211
S21400A230044B1073B8331B6802A91878F9F76CFE44
S21400A24005B000BD085F002010B50924022800D024
S21400A250043403F0B5F9012800D10A34200010BDFB
S21400A260F0B58FB028230290039102B13C33FA2058
S21400A2700021394C4002A66DE76D801BB941029D56
S21400A280039E1A0040197141F7F786F82300BC3385
S21400A2901A682300EC331B68216C56685B18861915
S21400A2A0FE2B23D8072304ADAB742300E521B83377
S21400A2B01B68127A1878615633000095F9F7C3FECA
S21400A2C0AB68FE2B01D9FF23AB600120FFF7BCFF74
S21400A2D02200EB68EC32181A1268AB68E8609B1A2A
S21400A2E023642300F0331B68C01A60642300FC3329
S21400A2F05B68E2689B18FE2B2BD82300BC331B68D8
S21400A30008211A7A2300CC331B6809AD595623005E
S21400A310B8331B68187833000095F9F794FEAB68DD
S21400A320FE2B01D9FF23AB602300CC331B68032030
S21400A3305B7A032B00D80220FFF786FF2200EB682B
S21400A340FC32181A5168AB685B1AE3609368C01A4F
S21400A350A0600FB0F0BDC046085F002010B50548ED
S21400A360F6F70AFF0123044A11780B431370FFF730
S21400A37023FF10BD7C5F002044600020F0B587B04E
S21400A3800492059306000D00F6F7FCFF334C009090
S21400A3900191A06AE16AF6F767FE009A019B121A1D
S21400A3A08B411000FA2219005202002308F004F92B
S21400A3B040F21E0C1900634640F648075E43002331
S21400A3C01000F219009E019F92197B411F00160093
S21400A3D0361A8F4102920393019BBB4203D81ED1CB
S21400A3E0009BB3421BD963466B431D00029A039B36
S21400A3F0801A9941009A019B801859412A0000232F
S21400A40008F0DAF80130C0B2454300232A00B61837
S21400A4105F41049B984204D3002007B0F0BD0020A3
S21400A420F7E7206B616BF6F71FFE01230C4A5B42D1
S21400A430801859418F42EFD801D18642ECD8009A55
S21400A440019B30003900801A9941E269F6F7A2FFB5
S21400A450059B186059600120DFE7C046085F0020B2
S21400A4602AF4FFFF70B50600150088B06846102273
S21400A47000211C0003F07EFC04A81022002103F03B
S21400A48079FC04AB8C221021684600960195F9F7FA
S21400A49077FC6B465A7C1B7C1202D218B2FBF4F394
S21400A4A05C430C9B121B1A8008B070BDF0B504000C
S21400A4B0B0B100220827100041F221063D00A35C3F
S21400A4C01B02584003B2002B0BDA5B00734098B2B5
S21400A4D0013DADB2002DF5D1013293B29942EDD8CF
S21400A4E0F0BD400080B2F3E7F0B587B01D000CABBE
S21400A4F01F7800903723019207B1043B154E02AA3D
S21400A500B8361372336804A91878F9F705FDC3B294
S21400A510040003900020012B15D9342302AA1372DD
S21400A520336804A91878F9F7F7FC019B009A6D06C2
S21400A530DB092B43D318FF221440B3FBF4F14C4342
S21400A54010401B1BC0183900C0B2FFF76BFE07B0E7
S21400A550F0BDC046085F0020F0B506000F001000F2
S21400A560244C87B0002A37D001210020FFF75AFE7E
S21400A5702300CC331B6805001A7BD20700D51D6963
S21400A5800822237E134208D09343237623004833C1
S21400A59001211878FFF746FE0500237EDB0623D54B
S21400A5A037430FB32300D8331B6803A99BB20B8035
S21400A5B04E6023002600B833A83632681B688D60CC
S21400A5C018780432F9F764FEA43423683268DD6034
S21400A5D012791A7407B0F0BD0123226A0093803204
S21400A5E00300FFF781FFC3E72300EC331B68226CF0
S21400A5F09B18DAE7085F0020010010B5002021B1A3
S21400A6000248142203F0A1FB012010BD3060002098
S21400A610142303600048704730600020F0B587B010
S21400A620F6F7B0FE324C06000F00A06DE16D030099
S21400A6300B43002B4DD000232E4A12184B419F424D
S21400A64047D801D1964244D832003B00121A8B41BB
S21400A650100019006422F6F79FFE230060331A7874
S21400A660050004235AB1227E1343206B616B2376C8
S21400A670F6F7FAFC801BB9412065616503E0227E8F
S21400A68064351A42F0D02600BC36336827005B6873
S21400A69004A9ED183123B8370B703B681878F9F722
S21400A6A03BFC23000722E2331A70336803901A7AC1
S21400A6B03B6841B21878104BDC3400932B00F9F756
S21400A6C0C2FC0020FFF7C0FD23681B1A236007B0FA
S21400A6D0F0BD0022002321000025A265E365226567
S21400A6E06365237E0C32603193430D702376CAE790
S21400A6F0085F002000DD6D00D85F0020FA20F0B56E
S21400A700184C87B02700282200214002F6F744FEA6
S21400A7102200BC373B6868320025555F5B68260020
S21400A720ED18312304A9B8360B7033682D18187845
S21400A730F9F7F2FB23000722F6331A703B68039002
S21400A7401A7A336841B21878074BF03400932B001E
S21400A750F9F779FC0120FFF777FD23681B1A2360C1
S21400A76007B0F0BD085F0020EC5F002073B5FA204C
S21400A770164C002128224002F6F70EFE2300BC33BA
S21400A7801A682300683300215B5E516825005B1859
S21400A7901B182000CC352968B830097A00680C4EA2
S21400A7A00078127A49B20096F9F74DFC2B6825001E
S21400A7B05B7A0320FC35032B00D80220FFF744FD0C
S21400A7C0AB68FC34181AA06073BDC046085F002052
S21400A7D000600020014B713318707047085F00203E
S21400A7E0014BFF3398737047085F0020054B01202C
S21400A7F01A7ED20605D4703318780B384342584177
S21400A800C0B27047085F0020034B713318780338D6
S21400A81043425841C0B27047085F0020034BFF33E5
S21400A820987B033843425841C0B27047085F002007
S21400A830024B187EC006C00F7047C046085F002057
S21400A84010B5094C50B9237E70345B0703D5FFF76B
S21400A850EFFF012300B10023237010BD703423786E
S21400A860012BFAD92070F8E7085F00203023F0B5F6
S21400A870884F95B007910AA90B703B000024B833A7
S21400A8801B681470050018780492F9F745FB3B0026
S21400A890099070331B780B2B04D03B7E2000DB0620
S21400A8A000D4DEE009AC2378079A934200D0CEE0CD
S21400A8B063782800591D0393FFF7F8FD039BEA18F9
S21400A8C09179537909020B43834200D0BFE0724B63
S21400A8D072481E68039BA178EB5C7375C35C069395
S21400A8E053783B629078000218433862D3781B0492
S21400A8F003433B621279120613433B620023664A07
S21400A900BB84843A331D11CA11C3039B0E335B18F4
S21400A9100593039B0731DC1D2C192000FFF7C6FDAD
S21400A920059BEB185A78059B1202EB5C1343834297
S21400A93000D098E030000399237808310622F3759A
S21400A9406918183003F001FA0122534B1B689A75F8
S21400A9506B46197F524B01205B6A984740F2E832FB
S21400A96000230021040007F027FE40F2E83305002C
S21400A970434339003800E41A08220EAE203128304E
S21400A980B48008F0B0FDB96A464B10A8C9180F9BF2
S21400A990B9620093FA6A2B00F6F7E4FA1199109858
S21400A9A0F6F710FB12A8F6F72DFB12981399F6F798
S21400A9B05BFB3B0001220CAD6033B865F9652800EF
S21400A9C01A70F6F793FB3B0070331B780024364E64
S21400A9D00B2B12D10C986968F6F746FB71680400D9
S21400A9E03068F6F741FB314B241A1B68013394FBA1
S21400A9F0F3F4631D40DA052464422D4B1C600023EB
S21400AA0006CD06C6294A13603B00683300215A5E0D
S21400AA100699914204D01980FFF770FEFFF7A6FE54
S21400AA2003233A7E9A4313433B76FFF7CFFB3B0064
S21400AA30052270331A70FFF791FC0122049B1A70EE
S21400AA403B7EDB0603D5B86DF96DFFF709FC3B00CE
S21400AA5070331B78052B03D0012B11D00B2B0FD096
S21400AA60012015B0F0BD0023300007221900B37591
S21400AA70173003F07FF96BE7052CBEDD0524BCE735
S21400AA800123049A02201370FFF7DAFEFFF766FC34
S21400AA90E6E7C046085F0020AC5F0020B84E010025
S21400AAA00C460100803DD512005F0020F85E0020B5
S21400AAB0FC5E002010B5044B70331B781800012B89
S21400AAC001D0FFF7B5FE10BD085F00200122064B3F
S21400AAD01000197E114205D17033187801384342B0
S21400AAE05841C0B27047C046085F002070B5194D87
S21400AAF041F200012B00CC331A68802303415370C7
S21400AB0091FBF3F35380537A0400032B15D90328E3
S21400AB100DD82E000320FFF797FBFC36B3681B18F2
S21400AB200220B360FFF790FBB3681B1AB360CC3506
S21400AB302B685C72FFF754FB70BD0328F7D92E0014
S21400AB400220FFF781FBFC36B3681B18B3600320B6
S21400AB50E8E7C046085F002030B500251C4B1D4CBA
S21400AB6085B0142229001C481D6003F003F9142246
S21400AB702900200003F0FEF858222900174803F0A9
S21400AB80F9F8174BE36123009C331B680BB1984719
S21400AB90E061362302A90B702300B8331B681878CF
S21400ABA0F9F7BAF92300CC331B6818720720FFF7B1
S21400ABB09DFFFFF733FDFFF7A1FDFFF7D7FD22004E
S21400ABC000237032FF341380A37305B030BDC04637
S21400ABD044600020085F002030600020205F0020D6
S21400ABE00000C841F8B5114C23009C33C0C9C0C34F
S21400ABF02100A4310B00E0C8E0C362C862C362C88B
S21400AC0062C323000A49CC3319600A480A49C8348B
S21400AC102260F6F781FA09480949F6F77DFA0948ED
S21400AC200949F6F779FAFFF797FFF8BD085F0020A5
S21400AC30306000207C5F00205DA30000905F002055
S21400AC40F5A10000186000200DA20000F0B5254C0C
S21400AC50A3B02600CC36336809AD1A7BD207D20FD4
S21400AC6000921A6901922A0083CB83C22100270032
S21400AC70183158220CA808F036FC237E60375B0794
S21400AC80DB0F0693226D636D02920393A26DE36D54
S21400AC90049205933B780793FFF75EFF0121336824
S21400ACA0019A1A611A7B8A4300990A431A7343CDA4
S21400ACB043C304212000069B30309A00237E8B433A
S21400ACC01343237612A9029A039B22656365082222
S21400ACD008F009FC049A059BA265E365079B3B7098
S21400ACE023B0F0BD085F00200D4A10B51300703386
S21400ACF019788B1F022B11D82023107E034313765E
S21400AD000223072906D00A33082903D0137E9B079F
S21400AD10DB0F043370321370FFF720FB10BDC04604
S21400AD20085F00200378422B03D0472B08D0022070
S21400AD307047064BCC331B681B7A03710020F7E77D
S21400AD40024BCC331B685B7AF7E7C046085F0020EF
S21400AD50037810B50400422B04D0472B0DD00223F5
S21400AD60180010BD0A4B0279CC331B681A72FFF725
S21400AD70FDFCFFF735FA0023F2E7FCF727FC002876
S21400AD80EDD1207903230728EAD8FFF7AFFEF2E7D4
S21400AD90085F002010B5FFF723FA10BDF0B585B0A8
S21400ADA00D000F000324234E019059B13300B83331
S21400ADB01B6803910022187803A9F9F70AF90127FE
S21400ADC00230C4B26B461B7903A95BB20093009AAB
S21400ADD002AB1A713300BC331B6802AA35331B78EA
S21400ADE053713300B8331B6807221878F9F7F1F867
S21400ADF0022118B98C43200005B0F0BD032C17D1F2
S21400AE00CC3633687A4215407A001F785D608F43EF
S21400AE10174308221F709A5601998A4205D080204F
S21400AE20009A80021A72FDF763F8FFF79FFCE2E7CC
S21400AE300C00E0E7085F0020F7B51E244443260018
S21400AE40104C00272500483529700C21207E9219C9
S21400AE507B41884301436846266567652176F6F799
S21400AE601FF923006A46303303CA03C32300206D4C
S21400AE70616DAC331B689861D9612A780133DA7743
S21400AE80F7BDC046085F0020F0B58BB006AE3000B8
S21400AE90F6F7B8F8069D07992800F6F7E5F87F2339
S21400AEA0184C9D4302902B0020000027039180330E
S21400AEB03100082230300693B78008F014FB08AB48
S21400AEC09F80099B04AE0093216B626B3000802349
S21400AED0F6F762F82300283306CE06C30423227E44
S21400AEE0206B1343616B2376F6F7BEF8029A039B3A
S21400AEF0801A9941044B20656165ED182562A78488
S21400AF000BB0F0BD085F002080C22AED37B5050003
S21400AF100E4CA0B12300B8331B68019000221878AD
S21400AF2001A9F9F756F848B10122CC342368197BF9
S21400AF301D610A431A73FFF753F901203EBD012134
S21400AF40CC342268137B8B431373F4E7085F00202E
S21400AF507FB502900391F6F715FA1B4E05000C001C
S21400AF60306B716BF6F780F8019100210B00BC3650
S21400AF703668009072693069801859410123134A77
S21400AF805B42121A8B4102980399121A8B41009861
S21400AF90019912184B41A3420ED801D1AA420BD8F0
S21400AFA00098019940F64802002380185941A142B2
S21400AFB006D801D1A84203D80020002104B070BDF5
S21400AFC040F64800F9E7C046085F002048F4FFFF57
S21400AFD013B51348F6F7D0F8124C1348F6F7CCF82A
S21400AFE001A801F091FF2278531CDBB223700AB946
S21400AFF001F0AEFF01A801F08CFF06210B4A01A864
S21400B00013788B43137001F07FFF2378013BDBB28C
S21400B01023700BB901F0ACFF01A801F07AFF13BD55
S21400B020905F0020306200201860002044600020FE
S21400B030204B13B51B681B785B0707D50A2000F06A
S21400B0406FFF18B10A21102000F018FF1A481B4C99
S21400B050F6F792F801A801F057FF2278531CDBB2EE
S21400B06023700AB901F074FF01A801F052FF012114
S21400B070134A01A813788B43137001F045FF237819
S21400B080013BDBB223700BB901F072FF0D4C01A837
S21400B09001F03FFFFFF79CFFFFF7D8FD6368984776
S21400B0A0042806D0231DDB6F9847236B9847E36E72
S21400B0B0984713BDB85F00207C5F002030620020F8
S21400B0C0446000200C46010037B51B4C237EDB078E
S21400B0D02AD51A481A4DF6F74FF801A801F014FFC2
S21400B0E02A78531CDBB22B700AB901F031FF01A895
S21400B0F001F00FFF0121134A01A813788B43137048
S21400B10001F002FF2B78013BDBB22B700BB901F08C
S21400B1102FFF01A8703401F0FCFEFFF759FF2278DC
S21400B120022A02D10532227037BD0C2A01D1043A18
S21400B130F9E70622F7E7C046085F00207C5F00209C
S21400B14030620020446000200F4A40F201101300D5
S21400B150C0331B6810B5190090311C8884420FD18B
S21400B16013000021FF330120997340F22413074C8B
S21400B170D0542000F6F7FEF82000F6F76FF810BD62
S21400B18024339942E9D1FAE7085F002018600020CE
S21400B190094B00211A00713210B511700122074CBC
S21400B1A0FF3320005A73F6F7E5F82000F6F756F856
S21400B1B0FFF7CAFF10BDC046085F0020905F002062
S21400B1C0030010B5012808D1074A0220127E1A4251
S21400B1D002D0FFF7DDFF002010BD0220002BFBD1C0
S21400B1E0FFF726FFF7E7C046085F0020F0B5324CB1
S21400B1F087B002900391A06AE16A00920193F5F786
S21400B20033FF009A019B121A8B411000FA22190094
S21400B210FA260023520207F0CFF900277602B61A64
S21400B2209F41009A019B04AD92197B412800F5F7D7
S21400B23037FF2300303306CD06C33000E2693900FD
S21400B240F6F7A8F81D4B039A1B68D31A1B18002B99
S21400B25000DD1800009A019B0600002792197B412A
S21400B260A263E363FCF7B2F9012801D1FFF790FF70
S21400B270237E9B060ED423000922A4331B681A7073
S21400B280029A5A702300B033196828230A789A4322
S21400B29013430B702022237E934323761FB940F678
S21400B2A0B8339E4204D90123054A5B42B6185F4173
S21400B2B03000390007B0F0BD085F0020FC5E0020BB
S21400B2C048F4FFFF0C4B10B51A00B432126812682F
S21400B2D0824203D1CC331B68997210BDC0331A6802
S21400B2E0131D9432042B03D01C68844200D1997736
S21400B2F024339342F6D1F0E7085F0020F0B5B24D54
S21400B3008DB00AA801F000FE2A78531CDBB22B7021
S21400B3100AB901F01DFE0AA801F0FBFD0023AB4FA1
S21400B3200AA83C683B6001F0EFFD2B78013BDBB2DE
S21400B3302B700BB901F01CFE0AA801F0EAFD002CE8
S21400B34000D13EE1E3B20793E40740D5A04CF6F700
S21400B35019F8230004900591703318780C2800D94A
S21400B36058E207F0E5F894010D00A8015702B9016C
S21400B370D901570257025702FC012202570228023F
S21400B380267E102335001D401E4206D0914D2B6BA5
S21400B3909847EB6E98470C2374E1FEF717FF0422DC
S21400B3A033001340164200D166E1236D626D1343ED
S21400B3B0002B00D01AE11423227E9A43043B134349
S21400B3C02376002240F648000021FFF7C5F8022247
S21400B3D0079B13425CD03B78002100207C4C9343B3
S21400B3E03B7023000A900B917133197801291BD00A
S21400B3F0914200D114E2002900D091E22200FF32EF
S21400B400537B6BB12300CC331B68734D5B88517341
S21400B4102200B4321268206A00951268FFF722F8FC
S21400B4202300012271331A702300CC331B68A088D6
S21400B4305A7859880AABFEF7A1FF48B322002100CC
S21400B440FA321278654BFC31E0689A704A688D686B
S21400B45012189A60A2680A980B99AD18DD608542AA
S21400B46005DA2A00EB1712184B410A920B930223B7
S21400B47071340A9D23705A4C290020000B9EF5F764
S21400B48079FF2000F5F7EAFE2800310001F0C8FB3E
S21400B4900420079B034200D193E0002300224C4C7B
S21400B4A00A920B932300C0331D68002D00D188E05C
S21400B4B02200FF32937B032B00D182E03978814350
S21400B4C03970012B23D0022B00D12FE2002B00D0A5
S21400B4D0BBE240F22411605C002800D123E22E007B
S21400B4E040F20117635490362B88BB420CD12A00D9
S21400B4F02032EB8B206A00926A680021FEF7B2FFCA
S21400B50023000122FF339A732435B542ECD1230081
S21400B510C0331D68002323612B00002600279033CC
S21400B520049340F201122B88934213D12A7FE98BB1
S21400B530288C0AABFEF722FF60B1310039430A9A25
S21400B5400B9B21B19F4202D804D1964202D9160025
S21400B5501F002561049B24359D42E2D1236983B3F5
S21400B560237E204D9B0716D5210023002000CC31DA
S21400B5700968BC33B8301B680068097A1A7A007804
S21400B58000955B6849B2F8F75EFD124BDB6D984795
S21400B590EB681B1AEB60E968B14203DA0A00CB17C6
S21400B5A0B6185F410223FF34A3730F4C310020000E
S21400B5B0F5F7E0FE2000F5F751FE3000390001F007
S21400B5C047FB0DB0F0BDC04630620020446000204E
S21400B5D0085F00200C4601000C5F0020E45E00209F
S21400B5E0905F0020D05E002018600020206B616B0A
S21400B5F0F5F73AFD2300DC331E683200F317801897
S21400B60059410126059B994203D82ED1049B9842A6
S21400B6102BD91DB10822237E93432376049A059BDB
S21400B620801A9941E269F5F7B5FE002300222265EB
S21400B630636503000B4306000D00002B00D1BAE63D
S21400B640D04C31002000F5F795FE2000F5F706FEF9
S21400B650049B059C02930394CB4B32001B68CB489B
S21400B66000932B0001F070FAB1E6FA220023520292
S21400B670801859413500C5E7002000212065616526
S21400B6802363A3860026703435002370D8E7237E14
S21400B69010261D003540334200D077E6FEF796FDB3
S21400B6A0237E01221E432676FA2600200021FEF77E
S21400B6B053FF7602C4E7002204980599236AA28401
S21400B6C080332362FEF7CCFDB14A13680133136062
S21400B6D02300042270331A700222237EA06A93434A
S21400B6E0E16A2376F5F7C0FC049A059B121A8B4193
S21400B6F01100002B00D04EE6A64B994200D94AE630
S21400B700049A059B0F20616CFFF770FD06000D0084
S21400B71009237034237093E71022237E0E20934370
S21400B7202376616C049A059BFFF760FD2300B03317
S21400B7301B6806001B780D005B07E9D50A2000F0A1
S21400B740EFFB0028E4D00A21002000F097FB23003E
S21400B75000200021AC331B689860D960D8E723002E
S21400B7609C331B680BB19847E0612300F0331B68DD
S21400B7701800D917A26BE36B12184B4105998B4240
S21400B78003D84BD104998A4248D921000A20703147
S21400B790087004980599121A8B4110001900E26986
S21400B7A0F5F7F8FD06000D004AE70B23703423700A
S21400B7B0FFF70EFC05E62300B0331B681A78520725
S21400B7C01ED50A2000F0ACFB18B10A21102000F0AC
S21400B7D055FB714DFFF7FCFBFFF738FA6B6898478F
S21400B7E0042806D02B1DDB6F98472B6B9847EB6E13
S21400B7F098472023B034226811780B431370E6E58F
S21400B80022000D21A43212681180082219780A43FA
S21400B8101A70DEE7002370342370D8E5042331E77E
S21400B8202300CC331B681A785E6813000B400A426C
S21400B83008D12100B4310968226A00930868FEF72F
S21400B84053FE0600226913004AB12300CC331B685E
S21400B8500332997A0023D27F8A425B41DBB225000D
S21400B860FF35AA7B032A0ED1002B4ED04A4B1B6B0A
S21400B87098470023AB73494D1E212800F5F77AFD43
S21400B8802800F5F7EBFC2300032271331A7023001F
S21400B890CC331B68424D1B7A04AA6B70414B1D20AB
S21400B8A01B6835331B786E602B7400236B7404336F
S21400B8B0AB742300C4331B68374E1B78EB74172316
S21400B8C09B181900FBF78CFE331DDB6F9847336B14
S21400B8D0984704ABD87DB36D98472300B834A83397
S21400B8E01A682368043218782900F8F7C0FB2D4B35
S21400B8F01A68736BD0689847002800D1C8E5FBF734
S21400B900AFF86420FBF7CAFEC2E571342370264CFC
S21400B9101E212000F5F72EFD2000F5F79FFCB7E569
S21400B92000221A70B4E501239373F0E5216909B18A
S21400B9304B7853B90021FF34A173184C2000F5F75B
S21400B94019FD2000F5F78AFC3BE60B692BB9226A45
S21400B95000934868FEF7C8FD030022692500D11C45
S21400B960C87F21007135CC3109682D78897A032D7E
S21400B9701CD188421AD30023FF34A3731E21074C20
S21400B980DCE7C0467C5F0020FC5E0020205F0020D5
S21400B990F85E002000DD6D000C46010018600020F7
S21400B9A0E45E0020C45F0020905F0020210003209A
S21400B9B0FF318873127D264D00276A702200BC3244
S21400B9C01268244E353212786B600523AB74230060
S21400B9D0C4331B682A746F741B7804AAEB7417238D
S21400B9E09B1819001A30FBF7FBFD331DDB6F9847D9
S21400B9F0336B984704ABD87DB36D98472300A833C4
S21400BA001A682300B8331B68043218782900F8F740
S21400BA102EFB230071331A78032A08D10E4D1E21FF
S21400BA2028001F70F5F7A6FC2800F5F717FCBC34B5
S21400BA302268736BD0689847002800D1C1E5FBF7F1
S21400BA400FF86420FBF72AFEBBE500239373B8E5E6
S21400BA50D05E00200C460100905F00200022034BC1
S21400BA609865D96560331A707047C046085F002035
S21400BA70F7B5354D01272B781C003C403B421BD1C7
S21400BA80324E3000F5F7DCFBB8B1043E32780B2AB4
S21400BA9013D840F66403D3403B420ED02C4802F045
S21400BAA0D2F822000321307802F0EBF8294802F0A1
S21400BAB0CAF8294802F0C7F801242B7802261A0093
S21400BAC032400192334217D1244F3800F5F7B8FBC5
S21400BAD0A0B1173F3B78B343012B0FD1204802F0AB
S21400BAE0B2F803213878019A02F0CBF8194802F030
S21400BAF0AAF8194802F0A7F801230193019B2A78B7
S21400BB0023431C00160004231E401A4218D1154D6C
S21400BB102800F5F795FBA0B10222113DAB7B9343BD
S21400BB20012B0ED1104802F08EF832000321A87BBC
S21400BB3002F0A7F8074802F086F8074802F083F8F4
S21400BB40012620003043FEBD446000207C5F0020BC
S21400BB50023D0100233D0100F03C0100905F002003
S21400BB60253D010018600020483D010010B5FBF798
S21400BB702DFD03000020012B07D10322034BCC33FD
S21400BB801B685B7A9A424041C0B210BD085F002035
S21400BB9003000020112B03D80248D8400123184088
S21400BBA07047C04620070200024B10B51B6803B161
S21400BBB0984710BD5461002070B5074D040028005A
S21400BBC040F20C12002102F0D5F80020034B28604A
S21400BBD068601C6070BDC04648600020546100204C
S21400BBE0010010B5012029B1034840F20C1202F002
S21400BBF0ACF8002010BDC0464860002040F20C1390
S21400BC00036001487047C04648600020F8B515003C
S21400BC10012601B32022144B1F001C00083726788B
S21400BC20DEB90134BC42FAD1104C226802B9236056
S21400BC30626802B1136000221A606360AAB21871CB
S21400BC40DD71581DFC3402F080F8E36801335B199F
S21400BC50E360FFF7A9FF3000F8BD013AD2B23B001F
S21400BC60002AD9D10226F6E750600020486000205E
S21400BC7010B5012410B3124B1A68904204D1026822
S21400BC801A60002205E00A00002AFAD011688842ED
S21400BC90F9D15968884200D15A600AB1016811602A
S21400BCA00024FC33DA68C179013A521A0460210094
S21400BCB0DA60082202F05EF8FFF776FF200010BD7B
S21400BCC048600020054B1B682BB11A798242FAD1D6
S21400BCD000200B6070470320FBE7C046486000204A
S21400BCE0084B70B51C681CB9FFF75EFF200070BDDE
S21400BCF02079FFF74DFF256810B92000FFF7B8FF41
S21400BD002C00F0E748600020084B70B51C681CB992
S21400BD10FFF74AFF200070BD20792568FFF738FF3F
S21400BD2010B12000FFF7A4FF2C00F0E748600020C9
S21400BD300300012023B10020024AFC32D2681A60B8
S21400BD407047C04648600020F7B50F000190160007
S21400BD5001206AB161B1104B1C6800231D002CB194
S21400BD60019AD11AE2790132914202D200203D6056
S21400BD70FEBD5A1CD2B200922279611DF254009B7D
S21400BD80E279F01801F0E1FFE279009B0135D31863
S21400BD902468DBB25519E2E74860002070B504005D
S21400BDA001205CB1074B1D68002323702DB1287954
S21400BDB0FFF7EEFE18B101232370002070BD2D683A
S21400BDC0F4E7C04648600020002310B5074C142254
S21400BDD020600748FF210375E0606060A06001F006
S21400BDE0C9FF0122E3685A7510BDC046586100209D
S21400BDF068610020010010B5002021B1024816221B
S21400BE0001F0A3FF012010BD686100201623036027
S21400BE10004870476861002030B50D4D0200E968A3
S21400BE2000200C7D042C12D81078AB6801341870F2
S21400BE3050785870D278181DDA7000229A700A006E
S21400BE4010320C75934200D10800A860012030BD66
S21400BE505861002010B50849CA68137D180053B110
S21400BE60013B137513004C681033201D9C4200D113
S21400BE7010004860012010BD5861002070B50C4CC1
S21400BE80E268137D2BB115006368A46810359C42E8
S21400BE9000D170BD1E788E4205D0AB4201D1130092
S21400BEA0F5E70433F3E7012258709A70F1E7C046CD
S21400BEB05861002030B50C4C0100E2680120137D6B
S21400BEC033B16368A06814001034984201D1012091
S21400BED030BD1D788D4205D0A34201D11300F4E792
S21400BEE00433F2E75878F3E75861002070B50B4941
S21400BEF0CA684B68147D507564B1140001258968C2
S21400BF001034DE78587006B99D70A34203D1130032
S21400BF109942F6D170BD0433FAE7C0465861002056
S21400BF200B4A30B553689168D268140010349942B1
S21400BF3004D100235A1E9341D8B230BD1D788542E5
S21400BF40F8D0A34201D00433F1E71300EFE7C04670
S21400BF5058610020F0B505000024124F85B0FB683C
S21400BF601B7D0193019B9C4201D105B0F0BD7B680F
S21400BF70197829705A786A70987840B13B6828001A
S21400BF809B689847FFF766FF0134E4B2EAE703AE22
S21400BF9031707270DB78F370FFF75CFF3000FFF7EC
S21400BFA03BFFF1E758610020014BDB68187D7047C6
S21400BFB0586100200420034BDB681B7D98428041BB
S21400BFC04042704758610020F0B50D4A0023D568FE
S21400BFD02C7D9CB12E005368002210361F788742B5
S21400BFE00AD0B34206D12B000132D2B29442F5D128
S21400BFF0002303E00433F7E79442F9D00B60F0BD6A
S21400C00058610020F0B585B004000F00160000212E
S21400C010102268461D0007F0FDF96A46A31F13703C
S21400C0206B460322581C390001F08FFE03223100B4
S21400C03001A801F08AFE6B460222D81D290001F0F5
S21400C04084FE064B02221868694623000068F7F74C
S21400C0500DFF00B10F2005B0F0BDC046A86100205E
S21400C060F0B58BB0019310AB06000C001F78009261
S21400C070F9B30A20F6B31022002102A807F0CAF985
S21400C0801022002106A807F0C5F91E206B460125E0
S21400C090042201A968441D765F77FEF71BF822206C
S21400C0A0042211A96844FEF715F8EAB21301103B02
S21400C0B006A8DFB2C27301351021009A02ABADB2FA
S21400C0C0F7F75EFEC0B9221C102C00DD102202A875
S21400C0D00021844612B2F31967461878CF5D013105
S21400C0E07840187001339142F6DB103C24B2002CE5
S21400C0F0DBDC00200BB0F0BD0F20FBE71FB51022E5
S21400C1000021684607F086F9054B0922186869463B
S21400C1107F230068F7F7AAFE00B10F2005B000BD28
S21400C120A86100200338052300B504280CD80C4B62
S21400C1301B6806F0E9F9030B0E1012001A690A6074
S21400C1401A0010325A620023180000BD5B690B60AB
S21400C150F9E79B69FBE7DB69F9E71B6AF7E7C04687
S21400C160A861002010B50C480C4C28220021206045
S21400C17001F000FE23680A4A19001A600122002016
S21400C180524210319A80D8601A6159625A619A6197
S21400C190DA611A6210BDC04680610020A8610020E6
S21400C1A000040001024B1B68186000207047C04660
S21400C1B0A8610020010010B50A2021B102482822FB
S21400C1C001F0C3FD002010BD80610020282303601D
S21400C1D0004870478061002003000A202BB1002031
S21400C1E0024A1268D26801321A607047A8610020BD
S21400C1F037B51C000023150001930A3344B101A98A
S21400C200FFF790FF030018B901994A1C02D1256078
S21400C21018003EBD8AB2AA1A002A02DD89182160DB
S21400C220F6E712B907232160F2E78022090C090419
S21400C230520289184919F2E703000A2063B1074A37
S21400C2400020126808331100143119610431596353
S21400C250043120329965DA677047C046A86100202D
S21400C26037B504000A207CB1114D09382A68938836
S21400C27001339380FBF73CFE2B6820009B88E3820B
S21400C28000F0BAFD08B111203EBD2300183300931C
S21400C290132202232168F7F751FD03000F20002B1D
S21400C2A0F2D1200000F0A8FD0028EDD0EBE7C04654
S21400C2B0A8610020F7B514000A2572B169B10335EC
S21400C2C0FF280AD1106811790130013903000222D3
S21400C2D089B2F7F755FD10B10F252800FEBD2000E6
S21400C2E000F004FD10250028F7D102271D4E336804
S21400C2F0987022790097043A636A216892B2F7F739
S21400C30028FD0028E8D1227AE379AA401B02A17909
S21400C310134332680B4391680D3D9942DDD03800D7
S21400C3209360FBF7E5FD3368A71D0934220039004A
S21400C33008200433FFF766FE05000028CDD13368D9
S21400C3402200390007200433FFF75CFE05000028B2
S21400C350C3D1012233685242D8601A610C20FBF721
S21400C360C7FDBAE7A8610020F0B506001C0087B03C
S21400C3701BB90A25280007B0F0BD324F06253B68DA
S21400C380DB688342F6D8200000F068FD0B35844653
S21400C3900028EFD1631CDA7F531E9A413B680732B0
S21400C3A0DB68B34232D33B68DA68B24203D0082077
S21400C3B0DE60FBF79DFD237920892168043B8446D7
S21400C3C0A7689AB20029D4D040F200100E25824207
S21400C3D0D0D80025B738029002A885806546C3737A
S21400C3E0C58023003D0C057200253F0E477246812E
S21400C3F0370C2C33360E857307734673009307236A
S21400C400F7F79CFC0500A0B10F25B3E723002833FF
S21400C410187823790100043B1B1A20680196C0187F
S21400C42063460093A368FFF71BFE05000028BAD0FA
S21400C430A0E723792068043BE16AC01800F007FDF6
S21400C44098E7C046A8610020F0B58FB0149E0F0094
S21400C4501D0003900692002E00D190E000231000ED
S21400C4600AA90A93FFF75EFE18B1062420000FB053
S21400C470F0BD0A9B9D4201D80133F6D1300000F092
S21400C4806DFC10240028F1D13E4A83009B181A78D0
S21400C49003998A4241D1B2680224BA42E6D15A7858
S21400C4A09B7805920993336803933379043B07938B
S21400C4B06B469B8B0493F36A0893039B002B5ED01A
S21400C4C040F20012049B0E249342CFD80AAC200000
S21400C4D00021F03A01F04EFC49230A9340F2001383
S21400C4E0A3803B0C23723B0E63722B0C23732B0E24
S21400C4F063730023A373079BE780E373099B65813F
S21400C50020000093049A089B0399F7F722FC040086
S21400C51040B10128AAD00F24A8E701300528B3D1DE
S21400C5200C24A3E7731CDB7F0BB90733059333009A
S21400C53028331978012301950093059A3B00706A09
S21400C540FFF78EFD0400002800D08FE7069803381A
S21400C550042800D98AE70C4B1B6805F0D5FF0308B2
S21400C5600A0C0E0004201D61FBF7C2FC7EE75D612D
S21400C5707CE79D617AE7DD6178E71D6276E70A244D
S21400C58074E7C04616400020A861002030B50F4B67
S21400C59004001D6885B020B9AB780B203BB905B008
S21400C5A030BD012803D1AB780B20012BF7D0102229
S21400C5B00021684606F02EFF0923220069462868F7
S21400C5C0F7F754FC0028EAD00F20E8E7A86100201F
S21400C5D070B50500F7F742FC040010B10F242000E8
S21400C5E070BD012DFBD12800FFF7D0FF0028F5D144
S21400C5F0FFF784FD0028F2D0F0E70000014B1B682F
S21400C60098887047A8610020014B1B689880704787
S21400C610A8610020014B1B6898687047A86100203D
S21400C620014B1B6898607047A8610020014B1B688F
S21400C63018697047A8610020014B1B681861704795
S21400C640A8610020014B1B68D8687047A8610020CD
S21400C650014B1B68D8607047A861002010B5054CD8
S21400C6603C220021200001F085FB40F200132360ED
S21400C67010BDC046AC610020014B18607047C04634
S21400C680AC610020014B18687047C046AC610020C2
S21400C690F7B51C000AAB1B7807000193184B0D007A
S21400C6A01B6816001B072AD5164801F0CCFA002294
S21400C6B00321380001F0E5FA134801F0C4FA00221D
S21400C6C00A21300001F0DDFA0F4801F0BCFA002222
S21400C6D00A21280001F0D5FA0B4801F0B4FA00222E
S21400C6E00521200001F0CDFA074801F0ACFA0198C8
S21400C6F00022032101F0C5FA044801F0A4FAF7BDB0
S21400C700AC610020703D0100653E0100F03C010078
S21400C71010B504AB1C88044B1868800702D019714A
S21400C7209A609C8110BDC046AC6100200520064A78
S21400C73010B51468044206D01376029BD3610A9B98
S21400C74013621218D17710BDAC610020F7B5274CE4
S21400C7500193236805000E0017005B0734D52448B4
S21400C76001F071FA00220321280001F08AFA21481C
S21400C77001F069FA00220321207E01F082FA1D48AA
S21400C78001F061FA00220A21E06901F07AFA1948FC
S21400C79001F059FA00220A21206A01F072FA1548BF
S21400C7A001F051FA00220A21300001F06AFA11481D
S21400C7B001F049FA1F20631D18560022032101F0DC
S21400C7C060FA0D4801F03FFA2368DA0708D5220020
S21400C7D001993432117022002C322763A66215703C
S21400C7E05B0602D5042338342370F7BDAC61002005
S21400C7F0763D0100653E0100F03C0100F7B5254C92
S21400C8000193236806000F0015009B0737D52248C2
S21400C81001F019FA00220321300001F032FA1F4815
S21400C82001F011FA00220321207901F02AFA1B48B0
S21400C83001F009FA00220A21A06801F022FA17483E
S21400C84001F001FA00220521A08901F01AFA134826
S21400C85001F0F9F9019B0A215A4253415B421D40FF
S21400C8600022280001F00DFA0C4801F0ECF938001F
S21400C87000220A2101F005FA094801F0E4F92368CC
S21400C880DA0701D5276126755B0602D505233834FD
S21400C8902370F7BDAC6100207B3D0100653E0100C2
S21400C8A0F03C010010B5084C23685B060BD5383405
S21400C8B02378022B07D0054801F0C5F9044801F09B
S21400C8C0C2F90223237010BDAC610020803D010038
S21400C8D0F03C010010B5084C23685B060BD53834D5
S21400C8E02378032B07D0054801F0ADF9044801F082
S21400C8F0AAF90323237010BDAC610020913D01000E
S21400C900F03C010010B5084C23685B060AD53834A5
S21400C91023783BB1054801F096F9054801F093F9F4
S21400C9200023237010BDC046AC610020A23D01006C
S21400C930F03C010010B50A4C23685B060AD50828AF
S21400C94009D1084801F07FF9074801F07CF9012376
S21400C9503834237010BD0028FCD10448F2E7C046E6
S21400C960AC610020B13D0100F03C0100C93D010072
S21400C97070B5324C2368DB0749D5314801F0C8FC56
S21400C9800025230034331B78AB4241D82D4801F0F4
S21400C9905AF900220121100001F073F9294801F02C
S21400C9A052F900220121100001F06BF9254801F030
S21400C9B04AF900220121100001F063F9214801F034
S21400C9C042F900220A21A06A01F05BF91D4801F035
S21400C9D03AF923002C331B78012B21D11A4801F099
S21400C9E032F9E0690022052180B201F04AF91748C1
S21400C9F001F029F9237E0020022B02D8144A5B009E
S21400CA00985E0022052101F03CF9F3F761FF70BD46
S21400CA10236B0221585D013501F01FF9EDB2B0E736
S21400CA200C4801F010F94CF25033E26900209A42AB
S21400CA3000D1323000220221E5E7C046AC6100207A
S21400CA40E13D0100653E0100E53D0100ED3D0100D0
S21400CA50BC4E0100F03D0100F7B5334C019323684E
S21400CA6007000E000092DB0749D5304801F050FC65
S21400CA700025B54244D32E4801F0E5F800220521F2
S21400CA80009801F0FEF82A4801F0DDF800220321A4
S21400CA90019801F0F6F8264801F0D5F8254B8833C2
S21400CAA01B689847012180090840002201F0E9F838
S21400CAB01F4801F0C8F800220A21206901F0E1F8B9
S21400CAC01B4801F0C0F8237D012B20D11A4801F045
S21400CAD0BAF8A0680022052180B201F0D2F8174803
S21400CAE001F0B1F823790020022B02D8144A5B002B
S21400CAF0985E0022052101F0C4F8F3F7E9FEF7BDC1
S21400CB00785D0221013501F0A8F8EDB2B1E70D48D5
S21400CB1001F099F84CF25033A26800209A4200D1F6
S21400CB20323000220221E6E7AC610020E13D010040
S21400CB30653E01000C460100E53D0100ED3D0100AB
S21400CB40BC4E0100F03D01002C4B70B51B68040084
S21400CB501500069E9B054FD5294801F074F8002263
S21400CB600A21300001F08DF8264801F06CF82648BE
S21400CB7001F069F800220A21280001F082F8214815
S21400CB8001F061F8214801F05EF800220A21E06A0F
S21400CB9001F077F81B4801F056F81D4801F053F8ED
S21400CBA000220A21049801F06CF8164801F04BF8B0
S21400CBB0184801F048F820696169F4F755FA002230
S21400CBC00A2101F05EF80F4801F03DF8124801F026
S21400CBD03AF800220A21206C01F053F8094801F0C7
S21400CBE032F80E4801F02FF8206A00220A2101F0E0
S21400CBF048F8044801F027F870BDC046AC61002034
S21400CC00F63D0100F03C0100003E01000E3E010032
S21400CC101B3E0100293E0100363E0100473E010052
S21400CC20084B10B51B680400DB060AD5064801F061
S21400CC300AF8200000220A2101F023F8034801F038
S21400CC4002F810BDAC610020573E0100F03C010028
S21400CC50084B10B51B6804009B060AD5064800F072
S21400CC60F2FF200000220A2101F00BF8034800F032
S21400CC70EAFF10BDAC6100205F3E0100F03C010001
S21400CC80F8B572B6BFF34F8FBFF36F8F00F03CFA64
S21400CC9018B3012000F01EFA10250226124C276851
S21400CCA062B6BFF34F8FBFF36F8F2368BB4203D1CB
S21400CCB000F02AFA0028F8D172B6BFF34F8FBFF300
S21400CCC06F8F23682B4206D12368334203D100F0CE
S21400CCD01BFA0028E2D100F0F7F962B6BFF34F8FD7
S21400CCE0BFF36F8F0120F8BD3862002010B5040036
S21400CCF002206CB3216859B30B78032263710131AB
S21400CD00A01D01F022F8200021680322043109301A
S21400CD1001F01BF820002168042207310C30FCF7D4
S21400CD201DF82168CB7A23740B7B63742379212B3F
S21400CD300FD1200010220D31123001F006F81D230D
S21400CD402000216824300422C918FCF707F80020C8
S21400CD5010BD0120112BFBDC0D23F1E770B504009C
S21400CD6002202CB1216819B123790B2B01D80120A0
S21400CD7070BD20000B780422637101310830FBF788
S21400CD80EDFF21684B7923738B79E381CA79120210
S21400CD901343E381227B237912070B3B120F934246
S21400CDA0E5DD20000831103000F0CFFF237B2000A7
S21400CDB000221B071B0F1E00651C2830EA77027036
S21400CDC022790836911B04290BDD21680933043AC1
S21400CDD08E5DD21AD2B2EE770270606AC91800F081
S21400CDE0B4FF200023792168043B2C300422C918A4
S21400CDF0FBF7B4FF0020BBE710B5040001202CB3FE
S21400CE0023681BB322790018162A1FD96279A11D40
S21400CE101A7020680822013000F0A0FF2100206868
S21400CE2008220E31093000F099FF21002368E28ABB
S21400CE3018315A74E38A22681B0A93742068042205
S21400CE401330FDF747F917230020237110BD07B5EF
S21400CE500422019101A9FDF73DF907BD70B5040054
S21400CE600120002C4FD02168012000294BD026003D
S21400CE7028363078227B03005D1EAB411207120F66
S21400CE809B18043008331B1822799BB202209A4262
S21400CE9039D3637904220B702100206808310130F1
S21400CEA0FDF718F921002368227B10315A71236898
S21400CEB0E2899A71E38922681B0AD371227B206873
S21400CEC01207120F083000F040FF237B32781B0752
S21400CED01B0F1D0008352AB1621CD17F226809335A
S21400CEE051551D00206832784019616A00F02DFF08
S21400CEF033782068ED18ADB24019E16AFFF7A7FF56
S21400CF0000200435257170BDEFF31083036072B600
S21400CF107047036883F310887047000072B6BFF34B
S21400CF204F8FBFF36F8FBFF34F8F034B034ADA6009
S21400CF30BFF34F8FC046FDE700ED00E00400FA05A2
S21400CF4070470020704710B5F4F740FB10BD000096
S21400CF501220054B10B5185605F04AFA1220034B5E
S21400CF60185605F045FA10BDD4530100F8530100D9
S21400CF701220054B10B5185605F026FA1220034B62
S21400CF80185605F021FA10BDD4530100F8530100DD
S21400CF9070B50D00140029000348A2B2F4F72AFA6F
S21400CFA00028F8D1200070BDE8610020002337B5C6
S21400CFB00C001500019321000848AAB201ABF4F753
S21400CFC01DFA0028F7D1019A2100044892B2F4F71E
S21400CFD011FA0028F7D101983EBDC046E86100204E
S21400CFE010B50249024804F03DFC10BD4053010054
S21400CFF07866002037B5EFF31080012383F310889E
S21400D000244B196819B9244A1170403111701A68F6
S21400D01001321A6080F31088002501241F49204839
S21400D02004F0EEFF002204211D4805F031F840F21E
S21400D030E83140F2406005F053F90121184805F048
S21400D04033F80221164805F02FF8164B64421D8669
S21400D050154B1D8000F0ACF900F0C0FA2900230043
S21400D060220012480194009400F0D4F8104B2900D6
S21400D0701868022240F20043806806F0CDF82900C6
S21400D080230022000B48F4F7ADF9FFF7A9FF00F0E4
S21400D0901DFD37BD3869002040030A4030530100AB
S21400D0A06866002000020A4060020A40B84E00206F
S21400D0B040400020E861002010B5024804F0DEFB86
S21400D0C010BDC046786600200022014B1A607047EB
S21400D0D038620020054B012800D118601A68D20774
S21400D0E002D51A68104318607047C04638620020A0
S21400D0F0044B10B51B68DB0702D50220FFF7EAFFDA
S21400D10010BDC04638620020034B01201B6810B5D6
S21400D11003B1984710BDC046346200201A4B70B564
S21400D1201B68DB0502D5FFF7ABFD70BD72B6BFF31B
S21400D1304F8FBFF36F8FFFF7E7FFE8B10120FFF7D0
S21400D140C9FF10250226FFF7B7FF62B6BFF34F8F61
S21400D150BFF36F8F72B6BFF34F8FBFF36F8F0B4C5B
S21400D16023682B4206D12368334203D1FFF7CCFF56
S21400D1700028E8D10023236062B6BFF34F8FBFF3C9
S21400D1806F8F0020D1E7C046AC61002038620020D7
S21400D190014B18607047C0463462002010B540F25C
S21400D1A0E83105F09DF810BD20B10022835E013302
S21400D1B000D00180704700000022835E10B55A1C24
S21400D1C00CD04A1E914140F60070CAB219010140C7
S21400D1D00F2003401943024804F0C8FB10BDC046A8
S21400D1E0506600200022835E13B500205A1C0DD026
S21400D1F06A46D41D40F60072190111400F221340F2
S21400D20003482200194304F0A3FB207816BDC0464D
S21400D2105066002010B50249024804F079F910BDA6
S21400D22098530100AC6600201FB50A00002369462B
S21400D2308B730F2169440A700E220A4C0A48237029
S21400D240073300936A44063B04F072FA80239B027D
S21400D250227812B9013B002BFAD16B46987B04B0BA
S21400D26010BDC0463C620020AC6600200379012B4E
S21400D27001D1014A137070473C620020F0B5214D81
S21400D28087B0019005A81E0003920291FFF73CFEAE
S21400D2902A78531CDBB22B700AB9FFF759FE05A893
S21400D2A0FFF737FE184F00213800F3F752FE002430
S21400D2B0019B195D154B013418000093FFF7B4FF6E
S21400D2C0029AA3B29A42F3D8039CA619B44212D18A
S21400D2D001213800F3F73DFE05A8FFF715FE2B7871
S21400D2E0013BDBB22B700BB9FFF742FE05A8FFF738
S21400D2F010FE07B0F0BD21780098FFF795FF0134C7
S21400D300E4E7C04630620020F84E0020B84E002009
S21400D310F0B5244D87B0060005A81F0003920291C1
S21400D320FFF7F2FD2A78531CDBB22B700AB9FFF721
S21400D3300FFE05A8FFF7EDFD1B4B0021180001931B
S21400D3400024F3F706FE194B315D180000930134F4
S21400D350FFF76AFF029AA3B29A42F4D80021009817
S21400D360FFF762FF039CC6B2E719BC4213D1012146
S21400D3700198F3F7EEFD05A8FFF7C6FD2B78013BF5
S21400D380DBB22B700BB9FFF7F3FD05A8FFF7C1FD65
S21400D390300007B0F0BD00210098FFF745FF207071
S21400D3A00134E2E730620020F84E0020B84E00203C
S21400D3B013B50024230022000C210E48019400948B
S21400D3C0F3F7BEFD230022000D210B4801940094C4
S21400D3D0F3F7B6FD0748F3F7C0FD43425841074B45
S21400D3E018700548F3F7B9FD43425841044B013025
S21400D3F0187013BD40620020546200207C6200203A
S21400D4002A40002010B5044C0449200004F0E8FA35
S21400D410200004F001FB10BD5866002018530100E0
S21400D42010B5074B1B78012B09D1022040F2802152
S21400D430F5F7EFF9F5F704FC7F20F5F759F910BD7D
S21400D4407C62002010B5094C0A20F3F775FD002118
S21400D4502000F3F77EFD1420F3F76EFD0121200077
S21400D460F3F777FD0A20F3F767FD10BD544E002052
S21400D47010B50348F3F771FD0128FAD010BDC04679
S21400D480684E0020C02307B501A8038000231A00B9
S21400D4900221FFF7F3FEFFF7EBFF07BD37B56B463C
S21400D4A00C001500D871F5F785F868462B002200A9
S21400D4B001210730FFF7E2FE6B46DB79842B01D0B3
S21400D4C0FFF7D6FF37BD73B56B4615000C00DE1DA3
S21400D4D0D871F5F76FF82B00220001213000FFF716
S21400D4E017FF0400FFF7C4FF200076BD0D2373B5B9
S21400D4F00D00160001AC2370030A6370A070F5F7E8
S21400D50059F833002A0003212000FFF7B7FEFFF783
S21400D510AFFF73BD07B56B46D971073301221900FB
S21400D520FFF7E4FF07BD1D2373B50D00160001AC21
S21400D5302370030A6370A070F5F73CF833002A00E6
S21400D54003212000FFF7E4FEFFF792FF73BD13B53B
S21400D5506B46DC1D01222100FFF7E5FF207816BD93
S21400D56037B50E230C0015006A4613715071F5F797
S21400D57021F82B002200022101A8FFF77FFEFFF70B
S21400D58077FF37BD37B51E230C0015006A461371AA
S21400D5905071F5F70FF82B002200022101A8FFF7C3
S21400D5A0B7FEFFF765FF37BD10B50221F5F77AF92C
S21400D5B010BD0000014B18787047C0462A40002076
S21400D5C0014B18787047C0467C62002010B50121D8
S21400D5D00148F3F7BEFC10BD6862002073B5012554
S21400D5E00024164E2A0030000195009500231F21C6
S21400D5F0F3F7A6FC23002200492111480194009469
S21400D600F3F79EFC2300220021210E48019400948B
S21400D610F3F796FC30002A0023000F21A43801946B
S21400D6200094F3F78DFC2A00230016210648019586
S21400D6300094F3F785FCFFF7C9FF73BDF84E002092
S21400D640684E00207C4E00206862002010B5002145
S21400D6500148F3F77EFC10BD6862002010B5024852
S21400D660F3F77BFC10BDC0467C4E002070470000E0
S21400D670014BD88880B27047FE260A40002382B04D
S21400D6800193054BDB88C01A1E2380B243430193E7
S21400D690019880B202B07047FE260A4010B50424F6
S21400D6A001210748074B82791975A243827100222F
S21400D6B00020197000211A619860D9609A8310BD05
S21400D6C000380A408062002010B5FFF7E7FF10BD63
S21400D6D00120034B1B789842804140427047C04669
S21400D6E08062002010B5064B1C7D2CB99B6903B1E7
S21400D6F098471020FFF7EEFC0120604010BDC046A2
S21400D7008062002045F65E73434382B00193019B1E
S21400D710034AB3FBF2F30193019802B07047C04688
S21400D720A0860100034A9188938898B28B42FAD16A
S21400D7307047C04600380A40F7B51D4E01A8FFF7EF
S21400D740E3FB3278531CDBB233700AB9FFF700FCF8
S21400D75001A8FFF7DEFB174B1F68FFF7E3FF164B2A
S21400D760040001A8DD7AFFF7CFFB3378EDB2013B6A
S21400D770DBB233700BB9FFF7FBFB01A8FFF7C9FB61
S21400D78047F6FE739C4202D8ED0700D510372000FE
S21400D790FFF7B8FF040040F2E8320023380000210B
S21400D7A004F02AFF220000238018594103B0F0BD80
S21400D7B030620020A062002000380A4010B5FFF753
S21400D7C0BBFF10BD10B50400FFF7B6FF40F2E8320D
S21400D7D0002304F0F1FE228010BD70B504000D0099
S21400D7E0FFF7AAFF02000B008D4207D801D1844242
S21400D7F004D8121BAB411000190070BD0120404236
S21400D800C117FAE710B5FFF797FF0B000A490200A9
S21400D8108868C968994202D809D1904207D9121A75
S21400D8208B4101204042C1178018594110BD121A81
S21400D8308B4110001900F9E780620020F0B585B032
S21400D8400E000190FFF76EFFFFF75CFF83B20393B5
S21400D8500293019B564C022B3DD0032B63D0002332
S21400D860019A1D001F00012A1DD122780192012A6B
S21400D87019D12575FFF760FF43F68063029AA06012
S21400D880E1609B1A9BB2019F2661A3835EB143F6BB
S21400D8907F6296421AD8B34218D904232370039B9A
S21400D8A0B5B2F61826612369002B56D10421414AE9
S21400D8B093798B43937107232370FFF713FF237825
S21400D8C0072B72D1063B237523706EE0022323706C
S21400D8D000250127E7E72378022B13D1A28B2369C3
S21400D8E09B1A23610127344B22699A4201D90023EF
S21400D8F0236143F67F6325699D4210D80423ADB2A9
S21400D9002370D0E7032B03D123692C4A9B18E8E742
S21400D9100022043B1700022BE5D82261E2E703232E
S21400D92000252370BFE72378052B11D12569039BBB
S21400D9309D420AD9029B0127ED1A40F2D073ADB280
S21400D9409D42B0D804232370ADE700232361BFE7D0
S21400D950062BFAD000252F00A5E72178042921D12F
S21400D960144B9A798A439A7140F2D072954205D93F
S21400D97005222270012252425A800DE006212170B3
S21400D9809542F7D06422ED03B5FBF2F55A3A053519
S21400D990B5FBF2F5ADB25D801B22DA729979173AC3
S21400D9A00A439A712378072B87D0380005B0F0BD5C
S21400D9B08062002000380A400000FFFF80C1FFFFA1
S21400D9C070B504000D0003280FD801281AD811D00E
S21400D9D0002100200E4B00229860D96001211A70A9
S21400D9E01A6119759A619A830AE00428F0D1FFF744
S21400D9F055FE05E0FFF752FE29002000FFF71EFF48
S21400DA00002004E00021FFF719FF0028EFD070BDCA
S21400DA108062002010B501000120FFF7D1FF10BD85
S21400DA2010B50448044B05491860054B196003F00F
S21400DA30EFFC10BDEC660020A8620020F853010041
S21400DA40A46200200D4B0E4810B50E4918600E4B10
S21400DA50196003F019FC70B944220C4BDA71453A90
S21400DA601A801B321A7368329A72997A423A0A43BB
S21400DA709A721C22DA72FFF7D3FF10BDB062002044
S21400DA80D8660020D4530100AC62002000380A405B
S21400DA9010B5024B186803F067FC10BDA8620020A2
S21400DAA0084B10B5186803F0A9FB0122064B9979BC
S21400DAB00A439A71042299790A439A71FFF7E8FF9C
S21400DAC010BDC046B062002000380A40054B064A2A
S21400DAD010B59A6100221A75FFF7B4FFFFF7E0FF52
S21400DAE010BDC046806200202911000010B5104C01
S21400DAF0E37A5B0705D51B2300210320E372FFF7BB
S21400DB005FFFE37ADB0712D51E23E3724FF6F0744D
S21400DB10FFF708FEA042FBD8064A136810331360CE
S21400DB20FFF7D6FD18B100210220FFF749FF10BD10
S21400DB3000380A40A062002010B50249024803F0EF
S21400DB4085FA10BD7053010080660020002310B5D2
S21400DB500A480B4C237003700A4803F0E5FA0123C9
S21400DB6020B980239B02227812B10023180010BD32
S21400DB70013B002BF7D10123F8E7C046B462002032
S21400DB80B662002080660020F8B51D0000230C4E0B
S21400DB900C4F0D48337014003B7003F02DFA012330
S21400DBA028B980239B0232781AB100232C801800F3
S21400DBB0F8BD3A7812B9013B002BF4D10123F6E701
S21400DBC0B5620020B462002080660020030010B515
S21400DBD072B6BFF34F8FBFF36F8F0079082809D84E
S21400DBE0A8B10138072812D804F08EFC1B17110DB7
S21400DBF01111110B0300EF22103B134201D04028F5
S21400DC0005D1094B0AE09868C0B2F2F7B5FD62B6D6
S21400DC10BFF34F8FBFF36F8F10BD044B01221A70F6
S21400DC20F5E7034BFAE7C046B4620020B662002070
S21400DC30B562002007B56B46D91D0870012200208A
S21400DC40FFF784FF07BD10B504000020205600B97A
S21400DC5010BDFFF7EFFF0134F7E770B505000F269C
S21400DC6001398C00231D00D170BD2800E0403040F3
S21400DC70092804D83030FFF7DDFF043CF2E73730E0
S21400DC80F9E7F7B505000E000192002803DA2D200B
S21400DC90FFF7D0FF6D4201230A221C00B34204D3D3
S21400DCA001260A27002C04DCF7BD01335443DBB2FF
S21400DCB0F4E7012C00D1002695FBF4F292FBF7F373
S21400DCC07B43D31A00936B461878012E0DD160B9AA
S21400DCD0019B13B11800FFF7ADFFFF22009B134016
S21400DCE0634394FBF7F4ED1ADCE7303040B2FFF7FD
S21400DCF0A1FF0026F1E70000074B08481A685043CA
S21400DD0043F2390280181860054BB0FBF3F3DA07CC
S21400DD10D31AC01A7047C0462C4000206D4EC6412C
S21400DD20FFFFFF7F014B18607047C0462C40002065
S21400DD3070B505000C00FFF7DFFF611B013190FB9B
S21400DD40F1F35943401A401970BD002310B59342B1
S21400DD5000D110BDCC5CC4540133F8E7531EC01884
S21400DD60002330B59A4200D130BDCD5C5C420555EB
S21400DD700133F7E710B505F04DFB10BD10B5F2F70F
S21400DD808DFC0138C0B210BD10B5F2F761FC013849
S21400DD90C0B210BD0420704710B50A4CF2F756FD0D
S21400DDA00948FFF750FF0221E078FFF756FF0748C3
S21400DDB0FFF749FFA0780221FFF74FFFF2F788FD33
S21400DDC0002010BD14530100673E01000744010007
S21400DDD010B502F0A5F9002010BD13B5F2F74CFE01
S21400DDE0C0B2012801D0042016BD6B469C1C01A8B9
S21400DDF02100F2F749FE0023E05E0128F3D1019BE3
S21400DE001B785BB2302B04D1002002F075F800209E
S21400DE10EAE7312BE7D1F8E713B5F2F72DFEC0B2EB
S21400DE20012801D0042016BD6B469C1C01A82100C9
S21400DE30F2F72AFE0023E05E0128F3D1019B1B784F
S21400DE405BB2302B04D1002001F0DAF90020EAE7BB
S21400DE50312BE7D1F8E700007FB56B460024DD1CC8
S21400DE6001AE300029002C7001F0C2FAF2F7EEFC89
S21400DE700C48FFF7E8FE2B78A34204D8F2F728FDFB
S21400DE80002004B070BD6300F05A0421FFF7E5FEE1
S21400DE902B78013B9C4202D00348FFF7D4FE0134A6
S21400DEA0E4B2E8E77D3E0100653E0100030030B5C0
S21400DEB041180A2400208B4200D130BD00229A5619
S21400DEC06043303AD5B20133092D01D81018F2E775
S21400DED001204042F1E704207047042070470420E8
S21400DEE07047000013B5F2F7C7FDC0B2012801D095
S21400DEF0042016BD6B469C1C210001A8F2F7C4FD49
S21400DF000023E15E0129F3D10198FFF7CFFFC4B2E9
S21400DF10012C0DD9072CEBD10948FFF794FEF2F738
S21400DF20D7FC072C01D102F033F9FEF7F7FF05E026
S21400DF30002CF1D101F0BAF801F0BEFF0020D8E7BE
S21400DF40BB3F010013B5F2F797FDC0B2012810D110
S21400DF506B469C1C210001A8F2F796FD0023E15EAB
S21400DF60012906D10198FFF7A1FFC0B218B1012818
S21400DF7001D0042002E001F0FFF8002016BD0000EA
S21400DF8010B5252340F20021034A0448F2F7A8FC06
S21400DF90F2F7CCFB10BDC046B44F0100BC620020B7
S21400DFA00023CA5E30B504000020012A0FDD0023DE
S21400DFB0E356222B0BD1213BE056222808D11DB276
S21400DFC0013A0020954202DB013B601C0B8030BD0D
S21400DFD0013318B28242EFDC0020F8E70200811C11
S21400DFE0002010B51378000184B218003038C0B293
S21400DFF0092805D918006138052806D8573BD8B235
S21400E000013220439142EDD110BD18004138052859
S21400E01001D8373BF3E74FF6FF70F5E70023F0B57E
S21400E0209DB26C00A4B2AA4204D80023520092B259
S21400E0308354F0BDCD5CAC462D092F0066463037C4
S21400E0409F2E01D937352F000F260755651CCC5C4F
S21400E050ADB2344027003037092C01D937342700B9
S21400E06047550133DCE7F0B587B003900191029283
S21400E07013B9042007B0F0BD019A54009C42F8DBA7
S21400E08000252E00E41A24B205AF019BB34220DD22
S21400E090B4B9029A6B1C525D1DB23A700024029B02
S21400E0A06A1C5B5715B238007B70FFF797FF4FF678
S21400E0B0FF739842DDD0039B9855013636B2E4E7ED
S21400E0C03023A4B23B70012CE8D0023C302324B2AB
S21400E0D0E9E70020CEE71FB5F2F7CEFCC0B2042475
S21400E0E0012810D16B469C1C210001A8F2F7CCFC3D
S21400E0F023880821019A02A8FFF7B5FF040010B98B
S21400E10002A800F01FFF200004B010BD1FB5F2F7F4
S21400E110B3FCC0B20424012810D16B469C1C21001D
S21400E12001A8F2F7B1FC23880821019A02A8FFF79C
S21400E1309AFF040010B902A800F016FF200004B0F1
S21400E14010BD10B586B0F2F797FCC0B204240128C3
S21400E15010D16B469C1C210001A8F2F795FC238881
S21400E1601021019A02A8FFF77EFF040010B902A84A
S21400E17000F0DEFE200006B010BD10B586B0F2F747
S21400E1807BFCC0B20424012810D16B469C1C2100E5
S21400E19001A8F2F779FC23881021019A02A8FFF75C
S21400E1A062FF040010B902A800F01CFF200006B0B1
S21400E1B010BD30B585B0F2F75FFCC0B2042401286C
S21400E1C01AD16B469D1D290002A8F2F75DFC2B882C
S21400E1D003AD21002800029AFFF745FF040058B956
S21400E1E02A786B7812061B041A43AB78E8781B0271
S21400E1F013431843FEF740FA200005B030BDF7B5CC
S21400E20005000E00012A16D9012314001C401A42EC
S21400E21011D14FF6FF775308019360003018FFF7CF
S21400E220DDFEB84207D02855019A0134A3B29A42BF
S21400E230F3D80020FEBD0420FCE710B511B1FFF7AF
S21400E24035FE10BD01204042FBE713B5F2F714FC83
S21400E250C0B2012823D16B469C1C210001A8F2F70E
S21400E26013FC21780198FFF7E8FFC3B204201E2BA9
S21400E27006DC152B05DC012B13D0062B13D05BB167
S21400E28016BD163B1800082B17D804F03DF90E10E3
S21400E2901216161616161400052001F00DFE0020A4
S21400E2A0EEE70820F9E70020F7E70B20F5E70C205B
S21400E2B0F3E70D20F1E70A20EFE70420E0E713B5C7
S21400E2C0F2F7DAFBC0B2012801D0042016BD6B4677
S21400E2D09C1C210001A8F2F7D7FB0023E15E03296E
S21400E2E0F3DC002301981AB291420BDCC9B2FFF7A7
S21400E2F0A4FF431E9BB2DF2BE7D8C0B200F04EFF50
S21400E3000020E3E7C25C0133303A092AEBD9DCE7A8
S21400E31010B50400F2F792FA10B10548FFF793FC27
S21400E3202000FFF790FC0348FFF78DFC10BDC046A9
S21400E330F03C0100743D010010B50400F2F786FAC7
S21400E3400448FFF780FC2000FFF77DFCF2F7C0FAD8
S21400E35010BDC0467D3E010010B530B1102805D86E
S21400E360034B8000C058FFF7E7FF10BD0148FAE7EF
S21400E3706C4F01007F3E010010B530B1192805D85A
S21400E380034B8000C058FFF7D7FF10BD0148FAE7DF
S21400E390004F0100993E010037B5F2F76DFBC4B29D
S21400E3A094B1012C1BD16B469D1C290001A8F2F7E5
S21400E3B06BFB0022AB5E012B11D121000198FFF709
S21400E3C075FDC4B2012C0AD8200001F0E9FE002138
S21400E3D0080001F0DBFC030010B1FFF7CDFF0423BB
S21400E3E018003EBD10B5F2F747FBC0B240B901F0C9
S21400E3F0A1FD18B90322034B1A8010BDFFF7BCFF1E
S21400E4000420FAE7B86200207FB500F0D5FE0400CD
S21400E41000F0BEFE0500F2F72FFBC0B2012821D1A6
S21400E4200A266E44310003A8F2F72EFB310003984B
S21400E430FFF7B6FDB0B10023F15E99B100232200CC
S21400E4400093C9B22B0000F0D5FC040040B9F2F7E7
S21400E450FBFA054B1880054B1C80200004B070BDED
S21400E460FFF78AFF0424F8E7BA620020B8620020AB
S21400E4701FB5F2F701FBC0B2012815D16B469C1DF3
S21400E480210002A8F2F700FB23880421029A03A8C1
S21400E490FFF7E9FD030040B9039800BA00F0B8FDA5
S21400E4A0030010B1FFF768FF0423180004B010BD86
S21400E4B01FB5F2F7E1FAC0B201281BD16B469C1DCE
S21400E4C0210003A8F2F7E0FA238802AC032120001B
S21400E4D0039AFFF7C8FD030068B920786378000444
S21400E4E01B021843A378184300F0AEFD030010B1DA
S21400E4F0FFF742FF0423180004B010BD10B586B025
S21400E500F2F7BAFAC0B2012814D16B469C1C21005F
S21400E51001A8F2F7B9FA23881021019A02A8FFF79A
S21400E520A2FD030038B902A800F046FD030010B1B2
S21400E530FFF722FF0423180006B010BD10B586B002
S21400E540F2F79AFAC0B2012814D16B469C1C21003F
S21400E55001A8F2F799FA23881021019A02A8FFF77A
S21400E56082FD030038B902A800F010FD030010B1C8
S21400E570FFF702FF0423180006B010BD13B5F2F72C
S21400E5807BFAC0B2012815D16B469C1C210001A85D
S21400E590F2F77AFA0022A35E012B0BD1019B1878C2
S21400E5A03038C0B2022805D800F0A2FC030010B133
S21400E5B0FFF7E2FE0423180016BD0000F0B585B094
S21400E5C000F0FAFD0A24050000F0E2FD6C4421008C
S21400E5D0060003A8F2F758FA0023E75E03990F48EF
S21400E5E0BAB2FFF70CFE040088B9F90FC919491032
S21400E5F0009033002A000948C9B200F0FBFB040073
S21400E60040B9F2F721FA064B1880064B1C80200012
S21400E61005B0F0BDFFF7B0FE0424F8E7BC620020AA
S21400E620BA620020B862002013B5F2F725FAC0B22D
S21400E630012816D16B469C1C01A82100F2F724FA8B
S21400E6400023E05E01280CD1019B1B785BB2302BC7
S21400E6500AD0312B05D100F041FD030010B1FFF7C1
S21400E6608BFE0423180016BD0020F4E713B5F2F75E
S21400E67003FAC0B201281CD16B469C1C210001A8DD
S21400E680F2F702FA0023E15E052912DC0198C9B20E
S21400E690FFF7D3FD80B203004CF25C12F53BFF3B64
S21400E6A09BB2934205D800F0B7FD030010B1FFF708
S21400E6B063FE0423180016BD13B5F2F7DDF9C0B2E9
S21400E6C0012817D16B469C1C210001A8F2F7DCF943
S21400E6D00023E15E02290DDC0198C9B2FFF7ADFD0B
S21400E6E083B20F2B06D8C0B200F0BEFD030010B1F7
S21400E6F0FFF742FE0423180016BD000010B5F2F71F
S21400E700BBF9C0B288B900F0ABFB094C38B901229E
S21400E710084B1A80022322781343237010BDFFF79C
S21400E7202BFE02222378934323700420F6E7C0468C
S21400E730B7620020B862002037B5F2F79DF9C4B280
S21400E740012C17D16B469D1C290001A8F2F79CF9F5
S21400E7500022AB5E012B0DD1019B1B785BB2302BE8
S21400E7600BD0312B06D1200000F02CFD030010B199
S21400E770FFF702FE042318003EBD0024F3E7000066
S21400E78010B5F2F779F9C0B280B900F0ABFD084CCD
S21400E79030B90123074A138022781343237010BD33
S21400E7A0FFF7EAFD01222378934323700420F6E75F
S21400E7B0B7620020B862002010B5F2F75DF9C0B26B
S21400E7C028B900F09FFD030010B1FFF7D5FD042324
S21400E7D0180010BD10B5F2F74FF9C0B298B900F0A6
S21400E7E0BFFC00F098FD094C38B90122084B1A808E
S21400E7F0042322781343237010BDFFF7BDFD0422C7
S21400E8002378934323700420F6E7C046B7620020BF
S21400E810B862002010B5F2F72FF9C0B288B900F040
S21400E8208EFD094C38B90122084B1A80082322783D
S21400E8301343237010BDFFF79FFD082223789343F0
S21400E84023700420F6E7C046B7620020B8620020B6
S21400E85013B5F2F711F9C0B2012802D0042318004C
S21400E86016BD6B469C1C210001A8F2F70DF900238B
S21400E870E15E0129F2DC019803D10378303B072BD7
S21400E880ECD8C9B2FFF7D9FCC0B20728E6D800F02A
S21400E89055FC03000028E2D0FFF76EFDDEE7F0B57A
S21400E8A089B005AE0C220021300004F0B3FDF2F76B
S21400E8B0E3F8C3B20193062B24D90027042400F002
S21400E8C07FFD0100874220D90424200009B0F0BD56
S21400E8D002AB9C1D210004A8F2F7D6F8238802217B
S21400E8E0049A03A8FFF7BFFB04000028E7D102AB99
S21400E8F09B886A005BBAB3520135019BEFB2BB42FC
S21400E900E6D8DCE700250424F7E7002CDDD130004C
S21400E91000F030FD04000028D7D0FFF72DFDD3E728
S21400E92037B5F2F7A9F8C5B2012D1CD16B469C1C71
S21400E930210001A8F2F7A8F8238802216846019A68
S21400E940FFF791FB040050B96B46188840BA80B2B6
S21400E95000F090FD040020B9280000F0F1FF200030
S21400E9603EBDFFF709FD0424F9E730B585B0F2F7A0
S21400E97083F8C0B2012821D16B469C1D210003A854
S21400E98002ADF2F781F8238803212800039AFFF7E7
S21400E9906AFB040068B928786B7800041B021843E9
S21400E9A0AB78184300F084FD040028B9022000F07C
S21400E9B0C7FF200005B030BDFFF7DEFC0424F8E7F3
S21400E9C01FB5F2F759F8C0B201281BD16B469C1D43
S21400E9D0210002A8F2F758F823880421029A03A817
S21400E9E0FFF741FB040040B9039800BA00F032FF7D
S21400E9F0040028B9042000F0A3FF200004B010BDD6
S21400EA00FFF7BAFC0424F8E71FB5F2F735F8C0B2F2
S21400EA1001281BD16B469C1D210002A8F2F734F892
S21400EA2023880421029A03A8FFF71DFB040040B9BF
S21400EA30039800BA00F02AFF040028B9082000F066
S21400EA407FFF200004B010BDFFF796FC0424F8E713
S21400EA5010B500F09DFB18B1012806D0042010BDAB
S21400EA600348FFF769FC0020F9E70248F9E7C046CB
S21400EA70A83E0100BB3E010000B589B001A800F029
S21400EA806BFA082201A903A8FFF7C8FA03A8FFF744
S21400EA9053FC002009B000BD1FB500F0C9FA00BA4B
S21400EAA004226946009001A8FFF7B8FA01A8FFF70C
S21400EAB043FC002005B000BD1FB500F0D5FA01A943
S21400EAC0030C0B708870030A032202A84B70FFF732
S21400EAD0A5FA02A8FFF730FC002005B000BD00B57F
S21400EAE089B001A800F04AFA082201A903A8FFF796
S21400EAF095FA03A8FFF720FC002009B000BD00002F
S21400EB0010B500F0D9FA0300012804D10448FFF735
S21400EB1013FC002010BD0420002BFBD10148F6E7B3
S21400EB20CC3E0100D33E010010B500F0F5F903001D
S21400EB3020B90748FFF700FC002010BD012801D1CE
S21400EB400448F7E70420022BF7D10348F2E7C04653
S21400EB50D93E0100E33E0100ED3E010010B500F095
S21400EB60A5FA0D2819D803F0CFFC0E1818181807A8
S21400EB7018180C18161012140948FFF7DDFB0020B1
S21400EB8010BD0848F9E70848F7E70848F5E70848D9
S21400EB90F3E70848F1E70848EFE70420F0E7C04647
S21400EBA0F73E0100FF3E0100073F0100163F01004F
S21400EBB0263F0100363F0100463F010010B500F039
S21400EBC081FA20B10348FFF7B7FB002010BD0248CA
S21400EBD0F9E7C046553F0100633F010010B500F05D
S21400EBE015FB030020B90548FFF7A6FB002010BD63
S21400EBF00420012BFBD10248F6E7C046723F010015
S21400EC00823F010010B500F0EFFA0300012804D19E
S21400EC100448FFF791FB002010BD0420002BFBD119
S21400EC200148F6E7913F0100A23F01001FB5FDF73E
S21400EC3029FD00BA04226946009001A8FFF7EEF904
S21400EC4001A8FFF779FB002005B000BD1FB500F056
S21400EC5023FC01A940BA0880022202A8FFF7DEF9C9
S21400EC6002A8FFF769FB002005B000BD1FB500F045
S21400EC702FFC01A9030C0B708870030A032202A85C
S21400EC804B70FFF7CBF902A8FFF756FB002005B044
S21400EC9000BD1FB500F0EEFD00BA042269460090E4
S21400ECA001A8FFF7BBF901A8FFF746FB002005B057
S21400ECB000BD1FB500F0FAFD00BA042269460090B8
S21400ECC001A8FFF7ABF901A8FFF736FB002005B057
S21400ECD000BD000070B505000E001400F1F7B6FD8B
S21400ECE00548FEF7B0FF3100280062B2FEF7C9FF04
S21400ECF0F1F7EEFD70BDC0467D3E010010B500F098
S21400ED00A7FA00220521FFF7E5FF002010BD10B589
S21400ED1000F0C2FA00220221FFF7DCFF002010BD3F
S21400ED2010B500F049FA00220321FFF7D3FF0020B8
S21400ED3010BD10B500F014FA00220121FFF7CAFF3B
S21400ED40002010BD7047704710B501F01DF910BDCA
S21400ED5010B501F035F910BD10B501F0F7FA10BD89
S21400ED6010B501F081FB10BD10B5FEF7EAF810BD36
S21400ED70062370B592B002A90B701A4B0400187ADD
S21400ED80F5F7CAF82C266A46022392191370164B1A
S21400ED90050010000C93F8F7CFFD6A46032392197E
S21400EDA01370124B10000C93F8F7C6FD6A46082342
S21400EDB0921913700E4B10000C93F8F7BDFD6A46BF
S21400EDC0002304A813741575F9F71AFD2CB10B2847
S21400EDD005D1089A099B2260636012B070BD0022BC
S21400EDE00023F8E7D4650020EF650020F7650020D3
S21400EDF0DF650020F0B50D008BB01F0001920023E8
S21400EE000022009003A9280004AC109E22616361D2
S21400EE10F8F7B0F9082808D102AB5A791B799A425C
S21400EE2004D1C6B10022002313E068B90B4B019A47
S21400EE3027706A331B782271009A5BB22000A260AA
S21400EE40A581A373F9F7A4FE2EB10B28EAD1226997
S21400EE506369326073600BB0F0BDC046D4650020B5
S21400EE60032300B589B002A80370F9F7C9FC28B9D6
S21400EE700300020001000090FFF7BCFF09B000BDD0
S21400EE80352330B589B001AC2370154B2000636084
S21400EE90F8F752FD0523134D23706B6E2000636058
S21400EEA0F8F74AFD06232370EB6D20006360F8F741
S21400EEB043FD0E2323700C4B20006360F8F73CFDE7
S21400EEC00F232370094B20006360F8F735FD0123FC
S21400EED0200023702371F8F72FFD002009B030BD05
S21400EEE000040001D4650020FF6500200F660020A6
S21400EEF010B5040088B00320022C09D86A46002307
S21400EF0001A813711472F8F717FD08B9014B5C726B
S21400EF1008B010BDD465002000B589B000236A464D
S21400EF2001A81371F8F77AF96B46187A09B000BD94
S21400EF3010B5034B010010221800FEF706FF10BDA7
S21400EF40DF65002010B5034B010008221800FEF70D
S21400EF50FCFE10BDEF65002010B508220149FEF743
S21400EF60F4FE10BDEF65002010B5034B010008222B
S21400EF701800FEF7EAFE10BDF765002010B508225F
S21400EF800149FEF7E2FE10BDF765002030B50F23FD
S21400EF90050089B001A803704560F8F7CDFC0400B1
S21400EFA020B9102229000348FEF7CFFE200009B042
S21400EFB030BDC0460F66002030B50E23050089B070
S21400EFC001A803704560F8F7B7FC040020B91022CA
S21400EFD029000348FEF7B9FE200009B030BDC04640
S21400EFE0FF65002030B50723050089B001A803702F
S21400EFF04560F8F7A1FC040020B910222900034858
S21400F000FEF7A3FE200009B030BDC0461F660020F4
S21400F01010B50623040088B001A803704460F8F712
S21400F0208BFC08B9014BDC6508B010BDD465002028
S21400F030062310B588B001AC20002370F8F7EEF870
S21400F040029808B010BD000010B50523040088B073
S21400F05001A803704460F8F76FFC08B9014B5C66C2
S21400F06008B010BDD4650020052310B588B001ACEB
S21400F07020002370F8F7D2F8029808B010BD00B54B
S21400F08089B06A461D23107201A81371F8F754FC64
S21400F09009B000BD00B589B01D236A4601A81371EA
S21400F0A0F8F7BCF86B46187A09B000BD014B187A21
S21400F0B07047C046D4650020014B987A7047C0461A
S21400F0C0D465002000B589B004236A4601A81371F0
S21400F0D0F8F7A4F86B46187A09B000BD30B589B0C9
S21400F0E00500FFF7EFFFA84221D001AC45B9042385
S21400F0F0200023702571F8F71FFC60B109B030BD01
S21400F1002D2323700B4B20001B782371F8F714FC7B
S21400F1100028ECD0F2E7084B68331D703DB92D236C
S21400F12020002370F8F77AF82279024B1A70002034
S21400F130E4E7C046E0640020D465002010B588B03F
S21400F1406A4647230400107201A81371F8F7F4FB0F
S21400F15010B9024B6C331C7008B010BDD46500208B
S21400F16000B589B047236A4601A81371F8F756F828
S21400F1706B46187A09B000BD03000320012B03D8A4
S21400F1800020024A613213707047C046D4650020E2
S21400F190014B613318787047D4650020421ED2B206
S21400F1A003000320DF2A03D80020024A62321370CD
S21400F1B07047C046D4650020014B6233187870470C
S21400F1C0D465002010B588B06A4643230400107248
S21400F1D001A81371F8F7B0FB10B9024B60331C702E
S21400F1E008B010BDD465002000B589B043236A4638
S21400F1F001A81371F8F712F86B46187A09B000BD2B
S21400F200014B693318707047D4650020014B693391
S21400F21018787047D465002010B588B027236A4652
S21400F2200400029001A81371F8F786FB60B9074B3B
S21400F2306A46E4331C802823137140F2E83301A8A1
S21400F240E4180294F8F778FB08B010BDE4640020D8
S21400F250272310B588B001AC20002370F7F7DEFF37
S21400F260029880B208B010BD30B50A4C05002300E5
S21400F27068331B78002089B04BB96A462D3301A845
S21400F28013711572F8F758FB08B96A34257009B07F
S21400F29030BDC046D465002000B589B02D236A462F
S21400F2A001A81371F7F7BAFF6B46187A09B000BDCC
S21400F2B010B50A4B040068331B78002088B053B1A1
S21400F2C06A462D2301A813711472F8F735FB10B99E
S21400F2D0034BE6331C7008B010BDC046D465002052
S21400F2E0E4640020082300B589B002A80370F9F78B
S21400F2F087FA28B90300020001000090FFF77AFDA4
S21400F30009B000BD7FB50A236A4668461370F9F750
S21400F31077FA07B000BD00B589B00B236A461372B2
S21400F320043B1840107302A8F9F76AFA28B90300DC
S21400F330020001000090FFF75DFD09B000BD0C2340
S21400F34000B589B002A80370F9F75AFA28B9030085
S21400F350020001000090FFF74DFD09B000BD30220D
S21400F36000B589B001AB029018001A70F8F7E4FAFD
S21400F37009B000BD70B52423050088B001A80C00B4
S21400F38003704560F8F7D8FA0600054B29000548D3
S21400F39062001C70FEF7D9FC300008B070BDC04695
S21400F3A04266002044660020232200B589B001ABE7
S21400F3B0029018001A70F8F7BFFA09B000BD0000F6
S21400F3C000B50A4B187A0D280BD803F09DF8070AEB
S21400F3D00A0A0A070A0A0C0A070707070120C0B22A
S21400F3E000BD0020FBE70620F9E7C046D4650020F4
S21400F3F02423F0B589B001AF060038000D003B703D
S21400F400F7F70CFFFFF7DCFF42000400029930001C
S21400F41092B2FEF79AFC2C7009B0F0BD2323F0B52B
S21400F42089B001AF060038000D003B70F7F7F6FE16
S21400F430FFF7C6FF420004000299300092B2FEF7C2
S21400F44084FC2C7009B0F0BD10B588B06A4648231D
S21400F450137103005A1E93416A46040001A81372F2
S21400F460F8F76AFA10B9024B6D331C7008B010BD7D
S21400F470D465002010B588B06A464B23040010817E
S21400F48001A81371F8F758FA08B9024BDC8008B0E7
S21400F49010BDC046E464002000B589B04B236A4620
S21400F4A001A81371F7F7BAFE6B46188909B000BDBC
S21400F4B010B54C23040088B001A803704460F8F728
S21400F4C03BFA08B9014B9C6008B010BDE46400200C
S21400F4D04C2310B588B001AC20002370F7F79EFED1
S21400F4E0029808B010BD000010B588B06A46252303
S21400F4F00400107201A81371F8F71EFA10B9024B37
S21400F500E7331C7008B010BDE464002000B589B075
S21400F51025236A4601A81371F7F780FE6B46187A12
S21400F52009B000BDF7B5174B04001B7A1600052B73
S21400F5300BD003D82BB90F25022708E00A3B032B74
S21400F540F9D900252F00290001E00F250327091906
S21400F550CBB20193019B9C4200D1F7BDA542FCD3E0
S21400F560A74206D8316841B120007268B368F7F741
S21400F570F7FF01340C36E4B2ECE72000F8F70CF89D
S21400F580F7E7C046D4650020F0B58BB006000C0047
S21400F590019241B3002A2DD0174B187A0D2827D890
S21400F5A002F0B2FF07262626260726262426070769
S21400F5B007070F25AE421BD81E2303AFAD1B013530
S21400F5C038003B70F7F72AFE2B1CEDB2A54200D997
S21400F5D0231C0C210A007143DCB27B68624301984D
S21400F5E05918FEF7B2FB20000BB0F0BD4725E1E747
S21400F5F00024F8E7019CF6E7D465002010B588B033
S21400F6006A462E230400107201A81371F8F794F9C5
S21400F61010B9024BE8331C7008B010BDE46400203B
S21400F62000B589B02E236A4601A81371F7F7F6FDD8
S21400F6306B460820185609B000BD000010B588B00B
S21400F6406A464D230400107201A81371F8F774F986
S21400F65010B9024BE9331C7008B010BDE4640020FA
S21400F66000B589B04D236A4601A81371F7F7D6FD99
S21400F6706B46187A09B000BD10B588B06A464E23AE
S21400F6800400107201A81371F8F756F910B9024B6E
S21400F690EA331C7008B010BDE464002000B589B0E1
S21400F6A04E236A4601A81371F7F7B8FD6B46187A21
S21400F6B009B000BD10B588B01F236A46040001A833
S21400F6C01371F7F7ABFD01A80294F8F735F968B99E
S21400F6D021236A4601A81371F7F7A0FD01A802943A
S21400F6E0F8F72AF910B9024BE0331C6008B010BDD9
S21400F6F0E46400201F2310B588B001AC20002370FE
S21400F700F7F78CFD029808B010BD00001F2330B537
S21400F710040089B001AD28002B70F7F77FFD2800A4
S21400F7202C72F8F709F960B9212328002B70F7F737
S21400F73075FD28002C72F8F7FFF810B9024BEB3372
S21400F7401C7009B030BDC046E464002000B589B026
S21400F7501F236A4601A81371F7F760FD6B46187BF6
S21400F76009B000BD10B588B06A464F230400107279
S21400F77001A81371F8F7E0F810B9024BEC331C70CF
S21400F78008B010BDE464002000B589B04F236A4677
S21400F79001A81371F7F742FD6B46187A09B000BD51
S21400F7A010B588B06A4650230400107201A8137181
S21400F7B0F8F7C2F810B9024BED331C7008B010BD54
S21400F7C0E464002000B589B050236A4601A813718E
S21400F7D0F7F724FD6B46187A09B000BD10B588B05F
S21400F7E06A4651230400107201A81371F8F7A4F8B2
S21400F7F010B9024BEE331C7008B010BDE464002054
S21400F80000B589B051236A4601A81371F7F706FDC3
S21400F8106B46187A09B000BD10B588B06A46422318
S21400F8200400107201A81371F8F786F810B9024B9D
S21400F830EF331C7008B010BDE464002000B589B03A
S21400F84042236A4601A81371F7F7E8FC6B46187A5C
S21400F85009B000BD10B55223040088B001A803709B
S21400F8604460F8F769F808B9014BDC6008B010BDD1
S21400F870E4640020522310B588B001AC2000237049
S21400F880F7F7CCFC029808B010BD000010B5532363
S21400F890040088B001A803704460F8F74DF808B972
S21400F8A0014B1C6108B010BDE4640020532310B562
S21400F8B088B001AC20002370F7F7B0FC029808B0BF
S21400F8C010BD0000014B18717047C046E46400206C
S21400F8D0F8B505000E000027094C23682B4207D018
S21400F8E0227A607A6168FEF749FA08B923681F43EE
S21400F8F0044B0C349C42F0D10EB13D403560F8BD4F
S21400F900C44E0100004F0100F8B505000E000027A8
S21400F910094C23682B4207D0227A607A6168FEF78A
S21400F92033FA08B923681F43044B0C349C42F0D1C9
S21400F9300EB13D403560F8BDC44E0100004F0100D9
S21400F940F7B5784B1D7A2B000A3B032B00D8002511
S21400F950744B9A7A0323012A0AD0002D00D1DFE0E7
S21400F9606B1F5A1E93410F225B4293436E4A9B18AD
S21400F9701C000440034200D1D1E00023012601937D
S21400F980344204D0FFF788FD684B0196D8800226E3
S21400F990344206D0019FFFF79BFD644B3E439860C0
S21400F9A001960426344206D0019FFFF763FF5F4BA3
S21400F9B03E43D86001960826344206D0019FFFF7E2
S21400F9C075FF5A4B3E431861019615B1053D022D51
S21400F9D00AD810252C4207D0019E29000020544A40
S21400F9E03543FFF7D1FD019520252C4207D06B4605
S21400F9F0019E5048D91C3543FFF710FD0195402560
S21400FA002C420AD0474B68331B7833B1019EFFF770
S21400FA1043FC494B35431870019580252C4206D08F
S21400FA20019EFFF773FD454B35431870019540F274
S21400FA3000152C4206D0019EFFF7F2FD404B3543E1
S21400FA401870019540F200252C4206D0019EFFF763
S21400FA5007FE3C4B35431870019540F200452C429A
S21400FA6006D0019EFFF71AFE374B354318700195F6
S21400FA7040F600052C4206D0019EFFF73BFE334BB6
S21400FA8035431860019541F200052C4206D0019ED0
S21400FA90FFF75CFE2E4B35431870019542F20005C9
S21400FAA02C4206D0019EFFF7D3FB2A4B3543188025
S21400FAB0019544F200052C4206D0019EFFF764FE35
S21400FAC0254B35431870019548F200052C4206D0A8
S21400FAD0019EFFF777FE214B354318700195802570
S21400FAE06D022C4206D0019EFFF78AFE1C4B354362
S21400FAF0187001958025AD022C4206D0019CFFF7B8
S21400FB009DFE184B254318700195019838B101A940
S21400FB10FFF7FAFE054A019913680B431360F7BD19
S21400FB20014B25E7D4650020FCFF0300E4640020B9
S21400FB30F8640020B8650020CA650020CB65002068
S21400FB40CC650020CD650020CE650020C465002071
S21400FB50CF650020C8650020D0650020D165002054
S21400FB60D2650020D365002010B5FFF7E9FE10BD72
S21400FB70F7B5814F3E7A33000A3B032B00D80026A8
S21400FB807E4DBA7A2B79D3B1022B2BD000232B6073
S21400FB90BC7A012C31D1234203D0E888FFF76AFCF7
S21400FBA0002402232A681A4200D1DFE0A868FFF783
S21400FBB07FFC002C00D0DAE000232B71F7BD032079
S21400FBC0012A08D0AEB1701F431E98410F23404251
S21400FBD098436B4BC018002301A92B60FFF778FEF3
S21400FBE0019BD4E7012A06D000230C20002AF2D07D
S21400FBF0CDE76348EFE70320EDE70424234203D074
S21400FC00E868FFF727FE002408232A681A4200D176
S21400FC1090E02869FFF73AFE16B1053E022E08D896
S21400FC2010212B680B4200D186E00020554AFFF7D2
S21400FC3079FC20232A681A4200D17FE05248FFF759
S21400FC40B3FB68373B7843B140232A681A4277D023
S21400FC502B00E6331878FFF72BFB80232A681A421E
S21400FC6070D02B00E7331878FFF73EFC40F2001305
S21400FC702A681A4268D0E8202856FFF7BFFC40F2F0
S21400FC8000232A681A4261D02B00E9331878FFF760
S21400FC90D5FC40F200432A681A4259D02B00EA33BA
S21400FCA01878FFF7E9FC40F600032A681A4251D09C
S21400FCB02B00E0331868FFF7FDFC41F200032A68CA
S21400FCC01A4249D02B00EB331878FFF71FFD42F29B
S21400FCD000032A681A4241D02B00E4331888FFF745
S21400FCE09BFA44F200032A681A4239D02B00EC3300
S21400FCF01878FFF737FD48F200032A681A4231D019
S21400FD002B00ED331878FFF74BFD80232A685B0243
S21400FD101A4229D02B00EE331878FFF75FFD8023B8
S21400FD202A689B021A4221D02B00EF331878FFF77F
S21400FD3073FD3EE71C436FE70C437AE71C4380E7FE
S21400FD401C438AE71C4391E71C4398E71C43A0E743
S21400FD501C43A8E71C43B0E71C43B8E71C43C0E7B6
S21400FD601C43C8E71C43D0E71C43D8E71C432000CD
S21400FD70FFF7E6FD20E7C046D4650020E4640020D7
S21400FD80FCFF0300F8640020B865002070B53A4B0D
S21400FD9000285FD1394A1A60394A5A60394A9A604F
S21400FDA0394ADA60394B00295CD1394A59601A6001
S21400FDB0384A9A60384ADA60384A394C1A61227AE8
S21400FDC032492D48F8F79AFB0500002840D1FFF786
S21400FDD063FA344B1870E06DFFF71AF93248FFF7F4
S21400FDE0EBF83248FFF7D2F8606EFFF72DF92300E4
S21400FDF060331878FFF7E6F923006A331878FFF7C0
S21400FE0033FA230068331878FFF768F923006B335A
S21400FE101878FFF734F9607AFFF76AF823006D3335
S21400FE201878FFF711FB0A20FFF799FA23006C33C6
S21400FE301878FFF783F96E341D48FFF7D3F821785A
S21400FE4011B11C48FFF796FAFFF792FEF7F748FD48
S21400FE50280070BD02681A6042685A6082689A601C
S21400FE60C2689EE70A681A6000225A608A689A602A
S21400FE70CA68DA600A69A0E7D064002049ED00008D
S21400FE8051ED000059ED000061ED0000BC6400205B
S21400FE9069ED000069FB000045ED000047ED00003D
S21400FEA0D4650020E0640020FF6500200F66002077
S21400FEB01F66002044660020030010B509200D2BA5
S21400FEC014D843F62152DA40D2070FD5084A117AE1
S21400FED0994206D0110000206E31087005490230A4
S21400FEE00871002108001372FFF750FF10BDC046CE
S21400FEF0D4650020E4640020030010B50320012B25
S21400FF000BD8064A0020917A9372994205D00122B6
S21400FF10034B01001A71FFF739FF10BDD4650020AE
S21400FF20E464002010B5F0F715FC01235840C0B279
S21400FF3010BD000010B5054B9B7A1BB90120FEF7DB
S21400FF409FFF10BD0020FEF713FFFAE7D4650020E0
S21400FF5010B5407818B90348FEF7EEF910BDFEF765
S21400FF60FBF9FBE7BB3F010010B543782BB90379DB
S21400FF701BB10348FEF7E0F910BD0248FAE7C04699
S21400FF805D4301006A4301000B4B10B51B8804005B
S21400FF90012B07D0094B1888F0F750FD237813B1D2
S21400FFA0012B04D010BD2000FFF7D2FFFAE7200097
S21400FFB0FFF7DAFFF6E7C046B8620020BA62002014
S21400FFC0037837B50400022B43D84578002D40D17E
S21400FFD0037B13B32548FEF79BF92548FDF733FE50
S21400FFE0237BAB4236D82348FDF72DFE00220321A3
S21400FFF0E078FDF746FE1F48FDF725FE00220121AA
S214010000607CFDF73EFE1B48FDF71DFE00220A211F
S214010010206AFDF736FEF0F75BFC174B69331B7859
S214010020012B16D11548FEF773F91148FDF70BFEA3
S214010030002203210E23E05EFDF723FE0D48FDF7A7
S21401004002FE1020002203212056FDF71AFEF0F7CB
S2140100503FFC37BDA1680122491901A8FDF7DEFF63
S214010060013501A8FDF7EFFDEDB2B9E771430100D7
S2140100707D3E0100653E0100D4650020A9420100D5
S21401008010B504000948FEF743F90948FDF7DBFD02
S21401009063782BB90748FDF7D6FDF0F719FC10BDBC
S2140100A0082B01D10448F6E70448F4E78D42010025
S2140100B07D3E01007743010085430100974301001F
S2140100C070B5124D04002B789B071AD51048FEF721
S2140100D01FF91048FDF7B7FD66789EB93200032177
S2140100E0207CFDF7CEFD0C48FDF7ADFD3200032167
S2140100F0607CFDF7C6FDF0F7EBFB02222B789343FD
S2140101002B7070BD0548FDF79EFDF4E7B762002031
S214010110BD4201007D3E0100653E01007B410100BC
S21401012010B5FEF7F9FE124C6072FFF75DF823007A
S21401013060331870FEF7C6FF230068331870FEF7A9
S214010140A9FF23006B331870FFF70AF823006C33FE
S2140101501870FEF76DFFE065FEF786FF7C22210032
S21401016060660020F0F708FA0320FFF7E9FB10BDF0
S214010170D465002010B57C220349044803F0B3F986
S2140101800320FFF79FFB10BD98520100D4650020A5
S21401019010B5F0F73FFAF0F7A9FAFFF7EBFF10BD3D
S2140101A013B50400082268460E4903F09CF9B4B959
S2140101B07C2220000C49F0F705FA20B97C220B4975
S2140101C00948FDF7C2FD08226946074803F02AF9E7
S2140101D010B9FFF777FB13BDFFF7DAFFFBE7FFF771
S2140101E0C9FFF8E7A3430100D46500209852010037
S2140101F010B5FDF7C5FE0E48FCF7CAFFFCF72EFA50
S2140102000020FFF7CDFF00210800FFF7BFFD0928FA
S21401021005D10848FDF717FDF0F75AFB10BD182861
S21401022001D10548F6E70328F8D10448F2E7C046AD
S21401023025FF0000AC430100E24301000944010030
S21401024070B50C4C05002378DB0710D50A48FEF77D
S2140102505FF80A48FDF7F7FC6B784BB90848FDF7DD
S214010260F2FCF0F735FB012223789343237070BD2F
S2140102700448F4E7B7620020D54201007D3E010044
S214010280BB3F01007B41010070B50C4C0500237893
S2140102905B0710D50A48FEF73BF80A48FDF7D3FC82
S2140102A06B784BB90848FDF7CEFCF0F711FB04223A
S2140102B023789343237070BD0448F4E7B7620020A7
S2140102C02A4301007D3E0100BB3F01007B41010046
S2140102D010B504000748FEF71BF80748FDF7B3FC06
S2140102E063782BB90548FDF7AEFCF0F7F1FA10BDBF
S2140102F00348F8E7214301007D3E0100BB3F0100B2
S2140103001F42010070B50C4C050023781B0710D561
S2140103100A48FDF7FDFF0A48FDF795FC6B784BB9D7
S2140103200848FDF790FCF0F7D3FA082223789343A8
S214010330237070BD0448F4E7B7620020354301001E
S2140103407D3E0100BB3F01007B41010003000078B8
S21401035010B50C280BD802F0D7F8070A0A0B0A0AC0
S2140103600A0A0F0A17131B001800FFF789FE10BDB3
S2140103701800FFF7A5FEFAE71800FFF761FFF6E79A
S2140103801800FFF781FFF2E71800FFF7A1FFEEE77D
S2140103901800FFF7B7FFEAE7F8B5437804000E2B1D
S2140103A002D00F2B47D0F8BDFEF730FF06002448D9
S2140103B0FDF7AEFF2348FDF746FC00220A216068E0
S2140103C0FDF75FFC0823E05E30220321FDF759FCB0
S2140103D0A37DA3B11C48FDF736FC0221E07DFDF7A5
S2140103E03CFC250027001848FDF72DFC18351E3764
S2140103F0287802210135FDF730FCBD42F8D1F0F72F
S21401040067FA012ECFD11148FDF782FF0D48FDF79F
S2140104101AFC002205211223E05EFDF732FC0A4891
S214010420FDF711FC1420002203212056FDF729FCBC
S214010430F0F74EFAB7E70648FDF76AFFF8E7C04659
S214010440384401007D3E0100653E0100A9420100DD
S2140104504244010010B50348FDF75AFFF0F738FA99
S21401046010BDC0464E440100037810B5092B04D0D8
S2140104700D2B01D1FFF7EEFF10BDFFF78DFFFBE758
S21401048010B5FCF7B7FDFFF7B3FEF0F759F908B161
S214010490F0F766FAF9F70CF8FCF736FE0028F4D008
S2140104A0F7F7D4F8F1E710B5FFF7EAFF10BD000043
S2140104B010B518B90122054B1A7010BD0228FCD1DF
S2140104C00349044801F082FAF7E7C04690C07E402F
S2140104D0B45401005066002010B5FFF7E4FF002079
S2140104E010BD0B6802781B0E534003700B684278F0
S2140104F01B0C534043700B6882781B0A5340837071
S2140105000B68C2785340C3704B6802791B0E534088
S21401051003714B6842791B0C534043714B688279D7
S2140105201B0A534083714B68C2795340C3718B6871
S214010530027A1B0E534003728B68427A1B0C53409F
S21401054043728B68827A1B0A534083728B68C27A25
S2140105505340C372CB68027B1B0E53400373CB68B8
S214010560427B1B0C53404373CB68827B1B0A534070
S2140105708373CB68C27B5340C3737047030004493F
S214010580103302788A5C027001309842F9D17047C4
S214010590A05601001FB56A4603781370437953705D
S2140105A0837A9370C37BD37003791371437A537143
S2140105B0837B9371C378D371037A1372437B53722F
S2140105C083789372C379D372037B1373437853731F
S2140105D083799373C37AD3731023190000F0EDF86F
S2140105E005B000BDF8B5060008780C0000F0F6F876
S2140105F00500607800F0F2F8A27863785340E2785C
S21401060053405D40684030706078277800F0E6F827
S2140106100500A07800F0E2F8A378E2787B4053402A
S2140106205D406840707063782778A0785F4000F07E
S214010630D5F80500E07800F0D1F8E3785F407D401A
S2140106406840B070207800F0C9F86278237853408B
S214010650A27853405840C5B2E07800F0BFF8454054
S214010660F570F8BDF0B58DB001AC22000500244B45
S214010670C1CBC1C2C1CBC1C2C1CBC1C241CB41C238
S2140106802800DDB30800C9B328000D0002001035AC
S2140106900B784E781B0636043343CE7833438E7878
S2140106A004313602334308C28D42F1D1042240F2AE
S2140106B0180CFF27134E0321C3680A4216D1614660
S2140106C0CB41190E755C19003940715C2D060D433E
S2140106D0190C39401B0A715C3B40F35C0904294341
S2140106E01B020B439108890061584B400168013297
S2140106F04B40036104302C2ADDD101200DB0F0BD42
S214010700A0570100A0560100F0B5050014008BB0FB
S214010710002850D0080000294DD01000002A4AD0E9
S21401072010230A0002A8190000F047F8210002A8C9
S214010730FFF7D7FE230026001027A03310360193BB
S21401074002A8FFF71BFF02A8FFF724FF02A906A8CD
S214010750FFF748FF03A907A8FFF744FF04A908A865
S214010760FFF740FF05A909A8FFF73CFF3B0039004A
S21401077006AA02A800F021F8310002A8FFF7B1FE90
S214010780019B10369E42DBD102A8FFF7F7FE02A8B6
S214010790FFF700FF210002A8A031FFF7A2FE1023F9
S2140107A002AA1900280000F008F802A81022002169
S2140107B000F010F801200BB0F0BD70B50D001C0064
S2140107C01100AB4204D81A0002F08DFE200070BD65
S2140107D00024FBE710B502F01DFE10BD02001B232E
S2140107E0C0094042184052005040C0B2704730B570
S2140107F01D00836949005B690400C95A222031B192
S214010800E0680B18095A002004332960136030BDD4
S214010810030070B5002504000833DB6F05609A6895
S21401082018685269904728006560A56070BD0A2364
S21401083070B58360036C0100013303640300083361
S214010840DC6FC268A36820685D6840310823A8474A
S21401085070BD41B1436813B14368022B03D1042331
S2140108604360033B83607047F0B585B00193002376
S2140108708377030008330400D86F83680068DD6857
S21401088002AB0733A8470500E0B90600A37F104F67
S21401089033B901210136080001F022FDBE42F5D12F
S2140108A0230058331A7801990A70BE420DD01A787F
S2140108B0022A07D01A78032A04D040F2F4151B78CE
S2140108C059342370280005B0F0BD1425FAE7C04658
S2140108D040420F000223F0B5060085B002AAD3718C
S2140108E0C268040015004BF6AD678836336801917F
S2140108F09B180835436163699D421BD2019BB3B1C6
S21401090002AB0422290020000733FFF7ADFFA0B990
S21401091002ABDB79022B0DD0A1693368CA6828883F
S2140109200A3252009B1A834209D2212003E0A36EA9
S2140109309D42F1D10020A566256105B0F0BD0322D8
S214010940EB1D1B1893435A88BA42EED11A884869A0
S214010950E1685200691A11521A881D1DE265CAE73C
S21401096010B50400436E0021C36083691A69586993
S2140109700132520002F04EFD00212000FFF7AAFFCF
S21401098010BDF8B504000325836949005869626EF5
S214010990435A26699B18E3671B88221D0B33AB431A
S2140109A0D367E2689B19B71A475221008831096854
S2140109B000205218934205D92000FFF7D1FF0123EA
S2140109C06560A360F8BD0000030070B5002608331B
S2140109D086770400D86F836800689B68984705008F
S2140109E048B1280070BD0121080001F079FC0A4BCE
S2140109F001369E420DD0A37F002BF4D0230058333E
S214010A001A78002AEDD01B78593440F2F415237079
S214010A10E7E71425E5E7C04640420F00F8B543680E
S214010A2004000020032B22D0261DF56F202D00D9AF
S214010A30202527001F372A003800E16F02F053FDFA
S214010A400623A36023000833D86F39008368226920
S214010A505B6800689C462B006746B84723695B19AC
S214010A602361E36F5B19E367F36F5B1BF367F8BD05
S214010A7010B504008369616F1A690131914200D98A
S214010A80002161675A694800825A002AF3D0236F11
S214010A908B4207D02000FFF774FF10B92000FFF744
S214010AA0BDFF10BD23692000A367FFF7C0FEF8E76E
S214010AB0F7B50400019308000223A56911002E6909
S214010AC063602066984207D000216B694A009A5AF3
S214010AD012B901318E42F9D223008833E7681A68C9
S214010AE0BB189C462B68AD685D19654500D063460A
S214010AF0D2186766E36062618E4215D308332361BC
S214010B008BB223676367022805D12000089B019AF0
S214010B1000F00EF8FEBD2000FFF733FF0028F9D1E4
S214010B202000FFF77BFFF5E72000FFF780FEF1E7E7
S214010B3073B51C000326150002690B34A418B443D0
S214010B404669B44214D804005034218001000600DE
S214010B5048310B80C3684A36D31A33800223C564F2
S214010B608360606B836800685C680423A04776BD79
S214010B700A00009302212B00FFF79AFFF7E770B5F2
S214010B800500FFF7D5FF040001002800FFF761FE0E
S214010B90200070BD8369F0B51A69050001325869F5
S214010BA05200002185B002F035FC00234FF6FF729B
S214010BB0AB77EA65EB600193AB6901995A6891429C
S214010BC001D300243BE02F008837019A3E681B685A
S214010BD05643F61802AB0822310028000733FFF708
S214010BE043FE040058BB02ABDB79022B14D102ABE7
S214010BF0310028003A680733FFF736FE0400F0B9E3
S214010C0002ABDB79032B43D13A68120A3100280084
S214010C10FFF7DAFE040011E04BF6AD62F38893426B
S214010C20F2D1E96899B33A6830680B68120A9842BB
S214010C30ECD92800FFF7C8FE0400EE6044B3EB6869
S214010C404BBBAB6929001A689B688831D2182B0008
S214010C5009680833521AEA609CBB22492C64D9877A
S214010C602900D86FAC77836840315C680068082338
S214010C70A047040028BBAB7F33BB0121080001F06D
S214010C802FFB194B01349C42F5D1142426E0EE606B
S214010C90019B01338FE7212C0ED101260023012170
S214010CA02800AB83FFF716FE0400212816D0A8B94A
S214010CB02EB90123AB6011E084B90026EEE72124AA
S214010CC00CE0212C0AD1E8E72B0058331A78012AC8
S214010CD0F3D040F2F4141B7859352B70200005B080
S214010CE0F0BDC046ADBEFFFF40420F00002370B509
S214010CF08360836905009A681968120AFFF764FE23
S214010D00040018B92800FFF745FF04002800210059
S214010D10FFF79FFD200070BDF7B54D688A68070094
S214010D20B2FBF5F204000B6A81611B688830083754
S214010D30FB67026025480022606460652000244D40
S214010D40903025658D69C9692264A264E264816078
S214010D502100943105600A609A6803CB12689047B7
S214010D60060008BBA0602000FFF714FF050021283D
S214010D701CD133003200310020000096FFF798FEA8
S214010D80050058B9A368012B1AD00121080001F00B
S214010D90A7FA104B01359D42F4D11425FB6F2E00A6
S214010DA09A681868526990473000FEBD0028F5D150
S214010DB0E3681B68236400236360074B2360F3E743
S214010DC06368042BF4D140F2F415E7E70000ADBEEA
S214010DD0FFFFADBE404B4C0045455652F0B584680A
S214010DE00023250087B00093037858352B70A3683D
S214010DF01BB90133A37707B0F0BD2B78012B00D0C8
S214010E00DCE0A0680238082800D9B3E001F07CFBDA
S214010E10058B359FB8B2B2B2C000236903250433EF
S214010E2001932361230048331B88E76C1A002A408C
S214010E30A56002922B420AD1A56022003900083231
S214010E40D06F82685568019A0068A84739E0032B7D
S214010E500FD826008C3604220021300002F0DAFA80
S214010E6039003000029A02F03EFB37000423A560E9
S214010E70E3E70422AB43A260DFE7230048331E8882
S214010E802500032733008C35BB43042200212800AC
S214010E90A760019302F0BEFA3200019BE16C3A4072
S214010EA0C918280002F01FFB2269019B29009A1825
S214010EB023000833D86F2261836800685E680423C4
S214010EC0B04701002000FFF7C4FCA368012B00D047
S214010ED091E7230090331A68002A00D18BE76368F4
S214010EE0002B00D084E0A368013B591E8B41DBB286
S214010EF004A90B702300943498331B6820684B6058
S214010F00002877D00378009343680393030060C9F1
S214010F1060C390472368002B00D16CE7009A1A70D3
S214010F20039A5A6067E7230048331B8821695A18D9
S214010F309B0700D00A1D0523A36023002100083368
S214010F40D86F2261836850315D6804237CE72300F3
S214010F50210050331A882369E265043323614A313C
S214010F600888A169520049695052626822B9013263
S214010F70A260A3660020A4E72000FFF779FDA0E7A2
S214010F80231DDB6F2000002BF7D0FFF747FD98E706
S214010F90230088331A68E368616E9B186361002337
S214010FA02377A36F120A23610B23A3602300083360
S214010FB0D86F836800689B68984782E72B7823B9C7
S214010FC0009B63600123A360D4E763680098022B4B
S214010FD005D1A3680B2B02D02000FFF7C1FC23002C
S214010FE02A7859331A7004236360033BA36068E7C9
S214010FF063687CE708008CE7016142610020704766
S214011000F0B5036A87B005009C4600910192CBB10A
S214011010406A02ACC0B122000100C8C9C8C2096852
S2140110201160EA69009B12788360019B026003717C
S214011030AA6AC260E0476B6A23B123CC23C31A00B5
S2140110402368136007B0F0BD2000EAE7F8B54B69E6
S2140110502F4A03628B6904008362002343620B7884
S2140110600D00DB009B18C1618361EFF31081012342
S21401107083F31088274B28485A6802405A605B68F9
S21401108081F31088E169A269CF697B68587810718D
S214011090097818788C466646204940F2300C885507
S2140110A003261B7808781B09334066461B01B043AC
S2140110B003430B706B78E978DB00890018480B4313
S2140110C0A978415C05200B4379780B4339784900B0
S2140110D00B43DBB2D37003239370803393700023EA
S2140110E06361E360E333937029792200285601F0A7
S2140110F08FF97B680121588801F0F2F80720A97959
S2140111002856220001F084F9064B00206360F8BDE2
S21401111000340A40FC6F0440FF7FFFFF00350A40A1
S214011120D45701005452415570B5C36904000720D5
S2140111300E001856150001F05BF9731CA36002231C
S2140111400720A269013D9178E5600B439370E3693E
S214011150185601F045F93278A36900201A7070BD5F
S21401116010B5EFF30383103B0D4A5BB29B00985812
S214011170C168836939B182680139147801321C70FB
S214011180C160826010BD9C78022221001140144289
S21401119003D0997891439970F4E7FFF731FFF1E7AF
S2140111A03C69002010B5EFF303830724103B104A77
S2140111B05BB29B00985882695178537994710D4AB5
S2140111C02340D25CC9B212B1FFF71AFF10BD4369C2
S2140111D00422002BF8D003691970036941690133B1
S2140111E00139036141610029F0D10122ECE7C046D3
S2140111F03C690020CC5701007047000030B50E4A0C
S214011200017A95794068D37A147B8B432943C56963
S2140112100078E4B2032804D12878012806D01020EB
S214011220834314730020D372917130BD04201425BA
S2140112300443AB430143F4E700380A400300007857
S21401124000B5032808D801F05FF9020810141B7CCA
S2140112500C4AC9B29B18197000BD1B7C094A5B0871
S2140112605B009B1889B21980F6E7064B0A0C5A8078
S214011270F8E7DB691B78012BEED1024B89B2598066
S214011280EAE7C04600380A404B69F7B5C3608B6988
S2140112904160036101230A7C0C001900914005009E
S2140112A00172EFF3108183F310881020294BDA685E
S2140112B08243DA60DB6881F310880F23264926789B
S2140112C08A791A40B301DBB20193032E0ED1083896
S2140112D0CABBE069037840783340C0000536304029
S2140112E00343802003438B7240230193887A44266C
S2140112F0C00900B9403E194B1878471C1F7010B939
S214011300019B1A438A7101206B68CE711B7C267A79
S2140113105908034006309B00304098400300104AAD
S21401132089180A781343DBB20B7061686868013963
S214011330FFF784FF12202056002803DB2A00617C79
S21401134001F066F800206B68064A1B7C9B009D50E6
S214011350FEBDC046FC6F044000380A40006900200C
S21401136008380A40046900204289024B00209A8608
S2140113707047C046FE260A4030B5020085B0EFF33E
S2140113800383103B12495BB29B005D586C68E369AE
S214011390597800230439022905D8237C0D4A5B00BD
S2140113A09B5A02229BB2E96879B12D6901A80271A4
S2140113B00195022A07D1227C064C90325200125B1C
S2140113C0120401329B188360884705B030BDC046C1
S2140113D03C69002000260A4030B5C5694C1E6B7872
S2140113E0032B04D1AB79022B01D04C08013C037CC2
S2140113F0022006495B005B18A9788143012902D1C6
S214011400013AD2B25A70A4B21C8030BD00260A40FE
S214011410F8B50C000E7C01210B00B3400381636913
S2140114200500C360A36944600361EFF3108081F394
S2140114301088224BDA688A43DA60DB6880F310880A
S214011440E2691178D379C907C90F9B030B439178D9
S214011450481E8141C9020B43517819484900095A6F
S21401146080200B4317499BB20887217C1648883198
S21401147049000B52128920006168FFF7ADFF40F268
S2140114800011E7691220BA781302013A0B40511E87
S2140114908A411343B3406B812056002803DB2A00A0
S2140114A0617C00F0B5FF0B203856002803DB2A00CC
S2140114B0B97A00F0ADFF0020F8BDC046FC6F0440CD
S2140114C0D8570100FE260A4000260A4010B5002023
S2140114D0FFF752FF10BD436810B5C4681A78FF21A4
S2140114E0436904B1E15C84685200013311534361DE
S2140114F010BD436882681B785B009B5A02699BB2E9
S2140115000AB18169535483690133836170470000CE
S214011510F0B50B6A87B001935B795D4A41609B1811
S21401152000225B0283608B6904004362CB690D0075
S2140115308362431CDA77EFF31087012383F3108865
S2140115401E000198534A4079516806308640B143DF
S2140115505160526887F310886168A0680A6A029031
S21401156008788446487A8703060090780743202047
S214011570384380B2039010790490D77800037F0334
S2140115800743487B4449C00138430143029889B266
S2140115900591FE30418D89B2002E00D06DE00385A5
S2140115A01078039EC0030643B0B20390604608302D
S2140115B0834052780498520292B29BB201285AD1C3
S2140115C09943634601209840029F80B2814304916B
S2140115D0FE37BB8D029E0343BB85634640F2FE0C7D
S2140115E05B00F3189C446646039971826146059E2A
S2140115F04E831A80049B22007B85B8840320E979F8
S214011600285600F005FF254B23606B7A012B2FD15E
S214011610EFF3108083F31088214B196819B9214A1A
S2140116201170403111701A6801321A6080F3108807
S2140116304FF6FB74019A01981189C0680A0A1201D3
S214011640C9B252181849204052005052EFF3108187
S214011650012282F310881A6812B11A68013A1A60D8
S2140116601A681AB90F4B1A7080321A7081F31088F3
S214011670002007B0F0BD1943A3E753796246134330
S21401168023B90A4A0433D0780343D370002298E77B
S21401169010052000FC6F044007C0FFFF535541535F
S2140116A03869002040030A4000020A4000100A4040
S2140116B0F0B585B003920AAA029101931178421CF3
S2140116C0D27F08248ABB01273C00456882682B78B4
S2140116D016009C40BB409C46A4B2FE366244F4848D
S2140116E0FE32538B0739BB431F000B005942594149
S2140116F039435183B4842C6A518AA47889B2012C67
S21401170005D1019BA143022B00D92143518200241C
S2140117100122019B4461C361029B8461C360039BF8
S2140117200361431CDA77FFF7D6FE200005B0F0BD53
S21401173013B504AC24780094FFF7BAFF16BD000079
S214011740F0B585B0EFF30383103B214A5BB29B00F3
S2140117509C5863681D78A3686A009B180122FE33B3
S214011760598811420AD05A81042301A801950371B0
S214011770A36A8360636A984705B0F0BD5B8A1E0062
S2140117809FB21640134202D06369012B02D9200092
S214011790FFF7AFFE6269E3699A4203D22000FFF7C2
S2140117A09AFEE9E736B1012388359F43A3686D00A9
S2140117B0EF52E1E7636801A81B78019301230371E7
S2140117C0A36A8360636A01349847E677D4E7C04624
S2140117D03C69002070B50400012000F049FE227823
S2140117E0002A35D0032A28D123002A331978013359
S2140117F01B7809025B02206A656A194348F20003F6
S2140118000B43032A1DD1220029321278D201134339
S214011810A168E26801432A4340F240340F489BB274
S214011820015140F24431425040F660020C49012019
S2140118308B5200F0F7FD002070BD00210D0008005E
S214011840DCE7022AE4D122002B3212785202DEE7CC
S214011850293423781100DB01DEE7C0460060004032
S21401186000E0014010B5040008006160FFF7B2FF18
S21401187008B9014B236010BD4D504C5210B5040001
S214011880012000F0F5FD62681178022905D00023D9
S21401189003290DD12832127852B9134B1A68002346
S2140118A05202D10F9A4203DB104A137B1173DBB24B
S2140118B040F660020E498A5ABFF34F8F30BF626806
S2140118C01178022904D0032908D1283212782AB9BE
S2140118D0054A1268520201D4044A1373012000F02B
S2140118E0A1FD002010BDC046FC6F0440005400401E
S2140118F000E00140EFF31080012383F31088064BCC
S214011900196819B9054A1170403111701A68013207
S2140119101A6080F3108870473869002040030A4037
S214011920EFF31081012383F31088074B1A6812B175
S2140119301A68013A1A601A681AB9044B1A7080328A
S2140119401A7081F3108870473869002040030A40F6
S2140119500B0A1B01C9B25B1803495B005B5A0020E6
S2140119609B07DB0F1370704700020A400123C8B2C1
S214011970834000209BB20AB918001300034A090AE3
S21401198049018918088100204B81704700000A40F0
S214011990F8B50400FF25FFF7ADFF002220880A4EA8
S2140119A093B2984202D8FFF7BBFFF8BD6168D30037
S2140119B0C9188F8809683B0A1B012F40DB1989B2B9
S2140119C05B0099530132EBE700020A4010B5034B66
S2140119D003600800FFF7DCFF002010BD54524F5093
S2140119E070B5040002200856094A20718B68A3606E
S2140119F0CB68E3600B786371CD78D554002803DBA0
S214011A002200497800F0C2FC024B0020236070BD22
S214011A10006000405543490010B5007940B200F01F
S214011A20DFFC002010BD000007B5EFF30383103B79
S214011A30064A5BB29B009B583BB19A682AB159791A
S214011A40DB68684601910093904707BD3C6900201A
S214011A5040F21A23044A0020D35A812213405A1E08
S214011A6093410B707047C04600C07E400620704709
S214011A700620704706207047062070470A0010B5FA
S214011A80034B11CB11C2034B11CB11C2002010BD69
S214011A9000580100E85701000620704706207047ED
S214011AA00620704706207047C36A0D4A10B59A187B
S214011AB00133C362036B816A013B0363094B4C1C10
S214011AC084621800140CFE3092B2448242811A00DD
S214011AD00978FC3251638122FF335A7510BDC04626
S214011AE00000F0BD00C07E404143032903D98908A8
S214011AF001390029FCD17047264A0300126826489E
S214011B0010B5264982420BD88A4209D0244882421F
S214011B1006D02448824203D040F2F610DA6010BDA7
S214011B202148224C1218B2FBF1F10800A24202D958
S214011B3001200840081840F28352D86006204A4324
S214011B40B2FBF0F21A6140F276324A43B2FBF0F28F
S214011B505A6158224A43B2FBF0F29A61144A9960DC
S214011B604A43B2FBF0F2DA61124A4A43B2FBF0F2A0
S214011B701A62114A4A43B2FBF0F25A620F4B1A78C4
S214011B80012A01D10020CAE701221A70FFF7ACFF33
S214011B90F8E7C046F4690020FF083D0040420F0008
S214011BA080841E00C0C62D003F420F003F8AF70109
S214011BB0B86A0500C0B0070068ED220090C07E40FC
S214011BC044F6003313B5A522019340F28013F721A2
S214011BD00F4CE2500F4B9D3A5A7059705A705B7811
S214011BE0934200D1C04681681020FFF77DFF40F286
S214011BF01A22094BA352A35A98B203B916BD019BE8
S214011C001BB1019B013B0193F5E71420F6E7C046A3
S214011C1000C07E40FFC07E4000AAFFFF13B51049FA
S214011C2001900B6B5B0612D57F240E4B5A7D22402A
S214011C305A7500225A7501900B6B5B06D80F002B64
S214011C4008DA019B2BB1019B013B0193F4E7019B51
S214011C500BB9142016BD019B013B0193E1E7C04679
S214011C60FCC07E40FFC07E40002310B50360436881
S214011C70112018560300213301D000F0B9FB0020D3
S214011C8010BD0620704706207047000040F21A2358
S214011C9070B5114A114D8168EA5204000620FFF71B
S214011CA023FF40F28013A522EF21EA500C4B953A10
S214011CB05A7059705A705B78934200D1C04603201F
S214011CC0A168FFF711FF63681A781AB11120185638
S214011CD000F086FB70BDC04680AAFFFF00C07E40B4
S214011CE0FFC07E4070B50400FFF7D0FFE3683F20D9
S214011CF040F2D81209491F2B0BD9203B5B081F3332
S214011D008D58034085432B4320008B50FFF758FF27
S214011D1070BD1F25013B2B408D58F3E700C07E4068
S214011D200A7810B50B00040041602AB11120220088
S214011D30097C185600F02AFB230000223C332000C1
S214011D401A70FFF7D9FE28B92000FFF7CBFF08B9B4
S214011D50014B236010BDC0464E45504F10B50400E0
S214011D60FFF7CAFE10B92000FFF7BCFF10BD000048
S214011D70030000223C3310B51A7040F21A23074ABA
S214011D800400D35A0BB9FFF781FF0122044B200050
S214011D909A6200229A62FFF713FF10BD00C07E40D0
S214011DA0FCC07E40F8B50500080016001F00FFF7CE
S214011DB035FF0400142804D12800FFF7D9FF2000BE
S214011DC0F8BD40F2F0133400044AD3581C401E42BA
S214011DD0F5D02800FFF7CCFF3C00F0E700C07E40BE
S214011DE010B5FFF7C5FF002010BD0000F7B50700CE
S214011DF000263C373E700400150001910093FFF762
S214011E0045FF1C4B019A9C461B481C49624446717F
S214011E106B1E160C4E829B18194E92B24A811A0CF2
S214011E209BB272624B838323437563681B784BB105
S214011E300523009A3B70033B1370A369A363002537
S214011E402800FEBDA16940F2F81369431022200064
S214011E50FFF7A8FF050040B9F36A009A1B07DB0FDE
S214011E6020001370FFF7ACFEE9E72000FFF780FFC4
S214011E70E6E7C0460000F0BDFFC07E40FEC07E40E3
S214011E80FCC07E4070B503634368C2621E780025BD
S214011E9033005A1E934102009B003C32816213704C
S214011EA0436904008363FFF7F1FE0D4B5D71236BFD
S214011EB063B99DB92000FFF783FE0FE018231222B5
S214011EC02000A16BFFF76EFF0500F0E735B9200093
S214011ED0FFF7EAFD002EF1D012236363280070BDE0
S214011EE0FFC07E40F7B5070000253C373D70040073
S214011EF016000191FFF7CAFEFF23019A19499A437A
S214011F001300194A26639B18A3624D71190C8C465F
S214011F10604632021549013AD2189BB248824B817B
S214011F20130C9C466046124B92B2586284234A8335
S214011F300C4A537563681B786BB9216A112220001D
S214011F4071431933FFF72EFF050010B92000FFF784
S214011F5037FE2800FEBD01233B7010336363236AFE
S214011F60A363F6E7FFC07E400000F0BDFEC07E40E2
S214011F70FCC07E4030B585B0EFF30383103B1D4AAD
S214011F805BB29B009C58A06BFFF748FE142808D054
S214011F9040F2F013184A616BD2580B0013401142FD
S214011FA012D02000FFF7E4FE0723200001AD2B70BE
S214011FB0FFF706FE62685368A3B1D2682800039251
S214011FC00022029298470DE022003C321278012A44
S214011FD0EBD0042A08D1226B0123002AE5D0200089
S214011FE0FFF762FD05B030BD044BDB6A1B07DB0F54
S214011FF00233DAE73C69002000C07E40FCC07E4028
S2140120000A68030082604A68C2600020014A58607C
S2140120101A60704743474300034B8000C35819704A
S2140120201A788A42FCD170476458010010B5012025
S21401203000F01EFA032000F071F8002000F018FAF4
S21401204010BD0000094B0A4A1B6810B5934209D817
S21401205040F60B03074A0120D35C03B9022000F0C7
S2140120605DF802E0044A9342F8D910BDF4690020F5
S21401207080841E0000E0014000366E0110B500208D
S21401208000F0D0F9FFF7DEFF012000F0CBF910BD1C
S21401209010B50C00FFF7CAFF20000021FFF7BCFFB8
S2140120A0FFF7ECFF002010BD10B50C00002000F07B
S2140120B0DFF901212000FFF7AFFF002000F0B2F9A1
S2140120C0012000F0D5F9FFF7BDFF012000F0AAF9C5
S2140120D0002010BD40F20A2230B50F4B995C8909E9
S2140120E0814218D040F20B2401211D5D2943195568
S2140120F0022805D0995C8909022901D080219954CA
S21401210040F20A2240F20B218001C0B2985401200D
S2140121105A5C82435A5430BD00C07E4010B5FFF76A
S214012120D9FF10BD40F623020F4B995C0F4A890771
S21401213009D540F622015B5C1BB193680C4A13601B
S21401214070471369FAE740F62001595C890705D5FF
S21401215040F61901595C5368CB40EFE740F6180189
S214012160595C1368F8E7C04600E00140904C002037
S214012170F4690020F8B540F623050127214C665D79
S214012180BE436655665DB607F70FBC46002EF9DB03
S2140121900127B84224D840F62105665DBE43665540
S2140121A0665DB607FCD4012640F6200588B9605D59
S2140121B0B0436055605D8007FCD440F6180021549A
S2140121C040F61901625440F61A02A354FFF7AAFF1B
S2140121D0F8BD615D0E436655615D8907FCD5EFE785
S2140121E040F6220102280AD167540121605D0143AD
S2140121F040F623006155215C8907FCD5E0E760467F
S2140122006054F2E700E001407047000040F6FE032C
S21401221070B5274A274C0025E252274B274ADD6036
S2140122201A60274A5A6048F200029A601A61FFF75C
S21401223079FF40F60003182240F62401E254635C5D
S2140122408BB1204B2048DA680240DA60DA687F26D4
S2140122501E48C27A3240C2728022D86812040243F3
S214012260DA60DB68655440F60C03E25CDAB1002202
S214012270E2540320FFF72EFF002240F60803E25443
S21401228040F61202A35CDB07FCD5002302211A00EC
S2140122901800FFF76FFF0220FFF71CFF40F6FE0352
S2140122A00B4AE25270BD40F24060FFF7ADFFE0E737
S2140122B003A5FFFF00E00140904C00200048E80124
S2140122C000093D00FC6F0440FFFF7FFF002C0A4021
S2140122D000A5FFFF704701380028FCD170470000B9
S2140122E04143124B70B51B68114D0C00B5FBF3F55D
S2140122F0080040F2E8320023002100F07DF931B9F0
S214012300B0FBF5F0800808B1FFF7E5FF70BDAD0042
S214012310B4FBF5F040F2E8320023002100F06CF93E
S2140123200029F0D001204042EEE7C046F4690020C3
S21401233000CA9A3BF8B540F24013002401270A4E22
S2140123400A4A758CD35A1D402B00E3403B4206D007
S214012350074AA3009B181B680BB1E0B298470134EB
S214012360092CF1D17586F8BDFE6000400060004082
S214012370146900201F22430910401E3A8240024978
S21401238060339B005A50704700E100E0F7B5FF2725
S214012390019283080A4A03269B009B183A0040F2E2
S2140123A000350640F6008901B2403940B1405C591B
S2140123B0800094430C435C51019A024B1A50F7BDBE
S2140123C000E100E03C6900201F22430910401E3A4C
S2140123D0824002499B005A507047C04600E100E027
S2140123E010B50400FFF7C6FF2000FFF7EDFF10BD94
S2140123F01F22430910401E3A8240044920339B00A5
S2140124005A50BFF34F8FBFF36F8F704700E100E064
S21401241010B50400FFF7BAFF2000FFF7E1FF10BD7B
S2140124207047000030B5EFF31082012383F3108864
S21401243098400B49435A1BB10B5A013B9BB20B52B6
S2140124400B5A53B940F6FE01064C074B655A185A0B
S214012450064B2B4383439BB2635282F3108830BDF5
S214012460E469002000E001407858010000A5FFFF64
S21401247070B5EFF31081012383F3108898400A4A60
S214012480835A53B940F6FE04084D094E2B5B865B12
S21401249033434AF2005633432B53135A01339BB24C
S2140124A0135281F3108870BDE469002000E00140FA
S2140124B078580100030010B503240A4A0A48116837
S2140124C00333A34308185B1840F200418B4206D938
S2140124D001F000F80C2303600120404210BD136098
S2140124E0FCE7C046F06900209040002000BE70471F
S2140124F07047000002B47146490849000956490070
S2140125008E4402BC7047C04602B471464908490071
S214012510095C49008E4402BC7047C04603B471464C
S214012520490840004900095E49008E4403BC7047D3
S21401253003B47146490840004900095A49008E44CF
S21401254003BC7047844608006146FFE71FB500F0EC
S214012550CBFA002801D40021C8421FBD10B500F0F7
S21401256059FA4042013010BD10B500F0BDFA0028FE
S21401257001DB002010BD012010BDC04610B500F0E3
S214012580B3FA002801DD002010BD012010BDC046B1
S21401259010B500F067FA002801DC002010BD01200C
S2140125A010BDC04610B500F05DFA002801DA002023
S2140125B010BD012010BDC046002B11D1002A0FD13D
S2140125C0002900D1002802D00021C943080007B421
S2140125D0024802A14018029003BDC046650A0000E9
S2140125E003B4684601B5029800F04CF8019B9E467C
S2140125F002B00CBC7047C046F0B54FF6FF7504003C
S214012600CE462C40474615400E002900994680B517
S214012610130C0700000C61434543584363430C0CFD
S2140126205B19E4188C46A54203D980235B029846C1
S2140126304044230C61461B184FF6FF70084049467C
S21401264056437943240489192018C918C0BCB946D1
S214012650B046F0BD9E2110B5C905041CFFF7A2FFC8
S21401266018B9201C00F044FC10BD9E21201CC90591
S21401267000F07AFA00F03CFC80231B069C4660447E
S214012680F2E7C046F8B557464546DE464E460C00CC
S214012690E0B5924605009B46170081468846002B0A
S2140126A052D1100000F0CEFC0500A74200D871E020
S2140126B060B1202349461B1A2200D94082400B00F4
S2140126C0134398464B468340874099463C0CB8FBDB
S2140126D0F4F24FF6FF7013003840434321009C4646
S2140126E043465143591A4B4609041B0C0B439C4560
S2140126F009D9DB19511E9F4200D967E19C4500D8D4
S21401270064E1023ADB1961465B1AB3FBF4F14C4310
S2140127104E461B1B4FF6FF7448431B0434401C43B4
S214012720A04200D9FCE0241A1004084300210A9BA9
S21401273023B1EC401C6000230A9A5360F0BCBB46F0
S214012740B246A946A046F8BD8B4207D90A9B13B1EB
S2140127500A9B1860596000210020EFE7180000F07E
S21401276071FC0100002855D1A34502D3AA4500D922
S2140127704AE15346EB1A5A469D42AD41A41A6D42B0
S214012780621B904601200A9A002AD7D0136043465E
S2140127905360D3E7002800D0CBE04FF6FF703B0C28
S2140127A098460121E41B3840B4FBF8F302005A4373
S2140127B0944642465A43A41A4A462404120C22431B
S2140127C0944507D9D2195C1E974202D8944500D980
S2140127D01DE123006446121BB2FBF8FC6446664604
S2140127E06043444674434E46121B4FF6FF74120470
S2140127F034401443A04208D96246E419013AA7427C
S21401280002D8A04200D9F9E09446241A1804634677
S21401281018438CE720275B4652463F1A8340FA400E
S2140128201A435346944683402A009A46FA402300A8
S21401283084402243854091466246FB40A846150CDB
S214012840B3FBF5F04FF6FF74144002006243934663
S2140128502A0042439A1A4B4612041B0C13439B450B
S21401286009D96344421E9C4500D9C5E09B4500D862
S214012870C2E0023863445A469B1AB3FBF5F255434D
S2140128804E465D1B4FF6FF7354432D0433402B43D6
S2140128909C4209D96344551E9C4500D9A8E09C4238
S2140128A000D8A5E0023A6344000410434FF6FF72D5
S2140128B01B1B14000440A34654465E462240564362
S2140128C0B1465E46050C240C6A43654374434E4686
S2140128D0360CB346A4185C44A24203D980225202A5
S2140128E093465D44220C4E4652194FF6FF7524045A
S2140128F03540641993426FD36CD00A9D75B1454635
S2140129002C1BA045AD419B1A6D425B1B1A00CC40A7
S214012910BA40CB400A9922430A604B6000210DE77A
S214012920E4194B1EA74253D8A04251D90239E419E3
S214012930F9E620224946121A2300D140D3400A0064
S2140129404946874081408946390C84408846B3FB16
S214012950F1F14FF6FF7022430C0038404443A44681
S21401296044464C431C1B2404130C23439C4507D9A3
S214012970DB194C1E9F423DD89C453BD90239DB19D9
S21401298064461B1BB3FBF8FC9B46464663465E4308
S2140129904FF6FF7A33005E466446F31A56464443C2
S2140129A01B04164033439C420BD96246DB19013A9D
S2140129B09F421BD89C4219D9022252429246DB19E9
S2140129C0D4441C1B634609041943EDE60A009AE643
S2140129D01900A8E6A04590D25546651BAC42A44115
S2140129E064426444121B01382C0086E79446E8E7EB
S2140129F02A0059E72100C3E710003CE702225242B1
S214012A009046E419C44400E700202B00BBE6023BD5
S214012A10D219DFE670B542004E024C0045026D0A3F
S214012A20120EC30F760A240EC90FFF2A0FD0FF2CF1
S214012A300BD00120A24209D1B54207D18B420FD05B
S214012A4022B92800431E984100E0012070BD0120F4
S214012A50FF2CFBD13543002DF8D14B401800F5E78C
S214012A600020F3E730B5420044024D02C30F480090
S214012A70640A120E6D0A000EC90FFF2A12D0FF2833
S214012A8007D0B2B938B90DB3002C2AD148000138A5
S214012A9030BD1DBB0AB9002CF8D08B4205D15800B9
S214012AA00138F5E7D4B9FF2813D001205B4218435B
S214012AB0EEE70028F9D08B42F7D18242F5DCEEDB57
S214012AC0AC42F2D80020AC42E2D2E8E7002CDFD0DC
S214012AD0EBE71DB98B42E8D10020D9E7022040423E
S214012AE0D6E78B42ECD0E0E730B5420044024D0217
S214012AF0C30F4800640A120E6D0A000EC90FFF2AA2
S214012B0012D0FF2806D0AAB930B915B344BB480085
S214012B1001380EE065B90AB9002CF8D08B4215D001
S214012B2001205B42184304E014B9FF28F8D19DB197
S214012B30022030BD0028F3D08B42F1D18242EFDC77
S214012B4004DBAC42ECD80020AC42F2D2580001388B
S214012B50EFE7002CEDD0E3E700208B42E9D0DFE77A
S214012B608B42EED0DCE7C046F0B546464F46D64629
S214012B7043025B0AC0B59C461F00DE004B025A0AA0
S214012B80904645004A002D0EC40F120EC90F9B0930
S214012B90FF2A25D001204140A81A8C420FD00028D8
S214012BA000DC8AE192BB002B00D19CE0421E01288A
S214012BB000D14FE1FF2800D19BE010002CE0002857
S214012BC000DC87E1002A00D182E0FF2D00D190E0F1
S214012BD08022D20413431B2800DCEAE001363FE0E2
S214012BE02800FF388246002B54D140F2010948469E
S214012BF041408C4200D1C4E05046002800D187E015
S214012C000C00002D4CD0FF2000273AE0FF2D00D10C
S214012C106FE08022D204134301221B2807DC202107
S214012C20091A1A008B40C240591E8B411A43B61A24
S214012C3073016AD5B601B709380000F003FA053802
S214012C408740854200DD7EE020223B00401B0130AC
S214012C50121A3E009340C6405A1E934100251E4359
S214012C60730704D00F233340042B00D004367301BE
S214012C703AD5681CFE2DC6D09B4BC0B233409B0193
S214012C805F0AC0053843E4072043E0BCBA46B146B4
S214012C90A846F0BD8C4264D0D0B3002D00D0A3E08E
S214012CA0FF20F6B1471E012800D1E1E00C00FF2805
S214012CB000D1CDE001211B2F07DC2020C01B3100F5
S214012CC08640F940701E8641314315005E1AAFE713
S214012CD04BB1421E012800D1A0E0FF2809D0100008
S214012CE079E70C001E000500F3089C46FF2D00D076
S214012CF09BE06346002B00D185E780276346FF03F0
S214012D001F437F02FF207F0ABBE77307AAD1EBE7C9
S214012D10FE206A1C10421AD1002D77D1002E00D158
S214012D20AAE00020002BACD08022F71AD20417426A
S214012D3000D1BBE001249B1B0C4013429FD06A4A82
S214012D40013013409BE7684E2D1A3E4088E7F71A7C
S214012D507A0157D4002F00D06EE700240020002708
S214012D608FE780B1002D73D1FF20002EBAD0411E0F
S214012D70012853D0FF286BD01B296EDD15005E1C81
S214012D806EE7514659BBFE216A1C114233D1002D14
S214012D9050D1002E00D186E00020002B00D170E734
S214012DA0F318DF087F027F0A5B0100D469E7012080
S214012DB067E72021091A1A008B40C240591E8B4131
S214012DC01343F6187301A0D50135FF2D00D11AE77C
S214012DD00123464A3340760816401E4340E7002D3D
S214012DE000D010E7FF20C0E70C00C44681E7FE21B3
S214012DF06A1C0A42CDD0FF2A00D104E7F618150056
S214012E0076082DE701249F1B0C4015E7E6BB002B37
S214012E1045D180270024FF20FF0332E7F61802255C
S214012E207301D5D4F3089C46012563465F027F0AE9
S214012E30E8B226E766B1002B00D15EE78023DB030C
S214012E409C4500D259E7984500D356E7C44654E757
S214012E50C4464EE70125F61AEAE630002025C840AA
S214012E60691A8E40711E8E4106431500F618A9E7B1
S214012E700C0001259E1BDBE6002B00D16DE701242B
S214012E80474600200C40FCE6002B00D135E78023A6
S214012E90DB039C4500D230E7984500D32DE701249B
S214012EA0C4460C4029E747460020EAE617B1BF01B1
S214012EB07F0AE6E600240027E3E6002800D127E79C
S214012EC0571B3800002D00D1EBE68020C0040C0013
S214012ED00643EFE600288AD0511B0DB9080044E7E7
S214012EE08020C004064347E7FFFFFFFBFFFFFF7D8F
S214012EF041024200C30F490A0020120E7E2A03DD5A
S214012F009D2A02DD094A9818704780200004014373
S214012F10952A07DC9620821AD1404842002BF3D12D
S214012F200800F1E7963A9140F7E7C046FFFFFF7FBA
S214012F3070B598B1C317C5185D40C40F280000F0DE
S214012F4081F89E2301001B1A962B0FDC082831D02E
S214012F5008398D406D026D0AD8B202E000240020C7
S214012F600025C0052843E407204370BD992B15DCD6
S214012F70421F95402A00150010480540560709D003
S214012F800F263240042A05D004356A0102D59F2354
S214012F9005405B1AAD016D0AD8B2E2E70522121AA6
S214012FA02800D0400A001B3295402A00551EAA412F
S214012FB00243E0E76D0296206D0AD2E7FFFFFFFBB2
S214012FC070B5040070B100F03DF803009E20C01AF1
S214012FD096280CDC082B2DD0083B9C406402640A22
S214012FE0C0B201E000200024C005204370BD99282E
S214012FF014DC5A1F9440220010490A40650709D084
S2140130000F252C40042C05D00432540102D59F20F4
S2140130100A40C01A9201540AC0B2E5E71A0021001C
S2140130201B3291400A00511E8A410521C91ACC4023
S2140130301443E0E764029620640AD5E7FFFFFFFB2E
S2140130407047C0461C2101231B04984201D3000C83
S21401305010391B0A984201D3000A08391B09984205
S21401306001D30009043902A2105C40187047C0461B
S214013070040302020101010100000000000000003B
S214013080002310B5040003604360836081814366BA
S214013090C281036143618361190008225C3000F03C
S2140130A0B9F90B4B246263620A4BA3620A4BE362D3
S2140130B00A4B23630A4B9C4205D00A4B9C4202D022
S2140130C0094B9C4203D12000583000F009FA10BD8C
S2140130D07D330100A5330100DD3301000934010011
S2140130E0F8690020606A0020C86A002010B5034A0B
S2140130F00349044800F06AF810BDC0463440002079
S214013100053801004440002041680B4B10B504000F
S214013110994201D000F076FBA168084B994202D093
S214013120200000F06FFBE168054B994202D02000B9
S21401313000F068FB10BDC046F8690020606A0020F8
S214013140C86A002010B5094B094A04211A600948CB
S2140131500022FFF795FF012209210748FFF790FF9C
S214013160022212210548FFF78BFF10BD306B0020AD
S214013170ED300100F8690020606A0020C86A00206E
S21401318010B5024800F0ADF910BDC046396B0020FD
S21401319010B5024800F0A6F910BDC046396B0020F4
S2140131A010B50400FFF7ECFF236A13B1FFF7F0FF39
S2140131B010BD044B2362044B1B68002BF6D1FFF7AE
S2140131C0C1FFF3E709310100306B0020F7B51400A9
S2140131D0002600900191A5686768013F04D5246820
S2140131E0002CF8D13000FEBDAB89012B08D90E2288
S2140131F0AB5E013304D029000098019B9847064333
S2140132006835EAE710B5034B01001868826800F0DC
S21401321089FB10BD40400020F0B51D00554B85B020
S2140132201E6804000F00009226B1336A13B93000FD
S214013230FFF7B6FF009B022B05D0012B00D996E0C5
S214013240002D00DA93E0636EDB0705D4A3899B05A6
S21401325002D4A06D00F045F92100300000F0D2FA4A
S214013260616B41B123004433994202D0300000F033
S21401327043F9002363630023A3616360A3891B06EC
S21401328003D53000216900F037F9A3893A4A134083
S214013290A381009B022B60D003AB2100300002AA61
S2140132A000F0D8FAA3890343A3812DBB029D280011
S2140132B000F06AF901950700002848D1029B0193A6
S2140132C0AB423ED101256D420C22A35E02221A4377
S2140132D0A2810022A26022004732226022610122DE
S2140132E0616E6261114204D19B0502D4A06D00F0AB
S2140132F0F9F8280005B0F0BD002FD8D0336A13B90D
S2140133003000FFF74DFF009B012B03D1A389009AE4
S2140133101A43A2810C22A35E0822190027602761A6
S2140133206561114013421CD0DA0718D500226D42A0
S214013330A260A561626ED20701D49B0513D5002554
S214013340D7E7019800F020F907000028BAD08023BB
S214013350A289019D1343A381D0E70025B4E7A560A8
S214013360E8E7A160E6E7A06D00F0BCF8E7E7012515
S2140133706D42BEE7404000205CF3FFFF70B50C00D5
S2140133800E25495F00F082F8002803DB636D1B18E9
S214013390636570BDA389024A1340A381F9E7C0465D
S2140133A0FFEFFFFFF8B51F008B8905000C00160024
S2140133B0DB0505D50E23C95E0022022300F054F872
S2140133C0A389054A28001340A38132000E23E15E3B
S2140133D03B0000F06DF8F8BDFFEFFFFF70B50C0085
S2140133E00E25495F00F040F8A389421C03D1054A27
S2140133F01340A38170BD41F200021343A3816065AF
S214013400F8E7C046FFEFFFFF10B50E23C95E00F0D8
S2140134101BF810BD03008218934200D17047197043
S2140134200133F9E730B5050010005AB10024013A1E
S2140134302B5D085D834204D1944202D00134002BF7
S214013440F6D1181A30BD0000002370B5054D0400F2
S21401345008002B6000F0DAFB431C02D12B6803B195
S214013460236070BD346B002070B5040008001100A5
S2140134701A000023044D2B6000F0B7FB431C02D159
S2140134802B6803B1236070BD346B002070B5040057
S214013490080011001A000023044D2B60F9F786FD81
S2140134A0431C02D12B6803B1236070BD346B00202E
S2140134B070B50400080011001A000023044D2B60AB
S2140134C0F9F766FD431C02D12B6803B1236070BD7A
S2140134D0346B0020014B18687047C04640400020FE
S2140134E0704770477047002310B59A4200D110BD4F
S2140134F0CC5CC4540133F8E770B505000C0079B113
S214013500043C2368002B00DAE418280000F0E8F8F1
S2140135101C4A13682BB963601460280000F0E8F8B1
S21401352070BDA34208D9206821188B42F3D11968CF
S2140135305B6809182160EEE71A005B680BB1A342CD
S214013540FAD911685018A0420BD1206809185018F2
S21401355011608342E1D118685B68411811605360BD
S214013560DBE7A04202D90C232B60D6E7206821189E
S2140135708B4203D119685B68091821606360546047
S214013580CBE7C046406B002010B5034B010018681E
S21401359000F026F810BDC0464040002070B50F4E22
S2140135A00D003168040011B900F0A8FA3060290056
S2140135B0200000F0A3FA431C03D101256D42280028
S2140135C070BD0323C51C9D43A842F8D0291A2000CC
S2140135D000F094FA0130F2D1EFE7C0463C6B0020D0
S2140135E0F7B50322CB1C9343083305001F000C2BB1
S2140135F034D20C27B94233D8384E280000F070F880
S21401360033681C00002C2FD139002800FFF7C6FFB5
S2140136100400431C5FD134680094009B002B4AD100
S214013620002C52D023682800E3180099019300F07B
S21401363065FA019B834248D123682800FF1A3900A6
S214013640FFF7ACFF013040D02368DB1923603368F5
S2140136505A68002A33D1009B336019E0002BC9DA7F
S2140136600C232B600020FEBD2168C91B20D40B292A
S2140136700AD9E2192760A34204D132606368116057
S214013680536005E05A60F9E76268A3420ED13260E2
S214013690280000F02DF8200007220B30231D904350
S2140136A0C21A9842DFD01B1AA350DCE75A60EFE734
S2140136B023006468A6E7009C63680093ADE71A00E0
S2140136C05B68A342FBD10023DAE70C2328002B60BA
S2140136D000F00EF8C6E70760DAE7C046406B002048
S2140136E010B50248FFF7FDFE10BDC046386B00203E
S2140136F010B50248FFF7F6FE10BDC046386B002035
S214013700F7B50C228B5E05000C001A0753D44A68E5
S214013710002A02DC0A6C002A4BDDE76A002F48D03B
S214013720002241F200002E682A601A00216A024037
S214013730034230D0626DA3895B0705D56368D21A50
S214013740636B0BB1236CD21A00232800E76A216A47
S214013750B847A289431C06D129681D2944D8284B9D
S214013760CB40DB0740D50023636023692360D20486
S21401377004D5431C01D12B6803B96065616B2E60CB
S214013780B9B123004433994202D02800FFF7B4FEB2
S214013790002363630DE001232800B8470200431CA1
S2140137A0C9D12B68002BC6D01D2B01D0162B1AD1E0
S2140137B02E6000201EE00E69002EFAD00F680E6003
S2140137C0BA1B019200229B0700D14A69A260019BA5
S2140137D0002BEEDDA36A32001F002800019B216A40
S2140137E0B847002807DCA2894023012013431BB2F7
S2140137F0A3814042FEBD019B36181B1A0193E6E7E2
S214013800010040200B6970B505000C0013B90025B6
S214013810280070BD18B1036A0BB9FFF7C1FC0C2272
S214013820A35E002BF3D0626ED20704D49B0502D4AC
S214013830A06DFFF756FE28002100FFF761FF636EBB
S2140138400500DB07E4D4A3899B05E1D4A06DFFF74F
S21401385049FEDDE770B50E001D000E23C95E14009B
S21401386096B000290CDAB2898023110019401A4259
S21401387014D140F2004300202960236016B070BDC9
S2140138806A4600F019F90028EDDB4FF200030199B2
S2140138901940044BC9184B425941EAE7002140231D
S2140138A0E9E7C04600E0FFFFF0B502268B89050078
S2140138B00C0085B0334207D02300473323602361D1
S2140138C00123636105B0F0BD03AB02AAFFF7C2FF97
S2140138D0029F019039002800FFF782FE40B90C22B2
S2140138E0A35E9A05EED4032293431E43A681E3E723
S2140138F08023A28920601343A381039B2061676113
S2140139005BB128000E23E15E00F0E8F828B103233E
S214013910A2899A43023B1343A381A389019A1343C5
S214013920A381CFE770B506000D00140018B1036A35
S2140139300BB9FFF735FC636EDB0705D4A3899B053E
S21401394002D4A06DFFF7CDFDA368013BA360002B59
S21401395005DAA269934212DBEBB20A2B0FD0236879
S2140139605A1C22601D70EDB2636EDB0705D4A38975
S2140139709B0502D4A06DFFF7B5FD280070BD290098
S2140139802200300000F002F80500EDE7F8B5060069
S2140139900D00140018B1036A0BB9FFF701FCA36907
S2140139A0A360A3891B0701D5236943B92100300011
S2140139B000F02AF818B101256D422800F8BD2369E8
S2140139C02068EFB2C01A6369EDB2834205DC2100BC
S2140139D03000FFF717FF0028EDD1A3680130013B47
S2140139E0A36023685A1C22601F706369834204D057
S2140139F0A389DB07E1D50A2DDFD121003000FFF7CF
S214013A0001FF0028D9D0D6E72A4B70B50500186803
S214013A100C0018B1036A0BB9FFF7C2FB0C22A35EB8
S214013A201A0722D4DA0607D409222A604022012086
S214013A301343A381404237E05B0712D5616B41B166
S214013A4023004433994202D02800FFF755FD002396
S214013A5063632422A3899343A381002363602369BC
S214013A6023600823A2891343A38123695BB940F22B
S214013A70802140F20022A3890B40934203D021000B
S214013A802800FFF711FF0C22A35E01211A000A404D
S214013A900B420AD00022A26062695242A2612269E8
S214013AA000200AB91A06C1D470BD990700D462690C
S214013AB0A260F4E740400020002370B5064D0400E4
S214013AC0080011002B6000F0E9F8431C02D12B68B6
S214013AD003B1236070BDC046346B0020002370B56F
S214013AE0054D040008002B6000F0E5F8431C02D1E8
S214013AF02B6803B1236070BD346B0020002370B5C2
S214013B00054D040008002B60FEF7D4FC431C02D1CF
S214013B102B6803B1236070BD346B0020094B10B5D0
S214013B200400186818B1036A0BB9FFF739FB0020C7
S214013B30132C06D8044BE400E358013301D0024BA2
S214013B40E01810BD40400020446B0020F8B504008A
S214013B50FFF7C0FC132605000027301C391CABBE3E
S214013B60061C2E602000F8BD10B5431C01D1FFF7DE
S214013B70EDFF10BDF7B50C001600FFF7CFFF0500EF
S214013B8038B9FFF7A7FC092303600124644220002B
S214013B90FEBD022E03D9FFF79DFC1623F4E7012E86
S214013BA012D14368E418F6D46F462B680A260093B0
S214013BB07C60301C391CABBE061C3000FFF7D4FFFE
S214013BC00028E2DB6C60E2E70368022EECD16F4668
S214013BD000930A36301C391CABBE061C3000FFF7BA
S214013BE0C3FF24180130DFD1CFE710B5FFF7C2FFBE
S214013BF010BD37B50224019001AD201C291CABBEB7
S214013C00041C2000FFF7B0FF3EBD000070B50500A4
S214013C10FFF784FF040030B9FFF75CFC092303605B
S214013C200120404270BD013D012D09D8094B9A681B
S214013C301B699A4204D101235B4203600020F1E72D
S214013C402068FFF7D6FF0028ECD101235B422360F2
S214013C50E8E7C046446B002070B50C00FFF75EFF36
S214013C60050030B9FFF736FC092303600120404206
S214013C7070BD42F2000362680C261343636040F293
S214013C800043A364301C291CABBE051C2800FFF7AB
S214013C906BFF431CEAD020610020E9E770B50C00F9
S214013CA00500582200212000FFF7B4FB2800210060
S214013CB0FFF7D2FF70BD70B5FFF730FF092405008E
S214013CC020B9FFF707FC0460002070BD201C291CEA
S214013CD0ABBE041C2000012CF7D0FFF7FBFB13251D
S214013CE004000026281C311CABBE051C2560EBE732
S214013CF00D0A0042555359004E4F20414E53574529
S214013D0052002A4D43555057523A556E65787065A4
S214013D106374656420626561636F6E2063617365B9
S214013D2020280029002A4D43555057523A556E65B2
S214013D30787065637465642070696E67736C6F7400
S214013D4020636173652028002A4D43555057523A27
S214013D50556E6578706563746564206D756C7469FD
S214013D6063617374736C6F742063617365202800DC
S214013D702A4343413A002A54583A002A52583A00F4
S214013D802A52465057523A5761726D536C656570A8
S214013D90002A52465057523A436F6C64536C65651D
S214013DA070002A52465057523A5374616E646279D3
S214013DB0002A52465057523A57616B657570206615
S214013DC0726F6D20436F6C64002A52465057523A08
S214013DD057616B6575702066726F6D205761726DE5
S214013DE0002B5258004C6F52617C534600425700DC
S214013DF04746534B7C002A43757254696D653A00F9
S214013E002A42434E5F45767454696D653A002A42EC
S214013E10434E5F456E6C4F66663A002A42434E5FDC
S214013E205354696D4572723A002A42434E5F4C61A3
S214013E30737452783A002A42434E5F4C617374534E
S214013E40797354696D3A002A42434E5F4E65787421
S214013E50527841646A3A002A504E473A552C002A55
S214013E60504E473A4D2C00204C6F52612053616DE5
S214013E70706C6520417070205665722E00200055CA
S214013E804E4B4F4E574E5F4556454E545F494E4634
S214013E904F5F53544154555300554E4B4E4F574E5A
S214013EA05F53544154555300303A554E434F4E4696
S214013EB049524D45445F4441544100313A434F4EC7
S214013EC04649524D45445F4441544100313A4F54AE
S214013ED0414100303A41425000303A434C4153533D
S214013EE05F4100313A434C4153535F4200323A43FB
S214013EF04C4153535F4300303A455538363800310C
S214013F003A555339313500363A41533932332D4714
S214013F10726F7570310032323A41533932332D4760
S214013F20726F7570320032333A41533932332D474E
S214013F30726F7570330032343A41533932332D473C
S214013F40726F7570340033303A41533932332D4A2B
S214013F506170616E00313A4144525F454E41424CB8
S214013F60454400303A4144525F44495341424C452E
S214013F704400303A525353495F44495341424C45F9
S214013F804400313A525353495F454E41424C4544F1
S214013F9000313A444359434C455F454E41424C45F6
S214013FA04400303A444359434C455F4449534142E7
S214013FB04C4544005354415455535F4F4B005345B1
S214013FC052564943455F554E4B4E4F574E0046524B
S214013FD0455155454E43595F494E56414C4944005B
S214013FE044415441524154455F494E56414C49441F
S214013FF000465245515F414E445F44525F494E561A
S214014000414C4944004E4F5F4E4554574F524B5F0B
S2140140104A4F494E4544004C454E4754485F455229
S214014020524F5200524547494F4E5F4E4F545F53D1
S2140140305550504F5254454400534B4950504544F7
S2140140405F4150505F4441544100445554594359CF
S214014050434C455F52455354524943544544004EE0
S2140140604F5F4348414E4E454C5F464F554E4400C8
S2140140704E4F5F465245455F4348414E4E454C5F65
S214014080464F554E4400425553595F424541434FB2
S2140140904E5F52455345525645445F54494D45007F
S2140140A0425553595F50494E475F534C4F545F57E3
S2140140B0494E444F575F54494D4500425553595F49
S2140140C055504C494E4B5F434F4C4C4953494F4E0C
S2140140D000434C4153535F425F4552524F52004397
S2140140E0525950544F5F4552524F520046434E5418
S2140140F05F48414E444C45525F4552524F52004D27
S21401410041435F434F4D4D41445F4552524F52002C
S214014110434F4E4649524D5F51554555455F4552B1
S214014120524F52004D435F47524F55505F554E44D4
S2140141304546494E4544004D41435F4552524F5214
S21401414000524144494F5F4641494C00524144495F
S2140141504F5F504152414D455445525F494E56417D
S2140141604C49440054585F54494D454F55540052EC
S21401417058315F54494D454F5554004E4F5F524597
S21401418053504F4E5345005258315F4552524F528D
S214014190005258325F4552524F52004A4F494E5FC5
S2140141A04641494C004A4F494E5F4E4F4E43455F8C
S2140141B04641494C00444F574E4C494E4B5F524581
S2140141C05045415445440054585F44525F5041594C
S2140141D04C4F41445F53495A455F4552524F520036
S2140141E0414444524553535F4641494C004D49436F
S2140141F05F4641494C004D554C5449434153545F29
S2140142004641494C00424541434F4E5F4C4F434B5C
S214014210454400424541434F4E5F4C4F5354004284
S2140142204541434F4E5F4E4F545F464F554E4400F7
S2140142302B5245534554002B564552002B5341569D
S21401424045002B4C4F4144002B44455645554900EB
S2140142502B434C415353002B444556414444520092
S2140142602B4E45544944002B415050455549002B8F
S2140142704150504B4559002B4143544D4F44450046
S2140142802B53454E44002B4D54595045002B4A4F55
S214014290494E002B524547494F4E002B53454E443D
S2140142A0484558002B414452002B52535349002B8A
S2140142B052583144454C4159002B4452002B4C492D
S2140142C04E4B43484B002B46504F5254002B444311
S2140142D059434C45002B44455654494D45002B4304
S2140142E0484445464D41534B002B4445564E4F4E90
S2140142F04345002B4150504E4F4E4345002B444FF3
S214014300574E46434E54002B555046434E54002BB1
S2140143104E574B534B4559002B415050534B455923
S214014320002B42434F4E414351002B504E47534CB6
S214014330494E464F002B42434F4E54494D002B5099
S2140143404E47534C504552494F44002B47454E412A
S21401435050504B4559002B44454255470041434B6D
S2140143605F5245434549564544004E4F5F41434BD6
S214014370002B52435644004A4F494E5F4143434542
S21401438050544544004A4F494E5F4E4F4E43455F99
S2140143904641494C4544004A4F494E5F4641494CC7
S2140143A04544004C574656332E31300041766169FC
S2140143B06C61626C6520726567696F6E20686176F4
S2140143C06520746F20626520736574207769746850
S2140143D0202B524547494F4E20636F6D6D616E64C9
S2140143E02E00526164696F20647269766572206975
S2140143F06E697469616C697A6174696F6E2069733C
S214014400206661696C65642E00506172616D657429
S21401441065727320666F72204D616320496E697400
S21401442069616C697A6174696F6E20617265206971
S2140144306E76616C69642E002B42434F4E52435692
S21401444044002B42434F4E4E4F52435644002B429C
S214014450434F4E4C4F53540000000000BB3F010039
S214014460040000008B41010007000000F33C01003E
S21401447008000000F83C0100560000002D0900006D
S21401448000000000000000004154002B090705034E
S21401449000010200080604050000000201000304F2
S2140144A0841E0000093D0000127A000024F400007A
S2140144B048E8010090D0030020A10700000000009A
S2140144C0B128000061510000C3A20000581B000083
S2140144D0983A00001879000030F2000048E8010020
S2140144E090D0030020A10700000000001027000064
S2140144F0204E000028A000000400000048E801004B
S2140145000500000090D003000600000038200700D8
S2140145100300000030F200000A00000028A000009E
S214014520020000001879000009000000204E00007B
S21401453001000000983A0000080000001027000063
S21401454000000000581B0000040506030A020901CA
S21401455008000000000000001F000000C01200005C
S2140145601F000000A816000017000000841C0000B1
S2140145700F000000E42500001E000000B42D00001E
S21401458016000000083900000E0000002C4C000048
S2140145901D000000685B000015000000747200003A
S2140145A00D000000589800001C00000034B7000001
S2140145B014000000E8E400000C000000783101005F
S2140145C01B000000686E01001300000034CA0100E1
S2140145D00B000000286202001A00000040DB020007
S2140145E0120000003C9303000A000000C0C2040051
S2140145F01900000060B30500110000003820070014
S2140146000900000020A1070000000000A901000029
S214014610D9140000051C0000F11400000921000057
S214014620F1200000251C0000C11E00001D15000021
S214014630E1240000BD1800003515000049150000F2
S21401464091190000651500007D150000C5150000D4
S214014650151500000D150000B5140000A514000086
S21401466085180000AD1B0000C5140000F5150000FC
S214014670451900005D150000C1170000D5170000A0
S21401468099220000111A0000011B00001D180000ED
S2140146904D1800006114000099380000C194C10053
S2140146A000000000F8EFF70000000000E449713355
S2140146B01CE68D33010000000B000000100E000008
S2140146C000000000000000000000000000000000E4
S2140146D00A00000000000000083E7233F8F18C3337
S2140146E0010000000B000000100E0000000000009A
S2140146F00000000000000000000000000A000100A9
S2140147000000000064CE8F33DCACBB330100000038
S2140147100B000000A08C000000000000000000005C
S214014720000000000000000064000000000000001F
S21401473088C29033B8B8BA33010000000B000000FD
S214014740A08C000000000000000000000000000037
S2140147500000000064000100000000002495BD3345
S2140147609CD4C433010000000B000000A08C0000A4
S2140147700000000000000000000000000000000033
S21401478064000000000000004889BE3378E0C333AF
S214014790010000000B000000A08C000000000000DB
S2140147A0000000000000000000000000640001009E
S2140147B0000000008443C8335CFCCD3301000000D8
S2140147C00B000000100E00000000000000000000BA
S2140147D000000000000000000A00000000000000C9
S2140147E0A837C9333808CD33010000000B0000009C
S2140147F0100E000000000000000000000000000095
S214014800000000000A00010000000000E4F1D233BD
S2140148102CDAD4330100000018000000407E0500A9
S2140148200000000000000000000000000000000082
S214014830E80300000000000008E6D33308E6D3339F
S2140148400100000018000000407E05000000000086
S214014850000000000000000000000000E803010066
S21401486000000000C485D7335C31DA330100000054
S2140148700B000000A08C00000000000000000000FB
S21401488000000000000000006400000000000000BE
S214014890E879D833383DD933010000000B00000019
S2140148A0A08C0000000000000000000000000000D6
S2140148B0000000006400010002000000E4BE8A3629
S2140148C0DC334F37010000000D00000080EE36009B
S2140148D000000000000000000000000000000000D2
S2140148E0640000000200000008B38B36B83F4E3764
S2140148F0010000000D00000080EE36000000000000
S214014900000000000000000000000000640001003C
S21401491003000000240AD7369CE802370100000095
S2140149200D00000080EE36000000000000000000D0
S214014930000000000000000064000000030000000A
S21401494048FED73678F40137010000000D0000005C
S21401495080EE3600000000000000000000000000AD
S214014960000000006400010004000000E4BE8A3676
S2140149701C64E436010000000D00000080EE3600E5
S2140149800000000000000000000000000000000021
S214014990640000000400000008B38B36F86FE336AD
S2140149A0010000000D00000080EE3600000000004F
S2140149B0000000000000000000000000640001008C
S2140149C0050000006443A936DC21D536010000004D
S2140149D00D00000080EE3600000000000000000020
S2140149E00000000000000000640000000500000058
S2140149F0805CAB36C008D336010000000D00000015
S214014A0080EE3600000000000000000000000000FC
S214014A10000000006400010006000000A461C43527
S214014A20DC334F37010000001E00000080EE360028
S214014A300000000000000000000000000000000070
S214014A401027020006000000103EC73570574C378D
S214014A50010000001E00000080EE3600000000008D
S214014A600000000000000000000000001027030006
S214014A7009000000C03DDF3640F70937400D03004E
S214014A800D000000A00F0000320000008813000097
S214014A90B0FF00003C93030010270000090000004F
S214014AA080040D3700285037400D03000D0000002C
S214014AB0C800000002000000E8030000B0FF00008C
S214014AC03C930300E80300000900000060C4E036E0
S214014AD0E013F336801A06000D000000A00F000058
S214014AE03200000088130000B0FF000038200700E5
S214014AF01027010009000000E048FF3660A14E378C
S214014B00801A06000D000000C80000000200000028
S214014B10E8030000B0FF000038200700E8030100AA
S214014B2009000000A0D1E336A0700837801A0600FD
S214014B300D000000A00F00003200000088130000E6
S214014B40B0FF000038200700102701000900000010
S214014B50208B0E3720944B37801A06000D0000007C
S214014B60C800000002000000E8030000B0FF0000DB
S214014B7038200700E80301000A000000C03DDF36C8
S214014B8040F70937400D03000D000000A00F00009C
S214014B9032000000000000000000000000000000DD
S214014BA06400000007000000604C010001000000E6
S214014BB0544C0100060000000C4C010006000000E9
S214014BC0C44B0100010000000700000020A10700FF
S214014BD0010000000800000020A1070001000000FD
S214014BE00900000020A10700010000000A000000E3
S214014BF020A10700010000000B00000020A1070013
S214014C00010000000C00000020A1070001000000C8
S214014C100700000048E8010001000000080000004D
S214014C2048E80100010000000900000048E8010012
S214014C30010000000A00000048E801000100000031
S214014C400B00000048E80100010000000C00000015
S214014C5048E80100010000000700000090D00300B2
S214014C60010000000700000048E801000100000004
S214014C700800000048E801000100000009000000EB
S214014C8048E80100010000000A00000048E80100B1
S214014C90010000000B00000048E8010001000000D0
S214014CA00C00000048E801000000000050C30000AE
S214014CB0A8610000000080410000804100008041A2
S214014CC00000804100008041070507070707050728
S214014CD007070000C0CA893600285037C03DDF36B6
S214014CE040F70937C0CA893600285037C0CA893606
S214014CF000285037C0CA8936002850370000000007
S214014D000000000040771B0040B56400E0065A0032
S214014D10020202020202020202020202020202036C
S214014D200202020202020304030202020202040554
S214014D300403020202020506050403020202060734
S214014D400605040302020707070605040302070710
S214014D500000000000000102010000000000020344
S214014D600201000000000304030201000000040524
S214014D7004030201000005060504030201000607FC
S214014D8006050403020107070706050403020707D1
S214014D9000000B357DF2F2F233337373F2F2F2F266
S214014DA048E8010048E8010048E8010048E8010039
S214014DB048E8010048E8010090D003000000000028
S214014DC00C0B0A090807073200EA06370000000044
S214014DD05000000040F709370000000050000000B6
S214014DE033333373F2F2F2F248E8010048E8010087
S214014DF048E8010048E8010048E8010048E80100E9
S214014E0090D00300000000000C0B0A0908070732C7
S214014E10A027BE330000000050010000E034C1337B
S214014E2000000000500100002042C43300000000D2
S214014E30500100000B357DF2F20000003581F2F2E0
S214014E40F2F200000A0908080B0A09080C0B0A0905
S214014E500D0C0B0A0D0D0C0B48E8010048E801008B
S214014E6048E8010048E8010020A107000000000012
S214014E70000000000000000020A1070020A107009C
S214014E8020A1070020A1070020A1070020A10700FC
S214014E9000000000000000000A09080708000000E2
S214014EA00C0B0A0908070000080A0C0D0E10121454
S214014EB015181A1B1D1E2124000101017D00FA0090
S214014EC0F401000003000000EA640020060400006C
S214014ED004000000F0640020040800000800000040
S214014EE0F46400200406000010000000F8640020AE
S214014EF0A00A0000E0FF0300B86500201C0C0000BB
S214014F00B43F0100F33C0100BE3F010052410100E5
S214014F10CE3F0100E03F0100F13F010005400100E6
S214014F201740010024400100394001004A400100B9
S214014F305F4001007040010086400100A040010072
S214014F40BB400100D1400100DF400100EC40010000
S214014F50FF400100104101002441010037410100DA
S214014F60414101004C410100993E0100B43F01005E
S214014F708B410100644101006F4101007B4101004A
S214014F8087410100914101009B410100A5410100BB
S214014F90B5410100C7410100E0410100ED410100BA
S214014FA0F641010005420100134201001F420100C3
S214014FB07F3E0100E5DE000000000000000000006A
S214014FC006000000304201000000000099DD0000EC
S214014FD0000000000400000037420100000000004D
S214014FE000000000D1DD0000050000003C42010089
S214014FF099E300000000000099E3000005000000AE
S21401500042420100D7E0000079EA000000000000FB
S21401501007000000484201007DE5000029EB000082
S21401502000000000060000005042010071E400008C
S21401503099EA000000000000080000005742010045
S214015040B1E40000B9EA000000000000060000001C
S214015050604201000DE10000DFEA000000000000F0
S214015060070000006742010043E1000095DD0000F3
S21401507000000000070000006F420100DBDD0000B9
S21401508001EB00000000000008000000774201006C
S21401509009E4000000000000000000000500000018
S2140150A08042010045DF000051EA000000000000D8
S2140150B00600000086420100E5E300000000000053
S2140150C0E5E30000050000008D4201004BE2000010
S2140150D05DEB0000000000000700000093420100A5
S2140150E0BDE5000000000000000000000800000010
S2140150F09B42010029E60000BDEB00000000000015
S21401510004000000A442010019DE0000DDEB0000EF
S2140151100000000005000000A94201006DE6000045
S214015120FDEC00000000000009000000AF42010095
S214015130B9E600000FED00000000000003000000CB
S214015140B94201000000000000000000FDE600007A
S21401515008000000BD420100BFE2000021ED000092
S2140151600000000006000000C642010039E700000A
S21401517005EC00000000000007000000CD42010021
S214015180000000000000000081E7000008000000A9
S214015190D54201009FE8000059DE00000000000033
S2140151A00A000000DE42010021E900004DEC00008B
S2140151B00000000009000000E94201006BE9000060
S2140151C06DEC00000000000009000000F342010041
S2140151D0C1E9000093EC0000000000000900000097
S2140151E0FD42010009EA0000B3EC000000000000E7
S2140151F00700000007430100FDE40000DFDE0000B9
S21401520000000000080000000F4301003DE500001B
S214015210D7DE00000000000008000000184301006F
S2140152200000000000000000B9E7000008000000D0
S214015230214301000000000000000000D5E7000047
S2140152400A0000002A4301000000000000000000E0
S21401525015E80000080000003543010051E8000091
S21401526033ED0000000000000C0000003E4301008A
S2140152707BE10000DBDE0000000000000A00000009
S2140152804B430100B3E100002DEC000000000000DC
S21401529006000000564301004C574656332E313067
S2140152A005000100000000000000000000000000F2
S2140152B000000000000000000000000000000000E8
S2140152C000000000000000000000000000000000D8
S2140152D000000000000000000000000000000000C8
S2140152E000000000000000000000000000000000B8
S2140152F000000000000000000100010000000000A6
S214015300010000010700000000000000000000008E
S21401531000000000000090040502070100000000E4
S21401532047CF0000000000002C53010000000000E1
S2140153300000000000000000000000000000000067
S214015340020000000000000004000000020000004F
S2140153500000000000000000000000000000000047
S2140153600000000000000000000100000000000036
S21401537000030000002900280000002700000000AC
S21401538000000000CDDB000000000000905301008B
S2140153900100000030400020000000120000000163
S2140153A000000000000000000000000000000000F7
S2140153B06DD2000000000000BC5301000000000098
S2140153C000000000000500000402000001050000C6
S2140153D004020000030000000000010003000000BA
S2140153E00000000000022100000000000000000094
S2140153F0F45301000200000000000000FFFF00005F
S214015400080000000000000002021D00000000006D
S214015410000000001854010000000002060001020E
S214015420000102DF0000104002000000000400003E
S2140154300000000010000000006700204506000084
S21401544000000000485401004C540100C0670020D1
S214015450585401001858010001000000DD0D01003C
S2140154600000000024670020030B00000004104029
S2140154700200000000040000000000001000000010
S2140154800068002021070000000000009054010081
S21401549094540100C0680020A0540100185801006F
S2140154A001000000DD0D010000000000246800205E
S2140154B0030B00003C000000C05401000000000087
S2140154C004000000000000000400000001000000CD
S2140154D004000000020000000400000003000000B9
S2140154E004000000040000000400000008000000A2
S2140154F00400000009000000040000000A0000008B
S214015500040000000B000000000000000C0000007A
S214015510000000000D000000000000000E0000006A
S214015520050000000F00000000050000000100005B
S2140155300405000001010000050000000201000052
S2140155400500000003010000040000000401000043
S214015550040000000501000005000000060100002F
S214015560040000000701000000010000080100001F
S2140155700400000009010000040000000A01000008
S214015580040000000B010000040000000C010000F4
S214015590040000000D010000040000000E010000E0
S2140155A0050000000F01000000400000000200009E
S2140155B00040000001020000040000000402000098
S2140155C004000000050200000400000006020000BE
S2140155D004000000070200000400000008020000AA
S2140155E0040000000C020000040000000D02000090
S2140155F0000000000E020000000000000F02000084
S2140156000001000000030000040000000103000088
S2140156100400000002030000040000000303000071
S2140156200400000004030000050000000004000060
S2140156300500000001040000040000000204000050
S214015640040000000304000004000000070400003A
S2140156500400000008040000000000000904000027
S214015660040000000A040000040000000B0400000F
S214015670040200000005000004020000010500000D
S2140156800002000002050000000000000D090000F5
S214015690000000000E090000040000000F090000D1
S2140156A0637C777BF26B6FC53001672BFED7AB76D9
S2140156B0CA82C97DFA5947F0ADD4A2AF9CA472C084
S2140156C0B7FD9326363FF7CC34A5E5F171D83115F1
S2140156D004C723C31896059A071280E2EB27B27512
S2140156E009832C1A1B6E5AA0523BD6B329E32F848A
S2140156F053D100ED20FCB15B6ACBBE394A4C58CF82
S214015700D0EFAAFB434D338545F9027F503C9FA855
S21401571051A3408F929D38F5BCB6DA2110FFF3D223
S214015720CD0C13EC5F974417C4A77E3D645D1973D7
S21401573060814FDC222A908846EEB814DE5E0BDBD1
S214015740E0323A0A4906245CC2D3AC629195E47908
S214015750E7C8376D8DD54EA96C56F4EA657AAE0862
S214015760BA78252E1CA6B4C6E8DD741F4BBD8B8AFD
S214015770703EB5664803F60E613557B986C11D9E63
S214015780E1F8981169D98E949B1E87E9CE5528DFDA
S2140157908CA1890DBFE6426841992D0FB054BB1606
S2140157A000000000000000010000000200000004EC
S2140157B0000000080000001000000020000000406B
S2140157C0000000800000001B0000003600201030A2
S2140157D0082818380020604000000000061000105D
S2140157E004010C020C02080101000000F057010040
S2140157F000001040FF0710400001000001000000FB
S214015800010000000858010000000000FFFF010031
S2140158100008000004000000211D0100851E010093
S214015820E51E0100ED1D01007D1A0100691C010045
S214015830511A01006D1A0100711A0100751A010052
S214015840E11D01005D1D0100791A0100871C0100A0
S214015850991A01009D1A0100831C0100A11A01007A
S214015860A51A010008E8014009E801400AE80140DC
S2140158700BE801400CE8014001000200080010009E
S214015880200000004275696C7420776974682052A4
S214015890656E6573617320416476616E636564202D
S2140158A0466C657869626C6520536F6674776172C1
S2140158B065205061636B6167652076657273696FF9
S2140158C06E20362E322E3000362E322E300000005C
S2080158D000000206C6
S2080158D4F8B5C04617
S2080158D8F8B5C04613
S2080158DC510500006C
S2080158E02105000098
S20C0158E4A0CDFF7F01000000CA
S804000255A4
