S0140000526164696F4576616C4170702E7372656378
S1130000A0580020C5000000619E000061A000000F
S113001061A0000061A0000061A0000061A00000D8
S113002000000000000000000000000061A00000CB
S113003061A000000000000061A000007D38000005
S1130040259C0000319000000D910000259C0000CB
S113005059840000E5830000C9840000F98400008D
S1130060018F000061870000E1870000AD9100006E
S11300709987000009930000999800000D880000FA
S10B008000000000E14500004E
S113008801000000B8000000020000009800000011
S1130098004000200040002000001040000002033F
S11300A8004000209C4000204004000000000103A0
S11300B8B8580020846C00200000000310B500F03C
S11300C82FF807F03DFBFEE7F8B5060000240C27DF
S11300D8124D2B68A34204D80024AB68A3420ED85F
S11300E8F8BD3A0062436B689B185A7AB24204D14D
S11300F805CB0021121A0AF0BFF90134E8E7EB68CE
S113010822019B185A7BB24205D118685A6899682B
S1130118121A0AF01AFA0134DFE7C0468800000010
S113012873B5344A344B00209A6007F0F5FA09F0A5
S113013805FE6B460024DE1D34700120337809F077
S11301484DFFEFF31081012585F310882B4B2C48C4
S11301589A6802409A609A6881F3108829490A6863
S1130168D207D20F32700A68D207D20F32700A68E7
S1130178D207D20F3270EFF3108185F310888022F2
S11301889868520502439A609B6881F31088280096
S113019809F0FEFE280007F0BFFA41F200011A4BED
S11301A81A4A9C801A801A4A20009A60194ADA600E
S11301B8194A51849D80FFF787FF09F0ABFD09F0C8
S11301C80BFE022007F0A8FA2800FFF77DFF134D65
S11301D8134BED1AAD10AC4205DB09F0C7FE002045
S11301E809F03CFF73BD0E4AA3009B181B6898478F
S11301F80134F0E70000000000ED00E0FC6F04406B
S1130208FFFFFFEF00080440000D004000A5FFFFBA
S1130218A0500020A0580020FE60004014CC00002C
S107022810CC0000F2
S1070400FFFFFFFFF8
S1070404DFAFFFFF64
S1130440FC5B0020345D0020FF010100BC63002040
S113045094660020346600204C660020D465002099
S1130460C865002001000000FFFFFFFF000000003E
S1130470E0C600000000000000000000440003EBA0
S11304800000000003000000986A00205040002093
S113049000000000986A0020006B0020686B0020B8
S11304A00000000000000000000000000000000048
S11304B00000000000000000000000000000000038
S11304C00000000000000000000000000000000028
S10F04D00000000000000000000000001C
S11304E044F29C0044F29C03C2F20000C2F20003F6
S11304F010B5834205D040F20003C0F2000303B1FB
S1130500984710BD44F29C0044F29C03C2F20000E0
S1130510C2F200031B1A9A10D90F8918491010B59A
S113052029B140F20003C0F2000303B1984710BDA3
S113053010B545F6B804C2F20004237873B9FFF786
S1130540CFFF40F20003C0F200032BB140F2084099
S1130550C0F2000000E000BF0123237010BDC046BC
S113056040F20003C0F2000310B54BB145F6BC01E4
S113057040F20840C2F20001C0F2000000E000BFF7
S1130580FFF7C0FF10BDC046F7B505000E000E48CA
S11305900E49019207F05CFB040060B90C4F320075
S11305A038702900019B084807F09BFA040010B931
S11305B03B78002BFCD0044807F0DCF8044363428A
S11305C05C41E0B2FEBDC0461C69002074C8000056
S11305D0D4580020F7B507000E0010481049150044
S11305E007F036FB040078B96B4639000B4801AAC2
S11305F007F0AFF8040038B9009BAB420CD32A00D3
S11306003000019909F0A5FF044807F0B3F804434A
S113061063425C41E0B2FEBD0324F5E71C6900209F
S113062074C800000122014B1A707047D45800208E
S11306300022034B9A560AB901321A707047C04619
S1130640F85B0020034B00201A780AB118700130BF
S11306507047C0462C5C002010B5034B1B689B7888
S11306600BB109F005FE10BD0040002070B52C4B05
S113067004001B785BB283B12A4800F03BFB60B9ED
S1130680284800F093FB050040B1082C05D125480B
S113069000F057FB2000FFF7DFFF70BD2300613B34
S11306A0192B06D8203CE4B221001E4800F08FFB31
S11306B030E00A2C06D00D2C1AD0082C23D0202C84
S11306C0EBD0F1E72100174800F081FB2000164C25
S11306D0FFF7C2FF2378002BDFD0124800F031FB74
S11306E0104800F02EFB0122104B25701A70D4E73D
S11306F021000C4800F06BFB2000FFF7ADFF012246
S1130700094B1A70C9E7074800F047FB28B90548A8
S113071000F017FB2000FFF79FFF0022024BF0E7D9
S1130720F85B0020205C0020D55800202C5C0020C1
S113073010B50A4C2368DB7813B1094803F0F7FFBE
S113074023689A8814235343064A9B18186903F0B4
S1130750EEFF054803F0EBFF10BDC046004000204B
S1130760BBB00000D858002031BA000010B50E4BC1
S11307701B685C78082C16D0DB7813B10B4803F0A7
S1130780D6FF230034B10123042C03D00333072CF8
S113079000D1023B064ADB009B18586803F0C7FFF0
S11307A0024803F0C4FF10BD00400020BBB00000AD
S11307B0B8BA000010B5024803F0B9FF10BDC04636
S11307C0BBB000000A0010B5A8B1002913DD010078
S11307D0094800F084FA094B094A00201A602823CA
S11307E00849013B9BB288811431002BF9D1D38095
S11307F0136000F0B9F810BD205C00200040002018
S1130800FC5B0020D8580020F8B507000A480668A9
S11308100320F588272D0ED814246C43074801358E
S11308202150241838006260A36009F09BFEA08167
S113083000202761F580F8BD00400020D858002032
S11308400022024B1B681A807047C04600400020FB
S113085083B270B50400064D012B04D8FFF7F0FFF6
S11308602B68DC7070BD40F200422B681A80F9E7F7
S11308700040002040F20142014B1B681A8070477F
S11308800040002010B5274800F034FA20B10220BF
S1130890254B1B68187010BD224800F076FAFFF74C
S11308A0E9FF204800F079FA040058B91D4800F027
S11308B02BFA1E4BE3181B785BB283420FD1013431
S11308C0042CF3D1FFF752FF164800F062FA1548E2
S11308D000F00CFA0020144B1B681856DBE7E4B256
S11308E0114B022C04D0032C17D1FFF7A9FFE9E721
S11308F02B2807D00B4800F042FA01000C4800F006
S1130900C2F9DFE71B680748DC8800F038FA2100E9
S11309100200084800F0BAF8D4E700221B681A70F5
S1130920D0E7C046205C002000400020E8BA000068
S1130930D8BA0000D8580020014B1B6818707047C3
S113094000400020014B1B681878704700400020CD
S1130950014B1B685870704700400020014B1B6816
S1130960988070470040002010B5054B186800F0CF
S113097046FA14220349044800F0BAFA10BDC046EE
S1130980044000202D5C0020445C002010B5024B84
S1130990186800F066FA10BD04400020002370B50A
S11309A00360013B0B80074B050018680C0000F046
S11309B031FA30B143682B600822835E238000F053
S11309C07FFA70BD0440002010B5044B186800F095
S11309D021FA00B910BD00F073FAF6E704400020D4
S11309E0C0B20300303BDBB2092B01D858B27047C8
S11309F00300413B052B02D8373840B2F7E701200A
S1130A004042F4E7002310B5C2560AB918B210BD2B
S1130A105C1C8A42FAD02300F6E70000F7B50022F6
S1130A20040003000191009200269E578EB9009B9A
S1130A309E420CDA20000199FFF7E4FF124F051ED5
S1130A4013DC386800F00DFA08B1FFF7BDFF002091
S1130A50FEBD019A964202D001229A561AB9009A12
S1130A60013252B200920133DEE70023235400F036
S1130A7001FA01360581446001000135386800F04F
S1130A80E1F9641976B2D2E704400020F0B505001C
S1130A9085B0012016000391FFF74EFF0420FFF7F5
S1130AA057FF00230193019B039A934201DB05B096
S1130AB0F0BDAC89002C3DD022003100286909F03A
S1130AC0E7FC029038BB6B46002798883419FFF77F
S1130AD045FFE7573D2F07D03F2F31D0002F43D09C
S1130AE00220FFF729FF16E00123E3569BB12C21D6
S1130AF0601CFFF793FF0520FFF71EFF2B6843B12F
S1130B003000984704000298FFF716FF2000FFF713
S1130B101FFFFFF759FFFFF715FF0028C7D0FFF7A6
S1130B2011FF0528C3D0FFF70DFF022802D10138B9
S1130B30FFF702FF019B143501331BB20193B2E7A7
S1130B40647864B2002CE6D10520FFF7F5FE6B68EB
S1130B50002BE0D03000984707002000FFF7ECFEA0
S1130B603800FFF7F5FED6E70520FFF7E5FEAB6892
S1130B70002BD0D03000984704003800FFF7DCFE8B
S1130B802000EEE710B500220400A35610B203B90A
S1130B9010BD8B42FCD0303BDBB20132092BF4D9BF
S1130BA009204042F4E770B50400FFF7EBFF011E93
S1130BB012DB0022431E012510000A26E3188A4294
S1130BC000D170BD00241C570132303C6C4312B27A
S1130BD075430019013BF2E701204042F1E7C3B23B
S1130BE01A00303A0120092A06D900200522413B87
S1130BF0DBB29A424041C0B2704770B505000E00A6
S1130C0000242B5720B203B970BDB342FCD01800A6
S1130C10FFF7E5FF01340028F3D109204042F3E750
S1130C2070B50500FFF7E9FF02280CD10020285613
S1130C30FFF7D6FE040001202856FFF7D1FE240159
S1130C40201800B270BD012804D100202856FFF7F7
S1130C50C7FEF7E7031C002801DB4FF6FF7318B249
S1130C60F0E710B50400FFF7C8FF012804D1002005
S1130C702056FFF7B5FE10BD431C01DA40B2FAE777
S1130C8001204042F7E710B504000023E3564BB1BE
S1130C9000228A569A4206D1481C0021FFF7E1FF40
S1130CA06368984710BD0834EFE7F7B505000F00F7
S1130CB0FFF7A3FF2E0000240190731B019A1BB2BF
S1130CC09A420ADD00203056FFF78AFE00230136DF
S1130CD0F35624010419BB42EFD12000FEBD20B11C
S1130CE0002382800360C3808160704708B10023C1
S1130CF003607047030000202BB10620185601380A
S1130D0043425841C0B2704770B50500C0B10023DA
S1130D10C45E0222835E0020A34211D02800FFF7A4
S1130D20E9FF04216B5E013494FBF3F102004B43B1
S1130D30A968E31AC85CCC181BB202B922702B80D4
S1130D4070BD70B50400C8B10223C55E0022835E85
S1130D500020AB4212D02000FFF7CCFF030000209C
S1130D6063B9A268505D53550222A35E0421625EFA
S1130D70013B93FBF2F14A439B1A638070BD18B1A7
S1130D800022835E8068C018704708B10123837114
S1130D90704708B10023837170470022835E0222EA
S1130DA0805E181A43425841C0B270470222835EE3
S1130DB00421425E013393FBF2F14A439B1A002261
S1130DC0805E1BB2C01A43425841C0B2704770B52E
S1130DD004000D0090B1FFF7E9FF78B92000FFF798
S1130DE089FF58B90222A35E0421625E013393FB9A
S1130DF0F2F14A439B1AA2686380D55470BD002364
S1130E0003607047006820B1030000680028FBD12C
S1130E10180070470300006808B102681A60704740
S1130E2003682BB18B4204D10B68036000230B6071
S1130E3070471A001B68002BFAD09942F9D10B684D
S1130E401360F3E770B505000C00FFF7E9FF00231A
S1130E5028002360FFF7D6FF08B92C6070BD04603A
S1130E60FCE70368002003B9704701301B6800B237
S1130E70F9E70000F0B5104B1B785BB21800B3B172
S1130E8000200E4A0823D15E814210DD55680A23F2
S1130E90D65E2B0010685C1B24B2A64207DD002737
S1130EA0DF575C1C27B90139118101221A70F0BD8A
S1130EB023000C30EFE7C046445D0020385D00207D
S1130EC010B570B1094A0A23D45E002311689C420C
S1130ED007DD814206D11189013111810021526857
S1130EE0D15410BD01331BB20C31F0E7385D002042
S1130EF0002310B5074CE35653B9002A08DD38B176
S1130F0031B1054B186059601A815A81012323704D
S1130F1010BDC046445D0020385D002010B502F0CD
S1130F20CDFD10BD37B506AC2478079D009401951E
S1130F3002F0CAFD37BD10B502F0CEFD10BD10B5EC
S1130F4002F0E0FD10BD00000022054B10B50400C6
S1130F5000681A7003F02EFB206003F0EDFA10BD58
S1130F604C5D00200023036043600372C160036191
S1130F707047000070B5124C236843B1002201256C
S1130F801A601A720023206858B903B1206070BD3A
S1130F90C1682B00026911B122608847F2E7100092
S1130FA0F2E70268002AF3D03BB9037A002BEED1B2
S1130FB001230372FFF7C8FFE9E72060F5E7C046A5
S1130FC0485D0020F7B52F4D040001A802F03AFC5B
S1130FD02A78531CDBB22B700AB902F055FC2A4E56
S1130FE001A802F034FC336803B16CB901A802F023
S1130FF029FC2B78013BDBB22B700BB902F058FCB7
S113100001A802F024FCF7BDA3422ED1237A13B326
S113101003F0B4FA2768002433688C4619691C72FB
S1131020A9B13A00316023003E002700644502D193
S1131030824200D90600921BBB4116000B680800CF
S11310409B190B6001230B72FFF77EFFCEE7316023
S113105003F094F8CAE723692BB1216833601A6856
S113106052181A60C2E73360C0E71A001B69002BEC
S1131070BCD09C42F9D1236921681361002BEED1C5
S1131080B4E7C046C4600020485D0020054B1B68DF
S11310900BB918007047834201D01B69F8E701209F
S11310A0F8E7C046485D0020F0B587B0040005A805
S11310B002F0C8FB40490A78531CDBB20B700AB932
S11310C002F0E2FB05A802F0C2FB24B12000FFF706
S11310D0DDFF009078B105A802F0B4FB364A13781E
S11310E0013BDBB213700BB902F0E2FB05A802F07E
S11310F0AEFB07B0F0BD6368304D23602968009BE8
S1131100237239B921610123200023722C60FFF777
S11311101BFFE0E7087AF0B103F030FA2B68009F78
S11311201E683B003200B94202D1864200D9020057
S1131130B61A9F4100960197019B26682F6813B940
S1131140009BB3420BD927B1009B9E1B00233E603A
S11311503B722761D7E70B6801900093ECE73D6988
S11311602DB9009BF61A26603C612561B3E7286817
S11311700199009A019B8018594109B9864208D205
S1131180009B009AF31A23602B689B189B1B2B600F
S1131190EAE72B6923B9361A26602C6123619AE7A2
S11311A01A682F000292002203921D00029A039BE8
S11311B000900191DFE7C046C4600020485D002034
S11311C070B50D000400FFF7FDFE2560656070BD7D
S11311D010B503F0D3F810BD10B544781CB9013430
S11311E0447003F01DFA10BD10B503F023FA10BDCE
S11311F010B503F03DFA10BD154B00B5185C0A2874
S113120023D808F031FF1E161612060D22221A16D4
S11312101200002001230B398B424041C0B203E08D
S11312200C394B425941C8B200BD002002230A398F
S1131230F2E7002003230939EEE7002004230839EC
S1131240EAE7002005230739E6E70020ECE7C0467B
S1131250A8BB0000014B18887047C0467A5E002086
S113126010B5024B987A01F019FC10BD7C5E002089
S1131270002010B501F012FC034B1B6813B15B682E
S113128003B1984710BDC046745E0020002010B51D
S113129001F004FC034B1B6813B1DB6803B19847EE
S11312A010BDC046745E002010B501F093F8030031
S11312B00020082B01D8014AD05C10BDF7BA000009
S11312C010B5054B04005B7B0BB101F081FF2000DE
S11312D001F0CAF910BDC0467C5E002010B502F0D2
S11312E03DFE10BD10B502F0DDFD10BD10B5044B80
S11312F05A7B012312B101F0F9FE0300180010BD5E
S11313007C5E002010B5042001F014FC0220FFF7DD
S113131005FE10BD10B5002001F00CFC0220FFF703
S1131320FDFD10BD10B501F0EBFC10BD012310B59F
S113133011B102F0C1FD0023180010BD012310B546
S113134011B102F061FD0023180010BD40F28010BD
S1131350002310B51A00010001F053F901F0EAFC72
S113136010BD000070B540F2E8360E4B05005B7B03
S11313700C00564383B9280001F076F9200002F0EE
S11313808DFE01F0E5FC31000748FFF719FF064820
S1131390FFF78AFE002070BDC0B202F085F9002874
S11313A0E9D0F8E77C5E0020645D002010B501F010
S11313B095FA10BD10B502F07DFE0D23012800D072
S11313C00A3B180010BD000010B572B6BFF34F8F72
S11313D0BFF36F8F02F02CFB0122044B1A7062B62C
S11313E0BFF34F8FBFF36F8F10BDC0468C5E0020DC
S11313F0F0B585B072B6BFF34F8FBFF36F8F002285
S1131400654E33783270DBB262B6BFF34F8FBFF3F1
S11314106F8F002B00D19FE001F003F904004FF619
S1131420FF7001F032FB72B6BFF34F8FBFF36F8FC3
S113143002F08EFE0500012802D102F0F9FA35709F
S113144062B6BFF34F8FBFF36F8F40230125234054
S11314500193019A514B1A802C420BD05048FFF74C
S1131460B1FD280000F0BCFF4E4B1B6813B11B6894
S113147003B1984702252C4244D04B4B1F78A7B99F
S11314804A48FFF79FFD012000F0AAFF390040F60B
S1131490021002F007FD40F6441002F05FFD054320
S11314A0E9B240F6441002F0FDFC02ABDF1DFF225E
S11314B039003F4801F048FA3E4801F059FA019BCF
S11314C013B13D4B1B7A7BB1364B1B6863B19D68EE
S11314D055B1384A39781378002B41D10823D356B3
S11314E00620125E3248A8472F4B1B7853B100F0F8
S11314F071FF052806D1304B587A002835D00020DA
S113150001F0E0FB019B2BB1264B1B6813B11B6957
S113151003B1984723060AD5012000F061FF214B4F
S11315201B6823B19B6913B1E005C00F9847A4055C
S11315300FD500F04FFF04281AD11948FFF742FDD8
S1131540012000F04DFF174B1B6813B15B6803B11A
S113155098470023114A13803078C0B205B0F0BD1B
S11315601223D3561020125EBCE701F059FBC9E7E1
S113157000F030FF0528ECD10B4B1B782BB90B483E
S1131580FFF720FD012000F02BFF064B1B68002B0A
S1131590DFD0DB68DBE7C0468C5E00207A5E00208B
S11315A0645D0020745E0020A85F0020505D002070
S11315B08D5E00208C5F00207C5E002070B50F4B98
S11315C006005B7B0C00150093B9300001F04CF869
S11315D0200002F063FD01F0C9FB40F2E831084845
S11315E06943FFF7EDFD0648FFF75EFD002070BD7F
S11315F0C0B202F057F80028E7D0F8E77C5E00207C
S1131600645D002010B500F0B3FF10BD02001F2080
S11316105AB1012308490868824207D9886882427E
S113162004D8054ADB009B18187970470133083148
S1131630172BF0D11F20F8E7B4BB000010B50A4BFC
S1131640012807D1094AC73311700948197001F0FC
S1131650D9F810BD1A00BF321278002AF9D1034A12
S1131660C0331170F1E7C046785D002008400020C7
S1131670305E002070B5164B05005B7B0C0001202A
S11316801BB1280001F050FFF8B9F5B1002340F276
S113169001211A00080000F0B4FF01F019F80D4B05
S11316A0012813D1C7331C700B4801F0ABF800229A
S11316B02100280001F0ACFA084B09481968FFF72B
S11316C07FFD0748FFF7F0FC002070BDC033EAE758
S11316D07C5E0020785D0020305E0020B05F00203A
S11316E0645D0020002340F2422110B504001A007A
S11316F0080000F086FF34B10A482100FFF760FDBE
S11317000848FFF7D1FC084B1B7833B1402000F0A8
S11317106FFF002001F0D6FA10BD044B1868800159
S1131720F8E7C046505D0020A85F0020AC5F0020B1
S113173070B5164D04006B7B33B96A7A4AB1200048
S1131740FFF7D0FF002003E001F09EFF0028F4D053
S113175070BD40F242211300080000F052FF34B182
S11317600B482100FFF72CFD0948FFF79DFC094BAE
S11317701B7833B1402000F03BFF002001F050FA09
S1131780E0E7054B18688001F8E7C0467C5E00205E
S1131790505D0020A85F0020AC5F0020F7B5070073
S11317A00C000025C9B3364E01A802F04BF832787C
S11317B0531CDBB233700AB902F066F801A802F0D8
S11317C046F8092F36D8380008F04EFC050A292DB2
S11317D031393F43475322782A4B1A7001250FE0D1
S11317E016250422210001A808F0B3FE019A264B15
S11317F01968914241D0013DADB20833002DF7D1B3
S113180001A802F01FF83378013BDBB233700BB947
S113181002F04EF801A802F01AF82800FEBD227862
S1131820184B1A72DAE72278164B5A72D6E72378E5
S11318302F2B01D90025E3E7124AD372CEE7237890
S11318402F2BF7D80F4A1373C8E722780D4B5A731E
S1131850C4E722780B4B9A72C0E70A4D23784FF6FF
S1131860FF70AF7BAB7301F0A9FA0028B6D1AF7358
S1131870E0E72278034BDA73B0E7024B5A60ADE736
S1131880C46000207C5E0020B4BB0000F7B50700F4
S11318900C00002679B3254D01A801F0D3FF2A7866
S11318A0531CDBB22B700AB901F0EEFF01A801F062
S11318B0CEFF0026092F11D8380008F0D5FB050902
S11318C01E2124272A2D3033194B1B78237004E062
S11318D004222000174908F03CFE012601A801F06B
S11318E0B1FF2B78013BDBB22B700BB901F0E0FFA9
S11318F001A801F0ACFF3000FEBD0D4B1B7AE5E7FB
S11319000B4B5B7AE2E70A4BDB7ADFE7084B1B7B86
S1131910DCE7074B5B7BD9E7054B9B7AD6E7044BA7
S11319209B7BD3E7024BDB7BD0E7C046C46000203F
S11319307C5E0020805E002010B500F04BFD08287E
S113194006D10022054B5A701A7001F01DFA10BD21
S11319500028FCD101F0A2F8F9E7C046785E002027
S113196010B504000B4B1870587000F015F854B102
S1131970342140F2407002F095FA442140F2417063
S113198002F090FA10BD142140F2407002F08AFA7D
S11319902421F3E7785E0020012010B500F08AFED0
S11319A0044B18785A78824202D05870FFF7D8FF57
S11319B010BDC046785E002010B5012806D0002076
S11319C000F078FE0022034B5A7010BDFFF7E4FFCD
S11319D0FBE7C046785E0020F0B50600492095B0CC
S11319E010931AAB150004CB0C911B8821A90B93FF
S11319F01CAB1F881DAB1B7809780D931EAB1B789D
S1131A000E931FAB1B780F9320AB1B789C4608AB3F
S1131A10C018C07F11904D20C018C47F7B48407B04
S1131A20A8B1119B07910893634606930F9B0092FC
S1131A3005930E9B2A0004930D9B0C9903930B9B17
S1131A4030B201930994109B029701F0C9FB704BCB
S1131A501C7063425C410D9B644227400BB9FF3309
S1131A600E936C4B0E9A1A7026B1012E5ED0002094
S1131A7015B0F0BD684C300000F018FD2300E833C9
S1131A801E702300EC331D6023000B22F4330C98EA
S1131A901A70FFF7BBFD2300F53318702300B83329
S1131AA01E700B9B0D99DA002300BA331A802300B1
S1131AB041F60402BC331A802300BE3322001E7098
S1131AC00123BF325940117022005249C0320978B3
S1131AD011700F9A02B1F1332200C1321370230046
S1131AE00122C233E8341A70FFF7BAFB2078431E90
S1131AF09841C0B2FFF760FF200000F03FFE474866
S1131B0000F080FE0822464912A808F022FD12A81F
S1131B1000F087FC40F2FF1000F0ACFC41F640738B
S1131B207B43B3FBF5F33F4A1360A0E73A4C002034
S1131B3000F0BCFC2300E8331E702300EEB2F8333F
S1131B400C9A1E70384B29009B5C1000053E0E93C6
S1131B50FFF752FB012E07D86B460B9A9B8D0C2A7C
S1131B6000D20C239BB20B9323000E9AF9331A7004
S1131B702300109AFA331A7023002500FB331870DF
S1131B800123B8352B7023000B9AC4331A80230029
S1131B900D9AC6331A7023001E4AC73312782600E2
S1131BA01A7023000F9AC8331A70119BE834C9368F
S1131BB03370FFF755FB2078431E9841C0B2FFF7FE
S1131BC0FBFE200000F0DAFD280000F01BFEF8B256
S1131BD000F075FC3378042440F23670012B10D1E8
S1131BE002F0BCF9A043C1B240F2367002F05AF9D7
S1131BF07B427B410D4A5B4213404FF6FF729B18B8
S1131C0091E702F0ABF90443E1B2EDE77C5E00201A
S1131C10A85F002008400020785D0020305E00208E
S1131C20FCBC0000AC5F0020A8BB00000100FFFF6B
S1131C30F0B595B00B931AAB20CB0E911B7821A96C
S1131C4010931CAB1F881DAB1B7809780C931EAB3B
S1131C501B7811916C490F920D93497B1FAB20AAFD
S1131C6006001B78127899B105930D9B2299049371
S1131C700C9B089103931199109B07910692019371
S1131C800F9A0B9B0E9900B20297009501F0D0FABF
S1131C904EB1012E57D040F6890002F05FF90421BD
S1131CA00143C9B2A3E0594C0B222300E8331E7050
S1131CB02300EC331D6023000B98F4331A70FFF7F4
S1131CC0A5FC2300F533187023000F9AF0331A6033
S1131CD02300B8331E702300FF00BA331F80230093
S1131CE041F60402BC331A802300BE3322001E7066
S1131CF001230C99BF32594011700D9A02B1F1338E
S1131D002200C132137023000122C233E8341A7056
S1131D10FFF7A6FA2078431E9841C0B2FFF74CFEA5
S1131D20200000F02BFD3A4800F06CFD08223949F0
S1131D3012A808F00EFC12A800F073FB40F2FF108A
S1131D4000F098FBA7E7314C0B9A2300E8331E7090
S1131D502300EEB2F8331E702F4B29009B5C100059
S1131D60053E0F93FFF748FA012E04D83B1C0C2FB5
S1131D7000D20C239FB225000F9BF9352B70230052
S1131D80109AFA331A7023002600FB3318700123CB
S1131D90B83633702300C4331F8023000C9AC63333
S1131DA01A7023001D4AC73312781A7023000D9A43
S1131DB0C8331A702300119AC933E8341A70FFF734
S1131DC04FFA2078431E9841C0B2FFF7F5FD20007A
S1131DD000F0D4FC300000F015FD2B78062B00D069
S1131DE059E740F6890002F0B9F8FB21014040F6BA
S1131DF0890002F057F80E9802F050F90020084BC1
S1131E00229A1A6015B0F0BD7C5E0020785D002037
S1131E10305E0020FCBC0000A8BB0000084000208D
S1131E20B05F002010B5FFF7B7FD00231A001900BA
S1131E30180000F0E6FB00F011FF10BDF0B587B00C
S1131E400025059102920493322B5DD84E4B4F4CE2
S1131E501B782A0003932300F933290028001E78F5
S1131E602B0000F0CEFB00F033FC494F0190012819
S1131E7051D17D683DB92B004649DA0052181168EA
S1131E80B14244D155680026FFF7EAF90020FFF774
S1131E9093FD414B28001E70FFF7B8FB2300F53378
S1131EA018703D4800F06AFC2000B830067000F05D
S1131EB0A9FC0598FFF704FA384800F0B1FE02F0D7
S1131EC07AFB0500280002F07AFB0028FAD000F023
S1131ED005FD029B98422EDB0025FFF7C1F9019B0B
S1131EE0012B43D1FFF758FD23002000039AF5335B
S1131EF01A70019BE830037000F040FC2000019B45
S1131F00B830037000F07EFC280007B0F0BD013348
S1131F100A2BB1D1B7E7FFF7A3F978680028C8D036
S1131F202600E8363570FFF771FB174B1870300048
S1131F3000F024FCBDE740F2E835049B5D4302F069
S1131F403AFB060000F0CAFC029B9842C4DA300057
S1131F5002F035FBABB29842F4D300F0BFFC029B15
S1131F600125834200DC0025EDB2B6E77B68002B37
S1131F70CAD02300039A2000F5331A700023E830F6
S1131F80037000F0FBFBBFE76D5E0020785D00206E
S1131F907C5E002058BB0000605E0020FFFFFF0055
S1131FA0F0B5514C87B0260005900391F53633788F
S1131FB002932300F9331B780493322900D991E06A
S1131FC000231A001900180000F01BFB00F080FB2E
S1131FD0464F0190012864D17D6845B92B004449DE
S1131FE0DA00521811680498814256D155680026C7
S1131FF0FFF736F90020FFF7DFFC3E4B28001E7088
S1132000FFF704FB2300F53318703A4800F0B6FBE1
S11320102000B830067000F0F5FB0598FFF750F982
S11320207B7A3548002B4CD000F04CFE40F2E83669
S1132030039B5E4302F0BFFA0500280002F0BFFADA
S11320400028FAD002F0B7FA2C4D039000F046FCB9
S11320502B1C854200DA031C03981DB202F0AFFA70
S1132060B3B29842F2D3FFF7FBF8019B012B2BD1BB
S1132070FFF792FC23002000029AF5331A70019BAB
S1132080E830037000F07AFB2000019BB830037045
S113209000F0B8FB280007B0F0BD01330A2B9ED135
S11320A0A5E7FFF7DDF878680028B6D025000023FF
S11320B0E8352B70FFF7AAFA3070280000F05EFBB9
S11320C0ABE700F0ADFDB1E77B68002BE2D0230065
S11320D0029A2000F5331A700023E830037000F0F0
S11320E04DFBD7E7054DD5E7785D00207C5E0020E9
S11320F058BB0000605E0020FFFFFF000080FFFF70
S1132100F0B585B015000AAA17880BAA01911178B9
S11321100CAA14780DAA127848B1012814D001250C
S1132120002040190138B0FBF5F005B0F0BD0123E3
S113213040F2E8304B40FB185200DB001219183310
S1132140D2009B185843ECE7043302936B1F012B16
S113215004D83B1C0C2F00D20C239FB21201E400C4
S1132160A4184A4251411423AE0049420B40A41B17
S1132170E418AB1E0393062D07D9290001980834EF
S1132180FFF73AF808B1AB1E9E00E343DB171C408F
S1132190A419013C94FBF6F6029B7343DA1913006D
S11321A00E33062D00D9023B084A0199525C0A2AD3
S11321B00AD803999B0001338B4040F2E83058431E
S11321C0034B9200D558ACE7FFDEC046A8BB000025
S11321D000BB000030B585B00400092240F29F2006
S11321E001A901F069FE6B461D79002301A8AB42E9
S11321F014D1032B10D869465A1C0A716A465B0035
S1132200210A0532D1546A460632D45440F29F2042
S1132210092201A901F0F8FD05B030BD01004278A2
S113222089781202521802309442F5D00133DBB29D
S1132230DDE70000030000200A2B01D8014AD05C2E
S11322407047C046ECBA0000F0B504000E0085B03B
S113225018B30020012C51D1294D2B00F9331878E3
S1132260FFF7E8FF01002800C83000782B002A009F
S1132270471EB841FA33F8321B78127803902800CD
S11322800296C6300078C435461EB04101902888B5
S113229000902000FFF734FF30E0194B1A00EC32B5
S11322A015681A00C13212780296013A511E8A4109
S11322B003921A00BF321278BA3351424A41019252
S11322C01B882A00DB08009301000300FFF718FFB6
S11322D041F65732012395420FD840F6B732DB1846
S11322E095420AD840F2CF720133954205D840F2A4
S11322F0E7320433954200D9023B181805B0F0BD0B
S1132300785D002010B5074C10220021200008F051
S1132310B7F801F0CFFE10B91323E372237300F072
S113232043FD10BD7C5E002010B50024214B1860D5
S1132330214B22485C701C7000F0D6FB200000F09A
S1132340ADFB012000F0E7F82100200000F0ACFA1A
S11323502000042100F0C2F94FF6FF71230022008F
S1132360080000F04EF940F6AC00FFF733FF40F6EA
S11323708900FFF72FFFFFF7C5FF1148FEF722FE84
S11323801048FEF71FFE10490D48FEF7EBFD0F49FC
S11323900C48FEF7E7FD0E4B1C7000F043FB80B2C7
S11323A0033400B904004FF6FF7000F007FD20006D
S11323B010BDC046745E0020785E0020C913000082
S11323C0645D0020505D0020711200008D12000039
S11323D08C5E0020014B18787047C04609400020ED
S11323E0014B18707047C0460940002010B5084BD7
S11323F01A78082A08D840F24113D340DB0703D5E2
S113240001F036FC01F05CFE01F028FC10BDC04672
S11324100940002010B50A000100002001F0A8FDC9
S113242010BD10B5010040F2C060082201F0ECFCC0
S1132430002010BD07B5064B01A91B7840BA0880DF
S113244023B9022240F2BC6001F0DEFC07BDC046A5
S1132450C15F002007B5064B01A91B7840BA08806C
S113246023B9022240F2BE6001F0CEFC07BDC04693
S1132470C15F002010B50C4B04001B789BB940F2DF
S1132480B86001F06BFD01220100230A914313405F
S1132490C9B240F2B860194301F004FD40F2B960DA
S11324A0E1B201F0FFFC10BDC15F002007B56B462F
S11324B0D91D087001229F2001F012FC07BD73B5DD
S11324C0031C0400F82804D94BF60453C0F200039B
S11324D01B780133DBB25B100025DEB21F2B02DD5B
S11324E00336B608013532006B0001339A401300FD
S11324F06A46D3716B460122A020D91D01F0F0FB7E
S113250044B16B46F600A919C9B240F20670D971FC
S113251001F0C8FC73BD07B56B46D91D08700122D4
S1132520962001F0DDFB07BD07B56A46031CD11DEB
S113253058069A06C00FD20F520180011043DA07E1
S1132540D20F1043DA06D20F120110431A07D20F2A
S1132550D20010435A07D20F9B079200DB0F10439F
S11325605B00184308700122892001F0B9FB07BD04
S113257007B5104B01A9984206D90F4B0B800222D4
S1132580982001F0ADFB07BD0C4B984201D90C4BD0
S1132590F4E70C4B984201D90B4BEFE70B4B9842F5
S11325A001D90B4BEAE70B4B9842E8D946F66B731B
S11325B0E4E7C04600E9A435E1E9FFFF80F8A93269
S11325C0D7DBFFFF8044E52DC1C5FFFF000B6B1B6C
S11325D07581FFFF40FC541913B501AC2070617084
S11325E0A270210004229520E37001F079FB13BD51
S11325F007B56B46D91D08700122932001F070FBCA
S113260007BD13B56C4652BAA280082240BA49BA33
S1132610208061805BBA69461000E38001F060FBB2
S113262013BD13B501AC02222100122001F0A0FB5E
S1132630208840BA80B216BD07B56B46D91D087014
S113264001229D2001F04CFB07BD07B50B000722BA
S113265001A910401A0C08704A705BBA0422972032
S11326604B8001F03DFB07BD37B5104B104D186092
S11326702B7804001BB9FFF77BFF01232B7043F673
S11326800951B4FBF1F20B0041F684605343E31AA1
S11326909B031B18B3FBF1F392039B181BBA042290
S11326A0862001A9019301F01BFB37BDB85F002010
S11326B0B45F002007B56B46D91D044B0870187031
S11326C001228A2001F00CFB07BDC046C15F002037
S11326D0014B18787047C046C15F002037B504002D
S11326E00D0001F0E1FC0200012826D103000021C5
S11326F00F2C08D10620FFF76FFF231C5AB20E2AB5
S11327000CDD0E230AE00420FFF766FF231C1134BE
S1132710F4DA4BF60553C0F200031B7818215CB2BF
S113272040F6E70001F0BEFB6B4602228E2001A9B1
S11327305D711C7101F0D4FA37BD40F6D80001F088
S11327400DFC1E210143C9B240F6D80001F0AAFBDA
S11327500123002207210420FFF73EFF231C093434
S113276007DA4BF60653C0F200031B7838215CB23B
S1132770D6E75AB2162AF9DD1623F7E713B5040093
S113278008220021684607F07BFE1C4B20781B784A
S1132790834201D0FFF78EFF237813B1012B28D099
S11327A013BD6268164B6946B3FBF2F343F6095056
S11327B01A0C0A701A0A4A708B70237BA268CB70B9
S11327C0637B0B71B2FBF0F103004B43D31A41F668
S11327D084629B039B18B3FBF0F389035B1869467F
S11327E01A0C4A7108225BBACB808B2001F078FA6C
S11327F0D6E72369042269460093F6E7C15F002007
S11328000000093D30B5040085B001AD0922002166
S1132810280007F035FE224B20781B78834201D034
S1132820FFF748FF23781BB1012B2BD005B030BD37
S1132830637AF12B1AD14FF6FF70FFF7FBFD48F2D4
S11328400500FFF707FE02236288A18852BA2A8096
S1132850227A6980AA710922E188EB71A980A37A9E
S11328602B7229008C2001F03BFADFE7F22BEBD12D
S113287041F60F50FFF7DEFD41F22100FFF7EAFDBC
S11328800623E1E7A389074A5BBA2B80A37B137075
S1132890AB70E37B0622EB70238AAB80E1E7C04692
S11328A0C15F0020C05F002007B56B4618715971E5
S11328B002228F2001A901F013FA07BD002110B5EF
S11328C00A00C02001F054FA0721021143100A4003
S11328D00B4012015800104310BD000013B501ACA9
S11328E001222100152001F043FA064B22781B78BF
S11328F052085BB29B1A181C803301DA4FF68070C1
S113290000B216BD7C5E002037B505000C00022223
S1132910132001A901F02CFA094B1B78012B0CD1CF
S1132920084B1B78012B08D140F2027001F016FB12
S11329306B4628705B79237037BD6B461879F7E7CF
S1132940C15F0020C05F0020F7B56B460C00DF1D9F
S11329500500390020001600FFF7D6FF2278012079
S1132960B24204D83878290001F04AFB0020FEBDA9
S113297037B5040001AD03222900142001F0F8F951
S1132980254B1B7823704BB1012B24D01B22002133
S1132990601C07F075FD0F2323701BE000222B78C9
S11329A023711E4B9A566B7892B25B08D31A191C8A
S11329B01BB2803301DA4FF680712181AB785B085A
S11329C0D31A1A1C1BB2803301DA4FF6807200232B
S11329D0E280E36037BD0022104B9A562B7892B206
S11329E05B08D31A191C1BB2803301DA4FF68071CD
S11329F001232182EB5602339B10A374AB785B084E
S1132A00D31A1A1C1BB2803301DA4FF68072044BBE
S1132A10A2821B68A361DDE7C15F00207C5E002009
S1132A20BC5F0020002313B501AC21000222172053
S1132A30238001F09DF901236278511010001940A0
S1132A409940184008439110194089000843D11057
S1132A501940C900084311111940090108435111D3
S1132A601940921149011A400843920110432278F7
S1132A7013401B02184316BD002307B5022201A907
S1132A8007200B8001F02CF907BD07B5022201A92C
S1132A9040BA0880100001F023F907BD07B56B4662
S1132AA0D8710E48FEF78EFA0D48FEF78BFA6B4686
S1132AB00122D91D802001F013F96B46DA79094B04
S1132AC04AB9013220201A70FFF792FD4FF6FF70C9
S1132AD0FFF7DBFF07BD02221A70F7E7645D0020F1
S1132AE0505D00200940002010B5040001F0A0F85A
S1132AF0200001F07DF801F0BBF80020FFF7CEFFC5
S1132B0001F084F801F0DCFA0120FFF795FD0122C1
S1132B10044B1A700023044A1370044A1370044AC5
S1132B20136010BD09400020C15F0020B45F002085
S1132B30B85F002013B5041CFFF7C0FE60230340F8
S1132B40202B02D00020FFF7A9FF01F0F9FA6B4611
S1132B50A207D91D6307DB0FD20F52009B0013435A
S1132B60E207D20F1343842001220B7001F0B8F85E
S1132B7004210B00074A2340214202D00023137092
S1132B8013BD08211170044A1370044A1360044AE7
S1132B90F5E7C04609400020B45F0020B85F00207C
S1132BA0C15F002037B501F085FA88B96B46012270
S1132BB0D91D80300A70074D01F092F8064B40F69B
S1132BC01110E97A5C6CA04740F61210297BA047EB
S1132BD037BDC0467C5E00206CBC000013B50422E7
S1132BE00400094B09481A70FEF7ECF9FFF7DAFF05
S1132BF001A9230C0B700322230A83204B708C70D1
S1132C0001F06EF813BDC04609400020505D00205D
S1132C1010B51400FFF7FEFB2000FFF7DFFF10BD27
S1132C20052213B504000B4B0B481A70FEF7CAF9C2
S1132C30942140F6AC0001F035F9FFF7B3FF01A988
S1132C40230C0B700322230A82204B708C7001F03A
S1132C5047F813BD09400020645D0020F0B540F63C
S1132C60E206002785B03000039701F077F9FE21D2
S1132C7040F6E50501400400300001F013F9280096
S1132C8001F06CF97F2101900140280001F00AF95C
S1132C900B48FFF7C5FF042203A940F6190001F011
S1132CA00BF93800FFF7FAFE2100300001F0FAF8C2
S1132CB02800019901F0F6F8039805B0F0BDC0466C
S1132CC0FFFFFF00052213B504000B4B0B481A70DD
S1132CD0FEF778F9962140F6AC0001F0E3F8FFF72F
S1132CE061FF01A9230C0B700322230A82204B707D
S1132CF08C7000F0F5FF13BD09400020645D0020D6
S1132D0037B505000C00FFF74DFF6A462B0C137016
S1132D102B0A5370230C64BA9570D370948069465F
S1132D200622942000F0DCFF0622014B1A7037BD06
S1132D300940002010B5FFF735FF0022C52011001F
S1132D4000F0CEFF0722014B1A7010BD094000208D
S1132D5010B5FFF727FF0022D120110000F0C0FFBB
S1132D600422014B1A7010BD0940002010B5FFF772
S1132D7019FF0022D220110000F0B2FF0422014BFF
S1132D801A7010BD0940002010B50120FFF754FC53
S1132D9000F03CFF0120FFF7BEFB0122014B1A703B
S1132DA010BDC04609400020024B1B780BB9024AF3
S1132DB0D3817047C25F00207C5E0020F8B50027F5
S1132DC0274B05009E7B38000A2E47D8254C142239
S1132DD0390025482770676007F052FB1822390034
S1132DE0224807F04DFB224B1B7823B123004633C6
S1132DF01B78B34231D02300463300221E700023D7
S1132E00A263E3630023A11D2200CB878021473204
S1132E10117022004832137001271A0040F2013C5D
S1132E20144923640878B0420DD13D420BD00B2ADB
S1132E3008D81148D30019501B18604698803B00ED
S1132E400132D2B26D080D482C318142EAD10BB166
S1132E50483422700123064A13700120F8BDC0468D
S1132E607C5E0020C85F0020D05F0020E45F00206B
S1132E70C25F002008BD000018600020E0C200000E
S1132E804A425141094A4942114042F2107289189A
S1132E900300C8430A2B07D8054AD35C054A9B00A4
S1132EA09B58C81803B9C8437047C046F0D8FFFF01
S1132EB0A8BB00002CBB000010B5040008002CB116
S1132EC0012C09D12100FFF7DBFF10BD500042F2B5
S1132ED010729B18C018F8E701204042F5E7000083
S1132EE0F7B51B4ACE00B218127903000120D2B103
S1132EF000229C5EDD68844216D100219868FFF7A9
S1132F00BFFF134B134A9B5940F20C0C2A331B7816
S1132F101049DB009A5C5B1801920022019ED1B239
S1132F208E4203D80420FEBD5868EAE76146514347
S1132F305F687E18795EA14205D17168A94202D109
S1132F40B168814201D00132E8E70020EBE7C046D6
S1132F5018600020E0C2000003000D48D20012589F
S1132F6030B5546802209C4211D895689D420ED316
S1132F70D2681B1BB3FBF2F454431D1BA34206D1BE
S1132F802800012A03D08A4292415242500030BDA7
S1132F9018600020044BC900CB585B698342804110
S1132FA0404200017047C04618600020F8B51A4C32
S1132FB00020236C63B3A31DDB8F184DDB005B592A
S1132FC0188B28B3FEF704F90023226C06000F00C7
S1132FD0A06BE16B801859410222002312184B4167
S1132FE0BB4216D801D1B24213D802225242D3179F
S1132FF0121A8B4192197B410634E18F0120C900DA
S11330006958098B0BB9914200D80020800180B225
S1133010F8BD00220023EFE7C85F002018600020FD
S11330200300002082B00190D1B142F20F729142AC
S11330300CD840F2E73291420AD9013242F21070C0
S11330400192019A401AB0FBF2F0584302B0704763
S113305064226329F2D80A220929EFD80122EDE774
S11330600121FBE7F8B51F4C0020236CABB3A31D73
S1133070DB8F1D4DDB005B59188D70B3FEF7A8F88C
S1133080A66BE76B0B0002001900236C10009C4632
S11330901A000023B6185F410222002392197B41D3
S11330A08B421BD801D1824218D802225242D31734
S11330B0921BBB4112184B4116001F000634E38FCC
S11330C06046DB00EB58198DFFF7AAFF01230FB907
S11330D0B04200D80023580180B2F8BD0026002772
S11330E0ECE7C046C85F002018600020124AF0B523
S11330F013000400463319784832104B1278DD7BF4
S11331000F4B0639D200C9B2D218934201D1002024
S1133110F0BD012905D825B918682A30007802289D
S113312008D0187930B11E687768A74202D8B6680B
S1133130A642EDD20833E8E7C85F00207C5E002099
S11331401860002073B5204D060001A80C0000F0A3
S113315079FB2A78531CDBB22B700AB900F094FB7C
S113316001A800F074FB701E042809D806F07CFF47
S113317003161A21280050222100144807F0E9F907
S113318001A800F05FFB2B78013BDBB22B700BB97D
S113319000F08EFB01A800F05AFB73BD22780B4BA4
S11331A01A70EDE7094B083307CC07C306CC06C3F6
S11331B0E6E7064B1C3307CC07C307CC07C3DFE79E
S11331C02268024B5A60DBE7C4600020C85F00201D
S11331D007B5019001A90520FFF7B4FF00200EBD3B
S11331E0F0B506000D008BB0019311AB1B88009263
S11331F0029313AB1B781222039315AB1F7804AB15
S11332000021981D07F03CF9009B05AC0793019B36
S113321021002373029B0320E381039B26800695F0
S113322023746774FFF78EFF00200BB0F0BD00001D
S1133230F0B50C00060015008DB0019312AB04CB61
S113324000211B780292039314AB1B88152204936C
S113325015AB1B78059316AB1F7806ABD81C07F08B
S11332600FF906AB1E809C70019B039A0893029B86
S11332700420099306AB1A74049A19005A82059A19
S11332805F751A750795FFF75DFF0020024B473302
S11332901C700DB0F0BDC046C85F002073B5214D51
S11332A0060001A80C0000F0CDFA2A78531CDBB20A
S11332B02B700AB900F0E8FA01A800F0C8FA701EF1
S11332C0042809D806F0D0FE03161A222A00502238
S11332D02000154907F03DF901A800F0B3FA2B7856
S11332E0013BDBB22B700BB900F0E2FA01A800F04D
S11332F0AEFA73BD0C4B1B782370EDE722000A4B2A
S1133300083343CB43C203CB03C2E5E72200064B99
S11333101C3343CB43C213CB13C2DDE7024B5B68C0
S11333202360D9E7C4600020C85F0020F0B59BB0DB
S113333014AD1822040000210EA807F0A1F82900FA
S11333400420FFF7ABFF05200CA9FFF7A7FF00231C
S1133350EE5EA968EB6830006A68FFF7ADFDF3B272
S113336002936D4B08905B6A2100029898476B4B5F
S1133370049048331B786A4E0793684B46331B7896
S1133380063BDBB20593674BDB7B06930C9B0393F5
S11333900EAB0193002300936B461F78079BBB423F
S11333A000D8A2E0059B012B07D8069B2BB93368F4
S11333B02A331B78022B00D1A0E03379002B00D1F3
S11333C09CE03A0008990398FFF7C6FD019B390079
S11333D0099028001C88FFF783FD099B39000343EB
S11333E004981C43FFF7D6FDA4B2019B0443A4B286
S11333F01C80002C00D081E0FFF734FE0400FFF7AE
S1133400D5FD009B04435B001800019310230AA917
S1133410A4B2C9180C52DCBB0099414BCE009A5996
S113342040F2E733D2699A4232D93B4A0DA9D56FAB
S11334300120A8470AA903312000A847384B364A7F
S11334409959956F24310120A847354B711DC9182E
S11334502000A84740F2E831314B9A59D369202023
S1133460125EB3FBF1F32C499BB20E6902980399E7
S1133470B04706000DA90120A8470AA9200003317E
S1133480A8472EB91022802301980AA98A1813523A
S1133490009B0EAA5B009B5A13BBFDF799FE1F4BC2
S11334A0049A9863D9631A640633DF87009B1C4A25
S11334B0DB00D35814A91B7C887889781A1C49B27C
S11334C05BB28B4200DD021C0021144B50B2473327
S11334D05956814202D01A7000F0E0FD002006E047
S11334E06022134212D11B0613D4FF276520FF2349
S11334F018403B401B0218431BB0F0BD009B08362C
S113350001330093019B0233019345E7FF276620B3
S1133510EDE7FF276720EAE76CBC0000C85F0020E6
S1133520186000207C5E002037B56B46DD1C02204D
S11335300C002900FFF7B2FE2B7803201BB92000F2
S1133540FFF7F4FEC0B23EBDF0B599B018220021D9
S11335500DAC12A806F094FF21000320FFF79EFE95
S113356005200CA9FFF79AFE0022A35E019303BB7A
S113357063680393404B00271A004832127846339D
S113358009921B783D4D063BDBB205933C4BDB7B3C
S113359006930C9B079312AB0293099BBB4210D179
S11335A0FF276420FF2318403B401B02184319B037
S11335B0F0BD002361681A000198FFF77DFC0390B9
S11335C0D8E7059B012B0DD8069B5BB92B682A33E2
S11335D01B78022B06D1029B01370233FFB2083558
S11335E00293DAE72B79002BF5D03A000399079878
S11335F0FFF7B2FC029B1B881843029B84B21C8019
S1133600002CE8D12B681F4A2A331E78F600B35CDD
S1133610B118019A04932300012A25D121000E98A0
S1133620FFF72EFC40F20C0C0F9B0893154BF3187C
S11336300499E2B28A42CED2624662435E68B1180D
S1133640B25E012A06D14A68089E964202D18A686F
S113365082420ED00134EBE70C2058434A68013310
S1133660825E0198904204D00498DAB29042F3D872
S1133670B1E7002096E7C046C85F0020186000202C
S11336807C5E0020E0C2000013B56B46DC1C022007
S11336902100FFF703FE2378032013B9FFF754FF3B
S11336A0C0B216BD0320704703207047F8B52E4CF6
S11336B00125230022004633197848322B4B127817
S11336C0DE7B2B4B0639D200C9B2D218934205D106
S11336D0002D46D1236C83B90020F8BD012905D8FB
S11336E026B918682A300078022804D0187947428D
S11336F07841404205400833E8E7FDF769FD0222BE
S1133700002306000F00A06BE16B12184B419F428F
S113371002D823D1964221D902225242D317121A37
S11337208B41B6185F41256C0634E38F104ADB00E9
S1133730D4582800218DFFF773FC218B02008142AD
S113374000D90A0000232800002180185941B942F9
S113375002D8C1D1B042BFD9801BBEE700260027E2
S1133760E1E701204042B8E7C85F00207C5E00200A
S11337701860002003795A1E9341024ADBB2137089
S11337807047C04678600020054B10B59B689A6866
S113379003CB12689047034B03CB04F0C9FB10BD65
S11337A028400020E8C70000012310B5064C237010
S11337B0064B186804F0DCFB002318B92378002BAF
S11337C0FCD10133180010BD78600020E8C7000068
S11337D07FB50123194D04002B70194B01A91E68F4
S11337E0300004F0D0FB50B100231A00190020006F
S11337F02380002362802371617104B070BD2B7833
S1133800002BFCD102AD2A00300001A904F0C4FB56
S11338100028E9D10A2102202A5E2B8892FBF1F2CA
S11338204B439B18AA880620285E4A4390FBF1F17B
S113383052181BB2012112B2D9E7C04678600020A9
S1133840E8C70000EFF31083036072B670470368A3
S113385083F310887047000072B6BFF34F8FBFF335
S11338606F8FBFF34F8F034B034ADA60BFF34F8F61
S1133870C046FDE700ED00E00400FA05704710B50E
S1133880FDF7A2FD10BD00001220074B10B518561D
S113389006F058FB1220054B185606F053FB112076
S11338A006F050FB10BDC04698C70000C0C700001A
S11338B01220074B10B5185606F030FB1220054BAA
S11338C0185606F02BFB112006F028FB10BDC0464D
S11338D098C70000C0C7000070B50D00140029008F
S11338E00348A2B2FDF780FC0028F8D1200070BD87
S11338F07C600020002337B50C00150001932100E3
S11339000848AAB201ABFDF773FC0028F7D1019A6D
S11339102100044892B2FDF767FC0028F7D1019812
S11339203EBDC0467C60002010B50249024804F048
S1133930C9FF10BD78C700004468002037B5EFF315
S11339401080012383F31088254B196819B9254A7F
S1133950D1704031D1701A6801321A6080F3108836
S1133960002501242049214805F0E0FF002204211C
S11339701E4806F067F840F2E83140F2DC5006F0E9
S113398039FA0121194806F029F80221174806F0EE
S113399025F8174B64421D66164B1D6000F0FEF8B7
S11339A000F096FB290023002200134801940094A0
S11339B000F0C0F8114B29001868022240F20043BD
S11339C0806806F05FFC2900230022000C48FDF704
S11339D003FCFFF7A9FF00F00BFCFFF7D5FE37BD92
S11339E0386A0020000D044034C700000468002039
S11339F000080440C0080440DC5D00204C40002066
S1133A007C60002010B5024804F068FF10BDC04679
S1133A1044680020054B012800D118601A68D207B9
S1133A2002D51A68104318607047C046CC60002065
S1133A30044B10B51B68DB0702D50220FFF7EAFF31
S1133A4010BDC046CC600020034B01201B6810B59C
S1133A5003B1984710BDC046C860002070B572B667
S1133A60BFF34F8FBFF36F8FFFF7EEFFE8B1012075
S1133A70FFF7D0FF10250226FFF7C4FF62B6BFF39D
S1133A804F8FBFF36F8F72B6BFF34F8FBFF36F8F3C
S1133A90094C23682B4206D12368334203D1FFF734
S1133AA0D3FF0028E8D10023236062B6BFF34F8F11
S1133AB0BFF36F8F002070BDCC60002010B540F2C2
S1133AC0E83106F097F910BD20B10022835E01337E
S1133AD000D00180704700000022835E10B55A1C9C
S1133AE00CD04A1E914140F60070CAB2190101403F
S1133AF00F2003401943024804F08AFF10BDC0465A
S1133B00AC6700200022835E13B500205A1C0DD040
S1133B106A46D41D40F60072190111400F22134069
S1133B2003482200194304F04DFF207816BDC04617
S1133B30AC67002010B50249024804F077FD10BDBF
S1133B404CC80000CC6800201FB50A000023694659
S1133B508B730F2169440A700E220A4C0A482370A1
S1133B60073300936A44063B04F05CFD80239B0208
S1133B70227812B9013B002BFAD16B46987B04B032
S1133B8010BDC046D0600020CC6800200379012B12
S1133B9001D1014A13707047D060002013B500248E
S1133BA02300220003210E4801940094FDF7BAF982
S1133BB02300220002210B4801940094FDF7B2F97E
S1133BC00748FDF7BCF943425841074B18700548B4
S1133BD0FDF7B5F943425841044B0130187013BD49
S1133BE0D4600020E8600020106100200A4000201A
S1133BF010B5044C0449200005F04CFB200005F0EE
S1133C007BFB10BDF46700201CC7000010B5074BF8
S1133C101B78012B09D1022040F28021FEF715FD0B
S1133C20FEF72AFF7F20FEF77FFC10BD1061002005
S1133C3010B5094C0A20FDF771F900212000FDF7A9
S1133C407AF91420FDF76AF901212000FDF773F9D0
S1133C500A20FDF763F910BD785D002010B5034814
S1133C60FDF76DF90128FAD010BDC0468C5D002027
S1133C7073B5184C01A8FFF7E5FD2278531CDBB29D
S1133C8023700AB9FFF700FE01A8FFF7E0FD124D0B
S1133C9000212800FDF74FF9104EC0213000FFF736
S1133CA053FF00213000FFF74FFF01212800FDF7EB
S1133CB042F9FFF7D3FF01A8FFF7C4FD2378013BC6
S1133CC0DBB223700BB9FFF7F3FD01A8FFF7BFFDCB
S1133CD073BDC046C46000201C5E0020DC5D002073
S1133CE0F0B5204D85B0160007000C00FEF77EFBF2
S1133CF003A8FFF7A7FD2A78531CDBB22B700AB97F
S1133D00FFF7C2FD03A8FFF7A2FD174B002118001F
S1133D100093FDF710F9154B390018000193FFF7D4
S1133D2013FFA619B44216D101210098FDF703F937
S1133D3003A8FFF787FD2B78013BDBB22B700BB98F
S1133D40FFF7B6FD03A8FFF782FD842F01D0FFF72C
S1133D5085FF05B0F0BD21780198FFF7F5FE013429
S1133D60E0E7C046C46000201C5E0020DC5D00204B
S1133D70F0B5224D85B016000C000190FEF736FB1D
S1133D8003A8FFF75FFD2A78531CDBB22B700AB936
S1133D90FFF77AFD03A8FFF75AFD194B002118001D
S1133DA00093FDF7C8F8174F01993800FFF7CCFED0
S1133DB000213800FFF7C8FEC3B20193A619B4422C
S1133DC015D101210098FDF7B6F803A8FFF73AFDD5
S1133DD02B78013BDBB22B700BB9FFF769FD03A80D
S1133DE0FFF735FDFFF73AFF019805B0F0BD00215C
S1133DF03800FFF7A9FE20700134E0E7C46000201A
S1133E001C5E0020DC5D0020F0B5234D85B017005A
S1133E1004000191FEF7EAFA03A8FFF713FD2A78DC
S1133E20531CDBB22B700AB9FFF72EFD03A8FFF772
S1133E300EFD1A4B002118000093FDF77CF8184E74
S1133E400D213000FFF780FE210A3000FFF77CFED1
S1133E50E1B23000FFF778FE019CE719BC4214D1AF
S1133E6001210098FDF767F803A8FFF7EBFC2B7816
S1133E70013BDBB22B700BB9FFF71AFD03A8FFF768
S1133E80E6FCFFF7EBFE05B0F0BD21783000FFF74C
S1133E905BFE0134E2E7C046C46000201C5E0020E3
S1133EA0DC5D002007B56B46D97107330122190088
S1133EB0FFF7AAFF07BD0000F0B5254E85B0170037
S1133EC004000191FEF792FA03A8FFF7BBFC3278D5
S1133ED0531CDBB233700AB9FFF7D6FC03A8FFF713
S1133EE0B6FC1C4B002118000093FDF724F81A4D72
S1133EF01D212800FFF728FE210A2800FFF724FED1
S1133F00E1B22800FFF720FE00212800FFF71CFE85
S1133F10019CE719BC4214D101210098FDF70BF86C
S1133F2003A8FFF78FFC3378013BDBB233700BB986
S1133F30FFF7BEFC03A8FFF78AFCFFF78FFE05B06E
S1133F40F0BD00212800FFF7FFFD20700134E1E7F8
S1133F50C46000201C5E0020DC5D002013B56B46AD
S1133F60DC1D01222100FFF7A7FF207816BD000009
S1133F70F0B5204D85B016000C000190FEF736FA1E
S1133F8003A8FFF75FFC2A78531CDBB22B700AB935
S1133F90FFF77AFC03A8FFF75AFC174B002118001F
S1133FA00093FCF7C8FF154F0E213800FFF7CCFD36
S1133FB038000199FFF7C8FDA619B44214D10121B4
S1133FC00098FCF7B8FF03A8FFF73CFC2B78013BF3
S1133FD0DBB22B700BB9FFF76BFC03A8FFF737FCC0
S1133FE0FFF73CFE05B0F0BD21783800FFF7ACFDCB
S1133FF00134E2E7C46000201C5E0020DC5D002088
S1134000F0B5234D85B017000C000190FEF7EEF9D2
S113401003A8FFF717FC2A78531CDBB22B700AB9EC
S1134020FFF732FC03A8FFF712FC1A4B002118001B
S11340300093FCF780FF184E1E213000FFF784FD2B
S113404001993000FFF780FD00213000FFF77CFD6F
S1134050E719BC4214D101210098FCF76CFF03A8B6
S1134060FFF7F0FB2B78013BDBB22B700BB9FFF7AA
S11340701FFC03A8FFF7EBFBFFF7F0FD05B0F0BD55
S113408000213000FFF760FD20700134E1E7C046F5
S1134090C46000201C5E0020DC5D002010B50221FD
S11340A0FEF71CFB10BD0000014B18787047C0469A
S11340B00A400020014B18787047C0461061002068
S11340C010B501210148FCF736FF10BDFC6000204B
S11340D073B501250024164E2A0030000195009581
S11340E000231D21FCF71EFF230022001421114888
S11340F001940094FCF716FF2300220032210E489D
S113410001940094FCF70EFF30002A0023002100E4
S1134110A43801940094FCF705FF2A0023004321EE
S1134120064801950094FCF7FDFEFFF7C9FF73BD37
S11341301C5E00208C5D0020A05D0020FC6000203F
S113414010B500210148FCF7F6FE10BDFC6000200C
S113415010B50248FCF7F3FE10BDC046A05D002078
S11341600122054B002000211A751A700022986064
S1134170D9601A619A8370471861002010B5FFF75F
S1134180EFFF10BD0120034B1B7898428041404251
S11341907047C0461861002010B5064B1C7D2CB931
S11341A09B6903B198471020FFF734FC012060405D
S11341B010BDC046186100200A4B10B5186805F000
S11341C017FD094B094C1B682268597C112005F026
S11341D0C9FE012320688268917B0B43937305F029
S11341E007FD10BD486100203C61002044610020AF
S11341F070B50F4B0F4D10492B60104B104C1148EC
S1134200114E1960114B2060336005F049FC70B900
S11342103168286805F044FC10B1206805F0B6FC4C
S11342200B4B0C4A9A6100221A75FFF7C5FF70BD4B
S11342306C6800204461002098C7000040610020A1
S1134240486100204C6800203C610020C0C7000089
S113425018610020750F000070B5094D094C2868DD
S113426005F086FC206805F083FC2B689A68137AB5
S11342709B07FCD423689A68137A9B07FCD470BD0F
S11342804861002044610020034B1B689B68188828
S1134290C04380B27047C04648610020034B0448C5
S11342A01B689B681B88C01A80B270474461002059
S11342B0FFEFFFFF054B1B689B681B7A9B0603D52A
S11342C0034A1368103313607047C04648610020E6
S11342D03861002045F65E73434382B00193019B2D
S11342E0034AB3FBF2F30193019802B07047C0464E
S11342F0A0860100F7B51E4E01A8FFF7A3FA327895
S1134300531CDBB233700AB9FFF7BEFA01A8FFF7FA
S11343109EFA184B1F68FFF7B7FF174B05001B6881
S113432001A89B681C7AFFF78DFA3378A406013B39
S1134330DBB2E40F33700BB9FFF7BAFA01A8FFF749
S113434086FA47F6FE739D4201D804B1103728005F
S1134350FFF7C0FF040040F2E832002338000021D8
S113436005F096FE220000238018594103B0F0BDE9
S1134370C4600020386100204861002010B5FFF7B8
S1134380B9FF10BDF7B50F00514C022839D00023F6
S113439003285ED01D001E00012820D1227801923E
S11343A0012A1CD1FFF77AFFFFF794FF2575060059
S11343B0FFF7A0FF43F698239B1B9BB2A060E1602C
S11343C02761A3830FB9002508E043F6972297429B
S11343D014D8BB4212D90423BDB223700126236929
S11343E0002B3DD106332370FFF7D6FE2378062B2E
S11343F002D1053B237523703000FEBD02232370D8
S1134400E1E72378022B0BD1A28B23699B1A0126A7
S11344102361304B22699A420ED9002323610BE0B9
S1134420032B03D123692C4A9B18F0E7043B002695
S1134430012BEED82661013643F6972325699D4268
S113444003D80423ADB22370C9E7032300252370E6
S1134450C5E722781D001E00052AC0D12361B2E7FA
S11344602378042BC8D11D4F2D03386883681B881B
S11344709BB2019305F07CFB40F2E833B5FBF3F506
S1134480019B019A5D1BADB2EB1C9BB29A4202D216
S1134490134BED18ABB23A6891680A7A9207FCD4D0
S11344A00888019D82B2854205D3101C9A4200D926
S11344B0181C82B202E001989842F6D90523112013
S11344C04A80237005F0ECFC386805F091FB93E713
S11344D0186100200000FFFF68C5FFFF4461002051
S11344E003F0FFFF70B504000D0003280FD8012866
S11344F01AD811D0002100200E4B00229860D960F8
S113450001211A701A6119759A619A830AE00428C4
S1134510F0D1FFF725FE05E0FFF722FE2900200079
S1134520FFF730FF002004E00021FFF72BFF0028F5
S1134530EFD070BD1861002010B501000120FFF715
S1134540D1FF10BD20210B4B10B51B689A68107A5F
S1134550C3B2084205D08B431372074A1368103361
S11345601360FFF70FFE18B100210220FFF7BAFF16
S113457010BDC046486100203861002010B5FFF727
S1134580B9FE0B000A4902008868C968994202D83A
S113459009D1904207D9121A8B4101204042C11718
S11345A08018594110BD121A8B4110001900F9E707
S11345B018610020704710B5FFF766FE10BD002398
S11345C013B504000193FFF75FFE001B80B20128BE
S11345D003D9F423013843430193019880B216BDF3
S11345E070B5EFF30384103C64B2200005F058FC6E
S11345F0094BA400E558AB681C7A084BE4B21B785D
S1134600052B03D100210320FFF76CFF4022AB6888
S113461094431C7270BDC0463C6A0020186100209F
S113462010B50249024803F013FE10BD40C7000054
S113463014680020002310B50A480B4C2370037043
S11346400A4803F0B0FD012320B980239B0222789D
S113465012B10023180010BD013B002BF7D1012338
S1134660F8E7C0464C6100204E6100201468002029
S1134670F8B51D0000230C4E0C4F0D483370140088
S11346803B7003F08CFD012328B980239B02327810
S11346901AB100232C801800F8BD3A7812B9013BF6
S11346A0002BF4D10123F6E74D6100204C6100207A
S11346B014680020030010B572B6BFF34F8FBFF328
S11346C06F8F0079082809D8A8B10138072812D8B3
S11346D005F0CAFC1B17110D1111110B0300EF2279
S11346E0103B134201D0402805D1094B0AE09868D9
S11346F0C0B2FBF7BBFF62B6BFF34F8FBFF36F8F40
S113470010BD044B01221A70F5E7034BFAE7C046CB
S11347104C6100204E6100204D61002007B56B46BE
S1134720D91D087001220020FFF784FF07BD10B5D2
S113473004000020205600B910BDFFF7EFFF01343C
S1134740F7E770B505000F2601398C00231D00D151
S113475070BD2800E0403040092804D83030FFF70D
S1134760DDFF043CF2E73730F9E7F7B505000E004A
S11347700192002803DA2D20FFF7D0FF6D420123B8
S11347800A221C00B34204D301260A27002C04DCAD
S1134790F7BD01335443DBB2F4E7012C00D100260A
S11347A095FBF4F292FBF7F37B43D31A00936B4629
S11347B01878012E0DD160B9019B13B11800FFF7D1
S11347C0ADFFFF22009B1340634394FBF7F4ED1A03
S11347D0DCE7303040B2FFF7A1FF0026F1E700002C
S11347E070B54F48FFF7A3FF4E48FFF7A0FF4E48B0
S11347F0FFF79DFF4D48FFF79AFF4D48FFF797FFDE
S11348004C48FFF794FF4C48FFF791FF4B48FFF7E4
S11348108EFF4B48FFF78BFF4A48FFF788FF4A4853
S1134820FFF785FF4948FFF782FF4948FFF77FFFFD
S11348304848FFF77CFF4848FFF779FF4748FFF7F0
S113484076FF4748FFF773FF4648FFF770FF464877
S1134850FFF76DFF4548FFF76AFF4548FFF767FF1D
S11348604448FFF764FF4448FFF761FF4348FFF7FC
S11348705EFF4348FFF75BFF4248FFF758FF42489B
S1134880FFF755FF4148FFF752FF4148FFF74FFF3D
S11348904048FFF74CFF4048404CFFF748FF404872
S11348A0FFF745FF3F48FFF742FF2000FFF73FFFB8
S11348B03D48FFF73CFF3D48FFF739FF3C48FFF711
S11348C036FF2000FFF733FF3A48FFF730FF2000A0
S11348D0394EFFF72CFF3948394DFFF728FF394887
S11348E0FFF725FF3000FFF722FF2800FFF71FFF27
S11348F03548FFF71CFF3548FFF719FF2000FFF785
S113490016FF3348FFF713FF3248FFF710FF30005C
S1134910FFF70DFF2800FFF70AFF002070BDC04617
S113492084AD0000ACAD0000E5AD000014AE0000A5
S11349303AAE00006AAE000096AE0000C5AE0000BC
S1134940F0AE000011AF00003CAF00005EAF00000D
S11349507CAF00009DAF0000BBAF0000DBAF0000E8
S113496002B0000034B0000064B0000092B0000057
S1134970BEB00000F8B0000030B100006BB1000020
S113498099B10000C3B10000EEB100000EB2000006
S113499049B2000078B200009AB20000BBB0000037
S11349A0B8B20000DEB200000FB3000033B3000061
S11349B073B3000092B3000035B40000D5B3000017
S11349C076B4000014B4000094B40000C0B4000035
S11349D001B5000027B5000010B5FBF7A9FE1B4B7D
S11349E0186802F00BFA17282DD805F03DFB0C2CA3
S11349F02C21212121212110101010102C2C1010F9
S1134A002C2C2C2C2C2A1248FFF791FE0CE0114878
S1134A10FFF78DFE00220A210F4B1B6818685B68A4
S1134A200130C01AFFF7A1FEFBF7C4FE002010BD41
S1134A300A48FFF77CFE0A4B00221B680A21D8684B
S1134A40F0E70848E0E70848DEE7C04620400020D9
S1134A5045B500004AB50000144000204EB50000E2
S1134A601840002052B5000075AD000010B5FBF7EA
S1134A705FFE054B00221B680A215868FFF775FE8C
S1134A80FBF798FE002010BD1C40002010B5FBF77A
S1134A904FFE0820054B00221B680A211856FFF719
S1134AA064FEFBF787FE002010BDC0461C400020BA
S1134AB037B56B46DD1D0A4B29000020DB6F984794
S1134AC0042450B1FBF734FE0020210000222856B4
S1134AD0FFF74BFE0024FBF76DFE20003EBDC046F1
S1134AE06CBC000010B5FBF723FE064B00221B68CC
S1134AF0022147331878FFF738FEFBF75BFE0020EE
S1134B0010BDC0461C40002010B5FBF711FE054B3C
S1134B1000221B680A21D868FFF727FEFBF74AFE2C
S1134B20002010BD1C40002010B5FBF701FE064B11
S1134B3000221B68022148331878FFF716FEFBF7A2
S1134B4039FE002010BDC0461C40002010B5FBF704
S1134B50EFFD064B00221B68022149331878FFF74A
S1134B6004FEFBF727FE002010BDC0461C400020B9
S1134B70064B10B5186802F041F9040018B901F0A9
S1134B807DFF200010BD0724FBE7C0462040002025
S1134B9010B5034B0221186802F047F9082010BD34
S1134BA02040002010B50F4C206802F027F9072898
S1134BB005D802280DD8431E9841800010BD0F2847
S1134BC003D808280BD10438F8E7172807D00420A5
S1134BD0F4E70821206802F028F90820EEE7112103
S1134BE0F8E7C0462040002010B50F4CFBF7A0FDAD
S1134BF02368002218680921FFF7B7FD2C2005F06F
S1134C0037FB23680022D8680721FFF7AEFD2C206C
S1134C1005F02EFB23680022D87D0221FFF7A5FDB5
S1134C20FBF7C8FD002010BD1440002010B5154C42
S1134C30FBF77EFD23680022987D0221FFF795FD96
S1134C402C2005F015FB236800221420185E042193
S1134C50FFF78BFD2C2005F00BFB2368002218695D
S1134C600421FFF782FD2C2005F002FB064B0022F5
S1134C701B680A21186CFFF778FDFBF79BFD0020E9
S1134C8010BDC046144000201C40002010B50F4C3D
S1134C90FBF74EFD23680022986A0A21FFF765FDA1
S1134CA02C2005F0E5FA23680022D86A0A21FFF7D0
S1134CB05CFD2C2005F0DCFA23680022186B0A2125
S1134CC0FFF753FDFBF776FD002010BD1C400020CC
S1134CD010B5104CFBF72CFD23680022988E072199
S1134CE0FFF743FD2C2005F0C3FA23680022383374
S1134CF018780221FFF739FD2C2005F0B9FA236852
S1134D000022393318780221FFF72FFDFBF752FDFB
S1134D10002010BD1C40002010B5104CFBF708FD0E
S1134D202368002258690221FFF71FFD2C2005F09B
S1134D309FFA2368002298690221FFF716FD2C20B0
S1134D4005F096FA236800220133D87F0221FFF789
S1134D500CFDFBF72FFD002010BDC0461C400020B9
S1134D6010B51A4CFBF7E4FC23680022988B06214B
S1134D70FFF7FBFC2C2005F07BFA236800220233AA
S1134D80D87F0221FFF7F1FC2C2005F071FA23688B
S1134D9000220333D87F0221FFF7E7FC2C2005F023
S1134DA067FA236800220433D87F0221FFF7DDFC71
S1134DB02C2005F05DFA236800220633D87F0221F7
S1134DC0FFF7D3FCFBF7F6FC002010BD1C400020CD
S1134DD010B5194CFBF7ACFC23680022D86C0A21EF
S1134DE0FFF7C3FC2C2005F043FA23680022186D5A
S1134DF00A21FFF7BAFC2C2005F03AFA23680022B6
S1134E00586D0A21FFF7B1FC2C2005F031FA236814
S1134E1000225A3318880321FFF7A7FC2C2005F041
S1134E2027FA236800225C3318780321FFF79DFCDE
S1134E30FBF7C0FC002010BD1C40002010B5FBF7A0
S1134E4077FC002202210420FFF78FFC2E2005F0BE
S1134E500FFA002202215A20FFF787FC202005F0D8
S1134E6007FA0D48FFF763FC202005F001FAFFF76D
S1134E701BF901280CD10948FFF759FCFFF71AF96F
S1134E8040B90748FFF753FCFBF794FC002010BD22
S1134E900448F1E70448F5E755B500005EB50000A5
S1134EA06EB5000066B5000073B50000F0B585B0BE
S1134EB00822002102A805F0E3FAFBF767FD0400CD
S1134EC0012802DC042005B0F0BD6B4601A8991C42
S1134ED0FBF764FD01980028F4D06B4602229B5E28
S1134EE0002BEFDD0021FBF7E0FE4FF6FF73060019
S1134EF09842E7D8092CE5DC00252F00013C6B46DD
S1134F0001A8991CFBF74AFD019840B36B460222A5
S1134F109B5E002B23DD0021FBF782FE00281EDBB5
S1134F206B46082201359B182DB2D8552F00A54297
S1134F30E5DB00254FF6FF772B00A819B84207D808
S1134F4008216A465218D15C064B80B25B6C9847C4
S1134F5001352DB22B00A542EFDB0020B3E7BC42A4
S1134F60E7DDAFE76CBC0000F0B587B00822002194
S1134F7004A805F085FAFBF709FD022802D00420F5
S1134F8007B0F0BD02AB03A8991CFBF707FD03981B
S1134F900028F4D002AB02229B5E002BEFDD00213F
S1134FA0FBF783FE4FF6FF770500B842E7D802AB64
S1134FB003A8991CFBF7F2FC03980028DFD002AB8E
S1134FC002229B5E002BDADD0021FBF7ECFD0300DF
S1134FD0013B0090072BD2D800242600ABB20193EA
S1134FE03B1BAB420AD3019BA6B2F0180E4B80B216
S1134FF09B6C9847082202AB9B181855009B013400
S1135000A342EDD1FBF794FB0024082202AB9B18CA
S1135010185D02210134FFF794FBA3B2B342F4D923
S1135020FBF7C8FB0020ABE76CBC000010B5FBF736
S11350307FFB40F2D8130A4C01212268D05CFFF7B1
S113504080FB2C2005F014F940F2D41320680022D0
S1135050C0580421FFF789FBFBF7ACFB002010BD0F
S11350602040002010B50B4CFBF762FB23680221A3
S113507044331878FFF765FB2C2005F0F9F8236812
S1135080022145331878FFF75CFBFBF793FB002004
S113509010BDC0461C40002070B5164C23681E7A13
S11350A0154B1B685D7AFBF743FB0022022130009D
S11350B0FFF75BFB2C2005F0DBF82800002204211D
S11350C0FFF753FB2C2005F0D3F8032E08D12468F6
S11350D0D2346519AC4207D1FBF76CFB002070BDDC
S11350E0064B1C680634F4E720780221FFF729FBFD
S11350F00134EFE7204000201C4000200C40002039
S113510010B5FBF715FB0024074B02211B681B1984
S1135110DD33FF3318780134FFF713FB082CF3D188
S1135120FBF748FB002010BD2040002010B5FBF722
S1135130FFFA002001F082FC30B10448FFF7F7FACF
S1135140FBF738FB002010BD0148F7E731B700003A
S11351503AB7000010B5FBF7EBFA002001F06EFC43
S11351600F4B02001B68B0B1012000223A331B78B8
S113517058400221FFF7F9FA2C2005F079F8094B81
S113518000221B68022144331878FFF7EEFAFBF77C
S113519011FB002010BD01200533DB7F5840E8E7F8
S11351A01C4000201840002010B50E4CFBF7C0FA3C
S11351B02368002218690A21FFF7D7FA2C2005F08A
S11351C057F8002001F03AFC236840B1D88E002241
S11351D00621FFF7CAFAFBF7EDFA002010BDD88BC1
S11351E0F5E7C0461C40002010B5C048C04CFFF78E
S11351F09EFAC048FFF79BFA2368002258680A21E8
S1135200FFF7B3FABC48FFF792FABC48FFF78FFAEE
S1135210002001F013FC00284AD0B948FFF787FAB0
S1135220B848FFF784FA236847331B78002B41D032
S1135230B548FFF77CFAB548FFF779FA08202368E8
S1135240002218560A21FFF790FAB148FFF76FFAC7
S1135250B048FFF76CFA23680022587A0621FFF75A
S113526084FAAD48FFF763FAAC48FFF760FAAC4B39
S11352701B689B7D03B3AB48FFF759FAAA48FFF7B5
S113528056FA236848331B78C3B1A648FFF74FFA90
S1135290A648FFF74CFA2368493318780A2843D8FC
S11352A004F0E2FE0E2E30323436383A3C3E4000F2
S11352B09F48B3E79F48BCE79F48DDE79E48E5E782
S11352C09E48FFF734FA9E48FFF731FA9D48FFF7EE
S11352D02EFA2368002258690221FFF746FA9A48F9
S11352E0FFF725FA9948FFF722FA236898690928F5
S11352F042D804F0B9FE1B2F31333537393B3D3FDB
S11353009348DEE79348DCE79348DAE79348D8E725
S11353109348D6E79348D4E79348D2E79348D0E735
S11353209348CEE79348CCE79348CAE79348FFF7FE
S1135330FEF99348FFF7FBF99248FFF7F8F9236861
S11353400133D87F0138032800D9C5E004F08CFE6E
S113535016BEC0C28C48EAE78C48E8E78C48E6E70A
S11353608C48E4E78C48E2E78C48E0E78C48DEE7C9
S11353708C48DCE78C48DAE77F48D8E78B48FFF7AE
S1135380D6F97148FFF7D3F98948FFF7D0F92368B4
S11353900022988B0621FFF7E8F98648FFF7C7F942
S11353A08548FFF7C4F923680233DB7F002B00D163
S11353B094E08248FFF7BBF98148FFF7B8F9236806
S11353C00333DB7F002B00D18AE07E48FFF7AFF97F
S11353D07D48FFF7ACF923680433DB7F002B00D151
S11353E080E07A48FFF7A3F97948FFF7A0F923682A
S11353F00633DB7F002B00D176E07648FFF797F980
S11354007548FFF794F97548FFF791F9236800226E
S1135410986A0A21FFF7A9F97148FFF788F94B4800
S1135420FFF785F923680022D86A0A21FFF79DF95E
S11354303148FFF77CF96B48FFF779F923680022BC
S1135440186B0A21FFF791F92B48FFF770F95848B8
S1135450FFF76DF923680022988E0721FFF785F97D
S11354602D48FFF764F95448FFF761F9236838338E
S11354701B78002B00D1CFE05048FFF758F9504873
S1135480FFF755F9236839331B78002B00D1C5E0A9
S11354904C48FFF74CF95448FFF749F95348FFF7D4
S11354A046F9FEF701FE012800D0B9E05048FFF7A5
S11354B03EF95048FFF73BF9FEF7FCFD002800D009
S11354C0B0E04D48FFF733F9002010BD4B4856E7D4
S11354D04B4854E74B4852E7274850E74A4869E7A6
S11354E04A4873E74A487DE74A4887E778B50000A9
S11354F01C400020A2B50000B6B50000BDB50000F8
S1135500D1B50000DFB50000F3B5000013B600000C
S113551027B600002FB6000043B600004DB60000C9
S11355201440002061B6000076B600008AB6000080
S1135530D8B5000001B600006BB60000A5B60000A7
S1135540D3B60000FDB60000BBB0000013B70000E6
S113555088B90000A8B60000ACB60000B0B60000E0
S1135560B4B60000B8B60000BBB60000BEB600007A
S1135570C1B60000C4B60000CBB6000027B70000D7
S11355806BB3000045B700002BB700002FB7000035
S113559033B7000036B7000039B700003CB700004D
S11355A03FB7000042B7000063B7000059B70000DE
S11355B069B700007DB7000089B700009DB70000FF
S11355C0C4B70000D8B70000EBB70000FFB7000075
S11355D01BB800002FB800004BB8000075B80000DD
S11355E089B8000091B80000A5B80000CFB8000049
S11355F0E3B80000F5B8000009B900005DB7000089
S113560061B7000065B70000AFB70000E1B7000064
S11356100DB8000041B8000003482EE7034838E7FE
S1135620034844E703484DE7AFB70000E1B7000083
S1135630ECB8000010B9000070B50D4D286801F0F9
S1135640DDFB040090B92B68187A042302009A4306
S11356501300012A04D1074A1268936001F0BEFACC
S11356600921286801F0E1FB200070BD0724FBE755
S11356702040002014400020F0B5354BB9B0186824
S113568001F0BCFB334F04003B6B029300285AD15A
S113569001F0D4F9002858D0029B98472000BB6839
S11356A098472D4EFB6803933368D86C039B984747
S11356B0200001F0B7FD01943368019A5A331B8826
S11356C09A4233DB029B9847200039B0F0BD586DF5
S11356D0DB6C6843C018039B98477B6B1F48984753
S11356E00120FBF71BFC3B6C0020984705AB585589
S11356F001352DB233681A00583212789542E6DB30
S1135700029B98470025FBF713F8336858331B783E
S11357109D420DDBFBF74EF833685C331878FBF7DA
S1135720FDFB019B01331BB20193C5E70025E1E7B3
S113573005AB585D1F23801018403030013504F04C
S113574097FD2DB2E1E70724BCE70424BAE7C0467D
S1135750204000206CBC00001C400020FFFFFF0024
S113576010B5074C206801F049FB072330B901F05C
S11357708FF90221206801F058FB0823180010BD9E
S11357802040002070B50A4B04241B6848331B7862
S11357904BB9084D286801F031FB040028B90E21EB
S11357A0286801F042FB200070BD0724FBE7C046D7
S11357B01C4000202040002070B50A4B04241B68C4
S11357C048331B784BB9084D286801F017FB0400D7
S11357D028B90F21286801F028FB200070BD072498
S11357E0FBE7C0461C4000202040002070B5074D58
S11357F0286801F003FB040028B90321286801F09C
S113580014FB200070BD0724FBE7C04620400020A5
S1135810154B37B5186801F0F1FA040008BBFBF723
S1135820B5F801281BD16B469D1C01A82900FBF784
S1135830B5F8019898B10023ED5E012D0FD1210038
S1135840FBF7EEF901280AD8084B28401968084BE1
S1135850473108709B6F0320984720003EBD042405
S1135860FBE70724F9E7C046204000201C40002045
S11358706CBC0000234B73B5186801F0BFFA040038
S113588000283CD1FBF782F8022836D16B4601A8E8
S1135890991CFBF783F8019800282ED06B4602224E
S11358A09B5E002B29DD2100FBF7BAF983B20600C9
S11358B02F2B22D86B4601A8991CFBF76FF801988F
S11358C0D8B16B4602229B5E002B16DD2100FBF74C
S11358D0A7F983B22F2B10D80B4D2B681900453331
S11358E044310E701870094B04209E6FB04729682C
S11358F005204531B047200076BD0424FBE707248A
S1135900F9E7C046204000201C4000206CBC000089
S1135910174BF7B5186801F071FA040030BBFBF7B8
S113592035F8012820D16B469D1C01A82900FBF7FE
S113593035F80198C0B10023EE5E012E14D1210088
S1135940FBF731F9050001280ED80A4F3B6B984745
S1135950094ABB68126825B92000147098472000D2
S1135960FEBD30001670F9E70424F8E70724F6E7D3
S1135970204000206CBC00001C400020164B73B576
S1135980186801F03BFA040018BBFAF7FFFF01287E
S113599002D00424200076BD6B4601A8991CFAF7B6
S11359A0FDFF01980028F4D02100FBF7FCF80B4B15
S11359B00500C2180A4B9A42EBD80A4E336A98473C
S11359C00028E6D0084B28001B685D60F368984700
S11359D0E0E70724DEE7C0462040002080C19BE6C4
S11359E080E9EB1D6CBC00001C4000201C4BF7B58B
S11359F0186801F003FA040000282FD16B465D1CDF
S1135A002870FAF7C3FF0700012825D16B4601A8C7
S1135A10991CFAF7C3FF019BF3B100229A562600A2
S1135A202D2A02D13E000133019300210198FBF796
S1135A30BAF8142810D806B140420A4B40B2287074
S1135A40290000209B6F984730B1074B2A781B68C8
S1135A503C331A702000FEBD0424FBE70724F9E759
S1135A60204000206CBC00001C400020F0B5394BE5
S1135A7085B0186801F0C2F90600002868D1FAF769
S1135A8085FF0400012805D0042803D00426300033
S1135A9005B0F0BD6B4602A8991DFAF77FFF029886
S1135AA00028F3D00021FBF77EF805000128EDD88B
S1135AB001273D40BC4203D1274B1B689D75E6E797
S1135AC06B4602A8991DFAF769FF029B002BDDD0F3
S1135AD000229A5600242D2A02D13C00013302935D
S1135AE000210298FBF75FF87F28CFD804B1404229
S1135AF06B4604B2991D02A8FAF750FF02980028D9
S1135B00C4D00021FBF74FF8431E0700312BBDD84A
S1135B106B4602A8991DFAF741FF02980028B5D0F8
S1135B200021FBF740F80D4B9842AFD80C4B039083
S1135B309B6F012003A998470028A7D0064B039A1E
S1135B401B689D759C821F61064B1B681A649EE747
S1135B5007269CE72040002014400020382007003E
S1135B606CBC00001C40002073B51A4E306801F074
S1135B7045F9040007204CBBFAF708FF022826D198
S1135B806B4601A8991CFAF709FF0198F8B12100A6
S1135B90FBF709F80500012819D86B4601A8991CE0
S1135BA0FAF7FCFE019890B12100FAF7FCFF40F2ED
S1135BB0E832030090420AD840F2D8123068142127
S1135BC08554043A835001F030F9082076BD04204E
S1135BD0FCE7C04620400020114B13B5186801F0C3
S1135BE00DF90400C8B9FAF7D1FE012813D16B46A8
S1135BF001A8991CFAF7D2FE019860B12100FAF7C6
S1135C00D2FF4FF6FE73421E9A4204D8054B1B681E
S1135C10D860200016BD0424FBE70724F9E7C0463A
S1135C20204000201C400020204B73B5186801F070
S1135C30E5F80400002837D1FAF7A8FE032831D18B
S1135C406B4601A8991CFAF7A9FE019850B32100EC
S1135C50FAF7A9FF164B0600C218164B9A4221D830
S1135C606B4601A8991CFAF799FE0198D0B121005E
S1135C70FAF799FF104B421E05009A4212D86B4660
S1135C8001A8991CFAF78AFE019858B12100FAF785
S1135C908AFF002806DD094B1B689E62DD621863DB
S1135CA0200076BD0424FBE70724F9E72040002008
S1135CB0A8FDFFFF88910400372007001C40002046
S1135CC0234B73B5186801F099F8040000283CD1FF
S1135CD0FAF75CFE032836D16B4601A8991CFAF743
S1135CE05DFE019800282ED02100FAF75CFF41F6F2
S1135CF0FE73421E06009A4225D86B4601A8991CE1
S1135D00FAF74CFE0198F0B12100FAF74CFF0500B8
S1135D10012818D86B4601A8991CFAF73FFE019890
S1135D2088B12100FAF73FFF01280CD8094B012262
S1135D301B68154019009E863831104039330D70A8
S1135D401870200076BD0424FBE70724F9E7C04659
S1135D50204000201C4000201F4B73B5186801F040
S1135D604DF80400002835D1FAF710FE03282FD18E
S1135D706B4601A8991CFAF711FE019840B3210063
S1135D80FAF711FF431F0600072B21D86B4601A821
S1135D90991CFAF703FE0198D0B12100FAF703FF2A
S1135DA00500092814D86B4601A8991CFAF7F6FDDA
S1135DB0019868B12100FAF7F6FE431E032B07D8B9
S1135DC0064B1B685E619D610133D877200076BD68
S1135DD00424FBE70724F9E7204000201C400020AE
S1135DE0F0B5374B85B0186801F008F804000028B6
S1135DF063D1FAF7CBFD05285DD102AB03A8991C4A
S1135E00FAF7CCFD0398002855D02100FAF7CBFE11
S1135E104FF6FE73421E07009A424CD802AB03A809
S1135E20991CFAF7BBFD0398002844D02100FAF727
S1135E30BAFE060001283ED802AB03A8991CFAF763
S1135E40ADFD0398002836D02100FAF7ACFE05001A
S1135E50012830D802AB03A8991CFAF79FFD0398D8
S1135E6048B32100FAF79FFE0190012823D802AB22
S1135E7003A8991CFAF792FD0398E0B10021FAF700
S1135E8092FE012817D801220E4B16401B681540BC
S1135E90991C9F83CE77D91CCD770199104011406E
S1135EA00A00191D0633CA77D877074B9B6D9847AC
S1135EB0200005B0F0BD0424FAE70724F8E7C04643
S1135EC0204000201C4000206CBC0000174B37B55C
S1135ED0186800F093FF040030BBFAF757FD050083
S1135EE0012802D0042420003EBD6B4601A8991C61
S1135EF0FAF754FD01980028F4D02100FAF753FE74
S1135F000128EFD86B466A4628405870084B062093
S1135F109B6F511C98470028E4D06A46054B527881
S1135F201B6848331A70DEE70724DCE720400020B2
S1135F306CBC00001C400020294B37B5186800F0E9
S1135F405DFF0400002848D1FAF720FD01282DD177
S1135F506B4601A8991CFAF721FD019830B3210082
S1135F60FAF721FE050040B21F281FD804F07CF880
S1135F703310211E1E1E2723251E1E1E1E1E1E1E1E
S1135F801E1E1E1E1E1E292B2D1E1E1E1E1E2F31E2
S1135F9006236A465370134B511C08209B6F984785
S1135FA020B1114B1B6849331D7000E0042420000C
S1135FB03EBD0723EDE70823EBE70123E9E70223CE
S1135FC0E7E70323E5E70423E3E70523E1E7092300
S1135FD0DFE70A23DDE70023DBE70724E7E7C04622
S1135FE0204000206CBC00001C400020F0B53D4B5C
S1135FF085B0186800F002FF07230093002840D101
S1136000033B0093FAF7C2FC05283AD102AB03A87C
S1136010991CFAF7C3FC039898B30021FAF7C3FD5F
S1136020314F324EC3190500B3422AD802AB03A83C
S1136030991CFAF7B3FC039818B30021FAF7B3FDDF
S1136040C3190400B3421CD885421AD802AB03A872
S1136050991CFAF7A3FC039898B10021FAF7A3FD61
S1136060234B0600C218234B9A420AD8A5420BD0F0
S1136070631B984205D8B3FBF0F301339FB2C82FDA
S113608003D9009805B0F0BD012702AB03A8991C01
S1136090FAF784FC03980028F3D00021FAF783FD73
S11360A04FF6FE72431E9342EBD883B2019302ABC8
S11360B003A8991CFAF772FC03980028E1D0002188
S11360C0FAF771FD6428DCD80B4B01991B681A00A0
S11360D0DD641C655E6558325C331770518018703E
S11360E000238EE72040002080C19BE680E9EB1D61
S11360F018FCFFFF583E0F001C400020F0B52B4F4A
S113610085B0386800F07AFE040000284BD1FAF715
S11361103DFC0300013B9BB20190012B41D802AB33
S113612003A8991CFAF73AFC0398002839D02100F7
S1136130FAF739FD012834D801263500019B85433F
S1136140B34211D1200000F079FC194B1B6840B117
S11361503A331D700321386800F067FE200005B053
S1136160F0BD0533DD77F5E702AB03A8991CFAF718
S113617015FC0398A8B12100FAF715FD012810D8E1
S11361800640200000F05AFC094B1B6830B13A333A
S11361901D70084B1B6844331E70DBE70533DD7745
S11361A0F7E70424DAE70724D8E7C04620400020B4
S11361B01C40002018400020284BF7B5186800F058
S11361C01DFE0400002847D1FAF7E0FB431E9BB2F2
S11361D00500012B3ED86B4601A8991CFAF7DEFB9B
S11361E00198002836D02100FAF7DDFC4FF6FE7343
S11361F0421E06009A422DD8012D04D1184B1B686B
S113620018612000FEBD6B4601A8991CFAF7C6FB75
S11362100198F8B12100FAF7C6FC051E1ADD20002A
S113622000F00CFC18B14FF6FF739D4212DC012004
S113623000F004FC08B1FF2D0CDC094F00203B6882
S1136240ADB21E6100F0FAFB3B6808B1DD86D8E709
S1136250DD83D6E70424D4E70724D2E720400020D6
S11362601C400020264B37B5186800F0C7FD050018
S1136270002842D1FAF78AFB012802D0042528001D
S11362803EBD6B4601A8991CFAF788FB01980028CB
S1136290F4D00023C35629002D3B5A425341C01861
S11362A0FAF781FC0028E9DB019B1B785BB22D2BFC
S11362B013D1444224B2FDF7F7FE01280FD1230085
S11362C011339BB2202B0AD80E4B00201B681C7282
S11362D000F0B4FB68B901200CE004B2EBE7FDF771
S11362E0E3FE0228CAD1230009339BB21F2BEBD94A
S11362F0C4E7002000F0E0FFC1E70725BFE7C04680
S1136300204000201C400020144B70B5186800F099
S113631075FD0400F8B900F091FB114B114E5D6A54
S113632090B1200000F0C8FF20003368597AA847D4
S11363300500FAF7FDF900220A212800FEF715FAF4
S1136340FAF738FA200070BD012000F0B5FF336879
S11363500120597AEBE70724F4E7C04620400020E7
S11363606CBC00001C400020F0B5324D85B028689C
S113637000F044FD0400002859D1FAF707FB431E3E
S11363809BB20700022B50D802AB03A8991CFAF762
S113639005FB0398002848D02100FAF704FC264B9B
S11363A0421E06009A4240D8012F13D1234B1B688A
S11363B018602A68107A042201009143012902D14D
S11363C0996000F00BFC0921286800F02EFD2000E4
S11363D005B0F0BD02AB03A8991CFAF7DFFA0398E5
S11363E018B32100FAF7DFFB154B421E01909A42C5
S11363F01BD8022F04D1114B1B681E60D860D8E74C
S113640002AB03A8991CFAF7C9FA039868B12100F2
S1136410FAF7C9FB012808D8084B019A1B68DA600F
S1136420012210401E60D875C3E70424CFE7072477
S1136430CDE7C04620400020FF83D717144000203A
S11364407FEE36001A4B70B5186800F0D7FC0400D4
S113645000282BD100F0F2FA30B3200000F0E2FE65
S1136460144E154B31681A68144B096950685B6FF8
S113647098473368050014229B5EC217DE0F9842CA
S11364805641F6B2FAF754F901213000FEF759F9F2
S11364902C2003F0EDFE002204212800FEF765F90C
S11364A0FAF788F9200070BD0120D7E70724F9E73F
S11364B020400020144000201C4000206CBC000040
S11364C0194B70B5186800F099FC040038BB012022
S11364D000F0B4FA28BB154D2E6BB047AB68200012
S11364E09847134B1A68EB6850689847200000F0EF
S11364F099FE6B6B0F4898476420FAF70FFD2B6CDD
S1136500200098470500B047FAF712F92200042149
S113651068B2FEF72AF9FAF74DF9200070BD072496
S1136520FBE70424F9E7C046204000206CBC0000CF
S11365301C400020FFFFFF00F7B5464E306800F016
S11365405DFC0400002800D081E0FAF71FFA02285D
S113655000D07AE06B4601A8991CFAF71FFA01985B
S1136560002800D171E06B4602229B5E002B00DC08
S11365706BE02100FAF717FB431E0500042B64D8D7
S11365806B4601A8991CFAF709FA019800285CD017
S11365906B4640F2FD1102229B5E5A1E92B28A4261
S11365A053D836220127EA403A4221D11D003D400A
S11365B03B424AD12900FAF720FB002845DB30682A
S11365C0FF220100CC30D23100F088FA0022336877
S11365D0CC331A800022019B9A56E2B91E4B1B68E9
S11365E05D721E4B1A68032353713268137210E0F4
S11365F02100FAF7D8FA0300FF2826D8164AE8B291
S11366001268537233681872154B1B689F6000F050
S1136610E5FA2000FEBD00205A1C01921856FAF734
S1136620DFF907000020019B3F015A1C0192185614
S1136630FAF7D6F933683F185A19D2321770CC33A7
S11366401A8801352DB20132C3E70424E1E7072497
S1136650DFE7C046204000201C4000200C40002002
S113666014400020F7B51C4F386800F0C7FB040045
S113667000282FD1FAF78AF9002829DD6B469D1CE2
S1136680290001A8FAF78AF9019B0BB30022AB5E3B
S1136690102B1DD126000020019B5A1C0192185674
S11366A0FAF79EF905000020019B2D015A1C019266
S11366B01856FAF795F90F223B6810409B19DD3301
S11366C0FF33054301361D70082EE4D12000FEBDC2
S11366D00424FBE70724F9E720400020002210B53A
S11366E01100654B6548FAF78FF80022644B1100DE
S11366F06448FAF789F80023634A64496448FAF75E
S113670083F80023634A64496448FAF77DF8002358
S1136710634A64496448FAF777F8644B644A654904
S11367206548FAF771F8654B654A66496648FAF7B1
S11367306BF80022654B11006548FAF765F80022F2
S1136740644B11006448FAF75FF80022634B1100B0
S11367506348FAF759F80023624A63496348FAF731
S113676053F80023624A63496348FAF74DF800235B
S1136770624A63496348FAF747F80023624A634967
S11367806348FAF741F80023624A63496348FAF719
S11367903BF80023624A63496348FAF735F800235B
S11367A0624A63496348FAF72FF80023624A63494F
S11367B06348FAF729F8634B634A64496448FAF773
S11367C023F8644B644A65496548FAF71DF80023C9
S11367D0644A65496548FAF717F80022644B1100CA
S11367E06448FAF711F80022634B11006348FAF782
S11367F00BF8002362491A006248FAF705F80023EF
S113680061491A006148F9F7FFFF0023604A6149B2
S11368106148F9F7F9FF0023604A61496148F9F7D3
S1136820F3FF0023604A61496148F9F7EDFF002353
S1136830604A61496148F9F7E7FF0022604B1100A3
S11368406048F9F7E1FF00225F4B11005F48F9F758
S1136850DBFF00225E4B11005E48F9F7D5FF5E4B6B
S11368605E4A5F495F48F9F7CFFF00235E4A19008B
S11368705E48F9F7C9FF10BDD949000017B90000F7
S1136880914B00001DB900002D510000115900006A
S113689024B900006D4A00007D5900002BB90000A6
S11368A08D4A00006562000031B9000039560000CD
S11368B0E94B00006963000038B90000ED5700009F
S11368C055510000FD6000003EB9000085570000EE
S11368D044B90000B95700004AB90000A54B0000B4
S11368E050B90000194D0000595D000056B9000070
S11368F0614D0000E15D00005DB900008D4C0000B9
S1136900295C000064B90000D14C0000C15C0000A7
S11369106BB90000995000003965000072B900009D
S1136920094B0000D95B000077B90000A9510000B1
S1136930B96100007DB90000E54A0000115800006B
S113694083B90000C1640000B14A0000ED590000A1
S11369508BB90000456400002D4C00006D5A000006
S113696091B90000655000007558000096B9000008
S1136970714B00009DB9000061570000A3B90000ED
S1136980AD4E0000AAB90000694F0000B0B9000084
S11369900151000065660000B6B900002D500000EA
S11369A0695B0000BEB90000294B0000CD5E000009
S11369B0C5B900004D4B0000395F0000CBB90000A1
S11369C009630000D3B90000E1470000D8B9000012
S11369D0E9510000DEB9000079560000D14D0000F5
S11369E0ED5F0000E4B900003D4E0000E8B900008E
S11369F010B540F220210548F9F7E4FEFFF76EFEDA
S1136A0018B10348FDF793FEFEE710BD4F61002067
S1136A10EDB9000010B5F9F735FF10BD5522430854
S1136A201340104018180300223A80081040134005
S1136A301B180F2018401B09C0187047034B1B6814
S1136A401B78181A42425041C0B270471C400020C3
S1136A5003280DD00AD80138012806D8054B186838
S1136A60008808701B680633136070470438F3E726
S1136A70014BF4E70C4000201040002010B540F218
S1136A80E41200200149F9F77FFD10BDC86500201C
S1136A9070B540F2E415064C2A002100054803F0C5
S1136AA058FD2A0021000020F9F76EFD70BDC04694
S1136AB0F0C40000C865002010B5074C40F2E41291
S1136AC021000020F9F786FD40F2EA1322689A4279
S1136AD001D0FFF7DDFF10BDC8650020002310B50D
S1136AE01C00428003809A4202D80480848010BD36
S1136AF0CC54038801339BB2F4E700000022034B1B
S1136B001B685A6001329A607047C04614400020E6
S1136B1000220B4B0B491B6819630B491A605A601E
S1136B209A60DA601A615A619A61DA611A625A6289
S1136B309A62DA625A639A63D9631A647047C046E8
S1136B4018400020000080FF7F0080FF214BF7B534
S1136B501C6800232380053363710500FCF724FEC1
S1136B6058B340F6A070FAF7D9F96846FCF730FE3E
S1136B706B465B790BB36B46174E0020185E6B4671
S1136B80376840F2E3160221595E2388BE5DE2189D
S1136B9096715A1C92B2A218061296719A1C92B25D
S1136BA0A2189071DA1C92B2A218081290715A1DA0
S1136BB004339BB2E3182280997125B100216288C5
S1136BC02388934200D3F7BDE018013381712380F9
S1136BD0F6E7C0460C400020204000203E4B013820
S1136BE070B51B68042822D803F03EFA032E214412
S1136BF071000121394A072012685D889268597131
S1136C0044F25051D98052211972110E5972110255
S1136C10090E99721104090ED9721A73190000220F
S1136C202F4E1880C01A4418A4B2A54200D870BDD3
S1136C30FF2A00D10022541CB25C01310A731A8865
S1136C4001321A80E2B2EEE70221002259711900E2
S1136C505888234C1A80C0188142E8D0FF2A00D1FA
S1136C600022551CA25C01314A711A8801321A8033
S1136C70EAB2F1E704225A7145F24552DA80492218
S1136C801A72184A1800126809301100E532DD3111
S1136C90FF31FF320C780131047001309142F9D197
S1136CA00B20190000225D880D4E1880C01A44186C
S1136CB0A4B2A542BBD9FF2A00D10022541CB25C65
S1136CC001310A741A8801321A80E2B2EFE7012016
S1136CD0FFF73CFFABE7C0460C4000201440002007
S1136CE0F0C300002040002010B5424CF9F720FD0D
S1136CF02368D86818B918635863D86318643E4A7F
S1136D00126812780AB9DA631A6400220A21FDF7BC
S1136D102CFD2C2003F0ACFA2368002218680A2109
S1136D20FDF723FD2C2003F0A3FA23680022586802
S1136D300A21FDF71AFD2C2003F09AFA2368002299
S1136D40D8690A21FDF711FD2C2003F091FA23687C
S1136D50002218690A21FDF708FD2C2003F088FAA7
S1136D602368002258690A21FDF7FFFC2C2003F058
S1136D707FFA23680022586BDB6A0A2190FBF3F048
S1136D80FDF7F3FC2C2003F073FA23680022302073
S1136D90185E0A21FDF7E9FC2C2003F069FA236848
S1136DA000223220185E0A21FDF7DFFC2C2003F0BC
S1136DB05FFA23680022186C9B6B0A2190FBF3F0A6
S1136DC0FDF7D3FC2C2003F053FA236800223C2067
S1136DD0185E0A21FDF7C9FC2C2003F049FA236848
S1136DE000220A213E20185EFDF7BFFCF9F7E2FC01
S1136DF010BDC046184000201C400020407A704757
S1136E0010B5030072B6BFF34F8FBFF36F8F4068A6
S1136E100422040094435C605B7A0B7062B6BFF397
S1136E204F8FBFF36F8F104010BD030072B6BFF3D6
S1136E304F8FBFF36F8F426804201043586059721C
S1136E4062B6BFF34F8FBFF36F8F704770B5234B9C
S1136E50234E1C683368DB7D73B12248FDF767FC61
S1136E603368002218685B680130C01A0A21FDF7F4
S1136E707CFC1D48FDF75BFC1C4D2B685B7A112BD9
S1136E8003D11B48FAF79EF870BD32685368116845
S1136E90013B53600029F7D0D3B16379012B06D0AD
S1136EA0052B11D00D212868FFF7BFFFECE793688D
S1136EB0013393601A0E62721A02120EA2721A043D
S1136EC0120EE2722373EDE70020FFF73FFEE9E7BD
S1136ED00748FAF777F81021E5E7C0460C40002090
S1136EE01440002016BA0000BBB00000204000206F
S1136EF084630020064810B5FDF719FC054B18689B
S1136F00437A112B02D00B21FFF78FFF10BDC0462F
S1136F101BBA000020400020064810B5FAF752F8CA
S1136F20054B1868437A112B02D00A21FFF77DFF25
S1136F3010BDC046846300202040002010B50448E2
S1136F40FAF740F8034B16211868FFF76EFF10BDDF
S1136F507063002020400020F0B5824D89B0029378
S1136F602B680E000393804B019288331B68040046
S1136F7098477E4F03993B68079044331A780D3144
S1136F800023FF31002A5FD07948FDF7D0FB039B33
S1136F900D33FF330493A3190593059BA34244D1F6
S1136FA02C2003F065F940F206133C68039AD6528C
S1136FB02368049301332360E3680133E3606D4B7A
S1136FC01B681B7A9A1E012A5ED8022B40D12D68B9
S1136FD0002363622362F3000593A362039B0635D7
S1136FE00D33FF330393AB190693069B666A276A36
S1136FF0AB4230D1E369059A9B18E3612369DB193D
S1137000236163699B1963615B4B1B681A7892BBAC
S113701039331B782BB926B1049B23606368013391
S11370206360019B002B50DC31E02378049A022139
S113703013702078FDF785FB049B0134013304931E
S1137040ABE7E25CCA5401339AB29642F9D8AAE794
S11370504A4B1D68BCE7039B083718782B78013529
S11370605840FFF7DBFC039B86193F1A0133666225
S113707027620393B9E70333DB7F2BB926B1049B63
S11370802360636801336360019B002B18DCE36AAF
S1137090019A0133E362636B01999B186363238E46
S11370A01A1C1BB28B4201DD6B469A88638E0199D0
S11370B022861A1C1BB28B4201DA6B469A886286BE
S11370C02D4B1B681B78012B2ED0002302934434D4
S11370D02378C3B1002204210198FDF746FB2C203C
S11370E003F0C6F8002204210298FDF73EFB2C2091
S11370F003F0BEF8079B002258060421C00FFDF7D9
S113710034FBF9F757FB1B4B1868437A082B09D05B
S1137110194B1B68197809BB3A331B7803B1073143
S1137120FFF783FE09B0F0BDA36B029A0133A3639A
S1137130236C02999B182364A38F1A1C1BB28B42E5
S113714001DD6B461A89E38F0299A2871A1C1BB2D0
S11371508B4201DA6B461A89E287B8E705330021CE
S1137160DB7FDBE70C4000206CBC000018400020F3
S11371702EBA0000204000201C40002010400020B7
S113718010B5114C1148FDF7D2FA236844331B782B
S113719013B10F48FDF7CBFA22689368013393606B
S11371A00C4B1868437A082B0AD00B4B1B681A78CF
S11371B03AB93A331B78052103B10231FFF735FEA2
S11371C010BD0533DB7FF6E71840002033BA00001A
S11371D046BA0000204000201C4000200E4B10B591
S11371E01B681A68013A1A605A6801325A600B4BDC
S11371F01868437A082B0AD0094B1B681A783AB9E5
S11372003A331B78042103B10331FFF70EFE10BD9E
S11372100533DB7FF6E7C0461840002020400020FD
S11372201C40002010B58AB018B1012820D00AB043
S113723010BD1F4B19680B003A331B780890099353
S11372400B000790069039331B7805934B7A04930F
S11372500B0038331B780393CB8E02938B8E0090F4
S11372600193144B8A6A9C690300C96AA047DEE74C
S11372700F4B19684A1DD27F4B1CDB7F09920A1DF4
S1137280D27FCC1C0892002207920692E47F0594D8
S11372904C7A04948C1CE47F0394CC8B02948C8BE6
S11372A00092044A019494694A698969DEE7C046F8
S11372B01C4000206CBC000010B58AB018B1012835
S11372C01DD00AB010BD08211B4B1A68D368515653
S11372D00893130007900690059039331B780493A4
S11372E0130038331B780393938E01900293936AAF
S11372F00093124B126BDC690300A047E1E70821FD
S11373000D4B1B68DA68595608921A1DD27FDC1C93
S11373100792002206920592E47F04949C1CE47F69
S113732003949C8B02945C1CE47F01945C6900943C
S1137330024C9B69E469E0E71C4000206CBC00003F
S113734070B500261C481D4B1D4C03601D4B466147
S113735083601D4B866143601C4B1D4DC3601D4BF8
S11373600361236898470120FFF7A6FF0120FFF778
S113737059FF2968A46F30003C31A04729680120D7
S11373804031A047296804204431A04729680520DA
S11373904531A047296802204631A04729680320C7
S11373A04731A047296806204831A04729680820AA
S11373B04931A04770BDC046986300204D6E00005F
S11373C06CBC0000596F0000F56E00008171000074
S11373D01C400020DD71000010B51649164C1748FA
S11373E0F9F7C0FD16491748F9F7BCFDFFF700FB94
S11373F0FFF762FBFFF782FBFFF78AFB2068FF229F
S1137400010007300D31FF31FF30FFF767FB2068C3
S11374100D4CFF22811DFFF761FB2368187AFFF7EB
S1137420DDFBFFF78DFF0023206801214360FFF798
S1137430FCFC10BD196F00000C4000208463002088
S11374403D6F00007063002020400020F0B585B03F
S1137450FCF774FAFFF7C0FF0023012702AAD370D8
S1137460039301930093F9F7EDF808B1FFF7D2FA0B
S11374709E4D9F4C29002068FFF7C2FC002800D1D4
S113748030E1287801381528EDD802F0F7FD200105
S11374901D0116002E004B004E00ECFF52005D0053
S11374A08000E200ECFFB700C400C400E200E20088
S11374B0ECFFECFFF100ECFF18018E4D8E4B2A68B7
S11374C0DB68506898472B681F78D7B91A003A329E
S11374D0127800970AB91B6900933800FFF7A2FEDF
S11374E0FFF716FB042223685A72834D00986B6BD6
S11374F0984778B1642811D02B6B984700222368F1
S11375000AE05A1DD27F1AB91B6901270093E4E7E8
S11375100023FAE7072223685A72A4E77748FDF7A5
S113752006F9E9E7744B1B6BE7E7734B1B6B984752
S113753099E7714B1B6B9847FFF7D6FB0020F9F7CF
S113754007FAF9F713F9D9E76A4D6B4B2A68DB6838
S1137550506898472B681F78B7BB3800FFF7ACFE1C
S1137560266802ABD91C03AA307AFFF771FA2B689C
S113757002AA597AD2780B1C914200D9131CDBB2AF
S113758001935F4B1B681A685A600A2373725C4B41
S1137590594D1B689B7DE3B1564E336848331B78C5
S11375A0BBB93800FFF73EFE554B38001B68142169
S11375B05A5E31681B692E694968B04748B90D2184
S11375C02068FFF732FC4EE70120FFF775FE012724
S11375D0C6E7AB6A01990398984766280CD004D88B
S11375E038B1652888D1474899E7672884D1464847
S11375F095E70C2223688FE7444890E73E4B1B6BCA
S113760098473F4B42481B68D968F9F7D9FD404871
S1137610F9F74AFD27E7374E374D3268EB68506873
S113762098473368187880B9FFF746FE0821336815
S1137630DA6858685956236892B25B7A0E2B06D1E1
S1137640EB6B98471722236866E70120ECE72B6F62
S1137650F7E72F48F9F7B6FC274B1B6B98472368CD
S11376605B7A102B00D149E70B2B00D146E765E785
S113767040F2D4132268D358ABB92548F9F7A2FCD9
S11376802448F9F79FFCFCF7E7FD152223685A729A
S1137690C432FF329A5C184B012A0ED1DB6A984738
S11376A0FCF7DCF9DFE640F2E8311A485943F9F710
S11376B087FD1848F9F7F8FCE7E7DB6EEFE70E4BB8
S11376C00433DB6F984739E7FCF7C6F8CBE60020B4
S11376D0F9F73EF9F9F74AF8002223685A72F8F7E5
S11376E0A7FFC0E6044B1B6E9847BCE6244000206D
S11376F0204000201C4000206CBC000055BA000053
S11377001440002069BA000098BA00007DBA000055
S1137710846300207063002010B5FFF797FE10BD4E
S113772010B518B90122054B1A7010BD0228FCD1FE
S1137730034B0448596801F001FAF6E790C07E4013
S1137740D4C60000AC67002010B5FFF7E5FF0020A9
S113775010BD30B51D00836949005B690400C95A36
S1137760222031B1E0680B18095A00200433296043
S1137770136030BD030070B5002504000833DB6FCF
S113778005609A6818685269904728006560A5608A
S113779070BD0A2370B58360036C01000133036478
S11377A003000833DC6FC268A36820685D68403159
S11377B00823A84770BD41B1436813B14368022B45
S11377C003D104234360033B83607047F0B585B065
S11377D0019300238377030008330400D86F836880
S11377E00068DD6802AB0733A8470500E0B906006E
S11377F0A37F104F33B901210136080002F0FAFAD1
S1137800BE42F5D1230058331A7801990A70BE425A
S11378100DD01A78022A07D01A78032A04D040F22D
S1137820F4151B7859342370280005B0F0BD1425D5
S1137830FAE7C04640420F000223F0B5060085B0C7
S113784002AAD371C268040015004BF6AD678836EE
S1137850336801919B180835436163699D421BD2CB
S1137860019BB3B102AB0422290020000733FFF7C8
S1137870ADFFA0B902ABDB79022B0DD0A16933684F
S1137880CA6828880A3252009B1A834209D22120EE
S113789003E0A36E9D42F1D10020A566256105B0E9
S11378A0F0BD0322EB1D1B1893435A88BA42EED154
S11378B01A884869E1685200691A11521A881D1D14
S11378C0E265CAE710B50400436E0021C360836912
S11378D01A6958690132520002F0D2FD00212000D9
S11378E0FFF7AAFF10BDF8B504000325836949001A
S11378F05869626E435A26699B18E3671B88221DE8
S11379000B33AB43D367E2689B19B71A4752210084
S11379108831096800205218934205D92000FFF7E6
S1137920D1FF01236560A360F8BD0000030070B5BA
S11379300026083386770400D86F836800689B6844
S11379409847050048B1280070BD0121080002F0E5
S113795051FA0A4B01369E420DD0A37F002BF4D07E
S1137960230058331A78002AEDD01B78593440F29A
S1137970F4152370E7E71425E5E7C04640420F00FD
S1137980F8B5436804000020032B22D0261DF56FB0
S1137990202D00D9202527001F372A003800E16F49
S11379A002F0D7FD0623A36023000833D86F390003
S11379B0836822695B6800689C462B006746B84769
S11379C023695B192361E36F5B19E367F36F5B1B47
S11379D0F367F8BD10B504008369616F1A6901315A
S11379E0914200D9002161675A694800825A002AED
S11379F0F3D0236F8B4207D02000FFF774FF10B938
S1137A002000FFF7BDFF10BD23692000A367FFF727
S1137A10C0FEF8E7F7B50400019308000223A56946
S1137A2011002E6963602066984207D000216B69BB
S1137A304A009A5A12B901318E42F9D2230088338E
S1137A40E7681A68BB189C462B68AD685D196545E4
S1137A5000D06346D2186766E36062618E4215D334
S1137A60083323618BB223676367022805D12000A2
S1137A70089B019A00F00EF8FEBD2000FFF733FFCB
S1137A800028F9D12000FFF77BFFF5E72000FFF77E
S1137A9080FEF1E773B51C000326150002690B3460
S1137AA0A418B4434669B44214D804005034218065
S1137AB00100060048310B80C3684A36D31A33806C
S1137AC00223C5648360606B836800685C68042378
S1137AD0A04776BD0A00009302212B00FFF79AFF0E
S1137AE0F7E770B50500FFF7D5FF04000100280093
S1137AF0FFF761FE200070BD8369F0B51A690500C7
S1137B00013258695200002185B002F0B9FC00230B
S1137B104FF6FF72AB77EA65EB600193AB690199AD
S1137B205A68914201D300243BE02F008837019A20
S1137B303E681B685643F61802AB08223100280041
S1137B400733FFF743FE040058BB02ABDB79022B7B
S1137B5014D102AB310028003A680733FFF736FE30
S1137B600400F0B902ABDB79032B43D13A68920AE3
S1137B7031002800FFF7DAFE040011E04BF6AD6295
S1137B80F3889342F2D1E96899B33A6830680B6894
S1137B90920A9842ECD92800FFF7C8FE0400EE6070
S1137BA044B3EB684BBBAB6929001A689B68883106
S1137BB0D2182B0009680833521AEA609CBB224988
S1137BC02C64D9872900D86FAC77836840315C680E
S1137BD000680823A047040028BBAB7F33BB012106
S1137BE0080002F007F9194B01349C42F5D1142422
S1137BF026E0EE60019B01338FE7212C0ED1012694
S1137C00002301212800AB83FFF716FE040021287E
S1137C1016D0A8B92EB90123AB6011E084B90026AF
S1137C20EEE721240CE0212C0AD1E8E72B0058339D
S1137C301A78012AF3D040F2F4141B7859352B70CA
S1137C40200005B0F0BDC046ADBEFFFF40420F00AE
S1137C50F7B54D688A680700B2FBF5F204000B6AB9
S1137C6081611B6888300837FB6702602548002261
S1137C70606460652000244D903025658D69C96974
S1137C802264A264E26481602100943105600A6088
S1137C909A6803CB12689047060008BBA0602000D6
S1137CA0FFF72AFF050021281CD1330032003100E0
S1137CB020000096FFF7AEFE050058B9A368012B1B
S1137CC01AD00121080002F095F8104B01359D42AD
S1137CD0F4D11425FB6F2E009A68186852699047F6
S1137CE03000FEBD0028F5D1E3681B68236400233F
S1137CF06360074B2360F3E76368042BF4D140F21D
S1137D00F415E7E70000ADBEFFFFADBE404B4C00ED
S1137D1045455652F0B584680023250087B000938A
S1137D20037858352B70A3681BB90133A37707B0C8
S1137D30F0BD2B78012B00D0DCE0A06802380828C5
S1137D4000D9B3E002F090F9058B359FB8B2B2B216
S1137D50C0002369032504330193236123004833BE
S1137D601B88E76C1A002A40A56002922B420AD1B4
S1137D70A560220039000832D06F82685568019AE4
S1137D800068A84739E0032B0FD826008C3604225C
S1137D900021300002F074FB39003000029A02F036
S1137DA0D8FB37000423A560E3E70422AB43A260B9
S1137DB0DFE7230048331E882500032733008C3572
S1137DC0BB43042200212800A760019302F058FB62
S1137DD03200019BE16C3A40C918280002F0B9FB5B
S1137DE02269019B29009A1823000833D86F226165
S1137DF0836800685E680423B04701002000FFF731
S1137E00DAFCA368012B00D091E7230090331A68B1
S1137E10002A00D18BE76368002B00D084E0A368BC
S1137E20013B591E8B41DBB204A90B70230094342F
S1137E3098331B6820684B60002877D00378009340
S1137E4043680393030060C960C390472368002B11
S1137E5000D16CE7009A1A70039A5A6067E723000E
S1137E6048331B8821695A189B0700D00A1D052333
S1137E70A360230021000833D86F22618368503146
S1137E805D6804237CE72300210050331A882369AA
S1137E90E265043323614A310888A16952004969C3
S1137EA05052626822B90132A260A3660020A4E79E
S1137EB02000FFF78FFDA0E7231DDB6F2000002BC0
S1137EC0F7D0FFF75DFD98E7230088331A68E3686D
S1137ED0616E9B18636100232377A36F920A236169
S1137EE00B23A36023000833D86F836800689B6862
S1137EF0984782E72B7823B9009B63600123A36032
S1137F00D4E763680098022B05D1A3680B2B02D039
S1137F102000FFF7D7FC23002A7859331A70042372
S1137F206360033BA36068E763687CE708008CE751
S1137F304A6810B50B68C260CA68040082610022F6
S1137F4002749A6841608360126803CB904708B951
S1137F50014B236010BDC04632443E43836810B5D4
S1137F609A6804005268186890470020206010BD89
S1137F700022010010B58368027598681431C46842
S1137F801868A04710BD10B583689A68186894688B
S1137F900422A04710BD0000087830B53F2826D839
S1137FA04B7843F6FF741B02034342F210705BBA32
S1137FB09BB24343642093FBF4F393FBF0F51580E9
S1137FC045435B1B53808B78C9781B02194344F2E9
S1137FD0740389084B4393FBF4F306495B1893FB42
S1137FE0F0F148431B1A00209180D38030BDC0209B
S1137FF08002FBE760F0FFFF062070470620704711
S1138000062070470620704707B50268D3680093BE
S1138010037A591E8B416946DBB20B71517C19B14D
S113802001219174D37407BD9369002BFBD068467A
S11380309847F8E74A68030042608A6801608260F2
S11380400A69C261CA6802620020024A1876DA60CC
S11380507047C04621332C32426803000020506030
S1138060D860704710B500F024F810BD10B500F0CA
S113807038F810BD1FB500F047F805B000BDF8B5DD
S1138080436804005A680020A24211D09D68A66883
S1138090AB68327B1B69B1682868984740B963684C
S11380A022005C60AB68F1695F6903002868B84727
S11380B0F8BDF8B5436804000D0016009F68FFF78B
S11380C0DEFF68B9227E03000AB12B003000636131
S11380D0BB68206132005C68290000233868A0472F
S11380E0F8BDF8B5436804000D0016009F68FFF75B
S11380F0C6FF40B9BB686061206132009C682900FA
S113810003003868A047F8BD7FB5039343680400B3
S11381109E6801AD01910292FFF7B1FF50B9029B35
S1138120019963616B7A30682361B3682A7A9C6829
S11381300123A04704B070BDC36910B50BB108009A
S1138140984710BDF0B5046885B0636800259E6843
S1138150236A01930379023B012B04D9B368306885
S1138160DB68984703356B4661691D7361B15DB97E
S1138170B36822695F6830682B00B8476561256180
S113818030B103236A461373200001A9FFF7D4FF1B
S113819005B0F0BDEFF30380103840B27047416181
S11381A082610020704730B57B25046AA3782B4098
S11381B0A37083789B079B0FD21A02618022CB188D
S11381C0C360A3781343A37083787D3A1340022BD2
S11381D006D14FF600620B881343E381002030BDC3
S11381E00B78E370FAE7F0B50500806A87B08C4637
S11381F0019202ACC8B123000200C2CAC2C3126811
S11382001A60EB691B78036063468360019B03710A
S1138210EB6AC3606B6A9847AB6A23B123CC23C370
S11382201A002368136007B0F0BD2000E9E770B5B9
S113823014000D000600100001F084FE200001F07F
S11382402FFE32002900200001F04AFE70BD00001C
S1138250F8B500260B785F4A06709B185B01036231
S11382604B69C16143628B698662C3624A780D00BF
S113827053425A410321837801328B4313430B2227
S11382808370AA56A97A0400FFF7D1FF05222000C3
S1138290AA562979FFF7CBFF07222000AA56A9790D
S11382A0FFF7C5FF09222000AA56297AFFF7BFFF6E
S11382B0EFF31087012383F310882878464B844614
S11382C0802062460006D0405968814359605B684B
S11382D087F310880122297840F207208A40236A14
S11382E09E701E715E729E72DE725E83024201D0C7
S11382F04022DA7406221A7709B9384A9A82AA788F
S1138300E97868781201C9000A43032847D140215B
S11383100A43B231D2B2C9B21A709971022120262D
S1138320FF20ED692A7B52000A405A736A78A978C3
S1138330D2014901314002400A4300212E781972CA
S1138340B11E012930D85870022E01D110210A43E0
S1138350D2B200270520DA71E369E760276167611B
S1138360A761185601F0E6FD0B20E369185601F0E9
S1138370E1FD0720E369185601F0DCFD0920E369FB
S1138380185601F0D7FD0323226A1E406D33334390
S113839093706B8938002381114B6360F8BDE2212F
S11383A00028B7D01031B5E703276968D2B2DA7173
S11383B08A7848785A701A783840BA4302431A7057
S11383C0CA789A740A785C21D8790A4088430243AF
S11383D0BFE7C04600380002FC6F044000F8FFFF0E
S11383E05549435370B5FFF7D5FE040001F058FD1D
S11383F0184BA400E058C3691B69FBB90169056AFD
S113840059B97F23016A8A781A407B3B13438B70E6
S11384100021436AC160C3B970BD03248378C26874
S11384201C40022C0ED14FF6006614883443EC81B4
S11384309B079B0FC91AD2180161C2600369002B04
S1138440EAD1DEE71478EC70F2E78022FFF7CBFE86
S1138450E2E7C0463C6A002013B5FFF79BFE040028
S113846001F01EFD174BA400E4580323A278216AEF
S11384701340022B09D1098AC905C90DA3690191C9
S113848033B9636A0422C3B913BD4979C9B2F5E7A4
S11384909207920F01A9606902F05BF8A378626900
S11384A0A1699B079B0FD218C91A6261A1610029B7
S11384B0EAD1636A002BE7D001222000FFF793FE84
S11384C0E2E7C0463C6A002010B5FFF763FE7B215B
S11384D0084B82000400D058026A93780B409370D2
S11384E0436A1BB102220021FFF77DFE200001F048
S11384F0D7FC10BD3C6A002070B5FFF74BFE134B50
S113850082000400D058032382781A40036A022AA6
S113851018D1198AC905C90D38221D792A40ED06DA
S113852004D51D7FED0701D440252A4338261D7943
S1138530B5431D71436A0BB1FFF755FE200001F0EE
S1138540AFFC70BD5979C9B2E6E7C0463C6A002069
S1138550EFF30380103840B270474369C269934215
S113856006D2C268816802B1D25C0133CA70436129
S11385707047F0B50500406A85B08C4601AC90B1F7
S113858023000200C2CAC2C36B681B78036063463F
S11385900371AB6A83602B6A98476B6A0BB123CC77
S11385A023C305B0F0BD2000EEE7F7B5856801935D
S11385B00400A878302784460600634608203E401D
S11385C03B422ED1019BE16061686661A661E36173
S11385D00E692261983032B1030016B9486900B9B6
S11385E0803B50201843AB780343DBB2AB70BEB979
S11385F04B69ABB9A2B10120085601F0A3FC2000DD
S1138600FFF7ABFF65686B7A012B05D1E369012B9A
S113861002D92000FFF7A1FF0120285601F07EFCBB
S11386200020FEBD10B5FFF7C0FF10BD0B78484A0F
S1138630F0B59B185B0183608B69416003620C0099
S1138640CB6900218362416205008020226A87B0E1
S113865053789B079B0F184304900220105693787D
S11386600391FF310291002802DA02930423039359
S1138670637A012B62D000230193A07AE17A012866
S113868060D109B940310B43617B40F2EA0C09B176
S113869040F2E20CEFF31087012181F310882D4999
S11386A0267848680590300080263606C64005982E
S11386B0B0434860496887F310880026A968127897
S11386C08E700879842008712348DBB2888268465A
S11386D0007C08706846007988706046C0B2887172
S11386E04A706A46127A01208A746A46127BCA71F9
S11386F04B7340230E724E728E72CE724E83CB74C5
S11387003E3B0B772A006179205601F02BFC0220B6
S11387102A00A179205601F025FC03202A00E179E2
S1138720205601F01FFC04202A002056217A01F073
S113873019FC3000094B2B6007B0F0BD0221052362
S113874001919AE7012901D080219CE7C0219AE791
S113875000380002FC6F044000F8FFFF5349435304
S113876010B5FFF7F5FE040001F09AFB094BA400D5
S1138770E4582000FFF7F1FE6269E3699A4208D1E8
S1138780236933B9A1687B338A781A40773B134352
S11387908B7010BD3C6A002010B5FFF7D9FE0400B1
S11387A001F07EFB0D4BA400E4582000FFF7D5FE3A
S11387B0A369E269934205D2A168581CA0612269A9
S11387C04979D154A269E3699A4206D13B23A1684D
S11387D08A781A40373B13438B7010BD3C6A0020E3
S11387E010B5FFF7B5FE03210400074B8200D058F3
S11387F0826893780B4093700239FFF7BAFE200029
S113880001F04EFB10BDC0463C6A002010B5FFF7D6
S11388109FFE0321084B82000400D05883689A7895
S11388200A409A701A79842201311A71FFF7A1FE65
S1138830200001F035FB10BD3C6A002070B5040037
S1138840012001F0CFFB194A1378DB06DD0F002B62
S1138850FADB207802000300E0B12B00144903285E
S113886012D12269134B1A605042424140F2002057
S1138870E37DA57D5B0013430A5A520A52022A4340
S11388800A52207D0C4A107040F2A012A068885051
S113889048F20002094992B28A81094ADBB20120F6
S11388A0137001F079FB002070BDC046AAE00140BE
S11388B00060004098E0014094E0014000E0014085
S11388C092E0014010B5040008006160FFF7B6FFB4
S11388D008B9014B236010BD4D504C5270B50500D2
S11388E0194A1378DB06FCD4012001F07BFB174BFB
S11388F09A89174BD20B012A0FD1164AD27F1978C5
S1138900D2B2C90709D50524C2B9134A1278012A7B
S113891014D1124A1278012A10D16A681278032AF3
S113892004D11978833A0A431A701A78BFF34F8F27
S113893030BF7F2100241A780A401A70012001F008
S11389402BFB200070BDC046AAE0014000E00140BE
S113895092E0014007E0014038E0014032E001408C
S1138960EFF31080012383F31088064B196819B9BB
S1138970054AD1704031D1701A6801321A6080F30F
S113898010887047386A0020000D0440EFF310810E
S1138990012383F31088074B1A6812B11A68013A4D
S11389A01A601A681AB9044BDA708032DA7081F3EB
S11389B010887047386A0020000D0440030000202E
S11389C0186070470B0A1B01C9B25B1803499B006E
S11389D05B5800209B07DB0F1370704700080440AE
S11389E0034B090A4901C9184B68002013807047DA
S11389F0000004400548090A490109181800904379
S1138A000004134003438B600020704700000440BF
S1138A100123C8B2834000209BB20AB91800130096
S1138A20044A090A4901000418438918886000208F
S1138A307047C046000004400648090A4901091865
S1138A40180010B50C681040204393439843086005
S1138A50002010BD00000440044B090A4901C91854
S1138A604B6800201B0C13807047C0460000044074
S1138A7008480B0A5B011B1858680123C9B28B40D4
S1138A80000C99B203405B1A59424B410020137009
S1138A907047C046000004400548090A4901091806
S1138AA018009043000413400343CB600020704738
S1138AB00000044010B501240B0AC9B28C400748D9
S1138AC05B011B18D9682004012A04D18143214386
S1138AD00020D96010BDA1430143F9E70000044020
S1138AE0030A70B5C0B2084D1B01CA0307D51A1892
S1138AF09200AE58054C26400C40AE50AC501B18AA
S1138B009B00E95070BDC04600080440FFFFFEFF13
S1138B1070B505000024FFF723FF2B88A34202D879
S1138B20FFF734FF70BD6B68E2009B1898881968E2
S1138B300134FFF7D5FFA4B2EFE7000010B5034BF3
S1138B4003600800FFF7E4FF002010BD54524F50AB
S1138B5010B50800FFF7DCFF002010BD70B515004C
S1138B600C00FFF7FDFE29002000FFF7B9FFFFF717
S1138B700DFF002070BDEFF30380103840B2704742
S1138B8041600272002070474163C2638363002026
S1138B9070470000C368034A00209B185A4253419F
S1138BA00B707047BDB6B6ADF7B50400806B6D466B
S1138BB080B12B000200C0CAC0C3E36B0171036023
S1138BC0636B9847A36B0BB103CD03C300232B3412
S1138BD02370F7BD2800F0E7F7B50500394B3A4A92
S1138BE01B6A2C350193019B13400193036901997E
S1138BF0019C1A7C2E78D2B27EB90905090F240E85
S1138C00091B8A4092080AB90820FEBD5978C9098F
S1138C10CCB20CB1013AF6E7D97101000022283137
S1138C200A7081690262C161C11DCC7F0131CC77B8
S1138C3006682331746A0A708A70CA700A714A71AC
S1138C4022786779013A51424A4161783F014900EB
S1138C503943A7790432FF0139430A431021082715
S1138C60D2B2DA701A790A431A711A79BA431A71AC
S1138C701A798A431A71E1797F241A79C901224049
S1138C800A431A7101225979114359710F23F3567A
S1138C90002B06DB603C590923409A408B000B49AA
S1138CA05A500C2103695A7A8A435A72BF22DA71E4
S1138CB02A781AB902325A700020A6E700232B70D2
S1138CC0FAE7C04600E00140000F000F00E100E0B9
S1138CD010B504002A3423708261027A4161012AAA
S1138CE009D10021831DD9774368411D5B001343DB
S1138CF0CB77C31DDA770300012229331A70FFF7FB
S1138D006BFF10BD002270B506000D0003691A70D8
S1138D1040321A701A785206FCD5C02220201A70EC
S1138D2032684042516A0C790443E4B21C74CC7832
S1138D3020437024C0B25874887800012040683CF5
S1138D4020430C789870013C6042444149780434D3
S1138D5049000C4350681449E4B27722DC7088421D
S1138D6000D180325A71002211209A71B332DA7123
S1138D70697B3200285601F0F5F80F203200697B38
S1138D80285601F0EFF810203200697B285601F0D4
S1138D90E9F80E203200697B285601F0E3F89F229F
S1138DA033691A7070BDC04640420F00F8B51A4AC4
S1138DB00B7801609B181B0203618B6800254360DC
S1138DC00B7B04000372CB6943630B6A8563C36343
S1138DD00300293345618561C56105621D705D70BD
S1138DE09D70DD70EFF31086012383F310880F78F4
S1138DF00A4ABC4609276346FF1A0123BB40506850
S1138E0098435060536886F310882000FFF77AFF78
S1138E10034B2800E360F8BD30054000FC6F0440BC
S1138E204349495210B5040029B10022036901687D
S1138E30DA71FFF767FF00232200E361E11DC97FB8
S1138E4028321170A269226222002C321370023A75
S1138E501370B3222369DA7110BD10B50121FFF735
S1138E60E1FF002010BD000070B5040000250121C1
S1138E70FFF7D8FF11202369DD712368E5601856D8
S1138E8001F060F80E202368185601F05BF81020FA
S1138E902368185601F056F80F202368185601F07D
S1138EA051F8EFF31080012383F310882168064AF8
S1138EB00C780921091B8B4056683343536053686F
S1138EC080F31088280070BDFC6F044010B50400C6
S1138ED02A3423708261027A4161012A08D1002177
S1138EE0831DD9774368411D5B00CB77C31DDA77B7
S1138EF00300002229331A70FFF76EFE10BD000034
S1138F0037B5FFF738FE00F0CBFFFFF734FE474BD1
S1138F108000C45825002D352B78E26933BBA36942
S1138F20022B04D840232169087903430B71012AD9
S1138F300BD1102123691A790A431A71082218796E
S1138F4002431A711A798A431A7123685B6ADB79BE
S1138F501BB105212000FFF727FE6A462369DB7C4D
S1138F60DBB2D371D37901232B7037BD002AFCD037
S1138F7023685B6ADB791BB105212000FFF714FE2F
S1138F80E569032D17D14023226911790B4313712D
S1138F9023696269D97C236AD154236A0133236229
S1138FA0E369013BE361002BDFD14021226913799E
S1138FB08B431371D9E7022D0CD1102123691A793F
S1138FC00A431A710822187902431A711A798A43DA
S1138FD01A71DDE7012DDBD123002A331B78F3B1AD
S1138FE00F202368185600F0ADFF802223695242F7
S1138FF0D97908200A431021DA711A790A431A71BF
S11390001A7982431A711A798A431A7104225A709E
S11390105A79AA435A7123002C331D70B8E70821EA
S113902023695A7A8A435A725970B1E73C6A00201C
S113903070B5FFF7A0FD00F033FFFFF79CFD314B47
S11390408000C45821000831CB7FABB12000E51D5E
S1139050ED7F28300278032D05D1022A03D12500A3
S113906030352D783DB1651DED7F24690132013B1A
S1139070A5740270CB7770BD230029331B78002BB5
S1139080F9D123685B6ADB794BB123002B331B785E
S11390902BB9236A1BB105212000FFF785FDE36985
S11390A0226923BB7F21D3790B40D371C023D179AB
S11390B0C90911B1013B002BF9D1102023681856BE
S11390C000F0EEFE102223689A56002A09DB1F21C5
S11390D053090A401E3991400A0060330A499B0033
S11390E05A5040232269D1790B43D371C3E7216AD3
S11390F06069013B405C013190742162E361002BA3
S1139100B9D1CFE73C6A002000E100E010B5FFF7D9
S113911032FD254B8000C45823685B6ADB791BB1A0
S113912005212000FFF740FD230029331B7843B1BC
S113913023000833DB7F012B03D1230030331B785A
S1139140CBB1E369BBB923002A331B7823B30F20C7
S11391502368185600F0F6FE802223695242D9791A
S11391600A43DA71042201215A705A798A435A71E6
S113917023002C33197040212269D3798B43D37196
S1139180C023D179490602D5013B002BF9D1FFF761
S1139190F2FC00F085FE10BD082123695A7A8A4347
S11391A05A725970E7E7C0463C6A0020F8B5FFF7E9
S11391B0E2FC374B8000C4581F20236910275E7AD5
S11391C0597A35008143597203210020F2B23140AB
S11391D03D403E4204D0012658784006C00F7040FE
S11391E0014349B10125230029002B331D702000C0
S11391F0FFF718FE01213BE0FDB159784906C90F7C
S1139200C8B2012819D122002B32117008225A70D9
S11392102268516A8A790C784979D201090122437A
S11392200A4302210A43D2B2DA705A7910435871C0
S1139230FFF7A1FC00F034FEF8BD0821100008403F
S11392400A4207D121002C310D7804210A40BDB116
S1139250002AEDD0E2697AB922002B3212785AB989
S11392602200032129321278891AB322C9B2DA7191
S11392702000FFF799FCDBE70028BBD00021B6E70C
S1139280002AD5D023685B6ADB79002BD0D0EFE7C6
S11392903C6A0020F7B50400022040F2003508566D
S11392A0134B82002071D2185359114F019300239C
S11392B0BC468E685351A660CE68E6600E7866712F
S11392C0BB550B79CF781B013B434F79FF013B43DF
S11392D06746DBB2BB55019B5351002803DB2200D8
S11392E0497800F0FDFD034B00202360FEBDC0461D
S11392F0006000405543490010B5007940B200F0C9
S113930019FE002010BD000073B5EFF30384103C78
S11393100E4B64B2A200D5580D4A6B790126D35C7A
S11393209B079B0F032B03D0200000F0B9FD002600
S1139330AB682BB16A7968460192EA680092984753
S113934016B1200000F0ACFD73BDC0463C6A00209D
S11393500060004043F6B073044A0020D35A8122CF
S113936013405A1E93410B707047C04600C07E40A4
S11393700620704706207047062070470620704775
S11393800A0010B5034B11CB11C2034B11CB11C210
S1139390002010BD34CB00001CCB00000620704719
S11393A0062070470620704706207047C36A0D4A9E
S11393B010B59A180133C362036B816A013B0363DE
S11393C0094B4C1C84621800140CFE3092B2448287
S11393D042811A000978FC3251638122FF335A75A5
S11393E010BDC0460000F0BD00C07E4041430329CB
S11393F003D9890801390029FCD1704744F60033A8
S113940013B5A522019340F28013F7210F4CE250CB
S11394100F4B9D3A5A7059705A705B78934200D141
S1139420C04681681020FFF7E1FF43F6B072094B94
S1139430A352A35A98B203B916BD019B1BB1019B59
S1139440013B0193F5E71420F6E7C04600C07E40D7
S1139450FFC07E4000AAFFFF13B5104901900B6BBB
S11394605B0612D57F240E4B5A7D22405A7500228A
S11394705A7501900B6B5B06D80F002B08DA019B21
S11394802BB1019B013B0193F4E7019B0BB9142021
S113949016BD019B013B0193E1E7C046FCC07E4041
S11394A0FFC07E40002310B50360436811201856A6
S11394B00300213301D000F045FD002010BD06203B
S11394C070470620704700002D4B70B519682D4D6C
S11394D00B000200286A2C4C4001400F8340C3401B
S11394E02A48D360834207D8A34205D02848834240
S11394F002D02848834240D1286A274D4001400FBA
S11395008140C14025481B18B3FBF4F0AB4202D99B
S113951001230340C018214BD060C918B1FBF4F1FA
S113952040F2835306204B43B3FBF0F3136140F244
S113953076334B43B3FBF0F3536158234B43B3FBF4
S1139540F0F39361164B91604B43B3FBF0F3D3619B
S1139550144B4B43B3FBF0F31362134B4B43B3FB7A
S1139560F0F35362114B1A78012A01D1002070BD27
S113957001221A70FFF73AFFF8E740F2F610F6E717
S1139580946A002000E0014040420F00FF083D00C3
S113959080841E00C0C62D003F8AF7013F420F00A1
S11395A0B86A0500C0B0070068ED220090C07E4094
S11395B043F6B07370B5114A114D8168EA52040044
S11395C00620FFF713FF40F28013A522EF21EA5093
S11395D00C4B953A5A7059705A705B78934200D18B
S11395E0C0460320A168FFF701FF63681A781AB127
S11395F01120185600F09EFC70BDC04680AAFFFFE3
S113960000C07E40FFC07E4070B50400FFF7D0FF6D
S1139610E3683F2040F2D81209491F2B0BD9203BA5
S11396205B081F338D58034085432B4320008B5028
S1139630FFF7E4FE70BD1F25013B2B408D58F3E777
S113964000C07E400A7810B50B00040041602AB1C6
S113965011202200097C185600F042FC230000224D
S11396603C3320001A70FFF72FFF28B92000FFF7C2
S1139670CBFF08B9014B236010BDC0464E45504F87
S113968010B50400FFF720FF10B92000FFF7BCFF5E
S113969010BD0000030000223C3310B51A7043F6DD
S11396A0B073074A0400D35A0BB9FFF781FF0122B4
S11396B0044B20009A6200229A62FFF79FFE10BDBD
S11396C000C07E40FCC07E40F8B5050008001600CE
S11396D01F00FFF7C1FE0400142804D12800FFF77F
S11396E0D9FF2000F8BD40F2F0133400044AD358E7
S11396F01C401E42F5D02800FFF7CCFF3C00F0E7E9
S113970000C07E4010B5FFF7C5FF002010BD00006B
S1139710F7B5070000263C373E70040015000191A0
S11397200093FFF745FF1C4B019A9C461B481C49BC
S1139730624446716B1E160C4E829B18194E92B2EF
S11397404A811A0C9BB272624B838323437563680C
S11397501B784BB10523009A3B70033B1370A3693C
S1139760A36300252800FEBDA16940F2F8136943F4
S113977010222000FFF7A8FF050040B9F36A009A01
S11397801B07DB0F20001370FFF738FEE9E720000A
S1139790FFF780FFE6E7C0460000F0BDFFC07E4053
S11397A0FEC07E40FCC07E4070B503634368C26265
S11397B01E78002533005A1E934102009B003C3260
S11397C081621370436904008363FFF7F1FE0D4B5C
S11397D05D71236B63B99DB92000FFF70FFE0FE0A5
S11397E0182312222000A16BFFF76EFF0500F0E79B
S11397F035B92000FFF7DAFD002EF1D012236363A0
S1139800280070BDFFC07E40F7B5070000250400A6
S113981016003C373D700191FFF7CAFE019B1A4ABE
S11398209B0A1A499B029B18A36226634D71190C6B
S11398308C466046B2021649013AD2189BB248825D
S11398404B81130C9C466046124B92B2586284239F
S11398504A830E4A537563681B786BB9216A1122D7
S1139860200071431933FFF72FFF050010B92000C2
S1139870FFF7C4FD2800FEBD01233B701033636372
S1139880236AA363F6E7C0460000F0BDFFC07E4034
S1139890FEC07E40FCC07E4030B585B0EFF303844B
S11398A0103C64B2200000F0FBFA1D4BA400E45805
S11398B0A06BFFF7D1FD142808D040F2F013194A29
S11398C0616BD2580B001340114212D02000FFF7F5
S11398D0E1FE0723200001AD2B70FFF78FFD6268C6
S11398E05368A3B1D26828000392002202929847D9
S11398F00DE022003C321278012AEBD0042A08D170
S1139900226B0123002AE5D02000FFF74FFD05B0AC
S113991030BD054BDB6A1B07DB0F0233DAE7C046B9
S11399203C6A002000C07E40FCC07E40054A030023
S113993010600A6882604A68C2600020024A586067
S11399401A607047F869002043474300034B8000C6
S1139950C35819701A788A42FCD1704798CB00001A
S113996048F2000110B5154B154A1B781268DBB29A
S11399708A4210D113490978E1B113490978C9B170
S113998012490978B1B1EE21C905084212D1042067
S113999000F0A8F910BD1BB10D4B1840984204D13A
S11399A00C4B9A4201D80320F2E70B4B9A42F1D8B0
S11399B00120EDE7002BEFD1F5E7C04640E0014080
S11399C0946A002036E0014038E0014032E0014072
S11399D00404000480841E0000366E0110B50C00DF
S11399E0002000F0FFFA01212000FFF7AFFF002064
S11399F000F0D2FA012000F0F5FA044B186AFFF7E0
S1139A00AFFF012000F0C8FA002010BD00E00140C3
S1139A1010B5012000F0E6FA002000F063F9002000
S1139A2000F0E0FA10BD000010B5002000F0B4FA18
S1139A30034B186AFFF794FF012000F0ADFA10BD44
S1139A4000E0014010B50C00FFF7E2FF2000002108
S1139A50FFF77CFFFFF7E8FF002010BD8368027B5F
S1139A60180008300AB10C331800012103785A0891
S1139A700A400B409342F9D10020704743680161CA
S1139A801B7C064A9B009950027B836801390AB10A
S1139A901960704789B21980FBE7C046FC69002051
S1139AA0F7B50026416006730B7C2E4A1B029B18F7
S1139AB004000D008360EFF31087012282F3108805
S1139AC02949C8680190287C844603206246801A8C
S1139AD00122824001989043C860CA6887F31088C5
S1139AE01E721A7A9207D10F002AFADB9972A368C0
S1139AF0227B180008300AB10C331800EB69DA78BD
S1139B001F791E7807231A40019226BB2B7A19006D
S1139B101BB102234B4031001B010026019AC9B23C
S1139B201A43D2B20771867142708170200069684D
S1139B30FFF7A4FF12202856B04203DB2200697C01
S1139B4000F010FA00206B696361AB69A061E36106
S1139B50064B2360FEBD00213300502EDDD0297A50
S1139B60DBE7C04600400840FC6F04405447410016
S1139B7010B50400FFF772FF38B9A268217B130007
S1139B80083301B10433F0221A7010BD10B504007B
S1139B90FFF764FF30BBA268217B1300083301B1D7
S1139BA00433F4221A7000221A7163689B7C5BB23E
S1139BB01A00213214D0002B0CDB1F215A090B4050
S1139BC01E39994020329300074A9950BFF34F8FB2
S1139BD0BFF36F8F6368054A9B7C5BB29B009C500C
S1139BE00023236010BDC04600E100E03C6A002071
S1139BF070B50400FFF732FF050080B9A368227B2B
S1139C001E0008360AB10C331E0063681B78012B52
S1139C1003D120002169FFF731FFF12333702800BD
S1139C2070BD0000F0B587B0EFF30384103C64B25C
S1139C30200000F035F91D4BA400E458A368227BF2
S1139C401D0008350AB10C331D0062682B781278A8
S1139C50DBB29C46012A05D1F4222A70E53A9343EB
S1139C609C462B7063690193BBB1A069D8B103AB67
S1139C7019000200C8CAC8C163469B0601D5002367
S1139C800371E3690360019B9847A36913B103AAB5
S1139C9051CA51C32B78DBB29C460F226346134052
S1139CA02B7007B0F0BD03A8E6E7C0463C6A00206D
S1139CB0094B1A7882420DD0084A12781AB9084919
S1139CC00A78D207FCD51A78D206FCD418701A7810
S1139CD0D206FCD47047C046A0E0014036E0014003
S1139CE03CE0014010B50C4B042808D11A78D20688
S1139CF0FCD401221A701A78D206FCD410BD1A784A
S1139D00D206D10F002AFADB19701A78002AFCD186
S1139D10FFF7CEFFF2E7C046AAE00140064B074931
S1139D20DA1DD27F1B6A920052585B015B0FDA4046
S1139D301300034A1360704700E00140A05800205C
S1139D40946A002040F2FE3370B5194A194C01267A
S1139D50E25243F6C873184A0025D654174B184AE2
S1139D60DD601A60174A1D615A6048F200029A6069
S1139D70FFF7D4FF40F280430322E654124B28003D
S1139D801A70FFF795FF114B114A1D701378DB070A
S1139D90FCD500220F4B23620F4BDA77FFF7BEFF8F
S1139DA00120FFF79FFF40F2FE330C4AE25270BDE0
S1139DB003A5FFFF00E0014000C07E40A058002042
S1139DC00048E80100127A00A5E0014036E00140B5
S1139DD03CE001400202000207E0014000A5FFFF51
S1139DE00022014B1A7070472840044001380028B3
S1139DF0FCD170474143174B70B540F2E83208007C
S1139E001E680C000023002100F042F9124D134A91
S1139E10B5FBF6F559B9B0FBF5F00423964200D929
S1139E200233B0FBF3F008B1FFF7E0FF70BD042389
S1139E30964200D902335D4340F2E832B4FBF5F0B8
S1139E400023002100F024F90029ECD00120404235
S1139E50EAE7C046946A002000CA9A3B0048E80139
S1139E60F8B540F24013002401270A4E0A4A758CC3
S1139E70D35A1D402B00E3403B4206D0074AA300BF
S1139E809B181B680BB1E0B2984701340D2CF1D13B
S1139E907586F8BDFE60004000600040046A002042
S1139EA0044BC0308000C25803490A40C250C35812
S1139EB07047C04600600040FFFFFEFF10B504007D
S1139EC0FFF7EEFFBFF35F8F1F22630914401E3AB2
S1139ED0A240024960339B005A5010BD00E100E0EB
S1139EE0F7B5FF27019283080A4A03269B009B18B3
S1139EF03A0040F200350640F6008901B24039408C
S1139F00B1405C59800094430C435C51019A024B6C
S1139F101A50F7BD00E100E03C6A00201F2243090B
S1139F2010401E3A824002499B005A507047C04676
S1139F3000E100E010B50400FFF7C0FF2000FFF7C8
S1139F40EDFF10BD1F22430910401E3A8240044910
S1139F5020339B005A50BFF34F8FBFF36F8F70476E
S1139F6000E100E010B50400FFF7BAFF2000FFF79E
S1139F70E1FF10BD00230648064A9A18117819B16A
S1139F801A00C032920011500133122BF4D17047E1
S1139F900060004078CA000030B5EFF3108201235E
S1139FA083F3108898400B49435A1BB10B5A013B69
S1139FB09BB20B520B5A53B940F2FE31064C074B7D
S1139FC0655A185A064B2B4383439BB2635282F360
S1139FD0108830BD846A002000E00140ACCB000052
S1139FE000A5FFFF70B5EFF31081012383F3108800
S1139FF098400A4A835A53B940F2FE34084D094E38
S113A0002B5B865B33434AF2005633432B53135A7C
S113A01001339BB2135281F3108870BD846A00200F
S113A02000E00140ACCB0000030010B503240A4A51
S113A0300A4811680333A34308185B1841F200016E
S113A0408B4206D900F07CFA0C23036001204042C5
S113A05010BD1360FCE7C046906A0020A0400020B9
S113A06000BE70477047000002B4714649084900B9
S113A070095C49008E4402BC7047C04603B4714673
S113A080490840004900095E49008E4403BC7047FA
S113A090F0B54FF6FF750400CE462C4047461540F8
S113A0A00E002900994680B5130C0700000C61438B
S113A0B04543584363430C0C5B19E4188C46A54292
S113A0C003D980235B0298464044230C61461B1845
S113A0D04FF6FF70084049465643794324048919D2
S113A0E02018C918C0BCB946B046F0BD002310B54D
S113A0F0040003604360836081814366C28103611D
S113A10043618361190008225C3000F0B9F90B4BFC
S113A110246263620A4BA3620A4BE3620A4B236321
S113A1200A4B9C4205D00A4B9C4202D0094B9C42EC
S113A13003D12000583000F009FA10BDE9A3000053
S113A14011A4000049A4000075A40000986A00202E
S113A150006B0020686B002010B5034A03490448D3
S113A16000F06AF810BDC0464040002081A80000FD
S113A1705040002041680B4B10B50400994201D0B7
S113A18000F07EFBA168084B994202D0200000F049
S113A19077FBE168054B994202D0200000F070FB88
S113A1A010BDC046986A0020006B0020686B002038
S113A1B010B5094B094A04211A6009480022FFF727
S113A1C095FF012209210748FFF790FF022212217F
S113A1D00548FFF78BFF10BDD06B002059A100008C
S113A1E0986A0020006B0020686B002010B50248BC
S113A1F000F0ADF910BDC046D96B002010B502487F
S113A20000F0A6F910BDC046D96B002010B50400BB
S113A210FFF7ECFF236A13B1FFF7F0FF10BD044B07
S113A2202362044B1B68002BF6D1FFF7C1FFF3E751
S113A23075A10000D06B0020F7B514000026009033
S113A2400191A5686768013F04D52468002CF8D102
S113A2503000FEBDAB89012B08D90E22AB5E013361
S113A26004D029000098019B984706436835EAE723
S113A27010B5034B01001868826800F091FB10BD13
S113A2804C400020F0B51D00554B85B01E680400FD
S113A2900F00009226B1336A13B93000FFF7B6FFFE
S113A2A0009B022B05D0012B00D996E0002D00DA8B
S113A2B093E0636EDB0705D4A3899B0502D4A06DEC
S113A2C000F045F92100300000F0DAFA616B41B189
S113A2D023004433994202D0300000F04BF90023AC
S113A2E063630023A3616360A3891B0603D5300065
S113A2F0216900F03FF9A3893A4A1340A381009BE6
S113A300022B60D003AB2100300002AA00F0E0FA77
S113A310A3890343A3812DBB029D280000F072F999
S113A32001950700002848D1029B0193AB423ED11E
S113A33001256D420C22A35E02221A43A28100224F
S113A340A26022004732226022610122616E6261B2
S113A350114204D19B0502D4A06D00F0F9F8280045
S113A36005B0F0BD002FD8D0336A13B93000FFF721
S113A3704DFF009B012B03D1A389009A1A43A281AC
S113A3800C22A35E08221900276027616561114031
S113A39013421CD0DA0718D500226D42A260A561D1
S113A3A0626ED20701D49B0513D50025D7E7019827
S113A3B000F028F907000028BAD08023A289019D63
S113A3C01343A381D0E70025B4E7A560E8E7A160C3
S113A3D0E6E7A06D00F0BCF8E7E701256D42BEE7B3
S113A3E04C4000205CF3FFFF70B50C000E25495F64
S113A3F000F082F8002803DB636D1B18636570BDF1
S113A400A389024A1340A381F9E7C046FFEFFFFF87
S113A410F8B51F008B8905000C001600DB0505D577
S113A4200E23C95E0022022300F054F8A389054AD2
S113A43028001340A38132000E23E15E3B0000F0AC
S113A4406DF8F8BDFFEFFFFF70B50C000E25495FF6
S113A45000F040F8A389421C03D1054A1340A381AC
S113A46070BD41F200021343A3816065F8E7C04662
S113A470FFEFFFFF10B50E23C95E00F01BF810BDFF
S113A48003008218934200D1704719700133F9E731
S113A49030B5050010005AB10024013A2B5D085D67
S113A4A0834204D1944202D00134002BF6D1181A0D
S113A4B030BD0000002370B5054D040008002B607A
S113A4C000F0E2FB431C02D12B6803B1236070BD92
S113A4D0D46B002070B50400080011001A0000239A
S113A4E0044D2B6000F0BFFB431C02D12B6803B169
S113A4F0236070BDD46B002070B504000800110007
S113A5001A000023044D2B60F9F7F4F9431C02D11F
S113A5102B6803B1236070BDD46B002070B50400B8
S113A520080011001A000023044D2B60F9F7D4F938
S113A530431C02D12B6803B1236070BDD46B00208F
S113A540014B18687047C0464C4000207047704764
S113A5507047002310B59A4200D110BDCC5CC4549E
S113A5600133F8E70023C25C0133002AFBD1581EF3
S113A5707047000070B505000C0079B1043C2368F5
S113A580002B00DAE418280000F0E8F81C4A1368ED
S113A5902BB963601460280000F0E8F870BDA34292
S113A5A008D9206821188B42F3D119685B6809180F
S113A5B02160EEE71A005B680BB1A342FAD9116877
S113A5C05018A0420BD1206809185018116083421A
S113A5D0E1D118685B68411811605360DBE7A04261
S113A5E002D90C232B60D6E7206821188B4203D1B3
S113A5F019685B680918216063605460CBE7C04642
S113A600E06B002010B5034B0100186800F026F839
S113A61010BDC0464C40002070B50F4E0D0031688F
S113A620040011B900F0A8FA30602900200000F0FD
S113A630A3FA431C03D101256D42280070BD0323F6
S113A640C51C9D43A842F8D0291A200000F094FAB2
S113A6500130F2D1EFE7C046DC6B0020F7B50322EE
S113A660CB1C9343083305001F000C2B34D20C275A
S113A670B94233D8384E280000F070F833681C0013
S113A680002C2FD139002800FFF7C6FF0400431C1B
S113A6905FD134680094009B002B4AD1002C52D027
S113A6A023682800E3180099019300F065FA019BE0
S113A6B0834248D123682800FF1A3900FFF7ACFF12
S113A6C0013040D02368DB19236033685A68002ABC
S113A6D033D1009B336019E0002BC9DA0C232B60C3
S113A6E00020FEBD2168C91B20D40B290AD9E21918
S113A6F02760A34204D1326063681160536005E0AF
S113A7005A60F9E76268A3420ED13260280000F073
S113A7102DF8200007220B30231D9043C21A9842C3
S113A720DFD01B1AA350DCE75A60EFE7230064680C
S113A730A6E7009C63680093ADE71A005B68A34238
S113A740FBD10023DAE70C2328002B6000F00EF87D
S113A750C6E70760DAE7C046E06B002010B50248A0
S113A760FFF7F5FE10BDC046D86B002010B50248B7
S113A770FFF7EEFE10BDC046D86B0020F7B50C22E3
S113A7808B5E05000C001A0753D44A68002A02DCC9
S113A7900A6C002A4BDDE76A002F48D0002241F200
S113A7A000002E682A601A00216A0240034230D059
S113A7B0626DA3895B0705D56368D21A636B0BB11D
S113A7C0236CD21A00232800E76A216AB847A289B9
S113A7D0431C06D129681D2944D8284BCB40DB07EC
S113A7E040D50023636023692360D20404D5431C4D
S113A7F001D12B6803B96065616B2E60B9B1230088
S113A8004433994202D02800FFF7B4FE0023636367
S113A8100DE001232800B8470200431CC9D12B686E
S113A820002BC6D01D2B01D0162B1AD12E60002070
S113A8301EE00E69002EFAD00F680E60BA1B01925A
S113A84000229B0700D14A69A260019B002BEEDD28
S113A850A36A32001F002800019B216AB847002820
S113A86007DCA2894023012013431BB2A381404289
S113A870FEBD019B36181B1A0193E6E70100402038
S113A8800B6970B505000C0013B90025280070BDD4
S113A89018B1036A0BB9FFF7B9FC0C22A35E002BB5
S113A8A0F3D0626ED20704D49B0502D4A06DFFF7E7
S113A8B04EFE28002100FFF761FF636E0500DB07F1
S113A8C0E4D4A3899B05E1D4A06DFFF741FEDDE745
S113A8D070B50E001D000E23C95E140096B0002949
S113A8E00CDAB2898023110019401A4214D140F2C3
S113A8F0004300202960236016B070BD6A4600F052
S113A90019F90028EDDB4FF2000301991940044BBB
S113A910C9184B425941EAE700214023E9E7C04600
S113A92000E0FFFFF0B502268B8905000C0085B01E
S113A930334207D02300473323602361012363613B
S113A94005B0F0BD03AB02AAFFF7C2FF029F01905E
S113A95039002800FFF782FE40B90C22A35E9A0555
S113A960EED4032293431E43A681E3E78023A28906
S113A97020601343A381039B206167615BB12800BE
S113A9800E23E15E00F0E8F828B10323A2899A437C
S113A990023B1343A381A389019A1343A381CFE705
S113A9A070B506000D00140018B1036A0BB9FFF767
S113A9B02DFC636EDB0705D4A3899B0502D4A06D2F
S113A9C0FFF7C5FDA368013BA360002B05DAA2696C
S113A9D0934212DBEBB20A2B0FD023685A1C22607D
S113A9E01D70EDB2636EDB0705D4A3899B0502D409
S113A9F0A06DFFF7ADFD280070BD290022003000D6
S113AA0000F002F80500EDE7F8B506000D001400AB
S113AA1018B1036A0BB9FFF7F9FBA369A360A38913
S113AA201B0701D5236943B92100300000F02AF83F
S113AA3018B101256D422800F8BD23692068EFB2E2
S113AA40C01A6369EDB2834205DC21003000FFF7D0
S113AA5017FF0028EDD1A3680130013BA3602368F0
S113AA605A1C22601F706369834204D0A389DB07E8
S113AA70E1D50A2DDFD121003000FFF701FF0028C6
S113AA80D9D0D6E72A4B70B5050018680C0018B168
S113AA90036A0BB9FFF7BAFB0C22A35E1A0722D490
S113AAA0DA0607D409222A60402201201343A38135
S113AAB0404237E05B0712D5616B41B12300443358
S113AAC0994202D02800FFF755FD00236363242236
S113AAD0A3899343A381002363602369236008232C
S113AAE0A2891343A38123695BB940F2802140F218
S113AAF00022A3890B40934203D021002800FFF7D2
S113AB0011FF0C22A35E01211A000A400B420AD055
S113AB100022A26062695242A261226900200AB93D
S113AB201A06C1D470BD990700D46269A260F4E723
S113AB304C400020002370B5064D040008001100AD
S113AB402B6000F0E9F8431C02D12B6803B12360A9
S113AB5070BDC046D46B0020002370B5054D0400C1
S113AB6008002B6000F0E5F8431C02D12B6803B108
S113AB70236070BDD46B0020002370B5054D040024
S113AB8008002B60FFF750FA431C02D12B6803B175
S113AB90236070BDD46B0020094B10B50400186805
S113ABA018B1036A0BB9FFF731FB0020132C06D848
S113ABB0044BE400E358013301D0024BE01810BD0C
S113ABC04C400020E46B0020F8B50400FFF7B8FC0B
S113ABD0132605000027301C391CABBE061C2E6052
S113ABE02000F8BD10B5431C01D1FFF7EDFF10BDE7
S113ABF0F7B50C001600FFF7CFFF050038B9FFF7D3
S113AC009FFC09230360012464422000FEBD022E40
S113AC1003D9FFF795FC1623F4E7012E12D14368FC
S113AC20E418F6D46F462B680A2600937C60301C27
S113AC30391CABBE061C3000FFF7D4FF0028E2DB52
S113AC406C60E2E70368022EECD16F4600930A368B
S113AC50301C391CABBE061C3000FFF7C3FF2418A0
S113AC600130DFD1CFE710B5FFF7C2FF10BD37B514
S113AC700224019001AD201C291CABBE041C200041
S113AC80FFF7B0FF3EBD000070B50500FFF784FF7D
S113AC90040030B9FFF754FC09230360012040424B
S113ACA070BD013D012D09D8094B9A681B699A4270
S113ACB004D101235B4203600020F1E72068FFF721
S113ACC0D6FF0028ECD101235B422360E8E7C046AD
S113ACD0E46B002070B50C00FFF75EFF050030B98F
S113ACE0FFF72EFC092303600120404270BD42F2AD
S113ACF0000362680C261343636040F20043A364BC
S113AD00301C291CABBE051C2800FFF76BFF431C3D
S113AD10EAD020610020E9E770B50C000500582254
S113AD2000212000FFF7ACFB28002100FFF7D2FF31
S113AD3070BD70B5FFF730FF0924050020B9FFF797
S113AD40FFFB0460002070BD201C291CABBE041C4A
S113AD502000012CF7D0FFF7F3FB13250400002695
S113AD60281C311CABBE051C2560EBE74F4B00458E
S113AD7052524F520042555359004E4F20414E53A8
S113AD805745520041542B53544154202020202035
S113AD90203A2073686F77206170706C6963617406
S113ADA0696F6E2073746174650D0A0041542B52EF
S113ADB04553455420202020203A20726573657441
S113ADC020616E64206C6F61642073657474696EB5
S113ADD067732066726F6D206461746120666C61B4
S113ADE073680D0A0041542B4D4F44454D202020DB
S113ADF020203A20736574206D6F64656D2074792A
S113AE0070652028303A46534B2C313A4C6F5261CE
S113AE10290D0A0041542B46524551202020202060
S113AE20203A207365742063656E746572206672BF
S113AE30657175656E63790D0A0041542B4C4D4361
S113AE40464720202020203A20736574204C6F52FE
S113AE5061206D6F64756C6174696F6E20706172CE
S113AE60616D65746572730D0A0041542B4C504337
S113AE70464720202020203A20736574204C6F52CE
S113AE8061207061636B657420706172616D6574BB
S113AE906572730D0A0041542B464D4346472020EA
S113AEA02020203A207365742046534B206D6F6434
S113AEB0756C6174696F6E20706172616D65746523
S113AEC072730D0A0041542B4650434647202020FC
S113AED020203A207365742046534B207061636BC5
S113AEE0657420706172616D65746572730D0A001A
S113AEF041542B524543562020202020203A2072D2
S113AF00656365697665207061636B6574730D0AAA
S113AF100041542B5258544F2020202020203A2006
S113AF207365742052782074696D656F7574207030
S113AF306172616D65746572730D0A0041542B5220
S113AF40584741494E202020203A207365742052EE
S113AF5078206761696E206D6F64650D0A00415445
S113AF602B53454E442020202020203A2073656E28
S113AF7064207061636B6574730D0A0041542B5037
S113AF804B54202020202020203A20736574207008
S113AF9061636B657420646174610D0A0041542B14
S113AFA0545850575220202020203A207365742092
S113AFB0547820706F7765720D0A0041542B5458F1
S113AFC0544F2020202020203A2073657420547888
S113AFD02074696D656F75740D0A0041542B5354C8
S113AFE04F502020202020203A2073746F7020526C
S113AFF0782F54782070726F63657373696E670D70
S113B0000A0041542B545843572020202020203A32
S113B0102073656E6420756E6D6F64756C61746504
S113B0206420636F6E74696E756F757320776176D3
S113B030650D0A0041542B545843502020202020F1
S113B040203A2073656E64206D6F64756C6174655D
S113B0506420636F6E74696E756F757320776176A3
S113B060650D0A0041542B4C4254202020202020FE
S113B070203A20736574204C425420284C69737420
S113B080656E204265666F72652054616C6B290D94
S113B0900A0041542B525353492020202020203AA7
S113B0A02067657420525353492C207365742052D1
S113B0B0535349206F6666736574200D0A0041542A
S113B0C02B585452494D20202020203A2073657477
S113B0D0205854414C207472696D20746F2061644F
S113B0E06A7573742063656E746572206672657127
S113B0F075656E63790D0A0041542B534156452002
S113B10020202020203A207361766520616C6C2019
S113B11073657474696E677320746F2064617461FD
S113B12020666C617368206D656D6F72790D0A001D
S113B13041542B455241534520202020203A206978
S113B1406E697469616C697A6520646174612066F2
S113B1506C61736820776974682073797374656DA2
S113B1602064656661756C740D0A0041542B444576
S113B17056455549202020203A20736574204465A3
S113B180766963652045554920284D414320416433
S113B1906472657373290D0A0041542B524547525A
S113B1A02020202020203A2072656164205246200D
S113B1B06465766963652072656769737465727323
S113B1C00D0A0041542B52454757202020202020AF
S113B1D03A20777269746520524620646576696303
S113B1E065207265676973746572730D0A00415452
S113B1F02B534C45455020202020203A2073657461
S113B20020736C656570206D6F64650D0A00415490
S113B2102B534146452020202020203A207365747A
S113B2202073616665206D6F646520746F2073758B
S113B23070706F727420726164696F2072656775D3
S113B2406C6174696F6E0D0A0041542B5245474975
S113B2504F4E202020203A20736574207265676960
S113B2606F6E207573656420666F72207361666506
S113B270206D6F64650D0A0041542B544F4120200A
S113B28020202020203A2073686F772074696D6530
S113B290206F6E206169720D0A0041542B5645528D
S113B2A0202020202020203A2073686F77207665A4
S113B2B07273696F6E0D0A0041542B48454C50203F
S113B2C020202020203A2073686F7720616C6C2046
S113B2D0415420636F6D6D616E64730D0A004154B7
S113B2E02B4C4953542020202020203A2073686F8F
S113B2F0772063757272656E7420706172616D651A
S113B3007465722073657474696E67730D0A004105
S113B310542B4C4D4346473D534628352D31322955
S113B3202C425728302D39292C435228312D3429C9
S113B3300D0A00202042573D303A3132352C313A43
S113B3403235302C323A3530302C333A36322C34D4
S113B3503A34312C353A33312C363A32302C373AB0
S113B36031352C383A31302C393A375B6B487A5DB9
S113B3700D0A00202043523D313A342F352C323A05
S113B380342F362C333A342F372C343A342F380DAB
S113B3900A0041542B464D4346473D44522836301B
S113B3A0302D3330303030305B6270735D292C4285
S113B3B05728312D3436373030305B487A5D292CAC
S113B3C04664657628312D36353533355B487A5DEC
S113B3D0292C0D0A0041542B4C504346473D7072B2
S113B3E065616D626C654C656E2C66697865644C4C
S113B3F0656E2C6372634F6E2C6971496E7665724B
S113B4007465642C7075626C69634E6574776F72D1
S113B4106B0D0A002020707265616D626C654C656D
S113B4206E28312D3635353335295B73796D626F6E
S113B4306C5D0D0A00202066697865644C656E2891
S113B440303A7661726961626C652F6578706C69F7
S113B450636974206865616465722C313A66697841
S113B46065642F696D706C696369742068656164D3
S113B4706572290D0A0020206372634F6E28303AEA
S113B480435243204F46462C313A435243204F4EB9
S113B490290D0A0020206971496E7665727465640D
S113B4A028303A5374616E646172642049512C31BE
S113B4B03A496E766572746564204951290D0A0013
S113B4C020207075626C69634E6574776F726B28A7
S113B4D0303A507269766174652053796E63576FA0
S113B4E072642C313A5075626C6963284C6F5261F6
S113B4F057414E292053796E63576F7264290D0AA0
S113B5000041542B46504346473D707265616D625D
S113B5106C654C656E2C66697865644C656E2C634D
S113B52072634F6E0D0A002020707265616D626C4B
S113B530654C656E28312D38313931295B62797457
S113B540655D0D0A0049444C450054582C0052587E
S113B5502C004358003230323531313238005358E0
S113B560313236312F005358313236322F0058548D
S113B570414C005443584F000D0A5B20434F4D4D3E
S113B5804F4E205D2D2D2D2D2D2D2D2D2D2D2D2D81
S113B5902D2D2D2D2D2D2D2D2D2D2D2D2D2D2D0DF7
S113B5A00A004672657175656E637920202020203B
S113B5B02020203A20005B487A5D0D0A004D6F641C
S113B5C0756C6174696F6E202020202020203A2041
S113B5D0004746534B0D0A004C6F52610D0A00524E
S113B5E0784761696E4D6F646520202020202020FB
S113B5F03A2000426F6F737465644761696E0D0A87
S113B60000506F776572536176696E674761696E42
S113B6100D0A005478506F77657220202020202076
S113B620202020203A20005B64426D5D0D0A00500A
S113B63061796C6F61644C656E202020202020208D
S113B6403A20005B62797465735D0D0A004C4254C4
S113B65020202020202020202020202020203A20CC
S113B66000456E61626C65640D0A00446973616231
S113B6706C65640D0A00536166654D6F6465202036
S113B680202020202020203A2000526567696F6E18
S113B690207573656420666F7220536166654D6F13
S113B6A064653A200045550041533100415332004E
S113B6B041533300415334005553004155004B521C
S113B6C0004A50004A505F4C444300556E6B6E6F05
S113B6D0776E000D0A5B204C4F5241205D2D2D2DBD
S113B6E02D2D2D2D2D2D2D2D2D2D2D2D2D2D2D2D86
S113B6F02D2D2D2D2D2D2D2D2D2D0D0A0053707238
S113B700656164466163746F7220202020203A20B2
S113B71053460042616E6457696474682020202097
S113B720202020203A2000313235003235300035D7
S113B73030300036320034310033310032300031E1
S113B7403500313000436F64696E6752617465205F
S113B7502020202020203A2000342F3500342F369A
S113B76000342F3700342F3800507265616D626CDD
S113B770654C656E2020202020203A20005B7379E0
S113B7806D626F6C735D0D0A004865616465725487
S113B790797065202020202020203A2000466978F6
S113B7A0656428496D706C69636974290D0A0056D3
S113B7B061726961626C65284578706C696369744B
S113B7C0290D0A00437263547970652020202020DB
S113B7D020202020203A2000435243204F4E0D0ABF
S113B7E000435243204F46460D0A00496E76657267
S113B7F07449512020202020202020203A20004974
S113B8006E7665727465642049510D0A0053746143
S113B8106E646172642049510D0A0053796E635756
S113B8206F72642020202020202020203A20005005
S113B83075626C6963284C6F526157414E290D0A39
S113B84000507269766174650D0A000D0A5B204729
S113B85046534B205D2D2D2D2D2D2D2D2D2D2D2D94
S113B8602D2D2D2D2D2D2D2D2D2D2D2D2D2D2D2D04
S113B8702D2D0D0A004461746152617465202020ED
S113B8802020202020203A20005B6270735D0D0A86
S113B8900046726571446576696174696F6E202033
S113B8A020203A20000D0A5B20424F415244205D83
S113B8B02D2D2D2D2D2D2D2D2D2D2D2D2D2D2D2DB4
S113B8C02D2D2D2D2D2D2D2D2D2D2D2D0D0A0044FD
S113B8D065766963652020202020202020202020F8
S113B8E03A20005358313236310D0A005358313260
S113B8F036320D0A00436C6F636B20202020202019
S113B9002020202020203A20005854414C0D0A00C9
S113B9105443584F0D0A002B53544154002B5245A5
S113B920534554002B4D4F44454D002B4652455131
S113B930002B5458505752002B53454E44002B5261
S113B940454356002B54584357002B54584350003A
S113B9502B53544F50002B4C4D434647002B4C5017
S113B960434647002B464D434647002B465043462B
S113B97047002B504B54002B5458544F002B525813
S113B980544F002B52584741494E002B52535349B0
S113B990002B4C4254002B585452494D002B534118
S113B9A05645002B4552415345002B5245475700FD
S113B9B02B52454752002B444556455549002B53BD
S113B9C04C454550002B53414645002B52454749B1
S113B9D04F4E002B544F41002B48454C50002B4CEC
S113B9E0495354002B5341002B56455200464154B1
S113B9F0414C3A2061742D636F6D6D616E647320E8
S113BA00726567697374726174696F6E20657272AE
S113BA106F722E0D0A002B54583A002B494E464F94
S113BA203A54585F54494D454F55540D0A002B5212
S113BA30583A002B494E464F3A52585F54494D45A7
S113BA404F55540D0A002B52583A30302C302C30BC
S113BA502C320D0A002B534146453A4641494C5F6E
S113BA6052585F4346470D0A002B534146453A4618
S113BA7041494C5F54585F4346470D0A002B5341DC
S113BA8046453A4641494C5F54585F445554595FC2
S113BA904359434C450D0A002B534146453A464110
S113BAA0494C5F54585F4348414E4E454C5F4255A4
S113BAB053590D0A00000000000000006CAD0000A6
S113BAC0040000006FAD00000700000075AD000029
S113BAD0080000007AAD0000560000005108000084
S113BAE000000000000000004154002B090705037A
S113BAF0000102000806040500000002010003041E
S113BB00841E0000093D0000127A000024F40000A5
S113BB1048E8010090D0030020A1070000000000C5
S113BB20B128000061510000C3A20000581B0000AE
S113BB30983A00001879000030F2000048E801004B
S113BB4090D0030020A1070000000000102700008F
S113BB50204E000028A000000400000048E8010076
S113BB600500000090D00300060000003820070004
S113BB700300000030F200000A00000028A00000CA
S113BB80020000001879000009000000204E0000A7
S113BB9001000000983A000008000000102700008F
S113BBA000000000581B0000040506030A020901F6
S113BBB008000000000000001F000000C012000088
S113BBC01F000000A816000017000000841C0000DD
S113BBD00F000000E42500001E000000B42D00004A
S113BBE016000000083900000E0000002C4C000074
S113BBF01D000000685B0000150000007472000066
S113BC000D000000589800001C00000034B700002C
S113BC1014000000E8E400000C000000783101008A
S113BC201B000000686E01001300000034CA01000C
S113BC300B000000286202001A00000040DB020032
S113BC40120000003C9303000A000000C0C204007C
S113BC501900000060B3050011000000382007003F
S113BC600900000020A107000000000029230000B3
S113BC70A9120000B9190000C11200003D1E000005
S113BC80251E0000D9190000311C0000ED1200002F
S113BC90492200007516000005130000611200001F
S113BCA0311700004D13000065130000AD130000B0
S113BCB0E5120000DD1200003D1300002D1300000A
S113BCC03D16000061190000B5130000F1130000D7
S113BCD0E51600002513000015130000BD15000033
S113BCE0A11F00009D1700008D18000039190000E5
S113BCF00516000055120000AD360000C194C100C5
S113BD0000000000F8EFF70000000000E449713380
S113BD101CE68D33010000000B000000100E000033
S113BD20000000000000000000000000000000000F
S113BD300A00000000000000083E7233F8F18C3362
S113BD40010000000B000000100E000000000000C5
S113BD500000000000000000000000000A000100D4
S113BD600000000064CE8F33DCACBB330100000064
S113BD700B000000A08C0000000000000000000088
S113BD80000000000000000064000000000000004B
S113BD9088C29033B8B8BA33010000000B00000029
S113BDA0A08C000000000000000000000000000063
S113BDB00000000064000100000000002495BD3371
S113BDC09CD4C433010000000B000000A08C0000D0
S113BDD0000000000000000000000000000000005F
S113BDE064000000000000004889BE3378E0C333DB
S113BDF0010000000B000000A08C00000000000007
S113BE0000000000000000000000000064000100C9
S113BE10000000008443C8335CFCCD330100000003
S113BE200B000000100E00000000000000000000E5
S113BE3000000000000000000A00000000000000F4
S113BE40A837C9333808CD33010000000B000000C7
S113BE50100E0000000000000000000000000000C0
S113BE60000000000A00010000000000E4F1D233E9
S113BE702CDAD4330100000018000000407E0500D5
S113BE8000000000000000000000000000000000AE
S113BE90E80300000000000008E6D33308E6D333CB
S113BEA00100000018000000407E050000000000B2
S113BEB0000000000000000000000000E803010092
S113BEC000000000C485D7335C31DA330100000080
S113BED00B000000A08C0000000000000000000027
S113BEE000000000000000006400000000000000EA
S113BEF0E879D833383DD933010000000B00000045
S113BF00A08C000000000000000000000000000001
S113BF1000000000640001000100000064CE8F33C3
S113BF20DCACBB33010000001800000080EE3600DA
S113BF3000000000000000000000000000000000FD
S113BF40FA00000002000000E4BE8A36DC334F37FA
S113BF50010000000D00000080EE3600000000002B
S113BF600000000000000000000000006400000069
S113BF700200000008B38B36B83F4E3701000000C2
S113BF800D00000080EE36000000000000000000FC
S113BF900000000000000000640001000300000035
S113BFA0240AD7369CE80237010000000D00000087
S113BFB080EE3600000000000000000000000000D9
S113BFC000000000640000000300000048FED736B3
S113BFD078F40137010000000D00000080EE360007
S113BFE0000000000000000000000000000000004D
S113BFF06400010004000000E4BE8A361C64E436D8
S113C000010000000D00000080EE3600000000007A
S113C01000000000000000000000000064000000B8
S113C0200400000008B38B36F86FE336010000000B
S113C0300D00000080EE360000000000000000004B
S113C0400000000000000000640001000500000082
S113C0506443A936DC21D536010000000D00000040
S113C06080EE360000000000000000000000000028
S113C070000000006400000005000000805CAB3696
S113C080C008D336010000000D00000080EE360029
S113C090000000000000000000000000000000009C
S113C0A06400010006000000A461C435DC334F378E
S113C0B0010000001E00000080EE360000000000B9
S113C0C00000000000000000000000001027020033
S113C0D006000000103EC73570574C3701000000C1
S113C0E01E00000080EE360000000000000000008A
S113C0F000000000000000001027030007000000FB
S113C100E4BE8A36DC334F37010000001B00000018
S113C11080EE360000000000000000000000000077
S113C120000000001027020007000000509B8D361D
S113C13070574C37010000001B00000080EE3600F1
S113C14000000000000000000000000000000000EB
S113C1501027030008000000A0D1E336E013F336F3
S113C160400D03000700000080EE360000000000D0
S113C17070170000BFFF00003C930300102700006D
S113C180080000002021F636A0700837400D030097
S113C1900B00000080EE3600000000007017000065
S113C1A0BFFF00003C9303001027000009000000BB
S113C1B0C03DDF3640F70937400D03000D00000095
S113C1C0A00F00003200000088130000B0FF000040
S113C1D03C930300102700000900000080040D3781
S113C1E000285037400D03000D000000C800000077
S113C1F002000000E8030000B0FF00003C930300CD
S113C200E80300000900000060C4E036E013F336E0
S113C210801A06000D000000A00F0000320000008C
S113C22088130000B0FF0000382007001027010029
S113C23009000000E048FF3660A14E37801A06006E
S113C2400D000000C800000002000000E803000028
S113C250B0FF000038200700E803010009000000D7
S113C260A0D1E336A0700837801A06000D00000044
S113C270A00F00003200000088130000B0FF00008F
S113C280382007001027010009000000208B0E371A
S113C29020944B37801A06000D000000C8000000EF
S113C2A002000000E8030000B0FF0000382007008F
S113C2B0E80301000A000000C03DDF3640F70937FB
S113C2C0400D03000D000000A00F0000320000002C
S113C2D000000000000000000000000064000000F6
S113C2E0070000009CC300000100000090C3000090
S113C2F00600000048C300000600000000C3000060
S113C300010000000700000020A107000100000058
S113C3100800000020A1070001000000090000003F
S113C32020A10700010000000A00000020A107006E
S113C330010000000B00000020A107000100000024
S113C3400C00000020A1070001000000070000000D
S113C35048E80100010000000800000048E801006E
S113C360010000000900000048E80100010000008D
S113C3700A00000048E80100010000000B00000072
S113C38048E80100010000000C00000048E801003A
S113C390010000000700000090D00300010000002D
S113C3A00700000048E80100010000000800000048
S113C3B048E80100010000000900000048E801000D
S113C3C0010000000A00000048E80100010000002C
S113C3D00B00000048E80100010000000C00000010
S113C3E048E801000000000050C30000A8610000FC
S113C3F0FF83DF1732094ED1E7CD8A91C6D5C4C475
S113C4004021184E5586F4DC8A15A7EC92DF93532D
S113C4103018CA34BFA2C759678FBA0D6DD82D7DA5
S113C420540A57977039D27AEA243385ED9A1DE17C
S113C430FF07BE2E64129DA3CF9B15238DAB898865
S113C4408042309CAB0DE9B9142B4FD925BF26A6E9
S113C450603194697F458EB2CF1F741ADBB05AFAEB
S113C460A814AF2EE073A4F5D448670BDB343BC3A8
S113C470FE0F7C5CC8253B479F362A471B57131188
S113C48000846139561BD37228569FB24B7E4D4CA3
S113C490C06328D2FE8B1D659E3EE835B760B5F5B6
S113C4A050295E5DC0E749EBA890CE17B668778740
S113C4B0FC1EF8B9904A768F3E6C548E36AE262216
S113C4C00108C272AC37A6E450AD3F6496FC9A9959
S113C4D080C651A5FD163ACB3C7DD06B6EC16BEA8C
S113C4E0A052BCBB81CE93D751219C2F6CD0EF00BE
S113C4F0EA0100000000000001000000010000004B
S113C500C0DC033700100000E8030000E80300006B
S113C5100700000000000000080005000100010001
S113C5200100000050C3000050C30000A8610000D7
S113C53005000500000101000000000000000000EB
S113C5401313010000000000C0DC033760630537EB
S113C550E803000064000100000000000100000086
S113C5600000000001000000B80B000005000000FE
S113C570B0FF000100000000000000000000000007
S113C58000000000000000000000000000000000A7
S113C5900000000000000000000000000000000097
S113C5A000000000000080FF000000000000000008
S113C5B07F0080FF00000000010000000000FF0079
S113C5C00000000000000000000000000000000067
S113C5D00000000000000000000000000000000057
S113C5E00000000000000000000000000000000047
S113C5F00000000000000000000000000000000037
S113C6000000000000000000000000000000000026
S113C6100000000000000000000000000000000016
S113C6200000000000000000000000000000000006
S113C63000000000000000000000000000000000F6
S113C64000000000000000000000000000000000E6
S113C65000000000000000000000000000000000D6
S113C66000000000000000000000000000000000C6
S113C67000000000000000000000000000000000B6
S113C68000000000000000000000000000000000A6
S113C6900000000000000000000000000000000096
S113C6A00000000000000000000000000000000086
S113C6B00000000000000000000000000000000076
S113C6C0000000000A00000001000000012345678B
S113C6D089ABCDEFAC670020BCC80000C8CA00001D
S113C6E0B4670020ECC60000FCCA00000000000093
S113C6F0A08601000000000001030801020B0000F5
S113C700000000000000000045810000000000005F
S113C71014C70000010101111100000005020D0100
S113C720030000007F3800000000000030C7000054
S113C73000000000000000000000000000000000F5
S113C74009020000000400050006000700000000C4
S113C75000000000B54600000000000060C70000B3
S113C760000100003C4000200F00FFFF000000001B
S113C770FFFF0000000000000200000000000000B5
S113C7800000003000000000000000000000000075
S113C7900000000000000000000000000000010094
S113C7A0030000000080000000020300B542000006
S113C7B000000000B8C70000600000010000000194
S113C7C00000000000F000000300000000780000FA
S113C7D0010200004545000000000000E0C7000021
S113C7E060000001000000018C680020F4C7000014
S113C7F08CCA000004C80000000000000000000013
S113C80075370000A868002010C80000B0CA0000F6
S113C810FFFFFFFF2840002024C800008C68002090
S113C8200980000000000000000000004400000037
S113C83001000000000000000000000000000000F3
S113C840458100000000000000000000000C090AFF
S113C8500F010101010000000100000000000000C0
S113C860000000008D3B00000000000070C80000C4
S113C8700000000000001040020000000010000052
S113C8800000000010000000F868002025060000E9
S113C8900000000098C800009CC80000B86900208F
S113C8A0A8C800004CCB000001000000157D00006A
S113C8B0000000001C690020030E00003600000088
S113C8C0C8C80000000000000500000000000000CF
S113C8D00000000001000000000000000200000051
S113C8E00000000003000000040000000400000039
S113C8F0040000000A000000040000000B00000017
S113C900040000000C000000040000000D00000002
S113C910040000000E000000040000000F000000EE
S113C92000000104000100000000010401010000F6
S113C93000000104020100000400000003010000E3
S113C94000000000040100000400000005010000D4
S113C95004000000060100000400000007010000BC
S113C96000000100080100000000010509010000A9
S113C970000001050A010000040000000B01000092
S113C980040000000C010000050000000D0100007F
S113C990000000000002000000000000010200008E
S113C9A00500000004020000000000000502000071
S113C9B0040000000602000004000000070200005A
S113C9C00400000008020000040000000C02000043
S113C9D0040000000D02000000000100000300003C
S113C9E000000000010300000040000002030000FA
S113C9F0040000000303000004000000040300001E
S113CA000000010700040000000001070104000009
S113CA1004000000020400000500000003040000FC
S113CA2004000000070400000400000008040000E3
S113CA300400000009040000040000000A040000CF
S113CA40040000000B0400000400000000050000C6
S113CA5004000000010500000400000002050000BD
S113CA60040000000D090000040000000E0900008D
S113CA70040000000F090000050806111E1C1E1A00
S113CA800A100F061213020F00030000317F00008A
S113CA90717F0000877F0000997F0000F97F00000C
S113CAA0FD7F000001800000058000005D7F000024
S113CAB03580000059800000658000006D80000012
S113CAC075800000000000003D8B0000BD8900005F
S113CAD0518B00005D8B0000718A0000B58A000054
S113CAE0C5890000118A0000398A0000598A0000B3
S113CAF0998A0000E1890000F5890000AD8D0000ED
S113CB00D18C0000CD8E00005B8E0000818B000074
S113CB10898B0000958B0000698E000001000000E5
S113CB2024CB000000001040FF0F10400004000060
S113CB3001000000010000003CCB000000000000E8
S113CB40FFFF0100000800000400000045960000FB
S113CB50A997000009980000119700008193000034
S113CB60A594000055930000719300007593000094
S113CB707993000005970000819600007D930000E2
S113CB80C39400009D930000A1930000BF94000093
S113CB90A5930000A993000036E0014038E001406D
S113CBA090E4014032E0014080E4014001000200D1
S113CBB008001000200000004275696C7420776939
S113CBC074682052656E6573617320416476616E8A
S113CBD063656420466C657869626C6520536F6692
S113CBE07477617265205061636B61676520766557
S113CBF07273696F6E20362E322E3000362E322E2E
S10BCC003000000000000206F0
S107CC08F8B5C04671
S107CC0CF8B5C0466D
S107CC1061050000B6
S107CC1431050000E2
S90300C537
