S0190000507269766174654C6F526153616D706C652E7372656360
S1130000884C0020C5000000D1C30000D1C5000009
S1130010D1C50000D1C50000D1C50000D1C5000084
S1130020000000000000000000000000D1C5000036
S1130030D1C5000000000000D1C500007D730000A0
S113004095C1000031AF0000B1AF000095C10000C0
S113005029AC0000B5AB000099AC0000C9AC0000AD
S113006069AF000079B8000009BE0000DDAF0000F0
S11300700000000079B8000000000000000000004B
S10B00800000000001810000F2
S113008801000000B8000000020000009800000011
S1130098004000200040002000001040000002033F
S11300A800400020844000204004000000000103B8
S11300B8A04C0020D85E00200000000310B500F01A
S11300C82FF809F0C9FFFEE7F8B5060000240C274D
S11300D8124D2B68A34204D80024AB68A3420ED85F
S11300E8F8BD3A0062436B689B185A7AB24204D14D
S11300F805CB0021121A0CF085FC0134E8E7EB6803
S113010822019B185A7BB24205D118685A6899682B
S1130118121A0CF0E0FC0134DFE7C0468800000046
S113012873B5344A344B00209A6009F081FF0CF00F
S1130138BDF86B460024DE1D3470012033780CF0C2
S113014805FAEFF31081012585F310882B4B2C4811
S11301589A6802409A609A6881F3108829490A6863
S1130168D207D20F32700A68D207D20F32700A68E7
S1130178D207D20F3270EFF3108185F310888022F2
S11301889868520502439A609B6881F31088280096
S11301980CF0B6F9280009F04BFF41F200011A4BA4
S11301A81A4A9C801A801A4A20009A60194ADA600E
S11301B8194A51849D80FFF787FF0CF063F80CF00F
S11301C8C3F8022009F034FF2800FFF77DFF134D20
S11301D8134BED1AAD10AC4205DB0CF07FF900208F
S11301E80CF0F4F973BD0E4AA3009B181B689847DA
S11301F80134F0E70000000000ED00E0FC6F04406B
S1130208FFFFFFEF00080440000D004000A5FFFFBA
S113021888440020884C0020FE60004084ED0000E3
S107022880ED000061
S1070400FFFFFFFFF8
S1070404DFAFFFFF64
S1130440C84C0020004E0020FF0100000B000000FB
S11304500000000000000000010000000100000096
S1130460FFFF440003EB0000000000000300000055
S1130470EC5C00203840002000000000EC5C002010
S1130480545D0020BC5D002000000000000000005E
S11304900000000000000000000000000000000058
S11304A00000000000000000000000000000000048
S11304B00000000000000000000000000000000038
S10704C00000000034
S11304C844F2840044F28403C2F20000C2F200033E
S11304D810B5834205D040F20003C0F2000303B113
S11304E8984710BD44F2840044F28403C2F2000029
S11304F8C2F200031B1A9A10D90F8918491010B5B3
S113050829B140F20003C0F2000303B1984710BDBB
S113051810B544F6A044C2F20004237873B9FFF777
S1130528CFFF40F20003C0F200032BB140F20840B1
S1130538C0F2000000E000BF0123237010BDC046D4
S113054840F20003C0F2000310B54BB144F6A441D5
S113055840F20840C2F20001C0F2000000E000BF0F
S1130568FFF7C0FF10BDC04610B5094909480AF095
S11305780DF8040020B90100064809F0F1FF040051
S1130588044809F07FFD204343425841C0B210BDDE
S1130598F8E900007C5900200122014B1A707047C9
S11305A8BD4C0020F7B505000E000E480E49019217
S11305B809F0ECFF040060B90C4F320038702900D0
S11305C8019B084809F015FF040010B93B78002B7B
S11305D8FCD0044809F056FD044363425C41E0B290
S11305E8FEBDC0467C5A002040EA0000BC4C0020F6
S11305F8F7B507000E0010481049150009F0C6FFAA
S1130608040078B96B4639000B4801AA09F029FDA2
S1130618040038B9009BAB420CD32A00300001997E
S11306280CF059FA044809F02DFD044363425C4177
S1130638E0B2FEBD0324F5E77C5A002040EA00003E
S113064810B50A490A4809F0A1FF040008B10E28A8
S113065804D10021064809F083FF0400044809F086
S113066811FD204343425841C0B210BD40EA000086
S11306787C5A00200122014B1A707047BC4C0020A0
S11306880022034B9A560AB901321A707047C046C1
S1130698C44C00200022014B1A707047C44C00203F
S11306A8034B00201A780AB1187001307047C0460D
S11306B8F84C0020024B1878431E9841C0B270478A
S11306C8F84C002010B5034B1B689B780BB10CF059
S11306D883F810BD0040002070B52C4B04001B7833
S11306E85BB283B12A4800F0C3FA60B9284800F025
S11306F81BFB050040B1082C05D1254800F0DFFAA2
S11307082000FFF7DFFF70BD2300613B192B06D8DB
S1130718203CE4B221001E4800F017FB30E00A2C0C
S113072806D00D2C1AD0082C23D0202CEBD0F1E7BE
S11307382100174800F009FB2000164CFFF7C2FF00
S11307482378002BDFD0124800F0B9FA104800F0E3
S1130758B6FA0122104B25701A70D4E721000C4810
S113076800F0F3FA2000FFF7ADFF0122094B1A70DD
S1130778C9E7074800F0CFFA28B9054800F09FFAFE
S11307882000FFF79FFF0022024BF0E7C44C002033
S1130798EC4C0020BE4C0020F84C00200320024BF7
S11307A81B6818567047C0460040002010B50A4C14
S11307B82368DB7813B1094807F045FD1422236840
S11307C89988074B4A431B689B18186907F03BFD37
S11307D8044807F038FD10BD00400020F8D200009E
S11307E8C04C0020FBD2000010B50E4B1B685C788F
S11307F8082C16D0DB7813B10B4807F024FD23002E
S113080834B10123042C03D00333072C00D1023B59
S1130818064ADB009B18586807F015FD024807F0E4
S113082812FD10BD00400020F8D200008CD9000051
S113083810B5024807F007FD10BDC046F8D2000005
S113084810B51C00094B1A6070B100290CDD0A00B0
S11308580100074800F001FA064A074BD4801A60E1
S11308680023136000F0A6F810BDC046C04C002059
S1130878EC4C0020C84C0020004000200022024B11
S11308881B681A807047C0460040002083B270B5C8
S11308980400064D012B04D8FFF7F0FF2B68DC7029
S11308A870BD40F200422B681A80F9E7004000202E
S11308B840F20142014B1B681A8070470040002037
S11308C870B5284800F0D4F920B10220264B1B68E3
S11308D8187070BD234800F016FAFFF7E9FF2148A5
S11308E800F019FA040058B91E4800F0CBF91F4B60
S11308F8E3181B785BB283420FD10134042CF3D183
S1130908FFF772FF174800F002FA164800F0ACF936
S11309180020154B1B681856DBE7E4B2124B022C77
S113092804D0032C19D1FFF7A9FFE9E72B2807D036
S11309380C4800F0E2F901000D4800F07CF9DFE70B
S11309481B680848DD880B4B1C6800F0D6F92900A1
S11309580200200000F0C0F8D2E700221B681A70D9
S1130968CEE7C046EC4C002000400020BCD9000073
S1130978ACD90000C04C0020014B1B6818707047AC
S113098800400020014B1B68187870470040002085
S1130998014B1B685870704700400020014B1B68CE
S11309A89880704700400020014B1B689888704766
S11309B80040002010B5054B186800F0DEF9142239
S11309C80349044800F052FA10BDC0460440002010
S11309D8F94C0020104D002010B5024B186800F0A7
S11309E8FEF910BD04400020002370B50360013BEC
S11309F80B80074B050018680C0000F0C9F930B1EA
S1130A0843682B600822835E238000F017FA70BDC8
S1130A180440002010B5044B186800F0B9F900B977
S1130A2810BD00F00BFAF6E704400020C0B2030042
S1130A38303BDBB2092B01D858B270470300413B65
S1130A48052B02D8373840B2F7E701204042F4E7D3
S1130A58002310B5C2560AB918B210BD5C1C8A42EC
S1130A68FAD02300F6E70000F7B5002204000300DB
S1130A780191009200269E578EB9009B9E420CDA83
S1130A8820000199FFF7E4FF124F051E13DC3868B4
S1130A9800F0A5F908B1FFF7BDFF0020FEBD019ADB
S1130AA8964202D001229A561AB9009A013252B2D9
S1130AB800920133DEE70023235400F099F901364C
S1130AC80581446001000135386800F079F964193A
S1130AD876B2D2E704400020F0B5050085B00120C5
S1130AE816000391FFF748FF0420FFF751FF002386
S1130AF80193019B039A934201DB05B0F0BDAC89D5
S1130B08002C3DD02200310028690BF083FF0290AD
S1130B1838BB6B46002798883419FFF73FFFE7571F
S1130B283D2F07D03F2F31D0002F43D00220FFF7AD
S1130B3823FF16E00123E3569BB12C21601CFFF729
S1130B4893FF0520FFF718FF2B6843B1300098473F
S1130B5804000298FFF710FF2000FFF719FFFFF7C2
S1130B6859FFFFF70FFF0028C7D0FFF70BFF052831
S1130B78C3D0FFF707FF022802D10138FFF7FCFEB4
S1130B88019B143501331BB20193B2E7647864B254
S1130B98002CE6D10520FFF7EFFE6B68002BE0D0B0
S1130BA83000984707002000FFF7E6FE3800FFF7FB
S1130BB8EFFED6E70520FFF7DFFEAB68002BD0D0A9
S1130BC83000984704003800FFF7D6FE2000EEE70F
S1130BD8C3B21A00303A0120092A06D90020052296
S1130BE8413BDBB29A424041C0B2704770B5050040
S1130BF80E0000242B5720B203B970BDB342FCD0B9
S1130C081800FFF7E5FF01340028F3D1092040421A
S1130C18F3E710B50400FFF7E9FF012804D1002029
S1130C282056FFF703FF10BD431C01DA40B2FAE770
S1130C3801204042F7E710B504000023E3564BB106
S1130C4800228A569A4206D1481C0021FFF7E1FF88
S1130C586368984710BD0834EFE720B10023828009
S1130C680360C3808160704708B100230360704744
S1130C78030000202BB1062018560138434258417E
S1130C88C0B2704770B50500C0B10023C45E02222B
S1130C98835E0020A34211D02800FFF7E9FF042156
S1130CA86B5E013494FBF3F102004B43A968E31A29
S1130CB8C85CCC181BB202B922702B8070BD70B509
S1130CC80400C8B10223C55E0022835E0020AB4243
S1130CD812D02000FFF7CCFF0300002063B9A268FC
S1130CE8505D53550222A35E0421625E013B93FBCF
S1130CF8F2F14A439B1A638070BD18B10022835EE7
S1130D088068C018704708B101238371704708B11F
S1130D180023837170470022835E0222805E181AC2
S1130D2843425841C0B270470222835E0421425EA6
S1130D38013393FBF2F14A439B1A0022805E1BB2F3
S1130D48C01A43425841C0B2704770B504000D0040
S1130D5890B1FFF7E9FF78B92000FFF789FF58B988
S1130D680222A35E0421625E013393FBF2F14A433B
S1130D789B1AA2686380D55470BD00230360704732
S1130D88006820B1030000680028FBD118007047F0
S1130D980300006808B102681A60704703682BB141
S1130DA88B4204D10B68036000230B6070471A0060
S1130DB81B68002BFAD09942F9D10B681360F3E74A
S1130DC870B505000C00FFF7E9FF00232800236035
S1130DD8FFF7D6FF08B92C6070BD0460FCE7036810
S1130DE8002003B9704701301B6800B2F9E700001E
S1130DF8F0B5104B1B785BB21800B3B100200E4A53
S1130E080823D15E814210DD55680A23D65E2B0083
S1130E1810685C1B24B2A64207DD0027DF575C1C60
S1130E2827B90139118101221A70F0BD23000C3051
S1130E38EFE7C046104E0020044E002010B570B1F4
S1130E48094A0A23D45E002311689C4207DD8142C3
S1130E5806D111890131118100215268D15410BD84
S1130E6801331BB20C31F0E7044E0020002310B507
S1130E78074CE35653B9002A08DD38B131B1054BA4
S1130E88186059601A815A810123237010BDC04625
S1130E98104E0020044E002010B506F0B3FB10BD20
S1130EA837B506AC2478079D0094019506F0B0FB8D
S1130EB837BD10B506F0B4FB10BD10B506F0C6FB7F
S1130EC810BD00000022054B10B5040000681A701C
S1130ED807F0FCF8206007F0BBF810BD184E00209E
S1130EE80023036043600372C1600361704700001C
S1130EF870B5124C236843B1002201251A601A7296
S1130F080023206858B903B1206070BDC1682B0064
S1130F18026911B122608847F2E71000F2E702681B
S1130F28002AF3D03BB9037A002BEED101230372D4
S1130F38FFF7C8FFE9E72060F5E7C046144E002034
S1130F48F7B52F4D040001A806F0F8F92A78531CC8
S1130F58DBB22B700AB906F013FA2A4E01A806F080
S1130F68F2F9336803B16CB901A806F0E7F92B78F4
S1130F78013BDBB22B700BB906F016FA01A806F098
S1130F88E2F9F7BDA3422ED1237A13B307F082F80E
S1130F982768002433688C4619691C72A9B13A0081
S1130FA8316023003E002700644502D1824200D903
S1130FB80600921BBB4116000B6808009B190B60C6
S1130FC801230B72FFF77EFFCEE7316006F07AFE4D
S1130FD8CAE723692BB1216833601A6852181A606A
S1130FE8C2E73360C0E71A001B69002BBCD09C42DF
S1130FF8F9D1236921681361002BEED1B4E7C04607
S11310084C550020144E0020054B1B680BB91800E2
S11310187047834201D01B69F8E70120F8E7C0460E
S1131028144E0020F0B587B0040005A806F086F930
S113103840490A78531CDBB20B700AB906F0A0F9D0
S113104805A806F080F924B12000FFF7DDFF009021
S113105878B105A806F072F9364A1378013BDBB279
S113106813700BB906F0A0F905A806F06CF907B0DF
S1131078F0BD6368304D23602968009B237239B939
S113108821610123200023722C60FFF71BFFE0E796
S1131098087AF0B106F0FEFF2B68009F1E683B003B
S11310A83200B94202D1864200D90200B61A9F41E1
S11310B800960197019B26682F6813B9009BB342D9
S11310C80BD927B1009B9E1B00233E603B7227610E
S11310D8D7E70B6801900093ECE73D692DB9009BB5
S11310E8F61A26603C612561B3E728680199009ADD
S11310F8019B8018594109B9864208D2009B009A7D
S1131108F31A23602B689B189B1B2B60EAE72B6957
S113111823B9361A26602C6123619AE71A682F00CE
S11311280292002203921D00029A039B00900191EF
S1131138DFE7C0464C550020144E002070B50D0062
S11311480400FFF7FDFE2560656070BD10B506F06C
S1131158A1FE10BD10B544781CB90134447006F0E2
S1131168EBFF10BD10B506F0F1FF10BD10B507F088
S11311780BF810BD154B00B5185C0A2823D80BF0E2
S113118827FA1E161612060D22221A16120000201D
S113119801230B398B424041C0B203E00C394B4266
S11311A85941C8B200BD002002230A39F2E70020E1
S11311B803230939EEE7002004230839EAE700206D
S11311C805230739E6E70020ECE7C0467CDA00008F
S11311D8014B18887047C046464F002010B5024B93
S11311E8987A01F019FC10BD484F0020002010B572
S11311F801F012FC034B1B6813B15B6803B19847F9
S113120810BDC046404F0020002010B501F004FC7A
S1131218034B1B6813B1DB6803B1984710BDC04684
S1131228404F002010B501F093F803000020082B6C
S113123801D8014AD05C10BDCBD9000010B5054BCC
S113124804005B7B0BB101F08DFF200001F0CAF9AB
S113125810BDC046484F002010B506F023FC10BD51
S113126810B506F0C3FB10BD10B5044B5A7B01231F
S113127812B101F005FF0300180010BD484F00200B
S113128810B5042001F014FC0220FFF705FE10BD80
S113129810B5002001F00CFC0220FFF7FDFD10BD85
S11312A810B501F0EBFC10BD012310B511B106F027
S11312B8A7FB0023180010BD012310B511B106F0D7
S11312C847FB0023180010BD40F28010002310B51E
S11312D81A00010001F053F901F0EAFC10BD000006
S11312E870B540F2E8360E4B05005B7B0C005643A4
S11312F883B9280001F076F9200006F073FC01F0A8
S1131308E5FC31000748FFF719FF0648FFF78AFE96
S1131318002070BDC0B202F091F90028E9D0F8E7C6
S1131328484F0020304E002010B501F095FA10BD4A
S113133810B506F063FC0D23012800D00A3B180001
S113134810BD000010B572B6BFF34F8FBFF36F8F97
S113135806F004F90122044B1A7062B6BFF34F8FEA
S1131368BFF36F8F10BDC046584F0020F0B585B04D
S113137872B6BFF34F8FBFF36F8F0022654E337879
S11313883270DBB262B6BFF34F8FBFF36F8F002B9F
S113139800D19FE001F003F904004FF6FF7001F05B
S11313A832FB72B6BFF34F8FBFF36F8F06F074FC36
S11313B80500012802D106F0D1F8357062B6BFF3F2
S11313C84F8FBFF36F8F4023012523400193019A68
S11313D8514B1A802C420BD05048FFF7B1FD28001E
S11313E800F0BCFF4E4B1B6813B11B6803B1984750
S11313F802252C4244D04B4B1F78A7B94A48FFF723
S11314089FFD012000F0AAFF390040F6021006F003
S1131418EDFA40F6441006F045FB0543E9B240F600
S1131428441006F0E3FA02ABDF1DFF2239003F48FF
S113143801F048FA3E4801F059FA019B13B13D4BBB
S11314481B7A7BB1364B1B6863B19D6855B1384A2A
S113145839781378002B41D10823D3560620125E1D
S11314683248A8472F4B1B7853B100F071FF052869
S113147806D1304B587A002835D0002001F0E0FB23
S1131488019B2BB1264B1B6813B11B6903B1984709
S113149823060AD5012000F061FF214B1B6823B104
S11314A89B6913B1E005C00F9847A4050FD500F058
S11314B84FFF04281AD11948FFF742FD012000F014
S11314C84DFF174B1B6813B15B6803B198470023A2
S11314D8114A13803078C0B205B0F0BD1223D35638
S11314E81020125EBCE701F059FBC9E700F030FF99
S11314F80528ECD10B4B1B782BB90B48FFF720FDC3
S1131508012000F02BFF064B1B68002BDFD0DB68A3
S1131518DBE7C046584F0020464F0020304E0020DD
S1131528404F0020745000201C4E0020594F0020CA
S113153858500020484F002070B50F4B06005B7BC5
S11315480C00150093B9300001F04CF8200006F0A7
S113155849FB01F0C9FB40F2E83108486943FFF749
S1131568EDFD0648FFF75EFD002070BDC0B202F035
S113157863F80028E7D0F8E7484F0020304E0020F1
S113158810B500F0B3FF10BD02001F205AB10123AB
S113159808490868824207D98868824204D8054AFB
S11315A8DB009B181879704701330831172BF0D1E9
S11315B81F20F8E788DA000010B50A4B012807D184
S11315C8094AC73311700948197001F0D9F810BDD8
S11315D81A00BF321278002AF9D1034AC0331170B5
S11315E8F1E7C046444E002008400020FC4E00208D
S11315F870B5164B05005B7B0C0001201BB128005D
S113160801F05CFFF8B9F5B1002340F201211A009A
S1131618080000F0B4FF01F019F80D4B012813D1AC
S1131628C7331C700B4801F0ABF8002221002800D6
S113163801F0ACFA084B09481968FFF77FFD074821
S1131648FFF7F0FC002070BDC033EAE7484F0020E4
S1131658444E0020FC4E00207C500020304E0020D8
S1131668002340F2422110B504001A00080000F0DB
S113167886FF34B10A482100FFF760FD0848FFF7E8
S1131688D1FC084B1B7833B1402000F06FFF0020D9
S113169801F0D6FA10BD044B18688001F8E7C0467B
S11316A81C4E0020745000207850002070B5164D50
S11316B804006B7B33B96A7A4AB12000FFF7D0FF84
S11316C8002003E001F0AAFF0028F4D070BD40F226
S11316D842211300080000F052FF34B10B482100E6
S11316E8FFF72CFD0948FFF79DFC094B1B7833B124
S11316F8402000F03BFF002001F050FAE0E7054BE2
S113170818688001F8E7C046484F00201C4E0020A6
S11317187450002078500020F7B507000C0000250D
S1131728C9B3364E01A805F009FE3278531CDBB262
S113173833700AB905F024FE01A805F004FE092F48
S113174836D838000AF044FF050A292D31393F43B9
S1131758475322782A4B1A7001250FE016250422D4
S1131768210001A80BF0B7F9019A264B1968914298
S113177841D0013DADB20833002DF7D101A805F0E1
S1131788DDFD3378013BDBB233700BB905F00CFE99
S113179801A805F0D8FD2800FEBD2278184B1A725E
S11317A8DAE72278164B5A72D6E723782F2B01D919
S11317B80025E3E7124AD372CEE723782F2BF7D814
S11317C80F4A1373C8E722780D4B5A73C4E722787B
S11317D80B4B9A72C0E70A4D23784FF6FF70AF7B24
S11317E8AB7301F0B3FA0028B6D1AF73E0E72278FF
S11317F8034BDA73B0E7024B5A60ADE74C5500204F
S1131808484F002088DA0000F7B507000C000026CE
S113181879B3254D01A805F091FD2A78531CDBB254
S11318282B700AB905F0ACFD01A805F08CFD002663
S1131838092F11D838000AF0CBFE05091E212427E8
S11318482A2D3033194B1B78237004E0042220001E
S113185817490BF040F9012601A805F06FFD2B7814
S1131868013BDBB22B700BB905F09EFD01A805F016
S11318786AFD3000FEBD0D4B1B7AE5E70B4B5B7A26
S1131888E2E70A4BDB7ADFE7084B1B7BDCE7074B15
S11318985B7BD9E7054B9B7AD6E7044B9B7BD3E765
S11318A8024BDB7BD0E7C0464C550020484F002054
S11318B84C4F002010B500F04BFD082806D100223B
S11318C8054B5A701A7001F01DFA10BD0028FCD19E
S11318D801F0A2F8F9E7C046444F002010B504000F
S11318E80B4B1870587000F015F854B1342140F2BD
S11318F8407006F07BF8442140F2417006F076F817
S113190810BD142140F2407006F070F82421F3E76A
S1131918444F0020012010B500F08AFE044B1878CB
S11319285A78824202D05870FFF7D8FF10BDC046DB
S1131938444F002010B5012806D0002000F078FE9E
S11319480022034B5A7010BDFFF7E4FFFBE7C046C3
S1131958444F0020F0B50600492095B010931AAB07
S1131968150004CB0C911B8821A90B931CAB1F8871
S11319781DAB1B7809780D931EAB1B780E931FAB18
S11319881B780F9320AB1B789C4608ABC018C07F0C
S113199811904D20C018C47F7B48407BA8B1119B8F
S11319A807910893634606930F9B009205930E9B39
S11319B82A0004930D9B0C9903930B9B30B201935B
S11319C80994109B029701F0D5FB704B1C7063427D
S11319D85C410D9B644227400BB9FF330E936C4B5B
S11319E80E9A1A7026B1012E5ED0002015B0F0BDF3
S11319F8684C300000F018FD2300E8331E70230003
S1131A08EC331D6023000B22F4330C981A70FFF793
S1131A18BBFD2300F53318702300B8331E700B9BED
S1131A280D99DA002300BA331A80230041F6040220
S1131A38BC331A802300BE3322001E700123BF3238
S1131A485940117022005249C032097811700F9A16
S1131A5802B1F1332200C132137023000122C233D0
S1131A68E8341A70FFF7BAFB2078431E9841C0B2D5
S1131A78FFF760FF200000F03FFE474800F080FEBB
S1131A880822464912A80BF026F812A800F087FC91
S1131A9840F2FF1000F0ACFC41F640737B43B3FB0B
S1131AA8F5F33F4A1360A0E73A4C002000F0BCFC71
S1131AB82300E8331E702300EEB2F8330C9A1E702C
S1131AC8384B29009B5C1000053E0E93FFF752FB30
S1131AD8012E07D86B460B9A9B8D0C2A00D20C2337
S1131AE89BB20B9323000E9AF9331A702300109AB1
S1131AF8FA331A7023002500FB3318700123B83514
S1131B082B7023000B9AC4331A8023000D9AC63312
S1131B181A7023001E4AC733127826001A7023004D
S1131B280F9AC8331A70119BE834C9363370FFF71B
S1131B3855FB2078431E9841C0B2FFF7FBFE2000F6
S1131B4800F0DAFD280000F01BFEF8B200F075FC86
S1131B583378042440F23670012B10D105F0A2FF2B
S1131B68A043C1B240F2367005F040FF7B427B418E
S1131B780D4A5B4213404FF6FF729B1891E705F03C
S1131B8891FF0443E1B2EDE7484F00207450002070
S1131B9808400020444E0020FC4E0020D0DB00000A
S1131BA8785000207CDA00000100FFFFF0B595B002
S1131BB80B931AAB20CB0E911B7821A910931CAB65
S1131BC81F881DAB1B7809780C931EAB1B781191E9
S1131BD86C490F920D93497B1FAB20AA06001B7812
S1131BE8127899B105930D9B229904930C9B089143
S1131BF803931199109B0791069201930F9A0B9BDB
S1131C080E9900B20297009501F0DCFA4EB1012E4C
S1131C1857D040F6890005F045FF04210143C9B2B5
S1131C28A3E0594C0B222300E8331E702300EC3345
S1131C381D6023000B98F4331A70FFF7A5FC2300EA
S1131C48F533187023000F9AF0331A602300B83361
S1131C581E702300FF00BA331F80230041F60402DC
S1131C68BC331A802300BE3322001E7001230C9952
S1131C78BF32594011700D9A02B1F1332200C132BA
S1131C88137023000122C233E8341A70FFF7A6FA4E
S1131C982078431E9841C0B2FFF74CFE200000F0A4
S1131CA82BFD3A4800F06CFD0822394912A80AF0C5
S1131CB812FF12A800F073FB40F2FF1000F098FB2B
S1131CC8A7E7314C0B9A2300E8331E702300EEB2C9
S1131CD8F8331E702F4B29009B5C1000053E0F93B0
S1131CE8FFF748FA012E04D83B1C0C2F00D20C2312
S1131CF89FB225000F9BF9352B702300109AFA33F5
S1131D081A7023002600FB3318700123B836337089
S1131D182300C4331F8023000C9AC6331A7023008F
S1131D281D4AC73312781A7023000D9AC8331A70E3
S1131D382300119AC933E8341A70FFF74FFA207850
S1131D48431E9841C0B2FFF7F5FD200000F0D4FC13
S1131D58300000F015FD2B78062B00D059E740F62B
S1131D68890005F09FFEFB21014040F6890005F03B
S1131D783DFE0E9805F036FF0020084B229A1A60A3
S1131D8815B0F0BD484F0020444E0020FC4E002002
S1131D98D0DB00007CDA0000084000207C500020E2
S1131DA810B5FFF7B7FD00231A001900180000F05A
S1131DB8E6FB00F011FF10BDF0B587B000250591D2
S1131DC802920493322B5DD84E4B4F4C1B782A0059
S1131DD803932300F933290028001E782B0000F010
S1131DE8CEFB00F033FC494F0190012851D17D68A6
S1131DF83DB92B004649DA0052181168B14244D162
S1131E0855680026FFF7EAF90020FFF793FD414BD8
S1131E1828001E70FFF7B8FB2300F53318703D48FF
S1131E2800F06AFC2000B830067000F0A9FC0598A0
S1131E38FFF704FA384800F0B1FE06F048F9050047
S1131E48280006F048F90028FAD000F005FD029BA6
S1131E5898422EDB0025FFF7C1F9019B012B43D1E2
S1131E68FFF758FD23002000039AF5331A70019BED
S1131E78E830037000F040FC2000019BB830037088
S1131E8800F07EFC280007B0F0BD01330A2BB1D165
S1131E98B7E7FFF7A3F978680028C8D02600E83622
S1131EA83570FFF771FB174B1870300000F024FCF5
S1131EB8BDE740F2E835049B5D4306F008F90600E7
S1131EC800F0CAFC029B9842C4DA300006F003F919
S1131ED8ABB29842F4D300F0BFFC029B01258342C5
S1131EE800DC0025EDB2B6E77B68002BCAD02300DE
S1131EF8039A2000F5331A700023E830037000F0C9
S1131F08FBFBBFE7394F0020444E0020484F002018
S1131F182CDA00002C4F0020FFFFFF00F0B5514CD5
S1131F2887B0260005900391F53633780293230091
S1131F38F9331B780493322900D991E000231A005D
S1131F481900180000F01BFB00F080FB464F0190BD
S1131F58012864D17D6845B92B004449DA00521838
S1131F6811680498814256D155680026FFF736F95E
S1131F780020FFF7DFFC3E4B28001E70FFF704FB30
S1131F882300F53318703A4800F0B6FB2000B83047
S1131F98067000F0F5FB0598FFF750F97B7A354891
S1131FA8002B4CD000F04CFE40F2E836039B5E4315
S1131FB806F08DF80500280006F08DF80028FAD000
S1131FC806F085F82C4D039000F046FC2B1C854246
S1131FD800DA031C03981DB206F07DF8B3B29842E8
S1131FE8F2D3FFF7FBF8019B012B2BD1FFF792FCEF
S1131FF823002000029AF5331A70019BE83003701D
S113200800F07AFB2000019BB830037000F0B8FBA5
S1132018280007B0F0BD01330A2B9ED1A5E7FFF7CE
S1132028DDF878680028B6D025000023E8352B7041
S1132038FFF7AAFA3070280000F05EFBABE700F067
S1132048ADFDB1E77B68002BE2D02300029A2000A3
S1132058F5331A700023E830037000F04DFBD7E71E
S1132068054DD5E7444E0020484F00202CDA0000E7
S11320782C4F0020FFFFFF000080FFFFF0B585B064
S113208815000AAA17880BAA019111780CAA1478CA
S11320980DAA127848B1012814D00125002040194E
S11320A80138B0FBF5F005B0F0BD012340F2E8308B
S11320B84B40FB185200DB0012191833D2009B184E
S11320C85843ECE7043302936B1F012B04D83B1CE1
S11320D80C2F00D20C239FB21201E400A4184A4228
S11320E851411423AE0049420B40A41BE418AB1E13
S11320F80393062D07D9290001980834FFF73AF805
S113210808B1AB1E9E00E343DB171C40A419013C35
S113211894FBF6F6029B7343DA1913000E33062D6B
S113212800D9023B084A0199525C0A2A0AD8039941
S11321389B0001338B4040F2E8305843034B920034
S1132148D558ACE7FFDEC0467CDA0000D4D90000DD
S113215830B585B00400092240F29F2001A905F09A
S11321684FFC6B461D79002301A8AB4214D1032B05
S113217810D869465A1C0A716A465B00210A05325E
S1132188D1546A460632D45440F29F20092201A948
S113219805F0DEFB05B030BD0100427889781202F3
S11321A8521802309442F5D00133DBB2DDE7000067
S11321B8030000200A2B01D8014AD05C7047C046AE
S11321C8C0D90000F0B504000E0085B018B3002093
S11321D8012C51D1294D2B00F9331878FFF7E8FF6A
S11321E801002800C83000782B002A00471EB84197
S11321F8FA33F8321B781278039028000296C63016
S11322080078C435461EB04101902888009020000B
S1132218FFF734FF30E0194B1A00EC3215681A0046
S1132228C13212780296013A511E8A4103921A0069
S1132238BF321278BA3351424A4101921B882A00AC
S1132248DB08009301000300FFF718FF41F657323B
S1132258012395420FD840F6B732DB1895420AD8C5
S113226840F2CF720133954205D840F2E732043385
S1132278954200D9023B181805B0F0BD444E002021
S113228810B5074C1022002120000AF0BBFB05F012
S1132298B5FC10B91323E372237300F043FD10BD9A
S11322A8484F002010B50024214B1860214B2248C8
S11322B85C701C7000F0D6FB200000F0ADFB012020
S11322C800F0E7F82100200000F0ACFA2000042117
S11322D800F0C2F94FF6FF7123002200080000F055
S11322E84EF940F6AC00FFF733FF40F68900FFF7DC
S11322F82FFFFFF7C5FF1148FEF722FE1048FEF72F
S11323081FFE10490D48FEF7EBFD0F490C48FEF778
S1132318E7FD0E4B1C7000F043FB80B2033400B998
S113232804004FF6FF7000F011FD200010BDC046F8
S1132338404F0020444F00204D130000304E002031
S11323481C4E0020F511000011120000584F002007
S1132358014B18787047C04609400020014B18709B
S11323687047C0460940002010B5084B1A78082A5F
S113237808D840F24113D340DB0703D505F01CFA13
S113238805F042FC05F00EFA10BDC04609400020D5
S113239810B50A000100002005F08EFB10BD10B531
S11323A8010040F2C060082205F0D2FA002010BDF6
S11323B807B5064B01A91B7840BA088023B9022245
S11323C840F2BC6005F0C4FA07BDC0468D50002039
S11323D807B5064B01A91B7840BA088023B9022225
S11323E840F2BE6005F0B4FA07BDC0468D50002027
S11323F810B50C4B04001B789BB940F2B86005F08B
S113240851FB01220100230A91431340C9B240F24F
S1132418B860194305F0EAFA40F2B960E1B205F090
S1132428E5FA10BD8D50002007B56B46D91D08701C
S113243801229F2005F0F8F907BD73B5031C0400B9
S1132448F82804D94DF6D833C0F200031B780133B9
S1132458DBB25B100025DEB21F2B02DD0336B608A3
S1132468013532006B0001339A4013006A46D37178
S11324786B460122A020D91D05F0D6F944B16B465C
S1132488F600A919C9B240F20670D97105F0AEFA7E
S113249873BD07B56B46D91D08700122962005F057
S11324A8C3F907BD07B56A46031CD11D58069A0629
S11324B8C00FD20F520180011043DA07D20F104324
S11324C8DA06D20F120110431A07D20FD2001043B2
S11324D85A07D20F9B079200DB0F10435B00184387
S11324E808700122892005F09FF907BD07B5104B34
S11324F801A9984206D90F4B0B800222982005F0B7
S113250893F907BD0C4B984201D90C4BF4E70C4BDB
S1132518984201D90B4BEFE70B4B984201D90B4B6F
S1132528EAE70B4B9842E8D946F66B73E4E7C046F2
S113253800E9A435E1E9FFFF80F8A932D7DBFFFF02
S11325488044E52DC1C5FFFF000B6B1B7581FFFFA0
S113255840FC541913B501AC20706170A2702100BD
S113256804229520E37005F05FF913BD07B56B46A7
S1132578D91D08700122932005F056F907BD13B53B
S11325886C4652BAA280082240BA49BA20806180B7
S11325985BBA69461000E38005F046F913BD13B52C
S11325A801AC02222100122005F086F9208840BAE5
S11325B880B216BD07B56B46D91D087001229D204F
S11325C805F032F907BD07B50B00072201A9104031
S11325D81A0C08704A705BBA042297204B8005F0E5
S11325E823F907BD37B5104B104D18602B7804003C
S11325F81BB9FFF77BFF01232B7043F60951B4FB8A
S1132608F1F20B0041F684605343E31A9B031B1851
S1132618B3FBF1F392039B181BBA0422862001A989
S1132628019305F001F937BD845000208050002043
S113263807B56B46D91D044B0870187001228A200F
S113264805F0F2F807BDC0468D500020014B1878FC
S11326587047C0468D50002037B504000D0005F0C2
S1132668C7FA0200012826D1030000210F2C08D143
S11326780620FFF76FFF231C5AB20E2A0CDD0E2327
S11326880AE00420FFF766FF231C1134F4DA4DF640
S1132698D933C0F200031B7818215CB240F6E70076
S11326A805F0A4F96B4602228E2001A95D711C7104
S11326B805F0BAF837BD40F6D80005F0F3F91E2145
S11326C80143C9B240F6D80005F090F9012300226D
S11326D807210420FFF73EFF231C093407DA4DF6CF
S11326E8DA33C0F200031B7838215CB2D6E75AB259
S11326F8162AF9DD1623F7E713B50400082200218A
S113270868460AF07FF91C4B20781B78834201D075
S1132718FFF78EFF237813B1012B28D013BD62680D
S1132728164B6946B3FBF2F343F609501A0C0A70C8
S11327381A0A4A708B70237BA268CB70637B0B7177
S1132748B2FBF0F103004B43D31A41F684629B03B6
S11327589B18B3FBF0F389035B1869461A0C4A719A
S113276808225BBACB808B2005F05EF8D6E7236994
S1132778042269460093F6E78D5000200000093DC5
S113278830B5040085B001AD0922002128000AF003
S113279839F9224B20781B78834201D0FFF748FF90
S11327A823781BB1012B2BD005B030BD637AF12BF4
S11327B81AD14FF6FF70FFF7FBFD48F20500FFF74B
S11327C807FE02236288A18852BA2A80227A698085
S11327D8AA710922E188EB71A980A37A2B722900D6
S11327E88C2005F021F8DFE7F22BEBD141F60F50EE
S11327F8FFF7DEFD41F22100FFF7EAFD0623E1E7DA
S1132808A389074A5BBA2B80A37B1370AB70E37B65
S11328180622EB70238AAB80E1E7C0468D50002086
S11328288C50002007B56B461871597102228F200D
S113283801A904F0F9FF07BD002110B50A00C02062
S113284805F03AF80721021143100A400B4012011F
S11328585800104310BD000013B501AC012221003B
S1132868152005F029F8064B22781B7852085BB22C
S11328789B1A181C803301DA4FF6807000B216BD1B
S1132888484F002037B505000C000222132001A987
S113289805F012F8094B1B78012B0CD1084B1B7857
S11328A8012B08D140F2027005F0FCF86B46287041
S11328B85B79237037BD6B461879F7E78D50002094
S11328C88C500020F7B56B460C00DF1D050039005D
S11328D820001600FFF7D6FF22780120B24204D860
S11328E83878290005F030F90020FEBD37B504001A
S11328F801AD03222900142004F0DEFF254B1B78C8
S113290823704BB1012B24D01B220021601C0AF038
S113291879F80F2323701BE000222B7823711E4BB8
S11329289A566B7892B25B08D31A191C1BB280337F
S113293801DA4FF680712181AB785B08D31A1A1C2F
S11329481BB2803301DA4FF680720023E280E36021
S113295837BD0022104B9A562B7892B25B08D31AD3
S1132968191C1BB2803301DA4FF6807101232182CE
S1132978EB5602339B10A374AB785B08D31A1A1C6A
S11329881BB2803301DA4FF68072044BA2821B68B3
S1132998A361DDE78D500020484F002088500020B7
S11329A8002313B501AC210002221720238004F070
S11329B883FF012362785110100019409940184090
S11329C808439110194089000843D1101940C900DF
S11329D80843111119400901084351111940921172
S11329E849011A40084392011043227813401B02FC
S11329F8184316BD002307B5022201A907200B803E
S1132A0804F012FF07BD07B5022201A940BA0880E5
S1132A18100004F009FF07BD07B56B46D8710E48CE
S1132A28FEF78EFA0D48FEF78BFA6B460122D91D84
S1132A38802004F0F9FE6B46DA79094B4AB9013271
S1132A4820201A70FFF792FD4FF6FF70FFF7DBFFA7
S1132A5807BD02221A70F7E7304E00201C4E0020F2
S1132A680940002010B5040004F086FE200004F09C
S1132A7863FE04F0A1FE0020FFF7CEFF04F06AFE17
S1132A8805F0C2F80120FFF795FD0122044B1A70E6
S1132A980023044A1370044A1370044A136010BDD7
S1132AA8094000208D5000208050002084500020D0
S1132AB813B5041CFFF7C0FE60230340202B02D08B
S1132AC80020FFF7A9FF05F0DFF86B46A207D91D20
S1132AD86307DB0FD20F52009B001343E207D20FA8
S1132AE81343842001220B7004F09EFE04210B0082
S1132AF8074A2340214202D00023137013BD082142
S1132B081170044A1370044A1360044AF5E7C04676
S1132B180940002080500020845000208D5000205F
S1132B2837B505F06BF888B96B460122D91D80309A
S1132B380A70074D04F078FE064B40F61110E97A46
S1132B485C6CA04740F61210297BA04737BDC046ED
S1132B58484F002040DB000013B504220400094B51
S1132B6809481A70FEF7ECF9FFF7DAFF01A9230CFC
S1132B780B700322230A83204B708C7004F054FEDC
S1132B8813BDC046094000201C4E002010B5140097
S1132B98FFF7FEFB2000FFF7DFFF10BD052213B58A
S1132BA804000B4B0B481A70FEF7CAF9942140F63F
S1132BB8AC0004F01BFFFFF7B3FF01A9230C0B7053
S1132BC80322230A82204B708C7004F02DFE13BD5F
S1132BD809400020304E0020F0B540F6E2060027F8
S1132BE885B03000039704F05DFFFE2140F6E5054B
S1132BF801400400300004F0F9FE280004F052FFFC
S1132C087F2101900140280004F0F0FE0B48FFF7F3
S1132C18C5FF042203A940F6190004F0F1FE3800A8
S1132C28FFF7FAFE2100300004F0E0FE28000199C5
S1132C3804F0DCFE039805B0F0BDC046FFFFFF00BA
S1132C48052213B504000B4B0B481A70FEF778F9EC
S1132C58962140F6AC0004F0C9FEFFF761FF01A914
S1132C68230C0B700322230A82204B708C7004F00F
S1132C78DBFD13BD09400020304E002037B50500A8
S1132C880C00FFF74DFF6A462B0C13702B0A537088
S1132C98230C64BA9570D3709480694606229420F4
S1132CA804F0C2FD0622014B1A7037BD094000200A
S1132CB810B5FFF735FF0022C520110004F0B4FD5C
S1132CC80722014B1A7010BD0940002010B5FFF708
S1132CD827FF0022D120110004F0A6FD0422014B95
S1132CE81A7010BD0940002010B5FFF719FF002223
S1132CF8D220110004F098FD0422014B1A7010BD73
S1132D080940002010B50120FFF754FC04F022FD0F
S1132D180120FFF7BEFB0122014B1A7010BDC0460B
S1132D2809400020024B1B780BB9024AD381704733
S1132D388E500020484F0020030000200A2B04D89E
S1132D4840F27D60D840012318407047F7B5294BFD
S1132D5805009E7B3000FFF7EFFF0190002846D066
S1132D680027254C1422390024482770676009F08D
S1132D7849FE18223900224809F044FE2148037804
S1132D8823B1230046331B78B34230D023004633A3
S1132D9800221E700023A263E3630023A11D220006
S1132DA8CB8780214732117022004832137040F2D9
S1132DB8013C1A00144923640F78B7420ED1012745
S1132DC83D420BD00B2A08D8104FD300D951DB1938
S1132DD8674601329F80019BD2B26D080C4F2C319B
S1132DE8B942E9D10BB14834227001230370019828
S1132DF8FEBDC046484F0020905000209850002047
S1132E08AC5000208E500020DCDB0000E050002095
S1132E18D8E000004A425141094A4942114042F26D
S1132E28107289180300C8430A2B07D8054AD35CD3
S1132E38054A9B009B58C81803B9C8437047C04645
S1132E48F0D8FFFF7CDA000000DA000010B50400B7
S1132E5808002CB1012C09D12100FFF7DBFF10BDBC
S1132E68500042F210729B18C018F8E70120404243
S1132E78F5E70000F7B51B4ACE00B2181279030033
S1132E880120D2B100229C5EDD68844216D1002163
S1132E989868FFF7BFFF134B134A9B5940F20C0C79
S1132EA82A331B781049DB009A5C5B1801920022D4
S1132EB8019ED1B28E4203D80420FEBD5868EAE7C9
S1132EC8614651435F687E18795EA14205D17168F5
S1132ED8A94202D1B168814201D00132E8E7002059
S1132EE8EBE7C046E0500020D8E0000003000D489E
S1132EF8D200125830B5546802209C4211D8956803
S1132F089D420ED3D2681B1BB3FBF2F454431D1B22
S1132F18A34206D12800012A03D08A429241524290
S1132F28500030BDE0500020044BC900CB585B6909
S1132F3883428041404200017047C046E05000206F
S1132F48F8B51A4C0020236C63B3A31DDB8F184D0E
S1132F58DB005B59188B28B3FEF7F8F80023226CC2
S1132F6806000F00A06BE16B801859410222002370
S1132F7812184B41BB4216D801D1B24213D80222CF
S1132F885242D317121A8B4192197B410634E18FAE
S1132F980120C9006958098B0BB9914200D8002057
S1132FA8800180B2F8BD00220023EFE79050002092
S1132FB8E05000200300002082B00190D1B142F219
S1132FC80F7291420CD840F2E73291420AD9013289
S1132FD842F210700192019A401AB0FBF2F0584381
S1132FE802B0704764226329F2D80A220929EFD86B
S1132FF80122EDE70121FBE7F8B51F4C0020236C03
S1133008ABB3A31DDB8F1D4DDB005B59188D70B36B
S1133018FEF79CF8A66BE76B0B0002001900236C03
S113302810009C461A000023B6185F4102220023B0
S113303892197B418B421BD801D1824218D80222B3
S11330485242D317921BBB4112184B4116001F0062
S11330580634E38F6046DB00EB58198DFFF7AAFFAF
S113306801230FB9B04200D80023580180B2F8BD3B
S113307800260027ECE7C04690500020E0500020CE
S1133088124AF0B513000400463319784832104B3D
S11330981278DD7B0F4B0639D200C9B2D21893429D
S11330A801D10020F0BD012905D825B918682A30B6
S11330B80078022808D0187930B11E687768A742CA
S11330C802D8B668A642EDD20833E8E7905000204B
S11330D8484F0020E050002073B5204D060001A899
S11330E80C0004F02BF92A78531CDBB22B700AB9B4
S11330F804F046F901A804F026F9701E042809D83A
S113310809F066FA03161A212800502221001448EF
S113311809F0E1FC01A804F011F92B78013BDBB2BA
S11331282B700BB904F040F901A804F00CF973BD35
S113313822780B4B1A70EDE7094B083307CC07C309
S113314806CC06C3E6E7064B1C3307CC07C307CCFB
S113315807C3DFE72268024B5A60DBE74C550020BF
S11331689050002007B5019001A90520FFF7B4FF8E
S113317800200EBDF0B506000D008BB0019311AB15
S11331881B880092029313AB1B781222039315AB8E
S11331981F7804AB0021981D09F034FC009B05AC92
S11331A80793019B21002373029B0320E381039B64
S11331B82680069523746774FFF78EFF00200BB0F2
S11331C8F0BD0000F0B50C00060015008DB00193A9
S11331D812AB04CB00211B780292039314AB1B8817
S11331E81522049315AB1B78059316AB1F7806AB11
S11331F8D81C09F007FC06AB1E809C70019B039A3F
S11332080893029B0420099306AB1A74049A1900C4
S11332185A82059A5F751A750795FFF75DFF0020B6
S1133228024B47331C700DB0F0BDC04690500020CF
S113323873B5214D060001A80C0004F07FF82A7824
S1133248531CDBB22B700AB904F09AF801A804F0F5
S11332587AF8701E042809D809F0BAF903161A2254
S11332682A0050222000154909F035FC01A804F071
S113327865F82B78013BDBB22B700BB904F094F89A
S113328801A804F060F873BD0C4B1B782370EDE7BC
S113329822000A4B083343CB43C203CB03C2E5E7FE
S11332A82200064B1C3343CB43C213CB13C2DDE7C6
S11332B8024B5B682360D9E74C55002090500020EE
S11332C8F0B59BB014AD1822040000210EA809F033
S11332D899FB29000420FFF7ABFF05200CA9FFF791
S11332E8A7FF0023EE5EA968EB6830006A68FFF761
S11332F8ADFDF3B202936D4B08905B6A210002980E
S113330898476B4B049048331B786A4E0793684B75
S113331846331B78063BDBB20593674BDB7B06938E
S11333280C9B03930EAB0193002300936B461F7809
S1133338079BBB4200D8A2E0059B012B07D8069B3C
S11333482BB933682A331B78022B00D1A0E03379D8
S1133358002B00D19CE03A0008990398FFF7C6FDBA
S1133368019B3900099028001C88FFF783FD099BFD
S11333783900034304981C43FFF7D6FDA4B2019B0C
S11333880443A4B21C80002C00D081E0FFF734FE73
S11333980400FFF7D5FD009B04435B00180001936C
S11333A810230AA9A4B2C9180C52DCBB0099414BDA
S11333B8CE009A5940F2E733D2699A4232D93B4A4D
S11333C80DA9D56F0120A8470AA903312000A847F1
S11333D8384B364A9959956F24310120A847354B03
S11333E8711DC9182000A84740F2E831314B9A5999
S11333F8D3692020125EB3FBF1F32C499BB20E690A
S113340802980399B04706000DA90120A8470AA904
S113341820000331A8472EB91022802301980AA955
S11334288A181352009B0EAA5B009B5A13BBFDF724
S11334388DFE1F4B049A9863D9631A640633DF8799
S1133448009B1C4ADB00D35814A91B7C8878897814
S11334581A1C49B25BB28B4200DD021C0021144BDA
S113346850B247335956814202D01A7004F0BAFB5D
S1133478002006E06022134212D11B0613D4FF2752
S11334886520FF2318403B401B0218431BB0F0BDC6
S1133498009B083601330093019B0233019345E7EF
S11334A8FF276620EDE7FF276720EAE740DB0000F7
S11334B890500020E0500020484F002037B56B465C
S11334C8DD1C02200C002900FFF7B2FE2B78032034
S11334D81BB92000FFF7F4FEC0B23EBDF0B599B0A9
S11334E8182200210DAC12A809F08CFA210003203F
S11334F8FFF79EFE05200CA9FFF79AFE0022A35EA3
S1133508019303BB63680393404B00271A004832B6
S11335181278463309921B783D4D063BDBB205937E
S11335283C4BDB7B06930C9B079312AB0293099BE2
S1133538BB4210D1FF276420FF2318403B401B02E5
S1133548184319B0F0BD002361681A000198FFF709
S11335587DFC0390D8E7059B012B0DD8069B5BB92E
S11335682B682A331B78022B06D1029B01370233BE
S1133578FFB208350293DAE72B79002BF5D03A002D
S113358803990798FFF7B2FC029B1B881843029B18
S113359884B21C80002CE8D12B681F4A2A331E7879
S11335A8F600B35CB118019A04932300012A25D1CB
S11335B821000E98FFF72EFC40F20C0C0F9B089389
S11335C8154BF3180499E2B28A42CED2624662439A
S11335D85E68B118B25E012A06D14A68089E96420E
S11335E802D18A6882420ED00134EBE70C2058439A
S11335F84A680133825E0198904204D00498DAB292
S11336089042F3D8B1E7002096E7C04690500020D6
S1133618E0500020484F0020D8E0000013B56B4666
S1133628DC1C02202100FFF703FE2378032013B9D2
S1133638FFF754FFC0B216BD03207047032070473C
S1133648F8B52E4C01252300220046331978483258
S11336582B4B1278DE7B2B4B0639D200C9B2D21819
S1133668934205D1002D46D1236C83B90020F8BDBF
S1133678012905D826B918682A300078022804D008
S1133688187947427841404205400833E8E7FDF796
S11336985DFD0222002306000F00A06BE16B1218E7
S11336A84B419F4202D823D1964221D90222524249
S11336B8D317121A8B41B6185F41256C0634E38F71
S11336C8104ADB00D4582800218DFFF773FC218BA6
S11336D80200814200D90A00002328000021801832
S11336E85941B94202D8C1D1B042BFD9801BBEE703
S11336F800260027E1E701204042B8E79050002067
S1133708484F0020E0500020F0B50B27002491B06A
S1133718039302ABFF1805001000160002913C70D9
S113372809F0E2F9039B01300693169B0596099369
S11337380123089007970A93189B9C422CD2189B44
S11337481F1B08AB132F16D9179A0093121901924D
S113375828000322029905AB00F0F6F818B10120FD
S1133768404211B0F0BD0B2202ABD21813781434C6
S113377801331370E0E70BAE00930322280002998B
S1133788019605AB00F0E0F80028E8D1179B3A0051
S11337983100181909F09FF90020E2E770B50024F8
S11337A89C4200D170BD0D5D165D75400555013410
S11337B8F6E710B50C22002109F024F910BD000029
S11337C810B540B1036833B11B78052B03D14068A9
S11337D800F08EF910BD0148FCE7C04600AFFFFFBA
S11337E810B540B1036833B11B78052B03D1406889
S11337F800F00CFF10BD0148FCE7C04600AFFFFF16
S113380810B540B1036833B11B78052B03D1406868
S113381800F037FF10BD0148FCE7C04600AFFFFFCA
S113382810B530B1036823B1836813B1FFF7D8FF2B
S113383810BD0148FCE7C04600AFFFFFF0B5040027
S11338480E0087B000B30368F3B18568E5B101A938
S11338589F78FFF7D5FFA8B92000FFF7B1FF88B913
S1133868236820009A78E919FFF7BAFF50B923684A
S113387820005A7801A9FFF7B3FF18B931002000D6
S1133888FFF7BEFF07B0F0BD0048FBE700AFFFFF3E
S113389810B50A00002109F0B5F810BDF0B589B0DB
S11338A805001600019100284AD00368002B47D070
S11338B88268002A44D09B78B34214D2FFF780FF71
S11338C80400B0BB320028000199FFF789FF040007
S11338D878BB280003A9FFF793FF040048BB2B68B3
S11338E85E7803AB01932B68AF689A783621380069
S11338F8BC1809F087F82B685C219A78200009F035
S113390881F8330039003800019AFFF747FF210096
S113391820003300019AFFF741FF2800FFF750FF0A
S1133928040030B92B68390028009A78FFF758FF4B
S11339380400142103A8FFF7ABFF200009B0F0BD71
S1133948004CFAE700AFFFFFF0B50D000400BDB06E
S113395802A800920193FFF72CFF194B2A002100BB
S113396805AF1CAE02A8039704960293FFF796FFCF
S113397804000500D0B138005C21FFF789FF30004E
S11339888021FFF785FF02A80C21FFF781FF2000A3
S11339983DB0F0BD429A0199AB00D258C95802A86B
S11339A8FFF73EFF04000028E5D10135009BAB4238
S11339B8F0D1439902A8FFF741FF0400DBE7C046B2
S11339C8E8E100000200405C5118CB780006184377
S11339D84B781B0418438B781B0218437047030E5B
S11339E88B548918030C4B70030A8B70C87070478A
S11339F870B51D001B23D841084E059B049C9B19D8
S1133A08C01823686A40C0180B68134002226B4030
S1133A18C01820600B68D3410B6070BD9979825A35
S1133A285A400B6830B55A401B23D841064D049BB5
S1133A38039C5B19C018236812189B180222236080
S1133A480B68D3410B6030BDA1EBD96EF0B51B26D2
S1133A58F0410A4F069E059CF6190D6880192668E0
S1133A6880192E00164333402A4013430222C018FB
S1133A7820600B68D3410B60F0BDC046DCBC1B8FD3
S1133A885A400B6830B55A401B23D841064D049B55
S1133A98039C5B19C018236812189B180222236020
S1133AA80B68D3410B6030BDD6C162CA030070B540
S1133AB80F260500C41E083B344033403540A4009B
S1133AC89B005B586458AD004D195C402B680E3858
S1133AD85C401F2330408000405860401060D8414B
S1133AE8286070BD10B510B15C21FFF7D1FE10BD80
S1133AF803000020064A18609A60064A5860DA6093
S1133B08054A1A61054A5A61054A9A617047C046CE
S1133B180123456789ABCDEFFEDCBA9876543210A1
S1133B28F0E1D2C3F0B50D00ADB003900021280038
S1133B38FFF748FF0421070017902800FFF742FF0A
S1133B480821060018902800FFF73CFF0C21040008
S1133B5819902800FFF736FF102107901A902800C3
S1133B68FFF730FF142108901B902800FFF72AFF65
S1133B78182109901C902800FFF724FF1C210A90A3
S1133B881D902800FFF71EFF20210B901E9028008F
S1133B98FFF718FF24210C901F902800FFF712FF4D
S1133BA828210D9020902800FFF70CFF2C210E905F
S1133BB821902800FFF706FF30210F90229028005B
S1133BC8FFF700FF3421109023902800FFF7FAFE36
S1133BD83821119024902800FFF7F4FE3C2112901C
S1133BE825902800FFF7EEFE039B13909B68269010
S1133BF805932793039B28A9DB6814932893039BB5
S1133C081B6904932993039B5B6906932A93039B7B
S1133C18049A9B69059815932B932BAB01970093F2
S1133C28069BFFF7E5FE289D2AAB2A002B980196F0
S1133C38009327A9049BFFF7DBFE279E019429AC78
S1133C482B0032002A982BA90094FFF7D1FE079B7A
S1133C582B9D019328AB2A00299800932AA93300A5
S1133C68FFF7C6FE089B2A9E019327AB320021006A
S1133C78289800932B00FFF7BBFE099B299D01930D
S1133C882BAB2A002798009328A93300FFF7B0FE2E
S1133C980A9B289E01932AAB32002B98009327A9EC
S1133CA82B00FFF7A5FE279D0B9B2A002A9801935A
S1133CB82BA933000094FFF79BFE0C9B2B9E0193CA
S1133CC828AB3200299800932AA92B00FFF790FE0D
S1133CD80D9B2A9D019327AB2A0021002898009365
S1133CE83300FFF785FE0E9B299E01932BAB320010
S1133CF82798009328A92B00FFF77AFE0F9B289D8D
S1133D0801932AAB2A002B98009327A93300FFF7C5
S1133D186FFE279E109B32002A9801932BA92B0033
S1133D280094FFF765FE119B2B9D019328AB2A0095
S1133D38299800932AA93300FFF75AFE129B2A9E5A
S1133D48019327AB32002100289800932B00FFF73A
S1133D584FFE139B299D01932BAB2A0027980093B0
S1133D6828A93300FFF744FE16AA17A910202B9E92
S1133D78289FFFF79BFE2AAB3A000190009330007E
S1133D882B0027A9FFF734FE16AA17A911202A9D8C
S1133D98279E289FFFF78AFE3B00320001902BA93B
S1133DA828000094FFF724FE16AA17A91220299DBB
S1133DB82B9E279FFFF77AFE28AB320001900093D1
S1133DC828003B002AA9FFF713FE16AA17A91320F7
S1133DD8289D2A9E2B9FFFF769FE27AB32002100FE
S1133DE80190009328003B00FFF702FE16AA17A9CA
S1133DF81420279D299E2A9FFFF758FE2BAB3200DB
S1133E080190009328003B0028A9FFF709FE16AA91
S1133E1817A915202B9D289E299FFFF747FE2AAB3B
S1133E2832000190009328003B0027A9FFF7F8FD12
S1133E3816AA17A916202A9D279E289FFFF736FE43
S1133E483B00320001902BA928000094FFF7E8FDFD
S1133E5816AA17A91720299D2B9E279FFFF726FE30
S1133E6828AB32000190009328003B002AA9FFF7F1
S1133E78D7FD16AA17A91820289D2A9E2B9FFFF75D
S1133E8815FE27AB320021000190009328003B0067
S1133E98FFF7C6FD16AA17A91920279D299E2A9F50
S1133EA8FFF704FE2BAB32000190009328003B007F
S1133EB828A9FFF7B5FD16AA17A91A202B9D289E35
S1133EC8299FFFF7F3FD2AAB3200019000932800E5
S1133ED83B0027A9FFF7A4FD16AA17A91B202A9DB2
S1133EE8279E289FFFF7E2FD3B00320001902BA993
S1133EF828000094FFF794FD16AA17A91C20299DF1
S1133F082B9E279FFFF7D2FD28AB32000190009328
S1133F1828003B002AA9FFF783FD16AA17A91D202C
S1133F28289D2A9E2B9FFFF7C1FD27AB3200210055
S1133F380190009328003B00FFF772FD16AA17A909
S1133F481E20279D299E2A9FFFF7B0FD2BAB320028
S1133F580190009328003B0028A9FFF761FD16AAE9
S1133F6817A91F202B9D289E299FFFF79FFD2AAB89
S1133F7832000190009328003B0027A9FFF750FD69
S1133F8816AA17A920202A9D279E289FFFF78EFD91
S1133F983B00320001902BA928000094FFF740FD54
S1133FA816AA17A92120299D2B9E279FFFF77EFD7E
S1133FB828AB32000190009328003B002AA9FFF7A0
S1133FC82FFD16AA17A92220289D2A9E2B9FFFF7AA
S1133FD86DFD27AB320021000190009328003B00BF
S1133FE8FFF71EFD16AA17A92320279D299E2A9F9D
S1133FF8FFF75CFD2BAB32000190009328003B00D7
S113400828A9FFF70DFD16AA17A924202B9D289E81
S1134018299FFFF74BFD2AAB32000190009328003B
S11340283B0027A9FFF7FCFC16AA17A925202A9DFF
S1134038279E289FFFF73AFD3B00320001902BA9E9
S113404828000094FFF7ECFC16AA17A92620299D3E
S11340582B9E279FFFF72AFD28AB3200019000937F
S113406828003B002AA9FFF7DBFC16AA17A927207A
S1134078289D2A9E2B9FFFF719FD27AB32002100AC
S11340880190009328003B00FFF7CAFC16AA17A961
S11340982820279D299E2A9FFFF708FD2BAB320075
S11340A80190009328003B0028A9FFF7CFFC16AA2B
S11340B817A929202B9D289E299FFFF7F7FC2AABD7
S11340C832000190009328003B0027A9FFF7BEFCAB
S11340D816AA17A92A202A9D279E289FFFF7E6FCDF
S11340E83B00320001902BA928000094FFF7AEFC96
S11340F816AA17A92B20299D2B9E279FFFF7D6FCCC
S113410828AB32000190009328003B002AA9FFF74E
S11341189DFC16AA17A92C20289D2A9E2B9FFFF7E1
S1134128C5FC27AB320021000190009328003B0016
S1134138FFF78CFC16AA17A92D20279D299E2A9FD4
S1134148FFF7B4FC2BAB32000190009328003B002E
S113415828A9FFF77BFC16AA17A92E202B9D289EB9
S1134168299FFFF7A3FC2AAB320001900093280093
S11341783B0027A9FFF76AFC16AA17A92F202A9D36
S1134188279E289FFFF792FC3B00320001902BA941
S113419828000094FFF75AFC16AA17A93020299D75
S11341A82B9E279FFFF782FC28AB320001900093D7
S11341B828003B002AA9FFF749FC16AA17A93120B1
S11341C8289D2A9E2B9FFFF771FC27AB3200210004
S11341D80190009328003B00FFF738FC16AA17A9A2
S11341E83220279D299E2A9FFFF760FC2BAB3200C3
S11341F80190009328003B0028A9FFF727FC16AA82
S113420817A933202B9D289E299FFFF74FFC2AAB23
S113421832000190009328003B0027A9FFF716FC01
S113422816AA17A934202A9D279E289FFFF73EFC2B
S11342383B00320001902BA928000094FFF706FCEC
S113424816AA17A93520299D2B9E279FFFF72EFC18
S113425828AB32000190009328003B002AA9FFF7FD
S1134268F5FB16AA17A93620289D2A9E2B9FFFF72F
S11342781DFC27AB320021000190009328003B006D
S1134288FFF7E4FB16AA17A93720279D299E2A9F22
S1134298FFF70CFC2BAB32000190009328003B0085
S11342A828A9FFF7D3FB16AA17A938202B9D289E07
S11342B8299FFFF7FBFB2AAB3200019000932800EB
S11342C83B0027A9FFF7C2FB16AA17A939202A9D84
S11342D8279E289FFFF7EAFB3B00320001902BA999
S11342E828000094FFF7B2FB16AA17A93A20299DC3
S11342F82B9E279FFFF7DAFB28AB3200019000932F
S113430828003B002AA9FFF7A1FB16AA17A93B20FE
S1134318289D2A9E2B9FFFF7C9FB27AB320021005B
S11343280190009328003B00FFF790FB16AA17A9F9
S11343383C20279D299E2A9FFFF7B8FB2BAB320010
S11343480190009328003B0028A9FFF799FB16AABF
S113435817A93D202B9D289E299FFFF7A7FB2AAB71
S113436832000190009328003B0027A9FFF788FB3F
S113437816AA17A93E202A9D279E289FFFF796FB79
S11343883B00320001902BA928000094FFF778FB2A
S113439816AA17A93F20299D2B9E279FFFF786FB66
S11343A828AB32000190009328003B002AA9FFF7AC
S11343B867FB16AA17A94020289D2A9E2B9FFFF762
S11343C875FB27AB320021000190009328003B00C5
S11343D8FFF756FB16AA17A94120279D299E2A9F55
S11343E8FFF764FB2BAB32000190009328003B00DD
S11343F828A9FFF745FB16AA17A942202B9D289E3A
S1134408299FFFF753FB2AAB320001900093280041
S11344183B0027A9FFF734FB16AA17A943202A9DB6
S1134428279E289FFFF742FB3B00320001902BA9EF
S113443828000094FFF724FB16AA17A94420299DF5
S11344482B9E279FFFF732FB28AB32000190009385
S113445828003B002AA9FFF713FB16AA17A9452031
S1134468289D2A9E2B9FFFF721FB27AB32002100B2
S11344780190009328003B00FFF702FB16AA17A936
S11344884620279D299E2A9FFFF710FB2BAB32005D
S11344980190009328003B0028A9FFF7F1FA16AA17
S11344A817A947202B9D289E299FFFF7FFFA2AABBF
S11344B832000190009328003B0027A9FFF7E0FA97
S11344C816AA17A948202A9D279E289FFFF7EEFAC7
S11344D83B00320001902BA928000094FFF7D0FA82
S11344E816AA17A94920299D2B9E279FFFF7DEFAB4
S11344F828AB32000190009328003B002AA9FFF75B
S1134508BFFA16AA17A94A20289D2A9E2B9FFFF7AF
S1134518CDFA27AB320021000190009328003B001C
S1134528FFF7AEFA16AA17A94B20279D299E2A9FA2
S1134538FFF7BCFA2BAB32000190009328003B0034
S113454828A9FFF79DFA16AA17A94C202B9D289E87
S1134558299FFFF7ABFA2AAB320001900093280099
S11345683B0027A9FFF78CFA16AA17A94D202A9D04
S1134578279E289FFFF79AFA3B00320001902BA947
S113458828000094FFF77CFA16AA17A94E20299D43
S11345982B9E279FFFF78AFA28AB320001900093DD
S11345A828003B002AA9FFF76BFA16AA17A94F207F
S11345B8289D2A9E2B9FFFF779FA27AB320021000A
S11345C80190009328003B00FFF75AFA059A279BAD
S11345D816A89B18039A58219360149A289B9B1831
S11345E8039AD360049A299B9B18039A1361069A29
S11345F82A9B9B18039A5361159A2B9B9B18039A21
S11346089361FFF745F900202DB0F0BDF7B504001C
S1134618160000919AB33F2503681D409B18036058
S1134628934202D2436801334360B5B140277F1BEC
S1134638BE4212D323001C3300993A00581901933F
S113464808F049FA20000199FFF76CFAC0B9761905
S11346580500009B403EDB190093370004E020006E
S1134668FFF760FA60B9403F009B9919C91B3F2FB7
S1134678F5D827B11C343A00601908F02CFA002048
S1134688FEBDF8B504003F22270003680E0013405E
S1134698581C4132E3181A771C37382837D80021B8
S11346A8483A121A381808F0ADF9256860686B0F93
S11346B8C000184338223900FFF791F9E8003C227A
S11346C83900FFF78CF939002000FFF72BFA0500B1
S11346D8C0B902003100A068FFF781F90422310053
S11346E8E068FFF77CF9082231002069FFF777F9C1
S11346F80C2231006069FFF772F910223100A069B9
S1134708FFF76DF92000FFF7EDF92800F8BD402206
S11347180021121A381808F075F939002000FFF73B
S113472801FA05000028EDD1010038223800BAE763
S113473840F2E41201230249885C03438B54704716
S11347484051002040F2E41202230249885C0343EA
S11347588B5470474051002010B5204C23006A3315
S11347681A7823004433187852070138520F08285E
S113477812D807F02DFF1C1C05121416181A2B004A
S11347880023012A15D0032A20D0002144341422FE
S11347981348217003F0CBFD10BD0223F1E7032376
S11347A8EFE70523EDE70623EBE70723E9E704230F
S11347B8E7E70C49A26E0A400B498A42E5D040F269
S11347C870120A48A35463689847DEE740F26C13F2
S11347D8E35C002BD9D00548E368F5E74051002095
S11347E8AC520020FF00800011008000B05200206D
S11347F8F0B585B06B466A46164C9F1DA61C390059
S1134808F07F03AB073202F013FA0D25E8B9631CF5
S1134818F17FD87F02AA02F021FA0500C0B923006B
S11348283A7848331A706A462300D27950331A709A
S1134838039B094A6365029B0849E364E31CDB7F25
S113484858342370F07F02F027FA280005B0F0BD31
S11348580E25FAE7405100209C5100209951002070
S1134868F0B50E270F221A4D87B06F44AE1C3900DD
S1134878F07F05AB6A4402F0DBF90D2418BB6B1C0E
S1134888F17FD87F04AA02F0E9F90400F0B940F2F4
S113489880133A780621EA546B46DA7B40F288138F
S11348A8EA54059A0433EA50049A083BEA50094A40
S11348B8F07F0092AA6A084B02F00CFA220007491A
S11348C8F07F02F0E9F9200007B0F0BD0E24FAE702
S11348D840510020E0520020DC520020E452002025
S11348E810B5074C02F0F2F8230068331A7805492A
S11348F8054801F09FFF10B902234434237010BD0A
S113490840510020AA5100208851002070B50B4D59
S11349182B1DDC7F6CB102F0D9F80121084801F0A5
S1134928F7FF040008B102F0ADF8042320002B704F
S113493870BD02F0A7F80323F8E7C04640510020F1
S1134948C0520020094B1A78092A04D0042A02D03C
S11349580E221A7070470B221A701A006A321278E3
S11349689206F7D505224433F3E7C04640510020A8
S1134978F0B587B0060004240391002800D18CE028
S11349880368002B00D188E04368002B00D184E041
S11349988368002B00D180E0C368002B7DD00369B5
S11349A8002B7AD00A2978D83D4D023C2B78042B69
S11349B873D840F210220021280003F0B8FC01F05B
S11349C8D5FE0400002868D105AF3900039802F029
S11349D8A9F80400002860D100F04CFF02F03CFA6A
S11349E82B00039A40331A70310014222D4803F027
S11349F889FC2D4E282230002C4903F083FC3B8887
S1134A0838785BBA2B840223FB56EA1C284FD377E9
S1134A184036284A33703900274BAE1C039202F003
S1134A2807F96B1CD87F254AF17F02F017F924494E
S1134A38244AF07F02F030F940F280133A78224891
S1134A48EA54EA6C0433EA50039B1A7840F2881358
S1134A58EA546A6D0433EA5002F02EF91B4AF07FD7
S1134A6800921B4B0621AA6A02F034F90022194964
S1134A78F07F02F011F940F2E413002216481749B6
S1134A88EA54FCF72DFA16481649FCF729FA01F0FE
S1134A982DF801F0F7FF01232B70200007B0F0BDBB
S1134AA8405100204451002058510020ECE10000FE
S1134AB88851002090510020945100208C510020EE
S1134AC8995100209C510020D0520020E05200202F
S1134AD8DC520020E452002028530020394700000B
S1134AE83C5300204D47000070B501240A4D2E7830
S1134AF8A6420DD101F068FE2B003C33187802F071
S1134B0877F8FFF703FF040020B9300001F00CF830
S1134B18200070BD2E70FBE74051002010B50B4CEF
S1134B282078042804D807F053FD0E07030705006E
S1134B38022010BD01F0A6FF01230020237000F01D
S1134B48F3FF0020F5E70120F3E7C04640510020B9
S1134B58F0B5BA4E9FB03378022B7AD910AD01F074
S1134B6849FF280001F04EFF2B784BB3DB0605D52F
S1134B783378062B00D16EE00E23337004222B7891
S1134B88134205D03178062900D189E00A323270FF
S1134B981B0708D53378092B00D187E0042B00D1F3
S1134BA884E00E23337010AD2C78A30701D5FFF7EA
S1134BB8C9FEE40701D5FFF7C5FE280001F074F823
S1134BC89F4F10AC200002F0B9FB3A78531CDBB2BB
S1134BD83B700AB902F0D4FB200002F0B4FB40F2A7
S1134BE8E41300222000F55CF25402F0A7FB3B78A2
S1134BF8013BDBB23B700BB902F0D6FB200002F09C
S1134C08A2FB002D00D1FBE2EB0705D53378082B76
S1134C1800D1C9E20E2333703278AD0700D4EFE235
S1134C280E230C2A00D0D4E2FFF75AFE06230028EC
S1134C3800D0C4E2337073695BB13378033B012B52
S1134C4807D811A802F0E6F918B920707369200092
S1134C5898471FB0F0BD3300032244331A7001F0A3
S1134C6823FF40F2A013F75802F0C8FF40F2D433F0
S1134C78FC18012801D00A33FC18FCF767FAAA6863
S1134C88EB68801A9941211ACB436E4CDB17194003
S1134C982000FCF753FA2000FCF7C4F908236CE75A
S1134CA807213170310044310A7071E740F2A813CA
S1134CB812AAF25040F2AC1240F2B0172B6900214C
S1134CC8B350AB8AAC3AF3555F4BFF3A18000593DF
S1134CD803F02DFB40F2C4122B690024B35040F2B8
S1134CE8C813B13A2100F45458480433FF3AF45035
S1134CF803F01DFB01F0C6FE0A231725337002AB2F
S1134D08ED18B31C22002900D87F01F0C5FF040068
S1134D18F0BB4F4BF25D2878039340F2C41340F282
S1134D28AC11F3584B4F4C4D029301970095059BDA
S1134D38715801F0B6FA040050BB40F2C813F35C92
S1134D482900009340F2C4133A000598F35800F080
S1134D58F1FE424D08222900380007F045FEB0B99B
S1134D6840F2B1130722F35C1340032B18D140F22D
S1134D78C413F15808780238052800D98DE007F0E3
S1134D8831FC71009000BE00C400ED00060113243C
S1134D9840F2B1125F21B35C0B40B3540B23337060
S1134DA8330044331A78032A0DD1AF32FF32B25C90
S1134DB87F2A06D832006A321278920601D5052273
S1134DC81A70FFF7C9FC002C00D06EE140F2B11351
S1134DD8F25CAB3BFF3B1340032B00D005E1CA3325
S1134DE8FF33F358002B00D1FFE01B78042B00D1CC
S1134DF8D3E0062B00D15EE1022B00D0F5E0164D7E
S1134E080CA9280002F0E1F8002800D0EDE0290000
S1134E18124A13480CAB01F094F9002800D0E4E0DE
S1134E282100280002F076F801212800494202F006
S1134E3894F83300012244331A70D6E0405100201C
S1134E484C55002028530020F15200201053002014
S1134E5808530020FA520020F25200205851002032
S1134E68A851002033002C331B78B3B140F2C81387
S1134E78F35C102B11D91022013108A803F042FA6F
S1134E8810210CA800F01AFE002329000093D24830
S1134E9808AB0CAA00F0C4FD58B340F2CC130022AE
S1134EA82BE040F2C813F35C102BF6D9013108A8A3
S1134EB8102203F027FAC84F0CA9380002F061F851
S1134EC80028EAD101232900009338000CAB08AA72
S1134ED800F0A6FD05000028DFD10100380002F02B
S1134EE819F801213800494202F037F840F27413E6
S1134EF8F55440F2C413F2580833F25050E740F224
S1134F08C813F35C002BF4D1C7E740F2C813F35C71
S1134F18052BC2D90CAD05220131280003F0F2F9A2
S1134F2840F275122B789B069B16B35440F2761305
S1134F386A78F254E9782A79AB78090212040B43A7
S1134F4813433200FC32D3671BB1A44A0A3B934291
S1134F58A3D840F274130022F254CAE740F2C813EB
S1134F68F35C032B99D90CAD03222800013103F01B
S1134F78C9F96B78AA781B02120413432A781343DD
S1134F88002BB6D0954A0A3B9342B2D985E740F242
S1134F98C813F35C002BDCD17FE70CAD2C7013072E
S1134FA801D502232B70920604D580232A785B420C
S1134FB813432B7008228A49874807F015FD0024FB
S1134FC800B9B46B40F2A813F358864A1B7C0194C9
S1134FD80295F41CE47F804964B283485BB2009470
S1134FE801F0EBF8002800D123E740F2B114335D57
S1134FF810AD5A07520F012A76D0032A00D196E041
S11350083400443423780BBB734B1800059301F028
S11350180BFB2378D3B940F2B112B25C920615D5D2
S113502803AA13700122704F029301936D4B110070
S113503800933800059B00F07BFF38B933005933DF
S11350483A781B789A4201D80123237033004433F9
S11350581B78012B29D101F027FD330040F24024AD
S113506868331B785C4343F2D473E41842F2107338
S113507894FBF3F402F0C2FD012800D191E040F260
S1135088DD331C1BFCF762F8AA68EB68801A9941A7
S1135098211ACB43554CDB1719402000FCF74EF876
S11350A82000FBF7BFFF0C23337001220021504876
S11350B803F03DF977E50CAB1C70110701D502210B
S11350C81970920604D58022197852420A431A703C
S11350D8444C41492200444801F0C9F8002884D1CD
S11350E801232C34237080E740F2D011002070543F
S11350F83949D530FF30315040F2C4117058143159
S113510870501039705C14317054E88A023170524E
S1135118287E02317054D809DB08134040F2E212A9
S113512801317054B3543348B368984768E740F280
S1135138CC13F358002B00D162E740F2C413F158A2
S11351480B78022B21D0062B00D059E70CAF38007E
S1135158013103F0D7F87B78BA781B023F78120440
S113516813431F43022240F2D0131B49F25422482E
S1135178063203F0C7F840F2DC1340F2E012F750AD
S1135188335D1B07DB0FB35408E0002240F2D01351
S11351981149F2541848083203F0B4F81548336931
S11351A8C3E740F2D3336CE701F090FC00211348C5
S11351B801F0AEFB002800D02CE509232BE51028CC
S11351C803D01138431E9841C31D32004432137072
S11351D8072333701EE0C046F2520020F5FF010099
S11351E87051002058510020A85100203C53002041
S11351F8F15200201053002014530020C052002004
S113520832780E2A00D916E546F68043D340DB07E8
S113521800D410E5330044331B780BB1FFF79CFA34
S113522840F2CC130022F250FFF770FB03E5C046AE
S113523873B504230D0091B11A4C033B227872B163
S1135248073307280BD807F0C3F9040C10121416F7
S1135258191C08221449280003F054F800231800E4
S113526876BD0134E37F2B70F8E70234FAE70334A0
S1135278F8E70434F6E72C342378F4E70C220B49D6
S1135288E9E701AE3100012001F0A0FA030000288B
S1135298E5D123003C3332781978914200D01A7052
S11352A83C34E9E740510020585100207051002057
S11352B8F7B504000E0000295AD0304D2B78002B86
S11352C858D0042B03D9062842D0022412E0072818
S11352D852D807F07DF9040A111A1C393D400822F6
S11352E82748310003F00EF80DE02B1DDB7F022464
S11352F8013533B12000FEBD2B1DDB7F002BF9D116
S113530802353378EB770024F4E70335F9E70B78B3
S11353187BB933782F1DFB772B78022BF3D9FFF752
S1135328F5FA04000028E5D00023FB77FFF7EEFA2E
S1135338E0E7FFF795FA04000028DBD1FFF758FAF5
S113534804000028E5D0D5E70B782C352B70DAE774
S11353580C220C48C5E7337801A901200B7001F031
S11353684FFA04000028C5D133783C352B70C1E7C7
S11353780424BFE70124BDE70824BBE7405100200B
S1135388585100207051002037B505000424A8B1F5
S11353980B48033C007888B1013404280ED80698D9
S11353A80090280001F0F2FC040038B9280001F04C
S11353B887F8040010B1280001F032FD20003EBD3A
S11353C8405100200B4B10B51B780400012053B149
S11353D80018042B07D83CB1200001F021FD20005F
S11353E801F08EF8002010BD01F02CFD01F056F8F4
S11353F8F8E7C04640510020F0B50500042487B002
S1135408002800D180E04A4E013C3378022B7BD936
S1135418042B02D9013C0A2B76D1330044331B7880
S11354280224002B70D1FFF7E3F90400B8B9FFF7A1
S113543817FA040098B933780A2B4ED108222800A9
S11354483C4907F0D1FA023448B917276F443800A9
S1135458297B2A7C00F05CFD0400002844D02B7CC6
S11354685B075ED43378002C51D122000A2B04D177
S1135478A833FF33F45CA406E20F78212B7C03AC39
S11354888B43287BA9682B742B4F23702B4B0290DA
S11354980191009301212B00380000F049FD04001C
S11354A8002834D13A000F3A397812783378043422
S11354B891422CD80122243F3A70E9897232FF3292
S11354C8B1520A2B19D0FFF70BFA0400F8B9337854
S11354D80A2B18D00623337015E0280001F0C0FC0D
S11354E804000028B1D0BAE7330059331C783B785C
S11354F89C42A4416442A400B1E740F2E4130224AC
S1135508F35C234203D10024200007B0F0BD33002C
S1135518002244331A7033780A2BF5D0FFF7F6F9D2
S1135528F2E7002CF0D1280000F0FAFF0400EBE7C2
S113553840510020F2520020A85100205851002068
S1135548F0B50700042489B0002879D0994D013CAE
S11355582B78022B74D9FFF74BF9040000286FD17C
S1135568FFF77EF9040000286AD13C78012C00D1A9
S11355786BE0022C00D1B6E0002C00D017E12B78A8
S1135588042B02D902340A2B5AD12B0044331B783A
S11355980224002B54D13E1D300001F061FC3B7BFA
S11355A804005B0700D5FAE02B78D8B90A2B04D19C
S11355B8A833FF33EC5CA406E40F102104A800F020
S11355C87DFA7D4F00943A0031007C4804AB00F02A
S11355D87FFD040030B92B780A2B10D0FFF780F92F
S11355E8B8B10400002340F26C12AB542A004432D0
S11355F813702B780A2B23D0FFF788F920E040F2A8
S1135608E413EA5CE33BFF3B1A421CD12C37013B11
S11356183B7004A9300001F0C6FC40F26C1301226F
S1135628EA5400220433EA5431000433083264484B
S1135638EA5402F067FE2B780A2B01D006232B705C
S1135648200009B0F0BD1C00CCE72B78042B02D94C
S113565802240A2BF4D12B0044331B780224002B98
S1135668EED13B1D1800029301F0FAFB3B7B0400CA
S11356785B0700D593E02A780028B3D103000A2AEF
S113568804D1B233FF33EB5C9B06DB0F4A4E0C3775
S113569832004A480299009700F073FD040000287C
S11356A8A0D12B780A2B13D0FFF71AF9040000288D
S11356B898D1012340F26C12AB540432AB54043237
S11356C8AB542B780A2B01D006232B700024B7E7A0
S11356D840F2E4130224EB5C234200D082E7012366
S11356E82C363370E5E72B78042B01D90A2BA7D184
S11356F82B0044331B78002BA2D13B1D18000393C5
S113570801F0AEFB060038B93B692BB12D4E0A3BBC
S11357189E42B6417642B6003B7B5B073ED42B786B
S113572876BB0A2B04D1A833FF33EE5CB606F60F1A
S1135738214B009602933B000C3301931F483B69AD
S1135748029A039900F072FD0600C8B92B780A2B57
S11357580BD0FFF7C5F8060090B940F26C1201238C
S11357680221AB540432A954A9E740F2E413EB5CD8
S11357789B0704D40122029B2C331A70EDE7260000
S1135788002340F26C12AB542A00443213702B7875
S11357980A2B01D0FFF7BAF8340051E73400002C83
S11357A800D04DE7380000F0F5FE040048E708246F
S11357B846E7C0464051002058510020A851002017
S11357C8B5520020F5FF010070B50F4D02242B7867
S11357D8032B14D872B6BFF34F8FBFF36F8F01F04A
S11357E845F940F2E413EC5C40000443E4B244B9E4
S11357F801F0CAFE62B6BFF34F8FBFF36F8F20006C
S113580870BD0224F6E7C04640510020030010B5DD
S1135818080011001BB1012B04D0142010BD01F0A5
S113582828FBFBE701F037FBF8E7F0B506000C00AE
S113583815001F00BBB009B91420CAB904A801F0A7
S11358482BFC390004A801F037FC26B110223100E2
S113585804A801F035FC2A00210004A801F030FC5A
S1135868684604A901F0A6FC0020009A409B1A602F
S11358783BB0F0BD00207047F0B5BDB01C0042AB92
S11358881E78019204230AB11EB9002318003DB002
S1135898F0BD0423002CF9D003AAFFF7B7FF0500D5
S11358A803000028F2D10123152007AF3B7002AB97
S11358B8C0180822019902F02EFD1D2002ABC01861
S11358C8042243A902F01EFD01237D73BD730193D5
S11358D8232202AB9B18019A0BAF1A7000211022E5
S11358E83800244D02F023FDB02200210FA802F055
S11358F81EFD03A90FA804F0BDFFAB681E4A07A943
S11359081340AB60AB680FAA5B005B08AB60380060
S113591804F0BEFF0821194A013E9378F6B28B437E
S113592893708023AA685B051343AB608023AA683D
S11359381B061343AB6023783A7853402370621CE8
S1135948AEB1210014001031A14209D02278787830
S1135958013E4240F6B2227001370134002EF3D1E1
S1135968019B0133DBB20193002EB1D18DE7140002
S1135978F6E7C046FC6F0440FFFFFFEF00100D4040
S113598837B506AC2478079D00940195FFF774FF9A
S11359983EBDF0B58FB00393160014AB06AA1F786A
S11359A8FFF734FF040010BB492321200AAD2B70F4
S11359B802ABC0180822310002F0ADFC292002AB6A
S11359C8C018042215A902F09DFC05AB6C73AC73D6
S11359D8EF733A0000932800039906ABFFF725FFFD
S11359E8040020B9169B13B1059B169A1360200076
S11359F80FB0F0BD70B588B0140004AA1E000C9D49
S1135A08FFF704FF50B903AB00933200210004AB45
S1135A18FFF70BFF10B90DB1039B2B6008B070BDE5
S1135A28F0B5A5B005932AAB1B7804000E00170047
S1135A3804250793E0B3DAB3059BCBB309A901F0B6
S1135A4818FA0500A0BB079B06940BB1069626001E
S1135A581922194911A807F03EF83100082218A89C
S1135A6802F050FC082206991AA802F04BFC1022F6
S1135A7839001CA802F046FC1022059920A802F05F
S1135A8841FC102130230DAE11AA02910093019616
S1135A9818AB09A8FDF738FE0599200001F083FA30
S1135AA83900200001F0A3FA3100200001F005FAC2
S1135AB8280025B0F0BDC04607D3000070B5050026
S1135AC80C0084B1084B013C5B699847E4B2287028
S1135AD84CB12B1D0135000A9D42F2D0013CE4B2C1
S1135AE82870002CF6D170BD40DB000070B5064C60
S1135AF825783DB908222900200002F018FC01236A
S1135B086560237070BDC04650530020CC231B062B
S1135B181840014B5860704750530020014B586897
S1135B287047C04650530020014B58707047C04618
S1135B3850530020F0B585B001930AAB1E784B4B47
S1135B4800925A7805000C00002A00D186E05B68B0
S1135B58002B00DB82E002ABDF1D012201003800CC
S1135B6802F0D0FB424802F06EFB424802F06BFBA5
S1135B78414802F068FB0221387802F06EFB3F4886
S1135B8802F061FB3E4802F05EFB287801214007E1
S1135B98400F02F062FB3B4802F055FB3A4802F022
S1135BA852FB287800220121C00902F06AFB35481B
S1135BB802F049FB354802F046FB287800228006AB
S1135BC80121C00F02F05DFB2E4802F03CFB304877
S1135BD802F039FB2878002200070121C00F02F0E7
S1135BE850FB244802F02FFB25002A4802F02BFB27
S1135BF8083520780221013402F02FFBAC42F8D199
S1135C081C4802F020FB244802F01DFB009C2500E0
S1135C18083520780221013402F01FFBAC42F8D188
S1135C28144802F010FB1D4802F00DFB002203216A
S1135C38300002F026FB1A4802F005FB0D4802F07A
S1135C4802FB184802F0FFFA019CA619B44207D1D6
S1135C58084802F0F8FA074802F0F5FA05B0F0BD72
S1135C682078022102F0F9FA0134EFE750530020BA
S1135C7820D30000F8D200002AD300003ED300004D
S1135C8842D300004FD3000052D3000057D3000082
S1135C985BD3000060D3000072D3000084D30000FB
S1135CA896D300009CD3000010B51E4B04005A780C
S1135CB8BAB35B685B0034D5037893B31A4802F02F
S1135CC8C2FA2378DB0605D5184802F0BCFA18484E
S1135CD802F0B9FA23785B0705D5164802F0B3FA3F
S1135CE8134802F0B0FA23781B0705D5124802F0CE
S1135CF8AAFA0F4802F0A7FA23789B0705D50F489C
S1135D0802F0A1FA0A4802F09EFA2378DB0705D5C7
S1135D180B4802F098FA064802F095FA044802F093
S1135D2892FA10BD50530020AED30000BED3000039
S1135D38F8D20000C9D30000D7D30000E2D3000092
S1135D48EED3000010B52C4B04005A78002A4CD02E
S1135D585B685B0149D5294802F075FA284802F0C6
S1135D6872FA284802F06FFA2378012B3ED12648AC
S1135D7802F069FA224802F066FA244802F063FA4B
S1135D8800220A21606802F07CFA1D4802F05BFADE
S1135D981F4802F058FA00220A21207A02F071FA08
S1135DA8174802F050FA1B4802F04DFA00220A2163
S1135DB8E06802F066FA124802F045FA164802F062
S1135DC842FA00220A21607C02F05BFA0C4802F0D5
S1135DD83AFA124802F037FA1020002220560A2113
S1135DE802F04FFA064802F02EFA10BD022B01D138
S1135DF80B48BDE70B48BBE750530020FCD3000019
S1135E08F8D200000BD400001ED400002BD40000EC
S1135E183ED4000051D4000064D4000077D40000BC
S1135E2823D4000027D4000070B52D4B04005A7801
S1135E380D00002A4CD05B681B0149D5294802F0A3
S1135E4802FA294802F0FFF9284802F0FCF92378FD
S1135E58012B3ED1264802F0F6F9234802F0F3F963
S1135E68244802F0F0F900220A21606802F009FAD5
S1135E781D4802F0E8F9204802F0E5F900220A2159
S1135E88207A02F0FEF9184802F0DDF91B4802F006
S1135E98DAF900220A21E06802F0F3F9124802F064
S1135EA8D2F90534164802F0CEF900220A21E07F1F
S1135EB802F0E7F90C4802F0C6F9124802F0C3F9F7
S1135EC8280000220A2102F0DCF9074802F0BBF995
S1135ED870BD022B01D10C48BDE70C48BBE7C04696
S1135EE8505300208AD40000F8D200000BD40000DC
S1135EF81ED400002BD400003ED4000051D400006E
S1135F0864D4000099D4000023D4000027D40000EE
S1135F18030010B5042053B10C001134920701D5C5
S1135F2819310C000420FF2C01D800201C7010BD6E
S1135F38F0B505008FB0069316AB1B780F000593D8
S1135F4817AB1B7816000120079345B1069B33B1A4
S1135F58149B23B1159B23B9059B13B104200FB0DF
S1135F68F0BD00230C936B4616201A7F06AB0599E7
S1135F78C018FFF7CDFF0400002800D0A6E0012FC9
S1135F8805D0032FEAD1059B002B00D19DE0FF2209
S1135F980021A81C02F0CBF90722079B3A409B0773
S1135FA8DB0FDB001343079AF601D207920E134363
S1135FB850221E43AB78069913401E43AE70E81C6A
S1135FC8483A02F0A8F92800082214990B3002F084
S1135FD8A2F90223079E079A1E401A4217D0069870
S1135FE80CA900F088FF040000286FD128000422BF
S1135FF80CA9133002F086F92B0017330993012FEB
S11360080CD1099B3C00059E0027089315E02B0042
S1136018133309933700012408960EE02B00183334
S11360280893059B5E1E159BF6B21B78022B3FD086
S11360380127032B01D027000124059B9BB11A00DB
S11360481599099802F05EF9089B63B15EB10C9B3F
S113605820000193149A089B06990096FFF70CFCFC
S1136068002800D07BE7162306AA9B181E78079BF6
S11360789B071AD5331FDBB2AA1C0DA9D7B100910F
S113608820000699FFF7B6FC002800D067E7059BB7
S113609809989C460DA96044042202F033F90C992E
S11360A8069801310C9100F035FF00202E7056E758
S11360B82600AFE702910C99009301911300200088
S11360C8149A0699FFF765FCDEE70424200046E7E6
S11360D8F0B50E0019008DB012AB1B78050017003F
S11360E80124059351B30223152007AC237002AB96
S11360F8C018102202F006F9002203AB1A7011230B
S113610801940293032133002800059A0097FFF7AE
S11361180FFF040090B906AF2B783100AA1C009732
S1136128FFF768FC040048B92878042202303900D3
S1136138281802F0E7F82B7804332B7020000DB0F0
S1136148F0BDF0B58DB00D000590140019000120C4
S1136158ABB1032602AB1430C018102207AF3E704F
S113616802F0D0F8022203AB1A7011230022029322
S113617831002B00059801970094FFF7D9FE0DB064
S1136188F0BDF0B58BB0109C0500160001201A0074
S11361988CB1247805AB03301870640803380440C4
S11361A8844003AF3C700290019328000B000096D2
S11361B80321FFF7BDFE0BB0F0BDF0B58BB017009F
S11361C810AA1278060052B29446129A012032B3E9
S11361D80524157805A80470EA091C1C203320DA64
S11361E84DF6DB33C0F200031C783F231C40447097
S11361F8604605AB98701198D870000A1871119808
S1136208000C58710220054003A80570062001936C
S113621802900B00300003210097FFF789FE0BB0B2
S1136228F0BD63B21F2BE0DD1F24DEE7F0B58BB0B1
S1136238119F160010AA050012780120AFB105AC11
S113624805302070180AA070022063701B0CE370DC
S11362583B78034003A803700423280002930194A5
S11362680B0000960321FFF763FE0BB0F0BD70B579
S113627805008AB0012093B1072405A804701C788E
S1136288012364081C409C4003AE347002930190BF
S11362980B000092032100222800FFF749FE0AB0F0
S11362A870BDF0B5050014001E000120CBB0002914
S11362B800D180E00930002A7DD0AA427BD8063874
S11362C8002B78D0509B002B75D0519B002B72D09B
S11362D8529B002B6FD0539B002B6CD0002302A839
S11362E806931E331B18180009AD2A7002F00AF829
S11362F80522AB781A400592012A00D0ACE01B07AE
S113630845D51925332702AB0A20FF18A54252D8D0
S11363181E2302A95B1819000122300001F0F2FFC4
S1136328272102ABC9180822509801F0F4FF1F2155
S113633802AB51980822C91801F0EDFF509800F0FB
S11363488FFDC0BB09AB9B781B0723D409AB9B7893
S113635808221E00651BEDB2164013422DD10722F8
S113636804961340032B51D13B78022B4ED1043DA4
S1136378EDB208AA00921E2202A9043CE3B2521804
S113638800205099FFF736FB0023059333E01125CD
S11363982F27B8E72F2102ABC91806A8042201F059
S11363A8B1FF509807A900F0C9FD20B9069A079BC8
S11363B814309A42CADC4BB0F0BD5B075B0F012B6B
S11363C83BD0032B36D13B78022B45D07A1C6E1E6A
S11363D80492F6B2032BCCD008AB0293069B02AA14
S11363E801931E23043C9B18509AE4B21100012027
S11363F80094FFF7CEFA0028DDD10422791908A801
S113640806F0F2FA03001420002BD4D109ACA378C7
S11364181B0715D42A003900529801F073FF539BC7
S11364281D70A3781B0703D50699509800F095FDB5
S11364380020C0E700260496CEE72E000497CBE799
S1136448069B509A01931100049B05980096FFF748
S113645897FA0028AFD1DDE70420ACE770B5074D03
S11364680C002B7806223BB10232054906F0BCFA2F
S1136478062208B902002560100070BD5853002098
S11364885953002010B500B910BD0300F8331C6837
S1136498FC22002101F04BFF2000F4E710B5FC2298
S11364A80021054801F043FF04481022002101F0AF
S11364B83EFF002010BDC0466853002058530020FA
S11364C870B504230400A0B10B4D0C4E2B782BB1EE
S11364D80822310006F088FA012350B90822210065
S11364E8300001F00FFFE868FFF7CCFF01232B70A1
S11364F80023180070BDC04658530020595300208B
S113650837B5042448B101A9FFF7A8FF040020B94E
S1136518019DE868FFF7B6FF2C7020003EBD00001F
S113652873B50500042428B3002301A90193FFF7D8
S113653895FF0400F0B9154E34782CBB2A7BA96862
S1136548134801F0DFFE33002A7BF2331A7033005C
S1136558EA89F4331A80FB2132002B7CF6320B4093
S113656813703300F8331C60019BDA6822B9DE60CB
S113657801233370200076BD1300F8321268002A14
S1136588FAD1F8331E60F3E70C24F3E768530020CC
S11365986C53002073B50400042004B30023214D78
S11365A801932E780830D6B92378012B18D0022B02
S11365B822D007384BB9201D01A9FFF74FFF20B996
S11365C8FB22237B023613402B712B000022F83365
S11365D81A6020B9019BDA68E2B9DD602E7076BDD5
S11365E8201D01A9FFF73AFF0028EED1FB22237BE7
S11365F8032613402B71E8E7201D01A9FFF72EFF9E
S11366080028E2D10426237BDBB2B3432B71236930
S1136618AB60DAE71300F8321268002AFAD1F833CB
S11366281D60DBE768530020F0B5070004248FB031
S1136638002840D000241422210004A809AE0394A1
S113664801F075FE21001422300001F070FE3800BC
S113665803A9FFF703FF040068BB039BDD680193EC
S11366684DB328780134013803281AD805F0B0FF4F
S113667802263335082204A8390001F043FE2B1DF5
S11366880693EE331B7802AA13752B00F4331B8888
S113669804A8D3822B00F6331B781376FEF7ACFEDE
S11366A804002B00F833019A1B680021D3602800EA
S11366B8FC2201F03CFE20000FB0F0BD00230822AC
S11366C839000AA8337001F01DFE2B7933733000AA
S11366D8FEF736FFE4E70123F1E702230822390035
S11366E80AA8337006F0F7F92B793373AB68336172
S11366F8EDE700000423024A11780B431370704736
S1136708685400200223024A11780B43137070471F
S1136718685400200123024A11780B431370704710
S113672868540020F8B5150007000E001C00FAF79D
S11367380DFD0822054B9860D96019781F610A433A
S11367489E82DD821C761A70F8BDC046685400200B
S113675810B5FAF7FBFC1022034B9860D96019783E
S11367680A431A7010BDC046685400200E480F4BE7
S113677870B503600E4B0F4D83600F4B03610F4BD5
S113678843600F4BC3602B689847040050B96B698A
S1136798984701F0B1FD202221000A4801F0C7FD05
S11367A8200070BD0F24FBE78854002059670000BF
S11367B82D67000040DB00000D670000FD66000047
S11367C81D6700006854002000207047030010B5BE
S11367D8042049B1012B08D0022B0AD000181BB998
S11367E8064BDB6F9847002010BD044B0620DB6F77
S11367F8F8E7024B0920DB6FF4E7C04640DB0000F2
S1136808030010B5042049B1012B08D0022B0AD08B
S113681800181BB9064B9B6F9847002010BD044B0A
S113682806209B6FF8E7024B09209B6FF4E7C046EC
S113683840DB0000F0B58DB005000F240B910A92DF
S113684868B161B15AB12F4F0D3C7B689847060077
S113685828B92C78012C05D0022C34D0042420002B
S11368680DB0F0BDEA68284923008A4204D0274BBA
S1136878D21853425A41530010216A6969560120BB
S11368880892082600220490079206920592039221
S1136898029601902E7A0096FE69B0472600FB689E
S11368A86868984730007B6D0A999847BB6A0A99CB
S11368B80B9898470400F0B1672820D0663C631E03
S11368C89C411134CBE710216B6969560893012365
S11368D804930433029340F2E8330790069005903A
S11368E8039001902A7AFC695343009346F2A81254
S11368F8EB68A047D3E72800FFF724FAAFE7102492
S1136908ADE7C04640DB000090D00300E05EF8FF2E
S1136918F0B58DB004000B9118B90F2630000DB0F6
S1136928F0BD304F02267B68984705000028F5D152
S11369382678012E03D0022E35D00426EEE7E3682C
S1136948294A3100934204D0284A9B185A42534199
S11369585900002501200B9B227A08950795069576
S11369680495039509930590E36900959BB20293F6
S11369780823BD6901930300A8473500FB686068D4
S11369889847631D2800D97F7B6D98470B9B00258A
S113699803B9256928007B6B98470600E8B1642889
S11369A8BBD11226BAE740F2E832237A08905A4358
S11369B80B9B079009930123069005930490039079
S11369C8E3694CF250319BB2029305230193084BBF
S11369D8BE6900930300B047D0E729002000FFF701
S11369E823FA9BE740DB000090D00300E05EF8FF49
S11369F885450100024B10B51B6E03B1984710BDC5
S1136A0840DB000030B5174D8BB0040002A800F03D
S1136A1895FC2A78531CDBB22B700AB900F0B0FC41
S1136A2802A800F090FC20220F4902A801F06AFC99
S1136A38202200210C4801F07AFC01A800F07EFC19
S1136A482B78013BDBB22B700BB900F0ADFC01A82D
S1136A5800F079FC24B12022200002A901F052FCA4
S1136A680BB030BD4C55002068540020034B1878F7
S1136A78034BC0B21B7803B101207047584F002064
S1136A886854002010B5074C63689847042808D058
S1136A98052802D1231DDB6F9847236B9847E36EC3
S1136AA8984710BD40DB000010B5074C6368984751
S1136AB8052808D0042802D1231DDB6F9847236BCF
S1136AC89847E36A984710BD40DB000010B5084CAE
S1136AD86368984758B10438C0B2012802D8231D06
S1136AE8DB6F9847236B98470020A36D984710BD28
S1136AF840DB00000A4A10B51478030001200B2C6F
S1136B080CD0147A03309C4208D910305843536887
S1136B181A181B5C04200BB100200A6010BDC04683
S1136B280C400020030010B50120F1B10A2B4AD80B
S1136B38180005F04DFD3348060606063D48482171
S1136B482B00022B12D0032B12D0042B12D00520B9
S1136B581E4C1F4A13700823546013725072063B6C
S1136B680B70002300204B708B7010BD194CF0E79C
S1136B78194CEEE7194CECE70922154B1A70184A20
S1136B885A6040F60A121A810223E9E70A22104BD6
S1136B981A70144A5A6040F60722F4E70C4A12485D
S1136BA80023506008201370108102220A70D9E76C
S1136BB80622074B1A700D4A5A6040F201621A8184
S1136BC800230B70CEE70720CFE7C0461CE4000083
S1136BD80C400020FCE500005CE50000BCE400007B
S1136BE854E30000C8E2000028E2000014E20000B8
S1136BF80E4B13B51A78040001200B2A14D06A46E8
S1136C085B7A01A900201371FFF7FAFD6B4601A90D
S1136C1801201C71FFF7F4FD00246B46022001A932
S1136C281C71FFF7EDFD200016BDC0460C40002086
S1136C38F7B507000E0015001C0001206AB163B106
S1136C4859B1380001A9FFF755FF30B9019B1A78EB
S1136C5832705A782A705B682360FEBD0D4B37B5D5
S1136C6814001A780500012308000B2A0ED06CB111
S1136C7801A9FFF73FFF030040B9019A117CA9421B
S1136C8806D9D068916868434018206018003EBD52
S1136C980423FBE70C400020064B01201B780B2B38
S1136CA807D031B1FF230B7012B142F21073136095
S1136CB8002070470C400020054A03001278012088
S1136CC80B2A04D01BB140F6B83200201A60704772
S1136CD80C400020F7B51E000D00170001235EB11B
S1136CE801A9FFF707FF030030B9019A11780129B8
S1136CF804D0022929D004331800FEBD5178154C5C
S1136D0852688C40B4FBF2F440F2E8312A1F624323
S1136D187943521852001AB1611E8A18B2FBF4F270
S1136D28954200D21500A2006C43002135600CB1D5
S1136D3801346108521A40F2E83101D506481218A4
S1136D4892FBF1F208990A60D6E741F6407452784A
S1136D58D8E7C04640420F0019FCFFFF10B5084BA6
S1136D680C001B79062243B10232064905F03CFEA9
S1136D78062210B9044A22600200100010BDC04661
S1136D88AC540020B4540020B0540020F0B585B0B1
S1136D98039306000D000423019270B31A4C1B4F91
S1136DA8237933B108221A4905F01EFE012320BBBA
S1136DB8184F184B542200211800029301F0B7FA17
S1136DC808223100124801F09DFA25B11022290049
S1136DD8114801F097FA019B102219000F4803B9D2
S1136DE8290001F08FFA039B23630A9B6363012341
S1136DF82371029B9F4203D10023180005B0F0BD04
S1136E08237801332370F7E7AC540020045500209D
S1136E18B4540020B0540020BC540020CC540020AA
S1136E28042307B550B101A9FFF798FF030028B957
S1136E38019A034910700A78013A0A7018000EBDC5
S1136E48AC54002010B558220021024801F06FFA12
S1136E5810BDC046AC54002010B5FFF7F3FF10BDB9
S1136E68042307B518B101A9FFF778FF0300180038
S1136E780EBD37B50D00042458B151B101A9FFF76F
S1136E886DFF040028B90199102228000C3101F083
S1136E9839FA20003EBD37B50D00042458B151B16C
S1136EA801A9FFF75BFF040028B901991022280003
S1136EB81C3101F027FA20003EBDF7B50D0004246B
S1136EC8B8B1B1B101A9FFF749FF040088B9019E1F
S1136ED8102237001C372900380005F085FD40B121
S1136EE810222900380001F00DFA01237288134397
S1136EF873802000FEBD13B504230C0040B139B1E2
S1136F0801A9FFF72BFF030010B9019AD26A226086
S1136F18180016BD13B504230C0068B101A9FFF7C6
S1136F281DFF030040B9019AD16AA14204D002218D
S1136F385088D46201435180180016BD13B5042348
S1136F480C0040B139B101A9FFF708FF030010B9DB
S1136F58019A126B2260180016BD13B504230C00A5
S1136F6868B101A9FFF7FAFE030040B9019A116B51
S1136F78A14204D0042150881463014351801800AD
S1136F8816BD37B50D00042458B151B101A9FFF756
S1136F98E5FE040028B9019910222800343101F0D3
S1136FA8B1F920003EBD37B50D00042458B151B1E4
S1136FB801A9FFF7D3FE040028B90198102229007B
S1136FC8343001F09FF920003EBD37B50D0004248C
S1136FD858B151B101A9FFF7C1FE040028B90199BC
S1136FE810222800443101F08DF920003EBD37B548
S1136FF80D00042458B151B101A9FFF7AFFE0400F4
S113700828B9019810222900443001F07BF92000A6
S11370183EBD000070B504000420F4B10F4D0230E9
S11370282B79D3B1EB88C3B108220D49A01C01F018
S113703869F9200010220B490A3001F063F9200095
S113704810221A30084901F05DF900202B6BE36225
S11370586B6B2363EB882380E88070BDAC540020FD
S1137068B4540020BC540020CC5400200821084A01
S113707893788B4393708022064B520599680A4390
S11370889A608022996812060A439A607047C0463B
S113709800100D40FC6F044010B5040010220021BC
S11370A8B13001F044F923000021D433B022200088
S11370B8196001F03CF910BD10B503F0DBFB10BDFD
S11370C80300F0B5D433040018680E00150087B027
S11370D8A0B310231B1A1F000093934200D9170072
S11370E82300C133BAB218183100019301F00AF928
S11370F82200D4321368FB1813600F2B28D9009B85
S1137108AB4225D22000B13003001A78197C4A40DA
S11371181A70019A01339A42F7D1244A2449936890
S1137128F6190B409360936801005B005B08936059
S1137138220003F0ADFBFFF799FFED1B2000C130DF
S1137148102D07D83100AAB2D43401F0DBF8256039
S113715807B0F0BD2700B1373B00009600991A78B4
S113716809784A401A70009A013301320092984211
S1137178F4D11022390002A801F0C4F80B4A0C49D2
S1137188936810360B409360936802A95B005B0810
S113719893600800220003F07BFBFFF767FF1022CF
S11371A8380002A901F0AEF8103DC7E7FC6F0440AF
S11371B8FFFFFFEFF0B50C008BB05E4D10220021ED
S11371C8019002A801F0B3F8AB685B4A02A9134026
S11371D8AB60AB6822005B005B080800AB6003F09F
S11371E857FBFFF743FF02AB1A7800217F2A49D9DE
S11371F818785A784000D209024301311A700133D1
S11372080F29F5D102ABDA7B792352005B42534054
S11372182700D4373868DBB202AAD37310283FD1C9
S113722823002000C133D130197816780132714017
S1137238197001339842F7D121002000B1310B00B5
S1137248C1301A781E7C72401A7001338342F8D117
S113725806A8102201F056F8AB68374A06A913406D
S1137268AB60AB6822005B005B08AB60019803F07D
S11372780FFBFFF7FBFE1022002102A801F057F8CC
S11372880BB0F0BD18785A784000D2090243013196
S11372981A7001330F29F5D102ABDB7B5B00B7E72A
S11372A80022002102AB9A568A4234DA1E785A78B0
S11372B87600D209324301311A7001330F29F5D10E
S11372C802ABDA7B792352005B425340DBB202AA59
S11372D8D37380222318C1331A70431C00260093E9
S11372E8102B01D80F36361AC2303200002120186C
S11372F805F088FB009B2000F61823003E60C1338C
S113730802AAD13019781678013271401970013304
S11373188342F7D190E71E785A787600D20932432F
S113732801311A7001330F29F5D102ABDB7B5B0005
S1137338CCE7C046FC6F0440FFFFFFEFEFF3108378
S1137348036072B67047036883F3108870470000BF
S113735872B6BFF34F8FBFF36F8FBFF34F8F034BDB
S1137368034ADA60BFF34F8FC046FDE700ED00E043
S11373780400FA05704710B5F9F7E4FF10BD0000E2
S11373881220074B10B5185605F090F81220054B3B
S1137398185605F08BF8112005F088F810BDC04682
S11373A880E90000A8E900001220074B10B5185620
S11373B805F068F81220054B185605F063F81120FB
S11373C805F060F810BDC04680E90000A8E9000097
S11373D870B50D00140029000348A2B2F9F7C2FEE3
S11373E80028F8D1200070BD04550020002337B5CB
S11373F80C001500019321000848AAB201ABF9F763
S1137408B5FE0028F7D1019A2100044892B2F9F791
S1137418A9FE0028F7D101983EBDC04604550020B6
S113742810B50249024804F08FF810BD60E9000065
S1137438E458002037B5EFF31080012383F3108854
S11374482D4B196819B92D4AD1704031D1701A6879
S113745801321A6080F3108800250124284929483C
S113746804F018FD00220421264804F09FFD40F290
S1137478E83140F2DC5004F071FF0121214804F0A6
S113748861FD02211F4804F05DFD1F4B64421D6627
S11374981E4B1D6000F026F900F0BEFB29002300F6
S11374A822001B480194009400F0E8F8194B2900C5
S11374B81868022240F20043806805F097F9290011
S11374C8230022001448F9F745FEFFF7A9FF00F04E
S11374D833FC03F0CBF90821104A93788B4393705B
S11374E880220F4B520599680A439A608022996852
S11374F812060A439A6037BD8C5C0020000D0440D4
S113750820E90000A458002000080440C0080440F2
S1137518A84E0020344000200455002000100D40DF
S1137528FC6F044010B5024804F01AF810BDC046B8
S1137538E45800200022014B1A607047545500207B
S1137548054B012800D118601A68D20702D51A68B9
S1137558104318607047C04654550020044B10B5BA
S11375681B68DB0702D50220FFF7EAFF10BDC046FF
S113757854550020034B01201B6810B503B19847EC
S113758810BDC0465055002070B501F0E9FCC00597
S113759802D501F0F1FC70BD72B6BFF34F8FBFF393
S11375A86F8FFFF7E7FFE8B10120FFF7C9FF102548
S11375B80226FFF7B7FF62B6BFF34F8FBFF36F8F93
S11375C872B6BFF34F8FBFF36F8F0A4C23682B42F9
S11375D806D12368334203D1FFF7CCFF0028E8D152
S11375E80023236062B6BFF34F8FBFF36F8F002071
S11375F8D1E7C04654550020014B18607047C04677
S11376085055002010B540F2E83104F0A7FE10BD33
S113761820B10022835E013300D00180704700004E
S11376280022835E10B55A1C0CD04A1E914140F6C4
S11376380070CAB2190101400F20034019430248DF
S113764804F028F810BDC0468C5800200022835E40
S113765813B500205A1C0DD06A46D41D40F600729A
S1137668190111400F22134003482200194303F063
S1137678EBFF207816BDC0468C58002010B502498F
S1137688024803F0B7FB10BDD0E900002C590020D4
S11376981FB50A00002369468B730F2169440A70D9
S11376A80E220A4C0A482370073300936A44063BA7
S11376B803F09CFB80239B02227812B9013B002B28
S11376C8FAD16B46987B04B010BDC04658550020CB
S11376D82C5900200379012B01D1014A13707047FA
S11376E85855002013B500242300220003210E4816
S11376F801940094F9F7D4FB2300220002210B48DB
S113770801940094F9F7CCFB0748F9F7D6FB4342F8
S11377185841074B18700548F9F7CFFB43425841C5
S1137728044B0130187013BD5C55002070550020BF
S1137738985500201840002010B5044C0449200036
S113774804F05CF8200004F08BF810BD9458002075
S113775808E9000010B5074B1B78012B09D102205A
S113776840F28021FAF72FFFFBF744F97F20FAF75C
S113777899FE10BD9855002010B5094C0A20F9F758
S11377888BFB00212000F9F794FB1420F9F784FB04
S113779801212000F9F78DFB0A20F9F77DFB10BDC4
S11377A8444E002010B50348F9F787FB0128FAD0A6
S11377B810BDC046584E002073B5184C01A8FFF7F9
S11377C8BDFD2278531CDBB223700AB9FFF7D8FD3C
S11377D801A8FFF7B8FD124D00212800F9F769FB4D
S11377E8104EC0213000FFF753FF00213000FFF78F
S11377F84FFF01212800F9F75CFBFFF7D3FF01A82D
S1137808FFF79CFD2378013BDBB223700BB9FFF72C
S1137818CBFD01A8FFF797FD73BDC0464C5500206A
S1137828E84E0020A84E0020F0B5204D85B0160083
S113783807000C00FAF798FD03A8FFF77FFD2A78E4
S1137848531CDBB22B700AB9FFF79AFD03A8FFF7A4
S11378587AFD174B002118000093F9F72AFB154B02
S1137868390018000193FFF713FFA619B44216D183
S113787801210098F9F71DFB03A8FFF75FFD2B789A
S1137888013BDBB22B700BB9FFF78EFD03A8FFF7A2
S11378985AFD842F01D0FFF785FF05B0F0BD21788C
S11378A80198FFF7F5FE0134E0E7C0464C55002087
S11378B8E84E0020A84E0020F0B5224D85B01600F1
S11378C80C000190FAF750FD03A8FFF737FD2A785A
S11378D8531CDBB22B700AB9FFF752FD03A8FFF75C
S11378E832FD194B002118000093F9F7E2FA174FFB
S11378F801993800FFF7CCFE00213800FFF7C8FED5
S1137908C3B20193A619B44215D101210098F9F71D
S1137918D0FA03A8FFF712FD2B78013BDBB22B70DA
S11379280BB9FFF741FD03A8FFF70DFDFFF73AFF79
S1137938019805B0F0BD00213800FFF7A9FE2070BA
S11379480134E0E74C550020E84E0020A84E002002
S1137958F0B5234D85B0170004000191FAF704FD32
S113796803A8FFF7EBFC2A78531CDBB22B700AB987
S1137978FFF706FD03A8FFF7E6FC1A4B00211800E1
S11379880093F9F796FA184E0D213000FFF780FEA0
S1137998210A3000FFF77CFEE1B23000FFF778FEE1
S11379A8019CE719BC4214D101210098F9F781FA26
S11379B803A8FFF7C3FC2B78013BDBB22B700BB990
S11379C8FFF7F2FC03A8FFF7BEFCFFF7EBFE05B0D8
S11379D8F0BD21783000FFF75BFE0134E2E7C046D2
S11379E84C550020E84E0020A84E002007B56B46F1
S11379F8D971073301221900FFF7AAFF07BD000058
S1137A08F0B5254E85B0170004000191FAF7ACFCD7
S1137A1803A8FFF793FC3278531CDBB233700AB91E
S1137A28FFF7AEFC03A8FFF78EFC1C4B00211800DF
S1137A380093F9F73EFA1A4D1D212800FFF728FE96
S1137A48210A2800FFF724FEE1B22800FFF720FEF0
S1137A5800212800FFF71CFE019CE719BC4214D141
S1137A6801210098F9F725FA03A8FFF767FC337892
S1137A78013BDBB233700BB9FFF796FC03A8FFF7A1
S1137A8862FCFFF78FFE05B0F0BD00212800FFF768
S1137A98FFFD20700134E1E74C550020E84E00203A
S1137AA8A84E002013B56B46DC1D01222100FFF708
S1137AB8A7FF207816BD0000F0B5204D85B016004C
S1137AC80C000190FAF750FC03A8FFF737FC2A785A
S1137AD8531CDBB22B700AB9FFF752FC03A8FFF75B
S1137AE832FC174B002118000093F9F7E2F9154FFF
S1137AF80E213800FFF7CCFD38000199FFF7C8FDC7
S1137B08A619B44214D101210098F9F7D2F903A8AF
S1137B18FFF714FC2B78013BDBB22B700BB9FFF792
S1137B2843FC03A8FFF70FFCFFF73CFE05B0F0BDCC
S1137B3821783800FFF7ACFD0134E2E74C5500200A
S1137B48E84E0020A84E0020F0B5234D85B017005C
S1137B580C000190FAF708FC03A8FFF7EFFB2A785A
S1137B68531CDBB22B700AB9FFF70AFC03A8FFF712
S1137B78EAFB1A4B002118000093F9F79AF9184EFA
S1137B881E213000FFF784FD01993000FFF780FDC6
S1137B9800213000FFF77CFDE719BC4214D1012114
S1137BA80098F9F786F903A8FFF7C8FB2B78013B7F
S1137BB8DBB22B700BB9FFF7F7FB03A8FFF7C3FB86
S1137BC8FFF7F0FD05B0F0BD00213000FFF760FDC0
S1137BD820700134E1E7C0464C550020E84E0020EF
S1137BE8A84E002010B50221FAF736FD10BD00009A
S1137BF8014B18787047C04618400020014B18788C
S1137C087047C0469855002010B501210148F9F77E
S1137C1850F910BD8455002073B501250024164E73
S1137C282A0030000195009500231D21F9F738F941
S1137C38230022001421114801940094F9F730F923
S1137C482300220032210E4801940094F9F728F900
S1137C5830002A0023002100A43801940094F9F785
S1137C681FF92A0023004321064801950094F9F7D7
S1137C7817F9FFF7C9FF73BDE84E0020584E0020DE
S1137C886C4E00208455002010B500210148F9F7F6
S1137C9810F910BD8455002010B50248F9F70DF904
S1137CA810BDC0466C4E00200122054B0020002167
S1137CB81A751A7000229860D9601A619A837047FD
S1137CC8A055002010B5FFF7EFFF10BD0120034BAE
S1137CD81B789842804140427047C046A055002016
S1137CE810B5064B1C7D2CB99B6903B1984710202D
S1137CF8FFF726FC0120604010BDC046A0550020B7
S1137D080A4B10B5186804F027FA094B094C1B688C
S1137D182268597C112004F0D9FB01232068826869
S1137D28917B0B43937304F017FA10BDD0550020D0
S1137D38C4550020CC55002070B50F4B0F4D104989
S1137D482B60104B104C1148114E1960114B2060D8
S1137D58336004F059F970B93168286804F054F9AB
S1137D6810B1206804F0C6F90B4B0C4A9A61002242
S1137D781A75FFF7C5FF70BD0C590020CC550020BB
S1137D8880E90000C8550020D0550020EC58002098
S1137D98C4550020A8E90000A0550020F90E0000F1
S1137DA8034B1B689B681888C04380B27047C04661
S1137DB8D0550020034B04481B689B681B88C01AD5
S1137DC880B27047CC550020FFEFFFFF054B1B68BE
S1137DD89B681B7A9B0603D5034A13681033136008
S1137DE87047C046D0550020C055002045F65E7344
S1137DF8434382B00193019B034AB3FBF2F301931B
S1137E08019802B07047C046A0860100F7B51E4E1F
S1137E1801A8FFF793FA3278531CDBB233700AB91E
S1137E28FFF7AEFA01A8FFF78EFA184B1F68FFF7A1
S1137E38B7FF174B05001B6801A89B681C7AFFF75E
S1137E487DFA3378A406013BDBB2E40F33700BB937
S1137E58FFF7AAFA01A8FFF776FA47F6FE739D42E0
S1137E6801D804B110372800FFF7C0FF040040F21E
S1137E78E83200233800002104F0BEFB220000236E
S1137E888018594103B0F0BD4C550020C05500205E
S1137E98D055002010B5FFF7B9FF10BDF7B50F0096
S1137EA8514C022839D0002303285ED01D001E003F
S1137EB8012820D122780192012A1CD1FFF77AFFE8
S1137EC8FFF794FF25750600FFF7A0FF43F69823F4
S1137ED89B1B9BB2A060E1602761A3830FB90025B7
S1137EE808E043F69722974214D8BB4212D90423D8
S1137EF8BDB2237001262369002B3DD106332370BC
S1137F08FFF7EEFE2378062B02D1053B2375237079
S1137F183000FEBD02232370E1E72378022B0BD146
S1137F28A28B23699B1A01262361304B22699A424A
S1137F380ED9002323610BE0032B03D123692C4AB8
S1137F489B18F0E7043B0026012BEED82661013686
S1137F5843F6972325699D4203D80423ADB22370C1
S1137F68C9E7032300252370C5E722781D001E00F6
S1137F78052AC0D12361B2E72378042BC8D11D4F49
S1137F882D03386883681B889BB2019304F0A4F816
S1137F9840F2E833B5FBF3F5019B019A5D1BADB2E2
S1137FA8EB1C9BB29A4202D2134BED18ABB23A685F
S1137FB891680A7A9207FCD40888019D82B28542A6
S1137FC805D3101C9A4200D9181C82B202E0019809
S1137FD89842F6D9052311204A80237004F014FA34
S1137FE8386804F0B9F893E7A05500200000FFFFB3
S1137FF868C5FFFFCC55002003F0FFFF70B50400EF
S11380080D0003280FD801281AD811D00021002008
S11380180E4B00229860D96001211A701A611975F3
S11380289A619A830AE00428F0D1FFF73DFE05E03F
S1138038FFF73AFE29002000FFF730FF002004E094
S11380480021FFF72BFF0028EFD070BDA0550020BA
S113805810B501000120FFF7D1FF10BD20210B4B03
S113806810B51B689A68107AC3B2084205D08B43CE
S11380781372074A136810331360FFF727FE18B109
S113808800210220FFF7BAFF10BDC046D0550020DA
S1138098C055002010B5FFF7B9FE0B000A490200CD
S11380A88868C968994202D809D1904207D9121A36
S11380B88B4101204042C1178018594110BD121A42
S11380C88B4110001900F9E7A0550020704710B53E
S11380D8FFF766FE10BD002313B504000193FFF7F4
S11380E85FFE001B80B2012803D9F42301384343FF
S11380F80193019880B216BD70B5EFF30384103C68
S113810864B2200004F080F9094BA400E558AB6878
S11381181C7A084BE4B21B78052B03D100210320F9
S1138128FFF76CFF4022AB6894431C7270BDC046D5
S1138138905C0020A055002010B50249024802F0C6
S11381486BFC10BD2CE90000B4580020002310B5C6
S11381580A480B4C237003700A4802F008FC0123F8
S113816820B980239B02227812B10023180010BD85
S1138178013B002BF7D10123F8E7C046D455002072
S1138188D6550020B4580020F8B51D0000230C4E25
S11381980C4F0D48337014003B7002F0E4FB0123CC
S11381A828B980239B0232781AB100232C80180046
S11381B8F8BD3A7812B9013B002BF4D10123F6E754
S11381C8D5550020D4550020B4580020030010B51C
S11381D872B6BFF34F8FBFF36F8F0079082809D8A1
S11381E8A8B10138072812D804F0F2F91B17110DA9
S11381F81111110B0300EF22103B134201D0402848
S113820805D1094B0AE09868C0B2F8F765FA62B676
S1138218BFF34F8FBFF36F8F10BD044B01221A7049
S1138228F5E7034BFAE7C046D4550020D65500209D
S1138238D555002007B56B46D91D087001220020CA
S1138248FFF784FF07BD10B504000020205600B9CD
S113825810BDFFF7EFFF0134F7E770B505000F26EF
S113826801398C00231D00D170BD2800E040304046
S1138278092804D83030FFF7DDFF043CF2E7373033
S1138288F9E7F7B505000E000192002803DA2D205E
S1138298FFF7D0FF6D4201230A221C00B34204D326
S11382A801260A27002C04DCF7BD01335443DBB252
S11382B8F4E7012C00D1002695FBF4F292FBF7F3C6
S11382C87B43D31A00936B461878012E0DD160B9FD
S11382D8019B13B11800FFF7ADFFFF22009B134069
S11382E8634394FBF7F4ED1ADCE7303040B2FFF750
S11382F8A1FF0026F1E70000014B18607047C04653
S11383081C400020002310B5934200D110BDCC5C62
S1138318C4540133F8E7531EC018002330B59A42F9
S113832800D130BDCD5C5C4205550133F7E710B58B
S113833804F068FB10BD10B5F8F75AF90138C0B25B
S113834810BD10B5F8F72EF90138C0B210BD000001
S113835810B5F8F79FF900F02DF9012804D140F27F
S11383680021034800F0EEF9F8F78AF910BDC04679
S1138378D75500200023CA5E30B504000020012A26
S11383880FDD0023E356222B0BD1213BE056222894
S113839808D11DB2013A0020954202DB013B601C62
S11383A80B8030BD013318B28242EFDC0020F8E7BD
S11383B80200811C002010B51378000184B2180053
S11383C83038C0B2092805D918006138052806D8FC
S11383D8573BD8B2013220439142EDD110BD180069
S11383E84138052801D8373BF3E74FF6FF70F5E726
S11383F80023F0B59DB26C00A4B2AA4204D80023AD
S1138408520092B28354F0BDCD5CAC462D092F00C6
S1138418664630379F2E01D937352F000F2607556A
S1138428651CCC5CADB2344027003037092C01D927
S11384383734270047550133DCE7F0B587B003909C
S11384480191029213B9042007B0F0BD019A5400B7
S11384589C42F8DB00252E00E41A24B205AF019BE8
S1138468B34220DDB4B9029A6B1C525D1DB23A7056
S11384780024029B6A1C5B5715B238007B70FFF717
S113848897FF4FF6FF739842DDD0039B985501364A
S113849836B2E4E73023A4B23B70012CE8D0023CA6
S11384A8302324B2E9E70020CEE7F7B505000E0033
S11384B8012A16D9012314001C401A4211D14FF67F
S11384C8FF775308019360003018FFF771FFB84233
S11384D807D02855019A0134A3B29A42F3D8002050
S11384E8FEBD0420FCE7030030B571B141180A242D
S11384F8002000229A566043303AD5B2092D04D898
S1138508013310188B42F4D130BD01204042FBE7FF
S113851810B50400F8F742F910B10548FFF793FEC7
S11385282000FFF790FE0348FFF78DFE10BDC046FC
S1138538F8D20000FBD2000010B50400F8F736F9B1
S11385480448FFF780FE2000FFF77DFEF8F770F976
S113855810BDC04650D3000070B505000E001400CD
S1138568F8F724F90548FFF76EFE3100280062B2D7
S1138578FFF787FEF8F75CF970BDC04650D30000DA
S113858810B500F0B5FF08B100F07BFF10BD000086
S113859810B50400012802D00024200010BD00F00A
S11385A897FF00F083FF0028F6D1014B1C70F4E715
S11385B820400020014B18787047C0462140002015
S11385C810B5FEF737FF1348FFF716F800F0D0FF91
S11385D80120FFF7DDFF012805D10F4B1A780F4B57
S11385E81A70FFF7B5FEF8F75BF850B1F8F768F9B9
S11385F8094B1A78094B1978914202D01A70FFF77F
S1138608A7FE00F0E3FFFEF7B5FF0028EBD000F06B
S1138618E9FFE8E789850000204000202140002088
S113862813B5F8F7D9F9C0B2012826D16B469C1CBA
S1138638210001A8F8F7D8F90022A35E012B1CD168
S1138648019B1B785BB2312B10D0372B0BD0302B0E
S113865813D16B465C1C200001F04AF8207801F025
S113866827FC002016BD002000F06EFF0448FFF729
S1138678EAFDF8F7DDF801F0B5F90420F2E7C046A1
S1138688BFD5000010B50A4CF8F790F80948FFF771
S1138698DAFD0221E078FFF7E0FD0748FFF7D3FD94
S11386A8A0780221FFF7D9FDF8F7C2F8002010BD21
S11386B8F0E80000ACD4000052D9000010B5012045
S11386C801F08CFC002010BD00B589B001A801F0B0
S11386D845F8082201A903A8FFF78AFE03A8FFF7B3
S11386E82BFF002009B000BD1FB500F039FC00BA0B
S11386F804226946009001A8FFF77AFE01A8FFF753
S11387081BFF002005B000BD30B585B0F8F764F94B
S1138718C0B20424012811D16B469D1D290002A86A
S1138728F8F762F921002B88029A03A8FFF785FE5F
S1138738040018B9039800BA00F0FAFB200005B049
S113874830BD000010B5044B044A1860044B19806E
S11387581423F8F775F810BDE45700204CE700001F
S1138768E257002010B530B1142805D8034B800017
S1138778C058FFF7E1FE10BD0148FAE7F4E600002F
S1138788C9D4000013B5F8F727F9C0B2A8B1012875
S11387980DD16B469C1C210001A8F8F725F9217816
S11387A80198FFF7A0FEC0B238B1012815D00424FF
S11387B82000FFF7D7FF04240DE001F0E5FB10B11A
S11387C8002000F0C1FE01F015FB04000028EFD1E1
S11387D80120FFF7DDFE200016BD034811220349DE
S11387E8083004F078F9EEE704580020DCE80000CB
S11387F837B5F8F7F1F8C4B2012C24D16B469D1CA7
S1138808290001A8F8F7F0F829780198FFF76BFE1A
S1138818C0B21F2817D803F0DBFE102B1616291632
S1138828271B1116161616161616161616161616CB
S113883825232116161616161F1D0024200001F0E4
S113884837FB08B93EBD0420FFF78CFF0420F9E785
S11388580824F3E70A24F1E70924EFE70524EDE700
S11388680424EBE70324E9E70224E7E70724E5E720
S11388780624E3E737B56B46DD1D280000F038FF12
S1138888040010BB28780A281AD803F0A1FE061998
S11388980D0F11130B19191517000D48FFF74CFE8E
S11388A820003EBD0B48F9E70B48F7E70B48F5E70E
S11388B80B48F3E70B48F1E70B48EFE70B48EDE704
S11388C80B48FFF739FE0424EAE7FFF74BFFFAE702
S11388D8D8D40000DDD40000E2D40000E8D40000BD
S11388E8EFD40000F6D40000FDD4000003D5000046
S11388F80DD500001FB5F8F76FF8C0B2012804D0F1
S11389080420FFF72FFF042012E06B469C1C210073
S113891801A8F8F769F808212388019A02A8FFF743
S11389288CFD0028ECD102A800F0F8FE0028E8D15C
S113893804B010BD13B5F8F74FF8C0B2012804D03D
S11389480420FFF70FFF042012E06B469C1C210053
S113895801A8F8F749F80023E15E0229F0DC019840
S1138968C9B2FFF7C0FDC0B200F018FF0028E8D173
S113897816BD37B56B46DD1D280000F01DFF040049
S113898830B9220002212878FFF7E6FD20003EBD19
S1138998FFF7E8FE0424F9E713B5F8F71DF8C0B2A9
S11389A8012804D00420FFF7DDFE042012E06B4602
S11389B89C1C210001A8F8F717F80023E15E02299E
S11389C8F0DC0198C9B2FFF78EFDC0B200F004FFD5
S11389D80028E8D116BD37B56B46DD1D280000F028
S11389E809FF040030B9220002212878FFF7B4FDFA
S11389F820003EBDFFF7B6FE0424F9E7F7B5F7F704
S1138A08EBFFC4B2012C04D00420FFF7ABFE042012
S1138A182AE06B469D1C290001A8F7F7E5FF00230F
S1138A28E95E0429F0DC0023012720001A00019DD7
S1138A38C9B27F42DCB2A1420BD9EC56E6B2B446C5
S1138A480BB92D2E17D030267642B4446646092E2B
S1138A580BD95043030080339BB2FF2BD4D840B2C8
S1138A6800F0D8FE0028D0D1FEBD0A267243303C5F
S1138A78A2180133DEE73800FBE737B56B46DD1D86
S1138A88280000F0D9FE040038B90020220004218F
S1138A982856FFF761FD20003EBDFFF763FE04245E
S1138AA8F9E713B5F7F798FFC0B2012804D00420FA
S1138AB8FFF758FE042014E06B469C1C01A8210013
S1138AC8F7F792FF0023E05E0128F0D1019B1B78A1
S1138AD85BB2302B06D0312BE9D100F0C5FE00285B
S1138AE8E6D116BD0020F8E737B56B46DD1D280032
S1138AF800F0CCFE040040B92B7823B90548FFF7F1
S1138B081BFD20003EBD0448F9E7FFF72BFE0424B3
S1138B18F7E7C04621D5000039D5000030B589B043
S1138B28F7F75AFFC5B26B1E012B04D90420FFF7CF
S1138B3819FE04202CE06B4601A8991CF7F754FF92
S1138B486B4602AC5B8808212000019AFFF775FC8C
S1138B5803000028EAD1E25CFF2A03D10133082B81
S1138B68F9D10024022D15D16B4601A8991CF7F7F9
S1138B783BFF6B4610215B88019A04A8FFF75DFC54
S1138B880028D3D1200004A900F0B2FF0028CED1D8
S1138B9809B030BD200001F07BF8F7E71FB5F7F7FF
S1138BA81BFFC0B2012818D16B469C1C210001A8E8
S1138BB8F7F71AFF08212388019A02A8FFF73DFC5A
S1138BC858B902A800F0C4FE040038B9F7F7ECFE5F
S1138BD8054B9880200004B010BD04242000FFF742
S1138BE8C1FD0424F6E7C046D857002013B5F7F7AB
S1138BF8F3FEC0B2012804D00420FFF7B3FD04201B
S1138C0814E06B469C1C01A82100F7F7EDFE002335
S1138C18E05E0128F0D1019B1B785BB2302B06D0B3
S1138C28312BE9D100F048FE0028E6D116BD00201A
S1138C38F8E7000037B56B46DD1D280000F04EFE4E
S1138C48040040B92B7823B90548FFF775FC2000C8
S1138C583EBD0448F9E7FFF785FD0424F7E7C0465D
S1138C6850D5000068D5000007B5F7F7B5FEC0B2C7
S1138C78012804D00420FFF775FD042011E06B4699
S1138C8801A8991CF7F7B0FE022268460199FFF77C
S1138C980CFC0028EED16B46187800F043FE00283F
S1138CA8E9D10EBD13B50322002101A8FFF73FFB4C
S1138CB8684600F043FE040048B901A80122694649
S1138CC8FFF796FB01A8FFF737FC200016BDFFF756
S1138CD849FD0424F9E700001FB5F7F77DFEC4B287
S1138CE8631E012B30D86B4601A8991CF7F77CFE4C
S1138CF86B46019A08215B8802A8FFF79EFB0200D5
S1138D0810BB0100022C11D16B4601A8991CF7F77E
S1138D186BFE6B460198991CFFF72CFB010098B178
S1138D286B4602229A5EFF2A0EDCD2B244F200039A
S1138D3802A800F0FFFF040038B9F7F735FE054B29
S1138D481880200004B010BD04242000FFF70AFD99
S1138D580424F6E7D857002030B585B0F7F73CFE71
S1138D68C5B26B1E012B30D86B469C1C210001A890
S1138D78F7F73AFE019A0821238802A8FFF75DFB5A
S1138D88020010BB0100022D11D1134D210001A8CE
S1138D98F7F72AFE228801992868FFF786FBA0B90D
S1138DA80022A35E2968DA0FD2185210D2B248F210
S1138DB8000302A800F0BEFF040038B9F7F7F4FD79
S1138DC8064B5880200005B030BD04242000FFF76E
S1138DD8C9FC0424F6E7C046E4570020D85700200D
S1138DE81FB5F7F7F9FDC0B2012818D16B469C1CD2
S1138DF8210001A8F7F7F8FD08212388019A02A8A1
S1138E08FFF71BFB58B902A800F0BCFD040038B9F1
S1138E18F7F7CAFD054BD880200004B010BD042420
S1138E282000FFF79FFC0424F6E7C046D85700202B
S1138E381FB5F7F7D1FDC0B2022823D16B4601A8AC
S1138E48991CF7F7D1FD6B4608215B88019A02A8A3
S1138E58FFF7F3FAB0B96B4601A8991CF7F7C4FDFC
S1138E686B4601989978FFF73EFB010002A800F0D1
S1138E789FFD040038B9F7F797FD054B18812000CA
S1138E8804B010BD04242000FFF76CFC0424F6E7AA
S1138E98D857002013B5F7F79FFDC0B2012804D0B6
S1138EA80420FFF75FFC042014E06B469C1C01A817
S1138EB82100F7F799FD0023E05E0128F0D1019B1A
S1138EC81B785BB2302B06D0312BE9D100F08EFD34
S1138ED80028E6D116BD0020F8E7000037B56B4638
S1138EE8DD1D280000F088FD040040B92B7823B963
S1138EF80548FFF721FB20003EBD0448F9E7FFF7CA
S1138F0831FC0424F7E7C0467FD500008FD5000064
S1138F1810B530B1082805D8034B8000C058FFF7B6
S1138F280BFB10BD0148FAE7CCE600009ED5000013
S1138F3843F2001310B5034A03401360FCF7E6FD3F
S1138F4810BDC046E8570020002210B5034B40F27C
S1138F5800101A60FFF7ECFF10BDC046E857002068
S1138F68034B10B51C68FCF7D9FD204310BDC0465F
S1138F78E857002001207047F8B572B6BFF34F8F49
S1138F88BFF36F8FFEF7F6FA18B30120FEF7D8FA8D
S1138F9810250226124C276862B6BFF34F8FBFF321
S1138FA86F8F2368BB4203D1FEF7E4FA0028F8D197
S1138FB872B6BFF34F8FBFF36F8F23682B4206D16E
S1138FC82368334203D1FEF7D5FA0028E2D1FEF72D
S1138FD8B1FA62B6BFF34F8FBFF36F8F0120F8BDAC
S1138FE85455002070B50400FFF7BAFFC00446D5F5
S1138FF82848FFF728F92848FFF725F92748FFF7F5
S113900822F9002203212000FFF73BF9244D2248CE
S1139018FFF719F92348FFF716F900220A21E8692E
S1139028FFF72FF91C48FFF70EF91F48FFF70BF954
S113903800261E4C0221A05D0136FFF70EF9082E0A
S1139048F7D11548FFF7FFF830341948FFF7FBF854
S1139058002203212078FFF714F91648FFF7F3F8E4
S11390680D48FFF7F0F81448FFF7EDF800242B003B
S113907850331B78A34203D80748FFF7E4F870BDC0
S11390882B194033022118780134FFF7E6F8E4B2CB
S1139098EDE7C046D3D70000F8D20000E2D70000BD
S11390A804580020F1D7000000D8000024580020FC
S11390B80FD8000096D300001ED800007FB5050025
S11390C80A22364901A803F006FDFFF749FF800488
S11390D862D53348FFF7B7F83248FFF7B4F82E00E3
S11390E83148FFF7B0F8AC1C0A3620780221013465
S11390F8FFF7B3F8B442F8D12A48FFF7A4F82E00D2
S11391082A48FFF7A0F81A36207802210134FFF71D
S1139118A4F8B442F8D12348FFF795F82E00244860
S1139128FFF791F82A36207802210134FFF795F8E1
S1139138B442F8D12B88DB0705D51E48FFF783F81E
S113914801A8FFF780F81748FFF77DF81A48FFF7DA
S11391587AF80821E86AFFF780F82B889B0705D579
S11391681448FFF770F801A8FFF76DF80D48FFF7EA
S11391786AF81248FFF767F80821286BFFF76DF8BB
S11391882B885B0705D50B48FFF75DF801A8FFF7A7
S11391985AF80448FFF757F87FBDC0469FD8000027
S11391A82DD80000F8D2000046D8000057D8000097
S11391B868D8000050D3000079D800008CD800008B
S11391C843F6FF7210B54388040093420AD95A043F
S11391D809D5094B1888F7F7E1FB207848B90748FF
S11391E8FFF7AAF910BD1BB2002BF6DA024B588818
S11391F8F1E7FFF78DFEF5E7D8570020BFD500004B
S113920837B504002E48FFF783F92E48FFF71BF8FB
S1139218002561680122491901A8FFF7E9F8013519
S113922801A8FFF710F8082DF3D12748FFF70BF82A
S113923800220121A07CFFF724F82348FFF703F854
S113924800220121607CFFF71CF81F48FEF7FBFF92
S113925800220321207BFFF714F8237BE3B9F7F7F7
S1139268E7FA1A4B1B7EB3B11948FFF751F91548B1
S1139278FEF7E9FF002203210E23E05EFFF701F861
S11392881148FEF7E0FF1020002203212056FEF7C4
S1139298F8FFF7F7CDFA37BD0B48FEF7D4FF0025E2
S11392A8237BAB42DBD9A1680122491901A8FFF746
S11392B89FF8013501A8FEF7C6FFEDB2F0E7C046F6
S11392C8A9D8000050D30000AFD8000004580020EB
S11392D8C6D70000037870B50400012B16D0022B02
S11392E83AD083B9244B9888F7F758FB2348FFF7FB
S11392F80FF92348FEF7A7FF23792BB92148FEF776
S1139308A2FFF7F795FA70BD1F48F8E71A4BD888FB
S1139318F7F744FB1D48FFF7FBF81948FEF793FFDE
S11393282579BDB906202A0003212056FEF7A9FF96
S11393381748FEF788FF05202A0003212056FEF768
S1139348A0FF1348FEF77FFF2A000821A068FEF754
S113935898FFD6E70F48D2E7074B1889F7F71EFBA3
S11393680D48FFF7D5F80648FEF76DFF2379002B63
S1139378F0D10A48C3E7C046D85700208ED700006A
S113938850D30000B1D8000018D60000B4D70000AC
S1139398AFD800002AD60000BDD70000BFD5000012
S11393A80378F7B5040013B1022B16D0F7BD214892
S11393B8FFF7AEF82048FEF746FF251D0C342900B8
S11393C8012201A8FFF714F8013501A8FEF73BFFB5
S11393D8A542F4D1F7F72CFAE8E71848FFF798F80C
S11393E827001548261DFEF72EFF35000C372900E7
S11393F8012201A8FEF7FCFF013501A8FEF723FFAF
S1139408BD42F4D10E48FEF71EFF00220121207C44
S1139418FEF737FF0A48FEF716FFE0680022062128
S1139428FEF72FFFF7F704FA3000E16800F058FD63
S1139438BCE7C046C0D8000050D30000C8D800001C
S1139448AFD80000037870B50400CBB98388051D34
S1139458DB0704D5210006301E3100F061FBA38828
S11394689B0703D5216BA01D00F07CFBA3885B0739
S113947803D5616BA01D00F08EFB2800FFF71EFECC
S113948870BD10B5FFF776FD0400F7F713F94342F2
S1139498584140420440200010BD00000122024B04
S11394A829331A707047C0460458002070B5074C19
S11394B823783BB900F026F901252B0018B900F0F0
S11394C81FFC25700023180070BDC046EC5700200F
S11394D870B5064D2C78012C05D100F075FB00F011
S11394E815F908B928700024200070BDEC57002035
S11394F8034B1878013843425841C0B27047C046FC
S1139508EC57002010B511220749084803F0E3FA84
S113951834220021064803F075FA38220021054850
S113952803F070FA10BDC046DCE800000C580020B7
S1139538585800202058002010B5024800F04EFD6D
S113954810BDC046070000F810B518B9F7F70CF8B5
S1139558F7F776F8FFF7D6FFFFF7EEFF10BD10B563
S113956800F012FD10B10020FFF7EEFF10BD00005F
S113957810B5FFF7E9FCFFF7F2FF00F03BFC03002E
S1139588072810D102220C4B1A7200F033FC030096
S113959828B90A48FEF757FEF7F74AF910BD072815
S11395A801D10748F6E70F2B01D10648F2E7042B4F
S11395B8F4D10548EEE7C04604580020D4D800008A
S11395C814D900002DD9000054D9000010B5044B5B
S11395D81B78012B03D100F0B1FCFBF7B9FA10BDDD
S11395E8EC570020012010B5034B1B78834202D1AD
S11395F8FCF7EAF8002010BDEC57002070B50A4AC1
S1139608030012780C00100052B1084D190008220A
S1139618280003F0E9F9030000200BB90CB928006D
S113962870BD2370FBE7C0468858002058580020B6
S113963813B5040008220021684603F0E3F9082260
S11396486946200003F0D0F9002360B10822FF2105
S1139658684603F0D7F908226946200003F0C4F9E4
S1139668431E9841C3B2180016BD0000F7B50500A3
S1139678170000260F4C019123682B4211D0636810
S11396882BB18021019A09065218934209D1227BF1
S1139698607BA168FEF755FE236800B91E439D430D
S11396A81DB1054B10349C42E6D10FB12E403E60EB
S11396B8F7BDC0469CE60000CCE6000070B5050086
S11396C8094C23682B420AD063685B003BB9227BB0
S11396D8607BA168FEF72FFE23689D431DB1034BF1
S11396E810349C42EDD170BD9CE60000CCE600002D
S11396F8030001201BB10020014A127A1A70704736
S11397080458002010B5FBF7EFF910BD10B5FBF7AE
S113971805FA0400FBF71CFA200010BD30B501005F
S1139728042485B0A8B1082201A803F0D4F90020C4
S113973801A9FBF7BDFD040058B9074D082228000C
S113974801A903F051F920B10822280001A903F066
S1139758C2F9200005B030BD0E5800207FB50500C1
S11397680424B0B1002001A9FBF762FD040080B90C
S1139778094E0822300001A903F036F920B1082265
S1139788300001A903F0A7F90822280001A903F071
S1139798A2F9200004B070BD0E5800201FB501A91D
S11397A8040008700120FBF783FD08B9014B9C7481
S11397B804B010BD0458002030B5040085B004205E
S11397C83CB101AD29000338FBF732FD08B92B7809
S11397D8237005B030BD00001FB501A9040008704E
S11397E80220FBF765FD08B9014BDC7404B010BD19
S11397F80458002030B5040085B004203CB101AD04
S113980829000238FBF714FD08B92B78237005B03A
S113981830BD00001FB501A9040008700320FBF740
S113982847FD28B91422034B9A56A24200D01C754E
S113983804B010BD0458002030B5040085B00420DD
S113984874B101AD29000138FBF7F2FC40B90023DB
S11398581421044AEB565156994200D013752370CB
S113986805B030BD045800201FB501A904000870D4
S11398780420FBF71DFD20B9034B5A7DA24200D0FA
S11398885C7504B010BDC0460458002030B504000F
S113989885B004205CB101AD2900FBF7C9FC30B9DF
S11398A8044A2B78517D994200D05375237005B032
S11398B830BDC046045800201FB501A90400087033
S11398C80520FBF7F5FC20B9034B9A7DA24200D092
S11398D89C7504B010BDC0460458002030B504007F
S11398E885B0042064B101AD29000130FBF7A0FC68
S11398F830B9044A2B78917D994200D0937523702E
S113990805B030BD045800201FB50C000822010022
S113991801A803F0E0F801A906200394FBF7C8FCAA
S113992804B010BD87231840034BDA7D824200D06F
S1139938D87500207047C04604580020030004204E
S11399481BB10020014AD27D1A70704704580020C8
S113995830B5040087B001AD14220021280003F0BB
S113996851F824B10822210002A803F0B4F8044BEA
S11399782800DB7D2B73FBF7E3FD07B030BDC04641
S1139988045800207FB50100042069B101236A4608
S113999802A81371082203F09EF86A46034B01A833
S11399A8DB7D1374FBF7CCFD07B000BD0458002021
S11399B8030010B504200C0086B07BB1022269466E
S11399C802A80A711900063203F085F86A46044BA6
S11399D801A8DB7D05941374FBF7B2FD06B010BD36
S11399E80458002010B5FDF7B3FC10BD014B1876E0
S11399F80020704704580020030004201BB10020F5
S1139A08014A127E1A70704704580020F0B5060007
S1139A1889B01700042000910193002E62D010220F
S1139A28002104A802F0EEFF009B0BB904AB0093DD
S1139A3807B904AF02ABDD1D29003000FFF7DEFDD6
S1139A48040030B9284B01201B78002B4AD12C7014
S1139A58264C230030331B78002533B90822310003
S1139A682000802503F037F82D062600083610223A
S1139A783000009902F0B8FF38B110223000009984
S1139A8803F029F88023DB051D432600183610222D
S1139A983900300002F0A8FF38B110223900300034
S1139AA803F019F880239B051D43A36A019A934286
S1139AB803D080235B05A2621D43E36A0E9A934296
S1139AC80AD080231B05E2621D4302AB0022280052
S1139AD8D979FFF7CBFD01E0002DF6D10123002051
S1139AE83034237009B0F0BD88580020585800203D
S1139AF8F7B505000E00042480B179B101270023CD
S1139B087F421A000097FBF73FFC040030B90300BA
S1139B180200310028000097FFF778FF2000FEBDFF
S1139B2873B504230D0078B16B46DE1D3100FFF7D1
S1139B3865FD0123040038B11834102229002000DF
S1139B4802F052FF10B90023180076BD2900102234
S1139B58200002F0C0FF8020002231788005FFF742
S1139B6885FDF0E737B50C00042250B16B46DD1DC6
S1139B782900FFF743FD012218B1826AA24202D1EB
S1139B88002210003EBD846280200022297840050E
S1139B98FFF76CFDF4E737B50C00042250B16B46AF
S1139BA8DD1D2900FFF72AFD012218B1C26AA2426D
S1139BB802D1002210003EBDC46280200022297810
S1139BC80005FFF753FDF4E710B5044C2000F7F740
S1139BD8B7F90023033C237010BDC0463058002059
S1139BE8F8B50D4E350028352B78A3B10B4F082254
S1139BF8390002F0F9FE040068B9FFF7E5FF08220E
S1139C082100380002F0FEFE220021000620F46143
S1139C182C70FFF72BFDF8BD0458002024580020B1
S1139C28F7B5040000282CD06B46D91DFFF7E6FCD5
S1139C38050008B90120FEBD2000FFF7D1FF34223A
S1139C480021280002F0DEFE6B46F8200022000600
S1139C58D979FFF70BFD0020EDE72800FFF7C0FFD7
S1139C6821003422280002F0CDFE22002100300019
S1139C78FFF7FCFC3C0034356B46DC71002CECD05F
S1139C88D8E7F8260127014D3606F5E7585800208D
S1139C9870B50500FBF796FB040010B92800FFF720
S1139CA8BFFF200070BD000013B50020FBF78AFB3E
S1139CB80F4C2000FFF7BCFC23003033187000233E
S1139CC80C491A0090B1C85C00B10A000133102B8A
S1139CD8F9D1094B0949181DC06F0090DB6F2000AA
S1139CE8FBF752FB10B12000FFF79AFF13BDC046E3
S1139CF8585800207058002004580020605800204C
S1139D0810B50A4C230028331B786BB1FFF75CFFAE
S1139D18E3694BB140F2E831054C59432000F7F7A9
S1139D280DFA2000F7F77EF910BDC046045800204C
S1139D3830580020F0B50E0015001F00042487B029
S1139D4808B119B92AB1200007B0F0BD0424EE2ADD
S1139D58F9D801AC01000822200002F0BCFE064B31
S1139D682573E7810396DB7D20002374FBF744FB0E
S1139D780400FFF7C5FFE6E70458002070B58EB06D
S1139D8838220021684602F03DFE154E3822694605
S1139D98300002F029FE134D38B100212800FFF7E6
S1139DA82DFC040088B1012333730F4C2800E169AA
S1139DB8FFF7AAFD28340D480D49F7F791F82378E1
S1139DC80BB1FFF79DFF0EB070BD010038223000C3
S1139DD802F018FE220021000620FFF747FCE4E702
S1139DE8205800202458002004580020305800200F
S1139DF8A59400002148224B70B50360214B224CE6
S1139E084360224B8360224BC360224B0361217A57
S1139E18FAF7AEFD050078BB1F4E3000FFF77EFC55
S1139E2810B13000FFF79AFCA07CFFF7B7FC10B123
S1139E381A48FFF7C1FCE07CFFF7CEFC10B11848C4
S1139E48FFF7D8FC14202056FFF7E4FC10B115489E
S1139E58FFF7F2FC607DFFF707FD10B11248FFF72A
S1139E6815FDA07DFFF728FD10B11048FFF736FD5A
S1139E78FFF71AFFFFF782FF280070BDF057002094
S1139E88C99100000992000004580020DD920000E6
S1139E98A99300004D9400000E5800201658002085
S1139EA81758002018580020195800201A58002064
S1139EB870B507240A280ED840F27D630125C340F3
S1139EC82B4208D0054B1872FFF794FF040010B911
S1139ED82800FEF75DFB200070BDC0460458002032
S1139EE8F8B504000E0018B3124F01000822380018
S1139EF802F07AFD002528B108222100380002F07A
S1139F08EAFD04350C4CE369B34202D00223E6614E
S1139F181D433800E169FFF7F7FC25B1002228004A
S1139F281100FFF7A3FB012328342370FFF7E8FE91
S1139F38F8BDC046245800200458002070B50F4DC1
S1139F4803242B0028331B78B3B12B0029331A7848
S1139F5800248AB11C70EE7D032332009A432B003F
S1139F68EA7550331A78064923000648FFF7E2FEDB
S1139F78EE750400FFF736F8200070BD0458002081
S1139F88445800202458002070B5114C08220021A0
S1139F98200002F037FD0120FFF790FB0822200083
S1139FA80C4902F021FD050001207DB9637A834242
S1139FB80CD10530FFF782FBF8200006FFF77EFB83
S1139FC80548FFF735FB84342070280070BDC0466F
S1139FD804580020F4E800005858002037B501253B
S1139FE80400284209D008220D490E4802F073FDE6
S1139FF80021280001AAFFF739FB06232000184096
S113A0081C4203D0002101AAFFF730FBE40EE0064E
S113A0181CB1002101AAFFF729FB00203EBDC04660
S113A02883D900000458002010B5FEF7C9FA10BD02
S113A03810B518B90122054B1A7010BD0228FCD1BD
S113A048034B0448596801F0BBFBF6E790C07E4017
S113A058FCE800008C58002010B5FFF7E5FF00204D
S113A06810BD30B51D00836949005B690400C95AF5
S113A078222031B1E0680B18095A00200433296002
S113A088136030BD030070B5002504000833DB6F8E
S113A09805609A6818685269904728006560A56049
S113A0A870BD0A2370B58360036C01000133036437
S113A0B803000833DC6FC268A36820685D68403118
S113A0C80823A84770BD41B1436813B14368022B04
S113A0D803D104234360033B83607047F0B585B024
S113A0E8019300238377030008330400D86F83683F
S113A0F80068DD6802AB0733A8470500E0B906002D
S113A108A37F104F33B901210136080002F026F964
S113A118BE42F5D1230058331A7801990A70BE4219
S113A1280DD01A78022A07D01A78032A04D040F2EC
S113A138F4151B7859342370280005B0F0BD142594
S113A148FAE7C04640420F000223F0B5060085B086
S113A15802AAD371C268040015004BF6AD678836AD
S113A168336801919B180835436163699D421BD28A
S113A178019BB3B102AB0422290020000733FFF787
S113A188ADFFA0B902ABDB79022B0DD0A16933680E
S113A198CA6828880A3252009B1A834209D22120AD
S113A1A803E0A36E9D42F1D10020A566256105B0A8
S113A1B8F0BD0322EB1D1B1893435A88BA42EED113
S113A1C81A884869E1685200691A11521A881D1DD3
S113A1D8E265CAE710B50400436E0021C3608369D1
S113A1E81A6958690132520002F00CFC002120005F
S113A1F8FFF7AAFF10BDF8B50400032583694900D9
S113A2085869626E435A26699B18E3671B88221DA6
S113A2180B33AB43D367E2689B19B71A4752210043
S113A2288831096800205218934205D92000FFF7A5
S113A238D1FF01236560A360F8BD0000030070B579
S113A2480026083386770400D86F836800689B6803
S113A2589847050048B1280070BD0121080002F0A4
S113A2687DF80A4B01369E420DD0A37F002BF4D013
S113A278230058331A78002AEDD01B78593440F259
S113A288F4152370E7E71425E5E7C04640420F00BC
S113A298F8B5436804000020032B22D0261DF56F6F
S113A2A8202D00D9202527001F372A003800E16F08
S113A2B802F011FC0623A36023000833D86F390089
S113A2C8836822695B6800689C462B006746B84728
S113A2D823695B192361E36F5B19E367F36F5B1B06
S113A2E8F367F8BD10B504008369616F1A69013119
S113A2F8914200D9002161675A694800825A002AAC
S113A308F3D0236F8B4207D02000FFF774FF10B9F6
S113A3182000FFF7BDFF10BD23692000A367FFF7E6
S113A328C0FEF8E7F7B50400019308000223A56905
S113A33811002E6963602066984207D000216B697A
S113A3484A009A5A12B901318E42F9D2230088334D
S113A358E7681A68BB189C462B68AD685D196545A3
S113A36800D06346D2186766E36062618E4215D3F3
S113A378083323618BB223676367022805D1200061
S113A388089B019A00F00EF8FEBD2000FFF733FF8A
S113A3980028F9D12000FFF77BFFF5E72000FFF73D
S113A3A880FEF1E773B51C000326150002690B341F
S113A3B8A418B4434669B44214D804005034218024
S113A3C80100060048310B80C3684A36D31A33802B
S113A3D80223C5648360606B836800685C68042337
S113A3E8A04776BD0A00009302212B00FFF79AFFCD
S113A3F8F7E770B50500FFF7D5FF04000100280052
S113A408FFF761FE200070BD8369F0B51A69050085
S113A418013258695200002185B002F0F3FA002392
S113A4284FF6FF72AB77EA65EB600193AB6901996C
S113A4385A68914201D300243BE02F008837019ADF
S113A4483E681B685643F61802AB08223100280000
S113A4580733FFF743FE040058BB02ABDB79022B3A
S113A46814D102AB310028003A680733FFF736FEEF
S113A4780400F0B902ABDB79032B43D13A68920AA2
S113A48831002800FFF7DAFE040011E04BF6AD6254
S113A498F3889342F2D1E96899B33A6830680B6853
S113A4A8920A9842ECD92800FFF7C8FE0400EE602F
S113A4B844B3EB684BBBAB6929001A689B688831C5
S113A4C8D2182B0009680833521AEA609CBB224947
S113A4D82C64D9872900D86FAC77836840315C68CD
S113A4E800680823A047040028BBAB7F33BB0121C5
S113A4F8080001F033FF194B01349C42F5D11424B0
S113A50826E0EE60019B01338FE7212C0ED1012652
S113A518002301212800AB83FFF716FE040021283D
S113A52816D0A8B92EB90123AB6011E084B900266E
S113A538EEE721240CE0212C0AD1E8E72B0058335C
S113A5481A78012AF3D040F2F4141B7859352B7089
S113A558200005B0F0BDC046ADBEFFFF40420F006D
S113A568002370B58360836905009A681968920AA4
S113A578FFF764FE040018B92800FFF745FF04003C
S113A58828002100FFF79FFD200070BDF7B54D6836
S113A5988A680700B2FBF5F204000B6A81611B6844
S113A5A888300837FB6702602548002260646065CC
S113A5B82000244D903025658D69C9692264A26400
S113A5C8E26481602100943105600A609A6803CBD3
S113A5D812689047060008BBA0602000FFF714FF2C
S113A5E8050021281CD133003200310020000096D8
S113A5F8FFF798FE050058B9A368012B1AD001216A
S113A608080001F0ABFE104B01359D42F4D114252E
S113A618FB6F2E009A681868526990473000FEBD97
S113A6280028F5D1E3681B68236400236360074BA3
S113A6382360F3E76368042BF4D140F2F415E7E7E9
S113A6480000ADBEFFFFADBE404B4C004545565221
S113A658F0B584680023250087B000930378583543
S113A6682B70A3681BB90133A37707B0F0BD2B780F
S113A678012B00D0DCE0A0680238082800D9B3E038
S113A68801F0A6FF058B359FB8B2B2B2C0002369AA
S113A6980325043301932361230048331B88E76CA3
S113A6A81A002A40A56002922B420AD1A560220012
S113A6B839000832D06F82685568019A0068A84743
S113A6C839E0032B0FD826008C36042200213000F1
S113A6D802F098F939003000029A02F0FCF93700C8
S113A6E80423A560E3E70422AB43A260DFE7230069
S113A6F848331E882500032733008C35BB430422C6
S113A70800212800A760019302F07CF93200019B24
S113A718E16C3A40C918280002F0DDF92269019B6E
S113A72829009A1823000833D86F226183680068C7
S113A7385E680423B04701002000FFF7C4FCA36847
S113A748012B00D091E7230090331A68002A00D126
S113A7588BE76368002B00D084E0A368013B591E93
S113A7688B41DBB204A90B702300943498331B6823
S113A77820684B60002877D00378009343680393DC
S113A788030060C960C390472368002B00D16CE7BD
S113A798009A1A70039A5A6067E7230048331B88A3
S113A7A821695A189B0700D00A1D0523A3602300BA
S113A7B821000833D86F2261836850315D6804230F
S113A7C87CE72300210050331A882369E2650433A7
S113A7D823614A310888A169520049695052626864
S113A7E822B90132A260A3660020A4E72000FFF783
S113A7F879FDA0E7231DDB6F2000002BF7D0FFF7BE
S113A80847FD98E7230088331A68E368616E9B184C
S113A818636100232377A36F920A23610B23A36048
S113A82823000833D86F836800689B68984782E7D9
S113A8382B7823B9009B63600123A360D4E7636882
S113A8480098022B05D1A3680B2B02D02000FFF738
S113A858C1FC23002A7859331A7004236360033B2C
S113A868A36068E763687CE708008CE710B500F02C
S113A878C9FB10BD70B5040048B1002039B11025DA
S113A88820002A0002F027F90120B034256070BDA9
S113A898F0B58FB007000C0016000021102202A8A2
S113A8A802F0B0F81022002106A802F0ABF810223A
S113A8B800210AA802F0A6F8002000F0B3FB002348
S113A8C800900193A30705D02100102206A802F0E6
S113A8D802F906AC3D00BB0700D002AD3300B0332B
S113A8E81B68182B1AD1310068460AAA00F09CFB91
S113A8F820B904222900200000F098FB00F097FBFF
S113A9080300002043B902AB9D4204D11022290060
S113A918380002F0E0F801200FB0F0BD202B0ED172
S113A928320069460AAB01A800F0F0FB20B9042202
S113A9382900200000F008FC00F042FCE0E73200A7
S113A94869460AAB01A800F075FB20B90422290066
S113A958200000F08DFB00F0C7FBD1E7EFF3038084
S113A968103840B27047416182610020704730B5A9
S113A9787B25046AA3782B40A37083789B079B0FDD
S113A988D21A02618022CB18C360A3781343A37040
S113A99883787D3A1340022B06D14FF600620B8868
S113A9A81343E381002030BD0B78E370FAE7F0B578
S113A9B80500806A87B08C46019202ACC8B12300B6
S113A9C80200C2CAC2C312681A60EB691B7803602A
S113A9D863468360019B0371EB6AC3606B6A9847A3
S113A9E8AB6A23B123CC23C31A002368136007B0CE
S113A9F8F0BD2000E9E770B514000D000600100052
S113AA0801F054FD200001F0FFFC32002900200071
S113AA1801F01AFD70BD0000F8B500260B785F4AF6
S113AA2806709B185B0103624B69C16143628B69C1
S113AA388662C3624A780D0053425A4103218378DF
S113AA4801328B4313430B228370AA56A97A04005C
S113AA58FFF7D1FF05222000AA562979FFF7CBFF7B
S113AA6807222000AA56A979FFF7C5FF092220006A
S113AA78AA56297AFFF7BFFFEFF31087012383F360
S113AA8810882878464B8446802062460006D040C9
S113AA985968814359605B6887F3108801222978D3
S113AAA840F207208A40236A9E701E715E729E726D
S113AAB8DE725E83024201D04022DA7406221A77DB
S113AAC809B9384A9A82AA78E97868781201C900DB
S113AAD80A43032847D140210A43B231D2B2C9B24A
S113AAE81A70997102212026FF20ED692A7B5200F1
S113AAF80A405A736A78A978D20149013140024060
S113AB080A4300212E781972B11E012930D85870D1
S113AB18022E01D110210A43D2B200270520DA718E
S113AB28E369E76027616761A761185601F0B6FC1D
S113AB380B20E369185601F0B1FC0720E3691856A5
S113AB4801F0ACFC0920E369185601F0A7FC0323C3
S113AB58226A1E406D33334393706B893800238116
S113AB68114B6360F8BDE2210028B7D01031B5E776
S113AB7803276968D2B2DA718A7848785A701A78E1
S113AB883840BA4302431A70CA789A740A785C2126
S113AB98D8790A4088430243BFE7C0460038000218
S113ABA8FC6F044000F8FFFF5549435370B5FFF7A5
S113ABB8D5FE040001F028FC184BA400E058C36932
S113ABC81B69FBB90169056A59B97F23016A8A7847
S113ABD81A407B3B13438B700021436AC160C3B99D
S113ABE870BD03248378C2681C40022C0ED14FF632
S113ABF8006614883443EC819B079B0FC91AD2184A
S113AC080161C2600369002BEAD1DEE71478EC70B5
S113AC18F2E78022FFF7CBFEE2E7C046905C002013
S113AC2813B5FFF79BFE040001F0EEFB174BA400DD
S113AC38E4580323A278216A1340022B09D1098A14
S113AC48C905C90DA369019133B9636A0422C3B95B
S113AC5813BD4979C9B2F5E79207920F01A9606952
S113AC6801F039FFA3786269A1699B079B0FD21889
S113AC78C91A6261A1610029EAD1636A002BE7D08D
S113AC8801222000FFF793FEE2E7C046905C002013
S113AC9810B5FFF763FE7B21084B82000400D058EF
S113ACA8026A93780B409370436A1BB10222002115
S113ACB8FFF77DFE200001F0A7FB10BD905C00208B
S113ACC870B5FFF74BFE134B82000400D0580323E2
S113ACD882781A40036A022A18D1198AC905C90D4B
S113ACE838221D792A40ED0604D51D7FED0701D4CD
S113ACF840252A4338261D79B5431D71436A0BB193
S113AD08FFF755FE200001F07FFB70BD5979C9B2E9
S113AD18E6E7C046905C0020EFF30380103840B2A9
S113AD2870474369C269934206D2C268816802B116
S113AD38D25C0133CA7043617047F0B50500406ABC
S113AD4885B08C4601AC90B123000200C2CAC2C3CC
S113AD586B681B78036063460371AB6A83602B6A74
S113AD6898476B6A0BB123CC23C305B0F0BD200010
S113AD78EEE7F7B5856801930400A8783027844680
S113AD880600634608203E403B422ED1019BE16009
S113AD9861686661A661E3610E692261983032B127
S113ADA8030016B9486900B9803B50201843AB78B2
S113ADB80343DBB2AB70BEB94B69ABB9A2B1012096
S113ADC8085601F073FB2000FFF7ABFF65686B7A48
S113ADD8012B05D1E369012B02D92000FFF7A1FF5C
S113ADE80120285601F04EFB0020FEBD10B5FFF7E8
S113ADF8C0FF10BD0B78484AF0B59B185B0183600F
S113AE088B69416003620C00CB6900218362416253
S113AE1805008020226A87B053789B079B0F18434C
S113AE2804900220105693780391FF310291002870
S113AE3802DA029304230393637A012B62D000237A
S113AE480193A07AE17A012860D109B940310B4312
S113AE58617B40F2EA0C09B140F2E20CEFF310878F
S113AE68012181F310882D4926784868059030001F
S113AE7880263606C6400598B0434860496887F37B
S113AE8810880026A96812788E70087984200871C1
S113AE982348DBB288826846007C087068460079DB
S113AEA888706046C0B288714A706A46127A012076
S113AEB88A746A46127BCA714B7340230E724E72AF
S113AEC88E72CE724E83CB743E3B0B772A00617927
S113AED8205601F0FBFA02202A00A179205601F03D
S113AEE8F5FA03202A00E179205601F0EFFA04204C
S113AEF82A002056217A01F0E9FA3000094B2B6028
S113AF0807B0F0BD0221052301919AE7012901D078
S113AF1880219CE7C0219AE700380002FC6F0440B6
S113AF2800F8FFFF5349435310B5FFF7F5FE04003B
S113AF3801F06AFA094BA400E4582000FFF7F1FE77
S113AF486269E3699A4208D1236933B9A1687B33FA
S113AF588A781A40773B13438B7010BD905C0020AD
S113AF6810B5FFF7D9FE040001F04EFA0D4BA4000A
S113AF78E4582000FFF7D5FEA369E269934205D29D
S113AF88A168581CA06122694979D154A269E3696E
S113AF989A4206D13B23A1688A781A40373B134367
S113AFA88B7010BD905C002010B5FFF7B5FE03212F
S113AFB80400074B8200D058826893780B40937042
S113AFC80239FFF7BAFE200001F01EFA10BDC04690
S113AFD8905C002010B5FFF79FFE0321084B820008
S113AFE80400D05883689A780A409A701A7984229F
S113AFF801311A71FFF7A1FE200001F005FA10BD16
S113B008905C0020054A0649936800200B40936031
S113B01893685B005B0893607047C046FC6F04400C
S113B028FFFFFFEF00BA70470620704770470620FD
S113B0387047000070B504680E001D0011006CB95B
S113B0483268074B07481A60402201F044FD402249
S113B0582900054801F03FFD200070BD034CFBE7C3
S113B068485C0020985B0020585B00200200010027
S113B07837B51400194A050010680B0000BA0428F3
S113B08809D801F0A5FA03090F1821002A002100A4
S113B098134800F099F837BD2A002100104800F041
S113B0A8A4F8F8E70F49009322002B0001910C48FB
S113B0B800F0AEF8EFE70B49009322002B00019152
S113B0C8074800F0BAF8E6E70649009322002B0087
S113B0D80191034800F0C6F8DDE7C046485C00204B
S113B0E8985B0020585B002010B5B0220021054869
S113B0F801F088FC40220021034801F083FC002071
S113B10810BDC046985B0020585B002070B50468E9
S113B1180E001D0011006CB93268074B07481A600D
S113B128802201F0D8FC40222900054801F0D3FC14
S113B138200070BD034CFBE7485C0020985B0020AE
S113B148585B00200200010037B51400194A0500B5
S113B15810680B0000BA042809D801F039FA030969
S113B1680F1821002A002100134800F090F837BD79
S113B1782A002100104800F09CF8F8E70F490093D2
S113B18822002B0001910C4800F0A5F8EFE70B49C9
S113B198009322002B000191074800F0B1F8E6E77C
S113B1A80649009322002B000191034800F0BEF8E1
S113B1B8DDE7C046485C0020985B0020585B00200F
S113B1C810B5FFF791FF10BD30B587B014006D4678
S113B1D80022AA82AA75019302920B00009401002E
S113B1E805A800F0C1F807B030BD70B586B01400EA
S113B1F86D4600226E46AA820125B5750193029216
S113B2080B000094010005A800F0AEF806B070BD6C
S113B21830B587B06D4640F20014AC820024AC759A
S113B2280B9C009302940A9C130001940A000100E9
S113B23805A800F099F807B030BD30B587B06D4661
S113B24840F20014AC82FF3CAC750B9C0093029452
S113B2580A9C130001940A00010005A800F084F870
S113B26807B030BD30B587B06D4640F20024AC82DB
S113B2780024AC750B9C009302940A9C130001945F
S113B2880A00010005A800F06FF807B030BD30B51A
S113B29887B014006D460122AA820022AA75019380
S113B2A802920B000094010005A800F05DF807B0B5
S113B2B830BD30B587B0150001246A469482947570
S113B2C80022019302920B000095010005A800F0EA
S113B2D84BF807B030BD30B587B06D4640F2011465
S113B2E8AC820024AC750B9C009302940A9C130056
S113B2F801940A00010005A800F036F807B030BD33
S113B30830B587B06D4640F20114AC82013CFF3C75
S113B318AC750B9C009302940A9C130001940A00D8
S113B328010005A800F020F807B030BD30B587B09B
S113B3386D4640F20124AC820024AC750B9C00934A
S113B34802940A9C130001940A00010005A800F065
S113B3580BF807B030BD0023CA5812BAC2500433E0
S113B368102BF9D170470000F0B589B006001D0014
S113B37802910392002B00D19BE003232A001A4078
S113B38801921D4200D094E04B4C023B22881343A7
S113B3982380077863685B01FCD501220221636876
S113B3A83A4052008B431343636063689B00FCD5A7
S113B3B8029904A8FFF7CFFF049B2361059B23612F
S113B3C8069B2361079B23617FB163685B00FCD5FF
S113B3D8029904A81031FFF7BEFF049B6361059B23
S113B3E86361069B6361079B6361727863685B01B1
S113B3F8FCD5032163680A402D3112018B431343A2
S113B4086360039B73B163681B01FCD5039904A8AB
S113B418FFF7A1FF049BE360059BE360069BE360E1
S113B428079BE360B27863685B01FCD501210026C1
S113B43863680A408B43134363600E9BB700D919B2
S113B4486368DB01FCD504A8FFF785FF049BA360B0
S113B458059BA360069BA360079BA3600F9BD81959
S113B46863689B01FCD5A36804A90493A368043604
S113B4780593A3680693A3680793FFF76CFFB54287
S113B488DBD8109B73B16368DB00FCD5E3681098C4
S113B4980493E36804A90593E3680693E3680793B0
S113B4A8FFF759FF0122238893432380019809B0A9
S113B4B8F0BD024B0193F9E700000D400D000100B7
S113B4C870B50400012001F041F8194A1378DB062D
S113B4D8DD0F002BFADB207802000300E0B12B001B
S113B4E81449032812D12269134B1A60504242416D
S113B4F840F20020E37DA57D5B0013430A5A520AFB
S113B50852022A430A52207D0C4A107040F2A012BB
S113B518A068885048F20002094992B28A81094A0F
S113B528DBB20120137000F0EBFF002070BDC046B1
S113B538AAE001400060004098E0014094E0014026
S113B54800E0014092E0014010B504000800616089
S113B558FFF7B6FF08B9014B236010BD4D504C529C
S113B56870B50500194A1378DB06FCD4012000F0F5
S113B578EDFF174B9A89174BD20B012A0FD1164AA4
S113B588D27F1978D2B2C90709D50524C2B9134A9A
S113B5981278012A14D1124A1278012A10D16A6841
S113B5A81278032A04D11978833A0A431A701A784C
S113B5B8BFF34F8F30BF7F2100241A780A401A70D6
S113B5C8012000F09DFF200070BDC046AAE00140A4
S113B5D800E0014092E0014007E0014038E001400A
S113B5E832E00140EFF31080012383F31088064B07
S113B5F8196819B9054AD1704031D1701A680132F5
S113B6081A6080F3108870478C5C0020000D044099
S113B618EFF31081012383F31088074B1A6812B1E2
S113B6281A68013A1A601A681AB9044BDA70803237
S113B638DA7081F3108870478C5C0020000D044098
S113B64803000020186070470B0A1B01C9B25B187D
S113B65803499B005B5800209B07DB0F137070475E
S113B66800080440034B090A4901C9184B68002023
S113B67813807047000004400548090A4901091865
S113B688180090430004134003438B600020704764
S113B698000004400123C8B2834000209BB20AB9C9
S113B6A818001300044A090A4901000418438918B8
S113B6B8886000207047C046000004400648090A14
S113B6C849010918180010B50C6810402043934329
S113B6D898430860002010BD00000440044B090A88
S113B6E84901C9184B6800201B0C13807047C046D9
S113B6F80000044008480B0A5B011B185868012322
S113B708C9B28B40000C99B203405B1A59424B41B1
S113B718002013707047C046000004400548090A19
S113B7284901091818009043000413400343CB60EF
S113B738002070470000044010B501240B0AC9B268
S113B7488C4007485B011B18D9682004012A04D1DE
S113B758814321430020D96010BDA1430143F9E787
S113B76800000440030A70B5C0B2084D1B01CA03A7
S113B77807D51A189200AE58054C26400C40AE5016
S113B788AC501B189B00E95070BDC046000804402B
S113B798FFFFFEFF70B505000024FFF723FF2B8889
S113B7A8A34202D8FFF734FF70BD6B68E2009B1810
S113B7B8988819680134FFF7D5FFA4B2EFE70000B1
S113B7C810B5034B03600800FFF7E4FF002010BD29
S113B7D854524F5010B50800FFF7DCFF002010BD8D
S113B7E870B515000C00FFF7FDFE29002000FFF7D7
S113B7F8B9FFFFF70DFF002070BD0000F7B5040086
S113B808022040F200350856134B82002071D218EA
S113B8185359114F01930023BC468E685351A660B7
S113B828CE68E6600E786671BB550B79CF781B013C
S113B8383B434F79FF013B436746DBB2BB55019B52
S113B8485351002803DB2200497800F0FDFD034B27
S113B85800202360FEBDC0460060004055434900F7
S113B86810B5007940B200F019FE002010BD0000A8
S113B87873B5EFF30384103C0E4B64B2A200D558A1
S113B8880D4A6B790126D35C9B079B0F032B03D0CE
S113B898200000F0B9FD0026AB682BB16A79684630
S113B8A80192EA680092984716B1200000F0ACFDB6
S113B8B873BDC046905C00200060004043F6B0733E
S113B8C8044A0020D35A812213405A1E93410B7014
S113B8D87047C04600C07E40062070470620704767
S113B8E806207047062070470A0010B5034B11CB99
S113B8F811C2034B11CB11C2002010BDA4EC0000EF
S113B9088CEC00000620704706207047062070471C
S113B91806207047C36A0D4A10B59A180133C362EA
S113B928036B816A013B0363094B4C1C8462180056
S113B938140CFE3092B2448242811A000978FC3217
S113B94851638122FF335A7510BDC0460000F0BD13
S113B95800C07E404143032903D9890801390029DD
S113B968FCD1704744F6003313B5A522019340F285
S113B9788013F7210F4CE2500F4B9D3A5A705970BF
S113B9885A705B78934200D1C04681681020FFF753
S113B998E1FF43F6B072094BA352A35A98B203B914
S113B9A816BD019B1BB1019B013B0193F5E71420D4
S113B9B8F6E7C04600C07E40FFC07E4000AAFFFFF5
S113B9C813B5104901900B6B5B0612D57F240E4BFF
S113B9D85A7D22405A7500225A7501900B6B5B06FA
S113B9E8D80F002B08DA019B2BB1019B013B019373
S113B9F8F4E7019B0BB9142016BD019B013B01938D
S113BA08E1E7C046FCC07E40FFC07E40002310B57D
S113BA1803604368112018560300213301D000F055
S113BA2845FD002010BD0620704706207047000021
S113BA382D4B70B519682D4D0B000200286A2C4C4B
S113BA484001400F8340C3402A48D360834207D84B
S113BA58A34205D02848834202D02848834240D1D3
S113BA68286A274D4001400F8140C14025481B18D2
S113BA78B3FBF4F0AB4202D901230340C018214BB5
S113BA88D060C918B1FBF4F140F2835306204B434C
S113BA98B3FBF0F3136140F276334B43B3FBF0F39B
S113BAA8536158234B43B3FBF0F39361164B9160F6
S113BAB84B43B3FBF0F3D361144B4B43B3FBF0F3A9
S113BAC81362134B4B43B3FBF0F35362114B1A78D5
S113BAD8012A01D1002070BD01221A70FFF73AFF34
S113BAE8F8E740F2F610F6E7E85C002000E00140D1
S113BAF840420F00FF083D0080841E00C0C62D0090
S113BB083F8AF7013F420F00B86A0500C0B007003A
S113BB1868ED220090C07E4043F6B07370B5114AB8
S113BB28114D8168EA5204000620FFF713FF40F222
S113BB388013A522EF21EA500C4B953A5A7059709C
S113BB485A705B78934200D1C0460320A168FFF77E
S113BB5801FF63681A781AB11120185600F09EFC88
S113BB6870BDC04680AAFFFF00C07E40FFC07E4073
S113BB7870B50400FFF7D0FFE3683F2040F2D81205
S113BB8809491F2B0BD9203B5B081F338D580340F1
S113BB9885432B4320008B50FFF7E4FE70BD1F251F
S113BBA8013B2B408D58F3E700C07E400A7810B55E
S113BBB80B00040041602AB111202200097C1856A8
S113BBC800F042FC230000223C3320001A70FFF7E7
S113BBD82FFF28B92000FFF7CBFF08B9014B2360DA
S113BBE810BDC0464E45504F10B50400FFF720FF66
S113BBF810B92000FFF7BCFF10BD000003000022AD
S113BC083C3310B51A7043F6B073074A0400D35A8C
S113BC180BB9FFF781FF0122044B20009A6200222E
S113BC289A62FFF79FFE10BD00C07E40FCC07E40B4
S113BC38F8B50500080016001F00FFF7C1FE040050
S113BC48142804D12800FFF7D9FF2000F8BD40F2DA
S113BC58F0133400044AD3581C401E42F5D028007F
S113BC68FFF7CCFF3C00F0E700C07E4010B5FFF7BB
S113BC78C5FF002010BD0000F7B5070000263C37BB
S113BC883E700400150001910093FFF745FF1C4B1B
S113BC98019A9C461B481C49624446716B1E160C4B
S113BCA84E829B18194E92B24A811A0C9BB2726248
S113BCB84B838323437563681B784BB10523009A30
S113BCC83B70033B1370A369A36300252800FEBDE2
S113BCD8A16940F2F813694310222000FFF7A8FF76
S113BCE8050040B9F36A009A1B07DB0F20001370A4
S113BCF8FFF738FEE9E72000FFF780FFE6E7C046D4
S113BD080000F0BDFFC07E40FEC07E40FCC07E4007
S113BD1870B503634368C2621E78002533005A1E57
S113BD28934102009B003C32816213704369040012
S113BD388363FFF7F1FE0D4B5D71236B63B99DB906
S113BD482000FFF70FFE0FE0182312222000A16B3A
S113BD58FFF76EFF0500F0E735B92000FFF7DAFDBD
S113BD68002EF1D012236363280070BDFFC07E400B
S113BD78F7B507000025040016003C373D70019113
S113BD88FFF7CAFE019B1A4A9B0A1A499B029B1891
S113BD98A36226634D71190C8C466046B20216499B
S113BDA8013AD2189BB248824B81130C9C466046D8
S113BDB8124B92B2586284234A830E4A53756368BD
S113BDC81B786BB9216A1122200071431933FFF7DC
S113BDD82FFF050010B92000FFF7C4FD2800FEBDA1
S113BDE801233B7010336363236AA363F6E7C046F9
S113BDF80000F0BDFFC07E40FEC07E40FCC07E4017
S113BE0830B585B0EFF30384103C64B2200000F031
S113BE18FBFA1D4BA400E458A06BFFF7D1FD1428CE
S113BE2808D040F2F013194A616BD2580B00134042
S113BE38114212D02000FFF7E1FE0723200001ADD4
S113BE482B70FFF78FFD62685368A3B1D26828008E
S113BE5803920022029298470DE022003C321278A5
S113BE68012AEBD0042A08D1226B0123002AE5D049
S113BE782000FFF74FFD05B030BD054BDB6A1B07FB
S113BE88DB0F0233DAE7C046905C002000C07E4036
S113BE98FCC07E40054A030010600A6882604A6854
S113BEA8C2600020024A58601A6070474C5C002047
S113BEB843474300034B8000C35819701A788A42D9
S113BEC8FCD1704708ED000048F2000110B5154B8D
S113BED8154A1B781268DBB28A4210D113490978D3
S113BEE8E1B113490978C9B112490978B1B1EE2110
S113BEF8C905084212D1042000F0A8F910BD1BB1ED
S113BF080D4B1840984204D10C4B9A4201D8032097
S113BF18F2E70B4B9A42F1D80120EDE7002BEFD161
S113BF28F5E7C04640E00140E85C002036E0014007
S113BF3838E0014032E001400404000480841E001B
S113BF4800366E0110B50C00002000F0FFFA012144
S113BF582000FFF7AFFF002000F0D2FA012000F024
S113BF68F5FA044B186AFFF7AFFF012000F0C8FA8E
S113BF78002010BD00E0014010B5012000F0E6FAF1
S113BF88002000F063F9002000F0E0FA10BD000082
S113BF9810B5002000F0B4FA034B186AFFF794FFB9
S113BFA8012000F0ADFA10BD00E0014010B50C000E
S113BFB8FFF7E2FF20000021FFF77CFFFFF7E8FF0F
S113BFC8002010BD8368027B180008300AB10C33C6
S113BFD81800012103785A080A400B409342F9D10A
S113BFE800207047436801611B7C064A9B009950F6
S113BFF8027B836801390AB11960704789B21980D4
S113C008FBE7C046505C0020F7B500264160067384
S113C0180B7C2E4A1B029B1804000D008360EFF36F
S113C0281087012282F310882949C8680190287C66
S113C038844603206246801A012282400198904374
S113C048C860CA6887F310881E721A7A9207D10FDB
S113C058002AFADB9972A368227B180008300AB117
S113C0680C331800EB69DA781F791E7807231A4015
S113C078019226BB2B7A19001BB102234B403100D5
S113C0881B010026019AC9B21A43D2B207718671FC
S113C0984270817020006968FFF7A4FF12202856B7
S113C0A8B04203DB2200697C00F010FA00206B69BF
S113C0B86361AB69A061E361064B2360FEBD0021A7
S113C0C83300502EDDD0297ADBE7C0460040084013
S113C0D8FC6F04405447410010B50400FFF772FF99
S113C0E838B9A268217B1300083301B10433F02264
S113C0F81A7010BD10B50400FFF764FF30BBA268C6
S113C108217B1300083301B10433F4221A7000228E
S113C1181A7163689B7C5BB21A00213214D0002B1D
S113C1280CDB1F215A090B401E3999402032930019
S113C138074A9950BFF34F8FBFF36F8F6368054A5F
S113C1489B7C5BB29B009C500023236010BDC046BF
S113C15800E100E0905C002070B50400FFF732FFB6
S113C168050080B9A368227B1E0008360AB10C3387
S113C1781E0063681B78012B03D120002169FFF797
S113C18831FFF1233370280070BD0000F0B587B08B
S113C198EFF30384103C64B2200000F035F91D4B22
S113C1A8A400E458A368227B1D0008350AB10C33A7
S113C1B81D0062682B781278DBB29C46012A05D1EF
S113C1C8F4222A70E53A93439C462B7063690193E1
S113C1D8BBB1A069D8B103AB19000200C8CAC8C171
S113C1E863469B0601D500230371E3690360019B41
S113C1F89847A36913B103AA51CA51C32B78DBB278
S113C2089C460F22634613402B7007B0F0BD03A869
S113C218E6E7C046905C0020094B1A7882420DD0AC
S113C228084A12781AB908490A78D207FCD51A7844
S113C238D206FCD418701A78D206FCD47047C046CB
S113C248A0E0014036E001403CE0014010B50C4B51
S113C258042808D11A78D206FCD401221A701A7854
S113C268D206FCD410BD1A78D206D10F002AFADB04
S113C27819701A78002AFCD1FFF7CEFFF2E7C046FE
S113C288AAE00140064B0749DA1DD27F1B6A9200D7
S113C29852585B015B0FDA401300034A136070477E
S113C2A800E00140884C0020E85C002040F2FE33A6
S113C2B870B5194A194C0126E25243F6C873184A54
S113C2C80025D654174B184ADD601A60174A1D61B9
S113C2D85A6048F200029A60FFF7D4FF40F28043A4
S113C2E80322E654124B28001A70FFF795FF114BEE
S113C2F8114A1D701378DB07FCD500220F4B23620B
S113C3080F4BDA77FFF7BEFF0120FFF79FFF40F2DC
S113C318FE330C4AE25270BD03A5FFFF00E0014062
S113C32800C07E40884C00200048E80100127A00D2
S113C338A5E0014036E001403CE001400202000271
S113C34807E0014000A5FFFF0022014B1A70704767
S113C3582840044001380028FCD170474143174B5A
S113C36870B540F2E83208001E680C000023002172
S113C37800F042F9124D134AB5FBF6F559B9B0FB72
S113C388F5F00423964200D90233B0FBF3F008B168
S113C398FFF7E0FF70BD0423964200D902335D43E2
S113C3A840F2E832B4FBF5F00023002100F024F950
S113C3B80029ECD001204042EAE7C046E85C0020AE
S113C3C800CA9A3B0048E801F8B540F2401300243B
S113C3D801270A4E0A4A758CD35A1D402B00E340A4
S113C3E83B4206D0074AA3009B181B680BB1E0B276
S113C3F8984701340D2CF1D17586F8BDFE600040D4
S113C40800600040585C0020044BC0308000C258D3
S113C41803490A40C250C3587047C04600600040F0
S113C428FFFFFEFF10B50400FFF7EEFFBFF35F8FB9
S113C4381F22630914401E3AA240024960339B003C
S113C4485A5010BD00E100E0F7B5FF2701928308B8
S113C4580A4A03269B009B183A0040F2003506401E
S113C468F6008901B2403940B1405C5980009443D8
S113C4780C435C51019A024B1A50F7BD00E100E0ED
S113C488905C00201F22430910401E3A8240024952
S113C4989B005A507047C04600E100E010B5040004
S113C4A8FFF7C0FF2000FFF7EDFF10BD1F2243096F
S113C4B810401E3A8240044920339B005A50BFF36F
S113C4C84F8FBFF36F8F704700E100E010B5040091
S113C4D8FFF7BAFF2000FFF7E1FF10BD002306486D
S113C4E8064A9A18117819B11A00C03292001150EC
S113C4F80133122BF4D170470060004044EC000073
S113C50830B5EFF31082012383F3108898400B4968
S113C518435A1BB10B5A013B9BB20B520B5A53B9EA
S113C52840F2FE31064C074B655A185A064B2B430A
S113C53883439BB2635282F3108830BDD85C0020D9
S113C54800E001401CED000000A5FFFF70B5EFF30B
S113C5581081012383F3108898400A4A835A53B9F7
S113C56840F2FE34084D094E2B5B865B33434AF296
S113C578005633432B53135A01339BB2135281F39E
S113C588108870BDD85C002000E001401CED00005C
S113C598030010B503240A4A0A4811680333A34365
S113C5A808185B1840F200418B4206D900F08AFA59
S113C5B80C2303600120404210BD1360FCE7C04611
S113C5C8E45C00208840002000BE704770470000EB
S113C5D802B4714649084900095C49008E4402BC0A
S113C5E87047C04603B47146490840004900095AD7
S113C5F849008E4403BC7047F0B54FF6FF7504003C
S113C608CE462C40474615400E002900994680B571
S113C618130C0700000C61434543584363430C0C57
S113C6285B19E4188C46A54203D980235B0298461B
S113C6384044230C61461B184FF6FF7008404946D6
S113C64856437943240489192018C918C0BCB9462B
S113C658B046F0BD002310B5040003604360836056
S113C66881814366C28103614361836119000822A1
S113C6785C3000F0C7F90B4B246263620A4BA36277
S113C6880A4BE3620A4B23630A4B9C4205D00A4BCC
S113C6989C4202D0094B9C4203D12000583000F040
S113C6A817FA10BD59C9000081C90000B9C90000B2
S113C6B8E5C90000EC5C0020545D0020BC5D00204E
S113C6C810B5034A0349044800F06AF810BDC0468F
S113C6D8284000200DCE00003840002041680B4B54
S113C6E810B50400994201D000F08CFBA168084BF6
S113C6F8994202D0200000F085FBE168054B99427D
S113C70802D0200000F07EFB10BDC046EC5C002087
S113C718545D0020BC5D002010B5094B094A042172
S113C7281A6009480022FFF795FF012209210748EA
S113C738FFF790FF022212210548FFF78BFF10BD77
S113C748245E0020C9C60000EC5C0020545D002073
S113C758BC5D002010B5024800F0BBF910BDC0460E
S113C7682D5E002010B5024800F0B4F910BDC04693
S113C7782D5E002010B50400FFF7ECFF236A13B107
S113C788FFF7F0FF10BD044B2362044B1B68002B1A
S113C798F6D1FFF7C1FFF3E7E5C60000245E0020E9
S113C7A8F7B51400002600900191A5686768013F59
S113C7B804D52468002CF8D13000FEBDAB89012BC8
S113C7C808D90E22AB5E013304D029000098019BDE
S113C7D8984706436835EAE710B5034B0100186823
S113C7E8826800F09FFB10BD34400020F0B51D00A6
S113C7F8554B85B01E6804000F00009226B1336AB9
S113C80813B93000FFF7B6FF009B022B05D0012BAC
S113C81800D996E0002D00DA93E0636EDB0705D4B7
S113C828A3899B0502D4A06D00F053F921003000C0
S113C83800F0E8FA616B41B123004433994202D015
S113C848300000F059F9002363630023A361636097
S113C858A3891B0603D53000216900F04DF9A3898B
S113C8683A4A1340A381009B022B60D003AB2100FA
S113C878300002AA00F0EEFAA3890343A3812DBB7A
S113C888029D280000F080F901950700002848D18E
S113C898029B0193AB423ED101256D420C22A35E5B
S113C8A802221A43A2810022A26022004732226097
S113C8B822610122616E6261114204D19B0502D496
S113C8C8A06D00F007F9280005B0F0BD002FD8D0FE
S113C8D8336A13B93000FFF74DFF009B012B03D1D6
S113C8E8A389009A1A43A2810C22A35E0822190084
S113C8F8276027616561114013421CD0DA0718D5F7
S113C90800226D42A260A561626ED20701D49B0524
S113C91813D50025D7E7019800F036F90700002859
S113C928BAD08023A289019D1343A381D0E70025AF
S113C938B4E7A560E8E7A160E6E7A06D00F0CAF8EF
S113C948E7E701256D42BEE7344000205CF3FFFFB2
S113C95870B50C000E25495F00F090F8002803DB41
S113C968636D1B18636570BDA389024A1340A381D4
S113C978F9E7C046FFEFFFFFF8B51F008B890500F4
S113C9880C001600DB0505D50E23C95E0022022320
S113C99800F062F8A389054A28001340A3813200F5
S113C9A80E23E15E3B0000F07BF8F8BDFFEFFFFFCC
S113C9B870B50C000E25495F00F04EF8A389421C9F
S113C9C803D1054A1340A38170BD41F20002134309
S113C9D8A3816065F8E7C046FFEFFFFF10B50E239B
S113C9E8C95E00F029F810BD30B500240139A2420F
S113C9F801D1002005E0035D01340D5DAB42F6D0A2
S113CA08581B30BD03008218934200D17047197037
S113CA180133F9E730B5050010005AB10024013A92
S113CA282B5D085D834204D1944202D00134002B6B
S113CA38F6D1181A30BD0000002370B5054D040066
S113CA4808002B6000F0E2FB431C02D12B6803B101
S113CA58236070BD285E002070B504000800110032
S113CA681A000023044D2B6000F0BFFB431C02D1C5
S113CA782B6803B1236070BD285E002070B50400E4
S113CA88080011001A000023044D2B60FAF7AEFCCD
S113CA98431C02D12B6803B1236070BD285E0020BB
S113CAA870B50400080011001A000023044D2B601F
S113CAB8FAF78EFC431C02D12B6803B1236070BDC6
S113CAC8285E0020014B18687047C0463440002097
S113CAD8704770477047002310B59A4200D110BDC3
S113CAE8CC5CC4540133F8E70023C25C0133002A48
S113CAF8FBD1581E7047000070B505000C0079B1D1
S113CB08043C2368002B00DAE418280000F0E8F855
S113CB181C4A13682BB963601460280000F0E8F815
S113CB2870BDA34208D9206821188B42F3D1196833
S113CB385B6809182160EEE71A005B680BB1A34231
S113CB48FAD911685018A0420BD120680918501856
S113CB5811608342E1D118685B6841181160536021
S113CB68DBE7A04202D90C232B60D6E72068211802
S113CB788B4203D119685B680918216063605460AB
S113CB88CBE7C046345E002010B5034B010018689B
S113CB9800F026F810BDC0463440002070B50F4E92
S113CBA80D003168040011B900F0A8FA30602900BA
S113CBB8200000F0A3FA431C03D101256D4228008C
S113CBC870BD0323C51C9D43A842F8D0291A200030
S113CBD800F094FA0130F2D1EFE7C046305E00204D
S113CBE8F7B50322CB1C9343083305001F000C2B15
S113CBF834D20C27B94233D8384E280000F070F8E4
S113CC0833681C00002C2FD139002800FFF7C6FF19
S113CC180400431C5FD134680094009B002B4AD164
S113CC28002C52D023682800E3180099019300F0DF
S113CC3865FA019B834248D123682800FF1A39000A
S113CC48FFF7ACFF013040D02368DB192360336859
S113CC585A68002A33D1009B336019E0002BC9DAE3
S113CC680C232B600020FEBD2168C91B20D40B298E
S113CC780AD9E2192760A34204D1326063681160BB
S113CC88536005E05A60F9E76268A3420ED1326046
S113CC98280000F02DF8200007220B30231D9043B4
S113CCA8C21A9842DFD01B1AA350DCE75A60EFE798
S113CCB823006468A6E7009C63680093ADE71A0044
S113CCC85B68A342FBD10023DAE70C2328002B601E
S113CCD800F00EF8C6E70760DAE7C046345E0020C5
S113CCE810B50248FFF7F5FE10BDC0462C5E0020C3
S113CCF810B50248FFF7EEFE10BDC0462C5E0020BA
S113CD08F7B50C228B5E05000C001A0753D44A6849
S113CD18002A02DC0A6C002A4BDDE76A002F48D09F
S113CD28002241F200002E682A601A00216A02409B
S113CD38034230D0626DA3895B0705D56368D21AB4
S113CD48636B0BB1236CD21A00232800E76A216AAB
S113CD58B847A289431C06D129681D2944D8284B01
S113CD68CB40DB0740D50023636023692360D204EA
S113CD7804D5431C01D12B6803B96065616B2E602F
S113CD88B9B123004433994202D02800FFF7B4FE16
S113CD98002363630DE001232800B8470200431C05
S113CDA8C9D12B68002BC6D01D2B01D0162B1AD144
S113CDB82E6000201EE00E69002EFAD00F680E6067
S113CDC8BA1B019200229B0700D14A69A260019B09
S113CDD8002BEEDDA36A32001F002800019B216AA4
S113CDE8B847002807DCA2894023012013431BB25B
S113CDF8A3814042FEBD019B36181B1A0193E6E746
S113CE08010040200B6970B505000C0013B900251A
S113CE18280070BD18B1036A0BB9FFF7ABFC0C22EC
S113CE28A35E002BF3D0626ED20704D49B0502D410
S113CE38A06DFFF74EFE28002100FFF761FF636E27
S113CE480500DB07E4D4A3899B05E1D4A06DFFF7B3
S113CE5841FEDDE770B50E001D000E23C95E140007
S113CE6896B000290CDAB2898023110019401A42BD
S113CE7814D140F2004300202960236016B070BD2D
S113CE886A4600F019F90028EDDB4FF20003019916
S113CE981940044BC9184B425941EAE70021402381
S113CEA8E9E7C04600E0FFFFF0B502268B890500DC
S113CEB80C0085B0334207D0230047332360236135
S113CEC80123636105B0F0BD03AB02AAFFF7C2FFFB
S113CED8029F019039002800FFF782FE40B90C2216
S113CEE8A35E9A05EED4032293431E43A681E3E787
S113CEF88023A28920601343A381039B2061676177
S113CF085BB128000E23E15E00F0E8F828B10323A2
S113CF18A2899A43023B1343A381A389019A134329
S113CF28A381CFE770B506000D00140018B1036A99
S113CF380BB9FFF71FFC636EDB0705D4A3899B05B8
S113CF4802D4A06DFFF7C5FDA368013BA360002BC5
S113CF5805DAA269934212DBEBB20A2B0FD02368DD
S113CF685A1C22601D70EDB2636EDB0705D4A389D9
S113CF789B0502D4A06DFFF7ADFD280070BD290004
S113CF882200300000F002F80500EDE7F8B50600CD
S113CF980D00140018B1036A0BB9FFF7EBFBA36982
S113CFA8A360A3891B0701D5236943B92100300075
S113CFB800F02AF818B101256D422800F8BD23694C
S113CFC82068EFB2C01A6369EDB2834205DC210020
S113CFD83000FFF717FF0028EDD1A3680130013BAB
S113CFE8A36023685A1C22601F706369834204D0BB
S113CFF8A389DB07E1D50A2DDFD121003000FFF733
S113D00801FF0028D9D0D6E72A4B70B50500186867
S113D0180C0018B1036A0BB9FFF7ACFB0C22A35E32
S113D0281A0722D4DA0607D409222A6040220120EA
S113D0381343A381404237E05B0712D5616B41B1CA
S113D04823004433994202D02800FFF755FD0023FA
S113D05863632422A3899343A38100236360236920
S113D06823600823A2891343A38123695BB940F28F
S113D078802140F20022A3890B40934203D021006F
S113D0882800FFF711FF0C22A35E01211A000A40B1
S113D0980B420AD00022A26062695242A26122694C
S113D0A800200AB91A06C1D470BD990700D4626970
S113D0B8A260F4E734400020002370B5064D040054
S113D0C8080011002B6000F0E9F8431C02D12B681A
S113D0D803B1236070BDC046285E0020002370B5EC
S113D0E8054D040008002B6000F0E5F8431C02D14C
S113D0F82B6803B1236070BD285E0020002370B53F
S113D108054D040008002B60FFF742FA431C02D1C6
S113D1182B6803B1236070BD285E0020094B10B54D
S113D1280400186818B1036A0BB9FFF723FB002041
S113D138132C06D8044BE400E358013301D0024B06
S113D148E01810BD34400020385E0020F8B5040013
S113D158FFF7B8FC132605000027301C391CABBEAA
S113D168061C2E602000F8BD10B5431C01D1FFF742
S113D178EDFF10BDF7B50C001600FFF7CFFF050053
S113D18838B9FFF79FFC0923036001246442200097
S113D198FEBD022E03D9FFF795FC1623F4E7012EF2
S113D1A812D14368E418F6D46F462B680A26009314
S113D1B87C60301C391CABBE061C3000FFF7D4FF62
S113D1C80028E2DB6C60E2E70368022EECD16F46CC
S113D1D800930A36301C391CABBE061C3000FFF71E
S113D1E8C3FF24180130DFD1CFE710B5FFF7C2FF22
S113D1F810BD37B50224019001AD201C291CABBE1B
S113D208041C2000FFF7B0FF3EBD000070B5050008
S113D218FFF784FF040030B9FFF754FC09230360C7
S113D2280120404270BD013D012D09D8094B9A687F
S113D2381B699A4204D101235B4203600020F1E791
S113D2482068FFF7D6FF0028ECD101235B42236056
S113D258E8E7C046385E002070B50C00FFF75EFFB3
S113D268050030B9FFF72EFC092303600120404272
S113D27870BD42F2000362680C261343636040F2F7
S113D2880043A364301C291CABBE051C2800FFF70F
S113D2986BFF431CEAD020610020E9E770B50C005D
S113D2A80500582200212000FFF7ACFB28002100CC
S113D2B8FFF7D2FF70BD70B5FFF730FF09240500F2
S113D2C820B9FFF7FFFB0460002070BD201C291C57
S113D2D8ABBE041C2000012CF7D0FFF7F3FB132589
S113D2E804000026281C311CABBE051C2560EBE796
S113D2F80D0A003A004E4F20414E535745520050F4
S113D308726976617465204C6F526120536573733A
S113D318696F6E204B6579005B4442475D5B5258E8
S113D3285D00202D204672616D654374726C202067
S113D338203D20307800203A20004672616D655403
S113D3487970653D3078002C200041636B3D0041C5
S113D358523D005365633D00202D205372634164A0
S113D368647220202020203D2000202D2044737446
S113D3784164647220202020203D2000202D20506C
S113D38861796C6F616453697A65203D200020429D
S113D39879746500202D205061796C6F61642020B8
S113D3A82020203D20005B4442475D5B5261646954
S113D3B86F4576745D00202D205478446F6E652087
S113D3C800202D20547854696D656F7574200020F1
S113D3D82D205278446F6E652000202D2052784508
S113D3E872726F722000202D20527854696D656F17
S113D3F8757420005B4442475D5B526164696F54F5
S113D408785D00202D204D6F64656D20202020203C
S113D4182020203D20004C6F52610046534B003FB2
S113D4283F3F00202D204672657175656E63792033
S113D4382020203D2000202D204461746152617415
S113D4486520202020203D2000202D2042616E648C
S113D4585769647468202020203D2000202D204D29
S113D46861784672616D6553697A65203D200020B4
S113D4782D207478506F7765722020202020203D5D
S113D48820005B4442475D5B526164696F52785D7A
S113D49800202D204D6178527857696E646F77208B
S113D4A8203D200020507269766174654C6F52618A
S113D4B82053616D706C6520417070205665722E22
S113D4C800554E4B4E4F574E5F53544154555300DD
S113D4D8303A455500313A555300363A41533100F4
S113D4E832323A4153320032333A41533300323400
S113D4F83A4153340033303A4A500033313A4A50AF
S113D5085F4C4443003F3F3A28756E6B6E6F776EED
S113D51820726567696F6E2900303A52584F4E572A
S113D52848454E49444C455F44495341424C45445F
S113D53800313A52584F4E5748454E49444C455F7E
S113D548454E41424C454400303A4B4559524551A9
S113D5585045524D49545F44495341424C45440057
S113D568313A4B45595245515045524D49545F45FE
S113D5784E41424C454400303A525353495F444962
S113D5885341424C454400313A525353495F454E46
S113D59841424C454400554E4B4F4E574E5F4556FD
S113D5A8454E545F494E464F5F53544154555300BA
S113D5B85354415455535F4F4B0054585F54494D8D
S113D5C8454F55540054585F4E4F41434B005458EF
S113D5D85F43414E43454C45440054585F434841DA
S113D5E84E4E454C425553590054585F445554596E
S113D5F84359434C455F5245535452494354454457
S113D6080054585F524144494F5F4552524F5200AB
S113D6184B45595245515F4641494C4544004D419B
S113D628435F4552524F5200494E4143544956456F
S113D63800524551555345545F494E56414C49444F
S113D648004E4F5F52454D4F54455F44455649433C
S113D658455F454E545259004E4F545F53555050F0
S113D6684F5254454400534552564943455F554E1D
S113D6784B4E4F574E0049425F415454524942550C
S113D68854455F494E56414C4944004C454E475415
S113D698485F4552524F5200434F4D4D414E445FEF
S113D6A84552524F5200494E5355464649434945FF
S113D6B84E545F4D454D4F525900444154415241D7
S113D6C854455F494E56414C4944004348414E4EE7
S113D6D8454C5F494E56414C494400524144494FD8
S113D6E85F4348414E4E454C5F42555359005241A1
S113D6F844494F5F445554594359434C455F524537
S113D708535452494354454400524144494F5F508D
S113D7184152414D455445525F494E56414C494446
S113D72800554E4B4E4F574E5F44455649434500AE
S113D73843525950544F5F4552524F52002B524551
S113D748534554002B564552002B53415645002B44
S113D7584C4F4144002B524547494F4E002B4445FA
S113D76856455549002B43484944002B4452002B45
S113D7785458504F574552002B52584F4E002B5275
S113D7884D54444556002B4B4559524551002B4B9B
S113D7984559524553002B54584F5054002B534568
S113D7A84E44002B53454E44484558002B44455697
S113D7B8494E464F002B54584359434C45002B526D
S113D7C8535349002B4445425547005B4442475D47
S113D7D85B54784379636C655D00202D2053746134
S113D7E87475732020203D2000202D205065726917
S113D7F86F642020203D2000202D20447374416450
S113D808647220203D2000202D20446174615369F6
S113D8187A65203D2000202D204461746120202059
S113D82820203D20005B4442475D5B4D61634E6FA1
S113D838746972795D5B526D744465765D00202D60
S113D8482044657641646472657373203D2000202A
S113D8582D2050534B20202020202020203D200024
S113D868202D2053657373696F6E4B6579203D20B5
S113D87800202D2066436F756E7454782020203D57
S113D88820307800202D2066436F756E74527820FE
S113D89820203D203078003C757064617465643ED6
S113D8A8002B52435644002C004B45595245515FB6
S113D8B853554343455353002B4B4559494E440054
S113D8C82B54584359434C45494E44004368616EB0
S113D8D867656420726567696F6E2073657474691F
S113D8E86E672E2028627574206E6F7420736176BB
S113D8F8656420746F206E6F6E2D766F6C61746929
S113D9086C65206D656D6F72792E290052656769A3
S113D9186F6E206973206E6F7420617661696C6123
S113D928626C652E00526164696F20647269766561
S113D9387220696E697469616C697A6174696F6E61
S113D948206973206661696C65642E005061726198
S113D9586D657465727320666F72204D616320492A
S113D9686E697469616C697A6174696F6E20617239
S113D9786520696E76616C69642E00504C46563495
S113D9882E34300000000000BFD500000400000061
S113D9982AD6000007000000ECD5000008000000AB
S113D9A8FDD20000560000009508000000000000A9
S113D9B8000000004154002B090705030001020080
S113D9C8080604050000000201000304841E000088
S113D9D8093D0000127A000024F4000048E8010020
S113D9E890D0030020A1070000000000B128000027
S113D9F861510000C3A20000581B0000983A0000BF
S113DA081879000030F2000048E8010090D00300C3
S113DA1820A107000000000010270000204E00008D
S113DA2828A000000400000048E8010005000000E8
S113DA3890D003000600000038200700030000000F
S113DA4830F200000A00000028A0000002000000D4
S113DA581879000009000000204E000001000000B1
S113DA68983A000008000000102700000000000099
S113DA78581B0000040506030A02090108000000F7
S113DA88000000001F000000C01200001F0000007A
S113DA98A816000017000000841C00000F000000F6
S113DAA8E42500001E000000B42D0000160000004C
S113DAB8083900000E0000002C4C00001D00000076
S113DAC8685B000015000000747200000D0000007F
S113DAD8589800001C00000034B70000140000002F
S113DAE8E8E400000C000000783101001B0000008D
S113DAF8686E01001300000034CA01000B00000026
S113DB08286202001A00000040DB02001200000034
S113DB183C9303000A000000C0C20400190000007E
S113DB2860B3050011000000382007000900000058
S113DB3820A1070000000000AD2200002D12000003
S113DB483D19000045120000C11D0000A91D000078
S113DB585D190000B51B000071120000CD21000002
S113DB68F915000089120000E5110000B51600003F
S113DB78D1120000E91200003113000069120000FC
S113DB8861120000C1120000B1120000C1150000AA
S113DB98E518000039130000751300006916000029
S113DBA8A91200009912000041150000251F000069
S113DBB82117000011180000BD1800008915000085
S113DBC8D911000049360000C194C10000000000CA
S113DBD8F8EFF7E000000000E44971331CE68D33E8
S113DBE8010000000B000000100E000000000000FF
S113DBF80000000000000000000000000A0000000F
S113DC0800000000083E7233F8F18C330100000074
S113DC180B000000100E00000000000000000000CF
S113DC2800000000000000000A00010000000000DD
S113DC3864CE8F33DCACBB33010000000B00000062
S113DC48A08C00000000000000000000000000009C
S113DC5800000000640000000000000088C2903347
S113DC68B8B8BA33010000000B000000A08C000013
S113DC780000000000000000000000000000000098
S113DC8864000100000000002495BD339CD4C43313
S113DC98010000000B000000A08C00000000000040
S113DCA80000000000000000000000006400000004
S113DCB8000000004889BE3378E0C3330100000047
S113DCC80B000000A08C0000000000000000000011
S113DCD800000000000000006400010000000000D3
S113DCE88443C8335CFCCD33010000000B00000002
S113DCF8100E0000000000000000000000000000FA
S113DD08000000000A00000000000000A837C93322
S113DD183808CD33010000000B000000100E00008D
S113DD2800000000000000000000000000000000E7
S113DD380A00010000000000E4F1D2332CDAD433E5
S113DD480100000018000000407E050000000000EB
S113DD58000000000000000000000000E8030000CC
S113DD680000000008E6D33308E6D33301000000BE
S113DD7818000000407E05000000000000000000BC
S113DD880000000000000000E8030100000000009B
S113DD98C485D7335C31DA33010000000B0000007E
S113DDA8A08C00000000000000000000000000003B
S113DDB8000000006400000000000000E879D83387
S113DDC8383DD933010000000B000000A08C00008E
S113DDD80000000000000000000000000000000037
S113DDE86400010002000000E4BE8A36DC334F37C9
S113DDF8010000000D00000080EE36000000000065
S113DE0800000000000000000000000064000000A2
S113DE180200000008B38B36B83F4E3701000000FB
S113DE280D00000080EE3600000000000000000035
S113DE38000000000000000064000100030000006E
S113DE48240AD7369CE80237010000000D000000C0
S113DE5880EE360000000000000000000000000012
S113DE6800000000640000000300000048FED736EC
S113DE7878F40137010000000D00000080EE360040
S113DE880000000000000000000000000000000086
S113DE986400010004000000E4BE8A361C64E43611
S113DEA8010000000D00000080EE360000000000B4
S113DEB800000000000000000000000064000000F2
S113DEC80400000008B38B36F86FE3360100000045
S113DED80D00000080EE3600000000000000000085
S113DEE800000000000000006400010005000000BC
S113DEF86443A936DC21D536010000000D0000007A
S113DF0880EE360000000000000000000000000061
S113DF18000000006400000005000000805CAB36CF
S113DF28C008D336010000000D00000080EE360062
S113DF3800000000000000000000000000000000D5
S113DF486400010006000000A461C435DC334F37C7
S113DF58010000001E00000080EE360000000000F2
S113DF68000000000000000000000000102702006C
S113DF7806000000103EC73570574C3701000000FA
S113DF881E00000080EE36000000000000000000C3
S113DF980000000000000000102703000900000032
S113DFA8C03DDF3640F70937400D03000D0000007F
S113DFB8A00F00003200000088130000B0FF00002A
S113DFC83C930300102700000900000080040D376B
S113DFD800285037400D03000D000000C800000061
S113DFE802000000E8030000B0FF00003C930300B7
S113DFF8E80300000900000060C4E036E013F336CB
S113E008801A06000D000000A00F00003200000076
S113E01888130000B0FF0000382007001027010013
S113E02809000000E048FF3660A14E37801A060058
S113E0380D000000C800000002000000E803000012
S113E048B0FF000038200700E803010009000000C1
S113E058A0D1E336A0700837801A06000D0000002E
S113E068A00F00003200000088130000B0FF000079
S113E078382007001027010009000000208B0E3704
S113E08820944B37801A06000D000000C8000000D9
S113E09802000000E8030000B0FF00003820070079
S113E0A8E80301000A000000C03DDF3640F70937E5
S113E0B8400D03000D000000A00F00003200000016
S113E0C800000000000000000000000064000000E0
S113E0D80700000094E100000100000088E100004E
S113E0E80600000040E1000006000000F8E000001F
S113E0F8010000000700000020A107000100000043
S113E1080800000020A10700010000000900000029
S113E11820A10700010000000A00000020A1070058
S113E128010000000B00000020A10700010000000E
S113E1380C00000020A107000100000007000000F7
S113E14848E80100010000000800000048E8010058
S113E158010000000900000048E801000100000077
S113E1680A00000048E80100010000000B0000005C
S113E17848E80100010000000C00000048E8010024
S113E188010000000700000090D003000100000017
S113E1980700000048E80100010000000800000032
S113E1A848E80100010000000900000048E80100F7
S113E1B8010000000A00000048E801000100000016
S113E1C80B00000048E80100010000000C000000FA
S113E1D848E801000000000050C30000A8610000E6
S113E1E805144000000000000000000000000000CA
S113E1F8000080412300000000000000000000002F
S113E20800000000000000000100000001080000F8
S113E21820A107002029D135C02709002A000000C1
S113E228010C000048E8010060DC7133400D030074
S113E2381C000000010B000048E8010060DC713399
S113E248400D03001C000000010A000048E801001A
S113E25860DC7133400D03001C000000010900005C
S113E26848E8010060DC7133400D03001C00000025
S113E2780108000048E8010060DC7133400D030028
S113E2881C0000000107000048E8010060DC71334D
S113E298400D03001C0000000107000090D003009B
S113E2A800637333801A06000C0000000232000079
S113E2B850C3000060DC7133400D03001C000000F3
S113E2C8010C000048E80100C03DDF36400D0300A2
S113E2D80F000000010B000048E80100C03DDF36D4
S113E2E8400D03000F000000010A000048E8010087
S113E2F8C03DDF36400D03000F0000000109000097
S113E30848E80100C03DDF36400D03000F0000005F
S113E3180108000048E80100C03DDF36400D030055
S113E3280F0000000107000048E80100C03DDF3687
S113E338400D03000F0000000232000050C300002B
S113E348C03DDF36400D03000F000000010C000043
S113E35848E80100C03DDF36400D03000F0000000F
S113E368010B000048E80100C03DDF36400D030002
S113E3780F000000010A000048E80100C03DDF3634
S113E388400D03000F0000000109000048E80100E7
S113E398C03DDF36400D03000F00000001080000F7
S113E3A848E80100C03DDF36400D030026000000A8
S113E3B80107000048E80100C03DDF36400D0300B6
S113E3C8260000000107000090D0030060C4E03676
S113E3D8801A0600040000000107000090D0030022
S113E3E8E048FF36801A06000E000000010700000E
S113E3F890D00300A0D1E336801A06001200000072
S113E4080232000050C30000C03DDF36400D030057
S113E41826000000010C000048E80100E0D5A936F8
S113E428400D03000F000000010B000048E8010044
S113E438E0D5A936400D03000F000000010A0000D2
S113E44848E80100E0D5A936400D03000F0000009C
S113E4580109000048E80100E0D5A936400D030091
S113E4680F0000000108000048E80100E0D5A936C3
S113E478400D03000F0000000107000048E80100F8
S113E488E0D5A936400D03000F0000000107000085
S113E49890D0030020E3AC36801A06000700000081
S113E4A80232000050C30000E0D5A936400D030035
S113E4B80F000000010C000048E8010000D88C3669
S113E4C8400D03001D000000010B000048E8010096
S113E4D800D88C36400D03001D000000010A00001E
S113E4E848E8010000D88C36400D03001D000000E8
S113E4F80109000048E8010000D88C36400D0300EB
S113E5081D0000000108000048E8010000D88C360E
S113E518400D03001D0000000107000048E8010049
S113E52800D88C36400D03001D00000001070000D0
S113E53890D00300A05E8E36801A06000E000000FC
S113E5480232000050C3000000D88C36400D03008E
S113E5581D000000010C000048E801004023D936E2
S113E568400D03000E000000010B000048E8010004
S113E5784023D936400D03000E000000010A0000B4
S113E58848E801004023D936400D03000E0000007E
S113E5980109000048E801004023D936400D030072
S113E5A80E0000000108000048E801004023D936A5
S113E5B8400D03000E0000000107000048E80100B8
S113E5C84023D936400D03000E0000000107000067
S113E5D890D0030020B7DD36801A0600060000003C
S113E5E80232000050C300004023D936400D030016
S113E5F80E000000010C000048E8010000D88C3629
S113E608400D030040000000010B000048E8010031
S113E61800D88C36400D030040000000010A0000B9
S113E62848E8010000D88C36400D03004000000083
S113E6380109000048E8010000D88C36400D0300A9
S113E648400000000108000048E8010000D88C36AA
S113E658400D0300400000000107000048E80100E5
S113E66800D88C36400D030040000000010700006C
S113E67890D00300A05E8E36801A060020000000A9
S113E6880232000050C3000000D88C36400D03004D
S113E69840000000010000000000000004580020B1
S113E6A819000000060000000000000020580020A7
S113E6B80C020000000000F80000008058580020F8
S113E6C830040000B8D500002AD60000C2D50000E6
S113E6D8CDD50000D6D50000E2D50000F1D5000064
S113E6E809D6000018D600009ED50000B8D5000051
S113E6F826D60000ECD5000030D6000017D700005D
S113E70839D6000049D6000060D600006ED6000055
S113E7187ED6000093D60000A0D60000AED6000036
S113E728C2D60000D3D600000CD60000E3D6000001
S113E738F6D6000011D7000029D7000038D700000A
S113E748C9D4000029860000000000000000000071
S113E7580600000045D70000000000008D86000078
S113E76800000000040000004CD700000000000076
S113E77800000000C58600000500000051D7000015
S113E7888D870000000000008D8700000500000050
S113E79857D70000F98700007D88000000000000BA
S113E7A8070000005DD70000FD880000D186000046
S113E7B8000000000700000065D700003D89000044
S113E7C87B89000000000000050000006DD70000F0
S113E7D8A1890000DF890000000000000300000098
S113E7E873D70000058A0000838A00000000000037
S113E7F80800000077D70000AB8A0000F18A000007
S113E808000000000500000080D70000258B0000F0
S113E81800000000000000000700000086D7000088
S113E828A58B0000000000000000000007000000A5
S113E8388ED70000F58B00003D8C0000000000001E
S113E8480700000096D70000718C0000AD8C000012
S113E85800000000060000009ED70000E18C0000C4
S113E868000000000000000005000000A5D700001B
S113E878618D000000000000000000000800000096
S113E888ABD70000E98D0000000000000000000084
S113E89808000000B4D70000398E00000000000012
S113E8A80000000008000000BDD700009D8E000095
S113E8B8E58E00000000000005000000C6D7000037
S113E8C811870000F1860000000000000600000027
S113E8D8CCD7000002010123456789ABCDEF0002C4
S113E8E8000000000000000000009004504C465650
S113E8F8342E34308C58002088EA000058EC00008C
S113E90805020D01030000007F73000000000000F1
S113E9181CE90000000000000000000000000000E6
S113E92800000000090200000004000500060007BA
S113E9380000000000000000D58100000000000075
S113E9484CE9000000010000224000200F00FFFFF6
S113E95800000000FFFF00000200000000000000AB
S113E9682200003000000000000000000000000049
S113E978000000000000000000000000000001008A
S113E988030000000080000000020300D57D0000A1
S113E99800000000A0E90000600000010000000180
S113E9A80000000000F000000300000000780000F0
S113E9B8010200006580000000000000C8E90000B2
S113E9C86000000100000001000801020B010101C0
S113E9D80100000001000000000000000000000029
S113E9E8DD76000000000000F4E9000000000000EB
S113E9F800001040020000000008000000000000B1
S113EA081000000058590020A10500000000000073
S113EA181CEA000020EA0000185A00202CEA000032
S113EA28BCEC00000100000059A600000000000032
S113EA387C590020030A000000081040020000006E
S113EA48000800000000000010000000585A0020D0
S113EA587D0600000000000064EA000068EA000087
S113EA68185B002074EA0000BCEC00000100000000
S113EA7859A60000000000007C5A0020030A000088
S113EA883600000094EA00000000000005000000C1
S113EA980000000000000000010000000000000069
S113EAA80200000000000000030000000400000051
S113EAB804000000040000000A0000000400000034
S113EAC80B000000040000000C000000040000001B
S113EAD80D000000040000000E0000000400000007
S113EAE80F00000000000104000100000000010400
S113EAF801010000000001040201000004000000FC
S113EB0803010000000000000401000004000000EC
S113EB1805010000040000000601000004000000D4
S113EB2807010000000001000801000000000105C1
S113EB3809010000000001050A01000004000000AA
S113EB480B010000040000000C0100000500000097
S113EB580D01000000000000000200000000000099
S113EB68010200000500000004020000000000008B
S113EB780502000004000000060200000400000072
S113EB88070200000400000008020000040000005E
S113EB980C020000040000000D0200000000010047
S113EBA80003000000000000010300000040000012
S113EBB80203000004000000030300000400000036
S113EBC80403000005000000000400000500000024
S113EBD80104000004000000020400000500000015
S113EBE803040000040000000704000004000000FF
S113EBF808040000040000000904000004000000E8
S113EC080A040000040000000B04000004000000D3
S113EC1800050000040000000105000004000000D5
S113EC2802050000040000000D09000004000000B3
S113EC380E090000040000000F09000005100F1160
S113EC481E1C1E1A1201020F00130000000300000C
S113EC58C9B7000049B60000DDB70000E9B70000F5
S113EC68FDB6000041B7000051B600009DB6000093
S113EC78C5B60000E5B6000025B700006DB6000073
S113EC8881B600000100000094EC00000000104070
S113EC98FF0F104000040000010000000100000004
S113ECA8ACEC000000000000FFFF010000080000B9
S113ECB804000000B5BB000019BD000079BD0000C8
S113ECC881BC0000F1B8000015BA0000C5B8000006
S113ECD8E1B80000E5B80000E9B8000075BC000020
S113ECE8F1BB0000EDB8000033BA00000DB9000014
S113ECF811B900002FBA000015B9000019B90000B5
S113ED0836E0014038E0014090E4014032E001403F
S113ED1880E4014001000200080010002000000007
S113ED284275696C7420776974682052656E6573DE
S113ED38617320416476616E63656420466C65780E
S113ED4869626C6520536F667477617265205061DF
S113ED58636B6167652076657273696F6E20362E02
S113ED68322E3000362E322E30000000000002060B
S107ED78F8B5C046E0
S107ED7CF8B5C046DC
S107ED80490500003D
S107ED841905000069
S90300C537
