S0190000507269766174654C6F526153616D706C652E7372656360
S1130000784C0020499B00003D7000009582000060
S11300109582000095820000958200009582000080
S113002000000000000000000000000095820000B5
S1130030958200000000000095820000270900005E
S11300400000000000000000656D000000000000DA
S113005000000000656D00000000000000000000CA
S1130060000000000000000000000000397F0000D4
S1130070000000000000000000000000000000007C
S11300800000000000000000416B000000000000C0
S1130090F96B00000000000000000000B16C0000DB
S11300A0000000000000000000000000A96B000038
S11300B000000000C96A0000000000000000000009
S10B00C000000000812A000089
S11300C830B585B00400092240F29F2001A901F04F
S11300D87DFF6B461D79002301A8AB4214D1032B85
S11300E810D869465A1C0A716A465B00210A05320F
S11300F8D1546A460632D45440F29F20092201A9F9
S113010801F0D6FE05B030BD0100427889781202AC
S1130118521802309442F5D00133DBB2DDE710B552
S1130128064C1022002120000AF02AF9044B1B78FF
S113013813B91333E372237310BDC046D456002099
S1130148F8560020F7B500255F4B604C1860604BEB
S113015840F2E8310A205D701D7007F021FA00238F
S1130168E05E290008F0B8FE40F2E831142007F0F8
S113017817FA0023E05E012108F0AEFE40F2E831F0
S11301880A2007F00DFA534C534B0122A36040F2A6
S11301980533A380514B02210520E560DA70220063
S11301A807F040FE04204E4B2360205607F064FEFF
S11301B801F058FE280002F0B1FC4A4B1B78012BD1
S11301C801D102F0E7FD484B01210020185E01250A
S11301D808F082FE6B460024D91C2A009D200D706D
S11301E802F086FC414B20001D70414B414F1C70AE
S11301F8414B424E1C70424B1C6002F08FFC6B4614
S11302082A00991C96200D7002F072FC6B4602229B
S11302189C808F2001A902F06BFC2000042103F0CC
S113022833FB4FF6FF71080008F04AFB40F6AC00B8
S1130238FFF746FF40F68900FFF742FFFFF76FFF1D
S1130248380002F0B7FB300002F0B4FB2D4B022259
S1130258FB602D4B01A9F3602C4B17201C706B46D7
S11302689C803C607C603C723C6134607460347295
S1130278346101F081FE6B465A790334511013003E
S11302882940A9402B400B439110294089000B4376
S1130298D1102940C9000B431111294009010B430E
S11302A851112940921149012A4092010B431343E9
S11302B86A4612792A401202134303B91C0008F053
S11302C8BFF92000FEBDC0463C5800200C57002052
S11302D839580020FC5600208D260000006000409C
S11302E855434900F8560020E456002012400020E7
S11302F80D580020245800200C58002010580020C5
S113030808580020852B0000A12B00003858002035
S1070400FFFFFFFFF8
S1070404F7AFC1FF8A
S1130440FF0000000B00000000000000000000009E
S113045001FF0100884E0020001001FF0000000091
S113046003000000C45B00202C40002000000000BA
S1130470C45B00202C5C0020945C00200000000081
S11304800000000000000000000000000000000068
S11304900000000000000000000000000000000058
S11304A00000000000000000000000000000000048
S10B04B0000000000000000040
S11304B844F2780044F27803C2F20000C2F2000366
S11304C810B5834205D040F20003C0F2000303B123
S11304D8984710BD44F2780044F27803C2F2000051
S11304E8C2F200031B1A9A10D90F8918491010B5C3
S11304F829B140F20003C0F2000303B1984710BDCC
S113050810B544F69044C2F20004237873B9FFF797
S1130518CFFF40F20003C0F200032BB140F20840C1
S1130528C0F2000000E000BF0123237010BDC046E4
S113053840F20003C0F2000310B54BB144F69441F5
S113054840F20840C2F20001C0F2000000E000BF1F
S1130558FFF7C0FF10BDC0460122014B1A70704757
S11305687D5800200122014B1A7070477C580020E6
S1130578064B82B21B68012A03D80022D8701A805D
S1130588704740F200421A80FAE7C046144000203F
S11305980020044B1B6803B9704701301B6800B284
S11305A8F9E7C046AC4C002010B570B1094A0A23DB
S11305B8D45E002311689C4207DD814206D111896B
S11305C80131118100215268D15410BD01331BB28D
S11305D80C31F0E76C580020002210B50260013A93
S11305E80A80074A0300106840B10468146042682E
S11305F81A600822835E0B80FFF7D6FF10BDC04641
S1130608AC4C002002001F205AB101230849086895
S1130618824207D98868824204D8054ADB009B18BD
S11306281879704701330831172BF0D11F20F8E7E8
S1130638C0BC0000034B00201B78082B01D8024AD9
S1130648D05C704712400020B4BC0000154B00B5C4
S1130658185C0A2823D80AF021FB1E161612060D68
S113066822221A161200002001230B398B42404122
S1130678C0B203E00C394B425941C8B200BD002056
S113068802230A39F2E7002003230939EEE70020A0
S113069804230839EAE7002005230739E6E70020A0
S11306A8ECE7C04658BC00004A425141094A494255
S11306B8114042F2107289180300C8430A2B07D864
S11306C8054AD35C054A9B009B58C81803B9C8431C
S11306D87047C046F0D8FFFF58BC0000D4BB0000E8
S11306E803000D48D200125830B5546802209C42C9
S11306F811D895689D420ED3D2681B1BB3FBF2F444
S113070854431D1BA34206D12800012A03D08A4260
S113071892415242500030BD14560020030000207C
S113072882B00190D1B142F20F7291420CD840F2DA
S1130738E73291420AD9013242F210700192019AC9
S1130748401AB0FBF2F0584302B0704764226329A0
S1130758F2D80A220929EFD80122EDE70121FBE7A3
S11307680200405C5118CB78000618434B781B04F0
S113077818438B781B0218437047030E8B5489184F
S1130788030C4B70030A8B70C870704770B51D005A
S11307981B23D841084E059B049C9B19C018236849
S11307A86A40C0180B68134002226B40C0182060CE
S11307B80B68D3410B6070BD9979825A5A400B6813
S11307C830B55A401B23D841064D049B039C5B1942
S11307D8C018236812189B18022223600B68D3419F
S11307E80B6030BDA1EBD96EF0B51B26F0410A4F62
S11307F8069E059CF6190D688019266880192E0036
S1130808164333402A4013430222C01820600B6861
S1130818D3410B60F0BDC046DCBC1B8F5A400B684B
S113082830B55A401B23D841064D049B039C5B19E1
S1130838C018236812189B18022223600B68D3413E
S11308480B6030BDD6C162CA030070B50F2605001F
S1130858C41E083B344033403540A4009B005B5819
S11308686458AD004D195C402B680E385C401F235A
S113087830408000405860401060D841286070BD06
S113088840F2E41201230249885C03438B54704705
S1130898DC52002040F2E41202230249885C03433C
S11308A88B547047DC5200200423024A11780B430E
S11308B813707047505100200223024A11780B43E9
S11308C813707047505100200123024A11780B43DA
S11308D8137070475051002010B5FFF7ABFE052880
S11308E807D0042801D102F071FA02F063F902F08A
S11308F8A9F910BD10B5FFF79DFE50B10438C0B278
S1130908012801D802F062FA02F054F9002002F03A
S113091897FA10BDEFF31083036072B670477047FF
S11309280379012B01D1014A13707047C850002084
S1130938002382B00193054BDB88C01A1E2380B2C2
S113094843430193019880B202B07047FE260A40DF
S113095810B5042401210748074B82791975A2436D
S1130968827100220020197000211A619860D960F0
S11309789A8310BD00380A40405800200200811CA8
S1130988002010B51378000184B218003038C0B2C2
S1130998092805D918006138052806D8573BD8B264
S11309A8013220439142EDD110BD18004138052889
S11309B801D8373BF3E74FF6FF70F5E7F0B50023AE
S11309C80500CC5CA44626093400674630349F2FC2
S11309D800D907340F262C70CC5C344026003036FE
S11309E8092C01D93734260001339CB26E700235C4
S11309F89442E6D30023520092B28354F0BDF0B57A
S1130A0887B003900191029213B9042007B0F0BD96
S1130A18019A54009C42F8DB00252E00E41A24B203
S1130A2805AFD4B9029A6B1C525D1DB23A7000240A
S1130A38029B6A1C5B5715B238007B70FFF79EFF58
S1130A484FF6FF739842E0D0039B98550136019BFB
S1130A5836B2B342E5DC0020D8E73023A4B23B70B9
S1130A68012CE4D0023C302324B2E5E7030030B57E
S1130A7871B141180A24002000229A566043303A82
S1130A88D5B2092D04D8013310188B42F4D130BDE6
S1130A9801204042FBE70000054B00201B78012B96
S1130AA804D1044B187843425841C0B27047C04639
S1130AB8804D0020B050002030B585B0FFF768FDA8
S1130AC8C0B20424012819D16B469D1D290002A82F
S1130AD8FFF782FD21002B88029A03A8FFF78FFFF6
S1130AE8040058B943F20012039B06491BBA1A4082
S1130AF80A60CC2212061340034A5360200005B052
S1130B0830BDC046E84C0020705100200122024B41
S1130B1829331A707047C046F84C002010B5034BAF
S1130B281B689B780BB109F0CBFE10BD1440002064
S1130B38F0B50A0085B020B1012839D0002005B0ED
S1130B48F0BD4B490B00EC331C680B00BA33188812
S1130B580B00BF331B78C1315D1EAB410978C00857
S1130B6801391B18481E814149008918DB001833D4
S1130B78C900591840F2E8334B43621E9B1841F6EA
S1130B885732B3FBF4F3012094420FD840F6B7323E
S1130B98001894420AD840F2CF720130944205D822
S1130BA840F2E7320430944200D90238C018C6E74C
S1130BB82F4B00201900F931097801900A2902D82D
S1130BC82C48415C01911900F8310E781900C431A0
S1130BD818000F881900FA331B78C6310433C8305B
S1130BE8097804780393731F012B04D83B1C0C2F3A
S1130BF800D20C239FB2631E9C41D2002401A41886
S1130C084A4251411423B50049420B40641BE4187D
S1130C18B31E0293062E07D9310001980834FFF752
S1130C2815FD08B1B31E9D00E343DB171C4064198E
S1130C38013C94FBF5F5039B6B43DA1913000E335F
S1130C48062E00D9023B0C4A0199525C0A2A0ED896
S1130C580A49920052589B00029901338B4040F292
S1130C68E8305843531EC018B0FBF2F067E7FFDEC4
S1130C780C57002020BC000058BC00002CBC00000D
S1130C88084B02001978012051B10018042907D82B
S1130C98191DC97F21B908000133DA77024B9A7408
S1130CA87047C046DC520020F84C0020084B020074
S1130CB81978012051B10018042907D8191DC97FD2
S1130CC821B91B180800DA77024BDA747047C0465A
S1130CD8DC520020F84C0020084A03001178012057
S1130CE859B10018042908D814210332D377044AC7
S1130CF85156994200D0137500207047DC520020E9
S1130D08F84C0020084A03001178012051B100185A
S1130D18042907D82C321370044A917D994200D0D3
S1130D28937500207047C046DC520020F84C002020
S1130D38F0B50D00ADB0039000212800FFF710FDB9
S1130D480421070017902800FFF70AFD0821060070
S1130D5818902800FFF704FD0C21040019902800BE
S1130D68FFF7FEFC102107901A902800FFF7F8FC03
S1130D78142108901B902800FFF7F2FC1821099011
S1130D881C902800FFF7ECFC1C210A901D902800F9
S1130D98FFF7E6FC20210B901E902800FFF7E0FCEB
S1130DA824210C901F902800FFF7DAFC28210D90CD
S1130DB820902800FFF7D4FC2C210E9021902800C5
S1130DC8FFF7CEFC30210F9022902800FFF7C8FCD3
S1130DD83421109023902800FFF7C2FC3821119089
S1130DE824902800FFF7BCFC3C2112902590280091
S1130DF8FFF7B6FC039B13909B68269005932793F3
S1130E08039B28A9DB6814932893039B1B69049309
S1130E182993039B5B6906932A93039B049A9B6912
S1130E28059815932B932BAB01970093069BFFF71B
S1130E38ADFC289D2AAB2A002B980196009327A97C
S1130E48049BFFF7A3FC279E019429AC2B003200D6
S1130E582A982BA90094FFF799FC079B2B9D0193D3
S1130E6828AB2A00299800932AA93300FFF78EFC9F
S1130E78089B2A9E019327AB3200210028980093EF
S1130E882B00FFF783FC099B299D01932BAB2A00B8
S1130E982798009328A93300FFF778FC0A9B289E1B
S1130EA801932AAB32002B98009327A92B00FFF754
S1130EB86DFC279D0B9B2A002A9801932BA93300CC
S1130EC80094FFF763FC0C9B2B9E019328AB320024
S1130ED8299800932AA92B00FFF758FC0D9B2A9DFB
S1130EE8019327AB2A002100289800933300FFF7C9
S1130EF84DFC0E9B299E01932BAB3200279800933F
S1130F0828A92B00FFF742FC0F9B289D01932AABCD
S1130F182A002B98009327A93300FFF737FC279E54
S1130F28109B32002A9801932BA92B000094FFF7F9
S1130F382DFC119B2B9D019328AB2A002998009323
S1130F482AA93300FFF722FC129B2A9E019327ABA0
S1130F5832002100289800932B00FFF717FC139BFD
S1130F68299D01932BAB2A002798009328A93300C5
S1130F78FFF70CFC16AA17A910202B9E289FFFF731
S1130F8863FC2AAB3A000190009330002B0027A998
S1130F98FFF7FCFB16AA17A911202A9D279E289F54
S1130FA8FFF752FC3B00320001902BA92800009463
S1130FB8FFF7ECFB16AA17A91220299D2B9E279F41
S1130FC8FFF742FC28AB32000190009328003B0055
S1130FD82AA9FFF7DBFB16AA17A91320289D2A9E26
S1130FE82B9FFFF731FC27AB3200210001900093BF
S1130FF828003B00FFF7CAFB16AA17A91420279D4F
S1131008299E2A9FFFF720FC2BAB32000190009306
S113101828003B0028A9FFF7D1FB16AA17A9152019
S11310282B9D289E299FFFF70FFC2AAB32000190C5
S1131038009328003B0027A9FFF7C0FB16AA17A9AD
S113104816202A9D279E289FFFF7FEFB3B003200AF
S113105801902BA928000094FFF7B0FB16AA17A942
S11310681720299D2B9E279FFFF7EEFB28AB320004
S11310780190009328003B002AA9FFF79FFB16AABA
S113108817A91820289D2A9E2B9FFFF7DDFB27AB65
S1131098320021000190009328003B00FFF78EFBEB
S11310A816AA17A91920279D299E2A9FFFF7CCFB6A
S11310B82BAB32000190009328003B0028A9FFF7CE
S11310C87DFB16AA17A91A202B9D289E299FFFF796
S11310D8BBFB2AAB32000190009328003B0027A9F0
S11310E8FFF76CFB16AA17A91B202A9D279E289F89
S11310F8FFF7AAFB3B00320001902BA928000094BB
S1131108FFF75CFB16AA17A91C20299D2B9E279F75
S1131118FFF79AFB28AB32000190009328003B00AC
S11311282AA9FFF74BFB16AA17A91D20289D2A9E5A
S11311382B9FFFF789FB27AB320021000190009316
S113114828003B00FFF73AFB16AA17A91E20279D83
S1131158299E2A9FFFF778FB2BAB3200019000935E
S113116828003B0028A9FFF729FB16AA17A91F2066
S11311782B9D289E299FFFF767FB2AAB320001901D
S1131188009328003B0027A9FFF718FB16AA17A904
S113119820202A9D279E289FFFF756FB3B003200FC
S11311A801902BA928000094FFF708FB16AA17A999
S11311B82120299D2B9E279FFFF746FB28AB320051
S11311C80190009328003B002AA9FFF7F7FA16AA12
S11311D817A92220289D2A9E2B9FFFF735FB27ABB2
S11311E8320021000190009328003B00FFF7E6FA43
S11311F816AA17A92320279D299E2A9FFFF724FBB7
S11312082BAB32000190009328003B0028A9FFF77C
S1131218D5FA16AA17A924202B9D289E299FFFF7E3
S113122813FB2AAB32000190009328003B0027A946
S1131238FFF7C4FA16AA17A925202A9D279E289FD6
S1131248FFF702FB3B00320001902BA92800009411
S1131258FFF7B4FA16AA17A92620299D2B9E279FC3
S1131268FFF7F2FA28AB32000190009328003B0004
S11312782AA9FFF7A3FA16AA17A92720289D2A9EA8
S11312882B9FFFF7E1FA27AB32002100019000936E
S113129828003B00FFF792FA16AA17A92820279DD1
S11312A8299E2A9FFFF7D0FA2BAB320001900093B6
S11312B828003B0028A9FFF797FA16AA17A929209E
S11312C82B9D289E299FFFF7BFFA2AAB3200019075
S11312D8009328003B0027A9FFF786FA16AA17A946
S11312E82A202A9D279E289FFFF7AEFA3B0032004A
S11312F801902BA928000094FFF776FA16AA17A9DB
S11313082B20299D2B9E279FFFF79EFA28AB32009E
S11313180190009328003B002AA9FFF765FA16AA52
S113132817A92C20289D2A9E2B9FFFF78DFA27ABFF
S1131338320021000190009328003B00FFF754FA83
S113134816AA17A92D20279D299E2A9FFFF77CFA04
S11313582BAB32000190009328003B0028A9FFF72B
S113136843FA16AA17A92E202B9D289E299FFFF71A
S11313786BFA2AAB32000190009328003B0027A99E
S1131388FFF732FA16AA17A92F202A9D279E289F0D
S1131398FFF75AFA3B00320001902BA92800009469
S11313A8FFF722FA16AA17A93020299D2B9E279FFA
S11313B8FFF74AFA28AB32000190009328003B005B
S11313C82AA9FFF711FA16AA17A93120289D2A9EDF
S11313D82B9FFFF739FA27AB3200210001900093C5
S11313E828003B00FFF700FA16AA17A93220279D08
S11313F8299E2A9FFFF728FA2BAB3200019000930D
S113140828003B0028A9FFF7EFF916AA17A93320EB
S11314182B9D289E299FFFF717FA2AAB32000190CB
S1131428009328003B0027A9FFF7DEF916AA17A99D
S113143834202A9D279E289FFFF706FA3B00320096
S113144801902BA928000094FFF7CEF916AA17A932
S11314583520299D2B9E279FFFF7F6F928AB3200EC
S11314680190009328003B002AA9FFF7BDF916AAAA
S113147817A93620289D2A9E2B9FFFF7E5F927AB4D
S1131488320021000190009328003B00FFF7ACF9DB
S113149816AA17A93720279D299E2A9FFFF7D4F952
S11314A82BAB32000190009328003B0028A9FFF7DA
S11314B89BF916AA17A938202B9D289E299FFFF768
S11314C8C3F92AAB32000190009328003B0027A9F6
S11314D8FFF78AF916AA17A939202A9D279E289F5B
S11314E8FFF7B2F93B00320001902BA928000094C1
S11314F8FFF77AF916AA17A93A20299D2B9E279F48
S1131508FFF7A2F928AB32000190009328003B00B2
S11315182AA9FFF769F916AA17A93B20289D2A9E2C
S11315282B9FFFF791F927AB32002100019000931C
S113153828003B00FFF758F916AA17A93C20279D55
S1131548299E2A9FFFF780F92BAB32000190009364
S113155828003B0028A9FFF761F916AA17A93D201E
S11315682B9D289E299FFFF76FF92AAB3200019023
S1131578009328003B0027A9FFF750F916AA17A9DA
S11315883E202A9D279E289FFFF75EF93B003200E4
S113159801902BA928000094FFF740F916AA17A96F
S11315A83F20299D2B9E279FFFF74EF928AB320039
S11315B80190009328003B002AA9FFF72FF916AAE7
S11315C817A94020289D2A9E2B9FFFF73DF927AB9A
S11315D8320021000190009328003B00FFF71EF918
S11315E816AA17A94120279D299E2A9FFFF72CF99F
S11315F82BAB32000190009328003B0028A9FFF789
S11316080DF916AA17A942202B9D289E299FFFF79A
S11316181BF92AAB32000190009328003B0027A94C
S1131628FFF7FCF816AA17A943202A9D279E289F8E
S1131638FFF70AF93B00320001902BA92800009417
S1131648FFF7ECF816AA17A94420299D2B9E279F7B
S1131658FFF7FAF828AB32000190009328003B000A
S11316682AA9FFF7DBF816AA17A94520289D2A9E60
S11316782B9FFFF7E9F827AB320021000190009374
S113168828003B00FFF7CAF816AA17A94620279D89
S1131698299E2A9FFFF7D8F82BAB320001900093BC
S11316A828003B0028A9FFF7B9F816AA17A947206C
S11316B82B9D289E299FFFF7C7F82AAB320001907B
S11316C8009328003B0027A9FFF7A8F816AA17A932
S11316D848202A9D279E289FFFF7B6F83B00320032
S11316E801902BA928000094FFF798F816AA17A9C7
S11316F84920299D2B9E279FFFF7A6F828AB320087
S11317080190009328003B002AA9FFF787F816AA3E
S113171817A94A20289D2A9E2B9FFFF795F827ABE7
S1131728320021000190009328003B00FFF776F86F
S113173816AA17A94B20279D299E2A9FFFF784F8EC
S11317482BAB32000190009328003B0028A9FFF737
S113175865F816AA17A94C202B9D289E299FFFF7E8
S113176873F82AAB32000190009328003B0027A9A4
S1131778FFF754F816AA17A94D202A9D279E289FDB
S1131788FFF762F83B00320001902BA9280000946F
S1131798FFF744F816AA17A94E20299D2B9E279FC8
S11317A8FFF752F828AB32000190009328003B0061
S11317B82AA9FFF733F816AA17A94F20289D2A9EAD
S11317C82B9FFFF741F827AB3200019000932800C4
S11317D83B002100FFF722F80020059A279B9B185D
S11317E8039A9360149A289B9B18039AD360049ACB
S11317F8299B9B18039A1361069A2A9B9B18039AA0
S11318085361159A2B9B9B18039A93612DB0F0BDD5
S113181810B5094B012806D1084AC733117019704D
S113182806F0E4FF10BD1A00BF321278002AF9D17D
S1131838024AC0331170F2E70C570020114000200F
S113184810B5044B1420185E07F038FB0128F8D0B3
S113185810BDC0460C57002070B5074D0C002B78FE
S113186806223BB10232054909F034F8062208B9C8
S113187802002560100070BDCC520020CD5200201B
S1131888002373B5214D04002E780C200193D6B99A
S11318982378012B18D0022B22D007384BB9201DEE
S11318A801A9FFF7D9FF20B9FB22237B0236134095
S11318B82B712B000022F8331A6020B9019BDA68D7
S11318C8E2B9DD602E7076BD201D01A9FFF7C4FFC3
S11318D80028EED1FB22237B032613402B71E8E773
S11318E8201D01A9FFF7B8FF0028E2D10426237BB5
S11318F8DBB2B3432B712369AB60DAE71300F83228
S11319081268002AFAD1F8331D60DBE77851002009
S1131918134B37B51B780400012093B10018042B2E
S11319280FD87CB1200008F039FB200001A9FFF78B
S113193893FF040020B9019DE86808F03FFB2C7070
S113194800203EBD5821074806F072FEFC210648D7
S113195806F06EFE1021054806F06AFEF0E7C04660
S1131968DC5200207452002078510020CC52002010
S113197810B5204C23006A331A78230044331878AE
S113198852070138520F082812D809F087F91C1C8D
S113199805121416181A2B000023012A15D0032A3D
S11319A820D00023443414211348237006F040FE49
S11319B810BD0223F1E70323EFE70523EDE7062330
S11319C8EBE70723E9E70423E7E70C49A26E0A409B
S11319D80B498A42E5D040F270120A48A35463685E
S11319E89847DEE740F26C13E35C002BD9D0054836
S11319F8E368F5E7DC52002048540020FF0080002B
S1131A08110080004C54002010B5212006F004FC7D
S1131A181D2006F001FC10BD10B5212006F020FAA7
S1131A281D2006F01DFA10BDF7B507000C000025AF
S1131A38C9B3354E01A8FEF76DFF3278531CDBB2EB
S1131A4833700AB9FFF7E0FF019B83F31088092F6D
S1131A5836D8380009F022F9050A292D31393F43CF
S1131A6847512278294B1A7001250FE016250422C4
S1131A78210001A808F04DFF019A254B19689142ED
S1131A883FD0013DADB20833002DF7D101A8FEF7D0
S1131A9841FF3378013BDBB233700BB9FFF7BCFF6E
S1131AA8019B83F310882800FEBD2278174B1A7215
S1131AB8DAE72278154B5A72D6E723782F2B01D907
S1131AC80025E3E7114AD372CEE723782F2BF7D802
S1131AD80E4A1373C8E722780C4B5A73C4E722786A
S1131AE80A4B9A72C0E7094D2378AF7BAB7306F0B3
S1131AF8A7FD0028B8D1AF73E2E72278034BDA7365
S1131B08B2E7024B5A60AFE768580020D456002069
S1131B18C0BC0000F7B507000C00002679B3254DBA
S1131B2801A8FEF7F7FE2A78531CDBB22B700AB91A
S1131B38FFF76AFF019B83F310880026092F11D849
S1131B48380009F0ABF805091E2124272A2D303363
S1131B58194B1B78237004E004222000174908F06D
S1131B68D8FE012601A8FEF7D5FE2B78013BDBB28F
S1131B782B700BB9FFF750FF019B83F310883000DB
S1131B88FEBD0D4B1B7AE5E70B4B5B7AE2E70A4B8C
S1131B98DB7ADFE7084B1B7BDCE7074B5B7BD9E78A
S1131BA8054B9B7AD6E7044B9B7BD3E7024BDB7B45
S1131BB8D0E7C04668580020D4560020D8560020E4
S1131BC873B5184D060001A80C00FEF7A3FE2A7889
S1131BD8531CDBB22B700AB9FFF716FF019B83F382
S1131BE81088114B042E14D0052E18D0083307CCB6
S1131BF807C306CC06C301A8FEF78CFE2B78013B6D
S1131C08DBB22B700BB9FFF707FF019B83F3108836
S1131C1873BD1C3307CC07C307CC07C3EBE72268A3
S1131C285A60E8E7685800207856002073B51C4DC0
S1131C38060001A80C00FEF76DFE2A78531CDBB2DF
S1131C482B700AB9FFF7E0FE019B83F31088154B4C
S1131C58042E1AD0052E1FD0032E0FD01B78237004
S1131C6801A8FEF757FE2B78013BDBB22B700BB9AA
S1131C78FFF7D2FE019B83F3108873BD220008335B
S1131C8843CB43C203CB03C2EAE722001C3343CB52
S1131C9843C213CB13C2E3E75B682360E0E7C046A3
S1131CA86858002078560020F7B5214D01A8FEF7A2
S1131CB831FE2A78531CDBB22B700AB9FFF7A4FE55
S1131CC8019B83F310881B4B1E681B4B9A889988C9
S1131CD897B28A42FAD101A8DC7AFEF71BFE2B7868
S1131CE8E4B2013BDBB22B700BB9FFF795FE019B05
S1131CF883F3108847F6FE739F4202D8E40700D5A1
S1131D08103645F65E737B430193019B0B4A300002
S1131D18B3FBF2F30193019C40F2E8320023002163
S1131D2808F0D0FF220000238018594103B0F0BD09
S1131D3868580020C450002000380A40A0860100DA
S1131D4810B5FFF7B1FF1022034B9860D9601978DA
S1131D580A431A7010BDC04650510020F8B515004A
S1131D6807000E001C00FFF79FFF0822054B986030
S1131D78D96019781F610A439E82DD821C761A7025
S1131D88F8BDC0465051002010B5FFF78DFF0B0079
S1131D980A4902008868C968994202D809D1904260
S1131DA807D9121A8B4101204042C11780185941A2
S1131DB810BD121A8B4110001900F9E74058002091
S1131DC807B56B46D87107330121180007F03EF8B0
S1131DD807BD0000F0B5214C87B0019005A81F008D
S1131DE803920291FEF796FD2278531CDBB223700E
S1131DF80AB9FFF709FE059B83F31088184D0021E3
S1131E082B00A4330020185E07F066F80026019B17
S1131E18985D06F063FD0136029AB3B29A42F6D889
S1131E28039EF719BE4214D1A4350023E85E0121AC
S1131E3807F052F805A8FEF76DFD2378013BDBB2E5
S1131E4823700BB9FFF7E8FD059B83F3108807B0EF
S1131E58F0BD307806F042FD0136E3E7685800200B
S1131E680C570020C02307B501A8038000231A00DB
S1131E780221FFF7AFFFFFF7E3FC07BD10B50A4BDC
S1131E881A78082A0DD840F241130124D34023427A
S1131E9807D0FFF7E7FF054B21000020185E07F085
S1131EA81BF8FFF7CDFC10BD12400020E4560020BB
S1131EB80D2373B50D00160001AC2370030A63707B
S1131EC8A070FFF7DBFF33002A0003212000FFF78F
S1131ED881FFFFF7B5FC73BDF0B5254D87B00190C0
S1131EE805A81F0003920291FEF714FD2A78531CDB
S1131EF8DBB22B700AB9FFF787FD059B83F31088C3
S1131F081C4E00213300A4330020185E06F0E4FFC1
S1131F180024019B185D06F0E1FC0134029AA3B287
S1131F289A42F6D8002006F0D9FC039CC3B2019368
S1131F38E719BC4215D1A4360023F05E012106F04E
S1131F48CBFF05A8FEF7E6FC2B78013BDBB22B7030
S1131F580BB9FFF761FD059B83F31088019807B05F
S1131F68F0BD002006F0BAFC20700134E1E7C04659
S1131F78685800200C57002073B56B4615000C00F8
S1131F88DE1DD871FFF77AFF2B00220001213000F3
S1131F98FFF7A2FF0400FFF753FC200076BD000002
S1131FA813B501AC012221001520FFF7E5FF064B0C
S1131FB822781B7852085BB29B1A181C803301DA0A
S1131FC84FF6807000B216BDD45600201D2373B599
S1131FD80D00160001AC2370030A6370A070FFF7AC
S1131FE84DFF33002A0003212000FFF775FFFFF798
S1131FF827FC73BD030070B572B6BFF34F8FBFF3F0
S11320086F8F0079082809D888B3013807282ED893
S113201808F044FE706E2D0D2D2D2D0B0300EF22BC
S1132028103B134201D0402821D1334B53E09C6824
S1132038324B1B785BB2D3B10623314AD356012BFA
S113204815D00223D05E0023D15E0425525F431CC1
S113205893FBF2F56A439B1A1BB2E4B28B420CD190
S1132068082C04D106F09EFC2000FEF757FD62B64A
S1132078BFF34F8FBFF36F8F70BD2300613B192BE4
S113208805D8203CE4B2200006F072FC29E00A2CB2
S113209806D00D2C18D0082C1FD0202CE7D0F2E73E
S11320A8200006F065FC2000164CFEF737FD237867
S11320B8002BDCD006F076FC06F074FC0122124BEF
S11320C81A7000232370D2E7200006F051FC200088
S11320D8FEF724FD0B4B012208E0884204D006F0E9
S11320E861FC2000FEF71AFD0022064B1A70BEE7B9
S11320F8064BF0E7064BEEE7FC500020C0500020EA
S1132108B4500020B1500020B0500020C15000202D
S1132118FD50002007B508220549064808F0F9FBD8
S11321280120002101AA05F095FD00200EBDC0463E
S113213828AD0000F84C002010B5044B186820B1F5
S113214802681A60FEF730FAF7E710BDAC4C0020BD
S113215807B5064B01A91B7840BA088023B90222A7
S113216840F2BC60FFF7A4FE07BDC0460D5800202E
S113217807B5064B01A91B7840BA088023B9022287
S113218840F2BE60FFF794FE07BDC0460D5800201C
S113219803688BB11B78052B0ED143680020074ACE
S11321A818609A60064A5860DA60064A1A61064A54
S11321B85A61064A9A6170470548FCE70123456756
S11321C889ABCDEFFEDCBA9876543210F0E1D2C375
S11321D800AFFFFFF7B5036815000091002B3AD054
S11321E81B78052B37D144689AB33F2623681E40D1
S11321F8D31823609A4202D9636801336360B6B185
S11322084027BF1BBD4212D323001C3300993A0058
S11322189819019308F07DFB20000199FEF788FDC9
S1132228C0B9403DAD190600009BDB1900932F008F
S113223804E02000FEF77CFD60B9403F009B59197B
S1132248C91B3F2FF5D827B11C343A00A01908F050
S113225860FB0020FEBD0148FCE7C04600AFFFFF5D
S1132268F8B503680E00002B59D01B78052B56D1FE
S113227844683F22270023681C371340581C413206
S1132288E3181A77382839D80021483A121A381826
S113229808F076F8256860686B0FC0001843382288
S11322A83900FEF76AFAE8003C223900FEF765FABD
S11322B839002000FEF73CFD0500C0B902003100DA
S11322C8A068FEF75AFA04223100E068FEF755FACE
S11322D8082231002069FEF750FA0C2231006069A7
S11322E8FEF74BFA10223100A069FEF746FA5C2289
S11322F80021200008F044F82800F8BD40220021FD
S1132308121A381808F03CF839002000FEF710FDBE
S113231805000028EBD1010038223800B8E7014D48
S1132328EAE7C04600AFFFFF10B5FEF783F90428BB
S113233807D0052801D100F049FD00F03BFC00F06E
S11323488BFC10BD70B50A4D2B1DDC7F64B1FEF704
S1132358D1FA012006F07CF8040008B1FFF7E4FF85
S1132368042320002B7070BDFFF7DEFF0323F8E77A
S1132378DC5200200A4A10B51478030001200B2C03
S11323880CD0147A03309C4208D91030584353684F
S11323981A181B5C04200BB100200A6010BDC0464B
S11323A8044000200D4B37B514001A7805000123AA
S11323B808000B2A0DD001A9FFF7DCFF030040B980
S11323C8019A117CA94206D9D068916868434018DB
S11323D8206018003EBD0423FBE7C04604400020EB
S11323E873B50E0001A915001C00FFF7C3FF30B92F
S11323F8019B1A7832705A782A705B68236076BD1C
S1132408F0B51B4C85B0A31CDF7F6B469D1DDE1DFC
S11324182A0002AB31003800FFF7E2FF03000D2069
S113242813BB631C3900D87F03AAFFF7BBFFE8B9C5
S11324382300327848331A7023002A7850331A70EC
S1132448029BE21C6365039BE3642300D27F583339
S11324581A70084B1B780B2B06D02300FF22593324
S11324681A7042F21073E36505B0F0BD0E20FBE765
S1132478DC52002004400020F0B51B4C85B0A31C9E
S1132488DE7F6B466A46DF1D3900300002AB063238
S1132498FFF7A6FF0D2510BB631C3100D87F03AAE4
S11324A8FFF780FF0500E8B940F280133A7830005E
S11324B8E2546B469A7940F28813E254029A043340
S11324C8E250039A083BA16AE25006F087FA074BE8
S11324D81B780B2B03D040F2A413FF22E2542800EC
S11324E805B0F0BD0E25FAE7DC52002004400020B8
S11324F8F8B5144E050033780124D3B12419042BFC
S113250817D868B9371DFD773378022B13D9FFF72D
S113251819FF040078B10023FB77FFF713FF08E0E5
S1132528FFF7AAFF040020B9FFF76AFF0400002898
S1132538E8D02000F8BD044B5A7DAA4200D05D754E
S11325480024F6E7DC520020F84C002010B5084BB4
S11325580C001B79062243B10232064908F0BAF985
S1132568062210B9044A22600200100010BDC046B9
S1132578745200207C52002078520020042307B5AE
S113258818B101A9FFF7E2FF030018000EBD00000F
S1132598EFF31080012383F31088064B196819B9E7
S11325A8054A1170403111701A6801321A6080F3BB
S11325B8108870474C51002040030A4070B50D0044
S11325C814002800A1B206F041FC0028F9D120002B
S11325D870BD0000114BF7B518780D0091B2C140D9
S11325E800270F4C0F4E019180202770800237700E
S11325F8217859B10199DD61196294B22800A1B218
S113260806F024FC0028F9D12000FEBD3178002909
S1132618EAD101380028EBD1E6E7C046D0500020C3
S1132628FD500020FC500020054B012800D1186003
S11326381A68D20702D51A68104318607047C04652
S113264848510020044B10B51B68DB0702D5022053
S1132658FFF7EAFF10BDC0464851002010B572B616
S1132668BFF34F8FBFF36F8FFFF7ECFF0122044BCB
S11326781A7062B6BFF34F8FBFF36F8F10BDC04699
S11326883858002010B5FFF7E9FF10BDF0B5644EC7
S113269887B00191B388B1889AB28B42FAD145F6D2
S11326A85E7353430593059B5E4A5F4CB3FBF2F399
S11326B80593059B277802283ED09AB2039202928A
S11326C8032860D000231D00012F21D12375FFF7B3
S11326D8EBFA019B029A236143F680639B1A019AE1
S11326E89BB2A060E160A3830AB900230FE043F61C
S11326F87F62019991421CD80A008B4219D904239C
S1132708039923708C466B4662449B882261012599
S11327182269002A50D1B37904329343B371072351
S11327282370237D002B00D16FE0012323752370D0
S113273868E002232370D8E7022F0BD1A28B236908
S11327489B1A01252361394B22699A420ED9002329
S113275823610BE0032F03D12369354A9B18F0E763
S1132768043F0025022FEED82561013543F67F6228
S11327782369934203D804229BB22270C8E7032337
S113278823700023C4E7052F11D12369039A9342C8
S11327980AD9029A01259B1A40F2D0729BB293423D
S11327A8B6D804222270B3E7002323619DE7062FDD
S11327B8FAD000231D00ABE7217804291FD1B27990
S11327C88A43B27140F2D072934204D9052323702C
S11327D801235B420CE0062121709342F8D0642265
S11327E8DB03B3FBF2F35A3A0533B3FBF2F39BB2C0
S11327F873801B23F372B279173B1343B3712378A5
S1132808072B8ED0280007B0F0BDA36903B1984701
S11328181020FFF709FF2378072BF3D185E7C0467B
S113282800380A40A0860100405800200000FFFF3D
S113283880C1FFFF002210B5044B04681A70FEF72C
S113284887F821000120FFF721FF10BD6058002000
S1132858F0B587B0040005A8FEF75CF83F490A788C
S1132868531CDBB20B700AB9FFF7CEF8059B83F350
S113287810887CB33A4E37683D00002D3AD163681E
S113288825722360FFB13B7A002B37D0FFF77CFA1F
S11328982B003A6800920193A94203D1824201D9DC
S11328A80090019500980199121A8B4100920193A6
S11328B8019B256813B9009BAB4223D9009B5D1B80
S11328C800233D603B72012320002761237234609A
S11328D8FFF7B0FF05A8FEF71DF8204A1378013B5F
S11328E8DBB213700BB9FFF797F8059B83F31088D5
S11328F807B0F0BDAC42EDD02D69BEE73B68019549
S11329080093D5E73E692EB9009BED1A25603C611A
S11329182661DFE73268019B0098019912184B4140
S11329280BB9954208D2009B009AEB1A23603368CE
S11329389B185B1B3360EAE7316921B9AD1A25603E
S113294834612161C6E708683700029000200390CB
S11329580E000298039900920193DFE7685800205B
S11329686458002070B5124C236843B10022012535
S11329781A601A720023206858B903B1206070BD28
S1132988C1682B00026911B122608847F2E7100080
S1132998F2E70268002AF3D03BB9037A002BEED1A0
S11329A801230372FFF746FFE9E72060F5E7C04615
S11329B864580020F7B52E4D040001A8FDF7AAFFBE
S11329C82A78531CDBB22B700AB9FFF71DF8019B58
S11329D883F31088274E336803B16CB901A8FDF757
S11329E899FF2B78013BDBB22B700BB9FFF714F876
S11329F8019B83F31088F7BDA3422DD1237A0BB32F
S1132A08FFF7C2F98C460021276821722469ACB10A
S1132A183A0034600B003E000F00614502D1824247
S1132A2800D90600921BBB411100236820005B18E3
S1132A38236001232372FFF7FDFECFE73460FDF71F
S1132A4887FFCBE723692BB1216833601A685218D2
S1132A581A60C3E73360C1E71A001B69002BBDD0B5
S1132A689C42F9D1236921681361002BEED1B5E7A3
S1132A78685800206458002010B5154CE37A5B07A9
S1132A8808D51B2300210320E372FFF7FFFD08B9D3
S1132A98FDF75EFFE37ADB0719D51E234FF6F072C4
S1132AA8E372A388A08899B28342FAD19142F8D8F4
S1132AB8084A136810331360074B1B78012B06D997
S1132AC800210220FFF7E2FD08B9FDF741FF10BD20
S1132AD800380A40C450002040580020034B01200D
S1132AE81B6810B503B1984710BDC046CC500020F0
S1132AF837B56B460C001500D871FFF7BFF9684667
S1132B082B00220001210730FFF764F96B46DB79BB
S1132B18842B01D0FEF794FE37BD00001FB56B4629
S1132B28D8711348FFF746FF1248FFF743FF6B4677
S1132B380122D91D8020FFF7DBFF6B46DA790E4BA3
S1132B489AB9013269461A70202393200B7303A99A
S1132B58FFF7CEFF01236A465B429381022203A951
S1132B681000FFF7C5FF05B000BD02221A70F1E797
S1132B78245800201058002012400020002010B5CE
S1132B88FFF7CCFF034B1B6813B15B6803B198478D
S1132B9810BDC0463C580020002010B5FFF7BEFF0A
S1132BA8034B1B6813B1DB6803B1984710BDC046DB
S1132BB83C58002010B5024B987AFFF7AFFF10BDC0
S1132BC8D4560020002213B51100041CC020FFF7BE
S1132BD8D3F960231840202802D00020FFF79EFF75
S1132BE8134B00210020185E06F076F96B46A20705
S1132BF8D91D6307DB0FD20F52009B001343E20772
S1132C08D20F1343842001220B70FFF771FF0421B4
S1132C180B00084A2340214202D00023137013BD3D
S1132C2808211170044A1370044A1360044AF5E732
S1132C38E4560020124000200C58002008580020B8
S1132C480D58002010B50420FFF7BCFF40F2E8310E
S1132C58022004F0A5FC10BD10B50020FFF7B2FF58
S1132C6840F2E831022004F09BFC10BD07B5104B7C
S1132C7801A9984206D90F4B0B8002229820FFF72E
S1132C8837FF07BD0C4B984201D90C4BF4E70C4BAA
S1132C98984201D90B4BEFE70B4B984201D90B4BE8
S1132CA8EAE70B4B9842E8D946F66B73E4E7C0466B
S1132CB800E9A435E1E9FFFF80F8A932D7DBFFFF7B
S1132CC88044E52DC1C5FFFF000B6B1B7581FFFF19
S1132CD840FC541937B5104B104D18602B7804007C
S1132CE81BB9FFF7C3FF01232B7043F60951B4FB4B
S1132CF8F1F20B0041F684605343E31A9B031B185B
S1132D08B3FBF1F392039B181BBA0422862001A992
S1132D180193FFF7EDFE37BD085800200C5800203A
S1132D2813B5064B04005B7B23B1019001A9052070
S1132D38FEF746FF2000FFF7CDFF13BDD456002051
S1132D4807B56B46D91D044B0870187001228A20F8
S1132D58FFF7CEFE07BDC0460D58002013B50B4B38
S1132D681B788BB96B460122094CD91D80200A7047
S1132D78FFF7BEFE40F61110E17A00F05CF840F669
S1132D881210217B00F057F813BDC046F8560020F6
S1132D98D456002007B50C4B0422972001A90193AF
S1132DA8FFF7A6FE00236A460720938001A90222A2
S1132DB8FFF79EFE7F236A468920137101A9012229
S1132DC8FFF796FE07BDC0460200028037B5124DD4
S1132DD8287808281AD10022104B01245A701A7036
S1132DE86B462200D91D95300C70FFF781FE0C4B01
S1132DF81B78A34201D1FFF7CDFF6B460122991D31
S1132E0896200C70FFF774FE2C7037BD0028FCD197
S1132E18FFF784FEF9E7C046124000203958002025
S1132E28F856002007B56B46D971073301221900FB
S1132E38FFF73EF807BD10B5FFF7F4FF10BD00001B
S1132E4810B504000B4B1870587000F015F854B105
S1132E58342140F24070FFF7E5FF442140F241700D
S1132E68FFF7E0FF10BD142140F24070FFF7DAFFCE
S1132E782421F3E739580020012010B5FFF760FF3B
S1132E88044B18785A78824202D05870FFF7D8FF5A
S1132E9810BDC0463958002010B5012806D00020BE
S1132EA8FFF74EFF0022034B5A7010BDFFF7E4FFF3
S1132EB8FBE7C04639580020052213B504000B4B24
S1132EC80B481A70FFF776FD942140F6AC00FFF723
S1132ED8A9FFFFF743FF01A9230C0B700322230A60
S1132EE882204B708C70FFF703FE13BD1240002044
S1132EF824580020F0B587B000250591019203936A
S1132F08322B5DD84C4C29002700F5373B78280034
S1132F1802932300F9331B78484E049305F0D0FC40
S1132F28474B1B780093012B51D1756845B92B0089
S1132F384449DA00521811680498814243D155680B
S1132F48FFF738FE0020FFF7A7FF23000027E83328
S1132F5828001F70FDF756FB2300F533187005F0A1
S1132F68F3FB2300B8331F7005F040FC0598364F77
S1132F78FFF7D6FE3548FFF79FFFFD88ADB228005E
S1132F88FDF7D6FC0028FAD0FFF70AF8019B98420F
S1132F982BDB0025FFF70EFE009B012B3FD1FFF72B
S1132FA86BFF2300029AF5331A702300009AE83362
S1132FB81A7005F0C9FB009BB834237005F016FCA1
S1132FC8280007B0F0BD01330A2BB1D1B8E7FFF7E9
S1132FD8F1FD70680028C9D02300E8331D70FDF79F
S1132FE811FB387005F0B0FBC0E740F2E835039BED
S1132FF8FF885D43BFB2FEF7D3FF019B9842C8DA4E
S11330083800FDF795FCABB29842F4D3FEF7C8FF3D
S1133018019B0125834200DC0025EDB2BAE7736801
S1133028002BCDD02300029AF5331A700023E8341C
S1133038237005F089FBC3E70C570020D456002001
S11330480D58002064BC0000FE260A40FFFFFF0064
S1133058052213B504000B4B0B481A70FFF7AAFCA2
S1133068962140F6AC00FFF7DDFEFFF777FE01A9D5
S1133078230C0B700322230A82204B708C70FFF7F9
S113308837FD13BD124000202458002037B540F204
S113309842210400080005F013FC44B10D4D28003A
S11330A8FFF788FC28002C606C60FFF7D1FB0A4B03
S11330B81B785BB16B46D91D4023932001220B700A
S11330C8FFF716FD0020FFF7C3FF37BD034B186851
S11330D88001F8E710580020D0560020CC56002074
S11330E8F0B5664B99B002905B7B4BB9634B5B7A46
S11330F8002B00D19EE00298FFF7C8FF00203BE0B8
S11331080AABDC1D02202100FEF790FD277803207E
S113311897BB182239000DAC12A807F031F9210029
S11331280320FEF783FD05200CA9FEF77FFD00228E
S1133138A35E009313B96368039307E0009B012B14
S11331481CD119006068FDF7AFFA03904C4B4D4D44
S11331581A0048321278463309921B78063BDBB2D0
S11331680593464BDB7B06930C9B079312AB0193A9
S1133178099B9F4205D1642019B0F0BD01235B422D
S1133188DAE7059B012B0CD8069B53B92B682A3325
S11331981B78022B05D1019B0137FFB20835023396
S11331A8E5E72B79002BF6D03A0003990798FDF749
S11331B897FA019B1B881843019B84B21C80002C3E
S11331C8E9D12B68304A2A331E78F600B35CB1186B
S11331D8009A04932300012A27D121000E98FDF7B1
S11331E863FA40F20C0C0F9B0893274BF3180499CD
S11331F8E2B28A42CFD2624662435E68B118B25ED6
S1133208012A07D14A68089E964203D18A689042E7
S113321800D16BE70134EAE70C2058434A680133CC
S1133228825E0098904200D160E70498DAB2824244
S1133238F2D3B0E740F24221080005F041FB029BBB
S11332484BB1124C2000FFF7B5FB029B2000236012
S11332586360FFF7FDFA0E4B1B7853B1402312A9A4
S1133268932001220B70FFF743FC0020FFF724FE94
S113327844E7084B18688001F8E7C046D456002094
S1133288785600201456002000BC00001058002076
S1133298D0560020CC56002013B56B46DC1D012205
S11332A82100FEF793FE207816BD0000F0B585B026
S11332B8FFF7E2FD002140F6E2060027080005F0CA
S11332C8FFFA30000397FFF7E7FFFE2140F6E50514
S11332D8014004003000FFF7A5FD2800FFF7DCFFDC
S11332E87F21019001402800FFF79CFD0B48FFF760
S11332F8E3FD042203A940F61900FEF767FE38002F
S1133308FFF70CFC21003000FFF78CFD2800019921
S1133318FFF788FD039805B0F0BDC046FFFFFF0026
S1133328F0B591B0079317AB1E8818AB1B880192B0
S1133338029319AB1B780AAA04931AAB1B7803915E
S113334805931BAB1B780400069331239B18DB7F82
S1133358099335239B18DF7F914B5B7BB3B10AAB91
S11333680021981D122207F00BF8039B0BAD2C804B
S11333780C93019B29000D93079B03202B73049B3B
S1133388EE812B74069B6B74FEF71AFC854B1F7039
S11333987B425F41029B7F423B400293049B0BB9F3
S11333A8FF330593804B059A1A7024B1012C62D01F
S11333B8002011B0F0BD7D4D0AAB991C01229F205D
S11333C80C70FFF795FB2B00E8331C702B00019A57
S11333D8EC331A602B000B22F43303981A70FDF7B0
S11333E811F92B00F53318702B00B8331C702B001F
S11333F8F600BA331E802B0041F60402BC331A804F
S11334082B00BE332A001C7001230499BF32594093
S113341811702A000599C0321170069A02B1F1336D
S11334282A00C13213702B000122C233E8351A7006
S1133438FFF7C0FB2878431E9841C0B2FFF72CFD64
S113344805F082F905F0D2F9082259490BA807F0CA
S113345860FA082240F2C0600BA9FEF729FD05F0C6
S11334685BF941F64073029A5343019AB3FBF2F3B2
S1133478504A13609CE70AABD91C00234B4D220029
S11334889F200B70FFF734FB2B00E8331C706B464E
S11334981F792B00F833039A1F70474B10009B5C6D
S11334A80199053F0893FDF7D1F8012F04D8331C7F
S11334B80C2E00D20C239EB22B00089AF9331A70F2
S11334C82B00079AFA331A702B00FB3318702B0061
S11334D80122B8331A702B00C4331E802B00049ABF
S11334E8C6331A702B00059AC7331A702B00069A34
S11334F8C8331A702B00099AC9331A70FFF75AFB9C
S11335082B00E8331878431E9841C0B2FFF7C4FC77
S113351805F01AF905F06AF96B461F7A3B1CF82F77
S113352804D94BF2BC33C0F200031B780133DBB27D
S11335385B10DEB21F2B2CDD0336B60832006300A5
S113354801339A400BA90A70A0200122FFF7D0FA90
S113355837B1F600A11940F20670C9B2FFF762FC50
S1133568C9352B78042440F23670012B13D1FFF7A8
S113357893FEA043C1B240F23670FFF753FC029B9E
S11335885A4253410D4A5B4213404FF6FF729B184F
S11335986EE70024D2E7FFF77FFE0443E1B2EAE7CF
S11335A8D4560020D0560020114000200C5700208B
S11335B878BD0000CC56002058BC00000100FFFF75
S11335C8F0B585B072B6BFF34F8FBFF36F8F00228B
S11335D89E490B780A70DBB262B6BFF34F8FBFF314
S11335E86F8F002B00D1F2E003AE310002321220BB
S11335F8FEF7C2FC0123022235885B423100100029
S113360833806DBAFFF774FAADB272B6BFF34F8F59
S1133618BFF36F8F8E4B2820185E05F04FFC040013
S1133628012803D1FFF70EF8884B1C7062B6BFF36C
S11336384F8FBFF36F8F40232A0001241A40854B14
S113364801921A8025420AD08348FFF7B3F9834BC5
S11336581C70834B1B6813B11B6803B19847022481
S1133668254200D18AE07F4B1F78A7B97E48FFF72F
S1133678A1F90122794B390040F602101A70FFF7BC
S1133688D1FB40F64410FFF707FE0443E1B240F6CD
S11336984410FFF7C7FB022231001320FEF76CFC2D
S11336A8724B1F78012F27D1714B1B78012B23D123
S11336B840F20270FFF7F0FD00901E233370FEF70E
S11336C8DDFB6C4C0221009B6B4A3000FEF704FCC6
S11336D8FEF7B6F8032231001420FEF74DFC2770DC
S11336E86FB1012F00D177E01B220021634806F057
S11336F847FE0F2323701FE033780093DDE7337808
S113370823715F4B72781B7852085BB29BB29A1A8A
S1133718111C12B2803201DA4FF68071218103AA9A
S1133728927852089B1A1A1C1BB2803301DA4FF69E
S113373880720023E280E360019B13B1504B1B7A33
S113374873B1474B1B685BB19E684EB12378002B5D
S113375864D108230621625EE35600994648B047BF
S1133768404B1B7853B13D4B1B78052B06D1444B7A
S1133778587A002857D00020FFF76AFC019B2BB128
S1133788374B1B6813B11B6903B198472B060AD53D
S11337980122324B1A70324B1B6823B19B6913B157
S11337A8280A10409847AD050ED52C4C2378042BD5
S11337B83CD12948FFF7FEF801232370284B1B68E6
S11337C813B15B6803B198470023224A13801F4B47
S11337D81878C0B205B0F0BD294B32781B7852086E
S11337E85BB29BB29A1A111C12B2803201DA4FF6FC
S11337F880710122218203A98A5602329210A2748E
S11338088A7852089B1A1A1C1BB2803301DA4FF6C5
S113381880721C4BA2821B68A3618DE712231021BE
S1133828625EE35699E7FFF747FBA7E7052BCBD181
S11338380C4B1B7823B90C48FFF7BCF80123237001
S1133848074B1B68002BBFD0DB68BBE73858002048
S11338580C57002010560020245800201240002045
S11338683C580020D0560020105800200D58002045
S1133878EC540020F454002010550020F554002086
S1133888D4560020F054002037B52A4B04001B7886
S11338980D00012B2CD10F280CD1274B0422952085
S11338A801A90193FFF724F9231C5AB20E2A10DD4B
S11338B80E230EE0214B0422952001A90193FFF762
S11338C817F9231C1134F0DA4BF2BD33C0F20003AC
S11338D81B7818215CB240F6E700FFF7A3FA6B46A1
S11338E802225D718E201C7101A9FFF701F937BD11
S11338F840F6D800FFF7D0FC1E210143C9B240F6B8
S1133908D800FFF78FFA0E4B0422952001A90193E2
S1133918FFF7EEF8231C093407DA4BF2BE33C0F282
S113392800031B7838215CB2D5E75AB2162AF9DDB0
S11339381623F7E7104000200600010104000101E6
S113394804070001F0B58FB0019314AB20CB0291AA
S11339581B780592069316AB1F8817AB1B780600D5
S1133968039318AB1B7804931BAB1B7807936E4B1C
S11339785B7BF3B108AB15220021D81C06F000FDCF
S1133988029A08AB9A701E80059B069A0993019BBC
S11339980B950A9308AB1A74039A19001A75049ABA
S11339A85F825A750420FEF70BF9604B029A47337D
S11339B81A704EB1012E56D040F68900FFF76CFC00
S11339C804210143C9B2A0E0594C0B222300E83377
S11339D81E702300EC331D6023000198F4331A7021
S11339E8FCF710FE2300F53318702300059AF03312
S11339F81A602300B8331E702300FF00BA331F80F7
S1133A08230041F60402BC331A802300BE3322008B
S1133A181E7001230399BF3259401170049A02B1F0
S1133A28F1332200C132137023000122C233E83477
S1133A381A70FFF7BFF82078431E9841C0B2FFF709
S1133A482BFA04F081FE04F0D1FE0822394908A8B3
S1133A5806F05FFF082240F2C06008A9FEF728FAC2
S1133A6804F05AFEA8E7324C019A2300E8331E708A
S1133A782300EEB2F8331E702F4B29009B5C100014
S1133A88053E0593FCF7E2FD012E04D83B1C0C2FE0
S1133A9800D20C239FB22500059BF9352B70230017
S1133AA8069AFA331A702300FB3318702300012294
S1133AB8B8331A702300C4331F802300039AC63313
S1133AC81A7023001D4AC73312781A702300049A07
S1133AD8C8331A702300079AC933E8341A70FFF7F9
S1133AE869F82078431E9841C0B2FFF7D5F904F06D
S1133AF82BFE04F07BFE2B78062B00D05CE740F607
S1133B088900FFF7C9FBFB21014040F68900FFF754
S1133B1889F902980221FFF7B7FE0020084B1C9A86
S1133B281A600FB0F0BDC046D45600207856002065
S1133B380C57002078BD000058BC0000114000203C
S1133B48C85600200122F0B5314DA7B00C9004915D
S1133B586B7B0192002B00D179E116AB9C1D2100EF
S1133B680220FEF763F82378019323B1032301931A
S1133B78019827B0F0BD1822019920AC1AA806F0C4
S1133B88FFFB21000420FEF751F8052018A9FEF7D1
S1133B984DF80023E75E229B0793219B0893239B00
S1133BA809934FB3012F30D139000798FCF77CFDF6
S1133BB80690184CFBB20499F8B20E93FCF7B8FFC0
S1133BC823000A9048331B78134E1293230046337C
S1133BD81B78063BDBB20F93EB7B1093189B0B937C
S1133BE81AAB0393002302936B46129A1B7A05932C
S1133BF8934213D36523BAE742F21071089B5A0023
S1133C08099B5B189B180693D3E701235B42FAE7E9
S1133C18D456002078560020145600200F9B012B00
S1133C2807D8109B2BB933682A331B78022B00D191
S1133C3874E13379002B00D170E1059A06990B9849
S1133C48FCF74EFD039B14901B8808981193012FD1
S1133C5803D100210798FCF727FD3568B44A2B00E7
S1133C682A331B78B249DB009A5C5B181392002252
S1133C781593139BD1B2994200D225E104226B69B2
S1133C880A998B429B4111995B421B0119430B0012
S1133C98149919430A43039B95B21D80002D00D043
S1133CA83CE1236C002B00D129E1A31DDB8FA14A41
S1133CB8DB00D3581B8D039373B3FDF7F5FFA66B95
S1133CC8E76B236C1A009C462B0092197B41022651
S1133CD80027B6185F418F4200D90DE102D1864210
S1133CE800D909E102267642F717B61A9F41361819
S1133CF84F41A31DDB8F8F4ADB00D3586046198DD3
S1133D08FCF70CFD01230FB9B04200D800235B0176
S1133D189BB20393236C8BB3A31DDB8F854ADB0013
S1133D28D3581B8B53B3FDF7BFFFA26BE36B0F0094
S1133D3800210600206C8018594102220023121821
S1133D484B41BB4200D9DCE002D1B24200D9D8E0F1
S1133D5802225242D317121A8B4192197B41100046
S1133D681900A31DDB8F734ADB00D3581A8B012378
S1133D7809B9824200D800239B019DB2039B1AAF64
S1133D881D43029B5B000393DD53CDBB029BDE0006
S1133D98684B9A5940F2E733D2699A4230D919A943
S1133DA80120FDF7B7FE16AAD11D2800FDF7B2FEC3
S1133DB8604B012099592431FDF736FE5D4B711D86
S1133DC8C9182800FDF730FE40F2E831594B0E9827
S1133DD89A59D369B3FBF1F32021525E9BB20B9934
S1133DE8FFF788F8060019A90120FDF71DFE16AB98
S1133DF82800D91DFDF718FE16B98023039AD3535A
S1133E08029B1AAA5B009B5A002B7DD1FDF74CFF3D
S1133E180A9B059A2364A31DDA87029B454AA0637B
S1133E28E163DB00D35820A91B7C887889781A1CA5
S1133E3849B25BB28B4200DD021C00234734E356CF
S1133E4850B2834203D002212270FFF71DFD0C9B60
S1133E58002B00D18CE640F20121080004F030FD6B
S1133E68354B1A78354B012A60D1C733049A20ACF4
S1133E781A7004F0BBFC0E232380FDF7FFFF022118
S1133E882000049B0C9AFDF7A5FF0025FDF7D8FC3C
S1133E9804222B4B2B481A70FEF78CFDFEF75EFFAD
S1133EA82100032283202580A570FEF721FE264CDD
S1133EB8264B20001E68FEF77DFD20002660666004
S1133EC8FEF7C6FC019553E6159B59680D910C2124
S1133ED80D9B51439C468C44595EB94208D16346B4
S1133EE85968099B8B4203D163469968814201D082
S1133EF80132BEE60022C2E600260027F9E6039551
S1133F0808E7002000212CE76022134201D0662331
S1133F182DE61B0600D46DE6672328E6029B0836C7
S1133F2801330293039B023303935DE6C0339DE799
S1133F3800BC0000145600200D5800200C57002027
S1133F48124000201058002024580020C856002091
S1133F5810B504000020205600B910BDFDF730FF4D
S1133F680134F7E710B50A4B1C68E37813B1094824
S1133F78FFF7EEFF1422A188074B4A431B689B18DE
S1133F881869FFF7E5FF0548FFF7E2FF10BDC046D3
S1133F981440002031AD00007858002034AD0000F2
S1133FA810B50248FFF7D4FF10BDC04631AD00007C
S1133FB810B5074B04001B68DB7813B10548FFF7FD
S1133FC8C7FF2000FFF7C4FF0348FFF7C1FF10BD78
S1133FD81440002031AD000034AD000010B50400D9
S1133FE8FFF7C0FF0448FFF7B3FF2000FFF7B0FF57
S1133FF8FFF7D6FF10BDC046D5AF000010B530B1ED
S1134008142805D8034B8000C058FFF7E7FF10BDFC
S11340180148FAE7ACB9000036AD00001FB5FCF75B
S1134028B7FAC0B2012804D00420FFF7E7FF042040
S113403812E06B469C1C210001A8FCF7CDFA08216C
S11340482388019A02A8FCF7DAFC0028ECD102A81C
S113405803F03CFA0028E8D104B010BD13B5FCF70E
S113406897FAC0B2012804D00420FFF7C7FF042040
S113407812E06B469C1C210001A8FCF7ADFA002352
S1134088E15E0229F0DC0198C9B2FCF7EFFCC0B28A
S1134098FCF7F6FD0028E8D116BD0000074B10B563
S11340A81A7832B10133D87F022104F0A1F9002033
S11340B810BD0120FFF7A2FF0420F9E7DC5200201D
S11340C813B5FCF765FAC0B2012804D00420FFF741
S11340D895FF042012E06B469C1C210001A8FCF704
S11340E87BFA0023E15E0229F0DC0198C9B2FCF7EF
S11340F8BDFCC0B2FCF7DAFD0028E8D116BD00000B
S1134108074B10B51A7832B10233D87F022104F074
S11341186FF9002010BD0120FFF770FF0420F9E7B4
S1134128DC520020F7B5FCF733FAC4B2012C04D0F2
S11341380420FFF763FF04202AE06B469D1C290036
S113414801A8FCF749FA0023E95E0429F0DC0023FE
S1134158012720001A00019DC9B27F42DCB2A142A6
S11341680BD9EC56E6B2B4460BB92D2E17D030262F
S11341787642B4446646092E0BD950430300803373
S11341889BB2FF2BD4D840B2FCF7A6FD0028D0D1AF
S1134198FEBD0A267243303CA2180133DEE738001C
S11341A8FBE737B56B46DD1D280003F0B7F90400BB
S11341B830B900200421285604F01AF920003EBD25
S11341C8FFF71CFF0424F9E713B5FCF7E1F9C0B2C3
S11341D8012804D00420FFF711FF042014E06B46E3
S11341E89C1C01A82100FCF7F7F90023E05E0128D4
S11341F8F0D1019B1B785BB2302B06D0312BE9D16F
S1134208FEF776F90028E6D116BD0020F8E713B5C5
S1134218FCF7BEF9C0B2012804D00420FFF7EEFE73
S1134228042014E06B469C1C01A82100FCF7D4F977
S11342380023E05E0128F0D1019B1B785BB2302B90
S113424806D0312BE9D1FCF75DFD0028E6D116BD77
S11342580020F8E707B5FCF79BF9C0B201280BD199
S11342686B4601A8991CFCF7B7F90198FCF786FB83
S11342784FF6FF73984204D10420FFF7BFFE0420D1
S11342880EBD87231840034BDA7D824200D0D875CF
S11342980020F5E7F84C002030B585B0FCF778F934
S11342A8C5B26B1E012B2AD86B469C1C210001A8A1
S11342B8FCF792F9019A0821238802A8FCF79FFBCE
S11342C80200E0B90100022D25D1210001A8FCF764
S11342D883F90022A35E0199012B10DD00228A567E
S11342E8222A0CD1213A885622280DD110B2013B3A
S11342F8984204DB013A92B22280FF2A09D90420A9
S1134308FFF77CFE042012E0013210B29842EADB87
S1134318F5E70131D2B244F2000302A803F096F89B
S11343280028EDD1034B1B689A88034B1A8005B00B
S113433830BDC04614400020EC4C0020F0B587B0D6
S1134348FCF726F9C4B2631E012B48D802AB991CAA
S113435803A8FCF741F902AB039A08215B8804A877
S1134368FCF74DFB0200002839D10600022C28D1A5
S113437802AB991C03A8FCF72FF91B4B1E68039B7F
S1134388009302AB02255D5FABB2012B27D9012252
S11343982C001440154222D1D3404FF6FF770193E5
S11343A8009B60001818FCF7E9FAB84217D030559A
S11343B8019A0134A3B29342F2D3EA0F521952106C
S11343C8D2B248F20003310004A803F03FF838B928
S11343D8064B1B689A88064B5A8007B0F0BD042028
S11343E8FFF70CFE0420F8E7AC4E00201440002030
S11343F8EC4C002013B5FCF7CBF8C0B2012816D159
S11344086B469C1C210001A8FCF7E6F80022A35E79
S1134418012B0CD1019A127852B2302A05D0312AD4
S113442805D10020044A137616BD0023F9E70420B9
S1134438FFF7E4FD0420F7E7F84C002010B5124B11
S1134448187A0A281AD806F029FC06190D0F111330
S11344580B19191517000D48FFF7C0FD002010BDF2
S11344680B48F9E70B48F7E70B48F5E70B48F3E780
S11344780B48F1E70B48EFE70B48EDE70B48FFF76C
S1134488ADFD0420EBE7C046F84C002045AD000024
S11344984AAD00004FAD000055AD00005CAD000012
S11344A863AD00006AAD000070AD00007AAD000095
S11344B800B589B001A804F0A5FC082201A903A845
S11344C8FCF77CFA03A8FFF789FD002009B000BDBA
S11344D837B56B46DD1D280003F036F8040040B9F3
S11344E82B7823B90548FFF779FD20003EBD044821
S11344F8F9E7FFF783FD0424F7E7C0468EAD000013
S1134508A6AD000037B56B46DD1D280003F030F872
S1134518040040B92B7823B90548FFF75FFD200054
S11345283EBD0448F9E7FFF769FD0424F7E7C046F0
S1134538BDAD0000D5AD000007B5032101A804F006
S113454877F86A46064B6946DB7D01A81370012299
S1134558FCF734FA01A8FFF741FD00200EBDC04660
S1134568F84C002010B5054B1B7E23B90448FFF70F
S113457835FD002010BD0348F9E7C046F84C00207B
S1134588ECAD0000FCAD00001FB5094B094A1B68DF
S11345985268694613431BBA042201A80093FCF726
S11345A80DFA01A8FFF71AFD002005B000BDC046AA
S11345B8E84C00207051002043F6FF7210B5438880
S11345C893420BD95A040AD50D4B0E4A1B6812881C
S11345D89A8003785BB90C48FFF700FD10BD1BB245
S11345E8002BF6DA064B074A1B685288F0E7082BBB
S11345F803D8064A9B009858EEE70548ECE7C046FE
S113460814400020EC4C002088B0000070B9000071
S11346180BAE0000F8B506000C000F274D1EAD00C8
S11346283000E8403840092808D83030013CE4B26A
S1134638FDF7C6FB043D002CF2D1F8BD3730F5E791
S113464810B5FFF78FFC0948FFF782FC022104200C
S1134658FFF7E0FF0648FFF77BFC90200221FFF7F5
S1134668D9FFFFF79DFC002010BDC04625AE000011
S11346780EB30000F0B50678040085B0002E00D013
S1134688B5E08388DB071AD5063001A902F0AAFE33
S11346980500A0B1270018351E371022390028005C
S11346A806F018F958B110223900280006F031F93B
S11346B86B46802032001979800503F0CBFAA38871
S11346C89B0710D5A01D01A9256B02F08BFE50B1E4
S11346D8836AAB4207D06B46856280200022197931
S11346E8400503F0B7FAA3885B0710D5A01D01A9FC
S11346F8656B02F077FE50B1C36A9D4207D06B46E2
S1134708C562802000221979000503F0A3FA0A2261
S1134718384901A806F0FDF8374B384A1B68526837
S113472813439B0463D53648FFF712FC3548FFF75B
S11347380FFC26003448FFF70BFCA51D0E3628781D
S113474802210135FFF766FFB542F8D12D48FFF77E
S1134758FFFB26002D48FFF7FBFB1E3628780221B5
S11347680135FFF757FFAE42F8D12648FFF7F0FBB3
S1134778350027482600FFF7EBFB2E362878022160
S11347880135FFF747FFAE42F8D1A388DB0705D50B
S11347982048FFF7DDFB01A8FFF7DAFB1948FFF70C
S11347A8D7FB1D48FFF7D4FB0821206BFFF732FF26
S11347B8A3889B0705D51748FFF7CAFB01A8FFF78D
S11347C8C7FB1048FFF7C4FB1448FFF7C1FB0821D7
S11347D8606BFFF71FFFA3885B0705D50D48FFF73C
S11347E8B7FB01A8FFF7B4FB0648FFF7B1FB05B018
S11347F8F0BDC046B4AE0000E84C00207051002063
S113480842AE000031AD00005BAE00006CAE0000AB
S11348187DAE0000D5AF00008EAE0000A1AE000052
S1134828F7B505000E000192002803DA2D20FDF7E4
S1134838C7FA6D4201230A221C00B34204D101269F
S11348480A27002C04DCF7BD01335443DBB2F4E738
S1134858012C00D1002695FBF4F292FBF7F37B437D
S1134868D31A00936B461878012E0DD160B9019BB9
S113487813B11800FDF7A4FAFF22009B1340634309
S113488894FBF7F4ED1ADCE7303040B2FDF798FA00
S11348980026F1E7F0B5654C8BB0FCF72BF8230044
S11348A868331F780F2567B1FBF7C4FE0D3D06007A
S11348B838B9230048331D78012D05D0022D36D090
S11348C8042528000BB0F0BD626D59492B008A42BB
S11348D804D0584BD21853425A4153000826582141
S11348E8E26D615601200892029600222600079282
S11348F806920592049003920190503636780096F9
S1134908FFF720F8E06CFEF70BFA28003900FCF7F3
S11349187FFF39004848FFF715F9050010B36728E9
S113492800D180E0663D6B1E9D411135C9E75821D1
S1134938E36D61560893012304930433029323001F
S11349480790069005900390019050331A7840F22E
S1134958E8335343009346F2A812636DFEF7F2FF5F
S11349683500CFE7354B5A78002A52D05B685B0193
S11349784FD53348FFF7ECFA3248FFF7E9FA3248E3
S1134988FFF7E6FA230048331B78012B45D12F485B
S1134998FFF7DEFA2B48FFF7DBFA2D48FFF7D8FAC2
S11349A800220A21E06CFFF73BFF2648FFF7D0FA04
S11349B82848FFF7CDFA23005033187800220A213B
S11349C8FFF72EFF1F48FFF7C3FA2348FFF7C0FA83
S11349D800220A21606DFFF723FF1A48FFF7B8FA8F
S11349E81E48FFF7B5FA23005933187800220A2124
S11349F8FFF716FF1348FFF7ABFA1948FFF7A8FAB1
S1134A085820002220560A21FFF70AFF0D48FFF715
S1134A189FFA02234434237053E7022B01D111482F
S1134A28B6E71148B4E710254BE7C046DC5200202E
S1134A3890D00300E05EF8FF465300207051002038
S1134A48BEAE000031AD0000CDAE0000E0AE000007
S1134A58EDAE000000AF000013AF000026AF000069
S1134A6839AF0000E5AE0000E9AE000037B5040038
S1134A782E48FFF79DFA2E48FFF76AFA0025616869
S1134A880122491901A8FBF799FF013501A8FFF78D
S1134A985FFA082DF3D12748FFF75AFA00220121BB
S1134AA8A07CFFF7BDFE2348FFF752FA002201213C
S1134AB8607CFFF7B5FE1F48FFF74AFA002203217E
S1134AC8207BFFF7ADFE237BE3B9FFF769FA1A4BA6
S1134AD81B7EB3B11948FFF76BFA1548FFF738FA8C
S1134AE8002203210E23E05EFFF79AFE1148FFF728
S1134AF82FFA1020002203212056FFF791FEFFF71A
S1134B084FFA37BD0B48FFF723FA0025237BAB4246
S1134B18DBD9A1680122491901A8FBF74FFF013528
S1134B2801A8FFF715FAEDB2F0E7C0464CAF000054
S1134B38D5AF000052AF0000F84C002054AF00007D
S1134B48037870B50400012B17D0022B3CD08BB925
S1134B58254B264A1B68928825489A80FFF728FA2D
S1134B682448FFF7F5F923792BB92348FFF7F0F91F
S1134B78FFF716FA70BD2148F8E71B4B1B4A1B6860
S1134B88D2881F489A80FFF713FA1A48FFF7E0F90A
S1134B982579BDB906202A0003212056FFF740FED7
S1134BA81848FFF7D5F905202A0003212056FFF7F6
S1134BB837FE1448FFF7CCF92A000821A068FFF74C
S1134BC82FFED5E71048D1E7074B084A1B6812891E
S1134BD80E489A80FFF7ECF90648FFF7B9F92379EC
S1134BE8002BEFD10A48C1E714400020EC4C002008
S1134BF85AAF0000D5AF000062AF000071AF0000EB
S1134C087FAF000052AF0000E5B0000088AF00009D
S1134C1888B000000378F7B5040013B1022B16D04E
S1134C28F7BD3148FFF7C4F93048FFF791F9251D5E
S1134C380C342900012201A8FBF7C0FE013501A8A4
S1134C48FFF786F9A542F4D1FFF7AAF9E8E728485F
S1134C58FFF7AEF927002548261DFFF779F9350037
S1134C680C372900012201A8FBF7A8FE013501A889
S1134C78FFF76EF9BD42F4D11E48FFF769F9002227
S1134C880121207CFFF7CCFD1A48FFF761F9E068A1
S1134C9800220621FFF7C4FDFFF782F9164D08220A
S1134CA83100280005F016FEE768002428B1082220
S1134CB83100280005F02DFE0434104EF3699F429C
S1134CC802D00223F7611C432800F16904F084F838
S1134CD824B100222000110002F0BCFF0123283671
S1134CE8337002F097FB9BE791AF0000D5AF00004B
S1134CF899AF000052AF0000184D0020F84C002076
S1134D08002310B5934200D110BDCC5CC4540133C8
S1134D18F8E70000F0B5040085B0170004200191FD
S1134D2803931CB1284B1B7813B9012005B0F0BDBF
S1134D380220042BFAD8254D254E2B793BB10822A5
S1134D482000244905F0C6FD0028EED1224E224B4E
S1134D5854211800029303F06BFC082221001D481B
S1134D68FFF7CEFF10221D480199FFF7C9FF102253
S1134D7839001B4807B90199FFF7C2FF039B2B634E
S1134D880A9B6B6301232B71029B9E4202D02B78F2
S1134D9801332B70134D144E2B784BB1082231007C
S1134DA8200005F097FD18B1200005F0F7F8BCE7DE
S1134DB8082221003000FFF7A3FFE86805F0FEF899
S1134DC8012300202B70B1E7DC520020745200202C
S1134DD8CC5200207C5200207852002084520020BB
S1134DE894520020CC520020CD520020F0B58FB050
S1134DF8FBF7CEFBC4B2631E012B00D997E00A234C
S1134E086B44190003A8FBF7E7FB6B4604AD0821C4
S1134E1828005B89039AFBF7F2FD0600002800D0FE
S1134E2885E00300EA5CFF2A03D10133082BF9D19A
S1134E380025022C00D07FE00A236B44190003A844
S1134E48FBF7CAFB6B46039A10215B8906A8FBF79C
S1134E58D6FD020000286AD1002D68D001235B42E8
S1134E68009306A903002800FFF754FF00285FD128
S1134E780927010010220AA86F4405F081FA3900B5
S1134E88280002F0AFFA040028B9304B1B78002B35
S1134E984AD12F4C3870230030331B78002733B99C
S1134EA8082229002000802705F033FD3F0625004D
S1134EB808351022280006A905F00CFD38B1102287
S1134EC8280006A905F025FD8023DB051F432500DE
S1134ED81835102228000AA905F0FCFC38B1102264
S1134EE828000AA905F015FD80239B051F43A36A22
S1134EF823B10023A36280235B051F43E36A0133C4
S1134F080DD001235B42E36280231B051F43092361
S1134F186B4400223800197802F09CFE01E0002F4F
S1134F28F5D101233034237030000FB0F0BD0420D4
S1134F38FFF764F80426F7E72800FCF7E9FC0028E3
S1134F48F6D1280003F014FFEEE7C0467C4D00209C
S1134F584C4D0020F0B5604E05003378032485B02D
S1134F68022B78D9042B02D9013C0A2B73D13300C4
S1134F7844331B780224002B6DD1FDF741FA040059
S1134F8830BBFDF779FA040010BB33780A2B19D12A
S1134F9808222800514905F09DFC0234C0B92A7B37
S1134FA8297C13001133890700D508330424FF2B07
S1134FB80ED8320059321478DBB29C42A4416442C0
S1134FC8A40005E02800FDF7D9FA04000028E6D07B
S1134FD804272B7C3B424BD13378002C3ED1210053
S1134FE80A2B04D1A833FF33F45CA406E10F782319
S1134FF82A7C287B9A4301AC2A74AB6822700090FF
S11350082A00012004F0F0FE040038BB310032000D
S113501868315932097812783378043491421DD8AA
S1135028320001214432117040F27212E989B152FE
S11350380A2B09D0FFF72EFC040078B933780A2B21
S113504808D00623337005E040F2E4130224F35C2D
S1135058234203D10024200005B0F0BD3300002210
S113506844331A7033780A2BF5D0FDF76BF9F2E75D
S1135078002CF0D1280003A90394FCF7EDFB0400ED
S11350880028E8D1164E347824BB2A7B1548A96831
S1135098FFF736FE33002A7BF2331A703300EA89AD
S11350A8F4331A8032002B7CF632DBB2BB43137024
S11350B83300F8331C60039BDA681AB9DE600123F5
S11350C83370C8E71300F8321268002AFAD1F833AB
S11350D81E60F4E70C24BEE7DC5200208E54002046
S11350E8785100207C51002037B5030015000800D2
S11350F80424012B0DD051B101A9FDF727FA0400AE
S113510828B901990C3110222800FFF7F9FD200075
S11351183EBD0029FBD001A9FDF718FA04000028B8
S1135128F5D101991C31EEE7F0B5BDB01C0042ABD6
S11351381D780192002D4DD00423002C4BD00BAACE
S1135148FFF7D2FF06000300002844D101231520ED
S113515807AF3B7002ABC018019903F05BF91D203F
S113516802AB042243A9C018FFF7CAFD7E73BE73BD
S11351780127232203AE02AB9B18102130001F70B5
S113518803F056FAB0210FA803F052FA0BA90FA89E
S113519803F0A2FD0FAA300007A903F057FD2378F6
S11351A83278013D5340EDB22370631CB5B122003F
S11351B81C001032A24209D023787178013D4B407B
S11351C8EDB2237001360134002DF3D10137FFB25B
S11351D8002DCED1002318003DB0F0BD1C00F5E72A
S11351E80300F0B5D433040018680E00150087B026
S11351F848B310231B1A1F000093934200D91700C9
S11352082300C133BAB2181831000193FFF778FDAF
S11352182200D4321368FB1813600F2B1DD9009B8E
S1135228AB421AD22000B13003001A78197C4A40E4
S11352381A70019A01339A42F7D12200010003F04F
S113524805FDF619ED1B2000C130102D07D83100DB
S1135258AAB2D434FFF754FD256007B0F0BD270087
S1135268B1373B00009600991A7809784A401A70B9
S1135278009A0133013200929842F4D11022390085
S113528802A8FFF73DFD02A90800220003F0DEFC96
S11352981022380002A9FFF733FD1036103DD2E77B
S11352A8F0B506000C0015001F00C3B011B9142096
S11352B8002A67D1E1236B441800102103F0B8F9E0
S11352C80023B0210CA8419303F0B2F939000CA8CB
S11352D803F002FD26B1102231000CA8FFF780FF6D
S11352E82A0021000CA804ACFFF77AFF1021200043
S11352F803F09EF921000CAA200003F0A7FC2278F1
S1135308230000217F2A3FD918785A784000D2090F
S1135318024301311A7001330F29F5D17923E27B55
S11353285B4252005340419ADBB2E373102A38D1EE
S11353380023E1326A441178E05C01334140117082
S11353480132102BF7D1E12300256B441A78197C1C
S113535801354A401A700133102DF7D1E1236B440B
S113536819002A0008A8FFF7CBFC0CAA684608A96C
S113537803F06CFC2000290003F05AF90020009A7D
S1135388489B1A6043B0F0BD18785A784000D20997
S1135398024301311A7001330F29F5D1E37B5B0015
S11353A8C1E70021002061562300814230DA1D78CC
S11353B859786D00C90929430130197001330F2840
S11353C8F5D17923E17B5B4249004B408021DBB274
S11353D8E3730CAB9B18C133561C00251970102EAF
S11353E801D80F35AD1A0CABC232981800212A0027
S11353F804F0C6FFF1220023AD1941956A441178DF
S1135408E05C0133414011700132102BF7D19AE767
S11354181D7859786D00C909294301301970013381
S11354280F28F5D1E37B5B00D0E7F0B58FB0039389
S1135438160014AB0AAA1F78FFF756FE0400F8B941
S11354484923112006AD2B7002ABC018310002F0BD
S1135458E1FF192002ABC018042215A9FFF750FC7C
S113546805AB6C73AC73EF733A000093280003998F
S11354780AABFFF715FF040010B9059A169B1A60CA
S113548820000FB0F0BD30B589B0140004AA1D0087
S1135498FFF72AFE50B903AB00932A00210004AB9E
S11354A8FFF7FEFE10B9039A0C9B1A6009B030BDD1
S11354B8F0B5B34D07002B7803248FB0022B00D826
S11354C897E0FCF79DFF0400002800D091E0FCF76A
S11354D8D3FF0400002800D08BE03C78012C00D1D5
S11354E88AE0022C00D1DFE0002C00D046E12E78BF
S11354F8042E02D902340A2E7BD12B0044331B78A4
S11355080224002B75D13B1D18000293FDF736F8D1
S11355183B7B04005B0700D5BFE0E8BB0A2E04D13F
S113552840F2B113EC5CA406E40F05A802F07BFF7B
S113553802271D2002AB09AEC018102205A9377036
S1135548FFF7DEFB002201AB1A7011232100009340
S113555803203300029A04F047FC0400E0B92E004B
S113556804A968363378874A00910299FFF78BFFBC
S1135578040088B93078824B6A30C018042204A920
S1135588FFF7BEFB3378043333702B780A2B10D023
S1135598FFF780F90400B0B1002340F26C12AB5459
S11355A82A00443213702B780A2B22D0FCF7CAFE47
S11355B81FE040F2E413EB5C3B4200D06BE02B00AD
S11355C8012244331A70029805A904F06DFB40F2D5
S11355D86C130122EA5400220433EA546A4808325C
S11355E804330299EA54FFF78BFB2B780A2B4FD12B
S11355F8002420000FB0F0BD2E78042E02D9022416
S11356080A2EF6D12B0044331B780224002BF0D148
S11356183B1D18000293FCF7B1FF3B7B04005B07BA
S11356283BD40028B8D101000A2E04D140F2B113AA
S1135638EC5CA406E10F0422012609AB1A703A7B3C
S113564801A852083240B2400270029A0320009620
S113565804F0CAFB0227040000289DD12B780A2BEA
S11356680DD0FFF717F90400002895D1012340F263
S11356786C12AB540432AB540432AB54B5E740F269
S1135688E413EB5C3B4206D12B0044331E70EDE778
S113569806232B70ACE73C007EE7002CA9D1380028
S11356A8FCF7EEF80400A4E72B780293042B01D945
S11356B80A2B9ED12B0044331B78002B99D13B1D18
S11356C818000393FCF75AFF060038B93B692BB15D
S11356D82E4E0A3B9E42B6417642B6003B7B5B07A0
S11356E849D4D6BB029B31000A2B04D1A833FF331B
S11356F8EE5CB606F10F06203A6909AB18705A70C9
S1135708100A120CDA703A7B012752083A40BA4060
S1135718987001A80270042203200092039A04F0EE
S113572863FB0600C8B92B780A2B0BD0FFF7B2F835
S1135738060090B940F26C1201230221AB540432E2
S1135748A95499E740F2E4130222EB5C134203D113
S11357582B0044331F70EDE72600002340F26C123F
S1135768AB542A00443213702B780A2B01D0FCF76F
S1135778E9FD34003DE7002EFBD190E7082438E723
S1135788DC5200204653002051540020F5FF01004C
S1135798F0B5A3B014AFFDF713FF3800FBF7BAF860
S11357A895490A78531CDBB20B700AB9FCF72CF93B
S11357B8149B83F31088202238009049FFF7A0FA3D
S11357C80CAD20218D4802F033FF2800FBF7A2F826
S11357D8894A1378013BDBB213700BB9FCF71CF947
S11357E80C9B83F31088202239002800FFF788FADD
S11357F82B78834E002B60D0DB0605D53378062B37
S113580800D1C6E00E23337004222B78134205D04E
S11358183178062900D1E8E00A3232701B0708D52E
S11358283378092B00D109E1042B00D106E10E23BA
S113583833700CAC2578AB0701D504F0CBFBEB0730
S113584801D504F0C7FB6F4A5378B3B353685B00C0
S113585833D595B36C48FEF77BFB2378DB0605D577
S11358686A48FEF775FB6A48FEF772FB23785B0704
S113587805D56848FEF76CFB6548FEF769FB237895
S11358881B0705D56448FEF763FB6148FEF760FB18
S113589823789B0705D56148FEF75AFB5C48FEF759
S11358A857FB2378DB0705D55D48FEF751FB5848BD
S11358B8FEF74EFB5648FEF74BFB14A8FBF72AF8F5
S11358C84D490A78531CDBB20B700AB9FCF79CF8F3
S11358D8149B83F3108840F2E413002214A8F45CA8
S11358E8F254FBF717F8444A1378013BDBB2137000
S11358F80BB9FCF791F8149B83F31088002C01D1A1
S113590800F05DFCE30706D53378082B01D100F0DD
S11359183EFC0E2333703278A40701D400F04FFC08
S11359280E230C2A01D000F048FCFEF7B3FF06232F
S1135938002801D000F037FC337075693DB3337823
S1135948033B012B23D8374C237903B3E688F6B1FC
S1135958462004ABC01808223349FFF7D1F94E207A
S113596804ABC01810223149FFF7CAF95E2004AB12
S1135978C01810222E49FFF7C3F9236B38003B6384
S1135988636BBE807B630023E3803B70A84723B02E
S1135998F0BD3300032244331A70FAF79DFF40F236
S11359A8A01340F2D731234AF35812785C18012A1D
S11359B802D040F2E1329C18FCF776F9AA68EB6849
S11359C8801A9941241AE343DB171C401A4B180028
S11359D80393FCF7EFFF40F2E8130398F450043301
S11359E8F450FCF735FF08230DE707213170310027
S11359F844310A7012E7C04668580020505100200C
S1135A08DC5200207051002033B0000043B0000085
S1135A1831AD00004EB000005CB0000067B000007B
S1135A2873B00000745200207C520020845200207D
S1135A3894520020F8560020C454002040F2A813C1
S1135A480EAAF25040F2AC1240F2B01040F2C41464
S1135A582B690121B350AB8A3354C84B1800049303
S1135A6802F0E6FD2B6940F2CC12335140F2C8151E
S1135A7800231421C2487355B35002F0D9FDFCF732
S1135A8853FC0A233370BF4B1B780B2B00D1BFE0A8
S1135A9840F2B01040F2AC11325C33597158B1384D
S1135AA802F0F2FF0390002800D0B3E0B64A53781E
S1135AB8002B00D187E05368002B00DB83E03359C7
S1135AC80122059304993800755DFFF719F9AF4869
S1135AD8FEF73EFAAE48FEF73BFAAE48FEF738FA50
S1135AE802213878FEF796FDAB48133CFEF730FAEE
S1135AF8AA48FEF72DFA305D01214007400FFEF752
S1135B0889FDA748FEF724FAA648FEF721FA305D76
S1135B180121039AC009FEF783FEA148FEF718FA8B
S1135B28A148FEF715FA305D01218006039AC00FDB
S1135B38FEF776FE9A48FEF70BFA9C48FEF708FA39
S1135B48305D01210007039AC00FFEF769FE9048F3
S1135B58FEF7FEF99648FEF7FBF9039C954B0221E4
S1135B68185D0134FEF756FD082CF7D18848FEF776
S1135B78EFF99148FEF7ECF90024904B0221185DE7
S1135B880134FEF747FD082CF7D18148FEF7E0F908
S1135B988B48FEF7DDF9002203212800FEF740FEBA
S1135BA88848FEF7D5F97A48FEF7D2F98648FEF711
S1135BB8CFF9059C6519A54224D17548FEF7C8F9A3
S1135BC87348FEF7C5F9082280497C4804F082FE30
S1135BD8002800D0B3E040F2B1130722F35C13406D
S1135BE8032B1FD140F2C413F15808780238052852
S1135BF800D9BEE005F05CF8A500EC001C01220108
S1135C084B01640120780221FEF704FD0134D2E738
S1135C180123039340F2B1125F21B35C0B40B354E8
S1135C280B233370330044331A78032A0DD1AF326F
S1135C38FF32B25C7F2A06D832006A3212789206A2
S1135C4801D505221A70FBF793FE039B002B00D0A5
S1135C5867E2B233FF33F35C07221C001440032CC1
S1135C6838D140F2CC117158A1B30D78042D00D16C
S1135C782CE1062D00D172E1022D2BD14D4B3900B8
S1135C8818000493FCF762FC20BB149910224431D9
S1135C9807A8FFF735F8412004ABC018102207A95C
S1135CA83C70FFF72DF801AB1D7011232000009301
S1135CB8049A3B00039904F097F858B90399049897
S1135CC804F080F80120404202F0CAFE33000122A9
S1135CD844331A7040F2B115735D5A07520F012A02
S1135CE800D151E1032A00D174E1330044331B7815
S1135CF8002B00D0E2E1142107A814AD069302F0AA
S1135D0897FC1421280002F093FC2A4B06A91800DA
S1135D180393FBF7A1FD002800D0B3E1069BDC68E0
S1135D280493002C00D1ADE120780138032800D970
S1135D389FE104F0BDFF8801FC0109021B02132343
S1135D4867E733002C331B789BB140F2C813F35C2C
S1135D58102B0ED91022013107A8FEF7D1FF380005
S1135D6802F061FB0022380007A903F0ABFF00280A
S1135D7858D040F2CC13002258E0C0468D5400207D
S1135D88AC5400200440002070510020A5AF00004E
S1135D9831AD0000AFAF0000C3AF0000C7AF0000D3
S1135DA8D4AF0000D7AF0000DCAF0000E0AF0000C4
S1135DB8E5AF00008E540020F7AF00009654002091
S1135DC809B000001BB0000021B00000F45200200C
S1135DD840F2C813F35C102BCBD9013107A8102269
S1135DE8FEF78EFFD94D06A92800FCF7AFFB002863
S1135DF8BFD10699102238003431FEF781FF012201
S1135E08390007A803F05EFF04000028B1D101009F
S1135E18280003F0D7FF0120404202F021FE40F29F
S1135E287413F45440F2C413F2580833F250F9E6E8
S1135E3840F2C813F35C002BF4D19AE740F2C8137C
S1135E48F35C052B95D9052201313800FEF758FF7C
S1135E5840F275123B789B069B16B35440F27613B6
S1135E687A78F254FB783A79B9781B0212040B4316
S1135E7813433200FC32D36723B1B54A0A3B934239
S1135E8800D976E740F274130022F254CAE740F2CC
S1135E98C813F35C032B00D86BE7032238000131E5
S1135EA8FEF72EFF7A78BB7812021B0413433A7864
S1135EB81343002BB6D0A64A0A3B9342B2D958E7FB
S1135EC840F2C813F35C002BDCD152E7DC08012252
S1135ED8250015402C0094405B091340DB019D49C3
S1135EE89A4807321C4304F0F5FC039B00B9B36BD2
S1135EF840F2A812B2581F20127CE10952B294460B
S1135F08F21C1056644605223A706246203421DA9F
S1135F184BF2BF32C0F2000212783F2422407A705A
S1135F28FB701A0A1B0C7B716D0001ABB8703A71D7
S1135F381D700623854C009322003B00032003F0C8
S1135F4853FF002800D0C5E6220001236F3AFF3A28
S1135F581370BFE654B21F2CDFDD1F22DDE70125D5
S1135F68DB082B40AB4001A93A700B7020003B00C2
S1135F78764A0399009503F037FF002800D0A9E674
S1135F88330044331D70A5E640F2D011002070544C
S1135F986E49D530FF30315040F2C4117058143175
S1135FA870501039705C1431705440F2DE100CA932
S1135FB8CC8A3452087E40F2E0117054D809DB08C8
S1135FC8134040F2E21201317054B3546248B3688A
S1135FD898478AE640F2CC13F358002B00D184E6A4
S1135FE840F2C413F1580B78022B20D0062B00D0B2
S1135FF87BE638000131FEF783FE7C78BB78240207
S11360081B041C433B7802221C4340F2D0134F4923
S1136018F25452480632FEF773FE40F2DC1340F2A3
S1136028E012F450735D1B07DB0FB35408E0002241
S113603840F2D0134549F25448480832FEF760FE4E
S113604845483369C4E707AD280008220399FEF7D9
S113605857FE231D0993EE331B7828002B73230066
S1136068F4331B88EB812300F6331B782B74FEF77B
S113607871FF2300F8331B68049AFC212000D360C5
S113608802F0D6FA340044342378BBB940F2B11292
S1136098B25C920612D501A90B7001212B4A0800A3
S11360A8009303F0A1FE48B9320033006832593333
S11360B812781B789A4201D80123237033004433A1
S11360C81B78012B2DD1FAF707FC330040F28B140F
S11360D868331B785C4342F61C13E41842F21073CD
S11360E894FBF3F41E4B1B78012B4DD040F2E033A4
S11360F81C1BFBF7D9FD0E9A0F9B801A9941241A91
S1136108E343184DDB1728001C40FCF753FC40F20E
S1136118FC132800F4500433F450FCF799FB0C23C7
S113612833700121104802F083FAFFF782FB002341
S11361382B700822039915A8FEF7E2FD23792B7327
S11361482800FFF7B5F994E70123F1E78E540020FE
S1136158F5FF01000C530020AC540020B05400207B
S1136168F8560020D85400208D5400203100022312
S1136178B3312B700822FF3115A804F0CAFB237928
S11361882B73A3682B61DBE740F2D633B0E7FAF749
S1136198B1FB002002F05CF9002801D0FFF7B9FB3D
S11361A80923FFF7B7FB102803D01138431E984181
S11361B8C31D320044321370072333700BE0327866
S11361C80E2A01D9FFF7B9FB46F68043D340DB0713
S11361D801D4FFF7B2FB330044331B780BB1FBF750
S11361E8C7FB40F2CC130022F250FCF7ABF8FFF7E0
S11361F8A4FBC04630B58BB0FAF7CAF9C0B201287F
S113620824D16B469C1D210002A8FAF7E5F92388DE
S113621803AC08212000029AFAF7F1FB0100A8B99F
S113622805AD1422280004F0ABF806AB06CC06C36F
S1136238094B2800DB7D2B73FFF73AF938B9074B74
S11362481B689A88064B9A800BB030BD0420FDF772
S1136258D5FE0420F8E7C046F84C0020144000207E
S1136268EC4C002030B58BB0FAF792F9C5B2012D89
S113627823D16B469C1D210002A8FAF7ADF92388A7
S113628803AC08212000029AFAF7B9FBA8B96B46B7
S11362981D7506AB06CC06C36A462021094B521865
S11362A8DB7D20001370FFF703F938B9064B1B6830
S11362B89A88064BDA800BB030BD0420FDF79EFEA9
S11362C80420F8E7F84C002014400020EC4C00208F
S11362D830B58BB0FAF75CF9C5B2022D2ED16B46F6
S11362E802A8991DFAF778F96B4603AC0821200037
S11362F8DB88029AFAF783FB00BB6B4602A8991D58
S1136308FAF76AF96B4602989979FAF7AFFB6B4684
S11363181D7506AB06CC06C36A4620210A4B5218E3
S1136328DB7D099020001370FFF7C2F838B9074BDA
S11363381B689A88064B1A810BB030BD0420FDF700
S11363485DFE0420F8E7C046F84C00201440002005
S1136358EC4C002010B5144A0023117801291FD1F0
S11363681248134A134C1060134A146040F2002474
S1136378124A136054609060114A12481360026014
S11363881420D080104A13600023104AD3563BB916
S11363980F4B1048117018600F4858600F489860E8
S11363A801220F4B1A7010BD00400020B04E00208F
S11363B8AC4E002004BA000078580020B4500020E5
S11363C8884E002014400020AC4C0020814D002051
S11363D86C580020984D0020824D002014001400B1
S11363E8C0500020BB4BBC4AF0B51A60BB4ABC4D38
S11363F85A60BC4A93B09A60BB4ADA60BB4A1A61D5
S113640804232E7A02930A2E1BD80222B84C029235
S11364182378042B15D840F21021200002F008F943
S1136428B448B54B0360B54B8360B54B0361B54BBA
S11364384360B54BC360F9F785FE029020B10F2382
S11364480293029813B0F0BDFCF730FFAF48202147
S113645802F0EEF8300004F02BFC240028010B00B5
S11364680B000B000B002800280128012A012E012B
S1136478022E0DD0032E0ED0042E0FD00523A44ACD
S11364880820A44902270E7008724A604B7215E06E
S11364983300A14AF4E73300A04AF1E73300A04AE5
S11364A8EEE7330008209F4AEBE70622994B0027C2
S11364B81A709D4A5A6040F201621A8158219B4819
S11364C802F0B6F8230040331E70002614229848C0
S11364D88049FEF715FC974B282218009649039328
S11364E8FEF70EFC631CDE77A31CDF77E31CDE7764
S11364F8039B924A40331E709149924B3800FBF734
S11365086FFF30003900904AFBF74CFF814B1E782F
S11365180B2E06D02300FF2259331A7042F210734F
S1136528E365230048331A7840F28013E254E26C9E
S11365380433E250230050331A7840F28813E254AB
S1136548626D0433E2500B2E03D040F6B8320433A4
S1136558E2503800A16A02F041FA0B2E03D040F24F
S1136568A413FF22E254002340F2E412A354043299
S1136578A3500432A35075490432A3540432A150E1
S11365880432A3500432A350714E0432A35071490B
S11365980432A35437780432A1500432A35037B9D3
S11365A80821300002F044F8012377603370FBF7C8
S11365B8BBFE0123684E2370300000F087FF10B142
S11365C8300002F01FFCA87CFAF75AFB20B12378AC
S11365D813B1631CDB7FAB74E87CFAF767FB20B16B
S11365E8237813B10234E37FEB7414202856FAF7A6
S11365F873FB10B1594800F091FF687DFBF778FFF1
S113660810B1574800F0A0FFA87DFAF77BFB10B142
S1136618544800F0ADFF0020FBF77AF9524C2000F3
S113662800F036FF23003033187000234F491A0056
S113663888B1C85C00B10A000133102BF9D12B1DB5
S1136648DB6F200000934A49EB6FFEF763FB10B140
S1136658200002F08DFB3822002104A803F090FEEC
S1136668444E3822300004A904F034F9424F38B1BA
S11366780021380000F0B6FE040000B30123337390
S1136688E969380002F0A8FB2A00002334321370A9
S11366983A4AEB622B63AA63EB6328352B78002B09
S11366A800D1CEE600F0B6FECBE60723C8E63300F9
S11366B80A20334AE5E633000720324AE1E60100BE
S11366C83822300003F05CFE22002100062001F08D
S11366D8C1FAD5E7D44C0020C1450000754A000032
S11366E8F84C0020494B00001D4C00007D4600007A
S11366F8DC520020B04C0020491D0000651D00003C
S1136708C1080000B1080000D10800005051002061
S1136718C8B6000004400020A8B8000008B800006B
S113672868B70000D4B40000C0B40000745200205C
S1136738E0520020F452002048B900002C530020F5
S113674824530020305300202853002089080000D7
S1136758705100209D080000024D00200C4D0020BF
S11367680D4D00200E4D00204C4D0020644D00209E
S1136778544D0020144D0020184D0020150B000026
S113678800B6000074B5000013B5F9F701FFC0B2F4
S1136798A8B101280DD16B469C1C210001A8F9F76A
S11367A81BFF21780198FAF761F9C0B238B10128C2
S11367B813D004242000FDF721FC04240BE001F08D
S11367C8F1FA08B101F064FDFFF70CFE040000289B
S11367D8F0D101F0AFFD200016BD03481122034992
S11367E8083004F096F8EFE7F84C002098B9000058
S11367F810B507240A280CD840F27D63C340DB0790
S113680807D5054B1872FFF7EDFD040008B901F030
S113681891FD200010BDC046F84C002013B5F9F7CF
S1136828B7FEC0B2012812D16B469C1C210001A8F6
S1136838F9F7D2FE0022A35E012B08D1019B1B7835
S11368485BB2312B0DD0372B09D0302B01D004206B
S113685816BD0D4B187AFFF7CBFF0020F8E701F0BF
S113686817FD0A48FDF774FBFDF79AFB72B6BFF3F0
S11368784F8FBFF36F8FBFF34F8F054B054ADA6015
S1136888BFF34F8FC046FDE7F84C002088B00000E6
S113689800ED00E00400FA0537B5F9F779FEC4B253
S11368A8012C24D16B469D1C290001A8F9F794FEFC
S11368B829780198FAF7DAF8C0B21F2817D804F033
S11368C8EDF9102B16162916271B1116161616166F
S11368D81616161616161616252321161616161625
S11368E81F1D00242000FFF783FF08B93EBD0420C4
S11368F8FDF784FB0420F9E70824F3E70A24F1E709
S11369080924EFE70524EDE70424EBE70324E9E78A
S11369180224E7E70724E5E70624E3E70B6802789F
S11369281B0E534003700B6842781B0C5340437092
S11369380B6882781B0A534083700B68C2785340F3
S1136948C3704B6802791B0E534003714B6842793C
S11369581B0C534043714B6882791B0A5340837163
S11369684B68C2795340C3718B68027A1B0E53403B
S113697803728B68427A1B0C534043728B68827A89
S11369881B0A534083728B68C27A5340C372CB6824
S1136998027B1B0E53400373CB68427B1B0C534092
S11369A84373CB68827B1B0A53408373CB68C27BD7
S11369B85340C3737047000003000449103302783E
S11369C88A5C027001309842F9D1704744C50000CE
S11369D802001B23C0094042184052005040C0B274
S11369E87047F8B50C0006000878FFF7F1FF6778E0
S11369F805003800FFF7ECFFA378E2787B405340AA
S1136A085D40684030706078FFF7E2FF2778050042
S1136A18A0784740FFF7DCFFE3785F407D4068409B
S1136A28707063782778A0785F40FFF7D1FF05007E
S1136A38E0784740FFF7CCFF7D406840B070277886
S1136A483800FFF7C5FF63785F40A3785F4078405C
S1136A58C5B2E078FFF7BCFF4540F570F8BD030008
S1136A6870B5002504000833DB6F05609A68186860
S1136A785269904728006560A56070BD41B14368BC
S1136A8813B14368022B03D104234360033B83609F
S1136A9870470A2370B58360036C010001330364F3
S1136AA803000833DC6FC268A36820685D6840315E
S1136AB80823A84770BDEFF30380103840B270472D
S1136AC830B585B0FFF7F7FF124B8000C5586A68E8
S1136AD8D3695978002304391C00022905D8137C8A
S1136AE80D495B005B5A02349BB2E96879B12D69A0
S1136AF801A804710195022C07D1127C064C90322E
S1136B085200125B120401329B188360884705B057
S1136B1830BDC046A05A002000260A401FB5436A6B
S1136B284BB184682478029169460A71826A009498
S1136B386846039298471FBDF8B5FFF7BCFF174B8B
S1136B488000C058437CC6685B00F6183500FE35E3
S1136B586C8A8369A4B29BB18268D26882B90178CD
S1136B68426959B1178801315218013B3780426193
S1136B7883610BB901339C436C82F8BD1778F2E743
S1136B880023436101331C42F5D16B8899B2002B71
S1136B98F2D10222FFF7C2FFEEE7C046A05A002056
S1136BA810B5FFF788FF114B8000C058437CC268BA
S1136BB80133DBB25B00995A036A89B223B9042210
S1136BC8C361FFF7ABFF10BD0278C36952B11980E6
S1136BD80233016AC361013901620029F3D1012238
S1136BE8C161EEE71970C3690133F2E7A05A0020C6
S1136BF870B5FFF760FF114B8000C0580126437C35
S1136C08C4680133DBB25B00E4182188FE3462886F
S1136C1889B2130095B23340324207D102231D4290
S1136C2809D1DB1810221D4201D170BD20226381D5
S1136C38FFF774FFF9E70822F9E7C046A05A0020D5
S1136C48EFF31081012383F31088074B1A6812B1FC
S1136C581A68013A1A601A681AB9044B1A70803211
S1136C681A7081F3108870474C51002040030A4081
S1136C78436810B5C4681A78FF21436904B1E15C1C
S1136C888468520001331153436110BD436882681C
S1136C981B785B009B5A02699BB20AB18169535401
S1136CA88369013383617047F0B585B0FFF703FF4B
S1136CB8204B8000C45863681D78A3686A009B1839
S1136CC80122FE33598811420AD05A81042301A8AB
S1136CD801950371A36A8360636A984705B0F0BDA0
S1136CE85B8A1E009FB21640134202D06369012BCF
S1136CF802D92000FFF7CAFF6269E3699A4203D206
S1136D082000FFF7B5FFE9E736B1012388359F4333
S1136D18A3686D00EF52E1E7636801A81B7801934B
S1136D2801230371A36A8360636A01349847E67791
S1136D38D4E7C046A05A00200123C8B283400020EB
S1136D489BB20AB918001300034A090A49018918B1
S1136D58088100204B81704700000A4007B5FFF7FF
S1136D68AAFE064B8000C3583BB19A682AB15979E8
S1136D78DB68684601910093904707BDA05A00203C
S1136D8840F21A23044A0020D35A812213405A1E7F
S1136D9893410B707047C04600C07E400620704780
S1136DA80620704706207047062070470620704763
S1136DB80A0010B5034B11CB11C2034B11CB11C2FE
S1136DC8002010BD3CC5000034C5000006207047F3
S1136DD80620704706207047062070470620704733
S1136DE8C36A0D4A10B59A180133C362036B816AEA
S1136DF8013B0363094B4C1C84621800140CFE30DD
S1136E0892B2448242811A000978FC325163812289
S1136E18FF335A7510BDC0460000F0BD00C07E4067
S1136E284143032903D9890801390029FCD1704752
S1136E38254A03001268254810B5254982420BD813
S1136E488A4209D02348824206D02348824203D08A
S1136E5840F2F610DA6010BD2048214C1218B2FB3B
S1136E68F1F10800A24202D901200840081840F2B2
S1136E788352D86006204A43B2FBF0F21A6140F20A
S1136E8876324A43B2FBF0F25A6158224A43B2FBC3
S1136E98F0F29A61134A99604A43B2FBF0F2DA615C
S1136EA8114A4A43B2FBF0F21A62104A4A43B2FB4F
S1136EB8F0F25A620E4B1A78012A03D001221A7092
S1136EC8FFF7AEFF0020C6E79C5A0020FF083D00EC
S1136ED840420F0080841E00C0C62D003F420F00B0
S1136EE83F8AF701B86A0500C0B0070068ED2200C0
S1136EF890C07E4044F6003313B5A522019340F2B6
S1136F088013F7210F4CE2500F4B9D3A5A70597079
S1136F185A705B78934200D1C04681681020FFF70D
S1136F287FFF40F21A22094BA352A35A98B203B91D
S1136F3816BD019B1BB1019B013B0193F5E714208E
S1136F48F6E7C04600C07E40FFC07E4000AAFFFFAF
S1136F5813B5104901900B6B5B0612D57F240E4BB9
S1136F685A7D22405A7500225A7501900B6B5B06B4
S1136F78D80F002B08DA019B2BB1019B013B01932D
S1136F88F4E7019B0BB9142016BD019B013B019347
S1136F98E1E7C046FCC07E40FFC07E4040F62302C5
S1136FA80F4B995C0F4A890709D540F622015B5CAF
S1136FB81BB193680C4A136070471369FAE740F6EB
S1136FC82001595C890705D540F61901595C5368B5
S1136FD8CB40EFE740F61801595C1368F8E7C04660
S1136FE800E00140784C00209C5A002040F20A221C
S1136FF830B50F4B995C8909814218D040F20B24B3
S113700801211D5D29431955022805D0995C890978
S1137018022901D08021995440F20A2240F20B211E
S11370288001C0B2985401205A5C82435A5430BD3E
S113703800C07E40044940F240100A00FE32538CDE
S1137048095A0B40538670470060004030B5EFF38F
S11370581082012383F3108898400B49435A1BB1CB
S11370680B5A013B9BB20B520B5A53B940F6FE0123
S1137078064C074B655A185A064B2B4383439BB25D
S1137088635282F3108830BD905A002000E001401A
S113709828C5000000A5FFFF70B5EFF31081012398
S11370A883F3108898400A4A835A53B940F6FE0479
S11370B8084D094E2B5B865B33434AF20056334333
S11370C82B53135A01339BB2135281F3108870BDAA
S11370D8905A002000E0014028C50000094B0A4AE4
S11370E81B6810B5934209D840F60B03074A0120E0
S11370F8D35C03B90220FFF779FF02E0044A934204
S1137108F8D910BD9C5A002080841E0000E001407C
S113711800366E0110B504000020FFF7BDFF0A4BCE
S1137128A400E258012313701378DCB2012BFBD1BD
S11371380020FFF78BFF2000FFF7AEFFFFF7CEFF1D
S11371482000FFF783FF10BDF0BF0000F0B5437BBC
S113715887B001938378457A0293C379877A039336
S11371684378C1780493C37AC67B05934379847BB7
S11371784370019B82794372029B87708372039BDD
S1137188C670C372049B457143738471C171827361
S1137198059BC37307B0F0BDF8B54368040000202D
S11371A8032B22D0261DF56F202D00D9202527007A
S11371B81F372A003800E16F03F0ABFB0623A360F6
S11371C823000833D86F3900836822695B68006834
S11371D89C462B006746B84723695B192361E36F14
S11371E85B19E367F36F5B1BF367F8BD010010B528
S11371F880B90948094A121A03F0C2F80848094A2A
S11372080949121A03F085FB0848094A0949121A60
S113721803F07FFB10BDC046904C0020B05D0020F9
S113722800400020004000200000104000400020E2
S1137238784000204004000010B5044C2000FBF7FF
S1137248B9FB0023033C237010BDC046244D002025
S1137258F7B500921A000B32019203260269019DC8
S1137268C468AD18B5434669B54214D8050050350D
S11372782980010048310B800300141B4A331C8009
S113728802238360009BC364686B836800685C683E
S11372980423A047FEBD022242600266020088322F
S11372A8156886692A199446B7683268D719BC459F
S11372B800D0624644663469AD18C2604561A14293
S11372C805D8083202618AB202674267C5E7FFF748
S11372D8E0FBDFE7F0B50400C3B001930BAB049304
S11372E822AD2F4B0E0017003621402228000393AD
S11372F8059503F045F85C21402232A803F040F8D4
S11373082100230010312A781878013342402A706A
S113731801358B42F7D132AB1A78207801344240D8
S11373281A700133A142F7D103A8FAF731FF98BBC9
S1137338402222A903A8FAF74DFF68BB0400039B67
S113734831593A5953B3059B43B303A8FAF742FF9B
S113735810BB04340C2CF2D1039BFBB1059CECB19B
S113736806A903A89D78FAF77BFFA8B903A8FAF73A
S11373780FFF88B9039B61199A7803A8FAF72AFFC3
S113738850B9039B06A95A7803A8FAF723FF18B93A
S1137398019903A8FAF764FF43B0F0BD0148FBE77D
S11373A800C5000000AFFFFFF8B50400FF25FBF798
S11373B8EFF8002220880A4E93B2984202D8FFF7C9
S11373C83FFCF8BD6168D300C9188F8809683B0A77
S11373D81B012F40DB1989B25B0099530132EBE79B
S11373E800020A4070B5094A030012780C00100024
S11373F85AB1074D19000822280003F06BFA03005C
S1137408002013B904B12370280070BD7C4D0020FE
S11374184C4D002070B50B4C230028331B787BB1EE
S1137428FFF70AFFE3695BB140F2E835064E5D43B6
S11374383000FBF7BFFA3000E5622563FBF708FA72
S113744870BDC046F84C0020244D0020F0B50E0055
S113745815001F00042487B019B922B1200007B011
S1137468F0BDEE2AFAD801AC01000822200003F08E
S113747850FA064B2573E7810396DB7D20002374BD
S1137488FDF768FD0400FFF7C5FFE7E7F84C0020A7
S113749813B5040008220021684602F071FF08228F
S11374A86946200003F016FA002360B10822FF2180
S11374B8684602F065FF08226946200003F00AFACC
S11374C8431E9841C3B2180016BD00001FB5010041
S11374D8082201A803F01DFA0D4B01201B78A3B163
S11374E80018042B11D808220A4801A9FDF708FC42
S11374F8094C0822200001A903F0ECF920B1082264
S1137508200001A903F005FA002004B010BDC0460C
S1137518DC520020F4520020024D0020084B0200E7
S11375281978012051B1142006490333DB7F08562A
S11375385BB2984200D00B75002013707047C046A8
S1137548DC520020F84C0020074B02001978012077
S113755841B106490433DB7F487D984200D04B751E
S1137568002013707047C046DC520020F84C0020FD
S1137578074B02001978012041B106492C331B78C6
S1137588887D984200D08B75002013707047C046E0
S1137598DC520020F84C002001380028FCD1704748
S11375A840F2E8320023484310B5002103F08AFB77
S11375B8054B1A68054BB3FBF2F3B0FBF3F08008F4
S11375C808B1FFF7E9FF10BD9C5A002000CA9A3B96
S11375D8F0B585B0019300238377030008330400D2
S11375E8D86F83680068DD6802AB0733A8470500D5
S11375F8E0B90600A37F104F33B901210136080012
S1137608FFF7CEFFBE42F5D1230058331A7801990B
S11376180A70BE420DD01A78022A07D01A78032AB3
S113762804D040F2F4151B7859342370280005B0AF
S1137638F0BD1425FAE7C04640420F000223F0B516
S1137648060085B002AAD371C268040015004BF67F
S1137658AD678836336801919B18083543616369BF
S11376689D421BD2019BB3B102AB04222900200026
S11376780733FFF7ADFFA0B902ABDB79022B0DD0BE
S1137688A1693368CA6828880A3252009B1A83425F
S113769809D2212003E0A36E9D42F1D10020A56602
S11376A8256105B0F0BD0322EB1D1B1893435A88CE
S11376B8BA42EED11A884869E1685200691A11522F
S11376C81A881D1DE265CAE710B50400436E00213F
S11376D8C36083691A6958690132520002F050FE86
S11376E800212000FFF7AAFF10BDF8B50400032508
S11376F8836949005869626E435A26699B18E3678F
S11377081B88221D0B33AB43D367E2689B19B71A56
S1137718475221008831096800205218934205D93C
S11377282000FFF7D1FF01236560A360F8BD10B501
S113773804008369616F1A690131914200D90021FB
S113774861675A694800825A002AF3D0236F8B4232
S113775807D02000FFF7C9FF10B92000FFF71CFD70
S113776810BD23692000A367FFF793F9F8E7F0B584
S113777884680023250087B00093037858352B705C
S1137788A3681BB90133A37707B0F0BD2B78012B8D
S113779800D0DCE0A0680238082800D9B3E003F080
S11377A87DFA058B359FB8B2B2B2C00023690325B0
S11377B8043301932361230048331B88E76C1A00C0
S11377C82A40A56002922B420AD1A5602200390002
S11377D80832D06F82685568019A0068A84739E072
S11377E8032B0FD826008C3604220021300002F027
S11377F8C7FD39003000029A03F08BF837000423E0
S1137808A560E3E70422AB43A260DFE72300483323
S11378181E882500032733008C35BB43042200212E
S11378282800A760019302F0ABFD3200019BE16CD4
S11378383A40C918280003F06CF82269019B290012
S11378489A1823000833D86F2261836800685E6839
S11378580423B04701002000FFF710F9A368012BA7
S113786800D091E7230090331A68002A00D18BE7EF
S11378786368002B00D084E0A368013B591E8B4148
S1137888DBB204A90B702300943498331B68206876
S11378984B60002877D00378009343680393030070
S11378A860C960C390472368002B00D16CE7009A35
S11378B81A70039A5A6067E7230048331B882169C2
S11378C85A189B0700D00A1D0523A3602300210032
S11378D80833D86F2261836850315D6804237CE7DC
S11378E82300210050331A882369E2650433236195
S11378F84A310888A169520049695052626822B91C
S11379080132A260A3660020A4E72000FFF70FFF5E
S1137918A0E7231DDB6F2000002BF7D0FFF73CFC0A
S113792898E7230088331A68E368616E9B186361DB
S113793800232377A36F120A23610B23A360230078
S11379480833D86F836800689B68984782E72B7868
S113795823B9009B63600123A360D4E7636800989C
S1137968022B05D1A3680B2B02D02000FFF7ACFE35
S113797823002A7859331A7004236360033BA360F5
S113798868E763687CE708008CE70000030070B5CB
S11379980026083386770400D86F836800689B68DC
S11379A89847050048B1280070BD01210800FFF779
S11379B8F7FD0A4B01369E420DD0A37F002BF4D06D
S11379C8230058331A78002AEDD01B78593440F232
S11379D8F4152370E7E71425E5E7C04640420F0095
S11379E88369F0B51A69050001325869520000210B
S11379F885B002F0C5FC00234FF6FF72AB77EA6549
S1137A08EB600193AB6901995A68914201D3002450
S1137A183BE02F008837019A3E681B685643F618E6
S1137A2802AB0822310028000733FFF7D1FD040018
S1137A3858BB02ABDB79022B14D102AB310028000E
S1137A483A680733FFF7C4FD0400F0B902ABDB79E9
S1137A58032B43D13A68120A31002800FFF796FF36
S1137A68040011E04BF6AD62F3889342F2D1E96861
S1137A7899B33A6830680B68120A9842ECD928001E
S1137A88FFF784FF0400EE6044B3EB684BBBAB69BB
S1137A9829001A689B688831D2182B0009680833B2
S1137AA8521AEA609CBB22492C64D9872900D86FF2
S1137AB8AC77836840315C6800680823A0470400F9
S1137AC828BBAB7F33BB01210800FFF769FD194BC5
S1137AD801349C42F5D1142426E0EE60019B013365
S1137AE88FE7212C0ED10126002301212800AB8326
S1137AF8FFF7A4FD0400212816D0A8B92EB9012344
S1137B08AB6011E084B90026EEE721240CE0212CB7
S1137B180AD1E8E72B0058331A78012AF3D040F247
S1137B28F4141B7859352B70200005B0F0BDC046FD
S1137B38ADBEFFFF40420F00F7B502000B6A0832E2
S1137B481B6881610400D3670700019248688A684A
S1137B588837B2FBF0F23B483A6060646065200005
S1137B680022394D903025658D69C9692264A26463
S1137B78E26481602100943105600A609A6803CB4D
S1137B88126890470600002845D1A0602000FFF73E
S1137B9827FF0500212844D102233100A06963602E
S1137BA8036926669C4643694A009A5A12B9013108
S1137BB86145F9D90368E5683A688068AF18181808
S1137BC8874200D03B00D2186566E36062618C4549
S1137BD823D3083323618BB2200023676367FFF73D
S1137BE884FD050080B92000FFF7D6FA050058B9CE
S1137BF8A368012B1FD001210800FFF7D1FC134B08
S1137C0801359D42F4D11425019B2E00DB6F9A683F
S1137C181868526990473000FEBD2000FEF739FF0E
S1137C28E4E70028F0D1E3681B6823640023636059
S1137C38074B2360EFE76368042BF4D140F2F41593
S1137C48E2E7C0460000ADBEFFFFADBE404B4C00AE
S1137C58454556520023F0B50600170087B0204D5D
S1137C68059101932B68334230D06B682BB1802186
S1137C78059A09065218934228D16B7B1949029335
S1137C88AB68194803932B7B0493FFF755FF040053
S1137C9888B9164B02991870039A049B1248FFF787
S1137CA8D7FA040001001048FEF7E8FE1CB90F4B90
S1137CB81B78002BFBD00C48FEF7D1FE20432B6821
S1137CC810B9019A1A4301929E431EB1084B10350C
S1137CD89D42C7D117B1019B33403B6007B0F0BD4B
S1137CE868C6000044C60000285B00207C580020B9
S1137CF898C60000F8B50D4E350028352B78A3B189
S1137D080B4F0822390002F0E5FD040068B9FFF7BB
S1137D1893FA08222100380002F032FB22002100E5
S1137D280620F4612C70FFF795FFF8BDF84C00208D
S1137D38184D0020F7B50500164C23682B4223D0B4
S1137D4863685B0003BB637B134E0093A368300036
S1137D581249277B0193FFF7EFFE78B9B3695A6993
S1137D68009B5B009B5A4BB1F26899189B5A9F423F
S1137D7804D83A000198043102F0CBFD0648FEF716
S1137D886EFE23689D431DB1054B10349C42D4D12B
S1137D98F7BDC04668C60000285B002044C6000042
S1137DA898C6000070B5114C08220021200002F08A
S1137DB8E7FA0120FFF7BEFF082220000C4902F071
S1137DC889FD050001207DB9637A83420CD1053011
S1137DD8FFF7B0FFF8200006FFF7ACFF0548FFF7F0
S1137DE857FB84342070280070BDC046F84C00202E
S1137DF898C600004C4D0020002370B58360836949
S1137E0805009A681968120AFFF7C0FD040018B93A
S1137E182800FFF7E5FD040028002100FEF72EFEE8
S1137E28200070BDF7B5FF27019283080A4A03268C
S1137E389B009B183A0040F200350640F600890181
S1137E48B2403940B1405C59800094430C435C51C2
S1137E58019A024B1A50F7BD00E100E0A05A002035
S1137E681F22430910401E3A824002499B005A507F
S1137E787047C04600E100E01F21012201408A400A
S1137E8810B54309034960339B005A50FFF7E8FFD4
S1137E9810BDC04600E100E040F21A2370B5114A53
S1137EA8114D8168EA5204000620FEF7B9FF40F23A
S1137EB88013A522EF21EA500C4B953A5A70597059
S1137EC85A705B78934200D1C0460320A168FEF73C
S1137ED8A7FF63681A781AB111201856FFF7CCFF68
S1137EE870BDC04680AAFFFF00C07E40FFC07E4030
S1137EF8030000223C3310B51A7040F21A23074AD3
S1137F080400D35A0BB9FFF7C7FF0122044B200022
S1137F189A6200229A62FEF7EDFF10BD00C07E400F
S1137F28FCC07E4010B5FFF7E3FF002010BD000041
S1137F3830B585B0FEF7BFFD1C4B8000C458A06B5C
S1137F48FFF706F8142808D040F2F013184A616BBA
S1137F58D2580B001340114212D02000FFF7C8FF7B
S1137F680723200001AD2B70FEF7C4FF6268536835
S1137F78A3B1D268280003920022029298470DE028
S1137F8822003C321278012AEBD0042A08D1226B51
S1137F980123002AE5D02000FEF722FF05B030BDFA
S1137FA8044BDB6A1B07DB0F0233DAE7A05A002015
S1137FB800C07E40FCC07E40F8B5050008001600ED
S1137FC81F00FEF7C5FF0400142804D12800FFF79A
S1137FD88FFF2000F8BD40F2F0133400044AD35850
S1137FE81C401E42F5D02800FFF782FF3C00F0E752
S1137FF800C07E4070B503634368C2621E780025E2
S113800833005A1E934102009B003C328162137074
S1138018436904008363FFF73FFF0D4B5D71236BD6
S113802863B99DB92000FEF765FF0FE018231222FB
S11380382000A16BFFF7C0FF0500F0E735B9200069
S1138048FEF7CEFE002EF1D012236363280070BD24
S1138058FFC07E40F7B5070000253C373D7004009B
S113806816000191FFF718FFFF23019A19499A4353
S11380781300194A26639B18A3624D71190C8C4688
S1138088604632021549013AD2189BB248824B81A4
S1138098130C9C466046124B92B2586284234A835E
S11380A80C4A537563681B786BB9216A1122200046
S11380B871431933FFF780FF050010B92000FEF75C
S11380C819FF2800FEBD01233B7010336363236A44
S11380D8A363F6E7FFC07E400000F0BDFEC07E400B
S11380E8FCC07E40F7B5070000263C373E7004000C
S11380F8150001910093FFF7CFFE1C4B019A9C4693
S11381081B481C49624446716B1E160C4E829B1810
S1138118194E92B24A811A0C9BB272624B83832322
S1138128437563681B784BB10523009A3B70033B86
S11381381370A369A36300252800FEBDA16940F25A
S1138148F813694310222000FFF736FF050040B9F1
S1138158F36A009A1B07DB0F20001370FEF7CAFEB0
S1138168E9E72000FFF7C4FEE6E7C0460000F0BDDB
S1138178FFC07E40FEC07E40FCC07E4070B5040057
S1138188FFF78AFEE3683F2040F2D81209491F2B03
S11381980BD9203B5B081F338D58034085432B4381
S11381A820008B50FEF7A6FE70BD1F25013B2B4017
S11381B88D58F3E700C07E400A7810B50B00040020
S11381C841602AB111202200097C1856FFF72AFEC3
S11381D8230000223C3320001A70FEF729FE28B938
S11381E82000FFF7CBFF08B9014B236010BDC04640
S11381F84E45504F10B50400FEF71AFE10B9200082
S1138208FFF7BCFF10BD10B50400FFF70BFE2000FC
S1138218FFF732FE10BD00001F22430910401E3A2A
S11382288240044920339B005A50BFF34F8FBFF359
S11382386F8F704700E100E0002310B503604368C6
S1138248112018560300213301D0FFF7E5FF002061
S113825810BD0000030010B503240A4A0A48116837
S11382680333A34308185B1840F200418B4206D934
S113827802F0D4F80C2303600120404210BD1360BF
S1138288FCE7C0468C5A00207840002000BE7047A6
S113829813B51F491F48FFF74FFC10B91D48FFF7D6
S11382A8ABFD1C48FEF7DBFB1B491C48FFF744FCED
S11382B808B10E2802D11948FFF79EFD184C17483B
S11382C8FEF7CDFB200011221649083002F021FBED
S11382D834220021144802F053F8382200211348AC
S11382E802F04EF808222000114902F012FB01AAFC
S11382F800210120FFF7AEFC01AA00210620FFF7A8
S1138308A9FCF820002101AA0006FFF7A3FC13BD6D
S113831804C50000E859002044C60000285B00207A
S1138328F84C002098B900004C4D0020144D002052
S113833828AD000073B5294D2C78012C20D1284E86
S1138348FEF77AFF3078042804D802F0A7FC041357
S11383580313110002243378022B01D9FDF718FA0C
S113836874B92C701E4C2378012B10D0002076BDD4
S1138378F9F7DAFF0123002433701A4B5C70EAE73B
S11383882B78002BEED00120174B1870EFE7174B12
S11383981A780B2A16D022003C3216786A465B7A81
S11383A801A908201371F9F73FFB6B4601A90620C0
S11383B81E71F9F739FB00236A46092001A91371D4
S11383C8F9F732FBF9F7BEFF012628B9054B5E70B1
S11383D8FFF720F82E70D6E72670C7E7804D0020F7
S11383E8DC520020705100201B4000200440002073
S11383F870B50D000400FBF7B5FD0548FBF7A8FDB3
S1138408290000222000FCF70BFAFBF7C9FD70BD18
S1138418D5AF0000C31D01380A78013B01315A70F9
S11384289842F9D1704770B504001025FAF73EFF59
S1138438013DEBB2207053B1221D1D000134013BF4
S1138448000ADBB29442F1D02070002BF5D170BD44
S1138458F0B58BB00700F8F7EDF80226050040B92F
S113846840F28013624CE65C012E05D0022E3FD008
S1138478042630000BB0F0BD40F28C135D4AE3587B
S11384883100934204D05C4A9B185A425341590024
S1138498002540F288130120E25C099708950795A6
S11384A806950590049503951433E35800959BB2FB
S11384B80293082301930300FAF732FF40F284136E
S11384C8E058FAF72DFC40F2A4133000E15CF9F708
S11384D89FF9002517B940F29013E5582800FAF7D8
S11384E8FFFD060010B30F266428C2D10336C0E787
S11384F840F2881340F2E832E35C09975A430123B7
S113850805939C3308900790069004900390FF33DA
S1138518E3584CF250319BB2029305230193374B35
S11385282E0000930300FAF7FBFEC7E7344B5A7892
S1138538002A9ED05B681B019BD53248FBF708FDD7
S11385483148FBF705FD3148FBF702FD40F2801383
S1138558E35C012B45D12E48FBF7FAFC2A48FBF7CC
S1138568F7FC2C48FBF7F4FC40F284130022E05893
S11385780A21FCF755F92448FBF7EAFC2648FBF7DF
S1138588E7FC40F288130022E05C0A21FCF748F972
S11385981D48FBF7DDFC2148FBF7DAFC40F28C139D
S11385A80022E0580A21FCF73BF91748FBF7D0FCF6
S11385B81B48FBF7CDFC40F2A4130022E05C0A211F
S11385C8FCF72EF91048FBF7C3FC1648FBF7C0FC70
S11385D8280000220A21FCF723F90B48FBF7B8FC12
S11385E847E7022B01D11048B6E71048B4E7C04664
S11385F8DC52002090D00300E05EF8FF85450100BE
S1138608705100206EB2000031AD0000CDAE000004
S1138618E0AE0000EDAE000000AF000013AF0000B4
S113862826AF00007DB20000E5AE0000E9AE000010
S113863810B501398AB20132002101F0A1FE10BD42
S1138648F8B52D4B00269D7B0A2D52D840F27D6348
S1138658EB4001221E00164013424AD00027274C43
S11386683900133226482770676001F089FE182202
S11386783900244801F084FE234B1B7823B12300DE
S113868846331B78AB4234D02300463300221D7096
S11386980023A263E3630023A11D2200CB8780216A
S11386A8473211702200483213704FF6FF701A00D7
S11386B840F2010C154923640F78AF420FD1674685
S11386C838420CD00B2A09D8114FD300D951DB19E1
S11386D840F201379F8033000132D2B240080D4F77
S11386E82C31B942E8D10BB1483422700123064A2F
S11386F813703000F8BDC046D456002078560020C8
S11387088056002094560020D156002004C0000052
S11387181456002000C5000010B50A4B1B7883B915
S113872840F2B860FAF7B8FD01218843C0B20143AA
S113873840F2B860FAF776FBFF2140F2B960FAF725
S113874871FB10BD0D58002013B5254C08220021DB
S1138758684601F015FE2300E8331878214B1B788E
S1138768834201D0FAF7ECFA2300E8331B7813B1FB
S1138778012B2FD013BD2300EC331A681A4B69461A
S1138788B3FBF2F31A0C0A708B701A0A23004A70AE
S1138798F4331B7843F60950CB702300F034F533D7
S11387A81B7822680B71B2FBF0F103004B43D31A18
S11387B841F684629B039B18B3FBF0F389035B18AF
S11387C869461A0C4A7108225BBACB808B20FAF7E7
S11387D88FF9CFE7F8342368042269460093F5E754
S11387E80C5700200D5800200000093D30B585B015
S11387F8304C01AD09220021280001F0C1FD2300FD
S1138808B83318782C4B1B78834201D0FAF798FABE
S11388182300B8331B781BB1012B36D005B030BD0B
S11388282300C1331B78F12B23D14FF6FF70F9F7DE
S11388388FFC48F20500F9F79BFC02232200BA32A8
S11388481288210052BA2A802200BC310988C03219
S1138858127869802100AA710922BE310988EB7156
S1138868A980C23423782B7229008C20FAF740F9A6
S1138878D4E7F22BE2D141F60F50F9F769FC41F243
S11388882100F9F775FC0623D8E72300C4331B88B5
S11388980A4A5BBA2B802300C6331B781370AB706B
S11388A82300C7331B78C834EB7023880622AB80B7
S11388B8DAE7C0460C5700200D580020EC5400207D
S11388C807B56B46082240BA49BA18805980002374
S11388D8694610000193FAF70BF907BDF0B585B0A6
S11388E802AB9C1D002302AAD51D28701E4A1F48EE
S11388F823701370431CDB7F53BB46680122337813
S113890811009C4667468368B9401F0089B2FE3748
S1138918F9840191614691408C466344FE33598B36
S113892891430A435A83019A316ABA845A8A8978E4
S113893892B2012901D18A435A8201230022426159
S11389488261C218C361C5600461D377FEF790F9E8
S113895880239B02044A127812B9013B002BF9D1F7
S1138968207805B0F0BDC046C8500020BC5900208E
S113897830B50B4A0221535E0424115F013393FB83
S1138988F1F461430025545F5B1A19B28C4206D096
S113899806241457012C02D051809268D05430BD5B
S11389A8B45000200C4B02215A5E0020195E9142FB
S11389B810D00621595601290CD0002099688854F2
S11389C802215A5E0420195E013A92FBF1F04143F8
S11389D8521A5A807047C046B450002013B50C0090
S11389E801A9F9F7C7FC28B9019B1A78012A02D012
S11389F8022A2AD013BD5978164A5B688A4040F285
S1138A08E831B2FBF3F2614353005918490029B124
S1138A18531E5B18B3FBF2F3062B00D2062340F275
S1138A289C110D4843505343910000220BB101336C
S1138A385A088B1A40F2E83201D508495B1893FBAF
S1138A48F2F340F2A0128350D4E741F640725B7807
S1138A58D5E7C04640420F00DC52002019FCFFFF56
S1138A6813B5040001A90748F9F770FD40B9019B43
S1138A781A6BA24204D0042259881C630A435A8000
S1138A8813BDC0468E540020F0B5CDB005001400C7
S1138A9801200793002900D1B6E00930002A00D14B
S1138AA8B2E0AA4200D9AFE00638002B00D1ABE00F
S1138AB8002304A809931E331B1818000BAE327048
S1138AC8FCF71EF90522B3781A400692012A00D051
S1138AD8B2E01B0747D51927332304AA9B180A2099
S1138AE80593BC4200D28FE01E2304A95B1801221F
S1138AF819005248FCF704F92721514D04ABC91851
S1138B082800FFF787FC1F2104AB4E48C918FFF75C
S1138B1881FC2800F9F732FD002875D1B3781B07CA
S1138B2824D40BAB9B7808221E00E51BEDB216403B
S1138B3813422FD1072237001340032B53D1059B2F
S1138B481B78022B4FD1043DEDB20AAA00921E22D3
S1138B5804A8043CE3B2121839490020FCF793FC3A
S1138B680023069335E011272F23B6E72F2104AB02
S1138B78C91809A80422FCF7C3F828000AA9F9F7B8
S1138B88E5FC002840D10A9B099A1B6B9A42C8DC71
S1138B98142039E05B075B0F012B3AD0032B35D146
S1138BA8059B1B78022B47D0059A6E1E571CF6B2FC
S1138BB8032BCAD00AAB0293099B214901931E23B4
S1138BC8043C04AAE4B29B1801200A000094FCF7B0
S1138BD82CFCC8B9059B042259190AA801F07AFE8D
S1138BE80300142083B90BACA3781B0714D42A0000
S1138BF805990798FCF784F840F2C813124AD5542B
S1138C08A3781B0714D400204DB0F0BD002637000C
S1138C18D0E72E00059FCDE7099B094901930A0077
S1138C283B0006980096FCF77FFA0028ECD1DEE7B3
S1138C380998FFF715FFE6E70420E5E78D540020BF
S1138C488E54002096540020DC520020F0B5060013
S1138C58140089B0EAB31022684601F05AFE2500D0
S1138C68210068462700FDF759FE1035A0376846ED
S1138C78FDF7A2FE6846FEF769FA694604A8FDF7FF
S1138C88B0FE01A905A8FDF7ACFE02A906A8FDF7E8
S1138C98A8FE03A907A8FDF7A4FE102204A96846A4
S1138CA801F037FE290068461035FDF737FEBD424E
S1138CB8DDD16846FDF780FE6846FEF747FA2100D5
S1138CC86846A031FDF72AFE10226946300001F0FB
S1138CD820FE09B0F0BD0000F0B58DB001AC220053
S1138CE8214BE0CBE0C2E0CBE0C2E0CBE0C260CBFA
S1138CF860C2B8B30D00020010350B784E781B061D
S1138D0836043343CE7833438E7804313602334302
S1138D1808C28D42F1D1042240F2180CFF27134EE9
S1138D280321C3680A4216D16146CB41190E755C0A
S1138D3819003940715C2D060D43190C39401B0A82
S1138D48715C3B40F35C090429431B020B43910803
S1138D58890061584B40016801324B40036104307B
S1138D682C2ADDD10DB0F0BDA0C6000044C500001A
S1138D78F7B5040048B36B46D91DFEF733FB05006D
S1138D8870B12000FEF7B6FF34220021280001F05C
S1138D98F7FA6B46F8200022D9790006FEF75AFF45
S1138DA8F7BD2800FEF7A6FF21003422280001F0B1
S1138DB8E7FA220021003000FEF74CFF3C0034356E
S1138DC86B46DC71002CECD0EAE7F8260127014D4C
S1138DD83606F5E74C4D00201FB50C0008220100AB
S1138DE801A801F096FD054B03941B7823B10C22CE
S1138DF8034801A9FBF784FF1FBDC046DC520020CD
S1138E080C53002030B50E4B04001B7885B0ABB171
S1138E1808220C4901A8FBF773FF0B4D0822280010
S1138E2801A901F057FD20B10822280001A901F089
S1138E3870FD0822200001A901F06BFD05B030BDCA
S1138E48DC520020F4520020024D00200023F7B524
S1138E58174A184C019123701370174B5E7CDA681B
S1138E68760092191700FE377E8A1D78B4460126CB
S1138E7861460E4301997E82E9406E1C86190139C8
S1138E885E61996165B1018807209B681180185655
S1138E98FEF7E6FF80239B0222781AB10020FEBD6C
S1138EA80178F1E7013B002BF6D10120F7E7C04632
S1138EB8FC500020C1500020D050002003000020A6
S1138EC85A1C05D0034ADBB25B00985A8007C00FCE
S1138ED87047C04600020A4010B5431C0AD040F649
S1138EE80073CAB2010119400F2318400143024814
S1138EF8FDF722FF10BDC046845A0020F0B50024B7
S1138F0889B0F9F745FBE84BE84A01201A609C60F0
S1138F18DC605C60FEF7C0F80320FEF767F8200009
S1138F28FEF7BAF8E24A14701378DCB2002BFBD1CE
S1138F382000FEF78BF8FEF7D1F80120FEF786F83B
S1138F4840F2E8310800FEF72BFB0120FEF7E2F8B7
S1138F580220FEF7DFF8D74B1C86D74B1C80D74B73
S1138F6800215A5E013201D009221A80D44C002112
S1138F78625E013201D00C2222800020185EFFF7C5
S1138F889DFF43425841CF4B18700023E05EFFF722
S1138F9895FF43425841CC4B01301870CB4B1A0013
S1138FA8A4320020115E013101D013211180142153
S1138FB85A5E013201D021229A8228215A5E013256
S1138FC801D028221A8500215A5E013201D00E22CE
S1138FD81A80BF4B00215A5E013201D019221A802F
S1138FE80020185E0121FFF777FFBA4CBA4B621CC8
S1138FF8A360BA4B6360BA4B63620023A362D3775E
S1139008EFF31081012282F310884020B54D6B687C
S113901883436B606B6881F31088A368606800936E
S1139028457A016A0195AE038D780F792E43202580
S11390383543CE78ADB2AC4676033D032E43457B2B
S11390480378ED01A84835432843009D80B2029077
S1139058FE35688D019E80B2002E00D076E166460A
S11390682A850D784978ED032E43B5B2AC461D0028
S11390780835AA40490289B292B2012F00D011E101
S1139088904301229A40009D009EFE35AF8D92B216
S11390985B00F3181743AF851F006646FE377E82D0
S11390A8029E90437E83198068850121AA84172033
S11390B8884AFFF7A8F88D4B022223608C4B0021C5
S11390C8186840F20043806801F05CF8894B5D78C9
S11390D8002D00D085E00121874C59707E4B2582F4
S11390E8E360864BA562A360854B25706362EFF34A
S11390F8108281F310887B483F3143688B43436077
S1139108436882F3108840F20F0C66467D49E36891
S1139118087800938700BE40637CC0030193009BDA
S1139128FE331A8DB2438E78BE40324392B21A850A
S113913882B2232002921043019A009E5200B21870
S11391481700FE3778827048012678834978019899
S1139158490289B2118001228240988D92B28446D4
S113916890439885DF8E588D97431043DF86588542
S1139178604602439A85654B07201A7816431E7089
S1139188019B009A0133DBB25B00D3181A00FE324C
S11391985081029E1C30FF303043508244F2974085
S11391A850831980220029001B206561A561E561AF
S11391B82562FFF728F8A368DB7A5BB2213304D071
S11391C8220029001420FFF71EF80223504D002125
S11391D8AB841220484AFFF716F80123AB844D4BA1
S11391E863604D4B4D4C012004256360FDF754FF2B
S11391F840F2403202214A4B01209D5052199950A5
S113920840F6600348F20001464A474FD152FDF741
S11392181DFF464B464A2360464B47499A61002244
S11392281A75464BDA601A6101323B6059601A724A
S1139238EFF3108182F3108810202A4CE2688243ED
S1139248E260E26881F310883D4CA279120700D0ED
S11392589EE08222A272A27A4421D20902B929008C
S113926838480278551C05700AB94032A2710125A4
S11392785A68E171127C344950082A409200023538
S11392889540401801782943C9B201705B68187881
S113929803286AD80122524201F00AFD6200D20171
S11392A8D901DD011043ECE6AC59002043474300E3
S11392B80CE8014000020A4060020A405C590020A0
S11392C848590020F8560020104000200C57002070
S11392D8E4560020BC59002000200A407CBF00004E
S11392E829090000FC6F044007C0FFFF5355415390
S11392F82840002000510020D0500020A0BF0000CA
S1139308FD1F0000184000209780FFFF00100A404E
S1139318FE200A4055554153C0BF00007059002033
S11393280060004000E00140A45900204D504C5218
S11393386D29000040580020B4BB00007C5900206F
S113934800380A407859002008380A404A791A43F4
S113935822B9CD490432CD782A43CA70002190E657
S1139368CA4A1B7C9B18FF221A70C94A0221212071
S1139378FEF749FF4423E371453B23801B332373E2
S11393886833A372A27A423B1343A3721C23E37289
S1139398C04AC14B042553600023C04E1581326076
S11393A8D3601361EFF31080012181F31088BC4B63
S11393B8DB688B43BA49CB60CB6880F31088802381
S11393C8B8491D200B870B0048F20001D9820221FD
S11393D8B54B4942198049195581FEF714FF38687D
S11393E8A279077AE37A4068217BBB433A43C76989
S11393F80078C9B2032805D13878012800D131E1B1
S1139408102083432173E3720123A271A2791343C9
S1139418A3710423A2791343A3713368A14A5B8916
S11394289386A24BA24A1A6040F20013A14A136021
S11394380023A14A5360FEF7B5FC08B1FEF728FFE4
S1139448FCF7D0FF0300072800D014E102229B4B4D
S11394581A72FCF7C7FF0300002800D007E19848F8
S1139468FAF776FDFAF79CFDFEF764FF012805D1AB
S1139478944B1A78944B1A70FCF76CFF934A137840
S1139488A3B100230621924F1370924C7956226897
S1139498012900D044E1023313708A4B1A788A4BAD
S11394A81978914202D01A70FCF754FF8A4B1B7842
S11394B8012B6ED1814D2B0028331B78002B62D0F1
S11394C82B0029331A78002A5DD000241C70EF7D04
S11394D803263B00B343EB752B0050331A787F49BE
S11394E823007F48FDF7B2FF724B734A1B6852682A
S11394F800901343EF75DB0445D57A48FAF728FD45
S11395087948FAF725FD7948FAF722FD2200310057
S11395180098FBF785F97448FAF71AFD7448FAF7C6
S113952817FD22000A21E869FBF77AF96E48FAF771
S11395380FFD7048FAF70CFD694E0221305D0134C5
S1139548FBF768F8082CF7D16748FAF701FD3036BD
S11395586948FAF7FDFC002203213078FBF760F92B
S11395686648FAF7F5FC6048FAF7F2FC6448FAF73B
S1139578EFFC00242B0050331B78A34200D94FE2A0
S11395885948FAF7E5FC5F4B1B78022B01D9FCF725
S1139598FFF8F9F7A3FA002800D16FE74E4B1C78BF
S11395A8012C00D06AE7574B1A78032A00D965E7DB
S11395B872B6BFF34F8FBFF36F8F534A5349127874
S11395C80978D2B2B1BBE531FF315B5C5200134379
S11395D8DBB27BBB374B384A1B6852681343DB0545
S11395E800D447E272B6BFF34F8FBFF36F8FF9F71A
S11395F875FAD0B12000F9F717F810250226444C63
S1139608276862B6BFF34F8FBFF36F8F23689F42FB
S113961800D10EE272B6BFF34F8FBFF36F8F23688A
S11396282B4200D11CE20023236062B6BFF34F8FA4
S1139638BFF36F8F62B6BFF34F8FBFF36F8F1DE712
S11396481B7C12495B085B005B181A808DE60023BB
S11396586380228089E6DB691B78012B00D084E6CD
S1139668628082E61420294383432A43CAE60728F2
S113967801D12848F4E60F2B01D12748F0E6042B42
S113968800D0F1E62548EBE600100A4000380A400D
S11396987C5900209059002094BB0000A859002050
S11396A8FC6F0440FE260A4004260A40CC500020E1
S11396B8A10A0000E84C002070510020F84C00205A
S11396C890B200001B40002000400020B050002051
S11396D8B450002014400020804D0020384D002054
S11396E8184D00203FB3000031AD00004EB3000018
S11396F85DB300006CB300007BB300001BB0000036
S11397088AB30000DC520020385800205051002051
S113971848510020D0B20000E9B2000010B30000A4
S11397280121B97140F2014111800022B95E022081
S11397383A5E180091421FD000217A5E02217D5EB4
S1139748002195420FD00425795F013292FBF1F58F
S113975806266943BE57521AB9688D18895C012ECA
S113976800D028703A80B64A9A18127852B28A42BF
S113977821D10133042BDFD123685C78082C16D05F
S1139788DB7813B1AF48FAF7E3FB230034B10123C4
S1139798042C03D00333072C00D1023BAA4ADB0074
S11397A89B185868FAF7D4FBA648FAF7D1FB0023AC
S11397B8BB713B6071E6DBB2022B06D00022032B9F
S11397C800D02AE123681A80D6E70022BB5EBA6873
S11397D8D31800932B2968D12368DA8806929B4A08
S11397E81268019240F201421A8000230293029BFC
S11397F8069A25689342BFDA019B9E89002E00D100
S11398089BE032000099186901F072F8002800D032
S113981887E0029A009BAA80009A9B1996573D2ECE
S113982845D03F2E00D1E3E0002E00D1F0E0022322
S11398382B7076E0C9B208003038092802D94139BA
S113984805290FD801331FE00300413B052B0CD831
S1139858373840B2536898478EE701204042591C74
S1139868F8DA20E009235B421DE001204042F1E7D9
S113987808320023D356002B00D17DE700990978DC
S113988849B29942F4D1009B012159560029D1D1FA
S113989800995B1A1BB2012BDFD148780300303BD7
S11398A8DBB2092BD0D858B2D4E7694AE1E70122E0
S11398B89A56B2B301339C46049000269E5726B9A3
S11398C8049BB3421FDD00230EE02C2E02D001229C
S11398D89A561AB9049A013252B204920133ECE747
S11398E8581C2C2904D003006146C9560029F7D115
S11398F81BB20393002B2CDC564B1A68002322BBA3
S11399080BB1F8F719FC052223681A70019B1B6830
S11399182BB100989847002223681A705870F8F7FA
S11399280BFC22681378002B00D125E7052B00D106
S113993822E7022B01D1013B1370029B01331BB2B6
S11399480293019B1433019351E7013312681BB24C
S1139958D5E763460020039958543F4B1B785BB204
S1139968002B00D1DFE03D4A0823D15E05918142F6
S113997800DCD8E01000136845680A21515E07919D
S113998829004A1B079812B282420ADA4A1C1000BC
S113999800228A56CAB90598304A01381081012232
S11399A80A70039A2B481A81624601685A6029B1E1
S11399B80D688B420CD1056000220A6000221A60EF
S11399C8016871B108000968FBE701000C33D8E7A6
S11399D80D0009680029F1D08B42F9D11A682A6070
S11399E8EAE70360039B013601339C4476B267E7D8
S11399F801269E57002E94D105232B70019B5B688A
S1139A08002B8ED00098984723681E70587088E7FA
S1139A1805232B70019B9B68F2E723681A70ABE659
S1139A282B194033022118780134FAF7F3FDE4B214
S1139A38A0E5F9F753F8002800D0E7E5EAE5C046C1
S1139A4878BF000031AD000048BF000078580020FE
S1139A5868BF0000AC4C0020814D00206C580020E9
S1139A682368334200D0DEE5F9F738F8002800D03F
S1139A78C5E5D8E572B6BFF34F8FBFF36F8FF9F71B
S1139A882DF8002800D1D0E52000F8F7CDFD40F6E8
S1139A9860062000FDF700FB244B5A681178022960
S1139AA805D0002303290DD12832127852B9204B4E
S1139AB81A6800235202D10F9A4203DB1D4A137B12
S1139AC81173DBB21C4A925BBFF34F8F30BF174A46
S1139AD852681178022904D0032908D1283212784F
S1139AE82AB9134A1268520201D4124A1373200085
S1139AF8FDF7ACFA62B6BFF34F8FBFF36F8F72B640
S1139B08BFF34F8FBFF36F8F0C4D2B68DB0602D565
S1139B1800232B6089E52B689B07F9D4F8F7DEFF4F
S1139B280028B6D1F4E700231B81FFDE705900201A
S1139B38FC6F04400054004000E0014048510020FC
S1139B48484A494B70B59A600122484B484C1A70F0
S1139B5840F6FE03474A0025E252474B474ADD6078
S1139B681A60474A5A6048F200029A601A61FDF77F
S1139B7815FA40F600031A2240F62401E254635C05
S1139B888BB1404B4048DA680240DA60DA687F26D5
S1139B983E48C27A3240C2728022D8681204024314
S1139BA8DA60DB68655440F60C03E25C0AB1002213
S1139BB8E2540320FDF71AFA002240F60803E2549F
S1139BC840F61202A35CDB07FCD540F6230301210F
S1139BD8E25C8A43E254E25C9207FCD440F6210337
S1139BE80121E25C8A43E254E25C9207FCD440F629
S1139BF820020121A35C8B43A354A35C9B07DB0FC6
S1139C08DDB2002DF9D1022640F61802A65401321D
S1139C18A3540132A354FDF7C1F93000FDF7E6F966
S1139C2840F6FE031A4A2800E252FDF7DFFAFDF770
S1139C38B5F9184B184A19481A60FDF7B5FB012005
S1139C48FDF7D4FA164E174BF61AB610AE4201DCDD
S1139C58FFF754F9134AAB009B181B689847013562
S1139C68F4E7C0460000000000ED00E090C07E402C
S1139C7800E0014003A5FFFF784C00200048E801FC
S1139C8800093D00FC6F0440FFFF7FFF002C0A40E1
S1139C9800A5FFFF845A002054524F50ACBE000068
S1139CA828C7000024C7000013B50C0001A9F8F761
S1139CB84DFC28B90198102221003430FBF720F814
S1139CC813BD0000F0B53C4CADB0019002912000EA
S1139CD820A91500F8F73AFC0390002868D12099C8
S1139CE810220C310CA8FBF70BF8344F3B000DB1D4
S1139CF827001C0019AE1922314920AD300000F0AC
S1139D0808FE082239002800FAF7FAFF2100082281
S1139D1822A8FAF7F5FF1022019924A8FAF7F0FF10
S1139D281022029928A8FAF7EBFF04ABDC1D0023E4
S1139D383000237000F0AAFF302301300A932F3B30
S1139D4809900B9309AA14AB06A90CA806960795C3
S1139D580894FDF7BFFA20B9102214A910A800F03E
S1139D68D8FD154C02992000FFF79EFF290020001A
S1139D78F8F7ECFB28B92098102201994430FAF737
S1139D88BFFF29002000F8F7E1FB88B9209C1022C6
S1139D9825001C35280010A900F09CFD40B11022B4
S1139DA8280010A9FAF7ACFF0123628813436380E3
S1139DB803982DB0F0BDC0468E540020F452002004
S1139DC899B3000013B50C0060B101A9F8F7BEFB04
S1139DD840B9019BDA6AA24204D002225988DC62A3
S1139DE80A435A8013BD0000F0B58DB0089312AB36
S1139DF81B780700049313AB1B7801200791059285
S1139E08069322B1089B23B9049B13B104200DB017
S1139E18F0BD069B069ADE079C0700230A93049B61
S1139E28F60FE40F1133920701D5049B1933FF2B66
S1139E3800D9A0E0DBB20993012F05D0032FE5D1A7
S1139E48049B002B00D196E04C4DFF212800FEF71F
S1139E58EFFB5022079BE40076013C433443DB01CB
S1139E681C432B78944313401C43454805992C7094
S1139E78FEF7D0FA43494448FEF7CCFA0223069E7B
S1139E88069A1E401A4256D005980BA9F8F75EFBAD
S1139E980400002870D10B9B0422DB6A3B480AA902
S1139EA80A93FAF72DFF3A4D012F49D0049B5E1E01
S1139EB8089BF6B21B78022B48D0364F032B4AD0A6
S1139EC807940134049B93B11A0028000899FAF7FF
S1139ED817FF67B15EB10A9B20000193294A3B0032
S1139EE805990096FBF720F9002800D08FE76B4608
S1139EF824229B181E78069B9B0718D50799331FA5
S1139F081E4ADBB251B30BA9009120000599FBF757
S1139F18BAFA002800D07AE7049B0BA9E8180422AF
S1139F28FAF7EEFE0A9905980131FFF74BFF1A4B31
S1139F3800201E706BE701243700144D0796C1E713
S1139F4800233C00049E2F000793BBE726000794D8
S1139F5837000124B6E701230793B3E70BA809499F
S1139F6802900A9800930190130020000A000599B2
S1139F78FBF75BFACDE70424200048E746530020AA
S1139F8847530020F45200204F5300205753002019
S1139F985B5300205C5300204453002007B548B1AC
S1139FA801A9F8F7D3FA28B9019B034A1870137862
S1139FB8013B137007BDC0467452002010B500B9A8
S1139FC810BD0300F8331C68FC21FEF731FB2000A8
S1139FD8F5E70000094B1A78092A04D0042A02D0AC
S1139FE80E221A7070470B221A701A006A321278FD
S1139FF89206F7D505224433F3E7C046DC52002025
S113A008002310B5040003604360836081814366C4
S113A018C281036143618361190008225C3000F046
S113A028AFF90B4B246263620A4BA3620A4BE362E7
S113A0380A4B23630A4B9C4205D00A4B9C4202D02C
S113A048094B9C4203D12000583000F0EDF910BDB3
S113A058F1A2000019A3000051A300007DA3000091
S113A068C45B00202C5C0020945C002010B5034ADB
S113A0780349044800F06AF810BDC0461C4000209B
S113A08845A700002C40002041680B4B10B5040084
S113A098994201D000F052FBA168084B994202D0C2
S113A0A8200000F04BFBE168054B994202D02000E8
S113A0B800F044FB10BDC046C45B00202C5C0020AB
S113A0C8945C002010B5094B094A04211A60094818
S113A0D80022FFF795FF012209210748FFF790FFA7
S113A0E8022212210548FFF78BFF10BDFC5C0020FB
S113A0F875A00000C45B00202C5C0020945C002048
S113A10810B5024800F091F910BDC046055D002065
S113A11810B5024800F08AF910BDC046055D00205C
S113A12810B50400FFF7ECFF236A13B1FFF7F0FF43
S113A13810BD044B2362044B1B68002BF6D1FFF7B8
S113A148C1FFF3E791A00000FC5C0020F7B5140000
S113A158002600900191A5686768013F04D524682A
S113A168002CF8D13000FEBDAB89012B08D90E2292
S113A178AB5E013304D029000098019B984706433D
S113A1886835EAE7F0B51D00554B85B01E68040034
S113A1980F00009226B1336A13B93000FFF7C0FFED
S113A1A8009B022B05D0012B00D996E0002D00DA84
S113A1B893E0636EDB0705D4A3899B0502D4A06DE5
S113A1C800F033F92100300000F0B8FA616B41B1B6
S113A1D823004433994202D0300000F029F90023C7
S113A1E863630023A3616360A3891B0603D530005E
S113A1F8216900F01DF9A3893A4A1340A381009B01
S113A208022B60D003AB2100300002AA00F0BEFA92
S113A218A3890343A3812DBB029D280000F050F9B4
S113A22801950700002848D1029B0193AB423ED117
S113A23801256D420C22A35E02221A43A281002248
S113A248A26022004732226022610122616E6261AB
S113A258114204D19B0502D4A06D00F0E7F8280050
S113A26805B0F0BD002FD8D0336A13B93000FFF71A
S113A27857FF009B012B03D1A389009A1A43A2819B
S113A2880C22A35E0822190027602761656111402A
S113A29813421CD0DA0718D500226D42A260A561CA
S113A2A8626ED20701D49B0513D50025D7E7019820
S113A2B800F006F907000028BAD08023A289019D7E
S113A2C81343A381D0E70025B4E7A560E8E7A160BC
S113A2D8E6E7A06D00F0AAF8E7E701256D42BEE7BE
S113A2E8284000205CF3FFFF70B50C000E25495F81
S113A2F800F070F8002803DB636D1B18636570BDFC
S113A308A389024A1340A381F9E7C046FFEFFFFF80
S113A318F8B51F008B8905000C001600DB0505D570
S113A3280E23C95E0022022300F042F8A389054ADD
S113A33828001340A38132000E23E15E3B0000F0A5
S113A3485BF8F8BDFFEFFFFF70B50C000E25495F01
S113A35800F02EF8A389421C03D1054A1340A381B7
S113A36870BD41F200021343A3816065F8E7C0465B
S113A378FFEFFFFF10B50E23C95E00F009F810BD0A
S113A38803008218934200D1704719700133F9E72A
S113A398002370B5054D040008002B6000F004FC90
S113A3A8431C02D12B6803B1236070BD005D0020FB
S113A3B870B50400080011001A000023044D2B6036
S113A3C800F0E1FB431C02D12B6803B1236070BD8C
S113A3D8005D002070B50400080011001A00002375
S113A3E8044D2B60F8F7F6F8431C02D12B6803B12F
S113A3F8236070BD005D002070B5040008001100E2
S113A4081A000023044D2B60F8F7D8F8431C02D136
S113A4182B6803B1236070BD005D0020014B1868F0
S113A4287047C046284000207047704770470000B6
S113A43870B505000C0079B1043C2368002B00DAE0
S113A448E418280000F0E8F81C4A13682BB9636084
S113A4581460280000F0E8F870BDA34208D9206809
S113A46821188B42F3D119685B6809182160EEE75B
S113A4781A005B680BB1A342FAD911685018A042BC
S113A4880BD120680918501811608342E1D118686B
S113A4985B68411811605360DBE7A04202D90C23C2
S113A4A82B60D6E7206821188B4203D119685B68B2
S113A4B80918216063605460CBE7C0460C5D002036
S113A4C810B5034B0100186800F026F810BDC0460B
S113A4D82840002070B50F4E0D003168040011B9F2
S113A4E800F0DEF930602900200000F0D9F9431C9F
S113A4F803D101256D42280070BD0323C51C9D436B
S113A508A842F8D0291A200000F0CAF90130F2D183
S113A518EFE7C046085D0020F7B50322CB1C934340
S113A528083305001F000C2B34D20C27B94233D84A
S113A538384E280000F070F833681C00002C2FD126
S113A54839002800FFF7C6FF0400431C5FD13468B4
S113A5580094009B002B4AD1002C52D02368280079
S113A568E3180099019300F09BF9019B834248D1B9
S113A57823682800FF1A3900FFF7ACFF013040D0E8
S113A5882368DB19236033685A68002A33D1009B97
S113A598336019E0002BC9DA0C232B600020FEBDC0
S113A5A82168C91B20D40B290AD9E2192760A342C0
S113A5B804D1326063681160536005E05A60F9E7BA
S113A5C86268A3420ED13260280000F02DF8200002
S113A5D807220B30231D9043C21A9842DFD01B1A5E
S113A5E8A350DCE75A60EFE723006468A6E7009C01
S113A5F863680093ADE71A005B68A342FBD10023AC
S113A608DAE70C2328002B6000F00EF8C6E7076091
S113A618DAE7C0460C5D002010B50248FFF705FFD5
S113A62810BDC046045D002010B50248FFF7FEFEC9
S113A63810BDC046045D0020F7B50C228B5E0500F2
S113A6480C001A0753D44A68002A02DC0A6C002A50
S113A6584BDDE76A002F48D0002241F200002E6843
S113A6682A601A00216A0240034230D0626DA3892D
S113A6785B0705D56368D21A636B0BB1236CD21AD6
S113A68800232800E76A216AB847A289431C06D137
S113A69829681D2944D8284BCB40DB0740D5002323
S113A6A8636023692360D20404D5431C01D12B6859
S113A6B803B96065616B2E60B9B1230044339942D4
S113A6C802D02800FFF7B4FE002363630DE00123E2
S113A6D82800B8470200431CC9D12B68002BC6D0F8
S113A6E81D2B01D0162B1AD12E6000201EE00E69F6
S113A6F8002EFAD00F680E60BA1B019200229B0745
S113A70800D14A69A260019B002BEEDDA36A3200E6
S113A7181F002800019B216AB847002807DCA2898A
S113A7284023012013431BB2A3814042FEBD019B79
S113A73836181B1A0193E6E7010040200B6970B52F
S113A74805000C0013B90025280070BD18B1036A70
S113A7580BB9FFF7E5FC0C22A35E002BF3D0626E65
S113A768D20704D49B0502D4A06DFFF75EFE28002F
S113A7782100FFF761FF636E0500DB07E4D4A389BA
S113A7889B05E1D4A06DFFF751FEDDE770B50E001F
S113A7981D000E23C95E140096B000290CDAB28994
S113A7A88023110019401A4214D140F200430020BA
S113A7B82960236016B070BD6A4600F04FF800287F
S113A7C8EDDB4FF2000301991940044BC9184B42C1
S113A7D85941EAE700214023E9E7C04600E0FFFFCA
S113A7E8F0B502268B8905000C0085B0334207D0EA
S113A7F823004733236023610123636105B0F0BD5F
S113A80803AB02AAFFF7C2FF029F01903900280098
S113A818FFF782FE40B90C22A35E9A05EED4032208
S113A82893431E43A681E3E78023A2892060134350
S113A838A381039B206167615BB128000E23E15E5D
S113A84800F01EF828B10323A2899A43023B13435C
S113A858A381A389019A1343A381CFE7002370B589
S113A868064D0400080011002B6000F0E5F9431CB4
S113A87802D12B6803B1236070BDC046005D00207F
S113A888002370B5054D040008002B6000F0E1F9C1
S113A898431C02D12B6803B1236070BD005D002006
S113A8A8002370B5054D040008002B60FDF7D2FCA9
S113A8B8431C02D12B6803B1236070BD005D0020E6
S113A8C810B5034B01001868826800F02BF810BD1E
S113A8D82840002030B500240139A24201D10020CB
S113A8E805E0035D01340D5DAB42F6D0581B30BD65
S113A8F830B5050010005AB10024013A2B5D085DFB
S113A908834204D1944202D00134002BF6D1181AA0
S113A91830BD002310B59A4200D110BDCC5CC4549C
S113A9280133F8E770B506000D00140018B1036A86
S113A9380BB9FFF7F5FB636EDB0705D4A3899B0509
S113A94802D4A06DFFF771FDA368013BA360002B3F
S113A95805DAA269934212DBEBB20A2B0FD0236803
S113A9685A1C22601D70EDB2636EDB0705D4A389FF
S113A9789B0502D4A06DFFF759FD280070BD29007E
S113A9882200300000F002F80500EDE7F8B50600F3
S113A9980D00140018B1036A0BB9FFF7C1FBA369D2
S113A9A8A360A3891B0701D5236943B9210030009B
S113A9B800F02AF818B101256D422800F8BD236972
S113A9C82068EFB2C01A6369EDB2834205DC210046
S113A9D83000FFF7B3FE0028EDD1A3680130013B36
S113A9E8A36023685A1C22601F706369834204D0E1
S113A9F8A389DB07E1D50A2DDFD121003000FFF759
S113AA089DFE0028D9D0D6E72A4B70B505001868F2
S113AA180C0018B1036A0BB9FFF782FB0C22A35E82
S113AA281A0722D4DA0607D409222A604022012010
S113AA381343A381404237E05B0712D5616B41B1F0
S113AA4823004433994202D02800FFF7F1FC002385
S113AA5863632422A3899343A38100236360236946
S113AA6823600823A2891343A38123695BB940F2B5
S113AA78802140F20022A3890B40934203D0210095
S113AA882800FFF7ADFE0C22A35E01211A000A403C
S113AA980B420AD00022A26062695242A261226972
S113AAA800200AB91A06C1D470BD990700D4626996
S113AAB8A260F4E728400020094B10B50400186888
S113AAC818B1036A0BB9FFF72BFB0020132C06D827
S113AAD8044BE400E358013301D0024BE01810BDE5
S113AAE828400020105D0020F8B50400FFF796FC0C
S113AAF8132605000027301C391CABBE061C2E602B
S113AB082000F8BD10B5431C01D1FFF7EDFF10BDBF
S113AB18F7B50C001600FFF7CFFF050038B9FFF7AB
S113AB287DFC09230360012464422000FEBD022E3B
S113AB3803D9FFF773FC1623F4E7012E12D14368F7
S113AB48E418F6D46F462B680A2600937C60301C00
S113AB58391CABBE061C3000FFF7D4FF0028E2DB2B
S113AB686C60E2E70368022EECD16F4600930A3664
S113AB78301C391CABBE061C3000FFF7C3FF241879
S113AB880130DFD1CFE710B5FFF7C2FF10BD37B5ED
S113AB980224019001AD201C291CABBE041C20001A
S113ABA8FFF7B0FF3EBD000070B50500FFF784FF56
S113ABB8040030B9FFF732FC092303600120404246
S113ABC870BD013D012D09D8094B9A681B699A4249
S113ABD804D101235B4203600020F1E72068FFF7FA
S113ABE8D6FF0028ECD101235B422360E8E7C04686
S113ABF8105D002070B50C00FFF75EFF050030B94A
S113AC08FFF70CFC092303600120404270BD42F2A7
S113AC18000362680C261343636040F20043A36494
S113AC28301C291CABBE051C2800FFF76BFF431C16
S113AC38EAD020610020E9E770B50C00050058222D
S113AC4800212000FFF79CFB28002100FFF7D2FF1A
S113AC5870BD70B5FFF730FF0924050020B9FFF770
S113AC68DDFB0460002070BD201C291CABBE041C45
S113AC782000012CF7D0FFF7D1FB13250400002690
S113AC88281C311CABBE051C2560EBE70023C25C05
S113AC980133002AFBD1581E7047000002B47146E4
S113ACA849084900095C49008E4402BC7047C04603
S113ACB803B47146490840004900095A49008E44C2
S113ACC803BC7047F0B54FF6FF750400CE462C4020
S113ACD8474615400E002900994680B5130C070015
S113ACE8000C61434543584363430C0C5B19E41857
S113ACF88C46A54203D980235B0298464044230C22
S113AD0861461B184FF6FF7008404946564379437D
S113AD18240489192018C918C0BCB946B046F0BD26
S113AD28504C4656342E3430000D0A003A00554E25
S113AD384B4E4F574E5F53544154555300303A4588
S113AD485500313A555300363A4153310032323ABC
S113AD584153320032333A4153330032343A415387
S113AD68340033303A4A500033313A4A505F4C4445
S113AD7843003F3F3A28756E6B6E6F776E2072659D
S113AD8867696F6E2900303A52584F4E5748454EFE
S113AD9849444C455F44495341424C454400313A87
S113ADA852584F4E5748454E49444C455F454E41CD
S113ADB8424C454400303A4B45595245515045524E
S113ADC84D49545F44495341424C454400313A4B40
S113ADD845595245515045524D49545F454E41429B
S113ADE84C454400303A525353495F444953414215
S113ADF84C454400313A525353495F454E41424C05
S113AE08454400554E4B4F4E574E5F4556454E549C
S113AE185F494E464F5F5354415455530020507276
S113AE2869766174654C6F52612053616D706C650D
S113AE3820417070205665722E005B4442475D5B6A
S113AE484D61634E6F746972795D5B526D744465CC
S113AE58765D00202D2044657641646472657373C1
S113AE68203D2000202D2050534B2020202020203E
S113AE7820203D2000202D2053657373696F6E4B8D
S113AE886579203D2000202D2066436F756E74542B
S113AE98782020203D20307800202D2066436F75CF
S113AEA86E7452782020203D203078003C75706400
S113AEB8617465643E005B4442475D5B526164694A
S113AEC86F54785D00202D204D6F64656D2020201F
S113AED820202020203D20004C6F52610046534B17
S113AEE8003F3F3F00202D204672657175656E63F3
S113AEF879202020203D2000202D204461746152B7
S113AF0861746520202020203D2000202D204261EE
S113AF186E645769647468202020203D2000202D29
S113AF28204D61784672616D6553697A65203D20CC
S113AF3800202D207478506F7765722020202020FF
S113AF48203D20002B52435644002C002B525353CF
S113AF5849002B4B4559524551004B4559524551CF
S113AF685F53554343455353004B45595245515F2D
S113AF784641494C4544002B444556494E464F00EA
S113AF882B54584359434C45002B4B4559494E447F
S113AF98002B54584359434C45494E44005B4442A2
S113AFA8475D5B52585D00202D204672616D6543F4
S113AFB874726C2020203D20307800203A2000460E
S113AFC872616D65547970653D3078002C200041BC
S113AFD8636B3D0041523D005365633D00202D20C5
S113AFE85372634164647220202020203D20002095
S113AFF82D204473744164647220202020203D2055
S113B00800202D205061796C6F616453697A652042
S113B0183D2000204279746500202D205061796C10
S113B0286F616420202020203D20005B4442475D5E
S113B0385B526164696F4576745D00202D205478F5
S113B048446F6E652000202D20547854696D656F17
S113B05875742000202D205278446F6E65200020DE
S113B0682D2052784572726F722000202D2052785C
S113B07854696D656F757420005354415455535F7A
S113B0884F4B0054585F54494D454F55540054583C
S113B0985F4E4F41434B0054585F43414E43454C28
S113B0A845440054585F4348414E4E454C4255531D
S113B0B8590054585F445554594359434C455F52B9
S113B0C84553545249435445440054585F524144EB
S113B0D8494F5F4552524F52004D41435F455252CA
S113B0E84F5200494E414354495645005245515523
S113B0F85345545F494E56414C4944004E4F5F52A4
S113B108454D4F54455F4445564943455F454E5464
S113B1185259004E4F545F535550504F5254454462
S113B12800534552564943455F554E4B4E4F574E73
S113B1380049425F4154545249425554455F494E6F
S113B14856414C4944004C454E4754485F45525279
S113B1584F5200434F4D4D414E445F4552524F525A
S113B16800494E53554646494349454E545F4D455B
S113B1784D4F52590044415441524154455F494E40
S113B18856414C4944004348414E4E454C5F494E54
S113B19856414C494400524144494F5F4348414E4B
S113B1A84E454C5F4255535900524144494F5F4400
S113B1B85554594359434C455F5245535452494396
S113B1C854454400524144494F5F504152414D4512
S113B1D85445525F494E56414C494400554E4B4ED6
S113B1E84F574E5F444556494345004352595054BE
S113B1F84F5F4552524F52002B5245534554002B32
S113B208564552002B53415645002B4C4F414400A0
S113B2182B524547494F4E002B4445564555490046
S113B2282B43484944002B4452002B5458504F5741
S113B2384552002B52584F4E002B524D54444556FC
S113B248002B4B4559524553002B54584F5054002A
S113B2582B53454E44002B53454E44484558002B28
S113B2684445425547005B4442475D5B526164690B
S113B2786F52785D00202D204D6178527857696EA1
S113B288646F7720203D20004368616E6765642001
S113B298726567696F6E2073657474696E672E20B2
S113B2A828627574206E6F742073617665642074E7
S113B2B86F206E6F6E2D766F6C6174696C65206D8E
S113B2C8656D6F72792E2900526567696F6E206902
S113B2D873206E6F7420617661696C61626C652E8F
S113B2E800526164696F2064726976657220696EC0
S113B2F8697469616C697A6174696F6E2069732015
S113B3086661696C65642E00506172616D6574656F
S113B318727320666F72204D616320496E69746987
S113B328616C697A6174696F6E2061726520696EF7
S113B33876616C69642E005B4442475D5B547843D4
S113B34879636C655D00202D2053746174757320D6
S113B35820203D2000202D20506572696F64202034
S113B368203D2000202D2044737441646472202001
S113B3783D2000202D204461746153697A65203D85
S113B3882000202D204461746120202020203D20AD
S113B3980050726976617465204C6F526120536560
S113B3A87373696F6E204B6579004E4F20414E537D
S113B3B857455200F8EFF7E00000000206000102CA
S113B3C8000102DF02000000010000000700000085
S113B3D820A10700010000000800000020A10700C8
S113B3E8010000000900000020A10700010000007E
S113B3F80A00000020A10700010000000B00000063
S113B40820A10700010000000C00000020A1070093
S113B418010000000700000048E8010001000000E6
S113B4280800000048E801000100000009000000CD
S113B43848E80100010000000A00000048E8010093
S113B448010000000B00000048E8010001000000B2
S113B4580C00000048E8010001000000070000009B
S113B46890D00300010000000700000048E8010034
S113B478010000000800000048E801000100000085
S113B4880900000048E80100010000000A0000006B
S113B49848E80100010000000B00000048E8010032
S113B4A8010000000C00000048E801000000000052
S113B4B850C30000A86100000108000020A1070093
S113B4C82029D135C02709002A000000010C0000FA
S113B4D848E8010060DC7133400D03001C000000E3
S113B4E8010B000048E8010060DC7133400D0300E3
S113B4F81C000000010A000048E8010060DC713308
S113B508400D03001C0000000109000048E8010088
S113B51860DC7133400D03001C00000001080000CA
S113B52848E8010060DC7133400D03001C00000092
S113B5380107000048E8010060DC7133400D030096
S113B5481C0000000107000090D00300006373335F
S113B558801A06000C0000000232000050C30000EC
S113B56860DC7133400D03001C000000010C000076
S113B57848E80100C03DDF36400D03000F0000001D
S113B588010B000048E80100C03DDF36400D030010
S113B5980F000000010A000048E80100C03DDF3642
S113B5A8400D03000F0000000109000048E80100F5
S113B5B8C03DDF36400D03000F0000000108000005
S113B5C848E80100C03DDF36400D03000F000000CD
S113B5D80107000048E80100C03DDF36400D0300C4
S113B5E80F0000000232000050C30000C03DDF36E7
S113B5F8400D03000F000000010C000048E80100A2
S113B608C03DDF36400D03000F000000010B0000B1
S113B61848E80100C03DDF36400D03000F0000007C
S113B628010A000048E80100C03DDF36400D030070
S113B6380F0000000109000048E80100C03DDF36A2
S113B648400D03000F0000000108000048E8010055
S113B658C03DDF36400D030026000000010700004E
S113B66848E80100C03DDF36400D03002600000015
S113B6780107000090D0030060C4E036801A060079
S113B688040000000107000090D00300E048FF36E2
S113B698801A06000E0000000107000090D0030085
S113B6A8A0D1E336801A060012000000023200001E
S113B6B850C30000C03DDF36400D030026000000E3
S113B6C8010C000048E80100E0D5A936400D03004C
S113B6D80F000000010B000048E80100E0D5A9367E
S113B6E8400D03000F000000010A000048E80100B3
S113B6F8E0D5A936400D03000F0000000109000041
S113B70848E80100E0D5A936400D03000F00000009
S113B7180108000048E80100E0D5A936400D0300FF
S113B7280F0000000107000048E80100E0D5A93631
S113B738400D03000F0000000107000090D0030033
S113B74820E3AC36801A060007000000023200002D
S113B75850C30000E0D5A936400D03000F000000D7
S113B768010C000048E8010000D88C36400D0300A5
S113B7781D000000010B000048E8010000D88C36C9
S113B788400D03001D000000010A000048E8010004
S113B79800D88C36400D03001D000000010900008C
S113B7A848E8010000D88C36400D03001D00000055
S113B7B80108000048E8010000D88C36400D030059
S113B7C81D0000000107000048E8010000D88C367D
S113B7D8400D03001D0000000107000090D0030085
S113B7E8A05E8E36801A06000E00000002320000A9
S113B7F850C3000000D88C36400D03001D00000023
S113B808010C000048E801004023D936400D03002C
S113B8180E000000010B000048E801004023D9365F
S113B828400D03000E000000010A000048E8010072
S113B8384023D936400D03000E0000000109000022
S113B84848E801004023D936400D03000E000000EB
S113B8580108000048E801004023D936400D0300E0
S113B8680E0000000107000048E801004023D93613
S113B878400D03000E0000000107000090D00300F3
S113B88820B7DD36801A06000600000002320000E8
S113B89850C300004023D936400D03000E000000B9
S113B8A8010C000048E8010000D88C36400D030064
S113B8B840000000010B000048E8010000D88C3665
S113B8C8400D030040000000010A000048E80100A0
S113B8D800D88C36400D0300400000000109000028
S113B8E848E8010000D88C36400D030040000000F1
S113B8F80108000048E8010000D88C36400D030018
S113B908400000000107000048E8010000D88C3618
S113B918400D0300400000000107000090D0030020
S113B928A05E8E36801A0600200000000232000055
S113B93850C3000000D88C36400D030040000000BE
S113B948000000000000000000000000000080412A
S113B95823000000000000000000000000000000B8
S113B968000000000100000081B00000E5B0000004
S113B9788BB0000096B000009FB00000ABB0000090
S113B988BAB00000D2B0000071AF00000BAE0000E6
S113B99802010123456789ABCDEF000200000000D6
S113B9A80000000081B00000E1B00000B5B0000064
S113B9B8EBB00000D2B10000F4B0000004B1000004
S113B9C81BB1000029B1000039B100004EB10000DC
S113B9D85BB1000069B100007DB100008EB10000C8
S113B9E8D5B000009EB10000B1B10000CCB1000098
S113B9F8E4B10000F3B1000036AD00002568000092
S113BA0800000000000000000600000000B2000072
S113BA180000000049460000000000000400000087
S113BA2807B2000000000000000000001D21000013
S113BA38050000000CB2000091670000000000003F
S113BA48916700000500000012B20000A168000020
S113BA5845440000000000000700000018B2000080
S113BA6825400000B9440000000000000700000061
S113BA7820B2000065400000A5400000000000005E
S113BA880500000028B20000C94000000941000078
S113BA9800000000030000002EB200002D41000049
S113BAA8AB410000000000000800000032B20000B2
S113BAB8D1410000D9440000000000000500000046
S113BAC83BB20000F54D000000000000000000003B
S113BAD80700000041B20000FD6100000000000002
S113BAE800000000070000005AAF000017420000E1
S113BAF80D450000000000000700000049B20000E6
S113BB085D420000414500000000000006000000FE
S113BB1851B20000A1420000000000000000000033
S113BB280500000058B20000454300000000000072
S113BB3800000000080000005EB200006D62000012
S113BB480000000000000000080000007FAF0000B3
S113BB58D962000000000000000000000800000096
S113BB6888AF0000FD4300006D45000000000000A0
S113BB780500000054AF0000C10A00009145000010
S113BB88000000000600000067B20000000000008A
S113BB98FFFF0000080000000000000002021D0072
S113BBA80000000000000000C0B300000300000013
S113BBB80000010003000000000000000002210052
S113BBC80000000000000000CCB30000581B000077
S113BBD8983A00001879000030F2000048E80100A3
S113BBE890D0030020A107000000000010270000E7
S113BBF8204E000028A00000070000006CB40000DC
S113BC080100000060B400000600000018B4000041
S113BC1806000000D0B30000090705030001020074
S113BC2808060400841E0000093D0000127A000082
S113BC3824F4000048E8010090D0030020A1070084
S113BC4800000000B128000061510000C3A20000F8
S113BC58040506030A0209010800000004000000A4
S113BC6848E801000500000090D003000600000029
S113BC78382007000300000030F200000A0000002A
S113BC8828A0000002000000187900000900000044
S113BC98204E000001000000983A0000080000004F
S113BCA81027000000000000581B000005000000D9
S113BCB80201000304000000000000001F0000004F
S113BCC8C01200001F000000A816000017000000A2
S113BCD8841C00000F000000E42500001E00000082
S113BCE8B42D000016000000083900000E00000002
S113BCF82C4C00001D000000685B000015000000CB
S113BD08747200000D000000589800001C00000028
S113BD1834B7000014000000E8E400000C00000040
S113BD28783101001B000000686E01001300000058
S113BD3834CA01000B000000286202001A00000047
S113BD4840DB0200120000003C9303000A000000DC
S113BD58C0C204001900000060B30500110000000F
S113BD68382007000900000020A107000000000097
S113BD78C194C100000000000000000000000000A1
S113BD8807040000040100000D0200000404000080
S113BD98010000001840002001000000777700002F
S113BDA800000000E8590020030B00008058002020
S113BDB8A0BD0000D8BE0000B4BD0000040000000F
S113BDC80800000000000000090000000400000052
S113BDD80A000000040000000B000000000000003E
S113BDE80C000000000000000D0000000500000029
S113BDF80E000000040000000F0000000003000013
S113BE080001000004030000010100000500000017
S113BE180201000005000000030100000001000009
S113BE2808010000050000000901000005000000E9
S113BE380A010000050000000C01000000000000D9
S113BE4800020000000000000102000000000000E1
S113BE580602000004000000070200000040000081
S113BE6808020000000400000C02000004040000A2
S113BE780D020000000000000E0200000000000097
S113BE880F0200000001000000030000040100008C
S113BE9807040000000000000D0900000000000075
S113BEA80E0900001D000000C4BD000000000000D1
S113BEB800001040FF0310400001000001000000D2
S113BEC800000000FFFF000000080000040000005C
S113BED8C1810000FD7F00005D800000ED8000004E
S113BEE8B96D000041820000896D0000A56D000055
S113BEF8A96D0000AD6D00002D7F0000FD810000DC
S113BF08B16D0000B56D0000D56D0000D96D00005D
S113BF18DD6D0000E16D0000E56D0000010000002A
S113BF287777000000000000285B0020030B000066
S113BF38E458002024BF0000D8BE000038BF000029
S113BF480000000088B0000004000000E5B0000014
S113BF5807000000B5B0000008000000B2B30000FC
S113BF6856000000790500000000000000000000F1
S113BF784154002B030000170000000100000000DA
S113BF880000000000000000000000002909000073
S113BF980000000080BD000000030000001B001228
S113BFA8000000140000000000000000FD1F000055
S113BFB80000000098BD000002000000000000001E
S113BFC8040000000200000000000000000000005F
S113BFD80000000000000000000000000000000055
S113BFE8000100000000000008E8014009E80140E1
S113BFF80AE801400BE801400CE801400000000099
S113C008E44971331CE68D33010000000B00000085
S113C018100E0000000000000000000000000000F6
S113C028000000000A00000000000000083E72330F
S113C038F8F18C33010000000B000000100E000022
S113C04800000000000000000000000000000000E4
S113C0580A0001000000000064CE8F33DCACBB335F
S113C068010000000B000000A08C0000000000008C
S113C0780000000000000000000000006400000050
S113C0880000000088C29033B8B8BA330100000039
S113C0980B000000A08C000000000000000000005D
S113C0A8000000000000000064000100000000001F
S113C0B82495BD339CD4C433010000000B00000058
S113C0C8A08C000000000000000000000000000038
S113C0D80000000064000000000000004889BE332E
S113C0E878E0C333010000000B000000A08C0000BE
S113C0F80000000000000000000000000000000034
S113C10864000100000000008443C8335CFCCD33A4
S113C118010000000B000000100E000000000000E9
S113C1280000000000000000000000000A000000F9
S113C13800000000A837C9333808CD3301000000D7
S113C1480B000000100E00000000000000000000BA
S113C15800000000000000000A00010000000000C8
S113C168E4F1D2332CDAD4330100000018000000C3
S113C178407E0500000000000000000000000000F0
S113C18800000000E80300000000000008E6D333C4
S113C19808E6D3330100000018000000407E0500C3
S113C1A80000000000000000000000000000000083
S113C1B8E803010000000000C485D7335C31DA339A
S113C1C8010000000B000000A08C0000000000002B
S113C1D800000000000000000000000064000000EF
S113C1E800000000E879D833383DD9330100000055
S113C1F80B000000A08C00000000000000000000FC
S113C20800000000000000006400010002000000BB
S113C218E4BE8A36DC334F37010000000D0000000D
S113C22880EE36000000000000000000000000005E
S113C23800000000640000000200000008B38B3610
S113C248B83F4E37010000000D00000080EE3600B4
S113C25800000000000000000000000000000000D2
S113C2686400010003000000240AD7369CE8023762
S113C278010000000D00000080EE36000000000000
S113C288000000000000000000000000640000003E
S113C2980300000048FED73678F401370100000097
S113C2A80D00000080EE36000000000000000000D1
S113C2B80000000000000000640001000400000009
S113C2C8E4BE8A361C64E436010000000D00000058
S113C2D880EE3600000000000000000000000000AE
S113C2E800000000640000000400000008B38B365E
S113C2F8F86FE336010000000D00000080EE360000
S113C3080000000000000000000000000000000021
S113C31864000100050000006443A936DC21D53619
S113C328010000000D00000080EE3600000000004F
S113C338000000000000000000000000640000008D
S113C34805000000805CAB36C008D336010000004D
S113C3580D00000080EE3600000000000000000020
S113C3680000000000000000640001000600000056
S113C378A461C435DC334F37010000001E000000FF
S113C38880EE3600000000000000000000000000FD
S113C398000000001027020006000000103EC73508
S113C3A870574C37010000001E00000080EE360074
S113C3B80000000000000000000000000000000071
S113C3C81027030009000000C03DDF3640F7093795
S113C3D8400D03000D000000A00F00003200000013
S113C3E888130000B0FF00003C93030010270000EE
S113C3F80900000080040D3700285037400D030061
S113C4080D000000C800000002000000E80300005E
S113C418B0FF00003C930300E8030000090000009B
S113C42860C4E036E013F336801A06000D000000FD
S113C438A00F00003200000088130000B0FF0000C5
S113C448382007001027010009000000E048FF36E3
S113C45860A14E37801A06000D000000C8000000D5
S113C46802000000E8030000B0FF000038200700C5
S113C478E803010009000000A0D1E336A0700837E2
S113C488801A06000D000000A00F00003200000012
S113C49888130000B0FF00003820070010270100AF
S113C4A809000000208B0E3720944B37801A0600B1
S113C4B80D000000C800000002000000E8030000AE
S113C4C8B0FF000038200700E80301000A0000005C
S113C4D8C03DDF3640F70937400D03000D0000006A
S113C4E8A00F00003200000000000000000000005F
S113C4F80000000064000000051440000000104023
S113C508020000000002000000000000100000000B
S113C518C05800206105000000000000C0BD0000F4
S113C52801000200080010002000000001000000C3
S113C538B8BE000001000000C8BE0000637C777B21
S113C548F26B6FC53001672BFED7AB76CA82C97D03
S113C558FA5947F0ADD4A2AF9CA472C0B7FD932694
S113C568363FF7CC34A5E5F171D8311504C723C398
S113C5781896059A071280E2EB27B27509832C1ADC
S113C5881B6E5AA0523BD6B329E32F8453D100ED36
S113C59820FCB15B6ACBBE394A4C58CFD0EFAAFB1A
S113C5A8434D338545F9027F503C9FA851A3408FE2
S113C5B8929D38F5BCB6DA2110FFF3D2CD0C13ECFA
S113C5C85F974417C4A77E3D645D197360814FDC8F
S113C5D8222A908846EEB814DE5E0BDBE0323A0A73
S113C5E84906245CC2D3AC629195E479E7C8376DF7
S113C5F88DD54EA96C56F4EA657AAE08BA78252E1C
S113C6081CA6B4C6E8DD741F4BBD8B8A703EB566A4
S113C6184803F60E613557B986C11D9EE1F8981195
S113C62869D98E949B1E87E9CE5528DF8CA1890D84
S113C638BFE6426841992D0FB054BB160002104062
S113C64802000000000200000000000010000000CA
S113C658245900206D0500000000000044BF0000BC
S113C6680100000000000000F84C00201900000040
S113C6780600000000000000144D00200C02000019
S113C688000000F8000000804C4D00203004000039
S113C698504C4656342E343000000000000000018F
S113C6A80000000200000004000000080000001060
S113C6B80000002000000040000000800000001B73
S113C6C80000003600000206362E322E3000427575
S113C6D8696C7420776974682052656E6573617338
S113C6E820416476616E63656420466C657869628E
S113C6F86C6520536F667477617265205061636B53
S113C7086167652076657273696F6E20362E322EE6
S105C7183000EB
S107C71CF8B5C04662
S107C720F8B5C0465E
S107C72439050000CF
S107C72809050000FB
S9039B4918
