:020000021000EC
:1000000000FE0120E90201004D050100E5020100AA
:10001000E5020100E5020100E5020100E502010040
:10002000000000000000000000000000E5020100E8
:10003000E502010000000000E5020100E502010008
:1000400000000000000000000000000000000000B0
:1000500000000000000000000000000000000000A0
:100060000000000000000000000000000000000090
:100070000000000000000000000000000000000080
:100080000000000000000000000000000000000070
:100090000000000000000000000000000000000060
:1000A0000000000000000000000000000000000050
:1000B0000000000000000000000000000000000040
:1000C0000000000000000000000000000000000030
:1000D0000000000000000000000000000000000020
:1000E0000000000000000000000000000000000010
:1000F0000000000000000000000000000000000000
:1001000000000000000000000000000000000000EF
:1001100000000000000000000000000000000000DF
:1001200000000000000000000000000000000000CF
:1001300000000000000000000000000000000000BF
:1001400000000000000000000000000000000000AF
:10015000000000000000000000000000000000009F
:10016000000000000000000000000000000000008F
:10017000000000000000000000000000000000007F
:10018000000000000000000000000000000000006F
:10019000000000000000000000000000000000005F
:1001A000000000000000000000000000000000004F
:1001B000000000000000000000000000000000003F
:1001C00010B5054C237833B9044B13B1044800E053
:1001D00000BF0123237010BD0806002000000000AE
:1001E0000893010008B5034B1BB10349034800E025
:1001F00000BF08BD000000000C06002008930100AD
:1002000001211B2004F094BE08B501211B2004F03D
:10021000A7FEFA2004F062FF1B20002104F0A0FEDC
:10022000BDE80840FA2004F059BF08B504F03EFFCD
:10023000002008BD1C207047034AB2F8CC3043F0C0
:100240008003A2F8CC3070470000094037B5012583
:1002500001211B2004F06CFE00211B2004F080FE15
:1002600068460722032107F059FEBDF800301C4CF8
:10027000C3F38413684607220521E55407F04EFEB8
:10028000BDF800306846C3F3841307220621E55405
:1002900007F044FEBDF800306846C3F3841307221C
:1002A0000921E55407F03AFEBDF800306846C3F373
:1002B000841307220A21E55407F030FEBDF8003010
:1002C0000722C3F384130B216846E55407F026FE8A
:1002D000BDF80030C3F38413E55403B030BD00BF54
:1002E0004206002000BE704708B500F005F8FFF791
:1002F0009CFFFEE77047FFFF4FF47002224B70B582
:10030000C3F88820214A00209A60FFF7F3FF00F02D
:1003100065F80120FFF7EEFF1D4B83F30A881D48A7
:100320001D4A0021121A08F09CFC1C481C4A1D4959
:10033000121A08F08BFC00251B4E1C4CA41BA410A9
:10034000A5421CDB00F036F8032000F095F90023ED
:100350004FF6FF70164A03F108010133092B22F80A
:100360001100F8D1032000F05DF90220FFF7C2FF71
:1003700000F008F9BDE87040002000F0B7B856F86A
:10038000253098470135DBE700ED00E00000010073
:1003900000EE012008060020AC150020000000201F
:1003A000E805002014930100B0050020D4050020CA
:1003B000000D0840064B93F826101A6A054BC2F34D
:1003C000026253F82130D340034A1360704700BFE4
:1003D00000E00140E8050020181300204AF2035213
:1003E000384B10B5A3F8FE230122A3F50053A3F860
:1003F0000421B3F8040180B20028FAD101244FF49B
:10040000004CA3F800413049304B314ADFF8D8E0C6
:10041000C3E900122F4A1861C3E902C22E4AC3E998
:1004200005E2FFF7C7FF1022264B83F813240722AB
:1004300083F8A22083F8804483F8320093F83C20AC
:100440001207FBD543F6013243F20111A3F848200D
:1004500000221C4883F84A20198583F82A2090F846
:100460003C309B06FBD501221C4B83F81C21052345
:1004700080F826301A4B0362FFF79CFFF122194BDC
:100480001A7300221A72F0221A7390F8743043F033
:10049000400380F874300B4B1A4693F87410C90966
:1004A000FBD00621462083F86C1083F8740083F893
:1004B000741092F87430DB09FBD14FF42543A2F895
:1004C000FE3310BD00E00140002D3101E8050020A1
:1004D00000127A000024F400001C4E0E00C00140FF
:1004E000211202210020004000C2EB0B7047A0F156
:1004F00001000028FBD1704770B4124B4FF47A769C
:1005000041431B6810484FF0FF32B0FBF3F000236B
:10051000A1FB0645AB4208BFA24205D3B4FBF0F0F5
:10052000800860B970BC70478000B1FBF0F0A0FBA0
:1005300006018B4208BF8242F3D24FF0FF3070BCFD
:10054000FFF7D5BF1813002000CA9A3B70B50024EE
:100550000A4B0B4EB3F84051ADB225FA04F3DB075A
:10056000E0B203D556F8243003B198470134102C7B
:10057000F3D1024BA3F8305170BD00BF00600040C2
:100580001C1300207FB5032000F076F86FF0FF0207
:100590001E4B1F4D9A644FF0FF332C46CDE90133BB
:1005A00003930126002335F813206AB104A95A09E0
:1005B00001EB820203F01F0106FA01F052F80C1C55
:1005C00021EA000142F80C1C0133602BEBD1019AA7
:1005D000104B11491A60114B0320C3F88022029A74
:1005E0000A60C3F88422039A4A60C3F8882200F0A4
:1005F00019F800230A4A34F8130003F1C00101334B
:10060000602B42F82100F6D104B070BD008000409C
:10061000E6910100708000407480004000E100E03D
:100620000060004010B5EFF31081012383F31088C0
:100630000E4B33F8102092B22AB133F81020013A51
:1006400092B223F8102033F810309BB25BB9084AFD
:10065000084CB2F8FE3334F8100043F4254323EA83
:100660000003A2F8FE3381F3108810BDE0140020CF
:1006700000E001409C90010030B5EFF310840123AD
:1006800083F310880C4B33F8102092B252B90B4907
:100690000B4DB1F8FE2335F8105042F425422A43A1
:1006A000A1F8FE2333F81020013292B223F8102073
:1006B00084F3108830BD00BFE014002000E001404A
:1006C0009C9001000B4A08B51168034609B90A4914
:1006D00011601068033323F00303084903448B427D
:1006E00006D908F09DFA0C2303604FF0FF3008BDD7
:1006F0001360FCE724060020B015002000EE012066
:100700000368828A00201A807047036800201B88D3
:10071000C3F3C0330B7070470368103133F81130E6
:10072000002013807047FFFF002820DB00F16043AA
:100730000901C9B203F5614383F800130C4B43F878
:1007400020200C4B00F1C00253F822106FF310412F
:1007500043F82210012300F01F024009800000F13D
:100760006040934000F56140C0F8803103607047FD
:1007700060130020006000402DE9F8430546CB6877
:100780004E69696083610B690C4603620023C36193
:100790000B8862795B0203F1804303F5B813897813
:1007A0000360130243F0400343EA4133F178002928
:1007B0005DD043F42073022A08BF2F4A707808BF27
:1007C00052F821702279E1784FEAC2329BB242EAB4
:1007D000410218BF0027AB8242EA401096F800C0E1
:1007E000EFF31082012181F31088DFF894E0B4F870
:1007F0000090DEF80C80C9F1100901FA09F128EA2D
:100800000101CEF80C10DEF80C1082F3108823F4EE
:1008100000732A685B045B0C1380BBB2138283B243
:10082000D38182F80CC0737994F90600591E4B42AB
:100830004B4182F8D030217A2A46FFF775FF2A46CD
:10084000617A94F90700FFF76FFF2A46317A96F92B
:100850000600FFF769FF96F907002A46717AFFF74D
:1008600063FF0020054B2861AB60BDE8F883002AD8
:10087000A1D143F400439EE7A490010043444152B8
:1008800000400840002810DB012200F01F018A40D0
:1008900043090649203341F82320BFF34F8FBFF3AC
:1008A0006F8F0022024B43F82020704700E100E0E8
:1008B0006013002070B5002504464368C0E9025566
:1008C00093F906005E69FFF7DDFF636893F907009F
:1008D000FFF7D8FF96F90600FFF7D4FF96F9070057
:1008E000FFF7D0FF23681D821D80EFF310820123E4
:1008F00083F31088606806490088CE68C0F1100054
:1009000083403343CB60CB6882F31088284670BDA8
:1009100000400840D1F800C043684A68F0B58C68D0
:100920005E692CF04055036822F040571FFA85FE9F
:10093000A3F804E024F040541FFA87FEA3F814E063
:100940004CEA02021FFA84FEA3F808E03F0C4FEACB
:10095000154E240C12F0405FA3F806E0DF825C81A4
:1009600052D0524B524C1B6A2468C3F30267BC40FE
:10097000C3F30213DC404FF47A73B4FBF3F341F298
:1009800036045C434B4BB4FBF3F40134072C38BF03
:10099000072412F0805322D0EFF31083012787F34E
:1009A0001088454FD7F80CC02CF4800CC7F80CC049
:1009B000FF6883F310889027404B1F700368E7B2ED
:1009C00083F8DE700B688F6813F0805F0CBF4FF404
:1009D00080634FF48073FF0048BF43F0010392002F
:1009E00007680FD50A68E4B292008A6848BF43F4EA
:1009F000007387F8DF4058BF43F40063940048BF9A
:100A000043F002039BB27B82CC680368002C4BD07E
:100A100027893A051FD56289A3F89070A3F89C2016
:100A2000A289A3F89E2022681FFA82FCA3F894C032
:100A3000C2F30B4C120FA3F896C083F892206268A1
:100A40001FFA82FCA3F898C0C2F30B4C120FA3F854
:100A50009AC083F89320BA050CD5A27C94F813C0F1
:100A600042EA0C0283F8A620E289A3F8A820228A91
:100A7000A3F8AA200A8AA3F89070A3F88020F2783D
:100A800062B1B5FA85F51A8892B222F01F021F32C0
:100A9000521B92B21A80838A1A438282084BC36027
:100AA0000B6803610020F0BD2746E3E700E001404A
:100AB0001813002040420F000040084000300F4053
:100AC00043444152D0E90223013B9BB21380F123FE
:100AD000002013727047FFFF83680246187A00F007
:100AE0000100197AC1F340018842FAD1F421197248
:100AF00000211973536893F9123013F1210F15D0A7
:100B00008B420DDB0120590903F01F0300FA03F3A8
:100B10000848203140F82130BFF34F8FBFF36F8F6B
:100B2000536893F91210044B43F821200020106001
:100B3000704700BF00E100E0601300208268117A76
:100B400001F00101137AC3F340039942FAD14168DD
:100B50000B78012B07D1C368087C054941F8203088
:100B6000013B9BB21380F12300201372704700BF3A
:100B7000280600200B7CF0B503F5800303F56863BD
:100B80001B020246C0E90113EFF31085012383F332
:100B90001088087C3B4E03283B4C9ABFC0F10300F1
:100BA0003446C0F113008340DB43266835483340A8
:100BB00023600C7C344B032C98BF03461B6885F3E1
:100BC0001088002390680372037AC3F34003002B5C
:100BD000FAD1CC69837225782779E47804F0070488
:100BE000002D47D10B7A002B49D083F002031E0160
:100BF0002B4600253443E4B2DBB20773857344729D
:100C000083724B685468D360267C204C44F82630AD
:100C1000013B9BB2038091F91230AB4221DB487C4F
:100C200003F160440001C0B204F5614484F800039C
:100C3000174803F1C00440F82320164850F82460F8
:100C400065F3104640F82460012003F01F045B099F
:100C50009B0003F16043A04003F56143C3F88001AA
:100C6000186000204B6913618B69506193610A4BD6
:100C70001360F0BD502D2E46BBD00B7AB9E71E464F
:100C8000B7E700BF0C40084010400840280600208D
:100C9000601300200060004054474100F0B585B06B
:100CA000EFF30383103B5BB21D4A03F1C00152F81E
:100CB00021006FF3104042F821001A4A52F82340F5
:100CC0006168A2680978137A012908BFF421DBB2B0
:100CD000276902BF03F0F00311721372BFB1656997
:100CE00001AED5B195E8070086E807009B0644BF32
:100CF00000232B71A36928462B60B84763691BB199
:100D000096E8070083E80700A3681B7ADBB2A268B5
:100D100003F00F03137205B0F0BD3546E6E700BFE0
:100D200000600040601300201A4B70B5C3600B7860
:100D300003F001034370EFF31083012585F310885E
:100D4000154AD46824F48014D460D26883F31088E0
:100D5000EFF3108685F31088C36844781A79B4B924
:100D600064F386121A7186F310884A68C468D378CF
:100D7000DB01DBB263714B78DB01DBB2A37153782B
:100D800003720B780370054B4360002070BD6FF356
:100D9000C712E7E7001017400040084000434144F5
:100DA000C3684278002023F81210704710B5EFF3A3
:100DB0001084012383F31088C36841781A7931B90C
:100DC00061F386121A7184F31088002010BD6FF34E
:100DD000C712F7E710B50146EFF31084012383F340
:100DE0001088CB6840781A7958B960F386121A7166
:100DF0001A7A60F386121A7284F310880020486011
:100E000010BD6FF3C7121A711A7A6FF3C712F2E7A7
:100E1000037A70B50446002B4BD04278C36800209B
:100E200033F8125023F81200ADB2EFF31081012312
:100E300083F31088E36866781A7946BB66F38612F6
:100E40001A711A7F42F040021A771A7A42F0400271
:100E50001A721A7942F040021A7181F31088012146
:100E60000420FFF749FBEFF31080012383F3108880
:100E7000E36861781A7FC9B961F386121A7780F343
:100E80001088E368627823F81250002070BD60F388
:100E9000C7121A711A7F42F080021A771A7A42F04A
:100EA00080021A721A7942F08002D5E76FF3C712F6
:100EB000E4E7EFF31081012383F310884278C368DD
:100EC00032B91A7942F040021A7181F31088DCE7D6
:100ED0001A7942F08002F7E7094B00F1C00253F89B
:100EE00022106FF3104143F822100122430900F051
:100EF0001F0002FA00F0034A603342F823007047F3
:100F00000060004000E100E0D0E9023200205A60B9
:100F10007047436830B5DA69536843F0004193681D
:100F200043F00045D36843F00044836800205D61CE
:100F30009C6119611169526959629A6230BDFFFF63
:100F4000002810DB012200F01F018A4043090649F6
:100F5000203341F82320BFF34F8FBFF36F8F002260
:100F6000024B43F82020704700E100E060130020AE
:100F700038B543680446DD6993F91200FFF7E0FFD6
:100F800095F92400FFF7DCFF95F92500FFF7D8FF5E
:100F9000AB6A1BB193F90100FFF7D2FFD4E902322B
:100FA000002020609A60586338BDFFFF38B5041EEA
:100FB00012DB0A4D09012B19C9B283F80013084B43
:100FC00043F82420FFF788FF0123620904F01F047F
:100FD00003FA04F445F8224038BD00BF00E100E008
:100FE0006013002030B5856840686C6E0078032877
:100FF00098BF013409B18C421DD813F0010F6B6BFF
:101000000CBF03F01F03C3F30443032807D91B09D4
:1010100083F0010349B9A3B90223536030BD03F043
:101020000C03181F43424341F4E78C4201D8002BC4
:10103000F2D10323F1E7032898BF01F1FF311160DA
:10104000ECE7002CE8D0F4E7F0B5836985B00546FD
:101050000F46164601AC93B193E8070084E80700F9
:10106000EA691F711A609E6018466A699047AB6909
:101070001BB194E8070083E8070005B0F0BD2346E4
:10108000EEE70B0143EA8113022843F4807306D094
:1010900007D8002914BF09200620184370470920EB
:1010A000FBE70320F9E7FFFF01232DE9F74F0A7C57
:1010B0000F4603FA02F1C160090718BF0023037449
:1010C000734B044613441B0283607B694760436192
:1010D000BB69FD69C36100238361EFF310810122C5
:1010E00082F310886B4897F810C00669CCF11F0C8A
:1010F00002FA0CF226EA02020261026981F3108808
:101100004FF42541A26838781160D3627968D363BF
:1011100093643B7A03284FEAC35301F1FF3640F052
:10112000A18043F48033D3624FF000434FF0000CB2
:10113000136153619361AB69C2F824C0C2F828C03F
:10114000D361EB69D5F82C801362966656664FF032
:10115000FF32CDE9002C002840F089804908114475
:101160000091009BA268D5F82CB053659365019B54
:1011700097F800A04FEA036949EA0349BBF1000F61
:101180000FD12B782BB169785046FFF77AFF48EAE8
:101190000008AB782BB1E9785046FFF772FF48EAB8
:1011A0000048AE6A002E6ED0B378F1781B0643EA91
:1011B0000173317943EA01439363B368C2F88C3019
:1011C000002B5ED1F168003118BF0121BBF1000F87
:1011D00006D1337FF07E5B0643EA402348EA0308EA
:1011E000C2F88810BBF1000F08D195F8213095F8AE
:1011F00020105B0743EA413348EA03084FF4AA038F
:10120000BAF1010F136402BF0023D3641365E368CE
:1012100097F91200D36049F00303C2F834801363D6
:1012200049F001031363797C2246FFF7BFFE224693
:1012300095F8221095F92400FFF7B8FE224695F89C
:10124000231095F92500FFF7B1FE2EB12246317823
:1012500096F90100FFF7AAFE00200F4B236003B0B0
:10126000BDE8F08F84BF43EA00430E465BE70128E8
:101270007FF677AF63466A46F9682046FFF7B2FE0D
:101280006FE70121A2E79663C2F88860AAE700BF72
:1012900090164000004008405450470010B5EFF34E
:1012A00003801038114B40B200F1C00253F82210F5
:1012B0006FF3104143F822100D4B53F82040636840
:1012C0001B78012B08D1D4E902329A6000229A647B
:1012D000DA641A65FFF700FE636933B10022204625
:1012E000BDE810401146FFF7AFBE10BD00600040E2
:1012F00060130020EFF31080012383F31088064B66
:10130000196819B9054AD1704021D1701A680132A3
:101310001A6080F3108870475C130020000D0840AD
:10132000EFF31081012383F31088074B1A6812B181
:101330001A68013A1A601A681AB9044BDA708022E6
:10134000DA7081F3108870475C130020000D0840AC
:101350000123C8B283409BB20AB11A460023090A8E
:10136000490101F1804101F5002142EA03428A600E
:1013700000207047020A11F4803F30B5C0B2094C1A
:101380004FEA02130AD01A1854F822506FF310458E
:1013900044F8225021F4803544F82250034444F8A4
:1013A000231030BD0008084038B515460C46FFF73D
:1013B000A1FF20462946FFF7DDFFFFF7B1FF002020
:1013C00038BDEFF30380103840B270470B4B00F18B
:1013D000C00253F822106FF3104143F8221001238A
:1013E00000F01F024009800000F16040934000F5CA
:1013F0006140C0F880310360704700BF006000406A
:101400000122430900F01F0002FA00F0044A2033D1
:1014100042F82300BFF34F8FBFF36F8F704700BFB9
:1014200000E100E0030A084A1B0153FA80F052F879
:10143000203041F0040123F0011323F440430B4317
:1014400042F82030704700BF00080840EFF31080DA
:10145000012383F31088064B196819B9054AD17026
:101460004021D1701A6801321A6080F310887047E9
:101470005C130020000D0840EFF31081012383F37B
:101480001088074B1A6812B11A68013A1A601A6874
:101490001AB9044BDA708022DA7081F31088704731
:1014A0005C130020000D084070B50D46016A04462B
:1014B0008B7803F07B038B7003786BB1C0E9035228
:1014C000E369186980B9236A9A7842F080029A70B9
:1014D0002078E8B1002070BD837803F00303D21AAE
:1014E0002B440261C360EBE72269002AEBD0A378AA
:1014F000816803F00303013B22FA03F300228E68A4
:1015000022619BB2E1680068B0470028DBD0E2E7C7
:10151000A27802F00302022A09BF2A882A7842F43C
:101520007E42DA8118BFDA70D5E770B40C4649689C
:101530000D681360067816B103F10C061660C069D9
:10154000407830B90126E8780B3366F30510E8706F
:101550001360A36820681B6870BC1847F0B5846AE4
:1015600085B006468C4617466D46B4B194E80F0028
:1015700085E80F00F36920461B78C4F808C0236093
:10158000F36A2771E360736A9847B46A1CB195E8FF
:101590000F0084E80F0005B0F0BD2C46EAE7FFFF1E
:1015A00038B500230446026A43609370C36993F917
:1015B0000500FFF725FFE36993F90B00FFF720FF14
:1015C000E36993F90700FFF71BFFE36993F909004B
:1015D000FFF716FFE369DB681BB19A681868126AA7
:1015E0009047E3691B691BB19A681868126A9047B3
:1015F000EFF31082012383F31088E0690649007835
:101600004D68C0F11F0083402B434B604B6882F351
:101610001088002038BD00BF004008402DE9F84385
:1016200040F219230D4609780446CB4013F001031C
:1016300018BF102303706B6901F580024362AB6928
:1016400002F58C52C36200231202026201228362FD
:101650008378C56162F3010383706B7823B902223A
:10166000837862F30103837095F90B70AE7A384684
:10167000FFF7C6FE9D4907F1C00351F8232036014C
:101680006FF3104241F82320F3B2994EDFF86C82D9
:10169000F21982F8003395F9059048F8274048463A
:1016A0002F79FFF7ADFE09F1C00351F823203F0168
:1016B0006FF3104241F82320FFB206EB090383F8D1
:1016C000007348F8294095F90790AF794846FFF72D
:1016D00097FE09F1C00351F823203F016FF3104238
:1016E00041F82320FFB206EB090383F8007348F8A2
:1016F000294095F909902F7A4846FFF781FE09F1B4
:10170000C00351F823203F016FF31042FFB24E4453
:1017100041F8232086F80073E96848F82940002939
:1017200040F09F802969002940F0AD80EFF31082DE
:10173000012383F310886F492E784868C6F11F068D
:10174000B34020EA03034B604B6882F31088002209
:10175000236A9A701A715A729A72DA725A8340F234
:1017600019222978CA40D20701D54022DA7406220C
:101770001A772178E069A9B1C2680139002A40F0DE
:101780009980C269127A0A40120202F4706242F031
:1017900001060A0392B2324342F006019982998A05
:1017A0008A42FCD1EA78A978D20042EA011269782B
:1017B000032940F08180F22142F04002EE69D2B26A
:1017C0001A70327BC9B2082A0EBF0A22520002F0F8
:1017D000020299715A73B17872784901D20101F00D
:1017E0002001D2B20A43002135781972A91E0129BD
:1017F00067D8FF21022D08BF42F010025970D2B203
:101800000027DA7190F90500C4E90377C4E9057788
:10181000FFF7DCFDE36905F0030593F90B00FFF723
:10182000D5FDE36945F0700593F90700FFF7CEFD9C
:10183000E36993F90900FFF7C9FD4FF6FF72236AC8
:101840009D7073899342238107D0FFF7FFFD3946CE
:101850002089FFF7E7FDFFF70FFE274B00266360A7
:101860000EE04B6820461A684FF4002342F8043B10
:10187000236A0533FFF759FE064600283FF452AFAE
:101880003046BDE8F8834B6820461A684FF0006385
:1018900042F8083B236A0333FFF747FE0646002859
:1018A0003FF444AFEB68002BEAD09A681868126ADC
:1018B0009047E5E701266CE700290CBFE221F22101
:1018C0007CE77168D2B2DA718A784F785A701A78E8
:1018D00067F301021A70CA789A74DF790A7807F000
:1018E000A30102F05C020A438AE700BF00600040E7
:1018F00000E100E0004008405549435360130020D8
:1019000030B5036A044600209A78D2B202F07B0513
:1019100002F00B029A70E0608A784C785A701A785C
:1019200064F301021A70CA789A74DC790A7804F0B8
:10193000A30102F05C020A43DA719D7030BDFFFF23
:101940002DE9F04F1C46FF23A37023784FF00009C8
:101950006FF38203237080238BB0E3704A4B0692AF
:101960004A4A1B6A12680091C3F302618A40C3F3BA
:101970000233474D22FA03FBABFB0523CDE90423D9
:101980004FEA1B2308900793CDF80C90069BAB42BF
:1019900001DB00202AE000265FFA89F309933D4B22
:1019A0009B5DC3F34002C3F380030293134601928D
:1019B000029A1343099A9A420DD1374B33F8168095
:1019C000089B03FB08F8BBFBF8F7B7F5807F02D84C
:1019D00007FB08FA6FB901360D2EE0D1B9F1000FFF
:1019E0004FD0069BAB42B4BF032000200BB0BDE834
:1019F000F08F5246DDE90401D31706F047FF009B44
:101A0000A0F5C330013FA038002B38D0079BBAFBAC
:101A1000F3F37F2BDFD94FF4807200F5C330A03091
:101A2000584390FBF2F0A0F5C330A0380028B8BFAF
:101A30004042854216DD174AA770915D2278C1F3B6
:101A4000000565F38612019DC1F3C10165F304121F
:101A5000029D039365F3C30205462270627861F329
:101A600001026270009BAAEB080A002BB3D0237816
:101A700043F0040323709DF80C30E370AAE7009B49
:101A8000D4E74FF0010981E700E00140181300207E
:101A9000A0860100B0900100BE900100F8B5FFF7EC
:101AA00090FC2F4B00F1C00253F822106FF310414D
:101AB00043F822102B4B53F82000C3691B6983B9EC
:101AC000046974B10778036A002F34D0DA8AC2F34C
:101AD00004229742056900D9B5B91A796FF3C71284
:101AE0001A71016900293AD1026A937803F07F03E1
:101AF00043F004039370436AC160002B2FD0BDE80C
:101B0000F8408022FFF72ABD8478C16804F00306FC
:101B1000022E0CBF0E880E7804F0030408BF46F4B2
:101B20007E46A5EB040521440CBFDE81DE73013245
:101B30000561C160CDE78178C26801F00305022D1F
:101B400009BF1588157845F47E45DD8118BFDD7025
:101B500001F00303E41A1A440461C260C1E7F8BD4E
:101B6000006000406013002013B5FFF72AFC3A4BD9
:101B700000F1C00253F822106FF3104143F8221015
:101B8000364B53F82040E369DB6813B1A369002B9F
:101B900053D14FF6FF7322899A4205D0FFF756FCC6
:101BA00001212089FFF73EFC2278236A3AB3DA8AC2
:101BB000D20612D01B8AC3F308030193A3692BBB7F
:101BC000636A23B1042201992046FFF7C7FC2378FA
:101BD0001BB1236ADB8ADB06E6D1237813B1BE2270
:101BE000236A1A714FF6FF732089984231D0002181
:101BF000FFF718FC02B0BDE81040FFF73DBCA2782B
:101C000002F00302022AD5D05B79D6E7A27801A9B7
:101C100002F00302606907F019F8A178626901F027
:101C20000303A1691A44C91A6261A1610029CED1D6
:101C3000636A002BCBD00122C6E70021636AC4E9A6
:101C4000051133B10122204602B0BDE81040FFF774
:101C500085BC02B010BD00BF0060004060130020D2
:101C600010B5FFF7AEFB0C4B044653F82000026A98
:101C7000937803F07B039370436A1BB10222002127
:101C8000FFF76CFC054BC03453F824206FF310426F
:101C900043F8242010BD00BF601300200060004006
:101CA00038B5FFF78EFB174B044653F82000027837
:101CB000036A22B9827802F00302022A1ED1198A2D
:101CC000C1F308011D79EDB205F03802ED0604D527
:101CD0001D7FED0758BF42F040021D7905F0C70592
:101CE0001D71436A0BB1FFF739FC074BC03453F841
:101CF00024206FF3104243F8242038BD5979C9B22B
:101D0000E0E700BF6013002000600040EFF30380B5
:101D1000103840B27047036870B50446586988B1FE
:101D200094F82D3003F0FF0563B983682A469E6856
:101D3000A169238C0068B047E369256263620123CF
:101D400084F8333070BD73B5856B04460B466E4620
:101D50002DB395E8030086E80300E26B2B7123683E
:101D60002A605B6933B194F82D201AB99A68186813
:101D70001269904723689B6933B194F82D201AB1FA
:101D80009A68186812699047636B28469847A36B56
:101D90001BB196E8030083E8030002B070BD35462E
:101DA000DBE7FFFF08B5FFF7B1FF044BC03053F886
:101DB00020206FF3104243F8202008BD006000404F
:101DC00070B5FFF7A3FF5C4BC03053F820206FF3D2
:101DD000104243F82020FFF799FF584B53F820405A
:101DE0002269137B13F0010340F0858094F82C10D6
:101DF00094F82A00884219D094F82D3023B1022992
:101E000002D15223D37210E02046FFF784FF2369EA
:101E100094F82820DA7094F82B30013B84F82B30AA
:101E200094F82C30013384F82C3070BD94F83310C2
:101E300001F0FF0511B184F83330F6E7216A00297B
:101E400050D094F82D304BB9636AA2690139D25C45
:101E50000133216263622369DA70E6E794F8313076
:101E6000002B34D0236884F83150596909B398693C
:101E7000F8B1E369022B1CD9F42191708268023B0E
:101E800096689BB2A26929460068B0472368294634
:101E90005869E3698268023B96689BB22A460068EB
:101EA000B04702232362E369023B6362012384F8A3
:101EB0003330236A012B02D9002223699A72236AE4
:101EC000012B02BF202223699A72FF22C3E75179B6
:101ED000636AA269D154236A013B2362636A0133B6
:101EE0006362ECE794F82E3083B15223D37201235E
:101EF00084F8303099E794F82D3013B194F83130EC
:101F000033B100232362012384F82F30542379E76F
:101F10005179636AA269D154236A94F82E20013B57
:101F20002362636A01336362236912B15222DA7257
:101F3000DDE75422DA7278E7006000406013002089
:101F400010B5FFF7E3FE324B53F820402269D37AF5
:101F50006FF3C303D37294F82F1001F0FF0331B174
:101F6000F0230121D3722046FFF7EDFE21E094F823
:101F70002A0094F82C10884234D029BB012802D1C1
:101F80002046FFF7C8FE94F82A30012B0CBF94F8C6
:101F9000283094F8293000212269D172D37094F846
:101FA0002B30013B84F82B3094F82C30013384F82B
:101FB0002C30FFF7ABFE174BC03053F820206FF3E7
:101FC000104243F8202010BD94F82D2002F0FF00AD
:101FD00032B10229DFD194F8293043F00103DAE766
:101FE0000346D8E7236A002BE3D194F82D1094F828
:101FF0003000002914BF0221032108B1D372B2E7D7
:10200000F023D372937803F0CF039370ABE700BF54
:102010006013002000600040EFF30380103840B2EE
:1020200070474369C269934206D2D0E9021202B1F5
:10203000D25C0133CA70436170477FB5436A05467D
:102040000E4601ACA3B193E8070084E807006A6874
:10205000184612781E711A60AA6A9A602A6A904716
:102060006B6A1BB194E8070083E8070004B070BDF9
:102070002346ECE710B5FFF7CFFF0E4B00F1C0028F
:1020800053F822106FF3104143F822100A4B53F813
:1020900020402046FFF7C5FF6269E3699A4208D1F4
:1020A000236933B9A268937803F07B0343F00403F8
:1020B000937010BD006000406013002010B5FFF762
:1020C000ABFF124B00F1C00253F822106FF3104126
:1020D00043F822100E4B53F820402046FFF7A1FF93
:1020E000D4E90632934205D2A16822694979581C85
:1020F000A061D154D4E906239A4206D1A26893780C
:1021000003F03B0343F00403937010BD00600040F4
:102110006013002010B5FFF77FFF0446094B012133
:1021200053F82000C0348268937803F0030393705F
:10213000FFF783FF044B53F824206FF3104243F85A
:10214000242010BD601300200060004010B5FFF790
:1021500063FF0C4B044653F8200004218368C0340D
:102160009A7802F003029A701A7984221A71FFF7A2
:1021700064FF054B53F824206FF3104243F82420EA
:1021800010BD00BF6013002000600040EFF303802B
:10219000103840B27047FFFF0B4B00F1C00253F8FC
:1021A00022106FF3104143F82210012300F01F02A8
:1021B0004009800000F16040934000F56140C0F8A4
:1021C00080310360704700BF006000400122430976
:1021D00000F01F0002FA00F0044A203342F8230006
:1021E000BFF34F8FBFF36F8F704700BF00E100E078
:1021F00037B5836B04460A466D46A3B193E80300E6
:1022000085E80300E16B18461A711960626B90470C
:10221000A36B1BB195E8030083E80300002384F857
:102220002B3003B030BD2B46ECE7FFFF1F22F8B583
:10223000036905461A705F221A70DF2200680C4697
:10224000416A1A700A792C4E42F0E0021A74CA7878
:102250002A4F42F0E0025A748A78120102F07002AA
:1022600042F008029A700A784978012A0CBF0522C8
:10227000042242EA4102D2B2DA702149426894F95A
:1022800011008A420CBFF72277225A7100229A71FC
:10229000B322DA71637B32181B01DBB282F80033A0
:1022A00047F82050FFF778FF637B94F90F001B017C
:1022B0003218DBB282F8003347F82050FFF76CFF8A
:1022C000637B94F910001B013218DBB282F80033F3
:1022D00047F82050FFF760FF637B94F90E001B0165
:1022E000DBB2064486F8003347F82050FFF754FF6E
:1022F0009F222B691A70F8BD00E100E060130020F6
:1023000040420F00C36910B504462BB990F82C3039
:1023100013B990F82B308BB131B1002223692168B9
:10232000DA712046FFF782FF002394F82620E3614C
:1023300084F82820A26984F82C302262B322236911
:10234000DA7110BD13B5FFF721FF3F4BC03053F8D2
:1023500020206FF3104243F82020FFF717FF3B4B7C
:1023600053F8201091F82D30CC69E3B98A690B69D4
:10237000022A9EBF1A7942F040021A71012C07D13D
:102380001A7942F010021A711A7942F008021A7191
:10239000DB7CDBB28DF807309DF80730012381F834
:1023A0002D3002B010BD002CFBD0032C17D10A69D0
:1023B000137943F0400313710B694A69D87C0B6AA7
:1023C000D0540B6A01330B62CB69013BCB61002B0C
:1023D000E7D109690A7963F386120A71E1E7022CF1
:1023E00009D10B691A7942F010021A711A7942F078
:1023F00008021A71E0E7012CDED191F82A30D3B13E
:102400000B6893F90F00FFF7E1FE0B69DA7942F0F0
:102410008002DA711A7942F010021A711A796FF398
:10242000C3021A7104225A705A796FF300025A716A
:1024300081F82C40C0E70B695A7A02F0F7025A7211
:1024400008225A70B8E700BF006000406013002007
:1024500010B5FFF79BFE304BC03053F820206FF3D0
:10246000104243F82020FFF791FE2C4B53F8203008
:1024700093F82720AAB193F8260093F82810032890
:1024800004D1022902D193F8300048B193F82440D6
:1024900018690131013A847483F8281083F82720E1
:1024A00010BD93F82920002AFAD1DA6942B1D3E9A4
:1024B0000404196A013A645C013184741962DA61B6
:1024C000D8690028ECD11A69D17960F3C711D171AC
:1024D000C021D079C00901D00139FAD11B680E4959
:1024E00093F9103003F1C00051F82040002B6FF336
:1024F000104441F8204009DB0120590903F01F0373
:1025000000FA03F30648603140F82130D37943F0F4
:102510004003D371C4E700BF006000406013002097
:1025200000E100E010B5FFF731FE214B53F8201019
:1025300091F8293033B191F82730012B02D191F86D
:102540003030BBB1CC69ACB991F82A3043B30B68D9
:1025500093F90F00FFF73AFE0B69DA7942F0800237
:10256000DA7104225A705A7964F300025A71012315
:1025700081F82C300A69D3796FF38613D371C023A5
:10258000D179490601D5013BFAD1FFF7FFFD094B8F
:10259000C03053F820206FF3104243F8202010BDC4
:1025A0000B695A7A02F0F7025A7208225A70E1E770
:1025B000601300200060004038B5FFF7E7FDE02120
:1025C0002F4B53F8204023695A7A5972D2B212F035
:1025D00010000CBF0146597802F003051CBFC1F37F
:1025E000801181F00101294308D00125294684F892
:1025F0002B502046FFF786FE012139E018B35978A9
:10260000C1F3801049061ED584F82B005A7A02F0D7
:10261000F7025A7208225A702268526A1278012A06
:102620000CBF03220222DA705A7942F001025A7179
:10263000FFF7ACFD134BC03053F820206FF310426E
:1026400043F8202038BD12F0080105D194F82C0081
:102650000028EDD05207EBD594F82B2062B994F8FE
:102660002920002A4FF0B30214BF02210321DA719E
:102670002046FFF7BDFDDBE70029BDD00021B8E70C
:102680006013002000600040EFF30380103840B278
:102690007047F0B5C36A85B005460E46174601ACD3
:1026A00093B193E8070084E807002A6B5F601A6023
:1026B0001E721846AA6A9047EB6A1BB194E807009D
:1026C00083E8070005B0F0BD2346EEE738B50225E4
:1026D0000446826880F8215053796FF300035371E8
:1026E000C269FFF7D6FFA368DD705A7942F0010294
:1026F0005A7138BDA022836810B4DA71002280F8C4
:10270000202080F822205C7962F300045C7190F84C
:10271000244054B15A720023C269C36102235DF898
:10272000044B80F82130FFF7B4BFDF221A709F22DC
:102730001A70F0E738B50123B322044680F8203040
:1027400083680D46DA71FFF7C1FF94F82130012B41
:1027500003D1042D06D0082D04D094F821308BB974
:10276000052D0FD194F8233063B994F82120A36884
:102770001AB95A7A02F0F3025A72BF22DA710123AF
:1027800084F8233038BDFFFF13B5FFF77DFF364BCC
:10279000C03053F820206FF3104243F82020FFF799
:1027A00073FF324B53F8204094F82230B3B9012321
:1027B00084F82230A368DA7CD2B28DF805209DF827
:1027C000052012F0010F5A7A14BF02F0F70202F04E
:1027D000F3025A72AC22DA7102B010BD94F82030C4
:1027E0004BB9A36820461B7A13F0080F14BF0821C9
:1027F0000421FFF79FFF216999B9A368DA7CD2B25F
:102800008DF806209DF806201A7942F010021A7100
:102810001A7942F008021A711A7961F304121A71D6
:10282000DAE7A369994217D106212046FFF74EFF48
:102830002169A36831B9DA7CD2B28DF807209DF8FE
:102840000720E1E7A269E168DB7C501CA0618B54A2
:10285000E3690133E361BFE7D4E90212C97C581C84
:10286000A061D154F4E700BF006000406013002075
:1028700038B5FFF709FF224BC03053F820206FF323
:10288000104243F82020FFF7FFFE1E4B53F8204074
:1028900094F820301BB905212046FFF74BFF94F830
:1028A000213003F0FF0503BBA3692169A2689942A7
:1028B0001CD12368124993F90E3003F1C00051F87E
:1028C0002040002B65F3104441F8204009DB012033
:1028D000590903F01F0300FA03F30B48603140F875
:1028E0002130D37943F04003D37138BDE168C95C2E
:1028F00001339174A361E3690133E361F5E700BF3C
:10290000006000406013002000E100E010B5FFF718
:10291000BBFE174B53F82040A3681B79580710D40F
:1029200007212046FFF7D2FE94F821304BB9D4E9B5
:102930000221A369C95C01339174A361E369013386
:10294000E361A268D3796FF38613D371C023D17981
:10295000490601D5013BFAD1FFF796FE054BC03081
:1029600053F820206FF3104243F8202010BD00BF21
:10297000601300200060004007B5FFF785FE1E4B86
:1029800053F820008268537ADBB2990712D00023F3
:10299000012180F82430FFF7ADFEFFF775FE174BDD
:1029A000C03053F820206FF3104243F8202003B0CA
:1029B0005DF804FB13F00C0F11D0012380F82430D4
:1029C00090F82130012B08D0026983699A4202D91C
:1029D000C369013BC3610321DDE70221DBE7DB06BD
:1029E000DBD5D37CDBB28DF807309DF80730D37987
:1029F00003F0EF03D371D0E76013002000600040C4
:102A000037B5EFF30384154B103C64B253F8243010
:102A1000134A5879115C01F0030103291BBF04F12B
:102A2000C00152F8215001256FF3104518BF42F83C
:102A300021509A6818BF00252AB1DB68019002A8CE
:102A400040F8083D90473DB1054BC03453F8242071
:102A50006FF3104243F8242003B030BD6013002010
:102A600000600040EFF30380103840B27047FFFF72
:102A70000123420900F01F0003FA00F0014B43F864
:102A80002200704700E100E010B40B4A00F1C001E1
:102A900052F8214000F01F036FF3104442F8214028
:102AA0000121420901FA03F30449603241F822305E
:102AB0005DF8044BFFF7DCBF0060004000E100E080
:102AC0000122430900F01F0002FA00F0044A2033FB
:102AD00042F82300BFF34F8FBFF36F8F704700BFE3
:102AE00000E100E07FB5836A05460E4601ACA3B164
:102AF00093E8070084E807006A68184612781E7198
:102B00001A60EA6A9A606A6A9047AB6A1BB194E8F5
:102B1000070083E8070004B070BD2346ECE7FFFF21
:102B200010B5FFF79FFF194B00F1C00253F82210B8
:102B30006FF3104143F82210154B53F82030D3E9BE
:102B400006218A4205D01969986869B9416801323D
:102B50009A61D3E90612914216D1BDE810405B6834
:102B600093F90300FFF784BF93F820400F2C03D99B
:102B7000406841F82200EAE7072C95BF0079808879
:102B8000885421F81200E2E710BD00BF0060004049
:102B90006013002010B5FFF765FF1E4B00F1C00267
:102BA00053F822106FF3104143F822101A4B53F8D8
:102BB000204063681A6A5AB15278012A08D1E26942
:102BC0006169013A8A420ED193F90300FFF75CFF75
:102BD0006369E269934205D0D4E902125AB94A60A6
:102BE0000133636110BD1A69002AF1D093F9030023
:102BF000FFF73EFFECE794F820000F2802D952F8C7
:102C00002320ECE7072895BFD25C32F813200A7125
:102C10008A80E5E7006000406013002010B5FFF7F0
:102C200021FF184B00F1C00253F822106FF310413E
:102C300043F82210144B53F82040A368DB789B071D
:102C400003D563685B7A012B1AD1FFF739FF6368FC
:102C500093F90200002801DBFFF732FFA268137826
:102C60006FF386131370636893F90200002801DB89
:102C7000FFF70AFF2046BDE810400121FFF732BFF1
:102C800010BD00BF006000406013002070B5FFF76A
:102C9000E9FE1C4B064653F82040636893F9020096
:102CA000002801DBFFF70CFFA26813786FF386138F
:102CB0001370636893F90200002801DBFFF7E4FE5C
:102CC0000022A368DD78DA70EDB22A0703D505216A
:102CD0002046FFF707FFEB0703D504212046FFF747
:102CE00001FF05F01405142D03D108212046FFF73C
:102CF000F9FE054BC03653F826206FF3104243F817
:102D0000262070BD6013002000600040EFF30380B8
:102D1000103840B270472DE9F041076A8AB080460A
:102D20000C469FB16E463D460FCD0FC60FCD0FC668
:102D300095E8030086E803000FCC3E460FC60FCC93
:102D40000FC694E803003C4685E803002046D8F807
:102D50001C309847D8F8204044B16D460FCD0FC4C1
:102D60000FCD0FC495E8030084E803000AB0BDE866
:102D7000F081FFFF002809DB0122430900F01F005A
:102D800002FA00F0024A403342F82300704700BFC5
:102D900000E100E030B58BB0FFF7B8FF274BC03043
:102DA00053F820206FF3104243F82020FFF7AEFFC6
:102DB000234B282253F820500021684605F051FF8C
:102DC00000206C6894F84D2884F84D08D2B2ADF814
:102DD0000420B4F84238C3F30013B3B1022342F025
:102DE0002002ADF8042094F8532884F8533894F85E
:102DF0005238D2B203F01F0384F85328E11891F837
:102E0000202860F3820281F820282A686946126827
:102E1000284600926A6ACDE90332FFF77CFFB4F8D6
:102E20004238DB0607D52B681A69127D1AB193F96F
:102E30001500FFF79FFF0BB030BD00BF00600040E2
:102E400060130020F0B58BB0FFF760FF354BC0304A
:102E500053F820206FF3104243F82020FFF756FF6D
:102E60000022314B054653F82000446894F853384B
:102E700084F8532894F85228DBB202F01F0202F1C2
:102E80002007390184F85338635854F801C0C3F35C
:102E900080768DF8196006683169097B41EADC713A
:102EA00001F001018DF8181071BBC3F38A4304EBE4
:102EB00007170593BB8804EB0217C3F30303082B22
:102EC00088BF08238DF81A3000239DF81A108B4212
:102ED0001DD34421A31883F82018002307934FF42F
:102EE0008063ADF80430336869460093436A039207
:102EF0000493FFF710FFB4F84238DB0702D52846E9
:102F0000FFF738FF0BB0F0BD23F06043CFE707EBCE
:102F1000030C9CF806E20DEB030C8CF820E0013367
:102F2000D5E700BF006000406013002030B58BB0D3
:102F3000FFF7ECFE1C4BC03053F820206FF310421B
:102F400043F82020FFF7E2FE184B002153F82050F1
:102F500001236C68284694F8532884F8533894F871
:102F60005238D2B203F01F0384F853280393E218B7
:102F70004FF40063ADF804302B6882F820181B680A
:102F800082F8201800936B6A69460493FFF7C3FE2A
:102F9000B4F842389B0704D52B6893F91700FFF764
:102FA000E9FE0BB030BD00BF0060004060130020A0
:102FB000F7B5EFF30384154B103C64B253F824606B
:102FC000F768BFB173686D4693F90D203369121B22
:102FD00018BF0122C3B193E8030085E803001A700B
:102FE000726918465A60B84733691BB195E8030007
:102FF00083E80300064BC03453F824206FF31042DB
:1030000043F8242003B0F0BD2B46E8E7601300200E
:1030100000600040EFF303830121103B064A5BB2DE
:1030200052F82320C0331172044A52F823106FF370
:10303000104142F8231070476013002000600040E8
:103040000B7930B5DB010F4CDBB2A3710E4A0B7864
:10305000D35C8A7803F003054B7812031B0102F45A
:103060004052DBB21343CA78120202F44072134397
:103070002B4363804B79DB01DBB22372034B03608C
:10308000002030BD00340840D8900100544457005F
:103090000020FF22014B18701A707047003408405E
:1030A0000122430900F01F0002FA00F0044A203315
:1030B00042F82300BFF34F8FBFF36F8F704700BFFD
:1030C00000E100E00B4B00F1C00253F822106FF357
:1030D000104143F82210012300F01F024009800034
:1030E00000F16040934000F56140C0F8803103601A
:1030F000704700BF006000404FF4964313B5019342
:10310000036804461A7842B193F91100FFF7DAFF19
:10311000236893F91300FFF7D5FF4AF680220A4B84
:10312000A3F88420B3F8842092B2802A02D1002030
:1031300002B010BD019A1AB1019A013A0192F1E769
:103140004FF4FA70F4E700BF00E07F400022027005
:10315000C0E9012280F83520012280F83620DF22E4
:10316000827770472DE9F0474FF0000804461F466C
:103170009DF8283080F8008021730375089B8A46EB
:103180000361099B154683610B9BDFF84091036245
:103190000C9BC0E90938FF234377002A3ED184F80D
:1031A0003520502004F02AFF4FF6FF73A0F842307C
:1031B000DF23064600F1200880F8205080F82150D7
:1031C00080F8225080F82350C0E90955C562C0E953
:1031D0000E55C0E90C5580F8443080F8453080F831
:1031E000405080F84150C0E91255C4F82880202290
:1031F000294605F036FD072FA6605AD8314ABAF1A4
:10320000020FD35D114642D099F80000002856D134
:10321000002B4ED102232777D35548E0012A48D10D
:1032200084F83520242004F0E9FE0646837880F8EF
:10323000008068F3020383704378C57003F0F803DD
:1032400068F30613437080F8048080F8058080F8E6
:103250000680A0621C224146083005F002FD012FC5
:10326000666026D8184BBAF1020FDA5D194602D013
:1032700099F8000028B1012A1BD802232777CB55E3
:1032800015E0B2B902222777DA55257011E0012B3B
:10329000F3D92777384601F03DFC3022816A404659
:1032A00005F0D4FC384601F035FC036BA361012323
:1032B00023700023207889F80030BDE8F087012BC7
:1032C000DAE700BF42060020400600204A06002040
:1032D00038B590F8353004468BB9806808B90020BD
:1032E00038BD04F10C01FDF7DFFE0546A068FDF7CF
:1032F00010FE0E2D01D0002DF1D10120F0E7012BA1
:10330000EDD140680028EAD004F10C010830FDF747
:1033100031FC054660680830FDF7D4FBE9E708B5E5
:1033200090F835303BB9806820B1FDF7EDFDB0FA7B
:1033300080F0400908BD012B06D140680028F9D073
:103340000830FDF7FBFBF2E70020F3E708B590F843
:1033500035303BB9806820B1FDF70AFEB0FA80F045
:10336000400908BD012B06D140680028F9D008307B
:10337000FDF7B2FBF2E70020F3E7FFFF38B50446A4
:10338000FFF7E4FF606838B10025237F0B4A242152
:10339000D55404F059FE6560A56875B10021237FFE
:1033A000074AA86CD15410B1202104F04DFE5021E1
:1033B000284604F049FE0023A36038BD40060020E3
:1033C0004206002010B50446FFF7D8FF204610BD86
:1033D00001F10C0303608B6803B1203343604B6839
:1033E00083607047836823B11868003018BF0120DC
:1033F000704740680028FBD08068F6E7F0B50446C7
:1034000085B00F46014601A81546FFF7E1FF2046AB
:10341000FFF7E8FF064610B12046FFF797FF00F0E0
:1034200057F82A4601A900F039F9054650B16777E7
:103430002EB12046FFF74CFF2046FFF770FF2846CD
:1034400005B0F0BDDF23A377F2E7FFFF0028A8BF98
:1034500000F160404FEA0111B8BF054BC9B2ABBFE4
:1034600000F5614000F00F0080F800131954704718
:1034700014ED00E00B4B00F1C00253F822106FF383
:10348000104143F82210012300F01F024009800080
:1034900000F16040934000F56140C0F88031036066
:1034A000704700BF006000400122430900F01F0088
:1034B00002FA00F0044A203342F82300BFF34F8F92
:1034C000BFF36F8F704700BF00E100E07047FFFF60
:1034D00038B50A4DD5E88F3F13F001040BD12846CB
:1034E00004F09DFD38B1064B28461C6004F0A3FD96
:1034F000044801F095FD024838BD00BF4C0600208D
:1035000050060020CD3401002AB901222F4BC031D2
:1035100043F821207047012A03D1C0312B4B0222EE
:10352000F6E7022A03D1C031284B0322F0E7032A31
:1035300003D1C031254B0422EAE7042A03D1C0316C
:10354000224B0522E4E7052A03D1C0311F4B062296
:10355000DEE7062A03D1C0311C4B0722D8E7072A31
:1035600003D1C031194B0822D2E7082A03D1C03158
:10357000164B0922CCE7092A03D1C031134B0A228A
:10358000C6E70A2A03D1C031104B0B22C0E70B2A31
:1035900003D1C0310D4B0C22BAE70C2A03D1C03144
:1035A0000A4B0D22B4E70D2A03D1C031074B0E227E
:1035B000AEE70E2A03D1C031044B0F22A8E70F2A31
:1035C000A8D1C031014B1022A2E700BF006000402B
:1035D00032B9C6221A4BC03143F82120012070476E
:1035E000012A05D1CF20164BC03143F82100F5E761
:1035F000022A03D1C031124BD822EDE7032A03D1AE
:10360000C0310F4BE122E7E7042A03D1C0310C4B54
:10361000EA22E1E7052A03D1C031094BF322DBE7B7
:10362000062A03D1C031064BFC22D5E7072A04D174
:10363000C031034B40F20512CEE70020704700BFB7
:103640000060004032B94022134BC03143F82120C2
:1036500001207047012A05D143200F4BC03143F8A8
:103660002100F5E7022A03D1C0310B4B4622EDE7DA
:10367000032A03D1C031084B4922E7E7042A03D1CA
:10368000C031054B4C22E1E7052A03D1C031024B82
:103690004F22DBE70020704700600040F8B50E467F
:1036A00001681B4B5F29054617469C682CD8336878
:1036B00093F91220213201D00120F8BD7268403404
:1036C00082B11A7CFFF784FF0028F5D00823326806
:1036D00053742B689374A7B90E4A44F8232001331E
:1036E0002B60EAE7B2688AB11A7CFFF7ABFF0028CB
:1036F000E2D00823326853742B6893740FB9064ADA
:10370000EBE744F82370EAE70020D6E71046D4E759
:1037100000ED00E09D1201009D0C01002AB9742209
:10372000054BC03143F821207047012AFCD1C0313C
:10373000014B7922F6E700BF006000402AB97322EE
:10374000054BC03143F821207047012AFCD1C0311C
:10375000014B7822F6E700BF006000402AB97522CD
:10376000054BC03143F821207047012AFCD1C031FC
:10377000014B7A22F6E700BF006000402AB97622AA
:10378000054BC03143F821207047012AFCD1C031DC
:10379000014B7B22F6E700BF0060004032B940F2E7
:1037A0008112144BC03143F821207047012A04D103
:1037B000C031104B40F28712F5E7022A04D1C03124
:1037C0000C4B40F28D12EEE7032A04D1C031094BB5
:1037D00040F29312E7E7042A04D1C031054B40F2CE
:1037E0009912E0E7092AE0D1C031024B40F2B7124A
:1037F000D9E700BF0060004032B94FF4C072144BEB
:10380000C03143F821207047012A04D1C031104B48
:103810004FF4C372F5E7022A04D1C0310C4B4FF4C8
:10382000C672EEE7032A04D1C031094B4FF4C972C6
:10383000E7E7042A04D1C031054B4FF4CC72E0E72E
:10384000092AE0D1C031024B4FF4DB72D9E700BF47
:103850000060004032B94FF4C172144BC03143F8DC
:1038600021207047012A04D1C031104B4FF4C4729B
:10387000F5E7022A04D1C0310C4B4FF4C772EEE7D2
:10388000032A04D1C031094B4FF4CA72E7E7042A76
:1038900004D1C031054B4FF4CD72E0E7092AE0D1E5
:1038A000C031024B4FF4DC72D9E700BF006000402A
:1038B00032B940F28312144BC03143F821207047D3
:1038C000012A04D1C031104B40F28912F5E7022AD7
:1038D00004D1C0310C4B40F28F12EEE7032A04D121
:1038E000C031094B40F29512E7E7042A04D1C031F8
:1038F000054B40F29B12E0E7092AE0D1C031024BB0
:1039000040F2B912D9E700BF006000402DE9F84F3E
:10391000B44B04469F68036815465F2B03D900200B
:1039200062B6BDE8F88F403772B6012940F090804A
:10393000002AF4D09368213340F08880036812682D
:103940001A445F2AEBD86A68DFF8B48247F823206C
:103950006D22C03348F8232090F90000FFF7A4FD42
:1039600094F900300C21C03358F823206FF3104233
:1039700048F8232094F90000FFF768FD94F900004F
:10398000FFF778FD236869685A1CAB60226047F82E
:1039900022106E22C13348F8232094F90000FFF76B
:1039A00083FD94F900300C21C03358F823206FF3C5
:1039B000104248F8232094F90000FFF747FD94F9DE
:1039C0000000FFF757FD236869685A1C226047F81A
:1039D00022106B22C13348F8232094F90000FFF72E
:1039E00063FD94F900300C21C03358F823206FF3A5
:1039F000104248F8232094F90000FFF727FD94F9BE
:103A00000000FFF737FD236869685A1C226047F8F9
:103A100022106C22C13348F8232094F90000FFF7EC
:103A200043FD94F900300C21C03358F823206FF384
:103A3000104248F8232094F90000FFF707FD94F99D
:103A40000000FFF717FD236801332360012067E7BB
:103A500002290DD1002A3FF462AF93682133F5D1DA
:103A60000068136818445F288CBF0020012057E7C6
:103A7000032911D1002A3FF452AF92F912302133B9
:103A8000E4D10E2353740168574B917447F82130E9
:103A9000127CFFF7D7FDD6E7042949D1002A3FF46D
:103AA0003EAF92F90730213331D101680B1D602BF5
:103AB0003FF635AF0C264D4BD171967147F821304A
:103AC0001278FFF76BFE0168494B013101606972A2
:103AD0002E7247F821302A78FFF7BCFE0168454B6B
:103AE0000131016069712E7147F821302A78FFF7A2
:103AF00083FE0168404B01310160AE72E97247F804
:103B000021302A78FFF7D4FE03680133036095F96A
:103B10000700FFF7AFFC95F90900FFF7ABFC95F93B
:103B20000500FFF7A7FC95F90B00FFF7A3FC8DE755
:103B3000002940F09480002A3FF4F1AE137A3BBB99
:103B4000126892F90D3021331ED10C2354211373C6
:103B500003685373294A47F82320294AC03342F89F
:103B600023102B68686893F90D101B7B01F16042EC
:103B70001B01DBB202F5614282F80033214B43F8AE
:103B800021002368013323602B6893F90D00CCE7F3
:103B9000012B39D1126892F90F3021331ED10C2339
:103BA000552193730368D373144A47F82320144AAA
:103BB000C03342F823102B68686893F90F109B7B81
:103BC00001F160421B01DBB202F5614282F8003371
:103BD0000C4B43F821002368013323602B6893F9D1
:103BE0000F00A2E700ED00E09D0C01009D1A01000E
:103BF000611C0100691B0100A11C0100B12F010023
:103C00000060004060130020022B7FF488AE126831
:103C100092F9113021331ED10C23562113740368FD
:103C20005374A84A47F82320A74AC03342F8231008
:103C30002B68686893F911101B7C01F160421B012D
:103C4000DBB202F5614282F80033A04B43F8210059
:103C50002368013323602B6893F9110065E7052978
:103C600073D1002A3FF45BAE0C231668737396F988
:103C70000F30213348D101680B1D602B3FF64FAE4A
:103C8000F1733278FFF74AFD4FF0C00A90F9003027
:103C9000DFF86C82DFF8349208EB030282F800A3AD
:103CA000016849F8236001312B680160B1731A780B
:103CB000FFF744FD90F9003008EB030282F800A3FF
:103CC000016849F8236001312B68016031741A786A
:103CD000FFF744FD90F9003008EB030282F800A3DF
:103CE000016849F8236001312B68016071741A780A
:103CF000FFF744FD90F90030984488F800A349F894
:103D0000236003680133036096F90F00704B714A1A
:103D100047F8203096F90E3047F8232096F91030F6
:103D20006D4A47F8232096F911306C4A47F8232052
:103D3000FFF7A0FB96F90E00FFF79CFB96F9100029
:103D4000FFF798FB96F91100EFE6062956D1002AF5
:103D50003FF4E5AD0C231668737396F90F302133E9
:103D600041D10168CB1C602B3FF6D9AD5C4BF173A0
:103D700047F821303278FFF711FD4FF0C00A90F973
:103D80000030DFF87C81DFF8449108EB030282F811
:103D900000A3016849F82360524B01310160B173FF
:103DA00047F821302B681A78FFF726FD90F900308C
:103DB00008EB030282F800A3016849F823604A4B2C
:103DC00001310160317447F821302B681A78FFF710
:103DD00041FD90F90030984488F800A349F8236029
:103DE00003680133036096F90F00FFF743FB96F970
:103DF0000E00FFF73FFB96F9100096E607294CD11D
:103E0000002A3FF48CAD40F60C4355682B8295F99F
:103E10000D30213320D101680B1D602B3FF67FADA3
:103E200069732A78FFF77AFC0168013101602A780A
:103E30002973FFF783FC0168013101602A78A973B7
:103E4000FFF78CFC0168013101602A78E973FFF704
:103E500095FC03680133036095F90D00234B244A58
:103E600047F8203095F90C3047F8232095F90E30AB
:103E7000204A47F8232095F90F301F4A47F823209E
:103E8000FFF7F8FA95F90C00FFF7F4FA95F90E0030
:103E9000FFF7F0FA95F90F0047E6082932D1002A1A
:103EA0003FF43DAD92F9023021337FF4CFAD0C23C6
:103EB00053700168114B917047F821301278FFF769
:103EC00023FBC0E5153001000060004060130020B6
:103ED000512401004523010025250100B9250100D9
:103EE000C11D0100A51D0100411F01007128010035
:103EF000892701000D29010079290100012A01000B
:103F000000E100E0092940F09980002A3FF407AD64
:103F1000566896F90230213340F0858003681A1DF7
:103F2000602A3FF6FCAC06222968287AB271BB4AA7
:103F3000B37047F8232028B940F2C515B84AC033FA
:103F400042F823504FF0060C96F90250B37905F170
:103F500060421B01DBB202F5614282F80033226845
:103F6000B04B43F82510551C256086F805C0DFF8D6
:103F7000D8C2757047F825C028B94FF4E27CA84D27
:103F8000C13245F822C096F901C072790CF1604542
:103F90001201D2B205F5614585F8002343F82C10D3
:103FA0004FF0060C2268551C256086F808C0DFF823
:103FB0009CC2357147F825C028B940F2C71C984DFE
:103FC000C13245F822C096F904C0327A0CF160453E
:103FD0001201D2B205F5614585F8002343F82C1093
:103FE0004FF0060C2268551C256086F807C0DFF8E4
:103FF00060C2F57047F825C028B94FF4E4758848C9
:10400000C13240F8225096F90350F27905F1604030
:104010001201D2B200F5614080F8002343F8251068
:1040200023680133236096F90200FFF723FA96F91B
:104030000100FFF71FFA96F9040076E50A297CD102
:10404000002A3FF46CAC566896F90230213365D1F2
:1040500001680B1D602B3FF662AC4FF0060B92F827
:1040600008A0714BD2F80090B17086F806B05246A5
:1040700047F82130FFF792FBB37996F902206B4D98
:104080001B01A918DBB281F800330168DFF89481C5
:10409000674B013148F8229001605246717086F8F2
:1040A00005B047F82130FFF7A7FB737996F9012097
:1040B0001B01A918DBB281F8003301685D4B0131A7
:1040C00048F8229001605246317186F808B047F8EE
:1040D0002130FFF7EDFB337A96F904201B01A91874
:1040E000DBB281F800330168534B013148F822906C
:1040F00001605246F17086F807B047F82130FFF7AB
:10410000A9FBF37996F903201B01DBB2154485F86E
:104110000033036848F822900133036096F90200E7
:10412000FFF7A8F996F90100FFF7A4F996F9040042
:10413000FFF7A0F996F90300F7E40B297FF4EFAB42
:10414000002A3FF4ECABD2E900150C232B7595F94E
:104150001530213356D10368DA1C602A3FF6DFABF5
:10416000364A6B7547F823202A6822B9A1202C4AC9
:10417000C03342F8230095F915002B7D00F1604211
:104180001B01DBB202F5614282F800332268254B45
:104190002B4E43F82010501C2060A87547F8206073
:1041A000286820B9A4261E48C13240F8226095F93B
:1041B00016602A7D06F160401201D2B200F561401E
:1041C00080F80023226843F826101E4E501C206001
:1041D000E87547F82060286820B9A5261048C13244
:1041E00040F8226095F917602A7D06F160401201BF
:1041F000D2B200F5614080F8002343F8261023680E
:104200000133236095F91500FFF734F995F916008D
:10421000FFF730F995F9170087E400BF952B0100EF
:1042200000600040601300207520010000E100E004
:10423000BD2001004D21010015210100952D010037
:10424000452E01002D2F0100212B01008D2C010096
:104250001D2C010008B53C220021024804F001FD9C
:1042600008BD00BF5406002070B500242646064D48
:1042700055F8240020B12C2103F0E6FE45F8246017
:1042800001340F2CF4D170BD54060020002070477B
:1042900001207047036840F213421B6A184790F8E8
:1042A0003D34002BFBD07047D0F82C322BB1D0F826
:1042B0002832184490F8240070474FF0FF307047C0
:1042C00013B5044690F8A8048DF80710002378B1C0
:1042D00084F83C34012284F83D340DF1070104F5E3
:1042E0008860FDF7E1F894F83C34002BFBD0012006
:1042F00002B010BD0023C0F82432C0F82832C0F844
:104300002C32C0F83034C0F83434C0F8383400F5FA
:104310008860FDF745B9036813B962B6BFF36F8FC4
:10432000704713B5EFF3108300930123019372B626
:10433000019B5A1E01923BB1D0F82C426846FFF710
:10434000EAFF204602B010BD6846FFF7E4FF4FF0D9
:10435000FF34F6E70268224B13B553F822304BB115
:104360000279042A0CD0802A06D0022A02D1012226
:1043700083F83D2402B010BD012283F83C24F9E704
:10438000D3F82C22B2F5007FF4D0007AEFF310823C
:1043900000920122019272B6019A013A511C19D081
:1043A000D3F82C12541EB1F5007F11D0D3F824128B
:1043B000194481F82400D3F824120131C1F3080113
:1043C000C3F82412D3F82C120131C3F82C12E4E7FD
:1043D0002246E3E768460192FFF79DFFCAE700BF68
:1043E0009006002013B5EFF310830093012301938F
:1043F00072B6019B5A1E0192E3B1D0F82C32B3B1D0
:10440000D0F82832034493F82440D0F828320133FE
:10441000C3F30803C0F82832D0F82C32013BC0F8AF
:104420002C326846FFF777FF204602B010BD4FF0F0
:10443000FF34F6E76846FFF76EFF4FF0FF34F3E70F
:1044400038B5044600254FF47A70A361C4E90150E1
:10445000049B1848C4E90412E361206029464FF424
:10446000007204F1240004F0FCFBC4F824524FF461
:104470000072C4F828522946C4F82C5204F50C7076
:1044800004F0EFFB0123C4F83054C4F83454C4F8EA
:10449000385484F83C3484F83D34DF2384F8A8543D
:1044A00084F8773484F8793484F8753484F87B346C
:1044B000204638BDE890010010B50C46FFF708F81B
:1044C0002246BDE810400421FFF720BAF0B5036989
:1044D00085B0002B044602DA002005B0F0BD426929
:1044E000002AF9DB8B42F7DA8A42F5DAD9B20022E8
:1044F000684602AE03F012FD0122217D304603F032
:104500000DFD002200213DF81250AB11002D45D0C9
:1045100036F81200002841D036F8110083EA9017CF
:10452000FF063BD103F01F0323620028D4D0092BE0
:10453000D2DC15F4F04F0CBF4FF080624FF0A06258
:1045400010F4F04F0CBF4FF080654FF0A065236969
:10455000164E42F4803236F833101548FCF724FF2B
:10456000636945F480352A4636F833101048FCF765
:104570001BFFA3695A1C0FD0E26901320CD036F838
:1045800033102A460A48FCF70FFFE3692A4636F83B
:1045900033100748FCF708FF01209EE7013103298B
:1045A000B4D10132032AADD196E700BFBC8F010020
:1045B000D81200202DE9F04104460E461546FBF7BF
:1045C00039FE01462046FFF781FF84F8A804002841
:1045D00000F0BD8094F891145E4B6FF3010184F8F4
:1045E00091141921A4F89214012184F895140F2133
:1045F000226A84F89C1443F8224094F890344FF6D1
:10460000FF7103F0E70343F040036FF3820384F884
:1046100090340023A4F89E14A16904F59267013137
:1046200084F8943484F89634C4F8987484F8A034E8
:1046300005D0E16901311CBF082184F8A01484F879
:10464000702404F29442C4F88C2440F213424FF6D2
:10465000FF71954284F8A23484F8A334A4F8A4141A
:10466000C4F88834C4F88034C4F87C343ED02DD8E3
:1046700040F21142954248D040F2124295424AD04F
:10468000354B04F58E68C4F8843441462046FFF764
:1046900013FF94F8A8340121184084F8A8043B467D
:1046A00040F6B8323046FDF74BF994F8931429B927
:1046B0003B4640F6B8323046FDF742F904F58865CE
:1046C00041462846FCF7AAFF78B3FEE740F23242A3
:1046D000954225D040F2334295420FD040F231430B
:1046E0009D42CDD1022384F871340AE0022284F87D
:1046F000723484F8712484F87334C1E7022284F898
:10470000712484F872340123F5E7022284F87124BD
:1047100084F87224EFE7022284F871240322F7E779
:10472000022384F871340323EBE739462846FDF76A
:10473000E7F800B1FEE7C4F82402C4F82802C4F880
:104740002C02C4F83004C4F83404C4F83804BDE8BA
:10475000F08100BF90060020554301004FF0FF3369
:1047600007B50022009301210248FFF769FE03B05C
:104770005DF804FBB80600200148FEF7E7BC00BF67
:10478000640B00200148FEF71DBE00BF640B002033
:10479000F8B5054600240126074FAA6C06FA04F373
:1047A000134205D007EB440261B22846FBF7B4FF81
:1047B00001341D2CF1D1F8BDA80B0020837870B511
:1047C000044683B90E4D2A68AAB103883BB90D4847
:1047D000FFF7DEFF2B682078BDE870401847012BFB
:1047E000F8D10948F4E7012B05D00A2B04D1074B77
:1047F0001B68002BEFD170BD0B2BFCD1044BF7E7EE
:104800009C0B0020E40B0020400C0020A00B00209B
:10481000A40B0020F0B5044685B0002841D0002349
:10482000012780F83230C1F38415836C07FA05F252
:104830001343836400F13001FBF79EFF04F148014C
:104840002046FCF767F804AE2046FBF759FF06F850
:10485000047D9DF80C30012B04D131462046FBF736
:1048600054FFF6E70DF10E0229462046FBF754FFF0
:1048700001210D4BBDF80E0093F83330052B96BF88
:104880000A4A0022D2560A4B01FA02F21B6801FAC8
:1048900003F300930023194600F086F980B205B0B7
:1048A000F0BD4FF0FF30FAE7E40B00201491010057
:1048B0001805002013B50A220C46C1B2684603F061
:1048C0002DFBBDF800205AB1064B074902F4F04019
:1048D000B0F5006F0CBF18460846228002B010BD2C
:1048E0001046FAE7400C0020E40B0020F0B501264A
:1048F00080F825600226C0E90F2300F1240300257B
:1049000040F60C4780F826604364DF264FF4C0531E
:1049100080F8245080F8275080F8285080F82950DB
:1049200080F82A6080F82B608785018680F83250F5
:1049300080F8335080F8345080F8355080F8366075
:1049400080F837600787C0E91255C0E91455A0F810
:104950005850A0F85A30F0BD10B50446406D10B163
:10496000142103F071FB204610BDFFFF37B504464C
:1049700000230D2898BF0E3402A921F8023D2046DD
:10498000FFF798FF0546074B4FF4004133F834001A
:1049900000F090FBBDF806102846FFF73BFF03B080
:1049A00030BD00BFBC8F0100042838B598BF104B44
:1049B000104C98BF1D5CA36888BF002513B120462A
:1049C000FBF778FF0C4984F828500C4CA1F130001B
:1049D000FBF7D2FEA36813B12046FBF76BFF084933
:1049E00084F82850A1F13000BDE83840FBF7C4BE80
:1049F0001A910100E40B0020140C0020400C002050
:104A0000700C0020FFFFFFFF2DE9F04D3C4B2DED1A
:104A1000028B93F82830192B6BD057D8012B62D01A
:104A2000022B63D0374CD4ED007AF5EE407AF1EEEC
:104A300010FA48D10FF2C00BDBE900AB0020FFF702
:104A4000B3FF052000F046FB0A259FED2F8ADFF813
:104A5000C0801420FFF78AFF07EE900AF8EEE77A8D
:104A600067EE887A17EE900A03F056FC52465B46D2
:104A700003F0AAFC06460120D8F800300F46984003
:104A800003F038FC02460B463046394603F0C6FDBB
:104A9000064620680F4603F03FFC02460B463046B0
:104AA000394603F0DBFA03F0A1FE013D07EE900A60
:104AB0002060CED1F2EE046A87EEA67A052084ED5E
:104AC000007AFFF771FF94ED000A08E01D2B04D077
:104AD0001F2BA7D1B0EE040A01E0B0EE000ABDEC36
:104AE000028BBDE8F08D9FED090AF8E79FED060AFD
:104AF000F5E7B7EE080AF2E7295C8FC2F5A8204077
:104B0000E40B00209C0C00203D0AB73F0000C07F52
:104B100018050020002130B5084B53F8144B8C4287
:104B200007D053F8042F92F82450A84202D0013144
:104B3000F5E7002202F1080030BD00BFA00C002004
:104B400038B500230D4C194622460D4D0D48FFF790
:104B5000CDFE002301210C48FFF7C8FE00242846A3
:104B6000214640F8044B142204F07BF850222146E1
:104B700005F1180004F075F838BD00BFBD4701000D
:104B8000A00C0020E40B0020400C002008B50448D5
:104B9000FFF7E2FEBDE808400248FFF7DDBE00BFB8
:104BA000400C0020E40B002010B5029C401AE41ACF
:104BB0006043521A90FBF2F0184410BD2DE9F04FFB
:104BC000027D85B0012A05460F4640F097800021FE
:104BD0004FF0FF3B04460B465E4694F804C048B2D3
:104BE000BCF1000F7CD194F805C0BCF1000F77D167
:104BF000B6F1FF3F0FBF012301335BB23046934252
:104C000001DD1A4683460131082904F1020465D109
:104C10000024A14602EB0B030293CB4502DC029B6E
:104C20004B4560DC6E7995F804A04FEA26180AF02F
:104C30000F035FFA88F25FEA2A1A019206F00F0664
:104C400077D05FFA8AF1BAF1090FCABF5731303114
:104C500049B23846039300F0D3F8039B0444092B70
:104C60008ABF03F1570103F1300149B2384603937B
:104C700000F0C6F80444BAF1000F04D1039B13B945
:104C8000B8F1000F0DD0019BB8F1090FD4BF03F1AB
:104C9000300803F157084FFA88F1384600F0B0F8B1
:104CA0000444092E8ABF573606F1300171B23846E6
:104CB00000F0A6F8B9F1070F044404D03A213846B1
:104CC00000F09EF8044409F10109B9F1080F05F15B
:104CD0000205A2D1204605B0BDE8F08F06467CE76C
:104CE0004FF0FF308FE7CB45EDD1BBF1000FE5D1A1
:104CF0003A21384600F084F80444DFE7002400F14C
:104D0000100600F1130916F8011B0A22384600F0BC
:104D1000A6F82E218046384600F072F8B14540448E
:104D20000444F0D10A22E97C384600F098F80444A3
:104D3000D0E7002B93D1A3E710B50446044B0175CF
:104D4000036010220021043003F08BFF204610BDC9
:104D500028910100F8B50F460021044616461D466D
:104D6000074B017503601022043003F07AFF9DF8B1
:104D7000183027746674A574E3742046F8BD00BF2C
:104D80002891010007B501210648FFF7D5FF002350
:104D9000054800931A461946FFF7DCFF03B05DF89B
:104DA00004FB00BF080D0020200D00202DE9F0417C
:104DB00006460D460C4601EB02084445A4EB0507E8
:104DC00007D0336814F8011B1B6830469847002849
:104DD000F3D13846BDE8F081036870B50446084653
:104DE0000D465E6804F042F82946024633462046E6
:104DF000BDE87040184709B1FFF7EEBF084670479D
:104E00000368C9B21B6818470023012A98BF0A2209
:104E100070B58AB00E460AA901F8043DB6FBF2F55A
:104E200002FB1564E3B264B2092CD4BF30333733CC
:104E30005BB22E4601F8013D002DEFD1FFF7DBFFFD
:104E40000AB070BD10B42AB90368C9B21B685DF816
:104E5000044B1847D2B25DF8044BFFF7D5BFFFF7FC
:104E6000F1BFFFFF4AF202520E4B0F49A3F8FE2397
:104E70000E4A11604FF42542A3F8FE2303F5E42304
:104E80001A886FF304121A80BFF34F8F0849094B39
:104E9000CA6802F4E0621343CB60BFF34F8F00BFD8
:104EA000FDE700BF00E001403581730700E50140E8
:104EB00000ED00E00400FA0573B5002504460E4637
:104EC00080F830500D22684603F028F8BDF8003015
:104ED00084F83860C3F38412636303F4F043B3F5DA
:104EE000006F2574E5746574A574657522750CD022
:104EF00004F11003A361064BE361064B2362064BEA
:104F00006362064BA362064BE362204602B070BDAB
:104F1000290D0100D50D0100A10D0100110E0100A8
:104F2000AD0D01000E210148FFF7C6BF380D00206E
:104F3000042911D8DFE801F0030C0A030E00002257
:104F4000064B33F830100020FCF72EBA1022F7E79A
:104F50000422F5E78422F3E7704700BFBC8F01000D
:104F6000044B0A1C18BF012233F830100020FCF754
:104F7000EFB900BFBC8F0100EFF31080012383F372
:104F80001088064B196819B9054AD1704021D170B3
:104F90001A6801321A6080F3108870475C13002091
:104FA000000D08401FB50320FBF766FB6FF0FF0202
:104FB000164BFF219A6401A80C2203F052FE012433
:104FC00000235A0904A901EB820203F01F0104FA2D
:104FD00001F052F80C1C013321EA0001602B42F869
:104FE0000C1CEED1019A0A4B0A491A600A4B0320A5
:104FF000C3F88022029A0A60C3F88422039A4A60A6
:10500000C3F88822FBF70EFB04B010BD00800040FF
:10501000708000407480004000E100E070477047FD
:105020000020704710B5002484F30A88FFF7BAFF08
:1050300072B6184B184A19481A6023461958D150AD
:105040000433402BFAD10023154C02F140011859CA
:10505000C8500433B3F5C07FF9D1124B9A60BFF347
:105060004F8F62B6FFF788FFFBF7F0F8FFF7CCFC35
:1050700002F00EFF4FF4E1310B4802F022FC00F089
:105080003BF8FFF7CCFFFBF7BBF8FFF7C7FFFBF7D9
:10509000BBF8FCE7740D002000FE012000000100B9
:1050A0004000010000ED00E01812002008B5FFF7F5
:1050B000B9FFFFFF0A4601460148FCF775B900BF7A
:1050C000D8120020024A136801331360704700BFF2
:1050D000B00D00200121FBF70FBA704770B50646EE
:1050E000044C256823685B1BB34202D2FFF7F5FF2F
:1050F000F8E770BDB00D002030B5164B87B0196AC7
:10510000154B0122039303230025CDE90123134B03
:1051100004951B68C1F302608340C1F30221CB40B8
:105120004FF4FA51B3FBF1F30D4C009329462B4693
:105130002046FEF717F82A4608212046FEF75EF9BA
:105140002046FEF7C5F8204607B0BDE83040FEF720
:10515000E6B800BF00E00140C55001001813002070
:10516000780D00200148FDF7F1BF00BF780D002049
:105170000148FEF727B900BF780D002070B500F197
:1051800010050446284600F01CFE3F2815D9E1789A
:10519000002001F0A3F880B1284600F012FE3F285D
:1051A000E17807D904F50A724023BDE87040002079
:1051B00001F0B0B8002001F09FF8002070BDFFFFA3
:1051C00010B5044600F04EFF08B9002010BD00F0F5
:1051D00051FF0028F9D14FF42A72034B02FB04342B
:1051E000207900F00100F1E7B40D002008B54FF47C
:1051F0002A73034A03FB0020103000F0BAFD08BDFB
:10520000B40D00204FF42A7370B558434FF6FE7664
:105210004FF6FF73B24288BF1A46064C92B2251869
:105220001030204400F0EEFD04462846FFF7A6FFAC
:10523000204670BDB40D00204FF42A73024A03FBD0
:105240000020103000F0F1BDB40D00202DE9F04138
:10525000054600F007FF10B90020BDE8F08100F01E
:1052600009FF07460028F7D14FF42A746C43174D05
:1052700004F11C062E44304600F07BFD0028EBD0E4
:1052800005EB040898F80210384601F027F80028CA
:10529000E2D004F51A74254429464022304600F035
:1052A000B1FD98F80210044658B103462A46384624
:1052B00001F030F838B9064B1B68DB07CCD500BECF
:1052C000CBE701F019F82046C7E700BFB40D002076
:1052D000F0ED00E070B54FF42A740D4B054604FB69
:1052E00000344FF6FF734FF6FE70824288BF1A46B5
:1052F0001C3492B2204600F0BFFD0646204600F066
:1053000038FD3F2802D92846FFF7A0FF304670BD80
:10531000B40D002008B54FF42A73034A03FB0020A4
:105320001C3000F04EFD08BDB40D002013B5134C29
:105330004FF42A720021204603F093FCFF2363718F
:105340004FF4E1330822A3600023A273A3810093EA
:1053500004F1280101234FF4807204F1100000F0E1
:10536000F1FC01234FF48072009304F5947104F171
:105370001C0000F0E7FC02B010BD00BFB40D00201F
:1053800010B50A4C00210522204603F06AFC04F106
:1053900010001C3400F076FD204600F073FD20461E
:1053A000BDE81040012100F072BD00BFB40D002027
:1053B000F7B54B790746022B03D00024204603B0F3
:1053C000F0BD8B79022BF8D11F4EB3787BBB8B7865
:1053D000092433700D780D4403E02B781C44A4B2EB
:1053E0001D446B78242B1BD19442F6D96B78042B87
:1053F00012D16B790A2B0FD1144B2E780193013304
:1054000000930223A9191A46384600F033FF70B101
:105410000E3416FA84F4A4B20B48FFF7AFFECDE7C2
:10542000052BE3D12946384600F000FF28B9084B88
:105430001B68DB07C1D500BEBFE7AB7873702B7864
:105440001C44A4B21D44D1E7B40D0020B60D0020C9
:10545000F0ED00E038B50B461146127802F060021C
:10546000202A47D1244A8C881578A54242D14C780D
:10547000203C032C3ED8DFE804F002141731012B46
:1054800005D107231D4A01F0DFFA012038BD032BA7
:10549000FBD11B4B002BF8D01849002002F004FB75
:1054A000F3E7012BF1D1ECE7012B02D101F0B2FAC5
:1054B000EBE7032BE9D14C881248E143147101F06A
:1054C000010100F0E4FC104B002BDED0C4F34002DD
:1054D00004F00101002002F0D3FAD6E7012BE5D059
:1054E000032BD2D1094B002BCFD04988002000E0FC
:1054F00000BFCAE70020C9E7B40D0020BC0D0020A2
:10550000A97A0100D00D0020817A0100000000007E
:105510002DE9F0471C46374B8046DA780F468A4221
:105520001D4607D09B788B4259D1AB78BB4234D013
:1055300001245BE003F50A7103F11000A2B200F050
:105540009BFC2D4B2BB92D4BFBB92A48FFF716FEC0
:10555000EBE795F905300133F5D005F2272606EB88
:105560000409A6F2172A4E45EDD095F9052016F844
:10557000013F9A42F7D1504600F00BFC0028F2D1CF
:1055800095F9051000E000BFEDE71D4800F001FCB3
:105590000028DAD100E000BFD7E71A4B13B1002092
:1055A00000E000BF0020FFF751FE0028C0D11648E0
:1055B00000F0DFFB0028BBD1002CB9D014F03F066F
:1055C000B6D1A978404600F089FE04460028AFD045
:1055D00033463246A978404600F09CFE06E00B4B6D
:1055E0001C6814F0010401D000BE00242046BDE870
:1055F000F08700BFB40D0020000000000000000094
:10560000C40D002000000000D00D0020F0ED00E0EF
:10561000704770478B79012B0AD1CB79012B07D1C9
:105620000B78CA185278212A04D1C85C0930704717
:105630000020704709207047012973B506461446BB
:105640002AD1137803F01F05012D11D113F0600347
:1056500008D152780B2A0BD1214601F0DBF92846FC
:1056600002B070BD202B03D153781BB1032B07D0A0
:105670000025F4E7114601F0CDF902F0CBF9EEE791
:1056800006220021684603F0ECFA06236A4621460A
:10569000304601F0D9F9E2E70125E0E78C2200214C
:1056A000014803F0DEBA00BF5C1000200020FFF7C5
:1056B000F5BFFFFF2DE9F7430E4673790746032B2D
:1056C000114604D00024204603B0BDE8F0833279AF
:1056D000C2EBC2041234A4B28C4205D9234B1B681E
:1056E000DA07EFD500BEEDE7214D95F801E0A846B9
:1056F000BEF1000FF2D196F800C006EB0C0191F854
:105700000190B9F1210FE9D1C5F8881016F80CC045
:1057100005F1010E0235CDF804E00095614400F07A
:10572000A9FD0028DAD0B37998F80210012B04BF44
:10573000F37988F80330012388F80430B37888F8C7
:105740000030D8F88830B3F80730A8F806300029C0
:10575000B9D04023074A384600F0DCFD0028B2D11A
:10576000024B1B68DB07AED500BEACE7F0ED00E0F6
:105770005C100020A410002013782DE9F341154699
:1057800003F01F02012A06460C4601D000246DE0FA
:10579000DFF8C081AA8898F80010D2B2914247463B
:1057A000F4D113F060031FD0202BEFD16B78013BB5
:1057B0000A2BEBD801A252F823F000BF2F580100AA
:1057C000F7580100035901008D5701008D57010062
:1057D0008D5701008D5701008D5701008958010038
:1057E000D35801000F590100012C01D001243DE0E4
:1057F0006A78062ACAD16A88120A212A0AD1D8F8F8
:105800008820002AC2D02946137802B0BDE8F041B2
:1058100001F01AB9222AB9D1184602F0A9F90246B4
:10582000B8F806302946304601F00EF91EE0012C8A
:10583000DCD1EB886988402B4FEA1122184628BF3B
:10584000402011F0FF0115D0012B13D90138384B3E
:10585000397280B20090002002F05CFB0444A4B2D4
:105860005CB9344B1B68DB0790D500BE204602B004
:10587000BDE8F0810024304BECE723462E4A294650
:10588000304601F0E1F8B1E7012C05D1EB88402B5F
:105890003FF67CAF294AC5E7032CA7D1EB8869887E
:1058A000402B4FEA1122184628BF402011F0FF017B
:1058B0000DD0012B0BD997F848308B4207D1013816
:1058C0001F4B80B20090002002F026FB8EE71B4B9E
:1058D000F8E7012C8AD169881A4B090A79712BB132
:1058E000002000E000BF00283FF450AF29463046BA
:1058F00001F090F87AE7012C7FF478AF2346124A42
:1059000090E7012C7FF472AF2346104A8AE7012CFE
:10591000ECD0032C7FF46AAF69880D4BC9B23971A2
:10592000002B3FF463AF002000E000BF5EE700BF44
:1059300065100020F0ED00E064100020A4100020AD
:10594000A510002000000000611000206010002061
:10595000000000005C10002037B51A4C0546A27804
:1059600060788A4213D088420AD1174A12B90120BE
:1059700003B030BD9AB21549002000E000BFF6E741
:10598000134B1B68DB0700D500BE0020F0E79042F8
:10599000EBD000229BB211461046009304F148035D
:1059A00002F0BAFA402304F14802A178284600F038
:1059B000B1FC0028DBD1064B1B68DA07E5D500BE39
:1059C000D6E700BF5C10002000000000641000203B
:1059D000F0ED00E00A4492B291424FEA400001D853
:1059E000824201DB121A92B21046704738B50D465A
:1059F000D41A8188A4B29A423CBF04EB4104A4B2F9
:105A0000BCB1A14205D2914294BF531A8B189BB2EC
:105A1000438199420AD9C2880168C2F30E0202FB8F
:105A20000311284603F012F9012038BD5B1A9BB21E
:105A3000EFE72046F9E7F7B50446900803460D4620
:105A40004FF6FF76013B9BB2B3420ED112F0030238
:105A500001EB800107D0002302A840F8043D03F0C9
:105A6000F5F8019B236003B0F0BD55F8047B276077
:105A7000E8E72DE9F3470F46BDF8281084885E1A41
:105A8000B6B28B423CBF06EB4406B6B280466EB35C
:105A9000B44206D226469C4294BF191BE11889B233
:105AA0004181964228BF16468C4223D9641AB8F821
:105AB0000630A4B2C3F30E03A6EB0409D8F80050D5
:105AC0009AB214FB03FA19FB03F902FB01559DF886
:105AD0002C101FFA8AFA01291FFA89F918D0A64258
:105AE0000BD829463846724303F0B0F8304602B06E
:105AF000BDE8F087091B89B2D6E7524629463846E9
:105B000003F0A4F84A46D8F8001007EB0A00EBE7C8
:105B1000A64207D8294616FB03F292B23846FFF791
:105B20008AFFE3E72AF00304A4B222462946384656
:105B3000FFF781FF1AF0030A27D0CAF104039BB2D2
:105B40004B4528BF4B4600202919A9EB030902AC9D
:105B50001FFA89F944F8040D0A5C0255421C92456B
:105B60000CD1D8F8001020440B44994208D1019B75
:105B70003B60B9F1000FB9D04A46CFE71046EBE7DA
:105B800011F8012B00F8012FEFE7D8F80010F0E72B
:105B9000F7B59408234605464FF6FF76013B9BB2C6
:105BA000B3420CD112F0030200EB840005D00B6865
:105BB00002A941F8043D03F049F803B0F0BD0F68B5
:105BC00045F8047BEAE72DE9F74F1446C2790589C9
:105BD0000F4641899B46D3090646ADB289B2B0F85B
:105BE000048015D18D4236BFC1EB4801691A4919AD
:105BF00089B241452EBF0021A8EB010189B28C4238
:105C000028BF0C46002C50D1204603B0BDE8F08FD1
:105C100044450CD3BBF1000F06D1C288A4EB0804A5
:105C2000C2F30E0202FB04770D464446EAE78D42BA
:105C30004FEA480036BF421A6A1A521992B22244F9
:105C40008242DFDBA8EB040292B24046FFF7C2FEBD
:105C50000546D7E7ACEB080C1FFA8CFCC445F9D21B
:105C6000A8EB0C01F08889B2C0F30E00A4EB010987
:105C700011FB00FA19FB00F9336882B2BBF1010F86
:105C80001FFA8AFA1FFA89F902FB0C3819D08C42E4
:105C90000DD839464046624302F0D8FF22462946D5
:105CA000B088FFF797FE3081AEE7AC46D6E75246A4
:105CB0003946404602F0CAFF4A4607EB0A013068FF
:105CC000EAE78C4207D814FB00F23946404692B20C
:105CD000FFF75EFFE2E72AF0030B1FFA8BFB5A4641
:105CE00039464046FFF754FF1AF0030A28D0CAF19C
:105CF000040080B2484528BF484600213A68A9EB15
:105D0000000902ABD8441FFA89F943F8042DCA5C94
:105D100008F8012001318A45F9D19A4433680AEB29
:105D200000015A1E514506D11844B9F1000FB5D0F3
:105D30004A463946CCE71AF801CB02F801CFF1E721
:105D40003068F2E7B2F5004F11D88280C288016056
:105D500063F30E029DF80030C280C2F3072263F3A2
:105D6000C7120023C27143810381012070470020C4
:105D700070470389428981889BB292B2934236BFB1
:105D8000C2EB41029B1A9B1898B2884228BF084672
:105D90007047028943899BB29B1A58425841704709
:105DA00003894289818892B29BB2934236BFC2EB8B
:105DB00041029B1A9B189BB299428CBF0020012084
:105DC00070478288038940899BB280B2834236BF84
:105DD000C0EB4200181AC01880B2824286BF101A67
:105DE00080B20020704710B5028943890446FFF74E
:105DF000FDFD6189034682B2A088FFF7EBFD60815B
:105E0000184610BD73B50026038945890446CDE9BF
:105E10000056FFF72EFE618903460246A088FFF771
:105E2000D9FD6081184602B070BD02894389FFF731
:105E3000DDBD70B5058904460E46ADB2FFF7B0FF73
:105E400010B1E079C00913D02B46A2889A4210D92C
:105E5000E2882068C2F30E0202FB0300314602F022
:105E6000F5FE01222946A088FFF7B4FD208101201C
:105E700070BD9B1A9BB2E9E712B10023FFF7A3BEE6
:105E80001046704700234381038101207047C37986
:105E900061F3C713C3710120704708B50346008939
:105EA0000A4601469888FFF795FD188108BD08B598
:105EB000034640890A4601469888FFF78BFD5881C2
:105EC00008BD70B505894389ADB29BB284889D42F7
:105ED00036BFC3EB4402EA1A521992B2944206D278
:105EE0002246AC4294BF2B1B63199BB243812AB953
:105EF000C1E900228A6070BD2D1BADB2AC42FBD956
:105F00009C420AD90068AB4200EB03064E6007D200
:105F100000230A804B808B60EDE71B1B9BB2EFE7F1
:105F2000E31A9BB2D21A0B804A808860E3E770B50F
:105F30000289448992B2A4B28588A24236BFC4EBDA
:105F40004503131B9B189BB29D4202D9EB1A9BB2CF
:105F500033B90023C1E900338B6070BD521B92B28C
:105F60009542FBD9A5420AD90068944200EB02068B
:105F70004E6007D90023A21A0A804B80ECE7641B0D
:105F8000A4B2EFE7AA1A92B29B1A0A804B808860EB
:105F9000E3E7FFFF0A4B1B78834206D9094B00EB6E
:105FA00040001B6803EBC00070479A1C8242A1BFEF
:105FB0001822C01A044B02FB0030B8BF0020704703
:105FC000EC100020E81000202C91010070B506466E
:105FD0000024124D2B78E0B20233834210DA3B22C8
:105FE00000210F4802F03DFE1022FF210D4802F073
:105FF00038FEBDE870401422FF210B4802F031BE8C
:10600000FFF7C8FF013428B9084B1B68DB0700D530
:1060100000BE70BD436830469847DBE7EC100020B7
:10602000ED100020F010002000110020F0ED00E045
:1060300070B50C4605461646086800F045FD236815
:1060400032462846BDE8704001211847044B1B78B2
:1060500010B1184600F068BF184600F07BBF00BFC3
:106060002C050020024B5878003018BF01207047E3
:10607000ED100020024B1878C0F38000704700BF7D
:10608000ED100020024B1878FF3818BF0120704730
:106090002C050020F8B51B4E05463278FF2A1FD18B
:1060A000194C3B220021194802F0DBFD201DFFF7AF
:1060B000E9FE174B1C60174B23B1174800E000BFE7
:1060C000164B18600024144F3B78E0B20233834231
:1060D00008DA2846357000F063FF284600F024FFF8
:1060E000012009E0FFF756FF013430B90C4B1B6863
:1060F00013F0010304D000BEF8BD03689847E3E73E
:106100001846F9E72C0500201C050020ED100020A2
:106110002811002000000000EC100020E8100020F2
:10612000F0ED00E0F0B5437885B0023B05460C4643
:10613000032B12D8DFE803F0026F242C0021374B29
:106140001A786FF300021A701A786FF341021A700E
:1061500059701A7861F382021A70314B1E6814B9B3
:106160003368204698472946301DFFF762FE0546F2
:1061700014B9336801209847002D46D005B0F0BD12
:10618000264B1A78D607F9D51A7842F00402E3E7CD
:10619000224A1378D807F1D513786FF3820313706E
:1061A000DBE7FFF7F7FE20B1436913B16968287890
:1061B000984701363B78F0B202338342F1DA174A4E
:1061C00013785907DAD513786FF38203137000231D
:1061D000CDF80630CDF80A30ADF80E302B788DF8BA
:1061E000043005238DF805300D4B1D6814B92B685C
:1061F0002046984701A9281DFFF71BFE064614B943
:106200002B6801209847002EB8D1064B1B68DB078E
:10621000B4D500BEB2E70026034FCBE7ED10002057
:1062200028110020F0ED00E0EC10002038B58B784C
:106230000C4603F07F03092B06D90B4B1B68DB07C9
:1062400000D500BE002038BD084B20461D78084B05
:10625000997801F0F1FA0028EFD021462846BDE8F0
:10626000384000F0EBBE00BFF0ED00E02C05002050
:10627000ED1000202DE9F0478046DDE908560C4678
:1062800091469A460027B94501DC01200CE063786D
:10629000052B04D1E17801F00301514508D00E4BE4
:1062A0001B68DA0702D40020BDE8F08700BEFAE7D9
:1062B00021464046FFF7BAFF28B9074B1B68DB07AA
:1062C000F1D500BEF0E7A1780137CB0914BF3170DA
:1062D000297023781C44D6E7F0ED00E0CB0901F0EB
:1062E0007F00273303EB400302480021184401F0EC
:1062F0007BBA00BFED100020CB0901F07F002733EF
:1063000003EB400302480021184401F084BA00BFA7
:10631000ED10002038B5154C01F07F0504EB450465
:1063200004EBD1142034E079C00707D5104B1B686B
:10633000DA0701D4002038BD00BEFBE7E5790D483F
:1063400045F001050078E57100F05CFF0028F2D10E
:10635000E37960F30003E371E37960F38203E371AF
:10636000034B1B68DB07E5D500BEE4E7ED1000201A
:10637000F0ED00E02C05002010B50C4C01F07F0280
:1063800004EB420404EBD11494F8273020349B072B
:106390000BD4074B187800F059FFE37943F0020360
:1063A000E371E37943F00103E37110BDED100020C8
:1063B0002C05002010B50C4C01F07F0204EB4204C8
:1063C00004EBD11494F8273020349B070BD5074BEE
:1063D000187800F067FFE3796FF34103E371E37925
:1063E0006FF30003E37110BDED1000202C050020B9
:1063F0002DE9F04FBB4B89B01B78FF2B00F09B823F
:10640000B94B00201D682C4654F8043B98472046A1
:1064100005A9FFF7E8FC04462B6801209847002CEB
:1064200000F089829DF81530013B072B00F2B08205
:10643000DFE813F008001300AE028C029B021F007D
:106440005A02A7029DF81400FFF7C0FD00F034FBCC
:106450009DF81820A54B9A70D2E79DF81400FFF71D
:10646000B5FD00F029FBA24B002BC9D000E000BF16
:10647000C6E79E4C002023789DF8145043F001039A
:10648000237094F827306FF3000384F8273094F8D2
:1064900027306FF3820384F8273094F828306FF3A5
:1064A000000384F8283094F828306FF3820384F8CE
:1064B000283000F009FB9DF8187007F06008B8F16B
:1064C000600F0FD18B4B1B68DC0700D500BE9DF819
:1064D0001400002100F0BAFE80219DF8140000F0A5
:1064E000B5FE8DE7B8F1400F0DD183480028EED0FE
:1064F00000F0EAFA06AA0121284600E000BF0028C1
:106500007FF47EAFE3E707F01F07012F00F09581CE
:1065100019D3022FD6D19DF81C1001F07F06092E49
:10652000D0D804EB460606EBD116F07CFFF732FD1F
:106530008146B8F1000F00F0AC810028C7D006AA50
:1065400000F10C010FE0B8F1200F10D19DF81C30C4
:106550000F2BBCD81C44E078FFF71CFD0028B6D0F8
:1065600006AA00F10C012846FFF762FDC7E7B8F163
:10657000000FA7D19DF81930092BA3D801A252F81A
:1065800023F000BF2368010011680100C564010009
:10659000FD670100C5640100AD6501003D670100B4
:1065A000C5640100C7650100DB65010006A800F0B5
:1065B00091FA9DF81A10284600F0E6FC237843F083
:1065C000020323701CE7637808AA02F80E3D01233A
:1065D00006A9284600F038FA12E79DF81A90637869
:1065E000994531D063783BB1284600F0F1FDA6789B
:1065F0002846FFF7EBFCA670B9F1000F00F0988079
:1066000009F1FF30C0B201F0C1FA10B14378022B9A
:1066100006D0384B1B68DF077FF554AF00BE51E74B
:10662000C2792378511161F30413921162F3451377
:106630002370438800F10906C3180293029BB342FA
:1066400009D82E4B002B70D184F8019006A928465A
:1066500000F0E0F9D4E673780B2B02BF337896F89C
:106660000380F618737818BF4FF00108042BD0D1BF
:10667000029B9B1B9BB2039300230193204B9DF82D
:1066800004701B780233BB4225DB3846FFF782FCDF
:1066900083460028BDD08368039A31462846984730
:1066A000082882463ED9039B83423BD3B8F1010FB1
:1066B00006D1DBF80820134B9A4208BF4FF00208BE
:1066C0000022D3B2434521D331463B4652460E48C1
:1066D00001F0E2F856440A4B1B7802339F42ADDDCD
:1066E00097E700BF2C05002028110020ED100020A6
:1066F00000000000F0ED00E00000000000000000DD
:10670000EC100020B153010000110020B1780132DB
:106710000B44A34951FA83F3D978FF297FF479AF69
:10672000DF70CEE7019B0133A7E700E000BF8BE7F6
:106730009C4B002B88D000E000BF85E7BDF81A0015
:10674000030A5A1EC0B20E2A3FF6C1AE01A151F88B
:1067500022F000BF91670100BB670100DB67010009
:10676000CF640100CF640100EF670100BB67010047
:10677000CF640100CF640100CF640100CF64010049
:10678000CF640100CF640100CF6401009B6701006A
:1067900001F0E6F9122302460AE0834B002B3FF496
:1067A00096AE00E000BF024600283FF48BAE43885F
:1067B00006A9284600F048F9A1E6022B06D101F00F
:1067C000E5F900283FF47EAE4388E4E7774B002BE1
:1067D0003FF47DAE00E000BFF3E7BDF81C1001F010
:1067E0000FFB024600283FF472AE0378E0E7704BDF
:1067F000002B3FF46CAE00E000BFF2E7BDF81A30AA
:10680000012B7FF464AE237843F0080323701DE767
:10681000BDF81A30012B7FF45AAE23786FF3C3030F
:10682000F4E72378C3F340129B0803F002031343F9
:1068300008AA22F80E3D0223CAE69DF81C300F2B51
:106840003FF645AE1C44E078FFF7A4FB00283FF478
:106850003EAE00F10C0106AA2846FFF7E9FB00282E
:106860007FF4CEAD9DF8183013F060047FF42FAEA6
:106870009DF819300A3B012B3FF629AE00F024F9B0
:106880009DF819300A2B7FF4E1AE08AA02F80E4DEC
:106890009DE69DF81930012B03D01DD3032B7FF407
:1068A00011AEBDF81A2022B9012B284619D1FFF7E5
:1068B00081FDB9F1000F3FF4A3AD06AA09F10C0167
:1068C0002846FFF7B5FB002000F0FEF894F82830CA
:1068D000DE073FF595ADB9E696F82730C3F34003E0
:1068E000A6E7FFF749FDE4E79DF818102C4B01F0EF
:1068F0007F0403EB440303EBD11393F827006FF3FA
:10690000000083F8270093F827006FF3820083F8D4
:1069100027003CB9079B9DF819209DF8140000F052
:10692000E5F86DE5D87CFFF735FB38B9214B1B68DE
:10693000D80700D500BE09B0BDE8F08F0469079BF9
:106940009DF819209DF81400A04759E5144B1A78BA
:10695000D1077FF555AD184A002A3FF451AD18789C
:10696000C0F3C00000E000BF4AE50D4B1B78DA071A
:106970007FF546AD114B002B3FF442AD00E000BF68
:106980003EE5069B002B3FF43BAD0798984737E563
:10699000084B1B68DB077FF533AD00BE30E500BF59
:1069A000ED100020000000000000000000000000CA
:1069B00000000000F0ED00E000000000000000001A
:1069C000124B70B59989DA8905468C1AA4B293F9ED
:1069D0000000402C28BF4024002809DA914212D040
:1069E000996822460A4802F031F98021084A04E0F9
:1069F00091424FF00001F9D1002223462846BDE81C
:106A00007040FFF787BC8021F6E700BF2C11002003
:106A10004011002030B40B4C0546234608680A4656
:106A2000496803C30023C4E9023392F900202846D1
:106A300030BC9A42A8BF80211A46B8BF1946FFF75A
:106A400069BC00BF2C110020F8B5194D0C462E462C
:106A5000074608684968AA6003C60021E981E18801
:106A60008B4228BF0B46AB8179B143B13AB9114B88
:106A70001B68DA0701D40020F8BD00BEFBE73846EA
:106A8000FFF79EFF68B10120F6E794F900300A464F
:106A9000002B38460B46ACBF80210021FFF73AFCA3
:106AA000F0E7044B1B68DB07E5D500BEE4E700BF59
:106AB0002C110020F0ED00E014220021014802F02A
:106AC000D0B800BF2C110020014B1861704700BFE7
:106AD0002C1100200146044A00681346496803C38C
:106AE0000023C2E9023370472C11002070B5304CEE
:106AF0001E462378C909B1EBD31F054616D03EB117
:106B00002C4B1B68DA0701D4002070BD00BEFBE7E8
:106B1000294B13B1214600E000BF23690BB90120C6
:106B2000F3E7234A032128469847F8E794F9003011
:106B3000002B06DBA0680028E6D032461F4902F091
:106B400085F8A368E28933443244A360E38892B2B3
:106B50009342E28101D03F2E25D82369A3B994F94D
:106B600000302846002B4FF00003A8BF80211A46B2
:106B7000B8BF1946FFF7CEFB0028D0D10D4B1B68DC
:106B8000DB07C1D500BEC0E70221094A2846984765
:106B900001460028E3D1284600F058FB8021284612
:106BA00000F054FBBBE72846FFF70AFFE4E700BF0D
:106BB0002C110020F0ED00E000000000401100204A
:106BC000034630B58518EC1A012C09D86FF0010383
:106BD000540803FB042212B110F814300B7030BDBE
:106BE00033F8024B0C80EEE7F0B5154685B00F4642
:106BF00001A90646FFF765F9BDF804403946AC42E5
:106C000028BF2C462D1B22460298ADB2FFF7D8FFB5
:106C100055B1BDF8063003989D4228BF1D462A464F
:106C2000FFF7CEFF2C44A4B221463046FFF73FF9D0
:106C300005B0F0BD2DE9F843174B8146DC881F46AF
:106C400034B901201C705C709C70DC70BDE8F88366
:106C5000B0F85E80254608F07F08444528BF4546C9
:106C60004DB11E685B7A00F11401DB072A463046FD
:106C70000DD5FFF7B9FF454538BF4FF40043A4EBEE
:106C8000050438BFA9F82230FC800020DEE72E443E
:106C9000FFF796FF3E60EEE78011002070B50446D6
:106CA000BDF81050FAB14FF484602084208C860621
:106CB000FCD51748467A858061F300064672C58088
:106CC000EDB10360BAB1B4F86030DB0B03D0B4F8B7
:106CD00054301B060CD40F4B186810F0010001D083
:106CE00000BE002070BD0284208C8006FCD4E0E74A
:106CF0002046FFF79FFF0120A4F86000F2E705237C
:106D0000057045708570C570A4F860300120E9E712
:106D100080110020F0ED00E02DE9F84F0C23314EFA
:106D2000054603FB0163B3F806800C46B8F1000F7B
:106D300017D131B101F1370235F812305904FBD4C3
:106D400004E0294B1B68D80700D500BE0C235C4328
:106D5000002301203219335553709370D370BDE86E
:106D6000F88F8BB243F480620285A0F86430B0F8EB
:106D70006CA01FFA8AFA2B8D03F00F039C42FAD104
:106D80006B8D9A04FCD5D045474628BF574687B13E
:106D90004FF00C0B0BFB04FB06EB0B0353F8089BAB
:106DA00005F118015B783A46DB07484613D5FFF733
:106DB0001BFF57453CBF4FF400436B8500232B85D9
:106DC000288D10F00F00FBD10C2303FB0464A8EB0B
:106DD0000707E780C3E7B944FFF7F2FE46F80B90D8
:106DE000E7E700BF80110020F0ED00E02DE9F84357
:106DF000DFF8D4C0D7098E4602F07F020CEB0711F2
:106E00000A4492F878100446BDF8205041B92D4B41
:106E1000186810F0010001D000BE0846BDE8F883F4
:106E20000C224A430CEB020696F809904CF802300B
:106E30006EF3000986F80990B580F580BFB11DB1E9
:106E4000FFF76AFF0120E9E78BB20385238D03F08A
:106E50000F039942FAD1638D9E04FCD54FF4004391
:106E6000638500232385238D1D07FCD1EAE74B1E94
:106E7000042BE7D801F1230610EB8603E2D08AB297
:106E8000A0F8642000EB4101B0F86C20B1F86E006E
:106E900092B2800718BFA1F86E7014F82600002087
:106EA000154404F82600013D587895FBF2F50120C1
:106EB00058705D805A7842F002025A70A1F86E0054
:106EC000ACE700BFF0ED00E0801100207FB5144674
:106ED0000E4601A90546FFF72AF8BDF80410029AEC
:106EE000A14228BF21460B4613F1FF3313D2641A87
:106EF000A4B25CB1BDF80620944228BF14462346D4
:106F0000039A13F1FF330AD2214489B22846FEF7CF
:106F1000C4FF04B070BD307802F8010BE4E73078AC
:106F200002F8010BEDE7FFFF084B03EBC0004268DE
:106F300053B2002B08DB012102F01F0201FA02F21A
:106F400003495B0941F82320704700BF300500204A
:106F500000E100E00A4B03EBC000426853B2002B93
:106F60000DDB012102F01F0201FA02F25B09054963
:106F7000203341F82320BFF34F8FBFF36F8F70474B
:106F80003005002000E100E07047FFFF034B53F89D
:106F90003020138843F01003138070473005002021
:106FA000012138B51E4C1F4B626800F10B05A9404A
:106FB00053F8303022EA010262601A8842F480629B
:106FC0001A801A885205FCD51A8840216FF34512A1
:106FD0001A801A886FF386121A801A8842F001020A
:106FE0001A800522C3F8F020D3F800246FF30412AE
:106FF000C3F80024B3F85E2061F30602A3F85E2014
:107000000022A3F840204FF45D421A8601225A87DD
:10701000DA86B3F840301B0601D5FFF7B7FF38BD5D
:107020000040084030050020034B53F830301A88E8
:107030006FF304121A807047300500202DE9F84FD5
:10704000CE78B1F804A006F00306012E8046CAF3FC
:107050000A0A04D1BAF5807F06D900205FE0022E2B
:1070600004D066D8012E6FD13E4B0CE03D4B93F817
:107070002C20002A55D093F83820002A53D093F8BA
:107080004420002A51D01A7D002A50D093F8203095
:10709000002B59D10224344B324A53F838700C2358
:1070A000897803FB04234FEAD1194FEA091501F04F
:1070B0007F0B2A445A441972404682F87840FFF701
:1070C00049FFA3B2A7F864304FF4407307EB4402C2
:1070D000A7F86CA0A2F86E300023022EA2F86E3042
:1070E00045EA0B0337D143F485439BB2A7F86830D8
:1070F000012303FA04F4A4B284F4FF715940A7F801
:107100004610F98E0C43FC86B9F1000F01D1022E16
:1071100001D0A2F86E304046FFF706FF0120BDE81F
:10712000F88F0324B7E70424B5E70524B3E7012467
:10713000B1E706240C220B4B02FB0430007A002836
:10714000A9D001340A2CF7D1084B186810F00100BF
:10715000E5D000BE81E7032E0CBF43F4004343F4A7
:107160004243C2E78011002030050020F0ED00E02E
:1071700070B50124144B01F07F0653F83050C90953
:10718000124B09015A18324492F87820E88E944044
:1071900020EA0400E8869AB102F1370405EB4404C2
:1071A0000020208094B2A5F864400C2404FB023235
:1071B0000B443344A5F8680083F87800107270BD62
:1071C00005F16004ECE700BF3005002080110020CD
:1071D000F8B505460A24FFF7BDFE0C27084E013C12
:1071E00004D12846BDE8F840FFF79EBE07FB0463C4
:1071F000197A0029F3D02846FFF7BAFFEFE700BF5E
:10720000801100202DE9F3410C46174698460E4B9D
:10721000054653F83060FFF79DFE14F07F01CDF86E
:1072200000803B4622460AD13046FFF737FD044630
:107230002846FFF779FE204602B0BDE8F081002124
:107240003046FFF7D3FDF2E73005002038B5134B89
:1072500011F07F02054653F830401BD0CB0910498E
:1072600001EB0311114491F878309BB1373304EBF3
:1072700043048CB12846FFF76DFE2388284603F0AF
:10728000030343F00203238002232380BDE8384038
:10729000FFF74ABE6034ECE738BD00BF3005002080
:1072A000801100201A4B2DE9F04111F07F080746AC
:1072B0000E4653F8305016D0164ACB0902EB031392
:1072C000434493F8784074B1373405EB4404ECB18F
:1072D0003846FFF73FFE4FF480732380F30905D053
:1072E000012323800DE005F16004F0E7094B4344DE
:1072F00093F87830A5F86430B5F868309B0B012B13
:10730000EED13846BDE8F041FFF70EBEBDE8F08192
:107310003005002080110020C14A2DE9F04F52F8BD
:1073200030408BB0B4F840700546BFB2FB4363F405
:1073300078439BB217F4004FA4F84030904606D033
:10734000B4F840301E0640F1AB80FFF71FFE780412
:1073500013D500260523012107A88DF81D30CDF88F
:107360001E60CDF82260ADF826608DF81C50FEF747
:10737000D9FE238E66F34D332386B90416D5238EAA
:107380009A0413D500260323012107A88DF81D3088
:10739000CDF81E60CDF82260ADF826608DF81C5047
:1073A000FEF7C0FE238E66F34D332386FB040AD519
:1073B00007F07003402B7CD075D8102B00F08E8026
:1073C000202B00F0F280380534D5F90740F10F8109
:1073D00058F83530B3F8402012072BD54FF48042CF
:1073E0005A84B3F8542005A9ADF81420B3F85620F8
:1073F00008A8ADF81620B3F85820ADF81820B3F857
:107400005A20ADF81A204FF6F772A3F84020002357
:10741000CDF81E30CDF82230ADF8263006230822F4
:107420008DF81C508DF81D3001F010FC012107A8CB
:10743000FEF778FE7E051ED50026B4F84A30A4F883
:107440004A60D80717D558F83500FFF7F3FB90B11D
:107450000722744B01219B888DF81D20802207A8EC
:10746000CDF81E60ADF822608DF81C508DF82020FC
:107470000993FEF757FEF9050FD5E38EB4F84620C1
:107480004FF00C0B13400093DB43664E9BB2A4F805
:107490004630009B002B40F0C9800BB0BDE8F08F58
:1074A000FFF7C2FD53E7602B03D0702B01D0502BA8
:1074B00089D10023CDF81E30CDF82230ADF826302A
:1074C0000423012107A88DF81D308DF81C50FEF70C
:1074D00029FE238E43F40053238674E7012358F8D2
:1074E00035607387F3864FF48043738400233385BC
:1074F000338D13F00F03FBD1B385B28D12F00F0261
:10750000FBD101234FF4007E4FF4807C06F1700123
:1075100006F190001FFA83F90133062BA6F8649058
:10752000A6F86820A1F800E021F8022B20F804CB8F
:10753000F0D100214FF4007006F17A021FFA83FCAB
:1075400001330A2BA6F864C0A6F86810108022F850
:10755000021BF3D198220021324801F082FB3389CB
:1075600003F00703022B15D0032B1CD0012B13D1E2
:1075700000220121CDF81E20CDF82220ADF82620D2
:107580008DF81C508DF81D108DF8203007A8FEF7DF
:10759000C9FD18E70023EBE7234B1B68DE077FF5E7
:1075A00012AF00BE0FE70223E2E758F83530B3F818
:1075B000503013F07F033FF406AFADF816300023D0
:1075C0004FF4A0620693CDF81E30CDF82230ADF80E
:1075D00026300623ADF8142005A9082208A88DF846
:1075E0001C508DF81D3001F031FB0121CEE717F062
:1075F00007037FF41FAF58F835200721128CCDF810
:107600001E3012F0200F14BF80220022ADF822306D
:107610008DF81C508DF81D108DF82020099305E77A
:107620003005002080110020F0ED00E0009B58F8AC
:10763000354093FAA3F7B7FA87F70BFB07631A7A7B
:10764000D2090ED039462046FFF766FB002840F0ED
:107650009C80012303FA07F7009B23EA07030093AA
:1076600017E7002F62D0DB880193BBB22385A4F813
:107670006430B4F86C309BB2228D02F00F02974256
:10768000FAD1628D9204FCD5628DC2F30B029A424C
:1076900028BF1A460292DDE901218A4228BF0A4624
:1076A00092460BFB0762D2F80090BAF1000F0AD0A5
:1076B000527AD0072BD5524604F11801484603935D
:1076C000FFF704FC039B534584BF4FF4804262855F
:1076D00000222285228D1107FCD10BFB0762019944
:1076E0005345A1EB0A01D18003D8DDE90123934280
:1076F000AFD300230BFB07F1B9EB030006EB01024C
:10770000735418BF012053709370D3709EE749469D
:10771000524612F1FF3205D20BFB07F209EB0A01C8
:10772000B150D0E7207E01F8010BF2E7B4F85EA07B
:10773000628C0AF07F0AC2F30B02524528BF524600
:10774000F38801929A4228BF1A46914652B1727A42
:107750003068D20731D54A4604F114010293FFF78D
:10776000B5FB029BCA4584BF4FF480426284A3EB01
:107770000902CA45F28003D8019A9A42FFF469AF20
:10778000002333707370B370F3700BFB0762938840
:10779000117AD28807A89B1A0022CDF81E20ADF8D6
:1077A000222007228DF8201001218DF81C508DF821
:1077B0001D200993FEF7B6FC4BE701464A4612F13D
:1077C000FF3202D248443060CCE794F814C001F88C
:1077D00001CBF4E7024B03EBC0004160704700BFF0
:1077E00030050020FEF74EBC037813F0010310D1E2
:1077F0000278C2F3800262B9037813F0010308D162
:107800000278530705D4037843F004030370012082
:107810007047002070470378C3F380034BB10278B0
:1078200012F0010105D1027861F38202027018465C
:10783000704700207047FFFF8388C078C3F30A03B6
:1078400000F00300022812D01BD801280DD1022914
:1078500040F2FF3208BF4FF480629A420DD20D4BC6
:10786000186810F0010008D000BE002070470229FF
:1078700004D1B3F5007FF2D101207047402BEED840
:10788000FAE702290CBF4FF4806240229A42E6D305
:10789000F2E700BFF0ED00E030B50A44914200D3BA
:1078A00030BD4C78052C06D18C7804F07F0500EBB8
:1078B0004505E4092B550C782144EFE70368DB69A3
:1078C0001847037C0BB9012303747047704713B545
:1078D000026802AB03F8011D546819460122A04753
:1078E00002B010BD007C10B10020FDF77FBC7047D6
:1078F000007C10B10020FDF70DBD7047037C13B173
:107900000020FDF7A3BC704707B5007C38B10DF12E
:1079100007010020FDF790FC20B19DF8070003B09F
:107920005DF804FB4FF0FF30F9E7704710B50446EF
:107930000020FDF745FC00B9607C10BD037C07B555
:1079400013B94FF0FF3012E0FFF7F0FF0028F8D036
:107950000020FDF74BFC0028F3D001220DF10701B8
:107960000020FDF74FFC0028EBD09DF8070003B086
:107970005DF804FB037C2DE9F0418846174623B3EC
:10798000FFF7D4FF08B30020FEF760FB3D4600245C
:10799000FDB10020FDF7BEFC30B90120FEF756FB1B
:1079A0000020FDF753FCF3E7A842024608EB040170
:1079B00028BF2A460020FDF78DFC06460120FEF771
:1079C00045FB1EB13444AD1BEAE700242046BDE868
:1079D000F0813C46FAE7FFFF38B5037C04460BB95B
:1079E000002038BD4FF0FF300021FEF701FD20469A
:1079F000FFF79CFF0028F3D0054D2C78002CF0D029
:107A00000A20FDF76BFB002320462B70E9E700BF3F
:107A1000380500204AF20252154B30B51549A3F83B
:107A2000FE23154A8BB011604FF42542A3F8FE23C4
:107A300006238DF81430052301248DF81530032317
:107A400005A901A88DF816308DF817308DF818406B
:107A50008DF81940FBF7F4FA054601A8FBF718FB6F
:107A6000064B0E2D1C7000D1FEE70BB030BD00BFE1
:107A700000E001403581730700E50140401200201D
:107A8000064B1970064B1A70064B1B68B3F5966FC0
:107A900002D109B9FDF7E6B9704700BF30120020E6
:107AA000311200202C1200200B680A4A487913601A
:107AB000094AB3F5966F10600879084A8979106011
:107AC000074A116004D1074B1B780BB9FDF7CAB9FF
:107AD000704700BF2C1200203C12002038120020FA
:107AE000341200203012002000224FF47A71044B2F
:107AF000C3E9012103491A7419605A74704700BF21
:107B0000181200207C91010010B501F1080400F06A
:107B10000F02D3B2092ACCBF3733303304F8013D0A
:107B2000A1424FEA1010F2D110BDFFFF08B5EFF3EC
:107B30000383103B094A5BB2C03352F82310002084
:107B40006FF3104142F82310FFF7E6FBBDE8084051
:107B500000214FF0FF30FEF74BBC00BF006000403B
:107B60000023024803714371837170473905002077
:107B7000002307B50448019310B101A800E000BF3D
:107B800003B05DF804FB00BF00000000014B186863
:107B9000704700BF441200202DE9F04F934BA3B073
:107BA0001E689846002E40F01C8140243146224633
:107BB0000DF1460001F055F840F60833ADF84430B9
:107BC00002238DF847308DF848308DF849308DF814
:107BD00052308DF873308DF8823040F2014340F21C
:107BE0000122ADF85E304FF40973ADF8502040F239
:107BF0000452ADF8603040F20253ADF854208121B8
:107C00002422ADF8623040F224638DF856208DF8BE
:107C10006A10774A082116920722ADF864304FF4B3
:107C200011638DF86C100A218DF868208DF87F2083
:107C3000822201254FF0050940F2094B4FF0030A5B
:107C4000ADF86E304FF482736A4F8DF874106A4944
:107C5000002F1E918DF8812031464FF00E020DF15C
:107C600016008DF87C408DF88340ADF8703014BF5D
:107C700002240024ADF84CB08DF85C508DF869906A
:107C80008DF86BA08DF880908DF8675000F0E9FFBB
:107C9000FE238DF8193009238DF81D3021238DF82E
:107CA0001E300D238DF81F30E8238DF8203010236F
:107CB000002F8DF823300CBF3B462B468DF8164025
:107CC0001C444E4BADF814B08DF81A508DF81B5073
:107CD0008DF81C908DF821A08DF824508DF825503A
:107CE000E4B20196002B7FD001A800E000BF17226C
:107CF00000210DF12A0000F0B4FF40F20943ADF875
:107D0000283040F20133ADF82C3021238DF8323089
:107D100011238DF8333042F20123ADF8363040F2B2
:107D20000753ADF83A3040F28333ADF83C3040238E
:107D30008DF83E300A238DF84030019B4FF0000A49
:107D40008DF838301B0A8DF8393040F209234FF096
:107D50000909ADF80830C023002F14BF5D264E4638
:107D6000554514BF1922524601218DF80F30FA23D0
:107D700016448DF82A4030462C448DF831908DF809
:107D800034108DF80EA08DF80D108DF810308DF890
:107D90000A608DF80BA08DF80C4000F047FFC8F882
:107DA0000000F0B13246514600F05BFFD8F80040C9
:107DB0004A4602A9204600F049FF04EB09005FB1E2
:107DC000422211A900F042FF122205A904F14B0042
:107DD00000F03CFF04F15D001DB119220AA900F07A
:107DE00035FF23B0BDE8F08F1D4680E74412002028
:107DF000200105242B790100070502020000000084
:107E000070B51E4C064694F900309BB91C4D2146B6
:107E10002868FFF779FE04F108016868FFF774FE2F
:107E200004F11001A868FFF76FFE04F11801E8687B
:107E3000FFF76AFE5EB940F20942124B5A800123F5
:107E4000013310485B0043F44073038070BD052E7E
:107E500012D801220C4B0B4C53F82610013911F9A2
:107E6000010F531EDBB20028EAD024F812000132C1
:107E7000212AF4D12023E3E70020E7E78A1200203B
:107E80009081000148120020A89101007047FFFF77
:107E90001FB5FFF7A7FC044690BBFFF7F7FF4AF2B8
:107EA00002531849A1F8FE33174B5A6822F40062B6
:107EB0005A605A6822F480525A604FF42543A1F860
:107EC000FE3304230193114B02936FF020030393BD
:107ED000FBF7FEFA01AA0121FBF718FD03992046E2
:107EE000FFF778FCFFF758FE2046FEF7D3F8F8F7C7
:107EF000A3F9074AB2F8CC3043F08003A2F8CC30A3
:107F000004B010BD00E00140004008402D7B01009E
:107F100000000940002070477047FFFFF8B50026B9
:107F20000F4604461546068046808680F8F782F99B
:107F3000874216D83346304901EBC7014868F2B290
:107F400030F812101DB901F03E020A2A04E0012D9A
:107F500009D101F03E02082A0BD00A0406F10106FD
:107F6000EDD52046F8BD022D08D101F03E02042ACD
:107F7000F1D15A1C24F81310D3B2EEE7032D04D12B
:107F800001F03E02062AE0D1F3E7042D02D101F010
:107F90003A02E0E7052D02D101F03A02D5E7062DBD
:107FA00003D101F03E02102AD6E7072D05D101F0DA
:107FB0003E02122ADDD0182ACEE7082D03D101F0A7
:107FC0003E02022AC8E70A2D03D101F03E02142A1C
:107FD000C2E70B2D03D101F03E021C2ABCE70C2D99
:107FE00003D101F03E021A2AB6E70D2DB5D101F0FA
:107FF0003E021E2AB0E700BFBC8F010010B500286A
:1080000014BF04460124204600F010FE30B900F0F1
:1080100015F808B900F0FCFD8047F4E710BD0368CF
:10802000DB0706D4437803B1FFDE01234370184613
:10803000704700207047012303607047014BD3E86D
:10804000AF0F7047CC12002000F000B800F0F6BD72
:1080500081F0004102E000BF83F0004330B54FEAF9
:1080600041044FEA430594EA050F08BF90EA020F66
:108070001FBF54EA000C55EA020C7FEA645C7FEAF9
:10808000655C00F0E2804FEA5454D4EB5555B8BF1C
:108090006D420CDD2C4480EA020281EA030382EA8D
:1080A000000083EA010180EA020281EA0303362D1F
:1080B00088BF30BD11F0004F4FEA01314FF4801CF2
:1080C0004CEA113102D0404261EB410113F0004F04
:1080D0004FEA03334CEA133302D0524263EB4303BB
:1080E00094EA050F00F0A780A4F10104D5F1200E59
:1080F0000DDB02FA0EFC22FA05F2801841F10001B4
:1081000003FA0EF2801843FA05F359410EE0A5F187
:1081100020050EF1200E012A03FA0EFC28BF4CF0B8
:10812000020C43FA05F3C01851EBE37101F000456E
:1081300007D54FF0000EDCF1000C7EEB00006EEB7B
:108140000101B1F5801F1BD3B1F5001F0CD3490805
:108150005FEA30004FEA3C0C04F101044FEA44525C
:1081600012F5800F80F09A80BCF1004F08BF5FEAE3
:10817000500C50F1000041EB045141EA050130BDC3
:108180005FEA4C0C404141EB010111F4801FA4F166
:108190000104E9D191F0000F04BF01460020B1FABB
:1081A00081F308BF2033A3F10B03B3F120020CDAF3
:1081B0000C3208DD02F1140CC2F10C0201FA0CF0D1
:1081C00021FA02F10CE002F11402D8BFC2F1200C36
:1081D00001FA02F120FA0CFCDCBF41EA0C019040EC
:1081E000E41AA2BF01EB0451294330BD6FEA040435
:1081F0001F3C1CDA0C340EDC04F11404C4F1200220
:1082000020FA04F001FA02F340EA030021FA04F331
:1082100045EA030130BDC4F10C04C4F1200220FA88
:1082200002F001FA04F340EA0300294630BD21FAC6
:1082300004F0294630BD94F0000F83F4801306BF8C
:1082400081F480110134013D4EE77FEA645C18BF80
:108250007FEA655C29D094EA050F08BF90EA020F17
:1082600005D054EA000C04BF1946104630BD91EA0F
:10827000030F1EBF0021002030BD5FEA545C05D112
:108280004000494128BF41F0004130BD14F5800451
:108290003CBF01F5801130BD01F0004545F0FE41C5
:1082A00041F470014FF0000030BD7FEA645C1ABFFA
:1082B000194610467FEA655C1CBF0B46024650EA31
:1082C000013406BF52EA033591EA030F41F400215D
:1082D00030BD00BF90F0000F04BF0021704730B5E3
:1082E0004FF4806404F132044FF000054FF00001B8
:1082F00050E700BF90F0000F04BF0021704730B579
:108300004FF4806404F1320410F0004548BF40424D
:108310004FF000013EE700BF42004FEAE2014FEAA2
:1083200031014FEA02701FBF12F07F4393F07F4F7D
:1083300081F06051704732F07F4208BF704793F080
:108340007F4F04BF41F40021704730B54FF4607493
:1083500001F0004521F000411CE700BF50EA010296
:1083600008BF704730B54FF000050AE050EA01023F
:1083700008BF704730B511F0004502D5404261EBAF
:1083800041014FF4806404F132045FEA915C3FF4F0
:10839000D8AE4FF003025FEADC0C18BF03325FEA8D
:1083A000DC0C18BF033202EBDC02C2F1200300FA3E
:1083B00003FC20FA02F001FA03FE40EA0E0021FA63
:1083C00002F11444BDE600BF70B54FF0FF0C4CF451
:1083D000E06C1CEA11541DBF1CEA135594EA0C0F03
:1083E00095EA0C0F00F0DEF82C4481EA030621EA3E
:1083F0004C5123EA4C5350EA013518BF52EA033579
:1084000041F4801143F4801338D0A0FB02CE4FF02A
:108410000005E1FB02E506F00042E0FB03E54FF05A
:108420000006E1FB03569CF0000F18BF4EF0010E52
:10843000A4F1FF04B6F5007F64F5407404D25FEA4E
:108440004E0E6D4146EB060642EAC62141EA555101
:108450004FEAC52040EA5E504FEACE2EB4F1FD0C43
:1084600088BFBCF5E06F1ED8BEF1004F08BF5FEAC1
:10847000500E50F1000041EB045170BD06F0004673
:1084800046EA010140EA020081EA0301B4EB5C0420
:10849000C2BFD4EB0C0541EA045170BD41F4801118
:1084A0004FF0000E013C00F3AB8014F1360FDEBF3D
:1084B000002001F0004170BDC4F10004203C35DA19
:1084C0000C341BDC04F11404C4F1200500FA05F39C
:1084D00020FA04F001FA05F240EA020001F000423D
:1084E00021F0004110EBD37021FA04F642EB0601B3
:1084F0005EEA430E08BF20EAD37070BDC4F10C04DD
:10850000C4F1200500FA04F320FA05F001FA04F2A0
:1085100040EA020001F0004110EBD37041F100018C
:108520005EEA430E08BF20EAD37070BDC4F1200597
:1085300000FA05F24EEA020E20FA04F301FA05F2FF
:1085400043EA020321FA04F001F0004121FA04F2A7
:1085500020EA020000EBD3705EEA430E08BF20EA77
:10856000D37070BD94F0000F0FD101F000464000B1
:1085700041EB010111F4801F08BF013CF7D041EA33
:10858000060195F0000F18BF704703F00046520037
:1085900043EB030313F4801F08BF013DF7D043EA08
:1085A0000603704794EA0C0F0CEA135518BF95EABE
:1085B0000C0F0CD050EA410618BF52EA4306D1D145
:1085C00081EA030101F000414FF0000070BD50EA64
:1085D000410606BF1046194652EA430619D094EAEE
:1085E0000C0F02D150EA013613D195EA0C0F05D1D8
:1085F00052EA03361CBF104619460AD181EA03012C
:1086000001F0004141F0FE4141F470014FF00000E3
:1086100070BD41F0FE4141F4780170BD70B54FF07E
:10862000FF0C4CF4E06C1CEA11541DBF1CEA1355FE
:1086300094EA0C0F95EA0C0F00F0A7F8A4EB0504E0
:1086400081EA030E52EA03354FEA013100F08880D7
:108650004FEA03334FF0805545EA131343EA1263A0
:108660004FEA022245EA111545EA10654FEA002655
:108670000EF000419D4208BF964244F1FD0404F50E
:10868000407402D25B084FEA3202B61A65EB03056A
:108690005B084FEA32024FF480104FF4002CB6EB27
:1086A000020E75EB030E22BFB61A754640EA0C00A7
:1086B0005B084FEA3202B6EB020E75EB030E22BFE7
:1086C000B61A754640EA5C005B084FEA3202B6EB28
:1086D000020E75EB030E22BFB61A754640EA9C00E7
:1086E0005B084FEA3202B6EB020E75EB030E22BFB7
:1086F000B61A754640EADC0055EA060E18D04FEA75
:10870000051545EA16754FEA06164FEAC30343EA14
:1087100052734FEAC2025FEA1C1CC0D111F4801FE1
:108720000BD141EA00014FF000004FF0004CB6E7DA
:1087300011F4801F04BF01430020B4F1FD0C88BF79
:10874000BCF5E06F3FF6AFAEB5EB030C04BFB6EB84
:10875000020C5FEA500C50F1000041EB045170BD77
:108760000EF0004E4EEA113114EB5C04C2BFD4EBA4
:108770000C0541EA045170BD41F480114FF0000E28
:10878000013C90E645EA060E8DE60CEA135594EAA4
:108790000C0F08BF95EA0C0F3FF43BAF94EA0C0FA7
:1087A0000AD150EA01347FF434AF95EA0C0F7FF41C
:1087B00025AF104619462CE795EA0C0F06D152EA70
:1087C00003353FF4FDAE1046194622E750EA410654
:1087D00018BF52EA43067FF4C5AE50EA41047FF465
:1087E0000DAF52EA43057FF4EBAE12E74FEA4102C8
:1087F000B2F1E04324BFB3F5001CDCF1FE5C0DD9FF
:1088000001F0004C4FEAC0024CEA5070B2F1004F48
:1088100040EB830008BF20F00100704711F0804F4B
:1088200021D113F13872BCBF01F00040704741F410
:1088300080114FEA5252C2F11802C2F1200C10FA14
:108840000CF320FA02F018BF40F001004FEAC123F8
:108850004FEAD32303FA0CFC40EA0C0023FA02F39C
:108860004FEA4303CCE77FEA625307D150EA013372
:108870001EBF4FF0FE4040F44000704701F0004042
:1088800040F0FE4040F40000704700BF7BB972B971
:108890000029BEBF00204FF0004106E008BF0028BD
:1088A0001CBF6FF000414FF0FF3000F0AFB9ADF1E9
:1088B000080C6DE904CE002909DB002B1ADB00F05F
:1088C00035F8DDF804E0DDE9022304B070474042EA
:1088D00061EB4101002B1BDB00F028F8DDF804E020
:1088E000DDE9022304B0404261EB4101524263EBF7
:1088F00043037047524263EB430300F017F8DDF87F
:1089000004E0DDE9022304B0404261EB410170471D
:10891000524263EB430300F009F8DDF804E0DDE9BF
:10892000022304B0524263EB430370472DE9F04742
:108930008C46089D04468A46002B4AD18A42174637
:1089400062D9B2FA82F64EB1C6F1200E01FA06F3F0
:10895000B740B44020FA0EFE4EEA030A4FEA174829
:10896000230C1FFA87F9BAFBF8FE08FB1EAA0EFBC0
:1089700009F243EA0A439A420BD9FB180EF1FF3180
:108980002CBF012000209A4202D9002800F02A8141
:108990008E469A1AA3B2B2FBF8F008FB102200FB35
:1089A00009F943EA0244A14507D93C1900F1FF3314
:1089B00002D2A14500F210811846A4EB090440EA56
:1089C0000E4000211DB1F4400023C5E90043BDE87D
:1089D000F0878B4208D9002D00F0F2800021C5E914
:1089E000000C0846BDE8F087B3FA83F100294ED1A8
:1089F0006345C0F0E880824240F2E5800846002DE1
:108A0000E5D0C5E9004AE2E702B9FFDEB2FA82F634
:108A1000002E40F099808B1A4FEA124E1FFA82F80E
:108A200001214FEA144CB3FBFEF20EFB123008FB9F
:108A300002F94CEA004CE14508D917EB0C0C02F1A5
:108A4000FF3302D2E14500F2CA801A46ACEB090CB2
:108A5000A3B2BCFBFEF00EFB10CC08FB00F843EA0F
:108A60000C44A0450ED93C1900F1FF332CBF4FF048
:108A7000010C4FF0000CA04503D9BCF1000F00F031
:108A8000A8801846A4EB080440EA02409AE7C1F126
:108A900020048B4002FA01FE0CFA01F6E24020FAB3
:108AA00004F72CFA04FC00FA01F813433E431F0CB0
:108AB000320C1FFA83F9BCFBF7F007FB10CC00FB6C
:108AC00009FA42EA0C4CE24508D913EB0C0C00F110
:108AD000FF3202D2E24500F289801046ACEB0A0C6C
:108AE000B6B2BCFBF7FA07FB1ACC0AFB09F946EA57
:108AF0000C42914506D99A180AF1FF3601D29145E8
:108B00007AD8B2464AEA0040A2EB0902A0FB0E67FF
:108B1000BA42B446B94602D307D1B04505D2B6EB46
:108B20000E0C67EB030301389946002D6BD0B8EBB0
:108B30000C0362EB090202FA04F4CB40CA400021A4
:108B40001C43C5E9004242E7B740C6F1200201FAE2
:108B500006F3B44021FA02FC4FEA174E20FA02F263
:108B60001FFA87F8BCFBFEF11A430EFB11CC01FB88
:108B700008F0130C43EA0C4C604507D917EB0C0CBA
:108B800001F1FF3301D2604533D81946ACEB000C3C
:108B900092B2BCFBFEF00EFB10CC00FB08F342EAE5
:108BA0000C4C634507D917EB0C0C00F1FF3201D2D6
:108BB000634525D81046ACEB030340EA014130E79A
:108BC0002946284603E7841A6CEB030301209A46E2
:108BD00015E702383C4455E702383C44EDE6023ADA
:108BE000BC4433E7AEF1020E3B44D2E602389C446B
:108BF00074E70239BC44C9E7AAF1020A1A4481E7C2
:108C00000238BC44D7E72946E1E600BF704700BF01
:108C100008B5062000F00EF9012000F041F9FFFF31
:108C2000014B1868704700BF4C050020024B0146FD
:108C3000186800F06DB800BF4C050020024B0146DB
:108C4000186800F017B800BF4C050020431E0A4406
:108C500010B5914200D110BD11F8014B03F8014F3E
:108C6000F7E702440346934200D1704703F8011B23
:108C7000F9E7FFFF38B50546002945D051F8043C17
:108C80000C1F002BB8BFE41800F0F8F81F4A136857
:108C9000104633B9636014602846BDE8384000F0E0
:108CA000EEB8A3420CD921686218934202BF1A6839
:108CB0005B685218636008BF22600460ECE71346EB
:108CC0005A680AB1A242FAD919685818A0420BD1C1
:108CD00020680144581819608242DDD1106852683A
:108CE00001445A601960D7E702D90C232B60D3E7FF
:108CF000206821188A4202BF116852680918626010
:108D000008BF21605C60C7E738BD00BFD0120020FB
:108D100070B5CD1C064625F0030508350C2D38BF6F
:108D20000C25002D01DBA94203D90C233360002060
:108D300070BD00F0A3F8214A1468214691B9204C77
:108D400023681BB9304600F03DF8206029463046C4
:108D500000F038F8431C24D10C233046336000F077
:108D60008EF8E4E70B685B1B18D40B2B0FD9CC18DB
:108D70000B60CD50304600F082F804F10B00231D4B
:108D800020F00700C31AD3D05A42E250D0E78C42F9
:108D90004B681ABF63600C461360EBE70C464968EA
:108DA000CCE7C41C24F00304A04205D0211A3046AD
:108DB00000F008F80130CFD02560DBE7D0120020AA
:108DC000D412002038B50023054C05460846236020
:108DD000F7F778FC431C02D1236803B12B6038BD40
:108DE000A81500201F2938B504460D4604D91623BE
:108DF00003604FF0FF3038BD426C12B152F82130A1
:108E00004BB9204600F030F82A4601462046BDE81E
:108E1000384000F017B8012B0AD0591C03D1162393
:108E200003600120E7E70024284642F825409847E0
:108E30000020E0E7024B01461868FFF7D3BF00BFF0
:108E40004C05002038B50023064C0546084611465F
:108E5000236000F01DF8431C02D1236803B12B608E
:108E600038BD00BFA815002000F00AB8034613F86B
:108E7000012B002AFBD1181A013870477047704740
:108E8000024B58224FF0FF301A607047A81500209F
:108E9000024B58224FF0FF301A607047A81500208F
:108EA000FEE700BF4275696C7420776974682052D0
:108EB000656E6573617320416476616E63656420DD
:108EC000466C657869626C6520536F667477617271
:108ED00065205061636B6167652076657273696FA9
:108EE0006E20342E302E3000342E302E3000000014
:108EF00000000004F8B500BFF8BC08BC9E467047EF
:108F0000F8B500BFF8BC08BC9E46704714008281CB
:108F10005400C28194008280D48114829405520945
:108F200044008200090051080C805405520146009B
:108F300042000B0057080E8014051C009208110017
:108F40008B081080D4041A00920017805208420047
:108F5000098052000280128812801208578A1A0073
:108F6000520051004B0A4E801C005208C20097006C
:108F7000490A4C80D20002019100510A5080D20867
:108F800051088B80120904001100510A5080128090
:108F9000120982018900578A120142018B80D2890D
:108FA000D20142821404928054049208C2024B8877
:108FB0009404D208020349881E0054820103000071
:108FC000908F010002030000988F0100050100004E
:108FD000528F0100040100004C8F010003010000CA
:108FE000448F010002010000388F010006010000DB
:108FF000568F010007010000588F01000403000094
:10900000A08F0100030300009E8F01000C010000EF
:109010007E8F0100090100005E8F01000A0100003F
:10902000688F01000B010000748F01000E0000002A
:10903000B88F0100000000000C8F0100010000004B
:10904000108F010002000000148F010001010000D8
:109050002A8F0100000100001C8F010000050000A4
:10906000A48F01000C000000188F01000D0000000B
:109070001A8F010001050000A88F01000205000001
:10908000B08F0100080100005A8F010000030000AA
:109090008E8F010004020000848F01000100020095
:1090A000080010000A0900000A0900003F0B000038
:1090B0000403010C00091408111C101918FF060004
:1090C000080010001800200040006000800000012F
:1090D0008001000200040008FFFF00FF010203FFFF
:1090E0000000000000000000C1420100AD4D010081
:1090F0008D4201009F42010023430100E54301002E
:10910000A942010095420100B5450100F542010068
:10911000914201000C0A080E101802191D1F01FFD0
:109120000000000000000000BD4B01002D530100B5
:1091300081530100B1530100555401001155010044
:1091400000000000AD5601009D560100B55601001B
:109150007957010059590100000000001156010023
:109160001356010015560100395601000000000099
:10917000000000000000000000000000CF780100A7
:1091800075790100F1780100FD780100E5780100B2
:109190003D79010009790100C3780100BD78010023
:1091A000CD780100D9790100D0910100C091010072
:1091B000C89101008A120020D1910100DA910100CA
:1091C00041726475696E6F00564B205241344D32C6
:1091D0000043444320506F7274004446552D52544E
:1091E00020506F72740000000000000000000000BA
:1091F000000000000000000000000000000000006F
:10920000000000000000000000000000000000005E
:10921000000000000000000000000000000000004E
:10922000000000000000000000000000000000003E
:10923000000000000000000000000000000000002E
:10924000000000000000000000000000000000001E
:10925000000000000000000000000000000000000E
:1092600000000000000000000000000000000000FE
:1092700000000000000000000000000000000000EE
:1092800000000000000000000000000000000000DE
:1092900000000000000000000000000000000000CE
:1092A000000000000000FFFF0000000000000000C0
:1092B00000000000000000000000000000000000AE
:1092C000000000000000000000000000000000009E
:1092D000000000000000000000000000000000008E
:1092E000000000000000000000000000000000007E
:1092F000000000000000000000000000000000006E
:0C93000000000000000000000000000061
:109314004FF42A4110B500204FF49644104BB3F893
:109324008420A3F8841092B2B3F8841089B289B966
:10933400012A0ED14DF60111A3F84410094BA3F8EC
:109344000421B3F8042192B2002AFAD10122A3F82D
:10935400002110BD002C08BF4FF4FA70013CE3E774
:1093640000E07F4000C001404FF49643B32282B036
:1093740001930C4B1A700C4AD2F880301B0408D5A8
:10938400137C40F2F51013F0100F08BF002002B058
:109394007047019B1BB1019B013B0193ECE7142037
:1093A400F5E700BF00007E4000E07F404FF49643A5
:1093B400502282B001930C4B1A700C4AD2F88030C0
:1093C4001B0408D5137C40F2F51013F0100F08BFEE
:1093D400002002B07047019B1BB1019B013B01932C
:1093E400ECE71420F5E700BF00007E4000E07F407A
:1093F40038B5436805461A7842B193F9110000F074
:1094040003FA6B6893F9130000F0FEF90C4BB3F800
:1094140084309BB213B9281D00F0EEF9FFF7A4FFC6
:109424000446FFF7C3FF002C08BF0446FFF770FF94
:10943400002385F834309C4218BF204638BD00BF55
:1094440000E07F4070B52026846A0B4D0B4B21440D
:109454001C632E70D0262E708162016B013901636A
:109464001AB9002070BD2AB1013AD3F8801009045A
:10947400F9D5F6E71420F5E700007E4000E07F40D0
:10948400F7B50546144622B9436893F9110000F074
:10949400BBF9E822EB6A2048490803631F4B002606
:1094A4001A70CAB21A701A46B1420FD1D02313707F
:1094B40064BB01226B6893F91130590903F01F034F
:1094C40002FA03F3164A42F8213023E02B69019390
:1094D400AB6A1F881780D0F880707F0509D40233E7
:1094E400AB62EB6A01360233EB622B6B013B2B63FD
:1094F400DAE7019F07F1FF3CCDF804C0002FEAD161
:10950400142003B0F0BD002CFAD0013CD0F8803018
:109514001B04F8D50020F4E700E07F4000007E4003
:1095240000E100E010B50E4B1C7CE40609D5D3F82D
:109534008040640402D51C7C00241C7440F2F514A1
:1095440000E00024D3F880300B4218BF144620B941
:109554000CB1FFF709FF204610BD0446F9E700BF30
:1095640000E07F4013B58369104A019311634021E1
:109574000F4B104C197008211970002134F8110098
:10958400013108291880F9D1D0211970D2F880301E
:109594001B0402D5002002B010BD019B1BB1019B2E
:1095A400013B0193F2E71420F5E700BF00E07F40A0
:1095B40000007E40080500206FEA415110B56FEAB3
:1095C40051514FF6FF74074B42EAC03242F4F04265
:1095D4001C805C80DA8099801C815C819C81DC81A8
:1095E40010BD00BF080500204FF4964307B5019352
:1095F400436801461A7842B193F9110000F004F966
:109604004B6893F9130000F0FFF84FF459420C4BE8
:10961400A3F844204AF60122A3F88420B3F8842056
:1096240092B2012A03D1002003B05DF804FB019A31
:109634001AB1019A013A0192F0E74FF4FA70F3E794
:1096440000E07F4038B50546FFF7CEFF044668B119
:10965400204638BD6CB9AA6880212846FFF710FF60
:1096640018224FF4A041FFF75DFF04462B6B002B3B
:10967400F0D1FFF74DFE002C08BF0446E8E738B5EB
:10968400816202630546FFF7AFFF044650B9012229
:10969400114BA3F8E0202B6B33B9FFF739FE002CF4
:1096A40008BF0446204638BD002CF6D1D5E907236F
:1096B400A96A2846B1F5803F2ABF1A464FF40051E3
:1096C4004FF40041FFF7BEFE19224FF4C041FFF7EB
:1096D40029FF0446DFE700BF00E07F402DE9F041A9
:1096E400104B0646D3F8DC500F469046FFF77CFF3C
:1096F400ED0F044698B94FEA5832790B2846FFF724
:109704005BFF09493046FFF72DFF21461822FFF77A
:1097140009FF0446FFF7FCFD002C08BF0446204661
:10972400BDE8F08100E07F4030A10001F8B50646B5
:109734000D461746FFF758FF044650B95FB1124B68
:1097440045F4CC45A3F8E850FFF7E2FD002C08BF30
:1097540004462046F8BD1022FF210C4800F044F8CE
:1097640047F6FF7215F0010F4FF6FF7318BF13464B
:10977400064A07493046D380FFF7F4FE21461822F3
:10978400FFF7D0FE0446DFE700E07F400805002035
:1097940030A10001F8B506460F461446FFF724FF32
:1097A400D8B9104B4FF0FF321D46BCB91A500430E3
:1097B4001028FAD114B1EA891443EC814AF2501109
:1097C4003046FFF7CFFE18220021FFF7ABFE044618
:1097D400FFF79EFD002C18BF2046F8BD39581950DC
:1097E400E5E700BF0805002001B40248844601BC37
:1097F400604700BF638C010001B40248844601BC89
:10980400604700BFF930010001B40248844601BC3E
:10981400604700BFA1300100FFFF0000000000000E
:1098240000000000000000000A0000004D6001007C
:10983400E814002010000C0000000000FF000000ED
:10984400000009400A0000000112010002020201A6
:10985400400912010000010102030100500500202B
:1098640000000000C8920100E8920100A8920100E3
:1098740000000000000000000000000000000000E4
:1098840000000000000000000000000000000000D4
:1098940000000000000000000000000000000000C4
:1098A40000000000000000000000000000000000B4
:1098B40000000000000000000000000000000000A4
:1098C400E5010100554201005D47010079470100AF
:1098D400414B0100854D0100254F010065510100F8
:1098E400E97A0100C10101006942010085470100D4
:0898F4008D4B010071510100D0
:04000003100002E9FE
:00000001FF
