:020000021000EC
:1000000000FE0120E902010069050100E50201008E
:10001000E5020100E5020100E5020100E502010040
:10002000000000000000000000000000E5020100E8
:10003000E502010000000000E5020100E502010008
:1000400000000000000000000000000000000000B0
:1000500000000000000000000000000000000000A0
:100060000000000000000000000000000000000090
:100070000000000000000000000000000000000080
:100080000000000000000000000000000000000070
:100090000000000000000000000000000000000060
:1000A0000000000000000000000000000000000050
:1000B0000000000000000000000000000000000040
:1000C0000000000000000000000000000000000030
:1000D0000000000000000000000000000000000020
:1000E0000000000000000000000000000000000010
:1000F0000000000000000000000000000000000000
:1001000000000000000000000000000000000000EF
:1001100000000000000000000000000000000000DF
:1001200000000000000000000000000000000000CF
:1001300000000000000000000000000000000000BF
:1001400000000000000000000000000000000000AF
:10015000000000000000000000000000000000009F
:10016000000000000000000000000000000000008F
:10017000000000000000000000000000000000007F
:10018000000000000000000000000000000000006F
:10019000000000000000000000000000000000005F
:1001A000000000000000000000000000000000004F
:1001B000000000000000000000000000000000003F
:1001C00010B5054C237833B9044B13B1044800E053
:1001D00000BF0123237010BD0806002000000000AE
:1001E000C893010008B5034B1BB10349034800E065
:1001F00000BF08BD000000000C060020C8930100ED
:1002000001211B2004F0F4BE08B501211B2004F0DD
:1002100007FFFA2004F0C2FF1B20002104F000FFBA
:10022000BDE80840FA2004F0B9BF08B504F09EFF0D
:10023000002008BD1C207047034AB2F8CC3043F0C0
:100240008003A2F8CC3070470000094037B5012583
:1002500001211B2004F0CCFE00211B2004F0E0FE55
:1002600068460722032107F0B9FEBDF800301C4C98
:10027000C3F38413684607220521E55407F0AEFE58
:10028000BDF800306846C3F3841307220621E55405
:1002900007F0A4FEBDF800306846C3F384130722BC
:1002A0000921E55407F09AFEBDF800306846C3F313
:1002B000841307220A21E55407F090FEBDF80030B0
:1002C0000722C3F384130B216846E55407F086FE2A
:1002D000BDF80030C3F38413E55403B030BD00BF54
:1002E0004206002000BE704708B500F005F8FFF791
:1002F0009CFFFEE77047FFFF4FF47002224B70B582
:10030000C3F88820214A00209A60FFF7F3FF00F02D
:1003100065F80120FFF7EEFF1D4B83F30A881D48A7
:100320001D4A0021121A08F0FCFC1C481C4A1D49F9
:10033000121A08F0EBFC00251B4E1C4CA41BA41049
:10034000A5421CDB00F036F8032000F0A3F90023DF
:100350004FF6FF70164A03F108010133092B22F80A
:100360001100F8D1032000F06BF90220FFF7C2FF63
:1003700000F016F9BDE87040002000F0C5B856F84E
:10038000253098470135DBE700ED00E00000010073
:1003900000EE012008060020AC150020000000201F
:1003A000E8050020D4930100B0050020D40500200A
:1003B000000D0840064B93F826101A6A054BC2F34D
:1003C000026253F82130D340034A1360704700BFE4
:1003D00000E00140E8050020181300204AF2035213
:1003E0003F4B10B5A3F8FE230122A3F50053A3F859
:1003F0000421B3F8042192B2002AFAD1012039492C
:10040000A3F80001384A394B394CC3E900124FF4C4
:10041000004238491A61C3E90221374AC3E905425B
:10042000FFF7C8FF10232E4C84F81334072384F8F9
:10043000A23094F8803433B984F88004014640F245
:10044000C44000F067F8002384F8813484F88034D5
:1004500084F83230224B184693F83C201207FBD523
:1004600043F6013243F20111A3F84820002283F839
:100470004A20198583F82A2090F83C309B06FBD54A
:1004800001221E4B83F81C21052380F826301C4BCB
:100490000362FFF78FFFF1221A4B1A7300221A72C0
:1004A000F0221A7390F8743043F0400380F87430EF
:1004B0000B4B1A4693F87410C909FBD0062146204D
:1004C00083F86C1083F8740083F8741092F8743019
:1004D000DB09FBD14FF42543A2F8FE3310BD00BF6A
:1004E00000E00140002D310100127A00E8050020F3
:1004F00000C2EB0B0024F400001C4E0E00C00140B3
:1005000021120221002000407047A0F101000028C4
:10051000FBD1704770B4124B4FF47A7641431B689D
:1005200010484FF0FF32B0FBF3F00023A1FB06456B
:10053000AB4208BFA24205D3B4FBF0F0800860B91B
:1005400070BC70478000B1FBF0F0A0FB06018B424D
:1005500008BF8242F3D24FF0FF3070BCFFF7D5BF27
:100560001813002000CA9A3B70B500240A4B0B4EAA
:10057000B3F84051ADB225FA04F3DB07E0B203D57E
:1005800056F8243003B198470134102CF3D1024BB4
:10059000A3F8305170BD00BF006000401C13002064
:1005A0007FB5032000F076F86FF0FF021E4B1F4D61
:1005B0009A644FF0FF332C46CDE9013303930126B3
:1005C000002335F813206AB104A95A0901EB82020D
:1005D00003F01F0106FA01F052F80C1C21EA000199
:1005E00042F80C1C0133602BEBD1019A104B1149DE
:1005F0001A60114B0320C3F88022029A0A60C3F8E4
:100600008422039A4A60C3F8882200F019F8002374
:100610000A4A34F8130003F1C0010133602B42F899
:100620002100F6D104B070BD00800040A692010008
:10063000708000407480004000E100E000600040F5
:1006400010B5EFF31081012383F310880E4B33F8BC
:10065000102092B22AB133F81020013A92B223F856
:10066000102033F810309BB25BB9084A084CB2F83E
:10067000FE3334F8100043F4254323EA0003A2F8C4
:10068000FE3381F3108810BDE014002000E001402B
:100690005C91010030B5EFF31084012383F31088DF
:1006A0000C4B33F8102092B252B90B490B4DB1F8F4
:1006B000FE2335F8105042F425422A43A1F8FE23C8
:1006C00033F81020013292B223F8102084F31088FE
:1006D00030BD00BFE014002000E001405C9101004B
:1006E0000B4A08B51168034609B90A491160106838
:1006F000033323F00303084903448B4206D908F06F
:10070000EFFA0C2303604FF0FF3008BD1360FCE7E5
:1007100024060020B015002000EE01200368828A24
:1007200000201A807047036800201B88C3F3C03381
:100730000B7070470368103133F8113000201380BC
:100740007047FFFF002820DB00F160430901C9B2B8
:1007500003F5614383F800130C4B43F820200C4B46
:1007600000F1C00253F822106FF3104143F8221039
:10077000012300F01F024009800000F16040934017
:1007800000F56140C0F880310360704760130020BD
:10079000006000402DE9F8430546CB684E6969606A
:1007A00083610B690C4603620023C3610B88627985
:1007B0005B0203F1804303F5B813897803601302E9
:1007C00043F0400343EA4133F17800295DD043F41C
:1007D0002073022A08BF2F4A707808BF52F8217090
:1007E0002279E1784FEAC2329BB242EA410218BF55
:1007F0000027AB8242EA401096F800C0EFF3108267
:10080000012181F31088DFF894E0B4F80090DEF85D
:100810000C80C9F1100901FA09F128EA0101CEF8AA
:100820000C10DEF80C1082F3108823F400732A6891
:100830005B045B0C1380BBB2138283B2D38182F85A
:100840000CC0737994F90600591E4B424B4182F853
:10085000D030217A2A46FFF775FF2A46617A94F94B
:100860000700FFF76FFF2A46317A96F90600FFF777
:1008700069FF96F907002A46717AFFF763FF0020A7
:10088000054B2861AB60BDE8F883002AA1D143F491
:1008900000439EE7649101004344415200400840F8
:1008A000002810DB012200F01F018A40430906499D
:1008B000203341F82320BFF34F8FBFF36F8F002207
:1008C000024B43F82020704700E100E06013002055
:1008D00070B5002504464368C0E9025593F9060047
:1008E0005E69FFF7DDFF636893F90700FFF7D8FF44
:1008F00096F90600FFF7D4FF96F90700FFF7D0FF3F
:1009000023681D821D80EFF31082012383F310887A
:10091000606806490088CE68C0F110008340334308
:10092000CB60CB6882F31088284670BD0040084039
:10093000D1F800C043684A68F0B58C685E692CF055
:100940004055036822F040571FFA85FEA3F804E0E3
:1009500024F040541FFA87FEA3F814E04CEA020288
:100960001FFA84FEA3F808E03F0C4FEA154E240C52
:1009700012F0405FA3F806E0DF825C8152D0524B58
:10098000524C1B6A2468C3F30267BC40C3F30213D2
:10099000DC404FF47A73B4FBF3F341F236045C436A
:1009A0004B4BB4FBF3F40134072C38BF072412F08F
:1009B000805322D0EFF31083012787F31088454F2F
:1009C000D7F80CC02CF4800CC7F80CC0FF6883F378
:1009D00010889027404B1F700368E7B283F8DE70E1
:1009E0000B688F6813F0805F0CBF4FF480634FF487
:1009F0008073FF0048BF43F00103920007680FD5E2
:100A00000A68E4B292008A6848BF43F4007387F82A
:100A1000DF4058BF43F40063940048BF43F0020333
:100A20009BB27B82CC680368002C4BD027893A05A7
:100A30001FD56289A3F89070A3F89C20A289A3F81F
:100A40009E2022681FFA82FCA3F894C0C2F30B4CCC
:100A5000120FA3F896C083F8922062681FFA82FCF6
:100A6000A3F898C0C2F30B4C120FA3F89AC083F8F6
:100A70009320BA050CD5A27C94F813C042EA0C026C
:100A800083F8A620E289A3F8A820228AA3F8AA2046
:100A90000A8AA3F89070A3F88020F27862B1B5FAC0
:100AA00085F51A8892B222F01F021F32521B92B2B1
:100AB0001A80838A1A438282084BC3600B680361E1
:100AC0000020F0BD2746E3E700E0014018130020B6
:100AD00040420F000040084000300F404344415264
:100AE00060B10268074B9A420AD1D0E90223013B68
:100AF0009BB21380F12300201372704701207047CE
:100B0000072070475447410070B10268084B9A4271
:100B10000CD181680A7A02F001020B7AC3F3400318
:100B20009A42FAD100207047012070470720704791
:100B30005447410010B50446FFF7E6FF08BBF42216
:100B4000A3681A721873636893F9123013F1210FB6
:100B500015D0002B0DDB01215A0903F01F0301FA08
:100B600003F30849203241F82230BFF34F8FBFF31F
:100B70006F8F636893F91220034B43F822400023E0
:100B8000236010BD00E100E06013002010B50446B2
:100B9000FFF7BAFF70B9D4E901120B78012B07D126
:100BA000E3680C7C044941F82430013B9BB213807C
:100BB000F123137210BD00BF28060020F0B518B352
:100BC00011B3CD6905B3604A0368934200F0AD806C
:100BD0004B6913B90B78012B04D191F91230002B1A
:100BE000C0F2A5804B68013BB3F5803F0CD23F2497
:100BF0000B7CDC40E60740F19C802D78502D40F0C6
:100C00009B80DC0700F18580012081E0032CFBD86C
:100C1000022CF9D003F5800303F568631B02C0E9D9
:100C20000113EFF31086012383F310880C7C474FE8
:100C3000032C474D9ABFC4F103043D46C4F113048D
:100C4000A340DB432F68414C3B402B600D7C404B65
:100C5000032D98BF23461B6886F310880023846801
:100C60002372237AC3F34003002BFAD1CD69A37218
:100C70002E7895F804C0ED7805F00705002E4DD1CB
:100C80000B7A002B4FD083F002031F01334600265E
:100C90003D43EDB2DBB284F80CC0A6736572A3725B
:100CA0004B684568C3602F7C2A4D45F82730013BCF
:100CB0009BB2238091F91230B34221DB4C7C03F1CB
:100CC00060452401E4B205F5614585F80043224CF6
:100CD00003F1C00544F82300204C54F8257066F356
:100CE000104744F82570012403F01F055B099B00A1
:100CF00003F16043AC4003F56143C3F880411C60DD
:100D00004B6903618B69026083610023436118466C
:100D1000F0BD0C7A002C3FF47DAF75E7502E3746BE
:100D2000B5D00B7AB3E71F46B1E70E20F0E70B20F2
:100D3000EEE740F27A50EBE70C7A002D3FF466AF15
:100D4000072C7FF667AF5FE7544741000C4008402F
:100D5000104008402806002060130020006000407A
:100D6000F0B585B0EFF30383103B5BB21D4A03F18E
:100D7000C00152F821006FF3104042F821001A4AD6
:100D800052F823406168A2680978137A012908BFE4
:100D9000F421DBB2276902BF03F0F0031172137272
:100DA000BFB1656901AED5B195E8070086E80700D7
:100DB0009B0644BF00232B71A36928462B60B847CC
:100DC00063691BB196E8070083E80700A3681B7AF4
:100DD000DBB2A26803F00F03137205B0F0BD354615
:100DE000E6E700BF00600040601300201A4B70B5BA
:100DF000C3600B7803F001034370EFF31083012508
:100E000085F31088154AD46824F48014D460D2681D
:100E100083F31088EFF3108685F31088C368447855
:100E20001A79B4B964F386121A7186F310884A6885
:100E3000C468D378DB01DBB263714B78DB01DBB2D2
:100E4000A371537803720B780370054B4360002045
:100E500070BD6FF3C712E7E700101740004008406D
:100E600000434144C3684278002023F812107047C1
:100E700010B5EFF31084012383F31088C368417821
:100E80001A7931B961F386121A7184F3108800203F
:100E900010BD6FF3C712F7E710B50146EFF31084EA
:100EA000012383F31088CB6840781A7958B960F32E
:100EB00086121A711A7A60F386121A7284F31088F5
:100EC0000020486010BD6FF3C7121A711A7A6FF3D1
:100ED000C712F2E7037A70B50446002B4BD0427874
:100EE000C368002033F8125023F81200ADB2EFF3BC
:100EF0001081012383F31088E36866781A7946BB72
:100F000066F386121A711A7F42F040021A771A7A33
:100F100042F040021A721A7942F040021A7181F3CB
:100F2000108801210420FFF7F5FAEFF31080012368
:100F300083F31088E36861781A7FC9B961F3861278
:100F40001A7780F31088E368627823F81250002043
:100F500070BD60F3C7121A711A7F42F080021A77CF
:100F60001A7A42F080021A721A7942F08002D5E7AA
:100F70006FF3C712E4E7EFF31081012383F31088C6
:100F80004278C36832B91A7942F040021A7181F38B
:100F90001088DCE71A7942F08002F7E7094B00F18C
:100FA000C00253F822106FF3104143F822100122BF
:100FB000430900F01F0002FA00F0034A603342F8D0
:100FC000230070470060004000E100E0D0E90232F9
:100FD00000205A607047436830B5DA69536843F0BF
:100FE0000041936843F00045D36843F000448368B0
:100FF00000205D619C6119611169526959629A62B0
:1010000030BDFFFF002810DB012200F01F018A40E5
:1010100043090649203341F82320BFF34F8FBFF324
:101020006F8F0022024B43F82020704700E100E060
:101030006013002038B543680446DD6993F9120057
:10104000FFF7E0FF95F92400FFF7DCFF95F9250095
:10105000FFF7D8FFAB6A1BB193F90100FFF7D2FF8E
:10106000D4E90232002020609A60586338BDFFFF47
:1010700038B5041E12DB0A4D09012B19C9B283F8D9
:101080000013084B43F82420FFF788FF012362096F
:1010900004F01F0403FA04F445F8224038BD00BFF1
:1010A00000E100E06013002030B5856840686C6E98
:1010B0000078032898BF013409B18C421DD813F081
:1010C000010F6B6B0CBF03F01F03C3F30443032832
:1010D00007D91B0983F0010349B9A3B9022353605F
:1010E00030BD03F00C03181F43424341F4E78C4228
:1010F00001D8002BF2D10323F1E7032898BF01F1B7
:10110000FF311160ECE7002CE8D0F4E7F0B583691B
:1011100085B005460F46164601AC93B193E807002B
:1011200084E80700EA691F711A609E6018466A69C0
:101130009047AB691BB194E8070083E8070005B04E
:10114000F0BD2346EEE70B0143EA8113022843F486
:10115000807306D007D8002914BF09200620184341
:1011600070470920FBE70320F9E7FFFF01232DE982
:10117000F74F0A7C0F4603FA02F1C160090718BF56
:1011800000230374734B044613441B0283607B6982
:1011900047604361BB69FD69C36100238361EFF36D
:1011A0001081012282F310886B4897F810C00669FD
:1011B000CCF11F0C02FA0CF226EA0202026102696B
:1011C00081F310884FF42541A26838781160D3620A
:1011D0007968D36393643B7A03284FEAC35301F1E0
:1011E000FF3640F0A18043F48033D3624FF00043D8
:1011F0004FF0000C136153619361AB69C2F824C0D6
:10120000C2F828C0D361EB69D5F82C8013629666CA
:1012100056664FF0FF32CDE9002C002840F089805F
:10122000490811440091009BA268D5F82CB0536581
:101230009365019B97F800A04FEA036949EA0349C7
:10124000BBF1000F0FD12B782BB169785046FFF717
:101250007AFF48EA0008AB782BB1E9785046FFF7EF
:1012600072FF48EA0048AE6A002E6ED0B378F1787B
:101270001B0643EA0173317943EA01439363B36880
:10128000C2F88C30002B5ED1F168003118BF01210B
:10129000BBF1000F06D1337FF07E5B0643EA4023AB
:1012A00048EA0308C2F88810BBF1000F08D195F88E
:1012B000213095F820105B0743EA413348EA0308E0
:1012C0004FF4AA03BAF1010F136402BF0023D364E1
:1012D0001365E36897F91200D36049F00303C2F87D
:1012E0003480136349F001031363797C2246FFF7CE
:1012F000BFFE224695F8221095F92400FFF7B8FEAC
:10130000224695F8231095F92500FFF7B1FE2EB17E
:101310002246317896F90100FFF7AAFE00200F4B14
:10132000236003B0BDE8F08F84BF43EA00430E465C
:101330005BE701287FF677AF63466A46F968204687
:10134000FFF7B2FE6FE70121A2E79663C2F888605B
:10135000AAE700BF901640000040084054504700E4
:1013600010B5EFF303801038114B40B200F1C0020A
:1013700053F822106FF3104143F822100D4B53F82D
:10138000204063681B78012B08D1D4E902329A60AF
:1013900000229A64DA641A65FFF700FE636933B1CC
:1013A00000222046BDE810401146FFF7AFBE10BD39
:1013B0000060004060130020EFF31080012383F3EE
:1013C0001088064B196819B9054AD1704021D170AF
:1013D0001A6801321A6080F3108870475C1300208D
:1013E000000D0840EFF31081012383F31088074BB1
:1013F0001A6812B11A68013A1A601A681AB9044BCD
:10140000DA708022DA7081F3108870475C13002054
:10141000000D08400123C8B283409BB20AB11A46AE
:101420000023090A490101F1804101F5002142EA46
:1014300003428A6000207047020A11F4803F30B5F1
:10144000C0B2094C4FEA02130AD01A1854F82250BD
:101450006FF3104544F8225021F4803544F82250AF
:10146000034444F8231030BD0008084038B5154641
:101470000C46FFF7A1FF20462946FFF7DDFFFFF7E7
:10148000B1FF002038BDEFF30380103840B2704741
:101490000B4B00F1C00253F822106FF3104143F8D8
:1014A0002210012300F01F024009800000F160407B
:1014B000934000F56140C0F880310360704700BF81
:1014C000006000400122430900F01F0002FA00F012
:1014D000044A203342F82300BFF34F8FBFF36F8FCE
:1014E000704700BF00E100E0030A084A1B0153FAFD
:1014F00080F052F8203041F0040123F0011323F46E
:1015000040430B4342F82030704700BF00080840BA
:10151000EFF31080012383F31088064B196819B983
:10152000054AD1704021D1701A6801321A6080F3E7
:10153000108870475C130020000D0840EFF3108105
:10154000012383F31088074B1A6812B11A68013A15
:101550001A601A681AB9044BDA708022DA7081F3C3
:10156000108870475C130020000D084070B50D46D0
:10157000016A04468B7803F07B038B7003786BB1B0
:10158000C0E90352E369186980B9236A9A7842F086
:1015900080029A702078E8B1002070BD837803F053
:1015A0000303D21A2B440261C360EBE72269002ACD
:1015B000EBD0A378816803F00303013B22FA03F325
:1015C00000228E6822619BB2E1680068B047002863
:1015D000DBD0E2E7A27802F00302022A09BF2A88E0
:1015E0002A7842F47E42DA8118BFDA70D5E770B407
:1015F0000C4649680D681360067816B103F10C06B5
:101600001660C069407830B90126E8780B3366F37C
:101610000510E8701360A36820681B6870BC184749
:10162000F0B5846A85B006468C4617466D46B4B15F
:1016300094E80F0085E80F00F36920461B78C4F892
:1016400008C02360F36A2771E360736A9847B46A3D
:101650001CB195E80F0084E80F0005B0F0BD2C46E2
:10166000EAE7FFFF38B500230446026A436093703F
:10167000C36993F90500FFF725FFE36993F90B00B0
:10168000FFF720FFE36993F90700FFF71BFFE3690A
:1016900093F90900FFF716FFE369DB681BB19A684D
:1016A0001868126A9047E3691B691BB19A68186849
:1016B000126A9047EFF31082012383F31088E069E8
:1016C000064900784D68C0F11F0083402B434B60F2
:1016D0004B6882F31088002038BD00BF00400840EE
:1016E0002DE9F84340F219230D4609780446CB4012
:1016F00013F0010318BF102303706B6901F580021A
:101700004362AB6902F58C52C3620023120202628B
:10171000012283628378C56162F3010383706B7871
:1017200023B90222837862F30103837095F90B7069
:10173000AE7A3846FFF7C6FE9D4907F1C00351F85F
:10174000232036016FF3104241F82320F3B2994E63
:10175000DFF86C82F21982F8003395F9059048F8A9
:10176000274048462F79FFF7ADFE09F1C00351F835
:1017700023203F016FF3104241F82320FFB206EB14
:10178000090383F8007348F8294095F90790AF7969
:101790004846FFF797FE09F1C00351F823203F01A7
:1017A0006FF3104241F82320FFB206EB090383F8E0
:1017B000007348F8294095F909902F7A4846FFF7B9
:1017C00081FE09F1C00351F823203F016FF310425D
:1017D000FFB24E4441F8232086F80073E96848F8C8
:1017E0002940002940F09F802969002940F0AD8000
:1017F000EFF31082012383F310886F492E78486835
:10180000C6F11F06B34020EA03034B604B6882F326
:1018100010880022236A9A701A715A729A72DA72C8
:101820005A8340F219222978CA40D20701D54022B2
:10183000DA7406221A772178E069A9B1C268013901
:10184000002A40F09980C269127A0A40120202F41A
:10185000706242F001060A0392B2324342F006017E
:101860009982998A8A42FCD1EA78A978D20042EA20
:1018700001126978032940F08180F22142F0400290
:10188000EE69D2B21A70327BC9B2082A0EBF0A22A0
:10189000520002F0020299715A73B17872784901CC
:1018A000D20101F02001D2B20A4300213578197229
:1018B000A91E012967D8FF21022D08BF42F010029E
:1018C0005970D2B20027DA7190F90500C4E90377A4
:1018D000C4E90577FFF7DCFDE36905F0030593F93B
:1018E0000B00FFF7D5FDE36945F0700593F907009C
:1018F000FFF7CEFDE36993F90900FFF7C9FD4FF645
:10190000FF72236A9D7073899342238107D0FFF78A
:10191000FFFD39462089FFF7E7FDFFF70FFE274B54
:10192000002663600EE04B6820461A684FF40023DF
:1019300042F8043B236A0533FFF759FE06460028A8
:101940003FF452AF3046BDE8F8834B6820461A6832
:101950004FF0006342F8083B236A0333FFF747FE6A
:10196000064600283FF444AFEB68002BEAD09A68A3
:101970001868126A9047E5E701266CE700290CBF5A
:10198000E221F2217CE77168D2B2DA718A784F786D
:101990005A701A7867F301021A70CA789A74DF795C
:1019A0000A7807F0A30102F05C020A438AE700BF4D
:1019B0000060004000E100E000400840554943530A
:1019C0006013002030B5036A044600209A78D2B232
:1019D00002F07B0502F00B029A70E0608A784C7886
:1019E0005A701A7864F301021A70CA789A74DC7912
:1019F0000A7804F0A30102F05C020A43DA719D70D8
:101A000030BDFFFF2DE9F04F1C46FF23A370237864
:101A10004FF000096FF38203237080238BB0E370D3
:101A20004A4B06924A4A1B6A12680091C3F302614C
:101A30008A40C3F30233474D22FA03FBABFB052375
:101A4000CDE904234FEA1B2308900793CDF80C90AF
:101A5000069BAB4201DB00202AE000265FFA89F3F7
:101A600009933D4B9B5DC3F34002C3F38003029394
:101A700013460192029A1343099A9A420DD1374BA9
:101A800033F81680089B03FB08F8BBFBF8F7B7F5A3
:101A9000807F02D807FB08FA6FB901360D2EE0D11E
:101AA000B9F1000F4FD0069BAB42B4BF032000201A
:101AB0000BB0BDE8F08F5246DDE90401D31706F004
:101AC00045FF009BA0F5C330013FA038002B38D064
:101AD000079BBAFBF3F37F2BDFD94FF4807200F53D
:101AE000C330A030584390FBF2F0A0F5C330A038CB
:101AF0000028B8BF4042854216DD174AA770915DA5
:101B00002278C1F3000565F38612019DC1F3C1017E
:101B100065F30412029D039365F3C3020546227028
:101B2000627861F301026270009BAAEB080A002B45
:101B3000B3D0237843F0040323709DF80C30E37096
:101B4000AAE7009BD4E74FF0010981E700E00140DC
:101B500018130020A0860100709101007E91010001
:101B6000F8B5FFF790FC2F4B00F1C00253F822109C
:101B70006FF3104143F822102B4B53F82000C36938
:101B80001B6983B9046974B10778036A002F34D0E4
:101B9000DA8AC2F304229742056900D9B5B91A79E5
:101BA0006FF3C7121A71016900293AD1026A93785A
:101BB00003F07F0343F004039370436AC160002B7A
:101BC0002FD0BDE8F8408022FFF72ABD8478C16895
:101BD00004F00306022E0CBF0E880E7804F00304F6
:101BE00008BF46F47E46A5EB040521440CBFDE8108
:101BF000DE7301320561C160CDE78178C26801F012
:101C00000305022D09BF1588157845F47E45DD8151
:101C100018BFDD7001F00303E41A1A440461C260C6
:101C2000C1E7F8BD006000406013002013B5FFF766
:101C30002AFC3A4B00F1C00253F822106FF3104116
:101C400043F82210364B53F82040E369DB6813B1A8
:101C5000A369002B53D14FF6FF7322899A4205D016
:101C6000FFF756FC01212089FFF73EFC2278236A0A
:101C70003AB3DA8AD20612D01B8AC3F3080301935F
:101C8000A3692BBB636A23B1042201992046FFF7A5
:101C9000C7FC23781BB1236ADB8ADB06E6D12378F5
:101CA00013B1BE22236A1A714FF6FF73208998423E
:101CB00031D00021FFF718FC02B0BDE81040FFF75B
:101CC0003DBCA27802F00302022AD5D05B79D6E7A8
:101CD000A27801A902F00302606907F017F8A17861
:101CE000626901F00303A1691A44C91A6261A16122
:101CF0000029CED1636A002BCBD00122C6E7002198
:101D0000636AC4E9051133B10122204602B0BDE87F
:101D10001040FFF785BC02B010BD00BF006000405E
:101D20006013002010B5FFF7AEFB0C4B044653F8D0
:101D30002000026A937803F07B039370436A1BB11F
:101D400002220021FFF76CFC054BC03453F824201D
:101D50006FF3104243F8242010BD00BF6013002031
:101D60000060004038B5FFF78EFB174B044653F870
:101D700020000278036A22B9827802F00302022A64
:101D80001ED1198AC1F308011D79EDB205F03802A0
:101D9000ED0604D51D7FED0758BF42F040021D79C6
:101DA00005F0C7051D71436A0BB1FFF739FC074BFE
:101DB000C03453F824206FF3104243F8242038BD78
:101DC0005979C9B2E0E700BF60130020006000400D
:101DD000EFF30380103840B27047036870B50446D3
:101DE000586988B194F82D3003F0FF0563B9836812
:101DF0002A469E68A169238C0068B047E369256282
:101E00006362012384F8333070BD73B5856B04467B
:101E10000B466E462DB395E8030086E80300E26B9F
:101E20002B7123682A605B6933B194F82D201AB9AD
:101E30009A6818681269904723689B6933B194F8CF
:101E40002D201AB19A68186812699047636B28466A
:101E50009847A36B1BB196E8030083E8030002B028
:101E600070BD3546DBE7FFFF08B5FFF7B1FF044B58
:101E7000C03053F820206FF3104243F8202008BDF3
:101E80000060004070B5FFF7A3FF5C4BC03053F813
:101E900020206FF3104243F82020FFF799FF584BA2
:101EA00053F820402269137B13F0010340F0858032
:101EB00094F82C1094F82A00884219D094F82D3008
:101EC00023B1022902D15223D37210E02046FFF73A
:101ED00084FF236994F82820DA7094F82B30013BB2
:101EE00084F82B3094F82C30013384F82C3070BDFA
:101EF00094F8331001F0FF0511B184F83330F6E7A0
:101F0000216A002950D094F82D304BB9636AA26938
:101F10000139D25C0133216263622369DA70E6E73A
:101F200094F83130002B34D0236884F8315059694B
:101F300009B39869F8B1E369022B1CD9F4219170B7
:101F40008268023B96689BB2A26929460068B04746
:101F5000236829465869E3698268023B96689BB208
:101F60002A460068B04702232362E369023B6362AA
:101F7000012384F83330236A012B02D9002223691C
:101F80009A72236A012B02BF202223699A72FF22D0
:101F9000C3E75179636AA269D154236A013B236282
:101FA000636A01336362ECE794F82E3083B1522305
:101FB000D372012384F8303099E794F82D3013B1AF
:101FC00094F8313033B100232362012384F82F3099
:101FD000542379E75179636AA269D154236A94F84A
:101FE0002E20013B2362636A01336362236912B1CD
:101FF0005222DA72DDE75422DA7278E7006000409C
:102000006013002010B5FFF7E3FE324B53F8204079
:102010002269D37A6FF3C303D37294F82F1001F0BF
:10202000FF0331B1F0230121D3722046FFF7EDFE0B
:1020300021E094F82A0094F82C10884234D029BB6F
:10204000012802D12046FFF7C8FE94F82A30012B60
:102050000CBF94F8283094F8293000212269D172FD
:10206000D37094F82B30013B84F82B3094F82C304B
:10207000013384F82C30FFF7ABFE174BC03053F818
:1020800020206FF3104243F8202010BD94F82D203B
:1020900002F0FF0032B10229DFD194F8293043F079
:1020A0000103DAE70346D8E7236A002BE3D194F86B
:1020B0002D1094F83000002914BF0221032108B12B
:1020C000D372B2E7F023D372937803F0CF03937007
:1020D000ABE700BF6013002000600040EFF3038017
:1020E000103840B270474369C269934206D2D0E9C2
:1020F000021202B1D25C0133CA70436170477FB5EE
:10210000436A05460E4601ACA3B193E8070084E894
:1021100007006A68184612781E711A60AA6A9A60E7
:102120002A6A90476B6A1BB194E8070083E80700AE
:1021300004B070BD2346ECE710B5FFF7CFFF0E4BA0
:1021400000F1C00253F822106FF3104143F822103F
:102150000A4B53F820402046FFF7C5FF6269E36948
:102160009A4208D1236933B9A268937803F07B03BC
:1021700043F00403937010BD006000406013002022
:1021800010B5FFF7ABFF124B00F1C00253F822105D
:102190006FF3104143F822100E4B53F820402046B5
:1021A000FFF7A1FFD4E90632934205D2A168226964
:1021B0004979581CA061D154D4E906239A4206D12A
:1021C000A268937803F03B0343F00403937010BDBF
:1021D000006000406013002010B5FFF77FFF044649
:1021E000094B012153F82000C0348268937803F032
:1021F00003039370FFF783FF044B53F824206FF31E
:10220000104243F8242010BD6013002000600040FD
:1022100010B5FFF763FF0C4B044653F82000042170
:102220008368C0349A7802F003029A701A79842283
:102230001A71FFF764FF054B53F824206FF3104227
:1022400043F8242010BD00BF601300200060004050
:10225000EFF30380103840B27047FFFF0B4B00F1E3
:10226000C00253F822106FF3104143F822100123EB
:1022700000F01F024009800000F16040934000F52B
:102280006140C0F880310360704700BF00600040CB
:102290000122430900F01F0002FA00F0044A203333
:1022A00042F82300BFF34F8FBFF36F8F704700BF1B
:1022B00000E100E037B5836B04460A466D46A3B1E2
:1022C00093E8030085E80300E16B18461A71196072
:1022D000626B9047A36B1BB195E8030083E8030092
:1022E000002384F82B3003B030BD2B46ECE7FFFF12
:1022F0001F22F8B5036905461A705F221A70DF22A3
:1023000000680C46416A1A700A792C4E42F0E002CD
:102310001A74CA782A4F42F0E0025A748A7812017D
:1023200002F0700242F008029A700A784978012A95
:102330000CBF0522042242EA4102D2B2DA702149DE
:10234000426894F911008A420CBFF72277225A7131
:1023500000229A71B322DA71637B32181B01DBB25F
:1023600082F8003347F82050FFF778FF637B94F939
:102370000F001B013218DBB282F8003347F82050FF
:10238000FFF76CFF637B94F910001B013218DBB27E
:1023900082F8003347F82050FFF760FF637B94F921
:1023A0000E001B01DBB2064486F8003347F82050CC
:1023B000FFF754FF9F222B691A70F8BD00E100E07F
:1023C0006013002040420F00C36910B504462BB9CA
:1023D00090F82C3013B990F82B308BB131B100222A
:1023E00023692168DA712046FFF782FF002394F801
:1023F0002620E36184F82820A26984F82C30226228
:10240000B3222369DA7110BD13B5FFF721FF3F4BEB
:10241000C03053F820206FF3104243F82020FFF71C
:1024200017FF3B4B53F8201091F82D30CC69E3B9DE
:102430008A690B69022A9EBF1A7942F040021A711A
:10244000012C07D11A7942F010021A711A7942F060
:1024500008021A71DB7CDBB28DF807309DF807307B
:10246000012381F82D3002B010BD002CFBD0032CCD
:1024700017D10A69137943F0400313710B694A6954
:10248000D87C0B6AD0540B6A01330B62CB69013BD9
:10249000CB61002BE7D109690A7963F386120A71CF
:1024A000E1E7022C09D10B691A7942F010021A7186
:1024B0001A7942F008021A71E0E7012CDED191F896
:1024C0002A30D3B10B6893F90F00FFF7E1FE0B69D7
:1024D000DA7942F08002DA711A7942F010021A7148
:1024E0001A796FF3C3021A7104225A705A796FF382
:1024F00000025A7181F82C40C0E70B695A7A02F049
:10250000F7025A7208225A70B8E700BF0060004014
:102510006013002010B5FFF79BFE304BC03053F81E
:1025200020206FF3104243F82020FFF791FE2C4B40
:1025300053F8203093F82720AAB193F8260093F897
:102540002810032804D1022902D193F8300048B1A1
:1025500093F8244018690131013A847483F82810F3
:1025600083F8272010BD93F82920002AFAD1DA69D0
:1025700042B1D3E90404196A013A645C01318474FC
:102580001962DA61D8690028ECD11A69D17960F34F
:10259000C711D171C021D079C00901D00139FAD158
:1025A0001B680E4993F9103003F1C00051F8204028
:1025B000002B6FF3104441F8204009DB012059093A
:1025C00003F01F0300FA03F30648603140F821309E
:1025D000D37943F04003D371C4E700BF00600040EB
:1025E0006013002000E100E010B5FFF731FE214B41
:1025F00053F8201091F8293033B191F82730012B8E
:1026000002D191F83030BBB1CC69ACB991F82A3025
:1026100043B30B6893F90F00FFF73AFE0B69DA79C1
:1026200042F08002DA7104225A705A7964F300028F
:102630005A71012381F82C300A69D3796FF386131C
:10264000D371C023D179490601D5013BFAD1FFF7F7
:10265000FFFD094BC03053F820206FF3104243F8C0
:10266000202010BD0B695A7A02F0F7025A72082234
:102670005A70E1E7601300200060004038B5FFF7B2
:10268000E7FDE0212F4B53F8204023695A7A597215
:10269000D2B212F010000CBF0146597802F00305C7
:1026A0001CBFC1F3801181F00101294308D001252D
:1026B000294684F82B502046FFF786FE012139E099
:1026C00018B35978C1F3801049061ED584F82B0041
:1026D0005A7A02F0F7025A7208225A702268526A35
:1026E0001278012A0CBF03220222DA705A7942F0D2
:1026F00001025A71FFF7ACFD134BC03053F8202094
:102700006FF3104243F8202038BD12F0080105D1C4
:1027100094F82C000028EDD05207EBD594F82B202C
:1027200062B994F82920002A4FF0B30214BF0221A5
:102730000321DA712046FFF7BDFDDBE70029BDD09C
:102740000021B8E76013002000600040EFF3038031
:10275000103840B27047F0B5C36A85B005460E46E2
:10276000174601AC93B193E8070084E807002A6B91
:102770005F601A601E721846AA6A9047EB6A1BB126
:1027800094E8070083E8070005B0F0BD2346EEE7B4
:1027900038B502250446826880F8215053796FF3DA
:1027A00000035371C269FFF7D6FFA368DD705A7941
:1027B00042F001025A7138BDA022836810B4DA7168
:1027C000002280F8202080F822205C7962F3000447
:1027D0005C7190F8244054B15A720023C269C361FD
:1027E00002235DF8044B80F82130FFF7B4BFDF22ED
:1027F0001A709F221A70F0E738B50123B3220446FD
:1028000080F8203083680D46DA71FFF7C1FF94F835
:102810002130012B03D1042D06D0082D04D094F8CB
:1028200021308BB9052D0FD194F8233063B994F87A
:102830002120A3681AB95A7A02F0F3025A72BF2211
:10284000DA71012384F8233038BDFFFF13B5FFF799
:102850007DFF364BC03053F820206FF3104243F811
:102860002020FFF773FF324B53F8204094F82230BA
:10287000B3B9012384F82230A368DA7CD2B28DF890
:1028800005209DF8052012F0010F5A7A14BF02F0BE
:10289000F70202F0F3025A72AC22DA7102B010BDF4
:1028A00094F820304BB9A36820461B7A13F0080F28
:1028B00014BF08210421FFF79FFF216999B9A3687C
:1028C000DA7CD2B28DF806209DF806201A7942F003
:1028D00010021A711A7942F008021A711A7961F31A
:1028E00004121A71DAE7A369994217D1062120462A
:1028F000FFF74EFF2169A36831B9DA7CD2B28DF8B7
:1029000007209DF80720E1E7A269E168DB7C501C05
:10291000A0618B54E3690133E361BFE7D4E902129C
:10292000C97C581CA061D154F4E700BF006000408E
:102930006013002038B5FFF709FF224BC03053F871
:1029400020206FF3104243F82020FFF7FFFE1E4BBC
:1029500053F8204094F820301BB905212046FFF79A
:102960004BFF94F8213003F0FF0503BBA3692169F5
:10297000A26899421CD12368124993F90E3003F1E1
:10298000C00051F82040002B65F3104441F820406E
:1029900009DB0120590903F01F0300FA03F30B4878
:1029A000603140F82130D37943F04003D37138BD12
:1029B000E168C95C01339174A361E3690133E361A8
:1029C000F5E700BF006000406013002000E100E078
:1029D00010B5FFF7BBFE174B53F82040A3681B79D7
:1029E000580710D407212046FFF7D2FE94F8213073
:1029F0004BB9D4E90221A369C95C01339174A36185
:102A0000E3690133E361A268D3796FF38613D3716D
:102A1000C023D179490601D5013BFAD1FFF796FED3
:102A2000054BC03053F820206FF3104243F82020AC
:102A300010BD00BF601300200060004007B5FFF725
:102A400085FE1E4B53F820008268537ADBB299074B
:102A500012D00023012180F82430FFF7ADFEFFF7EC
:102A600075FE174BC03053F820206FF3104243F827
:102A7000202003B05DF804FB13F00C0F11D00123EC
:102A800080F8243090F82130012B08D00269836946
:102A90009A4202D9C369013BC3610321DDE70221E8
:102AA000DBE7DB06DBD5D37CDBB28DF807309DF8A6
:102AB0000730D37903F0EF03D371D0E76013002020
:102AC0000060004037B5EFF30384154B103C64B24F
:102AD00053F82430134A5879115C01F0030103299B
:102AE0001BBF04F1C00152F8215001256FF31045BE
:102AF00018BF42F821509A6818BF00252AB1DB6838
:102B0000019002A840F8083D90473DB1054BC03404
:102B100053F824206FF3104243F8242003B030BD53
:102B20006013002000600040EFF30380103840B2D3
:102B30007047FFFF0123420900F01F0003FA00F075
:102B4000014B43F82200704700E100E010B40B4A4B
:102B500000F1C00152F8214000F01F036FF3104450
:102B600042F821400121420901FA03F3044960328D
:102B700041F822305DF8044BFFF7DCBF00600040F5
:102B800000E100E00122430900F01F0002FA00F01A
:102B9000044A203342F82300BFF34F8FBFF36F8FF7
:102BA000704700BF00E100E07FB5836A05460E462E
:102BB00001ACA3B193E8070084E807006A681846EF
:102BC00012781E711A60EA6A9A606A6A9047AB6A64
:102BD0001BB194E8070083E8070004B070BD2346EA
:102BE000ECE7FFFF10B5FFF79FFF194B00F1C002A4
:102BF00053F822106FF3104143F82210154B53F88D
:102C00002030D3E906218A4205D01969986869B94C
:102C1000416801329A61D3E90612914216D1BDE8AA
:102C200010405B6893F90300FFF784BF93F82040DE
:102C30000F2C03D9406841F82200EAE7072C95BF22
:102C400000798088885421F81200E2E710BD00BFA7
:102C5000006000406013002010B5FFF765FF1E4BB9
:102C600000F1C00253F822106FF3104143F8221014
:102C70001A4B53F8204063681A6A5AB15278012AF5
:102C800008D1E2696169013A8A420ED193F90300E1
:102C9000FFF75CFF6369E269934205D0D4E9021251
:102CA0005AB94A600133636110BD1A69002AF1D034
:102CB00093F90300FFF73EFFECE794F820000F289C
:102CC00002D952F82320ECE7072895BFD25C32F8EE
:102CD00013200A718A80E5E700600040601300203D
:102CE00010B5FFF721FF184B00F1C00253F8221076
:102CF0006FF3104143F82210144B53F82040A3689F
:102D0000DB789B0703D563685B7A012B1AD1FFF749
:102D100039FF636893F90200002801DBFFF732FFF7
:102D2000A26813786FF386131370636893F9020037
:102D3000002801DBFFF70AFF2046BDE81040012113
:102D4000FFF732BF10BD00BF0060004060130020DD
:102D500070B5FFF7E9FE1C4B064653F82040636848
:102D600093F90200002801DBFFF70CFFA26813783B
:102D70006FF386131370636893F90200002801DB78
:102D8000FFF7E4FE0022A368DD78DA70EDB22A07CF
:102D900003D505212046FFF707FFEB0703D50421E4
:102DA0002046FFF701FF05F01405142D03D108217B
:102DB0002046FFF7F9FE054BC03653F826206FF387
:102DC000104243F8262070BD6013002000600040D0
:102DD000EFF30380103840B270472DE9F041076AE5
:102DE0008AB080460C469FB16E463D460FCD0FC659
:102DF0000FCD0FC695E8030086E803000FCC3E46D2
:102E00000FC60FCC0FC694E803003C4685E80300CC
:102E10002046D8F81C309847D8F8204044B16D4679
:102E20000FCD0FC40FCD0FC495E8030084E8030055
:102E30000AB0BDE8F081FFFF002809DB0122430949
:102E400000F01F0002FA00F0024A403342F823006B
:102E5000704700BF00E100E030B58BB0FFF7B8FF6E
:102E6000274BC03053F820206FF3104243F8202046
:102E7000FFF7AEFF234B282253F82050002168466D
:102E800005F04FFF00206C6894F84D2884F84D0839
:102E9000D2B2ADF80420B4F84238C3F30013B3B192
:102EA000022342F02002ADF8042094F8532884F85D
:102EB000533894F85238D2B203F01F0384F85328E1
:102EC000E11891F8202860F3820281F820282A680E
:102ED00069461268284600926A6ACDE90332FFF714
:102EE0007CFFB4F84238DB0607D52B681A69127DDF
:102EF0001AB193F91500FFF79FFF0BB030BD00BF6B
:102F00000060004060130020F0B58BB0FFF760FF59
:102F1000354BC03053F820206FF3104243F8202087
:102F2000FFF756FF0022314B054653F82000446856
:102F300094F8533884F8532894F85228DBB202F0FE
:102F40001F0202F12007390184F85338635854F8FE
:102F500001C0C3F380768DF8196006683169097B7A
:102F600041EADC7101F001018DF8181071BBC3F367
:102F70008A4304EB07170593BB8804EB0217C3F3DE
:102F80000303082B88BF08238DF81A3000239DF80F
:102F90001A108B421DD34421A31883F82018002354
:102FA00007934FF48063ADF80430336869460093AB
:102FB000436A03920493FFF710FFB4F84238DB072B
:102FC00002D52846FFF738FF0BB0F0BD23F0604371
:102FD000CFE707EB030C9CF806E20DEB030C8CF833
:102FE00020E00133D5E700BF0060004060130020FF
:102FF00030B58BB0FFF7ECFE1C4BC03053F82020EF
:103000006FF3104243F82020FFF7E2FE184B002137
:1030100053F8205001236C68284694F8532884F80C
:10302000533894F85238D2B203F01F0384F853286F
:103030000393E2184FF40063ADF804302B6882F874
:1030400020181B6882F8201800936B6A6946049365
:10305000FFF7C3FEB4F842389B0704D52B6893F9F9
:103060001700FFF7E9FE0BB030BD00BF0060004065
:1030700060130020F7B5EFF30384154B103C64B2E6
:1030800053F82460F768BFB173686D4693F90D205B
:103090003369121B18BF0122C3B193E8030085E80E
:1030A00003001A70726918465A60B84733691BB139
:1030B00095E8030083E80300064BC03453F824204E
:1030C0006FF3104243F8242003B0F0BD2B46E8E72D
:1030D0006013002000600040EFF303830121103BE8
:1030E000064A5BB252F82320C0331172044A52F8E8
:1030F00023106FF3104142F8231070476013002033
:10310000006000400B7930B5DB010F4CDBB2A371DE
:103110000E4A0B78D35C8A7803F003054B781203D0
:103120001B0102F44052DBB21343CA78120202F4CC
:10313000407213432B4363804B79DB01DBB2237274
:10314000034B0360002030BD00340840989101001B
:10315000544457000020FF22014B18701A7070472A
:10316000003408400122430900F01F0002FA00F079
:10317000044A203342F82300BFF34F8FBFF36F8F11
:10318000704700BF00E100E00B4B00F1C00253F8B4
:1031900022106FF3104143F82210012300F01F02A8
:1031A0004009800000F16040934000F56140C0F8A4
:1031B00080310360704700BF006000404FF49643C9
:1031C00013B50193036804461A7842B193F91100CC
:1031D000FFF7DAFF236893F91300FFF7D5FF4AF6EC
:1031E00080220A4BA3F88420B3F8842092B2802A6C
:1031F00002D1002002B010BD019A1AB1019A013A21
:103200000192F1E74FF4FA70F4E700BF00E07F406D
:1032100000220270C0E9012280F83520012280F8E6
:103220003620DF22827770472DE9F0474FF0000803
:1032300004461F469DF8283080F8008021730375EE
:10324000089B8A460361099B154683610B9BDFF847
:10325000409103620C9BC0E90938FF234377002AA1
:103260003ED184F83520502004F028FF4FF6FF733C
:10327000A0F84230DF23064600F1200880F82050F5
:1032800080F8215080F8225080F82350C0E9095579
:10329000C562C0E90E55C0E90C5580F8443080F88D
:1032A000453080F8405080F84150C0E91255C4F8CC
:1032B00028802022294605F034FD072FA6605AD821
:1032C000314ABAF1020FD35D114642D099F800009D
:1032D000002856D1002B4ED102232777D35548E042
:1032E000012A48D184F83520242004F0E7FE064660
:1032F000837880F8008068F3020383704378C57098
:1033000003F0F80368F30613437080F8048080F834
:10331000058080F80680A0621C224146083005F036
:1033200000FD012F666026D8184BBAF1020FDA5D56
:10333000194602D099F8000028B1012A1BD80223AF
:103340002777CB5515E0B2B902222777DA552570D9
:1033500011E0012BF3D92777384601F03BFC3022EE
:10336000816A404605F0D2FC384601F033FC036B1D
:10337000A361012323700023207889F80030BDE881
:10338000F087012BDAE700BF42060020400600204C
:103390004A06002038B590F8353004468BB980686D
:1033A00008B9002038BD04F10C01FDF7DFFE054629
:1033B000A068FDF710FE0E2D01D0002DF1D10120E7
:1033C000F0E7012BEDD140680028EAD004F10C01B0
:1033D0000830FDF7F3FB054660680830FDF780FB19
:1033E000E9E708B590F835303BB9806820B1FDF7C2
:1033F000EDFDB0FA80F0400908BD012B06D1406810
:103400000028F9D00830FDF7C1FBF2E70020F3E710
:1034100008B590F835303BB9806820B1FDF70AFE59
:10342000B0FA80F0400908BD012B06D140680028A1
:10343000F9D00830FDF77EFBF2E70020F3E7FFFF4D
:1034400038B50446FFF7E4FF606838B10025237FF4
:103450000B4A2421D55404F057FE6560A56875B168
:103460000021237F074AA86CD15410B1202104F019
:103470004BFE5021284604F047FE0023A36038BDD0
:10348000400600204206002010B50446FFF7D8FF92
:10349000204610BD01F10C0303608B6803B120339B
:1034A00043604B6883607047836823B118680030BD
:1034B00018BF0120704740680028FBD08068F6E7FD
:1034C000F0B5044685B00F46014601A81546FFF742
:1034D000E1FF2046FFF7E8FF064610B12046FFF760
:1034E00097FF00F057F82A4601A900F039F9054680
:1034F00050B167772EB12046FFF74CFF2046FFF70B
:1035000070FF284605B0F0BDDF23A377F2E7FFFF89
:103510000028A8BF00F160404FEA0111B8BF054B79
:10352000C9B2ABBF00F5614000F00F0080F8001396
:103530001954704714ED00E00B4B00F1C00253F832
:1035400022106FF3104143F82210012300F01F02F4
:103550004009800000F16040934000F56140C0F8F0
:1035600080310360704700BF0060004001224309C2
:1035700000F01F0002FA00F0044A203342F8230052
:10358000BFF34F8FBFF36F8F704700BF00E100E0C4
:103590007047FFFF38B50A4DD5E88F3F13F001049F
:1035A0000BD1284604F09BFD38B1064B28461C6021
:1035B00004F0A1FD044801F093FD024838BD00BFAE
:1035C0004C06002050060020913501002AB9012246
:1035D0002F4BC03143F821207047012A03D1C0315D
:1035E0002B4B0222F6E7022A03D1C031284B0322DB
:1035F000F0E7032A03D1C031254B0422EAE7042A6D
:1036000003D1C031224B0522E4E7052A03D1C031A2
:103610001F4B0622DEE7062A03D1C0311C4B0722CE
:10362000D8E7072A03D1C031194B0822D2E7082A6C
:1036300003D1C031164B0922CCE7092A03D1C0318E
:10364000134B0A22C6E70A2A03D1C031104B0B22C2
:10365000C0E70B2A03D1C0310D4B0C22BAE70C2A6C
:1036600003D1C0310A4B0D22B4E70D2A03D1C0317A
:10367000074B0E22AEE70E2A03D1C031044B0F22B6
:10368000A8E70F2AA8D1C031014B1022A2E700BF42
:103690000060004032B9C6221A4BC03143F82120E5
:1036A00001207047012A05D1CF20164BC03143F8C5
:1036B0002100F5E7022A03D1C031124BD822EDE7F1
:1036C000032A03D1C0310F4BE122E7E7042A03D1DB
:1036D000C0310C4BEA22E1E7052A03D1C031094B86
:1036E000F322DBE7062A03D1C031064BFC22D5E7E3
:1036F000072A04D1C031034B40F20512CEE7002067
:10370000704700BF0060004032B94022134BC03107
:1037100043F8212001207047012A05D143200F4B97
:10372000C03143F82100F5E7022A03D1C0310B4B29
:103730004622EDE7032A03D1C031084B4922E7E7CF
:10374000042A03D1C031054B4C22E1E7052A03D1FD
:10375000C031024B4F22DBE7002070470060004081
:10376000F8B50E4601681B4B5F29054617469C6855
:103770002CD8336893F91220213201D00120F8BDF2
:103780007268403482B11A7CFFF784FF0028F5D0BC
:103790000823326853742B689374A7B90E4A44F80F
:1037A000232001332B60EAE7B2688AB11A7CFFF765
:1037B000ABFF0028E2D00823326853742B6893745F
:1037C0000FB9064AEBE744F82370EAE70020D6E792
:1037D0001046D4E700ED00E061130100610D010027
:1037E0002AB97422054BC03143F821207047012AC1
:1037F000FCD1C031014B7922F6E700BF00600040E8
:103800002AB97322054BC03143F821207047012AA1
:10381000FCD1C031014B7822F6E700BF00600040C8
:103820002AB97522054BC03143F821207047012A7F
:10383000FCD1C031014B7A22F6E700BF00600040A6
:103840002AB97622054BC03143F821207047012A5E
:10385000FCD1C031014B7B22F6E700BF0060004085
:1038600032B940F28112144BC03143F82120704725
:10387000012A04D1C031104B40F28712F5E7022A29
:1038800004D1C0310C4B40F28D12EEE7032A04D173
:10389000C031094B40F29312E7E7042A04D1C0314A
:1038A000054B40F29912E0E7092AE0D1C031024B02
:1038B00040F2B712D9E700BF0060004032B94FF4C0
:1038C000C072144BC03143F821207047012A04D143
:1038D000C031104B4FF4C372F5E7022A04D1C03156
:1038E0000C4B4FF4C672EEE7032A04D1C031094BEA
:1038F0004FF4C972E7E7042A04D1C031054B4FF4F5
:10390000CC72E0E7092AE0D1C031024B4FF4DB7200
:10391000D9E700BF0060004032B94FF4C172144BC8
:10392000C03143F821207047012A04D1C031104B27
:103930004FF4C472F5E7022A04D1C0310C4B4FF4A6
:10394000C772EEE7032A04D1C031094B4FF4CA72A3
:10395000E7E7042A04D1C031054B4FF4CD72E0E70C
:10396000092AE0D1C031024B4FF4DC72D9E700BF25
:103970000060004032B940F28312144BC03143F86A
:1039800021207047012A04D1C031104B40F2891226
:10399000F5E7022A04D1C0310C4B40F28F12EEE75A
:1039A000032A04D1C031094B40F29512E7E7042AFB
:1039B00004D1C031054B40F29B12E0E7092AE0D167
:1039C000C031024B40F2B912D9E700BF006000409D
:1039D0002DE9F84FB44B04469F68036815465F2BEA
:1039E00003D9002062B6BDE8F88F403772B60129CE
:1039F00040F09080002AF4D09368213340F0888012
:103A0000036812681A445F2AEBD86A68DFF8B48248
:103A100047F823206D22C03348F8232090F9000096
:103A2000FFF7A4FD94F900300C21C03358F823208F
:103A30006FF3104248F8232094F90000FFF768FD67
:103A400094F90000FFF778FD236869685A1CAB60A1
:103A5000226047F822106E22C13348F8232094F9DF
:103A60000000FFF783FD94F900300C21C03358F8B3
:103A700023206FF3104248F8232094F90000FFF749
:103A800047FD94F90000FFF757FD236869685A1C49
:103A9000226047F822106B22C13348F8232094F9A2
:103AA0000000FFF763FD94F900300C21C03358F893
:103AB00023206FF3104248F8232094F90000FFF709
:103AC00027FD94F90000FFF737FD236869685A1C49
:103AD000226047F822106C22C13348F8232094F961
:103AE0000000FFF743FD94F900300C21C03358F873
:103AF00023206FF3104248F8232094F90000FFF7C9
:103B000007FD94F90000FFF717FD236801332360D8
:103B1000012067E702290DD1002A3FF462AF9368C4
:103B20002133F5D10068136818445F288CBF00204A
:103B3000012057E7032911D1002A3FF452AF92F92F
:103B400012302133E4D10E2353740168574B917422
:103B500047F82130127CFFF7D7FDD6E7042949D179
:103B6000002A3FF43EAF92F90730213331D101688A
:103B70000B1D602B3FF635AF0C264D4BD171967166
:103B800047F821301278FFF76BFE0168494B01318D
:103B9000016069722E7247F821302A78FFF7BCFE67
:103BA0000168454B0131016069712E7147F8213080
:103BB0002A78FFF783FE0168404B01310160AE7245
:103BC000E97247F821302A78FFF7D4FE0368013301
:103BD000036095F90700FFF7AFFC95F90900FFF7BF
:103BE000ABFC95F90500FFF7A7FC95F90B00FFF773
:103BF000A3FC8DE7002940F09480002A3FF4F1AE49
:103C0000137A3BBB126892F90D3021331ED10C237D
:103C10005421137303685373294A47F82320294A10
:103C2000C03342F823102B68686893F90D101B7B92
:103C300001F160421B01DBB202F5614282F8003300
:103C4000214B43F821002368013323602B6893F94B
:103C50000D00CCE7012B39D1126892F90F302133D6
:103C60001ED10C23552193730368D373144A47F86C
:103C70002320144AC03342F823102B68686893F954
:103C80000F109B7B01F160421B01DBB202F5614228
:103C900082F800330C4B43F8210023680133236082
:103CA0002B6893F90F00A2E700ED00E0610D010021
:103CB000611B0100251D01002D1C0100651D010077
:103CC000753001000060004060130020022B7FF47B
:103CD00088AE126892F9113021331ED10C2356217F
:103CE000137403685374A84A47F82320A74AC033C3
:103CF00042F823102B68686893F911101B7C01F1BE
:103D000060421B01DBB202F5614282F80033A04B36
:103D100043F821002368013323602B6893F91100D5
:103D200065E7052973D1002A3FF45BAE0C231668C2
:103D3000737396F90F30213348D101680B1D602B46
:103D40003FF64FAEF1733278FFF74AFD4FF0C00AED
:103D500090F90030DFF86C82DFF8349208EB030250
:103D600082F800A3016849F8236001312B680160E3
:103D7000B1731A78FFF744FD90F9003008EB0302A5
:103D800082F800A3016849F8236001312B680160C3
:103D900031741A78FFF744FD90F9003008EB030204
:103DA00082F800A3016849F8236001312B680160A3
:103DB00071741A78FFF744FD90F90030984488F840
:103DC00000A349F8236003680133036096F90F00EC
:103DD000704B714A47F8203096F90E3047F823208F
:103DE00096F910306D4A47F8232096F911306C4A45
:103DF00047F82320FFF7A0FB96F90E00FFF79CFB86
:103E000096F91000FFF798FB96F91100EFE60629E6
:103E100056D1002A3FF4E5AD0C231668737396F96A
:103E20000F30213341D10168CB1C602B3FF6D9AD57
:103E30005C4BF17347F821303278FFF711FD4FF0FA
:103E4000C00A90F90030DFF87C81DFF8449108EB7C
:103E5000030282F800A3016849F82360524B013144
:103E60000160B17347F821302B681A78FFF726FDFF
:103E700090F9003008EB030282F800A3016849F8CA
:103E800023604A4B01310160317447F821302B68BF
:103E90001A78FFF741FD90F90030984488F800A3A4
:103EA00049F8236003680133036096F90F00FFF7B8
:103EB00043FB96F90E00FFF73FFB96F9100096E6DC
:103EC00007294CD1002A3FF48CAD40F60C435568CD
:103ED0002B8295F90D30213320D101680B1D602B09
:103EE0003FF67FAD69732A78FFF77AFC01680131EC
:103EF00001602A782973FFF783FC016801310160B2
:103F00002A78A973FFF78CFC0168013101602A78D7
:103F1000E973FFF795FC03680133036095F90D0021
:103F2000234B244A47F8203095F90C3047F82320DA
:103F300095F90E30204A47F8232095F90F301F4A93
:103F400047F82320FFF7F8FA95F90C00FFF7F4FA89
:103F500095F90E00FFF7F0FA95F90F0047E60829EA
:103F600032D1002A3FF43DAD92F9023021337FF483
:103F7000CFAD0C2353700168114B917047F821307D
:103F80001278FFF723FBC0E5D93001000060004044
:103F9000601300201525010009240100E925010016
:103FA0007D260100851E0100691E0100052001001B
:103FB000352901004D280100D12901003D2A0100C9
:103FC000C52A010000E100E0092940F09980002A9B
:103FD0003FF407AD566896F90230213340F08580F2
:103FE00003681A1D602A3FF6FCAC06222968287A6D
:103FF000B271BB4AB37047F8232028B940F2C51507
:10400000B84AC03342F823504FF0060C96F90250DC
:10401000B37905F160421B01DBB202F5614282F81F
:1040200000332268B04B43F82510551C256086F8F4
:1040300005C0DFF8D8C2757047F825C028B94FF41D
:10404000E27CA84DC13245F822C096F901C07279D0
:104050000CF160451201D2B205F5614585F80023E7
:1040600043F82C104FF0060C2268551C256086F88A
:1040700008C0DFF89CC2357147F825C028B940F266
:10408000C71C984DC13245F822C096F904C0327A57
:104090000CF160451201D2B205F5614585F80023A7
:1040A00043F82C104FF0060C2268551C256086F84A
:1040B00007C0DFF860C2F57047F825C028B94FF493
:1040C000E4758848C13240F8225096F90350F279DD
:1040D00005F160401201D2B200F5614080F8002382
:1040E00043F8251023680133236096F90200FFF797
:1040F00023FA96F90100FFF71FFA96F9040076E516
:104100000A297CD1002A3FF46CAC566896F902303B
:10411000213365D101680B1D602B3FF662AC4FF077
:10412000060B92F808A0714BD2F80090B17086F897
:1041300006B0524647F82130FFF792FBB37996F963
:1041400002206B4D1B01A918DBB281F80033016816
:10415000DFF89481674B013148F8229001605246A4
:10416000717086F805B047F82130FFF7A7FB737927
:1041700096F901201B01A918DBB281F80033016810
:104180005D4B013148F8229001605246317186F84A
:1041900008B047F82130FFF7EDFB337A96F9042099
:1041A0001B01A918DBB281F800330168534B0131C0
:1041B00048F8229001605246F17086F807B047F83F
:1041C0002130FFF7A9FBF37996F903201B01DBB23D
:1041D000154485F80033036848F8229001330360E2
:1041E00096F90200FFF7A8F996F90100FFF7A4F984
:1041F00096F90400FFF7A0F996F90300F7E40B29FC
:104200007FF4EFAB002A3FF4ECABD2E900150C23AE
:104210002B7595F91530213356D10368DA1C602AC5
:104220003FF6DFAB364A6B7547F823202A6822B980
:10423000A1202C4AC03342F8230095F915002B7DAC
:1042400000F160421B01DBB202F5614282F80033EB
:104250002268254B2B4E43F82010501C2060A87577
:1042600047F82060286820B9A4261E48C13240F8CB
:10427000226095F916602A7D06F160401201D2B2E3
:1042800000F5614080F80023226843F826101E4E96
:10429000501C2060E87547F82060286820B9A526E2
:1042A0001048C13240F8226095F917602A7D06F166
:1042B00060401201D2B200F5614080F8002343F85B
:1042C000261023680133236095F91500FFF734F9B0
:1042D00095F91600FFF730F995F9170087E400BF4C
:1042E000592C0100006000406013002039210100BA
:1042F00000E100E08121010011220100D92101002B
:10430000592E0100092F0100F12F0100E52B0100BA
:10431000512D0100E12C010008B53C22002102488A
:1043200004F0FFFC08BD00BF5406002070B5002457
:104330002646064D55F8240020B12C2103F0E4FE5A
:1043400045F8246001340F2CF4D170BD54060020D0
:104350000020704701207047036840F213421B6A37
:10436000184790F83D34002BFBD07047D0F82C3222
:104370002BB1D0F82832184490F8240070474FF041
:10438000FF30704713B5044690F8A8048DF8071065
:10439000002378B184F83C34012284F83D340DF1D7
:1043A000070104F58860FDF7E1F894F83C34002B30
:1043B000FBD0012002B010BD0023C0F82432C0F8A9
:1043C0002832C0F82C32C0F83034C0F83434C0F889
:1043D000383400F58860FDF745B9036813B962B653
:1043E000BFF36F8F704713B5EFF310830093012372
:1043F000019372B6019B5A1E01923BB1D0F82C4238
:104400006846FFF7EAFF204602B010BD6846FFF796
:10441000E4FF4FF0FF34F6E70268224B13B553F880
:1044200022304BB10279042A0CD0802A06D0022A0D
:1044300002D1012283F83D2402B010BD012283F88D
:104440003C24F9E7D3F82C22B2F5007FF4D0007AAF
:10445000EFF3108200920122019272B6019A013AA2
:10446000511C19D0D3F82C12541EB1F5007F11D075
:10447000D3F82412194481F82400D3F8241201310E
:10448000C1F30801C3F82412D3F82C120131C3F888
:104490002C12E4E72246E3E768460192FFF79DFF0E
:1044A000CAE700BF9006002013B5EFF31083009316
:1044B0000123019372B6019B5A1E0192E3B1D0F819
:1044C0002C32B3B1D0F82832034493F82440D0F80A
:1044D00028320133C3F30803C0F82832D0F82C3255
:1044E000013BC0F82C326846FFF777FF204602B048
:1044F00010BD4FF0FF34F6E76846FFF76EFF4FF050
:10450000FF34F3E738B5044600254FF47A70A36111
:10451000C4E90150049B1848C4E90412E361206017
:1045200029464FF4007204F1240004F0FAFBC4F8A9
:1045300024524FF40072C4F828522946C4F82C5271
:1045400004F50C7004F0EDFB0123C4F83054C4F8FA
:104550003454C4F8385484F83C3484F83D34DF23B0
:1045600084F8A85484F8773484F8793484F875345E
:1045700084F87B34204638BDA891010010B50C4664
:10458000FFF708F82246BDE810400421FFF720BAE3
:10459000F0B5036985B0002B044602DA002005B0AF
:1045A000F0BD4269002AF9DB8B42F7DA8A42F5DA7C
:1045B000D9B20022684602AE03F010FD0122217D2F
:1045C000304603F00BFD002200213DF81250AB11E4
:1045D000002D45D036F81200002841D036F81100E1
:1045E00083EA9017FF063BD103F01F0323620028E4
:1045F000D4D0092BD2DC15F4F04F0CBF4FF0806201
:104600004FF0A06210F4F04F0CBF4FF080654FF0F8
:10461000A0652369164E42F4803236F833101548EF
:10462000FCF724FF636945F480352A4636F83310D9
:104630001048FCF71BFFA3695A1C0FD0E269013236
:104640000CD036F833102A460A48FCF70FFFE3690E
:104650002A4636F833100748FCF708FF01209EE78A
:1046600001310329B4D10132032AADD196E700BF4D
:104670007C900100D81200202DE9F04104460E463E
:104680001546FBF7D7FD01462046FFF781FF84F86A
:10469000A804002800F0BD8094F891145E4B6FF3DD
:1046A000010184F891141921A4F89214012184F8CD
:1046B00095140F21226A84F89C1443F8224094F840
:1046C00090344FF6FF7103F0E70343F040036FF3BC
:1046D000820384F890340023A4F89E14A16904F5A1
:1046E0009267013184F8943484F89634C4F898744D
:1046F00084F8A03405D0E16901311CBF082184F899
:10470000A01484F8702404F29442C4F88C2440F27B
:1047100013424FF6FF71954284F8A23484F8A33413
:10472000A4F8A414C4F88834C4F88034C4F87C34E1
:104730003ED02DD840F21142954248D040F212426C
:1047400095424AD0354B04F58E68C4F8843441460E
:104750002046FFF713FF94F8A8340121184084F88D
:10476000A8043B4640F6B8323046FDF74BF994F8C2
:10477000931429B93B4640F6B8323046FDF742F96A
:1047800004F5886541462846FCF7AAFF78B3FEE7A2
:1047900040F23242954225D040F2334295420FD04A
:1047A00040F231439D42CDD1022384F871340AE0B6
:1047B000022284F8723484F8712484F87334C1E7D7
:1047C000022284F8712484F872340123F5E702226E
:1047D00084F8712484F87224EFE7022284F87124AB
:1047E0000322F7E7022384F871340323EBE7394609
:1047F0002846FDF7E7F800B1FEE7C4F82402C4F844
:104800002802C4F82C02C4F83004C4F83404C4F8F4
:104810003804BDE8F08100BF900600201944010073
:104820004FF0FF3307B50022009301210248FFF744
:1048300069FE03B05DF804FBB80600200148FEF7EE
:10484000E7BC00BF640B00200148FEF71DBE00BF9F
:10485000640B0020F8B5054600240126074FAA6C1A
:1048600006FA04F3134205D007EB440261B228466E
:10487000FBF760FF01341D2CF1D1F8BDA80B00201F
:10488000837870B5044683B90E4D2A68AAB10388AF
:104890003BB90D48FFF7DEFF2B682078BDE870407C
:1048A0001847012BF8D10948F4E7012B05D00A2B52
:1048B00004D1074B1B68002BEFD170BD0B2BFCD133
:1048C000044BF7E79C0B0020E40B0020400C002079
:1048D000A00B0020A40B0020F0B5044685B00028F2
:1048E00041D00023012780F83230C1F38415836C56
:1048F00007FA05F21343836400F13001FBF74AFF26
:1049000004F148012046FCF713F804AE2046FBF7FB
:1049100005FF06F8047D9DF80C30012B04D13146CB
:104920002046FBF700FFF6E70DF10E022946204670
:10493000FBF700FF01210D4BBDF80E0093F833305B
:10494000052B96BF0A4A0022D2560A4B01FA02F200
:104950001B6801FA03F300930023194600F084F961
:1049600080B205B0F0BD4FF0FF30FAE7E40B002055
:10497000D49101001805002013B50A220C46C1B2DB
:10498000684603F02BFBBDF800205AB1064B0749DF
:1049900002F4F040B0F5006F0CBF184608462280C4
:1049A00002B010BD1046FAE7400C0020E40B0020D6
:1049B000F0B5012680F825600226C0E90F2300F13A
:1049C0002403002540F60C4780F826604364DF2668
:1049D0004FF4C05380F8245080F8275080F82850B6
:1049E00080F8295080F82A6080F82B60878501863E
:1049F00080F8325080F8335080F8345080F83550C9
:104A000080F8366080F837600787C0E91255C0E942
:104A10001455A0F85850A0F85A30F0BD10B504460F
:104A2000406D10B1142103F06FFB204610BDFFFF55
:104A300037B5044600230D2898BF0E3402A921F88B
:104A4000023D2046FFF798FF0546074B4FF4004113
:104A500033F8340000F08EFBBDF806102846FFF74F
:104A60003BFF03B030BD00BF7C900100042838B587
:104A700098BF104B104C98BF1D5CA36888BF0025E1
:104A800013B12046FBF724FF0C4984F828500C4C46
:104A9000A1F13000FBF77EFEA36813B12046FBF7BF
:104AA00017FF084984F82850A1F13000BDE83840CC
:104AB000FBF770BEDA910100E40B0020140C00201B
:104AC000400C0020700C00202DE9F04D3C4B2DEDEA
:104AD000028B93F82830192B6BD057D8012B62D05A
:104AE000022B63D0374CD4ED007AF5EE407AF1EE2C
:104AF00010FA48D10FF2C00BDBE900AB0020FFF742
:104B0000B5FF052000F046FB0A259FED2F8ADFF850
:104B1000C0801420FFF78CFF07EE900AF8EEE77ACA
:104B200067EE887A17EE900A03F056FC52465B4611
:104B300003F0AAFC06460120D8F800300F46984042
:104B400003F038FC02460B463046394603F0C6FDFA
:104B5000064620680F4603F03FFC02460B463046EF
:104B6000394603F0DBFA03F0A1FE013D07EE900A9F
:104B70002060CED1F2EE046A87EEA67A052084ED9D
:104B8000007AFFF773FF94ED000A08E01D2B04D0B4
:104B90001F2BA7D1B0EE040A01E0B0EE000ABDEC75
:104BA000028BBDE8F08D9FED090AF8E79FED060A3C
:104BB000F5E7B7EE080AF2E7295C8FC2F5A82040B6
:104BC000E40B00209C0C00203D0AB73F0000C07F92
:104BD00018050020002130B5084B53F8144B8C42C7
:104BE00007D053F8042F92F82450A84202D0013184
:104BF000F5E7002202F1080030BD00BFA00C002044
:104C000038B500230D4C194622460D4D0D48FFF7CF
:104C1000CFFE002301210C48FFF7CAFE00242846DE
:104C2000214640F8044B142204F07BF85022214620
:104C300005F1180004F075F838BD00BF8148010087
:104C4000A00C0020E40B0020400C002008B5044814
:104C5000FFF7E4FEBDE808400248FFF7DFBE00BFF3
:104C6000400C0020E40B002010B5029C401AE41A0E
:104C70006043521A90FBF2F0184410BD2DE9F04F3A
:104C8000027D85B0012A05460F4640F0978000213D
:104C90004FF0FF3B04460B465E4694F804C048B212
:104CA000BCF1000F7CD194F805C0BCF1000F77D1A6
:104CB000B6F1FF3F0FBF012301335BB23046934291
:104CC00001DD1A4683460131082904F1020465D149
:104CD0000024A14602EB0B030293CB4502DC029BAE
:104CE0004B4560DC6E7995F804A04FEA26180AF06F
:104CF0000F035FFA88F25FEA2A1A019206F00F06A4
:104D000077D05FFA8AF1BAF1090FCABF5731303153
:104D100049B23846039300F0D3F8039B0444092BAF
:104D20008ABF03F1570103F1300149B238460393BA
:104D300000F0C6F80444BAF1000F04D1039B13B984
:104D4000B8F1000F0DD0019BB8F1090FD4BF03F1EA
:104D5000300803F157084FFA88F1384600F0B0F8F0
:104D60000444092E8ABF573606F1300171B2384625
:104D700000F0A6F8B9F1070F044404D03A213846F0
:104D800000F09EF8044409F10109B9F1080F05F19A
:104D90000205A2D1204605B0BDE8F08F06467CE7AB
:104DA0004FF0FF308FE7CB45EDD1BBF1000FE5D1E0
:104DB0003A21384600F084F80444DFE7002400F18B
:104DC000100600F1130916F8011B0A22384600F0FC
:104DD000A6F82E218046384600F072F8B1454044CE
:104DE0000444F0D10A22E97C384600F098F80444E3
:104DF000D0E7002B93D1A3E710B50446044B01750F
:104E0000036010220021043003F08BFF204610BD08
:104E1000E8910100F8B50F460021044616461D46EC
:104E2000074B017503601022043003F07AFF9DF8F0
:104E3000183027746674A574E3742046F8BD00BF6B
:104E4000E891010007B501210648FFF7D5FF0023CF
:104E5000054800931A461946FFF7DCFF03B05DF8DA
:104E600004FB00BF080D0020200D00202DE9F041BB
:104E700006460D460C4601EB02084445A4EB050727
:104E800007D0336814F8011B1B6830469847002888
:104E9000F3D13846BDE8F081036870B50446084692
:104EA0000D465E6804F042F8294602463346204625
:104EB000BDE87040184709B1FFF7EEBF08467047DC
:104EC0000368C9B21B6818470023012A98BF0A2249
:104ED00070B58AB00E460AA901F8043DB6FBF2F59A
:104EE00002FB1564E3B264B2092CD4BF303337330C
:104EF0005BB22E4601F8013D002DEFD1FFF7DBFF3D
:104F00000AB070BD10B42AB90368C9B21B685DF855
:104F1000044B1847D2B25DF8044BFFF7D5BFFFF73B
:104F2000F1BFFFFF4AF202520E4B0F49A3F8FE23D6
:104F30000E4A11604FF42542A3F8FE2303F5E42343
:104F40001A886FF304121A80BFF34F8F0849094B78
:104F5000CA6802F4E0621343CB60BFF34F8F00BF17
:104F6000FDE700BF00E001403581730700E5014027
:104F700000ED00E00400FA0573B5002504460E4676
:104F800080F830500D22684603F028F8BDF8003054
:104F900084F83860C3F38412636303F4F043B3F519
:104FA000006F2574E5746574A574657522750CD061
:104FB00004F11003A361064BE361064B2362064B29
:104FC0006362064BA362064BE362204602B070BDEB
:104FD000ED0D0100990E0100650E0100D50E0100D6
:104FE000710E01000E210148FFF7C6BF380D0020E9
:104FF000042911D8DFE801F0030C0A030E00002297
:10500000064B33F830100020FCF730BA1022F7E7D7
:105010000422F5E78422F3E7704700BF7C9001008B
:10502000044B0A1C18BF012233F830100020FCF793
:10503000F1B900BF7C900100EFF31080012383F3EE
:105040001088064B196819B9054AD1704021D170F2
:105050001A6801321A6080F3108870475C130020D0
:10506000000D08401FB50320FBF714FB6FF0FF0293
:10507000164BFF219A6401A80C2203F052FE012472
:1050800000235A0904A901EB820203F01F0104FA6C
:1050900001F052F80C1C013321EA0001602B42F8A8
:1050A0000C1CEED1019A0A4B0A491A600A4B0320E4
:1050B000C3F88022029A0A60C3F88422039A4A60E5
:1050C000C3F88822FBF7BCFA04B010BD0080004092
:1050D000708000407480004000E100E0704770473D
:1050E0000020704710B5002484F30A88FFF7BAFF48
:1050F00072B6184B184A19481A6023461958D150ED
:105100000433402BFAD10023154C02F14001185909
:10511000C8500433B3F5C07FF9D1124B9A60BFF386
:105120004F8F62B6FFF788FFFBF790F8FFF7CCFCD4
:1051300002F00EFF4FF4E1310B4802F022FC00F0C8
:105140003BF8FFF7CCFFFBF75BF8FFF7C7FFFBF778
:105150005BF8FCE7740D002000FE01200000010058
:105160004000010000ED00E01812002008B5FFF734
:10517000B9FFFFFF0A4601460148FCF777B900BFB7
:10518000D8120020024A136801331360704700BF31
:10519000B00D00200121FBF7BDB9704770B5064680
:1051A000044C256823685B1BB34202D2FFF7F5FF6E
:1051B000F8E770BDB00D002030B5164B87B0196A06
:1051C000154B0122039303230025CDE90123134B43
:1051D00004951B68C1F302608340C1F30221CB40F8
:1051E0004FF4FA51B3FBF1F30D4C009329462B46D3
:1051F0002046FEF719F82A4608212046FEF760F9F6
:105200002046FEF7C7F8204607B0BDE83040FEF75D
:10521000E8B800BF00E001408551010018130020EC
:10522000780D00200148FDF7F3BF00BF780D002086
:105230000148FEF729B900BF780D002070B500F1D4
:1052400010050446284600F01CFE3F2815D9E178D9
:10525000002001F0A3F880B1284600F012FE3F289C
:10526000E17807D904F50A724023BDE870400020B8
:1052700001F0B0B8002001F09FF8002070BDFFFFE2
:1052800010B5044600F04EFF08B9002010BD00F034
:1052900051FF0028F9D14FF42A72034B02FB04346A
:1052A000207900F00100F1E7B40D002008B54FF4BB
:1052B0002A73034A03FB0020103000F0BAFD08BD3A
:1052C000B40D00204FF42A7370B558434FF6FE76A4
:1052D0004FF6FF73B24288BF1A46064C92B22518A9
:1052E0001030204400F0EEFD04462846FFF7A6FFEC
:1052F000204670BDB40D00204FF42A73024A03FB10
:105300000020103000F0F1BDB40D00202DE9F04177
:10531000054600F007FF10B90020BDE8F08100F05D
:1053200009FF07460028F7D14FF42A746C43174D44
:1053300004F11C062E44304600F07BFD0028EBD023
:1053400005EB040898F80210384601F027F8002809
:10535000E2D004F51A74254429464022304600F074
:10536000B1FD98F80210044658B103462A46384663
:1053700001F030F838B9064B1B68DB07CCD500BE0E
:10538000CBE701F019F82046C7E700BFB40D0020B5
:10539000F0ED00E070B54FF42A740D4B054604FBA8
:1053A00000344FF6FF734FF6FE70824288BF1A46F4
:1053B0001C3492B2204600F0BFFD0646204600F0A5
:1053C00038FD3F2802D92846FFF7A0FF304670BDC0
:1053D000B40D002008B54FF42A73034A03FB0020E4
:1053E0001C3000F04EFD08BDB40D002013B5134C69
:1053F0004FF42A720021204603F093FCFF236371CF
:105400004FF4E1330822A3600023A273A381009329
:1054100004F1280101234FF4807204F1100000F020
:10542000F1FC01234FF48072009304F5947104F1B0
:105430001C0000F0E7FC02B010BD00BFB40D00205E
:1054400010B50A4C00210522204603F06AFC04F145
:1054500010001C3400F076FD204600F073FD20465D
:10546000BDE81040012100F072BD00BFB40D002066
:10547000F7B54B790746022B03D00024204603B032
:10548000F0BD8B79022BF8D11F4EB3787BBB8B78A4
:10549000092433700D780D4403E02B781C44A4B22A
:1054A0001D446B78242B1BD19442F6D96B78042BC6
:1054B00012D16B790A2B0FD1144B2E780193013343
:1054C00000930223A9191A46384600F033FF70B141
:1054D0000E3416FA84F4A4B20B48FFF7AFFECDE702
:1054E000052BE3D12946384600F000FF28B9084BC8
:1054F0001B68DB07C1D500BEBFE7AB7873702B78A4
:105500001C44A4B21D44D1E7B40D0020B60D002008
:10551000F0ED00E038B50B461146127802F060025B
:10552000202A47D1244A8C881578A54242D14C784C
:10553000203C032C3ED8DFE804F002141731012B85
:1055400005D107231D4A01F0DFFA012038BD032BE6
:10555000FBD11B4B002BF8D01849002002F004FBB4
:10556000F3E7012BF1D1ECE7012B02D101F0B2FA04
:10557000EBE7032BE9D14C881248E143147101F0A9
:10558000010100F0E4FC104B002BDED0C4F340021C
:1055900004F00101002002F0D3FAD6E7012BE5D098
:1055A000032BD2D1094B002BCFD04988002000E03B
:1055B00000BFCAE70020C9E7B40D0020BC0D0020E1
:1055C000697B0100D00D0020417B0100000000003C
:1055D0002DE9F0471C46374B8046DA780F468A4261
:1055E0001D4607D09B788B4259D1AB78BB4234D053
:1055F00001245BE003F50A7103F11000A2B200F090
:105600009BFC2D4B2BB92D4BFBB92A48FFF716FEFF
:10561000EBE795F905300133F5D005F2272606EBC7
:105620000409A6F2172A4E45EDD095F9052016F883
:10563000013F9A42F7D1504600F00BFC0028F2D10E
:1056400095F9051000E000BFEDE71D4800F001FCF2
:105650000028DAD100E000BFD7E71A4B13B10020D1
:1056600000E000BF0020FFF751FE0028C0D116481F
:1056700000F0DFFB0028BBD1002CB9D014F03F06AE
:10568000B6D1A978404600F089FE04460028AFD084
:1056900033463246A978404600F09CFE06E00B4BAC
:1056A0001C6814F0010401D000BE00242046BDE8AF
:1056B000F08700BFB40D00200000000000000000D3
:1056C000C40D002000000000D00D0020F0ED00E02F
:1056D000704770478B79012B0AD1CB79012B07D109
:1056E0000B78CA185278212A04D1C85C0930704757
:1056F0000020704709207047012973B506461446FB
:105700002AD1137803F01F05012D11D113F0600386
:1057100008D152780B2A0BD1214601F0DBF928463B
:1057200002B070BD202B03D153781BB1032B07D0DF
:105730000025F4E7114601F0CDF902F0CBF9EEE7D0
:1057400006220021684603F0ECFA06236A46214649
:10575000304601F0D9F9E2E70125E0E78C2200218B
:10576000014803F0DEBA00BF5C1000200020FFF704
:10577000F5BFFFFF2DE9F7430E4673790746032B6C
:10578000114604D00024204603B0BDE8F0833279EE
:10579000C2EBC2041234A4B28C4205D9234B1B685D
:1057A000DA07EFD500BEEDE7214D95F801E0A846F8
:1057B000BEF1000FF2D196F800C006EB0C0191F893
:1057C0000190B9F1210FE9D1C5F8881016F80CC085
:1057D00005F1010E0235CDF804E00095614400F0BA
:1057E000A9FD0028DAD0B37998F80210012B04BF84
:1057F000F37988F80330012388F80430B37888F807
:105800000030D8F88830B3F80730A8F806300029FF
:10581000B9D04023074A384600F0DCFD0028B2D159
:10582000024B1B68DB07AED500BEACE7F0ED00E035
:105830005C100020A410002013782DE9F3411546D8
:1058400003F01F02012A06460C4601D000246DE039
:10585000DFF8C081AA8898F80010D2B2914247467A
:10586000F4D113F060031FD0202BEFD16B78013BF4
:105870000A2BEBD801A252F823F000BFEF58010029
:10588000B7590100C35901004D5801004D5801009E
:105890004D5801004D5801004D5801004959010073
:1058A00093590100CF590100012C01D001243DE0A2
:1058B0006A78062ACAD16A88120A212A0AD1D8F837
:1058C0008820002AC2D02946137802B0BDE8F041F2
:1058D00001F01AB9222AB9D1184602F0A9F90246F4
:1058E000B8F806302946304601F00EF91EE0012CCA
:1058F000DCD1EB886988402B4FEA1122184628BF7B
:10590000402011F0FF0115D0012B13D90138384B7D
:10591000397280B20090002002F05CFB0444A4B213
:105920005CB9344B1B68DB0790D500BE204602B043
:10593000BDE8F0810024304BECE723462E4A29468F
:10594000304601F0E1F8B1E7012C05D1EB88402B9E
:105950003FF67CAF294AC5E7032CA7D1EB886988BD
:10596000402B4FEA1122184628BF402011F0FF01BA
:105970000DD0012B0BD997F848308B4207D1013855
:105980001F4B80B20090002002F026FB8EE71B4BDD
:10599000F8E7012C8AD169881A4B090A79712BB171
:1059A000002000E000BF00283FF450AF29463046F9
:1059B00001F090F87AE7012C7FF478AF2346124A81
:1059C00090E7012C7FF472AF2346104A8AE7012C3E
:1059D000ECD0032C7FF46AAF69880D4BC9B23971E2
:1059E000002B3FF463AF002000E000BF5EE700BF84
:1059F00065100020F0ED00E064100020A4100020ED
:105A0000A5100020000000006110002060100020A0
:105A1000000000005C10002037B51A4C0546A27843
:105A200060788A4213D088420AD1174A12B90120FD
:105A300003B030BD9AB21549002000E000BFF6E780
:105A4000134B1B68DB0700D500BE0020F0E7904237
:105A5000EBD000229BB211461046009304F148039C
:105A600002F0BAFA402304F14802A178284600F077
:105A7000B1FC0028DBD1064B1B68DA07E5D500BE78
:105A8000D6E700BF5C10002000000000641000207A
:105A9000F0ED00E00A4492B291424FEA400001D892
:105AA000824201DB121A92B21046704738B50D4699
:105AB000D41A8188A4B29A423CBF04EB4104A4B238
:105AC000BCB1A14205D2914294BF531A8B189BB22C
:105AD000438199420AD9C2880168C2F30E0202FBCF
:105AE0000311284603F012F9012038BD5B1A9BB25E
:105AF000EFE72046F9E7F7B50446900803460D4660
:105B00004FF6FF76013B9BB2B3420ED112F0030277
:105B100001EB800107D0002302A840F8043D03F008
:105B2000F5F8019B236003B0F0BD55F8047B2760B6
:105B3000E8E72DE9F3470F46BDF8281084885E1A80
:105B4000B6B28B423CBF06EB4406B6B280466EB39B
:105B5000B44206D226469C4294BF191BE11889B272
:105B60004181964228BF16468C4223D9641AB8F860
:105B70000630A4B2C3F30E03A6EB0409D8F8005014
:105B80009AB214FB03FA19FB03F902FB01559DF8C5
:105B90002C101FFA8AFA01291FFA89F918D0A64297
:105BA0000BD829463846724303F0B0F8304602B0AD
:105BB000BDE8F087091B89B2D6E752462946384628
:105BC00003F0A4F84A46D8F8001007EB0A00EBE708
:105BD000A64207D8294616FB03F292B23846FFF7D1
:105BE0008AFFE3E72AF00304A4B222462946384696
:105BF000FFF781FF1AF0030A27D0CAF104039BB212
:105C00004B4528BF4B4600202919A9EB030902ACDC
:105C10001FFA89F944F8040D0A5C0255421C9245AA
:105C20000CD1D8F8001020440B44994208D1019BB4
:105C30003B60B9F1000FB9D04A46CFE71046EBE719
:105C400011F8012B00F8012FEFE7D8F80010F0E76A
:105C5000F7B59408234605464FF6FF76013B9BB205
:105C6000B3420CD112F0030200EB840005D00B68A4
:105C700002A941F8043D03F049F803B0F0BD0F68F4
:105C800045F8047BEAE72DE9F74F1446C279058908
:105C90000F4641899B46D3090646ADB289B2B0F89A
:105CA000048015D18D4236BFC1EB4801691A4919EC
:105CB00089B241452EBF0021A8EB010189B28C4277
:105CC00028BF0C46002C50D1204603B0BDE8F08F11
:105CD00044450CD3BBF1000F06D1C288A4EB0804E5
:105CE000C2F30E0202FB04770D464446EAE78D42FA
:105CF0004FEA480036BF421A6A1A521992B2224439
:105D00008242DFDBA8EB040292B24046FFF7C2FEFC
:105D10000546D7E7ACEB080C1FFA8CFCC445F9D25A
:105D2000A8EB0C01F08889B2C0F30E00A4EB0109C6
:105D300011FB00FA19FB00F9336882B2BBF1010FC5
:105D40001FFA8AFA1FFA89F902FB0C3819D08C4223
:105D50000DD839464046624302F0D8FF2246294614
:105D6000B088FFF797FE3081AEE7AC46D6E75246E3
:105D70003946404602F0CAFF4A4607EB0A0130683E
:105D8000EAE78C4207D814FB00F23946404692B24B
:105D9000FFF75EFFE2E72AF0030B1FFA8BFB5A4680
:105DA00039464046FFF754FF1AF0030A28D0CAF1DB
:105DB000040080B2484528BF484600213A68A9EB54
:105DC000000902ABD8441FFA89F943F8042DCA5CD4
:105DD00008F8012001318A45F9D19A4433680AEB69
:105DE00000015A1E514506D11844B9F1000FB5D033
:105DF0004A463946CCE71AF801CB02F801CFF1E761
:105E00003068F2E7B2F5004F11D88280C288016095
:105E100063F30E029DF80030C280C2F3072263F3E1
:105E2000C7120023C2714381038101207047002003
:105E300070470389428981889BB292B2934236BFF0
:105E4000C2EB41029B1A9B1898B2884228BF0846B1
:105E50007047028943899BB29B1A58425841704748
:105E600003894289818892B29BB2934236BFC2EBCA
:105E700041029B1A9B189BB299428CBF00200120C3
:105E800070478288038940899BB280B2834236BFC3
:105E9000C0EB4200181AC01880B2824286BF101AA6
:105EA00080B20020704710B5028943890446FFF78D
:105EB000FDFD6189034682B2A088FFF7EBFD60819A
:105EC000184610BD73B50026038945890446CDE9FF
:105ED0000056FFF72EFE618903460246A088FFF7B1
:105EE000D9FD6081184602B070BD02894389FFF771
:105EF000DDBD70B5058904460E46ADB2FFF7B0FFB3
:105F000010B1E079C00913D02B46A2889A4210D96B
:105F1000E2882068C2F30E0202FB0300314602F061
:105F2000F5FE01222946A088FFF7B4FD208101205B
:105F300070BD9B1A9BB2E9E712B10023FFF7A3BE25
:105F40001046704700234381038101207047C379C5
:105F500061F3C713C3710120704708B50346008978
:105F60000A4601469888FFF795FD188108BD08B5D7
:105F7000034640890A4601469888FFF78BFD588101
:105F800008BD70B505894389ADB29BB284889D4236
:105F900036BFC3EB4402EA1A521992B2944206D2B7
:105FA0002246AC4294BF2B1B63199BB243812AB992
:105FB000C1E900228A6070BD2D1BADB2AC42FBD995
:105FC0009C420AD90068AB4200EB03064E6007D240
:105FD00000230A804B808B60EDE71B1B9BB2EFE731
:105FE000E31A9BB2D21A0B804A808860E3E770B54F
:105FF0000289448992B2A4B28588A24236BFC4EB1A
:106000004503131B9B189BB29D4202D9EB1A9BB20E
:1060100033B90023C1E900338B6070BD521B92B2CB
:106020009542FBD9A5420AD90068944200EB0206CA
:106030004E6007D90023A21A0A804B80ECE7641B4C
:10604000A4B2EFE7AA1A92B29B1A0A804B8088602A
:10605000E3E7FFFF0A4B1B78834206D9094B00EBAD
:1060600040001B6803EBC00070479A1C8242A1BF2E
:106070001822C01A044B02FB0030B8BF0020704742
:10608000EC100020E8100020EC91010070B50646ED
:106090000024124D2B78E0B20233834210DA3B2207
:1060A00000210F4802F03DFE1022FF210D4802F0B2
:1060B00038FEBDE870401422FF210B4802F031BECB
:1060C000FFF7C8FF013428B9084B1B68DB0700D570
:1060D00000BE70BD436830469847DBE7EC100020F7
:1060E000ED100020F010002000110020F0ED00E085
:1060F00070B50C4605461646086800F045FD236855
:1061000032462846BDE8704001211847044B1B78F1
:1061100010B1184600F068BF184600F07BBF00BF02
:106120002C050020024B5878003018BF0120704722
:10613000ED100020024B1878C0F38000704700BFBC
:10614000ED100020024B1878FF3818BF012070476F
:106150002C050020F8B51B4E05463278FF2A1FD1CA
:10616000194C3B220021194802F0DBFD201DFFF7EE
:10617000E9FE174B1C60174B23B1174800E000BF26
:10618000164B18600024144F3B78E0B20233834270
:1061900008DA2846357000F063FF284600F024FF37
:1061A000012009E0FFF756FF013430B90C4B1B68A2
:1061B00013F0010304D000BEF8BD03689847E3E77D
:1061C0001846F9E72C0500201C050020ED100020E2
:1061D0002811002000000000EC100020E810002032
:1061E000F0ED00E0F0B5437885B0023B05460C4683
:1061F000032B12D8DFE803F0026F242C0021374B69
:106200001A786FF300021A701A786FF341021A704D
:1062100059701A7861F382021A70314B1E6814B9F2
:106220003368204698472946301DFFF762FE054631
:1062300014B9336801209847002D46D005B0F0BD51
:10624000264B1A78D607F9D51A7842F00402E3E70C
:10625000224A1378D807F1D513786FF382031370AD
:10626000DBE7FFF7F7FE20B1436913B169682878CF
:10627000984701363B78F0B202338342F1DA174A8D
:1062800013785907DAD513786FF38203137000235C
:10629000CDF80630CDF80A30ADF80E302B788DF8F9
:1062A000043005238DF805300D4B1D6814B92B689B
:1062B0002046984701A9281DFFF71BFE064614B982
:1062C0002B6801209847002EB8D1064B1B68DB07CE
:1062D000B4D500BEB2E70026034FCBE7ED10002097
:1062E00028110020F0ED00E0EC10002038B58B788C
:1062F0000C4603F07F03092B06D90B4B1B68DB0709
:1063000000D500BE002038BD084B20461D78084B44
:10631000997801F0F1FA0028EFD021462846BDE82F
:10632000384000F0EBBE00BFF0ED00E02C0500208F
:10633000ED1000202DE9F0478046DDE908560C46B7
:1063400091469A460027B94501DC01200CE06378AC
:10635000052B04D1E17801F00301514508D00E4B23
:106360001B68DA0702D40020BDE8F08700BEFAE718
:1063700021464046FFF7BAFF28B9074B1B68DB07E9
:10638000F1D500BEF0E7A1780137CB0914BF317019
:10639000297023781C44D6E7F0ED00E0CB0901F02A
:1063A0007F00273303EB400302480021184401F02B
:1063B0007BBA00BFED100020CB0901F07F0027332E
:1063C00003EB400302480021184401F084BA00BFE7
:1063D000ED10002038B5154C01F07F0504EB4504A5
:1063E00004EBD1142034E079C00707D5104B1B68AB
:1063F000DA0701D4002038BD00BEFBE7E5790D487F
:1064000045F001050078E57100F05CFF0028F2D14D
:10641000E37960F30003E371E37960F38203E371EE
:10642000034B1B68DB07E5D500BEE4E7ED10002059
:10643000F0ED00E02C05002010B50C4C01F07F02BF
:1064400004EB420404EBD11494F8273020349B076A
:106450000BD4074B187800F059FFE37943F002039F
:10646000E371E37943F00103E37110BDED10002007
:106470002C05002010B50C4C01F07F0204EB420407
:1064800004EBD11494F8273020349B070BD5074B2D
:10649000187800F067FFE3796FF34103E371E37964
:1064A0006FF30003E37110BDED1000202C050020F8
:1064B0002DE9F04FBB4B89B01B78FF2B00F09B827E
:1064C000B94B00201D682C4654F8043B98472046E1
:1064D00005A9FFF7E8FC04462B6801209847002C2B
:1064E00000F089829DF81530013B072B00F2B08245
:1064F000DFE813F008001300AE028C029B021F00BD
:106500005A02A7029DF81400FFF7C0FD00F034FB0B
:106510009DF81820A54B9A70D2E79DF81400FFF75C
:10652000B5FD00F029FBA24B002BC9D000E000BF55
:10653000C6E79E4C002023789DF8145043F00103D9
:10654000237094F827306FF3000384F8273094F811
:1065500027306FF3820384F8273094F828306FF3E4
:10656000000384F8283094F828306FF3820384F80D
:10657000283000F009FB9DF8187007F06008B8F1AA
:10658000600F0FD18B4B1B68DC0700D500BE9DF858
:106590001400002100F0BAFE80219DF8140000F0E4
:1065A000B5FE8DE7B8F1400F0DD183480028EED03D
:1065B00000F0EAFA06AA0121284600E000BF002800
:1065C0007FF47EAFE3E707F01F07012F00F095810E
:1065D00019D3022FD6D19DF81C1001F07F06092E89
:1065E000D0D804EB460606EBD116F07CFFF732FD5F
:1065F0008146B8F1000F00F0AC810028C7D006AA90
:1066000000F10C010FE0B8F1200F10D19DF81C3003
:106610000F2BBCD81C44E078FFF71CFD0028B6D037
:1066200006AA00F10C012846FFF762FDC7E7B8F1A2
:10663000000FA7D19DF81930092BA3D801A252F859
:1066400023F000BFE3680100D16801008565010007
:10665000BD680100856501006D660100FD670100F0
:1066600085650100876601009B66010006A800F0B1
:1066700091FA9DF81A10284600F0E6FC237843F0C2
:10668000020323701CE7637808AA02F80E3D012379
:1066900006A9284600F038FA12E79DF81A906378A8
:1066A000994531D063783BB1284600F0F1FDA678DA
:1066B0002846FFF7EBFCA670B9F1000F00F09880B8
:1066C00009F1FF30C0B201F0C1FA10B14378022BDA
:1066D00006D0384B1B68DF077FF554AF00BE51E78B
:1066E000C2792378511161F30413921162F34513B7
:1066F0002370438800F10906C3180293029BB3423A
:1067000009D82E4B002B70D184F8019006A9284699
:1067100000F0E0F9D4E673780B2B02BF337896F8DB
:106720000380F618737818BF4FF00108042BD0D1FE
:10673000029B9B1B9BB2039300230193204B9DF86C
:1067400004701B780233BB4225DB3846FFF782FC1E
:1067500083460028BDD08368039A3146284698476F
:10676000082882463ED9039B83423BD3B8F1010FF0
:1067700006D1DBF80820134B9A4208BF4FF00208FD
:106780000022D3B2434521D331463B4652460E4800
:1067900001F0E2F856440A4B1B7802339F42ADDD0C
:1067A00097E700BF2C05002028110020ED100020E5
:1067B00000000000F0ED00E000000000000000001C
:1067C000EC1000207154010000110020B17801325A
:1067D0000B44A34951FA83F3D978FF297FF479AFA9
:1067E000DF70CEE7019B0133A7E700E000BF8BE736
:1067F0009C4B002B88D000E000BF85E7BDF81A0055
:10680000030A5A1EC0B20E2A3FF6C1AE01A151F8CA
:1068100022F000BF516801007B6801009B68010005
:106820008F6501008F650100AF6801007B68010082
:106830008F6501008F6501008F6501008F65010084
:106840008F6501008F6501008F6501005B680100A5
:1068500001F0E6F9122302460AE0834B002B3FF4D5
:1068600096AE00E000BF024600283FF48BAE43889E
:1068700006A9284600F048F9A1E6022B06D101F04E
:10688000E5F900283FF47EAE4388E4E7774B002B20
:106890003FF47DAE00E000BFF3E7BDF81C1001F04F
:1068A0000FFB024600283FF472AE0378E0E7704B1E
:1068B000002B3FF46CAE00E000BFF2E7BDF81A30E9
:1068C000012B7FF464AE237843F0080323701DE7A7
:1068D000BDF81A30012B7FF45AAE23786FF3C3034F
:1068E000F4E72378C3F340129B0803F00203134339
:1068F00008AA22F80E3D0223CAE69DF81C300F2B91
:106900003FF645AE1C44E078FFF7A4FB00283FF4B7
:106910003EAE00F10C0106AA2846FFF7E9FB00286D
:106920007FF4CEAD9DF8183013F060047FF42FAEE5
:106930009DF819300A3B012B3FF629AE00F024F9EF
:106940009DF819300A2B7FF4E1AE08AA02F80E4D2B
:106950009DE69DF81930012B03D01DD3032B7FF446
:1069600011AEBDF81A2022B9012B284619D1FFF724
:1069700081FDB9F1000F3FF4A3AD06AA09F10C01A6
:106980002846FFF7B5FB002000F0FEF894F8283009
:10699000DE073FF595ADB9E696F82730C3F340031F
:1069A000A6E7FFF749FDE4E79DF818102C4B01F02E
:1069B0007F0403EB440303EBD11393F827006FF339
:1069C000000083F8270093F827006FF3820083F814
:1069D00027003CB9079B9DF819209DF8140000F092
:1069E000E5F86DE5D87CFFF735FB38B9214B1B681E
:1069F000D80700D500BE09B0BDE8F08F0469079B39
:106A00009DF819209DF81400A04759E5144B1A78F9
:106A1000D1077FF555AD184A002A3FF451AD1878DB
:106A2000C0F3C00000E000BF4AE50D4B1B78DA0759
:106A30007FF546AD114B002B3FF442AD00E000BFA7
:106A40003EE5069B002B3FF43BAD0798984737E5A2
:106A5000084B1B68DB077FF533AD00BE30E500BF98
:106A6000ED10002000000000000000000000000009
:106A700000000000F0ED00E0000000000000000059
:106A8000124B70B59989DA8905468C1AA4B293F92C
:106A90000000402C28BF4024002809DA914212D07F
:106AA000996822460A4802F031F98021084A04E038
:106AB00091424FF00001F9D1002223462846BDE85B
:106AC0007040FFF787BC8021F6E700BF2C11002043
:106AD0004011002030B40B4C0546234608680A4696
:106AE000496803C30023C4E9023392F90020284611
:106AF00030BC9A42A8BF80211A46B8BF1946FFF79A
:106B000069BC00BF2C110020F8B5194D0C462E466B
:106B1000074608684968AA6003C60021E981E18840
:106B20008B4228BF0B46AB8179B143B13AB9114BC7
:106B30001B68DA0701D40020F8BD00BEFBE7384629
:106B4000FFF79EFF68B10120F6E794F900300A468E
:106B5000002B38460B46ACBF80210021FFF73AFCE2
:106B6000F0E7044B1B68DB07E5D500BEE4E700BF98
:106B70002C110020F0ED00E014220021014802F069
:106B8000D0B800BF2C110020014B1861704700BF26
:106B90002C1100200146044A00681346496803C3CB
:106BA0000023C2E9023370472C11002070B5304C2D
:106BB0001E462378C909B1EBD31F054616D03EB156
:106BC0002C4B1B68DA0701D4002070BD00BEFBE728
:106BD000294B13B1214600E000BF23690BB9012006
:106BE000F3E7234A032128469847F8E794F9003051
:106BF000002B06DBA0680028E6D032461F4902F0D1
:106C000085F8A368E28933443244A360E38892B2F2
:106C10009342E28101D03F2E25D82369A3B994F98C
:106C200000302846002B4FF00003A8BF80211A46F1
:106C3000B8BF1946FFF7CEFB0028D0D10D4B1B681B
:106C4000DB07C1D500BEC0E70221094A28469847A4
:106C500001460028E3D1284600F058FB8021284651
:106C600000F054FBBBE72846FFF70AFFE4E700BF4C
:106C70002C110020F0ED00E0000000004011002089
:106C8000034630B58518EC1A012C09D86FF00103C2
:106C9000540803FB042212B110F814300B7030BDFD
:106CA00033F8024B0C80EEE7F0B5154685B00F4681
:106CB00001A90646FFF765F9BDF804403946AC4224
:106CC00028BF2C462D1B22460298ADB2FFF7D8FFF5
:106CD00055B1BDF8063003989D4228BF1D462A468F
:106CE000FFF7CEFF2C44A4B221463046FFF73FF910
:106CF00005B0F0BD2DE9F843174B8146DC881F46EF
:106D000034B901201C705C709C70DC70BDE8F883A5
:106D1000B0F85E80254608F07F08444528BF454608
:106D20004DB11E685B7A00F11401DB072A4630463C
:106D30000DD5FFF7B9FF454538BF4FF40043A4EB2D
:106D4000050438BFA9F82230FC800020DEE72E447D
:106D5000FFF796FF3E60EEE78011002070B5044615
:106D6000BDF81050FAB14FF484602084208C860660
:106D7000FCD51748467A858061F300064672C580C7
:106D8000EDB10360BAB1B4F86030DB0B03D0B4F8F6
:106D900054301B060CD40F4B186810F0010001D0C2
:106DA00000BE002070BD0284208C8006FCD4E0E789
:106DB0002046FFF79FFF0120A4F86000F2E70523BB
:106DC000057045708570C570A4F860300120E9E752
:106DD00080110020F0ED00E02DE9F84F0C23314E3A
:106DE000054603FB0163B3F806800C46B8F1000FBB
:106DF00017D131B101F1370235F812305904FBD403
:106E000004E0294B1B68D80700D500BE0C235C4367
:106E1000002301203219335553709370D370BDE8AD
:106E2000F88F8BB243F480620285A0F86430B0F82A
:106E30006CA01FFA8AFA2B8D03F00F039C42FAD143
:106E40006B8D9A04FCD5D045474628BF574687B17D
:106E50004FF00C0B0BFB04FB06EB0B0353F8089BEA
:106E600005F118015B783A46DB07484613D5FFF772
:106E70001BFF57453CBF4FF400436B8500232B8518
:106E8000288D10F00F00FBD10C2303FB0464A8EB4A
:106E90000707E780C3E7B944FFF7F2FE46F80B9017
:106EA000E7E700BF80110020F0ED00E02DE9F84396
:106EB000DFF8D4C0D7098E4602F07F020CEB071131
:106EC0000A4492F878100446BDF8205041B92D4B81
:106ED000186810F0010001D000BE0846BDE8F88334
:106EE0000C224A430CEB020696F809904CF802304B
:106EF0006EF3000986F80990B580F580BFB11DB129
:106F0000FFF76AFF0120E9E78BB20385238D03F0C9
:106F10000F039942FAD1638D9E04FCD54FF40043D0
:106F2000638500232385238D1D07FCD1EAE74B1ED3
:106F3000042BE7D801F1230610EB8603E2D08AB2D6
:106F4000A0F8642000EB4101B0F86C20B1F86E00AD
:106F500092B2800718BFA1F86E7014F826000020C6
:106F6000154404F82600013D587895FBF2F5012000
:106F700058705D805A7842F002025A70A1F86E0093
:106F8000ACE700BFF0ED00E0801100207FB51446B3
:106F90000E4601A90546FFF72AF8BDF80410029A2B
:106FA000A14228BF21460B4613F1FF3313D2641AC6
:106FB000A4B25CB1BDF80620944228BF1446234613
:106FC000039A13F1FF330AD2214489B22846FEF70F
:106FD000C4FF04B070BD307802F8010BE4E73078EC
:106FE00002F8010BEDE7FFFF084B03EBC00042681E
:106FF00053B2002B08DB012102F01F0201FA02F25A
:1070000003495B0941F82320704700BF3005002089
:1070100000E100E00A4B03EBC000426853B2002BD2
:107020000DDB012102F01F0201FA02F25B090549A2
:10703000203341F82320BFF34F8FBFF36F8F70478A
:107040003005002000E100E07047FFFF034B53F8DC
:107050003020138843F01003138070473005002060
:10706000012138B51E4C1F4B626800F10B05A94089
:1070700053F8303022EA010262601A8842F48062DA
:107080001A801A885205FCD51A8840216FF34512E0
:107090001A801A886FF386121A801A8842F0010249
:1070A0001A800522C3F8F020D3F800246FF30412ED
:1070B000C3F80024B3F85E2061F30602A3F85E2053
:1070C0000022A3F840204FF45D421A8601225A871D
:1070D000DA86B3F840301B0601D5FFF7B7FF38BD9D
:1070E0000040084030050020034B53F830301A8828
:1070F0006FF304121A807047300500202DE9F84F15
:10710000CE78B1F804A006F00306012E8046CAF33B
:107110000A0A04D1BAF5807F06D900205FE0022E6A
:1071200004D066D8012E6FD13E4B0CE03D4B93F856
:107130002C20002A55D093F83820002A53D093F8F9
:107140004420002A51D01A7D002A50D093F82030D4
:10715000002B59D10224344B324A53F838700C2397
:10716000897803FB04234FEAD1194FEA091501F08E
:107170007F0B2A445A441972404682F87840FFF740
:1071800049FFA3B2A7F864304FF4407307EB440201
:10719000A7F86CA0A2F86E300023022EA2F86E3081
:1071A00045EA0B0337D143F485439BB2A7F8683017
:1071B000012303FA04F4A4B284F4FF715940A7F840
:1071C0004610F98E0C43FC86B9F1000F01D1022E56
:1071D00001D0A2F86E304046FFF706FF0120BDE85F
:1071E000F88F0324B7E70424B5E70524B3E70124A7
:1071F000B1E706240C220B4B02FB0430007A002876
:10720000A9D001340A2CF7D1084B186810F00100FE
:10721000E5D000BE81E7032E0CBF43F4004343F4E6
:107220004243C2E78011002030050020F0ED00E06D
:1072300070B50124144B01F07F0653F83050C90992
:10724000124B09015A18324492F87820E88E944083
:1072500020EA0400E8869AB102F1370405EB440401
:107260000020208094B2A5F864400C2404FB023274
:107270000B443344A5F8680083F87800107270BDA1
:1072800005F16004ECE700BF30050020801100200C
:10729000F8B505460A24FFF7BDFE0C27084E013C51
:1072A00004D12846BDE8F840FFF79EBE07FB046303
:1072B000197A0029F3D02846FFF7BAFFEFE700BF9D
:1072C000801100202DE9F3410C46174698460E4BDD
:1072D000054653F83060FFF79DFE14F07F01CDF8AE
:1072E00000803B4622460AD13046FFF737FD044670
:1072F0002846FFF779FE204602B0BDE8F081002164
:107300003046FFF7D3FDF2E73005002038B5134BC8
:1073100011F07F02054653F830401BD0CB091049CD
:1073200001EB0311114491F878309BB1373304EB32
:1073300043048CB12846FFF76DFE2388284603F0EE
:10734000030343F00203238002232380BDE8384077
:10735000FFF74ABE6034ECE738BD00BF30050020BF
:10736000801100201A4B2DE9F04111F07F080746EB
:107370000E4653F8305016D0164ACB0902EB0313D1
:10738000434493F8784074B1373405EB4404ECB1CE
:107390003846FFF73FFE4FF480732380F30905D092
:1073A000012323800DE005F16004F0E7094B43441D
:1073B00093F87830A5F86430B5F868309B0B012B52
:1073C000EED13846BDE8F041FFF70EBEBDE8F081D2
:1073D0003005002080110020C14A2DE9F04F52F8FD
:1073E00030408BB0B4F840700546BFB2FB4363F445
:1073F00078439BB217F4004FA4F84030904606D073
:10740000B4F840301E0640F1AB80FFF71FFE780451
:1074100013D500260523012107A88DF81D30CDF8CE
:107420001E60CDF82260ADF826608DF81C50FEF786
:10743000D9FE238E66F34D332386B90416D5238EE9
:107440009A0413D500260323012107A88DF81D30C7
:10745000CDF81E60CDF82260ADF826608DF81C5086
:10746000FEF7C0FE238E66F34D332386FB040AD558
:1074700007F07003402B7CD075D8102B00F08E8065
:10748000202B00F0F280380534D5F90740F10F8148
:1074900058F83530B3F8402012072BD54FF480420E
:1074A0005A84B3F8542005A9ADF81420B3F8562037
:1074B00008A8ADF81620B3F85820ADF81820B3F896
:1074C0005A20ADF81A204FF6F772A3F84020002397
:1074D000CDF81E30CDF82230ADF826300623082234
:1074E0008DF81C508DF81D3001F010FC012107A80B
:1074F000FEF778FE7E051ED50026B4F84A30A4F8C3
:107500004A60D80717D558F83500FFF7F3FB90B15C
:107510000722744B01219B888DF81D20802207A82B
:10752000CDF81E60ADF822608DF81C508DF820203B
:107530000993FEF757FEF9050FD5E38EB4F8462000
:107540004FF00C0B13400093DB43664E9BB2A4F844
:107550004630009B002B40F0C9800BB0BDE8F08F97
:10756000FFF7C2FD53E7602B03D0702B01D0502BE7
:1075700089D10023CDF81E30CDF82230ADF8263069
:107580000423012107A88DF81D308DF81C50FEF74B
:1075900029FE238E43F40053238674E7012358F811
:1075A00035607387F3864FF48043738400233385FB
:1075B000338D13F00F03FBD1B385B28D12F00F02A0
:1075C000FBD101234FF4007E4FF4807C06F1700163
:1075D00006F190001FFA83F90133062BA6F8649098
:1075E000A6F86820A1F800E021F8022B20F804CBCF
:1075F000F0D100214FF4007006F17A021FFA83FCEB
:1076000001330A2BA6F864C0A6F86810108022F88F
:10761000021BF3D198220021324801F082FB33890A
:1076200003F00703022B15D0032B1CD0012B13D121
:1076300000220121CDF81E20CDF82220ADF8262011
:107640008DF81C508DF81D108DF8203007A8FEF71E
:10765000C9FD18E70023EBE7234B1B68DE077FF526
:1076600012AF00BE0FE70223E2E758F83530B3F857
:10767000503013F07F033FF406AFADF8163000230F
:107680004FF4A0620693CDF81E30CDF82230ADF84D
:1076900026300623ADF8142005A9082208A88DF885
:1076A0001C508DF81D3001F031FB0121CEE717F0A1
:1076B00007037FF41FAF58F835200721128CCDF84F
:1076C0001E3012F0200F14BF80220022ADF82230AD
:1076D0008DF81C508DF81D108DF82020099305E7BA
:1076E0003005002080110020F0ED00E0009B58F8EC
:1076F000354093FAA3F7B7FA87F70BFB07631A7ABB
:10770000D2090ED039462046FFF766FB002840F02C
:107710009C80012303FA07F7009B23EA07030093E9
:1077200017E7002F62D0DB880193BBB22385A4F852
:107730006430B4F86C309BB2228D02F00F02974295
:10774000FAD1628D9204FCD5628DC2F30B029A428B
:1077500028BF1A460292DDE901218A4228BF0A4663
:1077600092460BFB0762D2F80090BAF1000F0AD0E4
:10777000527AD0072BD5524604F11801484603939C
:10778000FFF704FC039B534584BF4FF4804262859E
:1077900000222285228D1107FCD10BFB0762019983
:1077A0005345A1EB0A01D18003D8DDE901239342BF
:1077B000AFD300230BFB07F1B9EB030006EB01028B
:1077C000735418BF012053709370D3709EE74946DD
:1077D000524612F1FF3205D20BFB07F209EB0A0108
:1077E000B150D0E7207E01F8010BF2E7B4F85EA0BB
:1077F000628C0AF07F0AC2F30B02524528BF524640
:10780000F38801929A4228BF1A46914652B1727A81
:107810003068D20731D54A4604F114010293FFF7CC
:10782000B5FB029BCA4584BF4FF480426284A3EB40
:107830000902CA45F28003D8019A9A42FFF469AF5F
:10784000002333707370B370F3700BFB076293887F
:10785000117AD28807A89B1A0022CDF81E20ADF815
:10786000222007228DF8201001218DF81C508DF860
:107870001D200993FEF7B6FC4BE701464A4612F17C
:10788000FF3202D248443060CCE794F814C001F8CB
:1078900001CBF4E7024B03EBC0004160704700BF2F
:1078A00030050020FEF74EBC037813F0010310D121
:1078B0000278C2F3800262B9037813F0010308D1A1
:1078C0000278530705D4037843F0040303700120C2
:1078D0007047002070470378C3F380034BB10278F0
:1078E00012F0010105D1027861F38202027018469C
:1078F000704700207047FFFF8388C078C3F30A03F6
:1079000000F00300022812D01BD801280DD1022953
:1079100040F2FF3208BF4FF480629A420DD20D4B05
:10792000186810F0010008D000BE0020704702293E
:1079300004D1B3F5007FF2D101207047402BEED87F
:10794000FAE702290CBF4FF4806240229A42E6D344
:10795000F2E700BFF0ED00E030B50A44914200D3F9
:1079600030BD4C78052C06D18C7804F07F0500EBF7
:107970004505E4092B550C782144EFE70368DB69E2
:107980001847037C0BB9012303747047704713B584
:10799000026802AB03F8011D546819460122A04792
:1079A00002B010BD007C10B10020FDF77FBC704715
:1079B000007C10B10020FDF70DBD7047037C13B1B2
:1079C0000020FDF7A3BC704707B5007C38B10DF16E
:1079D00007010020FDF790FC20B19DF8070003B0DF
:1079E0005DF804FB4FF0FF30F9E7704710B504462F
:1079F0000020FDF745FC00B9607C10BD037C07B595
:107A000013B94FF0FF3012E0FFF7F0FF0028F8D075
:107A10000020FDF74BFC0028F3D001220DF10701F7
:107A20000020FDF74FFC0028EBD09DF8070003B0C5
:107A30005DF804FB037C2DE9F0418846174623B32B
:107A4000FFF7D4FF08B30020FEF760FB3D4600249B
:107A5000FDB10020FDF7BEFC30B90120FEF756FB5A
:107A60000020FDF753FCF3E7A842024608EB0401AF
:107A700028BF2A460020FDF78DFC06460120FEF7B0
:107A800045FB1EB13444AD1BEAE700242046BDE8A7
:107A9000F0813C46FAE7FFFF38B5037C04460BB99A
:107AA000002038BD4FF0FF300021FEF701FD2046D9
:107AB000FFF79CFF0028F3D0054D2C78002CF0D068
:107AC0000A20FDF76BFB002320462B70E9E700BF7F
:107AD000380500204AF20252154B30B51549A3F87B
:107AE000FE23154A8BB011604FF42542A3F8FE2304
:107AF00006238DF81430052301248DF81530032357
:107B000005A901A88DF816308DF817308DF81840AA
:107B10008DF81940FBF7F6FA054601A8FBF71AFBAA
:107B2000064B0E2D1C7000D1FEE70BB030BD00BF20
:107B300000E001403581730700E50140401200205C
:107B4000064B1970064B1A70064B1B68B3F5966FFF
:107B500002D109B9FDF7E6B9704700BF3012002025
:107B6000311200202C1200200B680A4A4879136059
:107B7000094AB3F5966F10600879084A8979106050
:107B8000074A116004D1074B1B780BB9FDF7CAB93E
:107B9000704700BF2C1200203C1200203812002039
:107BA000341200203012002000224FF47A71044B6E
:107BB000C3E9012103491A7419605A74704700BF60
:107BC000181200203C92010010B501F1080400F0E9
:107BD0000F02D3B2092ACCBF3733303304F8013D4A
:107BE000A1424FEA1010F2D110BDFFFF08B5EFF32C
:107BF0000383103B094A5BB2C03352F823100020C4
:107C00006FF3104142F82310FFF7E6FBBDE8084090
:107C100000214FF0FF30FEF74BBC00BF006000407A
:107C200000230248037143718371704739050020B6
:107C3000002307B50448019310B101A800E000BF7C
:107C400003B05DF804FB00BF00000000014B1868A2
:107C5000704700BF441200202DE9F04F934BA3B0B2
:107C60001E689846002E40F01C8140243146224672
:107C70000DF1460001F055F840F60833ADF84430F8
:107C800002238DF847308DF848308DF849308DF853
:107C900052308DF873308DF8823040F2014340F25B
:107CA0000122ADF85E304FF40973ADF8502040F278
:107CB0000452ADF8603040F20253ADF854208121F7
:107CC0002422ADF8623040F224638DF856208DF8FE
:107CD0006A10774A082116920722ADF864304FF4F3
:107CE00011638DF86C100A218DF868208DF87F20C3
:107CF000822201254FF0050940F2094B4FF0030A9B
:107D0000ADF86E304FF482736A4F8DF874106A4983
:107D1000002F1E918DF8812031464FF00E020DF19B
:107D200016008DF87C408DF88340ADF8703014BF9C
:107D300002240024ADF84CB08DF85C508DF86990A9
:107D40008DF86BA08DF880908DF8675000F0E9FFFA
:107D5000FE238DF8193009238DF81D3021238DF86D
:107D60001E300D238DF81F30E8238DF820301023AE
:107D7000002F8DF823300CBF3B462B468DF8164064
:107D80001C444E4BADF814B08DF81A508DF81B50B2
:107D90008DF81C908DF821A08DF824508DF8255079
:107DA000E4B20196002B7FD001A800E000BF1722AB
:107DB00000210DF12A0000F0B4FF40F20943ADF8B4
:107DC000283040F20133ADF82C3021238DF83230C9
:107DD00011238DF8333042F20123ADF8363040F2F2
:107DE0000753ADF83A3040F28333ADF83C304023CE
:107DF0008DF83E300A238DF84030019B4FF0000A89
:107E00008DF838301B0A8DF8393040F209234FF0D5
:107E10000909ADF80830C023002F14BF5D264E4677
:107E2000554514BF1922524601218DF80F30FA230F
:107E300016448DF82A4030462C448DF831908DF848
:107E400034108DF80EA08DF80D108DF810308DF8CF
:107E50000A608DF80BA08DF80C4000F047FFC8F8C1
:107E60000000F0B13246514600F05BFFD8F8004008
:107E70004A4602A9204600F049FF04EB09005FB121
:107E8000422211A900F042FF122205A904F14B0081
:107E900000F03CFF04F15D001DB119220AA900F0B9
:107EA00035FF23B0BDE8F08F1D4680E74412002067
:107EB00020010524EB790100070502020000000003
:107EC00070B51E4C064694F900309BB91C4D2146F6
:107ED0002868FFF779FE04F108016868FFF774FE6F
:107EE00004F11001A868FFF76FFE04F11801E868BB
:107EF000FFF76AFE5EB940F20942124B5A80012335
:107F0000013310485B0043F44073038070BD052EBD
:107F100012D801220C4B0B4C53F82610013911F9E1
:107F2000010F531EDBB20028EAD024F81200013200
:107F3000212AF4D12023E3E70020E7E78A1200207A
:107F40009081000148120020689201007047FFFFF5
:107F50001FB5FFF7A7FC044690BBFFF7F7FF4AF2F7
:107F600002531849A1F8FE33174B5A6822F40062F5
:107F70005A605A6822F480525A604FF42543A1F89F
:107F8000FE3304230193114B02936FF020030393FC
:107F9000FBF700FB01AA0121FBF71AFD039920461C
:107FA000FFF778FCFFF758FE2046FEF7D3F8F8F706
:107FB00043F9074AB2F8CC3043F08003A2F8CC3042
:107FC00004B010BD00E0014000400840ED7B01001E
:107FD00000000940002070477047FFFFF8B50026F9
:107FE0000F4604461546068046808680F8F722F93B
:107FF000874216D83346304901EBC7014868F2B2D0
:1080000030F812101DB901F03E020A2A04E0012DD9
:1080100009D101F03E02082A0BD00A0406F101063C
:10802000EDD52046F8BD022D08D101F03E02042A0C
:10803000F1D15A1C24F81310D3B2EEE7032D04D16A
:1080400001F03E02062AE0D1F3E7042D02D101F04F
:108050003A02E0E7052D02D101F03A02D5E7062DFC
:1080600003D101F03E02102AD6E7072D05D101F019
:108070003E02122ADDD0182ACEE7082D03D101F0E6
:108080003E02022AC8E70A2D03D101F03E02142A5B
:10809000C2E70B2D03D101F03E021C2ABCE70C2DD8
:1080A00003D101F03E021A2AB6E70D2DB5D101F039
:1080B0003E021E2AB0E700BF7C90010010B50028E8
:1080C00014BF04460124204600F010FE30B900F031
:1080D00015F808B900F0FCFD8047F4E710BD03680F
:1080E000DB0706D4437803B1FFDE01234370184653
:1080F000704700207047012303607047014BD3E8AD
:10810000AF0F7047CC12002000F000B800F0F6BDB1
:1081100081F0004102E000BF83F0004330B54FEA38
:1081200041044FEA430594EA050F08BF90EA020FA5
:108130001FBF54EA000C55EA020C7FEA645C7FEA38
:10814000655C00F0E2804FEA5454D4EB5555B8BF5B
:108150006D420CDD2C4480EA020281EA030382EACC
:10816000000083EA010180EA020281EA0303362D5E
:1081700088BF30BD11F0004F4FEA01314FF4801C31
:108180004CEA113102D0404261EB410113F0004F43
:108190004FEA03334CEA133302D0524263EB4303FA
:1081A00094EA050F00F0A780A4F10104D5F1200E98
:1081B0000DDB02FA0EFC22FA05F2801841F10001F3
:1081C00003FA0EF2801843FA05F359410EE0A5F1C7
:1081D00020050EF1200E012A03FA0EFC28BF4CF0F8
:1081E000020C43FA05F3C01851EBE37101F00045AE
:1081F00007D54FF0000EDCF1000C7EEB00006EEBBB
:108200000101B1F5801F1BD3B1F5001F0CD3490844
:108210005FEA30004FEA3C0C04F101044FEA44529B
:1082200012F5800F80F09A80BCF1004F08BF5FEA22
:10823000500C50F1000041EB045141EA050130BD02
:108240005FEA4C0C404141EB010111F4801FA4F1A5
:108250000104E9D191F0000F04BF01460020B1FAFA
:1082600081F308BF2033A3F10B03B3F120020CDA32
:108270000C3208DD02F1140CC2F10C0201FA0CF010
:1082800021FA02F10CE002F11402D8BFC2F1200C75
:1082900001FA02F120FA0CFCDCBF41EA0C0190402B
:1082A000E41AA2BF01EB0451294330BD6FEA040474
:1082B0001F3C1CDA0C340EDC04F11404C4F120025F
:1082C00020FA04F001FA02F340EA030021FA04F371
:1082D00045EA030130BDC4F10C04C4F1200220FAC8
:1082E00002F001FA04F340EA0300294630BD21FA06
:1082F00004F0294630BD94F0000F83F4801306BFCC
:1083000081F480110134013D4EE77FEA645C18BFBF
:108310007FEA655C29D094EA050F08BF90EA020F56
:1083200005D054EA000C04BF1946104630BD91EA4E
:10833000030F1EBF0021002030BD5FEA545C05D151
:108340004000494128BF41F0004130BD14F5800490
:108350003CBF01F5801130BD01F0004545F0FE4104
:1083600041F470014FF0000030BD7FEA645C1ABF39
:10837000194610467FEA655C1CBF0B46024650EA70
:10838000013406BF52EA033591EA030F41F400219C
:1083900030BD00BF90F0000F04BF0021704730B522
:1083A0004FF4806404F132044FF000054FF00001F7
:1083B00050E700BF90F0000F04BF0021704730B5B8
:1083C0004FF4806404F1320410F0004548BF40428D
:1083D0004FF000013EE700BF42004FEAE2014FEAE2
:1083E00031014FEA02701FBF12F07F4393F07F4FBD
:1083F00081F06051704732F07F4208BF704793F0C0
:108400007F4F04BF41F40021704730B54FF46074D2
:1084100001F0004521F000411CE700BF50EA0102D5
:1084200008BF704730B54FF000050AE050EA01027E
:1084300008BF704730B511F0004502D5404261EBEE
:1084400041014FF4806404F132045FEA915C3FF42F
:10845000D8AE4FF003025FEADC0C18BF03325FEACC
:10846000DC0C18BF033202EBDC02C2F1200300FA7D
:1084700003FC20FA02F001FA03FE40EA0E0021FAA2
:1084800002F11444BDE600BF70B54FF0FF0C4CF490
:10849000E06C1CEA11541DBF1CEA135594EA0C0F42
:1084A00095EA0C0F00F0DEF82C4481EA030621EA7D
:1084B0004C5123EA4C5350EA013518BF52EA0335B8
:1084C00041F4801143F4801338D0A0FB02CE4FF06A
:1084D0000005E1FB02E506F00042E0FB03E54FF09A
:1084E0000006E1FB03569CF0000F18BF4EF0010E92
:1084F000A4F1FF04B6F5007F64F5407404D25FEA8E
:108500004E0E6D4146EB060642EAC62141EA555140
:108510004FEAC52040EA5E504FEACE2EB4F1FD0C82
:1085200088BFBCF5E06F1ED8BEF1004F08BF5FEA00
:10853000500E50F1000041EB045170BD06F00046B2
:1085400046EA010140EA020081EA0301B4EB5C045F
:10855000C2BFD4EB0C0541EA045170BD41F4801157
:108560004FF0000E013C00F3AB8014F1360FDEBF7C
:10857000002001F0004170BDC4F10004203C35DA58
:108580000C341BDC04F11404C4F1200500FA05F3DB
:1085900020FA04F001FA05F240EA020001F000427C
:1085A00021F0004110EBD37021FA04F642EB0601F2
:1085B0005EEA430E08BF20EAD37070BDC4F10C041C
:1085C000C4F1200500FA04F320FA05F001FA04F2E0
:1085D00040EA020001F0004110EBD37041F10001CC
:1085E0005EEA430E08BF20EAD37070BDC4F12005D7
:1085F00000FA05F24EEA020E20FA04F301FA05F23F
:1086000043EA020321FA04F001F0004121FA04F2E6
:1086100020EA020000EBD3705EEA430E08BF20EAB6
:10862000D37070BD94F0000F0FD101F000464000F0
:1086300041EB010111F4801F08BF013CF7D041EA72
:10864000060195F0000F18BF704703F00046520076
:1086500043EB030313F4801F08BF013DF7D043EA47
:108660000603704794EA0C0F0CEA135518BF95EAFD
:108670000C0F0CD050EA410618BF52EA4306D1D184
:1086800081EA030101F000414FF0000070BD50EAA3
:10869000410606BF1046194652EA430619D094EA2D
:1086A0000C0F02D150EA013613D195EA0C0F05D117
:1086B00052EA03361CBF104619460AD181EA03016B
:1086C00001F0004141F0FE4141F470014FF0000023
:1086D00070BD41F0FE4141F4780170BD70B54FF0BE
:1086E000FF0C4CF4E06C1CEA11541DBF1CEA13553E
:1086F00094EA0C0F95EA0C0F00F0A7F8A4EB050420
:1087000081EA030E52EA03354FEA013100F0888016
:108710004FEA03334FF0805545EA131343EA1263DF
:108720004FEA022245EA111545EA10654FEA002694
:108730000EF000419D4208BF964244F1FD0404F54D
:10874000407402D25B084FEA3202B61A65EB0305A9
:108750005B084FEA32024FF480104FF4002CB6EB66
:10876000020E75EB030E22BFB61A754640EA0C00E6
:108770005B084FEA3202B6EB020E75EB030E22BF26
:10878000B61A754640EA5C005B084FEA3202B6EB67
:10879000020E75EB030E22BFB61A754640EA9C0026
:1087A0005B084FEA3202B6EB020E75EB030E22BFF6
:1087B000B61A754640EADC0055EA060E18D04FEAB4
:1087C000051545EA16754FEA06164FEAC30343EA54
:1087D00052734FEAC2025FEA1C1CC0D111F4801F21
:1087E0000BD141EA00014FF000004FF0004CB6E71A
:1087F00011F4801F04BF01430020B4F1FD0C88BFB9
:10880000BCF5E06F3FF6AFAEB5EB030C04BFB6EBC3
:10881000020C5FEA500C50F1000041EB045170BDB6
:108820000EF0004E4EEA113114EB5C04C2BFD4EBE3
:108830000C0541EA045170BD41F480114FF0000E67
:10884000013C90E645EA060E8DE60CEA135594EAE3
:108850000C0F08BF95EA0C0F3FF43BAF94EA0C0FE6
:108860000AD150EA01347FF434AF95EA0C0F7FF45B
:1088700025AF104619462CE795EA0C0F06D152EAAF
:1088800003353FF4FDAE1046194622E750EA410693
:1088900018BF52EA43067FF4C5AE50EA41047FF4A4
:1088A0000DAF52EA43057FF4EBAE12E74FEA410207
:1088B000B2F1E04324BFB3F5001CDCF1FE5C0DD93E
:1088C00001F0004C4FEAC0024CEA5070B2F1004F88
:1088D00040EB830008BF20F00100704711F0804F8B
:1088E00021D113F13872BCBF01F00040704741F450
:1088F00080114FEA5252C2F11802C2F1200C10FA54
:108900000CF320FA02F018BF40F001004FEAC12337
:108910004FEAD32303FA0CFC40EA0C0023FA02F3DB
:108920004FEA4303CCE77FEA625307D150EA0133B1
:108930001EBF4FF0FE4040F44000704701F0004081
:1089400040F0FE4040F40000704700BF7BB972B9B0
:108950000029BEBF00204FF0004106E008BF0028FC
:108960001CBF6FF000414FF0FF3000F0AFB9ADF128
:10897000080C6DE904CE002909DB002B1ADB00F09E
:1089800035F8DDF804E0DDE9022304B07047404229
:1089900061EB4101002B1BDB00F028F8DDF804E05F
:1089A000DDE9022304B0404261EB4101524263EB36
:1089B00043037047524263EB430300F017F8DDF8BE
:1089C00004E0DDE9022304B0404261EB410170475D
:1089D000524263EB430300F009F8DDF804E0DDE9FF
:1089E000022304B0524263EB430370472DE9F04782
:1089F0008C46089D04468A46002B4AD18A42174677
:108A000062D9B2FA82F64EB1C6F1200E01FA06F32F
:108A1000B740B44020FA0EFE4EEA030A4FEA174868
:108A2000230C1FFA87F9BAFBF8FE08FB1EAA0EFBFF
:108A300009F243EA0A439A420BD9FB180EF1FF31BF
:108A40002CBF012000209A4202D9002800F02A8180
:108A50008E469A1AA3B2B2FBF8F008FB102200FB74
:108A600009F943EA0244A14507D93C1900F1FF3353
:108A700002D2A14500F210811846A4EB090440EA95
:108A80000E4000211DB1F4400023C5E90043BDE8BC
:108A9000F0878B4208D9002D00F0F2800021C5E953
:108AA000000C0846BDE8F087B3FA83F100294ED1E7
:108AB0006345C0F0E880824240F2E5800846002D20
:108AC000E5D0C5E9004AE2E702B9FFDEB2FA82F674
:108AD000002E40F099808B1A4FEA124E1FFA82F84E
:108AE00001214FEA144CB3FBFEF20EFB123008FBDF
:108AF00002F94CEA004CE14508D917EB0C0C02F1E5
:108B0000FF3302D2E14500F2CA801A46ACEB090CF1
:108B1000A3B2BCFBFEF00EFB10CC08FB00F843EA4E
:108B20000C44A0450ED93C1900F1FF332CBF4FF087
:108B3000010C4FF0000CA04503D9BCF1000F00F070
:108B4000A8801846A4EB080440EA02409AE7C1F165
:108B500020048B4002FA01FE0CFA01F6E24020FAF2
:108B600004F72CFA04FC00FA01F813433E431F0CEF
:108B7000320C1FFA83F9BCFBF7F007FB10CC00FBAB
:108B800009FA42EA0C4CE24508D913EB0C0C00F14F
:108B9000FF3202D2E24500F289801046ACEB0A0CAB
:108BA000B6B2BCFBF7FA07FB1ACC0AFB09F946EA96
:108BB0000C42914506D99A180AF1FF3601D2914527
:108BC0007AD8B2464AEA0040A2EB0902A0FB0E673F
:108BD000BA42B446B94602D307D1B04505D2B6EB86
:108BE0000E0C67EB030301389946002D6BD0B8EBF0
:108BF0000C0362EB090202FA04F4CB40CA400021E4
:108C00001C43C5E9004242E7B740C6F1200201FA21
:108C100006F3B44021FA02FC4FEA174E20FA02F2A2
:108C20001FFA87F8BCFBFEF11A430EFB11CC01FBC7
:108C300008F0130C43EA0C4C604507D917EB0C0CF9
:108C400001F1FF3301D2604533D81946ACEB000C7B
:108C500092B2BCFBFEF00EFB10CC00FB08F342EA24
:108C60000C4C634507D917EB0C0C00F1FF3201D215
:108C7000634525D81046ACEB030340EA014130E7D9
:108C80002946284603E7841A6CEB030301209A4621
:108C900015E702383C4455E702383C44EDE6023A19
:108CA000BC4433E7AEF1020E3B44D2E602389C44AA
:108CB00074E70239BC44C9E7AAF1020A1A4481E701
:108CC0000238BC44D7E72946E1E600BF704700BF41
:108CD00008B5062000F00EF9012000F041F9FFFF71
:108CE000014B1868704700BF4C050020024B01463D
:108CF000186800F06DB800BF4C050020024B01461B
:108D0000186800F017B800BF4C050020431E0A4445
:108D100010B5914200D110BD11F8014B03F8014F7D
:108D2000F7E702440346934200D1704703F8011B62
:108D3000F9E7FFFF38B50546002945D051F8043C56
:108D40000C1F002BB8BFE41800F0F8F81F4A136896
:108D5000104633B9636014602846BDE8384000F01F
:108D6000EEB8A3420CD921686218934202BF1A6878
:108D70005B685218636008BF22600460ECE713462A
:108D80005A680AB1A242FAD919685818A0420BD100
:108D900020680144581819608242DDD11068526879
:108DA00001445A601960D7E702D90C232B60D3E73E
:108DB000206821188A4202BF11685268091862604F
:108DC00008BF21605C60C7E738BD00BFD01200203B
:108DD00070B5CD1C064625F0030508350C2D38BFAF
:108DE0000C25002D01DBA94203D90C2333600020A0
:108DF00070BD00F0A3F8214A1468214691B9204CB7
:108E000023681BB9304600F03DF820602946304603
:108E100000F038F8431C24D10C233046336000F0B6
:108E20008EF8E4E70B685B1B18D40B2B0FD9CC181A
:108E30000B60CD50304600F082F804F10B00231D8A
:108E400020F00700C31AD3D05A42E250D0E78C4238
:108E50004B681ABF63600C461360EBE70C46496829
:108E6000CCE7C41C24F00304A04205D0211A3046EC
:108E700000F008F80130CFD02560DBE7D0120020E9
:108E8000D412002038B50023054C0546084623605F
:108E9000F7F726FC431C02D1236803B12B6038BDD1
:108EA000A81500201F2938B504460D4604D91623FD
:108EB00003604FF0FF3038BD426C12B152F82130E0
:108EC0004BB9204600F030F82A4601462046BDE85E
:108ED000384000F017B8012B0AD0591C03D11623D3
:108EE00003600120E7E70024284642F82540984720
:108EF0000020E0E7024B01461868FFF7D3BF00BF30
:108F00004C05002038B50023064C0546084611469E
:108F1000236000F01DF8431C02D1236803B12B60CD
:108F200038BD00BFA815002000F00AB8034613F8AA
:108F3000012B002AFBD1181A01387047704770477F
:108F4000024B58224FF0FF301A607047A8150020DE
:108F5000024B58224FF0FF301A607047A8150020CE
:108F6000FEE700BF4275696C74207769746820520F
:108F7000656E6573617320416476616E636564201C
:108F8000466C657869626C6520536F6674776172B0
:108F900065205061636B6167652076657273696FE8
:108FA0006E20342E302E3000342E302E3000000053
:108FB00000000004F8B500BFF8BC08BC9E4670472E
:108FC000F8B500BFF8BC08BC9E467047140082810B
:108FD0005400C28194008280D48114829405520985
:108FE00044008200090051080C80540552014600DB
:108FF00042000B0057080E8014051C009208110057
:109000008B081080D4041A00920017805208420086
:10901000098052000280128812801208578A1A00B2
:10902000520051004B0A4E801C005208C2009700AB
:10903000490A4C80D20002019100510A5080D208A6
:1090400051088B80120904001100510A50801280CF
:10905000120982018900578A120142018B80D2894C
:10906000D20142821404928054049208C2024B88B6
:109070009404D208020349881E00548201030000B0
:10908000509001000203000058900100050100000B
:1090900012900100040100000C9001000301000087
:1090A0000490010002010000F88F01000601000099
:1090B0001690010007010000189001000403000051
:1090C00060900100030300005E9001000C010000AD
:1090D0003E900100090100001E9001000A010000FD
:1090E000289001000B010000349001000E000000E8
:1090F0007890010000000000CC8F0100010000000A
:10910000D08F010002000000D48F01000101000097
:10911000EA8F010000010000DC8F01000005000063
:10912000649001000C000000D88F01000D000000C9
:10913000DA8F0100010500006890010002050000BF
:1091400070900100080100001A9001000003000067
:109150004E90010004020000449001000100020052
:10916000080010000A0900000A0900003F0B000077
:109170000403010C00091408111C101918FF060043
:10918000080010001800200040006000800000016E
:109190008001000200040008FFFF00FF010203FF3E
:1091A0000000000000000000854301006D4E01003A
:1091B0005143010063430100E7430100A94401005A
:1091C0006D4301005943010079460100B943010094
:1091D000554301000C0A080E101802191D1F01FF4B
:1091E00000000000000000007D4C0100ED53010074
:1091F000415401007154010015550100D155010081
:10920000000000006D5701005D5701007557010017
:1092100039580100195A010000000000D156010020
:10922000D3560100D5560100F95601000000000098
:109230000000000000000000000000008F79010025
:10924000357A0100B1790100BD790100A5790100ED
:10925000FD790100C9790100837901007D79010060
:109260008D790100997A01009092010080920100AD
:10927000889201008A120020919201009A920100C6
:1092800041726475696E6F00564B205241344D3205
:109290000043444320506F7274004446552D52548D
:1092A00020506F72740000000000000000000000F9
:1092B00000000000000000000000000000000000AE
:1092C000000000000000000000000000000000009E
:1092D000000000000000000000000000000000008E
:1092E000000000000000000000000000000000007E
:1092F000000000000000000000000000000000006E
:10930000000000000000000000000000000000005D
:10931000000000000000000000000000000000004D
:10932000000000000000000000000000000000003D
:10933000000000000000000000000000000000002D
:10934000000000000000000000000000000000001D
:10935000000000000000000000000000000000000D
:10936000000000000000FFFF0000000000000000FF
:1093700000000000000000000000000000000000ED
:1093800000000000000000000000000000000000DD
:1093900000000000000000000000000000000000CD
:1093A00000000000000000000000000000000000BD
:1093B00000000000000000000000000000000000AD
:0C93C000000000000000000000000000A1
:1093D4004FF42A4110B500204FF49644104BB3F8D3
:1093E4008420A3F8841092B2B3F8841089B289B9A6
:1093F400012A0ED14DF60111A3F84410094BA3F82C
:109404000421B3F8042192B2002AFAD10122A3F86C
:10941400002110BD002C08BF4FF4FA70013CE3E7B3
:1094240000E07F4000C001404FF49643B32282B075
:1094340001930C4B1A700C4AD2F880301B0408D5E7
:10944400137C40F2F51013F0100F08BF002002B097
:109454007047019B1BB1019B013B0193ECE7142076
:10946400F5E700BF00007E4000E07F404FF49643E4
:10947400502282B001930C4B1A700C4AD2F88030FF
:109484001B0408D5137C40F2F51013F0100F08BF2D
:10949400002002B07047019B1BB1019B013B01936B
:1094A400ECE71420F5E700BF00007E4000E07F40B9
:1094B40038B5436805461A7842B193F9110000F0B3
:1094C400F3F96B6893F9130000F0EEF90C4BB3F861
:1094D40084309BB213B9281D00F0EEF9FFF7A4FF06
:1094E4000446FFF7C3FF002C08BF0446FFF770FFD4
:1094F400002385F834309C4218BF204638BD00BF95
:1095040000E07F4070B52026846A0B4D0B4B21444C
:109514001C632E70D0262E708162016B01390163A9
:109524001AB9002070BD2AB1013AD3F88010090499
:10953400F9D5F6E71420F5E700007E4000E07F400F
:10954400F7B50546144622B9436893F9110000F0B3
:10955400ABF9E822EB6A2048490803631F4B002655
:109564001A70CAB21A701A46B1420FD1D0231370BE
:1095740064BB01226B6893F91130590903F01F038E
:1095840002FA03F3164A42F8213023E02B690193CF
:10959400AB6A1F881780D0F880707F0509D4023326
:1095A400AB62EB6A01360233EB622B6B013B2B633C
:1095B400DAE7019F07F1FF3CCDF804C0002FEAD1A0
:1095C400142003B0F0BD002CFAD0013CD0F8803058
:1095D4001B04F8D50020F4E700E07F4000007E4043
:1095E40000E100E010B50E4B1C7CE40609D5D3F86D
:1095F4008040640402D51C7C00241C7440F2F514E1
:1096040000E00024D3F880300B4218BF144620B980
:109614000CB1FFF709FF204610BD0446F9E700BF6F
:1096240000E07F4013B58369104A01931163402120
:109634000F4B104C197008211970002134F81100D7
:10964400013108291880F9D1D0211970D2F880305D
:109654001B0402D5002002B010BD019B1BB1019B6D
:10966400013B0193F2E71420F5E700BF00E07F40DF
:1096740000007E40080500206FEA415110B56FEAF2
:1096840051514FF6FF74074B42EAC03242F4F042A4
:109694001C805C80DA8099801C815C819C81DC81E7
:1096A40010BD00BF080500204FF4964307B5019391
:1096B400436801461A7842B193F9110000F0F4F8B6
:1096C4004B6893F9130000F0EFF84FF459420C4B38
:1096D400A3F844204AF60122A3F88420B3F8842096
:1096E40092B2012A03D1002003B05DF804FB019A71
:1096F4001AB1019A013A0192F0E74FF4FA70F3E7D4
:1097040000E07F4038B50546FFF7CEFF044668B158
:10971400204638BD6CB9AA6880212846FFF710FF9F
:1097240018224FF4A041FFF75DFF04462B6B002B7A
:10973400F0D1FFF74DFE002C08BF0446E8E738B52A
:10974400816202630546FFF7AFFF044650B9012268
:10975400114BA3F8E0202B6B33B9FFF739FE002C33
:1097640008BF0446204638BD002CF6D1D5E90723AE
:10977400A96A2846B1F5803F2ABF1A464FF4005122
:109784004FF40041FFF7BEFE19224FF4C041FFF72A
:1097940029FF0446DFE700BF00E07F402DE9F041E8
:1097A400104B0646D3F8DC500F469046FFF77CFF7B
:1097B400ED0F044698B94FEA5832790B2846FFF763
:1097C4005BFF09493046FFF72DFF21461822FFF7BA
:1097D40009FF0446FFF7FCFD002C08BF04462046A1
:1097E400BDE8F08100E07F4030A10001F8B50646F5
:1097F4000D461746FFF758FF044650B95FB1124BA8
:1098040045F4CC45A3F8E850FFF7E2FD002C08BF6F
:1098140004462046F8BD1022FF210C4800F054F8FD
:1098240047F6FF7215F0010F4FF6FF7318BF13468A
:10983400064A07493046D380FFF7F4FE2146182232
:10984400FFF7D0FE0446DFE700E07F400805002074
:1098540030A10001F8B506460F461446FFF724FF71
:10986400D8B9104B4FF0FF321D46BCB91A50043022
:109874001028FAD114B1EA891443EC814AF2501148
:109884003046FFF7CFFE18220021FFF7ABFE044657
:10989400FFF79EFD002C18BF2046F8BD395819501B
:1098A400E5E700BF0805002001B40248844601BC76
:1098B400604700BF6531010001B40248844601BC21
:1098C400604700BFBD31010001B40248844601BCB9
:1098D400604700BF238D0100FFFF0000000000006F
:1098E40000000000000000000A0000000D610100FB
:1098F400E814002010000C0000000000FF0000002D
:10990400000009400A0000000112010002020201E5
:10991400400912010000010102030100500500206A
:109924000000000088930100A893010068930100DF
:109934000000000000000000000000000000000023
:109944000000000000000000000000000000000013
:109954000000000000000000000000000000000003
:1099640000000000000000000000000000000000F3
:1099740000000000000000000000000000000000E3
:10998400E501010019430100214801003D4801009F
:10999400014C0100454E0100E54F01002552010034
:1099A400A97B0100C10101002D43010049480100C8
:0899B4004D4C0100315201008D
:04000003100002E9FE
:00000001FF
